date,cb_score,cb_label,fi_score,fi_label,reserves,reserves_level,net_liq_wow,govt_account,fiscal_7d,fiscal_z,stress_bps,stress_level,fwd_5,fwd_10,fwd_20
2007-01-03,-1.33,DRAIN,0.0,NEUTRAL,20324.0,CRISIS,-0.9726,,6702.0,0.9669,7.8,STRESS,0.1648,-1.4042,-1.318
2007-01-10,-2.0,DRAIN,0.0,NEUTRAL,19589.0,CRISIS,-3.2214,,6702.0,0.9669,-1.75,SAFE,-1.5689,-1.498,-0.8616
2007-01-17,-2.0,DRAIN,0.0,NEUTRAL,18437.0,CRISIS,-6.4136,,6702.0,0.9669,5.71,STRESS,0.071,0.0861,0.9168
2007-01-24,-1.33,DRAIN,0.0,NEUTRAL,18219.0,CRISIS,-1.2579,,6702.0,0.9669,5.08,STRESS,0.0152,0.6363,0.9329
2007-01-31,-1.33,DRAIN,0.0,NEUTRAL,17255.0,CRISIS,-0.2416,,-3981.0,-2.4418,7.37,STRESS,0.6211,0.8307,0.657
2007-02-07,-1.33,DRAIN,0.0,NEUTRAL,17343.0,CRISIS,0.7266,,-3981.0,-2.4418,-2.33,SAFE,0.2095,0.2966,1.4505
2007-02-14,-1.33,DRAIN,0.0,NEUTRAL,17955.0,CRISIS,-1.4645,,-3981.0,-2.4418,7.32,STRESS,0.0871,-0.1737,0.91
2007-02-21,-1.33,DRAIN,0.0,NEUTRAL,17716.0,CRISIS,0.0665,,-3981.0,-2.4418,7.48,STRESS,-0.2608,1.1539,-0.7551
2007-02-28,-1.33,DRAIN,-1.0,DRAIN,17669.0,CRISIS,0.4212,,-934.0,-0.5814,6.78,STRESS,1.4147,1.0837,-0.2756
2007-03-07,-1.33,DRAIN,-1.0,DRAIN,16129.0,CRISIS,0.883,,-934.0,-0.5814,-2.31,SAFE,-0.331,-1.909,-2.1375
2007-03-14,-1.33,DRAIN,-1.0,DRAIN,17854.0,CRISIS,0.2626,,-934.0,-0.5814,7.72,STRESS,-1.578,-1.3593,-2.7304
2007-03-21,-1.33,DRAIN,-1.0,DRAIN,18310.0,CRISIS,0.9603,,-934.0,-0.5814,5.46,STRESS,0.2187,-0.2285,-1.6635
2007-03-28,-1.33,DRAIN,-1.0,DRAIN,18454.0,CRISIS,0.735,,-934.0,-0.5814,4.69,STRESS,-0.4472,-1.3711,-1.8523
2007-04-04,-1.33,DRAIN,0.0,NEUTRAL,18172.0,CRISIS,0.515,,5628.0,1.2813,0.46,WATCH,-0.9239,-1.4351,-0.9289
2007-04-11,-0.67,DRAIN,0.0,NEUTRAL,17767.0,CRISIS,2.0068,,5628.0,1.2813,6.82,STRESS,-1.1703,-0.6346,-0.1614
2007-04-18,-1.33,DRAIN,0.0,NEUTRAL,19011.0,CRISIS,0.1884,,5628.0,1.2813,3.33,STRESS,0.5357,0.7366,1.4233
2007-04-25,-2.0,DRAIN,0.0,NEUTRAL,17642.0,CRISIS,-3.6348,,5628.0,1.2813,2.86,WATCH,0.201,0.4732,0.3571
2007-05-02,-1.33,DRAIN,0.0,NEUTRAL,17276.0,CRISIS,-0.1517,,6175.0,-0.4183,3.01,STRESS,0.2722,0.6866,-0.1657
2007-05-09,-0.67,DRAIN,0.0,NEUTRAL,17940.0,CRISIS,1.1724,,6175.0,-0.4183,0.61,WATCH,0.3841,-0.1361,0.7746
2007-05-16,-1.33,DRAIN,-1.0,DRAIN,18475.0,CRISIS,0.8369,,6175.0,-0.4183,4.45,STRESS,-0.5202,-0.1922,-0.0862
2007-05-23,-2.0,DRAIN,-1.0,DRAIN,16229.0,CRISIS,-3.7433,,6175.0,-0.4183,7.73,STRESS,0.3281,0.9108,-0.5174
2007-05-30,-0.67,DRAIN,-1.0,DRAIN,17797.0,CRISIS,4.7512,,6175.0,-0.4183,6.69,STRESS,-0.1211,0.4459,-1.2259
2007-06-06,-1.33,DRAIN,0.0,NEUTRAL,18145.0,CRISIS,-1.3297,,9066.0,0.5111,4.94,WATCH,0.567,-0.5991,-1.4936
2007-06-13,-1.33,DRAIN,0.0,NEUTRAL,17636.0,CRISIS,0.4278,,9066.0,0.5111,6.1,STRESS,-1.1662,-1.6717,-2.9765
2007-06-20,-0.67,DRAIN,0.0,NEUTRAL,18623.0,CRISIS,1.278,,9066.0,0.5111,4.38,STRESS,-0.5056,-0.8944,-2.84
2007-06-27,-2.0,DRAIN,0.0,NEUTRAL,17355.0,CRISIS,-2.2713,,9066.0,0.5111,0.68,WATCH,-0.3889,-1.3048,-2.1636
2007-07-04,-2.0,DRAIN,0.0,NEUTRAL,36558.0,CRISIS,-10.2862,,5017.0,0.6085,11.4,CRISIS,-0.9159,-1.9456,-1.0981
2007-07-11,-0.67,DRAIN,0.0,NEUTRAL,17571.0,CRISIS,12.2811,,5017.0,0.6085,5.57,STRESS,-1.0297,-0.8589,-0.0493
2007-07-18,-0.67,DRAIN,0.0,NEUTRAL,17769.0,CRISIS,1.3459,,5017.0,0.6085,4.68,STRESS,0.1708,0.8475,3.3886
2007-07-25,-1.33,DRAIN,0.0,NEUTRAL,17220.0,CRISIS,-1.0329,,5017.0,0.6085,2.15,WATCH,0.6767,0.8095,2.0089
2007-08-01,-1.33,DRAIN,0.0,NEUTRAL,18072.0,CRISIS,0.8839,,1062.0,-1.5302,1.01,WATCH,0.1328,2.5411,0.7654
2007-08-08,-0.67,DRAIN,0.0,NEUTRAL,17895.0,CRISIS,1.3407,,1062.0,-1.5302,5.38,STRESS,2.4083,1.1994,0.2317
2007-08-15,-1.33,DRAIN,0.0,NEUTRAL,19068.0,CRISIS,0.6875,,1062.0,-1.5302,15.09,CRISIS,-1.2089,-1.7757,-1.5076
2007-08-22,-1.33,DRAIN,0.0,NEUTRAL,17640.0,CRISIS,-1.9036,,1062.0,-1.5302,6.29,STRESS,-0.5668,-0.9676,-0.74
2007-08-29,-0.67,DRAIN,0.0,NEUTRAL,19023.0,CRISIS,2.0882,,1062.0,-1.5302,6.75,STRESS,-0.3121,-0.5886,-0.4207
2007-09-05,-0.67,DRAIN,0.0,NEUTRAL,20594.0,CRISIS,4.7314,,5522.0,0.303,5.06,STRESS,-0.2765,0.3866,-0.9647
2007-09-12,-2.0,DRAIN,0.0,NEUTRAL,19812.0,CRISIS,-2.3871,,5522.0,0.303,6.66,STRESS,0.6632,0.1679,-0.5509
2007-09-19,-0.67,DRAIN,0.0,NEUTRAL,29010.0,CRISIS,7.9022,,5522.0,0.303,5.17,STRESS,-0.4952,-1.3514,-1.6009
2007-09-26,-0.67,DRAIN,0.0,NEUTRAL,29226.0,CRISIS,4.7949,,5522.0,0.303,-16.95,SAFE,-0.8561,-0.7188,-1.2669
2007-10-03,-2.0,DRAIN,0.0,NEUTRAL,26809.0,CRISIS,-13.0474,,8365.0,0.6505,-0.53,WATCH,0.1373,-0.2496,-1.9597
2007-10-10,-2.0,DRAIN,0.0,NEUTRAL,20816.0,CRISIS,-12.4769,,8365.0,0.6505,5.26,STRESS,-0.3868,-0.548,-3.3573
2007-10-17,-2.0,DRAIN,0.0,NEUTRAL,21731.0,CRISIS,-2.5599,,8365.0,0.6505,3.29,STRESS,-0.1612,-1.7102,0.0538
2007-10-24,-2.0,DRAIN,0.0,NEUTRAL,24115.0,CRISIS,-2.3379,,8365.0,0.6505,0.07,WATCH,-1.549,-2.8093,-0.5449
2007-10-31,-2.0,DRAIN,1.0,INJECTION,20062.0,CRISIS,-12.3643,,5837.0,-0.7641,5.79,WATCH,-1.2603,1.764,0.9264
2007-11-07,-0.67,DRAIN,1.0,INJECTION,22169.0,CRISIS,2.281,,5837.0,-0.7641,0.92,WATCH,3.0243,2.2644,4.002
2007-11-14,-1.33,DRAIN,1.0,INJECTION,22635.0,CRISIS,-0.2753,,5837.0,-0.7641,4.96,WATCH,-0.7598,-0.8376,0.3722
2007-11-21,-0.67,DRAIN,1.0,INJECTION,24758.0,CRISIS,1.4909,,5837.0,-0.7641,2.99,WATCH,-0.0777,1.7376,3.9389
2007-11-28,-2.0,DRAIN,1.0,INJECTION,23469.0,CRISIS,-9.2791,,5837.0,-0.7641,3.41,WATCH,1.8153,1.2097,3.5332
2007-12-05,-2.0,DRAIN,0.0,NEUTRAL,21627.0,CRISIS,-5.7873,,8502.0,0.5778,3.42,STRESS,-0.6056,2.2013,2.5958
2007-12-12,-2.0,DRAIN,0.0,NEUTRAL,23470.0,CRISIS,-24.4438,,8502.0,0.5778,10.61,CRISIS,2.8069,2.3235,3.3079
2007-12-19,-0.67,DRAIN,0.0,NEUTRAL,24608.0,CRISIS,41.118,,8502.0,0.5778,3.18,STRESS,-0.4834,0.3945,1.0401
2007-12-24,-2.0,DRAIN,0.0,NEUTRAL,25768.0,CRISIS,-16.8358,,8502.0,0.5778,-2.6,SAFE,0.6964,1.5152,0.2518
2007-12-26,-1.33,DRAIN,0.0,NEUTRAL,25768.0,CRISIS,0.0,,8502.0,0.5778,-2.6,SAFE,0.6964,1.5152,0.2518
2008-01-02,-2.0,DRAIN,0.0,NEUTRAL,23611.0,CRISIS,-6.8916,,7659.0,1.2443,3.5,WATCH,0.7076,-0.2787,-0.8485
2008-01-09,-1.33,DRAIN,0.0,NEUTRAL,24791.0,CRISIS,-1.623,,7659.0,1.2443,-4.17,SAFE,-0.9863,-0.7178,0.8155
2008-01-16,-0.67,DRAIN,0.0,NEUTRAL,21447.0,CRISIS,27.1915,,7659.0,1.2443,1.12,WATCH,0.2685,-0.5698,0.2584
2008-01-23,-0.67,DRAIN,0.0,NEUTRAL,27115.0,CRISIS,10.1084,,7659.0,1.2443,-2.0,SAFE,-0.8383,1.5333,0.5901
2008-01-30,-2.0,DRAIN,0.0,NEUTRAL,21928.0,CRISIS,-6.914,,7659.0,1.2443,-0.8,WATCH,2.3716,0.8282,-0.0704
2008-02-06,-0.67,DRAIN,-1.0,DRAIN,23186.0,CRISIS,7.0638,,-6236.0,-2.3584,3.77,WATCH,-1.5434,-0.9432,-3.4324
2008-02-13,-0.67,DRAIN,-1.0,DRAIN,22147.0,CRISIS,4.8009,,-6236.0,-2.3584,2.26,WATCH,0.6002,-0.8986,-2.9582
2008-02-20,-0.67,DRAIN,-1.0,DRAIN,23824.0,CRISIS,3.4291,,-6236.0,-2.3584,4.18,STRESS,-1.4988,-2.4892,-1.1263
2008-02-27,-2.0,DRAIN,-1.0,DRAIN,22045.0,CRISIS,-3.5744,,-6236.0,-2.3584,3.38,STRESS,-0.9903,-2.0596,0.1056
2008-03-05,-1.33,DRAIN,0.0,NEUTRAL,30979.0,CRISIS,0.9939,,-101.0,-0.1119,2.24,WATCH,-1.0693,1.3629,0.9903
2008-03-12,-0.67,DRAIN,0.0,NEUTRAL,20896.0,CRISIS,1.7022,,-101.0,-0.1119,2.67,WATCH,2.4322,2.1652,2.3515
2008-03-19,-0.67,DRAIN,0.0,NEUTRAL,27196.0,CRISIS,4.0013,,-101.0,-0.1119,4.82,STRESS,-0.267,-0.3726,0.0707
2008-03-26,-0.67,DRAIN,0.0,NEUTRAL,23683.0,CRISIS,7.9461,,-101.0,-0.1119,10.79,STRESS,0.7193,1.5496,1.8483
2008-04-02,-0.67,DRAIN,1.0,INJECTION,27231.0,CRISIS,6.2663,,11851.0,0.837,2.66,WATCH,0.8303,0.4872,1.0379
2008-04-09,-1.33,DRAIN,1.0,INJECTION,26755.0,CRISIS,-0.57,,11851.0,0.837,-8.08,SAFE,-0.3431,0.2987,1.6613
2008-04-16,-0.67,DRAIN,1.0,INJECTION,28241.0,CRISIS,5.8424,,11851.0,0.837,1.62,WATCH,0.6418,0.5506,1.6146
2008-04-23,-0.67,DRAIN,1.0,INJECTION,28026.0,CRISIS,5.6241,,11851.0,0.837,-2.18,SAFE,-0.0912,1.3626,-0.4603
2008-04-30,-2.0,DRAIN,1.0,INJECTION,22983.0,CRISIS,-7.277,,9442.0,-0.0539,4.76,WATCH,1.4537,1.064,0.5535
2008-05-07,-0.67,DRAIN,1.0,INJECTION,30985.0,CRISIS,5.4022,,9442.0,-0.0539,1.98,WATCH,0.5073,-1.2647,-0.6877
2008-05-14,-0.67,DRAIN,1.0,INJECTION,27127.0,CRISIS,5.1253,,9442.0,-0.0539,1.65,WATCH,-1.772,-1.5194,0.0926
2008-05-21,-2.0,DRAIN,1.0,INJECTION,26300.0,CRISIS,-2.5356,,9442.0,-0.0539,3.16,WATCH,0.2527,0.577,0.2829
2008-05-28,-1.33,DRAIN,1.0,INJECTION,25632.0,CRISIS,0.3348,,9442.0,-0.0539,3.05,STRESS,1.1293,1.5857,-0.6102
2008-06-04,-1.33,DRAIN,1.0,INJECTION,32914.0,CRISIS,0.4514,,10501.0,0.9541,-0.28,WATCH,0.4564,-0.8354,-1.4221
2008-06-11,-0.67,DRAIN,1.0,INJECTION,28498.0,CRISIS,3.5563,,10501.0,0.9541,3.29,STRESS,-1.2918,-2.1958,-1.6413
2008-06-18,-2.0,DRAIN,1.0,INJECTION,23216.0,CRISIS,-9.1533,,10501.0,0.9541,3.5,WATCH,-0.9041,-0.5867,-1.7999
2008-06-25,-0.67,DRAIN,1.0,INJECTION,28649.0,CRISIS,9.9281,,10501.0,0.9541,-1.71,SAFE,0.3173,0.5546,0.3072
2008-07-02,-2.0,DRAIN,1.0,INJECTION,26325.0,CRISIS,-2.2106,,7921.0,1.052,1.1,WATCH,0.2372,-1.2132,0.0858
2008-07-09,-0.67,DRAIN,1.0,INJECTION,28772.0,CRISIS,3.5358,,7921.0,1.052,0.57,WATCH,-1.4505,-0.2474,1.7132
2008-07-16,-2.0,DRAIN,1.0,INJECTION,27943.0,CRISIS,-18.0271,,7921.0,1.052,1.8,WATCH,1.2031,1.299,6.7875
2008-07-23,-0.67,DRAIN,1.0,INJECTION,28623.0,CRISIS,25.247,,7921.0,1.052,0.77,WATCH,0.0959,1.9606,5.5366
2008-07-30,-2.0,DRAIN,1.0,INJECTION,28046.0,CRISIS,-2.3629,,7921.0,1.052,-1.86,SAFE,1.8647,5.4885,8.2734
2008-08-06,-1.33,DRAIN,0.0,NEUTRAL,29428.0,CRISIS,0.7819,,1723.0,-1.4233,-2.42,SAFE,3.6238,3.576,9.5784
2008-08-13,-1.33,DRAIN,0.0,NEUTRAL,27737.0,CRISIS,0.7019,,1723.0,-1.4233,-1.15,SAFE,-0.0478,2.7849,4.8794
2008-08-20,-0.67,DRAIN,0.0,NEUTRAL,29126.0,CRISIS,2.6579,,1723.0,-1.4233,0.37,WATCH,2.8327,6.0024,2.3404
2008-08-27,-1.33,DRAIN,0.0,NEUTRAL,28493.0,CRISIS,0.2144,,1723.0,-1.4233,-0.86,WATCH,3.1601,4.3863,-0.9792
2008-09-03,-0.67,DRAIN,1.0,INJECTION,32347.0,CRISIS,7.9326,,7863.0,0.7348,2.09,WATCH,1.2261,-2.6174,0.793
2008-09-10,-1.33,DRAIN,1.0,INJECTION,27592.0,CRISIS,0.4972,,7863.0,0.7348,0.75,WATCH,-3.8436,-5.3655,1.5485
2008-09-17,-2.0,DRAIN,1.0,INJECTION,50847.0,CRISIS,-2.0843,,7863.0,0.7348,-2.28,SAFE,-1.5219,3.4104,5.4443
2008-09-24,-0.67,DRAIN,1.0,INJECTION,34449.0,CRISIS,48.1609,,7863.0,0.7348,-52.5,SAFE,4.9323,6.914,13.1368
2008-10-01,-0.67,DRAIN,1.0,INJECTION,55687.0,CRISIS,30.1286,,29988.0,3.0538,-136.35,SAFE,1.9817,2.0339,7.8041
2008-10-08,-2.0,DRAIN,1.0,INJECTION,49301.0,CRISIS,-6.2031,,29988.0,3.0538,44.17,WATCH,0.0522,6.2228,8.1299
2008-10-15,-2.0,DRAIN,1.0,INJECTION,52568.0,CRISIS,-3.1897,,29988.0,3.0538,15.66,CRISIS,6.1706,5.7701,15.129
2008-10-22,-0.67,DRAIN,1.0,INJECTION,41861.0,CRISIS,7.3587,,29988.0,3.0538,-58.35,SAFE,-0.4004,1.9072,9.1884
2008-10-29,-0.67,DRAIN,1.0,INJECTION,42418.0,CRISIS,7.9717,,29988.0,3.0538,-13.78,SAFE,2.3076,9.3589,5.381
2008-11-05,-0.67,DRAIN,1.0,INJECTION,49193.0,CRISIS,6.4525,,13393.0,0.2117,-32.71,SAFE,7.0513,7.2812,7.8649
2008-11-12,-0.67,DRAIN,1.0,INJECTION,52904.0,CRISIS,8.552,,13393.0,0.2117,-51.65,SAFE,0.2299,-3.9778,-0.9006
2008-11-19,-0.67,DRAIN,1.0,INJECTION,36590.0,CRISIS,3.9552,,13393.0,0.2117,-60.65,SAFE,-4.2077,0.5837,-3.7394
2008-11-26,-1.33,DRAIN,1.0,INJECTION,43797.0,CRISIS,0.0,,13393.0,0.2117,-59.2,SAFE,4.7915,3.0772,5.6872
2008-12-03,-0.67,DRAIN,1.0,INJECTION,38637.0,CRISIS,9.3001,,12816.0,0.5341,-32.38,SAFE,-1.7142,-4.3231,0.0273
2008-12-10,-1.33,DRAIN,1.0,INJECTION,49468.0,CRISIS,0.0,,12816.0,0.5341,-62.4,SAFE,-2.6089,2.61,2.61
2008-12-17,-2.0,DRAIN,1.0,INJECTION,37343.0,CRISIS,-3.5598,,12816.0,0.5341,-42.78,SAFE,5.2189,4.3504,9.3773
2008-12-24,-0.67,DRAIN,1.0,INJECTION,41415.0,CRISIS,11.129,,12816.0,0.5341,-49.04,SAFE,-0.8684,0.0,2.7013
2008-12-31,-1.33,DRAIN,1.0,INJECTION,48628.0,CRISIS,0.0,,17297.0,3.1587,-46.27,SAFE,-4.9046,-2.2635,0.5948
2009-01-07,-1.33,DRAIN,1.0,INJECTION,46409.0,CRISIS,0.0,,17297.0,3.1587,-33.31,SAFE,4.274,10.0469,3.8424
2009-01-14,-0.67,DRAIN,1.0,INJECTION,53388.0,CRISIS,11.6376,,17297.0,3.1587,-28.54,SAFE,5.7729,1.6756,2.2006
2009-01-21,-2.0,DRAIN,1.0,INJECTION,37881.0,CRISIS,-20.9584,,17297.0,3.1587,-22.71,SAFE,-4.0974,-6.2045,-4.0206
2009-01-28,-2.0,DRAIN,1.0,INJECTION,24022.0,CRISIS,-18.1492,,17297.0,3.1587,-19.2,SAFE,-2.1072,0.525,-0.279
2009-02-04,-2.0,DRAIN,1.0,INJECTION,35219.0,CRISIS,-6.2462,,5737.0,-0.7015,-14.21,SAFE,2.6322,2.1839,3.5134
2009-02-11,-0.67,DRAIN,1.0,INJECTION,42701.0,CRISIS,9.6151,,5737.0,-0.7015,-23.51,SAFE,-0.4482,-0.804,3.1295
2009-02-18,-1.33,DRAIN,1.0,INJECTION,33700.0,CRISIS,0.0016,,5737.0,-0.7015,-4.94,SAFE,-0.3557,1.3294,-1.8826
2009-02-25,-0.67,DRAIN,1.0,INJECTION,46246.0,CRISIS,9.6625,,5737.0,-0.7015,-31.97,SAFE,1.6852,3.9335,-0.9217
2009-03-04,-2.0,DRAIN,1.0,INJECTION,31436.0,CRISIS,-7.9481,,7825.0,-0.1644,-12.92,SAFE,2.2483,-3.212,-4.276
2009-03-11,-0.67,DRAIN,1.0,INJECTION,36162.0,CRISIS,10.1015,,7825.0,-0.1644,0.33,WATCH,-5.4604,-4.8552,-5.946
2009-03-18,-2.0,DRAIN,1.0,INJECTION,50892.0,CRISIS,-9.623,,7825.0,-0.1644,-7.17,SAFE,0.6052,-1.064,0.309
2009-03-25,-0.67,DRAIN,1.0,INJECTION,44544.0,CRISIS,2.3378,,7825.0,-0.1644,-4.18,SAFE,-1.6692,-1.0908,-1.1453
2009-04-01,-1.33,DRAIN,1.0,INJECTION,58138.0,CRISIS,0.0,,19835.0,1.368,-4.55,SAFE,0.5783,1.373,-2.234
2009-04-08,-0.67,DRAIN,1.0,INJECTION,69401.0,CRISIS,15.4093,,19835.0,1.368,-8.89,SAFE,0.7947,-0.0545,-4.1108
2009-04-15,-2.0,DRAIN,1.0,INJECTION,68723.0,CRISIS,-13.4026,,19835.0,1.368,-7.94,SAFE,2.0529,0.6189,-2.3003
2009-04-22,-1.33,DRAIN,1.0,INJECTION,79475.0,CRISIS,0.0023,,19835.0,1.368,-9.32,SAFE,-1.434,-3.0539,-8.3423
2009-04-29,-1.33,DRAIN,1.0,INJECTION,80830.0,CRISIS,0.0,,19835.0,1.368,-10.64,SAFE,-1.6198,-2.9192,-10.301
2009-05-06,-1.33,DRAIN,1.0,INJECTION,87422.0,CRISIS,0.0,,14004.0,0.1955,-10.02,SAFE,-0.656,-4.4089,-6.2557
2009-05-13,-2.0,DRAIN,1.0,INJECTION,95033.0,CRISIS,-6.8918,,14004.0,0.1955,-9.95,SAFE,-3.753,-6.3031,-8.3653
2009-05-20,-1.33,DRAIN,1.0,INJECTION,102669.0,CRISIS,0.0,,14004.0,0.1955,-8.88,SAFE,-2.5501,-1.8468,-4.4421
2009-05-27,-2.0,DRAIN,1.0,INJECTION,109631.0,CRISIS,-7.6487,,14004.0,0.1955,-7.87,SAFE,-1.4732,-3.3922,-2.0147
2009-06-03,-1.33,DRAIN,1.0,INJECTION,115650.0,CRISIS,0.0,,16814.0,0.7805,-7.59,SAFE,-1.9189,-0.8602,-1.0007
2009-06-10,-2.0,DRAIN,1.0,INJECTION,121059.0,CRISIS,-9.8107,,16814.0,0.7805,-7.96,SAFE,1.0588,1.3775,1.7402
2009-06-17,-1.33,DRAIN,1.0,INJECTION,129525.0,CRISIS,0.0497,,16814.0,0.7805,-8.47,SAFE,0.3187,-0.1405,-0.5125
2009-06-24,-2.0,DRAIN,1.0,INJECTION,135300.0,CRISIS,-9.3752,,16814.0,0.7805,-9.11,SAFE,-0.4592,0.3627,-1.4259
2009-07-01,-1.33,DRAIN,1.0,INJECTION,140453.0,CRISIS,0.0,,16506.0,0.8798,-8.05,SAFE,0.8219,-0.3719,-0.7486
2009-07-08,-1.33,DRAIN,1.0,INJECTION,147469.0,CRISIS,0.1951,,16506.0,0.8798,-8.42,SAFE,-1.1939,-1.7886,-3.4268
2009-07-15,-1.33,DRAIN,1.0,INJECTION,153035.0,CRISIS,-0.1959,,16506.0,0.8798,-9.65,SAFE,-0.5947,-0.3766,-0.9812
2009-07-22,-1.33,DRAIN,1.0,INJECTION,158171.0,CRISIS,-0.0603,,16506.0,0.8798,-8.46,SAFE,0.2181,-1.6382,0.2544
2009-07-29,-1.33,DRAIN,1.0,INJECTION,161288.0,CRISIS,-0.724,,16506.0,0.8798,-8.41,SAFE,-1.8563,-0.6046,1.9408
2009-08-05,-1.33,DRAIN,1.0,INJECTION,163866.0,CRISIS,0.5967,,8642.0,-0.4777,-7.99,SAFE,1.2517,1.8926,2.7576
2009-08-12,-2.0,DRAIN,1.0,INJECTION,133654.0,CRISIS,-36.0978,,8642.0,-0.4777,-8.39,SAFE,0.6409,2.5454,-0.6788
2009-08-19,-1.33,DRAIN,1.0,INJECTION,137850.0,CRISIS,0.0,,8642.0,-0.4777,-7.1,SAFE,1.9045,0.8651,1.1899
2009-08-26,-2.0,DRAIN,1.0,INJECTION,136357.0,CRISIS,-9.3581,,8642.0,-0.4777,-7.77,SAFE,-1.0395,-3.2241,1.4384
2009-09-02,-1.33,DRAIN,0.0,NEUTRAL,137648.0,CRISIS,0.0,,11508.0,0.0853,-7.68,SAFE,-2.0357,-1.2106,2.178
2009-09-09,-2.0,DRAIN,0.0,NEUTRAL,135833.0,CRISIS,-9.9507,,11508.0,0.0853,-6.93,SAFE,0.8251,3.6958,3.5032
2009-09-16,-1.33,DRAIN,0.0,NEUTRAL,139814.0,CRISIS,0.8424,,11508.0,0.0853,-6.09,SAFE,2.8707,3.3886,1.6462
2009-09-23,-2.0,DRAIN,0.0,NEUTRAL,135025.0,CRISIS,-17.5824,,11508.0,0.0853,-7.18,SAFE,0.5178,-0.1927,-3.0883
2009-09-30,-1.33,DRAIN,-1.0,DRAIN,138591.0,CRISIS,0.0,,17828.0,0.8609,-7.97,SAFE,-0.7105,-1.7424,-3.5216
2009-10-07,-2.0,DRAIN,-1.0,DRAIN,136421.0,CRISIS,-17.051,,17828.0,0.8609,-6.15,SAFE,-1.0318,-2.8956,-3.0523
2009-10-14,-1.33,DRAIN,-1.0,DRAIN,140779.0,CRISIS,0.2444,,17828.0,0.8609,-5.35,SAFE,-1.8637,-1.7792,-1.7067
2009-10-21,-0.67,DRAIN,-1.0,DRAIN,146633.0,CRISIS,2.2703,,17828.0,0.8609,-5.1,SAFE,0.0845,-0.1567,-0.2891
2009-10-28,-1.33,DRAIN,-1.0,DRAIN,150669.0,CRISIS,0.0,,17828.0,0.8609,-5.07,SAFE,-0.2412,0.0725,0.357
2009-11-04,-1.33,DRAIN,0.0,NEUTRAL,151727.0,CRISIS,0.0,,15260.0,-0.3824,-5.38,SAFE,0.3137,-0.1324,0.1145
2009-11-11,-2.0,DRAIN,0.0,NEUTRAL,147528.0,CRISIS,-12.0322,,15260.0,-0.3824,-4.4,SAFE,-0.4461,0.2845,1.7989
2009-11-18,-1.33,DRAIN,0.0,NEUTRAL,150483.0,CRISIS,0.0,,15260.0,-0.3824,-4.91,SAFE,0.7306,0.2468,2.9923
2009-11-25,-2.0,DRAIN,0.0,NEUTRAL,145583.0,CRISIS,-6.3376,,15260.0,-0.3824,-4.92,SAFE,-0.4838,1.5144,3.5031
2009-12-02,-1.33,DRAIN,0.0,NEUTRAL,147452.0,CRISIS,0.0,,13706.0,0.1646,-4.68,SAFE,1.9982,2.7454,3.3549
2009-12-09,-2.0,DRAIN,0.0,NEUTRAL,145872.0,CRISIS,-8.3541,,13706.0,0.1646,-5.71,SAFE,0.7472,1.9887,0.376
2009-12-16,-1.33,DRAIN,0.0,NEUTRAL,147356.0,CRISIS,0.7892,,13706.0,0.1646,-5.39,SAFE,1.2414,0.6095,-1.4829
2009-12-23,-2.0,DRAIN,0.0,NEUTRAL,144446.0,CRISIS,-6.0687,,13706.0,0.1646,-4.43,SAFE,-0.6319,-1.6127,-1.3405
2009-12-30,-1.33,DRAIN,0.0,NEUTRAL,144026.0,CRISIS,0.0,,13706.0,0.1646,-5.11,SAFE,1.171,-0.6605,0.7958
2010-01-06,-1.33,DRAIN,0.0,NEUTRAL,147181.0,CRISIS,0.0,,22059.0,3.1701,-4.66,SAFE,-2.3506,-1.4948,0.9648
2010-01-13,-1.33,DRAIN,0.0,NEUTRAL,151976.0,CRISIS,0.421,,22059.0,3.1701,-4.7,SAFE,0.8558,1.0971,4.3921
2010-01-20,-0.67,DRAIN,0.0,NEUTRAL,156592.0,CRISIS,2.9263,,22059.0,3.1701,-4.58,SAFE,0.2414,2.4596,3.3507
2010-01-27,-1.33,DRAIN,0.0,NEUTRAL,159434.0,CRISIS,0.0,,22059.0,3.1701,-4.34,SAFE,2.2183,3.295,5.6277
2010-02-03,-1.33,DRAIN,0.0,NEUTRAL,160079.0,CRISIS,0.0,,7825.0,-0.9335,-3.98,SAFE,1.0767,0.891,4.7226
2010-02-10,-2.0,DRAIN,0.0,NEUTRAL,154730.0,CRISIS,-17.0988,,7825.0,-0.9335,-3.39,SAFE,-0.1857,2.3328,3.7257
2010-02-17,-1.33,DRAIN,0.0,NEUTRAL,155165.0,CRISIS,0.2432,,7825.0,-0.9335,-3.24,SAFE,2.5184,3.8316,2.5709
2010-02-24,-0.67,DRAIN,0.0,NEUTRAL,155646.0,CRISIS,3.8919,,7825.0,-0.9335,-3.21,SAFE,1.3132,1.3929,2.4421
2010-03-03,-1.33,DRAIN,0.0,NEUTRAL,154642.0,CRISIS,0.0,,9748.0,-0.5406,-3.26,SAFE,0.0798,-1.2607,-1.5031
2010-03-10,-2.0,DRAIN,0.0,NEUTRAL,150352.0,CRISIS,-7.0064,,9748.0,-0.5406,-3.03,SAFE,-1.3405,1.0492,-2.2871
2010-03-17,-1.33,DRAIN,0.0,NEUTRAL,150034.0,CRISIS,0.0,,9748.0,-0.5406,-3.01,SAFE,2.3897,-0.2424,-0.3733
2010-03-24,-0.67,DRAIN,0.0,NEUTRAL,153404.0,CRISIS,18.0572,,9748.0,-0.5406,-2.88,SAFE,-2.6321,-3.3363,-3.8226
2010-03-31,-1.33,DRAIN,-1.0,DRAIN,152945.0,CRISIS,0.0,,15467.0,0.7931,-2.93,SAFE,-0.7042,-0.1309,1.1053
2010-04-07,-1.33,DRAIN,-1.0,DRAIN,152307.0,CRISIS,0.0,,15467.0,0.7931,-3.02,SAFE,-1.6459,-0.9207,3.7694
2010-04-14,-2.0,DRAIN,-1.0,DRAIN,151924.0,CRISIS,-6.8499,,15467.0,0.7931,-2.83,SAFE,0.7252,1.4427,6.2841
2010-04-21,-2.0,DRAIN,-1.0,DRAIN,151808.0,CRISIS,-4.1107,,15467.0,0.7931,-2.79,SAFE,0.7175,4.6901,6.3383
2010-04-28,-1.33,DRAIN,-1.0,DRAIN,151493.0,CRISIS,0.0,,15467.0,0.7931,-2.55,SAFE,3.9726,4.8413,5.5031
2010-05-05,-1.33,DRAIN,-1.0,DRAIN,150509.0,CRISIS,0.0,,13720.0,-0.3746,-1.99,SAFE,1.9833,4.5573,2.8042
2010-05-12,-1.33,DRAIN,-1.0,DRAIN,151440.0,CRISIS,0.0,,13720.0,-0.3746,-1.76,SAFE,2.574,1.3995,0.8553
2010-05-19,-1.33,DRAIN,-1.0,DRAIN,150934.0,CRISIS,0.0,,13720.0,-0.3746,-2.12,SAFE,-1.1744,-1.753,-3.4153
2010-05-26,-0.67,DRAIN,-1.0,DRAIN,150918.0,CRISIS,3.5629,,13720.0,-0.3746,-1.11,SAFE,-0.5786,-0.5443,-3.4162
2010-06-02,-1.33,DRAIN,-1.0,DRAIN,150899.0,CRISIS,0.0,,16458.0,0.1388,-1.43,SAFE,-0.2937,-1.1492,-3.3097
2010-06-09,-1.33,DRAIN,-1.0,DRAIN,149564.0,CRISIS,0.0,,16458.0,0.1388,-1.52,SAFE,-0.8555,-2.0451,-3.3331
2010-06-16,-2.0,DRAIN,-1.0,DRAIN,149003.0,CRISIS,-6.2092,,16458.0,0.1388,-1.4,SAFE,-1.1897,-2.1605,-3.8791
2010-06-23,-0.67,DRAIN,-1.0,DRAIN,149685.0,CRISIS,3.9721,,16458.0,0.1388,-1.26,SAFE,-0.9708,-1.2879,-1.9388
2010-06-30,-1.33,DRAIN,-1.0,DRAIN,149534.0,CRISIS,0.0,,12595.0,0.5121,0.05,WATCH,-0.3171,-1.7187,-3.2356
2010-07-07,-1.33,DRAIN,-1.0,DRAIN,150041.0,CRISIS,0.0,,12595.0,0.5121,-0.86,WATCH,-1.4016,-0.6509,-4.3434
2010-07-14,-2.0,DRAIN,-1.0,DRAIN,148110.0,CRISIS,-6.3673,,12595.0,0.5121,-0.97,WATCH,0.7507,-1.517,-1.3375
2010-07-21,-0.67,DRAIN,-1.0,DRAIN,150937.0,CRISIS,14.8348,,12595.0,0.5121,-1.04,SAFE,-2.2677,-3.6925,-2.4086
2010-07-28,-1.33,DRAIN,-1.0,DRAIN,151116.0,CRISIS,0.0,,12595.0,0.5121,-1.09,SAFE,-1.4248,0.1795,0.1731
2010-08-04,-1.33,DRAIN,0.0,NEUTRAL,151165.0,CRISIS,0.0,,9124.0,-1.2204,-0.94,WATCH,1.6043,1.2839,2.5198
2010-08-11,-1.33,DRAIN,-1.0,DRAIN,151676.0,CRISIS,0.0,,9124.0,-1.2204,-1.06,SAFE,-0.3204,-0.0064,1.2853
2010-08-18,-2.0,DRAIN,-1.0,DRAIN,151082.0,CRISIS,-5.9218,,9124.0,-1.2204,-1.21,SAFE,0.314,1.2359,-0.0383
2010-08-25,-2.0,DRAIN,-1.0,DRAIN,147556.0,CRISIS,-11.6427,,9124.0,-1.2204,-0.63,WATCH,0.9218,1.2917,-1.4715
2010-09-01,-1.33,DRAIN,-1.0,DRAIN,146421.0,CRISIS,0.0,,11888.0,-0.716,-0.71,WATCH,-0.4664,-1.5206,-2.266
2010-09-08,-1.33,DRAIN,-1.0,DRAIN,144195.0,CRISIS,0.0,,11888.0,-0.716,-0.44,WATCH,-1.0542,-1.5645,-2.9733
2010-09-15,-2.0,DRAIN,-1.0,DRAIN,143594.0,CRISIS,-7.124,,11888.0,-0.716,-0.26,WATCH,-0.5103,-0.7454,-2.3821
2010-09-22,-1.33,DRAIN,-1.0,DRAIN,143847.0,CRISIS,0.0,,11888.0,-0.716,0.05,WATCH,-0.2351,-1.4088,-0.3112
2010-09-29,-1.33,DRAIN,-1.0,DRAIN,143841.0,CRISIS,0.0,,11888.0,-0.716,0.35,WATCH,-1.1737,-1.6367,-1.1611
2010-10-06,-1.33,DRAIN,0.0,NEUTRAL,143692.0,CRISIS,0.0,,18972.0,0.5642,0.67,WATCH,-0.463,1.0976,-2.1166
2010-10-13,-2.0,DRAIN,0.0,NEUTRAL,142714.0,CRISIS,-7.6705,,18972.0,0.5642,0.41,WATCH,1.5606,0.4756,-0.8766
2010-10-20,-1.33,DRAIN,0.0,NEUTRAL,142878.0,CRISIS,0.0,,18972.0,0.5642,0.91,WATCH,-1.085,-3.2141,-1.4106
2010-10-27,-1.33,DRAIN,0.0,NEUTRAL,143329.0,CRISIS,0.0,,18972.0,0.5642,1.11,WATCH,-2.1292,-1.3523,1.1166
2010-11-03,-1.33,DRAIN,-1.0,DRAIN,143755.0,CRISIS,0.0,,14623.0,-0.9784,0.78,WATCH,0.7769,1.8035,4.5742
2010-11-10,-1.33,DRAIN,-1.0,DRAIN,143538.0,CRISIS,0.0,,14623.0,-0.9784,0.79,WATCH,1.0266,2.4689,2.6849
2010-11-17,-2.0,DRAIN,-1.0,DRAIN,142354.0,CRISIS,-8.3077,,14623.0,-0.9784,0.45,WATCH,1.4423,2.7707,2.5011
2010-11-24,-0.67,DRAIN,-1.0,DRAIN,144327.0,CRISIS,16.7785,,14623.0,-0.9784,0.81,WATCH,1.3284,0.216,2.304
2010-12-01,-1.33,DRAIN,0.0,NEUTRAL,143357.0,CRISIS,0.0,,15929.0,-0.0194,2.34,WATCH,-1.1124,-0.2696,-0.2632
2010-12-08,-1.33,DRAIN,0.0,NEUTRAL,140041.0,CRISIS,0.0,,15929.0,-0.0194,1.85,WATCH,0.8428,2.088,1.0224
2010-12-15,-2.0,DRAIN,0.0,NEUTRAL,139699.0,CRISIS,-3.4483,,15929.0,-0.0194,1.33,WATCH,1.2452,0.0064,-2.4699
2010-12-22,-1.33,DRAIN,0.0,NEUTRAL,138321.0,CRISIS,0.0,,15929.0,-0.0194,1.44,WATCH,-1.2388,-1.0655,-2.6966
2010-12-29,-1.33,DRAIN,0.0,NEUTRAL,138349.0,CRISIS,0.0,,15929.0,-0.0194,1.29,WATCH,-1.1498,-3.134,-2.907
2011-01-05,-1.33,DRAIN,-1.0,DRAIN,139165.0,CRISIS,0.0,,18431.0,0.8189,0.71,WATCH,-2.3938,-2.3182,-4.2126
2011-01-12,-2.0,DRAIN,-1.0,DRAIN,140020.0,CRISIS,-3.5714,,18431.0,0.8189,0.34,WATCH,0.0756,-0.5348,-1.4154
2011-01-19,-2.0,DRAIN,-1.0,DRAIN,138664.0,CRISIS,-9.2469,,18431.0,0.8189,0.68,WATCH,-0.6104,-1.8945,-1.9316
2011-01-26,-1.33,DRAIN,-1.0,DRAIN,139132.0,CRISIS,0.0,,18431.0,0.8189,0.5,WATCH,-1.2841,-0.8807,-1.0733
2011-02-02,-1.33,DRAIN,-1.0,DRAIN,139239.0,CRISIS,0.0,,1687.0,-2.2581,0.24,WATCH,0.4035,-0.0371,-0.8327
2011-02-09,-1.33,DRAIN,-1.0,DRAIN,138846.0,CRISIS,0.0,,1687.0,-2.2581,0.47,WATCH,-0.4406,-0.1927,0.2178
2011-02-16,-2.0,DRAIN,-1.0,DRAIN,138015.0,CRISIS,-4.0811,,1687.0,-2.2581,0.93,WATCH,0.2479,-0.7955,0.0496
2011-02-23,-2.0,DRAIN,-1.0,DRAIN,137899.0,CRISIS,-6.0984,,1687.0,-2.2581,0.78,WATCH,-1.0435,0.4105,-0.3098
2011-03-02,-1.33,DRAIN,-1.0,DRAIN,138867.0,CRISIS,0.0,,8446.0,-0.7436,0.86,WATCH,1.4539,0.8451,1.5474
2011-03-09,-1.33,DRAIN,-1.0,DRAIN,135928.0,CRISIS,0.0,,8446.0,-0.7436,1.07,WATCH,-0.6088,-0.7203,-1.6443
2011-03-16,-1.33,DRAIN,-1.0,DRAIN,134006.0,CRISIS,-1.5103,,8446.0,-0.7436,1.33,WATCH,-0.1114,0.7023,-1.3353
2011-03-23,-1.33,DRAIN,-1.0,DRAIN,134331.0,CRISIS,0.0,,8446.0,-0.7436,0.78,WATCH,0.8138,-0.924,-2.5054
2011-03-30,-1.33,DRAIN,-1.0,DRAIN,133968.0,CRISIS,0.0,,8446.0,-0.7436,2.02,WATCH,-1.7378,-2.0377,-3.1501
2011-04-06,-1.33,DRAIN,0.0,NEUTRAL,134032.0,CRISIS,0.0,,15296.0,0.8557,1.27,WATCH,-0.2999,-1.5814,-0.8911
2011-04-13,-1.33,DRAIN,0.0,NEUTRAL,132652.0,CRISIS,-1.5335,,15296.0,0.8557,1.4,WATCH,-1.2815,-1.1124,1.3105
2011-04-20,-1.33,DRAIN,0.0,NEUTRAL,132054.0,CRISIS,0.257,,15296.0,0.8557,2.33,WATCH,0.169,0.6903,1.8393
2011-04-27,-1.33,DRAIN,0.0,NEUTRAL,131411.0,CRISIS,0.0,,15296.0,0.8557,3.65,STRESS,2.1125,2.5182,1.1236
2011-05-04,-1.33,DRAIN,0.0,NEUTRAL,131740.0,CRISIS,0.0,,17122.0,-0.4744,3.65,STRESS,0.9057,1.5346,0.3294
2011-05-11,-1.33,DRAIN,0.0,NEUTRAL,132138.0,CRISIS,0.0,,17122.0,-0.4744,1.56,WATCH,0.6289,-0.4784,0.2462
2011-05-18,-1.33,DRAIN,0.0,NEUTRAL,131244.0,CRISIS,-1.5534,,17122.0,-0.4744,1.44,WATCH,-1.1073,-1.2051,0.0124
2011-05-25,-1.33,DRAIN,0.0,NEUTRAL,130972.0,CRISIS,-1.1045,,17122.0,-0.4744,1.29,WATCH,-0.0978,0.7246,2.3398
2011-06-01,-1.33,DRAIN,-1.0,DRAIN,130747.0,CRISIS,0.0,,12588.0,-0.2445,2.75,WATCH,-0.1957,1.3063,1.7166
2011-06-08,-1.33,DRAIN,-1.0,DRAIN,129033.0,CRISIS,0.0,,12588.0,-0.2445,2.24,WATCH,1.502,2.4056,2.3805
2011-06-15,-1.33,DRAIN,-1.0,DRAIN,129315.0,CRISIS,0.0,,12588.0,-0.2445,1.23,WATCH,0.9036,0.4103,0.0124
2011-06-22,-2.0,DRAIN,-1.0,DRAIN,127999.0,CRISIS,-15.5564,,12588.0,-0.2445,1.55,WATCH,-0.4933,-0.0251,-2.0077
2011-06-29,-1.33,DRAIN,-1.0,DRAIN,127423.0,CRISIS,0.0,,12588.0,-0.2445,3.07,WATCH,0.4682,-0.3979,-1.7043
2011-07-06,-1.33,DRAIN,0.0,NEUTRAL,127445.0,CRISIS,0.0,,12410.0,0.6635,2.05,WATCH,-0.8661,-1.9826,-2.1236
2011-07-13,-1.33,DRAIN,0.0,NEUTRAL,125951.0,CRISIS,0.0,,12410.0,0.6635,1.99,WATCH,-1.1166,-1.3065,-0.6245
2011-07-20,-0.67,DRAIN,0.0,NEUTRAL,127531.0,CRISIS,13.8403,,12410.0,0.6635,2.38,WATCH,-0.1899,-0.1409,-0.9888
2011-07-27,-1.33,DRAIN,0.0,NEUTRAL,127856.0,CRISIS,0.0,,12410.0,0.6635,2.4,WATCH,0.049,0.682,0.4234
2011-08-03,-1.33,DRAIN,-1.0,DRAIN,128302.0,CRISIS,0.0,,3609.0,-1.2772,3.52,STRESS,0.633,-0.8479,0.7316
2011-08-10,-1.33,DRAIN,-1.0,DRAIN,128307.0,CRISIS,0.0,,3609.0,-1.2772,2.78,WATCH,-1.4809,-0.2586,2.0302
2011-08-17,-1.33,DRAIN,-1.0,DRAIN,127978.0,CRISIS,0.0,,3609.0,-1.2772,3.86,STRESS,1.2223,1.5794,4.1359
2011-08-24,-0.67,DRAIN,-1.0,DRAIN,127196.0,CRISIS,7.1369,,3609.0,-1.2772,4.38,STRESS,0.3571,2.2888,5.2189
2011-08-31,-1.33,DRAIN,0.0,NEUTRAL,126379.0,CRISIS,0.0,,11364.0,-0.2212,6.7,STRESS,0.5646,2.2149,3.0153
2011-09-07,-1.33,DRAIN,0.0,NEUTRAL,123941.0,CRISIS,0.0,,11364.0,-0.2212,4.0,STRESS,1.6503,4.6428,4.3564
2011-09-14,-1.33,DRAIN,0.0,NEUTRAL,123430.0,CRISIS,0.0,,11364.0,-0.2212,4.58,STRESS,2.9925,0.8004,0.4948
2011-09-21,-0.67,DRAIN,0.0,NEUTRAL,125526.0,CRISIS,8.9311,,11364.0,-0.2212,4.64,STRESS,-2.1922,-0.2863,-2.224
2011-09-28,-1.33,DRAIN,0.0,NEUTRAL,126023.0,CRISIS,0.0,,11364.0,-0.2212,5.01,STRESS,1.9058,-0.3056,-2.382
2011-10-05,-1.33,DRAIN,-1.0,DRAIN,125953.0,CRISIS,0.0,,15043.0,0.6216,2.94,WATCH,-2.2114,-1.9377,-3.6632
2011-10-12,-1.33,DRAIN,-1.0,DRAIN,128402.0,CRISIS,0.0,,15043.0,0.6216,3.85,STRESS,0.2738,-2.0764,-0.9744
2011-10-19,-1.33,DRAIN,-1.0,DRAIN,133819.0,CRISIS,-1.9199,,15043.0,0.6216,2.97,WATCH,-2.3502,-1.7256,-0.6736
2011-10-26,-1.33,DRAIN,-1.0,DRAIN,138860.0,CRISIS,0.0,,15043.0,0.6216,3.07,STRESS,0.6246,1.1021,3.4915
2011-11-02,-1.33,DRAIN,0.0,NEUTRAL,143395.0,CRISIS,0.0,,11756.0,-1.0803,3.02,WATCH,0.4774,1.052,1.7383
2011-11-09,-1.33,DRAIN,0.0,NEUTRAL,147465.0,CRISIS,0.0,,11756.0,-1.0803,3.55,STRESS,0.5745,2.3894,1.6057
2011-11-16,-1.33,DRAIN,0.0,NEUTRAL,151601.0,CRISIS,0.0,,11756.0,-1.0803,3.81,STRESS,1.8149,0.6863,2.0085
2011-11-23,-2.0,DRAIN,0.0,NEUTRAL,155203.0,CRISIS,-8.6348,,11756.0,-1.0803,4.5,STRESS,-1.1286,-0.7837,-1.1731
2011-11-30,-1.33,DRAIN,-1.0,DRAIN,159879.0,CRISIS,0.0,,11483.0,-0.194,3.27,STRESS,0.3449,1.3222,0.3002
2011-12-07,-1.33,DRAIN,-1.0,DRAIN,160378.0,CRISIS,0.0,,11483.0,-0.194,2.64,WATCH,0.9773,-0.3895,0.9063
2011-12-14,-1.33,DRAIN,-1.0,DRAIN,166100.0,CRISIS,0.0,,11483.0,-0.194,2.71,WATCH,-1.3668,-1.022,0.7914
2011-12-21,-2.0,DRAIN,-1.0,DRAIN,165103.0,CRISIS,-20.711,,11483.0,-0.194,1.19,WATCH,0.3447,1.2957,0.6585
2011-12-28,-1.33,DRAIN,-1.0,DRAIN,164040.0,CRISIS,0.0,,11483.0,-0.194,0.86,WATCH,-0.1104,0.6911,-1.7836
2012-01-04,-1.33,DRAIN,0.0,NEUTRAL,167141.0,CRISIS,0.0,,15387.0,0.7895,2.69,WATCH,1.0455,0.0323,-2.1663
2012-01-11,-1.33,DRAIN,0.0,NEUTRAL,173551.0,CRISIS,0.0,,15387.0,0.7895,1.56,WATCH,-1.0131,-2.4376,-3.3571
2012-01-18,-2.0,DRAIN,0.0,NEUTRAL,174323.0,CRISIS,-44.5056,,15387.0,0.7895,2.2,WATCH,-1.4245,-2.1987,-1.7552
2012-01-25,-1.33,DRAIN,0.0,NEUTRAL,179033.0,CRISIS,0.0,,15387.0,0.7895,1.71,WATCH,-0.7742,-0.9195,-0.0317
2012-02-01,-1.33,DRAIN,0.0,NEUTRAL,184047.0,CRISIS,0.0,,1406.0,-2.3383,0.1,WATCH,-0.1453,0.4435,-0.8686
2012-02-08,-1.33,DRAIN,0.0,NEUTRAL,185831.0,CRISIS,0.0,,1406.0,-2.3383,-0.19,WATCH,0.5889,0.8878,0.1643
2012-02-15,-1.33,DRAIN,0.0,NEUTRAL,188975.0,CRISIS,0.0,,1406.0,-2.3383,1.04,WATCH,0.2989,-1.3121,0.5093
2012-02-22,-2.0,DRAIN,0.0,NEUTRAL,192156.0,CRISIS,-39.3147,,1406.0,-2.3383,-0.43,WATCH,-1.6111,-0.7235,-0.6666
2012-02-29,-1.33,DRAIN,0.0,NEUTRAL,195587.0,CRISIS,0.0,,11124.0,-0.3961,0.47,WATCH,0.8876,1.8214,0.3013
2012-03-07,-1.33,DRAIN,0.0,NEUTRAL,196101.0,CRISIS,0.0,,11124.0,-0.3961,-0.76,WATCH,0.9338,0.0569,-0.0885
2012-03-14,-0.67,DRAIN,0.0,NEUTRAL,201491.0,CRISIS,0.0,,11124.0,-0.3961,-2.35,SAFE,-0.8769,-1.5201,-1.0918
2012-03-21,-2.0,DRAIN,0.0,NEUTRAL,204514.0,CRISIS,-28.4695,,11124.0,-0.3961,-0.66,WATCH,-0.6432,-0.1454,-1.8118
2012-03-28,-0.67,DRAIN,0.0,NEUTRAL,206987.0,CRISIS,0.0,,11124.0,-0.3961,-1.15,SAFE,0.4978,0.4283,-2.0531
2012-04-04,-0.67,DRAIN,1.0,INJECTION,210767.0,CRISIS,0.0,,19629.0,1.7018,-2.11,SAFE,-0.0695,-1.6665,-1.9393
2012-04-11,-0.67,DRAIN,1.0,INJECTION,215294.0,CRISIS,0.0,,19629.0,1.7018,0.39,WATCH,-0.6684,-1.4499,-0.9048
2012-04-18,-2.0,DRAIN,1.0,INJECTION,220101.0,CRISIS,-9.0154,,19629.0,1.7018,-1.52,SAFE,-0.7815,-0.8803,1.5942
2012-04-25,-0.67,DRAIN,1.0,INJECTION,226233.0,CRISIS,0.0,,19629.0,1.7018,-2.04,SAFE,-0.0988,0.5451,3.4571
2012-05-02,-0.67,DRAIN,1.0,INJECTION,230146.0,CRISIS,0.0,,22815.0,-1.3448,-1.85,SAFE,0.6439,2.4744,5.5062
2012-05-09,-0.67,DRAIN,1.0,INJECTION,231187.0,CRISIS,0.0,,22815.0,-1.3448,-2.21,SAFE,2.177,3.0153,4.1119
2012-05-16,-0.67,DRAIN,1.0,INJECTION,231216.0,CRISIS,0.0,,22815.0,-1.3448,-1.27,SAFE,0.8383,2.6921,0.9021
2012-05-23,-2.0,DRAIN,1.0,INJECTION,230031.0,CRISIS,-45.4338,,22815.0,-1.3448,-1.01,SAFE,1.8538,1.0966,0.7618
2012-05-30,-0.67,DRAIN,1.0,INJECTION,229369.0,CRISIS,0.0,,22815.0,-1.3448,-0.73,WATCH,-0.7572,-1.79,-1.9112
2012-06-06,-0.67,DRAIN,1.0,INJECTION,229131.0,CRISIS,0.0,,16570.0,0.2242,-1.4,SAFE,0.2121,-0.5251,0.3666
2012-06-13,-0.67,DRAIN,1.0,INJECTION,227237.0,CRISIS,0.0,,16570.0,0.2242,-0.9,WATCH,-0.7372,0.2448,0.9048
2012-06-20,-2.0,DRAIN,1.0,INJECTION,226179.0,CRISIS,-30.1255,,16570.0,0.2242,-0.67,WATCH,0.982,0.8917,-0.3124
2012-06-27,-0.67,DRAIN,1.0,INJECTION,230282.0,CRISIS,598.8024,,16570.0,0.2242,-1.2,SAFE,-0.0903,0.6599,-1.2307
2012-07-04,-0.67,DRAIN,0.0,NEUTRAL,229604.0,CRISIS,0.0,,11071.0,0.853,-2.77,SAFE,0.7502,-1.2041,0.0129
2012-07-11,-0.67,DRAIN,0.0,NEUTRAL,231803.0,CRISIS,0.0,,11071.0,0.853,-2.87,SAFE,-1.9543,-1.8906,-1.4948
2012-07-18,-2.0,DRAIN,0.0,NEUTRAL,237557.0,CRISIS,-2.3136,,11071.0,0.853,-3.8,SAFE,0.0638,1.217,-0.2162
2012-07-25,-0.67,DRAIN,0.0,NEUTRAL,242432.0,CRISIS,73.2456,,11071.0,0.853,-4.09,SAFE,1.1532,0.3957,-1.2031
2012-08-01,-0.67,DRAIN,0.0,NEUTRAL,246060.0,CRISIS,0.0,,3951.0,-1.0223,-4.11,SAFE,-0.7575,-1.4332,-2.3185
2012-08-08,-0.67,DRAIN,0.0,NEUTRAL,248181.0,CRISIS,0.0,,3951.0,-1.0223,-5.11,SAFE,-0.6757,-1.5988,-2.4637
2012-08-15,-0.67,DRAIN,0.0,NEUTRAL,251906.0,CRISIS,0.0,,3951.0,-1.0223,-4.16,SAFE,-0.9231,-0.8853,-3.1514
2012-08-22,-0.67,DRAIN,0.0,NEUTRAL,255586.0,CRISIS,12.557,,3951.0,-1.0223,-4.28,SAFE,0.0378,-0.8649,-2.2837
2012-08-29,-0.67,DRAIN,0.0,NEUTRAL,256543.0,CRISIS,0.0,,3951.0,-1.0223,-4.25,SAFE,-0.7623,-1.9044,-2.3686
2012-09-05,-0.67,DRAIN,0.0,NEUTRAL,260246.0,CRISIS,0.0,,12332.0,-0.0649,-5.35,SAFE,-1.142,-1.668,-1.4518
2012-09-12,-0.67,DRAIN,0.0,NEUTRAL,259831.0,CRISIS,0.0,,12332.0,-0.0649,-8.04,SAFE,-0.526,-0.4643,0.4789
2012-09-19,-0.67,DRAIN,0.0,NEUTRAL,262639.0,CRISIS,1.9343,,12332.0,-0.0649,-7.89,SAFE,0.0617,0.2162,0.4144
2012-09-26,-0.67,DRAIN,0.0,NEUTRAL,266460.0,CRISIS,1.3239,,12332.0,-0.0649,-7.37,SAFE,0.1545,0.9432,0.3031
2012-10-03,-0.67,DRAIN,0.0,NEUTRAL,269072.0,CRISIS,0.0,,15090.0,0.9081,-6.88,SAFE,0.7887,0.1982,0.1486
2012-10-10,-0.67,DRAIN,0.0,NEUTRAL,272143.0,CRISIS,0.0,,15090.0,0.9081,-6.66,SAFE,-0.5905,-0.6401,0.4249
2012-10-17,-1.33,DRAIN,0.0,NEUTRAL,275186.0,CRISIS,-1.6986,,15090.0,0.9081,-6.49,SAFE,-0.0495,-0.0495,1.6247
2012-10-24,-0.67,DRAIN,0.0,NEUTRAL,277247.0,CRISIS,0.0,,15090.0,0.9081,-6.76,SAFE,0.0,1.065,1.2153
2012-10-31,-0.67,DRAIN,0.0,NEUTRAL,280715.0,CRISIS,0.0,,13833.0,-0.4878,-9.12,SAFE,1.065,1.6742,0.6463
2012-11-07,-0.67,DRAIN,0.0,NEUTRAL,281894.0,CRISIS,0.0,,13833.0,-0.4878,-6.21,SAFE,0.6092,0.1503,-0.674
2012-11-14,-0.67,DRAIN,0.0,NEUTRAL,281161.0,CRISIS,0.0,,13833.0,-0.4878,-9.69,SAFE,-0.4589,-1.0279,-1.6308
2012-11-21,-1.33,DRAIN,0.0,NEUTRAL,281745.0,CRISIS,-0.1772,,13833.0,-0.4878,-8.13,SAFE,-0.569,-0.8243,-1.9437
2012-11-28,-0.67,DRAIN,0.0,NEUTRAL,280236.0,CRISIS,0.0,,13833.0,-0.4878,-6.66,SAFE,-0.2553,-0.6029,-0.8072
2012-12-05,-0.67,DRAIN,1.0,INJECTION,279609.0,CRISIS,0.0,,14092.0,0.2158,-7.13,SAFE,-0.3476,-1.1194,0.2616
2012-12-12,-0.67,DRAIN,1.0,INJECTION,277013.0,CRISIS,0.0,,14092.0,0.2158,-6.9,SAFE,-0.7718,-0.2043,0.2792
2012-12-19,-1.33,DRAIN,1.0,INJECTION,274966.0,CRISIS,-1.8642,,14092.0,0.2158,-6.88,SAFE,0.5675,1.381,2.4467
2012-12-26,-2.0,DRAIN,1.0,INJECTION,271149.0,CRISIS,-45.2284,,14092.0,0.2158,-5.44,SAFE,0.5534,0.0061,1.9979
2013-01-02,-0.67,DRAIN,0.0,NEUTRAL,271426.0,CRISIS,0.0,,15168.0,0.9984,-7.0,SAFE,0.3224,1.1889,1.8991
2013-01-09,-0.67,DRAIN,0.0,NEUTRAL,276817.0,CRISIS,0.0,,15168.0,0.9984,-7.27,SAFE,0.8665,2.0382,2.5464
2013-01-16,-1.33,DRAIN,0.0,NEUTRAL,278180.0,CRISIS,-0.0826,,15168.0,0.9984,-10.23,SAFE,1.1716,0.7102,2.8069
2013-01-23,-2.0,DRAIN,0.0,NEUTRAL,273214.0,CRISIS,-69.0083,,15168.0,0.9984,-10.06,SAFE,-0.4615,0.5082,3.3895
2013-01-30,-0.67,DRAIN,0.0,NEUTRAL,272248.0,CRISIS,0.0,,15168.0,0.9984,-8.85,SAFE,0.9696,2.0967,4.3635
2013-02-06,-0.67,DRAIN,0.0,NEUTRAL,272056.0,CRISIS,0.0,,-1889.0,-2.0041,-9.45,SAFE,1.1271,2.8814,4.254
2013-02-13,-0.67,DRAIN,0.0,NEUTRAL,278027.0,CRISIS,0.0,,-1889.0,-2.0041,-7.33,SAFE,1.7543,2.2668,3.1137
2013-02-20,-0.67,DRAIN,0.0,NEUTRAL,279727.0,CRISIS,11.2,,-1889.0,-2.0041,-6.79,SAFE,0.5125,1.3727,0.5125
2013-02-27,-2.0,DRAIN,0.0,NEUTRAL,279399.0,CRISIS,-71.9424,,-1889.0,-2.0041,-6.8,SAFE,0.8601,0.8469,-0.0132
2013-03-06,-0.67,DRAIN,-1.0,DRAIN,280508.0,CRISIS,0.0,,4498.0,-0.7887,-6.54,SAFE,-0.0132,-0.8601,-1.5364
2013-03-13,-0.67,DRAIN,-1.0,DRAIN,276655.0,CRISIS,0.0,,4498.0,-0.7887,-5.2,SAFE,-0.8469,-0.8601,-1.7192
2013-03-20,-0.67,DRAIN,-1.0,DRAIN,278781.0,CRISIS,0.0,,4498.0,-0.7887,-6.16,SAFE,-0.0132,-0.6762,-0.4404
2013-03-27,-2.0,DRAIN,-1.0,DRAIN,278830.0,CRISIS,-25.641,,4498.0,-0.7887,-6.58,SAFE,-0.663,-0.8591,-2.0408
2013-04-03,-0.67,DRAIN,-1.0,DRAIN,281182.0,CRISIS,0.0,,11409.0,1.0515,-6.47,SAFE,-1.4065,-0.7352,-2.1636
2013-04-10,-0.67,DRAIN,-1.0,DRAIN,286481.0,CRISIS,0.0,,11409.0,1.0515,-5.52,SAFE,0.6712,-0.2985,0.2537
2013-04-17,-0.67,DRAIN,-1.0,DRAIN,286447.0,CRISIS,1.1494,,11409.0,1.0515,-5.77,SAFE,-0.9697,-1.4284,0.6563
2013-04-24,-0.67,DRAIN,-1.0,DRAIN,286409.0,CRISIS,0.0,,11409.0,1.0515,-6.15,SAFE,-0.4587,0.5522,1.9622
2013-05-01,-0.67,DRAIN,0.0,NEUTRAL,286412.0,CRISIS,0.0,,19620.0,-0.0916,-6.24,SAFE,1.0108,2.0847,1.4022
2013-05-08,-0.67,DRAIN,0.0,NEUTRAL,289882.0,CRISIS,0.0,,19620.0,-0.0916,-6.51,SAFE,1.2206,2.8207,-0.2708
2013-05-15,-0.67,DRAIN,0.0,NEUTRAL,289598.0,CRISIS,0.0,,19620.0,-0.0916,-6.36,SAFE,1.6001,0.9649,-2.3819
2013-05-22,-2.0,DRAIN,0.0,NEUTRAL,289286.0,CRISIS,-23.8636,,19620.0,-0.0916,-6.36,SAFE,-0.6352,-3.0915,-2.1278
2013-05-29,-0.67,DRAIN,0.0,NEUTRAL,288739.0,CRISIS,0.0,,19620.0,-0.0916,-7.62,SAFE,-1.9976,-3.0039,0.0722
2013-06-05,-0.67,DRAIN,-1.0,DRAIN,287898.0,CRISIS,0.0,,6299.0,0.0498,-8.28,SAFE,-1.0063,0.3743,2.9883
2013-06-12,-0.67,DRAIN,-1.0,DRAIN,289955.0,CRISIS,0.0,,6299.0,0.0498,-7.31,SAFE,1.3806,3.0761,3.6698
2013-06-19,-2.0,DRAIN,-1.0,DRAIN,290587.0,CRISIS,-2.9851,,6299.0,0.0498,-7.07,SAFE,1.6955,2.6139,1.7218
2013-06-26,-0.67,DRAIN,-1.0,DRAIN,290518.0,CRISIS,0.0,,6299.0,0.0498,-6.95,SAFE,0.9184,0.5937,-0.7077
2013-07-03,-0.67,DRAIN,-1.0,DRAIN,290697.0,CRISIS,0.0,,6360.0,0.1962,-7.14,SAFE,-0.3247,-0.8921,-0.6286
2013-07-10,-0.67,DRAIN,-1.0,DRAIN,294490.0,CRISIS,0.0,,6360.0,0.1962,-7.07,SAFE,-0.5674,-1.3014,-2.8694
2013-07-17,-0.67,DRAIN,-1.0,DRAIN,294217.0,CRISIS,16.9231,,6360.0,0.1962,-6.91,SAFE,-0.734,0.2635,-2.3149
2013-07-24,-0.67,DRAIN,-1.0,DRAIN,293962.0,CRISIS,0.0,,6360.0,0.1962,-7.07,SAFE,0.9975,-1.568,-1.6837
2013-07-31,-0.67,DRAIN,0.0,NEUTRAL,294511.0,CRISIS,0.0,,5513.0,-1.3077,-7.01,SAFE,-2.5656,-2.5785,-2.024
2013-08-07,-0.67,DRAIN,0.0,NEUTRAL,295309.0,CRISIS,0.0,,5513.0,-1.3077,-6.99,SAFE,-0.0129,-0.1156,-0.481
2013-08-14,-0.67,DRAIN,0.0,NEUTRAL,295269.0,CRISIS,0.0,,5513.0,-1.3077,-7.49,SAFE,-0.1027,0.5545,-1.9605
2013-08-21,-2.0,DRAIN,0.0,NEUTRAL,298658.0,CRISIS,-52.6316,,5513.0,-1.3077,-7.39,SAFE,0.6572,-0.3654,-2.705
2013-08-28,-0.67,DRAIN,0.0,NEUTRAL,296693.0,CRISIS,0.0,,5513.0,-1.3077,-6.97,SAFE,-0.6111,-2.1135,-3.232
2013-09-04,-0.67,DRAIN,0.0,NEUTRAL,297861.0,CRISIS,0.0,,9195.0,0.0618,-6.39,SAFE,-1.5024,-2.9889,-3.6529
2013-09-11,-0.67,DRAIN,0.0,NEUTRAL,294157.0,CRISIS,0.0,,9195.0,0.0618,-6.86,SAFE,-1.4865,-1.1185,-0.8056
2013-09-18,-0.67,DRAIN,0.0,NEUTRAL,294143.0,CRISIS,19.4444,,9195.0,0.0618,-7.5,SAFE,0.368,-0.664,-0.5278
2013-09-25,-1.33,DRAIN,0.0,NEUTRAL,294255.0,CRISIS,,,9195.0,0.0618,-6.97,SAFE,-1.032,0.3129,-1.0134
2013-10-02,-1.33,DRAIN,0.0,NEUTRAL,298608.0,CRISIS,-0.1503,,13114.0,0.414,-7.12,SAFE,1.3448,0.1362,0.6391
2013-10-09,-1.33,DRAIN,0.0,NEUTRAL,299406.0,CRISIS,0.0008,,13114.0,0.414,-6.67,SAFE,-1.2086,-1.3262,-0.5813
2013-10-16,-1.33,DRAIN,0.0,NEUTRAL,299272.0,CRISIS,-0.0273,,13114.0,0.414,-6.87,SAFE,-0.1176,0.5029,0.3474
2013-10-23,-1.33,DRAIN,0.0,NEUTRAL,298058.0,CRISIS,0.0174,,13114.0,0.414,-6.83,SAFE,0.6205,0.7449,0.1113
2013-10-30,-1.0,DRAIN,0.0,NEUTRAL,302460.0,STRESS,0.0091,,13114.0,0.414,-7.19,SAFE,0.1244,-0.1555,-1.7277
2013-11-06,-1.0,DRAIN,0.0,NEUTRAL,302399.0,STRESS,-0.0083,,12811.0,-1.185,-7.42,SAFE,-0.2799,-0.6336,-1.6929
2013-11-13,-1.0,DRAIN,0.0,NEUTRAL,303169.0,STRESS,-0.0044,,12811.0,-1.185,-6.96,SAFE,-0.3537,-1.5723,-1.4376
2013-11-20,-1.0,DRAIN,0.0,NEUTRAL,302828.0,STRESS,-0.008,,12811.0,-1.185,-6.71,SAFE,-1.2186,-1.0593,-1.3286
2013-11-27,-1.0,DRAIN,0.0,NEUTRAL,300503.0,STRESS,-0.001,,12811.0,-1.185,-6.84,SAFE,0.1593,0.1346,-1.0829
2013-12-04,-1.0,DRAIN,0.0,NEUTRAL,301488.0,STRESS,-0.0091,,11171.0,0.1823,-7.15,SAFE,-0.0246,-0.2693,-0.4708
2013-12-11,-1.33,DRAIN,0.0,NEUTRAL,298923.0,CRISIS,-0.007,,11171.0,0.1823,-7.02,SAFE,-0.2447,-1.2176,-0.8236
2013-12-18,-1.33,DRAIN,0.0,NEUTRAL,297716.0,CRISIS,0.0021,,11171.0,0.1823,-7.11,SAFE,-0.9729,-0.2015,-0.6031
2013-12-25,-1.33,DRAIN,0.0,NEUTRAL,297183.0,CRISIS,-0.0065,,11171.0,0.1823,-8.33,SAFE,0.5044,0.6753,-0.4838
2014-01-01,-1.33,DRAIN,0.0,NEUTRAL,297036.0,CRISIS,-0.0023,,12551.0,1.1146,-19.43,SAFE,-0.1581,0.5612,-0.3705
2014-01-08,-1.33,DRAIN,0.0,NEUTRAL,299413.0,CRISIS,0.0029,,12551.0,1.1146,-7.18,SAFE,0.7193,-1.0153,0.8417
2014-01-15,-1.0,DRAIN,0.0,NEUTRAL,300820.0,STRESS,0.0561,,12551.0,1.1146,-6.92,SAFE,-1.7346,-0.9317,-1.7647
2014-01-22,-1.0,DRAIN,0.0,NEUTRAL,300583.0,STRESS,0.0049,,12551.0,1.1146,-7.13,SAFE,0.8029,1.857,-0.1623
2014-01-29,-1.0,DRAIN,0.0,NEUTRAL,302310.0,STRESS,0.0158,,12551.0,1.1146,-7.27,SAFE,1.0541,-0.833,-1.0431
2014-02-05,-1.0,DRAIN,1.0,INJECTION,302188.0,STRESS,0.0132,,1945.0,-1.6997,-7.29,SAFE,-1.8871,-2.0192,-2.3787
2014-02-12,-1.0,DRAIN,1.0,INJECTION,303994.0,STRESS,-0.0101,,1945.0,-1.6997,-8.34,SAFE,-0.1322,-0.2102,-0.2462
2014-02-19,-0.33,NEUTRAL,1.0,INJECTION,305951.0,STRESS,0.232,,1945.0,-1.6997,-8.66,SAFE,-0.078,-0.3595,0.8925
2014-02-26,-1.0,DRAIN,1.0,INJECTION,305743.0,STRESS,0.0023,,1945.0,-1.6997,-8.11,SAFE,-0.2815,-0.036,0.3606
2014-03-05,-1.0,DRAIN,1.0,INJECTION,306104.0,STRESS,0.0018,,12605.0,-0.2304,-7.91,SAFE,0.2455,1.252,0.7926
2014-03-12,-2.0,DRAIN,1.0,INJECTION,295540.0,CRISIS,-0.0179,,12605.0,-0.2304,-8.03,SAFE,1.0065,0.3966,-0.5859
2014-03-19,-0.67,DRAIN,1.0,INJECTION,299620.0,CRISIS,0.0489,,12605.0,-0.2304,-8.2,SAFE,-0.6099,-0.4594,-1.7889
2014-03-26,-1.0,DRAIN,1.0,INJECTION,300100.0,STRESS,0.0054,,12605.0,-0.2304,-7.5,SAFE,0.1505,-0.9825,-1.1731
2014-04-02,-1.33,DRAIN,0.0,NEUTRAL,299696.0,CRISIS,0.0016,,9534.0,0.926,-7.91,SAFE,-1.1331,-1.3295,-2.4184
2014-04-09,-1.0,DRAIN,0.0,NEUTRAL,300649.0,STRESS,0.0065,,9534.0,0.926,-7.5,SAFE,-0.1965,-0.1906,-0.3748
2014-04-16,-1.33,DRAIN,0.0,NEUTRAL,299695.0,CRISIS,-0.0026,,9534.0,0.926,-7.25,SAFE,0.0059,-1.0888,-0.2319
2014-04-23,-1.0,DRAIN,0.0,NEUTRAL,303399.0,STRESS,-0.0028,,9534.0,0.926,-7.75,SAFE,-0.5639,-0.2437,-0.2496
2014-04-30,-1.0,DRAIN,0.0,NEUTRAL,303808.0,STRESS,0.0067,,19138.0,-0.2714,-10.16,SAFE,0.3202,0.3914,0.8203
2014-05-07,-1.0,DRAIN,0.0,NEUTRAL,304262.0,STRESS,-0.0005,,19138.0,-0.2714,-7.49,SAFE,0.9363,0.556,0.9662
2014-05-14,-1.0,DRAIN,0.0,NEUTRAL,304876.0,STRESS,0.0072,,19138.0,-0.2714,-7.51,SAFE,-0.3803,0.1252,-0.9835
2014-05-21,-0.33,NEUTRAL,0.0,NEUTRAL,304879.0,STRESS,0.0373,,19138.0,-0.2714,-7.72,SAFE,0.5055,0.4102,-0.9387
2014-05-28,-1.0,DRAIN,0.0,NEUTRAL,305548.0,STRESS,0.0147,,19138.0,-0.2714,-7.46,SAFE,-0.4535,-0.7509,-1.7259
2014-06-04,-1.0,DRAIN,1.0,INJECTION,305980.0,STRESS,-0.0054,,10974.0,0.4823,-8.28,SAFE,-0.2973,-1.5542,-2.0689
2014-06-11,-1.67,DRAIN,1.0,INJECTION,303405.0,STRESS,-0.0088,,10974.0,0.4823,-7.49,SAFE,-1.2569,-0.975,-1.5847
2014-06-18,-0.33,NEUTRAL,1.0,INJECTION,303435.0,STRESS,0.1094,,10974.0,0.4823,-7.02,SAFE,0.2819,-0.5147,-0.2283
2014-06-25,-1.0,DRAIN,1.0,INJECTION,303599.0,STRESS,0.0129,,10974.0,0.4823,-7.25,SAFE,-0.7965,-0.6097,0.1942
2014-07-02,-1.0,DRAIN,1.0,INJECTION,303764.0,STRESS,-0.0013,,10896.0,0.8454,-6.29,SAFE,0.1869,0.2864,1.5284
2014-07-09,-0.33,NEUTRAL,1.0,INJECTION,303718.0,STRESS,0.017,,10896.0,0.8454,-6.85,SAFE,0.0995,0.8039,1.5786
2014-07-16,-0.33,NEUTRAL,1.0,INJECTION,303931.0,STRESS,0.0578,,10896.0,0.8454,-7.37,SAFE,0.7044,1.242,2.4157
2014-07-23,-0.33,NEUTRAL,1.0,INJECTION,303509.0,STRESS,0.0186,,10896.0,0.8454,-6.67,SAFE,0.5376,0.7747,2.2462
2014-07-30,-1.0,DRAIN,1.0,INJECTION,303183.0,STRESS,0.008,,10896.0,0.8454,-6.33,SAFE,0.2371,1.1737,1.6422
2014-08-06,-1.0,DRAIN,0.0,NEUTRAL,304120.0,STRESS,0.0059,,5068.0,-0.9428,-7.56,SAFE,0.9366,1.4715,3.1484
2014-08-13,-1.0,DRAIN,0.0,NEUTRAL,303843.0,STRESS,0.0067,,5068.0,-0.9428,-7.89,SAFE,0.5349,0.4684,2.7832
2014-08-20,-1.67,DRAIN,0.0,NEUTRAL,303539.0,STRESS,-0.1326,,5068.0,-0.9428,-7.67,SAFE,-0.0664,1.6769,1.7321
2014-08-27,-1.0,DRAIN,0.0,NEUTRAL,302778.0,STRESS,0.0163,,5068.0,-0.9428,-7.35,SAFE,1.1157,2.1209,1.5619
2014-09-03,-1.0,DRAIN,0.0,NEUTRAL,301950.0,STRESS,0.0075,,9232.0,-0.4513,-6.97,SAFE,1.0052,0.0549,1.7223
2014-09-10,-2.0,DRAIN,0.0,NEUTRAL,288265.0,CRISIS,-0.1299,,9232.0,-0.4513,-7.09,SAFE,-0.9503,-0.559,0.4383
2014-09-17,-0.67,DRAIN,0.0,NEUTRAL,289724.0,CRISIS,0.0326,,9232.0,-0.4513,-6.99,SAFE,0.3913,1.6674,2.2773
2014-09-24,-1.33,DRAIN,0.0,NEUTRAL,289788.0,CRISIS,0.0132,,9232.0,-0.4513,-5.82,SAFE,1.2761,0.9974,1.8111
2014-10-01,-0.67,DRAIN,0.0,NEUTRAL,293613.0,CRISIS,0.0199,,13907.0,1.1867,-7.15,SAFE,-0.2787,0.61,0.5912
2014-10-08,-1.33,DRAIN,0.0,NEUTRAL,299079.0,CRISIS,0.0109,,13907.0,1.1867,-7.01,SAFE,0.8887,0.8137,1.6217
2014-10-15,-0.33,NEUTRAL,0.0,NEUTRAL,300727.0,STRESS,0.0429,,13907.0,1.1867,-7.1,SAFE,-0.075,-0.0187,1.795
2014-10-22,-1.0,DRAIN,0.0,NEUTRAL,304393.0,STRESS,-0.008,,13907.0,1.1867,-7.13,SAFE,0.0563,0.8079,2.0736
2014-10-29,-1.0,DRAIN,0.0,NEUTRAL,302106.0,STRESS,0.007,,13907.0,1.1867,-6.58,SAFE,0.7517,1.8138,1.89
2014-11-05,-1.0,DRAIN,-1.0,DRAIN,304766.0,STRESS,0.0096,,8991.0,-1.0684,-6.73,SAFE,1.0621,1.2656,1.2848
2014-11-12,-1.0,DRAIN,-1.0,DRAIN,304993.0,STRESS,0.0065,,8991.0,-1.0684,-6.43,SAFE,0.2036,0.0763,0.2354
2014-11-19,-0.33,NEUTRAL,-1.0,DRAIN,304297.0,STRESS,0.056,,8991.0,-1.0684,-6.93,SAFE,-0.1273,0.0192,0.4404
2014-11-26,-0.33,NEUTRAL,-1.0,DRAIN,303509.0,STRESS,0.0256,,8991.0,-1.0684,-6.41,SAFE,0.1464,0.1591,1.2415
2014-12-03,-1.0,DRAIN,0.0,NEUTRAL,303668.0,STRESS,0.0217,,8991.0,-0.0224,-7.26,SAFE,0.0127,0.4213,3.4341
2014-12-10,-1.0,DRAIN,0.0,NEUTRAL,300956.0,STRESS,-0.0026,,8991.0,-0.0224,-6.43,SAFE,0.4086,1.0823,3.3818
2014-12-17,-0.33,NEUTRAL,0.0,NEUTRAL,300352.0,STRESS,0.1089,,8991.0,-0.0224,-7.01,SAFE,0.6737,3.0128,2.8481
2014-12-24,-2.0,DRAIN,0.0,NEUTRAL,299414.0,CRISIS,-0.0101,,8991.0,-0.0224,-6.97,SAFE,2.3391,2.2994,2.1085
2014-12-31,-1.33,DRAIN,0.0,NEUTRAL,298544.0,CRISIS,0.0124,,13041.0,1.3613,-14.35,SAFE,1.5719,1.8033,2.4339
2015-01-07,-1.0,DRAIN,0.0,NEUTRAL,301237.0,STRESS,0.0137,,13041.0,1.3613,-7.08,SAFE,-0.5685,-0.0265,-1.3436
2015-01-14,-1.0,DRAIN,0.0,NEUTRAL,303304.0,STRESS,0.0188,,13041.0,1.3613,-6.66,SAFE,0.542,0.6017,-1.2774
2015-01-21,-1.0,DRAIN,0.0,NEUTRAL,304769.0,STRESS,0.0157,,13041.0,1.3613,-6.34,SAFE,0.0597,-1.317,-2.313
2015-01-28,-1.0,DRAIN,0.0,NEUTRAL,304983.0,STRESS,0.0018,,13041.0,1.3613,-5.26,SAFE,-1.3768,-1.8791,-2.1847
2015-02-04,-1.0,DRAIN,-1.0,DRAIN,306174.0,STRESS,-0.0062,,-4837.0,-2.2723,-6.55,SAFE,-0.5023,-0.9959,0.3211
2015-02-11,-1.67,DRAIN,-1.0,DRAIN,306302.0,STRESS,-0.0124,,-4837.0,-2.2723,-5.69,SAFE,-0.4936,-0.3056,3.0265
2015-02-18,-0.33,NEUTRAL,-1.0,DRAIN,307311.0,STRESS,0.167,,-4837.0,-2.2723,-3.57,SAFE,0.188,1.317,4.7215
2015-02-25,-1.0,DRAIN,-1.0,DRAIN,307017.0,STRESS,0.0067,,-4837.0,-2.2723,-4.26,SAFE,1.129,3.3321,3.7488
2015-03-04,-1.67,DRAIN,-1.0,DRAIN,306862.0,STRESS,-0.0162,,8855.0,-0.3333,-4.25,SAFE,2.2031,3.4045,2.721
2015-03-11,-1.67,DRAIN,-1.0,DRAIN,303217.0,STRESS,-0.0118,,8855.0,-0.3333,-4.41,SAFE,1.2014,0.4168,1.7803
2015-03-18,-0.33,NEUTRAL,-1.0,DRAIN,304713.0,STRESS,0.5946,,8855.0,-0.3333,-3.93,SAFE,-0.7846,-0.6835,-1.2685
2015-03-25,-1.0,DRAIN,-1.0,DRAIN,305656.0,STRESS,0.011,,8855.0,-0.3333,-4.14,SAFE,0.1012,1.3635,-2.449
2015-04-01,-1.0,DRAIN,0.0,NEUTRAL,304265.0,STRESS,-0.0043,,8572.0,1.2541,-4.27,SAFE,1.2623,-0.585,-2.4318
2015-04-08,-1.0,DRAIN,0.0,NEUTRAL,304285.0,STRESS,-0.0036,,8572.0,1.2541,-4.59,SAFE,-1.0933,-2.1283,-4.5434
2015-04-15,-0.33,NEUTRAL,0.0,NEUTRAL,309000.0,STRESS,0.8291,,8572.0,1.2541,-4.23,SAFE,-1.035,-3.0993,-5.802
2015-04-22,-1.0,DRAIN,0.0,NEUTRAL,309803.0,STRESS,-0.0076,,8572.0,1.2541,-4.1,SAFE,-2.0643,-2.4151,-2.926
2015-04-29,-1.67,DRAIN,0.0,NEUTRAL,312707.0,STRESS,-0.0096,,8572.0,1.2541,-3.92,SAFE,-0.3509,-2.7027,1.0531
2015-05-06,-1.67,DRAIN,0.0,NEUTRAL,312342.0,STRESS,-0.0104,,16979.0,-0.6637,-3.68,SAFE,-3.6117,-3.0198,-0.2694
2015-05-13,-1.0,DRAIN,0.0,NEUTRAL,313855.0,STRESS,-0.0003,,16979.0,-0.6637,-3.87,SAFE,0.5919,3.2111,1.2194
2015-05-20,-0.33,NEUTRAL,0.0,NEUTRAL,318172.0,STRESS,1.0509,,16979.0,-0.6637,-3.39,SAFE,2.6192,2.7504,-1.382
2015-05-27,-1.0,DRAIN,0.0,NEUTRAL,317155.0,STRESS,0.0063,,16979.0,-0.6637,-3.71,SAFE,-0.4763,-1.3059,-2.786
2015-06-03,-1.67,DRAIN,0.0,NEUTRAL,316634.0,STRESS,-0.0223,,9573.0,0.4961,-3.98,SAFE,-0.8296,-3.3032,-1.55
2015-06-10,-1.67,DRAIN,0.0,NEUTRAL,314440.0,STRESS,-0.0138,,9573.0,0.4961,-3.61,SAFE,-2.4736,-1.4801,0.6865
2015-06-17,-0.33,NEUTRAL,0.0,NEUTRAL,315355.0,STRESS,0.2079,,9573.0,0.4961,-3.87,SAFE,0.9935,1.7532,1.8367
2015-06-24,-1.0,DRAIN,0.0,NEUTRAL,315669.0,STRESS,-0.0055,,9573.0,0.4961,-4.39,SAFE,0.7597,2.1666,1.2544
2015-07-01,-1.0,DRAIN,0.0,NEUTRAL,314944.0,STRESS,0.0085,,11785.0,0.9079,-4.19,SAFE,1.4068,0.0835,-0.0256
2015-07-08,-1.0,DRAIN,0.0,NEUTRAL,314924.0,STRESS,0.0143,,11785.0,0.9079,-4.3,SAFE,-1.3234,-0.9121,-0.7511
2015-07-15,-0.33,NEUTRAL,0.0,NEUTRAL,316813.0,STRESS,0.4967,,11785.0,0.9079,-4.39,SAFE,0.4112,-0.109,0.0513
2015-07-22,-1.0,DRAIN,0.0,NEUTRAL,317300.0,STRESS,0.0147,,11785.0,0.9079,-4.76,SAFE,-0.5203,0.1611,-0.8657
2015-07-29,-1.0,DRAIN,0.0,NEUTRAL,317794.0,STRESS,0.0072,,11785.0,0.9079,-4.49,SAFE,0.6813,0.1603,1.5235
2015-08-05,-1.0,DRAIN,0.0,NEUTRAL,316892.0,STRESS,0.001,,4411.0,-0.6592,-4.37,SAFE,-0.521,-1.0267,2.1451
2015-08-12,-1.0,DRAIN,0.0,NEUTRAL,316861.0,STRESS,0.0152,,4411.0,-0.6592,-4.11,SAFE,-0.5057,1.3631,1.1747
2015-08-19,-0.33,NEUTRAL,0.0,NEUTRAL,318345.0,STRESS,0.2849,,4411.0,-0.6592,-4.5,SAFE,1.8689,3.1718,0.4993
2015-08-26,-1.0,DRAIN,0.0,NEUTRAL,317865.0,STRESS,-0.0045,,4411.0,-0.6592,-3.62,SAFE,1.3029,-0.1885,1.3029
2015-09-02,-1.67,DRAIN,0.0,NEUTRAL,317245.0,STRESS,-0.0089,,9202.0,-0.7543,-4.06,SAFE,-1.3113,-1.8993,0.4805
2015-09-09,-1.67,DRAIN,0.0,NEUTRAL,301128.0,STRESS,-0.1628,,9202.0,-0.7543,-3.81,SAFE,-0.588,0.9443,0.8722
2015-09-16,-1.67,DRAIN,0.0,NEUTRAL,304930.0,STRESS,-0.3267,,9202.0,-0.7543,-4.72,SAFE,1.5323,2.3798,0.3937
2015-09-23,-1.0,DRAIN,0.0,NEUTRAL,308068.0,STRESS,0.019,,9202.0,-0.7543,-3.8,SAFE,0.8476,-0.072,-0.8275
2015-09-30,-1.0,DRAIN,0.0,NEUTRAL,311762.0,STRESS,0.0032,,12864.0,1.1968,-14.82,SAFE,-0.9196,-1.9861,-0.913
2015-10-07,-1.0,DRAIN,0.0,NEUTRAL,314821.0,STRESS,-0.0035,,12864.0,1.1968,-3.79,SAFE,-1.0665,-0.7555,0.2948
2015-10-14,-1.67,DRAIN,0.0,NEUTRAL,313758.0,STRESS,-0.3007,,12864.0,1.1968,-4.17,SAFE,0.311,1.0731,1.7292
2015-10-21,-1.0,DRAIN,0.0,NEUTRAL,316345.0,STRESS,0.008,,12864.0,1.1968,-3.5,SAFE,0.7621,1.0503,0.7555
2015-10-28,-1.0,DRAIN,0.0,NEUTRAL,316052.0,STRESS,0.01,,12864.0,1.1968,-4.0,SAFE,0.2882,0.6561,1.1045
2015-11-04,-1.0,DRAIN,1.0,INJECTION,315984.0,STRESS,-0.007,,10490.0,-0.7153,-3.59,SAFE,0.3679,-0.2948,1.4131
2015-11-11,-1.0,DRAIN,1.0,INJECTION,315331.0,STRESS,-0.003,,10490.0,-0.7153,-3.59,SAFE,-0.6627,0.4484,0.2042
2015-11-18,-1.67,DRAIN,1.0,INJECTION,315467.0,STRESS,-0.1185,,10490.0,-0.7153,-3.61,SAFE,1.1111,1.7079,2.7375
2015-11-25,-1.0,DRAIN,1.0,INJECTION,314545.0,STRESS,0.0148,,10490.0,-0.7153,-3.39,SAFE,0.5968,-0.2443,1.3645
2015-12-02,-1.0,DRAIN,0.0,NEUTRAL,311934.0,STRESS,0.0193,,9885.0,-0.0692,-3.62,SAFE,-0.841,1.0296,2.6213
2015-12-09,-2.0,DRAIN,0.0,NEUTRAL,296547.0,CRISIS,-0.1677,,9885.0,-0.0692,-3.62,SAFE,1.8706,1.6088,5.3994
2015-12-16,-0.33,NEUTRAL,1.0,INJECTION,300926.0,STRESS,0.4879,,9885.0,-0.0692,-3.56,SAFE,-0.2618,1.5917,5.0862
2015-12-23,-1.0,DRAIN,1.0,INJECTION,309769.0,STRESS,0.0002,,9885.0,-0.0692,-3.93,SAFE,1.8535,3.7906,4.0764
2015-12-30,-1.0,DRAIN,1.0,INJECTION,310112.0,STRESS,-0.004,,9885.0,-0.0692,-3.82,SAFE,1.9007,3.5162,4.3585
2016-01-06,-1.0,DRAIN,0.0,NEUTRAL,311981.0,STRESS,0.0175,,10129.0,0.5097,-2.83,SAFE,1.1948,3.0037,-0.0823
2016-01-13,-0.33,NEUTRAL,0.0,NEUTRAL,314629.0,STRESS,0.2126,,10129.0,0.5097,-3.64,SAFE,1.8089,0.0348,-0.2913
2016-01-20,-1.0,DRAIN,0.0,NEUTRAL,315863.0,STRESS,0.0097,,10129.0,0.5097,-3.62,SAFE,-1.774,-3.086,-1.6211
2016-01-27,-1.0,DRAIN,0.0,NEUTRAL,311501.0,STRESS,-0.0045,,10129.0,0.5097,-3.2,SAFE,-1.312,-0.3261,3.0986
2016-02-03,-1.0,DRAIN,0.0,NEUTRAL,315378.0,STRESS,0.0224,,-6820.0,-2.585,-3.29,SAFE,0.9858,1.4649,2.9375
2016-02-10,-1.0,DRAIN,0.0,NEUTRAL,317318.0,STRESS,0.0075,,-6820.0,-2.585,-3.34,SAFE,0.4791,3.4247,0.8907
2016-02-17,-1.67,DRAIN,0.0,NEUTRAL,316165.0,STRESS,-0.1824,,-6820.0,-2.585,-3.73,SAFE,2.9456,1.4725,-0.8595
2016-02-24,-1.0,DRAIN,0.0,NEUTRAL,314415.0,STRESS,0.0117,,-6820.0,-2.585,-3.63,SAFE,-1.4731,-2.534,-1.3811
2016-03-02,-1.0,DRAIN,0.0,NEUTRAL,314843.0,STRESS,0.0042,,5906.0,-0.6936,-3.4,SAFE,-1.0609,-2.332,-0.9491
2016-03-09,-1.67,DRAIN,0.0,NEUTRAL,312137.0,STRESS,-0.018,,5906.0,-0.6936,-3.35,SAFE,-1.2711,1.1529,0.308
2016-03-16,-0.33,NEUTRAL,0.0,NEUTRAL,315435.0,STRESS,0.7853,,5906.0,-0.6936,-3.3,SAFE,2.424,1.3829,1.5019
2016-03-23,-1.0,DRAIN,0.0,NEUTRAL,314226.0,STRESS,0.0062,,5906.0,-0.6936,-3.06,SAFE,-1.0411,-0.8449,-2.493
2016-03-30,-1.0,DRAIN,0.0,NEUTRAL,313863.0,STRESS,0.0055,,5906.0,-0.6936,-3.62,SAFE,1.995,1.6692,-1.3334
2016-04-06,-1.0,DRAIN,0.0,NEUTRAL,318419.0,STRESS,0.0074,,7307.0,1.2228,-3.34,SAFE,-0.3258,-1.7165,-2.3699
2016-04-13,-0.33,NEUTRAL,0.0,NEUTRAL,319051.0,STRESS,0.051,,7307.0,1.2228,-3.04,SAFE,-1.3907,-3.0026,-1.4812
2016-04-20,-1.0,DRAIN,0.0,NEUTRAL,319093.0,STRESS,-0.0022,,7307.0,1.2228,-3.54,SAFE,-1.6119,-0.6534,-1.2269
2016-04-27,-1.67,DRAIN,0.0,NEUTRAL,317165.0,STRESS,-0.0124,,7307.0,1.2228,-4.06,SAFE,0.9585,1.5214,-0.3084
2016-05-04,-1.0,DRAIN,0.0,NEUTRAL,318068.0,STRESS,0.0084,,14179.0,-0.438,-2.93,SAFE,-0.0413,-0.6052,-0.1378
2016-05-11,-1.0,DRAIN,0.0,NEUTRAL,317932.0,STRESS,0.0136,,14179.0,-0.438,-3.91,SAFE,-0.5639,-1.2268,1.1721
2016-05-18,-1.67,DRAIN,0.0,NEUTRAL,317528.0,STRESS,-0.2159,,14179.0,-0.438,-3.52,SAFE,-0.6629,0.4674,2.0223
2016-05-25,-1.0,DRAIN,0.0,NEUTRAL,317800.0,STRESS,-0.0017,,14179.0,-0.438,-3.49,SAFE,1.1303,2.3988,7.5009
2016-06-01,-1.0,DRAIN,0.0,NEUTRAL,317689.0,STRESS,-0.0017,,8577.0,0.0692,-3.67,SAFE,-0.1245,2.6868,7.307
2016-06-08,-1.0,DRAIN,0.0,NEUTRAL,315276.0,STRESS,0.0032,,8577.0,0.0692,-3.93,SAFE,2.8113,-2.276,11.2027
2016-06-15,-1.67,DRAIN,0.0,NEUTRAL,315182.0,STRESS,-0.0744,,8577.0,0.0692,-4.03,SAFE,-5.0873,4.6202,5.4127
2016-06-22,-0.33,NEUTRAL,0.0,NEUTRAL,315851.0,STRESS,0.5917,,8577.0,0.0692,-3.82,SAFE,9.7075,13.4788,11.3442
2016-06-29,-0.33,NEUTRAL,0.0,NEUTRAL,316666.0,STRESS,0.1261,,8577.0,0.0692,-4.31,SAFE,3.7712,0.7925,2.3279
2016-07-06,-0.33,NEUTRAL,0.0,NEUTRAL,319679.0,STRESS,0.7713,,9268.0,1.1779,-3.92,SAFE,-2.9787,-2.1345,-1.5043
2016-07-13,-1.67,DRAIN,0.0,NEUTRAL,317053.0,STRESS,-0.423,,9268.0,1.1779,-4.07,SAFE,0.8442,1.5354,2.7161
2016-07-20,-0.33,NEUTRAL,0.0,NEUTRAL,319931.0,STRESS,0.4849,,9268.0,1.1779,-3.85,SAFE,0.6912,0.6303,0.3716
2016-07-27,-0.33,NEUTRAL,0.0,NEUTRAL,319040.0,STRESS,0.0795,,9268.0,1.1779,-4.11,SAFE,-0.0609,1.1808,-0.5245
2016-08-03,-1.0,DRAIN,0.0,NEUTRAL,320728.0,STRESS,0.022,,1766.0,-0.232,-4.35,SAFE,1.2417,-0.2587,-1.3694
2016-08-10,-0.33,NEUTRAL,0.0,NEUTRAL,323645.0,STRESS,0.6316,,1766.0,-0.232,-3.78,SAFE,-1.5003,-1.7052,-2.2346
2016-08-17,-0.33,NEUTRAL,0.0,NEUTRAL,326164.0,STRESS,0.6242,,1766.0,-0.232,-4.02,SAFE,-0.2049,-1.1107,0.6325
2016-08-24,-0.33,NEUTRAL,0.0,NEUTRAL,328861.0,STRESS,0.9096,,1766.0,-0.232,-3.47,SAFE,-0.9058,-0.5294,1.7515
2016-08-31,-0.33,NEUTRAL,0.0,NEUTRAL,329063.0,STRESS,0.74,,7629.0,-0.1932,-4.82,SAFE,-0.1278,0.8078,2.4125
2016-09-07,-0.33,NEUTRAL,0.0,NEUTRAL,318481.0,STRESS,0.62,,7629.0,-0.1932,-3.27,SAFE,0.9356,1.6813,5.1626
2016-09-14,-1.67,DRAIN,0.0,NEUTRAL,318442.0,STRESS,-0.3903,,7629.0,-0.1932,-3.03,SAFE,0.7457,1.6047,7.8749
2016-09-21,-0.33,NEUTRAL,0.0,NEUTRAL,320701.0,STRESS,0.4635,,7629.0,-0.1932,-3.45,SAFE,0.8589,3.4813,6.7118
2016-09-28,-0.33,NEUTRAL,0.0,NEUTRAL,326116.0,STRESS,0.4901,,7629.0,-0.1932,-3.56,SAFE,2.6223,6.2703,6.385
2016-10-05,0.33,NEUTRAL,0.0,NEUTRAL,330847.0,WATCH,0.5956,,11599.0,1.3416,-3.96,SAFE,3.6479,3.2305,1.5218
2016-10-12,0.33,NEUTRAL,0.0,NEUTRAL,333314.0,WATCH,0.2536,,11599.0,1.3416,-3.26,SAFE,-0.4174,0.1148,-2.3746
2016-10-19,0.33,NEUTRAL,0.0,NEUTRAL,337867.0,WATCH,0.6036,,11599.0,1.3416,-3.64,SAFE,0.5322,-1.7087,-1.5641
2016-10-26,0.33,NEUTRAL,0.0,NEUTRAL,344471.0,WATCH,0.5376,,11599.0,1.3416,-3.95,SAFE,-2.2409,-2.4894,-2.313
2016-11-02,0.33,NEUTRAL,-1.0,DRAIN,347260.0,WATCH,0.3949,,6331.0,-0.8574,-4.18,SAFE,-0.2485,0.1446,-1.3319
2016-11-09,0.33,NEUTRAL,-1.0,DRAIN,350556.0,WATCH,0.6439,,6331.0,-0.8574,-3.98,SAFE,0.3932,0.1764,-0.5511
2016-11-16,0.33,NEUTRAL,-1.0,DRAIN,352614.0,WATCH,0.4532,,6331.0,-0.8574,-3.97,SAFE,-0.2168,-1.4765,0.2255
2016-11-23,0.33,NEUTRAL,-1.0,DRAIN,353950.0,WATCH,0.8142,,6331.0,-0.8574,-3.81,SAFE,-1.2598,-0.7275,1.3407
2016-11-30,0.33,NEUTRAL,0.0,NEUTRAL,358716.0,WATCH,1.5521,,7481.0,0.2999,-4.76,SAFE,0.5322,1.702,3.0732
2016-12-07,0.33,NEUTRAL,0.0,NEUTRAL,363777.0,WATCH,1.1873,,7481.0,0.2999,-3.82,SAFE,1.1698,2.0682,2.9996
2016-12-14,-1.0,DRAIN,0.0,NEUTRAL,362866.0,WATCH,-0.07,,7481.0,0.2999,-3.78,SAFE,0.8985,1.3712,0.1935
2016-12-21,0.83,INJECTION,0.0,NEUTRAL,373021.0,SAFE,2.6096,,7481.0,0.2999,-2.97,SAFE,0.4727,0.9314,-1.7331
2016-12-28,0.17,NEUTRAL,0.0,NEUTRAL,370510.0,SAFE,0.0382,,7481.0,0.2999,-3.15,SAFE,-0.7497,0.3442,-2.6395
2017-01-04,0.17,NEUTRAL,-1.0,DRAIN,374472.0,SAFE,0.1049,,6547.0,1.0851,-3.57,SAFE,1.6719,0.9786,-0.8415
2017-01-11,0.83,INJECTION,-1.0,DRAIN,380647.0,SAFE,1.0002,,6547.0,1.0851,-3.87,SAFE,-0.6933,-2.9832,-2.4975
2017-01-18,0.83,INJECTION,-1.0,DRAIN,382630.0,SAFE,1.8432,,6547.0,1.0851,-3.61,SAFE,-2.29,-1.8201,-1.5804
2017-01-25,0.83,INJECTION,-1.0,DRAIN,384936.0,SAFE,0.7946,,6547.0,1.0851,-3.62,SAFE,0.4698,0.4858,0.3263
2017-02-01,0.83,INJECTION,-1.0,DRAIN,391315.0,SAFE,1.2331,,-9830.0,-2.885,-3.9,SAFE,0.0159,0.2397,1.9746
2017-02-08,0.83,INJECTION,-1.0,DRAIN,398242.0,SAFE,1.153,,-9830.0,-2.885,-3.95,SAFE,0.2238,-0.1595,3.0637
2017-02-15,0.17,NEUTRAL,-1.0,DRAIN,401862.0,SAFE,0.2136,,-9830.0,-2.885,-4.17,SAFE,-0.3832,1.735,1.0616
2017-02-22,0.83,INJECTION,-1.0,DRAIN,406486.0,SAFE,0.7788,,-9830.0,-2.885,-3.28,SAFE,2.1182,3.2231,0.1754
2017-03-01,0.17,NEUTRAL,-1.0,DRAIN,410929.0,SAFE,0.2659,,-840.0,-0.7666,-3.81,SAFE,1.1049,-0.6734,-1.6469
2017-03-08,0.17,NEUTRAL,-1.0,DRAIN,409829.0,SAFE,0.2412,,-840.0,-0.7666,-3.89,SAFE,-1.7783,-3.0478,-2.7999
2017-03-15,0.83,INJECTION,-1.0,DRAIN,414142.0,SAFE,0.6846,,-840.0,-0.7666,-3.95,SAFE,-1.2694,-0.9735,-1.1976
2017-03-22,0.17,NEUTRAL,-1.0,DRAIN,416376.0,SAFE,0.4772,,-840.0,-0.7666,-3.96,SAFE,0.2959,0.2478,-1.984
2017-03-29,0.83,INJECTION,-1.0,DRAIN,424021.0,SAFE,1.2819,,-840.0,-0.7666,-3.84,SAFE,-0.0481,-0.2241,-3.3928
2017-04-05,0.17,NEUTRAL,0.0,NEUTRAL,429363.0,SAFE,0.3798,,4890.0,0.9995,-4.05,SAFE,-0.176,-2.2318,-3.5844
2017-04-12,0.17,NEUTRAL,0.0,NEUTRAL,431207.0,SAFE,0.3936,,4890.0,0.9995,-3.99,SAFE,-2.0559,-3.1688,-3.1533
2017-04-19,0.17,NEUTRAL,0.0,NEUTRAL,430195.0,SAFE,0.0582,,4890.0,0.9995,-3.83,SAFE,-0.4198,-0.9071,-1.4305
2017-04-26,0.17,NEUTRAL,0.0,NEUTRAL,434068.0,SAFE,0.4195,,4890.0,0.9995,-3.73,SAFE,-0.4873,0.0388,0.8099
2017-05-03,0.17,NEUTRAL,0.0,NEUTRAL,434532.0,SAFE,0.0752,,13715.0,-1.6462,-3.96,SAFE,0.3025,-0.6482,0.2559
2017-05-10,0.17,NEUTRAL,0.0,NEUTRAL,435710.0,SAFE,0.1484,,13715.0,-1.6462,-3.45,SAFE,-0.9508,-0.5499,1.0461
2017-05-17,0.17,NEUTRAL,0.0,NEUTRAL,438405.0,SAFE,0.444,,13715.0,-1.6462,-3.53,SAFE,0.4009,0.9041,1.5349
2017-05-24,0.17,NEUTRAL,0.0,NEUTRAL,440568.0,SAFE,0.5416,,13715.0,-1.6462,-3.94,SAFE,0.5033,1.596,1.6275
2017-05-31,0.17,NEUTRAL,1.0,INJECTION,437760.0,SAFE,0.054,,9606.0,0.3809,-4.13,SAFE,-0.3404,1.1066,-0.7105
2017-06-07,0.17,NEUTRAL,1.0,INJECTION,439528.0,SAFE,0.3183,,9606.0,0.3809,-3.86,SAFE,1.4471,2.2337,0.0
2017-06-14,-0.5,DRAIN,1.0,INJECTION,437837.0,SAFE,-0.3678,,9606.0,0.3809,-3.77,SAFE,0.7867,-1.8171,-1.3389
2017-06-21,0.83,INJECTION,1.0,INJECTION,440845.0,SAFE,0.6457,,9606.0,0.3809,-3.51,SAFE,-2.6038,-2.2337,-2.5577
2017-06-28,0.17,NEUTRAL,1.0,INJECTION,441717.0,SAFE,0.1056,,9606.0,0.3809,-3.84,SAFE,0.3701,0.4782,-0.7055
2017-07-05,0.83,INJECTION,1.0,INJECTION,447611.0,SAFE,1.1592,,11404.0,0.9905,-3.8,SAFE,0.1082,-0.3239,-1.5102
2017-07-12,-0.5,DRAIN,1.0,INJECTION,445381.0,SAFE,-0.2946,,11404.0,0.9905,-3.52,SAFE,-0.4321,-1.1838,-0.4398
2017-07-19,0.17,NEUTRAL,1.0,INJECTION,446250.0,SAFE,0.0515,,11404.0,0.9905,-3.97,SAFE,-0.7516,-1.1863,0.7574
2017-07-26,0.17,NEUTRAL,1.0,INJECTION,448603.0,SAFE,0.4952,,11404.0,0.9905,-3.79,SAFE,-0.4346,0.744,2.233
2017-08-02,0.17,NEUTRAL,0.0,NEUTRAL,448704.0,SAFE,0.2407,,1052.0,-0.8972,-3.57,SAFE,1.1786,1.9437,1.3096
2017-08-09,0.17,NEUTRAL,0.0,NEUTRAL,450082.0,SAFE,0.0296,,1052.0,-0.8972,-3.52,SAFE,0.765,1.4891,-1.4824
2017-08-16,0.17,NEUTRAL,0.0,NEUTRAL,449866.0,SAFE,-0.0029,,1052.0,-0.8972,-3.63,SAFE,0.724,-0.6341,-5.3247
2017-08-23,0.17,NEUTRAL,0.0,NEUTRAL,443926.0,SAFE,0.4499,,1052.0,-0.8972,-3.8,SAFE,-1.3581,-2.9715,-5.5399
2017-08-30,-0.5,DRAIN,0.0,NEUTRAL,445784.0,SAFE,-0.1112,,1052.0,-0.8972,-3.67,SAFE,-1.7387,-3.5374,-4.2392
2017-09-06,-0.5,DRAIN,0.0,NEUTRAL,428797.0,SAFE,-0.0652,,5920.0,-0.2511,-3.88,SAFE,-1.7988,-3.2342,-0.2057
2017-09-13,-0.5,DRAIN,0.0,NEUTRAL,441894.0,SAFE,-0.3981,,5920.0,-0.2511,-3.52,SAFE,-1.4354,-0.7017,1.3954
2017-09-20,0.17,NEUTRAL,0.0,NEUTRAL,445826.0,SAFE,0.2982,,5920.0,-0.2511,-3.28,SAFE,0.7336,3.0285,2.5426
2017-09-27,0.17,NEUTRAL,0.0,NEUTRAL,448753.0,SAFE,0.0431,,5920.0,-0.2511,-4.06,SAFE,2.2948,2.0972,2.0516
2017-10-04,0.17,NEUTRAL,0.0,NEUTRAL,453804.0,SAFE,0.1057,,11266.0,1.0981,-4.15,SAFE,-0.1977,-0.4859,0.5418
2017-10-11,0.17,NEUTRAL,0.0,NEUTRAL,456370.0,SAFE,0.3234,,11266.0,1.0981,-4.14,SAFE,-0.2882,-0.0456,0.3576
2017-10-18,0.17,NEUTRAL,0.0,NEUTRAL,456816.0,SAFE,0.0544,,11266.0,1.0981,-3.72,SAFE,0.2426,1.0277,0.0529
2017-10-25,0.17,NEUTRAL,0.0,NEUTRAL,458084.0,SAFE,0.3323,,11266.0,1.0981,-3.53,SAFE,0.7851,0.4031,-0.9522
2017-11-01,0.17,NEUTRAL,0.0,NEUTRAL,457648.0,SAFE,0.1116,,5319.0,-0.8538,-3.55,SAFE,-0.3819,-0.9748,-3.4743
2017-11-08,0.17,NEUTRAL,0.0,NEUTRAL,457705.0,SAFE,0.0523,,5319.0,-0.8538,-3.68,SAFE,-0.5929,-1.3553,-2.2537
2017-11-15,-0.5,DRAIN,0.0,NEUTRAL,457665.0,SAFE,-0.2782,,5319.0,-0.8538,-3.68,SAFE,-0.7625,-2.4996,-1.713
2017-11-22,0.17,NEUTRAL,0.0,NEUTRAL,456730.0,SAFE,0.1589,,5319.0,-0.8538,-3.78,SAFE,-1.7371,-0.8984,-0.4277
2017-11-29,0.17,NEUTRAL,0.0,NEUTRAL,458666.0,SAFE,0.2135,,5319.0,-0.8538,-3.37,SAFE,0.8387,0.7865,-0.3615
2017-12-06,0.17,NEUTRAL,0.0,NEUTRAL,458571.0,SAFE,0.149,,7070.0,0.5947,-4.06,SAFE,-0.0522,0.4706,-0.8017
2017-12-13,0.83,INJECTION,0.0,NEUTRAL,463511.0,SAFE,1.2997,,7070.0,0.5947,-3.73,SAFE,0.5228,-1.148,-2.581
2017-12-20,0.17,NEUTRAL,0.0,NEUTRAL,463435.0,SAFE,0.4055,,7070.0,0.5947,-3.16,SAFE,-1.6708,-1.2723,-4.8668
2017-12-27,0.17,NEUTRAL,0.0,NEUTRAL,460366.0,SAFE,0.0571,,7070.0,0.5947,-3.4,SAFE,-0.9408,-1.8654,-5.3965
2018-01-03,0.17,NEUTRAL,0.0,NEUTRAL,465536.0,SAFE,0.0192,,5958.0,1.0435,-3.58,SAFE,0.1255,-2.4059,-4.931
2018-01-10,0.17,NEUTRAL,0.0,NEUTRAL,467473.0,SAFE,0.016,,5958.0,1.0435,-3.53,SAFE,-2.5314,-5.512,-3.4063
2018-01-17,0.17,NEUTRAL,0.0,NEUTRAL,469351.0,SAFE,0.0853,,5958.0,1.0435,-3.85,SAFE,-2.9806,-2.5251,-1.2456
2018-01-24,0.17,NEUTRAL,0.0,NEUTRAL,471629.0,SAFE,0.4768,,5958.0,1.0435,-3.8,SAFE,0.4555,2.1057,2.5853
2018-01-31,0.17,NEUTRAL,1.0,INJECTION,472128.0,SAFE,0.1464,,-4988.0,-2.3606,-3.32,SAFE,1.6502,1.2795,3.6625
2018-02-07,0.17,NEUTRAL,1.0,INJECTION,473964.0,SAFE,0.1972,,-4988.0,-2.3606,-3.82,SAFE,-0.3707,0.4796,1.2503
2018-02-14,0.83,INJECTION,1.0,INJECTION,478462.0,SAFE,0.6789,,-4988.0,-2.3606,-3.49,SAFE,0.8503,2.383,0.7785
2018-02-21,0.17,NEUTRAL,1.0,INJECTION,480877.0,SAFE,0.534,,-4988.0,-2.3606,-3.71,SAFE,1.5327,0.7707,-1.1558
2018-02-28,0.83,INJECTION,1.0,INJECTION,492226.0,SAFE,2.0125,,2535.0,-0.4584,-3.88,SAFE,-0.762,-1.6045,-2.2192
2018-03-07,-0.5,DRAIN,1.0,INJECTION,473603.0,SAFE,-0.0835,,2535.0,-0.4584,-3.52,SAFE,-0.8425,-1.9264,-2.139
2018-03-14,0.17,NEUTRAL,1.0,INJECTION,474943.0,SAFE,-0.0058,,2535.0,-0.4584,-3.63,SAFE,-1.084,-0.6147,-2.6951
2018-03-21,0.17,NEUTRAL,1.0,INJECTION,478595.0,SAFE,0.0005,,2535.0,-0.4584,-3.33,SAFE,0.4692,-0.2126,1.0625
2018-03-28,0.17,NEUTRAL,1.0,INJECTION,481950.0,SAFE,0.0005,,2535.0,-0.4584,-3.62,SAFE,-0.6818,-2.0804,1.8484
2018-04-04,0.17,NEUTRAL,1.0,INJECTION,483981.0,SAFE,0.0005,,5358.0,1.0737,-3.76,SAFE,-1.6507,-1.5735,3.2894
2018-04-11,0.17,NEUTRAL,1.0,INJECTION,491192.0,SAFE,0.0372,,5358.0,1.0737,-3.67,SAFE,0.0772,2.1017,4.8885
2018-04-18,0.17,NEUTRAL,1.0,INJECTION,496425.0,SAFE,-0.0003,,5358.0,1.0737,-3.3,SAFE,2.0245,4.8629,5.3884
2018-04-25,0.17,NEUTRAL,1.0,INJECTION,496302.0,SAFE,0.0007,,5358.0,1.0737,-4.6,SAFE,2.8384,2.7867,4.5509
2018-05-02,-0.5,DRAIN,0.0,NEUTRAL,495298.0,SAFE,-0.0678,,11528.0,-0.7411,-4.85,SAFE,-0.0516,0.5256,1.5925
2018-05-09,0.17,NEUTRAL,0.0,NEUTRAL,495869.0,SAFE,0.0014,,11528.0,-0.7411,-4.47,SAFE,-0.2744,0.6929,0.536
2018-05-16,0.17,NEUTRAL,0.0,NEUTRAL,494283.0,SAFE,0.1329,,11528.0,-0.7411,-4.72,SAFE,0.9673,1.2894,1.6276
2018-05-23,0.17,NEUTRAL,0.0,NEUTRAL,488391.0,SAFE,0.0005,,11528.0,-0.7411,-4.67,SAFE,0.3221,-0.1569,0.7657
2018-05-30,0.17,NEUTRAL,0.0,NEUTRAL,493354.0,SAFE,0.0005,,11528.0,-0.7411,-4.81,SAFE,-0.8382,-0.1877,1.5905
2018-06-06,0.17,NEUTRAL,0.0,NEUTRAL,491577.0,SAFE,0.0217,,7128.0,0.219,-4.81,SAFE,0.6505,1.222,1.4789
2018-06-13,-0.5,DRAIN,0.0,NEUTRAL,487703.0,SAFE,-0.1288,,7128.0,0.219,-5.11,SAFE,0.5715,1.7782,0.8284
2018-06-20,0.17,NEUTRAL,0.0,NEUTRAL,488221.0,SAFE,0.0114,,7128.0,0.219,-5.05,SAFE,1.2066,0.2569,1.9269
2018-06-27,0.17,NEUTRAL,0.0,NEUTRAL,488323.0,SAFE,-0.0046,,7128.0,0.219,-5.05,SAFE,-0.9498,-0.9498,-0.3962
2018-07-04,0.17,NEUTRAL,-1.0,DRAIN,487918.0,SAFE,0.0253,,6481.0,0.6145,-4.54,SAFE,0.0,1.6701,1.455
2018-07-11,0.17,NEUTRAL,-1.0,DRAIN,490315.0,SAFE,0.0265,,6481.0,0.6145,-4.56,SAFE,1.6701,0.5536,2.7136
2018-07-18,0.17,NEUTRAL,-1.0,DRAIN,484138.0,SAFE,0.03,,6481.0,0.6145,-4.57,SAFE,-1.1165,-0.2151,2.1767
2018-07-25,-0.5,DRAIN,-1.0,DRAIN,486890.0,SAFE,-0.0143,,6481.0,0.6145,-4.6,SAFE,0.9014,2.1601,2.4247
2018-08-01,0.17,NEUTRAL,0.0,NEUTRAL,488157.0,SAFE,0.0077,,-202.0,-1.2645,-4.78,SAFE,1.2586,2.3917,0.292
2018-08-08,0.17,NEUTRAL,0.0,NEUTRAL,489566.0,SAFE,0.0186,,-202.0,-1.2645,-4.72,SAFE,1.1331,0.2646,-0.6352
2018-08-15,0.17,NEUTRAL,0.0,NEUTRAL,491426.0,SAFE,0.2519,,-202.0,-1.2645,-4.82,SAFE,-0.8685,-2.0997,-2.7135
2018-08-22,0.17,NEUTRAL,0.0,NEUTRAL,488556.0,SAFE,0.0223,,-202.0,-1.2645,-4.72,SAFE,-1.2312,-0.8998,-2.0361
2018-08-29,0.17,NEUTRAL,0.0,NEUTRAL,490880.0,SAFE,0.0141,,-202.0,-1.2645,-4.52,SAFE,0.4393,-0.682,-0.8575
2018-09-05,0.17,NEUTRAL,1.0,INJECTION,491073.0,SAFE,0.0197,,7808.0,0.0845,-4.78,SAFE,-1.1214,-2.3587,-0.6161
2018-09-12,0.17,NEUTRAL,1.0,INJECTION,487381.0,SAFE,0.076,,7808.0,0.0845,-4.75,SAFE,-1.2373,-0.1755,-0.8897
2018-09-19,0.17,NEUTRAL,1.0,INJECTION,487671.0,SAFE,0.0257,,7808.0,0.0845,-4.95,SAFE,1.0618,1.7426,1.4054
2018-09-26,0.17,NEUTRAL,1.0,INJECTION,488810.0,SAFE,0.026,,7808.0,0.0845,-5.1,SAFE,0.6808,-0.7142,2.3217
2018-10-03,0.17,NEUTRAL,0.0,NEUTRAL,489126.0,SAFE,0.0291,,10419.0,0.8105,-4.85,SAFE,-1.395,-0.3372,0.4077
2018-10-10,-0.5,DRAIN,0.0,NEUTRAL,491587.0,SAFE,-0.0566,,10419.0,0.8105,-5.03,SAFE,1.0578,3.0359,0.6228
2018-10-17,0.17,NEUTRAL,0.0,NEUTRAL,492930.0,SAFE,0.0202,,10419.0,0.8105,-4.84,SAFE,1.9781,0.7449,2.2358
2018-10-24,0.17,NEUTRAL,0.0,NEUTRAL,492580.0,SAFE,0.0202,,10419.0,0.8105,-4.77,SAFE,-1.2332,-2.4131,-0.4206
2018-10-31,0.17,NEUTRAL,1.0,INJECTION,491033.0,SAFE,0.0148,,8301.0,-0.4614,-4.98,SAFE,-1.1799,1.491,1.5223
2018-11-07,0.17,NEUTRAL,1.0,INJECTION,492628.0,SAFE,0.0082,,8301.0,-0.4614,-4.69,SAFE,2.6709,1.9925,2.7022
2018-11-14,-0.5,DRAIN,1.0,INJECTION,487888.0,SAFE,-0.7539,,8301.0,-0.4614,-4.87,SAFE,-0.6783,0.0313,1.3072
2018-11-21,0.17,NEUTRAL,1.0,INJECTION,488529.0,SAFE,0.0161,,8301.0,-0.4614,-4.72,SAFE,0.7096,0.7096,1.8272
2018-11-28,0.17,NEUTRAL,1.0,INJECTION,488938.0,SAFE,0.0234,,8301.0,-0.4614,-4.9,SAFE,0.0,1.2759,0.0705
2018-12-05,0.17,NEUTRAL,0.0,NEUTRAL,487301.0,SAFE,0.0219,,7106.0,0.2618,-4.9,SAFE,1.2759,1.1176,0.3685
2018-12-12,0.17,NEUTRAL,0.0,NEUTRAL,486572.0,SAFE,0.2275,,7106.0,0.2618,-4.83,SAFE,-0.1583,-1.2054,-1.526
2018-12-19,0.17,NEUTRAL,0.0,NEUTRAL,484932.0,SAFE,0.0044,,7106.0,0.2618,-4.61,SAFE,-1.047,-0.7491,-2.5086
2018-12-26,0.17,NEUTRAL,0.0,NEUTRAL,484262.0,SAFE,0.0007,,7106.0,0.2618,-4.49,SAFE,-0.6861,-1.4221,-4.1085
2019-01-02,0.17,NEUTRAL,1.0,INJECTION,485156.0,SAFE,0.0007,,6657.0,1.0835,-4.56,SAFE,-1.4027,-2.4149,-4.2797
2019-01-09,0.17,NEUTRAL,1.0,INJECTION,487445.0,SAFE,0.0007,,6657.0,1.0835,-4.37,SAFE,-1.0122,-2.0371,-1.5221
2019-01-16,0.17,NEUTRAL,1.0,INJECTION,489815.0,SAFE,0.1676,,6657.0,1.0835,-4.41,SAFE,-1.0249,-1.8648,0.9965
2019-01-23,-1.17,DRAIN,1.0,INJECTION,487910.0,SAFE,-20.684,,6657.0,1.0835,-4.47,SAFE,-0.8399,0.515,-0.2145
2019-01-30,-0.5,DRAIN,1.0,INJECTION,488792.0,SAFE,0.0097,,6657.0,1.0835,-4.66,SAFE,1.3549,2.8613,-1.119
2019-02-06,-0.5,DRAIN,-1.0,DRAIN,488315.0,SAFE,0.0079,,-9596.0,-2.0209,-4.34,SAFE,1.5064,-0.7295,-1.0732
2019-02-13,-0.5,DRAIN,-1.0,DRAIN,491320.0,SAFE,0.3251,,-9596.0,-2.0209,-4.31,SAFE,-2.2359,-3.9803,-3.8449
2019-02-20,-0.5,DRAIN,-1.0,DRAIN,491212.0,SAFE,0.0071,,-9596.0,-2.0209,-4.23,SAFE,-1.7444,-0.3437,-0.023
2019-02-27,-0.5,DRAIN,-1.0,DRAIN,491220.0,SAFE,0.003,,-9596.0,-2.0209,-4.35,SAFE,1.4007,0.1354,1.6068
2019-03-06,-0.5,DRAIN,0.0,NEUTRAL,471255.0,SAFE,0.0126,,1675.0,-0.3278,-4.34,SAFE,-1.2653,0.3207,0.2443
2019-03-13,-0.5,DRAIN,0.0,NEUTRAL,473585.0,SAFE,0.3317,,1675.0,-0.3278,-4.45,SAFE,1.586,1.4714,1.479
2019-03-20,-0.5,DRAIN,0.0,NEUTRAL,476641.0,SAFE,0.0872,,1675.0,-0.3278,-4.46,SAFE,-0.1146,-0.0764,0.4909
2019-03-27,-0.5,DRAIN,0.0,NEUTRAL,478655.0,SAFE,0.0371,,1675.0,-0.3278,-4.53,SAFE,0.0382,0.0076,1.2764
2019-04-03,-0.5,DRAIN,0.0,NEUTRAL,482697.0,SAFE,0.1018,,2877.0,1.3657,-4.36,SAFE,-0.0306,0.5672,0.2755
2019-04-10,-0.5,DRAIN,0.0,NEUTRAL,489268.0,SAFE,0.0179,,2877.0,1.3657,-4.19,SAFE,0.5979,1.2688,1.2921
2019-04-17,-0.5,DRAIN,0.0,NEUTRAL,491067.0,SAFE,0.0525,,2877.0,1.3657,-4.16,SAFE,0.671,-0.2917,1.729
2019-04-24,-0.5,DRAIN,0.0,NEUTRAL,492892.0,SAFE,0.0134,,2877.0,1.3657,-4.13,SAFE,-0.9714,-0.9714,1.6877
2019-05-01,-0.5,DRAIN,1.0,INJECTION,495534.0,SAFE,0.0151,,13522.0,-0.7044,-3.97,SAFE,0.0,2.3288,3.1331
2019-05-08,-0.5,DRAIN,1.0,INJECTION,491878.0,SAFE,0.0094,,13522.0,-0.7044,-4.08,SAFE,1.7667,2.7487,2.0406
2019-05-15,-1.17,DRAIN,1.0,INJECTION,491822.0,SAFE,-0.0206,,13522.0,-0.7044,-4.04,SAFE,0.9819,1.4964,1.4646
2019-05-22,-0.5,DRAIN,1.0,INJECTION,490866.0,SAFE,0.1909,,13522.0,-0.7044,-3.94,SAFE,0.5145,-0.7081,-0.2286
2019-05-29,-0.5,DRAIN,1.0,INJECTION,491997.0,SAFE,0.0293,,13522.0,-0.7044,-4.27,SAFE,-0.9723,-0.7517,-0.6887
2019-06-05,-0.5,DRAIN,1.0,INJECTION,492925.0,SAFE,0.0569,,8089.0,0.9335,-4.06,SAFE,0.2206,0.0867,1.0677
2019-06-12,-1.17,DRAIN,1.0,INJECTION,487661.0,SAFE,-0.1486,,8089.0,0.9335,-4.14,SAFE,-0.1339,0.063,1.0381
2019-06-19,-0.5,DRAIN,1.0,INJECTION,488356.0,SAFE,0.0796,,8089.0,0.9335,-4.11,SAFE,0.1969,0.981,1.7312
2019-06-26,-0.5,DRAIN,1.0,INJECTION,489961.0,SAFE,0.0384,,8089.0,0.9335,-4.16,SAFE,0.7841,0.9751,1.4382
2019-07-03,-1.17,DRAIN,1.0,INJECTION,489015.0,SAFE,-0.1014,,9698.0,0.712,-4.11,SAFE,0.191,0.7502,3.4376
2019-07-10,-0.5,DRAIN,1.0,INJECTION,487373.0,SAFE,0.0909,,9698.0,0.712,-4.1,SAFE,0.5592,0.4631,3.3949
2019-07-17,-1.17,DRAIN,1.0,INJECTION,480773.0,SAFE,-0.1612,,9698.0,0.712,-4.07,SAFE,-0.096,2.6875,3.0006
2019-07-24,0.17,NEUTRAL,1.0,INJECTION,487025.0,SAFE,0.3397,,9698.0,0.712,-4.05,SAFE,2.7835,2.9318,1.9558
2019-07-31,0.17,NEUTRAL,1.0,INJECTION,486936.0,SAFE,0.0271,,3617.0,-1.0012,-4.19,SAFE,0.1483,0.3132,-0.2548
2019-08-07,0.17,NEUTRAL,1.0,INJECTION,487676.0,SAFE,0.0663,,3617.0,-1.0012,-4.02,SAFE,0.1649,-0.976,-1.4644
2019-08-14,-0.5,DRAIN,1.0,INJECTION,487144.0,SAFE,-0.4328,,3617.0,-1.0012,-4.0,SAFE,-1.1408,-0.5679,-2.8162
2019-08-21,0.17,NEUTRAL,1.0,INJECTION,486850.0,SAFE,0.0093,,3617.0,-1.0012,-3.73,SAFE,0.5729,-0.4885,-2.0038
2019-08-28,0.17,NEUTRAL,1.0,INJECTION,477604.0,SAFE,0.0255,,3617.0,-1.0012,-3.87,SAFE,-0.9784,-1.0352,-1.0514
2019-09-04,0.17,NEUTRAL,0.0,NEUTRAL,466583.0,SAFE,0.0153,,6105.0,0.1671,-4.05,SAFE,-0.0568,-1.3138,-0.6631
2019-09-11,-0.5,DRAIN,0.0,NEUTRAL,468687.0,SAFE,-0.6977,,6105.0,0.1671,-4.09,SAFE,-1.257,-0.0162,0.4064
2019-09-18,0.17,NEUTRAL,0.0,NEUTRAL,472920.0,SAFE,0.0109,,6105.0,0.1671,-3.96,SAFE,1.2408,0.6508,-2.7953
2019-09-25,0.17,NEUTRAL,0.0,NEUTRAL,476654.0,SAFE,0.006,,6105.0,0.1671,-4.01,SAFE,-0.5901,0.4225,-4.0829
2019-10-02,0.17,NEUTRAL,0.0,NEUTRAL,480443.0,SAFE,0.0244,,11481.0,0.8077,-4.02,SAFE,1.0126,-3.4461,-4.1986
2019-10-09,-0.5,DRAIN,0.0,NEUTRAL,484757.0,SAFE,-0.0637,,11481.0,0.8077,-3.88,SAFE,-4.4587,-4.5054,-4.3028
2019-10-16,0.17,NEUTRAL,0.0,NEUTRAL,484528.0,SAFE,0.0851,,11481.0,0.8077,-3.91,SAFE,-0.0468,-0.7525,-0.1168
2019-10-23,0.17,NEUTRAL,0.0,NEUTRAL,484366.0,SAFE,0.0812,,11481.0,0.8077,-3.76,SAFE,-0.7058,0.2027,-0.5975
2019-10-30,0.17,NEUTRAL,0.0,NEUTRAL,485886.0,SAFE,0.1422,,11481.0,0.8077,-3.93,SAFE,0.9084,0.6357,0.2787
2019-11-06,0.17,NEUTRAL,1.0,INJECTION,487077.0,SAFE,0.036,,11098.0,-0.2352,-3.85,SAFE,-0.2727,-0.8002,-2.564
2019-11-13,-0.5,DRAIN,1.0,INJECTION,485724.0,SAFE,-0.2259,,11098.0,-0.2352,-3.91,SAFE,-0.5275,-0.357,-2.0173
2019-11-20,0.17,NEUTRAL,1.0,INJECTION,483744.0,SAFE,0.006,,11098.0,-0.2352,-3.92,SAFE,0.1705,-1.7638,-0.8013
2019-11-27,0.17,NEUTRAL,1.0,INJECTION,483339.0,SAFE,0.003,,11098.0,-0.2352,-3.95,SAFE,-1.9343,-1.6603,-1.6297
2019-12-04,0.17,NEUTRAL,0.0,NEUTRAL,484154.0,SAFE,0.1237,,6685.0,0.4013,-4.09,SAFE,0.274,0.9625,0.2512
2019-12-11,-0.5,DRAIN,0.0,NEUTRAL,479174.0,SAFE,-0.3638,,6685.0,0.4013,-4.02,SAFE,0.6885,0.0306,0.8344
2019-12-18,0.17,NEUTRAL,0.0,NEUTRAL,476310.0,SAFE,0.1165,,6685.0,0.4013,-3.94,SAFE,-0.6579,-0.7113,-0.2224
2019-12-25,0.17,NEUTRAL,0.0,NEUTRAL,475559.0,SAFE,0.0073,,6685.0,0.4013,-4.06,SAFE,-0.4953,0.882,0.2905
2020-01-01,0.17,NEUTRAL,0.0,NEUTRAL,473130.0,SAFE,0.0009,,8014.0,0.8943,-4.02,SAFE,1.0671,0.9293,0.6771
2020-01-08,0.17,NEUTRAL,0.0,NEUTRAL,475622.0,SAFE,0.0009,,8014.0,0.8943,-3.76,SAFE,-0.1378,-0.5274,0.9239
2020-01-15,-0.5,DRAIN,0.0,NEUTRAL,474268.0,SAFE,-0.2134,,8014.0,0.8943,-3.75,SAFE,-0.3896,-0.2522,0.0918
2020-01-22,0.17,NEUTRAL,0.0,NEUTRAL,473444.0,SAFE,0.129,,8014.0,0.8943,-3.83,SAFE,0.1374,1.4513,1.8232
2020-01-29,0.17,NEUTRAL,0.0,NEUTRAL,475768.0,SAFE,0.0638,,8014.0,0.8943,-3.97,SAFE,1.3139,0.3441,1.748
2020-02-05,0.17,NEUTRAL,1.0,INJECTION,475742.0,SAFE,0.0233,,-6573.0,-1.7825,-3.93,SAFE,-0.9698,0.3719,0.0542
2020-02-12,-0.5,DRAIN,1.0,INJECTION,476173.0,SAFE,-0.0325,,-6573.0,-1.7825,-4.02,SAFE,1.3418,1.404,4.0248
2020-02-19,0.17,NEUTRAL,1.0,INJECTION,476988.0,SAFE,0.0094,,-6573.0,-1.7825,-3.98,SAFE,0.0622,-0.3178,9.9761
2020-02-26,0.17,NEUTRAL,1.0,INJECTION,474940.0,SAFE,0.0113,,-6573.0,-1.7825,-3.86,SAFE,-0.38,2.6208,5.9038
2020-03-04,0.17,NEUTRAL,0.0,NEUTRAL,469002.0,SAFE,0.0109,,2784.0,-0.4882,-4.0,SAFE,3.0008,10.2939,4.3091
2020-03-11,-0.5,DRAIN,0.0,NEUTRAL,460091.0,SAFE,-0.1826,,2784.0,-0.4882,-4.08,SAFE,7.2931,3.283,0.5598
2020-03-18,0.83,INJECTION,0.0,NEUTRAL,465597.0,SAFE,0.5476,,2784.0,-0.4882,-3.52,SAFE,-4.0101,-5.9847,-6.7573
2020-03-25,0.83,INJECTION,0.0,NEUTRAL,481290.0,SAFE,1.4236,,2784.0,-0.4882,-2.5,SAFE,-1.9747,-2.7232,-2.2328
2020-04-01,-0.38,NEUTRAL,1.0,INJECTION,512779.0,SAFE,6.0757,,15184.0,1.332,-2.88,SAFE,-0.7485,-0.7726,-0.3549
2020-04-08,-0.12,NEUTRAL,1.0,INJECTION,532317.0,SAFE,3.3675,,15184.0,1.332,-3.59,SAFE,-0.0241,0.4904,1.129
2020-04-15,-0.62,DRAIN,1.0,INJECTION,552022.0,SAFE,,,15184.0,1.332,-3.66,SAFE,0.5234,-1.2926,2.6449
2020-04-22,-0.12,NEUTRAL,1.0,INJECTION,570583.0,SAFE,2.9297,,15184.0,1.332,-3.17,SAFE,-1.8161,0.8025,1.5952
2020-04-29,-0.12,NEUTRAL,1.0,INJECTION,594154.0,SAFE,3.2295,,15184.0,1.332,-3.27,SAFE,2.6186,3.9376,1.052
2020-05-06,-0.12,NEUTRAL,1.0,INJECTION,614698.0,SAFE,2.9964,,58515.0,4.6836,-3.32,SAFE,1.319,0.7927,-3.2902
2020-05-13,-0.12,NEUTRAL,1.0,INJECTION,627347.0,SAFE,2.4762,,58515.0,4.6836,-3.16,SAFE,-0.1064,-1.3758,-2.7489
2020-05-20,-0.12,NEUTRAL,1.0,INJECTION,643733.0,SAFE,2.5234,,58515.0,4.6836,-3.12,SAFE,-1.2694,-4.1149,-1.2128
2020-05-27,-0.12,NEUTRAL,1.0,INJECTION,657619.0,SAFE,2.304,,58515.0,4.6836,-3.23,SAFE,-2.2785,-2.5795,-0.6713
2020-06-03,-0.12,NEUTRAL,1.0,INJECTION,665995.0,SAFE,2.1938,,53214.0,3.2418,-3.15,SAFE,-0.301,1.4944,1.1248
2020-06-10,-0.12,NEUTRAL,1.0,INJECTION,675481.0,SAFE,2.1199,,53214.0,3.2418,-3.43,SAFE,1.7954,1.9083,0.2376
2020-06-17,-0.12,NEUTRAL,1.0,INJECTION,685947.0,SAFE,2.2454,,53214.0,3.2418,-3.64,SAFE,0.1128,-0.3697,-1.415
2020-06-24,-0.12,NEUTRAL,1.0,INJECTION,694563.0,SAFE,2.1729,,53214.0,3.2418,-3.74,SAFE,-0.4825,-1.6707,-2.7038
2020-07-01,-0.62,DRAIN,1.0,INJECTION,694992.0,SAFE,0.9015,,35210.0,1.8406,-3.89,SAFE,-1.1882,-1.0454,-4.5477
2020-07-08,-0.12,NEUTRAL,1.0,INJECTION,705967.0,SAFE,1.0634,,35210.0,1.8406,-4.04,SAFE,0.1428,-1.0331,-4.1003
2020-07-15,-0.62,DRAIN,1.0,INJECTION,708923.0,SAFE,0.674,,35210.0,1.8406,-3.91,SAFE,-1.1759,-3.5024,-3.8848
2020-07-22,-0.12,NEUTRAL,1.0,INJECTION,705327.0,SAFE,1.083,,35210.0,1.8406,-4.13,SAFE,-2.3265,-3.0672,-3.0749
2020-07-29,1.17,INJECTION,1.0,INJECTION,710903.0,SAFE,1.0684,,35210.0,1.8406,-4.09,SAFE,-0.7407,-0.3825,-1.09
2020-08-05,1.17,INJECTION,1.0,INJECTION,721013.0,SAFE,1.3284,,26159.0,0.6665,-4.28,SAFE,0.3583,-0.0076,-0.4252
2020-08-12,0.5,INJECTION,1.0,INJECTION,723444.0,SAFE,0.8069,,26159.0,0.6665,-4.37,SAFE,-0.3659,-0.7076,2.4269
2020-08-19,1.17,INJECTION,1.0,INJECTION,728975.0,SAFE,1.4446,,26159.0,0.6665,-4.38,SAFE,-0.3417,-0.4175,1.3944
2020-08-26,0.5,INJECTION,1.0,INJECTION,735490.0,SAFE,0.8431,,26159.0,0.6665,-4.53,SAFE,-0.0759,3.1344,3.7387
2020-09-02,0.5,INJECTION,1.0,INJECTION,732870.0,SAFE,0.9521,,25835.0,0.4438,-4.53,SAFE,3.0915,2.4331,3.0682
2020-09-09,-0.17,NEUTRAL,1.0,INJECTION,720904.0,SAFE,-1.2963,,25835.0,0.4438,-4.5,SAFE,-0.6584,1.1963,-0.4729
2020-09-16,-0.17,NEUTRAL,1.0,INJECTION,720627.0,SAFE,0.5295,,25835.0,0.4438,-4.42,SAFE,1.8546,0.6351,0.3557
2020-09-23,0.5,INJECTION,1.0,INJECTION,722627.0,SAFE,0.89,,25835.0,0.4438,-4.61,SAFE,-1.2196,-1.6692,-2.9528
2020-09-30,1.17,INJECTION,1.0,INJECTION,731541.0,SAFE,1.9715,,31559.0,0.5706,-4.91,SAFE,-0.4497,-0.2794,-0.2717
2020-10-07,-0.17,NEUTRAL,1.0,INJECTION,740430.0,SAFE,0.2377,,31559.0,0.5706,-4.6,SAFE,0.1702,-1.2835,-0.7245
2020-10-14,-0.17,NEUTRAL,1.0,INJECTION,745003.0,SAFE,-0.0519,,31559.0,0.5706,-4.62,SAFE,-1.4538,0.0077,-1.713
2020-10-21,-0.17,NEUTRAL,1.0,INJECTION,747556.0,SAFE,0.2339,,31559.0,0.5706,-4.64,SAFE,1.4615,0.559,-0.9954
2020-10-28,0.5,INJECTION,1.0,INJECTION,754089.0,SAFE,0.703,,31559.0,0.5706,-4.6,SAFE,-0.9025,-1.7208,-3.2401
2020-11-04,-0.17,NEUTRAL,1.0,INJECTION,761866.0,SAFE,0.3349,,16910.0,0.0536,-4.63,SAFE,-0.8183,-1.5545,-3.5827
2020-11-11,0.5,INJECTION,1.0,INJECTION,766579.0,SAFE,0.3726,,16910.0,0.0536,-4.65,SAFE,-0.7362,-1.5193,-1.1059
2020-11-18,0.5,INJECTION,1.0,INJECTION,768114.0,SAFE,0.6457,,16910.0,0.0536,-4.62,SAFE,-0.7831,-2.0283,-2.7223
2020-11-25,0.5,INJECTION,1.0,INJECTION,770004.0,SAFE,0.6299,,16910.0,0.0536,-4.65,SAFE,-1.2451,0.4134,-1.9171
2020-12-02,1.17,INJECTION,1.0,INJECTION,769658.0,SAFE,1.2237,,26262.0,0.46,-4.77,SAFE,1.6586,-0.694,-0.7087
2020-12-09,0.5,INJECTION,1.0,INJECTION,767648.0,SAFE,0.5723,,26262.0,0.46,-4.86,SAFE,-2.3526,-2.3306,-2.5951
2020-12-16,1.17,INJECTION,1.0,INJECTION,772728.0,SAFE,1.7379,,26262.0,0.46,-5.22,SAFE,0.022,-0.0147,-0.1985
2020-12-23,-0.17,NEUTRAL,1.0,INJECTION,770889.0,SAFE,0.2451,,26262.0,0.46,-5.22,SAFE,-0.0367,-0.2645,-1.1269
2020-12-30,-0.17,NEUTRAL,1.0,INJECTION,767720.0,SAFE,0.003,,26262.0,0.46,-5.2,SAFE,0.4332,0.4701,-0.5771
2021-01-06,0.5,INJECTION,1.0,INJECTION,770419.0,SAFE,0.3565,,26384.0,0.8695,-5.12,SAFE,-1.0794,-1.2911,-0.8455
2021-01-13,0.5,INJECTION,1.0,INJECTION,774916.0,SAFE,0.5886,,26384.0,0.8695,-5.04,SAFE,-0.2116,-0.2043,-0.9812
2021-01-20,-0.17,NEUTRAL,1.0,INJECTION,762569.0,SAFE,-0.0088,,26384.0,0.8695,-5.08,SAFE,0.0073,0.4456,-1.641
2021-01-27,0.5,INJECTION,1.0,INJECTION,778398.0,SAFE,0.8514,,26384.0,0.8695,-5.11,SAFE,0.4383,-0.7769,-2.9801
2021-02-03,0.5,INJECTION,0.0,NEUTRAL,787529.0,SAFE,0.9179,,4705.0,-1.1975,-5.14,SAFE,-1.2152,-2.0866,-2.4016
2021-02-10,-0.17,NEUTRAL,0.0,NEUTRAL,790078.0,SAFE,0.1562,,4705.0,-1.1975,-5.17,SAFE,-0.8714,-2.2032,-1.029
2021-02-17,0.5,INJECTION,0.0,NEUTRAL,794234.0,SAFE,0.3823,,4705.0,-1.1975,-5.13,SAFE,-1.3318,-0.315,0.0574
2021-02-24,0.5,INJECTION,0.0,NEUTRAL,796538.0,SAFE,0.8411,,4705.0,-1.1975,-5.1,SAFE,1.0168,1.1743,2.9583
2021-03-03,0.5,INJECTION,0.0,NEUTRAL,800486.0,SAFE,0.5888,,15973.0,-0.4621,-5.1,SAFE,0.1574,0.3724,1.237
2021-03-10,0.5,INJECTION,0.0,NEUTRAL,800048.0,SAFE,0.4721,,15973.0,-0.4621,-5.15,SAFE,0.215,1.784,1.6238
2021-03-17,0.5,INJECTION,0.0,NEUTRAL,803569.0,SAFE,0.5606,,15973.0,-0.4621,-5.06,SAFE,1.569,0.8645,-0.3224
2021-03-24,0.5,INJECTION,0.0,NEUTRAL,799830.0,SAFE,0.757,,15973.0,-0.4621,-5.19,SAFE,-0.7045,-0.1603,-1.2457
2021-03-31,-0.17,NEUTRAL,1.0,INJECTION,789937.0,SAFE,0.001,,36007.0,0.4291,-5.34,SAFE,0.5442,-1.1869,-0.4621
2021-04-07,0.5,INJECTION,1.0,INJECTION,798815.0,SAFE,0.4022,,36007.0,0.4291,-5.17,SAFE,-0.4651,-0.8341,-1.79
2021-04-14,0.5,INJECTION,1.0,INJECTION,807231.0,SAFE,0.825,,36007.0,0.4291,-5.18,SAFE,-0.369,-1.0814,-2.1017
2021-04-21,0.5,INJECTION,1.0,INJECTION,812387.0,SAFE,0.5576,,36007.0,0.4291,-5.19,SAFE,-0.7124,-0.9559,-2.2566
2021-04-28,0.5,INJECTION,1.0,INJECTION,816380.0,SAFE,0.929,,36007.0,0.4291,-5.04,SAFE,-0.2435,-1.0202,-1.6429
2021-05-05,0.5,INJECTION,-1.0,DRAIN,825855.0,SAFE,0.4005,,34360.0,0.6827,-5.13,SAFE,-1.1313,-1.9043,-2.0243
2021-05-12,0.5,INJECTION,-1.0,DRAIN,827388.0,SAFE,0.5879,,34360.0,0.6827,-5.08,SAFE,-0.773,-0.9565,-0.5466
2021-05-19,0.5,INJECTION,-1.0,DRAIN,827202.0,SAFE,0.4146,,34360.0,0.6827,-5.1,SAFE,-0.1835,-0.12,2.4892
2021-05-26,0.5,INJECTION,-1.0,DRAIN,831395.0,SAFE,0.4896,,34360.0,0.6827,-5.0,SAFE,0.0635,0.4098,1.9008
2021-06-02,0.5,INJECTION,-1.0,DRAIN,829338.0,SAFE,0.3427,,23796.0,0.2891,-5.02,SAFE,0.2684,1.628,2.9339
2021-06-09,0.5,INJECTION,-1.0,DRAIN,823785.0,SAFE,0.4397,,23796.0,0.2891,-4.98,SAFE,1.3597,1.7619,2.7309
2021-06-16,-0.17,NEUTRAL,-1.0,DRAIN,831043.0,SAFE,0.1381,,23796.0,0.2891,-5.0,SAFE,0.4022,1.3059,0.6329
2021-06-23,0.5,INJECTION,-1.0,DRAIN,829624.0,SAFE,0.2993,,23796.0,0.2891,-5.0,SAFE,0.9037,0.9691,1.0055
2021-06-30,0.5,INJECTION,-1.0,DRAIN,827556.0,SAFE,0.6053,,23070.0,0.0479,-5.34,SAFE,0.0654,-0.673,-1.4776
2021-07-07,0.5,INJECTION,-1.0,DRAIN,839278.0,SAFE,0.3108,,23070.0,0.0479,-4.94,SAFE,-0.7384,0.0365,-1.242
2021-07-14,-0.17,NEUTRAL,-1.0,DRAIN,843298.0,SAFE,0.0997,,23070.0,0.0479,-4.92,SAFE,0.7748,-0.8046,0.2021
2021-07-21,0.5,INJECTION,-1.0,DRAIN,845535.0,SAFE,0.2879,,23070.0,0.0479,-4.93,SAFE,-1.5795,-1.2785,0.693
2021-07-28,-0.17,NEUTRAL,-1.0,DRAIN,845692.0,SAFE,-0.0569,,23070.0,0.0479,-4.93,SAFE,0.301,1.0067,1.878
2021-08-04,-0.17,NEUTRAL,-1.0,DRAIN,847672.0,SAFE,-0.0243,,9447.0,-0.8258,-4.96,SAFE,0.7057,1.9715,0.446
2021-08-11,-0.17,NEUTRAL,-1.0,DRAIN,850099.0,SAFE,0.1555,,9447.0,-0.8258,-4.97,SAFE,1.2657,0.8713,-0.1444
2021-08-18,0.5,INJECTION,-1.0,DRAIN,854622.0,SAFE,0.4624,,9447.0,-0.8258,-4.95,SAFE,-0.3945,-1.5255,-0.6421
2021-08-25,0.5,INJECTION,-1.0,DRAIN,854272.0,SAFE,0.4667,,9447.0,-0.8258,-4.96,SAFE,-1.131,-1.0157,0.314
2021-09-01,0.5,INJECTION,-1.0,DRAIN,856648.0,SAFE,0.331,,17071.0,-0.5386,-4.97,SAFE,-0.0794,0.3693,2.5554
2021-09-08,0.5,INJECTION,-1.0,DRAIN,849425.0,SAFE,0.6118,,17071.0,-0.5386,-4.95,SAFE,0.4488,0.7176,1.6166
2021-09-15,0.5,INJECTION,-1.0,DRAIN,850832.0,SAFE,0.2516,,17071.0,-0.5386,-5.01,SAFE,0.2688,2.186,0.7209
2021-09-22,0.5,INJECTION,-1.0,DRAIN,851214.0,SAFE,0.5106,,17071.0,-0.5386,-5.01,SAFE,1.9172,0.899,-0.5513
2021-09-29,0.5,INJECTION,-1.0,DRAIN,859385.0,SAFE,0.6375,,17071.0,-0.5386,-5.07,SAFE,-1.0182,-1.4651,-2.3165
2021-10-06,0.5,INJECTION,-1.0,DRAIN,870471.0,SAFE,0.8182,,21537.0,-0.2355,-4.87,SAFE,-0.4468,-1.4503,0.9589
2021-10-13,1.17,INJECTION,-1.0,DRAIN,884892.0,SAFE,1.0605,,21537.0,-0.2355,-4.92,SAFE,-1.0035,-0.8514,2.1496
2021-10-20,1.17,INJECTION,-1.0,DRAIN,905132.0,SAFE,2.124,,21537.0,-0.2355,-4.99,SAFE,0.1521,2.4092,2.5204
2021-10-27,1.17,INJECTION,-1.0,DRAIN,936233.0,SAFE,3.2904,,21537.0,-0.2355,-5.15,SAFE,2.2571,3.001,3.5476
2021-11-03,1.17,INJECTION,-1.0,DRAIN,961205.0,SAFE,2.8694,,6375.0,-0.8478,-5.19,SAFE,0.7439,0.1112,1.3806
2021-11-10,-0.17,NEUTRAL,-1.0,DRAIN,964620.0,SAFE,0.1065,,6375.0,-0.8478,-5.35,SAFE,-0.6326,0.5466,1.3987
2021-11-17,-0.17,NEUTRAL,-1.0,DRAIN,967480.0,SAFE,0.1291,,6375.0,-0.8478,-5.31,SAFE,1.1793,1.2694,1.1192
2021-11-24,0.5,INJECTION,-1.0,DRAIN,967111.0,SAFE,0.3798,,6375.0,-0.8478,-5.38,SAFE,0.0901,0.8521,-0.6809
2021-12-01,0.5,INJECTION,-1.0,DRAIN,971668.0,SAFE,0.318,,10076.0,-0.3183,-5.41,SAFE,0.762,-0.1502,-1.8317
2021-12-08,0.5,INJECTION,-1.0,DRAIN,973374.0,SAFE,0.2824,,10076.0,-0.3183,-5.43,SAFE,-0.9122,-1.533,-2.9767
2021-12-15,0.5,INJECTION,-1.0,DRAIN,972344.0,SAFE,0.3249,,10076.0,-0.3183,-5.5,SAFE,-0.6208,-1.6815,-1.8952
2021-12-22,-0.17,NEUTRAL,-1.0,DRAIN,969566.0,SAFE,0.1044,,10076.0,-0.3183,-5.74,SAFE,-1.0607,-1.4436,-0.5651
2021-12-29,-0.17,NEUTRAL,-1.0,DRAIN,964517.0,SAFE,0.0076,,10076.0,-0.3183,-5.78,SAFE,-0.5394,-1.3539,0.6241
2022-01-05,-0.17,NEUTRAL,-1.0,DRAIN,973730.0,SAFE,0.0004,,13696.0,-0.0752,-5.52,SAFE,-1.5187,-0.9711,-0.6117
2022-01-12,-0.17,NEUTRAL,-1.0,DRAIN,978766.0,SAFE,0.0077,,13696.0,-0.0752,-5.42,SAFE,0.5476,2.5366,0.8629
2022-01-19,-0.17,NEUTRAL,-1.0,DRAIN,977698.0,SAFE,0.0062,,13696.0,-0.0752,-5.36,SAFE,1.9891,0.3594,0.2859
2022-01-26,-0.17,NEUTRAL,-1.0,DRAIN,977458.0,SAFE,0.0134,,13696.0,-0.0752,-5.44,SAFE,-1.6296,-1.6738,0.8626
2022-02-02,-0.17,NEUTRAL,-1.0,DRAIN,974891.0,SAFE,-0.046,,-8746.0,-2.2018,-5.4,SAFE,-0.0441,-0.0735,1.9963
2022-02-09,-0.17,NEUTRAL,-1.0,DRAIN,977605.0,SAFE,0.0156,,-8746.0,-2.2018,-5.5,SAFE,-0.0294,2.5364,3.6346
2022-02-16,-0.17,NEUTRAL,-1.0,DRAIN,977523.0,SAFE,0.0079,,-8746.0,-2.2018,-5.51,SAFE,2.5658,2.0698,3.4586
2022-02-23,-0.17,NEUTRAL,-1.0,DRAIN,971252.0,SAFE,0.0075,,-8746.0,-2.2018,-5.49,SAFE,-0.496,1.0983,0.6878
2022-03-02,-0.17,NEUTRAL,0.0,NEUTRAL,963005.0,SAFE,0.0029,,8165.0,-0.9074,-5.5,SAFE,1.5943,1.3888,1.3508
2022-03-09,-0.17,NEUTRAL,0.0,NEUTRAL,947146.0,SAFE,-2.5714,,8165.0,-0.9074,-5.56,SAFE,-0.2054,-0.4105,0.4886
2022-03-16,0.5,INJECTION,0.0,NEUTRAL,947659.0,SAFE,0.0107,,8165.0,-0.9074,-5.5,SAFE,-0.2051,-0.038,0.8319
2022-03-23,-0.17,NEUTRAL,0.0,NEUTRAL,950308.0,SAFE,0.0047,,8165.0,-0.9074,-5.92,SAFE,0.167,0.8991,3.6065
2022-03-30,0.5,INJECTION,0.0,NEUTRAL,951629.0,SAFE,0.0234,,8165.0,-0.9074,-6.0,SAFE,0.732,0.8699,5.0486
2022-04-06,-0.17,NEUTRAL,-1.0,DRAIN,953120.0,SAFE,0.004,,20587.0,-0.0457,-5.81,SAFE,0.1379,2.7074,5.9358
2022-04-13,0.5,INJECTION,-1.0,DRAIN,951810.0,SAFE,0.0191,,20587.0,-0.0457,-5.95,SAFE,2.5695,4.1787,4.531
2022-04-20,0.5,INJECTION,-1.0,DRAIN,951674.0,SAFE,0.0089,,20587.0,-0.0457,-5.96,SAFE,4.6494,5.3675,4.4326
2022-04-27,-0.17,NEUTRAL,-1.0,DRAIN,951536.0,SAFE,-0.0031,,20587.0,-0.0457,-5.98,SAFE,0.7181,1.7763,-1.405
2022-05-04,-0.17,NEUTRAL,-1.0,DRAIN,953449.0,SAFE,-0.0064,,16842.0,-0.8735,-5.9,SAFE,1.1869,-0.925,-1.468
2022-05-11,-0.17,NEUTRAL,-1.0,DRAIN,950961.0,SAFE,-0.012,,16842.0,-0.8735,-5.95,SAFE,-2.1119,-2.7823,0.7964
2022-05-18,-0.17,NEUTRAL,-1.0,DRAIN,952477.0,SAFE,0.0049,,16842.0,-0.8735,-6.06,SAFE,-0.6704,-0.543,1.8913
2022-05-25,0.5,INJECTION,-1.0,DRAIN,953523.0,SAFE,0.0336,,16842.0,-0.8735,-6.16,SAFE,0.1274,3.5787,2.1709
2022-06-01,-0.17,NEUTRAL,0.0,NEUTRAL,949874.0,SAFE,0.0037,,12216.0,-0.3075,-6.11,SAFE,3.4513,2.4343,3.5669
2022-06-08,-0.17,NEUTRAL,0.0,NEUTRAL,950105.0,SAFE,-0.0044,,12216.0,-0.3075,-5.98,SAFE,2.144,2.4051,4.3934
2022-06-15,-0.17,NEUTRAL,0.0,NEUTRAL,951991.0,SAFE,-0.0039,,12216.0,-0.3075,-6.01,SAFE,0.2611,1.0731,4.0656
2022-06-22,0.5,INJECTION,0.0,NEUTRAL,953157.0,SAFE,0.0039,,12216.0,-0.3075,-6.17,SAFE,0.812,1.9883,2.4392
2022-06-29,-0.17,NEUTRAL,0.0,NEUTRAL,952123.0,SAFE,0.0027,,12216.0,-0.3075,-6.13,SAFE,1.1763,2.9925,0.2391
2022-07-06,0.5,INJECTION,0.0,NEUTRAL,953474.0,SAFE,0.0041,,22487.0,-0.1683,-5.92,SAFE,1.8162,0.4509,-0.9124
2022-07-13,-0.17,NEUTRAL,0.0,NEUTRAL,948730.0,SAFE,-0.0004,,22487.0,-0.1683,-5.88,SAFE,-1.3653,-2.7534,-3.6737
2022-07-20,0.5,INJECTION,0.0,NEUTRAL,935086.0,SAFE,0.0069,,22487.0,-0.1683,-5.94,SAFE,-1.3882,-1.3633,-0.4676
2022-07-27,-0.17,NEUTRAL,0.0,NEUTRAL,945375.0,SAFE,-0.3249,,22487.0,-0.1683,-5.91,SAFE,0.0248,-0.9203,2.4061
2022-08-03,-0.17,NEUTRAL,0.0,NEUTRAL,946691.0,SAFE,-0.0333,,4824.0,-1.162,-5.89,SAFE,-0.9451,0.8957,4.4489
2022-08-10,0.5,INJECTION,0.0,NEUTRAL,955215.0,SAFE,0.0036,,4824.0,-1.162,-6.02,SAFE,1.8408,3.3264,5.4026
2022-08-17,0.5,INJECTION,0.0,NEUTRAL,953736.0,SAFE,0.0125,,4824.0,-1.162,-5.93,SAFE,1.4856,3.5532,4.8828
2022-08-24,0.5,INJECTION,0.0,NEUTRAL,949595.0,SAFE,0.0081,,4824.0,-1.162,-5.95,SAFE,2.0677,2.0762,9.196
2022-08-31,-0.17,NEUTRAL,0.0,NEUTRAL,947155.0,SAFE,-0.0187,,9882.0,-0.5614,-6.04,SAFE,0.3041,0.3128,3.1373
2022-09-07,-0.17,NEUTRAL,0.0,NEUTRAL,946670.0,SAFE,-0.6142,,9882.0,-0.5614,-5.93,SAFE,0.0087,5.3077,3.3089
2022-09-14,-0.17,NEUTRAL,0.0,NEUTRAL,945649.0,SAFE,-0.0704,,9882.0,-0.5614,-5.86,SAFE,5.299,2.8245,2.102
2022-09-21,0.5,INJECTION,0.0,NEUTRAL,941884.0,SAFE,0.0043,,9882.0,-0.5614,-5.97,SAFE,2.072,0.5877,-0.4782
2022-09-28,-0.17,NEUTRAL,0.0,NEUTRAL,937995.0,SAFE,-0.0043,,9882.0,-0.5614,-6.09,SAFE,-1.4843,-1.8231,-4.8385
2022-10-05,0.5,INJECTION,0.0,NEUTRAL,946651.0,SAFE,0.0238,,17391.0,0.1726,-6.34,SAFE,-0.3388,-1.0659,0.1787
2022-10-12,-0.17,NEUTRAL,0.0,NEUTRAL,952783.0,SAFE,-0.0581,,17391.0,0.1726,-6.4,SAFE,-0.7271,-3.0154,-3.8495
2022-10-19,0.5,INJECTION,0.0,NEUTRAL,957683.0,SAFE,0.0102,,17391.0,0.1726,-6.57,SAFE,-2.2883,1.2446,-3.975
2022-10-26,-0.17,NEUTRAL,0.0,NEUTRAL,952845.0,SAFE,-0.0182,,17391.0,0.1726,-6.48,SAFE,3.5329,-0.8341,-4.7304
2022-11-02,0.5,INJECTION,0.0,NEUTRAL,950220.0,SAFE,0.0265,,15096.0,-0.1918,-6.41,SAFE,-4.3669,-5.2195,-9.2876
2022-11-09,0.5,INJECTION,0.0,NEUTRAL,956786.0,SAFE,0.0292,,15096.0,-0.1918,-7.37,SAFE,-0.8526,-3.8963,-4.5285
2022-11-16,-0.17,NEUTRAL,0.0,NEUTRAL,948099.0,SAFE,-0.2715,,15096.0,-0.1918,-7.35,SAFE,-3.0437,-4.068,-3.6841
2022-11-23,0.5,INJECTION,0.0,NEUTRAL,951917.0,SAFE,0.0126,,15096.0,-0.1918,-7.29,SAFE,-1.0243,-0.6322,0.9266
2022-11-30,0.5,INJECTION,0.0,NEUTRAL,950069.0,SAFE,0.0039,,16041.0,1.1733,-7.27,SAFE,0.3921,0.384,2.134
2022-12-07,-0.17,NEUTRAL,0.0,NEUTRAL,942362.0,SAFE,-0.0041,,16041.0,1.1733,-7.25,SAFE,-0.0082,1.5588,0.5827
2022-12-14,-0.17,NEUTRAL,0.0,NEUTRAL,936676.0,SAFE,-0.0924,,16041.0,1.1733,-7.12,SAFE,1.567,1.75,-0.4899
2022-12-21,-0.17,NEUTRAL,0.0,NEUTRAL,933469.0,SAFE,-0.2906,,16041.0,1.1733,-7.25,SAFE,0.183,-0.9761,-2.3414
2022-12-28,-0.17,NEUTRAL,0.0,NEUTRAL,928816.0,SAFE,-0.2162,,16041.0,1.1733,-7.18,SAFE,0.0664,-1.3184,-2.4824
2023-01-04,0.5,INJECTION,0.0,NEUTRAL,930808.0,SAFE,0.0005,,27368.0,0.9698,-7.33,SAFE,-2.4778,-3.9613,-3.4665
2023-01-11,0.5,INJECTION,0.0,NEUTRAL,923908.0,SAFE,-0.0015,,27368.0,0.9698,-7.26,SAFE,-1.4835,-1.4593,0.0657
2023-01-18,0.5,INJECTION,0.0,NEUTRAL,917897.0,SAFE,-0.0025,,27368.0,0.9698,-7.19,SAFE,0.0242,0.4947,2.8561
2023-01-25,-0.17,NEUTRAL,0.0,NEUTRAL,911121.0,SAFE,-1.1995,,27368.0,0.9698,-7.21,SAFE,0.4705,1.525,2.7321
2023-02-01,0.5,INJECTION,0.0,NEUTRAL,916427.0,SAFE,0.1047,,-4134.0,-2.5935,-7.32,SAFE,1.0545,2.3614,2.8371
2023-02-08,-0.17,NEUTRAL,0.0,NEUTRAL,917491.0,SAFE,-0.1909,,-4134.0,-2.5935,-7.31,SAFE,1.3069,1.207,2.3026
2023-02-15,-0.17,NEUTRAL,0.0,NEUTRAL,912797.0,SAFE,-0.1001,,-4134.0,-2.5935,-7.27,SAFE,-0.0999,0.4757,-0.8126
2023-02-22,0.5,INJECTION,0.0,NEUTRAL,908222.0,SAFE,-0.002,,-4134.0,-2.5935,-7.3,SAFE,0.5756,1.0955,-2.4077
2023-03-01,-0.17,NEUTRAL,0.0,NEUTRAL,909993.0,SAFE,-0.0198,,9997.0,-0.2492,-7.3,SAFE,0.52,-1.2883,-3.5017
2023-03-08,0.5,INJECTION,0.0,NEUTRAL,910961.0,SAFE,0.0895,,9997.0,-0.2492,-7.27,SAFE,-1.8083,-3.5033,-4.4569
2023-03-15,-0.17,NEUTRAL,0.0,NEUTRAL,905714.0,SAFE,-0.1203,,9997.0,-0.2492,-7.28,SAFE,-1.695,-2.2134,-2.0921
2023-03-22,0.5,INJECTION,0.0,NEUTRAL,902541.0,SAFE,-0.0025,,9997.0,-0.2492,-7.3,SAFE,-0.5184,-0.9536,-1.1303
2023-03-29,-0.17,NEUTRAL,0.0,NEUTRAL,908490.0,SAFE,-0.4328,,9997.0,-0.2492,-7.33,SAFE,-0.4352,0.1213,-0.7403
2023-04-05,0.5,INJECTION,0.0,NEUTRAL,904353.0,SAFE,0.0,,24154.0,1.1627,-7.31,SAFE,0.5565,-0.1767,-1.4689
2023-04-12,-0.17,NEUTRAL,0.0,NEUTRAL,902733.0,SAFE,-0.0563,,24154.0,1.1627,-7.33,SAFE,0.4165,0.1279,0.0
2023-04-19,0.5,INJECTION,0.0,NEUTRAL,890440.0,SAFE,0.0,,24154.0,1.1627,-7.26,SAFE,-0.2886,-1.3474,0.2814
2023-04-26,-0.17,NEUTRAL,0.0,NEUTRAL,880537.0,SAFE,-1.9199,,24154.0,1.1627,-7.16,SAFE,-1.0588,-0.1279,0.6666
2023-05-03,0.5,INJECTION,0.0,NEUTRAL,881208.0,SAFE,0.0033,,34219.0,0.6668,-7.22,SAFE,0.7586,1.0877,1.297
2023-05-10,-0.17,NEUTRAL,0.0,NEUTRAL,879491.0,SAFE,-0.1164,,34219.0,0.6668,-7.25,SAFE,0.9145,1.3344,-0.4541
2023-05-17,0.5,INJECTION,0.0,NEUTRAL,887177.0,SAFE,-0.0055,,34219.0,0.6668,-7.26,SAFE,0.4199,-0.6106,-3.1961
2023-05-24,-0.17,NEUTRAL,0.0,NEUTRAL,883747.0,SAFE,-0.2035,,34219.0,0.6668,-7.23,SAFE,-1.0306,-1.7885,-2.8245
2023-05-31,-0.17,NEUTRAL,0.0,NEUTRAL,884961.0,SAFE,-0.0693,,16734.0,0.5983,-7.22,SAFE,-0.0878,-1.7335,-0.7477
2023-06-07,0.5,INJECTION,0.0,NEUTRAL,882324.0,SAFE,-0.0052,,16734.0,0.5983,-7.22,SAFE,-1.6456,-1.6064,-1.2761
2023-06-14,-0.17,NEUTRAL,0.0,NEUTRAL,871459.0,SAFE,-0.0709,,16734.0,0.5983,-7.17,SAFE,0.0392,0.9858,-2.8699
2023-06-21,0.5,INJECTION,0.0,NEUTRAL,873124.0,SAFE,0.0019,,16734.0,0.5983,-7.12,SAFE,0.9465,0.3303,-0.8832
2023-06-28,-0.17,NEUTRAL,0.0,NEUTRAL,877151.0,SAFE,-0.2115,,16734.0,0.5983,-7.21,SAFE,-0.6163,-3.8556,-1.8142
2023-07-05,-0.17,NEUTRAL,0.0,NEUTRAL,874008.0,SAFE,-0.2121,,21733.0,0.8868,-7.0,SAFE,-3.2394,-1.2135,-0.0079
2023-07-12,0.5,INJECTION,0.0,NEUTRAL,871612.0,SAFE,-0.0132,,21733.0,0.8868,-7.02,SAFE,2.0259,2.0415,2.9327
2023-07-19,-0.5,DRAIN,0.0,NEUTRAL,849116.0,SAFE,-1.9473,,21733.0,0.8868,-6.97,SAFE,0.0155,1.2056,0.734
2023-07-26,0.5,INJECTION,0.0,NEUTRAL,840494.0,SAFE,0.0441,,21733.0,0.8868,-6.9,SAFE,1.19,0.8912,1.5767
2023-08-02,-0.17,NEUTRAL,0.0,NEUTRAL,838987.0,SAFE,-0.1591,,18372.0,0.0538,-6.96,SAFE,-0.2988,-0.4715,0.6162
2023-08-09,0.5,INJECTION,0.0,NEUTRAL,845412.0,SAFE,-0.0024,,18372.0,0.0538,-6.73,SAFE,-0.1727,0.6855,1.9825
2023-08-16,0.5,INJECTION,0.0,NEUTRAL,842130.0,SAFE,-0.0372,,18372.0,0.0538,-6.62,SAFE,0.8582,1.0877,2.8788
2023-08-23,0.5,INJECTION,0.0,NEUTRAL,835805.0,SAFE,-0.0092,,18372.0,0.0538,-6.41,SAFE,0.2296,1.2971,3.0749
2023-08-30,0.5,INJECTION,0.0,NEUTRAL,835389.0,SAFE,-0.0137,,18372.0,0.0538,-6.45,SAFE,1.5667,2.0568,3.8203
2023-09-06,0.5,INJECTION,0.0,NEUTRAL,822697.0,SAFE,-0.0134,,10416.0,-0.2994,-6.5,SAFE,0.4901,1.5183,2.5654
2023-09-13,-0.17,NEUTRAL,0.0,NEUTRAL,817561.0,SAFE,-0.073,,10416.0,-0.2994,-6.49,SAFE,1.0282,1.7634,1.6323
2023-09-20,-0.17,NEUTRAL,0.0,NEUTRAL,816485.0,SAFE,-0.429,,10416.0,-0.2994,-6.51,SAFE,0.7352,1.0471,1.1871
2023-09-27,0.5,INJECTION,0.0,NEUTRAL,824246.0,SAFE,-0.0682,,10416.0,-0.2994,-6.4,SAFE,0.3119,-0.1311,0.6331
2023-10-04,-0.17,NEUTRAL,0.0,NEUTRAL,819139.0,SAFE,-0.2618,,14442.0,0.4603,-6.28,SAFE,-0.443,0.14,-0.1068
2023-10-11,0.5,INJECTION,0.0,NEUTRAL,818228.0,SAFE,0.0024,,14442.0,0.4603,-6.34,SAFE,0.583,0.7642,-0.596
2023-10-18,0.5,INJECTION,0.0,NEUTRAL,817923.0,SAFE,0.0507,,14442.0,0.4603,-6.28,SAFE,0.1813,-0.2468,-2.4486
2023-10-25,-0.83,DRAIN,0.0,NEUTRAL,806920.0,SAFE,-4.71,,14442.0,0.4603,-6.24,SAFE,-0.4281,-1.3602,-3.3265
2023-11-01,-0.17,NEUTRAL,0.0,NEUTRAL,804656.0,SAFE,-0.0405,,26490.0,0.7112,-6.35,SAFE,-0.9322,-2.2018,-3.8911
2023-11-08,-0.17,NEUTRAL,0.0,NEUTRAL,808590.0,SAFE,0.0052,,26490.0,0.7112,-6.34,SAFE,-1.2697,-1.9663,-2.3089
2023-11-15,-0.17,NEUTRAL,1.0,INJECTION,808154.0,SAFE,-0.0012,,26490.0,0.7112,-6.32,SAFE,-0.6967,-1.6893,-2.5077
2023-11-22,-0.17,NEUTRAL,1.0,INJECTION,802692.0,SAFE,-0.0019,,26490.0,0.7112,-6.12,SAFE,-0.9926,-0.3426,-0.9926
2023-11-29,-0.17,NEUTRAL,1.0,INJECTION,806571.0,SAFE,0.0952,,26490.0,0.7112,-6.21,SAFE,0.65,-0.8184,0.2452
2023-12-06,-0.17,NEUTRAL,0.0,NEUTRAL,809849.0,SAFE,-0.0134,,13550.0,0.5905,-6.26,SAFE,-1.4684,-0.65,-1.0285
2023-12-13,-0.83,DRAIN,0.0,NEUTRAL,800583.0,SAFE,-0.1561,,13550.0,0.5905,-6.26,SAFE,0.8184,1.0636,0.7474
2023-12-20,-0.83,DRAIN,0.0,NEUTRAL,804386.0,SAFE,-0.2167,,13550.0,0.5905,-6.36,SAFE,0.2452,-0.3785,-0.079
2023-12-27,-0.83,DRAIN,0.0,NEUTRAL,801283.0,SAFE,-0.1013,,13550.0,0.5905,-6.37,SAFE,0.1411,0.0706,0.3688
2024-01-03,-0.17,NEUTRAL,-1.0,DRAIN,800368.0,SAFE,0.0004,,7993.0,0.6755,-6.37,SAFE,-0.118,0.2127,0.1339
2024-01-10,-0.17,NEUTRAL,-1.0,DRAIN,803419.0,SAFE,0.0378,,7993.0,0.6755,-6.28,SAFE,0.3308,0.1102,0.861
2024-01-17,-0.5,DRAIN,-1.0,DRAIN,798858.0,SAFE,-0.1478,,7993.0,0.6755,-6.2,SAFE,-0.2206,-0.0789,0.689
2024-01-24,-0.5,DRAIN,-1.0,DRAIN,786166.0,SAFE,-1.3606,,7993.0,0.6755,-6.25,SAFE,0.1418,0.7508,0.6239
2024-01-31,0.17,NEUTRAL,0.0,NEUTRAL,781597.0,SAFE,-0.0944,,-3520.0,-2.4637,-6.19,SAFE,0.609,0.7679,0.2527
2024-02-07,0.17,NEUTRAL,0.0,NEUTRAL,790284.0,SAFE,0.067,,-3520.0,-2.4637,-6.1,SAFE,0.1588,-0.1269,-1.4492
2024-02-14,0.17,NEUTRAL,0.0,NEUTRAL,788010.0,SAFE,-0.0137,,-3520.0,-2.4637,-6.12,SAFE,-0.2857,-0.5152,-1.2791
2024-02-21,0.17,NEUTRAL,0.0,NEUTRAL,787697.0,SAFE,-0.0473,,-3520.0,-2.4637,-6.2,SAFE,-0.2295,-1.3223,-0.3716
2024-02-28,-0.5,DRAIN,0.0,NEUTRAL,785589.0,SAFE,-0.1785,,-3520.0,-2.4637,-6.18,SAFE,-1.0928,-0.7639,0.1423
2024-03-06,0.17,NEUTRAL,0.0,NEUTRAL,798812.0,SAFE,-0.0243,,9297.0,-0.17,-6.17,SAFE,0.3289,0.9507,1.1165
2024-03-13,0.17,NEUTRAL,0.0,NEUTRAL,794895.0,SAFE,0.0635,,9297.0,-0.17,-6.11,SAFE,0.6218,0.9063,2.3495
2024-03-20,-0.5,DRAIN,0.0,NEUTRAL,774666.0,SAFE,-0.5808,,9297.0,-0.17,-6.08,SAFE,0.2845,0.1658,2.6962
2024-03-27,0.17,NEUTRAL,0.0,NEUTRAL,791963.0,SAFE,0.0713,,9297.0,-0.17,-6.01,SAFE,-0.1187,1.4432,0.6673
2024-04-03,0.17,NEUTRAL,0.0,NEUTRAL,794388.0,SAFE,0.1753,,18739.0,1.4945,-5.48,SAFE,1.1751,1.784,1.455
2024-04-10,0.17,NEUTRAL,0.0,NEUTRAL,793042.0,SAFE,-0.1054,,18739.0,1.4945,-5.22,SAFE,0.6089,0.248,0.0959
2024-04-17,0.17,NEUTRAL,0.0,NEUTRAL,792333.0,SAFE,0.0341,,18739.0,1.4945,-5.16,SAFE,-0.3609,-0.3289,-2.0205
2024-04-24,0.5,INJECTION,0.0,NEUTRAL,770374.0,SAFE,-0.0586,,18739.0,1.4945,-5.07,SAFE,0.032,-0.1521,-1.9741
2024-05-01,-0.17,NEUTRAL,0.0,NEUTRAL,759970.0,SAFE,-1.6312,,35629.0,0.5933,-5.0,SAFE,-0.1841,-1.6916,-2.2727
2024-05-08,1.17,INJECTION,0.0,NEUTRAL,763642.0,SAFE,0.478,,35629.0,0.5933,-5.0,SAFE,-1.2391,-1.5859,-1.6803
2024-05-15,0.5,INJECTION,0.0,NEUTRAL,769095.0,SAFE,0.1868,,35629.0,0.5933,-5.0,SAFE,-0.3468,-0.4962,0.0079
2024-05-22,0.5,INJECTION,0.0,NEUTRAL,765429.0,SAFE,0.0212,,35629.0,0.5933,-5.0,SAFE,-0.1494,-0.0944,0.6788
2024-05-29,1.17,INJECTION,0.0,NEUTRAL,771032.0,SAFE,0.1868,,35629.0,0.5933,-5.0,SAFE,-0.2666,-0.2196,0.6931
2024-06-05,0.5,INJECTION,0.0,NEUTRAL,771237.0,SAFE,-0.0363,,19022.0,1.0593,-5.0,SAFE,0.047,0.6836,0.0862
2024-06-12,1.17,INJECTION,0.0,NEUTRAL,766544.0,SAFE,0.1932,,19022.0,1.0593,-5.0,SAFE,0.6366,0.9127,-1.2222
2024-06-19,0.5,INJECTION,0.0,NEUTRAL,764212.0,SAFE,-0.0339,,19022.0,1.0593,-5.0,SAFE,0.2762,-0.5974,-2.2757
2024-06-26,-0.17,NEUTRAL,0.0,NEUTRAL,769291.0,SAFE,-0.232,,19022.0,1.0593,-5.0,SAFE,-0.8736,-2.135,-1.7707
2024-07-03,-0.17,NEUTRAL,0.0,NEUTRAL,763619.0,SAFE,-0.4273,,16741.0,0.1669,-5.0,SAFE,-1.2614,-1.6783,-0.2426
2024-07-10,1.17,INJECTION,0.0,NEUTRAL,762332.0,SAFE,0.171,,16741.0,0.1669,-5.0,SAFE,-0.4169,0.3643,1.6304
2024-07-17,0.5,INJECTION,0.0,NEUTRAL,765759.0,SAFE,0.1229,,16741.0,0.1669,-5.0,SAFE,0.7812,1.4357,0.9677
2024-07-24,-0.5,DRAIN,0.0,NEUTRAL,755831.0,SAFE,-3.145,,16741.0,0.1669,-5.0,SAFE,0.6545,1.2661,-1.7398
2024-07-31,0.17,NEUTRAL,0.0,NEUTRAL,751461.0,SAFE,0.0814,,19935.0,1.3515,-5.0,SAFE,0.6117,-0.4679,-2.7067
2024-08-07,0.83,INJECTION,0.0,NEUTRAL,760467.0,SAFE,0.4082,,19935.0,1.3515,-5.0,SAFE,-1.0796,-3.0059,-3.44
2024-08-14,-0.5,DRAIN,0.0,NEUTRAL,752919.0,SAFE,-0.6947,,19935.0,1.3515,-5.0,SAFE,-1.9263,-2.2388,-2.3224
2024-08-21,0.83,INJECTION,0.0,NEUTRAL,760022.0,SAFE,0.7832,,19935.0,1.3515,-5.0,SAFE,-0.3125,-0.4341,-1.3494
2024-08-28,0.83,INJECTION,0.0,NEUTRAL,759428.0,SAFE,0.3786,,19935.0,1.3515,-5.0,SAFE,-0.0228,0.5794,-1.8155
2024-09-04,0.17,NEUTRAL,0.0,NEUTRAL,750575.0,SAFE,-0.1824,,13162.0,-0.2233,-5.0,SAFE,0.6021,-0.6968,0.3807
2024-09-11,0.83,INJECTION,0.0,NEUTRAL,738939.0,SAFE,0.225,,13162.0,-0.2233,-5.0,SAFE,-1.2989,-2.3948,0.2297
2024-09-18,0.17,NEUTRAL,0.0,NEUTRAL,737380.0,SAFE,-0.0908,,13162.0,-0.2233,-5.0,SAFE,-1.0959,1.0775,1.9279
2024-09-25,0.17,NEUTRAL,0.0,NEUTRAL,742733.0,SAFE,0.0903,,13162.0,-0.2233,-5.0,SAFE,2.1734,2.6245,3.3011
2024-10-02,-0.5,DRAIN,0.0,NEUTRAL,729822.0,SAFE,-1.228,,17899.0,-0.0661,-5.0,SAFE,0.4511,0.8504,1.9412
2024-10-09,0.17,NEUTRAL,0.0,NEUTRAL,730742.0,SAFE,0.0807,,17899.0,-0.0661,-5.0,SAFE,0.3993,0.6766,0.4071
2024-10-16,0.17,NEUTRAL,0.0,NEUTRAL,729308.0,SAFE,-0.0278,,17899.0,-0.0661,-5.0,SAFE,0.2774,1.0908,2.2487
2024-10-23,-0.83,DRAIN,0.0,NEUTRAL,720940.0,SAFE,-3.8997,,17899.0,-0.0661,-5.0,SAFE,0.8135,-0.2696,2.6821
2024-10-30,0.5,INJECTION,0.0,NEUTRAL,724722.0,SAFE,0.5618,,17899.0,-0.0661,-5.0,SAFE,-1.083,1.1579,1.3627
2024-11-06,-0.17,NEUTRAL,0.0,NEUTRAL,726283.0,SAFE,-0.1207,,28499.0,0.4691,-5.0,SAFE,2.2409,2.9517,1.856
2024-11-13,-0.17,NEUTRAL,0.0,NEUTRAL,729012.0,SAFE,-0.2005,,28499.0,0.4691,-5.0,SAFE,0.7108,0.2048,0.1417
2024-11-20,-0.17,NEUTRAL,0.0,NEUTRAL,728745.0,SAFE,-0.0902,,28499.0,0.4691,-5.0,SAFE,-0.506,-1.0957,0.5323
2024-11-27,0.5,INJECTION,0.0,NEUTRAL,730256.0,SAFE,0.2075,,28499.0,0.4691,-5.0,SAFE,-0.5897,-0.063,1.3576
2024-12-04,-0.83,DRAIN,0.0,NEUTRAL,725855.0,SAFE,-0.5678,,12968.0,0.1505,-5.0,SAFE,0.5266,1.628,2.0512
2024-12-11,0.5,INJECTION,0.0,NEUTRAL,722755.0,SAFE,0.157,,12968.0,0.1505,-5.0,SAFE,1.1014,1.4207,3.9297
2024-12-18,-0.83,DRAIN,0.0,NEUTRAL,718126.0,SAFE,-0.5456,,12968.0,0.1505,-5.0,SAFE,0.3193,0.4232,2.0282
2024-12-25,-0.83,DRAIN,0.0,NEUTRAL,709831.0,SAFE,-1.2765,,12968.0,0.1505,-5.0,SAFE,0.5501,3.4376,0.8304
2025-01-01,-0.17,NEUTRAL,1.0,INJECTION,711588.0,SAFE,0.0005,,19339.0,0.4431,-4.97,SAFE,0.5835,1.1377,-0.7407
2025-01-08,0.5,INJECTION,1.0,INJECTION,718052.0,SAFE,0.9864,,19339.0,0.4431,-5.0,SAFE,0.5542,-0.1705,-0.8982
2025-01-15,0.5,INJECTION,1.0,INJECTION,722251.0,SAFE,0.5433,,19339.0,0.4431,-4.99,SAFE,-0.7247,-1.8784,-2.3265
2025-01-22,-0.17,NEUTRAL,1.0,INJECTION,707810.0,SAFE,-0.5077,,19339.0,0.4431,-5.0,SAFE,-1.1536,-0.7277,-2.5397
2025-01-29,-0.17,NEUTRAL,1.0,INJECTION,699549.0,SAFE,-0.5715,,19339.0,0.4431,-4.94,SAFE,0.426,-0.4482,-1.2832
2025-02-05,1.17,INJECTION,0.0,NEUTRAL,706112.0,SAFE,0.3317,,-8951.0,-2.458,-4.55,SAFE,-0.8742,-1.812,-3.7704
2025-02-12,1.17,INJECTION,-1.0,DRAIN,712464.0,SAFE,0.3626,,-8951.0,-2.458,-4.61,SAFE,-0.9378,-0.835,-3.2989
2025-02-19,1.17,INJECTION,-1.0,DRAIN,716724.0,SAFE,0.1435,,-8951.0,-2.458,-4.57,SAFE,0.1028,-1.9584,-2.5848
2025-02-26,-0.17,NEUTRAL,-1.0,DRAIN,706745.0,SAFE,-0.6239,,-8951.0,-2.458,-4.53,SAFE,-2.0613,-2.4639,-2.6183
2025-03-05,1.17,INJECTION,0.0,NEUTRAL,700185.0,SAFE,0.7712,,10856.0,-0.5129,-4.5,SAFE,-0.4026,-0.6264,-2.126
2025-03-12,0.5,INJECTION,0.0,NEUTRAL,694950.0,SAFE,-0.0937,,10856.0,-0.5129,-4.55,SAFE,-0.2238,-0.1544,-0.1312
2025-03-19,1.17,INJECTION,0.0,NEUTRAL,695578.0,SAFE,0.655,,10856.0,-0.5129,-4.42,SAFE,0.0694,-1.4996,-1.992
2025-03-26,-0.17,NEUTRAL,0.0,NEUTRAL,698263.0,SAFE,-0.3708,,10856.0,-0.5129,-4.28,SAFE,-1.569,0.0232,-3.2632
2025-04-02,-0.17,NEUTRAL,0.0,NEUTRAL,695501.0,SAFE,-0.5761,,19156.0,0.6049,-4.51,SAFE,1.5922,-0.4924,-1.5374
2025-04-09,1.17,INJECTION,0.0,NEUTRAL,696052.0,SAFE,0.2043,,19156.0,0.6049,-4.35,SAFE,-2.0845,-3.2864,-2.2884
2025-04-16,1.17,INJECTION,0.0,NEUTRAL,695990.0,SAFE,0.321,,19156.0,0.6049,-4.15,SAFE,-1.2019,-1.045,-1.0226
2025-04-23,-0.17,NEUTRAL,0.0,NEUTRAL,694177.0,SAFE,-3.2834,,19156.0,0.6049,-4.1,SAFE,0.1428,0.0751,-1.3503
2025-04-30,-0.17,NEUTRAL,-1.0,DRAIN,682893.0,SAFE,-1.2406,,30393.0,0.1483,-4.08,SAFE,-0.0677,0.2335,-1.9145
2025-05-07,1.17,INJECTION,-1.0,DRAIN,688756.0,SAFE,0.4122,,30393.0,0.1483,-3.99,SAFE,0.2332,-0.8529,-1.6173
2025-05-14,1.17,INJECTION,-1.0,DRAIN,695973.0,SAFE,0.4071,,30393.0,0.1483,-3.92,SAFE,-1.0861,-1.5172,-2.212
2025-05-21,0.5,INJECTION,-1.0,DRAIN,696179.0,SAFE,0.0882,,30393.0,0.1483,-3.85,SAFE,-0.431,-0.7643,-0.3049
2025-05-28,1.17,INJECTION,-1.0,DRAIN,693160.0,SAFE,0.2218,,30393.0,0.1483,-3.96,SAFE,-0.7979,-0.8272,-1.8372
2025-06-04,0.5,INJECTION,0.0,NEUTRAL,685918.0,SAFE,-0.0422,,19509.0,0.9084,-3.89,SAFE,-0.0294,1.214,-0.4039
2025-06-11,1.17,INJECTION,0.0,NEUTRAL,671107.0,SAFE,0.6308,,19509.0,0.9084,-3.71,SAFE,1.2434,-1.01,0.2946
2025-06-18,1.17,INJECTION,0.0,NEUTRAL,670345.0,SAFE,0.2331,,19509.0,0.9084,-3.37,SAFE,-2.2534,-1.6179,0.1267
2025-06-25,1.17,INJECTION,0.0,NEUTRAL,678396.0,SAFE,0.234,,19509.0,0.9084,-3.28,SAFE,0.6355,1.3046,1.4005
2025-07-02,1.17,INJECTION,1.0,INJECTION,680528.0,SAFE,0.3808,,26886.0,0.1203,-3.29,SAFE,0.6691,1.7446,3.0809
2025-07-09,1.17,INJECTION,1.0,INJECTION,681171.0,SAFE,0.2024,,26886.0,0.1203,-3.31,SAFE,1.0755,0.0959,1.1203
2025-07-16,0.5,INJECTION,1.0,INJECTION,680177.0,SAFE,-0.1015,,26886.0,0.1203,-3.3,SAFE,-0.9796,1.3363,-1.0828
2025-07-23,-0.83,DRAIN,1.0,INJECTION,673121.0,SAFE,-3.8936,,26886.0,0.1203,-3.28,SAFE,2.3159,1.0243,0.8529
2025-07-30,-0.83,DRAIN,1.0,INJECTION,667375.0,SAFE,-0.5263,,26886.0,0.1203,-3.29,SAFE,-1.2915,-2.4191,-2.0719
2025-08-06,0.5,INJECTION,-1.0,DRAIN,670018.0,SAFE,0.2189,,9139.0,-0.7365,-3.3,SAFE,-1.1276,-0.1715,-0.8617
2025-08-13,-0.17,NEUTRAL,-1.0,DRAIN,674227.0,SAFE,0.0236,,9139.0,-0.7365,-3.28,SAFE,0.9561,0.3472,-0.0221
2025-08-20,-0.17,NEUTRAL,-1.0,DRAIN,672700.0,SAFE,-0.3132,,9139.0,-0.7365,-3.27,SAFE,-0.6089,-0.6902,-0.4162
2025-08-27,-0.17,NEUTRAL,-1.0,DRAIN,667451.0,SAFE,-0.0192,,9139.0,-0.7365,-3.25,SAFE,0.6236,-0.34,1.2137
2025-09-03,0.5,INJECTION,0.0,NEUTRAL,667000.0,SAFE,0.9075,,16201.0,-0.2553,-3.3,SAFE,-0.9636,-0.9267,0.0447
2025-09-10,-0.17,NEUTRAL,0.0,NEUTRAL,652825.0,SAFE,0.1794,,16201.0,-0.2553,-3.3,SAFE,0.0369,1.5537,1.6662
2025-09-17,0.5,INJECTION,0.0,NEUTRAL,658692.0,SAFE,0.6918,,16201.0,-0.2553,-3.26,SAFE,1.5168,0.9714,0.8746
2025-09-24,-0.17,NEUTRAL,0.0,NEUTRAL,659633.0,SAFE,-0.1539,,16201.0,-0.2553,-3.23,SAFE,-0.5454,0.1125,0.195
2025-10-01,-0.17,NEUTRAL,0.0,NEUTRAL,661740.0,SAFE,0.1598,,23840.0,0.1502,-3.26,SAFE,0.6579,-0.0968,2.0627
2025-10-08,-0.83,DRAIN,0.0,NEUTRAL,657386.0,SAFE,-0.4377,,23840.0,0.1502,-3.23,SAFE,-0.7547,0.0825,1.7477
2025-10-15,-0.17,NEUTRAL,0.0,NEUTRAL,654605.0,SAFE,-0.195,,23840.0,0.1502,-3.29,SAFE,0.8372,2.1595,1.7647
2025-10-22,1.17,INJECTION,0.0,NEUTRAL,653544.0,SAFE,0.2925,,23840.0,0.1502,-3.13,SAFE,1.3224,1.6652,1.711
2025-10-29,-0.83,DRAIN,0.0,NEUTRAL,630219.0,SAFE,-6.2662,,23840.0,0.1502,-3.07,SAFE,0.3428,-0.3948,-0.7955
2025-11-05,0.5,INJECTION,-1.0,DRAIN,651284.0,SAFE,2.872,,25273.0,0.6709,-3.06,SAFE,-0.7376,0.0458,-2.0473
2025-11-12,-0.83,DRAIN,-1.0,DRAIN,643332.0,SAFE,-1.4418,,25273.0,0.6709,-3.08,SAFE,0.7835,-0.4007,-1.7721
2025-11-19,0.5,INJECTION,-1.0,DRAIN,653933.0,SAFE,1.5781,,25273.0,0.6709,-3.07,SAFE,-1.1842,-2.0931,-2.2575
2025-11-26,0.5,INJECTION,-1.0,DRAIN,659825.0,SAFE,0.688,,25273.0,0.6709,-3.1,SAFE,-0.909,-1.3714,-1.8541
2025-12-03,-0.17,NEUTRAL,-1.0,DRAIN,660119.0,SAFE,0.0136,,10003.0,-0.0714,-2.84,SAFE,-0.4624,-0.1644,-0.997
2025-12-10,-0.17,NEUTRAL,-1.0,DRAIN,657704.0,SAFE,0.0983,,10003.0,-0.0714,-2.57,SAFE,0.2981,-0.4827,-0.0521
2025-12-17,-0.17,NEUTRAL,-1.0,DRAIN,652866.0,SAFE,-0.4003,,10003.0,-0.0714,-2.51,SAFE,-0.7808,-0.8326,-0.4617
2025-12-24,0.5,INJECTION,-1.0,DRAIN,656873.0,SAFE,0.527,,10003.0,-0.0714,-2.5,SAFE,-0.0519,0.4305,-1.8422
2025-12-31,-0.17,NEUTRAL,-1.0,DRAIN,660571.0,SAFE,0.0006,,13766.0,0.0277,-2.43,SAFE,0.5796,0.8857,-1.6387
2026-01-07,-0.17,NEUTRAL,-1.0,DRAIN,661505.0,SAFE,0.0004,,13766.0,0.0277,-2.52,SAFE,0.4099,-0.2674,-0.6377
2026-01-14,-0.17,NEUTRAL,-1.0,DRAIN,660515.0,SAFE,0.0067,,13766.0,0.0277,-2.52,SAFE,-0.6774,-2.7772,-1.9748
2026-01-21,1.17,INJECTION,-1.0,DRAIN,661999.0,SAFE,0.5409,,13766.0,0.0277,-2.54,SAFE,-2.0998,-0.3703,0.1782
2026-01-28,-0.17,NEUTRAL,-1.0,DRAIN,645956.0,SAFE,-0.5932,,13766.0,0.0277,-2.52,SAFE,1.7295,0.8024,1.8257
2026-02-04,1.17,INJECTION,-1.0,DRAIN,642563.0,SAFE,0.3973,,-28743.0,-4.841,-2.35,SAFE,-0.9272,0.5484,1.527
2026-02-11,0.5,INJECTION,-1.0,DRAIN,640365.0,SAFE,-0.505,,-28743.0,-4.841,-2.26,SAFE,1.4756,1.0233,2.2591
2026-02-18,0.5,INJECTION,-1.0,DRAIN,640732.0,SAFE,-0.1735,,-28743.0,-4.841,-2.23,SAFE,-0.4523,0.9785,0.7087
2026-02-25,1.17,INJECTION,-1.0,DRAIN,643547.0,SAFE,0.5465,,-28743.0,-4.841,-2.24,SAFE,1.4308,1.2358,1.2209
2026-03-04,0.5,INJECTION,0.0,NEUTRAL,644973.0,SAFE,0.227,,12570.0,-0.2725,-1.99,SAFE,-0.195,-0.2699,0.5947
2026-03-11,0.5,INJECTION,0.0,NEUTRAL,646450.0,SAFE,0.2452,,12570.0,-0.2725,-2.05,SAFE,-0.0749,-0.015,-0.8355
2026-03-18,0.5,INJECTION,0.0,NEUTRAL,636991.0,SAFE,-0.1235,,12570.0,-0.2725,-2.04,SAFE,0.06,0.8646,-1.2276
2026-03-25,0.5,INJECTION,0.0,NEUTRAL,647608.0,SAFE,0.1192,,12570.0,-0.2725,-2.22,SAFE,0.8046,-0.8206,-1.5238
2026-04-01,0.5,INJECTION,0.0,NEUTRAL,645085.0,SAFE,-0.0389,,18201.0,1.0515,-2.03,SAFE,-1.6252,-2.0922,-2.3949
2026-04-08,1.17,INJECTION,0.0,NEUTRAL,650510.0,SAFE,0.5491,,18201.0,1.0515,-2.13,SAFE,-0.7944,-0.7057,-1.5606
2026-04-15,0.5,INJECTION,0.0,NEUTRAL,648118.0,SAFE,-0.1956,,18201.0,1.0515,-1.99,SAFE,0.0887,-0.4427,1.3175
2026-04-22,-0.17,NEUTRAL,0.0,NEUTRAL,631488.0,SAFE,-0.6583,,18201.0,1.0515,-1.96,SAFE,-0.5314,-0.8549,0.5568
2026-04-29,-0.17,NEUTRAL,0.0,NEUTRAL,633819.0,SAFE,-3.4172,,18201.0,1.0515,-2.02,SAFE,-0.3235,1.7603,1.0733
2026-05-06,0.5,INJECTION,1.0,INJECTION,638788.0,SAFE,0.1277,,35873.0,0.1657,-2.08,SAFE,1.0769,1.6197,1.8062
2026-05-13,1.17,INJECTION,1.0,INJECTION,640209.0,SAFE,0.7781,,35873.0,0.1657,-2.1,SAFE,0.5428,0.0519,0.5353
2026-05-20,0.5,INJECTION,1.0,INJECTION,640858.0,SAFE,-0.1975,,35873.0,0.1657,-1.99,SAFE,-0.4909,0.1865,1.3588
2026-05-27,1.17,INJECTION,1.0,INJECTION,643115.0,SAFE,0.5221,,35873.0,0.1657,-2.1,SAFE,-0.0968,0.7772,1.7271
2026-06-03,-0.17,NEUTRAL,0.0,NEUTRAL,640061.0,SAFE,-0.5668,,22381.0,0.8733,-1.94,SAFE,0.874,1.4383,0.5146
2026-06-10,1.17,INJECTION,0.0,NEUTRAL,645478.0,SAFE,1.863,,22381.0,0.8733,-2.04,SAFE,0.5643,0.9499,-0.4716
2026-06-17,1.17,INJECTION,0.0,NEUTRAL,653071.0,SAFE,0.4863,,22381.0,0.8733,-1.97,SAFE,0.3856,-0.9237,-1.765
2026-06-24,1.17,INJECTION,0.0,NEUTRAL,664126.0,SAFE,0.8862,,22381.0,0.8733,-2.1,SAFE,-1.3093,-1.4215,-0.8898
2026-07-01,1.17,INJECTION,-1.0,DRAIN,671588.0,SAFE,1.0212,,17707.0,0.4324,-1.91,SAFE,-0.1122,-0.8413,-0.3657
2026-07-08,0.5,INJECTION,-1.0,DRAIN,672920.0,SAFE,0.3052,,17707.0,0.4324,-1.97,SAFE,-0.7291,0.5317,-0.5585
2026-07-15,0.5,INJECTION,-1.0,DRAIN,669590.0,SAFE,-0.3845,,17707.0,0.4324,-1.92,SAFE,1.2608,0.4756,-0.1334
2026-07-22,-0.17,NEUTRAL,-1.0,DRAIN,632468.0,SAFE,-0.623,,17707.0,0.4324,-1.97,SAFE,-0.7852,-1.0902,-2.3154
2026-07-29,0.5,INJECTION,-1.0,DRAIN,641432.0,SAFE,0.3593,,17707.0,0.4324,-1.87,SAFE,-0.3049,-0.6089,-1.1626
2026-08-05,-0.17,NEUTRAL,0.0,NEUTRAL,637056.0,SAFE,-0.7105,,11227.0,-0.7468,-1.87,SAFE,-0.304,-1.2252,-0.3632
2026-08-12,1.17,INJECTION,0.0,NEUTRAL,643509.0,SAFE,0.9695,,11227.0,-0.7468,-1.9,SAFE,-0.9212,-0.5537,
2026-08-19,0.5,INJECTION,0.0,NEUTRAL,641378.0,SAFE,-0.3616,,11227.0,-0.7468,-1.87,SAFE,0.3675,0.862,
2026-08-26,0.5,INJECTION,0.0,NEUTRAL,640701.0,SAFE,0.1249,,11227.0,-0.7468,-1.91,SAFE,0.4945,,
2026-09-02,0.5,INJECTION,0.0,NEUTRAL,643685.0,SAFE,0.1201,,11227.0,-0.7468,-2.02,SAFE,,,
