date,csa_daily_oia
1997-11-10,458.189
1997-11-11,411.495
1997-11-12,348.572
1997-11-13,278.438
1997-11-14,286.532
1997-11-17,96.563
1997-11-18,49.263
1997-11-19,140.988
1997-11-20,229.375
1997-11-21,392.166
1997-11-24,155.526
1997-11-25,139.431
1997-11-26,255.799
1997-11-27,253.294
1997-11-28,492.236
1997-12-01,459.676
1997-12-02,431.905
1997-12-04,359.665
1997-12-09,568.104
1997-12-15,214.762
1997-12-16,297.774
1997-12-17,263.017
1997-12-18,262.048
1997-12-22,308.19
1997-12-23,470.401
1997-12-24,692.644
1997-12-29,721.736
1997-12-30,651.097
1997-12-31,857.485
1998-01-05,136.256
1998-01-06,167.792
1998-01-07,-161.274
1998-01-08,-91.671
1998-01-09,-43.693
1998-01-12,-65.371
1998-01-13,7.648
1998-01-14,68.119
1998-01-15,236.314
1998-01-16,72.496
1998-01-19,30.584
1998-01-20,263.48
1998-01-21,419.685
1998-01-22,294.208
1998-01-23,323.142
1998-01-26,287.772
1998-01-27,274.828
1998-01-28,409.011
1998-01-29,415.763
1998-01-30,622.652
1998-02-02,338.33
1998-02-03,327.054
1998-02-04,337.505
1998-02-05,383.7
1998-02-09,618.138
1998-02-10,786.708
1998-02-11,400.619
1998-02-12,355.55
1998-02-13,392.684
1998-02-16,-103.538
1998-02-17,1.07
1998-02-18,137.797
1998-02-20,237.601
1998-02-23,319.456
1998-02-24,305.466
1998-02-25,409.508
1998-02-26,430.734
1998-02-27,669.068
1998-03-02,328.507
1998-03-03,336.933
1998-03-04,156.391
1998-03-05,252.131
1998-03-06,448.201
1998-03-09,995.524
1998-03-10,966.111
1998-03-11,722.539
1998-03-12,685.162
1998-03-13,757.084
1998-03-16,410.46
1998-03-17,460.5
1998-03-18,-81.866
1998-03-19,-67.723
1998-03-20,155.169
1998-03-23,201.749
1998-03-24,161.171
1998-03-25,303.954
1998-03-26,301.995
1998-03-27,313.909
1998-03-30,207.992
1998-03-31,496.236
1998-04-01,479.17
1998-04-02,431.797
1998-04-03,88.502
1998-04-06,190.095
1998-04-07,340.474
1998-04-08,199.031
1998-04-09,-77.433
1998-04-14,-151.52
1998-04-15,-139.18
1998-04-16,-170.495
1998-04-17,-150.177
1998-04-20,-45.954
1998-04-21,64.801
1998-04-22,226.274
1998-04-23,328.639
1998-04-24,274.527
1998-04-27,60.599
1998-04-28,161.78
1998-04-29,397.153
1998-04-30,607.584
1998-05-01,683.198
1998-05-04,435.811
1998-05-05,457.136
1998-05-07,718.78
1998-05-08,846.794
1998-05-11,573.754
1998-05-13,245.961
1998-05-14,204.415
1998-05-15,26.423
1998-05-18,-47.542
1998-05-20,151.595
1998-05-21,258.638
1998-05-22,302.013
1998-05-25,73.129
1998-05-26,53.547
1998-05-27,192.506
1998-05-28,205.78
1998-05-29,379.027
1998-06-02,407.175
1998-06-03,447.522
1998-06-04,124.423
1998-06-05,282.167
1998-06-08,531.175
1998-06-09,430.353
1998-06-10,176.662
1998-06-11,147.041
1998-06-12,140.799
1998-06-15,218.261
1998-06-16,216.473
1998-06-17,-21.065
1998-06-18,-37.309
1998-06-19,-25.852
1998-06-22,286.419
1998-06-23,263.169
1998-06-24,467.273
1998-06-25,431.48
1998-06-26,447.962
1998-06-29,650.951
1998-06-30,956.473
1998-07-01,955.295
1998-07-02,1017.102
1998-07-03,746.846
1998-07-06,705.688
1998-07-07,1086.866
1998-07-08,1122.243
1998-07-09,1258.39
1998-07-10,1249.9
1998-07-13,1275.266
1998-07-14,1467.089
1998-07-16,-226.025
1998-07-17,-202.301
1998-07-20,-24.705
1998-07-21,-30.443
1998-07-22,-125.565
1998-07-23,-149.408
1998-07-24,-144.653
1998-07-27,-130.444
1998-07-28,-155.278
1998-07-29,-10.985
1998-07-30,5.394
1998-07-31,425.972
1998-08-03,433.072
1998-08-04,-35.439
1998-08-05,163.005
1998-08-06,282.091
1998-08-07,376.491
1998-08-10,550.444
1998-08-11,475.818
1998-08-12,223.509
1998-08-13,298.829
1998-08-14,277.633
1998-08-18,-135.371
1998-08-19,-70.218
1998-08-20,-66.003
1998-08-21,102.13
1998-08-24,149.795
1998-08-25,115.858
1998-08-26,333.537
1998-08-27,340.381
1998-08-28,341.524
1998-08-31,457.513
1998-09-01,485.569
1998-09-02,625.029
1998-09-03,614.02
1998-09-04,249.046
1998-09-07,413.256
1998-09-08,546.716
1998-09-09,260.582
1998-09-10,279.539
1998-09-11,274.323
1998-09-14,73.474
1998-09-15,76.13
1998-09-16,-206.04
1998-09-17,-239.587
1998-09-21,-62.786
1998-09-22,-140.502
1998-09-23,-0.691
1998-09-24,-3.475
1998-09-25,-2.366
1998-09-28,-200.761
1998-09-29,-248.863
1998-09-30,203.718
1998-10-01,123.363
1998-10-02,-105.504
1998-10-05,16.69
1998-10-06,42.383
1998-10-07,273.128
1998-10-08,443.11
1998-10-09,478.104
1998-10-12,441.742
1998-10-13,520.594
1998-10-14,117.488
1998-10-15,-136.57
1998-10-16,-116.57
1998-10-19,-67.143
1998-10-20,16.162
1998-10-21,306.682
1998-10-22,200.856
1998-10-23,-65.181
1998-10-27,-145.117
1998-10-28,40.132
1998-10-29,-135.072
1998-10-30,183.477
1998-11-02,219.131
1998-11-03,312.417
1998-11-04,86.035
1998-11-05,242.674
1998-11-06,343.731
1998-11-09,882.086
1998-11-10,764.943
1998-11-11,341.58
1998-11-12,276.648
1998-11-13,317.9
1998-11-16,126.418
1998-11-17,176.092
1998-11-18,210.424
1998-11-19,203.634
1998-11-20,171.761
1998-11-23,143.173
1998-11-24,265.155
1998-11-25,388.359
1998-11-26,387.005
1998-11-27,397.758
1998-11-30,665.26
1998-12-01,732.001
1998-12-03,931.109
1998-12-04,561.795
1998-12-07,545.588
1998-12-08,703.445
1998-12-09,350.778
1998-12-10,286.233
1998-12-11,259.518
1998-12-14,270.643
1998-12-15,490.593
1998-12-16,204.81
1998-12-17,184.068
1998-12-18,191.775
1998-12-21,409.819
1998-12-22,470.061
1998-12-23,626.877
1998-12-31,267.408
1999-01-05,-214.924
1999-01-06,-6.485
1999-01-07,64.879
1999-01-08,72.433
1999-01-11,80.491
1999-01-12,42.512
1999-01-13,-72.109
1999-01-14,4.276
1999-01-15,306.087
1999-01-18,375.368
1999-01-19,485.529
1999-01-20,912.152
1999-01-21,837.776
1999-01-22,906.838
1999-01-25,865.436
1999-01-26,770.412
1999-01-28,1048.39
1999-01-29,1336.073
1999-02-01,890.179
1999-02-02,910.685
1999-02-03,1124.471
1999-02-04,690.154
1999-02-05,825.596
1999-02-08,1059.991
1999-02-09,1082.41
1999-02-10,776.051
1999-02-11,770.597
1999-02-12,694.867
1999-02-15,279.12
1999-02-16,344.916
1999-02-19,424.721
1999-02-22,657.395
1999-02-23,556.808
1999-02-24,710.921
1999-02-25,739.591
1999-02-26,972.412
1999-03-01,675.191
1999-03-02,618.114
1999-03-03,829.039
1999-03-04,388.82
1999-03-05,492.62
1999-03-08,979.747
1999-03-09,1003.494
1999-03-10,705.967
1999-03-11,693.632
1999-03-12,685.856
1999-03-15,459.268
1999-03-16,637.355
1999-03-17,211.27
1999-03-18,214.228
1999-03-19,194.541
1999-03-22,400.596
1999-03-23,411.27
1999-03-24,588.239
1999-03-29,280.225
1999-03-30,201.556
1999-03-31,579.654
1999-04-01,-148.066
1999-04-06,49.457
1999-04-08,907.616
1999-04-09,1014.772
1999-04-12,919.291
1999-04-13,1160.297
1999-04-14,1009.366
1999-04-15,861.11
1999-04-18,812.4
1999-04-19,845.184
1999-04-20,1105.53
1999-04-21,1275.68
1999-04-22,1341.76
1999-04-23,1385.968
1999-04-26,1135.989
1999-04-27,1061.818
1999-04-28,1278.087
1999-04-29,1285.685
1999-04-30,1556.215
1999-05-03,1555.845
1999-05-04,1203.259
1999-05-05,1386.16
1999-05-06,1486.011
1999-05-07,1501.859
1999-05-10,1309.395
1999-05-11,1538.009
1999-05-12,991.111
1999-05-13,984.289
1999-05-14,2457.279
1999-05-17,2261.729
1999-05-18,2250.853
1999-05-19,2433.564
1999-05-20,2759.398
1999-05-21,3058.592
1999-05-24,2853.782
1999-05-25,2761.209
1999-05-26,2941.067
1999-05-27,2876.358
1999-05-28,2950.727
1999-05-31,3390.656
1999-06-01,3042.308
1999-06-02,3199.219
1999-06-03,3092.25
1999-06-07,2481.118
1999-06-08,2593.763
1999-06-09,2351.003
1999-06-10,2360.81
1999-06-11,2339.336
1999-06-14,2274.102
1999-06-15,2176.229
1999-06-16,1643.293
1999-06-17,1618.784
1999-06-18,1535.856
1999-06-21,1959.445
1999-06-22,2077.675
1999-06-23,2287.982
1999-06-24,2214.205
1999-06-25,2183.931
1999-06-28,2166.442
1999-06-29,2315.751
1999-06-30,2880.976
1999-07-01,2198.99
1999-07-02,1815.591
1999-07-05,1779.106
1999-07-06,1837.636
1999-07-07,2552.656
1999-07-08,2840.763
1999-07-09,2842.368
1999-07-12,2780.279
1999-07-13,2887.551
1999-07-14,2361.759
1999-07-15,2159.338
1999-07-16,2145.363
1999-07-19,1931.757
1999-07-20,2260.323
1999-07-21,2696.056
1999-07-22,2654.485
1999-07-23,2623.14
1999-07-26,2551.858
1999-07-27,2465.938
1999-07-28,2711.744
1999-07-29,2719.49
1999-07-30,3022.187
1999-08-02,2684.898
1999-08-03,2578.497
1999-08-04,2311.323
1999-08-05,2538.988
1999-08-06,2506.812
1999-08-09,2498.691
1999-08-10,2548.855
1999-08-11,2019.984
1999-08-12,1978.985
1999-08-13,1945.305
1999-08-16,1296.221
1999-08-17,1441.518
1999-08-18,1635.337
1999-08-19,1584.904
1999-08-20,2080.297
1999-08-23,2250.362
1999-08-24,2214.021
1999-08-26,2344.878
1999-08-27,2339.441
1999-08-30,2156.962
1999-08-31,2441.888
1999-09-01,2560.26
1999-09-02,2630.09
1999-09-06,2350.191
1999-09-07,2313.014
1999-09-08,2660.916
1999-09-09,2625.786
1999-09-10,2522.041
1999-09-13,2318.452
1999-09-15,1522.159
1999-09-16,1574.087
1999-09-17,1622.895
1999-09-20,1995.602
1999-09-21,2150.67
1999-09-22,1718.783
1999-09-23,1663.513
1999-09-24,1675.828
1999-09-27,1420.166
1999-09-28,1570.433
1999-09-29,1734.943
1999-09-30,2038.662
1999-10-01,1576.133
1999-10-04,1210.635
1999-10-05,1235.122
1999-10-06,1499.783
1999-10-07,1595.556
1999-10-08,1734.206
1999-10-11,1503.084
1999-10-12,1387.669
1999-10-13,880.892
1999-10-14,803.115
1999-10-15,553.921
1999-10-20,1105.866
1999-10-21,1398.54
1999-10-22,1003.375
1999-10-26,810.25
1999-10-27,980.536
1999-10-28,1048.385
1999-10-29,1611.374
1999-11-02,1901.368
1999-11-03,2085.81
1999-11-04,1694.492
1999-11-05,1855.559
1999-11-08,2303.711
1999-11-09,2535.574
1999-11-10,2171.052
1999-11-11,2067.594
1999-11-12,1967.416
1999-11-15,1755.24
1999-11-16,1698.038
1999-11-17,1853.293
1999-11-18,1834.584
1999-11-19,1900.41
1999-11-22,2238.165
1999-11-23,2265.525
1999-11-24,2443.252
1999-11-25,2426.806
1999-11-26,2416.196
1999-11-29,2506.594
1999-11-30,2753.688
1999-12-01,2747.029
1999-12-06,2346.978
1999-12-07,2354.094
1999-12-08,2745.058
1999-12-09,2673.76
1999-12-10,2634.534
1999-12-13,2565.163
1999-12-14,2447.075
1999-12-15,1931.833
1999-12-16,1907.117
1999-12-17,1917.961
1999-12-20,2119.674
1999-12-21,2321.84
1999-12-22,1918.889
1999-12-23,1849.115
1999-12-24,1772.288
1999-12-29,1514.433
1999-12-30,1214.077
1999-12-31,1229.715
2000-01-05,869.852
2000-01-06,838.588
2000-01-07,871.98
2000-01-10,879.821
2000-01-11,821.178
2000-01-12,330.139
2000-01-13,347.127
2000-01-14,604.408
2000-01-17,1080.693
2000-01-18,1092.493
2000-01-19,1323.627
2000-01-21,1987.505
2000-01-25,1958.8
2000-01-26,2133.922
2000-01-27,1925.444
2000-01-28,1849.049
2000-01-31,1764.656
2000-02-01,1482.638
2000-02-02,1782.217
2000-02-03,1682.485
2000-02-04,1061.686
2000-02-07,1375.9
2000-02-08,1497.538
2000-02-09,1424.09
2000-02-10,1397.731
2000-02-11,1409.632
2000-02-16,-176.729
2000-02-18,-260.754
2000-02-21,306.768
2000-02-22,363.37
2000-02-23,558.779
2000-02-24,552.215
2000-02-25,631.707
2000-02-28,434.498
2000-02-29,737.094
2000-03-01,725.412
2000-03-02,797.171
2000-03-03,395.455
2000-03-06,596.27
2000-03-07,1210.196
2000-03-08,1104.824
2000-03-09,1236.804
2000-03-10,1203.503
2000-03-13,910.648
2000-03-14,1000.187
2000-03-15,985.539
2000-03-16,945.992
2000-03-17,969.987
2000-03-21,1134.778
2000-03-22,829.119
2000-03-23,812.192
2000-03-24,781.677
2000-03-27,520.292
2000-03-28,430.382
2000-03-29,630.545
2000-03-30,602.448
2000-03-31,881.146
2000-04-03,424.539
2000-04-04,252.645
2000-04-05,523.36
2000-04-06,650.38
2000-04-07,937.334
2000-04-10,1119.511
2000-04-11,1052.302
2000-04-12,737.203
2000-04-13,667.34
2000-04-14,641.051
2000-04-17,413.362
2000-04-18,357.817
2000-04-19,361.272
2000-04-20,729.809
2000-04-26,1098.956
2000-04-27,1311.8
2000-04-28,1663.33
2000-05-01,1841.873
2000-05-02,1860.152
2000-05-03,1958.473
2000-05-04,1546.032
2000-05-05,1711.603
2000-05-08,1582.038
2000-05-09,1588.984
2000-05-10,1176.607
2000-05-11,1143.626
2000-05-12,1131.536
2000-05-15,888.391
2000-05-16,782.38
2000-05-17,941.774
2000-05-18,951.298
2000-05-19,1017.458
2000-05-22,1244.06
2000-05-23,1265.743
2000-05-24,1466.986
2000-05-25,1381.496
2000-05-29,1459.393
2000-05-30,1745.926
2000-05-31,1987.512
2000-06-01,1832.502
2000-06-02,1264.831
2000-06-06,1175.036
2000-06-07,816.857
2000-06-08,933.919
2000-06-09,938.067
2000-06-12,877.555
2000-06-13,789.422
2000-06-14,924.089
2000-06-15,886.607
2000-06-16,877.583
2000-06-19,658.513
2000-06-20,1127.91
2000-06-21,804.752
2000-06-22,871.634
2000-06-23,863.763
2000-06-26,761.804
2000-06-27,878.599
2000-06-28,1111.354
2000-06-29,1107.988
2000-06-30,1327.376
2000-07-03,747.723
2000-07-04,249.77
2000-07-05,573.73
2000-07-06,642.072
2000-07-07,1133.51
2000-07-10,1500.833
2000-07-11,1560.504
2000-07-12,1090.001
2000-07-13,1042.225
2000-07-14,1001.607
2000-07-17,484.211
2000-07-18,377.049
2000-07-19,499.238
2000-07-20,938.701
2000-07-21,1201.644
2000-07-24,993.964
2000-07-25,934.289
2000-07-26,1082.56
2000-07-27,1057.735
2000-07-28,1091.111
2000-07-31,1192.2
2000-08-01,956.165
2000-08-02,1154.983
2000-08-03,1134.69
2000-08-07,1004.089
2000-08-08,1178.816
2000-08-09,648.03
2000-08-10,596.203
2000-08-11,573.459
2000-08-14,293.154
2000-08-15,218.881
2000-08-16,397.056
2000-08-17,334.184
2000-08-18,277.857
2000-08-21,851.916
2000-08-22,869.452
2000-08-23,1035.692
2000-08-24,1012.866
2000-08-25,1166.245
2000-08-28,921.652
2000-08-29,841.874
2000-08-30,1022.413
2000-08-31,1365.328
2000-09-01,1352.736
2000-09-04,1024.028
2000-09-05,1148.506
2000-09-06,1323.54
2000-09-07,1374.564
2000-09-08,1486.739
2000-09-11,1228.177
2000-09-12,1326.998
2000-09-13,784.478
2000-09-14,644.848
2000-09-15,390.537
2000-09-18,233.582
2000-09-19,290.384
2000-09-20,200.699
2000-09-21,483.945
2000-09-22,520.466
2000-09-25,274.611
2000-09-26,205.321
2000-09-27,395.597
2000-09-28,416.938
2000-09-29,669.601
2000-10-02,306.382
2000-10-03,223.234
2000-10-04,-16.051
2000-10-05,95.376
2000-10-06,190.232
2000-10-09,108.079
2000-10-10,141.645
2000-10-11,-312.161
2000-10-12,-400.286
2000-10-13,-354.606
2000-10-16,-504.177
2000-10-17,-344.013
2000-10-18,-165.902
2000-10-19,-127.874
2000-10-20,264.038
2000-10-24,420.689
2000-10-25,609.858
2000-10-26,620.478
2000-10-27,623.131
2000-10-30,740.529
2000-10-31,1147.462
2000-11-01,1277.579
2000-11-02,1425.215
2000-11-03,1159.644
2000-11-06,1125.349
2000-11-07,1543.386
2000-11-08,1696.545
2000-11-09,1763.416
2000-11-10,1757.877
2000-11-13,1665.235
2000-11-14,1856.959
2000-11-15,1971.069
2000-11-16,1951.216
2000-11-17,2169.564
2000-11-20,2444.288
2000-11-21,2633.179
2000-11-22,2840.492
2000-11-23,2828.965
2000-11-24,2799.53
2000-11-27,2753.411
2000-11-28,2542.32
2000-11-29,2735.64
2000-11-30,3158.079
2000-12-01,2941.288
2000-12-04,2346.651
2000-12-05,2374.45
2000-12-06,2644.944
2000-12-07,2748.727
2000-12-08,2748.052
2000-12-11,2704.631
2000-12-15,2300.132
2000-12-18,1883.616
2000-12-19,1763.501
2000-12-20,1855.703
2000-12-21,2112.588
2000-12-22,1963.148
2000-12-27,1938.45
2000-12-28,1897.355
2000-12-29,1886.921
2001-01-04,1079.236
2001-01-05,1035.544
2001-01-09,933.881
2001-01-10,433.991
2001-01-11,425.183
2001-01-12,458.829
2001-01-15,843.934
2001-01-16,1114.453
2001-01-17,1207.529
2001-01-18,1047.401
2001-01-19,1136.888
2001-01-23,1407.896
2001-01-24,1613.256
2001-01-25,1701.268
2001-01-26,1699.495
2001-01-29,1251.858
2001-01-31,2009.526
2001-02-08,2213.721
2001-02-09,2142.173
2001-02-12,1874.195
2001-02-13,1651.634
2001-02-14,1023.778
2001-02-15,-1100.958
2001-02-16,-1140.664
2001-02-19,-1136.145
2001-02-20,-526.775
2001-02-21,-219.114
2001-02-22,-99.542
2001-02-23,-94.455
2001-02-26,-343.029
2001-02-27,-423.248
2001-02-28,176.047
2001-03-01,11.992
2001-03-02,124.664
2001-03-05,-139.631
2001-03-06,-173.959
2001-03-08,908.534
2001-03-09,983.825
2001-03-12,709.734
2001-03-13,1227.336
2001-03-14,713.795
2001-03-15,521.826
2001-03-16,501.298
2001-03-19,488.479
2001-03-20,856.768
2001-03-21,669.452
2001-03-22,723.123
2001-03-23,693.243
2001-03-26,461.578
2001-03-27,169.808
2001-03-28,363.748
2001-03-29,397.029
2001-03-30,664.258
2001-04-02,360.972
2001-04-03,288.626
2001-04-04,200.491
2001-04-05,367.786
2001-04-06,547.891
2001-04-09,863.026
2001-04-10,1376.236
2001-04-11,989.864
2001-04-12,827.002
2001-04-19,662.688
2001-04-20,1213.223
2001-04-23,1157.695
2001-04-25,1255.384
2001-04-26,1518.729
2001-04-27,1520.902
2001-04-30,1995.748
2001-05-01,1923.049
2001-05-02,2232.079
2001-05-03,2216.147
2001-05-04,1938.208
2001-05-07,1918.825
2001-05-09,1719.573
2001-05-10,1660.959
2001-05-11,1608.916
2001-05-15,1133.134
2001-05-16,1272.706
2001-05-17,1250.14
2001-05-18,1250.128
2001-05-21,1592.691
2001-05-22,1644.872
2001-05-23,1845.986
2001-05-24,1819.88
2001-05-25,1799.626
2001-05-28,1764.258
2001-05-29,1653.079
2001-05-30,1857.89
2001-05-31,2225.83
2001-06-05,1500.09
2001-06-06,2045.059
2001-06-07,2221.686
2001-06-08,2389.022
2001-06-11,2334.391
2001-06-12,2201.973
2001-06-13,1615.86
2001-06-14,1581.828
2001-06-15,1621.498
2001-06-18,1350.601
2001-06-19,1245.312
2001-06-21,1583.139
2001-06-22,1741.141
2001-06-25,1735.631
2001-06-26,1868.46
2001-06-27,2054.047
2001-06-28,1974.026
2001-06-29,2248.961
2001-07-02,1611.713
2001-07-03,1522.896
2001-07-04,1288.822
2001-07-05,1438.304
2001-07-06,1559.491
2001-07-09,2080.784
2001-07-10,2188.284
2001-07-11,1668.756
2001-07-13,1537.399
2001-07-16,1127.423
2001-07-17,1006.237
2001-07-18,1199.281
2001-07-19,1177.658
2001-07-20,1810.753
2001-07-23,1975.48
2001-07-24,2217.819
2001-07-25,2379.714
2001-07-26,2342.595
2001-07-27,2323.416
2001-07-30,2166.487
2001-07-31,2350.392
2001-08-01,2402.288
2001-08-02,2479.78
2001-08-03,2108.987
2001-08-06,2424.05
2001-08-07,2451.918
2001-08-08,2734.002
2001-08-09,2723.808
2001-08-13,2364.304
2001-08-14,2275.595
2001-08-15,1623.333
2001-08-16,1567.608
2001-08-17,1564.433
2001-08-20,2205.4
2001-08-21,2310.775
2001-08-22,2564.897
2001-08-23,2543.617
2001-08-24,2490.063
2001-08-27,2234.203
2001-08-28,2371.925
2001-08-29,2556.378
2001-08-30,2620.614
2001-08-31,3025.778
2001-09-03,3088.804
2001-09-04,2665.553
2001-09-05,3048.848
2001-09-06,3054.131
2001-09-07,3094.932
2001-09-10,2925.744
2001-09-11,2750.006
2001-09-13,2190.192
2001-09-14,2177.372
2001-09-17,1908.761
2001-09-18,1685.768
2001-09-19,1210.923
2001-09-20,1769.854
2001-09-21,2066.145
2001-09-24,1870.661
2001-09-25,2010.32
2001-09-26,2156.875
2001-09-27,2166.018
2001-09-28,2459.751
2001-10-01,2115.372
2001-10-02,1945.873
2001-10-03,2104.879
2001-10-04,1627.237
2001-10-05,1787.323
2001-10-08,1789.394
2001-10-09,1854.806
2001-10-10,1435.044
2001-10-11,1400.601
2001-10-12,1278.755
2001-10-15,741.683
2001-10-16,628.74
2001-10-17,797.406
2001-10-18,764.434
2001-10-19,821.686
2001-10-23,1370.237
2001-10-24,1926.008
2001-10-25,1955.999
2001-10-26,2086.498
2001-10-29,1690.622
2001-10-30,1607.369
2001-10-31,2248.441
2001-11-01,2174.428
2001-11-02,1943.619
2001-11-05,1988.862
2001-11-06,1863.31
2001-11-07,2544.915
2001-11-08,2964.85
2001-11-09,3109.318
2001-11-12,3052.565
2001-11-13,2789.136
2001-11-14,2226.704
2001-11-15,1834.094
2001-11-16,1780.738
2001-11-19,1544.211
2001-11-20,2106.051
2001-11-21,2597.091
2001-11-22,2641.328
2001-11-23,2622.509
2001-11-26,2574.26
2001-11-27,2764.01
2001-11-28,2926.082
2001-11-29,2976.649
2001-11-30,3208.068
2001-12-03,2777.55
2001-12-04,2229.828
2001-12-05,2742.204
2001-12-06,2821.332
2001-12-07,2895.695
2001-12-10,3027.162
2001-12-11,2922.064
2001-12-12,2352.991
2001-12-13,2206.271
2001-12-14,2054.909
2001-12-17,1796.487
2001-12-18,1940.311
2001-12-19,1464.576
2001-12-20,2010.019
2001-12-21,2392.898
2001-12-24,2255.732
2001-12-27,2153.579
2001-12-28,2063.996
2001-12-31,2049.32
2002-01-03,1557.595
2002-01-04,1377.676
2002-01-07,1322.189
2002-01-08,1239.156
2002-01-09,808.892
2002-01-10,809.304
2002-01-11,761.584
2002-01-14,604.353
2002-01-15,983.094
2002-01-16,1534.054
2002-01-17,1610.769
2002-01-23,2071.895
2002-01-24,2088.543
2002-01-25,2063.209
2002-01-28,1816.727
2002-01-29,2036.971
2002-01-30,2270.83
2002-01-31,2651.309
2002-02-01,2492.702
2002-02-04,2163.87
2002-02-05,2272.393
2002-02-07,2766.018
2002-02-08,3005.415
2002-02-11,2862.424
2002-02-12,2655.609
2002-02-13,1989.634
2002-02-14,1956.677
2002-02-15,1594.304
2002-02-18,1537.9
2002-02-19,1454.527
2002-02-20,2166.847
2002-02-21,2236.146
2002-02-22,2310.455
2002-02-25,2080.473
2002-02-26,2540.991
2002-02-27,2791.266
2002-02-28,2957.942
2002-03-01,2752.644
2002-03-04,2514.726
2002-03-05,2616.074
2002-03-06,2899.46
2002-03-07,3406.119
2002-03-08,3821.39
2002-03-11,3764.397
2002-03-12,3572.744
2002-03-13,2935.78
2002-03-14,2866.548
2002-03-15,478.548
2002-03-18,394.333
2002-03-19,275.644
2002-03-20,313.11
2002-03-21,460.243
2002-03-22,481.698
2002-03-25,283.775
2002-03-26,721.483
2002-03-27,1105.038
2002-03-28,1523.207
2002-04-02,1093.358
2002-04-03,1324.661
2002-04-04,1102.695
2002-04-05,1371.251
2002-04-08,1805.531
2002-04-09,1939.561
2002-04-10,1611.56
2002-04-11,1605.337
2002-04-12,1548.563
2002-04-15,1053.94
2002-04-16,1279.113
2002-04-17,1260.787
2002-04-18,1234.153
2002-04-19,1353.618
2002-04-22,1996.16
2002-04-23,1954.723
2002-04-24,2190.904
2002-04-26,2175.32
2002-04-29,2219.537
2002-04-30,2597.681
2002-05-01,2785.797
2002-05-02,2938.682
2002-05-03,2640.432
2002-05-06,2545.059
2002-05-07,2961.547
2002-05-08,3187.592
2002-05-09,3176.18
2002-05-10,3129.726
2002-05-13,3014.531
2002-05-14,2867.603
2002-05-15,2122.554
2002-05-16,1942.034
2002-05-20,2302.861
2002-05-21,2612.353
2002-05-22,2846.685
2002-05-23,2823.823
2002-05-24,2790.715
2002-05-27,2748.744
2002-05-28,2699.795
2002-05-29,2868.9
2002-05-30,2889.968
2002-05-31,3098.543
2002-06-04,2401.994
2002-06-05,3158.737
2002-06-06,3232.086
2002-06-07,3406.661
2002-06-10,3610.414
2002-06-11,3507.22
2002-06-12,2925.837
2002-06-13,2832.353
2002-06-14,2723.141
2002-06-17,2455.866
2002-06-18,2283.955
2002-06-19,1844.525
2002-06-20,2362.836
2002-06-21,2353.369
2002-06-24,2475.038
2002-06-25,2385.252
2002-06-26,2455.358
2002-06-27,2445.192
2002-06-28,2945.86
2002-07-01,2239.138
2002-07-02,2086.887
2002-07-03,2275.652
2002-07-04,1956.03
2002-07-05,2103.697
2002-07-08,2805.933
2002-07-09,2984.349
2002-07-10,2579.291
2002-07-11,2518.126
2002-07-12,2378.988
2002-07-15,1752.314
2002-07-16,1841.419
2002-07-17,1963.13
2002-07-18,1912.242
2002-07-19,1858.743
2002-07-22,2453.457
2002-07-23,2434.672
2002-07-24,2625.258
2002-07-25,2601.752
2002-07-26,2473.589
2002-07-29,2122.081
2002-07-30,1944.88
2002-07-31,2567.442
2002-08-01,2460.157
2002-08-02,2141.459
2002-08-05,2349.298
2002-08-06,2150.992
2002-08-07,2527.202
2002-08-08,2587.146
2002-08-09,2599.875
2002-08-12,2306.992
2002-08-13,2068.352
2002-08-14,1540.267
2002-08-15,1319.176
2002-08-16,1196.007
2002-08-19,1241.84
2002-08-20,1976.989
2002-08-21,2430.658
2002-08-22,2469.579
2002-08-23,2463.654
2002-08-26,2216.386
2002-08-27,2067.586
2002-08-28,2230.443
2002-08-29,2278.236
2002-08-30,2968.151
2002-09-02,3098.597
2002-09-03,3059.759
2002-09-04,2857.155
2002-09-05,3057.819
2002-09-06,3113.681
2002-09-09,2989.359
2002-09-10,2862.859
2002-09-11,2367.466
2002-09-12,2332.428
2002-09-13,2188.701
2002-09-16,2096.542
2002-09-17,1963.438
2002-09-18,1457.231
2002-09-19,1459.509
2002-09-20,2088.955
2002-09-23,2208.771
2002-09-24,2372.775
2002-09-25,2529.349
2002-09-26,2523.356
2002-09-27,2525.267
2002-09-30,2876.497
2002-10-01,2339.072
2002-10-02,2625.174
2002-10-03,2716.504
2002-10-04,2393.115
2002-10-07,2517.775
2002-10-08,2633.506
2002-10-09,2364.314
2002-10-10,2342.258
2002-10-11,2299.815
2002-10-14,2237.544
2002-10-15,1628.945
2002-10-16,1983.597
2002-10-17,1984.4
2002-10-18,2259.438
2002-10-21,2838.674
2002-10-22,2907.004
2002-10-23,3067.059
2002-10-24,3045.236
2002-10-25,2992.453
2002-10-29,3024.61
2002-10-30,3651.506
2002-10-31,4101.24
2002-11-01,4124.416
2002-11-04,3646.115
2002-11-05,3765.03
2002-11-06,4090.092
2002-11-07,4708.351
2002-11-08,5244.665
2002-11-11,5328.368
2002-11-13,4704.226
2002-11-14,4651.589
2002-11-15,4221.503
2002-11-18,3960.655
2002-11-19,3906.601
2002-11-20,4700.621
2002-11-21,4917.035
2002-11-22,4947.632
2002-11-25,4895.887
2002-11-26,5013.718
2002-11-27,5181.88
2002-11-28,5185.143
2002-11-29,5496.334
2002-12-02,5144.892
2002-12-03,4884.348
2002-12-04,4711.72
2002-12-05,4912.745
2002-12-06,4925.498
2002-12-09,4933.096
2002-12-10,4918.809
2002-12-11,4393.462
2002-12-12,4255.348
2002-12-13,3900.168
2002-12-16,3522.567
2002-12-17,3431.884
2002-12-18,2928.198
2002-12-19,2831.201
2002-12-20,3598.952
2002-12-23,3709.695
2002-12-24,3906.855
2002-12-27,3732.267
2002-12-30,3600.229
2002-12-31,3810.187
2003-01-03,2847.554
2003-01-06,2836.652
2003-01-07,2779.767
2003-01-08,2454.895
2003-01-09,2435.022
2003-01-10,2376.036
2003-01-13,2161.293
2003-01-14,2094.256
2003-01-15,2799.325
2003-01-16,3307.297
2003-01-20,4060.299
2003-01-21,4185.726
2003-01-22,4599.782
2003-01-23,4583.681
2003-01-24,4536.575
2003-01-27,4272.789
2003-01-28,4158.166
2003-01-29,4336.619
2003-01-30,4282.208
2003-01-31,4688.659
2003-02-03,4582.294
2003-02-04,4125.278
2003-02-06,4580.329
2003-02-07,4908.597
2003-02-10,5052.727
2003-02-11,4857.093
2003-02-12,4312.639
2003-02-13,4271.221
2003-02-14,4057.071
2003-02-17,3786.743
2003-02-18,3843.75
2003-02-19,4059.578
2003-02-20,4570.269
2003-02-21,4647.305
2003-02-24,4511.657
2003-02-25,4388.665
2003-02-26,4588.947
2003-02-27,4601.288
2003-02-28,5038.058
2003-03-03,5066.282
2003-03-04,4663.38
2003-03-05,5054.066
2003-03-06,5378.686
2003-03-07,5955.211
2003-03-10,6441.53
2003-03-13,5764.613
2003-03-14,5652.935
2003-03-17,5588.17
2003-03-18,5870.714
2003-03-19,5122.428
2003-03-20,5587.694
2003-03-21,5523.727
2003-03-24,5278.298
2003-03-25,5120.101
2003-03-26,5318.044
2003-03-27,5290.522
2003-03-28,5268.344
2003-03-31,5757.282
2003-04-01,5137.017
2003-04-02,5479.743
2003-04-03,5482.606
2003-04-04,5263.031
2003-04-07,5681.002
2003-04-08,5880.145
2003-04-09,5598.75
2003-04-10,5586.873
2003-04-11,5553.388
2003-04-14,5463.181
2003-04-15,2282.087
2003-04-16,2442.811
2003-04-17,2213.09
2003-04-22,2809.774
2003-04-23,3244.855
2003-04-24,3261.21
2003-04-28,3306.271
2003-04-29,3311.192
2003-04-30,4008.313
2003-05-01,4038.022
2003-05-02,3767.283
2003-05-05,3663.114
2003-05-06,3569.699
2003-05-07,3827.58
2003-05-08,3885.055
2003-05-09,3912.631
2003-05-12,3805.857
2003-05-13,3614.369
2003-05-14,3055.479
2003-05-15,2609.504
2003-05-16,2547.874
2003-05-19,2357.716
2003-05-20,2867.31
2003-05-21,3095.835
2003-05-22,3214.607
2003-05-23,3201.204
2003-05-26,3157.08
2003-05-27,3028.963
2003-05-28,3347.097
2003-05-29,3368.9
2003-05-30,3541.47
2003-06-03,3400.673
2003-06-04,3230.843
2003-06-05,3425.441
2003-06-06,3507.481
2003-06-09,3690.596
2003-06-10,3718.662
2003-06-11,3194.779
2003-06-12,3156.3
2003-06-13,2960.384
2003-06-16,2682.942
2003-06-17,2404.942
2003-06-18,1877.522
2003-06-19,1914.133
2003-06-20,2409.422
2003-06-23,2679.268
2003-06-24,2855.496
2003-06-25,3007.278
2003-06-26,2977.063
2003-06-27,2861.256
2003-06-30,3142.296
2003-07-01,2363.701
2003-07-02,2680.076
2003-07-03,2669.65
2003-07-04,2276.241
2003-07-07,3099.387
2003-07-08,3490.842
2003-07-09,3193.665
2003-07-10,3135.211
2003-07-11,3146.87
2003-07-14,2897.259
2003-07-15,2871.568
2003-07-16,3031.018
2003-07-17,2962.788
2003-07-21,3732.84
2003-07-22,3631.299
2003-07-23,3883.247
2003-07-24,3818.259
2003-07-25,3788.994
2003-07-28,3513.346
2003-07-29,3333.456
2003-07-30,3498.431
2003-07-31,3915.158
2003-08-01,3629.988
2003-08-04,3266.726
2003-08-05,3440.497
2003-08-06,3678.795
2003-08-07,3884.292
2003-08-08,3959.689
2003-08-11,3828.69
2003-08-12,3540.259
2003-08-13,3232.12
2003-08-14,3199.752
2003-08-15,2735.936
2003-08-18,2926.819
2003-08-19,3049.219
2003-08-20,3726.686
2003-08-21,4008.39
2003-08-22,4158.889
2003-08-25,3899.292
2003-08-26,3763.485
2003-08-27,3941.286
2003-08-28,3933.953
2003-08-29,4373.851
2003-09-01,4379.324
2003-09-02,4387.386
2003-09-03,4551.902
2003-09-04,3997.338
2003-09-08,4029.74
2003-09-09,3954.54
2003-09-10,3587.527
2003-09-11,3572.114
2003-09-12,3615.464
2003-09-15,3396.662
2003-09-16,3286.909
2003-09-17,2703.959
2003-09-18,2694.512
2003-09-19,2914.647
2003-09-22,3248.291
2003-09-23,3498.656
2003-09-24,3663.077
2003-09-25,3690.769
2003-09-26,3647.779
2003-09-29,3633.987
2003-09-30,3898.982
2003-10-01,3467.42
2003-10-02,3323.35
2003-10-03,2772.347
2003-10-06,2857.392
2003-10-07,2907.145
2003-10-08,2850.995
2003-10-09,2884.338
2003-10-10,2670.759
2003-10-13,2647.844
2003-10-14,2799.127
2003-10-15,2264.371
2003-10-16,2237.357
2003-10-17,2342.672
2003-10-20,3066.994
2003-10-21,3252.86
2003-10-22,3441.575
2003-10-23,3355.76
2003-10-24,3384.88
2003-10-28,3247.391
2003-10-29,3408.24
2003-10-30,3401.466
2003-10-31,4061.432
2003-11-03,3828.372
2003-11-05,3895.437
2003-11-06,4032.495
2003-11-07,4685.732
2003-11-10,5244.325
2003-11-11,5176.468
2003-11-12,4568.256
2003-11-13,4549.06
2003-11-14,4354.317
2003-11-17,3783.057
2003-11-18,4231.665
2003-11-19,4500.953
2003-11-20,5220.381
2003-11-21,5506.75
2003-11-24,5451.606
2003-11-25,4725.038
2003-11-26,4949.091
2003-11-27,4971.687
2003-11-28,5361.991
2003-12-02,4718.809
2003-12-03,4927.088
2003-12-04,4480.073
2003-12-05,4809.146
2003-12-08,5054.478
2003-12-09,5015.323
2003-12-10,4565.132
2003-12-11,4441.731
2003-12-12,4339.94
2003-12-15,4047.689
2003-12-16,3978.981
2003-12-17,3456.88
2003-12-18,3410.171
2003-12-19,3847.637
2003-12-22,4427.893
2003-12-23,4372.231
2003-12-24,4584.963
2003-12-29,4331.093
2003-12-30,4348.408
2003-12-31,4144.479
2004-01-05,3507.237
2004-01-06,3410.471
2004-01-07,3612.583
2004-01-08,3567.834
2004-01-09,3446.32
2004-01-12,3000.437
2004-01-13,2790.021
2004-01-14,2394.43
2004-01-15,3059.688
2004-01-16,3525.052
2004-01-19,3645.868
2004-01-20,4243.569
2004-01-21,4642.37
2004-01-22,4766.914
2004-01-23,4841.217
2004-01-26,4565.224
2004-01-27,4359.738
2004-01-28,4542.359
2004-01-29,4489.441
2004-01-30,5075.187
2004-02-02,4835.316
2004-02-03,4754.172
2004-02-04,4536.126
2004-02-05,4798.925
2004-02-09,4987.985
2004-02-10,5167.139
2004-02-11,4651.005
2004-02-12,4589.535
2004-02-13,4427.471
2004-02-16,4145.771
2004-02-17,3922.938
2004-02-18,4075.224
2004-02-19,3973.675
2004-02-20,4560.911
2004-02-23,4533.799
2004-02-24,4451.785
2004-02-25,4632.764
2004-02-26,4634.256
2004-02-27,5014.622
2004-03-01,4900.146
2004-03-02,4826.265
2004-03-03,5013.846
2004-03-04,4686.429
2004-03-05,5291.643
2004-03-08,5855.021
2004-03-09,5993.063
2004-03-10,5506.506
2004-03-11,5509.986
2004-03-12,5469.177
2004-03-15,5139.559
2004-03-16,4991.133
2004-03-17,4467.012
2004-03-18,4457.472
2004-03-19,4631.187
2004-03-22,4965.576
2004-03-23,4886.363
2004-03-24,5143.133
2004-03-25,5077.708
2004-03-26,5060.85
2004-03-29,5079.341
2004-03-30,5013.931
2004-03-31,5778.841
2004-04-01,5214.018
2004-04-02,4879.757
2004-04-05,4888.275
2004-04-06,4673.6
2004-04-07,5333.496
2004-04-12,5582.96
2004-04-13,5569.172
2004-04-14,5037.957
2004-04-15,1494.333
2004-04-16,1459.852
2004-04-19,1289.875
2004-04-20,1557.371
2004-04-21,1848.473
2004-04-22,1853.763
2004-04-23,1871.327
2004-04-26,1745.981
2004-04-27,1618.457
2004-04-28,1814.559
2004-04-29,1848.299
2004-04-30,2565.814
2004-05-03,2210.249
2004-05-04,1636.128
2004-05-05,2115.427
2004-05-06,2121.096
2004-05-07,2360.21
2004-05-10,2383.752
2004-05-11,2243.167
2004-05-12,1723.919
2004-05-13,1521.542
2004-05-14,1078.171
2004-05-17,520.898
2004-05-18,400.719
2004-05-19,674.069
2004-05-20,1196.801
2004-05-21,1328.49
2004-05-24,1317.032
2004-05-26,1195.495
2004-05-27,1183.104
2004-05-28,1257.992
2004-05-31,1554.706
2004-06-01,966.863
2004-06-02,1137.113
2004-06-03,1107.655
2004-06-07,720.438
2004-06-08,1061.009
2004-06-09,767.647
2004-06-10,882.159
2004-06-11,836.775
2004-06-14,540.036
2004-06-15,190.532
2004-06-16,-226.765
2004-06-17,-216.23
2004-06-18,-98.831
2004-06-21,469.268
2004-06-22,576.521
2004-06-23,821.081
2004-06-24,777.822
2004-06-25,737.517
2004-06-28,526.46
2004-06-29,425.552
2004-06-30,1242.466
2004-07-01,612.232
2004-07-02,194.084
2004-07-05,532.562
2004-07-06,646.075
2004-07-07,1467.977
2004-07-08,1980.472
2004-07-09,2160.749
2004-07-12,1859.127
2004-07-13,1614.043
2004-07-14,1156.436
2004-07-15,981.972
2004-07-16,903.201
2004-07-19,900.713
2004-07-20,1626.419
2004-07-21,2068.51
2004-07-22,2211.039
2004-07-23,2199.984
2004-07-26,1953.726
2004-07-27,1672.506
2004-07-28,1819.07
2004-07-29,1873.536
2004-07-30,2115.172
2004-08-02,1811.767
2004-08-03,1703.107
2004-08-04,1197.17
2004-08-05,1336.247
2004-08-06,1369.692
2004-08-09,1431.396
2004-08-10,1278.912
2004-08-11,775.367
2004-08-12,800.51
2004-08-13,672.503
2004-08-16,395.415
2004-08-17,237.341
2004-08-18,390.972
2004-08-19,574.517
2004-08-20,1354.49
2004-08-23,1315.0
2004-08-24,1337.77
2004-08-25,1481.413
2004-08-26,1419.83
2004-08-27,1419.665
2004-08-30,1492.859
2004-08-31,2084.601
2004-09-01,2061.045
2004-09-02,2320.282
2004-09-03,1811.633
2004-09-06,1763.064
2004-09-07,1606.429
2004-09-08,1224.341
2004-09-09,1202.774
2004-09-10,1100.3
2004-09-13,1158.493
2004-09-14,1203.191
2004-09-15,1322.996
2004-09-16,1291.843
2004-09-17,1332.275
2004-09-20,1827.215
2004-09-21,2022.037
2004-09-22,1540.007
2004-09-23,1501.842
2004-09-24,1452.576
2004-09-27,1447.91
2004-09-28,1302.437
2004-09-29,1508.723
2004-09-30,2057.995
2004-10-01,1476.757
2004-10-04,711.036
2004-10-05,741.788
2004-10-06,951.106
2004-10-07,1176.039
2004-10-08,1302.651
2004-10-11,1269.088
2004-10-13,737.422
2004-10-14,494.032
2004-10-15,274.924
2004-10-18,34.912
2004-10-19,-151.901
2004-10-20,874.572
2004-10-21,824.882
2004-10-22,857.008
2004-10-26,641.162
2004-10-27,1073.839
2004-10-28,1206.042
2004-10-29,1991.948
2004-11-01,1621.488
2004-11-02,1475.777
2004-11-03,1792.895
2004-11-04,1248.202
2004-11-05,1693.05
2004-11-08,2302.398
2004-11-09,2567.45
2004-11-10,2228.01
2004-11-11,2184.349
2004-11-12,1932.484
2004-11-15,1534.234
2004-11-18,1254.645
2004-11-19,1562.592
2004-11-22,2189.085
2004-11-23,2277.188
2004-11-24,2448.313
2004-11-25,2434.199
2004-11-26,2525.23
2004-11-29,2283.816
2004-11-30,2538.928
2004-12-01,2481.068
2004-12-02,2547.102
2004-12-03,1864.047
2004-12-06,2078.39
2004-12-07,2207.676
2004-12-08,1865.966
2004-12-09,1841.709
2004-12-10,1851.096
2004-12-13,1463.955
2004-12-14,1214.017
2004-12-15,1369.781
2004-12-16,1323.648
2004-12-17,1333.004
2004-12-20,2296.216
2004-12-21,2678.568
2004-12-22,2202.537
2004-12-23,1914.995
2004-12-28,1890.619
2004-12-29,1819.397
2004-12-30,2010.186
2004-12-31,1341.916
2005-01-05,650.99
2005-01-06,846.964
2005-01-07,846.119
2005-01-10,593.125
2005-01-11,347.475
2005-01-12,-154.3
2005-01-13,-115.266
2005-01-14,323.805
2005-01-17,1170.885
2005-01-18,1415.026
2005-01-19,1698.877
2005-01-20,2508.526
2005-01-21,2727.604
2005-01-24,2498.225
2005-01-25,2283.738
2005-01-26,2369.7
2005-01-27,2365.648
2005-01-28,2558.219
2005-01-31,2931.452
2005-02-01,2405.456
2005-02-02,2644.082
2005-02-03,2628.018
2005-02-04,2199.079
2005-02-07,2503.24
2005-02-08,2867.241
2005-02-09,2476.854
2005-02-10,2440.915
2005-02-11,2396.246
2005-02-14,2418.834
2005-02-15,-632.72
2005-02-16,-472.598
2005-02-17,-489.099
2005-02-18,-356.914
2005-02-21,129.478
2005-02-22,28.806
2005-02-23,240.39
2005-02-24,159.992
2005-02-25,6.691
2005-02-28,619.677
2005-03-01,125.22
2005-03-03,427.513
2005-03-04,-39.792
2005-03-07,640.864
2005-03-08,994.535
2005-03-09,744.651
2005-03-10,730.773
2005-03-11,687.25
2005-03-14,601.512
2005-03-15,343.68
2005-03-16,485.374
2005-03-17,463.616
2005-03-18,547.096
2005-03-21,1032.96
2005-03-22,1028.739
2005-03-23,503.273
2005-03-24,407.106
2005-03-29,305.19
2005-03-30,543.796
2005-03-31,1154.505
2005-04-01,523.774
2005-04-04,-157.241
2005-04-05,-83.28
2005-04-06,27.166
2005-04-07,529.972
2005-04-08,784.807
2005-04-11,958.347
2005-04-12,874.022
2005-04-13,408.333
2005-04-14,581.231
2005-04-15,197.603
2005-04-18,-183.062
2005-04-19,-403.04
2005-04-20,905.991
2005-04-21,1598.183
2005-04-22,939.844
2005-04-26,1007.341
2005-04-27,1404.276
2005-04-28,1388.469
2005-04-29,2333.43
2005-05-02,1833.704
2005-05-03,1657.309
2005-05-04,1408.591
2005-05-05,1591.563
2005-05-06,1528.915
2005-05-09,1633.103
2005-05-10,1715.116
2005-05-11,1188.592
2005-05-12,1186.091
2005-05-13,1009.434
2005-05-16,492.35
2005-05-17,268.839
2005-05-18,447.084
2005-05-19,336.856
2005-05-20,1080.165
2005-05-23,1227.047
2005-05-24,1108.269
2005-05-25,1263.827
2005-05-26,1031.807
2005-05-27,1032.569
2005-05-30,840.972
2005-05-31,1301.758
2005-06-01,1044.634
2005-06-02,911.145
2005-06-06,312.231
2005-06-07,784.253
2005-06-08,612.206
2005-06-09,636.625
2005-06-10,610.076
2005-06-13,322.908
2005-06-14,57.254
2005-06-15,277.382
2005-06-16,30.406
2005-06-17,64.98
2005-06-20,778.164
2005-06-21,845.462
2005-06-22,680.305
2005-06-23,448.814
2005-06-24,415.945
2005-06-27,104.693
2005-06-28,-174.415
2005-06-29,90.288
2005-06-30,667.474
2005-07-01,-97.824
2005-07-04,-583.486
2005-07-05,-306.735
2005-07-06,109.019
2005-07-07,604.138
2005-07-08,1149.2
2005-07-11,1023.203
2005-07-12,741.023
2005-07-13,213.0
2005-07-15,-265.127
2005-07-18,-326.123
2005-07-19,-285.134
2005-07-21,878.891
2005-07-22,1250.259
2005-07-25,913.742
2005-07-26,719.26
2005-07-27,804.159
2005-07-28,733.338
2005-07-29,1360.679
2005-08-01,1052.102
2005-08-02,1050.243
2005-08-03,1234.874
2005-08-04,369.187
2005-08-05,783.674
2005-08-08,853.372
2005-08-09,401.993
2005-08-10,215.531
2005-08-11,46.616
2005-08-12,-5.629
2005-08-15,-204.926
2005-08-16,-350.1
2005-08-17,-210.76
2005-08-18,-417.064
2005-08-19,-41.721
2005-08-22,344.35
2005-08-23,292.475
2005-08-24,438.192
2005-08-25,411.271
2005-08-26,373.797
2005-08-29,359.288
2005-08-30,448.06
2005-08-31,1515.354
2005-09-01,1328.425
2005-09-02,808.211
2005-09-05,903.049
2005-09-06,608.992
2005-09-07,959.642
2005-09-09,1197.346
2005-09-12,1133.107
2005-09-13,967.321
2005-09-14,649.432
2005-09-15,635.953
2005-09-16,597.751
2005-09-19,379.135
2005-09-20,788.644
2005-09-21,656.632
2005-09-22,547.373
2005-09-23,492.352
2005-09-27,330.086
2005-09-28,483.658
2005-09-29,408.232
2005-09-30,990.696
2005-10-03,199.06
2005-10-04,-664.09
2005-10-05,-189.133
2005-10-06,-214.179
2005-10-07,120.379
2005-10-10,504.033
2005-10-11,432.46
2005-10-12,198.478
2005-10-13,-4.763
2005-10-14,-42.94
2005-10-17,-528.949
2005-10-18,-701.205
2005-10-19,-511.642
2005-10-20,65.932
2005-10-21,321.032
2005-10-25,397.614
2005-10-26,641.469
2005-10-27,453.974
2005-10-28,584.517
2005-10-31,1542.345
2005-11-01,928.125
2005-11-02,1343.206
2005-11-03,1251.655
2005-11-04,742.905
2005-11-07,1840.742
2005-11-10,2197.656
2005-11-11,2173.527
2005-11-14,1900.109
2005-11-15,1415.374
2005-11-16,1545.529
2005-11-17,1330.288
2005-11-18,1459.729
2005-11-21,2378.574
2005-11-22,2184.709
2005-11-23,2348.498
2005-11-24,2323.141
2005-11-25,2104.276
2005-11-28,1855.908
2005-11-30,2410.574
2005-12-01,2011.669
2005-12-02,1367.879
2005-12-05,1671.15
2005-12-06,1614.8
2005-12-07,2071.217
2005-12-08,1918.307
2005-12-09,1938.478
2005-12-12,1635.929
2005-12-13,1248.466
2005-12-14,953.677
2005-12-15,968.598
2005-12-16,923.89
2005-12-19,918.799
2005-12-20,1607.738
2005-12-21,1585.06
2005-12-22,1383.245
2005-12-23,1051.934
2005-12-28,755.184
2005-12-29,938.862
2005-12-30,989.609
2006-01-04,-341.947
2006-01-05,-137.446
2006-01-06,-129.274
2006-01-09,-413.788
2006-01-10,-684.412
2006-01-11,-658.509
2006-01-12,-646.006
2006-01-13,-126.42
2006-01-16,608.097
2006-01-17,849.868
2006-01-18,1054.687
2006-01-19,1107.407
2006-01-23,1950.284
2006-01-24,1898.453
2006-01-25,2081.763
2006-01-26,1762.381
2006-01-27,1783.756
2006-01-30,1739.447
2006-01-31,2472.383
2006-02-01,2407.242
2006-02-02,2607.344
2006-02-03,1746.303
2006-02-07,2110.903
2006-02-08,2407.742
2006-02-09,2509.651
2006-02-10,2478.983
2006-02-13,2382.642
2006-02-15,-752.646
2006-02-16,-913.745
2006-02-17,-871.88
2006-02-20,-386.448
2006-02-21,217.532
2006-02-22,540.187
2006-02-23,434.929
2006-02-24,381.449
2006-02-27,404.124
2006-02-28,1058.864
2006-03-01,914.187
2006-03-02,859.194
2006-03-03,289.717
2006-03-06,493.348
2006-03-07,972.557
2006-03-08,1031.856
2006-03-09,1057.245
2006-03-10,991.089
2006-03-13,894.534
2006-03-14,748.87
2006-03-15,959.148
2006-03-16,746.719
2006-03-21,1152.78
2006-03-22,1067.251
2006-03-23,882.19
2006-03-24,802.19
2006-03-27,751.482
2006-03-28,623.077
2006-03-29,797.942
2006-03-30,692.145
2006-03-31,1480.892
2006-04-03,595.549
2006-04-04,-493.781
2006-04-05,-11.14
2006-04-06,14.399
2006-04-07,588.676
2006-04-10,1013.207
2006-04-11,918.397
2006-04-12,823.98
2006-04-13,322.949
2006-04-18,183.687
2006-04-19,319.724
2006-04-20,811.818
2006-04-21,1011.123
2006-04-24,1006.059
2006-04-26,1295.423
2006-04-27,1650.399
2006-04-28,2461.567
2006-05-01,2278.311
2006-05-02,2096.607
2006-05-03,2238.931
2006-05-04,1310.296
2006-05-05,1572.093
2006-05-08,1785.59
2006-05-09,1861.791
2006-05-10,1877.934
2006-05-11,1807.014
2006-05-12,1729.227
2006-05-15,1138.741
2006-05-16,847.022
2006-05-17,1113.641
2006-05-18,846.5
2006-05-19,1221.816
2006-05-22,1703.446
2006-05-23,1528.481
2006-05-24,1583.303
2006-05-25,1286.492
2006-05-26,1266.987
2006-05-29,990.934
2006-05-30,986.688
2006-05-31,2681.586
2006-06-01,2200.304
2006-06-02,1631.561
2006-06-06,1881.711
2006-06-07,2229.711
2006-06-08,2137.797
2006-06-09,2374.245
2006-06-12,2074.18
2006-06-13,1738.062
2006-06-14,1597.892
2006-06-15,1234.681
2006-06-16,1045.604
2006-06-19,1015.016
2006-06-20,1659.524
2006-06-21,1554.012
2006-06-22,1534.717
2006-06-23,1703.436
2006-06-26,1444.643
2006-06-27,1249.56
2006-06-28,1358.524
2006-06-29,1419.169
2006-06-30,2247.963
2006-07-03,1474.184
2006-07-04,812.622
2006-07-05,1299.948
2006-07-06,1332.725
2006-07-07,2119.901
2006-07-10,2474.094
2006-07-11,2330.281
2006-07-12,2138.736
2006-07-13,2009.94
2006-07-14,1784.285
2006-07-20,1713.793
2006-07-21,2125.269
2006-07-24,1896.745
2006-07-25,1749.09
2006-07-26,1802.877
2006-07-27,1585.143
2006-07-28,1585.569
2006-07-31,2173.656
2006-08-01,1769.311
2006-08-02,1461.353
2006-08-03,1699.594
2006-08-04,675.787
2006-08-07,869.615
2006-08-08,803.735
2006-08-09,950.97
2006-08-10,774.593
2006-08-11,674.621
2006-08-14,570.412
2006-08-15,442.166
2006-08-16,416.579
2006-08-17,259.821
2006-08-18,394.276
2006-08-21,923.936
2006-08-22,1047.593
2006-08-23,1169.986
2006-08-24,996.091
2006-08-25,931.168
2006-08-28,550.482
2006-08-29,435.41
2006-08-30,679.086
2006-08-31,1480.829
2006-09-01,1289.559
2006-09-04,457.02
2006-09-05,717.684
2006-09-06,1315.431
2006-09-07,1301.644
2006-09-08,1391.803
2006-09-11,1314.559
2006-09-12,1150.073
2006-09-13,1311.0
2006-09-14,1111.043
2006-09-15,1055.919
2006-09-18,729.755
2006-09-19,501.233
2006-09-20,1360.854
2006-09-21,1550.537
2006-09-22,1554.361
2006-09-25,1496.15
2006-09-26,1445.384
2006-09-27,1554.552
2006-09-28,1373.196
2006-09-29,1952.56
2006-10-02,1132.032
2006-10-03,987.679
2006-10-04,439.55
2006-10-05,572.908
2006-10-06,660.342
2006-10-09,864.131
2006-10-10,1081.557
2006-10-11,1025.438
2006-10-12,948.387
2006-10-13,904.224
2006-10-16,332.326
2006-10-17,68.39
2006-10-18,-23.03
2006-10-19,30.554
2006-10-23,1055.515
2006-10-24,1367.566
2006-10-25,1530.417
2006-10-26,1590.401
2006-10-27,1447.116
2006-10-30,1357.076
2006-10-31,2548.451
2006-11-01,2218.461
2006-11-02,2282.963
2006-11-03,1708.96
2006-11-06,2207.488
2006-11-07,2870.302
2006-11-08,3625.398
2006-11-09,3499.547
2006-11-10,3513.096
2006-11-13,3192.356
2006-11-14,2941.774
2006-11-15,-406.26
2006-11-16,-917.469
2006-11-17,-927.578
2006-11-20,-121.879
2006-11-21,368.499
2006-11-22,481.228
2006-11-23,444.18
2006-11-24,65.887
2006-11-27,-246.335
2006-11-28,-429.641
2006-11-29,-243.713
2006-11-30,289.703
2006-12-01,85.493
2006-12-04,-641.972
2006-12-05,-399.081
2006-12-06,-296.702
2006-12-07,-25.933
2006-12-08,109.909
2006-12-11,-201.394
2006-12-12,-554.39
2006-12-13,-638.555
2006-12-14,-734.459
2006-12-15,-855.502
2006-12-18,-946.423
2006-12-19,-964.235
2006-12-20,-229.403
2006-12-21,-66.628
2006-12-22,-224.088
2006-12-27,-353.947
2006-12-28,-301.115
2006-12-29,-382.922
2007-01-03,-1062.062
2007-01-04,-1597.32
2007-01-05,-1501.454
2007-01-08,-1775.413
2007-01-09,-2096.712
2007-01-10,-2110.621
2007-01-11,-2117.63
2007-01-12,-2019.527
2007-01-15,-891.922
2007-01-16,-489.035
2007-01-17,-187.507
2007-01-18,-337.799
2007-01-19,-269.231
2007-01-22,171.188
2007-01-23,254.339
2007-01-24,329.477
2007-01-25,274.741
2007-01-26,201.325
2007-01-29,129.497
2007-01-30,59.099
2007-01-31,599.177
2007-02-01,263.772
2007-02-02,-669.133
2007-02-05,-546.204
2007-02-07,-10.145
2007-02-08,388.535
2007-02-09,361.88
2007-02-12,463.937
2007-02-13,252.216
2007-02-14,-208.294
2007-02-15,-277.852
2007-02-16,-300.77
2007-02-19,-544.324
2007-02-20,-131.602
2007-02-21,426.682
2007-02-22,462.422
2007-02-23,436.934
2007-02-26,383.886
2007-02-27,355.289
2007-02-28,1367.523
2007-03-01,783.982
2007-03-02,135.266
2007-03-05,205.665
2007-03-06,214.488
2007-03-07,1187.817
2007-03-08,1367.392
2007-03-09,1639.726
2007-03-12,1525.185
2007-03-13,1348.316
2007-03-14,1303.587
2007-03-15,1209.427
2007-03-16,1141.888
2007-03-19,903.238
2007-03-20,1114.901
2007-03-21,1802.037
2007-03-22,1569.587
2007-03-23,1511.231
2007-03-26,1526.668
2007-03-27,1397.269
2007-03-28,1083.334
2007-03-29,951.529
2007-03-30,1664.286
2007-04-02,954.426
2007-04-03,656.403
2007-04-04,145.048
2007-04-05,375.05
2007-04-10,873.59
2007-04-11,1290.536
2007-04-12,1236.721
2007-04-13,1246.158
2007-04-16,674.273
2007-04-17,380.86
2007-04-18,611.825
2007-04-19,444.372
2007-04-20,1191.438
2007-04-23,1369.535
2007-04-24,1338.516
2007-04-26,1540.869
2007-04-27,1284.297
2007-04-30,1173.442
2007-05-01,529.695
2007-05-02,488.82
2007-05-03,529.576
2007-05-04,-11.613
2007-05-07,1451.246
2007-05-08,1811.24
2007-05-09,2072.929
2007-05-10,1884.154
2007-05-11,1813.661
2007-05-14,1489.319
2007-05-15,1095.107
2007-05-16,1315.923
2007-05-17,1084.109
2007-05-18,1218.474
2007-05-21,1813.477
2007-05-22,1826.68
2007-05-23,2019.216
2007-05-24,1763.204
2007-05-25,1736.172
2007-05-28,1978.961
2007-05-29,2232.281
2007-05-30,2337.557
2007-05-31,2425.027
2007-06-01,1328.793
2007-06-05,1658.73
2007-06-06,2058.097
2007-06-07,2219.116
2007-06-08,2593.679
2007-06-11,2263.941
2007-06-12,1941.224
2007-06-13,1972.618
2007-06-14,1828.166
2007-06-15,1735.12
2007-06-18,1667.225
2007-06-19,1550.225
2007-06-20,2200.257
2007-06-21,2125.924
2007-06-22,2286.454
2007-06-25,1982.899
2007-06-26,2018.23
2007-06-27,2192.115
2007-06-28,2917.946
2007-06-29,3150.308
2007-07-02,2285.739
2007-07-03,2164.829
2007-07-04,1601.438
2007-07-05,1803.39
2007-07-06,2164.463
2007-07-09,2777.028
2007-07-10,2765.442
2007-07-11,2940.242
2007-07-12,2732.854
2007-07-13,2665.2
2007-07-16,2306.422
2007-07-17,2280.016
2007-07-18,2365.687
2007-07-19,2303.564
2007-07-20,3243.286
2007-07-23,3183.456
2007-07-24,3141.687
2007-07-25,3223.566
2007-07-26,3002.495
2007-07-27,3191.681
2007-07-30,3611.893
2007-07-31,3499.879
2007-08-01,3240.649
2007-08-02,3058.783
2007-08-03,2387.339
2007-08-06,2410.373
2007-08-07,2427.587
2007-08-08,2759.667
2007-08-09,2557.459
2007-08-10,2462.575
2007-08-13,2304.765
2007-08-14,2071.547
2007-08-15,2053.036
2007-08-16,1744.242
2007-08-17,1773.317
2007-08-20,2381.524
2007-08-21,2245.91
2007-08-22,2399.964
2007-08-23,2030.476
2007-08-24,1859.208
2007-08-27,1897.582
2007-08-28,2825.847
2007-08-29,3136.873
2007-08-30,2892.41
2007-08-31,3043.216
2007-09-03,2593.286
2007-09-04,1946.962
2007-09-05,2538.066
2007-09-06,2379.024
2007-09-07,2601.551
2007-09-10,2554.648
2007-09-11,2533.773
2007-09-12,2484.277
2007-09-13,2193.608
2007-09-14,1984.364
2007-09-17,1709.128
2007-09-18,1637.925
2007-09-19,1780.45
2007-09-20,2253.495
2007-09-21,2426.458
2007-09-24,2620.277
2007-09-25,2457.359
2007-09-26,2611.747
2007-09-27,2397.257
2007-09-28,3182.193
2007-10-01,2318.73
2007-10-02,2031.516
2007-10-03,2177.772
2007-10-04,1125.902
2007-10-05,1655.992
2007-10-08,1829.34
2007-10-09,2281.078
2007-10-10,2431.152
2007-10-11,2179.572
2007-10-12,2119.812
2007-10-15,1566.494
2007-10-16,1490.59
2007-10-17,1680.726
2007-10-18,1415.682
2007-10-19,1564.551
2007-10-23,2524.9
2007-10-24,3043.016
2007-10-25,2894.239
2007-10-26,3081.572
2007-10-29,3685.365
2007-10-30,3763.128
2007-10-31,4336.694
2007-11-01,3638.785
2007-11-02,2865.098
2007-11-05,3335.753
2007-11-06,3399.733
2007-11-07,4433.528
2007-11-08,4755.311
2007-11-09,4910.371
2007-11-12,4575.471
2007-11-13,4378.521
2007-11-14,4487.498
2007-11-15,3987.91
2007-11-16,3938.418
2007-11-19,3899.754
2007-11-20,4641.096
2007-11-21,5032.17
2007-11-22,5084.307
2007-11-23,4688.709
2007-11-26,4385.986
2007-11-27,4241.733
2007-11-28,5021.672
2007-11-29,4878.196
2007-11-30,4988.144
2007-12-03,4655.069
2007-12-04,3689.29
2007-12-05,4231.21
2007-12-06,4063.812
2007-12-07,4317.573
2007-12-10,4186.986
2007-12-11,3805.556
2007-12-12,3929.402
2007-12-13,3874.427
2007-12-14,3692.699
2007-12-17,3649.481
2007-12-18,3573.206
2007-12-19,3725.899
2007-12-20,4293.597
2007-12-21,3977.46
2007-12-27,3945.786
2007-12-28,3614.494
2007-12-31,3582.848
2008-01-03,2941.187
2008-01-04,2167.336
2008-01-07,1971.639
2008-01-08,1652.559
2008-01-09,1762.361
2008-01-10,1576.757
2008-01-11,1578.616
2008-01-14,1713.402
2008-01-15,2855.67
2008-01-16,3697.381
2008-01-17,3531.658
2008-01-21,3700.639
2008-01-22,4308.838
2008-01-23,4653.06
2008-01-24,4585.805
2008-01-25,4727.15
2008-01-28,5045.736
2008-01-29,4994.473
2008-01-30,5140.762
2008-01-31,5027.045
2008-02-01,4801.16
2008-02-04,3603.962
2008-02-05,3970.005
2008-02-07,4448.898
2008-02-08,4441.041
2008-02-11,4656.355
2008-02-12,4414.526
2008-02-13,4448.399
2008-02-14,4275.898
2008-02-15,4155.61
2008-02-18,3644.889
2008-02-19,3575.382
2008-02-20,4698.18
2008-02-21,4661.577
2008-02-22,4831.342
2008-02-25,4751.444
2008-02-26,4626.428
2008-02-27,4800.338
2008-02-28,5514.548
2008-02-29,5726.197
2008-03-03,4904.406
2008-03-04,3920.778
2008-03-05,4593.901
2008-03-06,4633.079
2008-03-07,5481.975
2008-03-10,6035.368
2008-03-11,5857.765
2008-03-12,5895.664
2008-03-13,5670.22
2008-03-14,5558.499
2008-03-17,5229.702
2008-03-18,5086.908
2008-03-19,5163.502
2008-03-24,6003.686
2008-03-25,5901.822
2008-03-26,5894.85
2008-03-27,5964.318
2008-03-28,6674.638
2008-03-31,7024.105
2008-04-01,6345.112
2008-04-02,6278.43
2008-04-03,6192.298
2008-04-04,5708.697
2008-04-07,6288.201
2008-04-08,6242.652
2008-04-09,6040.793
2008-04-10,6117.047
2008-04-11,6076.136
2008-04-14,5729.509
2008-04-15,5304.892
2008-04-16,5333.58
2008-04-17,5087.567
2008-04-18,5189.654
2008-04-21,6154.787
2008-04-22,6233.826
2008-04-23,6352.255
2008-04-25,6224.509
2008-04-28,5954.9
2008-04-29,5687.337
2008-04-30,5648.433
2008-05-01,5013.627
2008-05-02,4261.788
2008-05-05,4775.93
2008-05-06,4875.081
2008-05-07,6213.439
2008-05-08,6469.883
2008-05-09,6612.709
2008-05-12,6277.755
2008-05-13,5910.672
2008-05-14,6041.311
2008-05-15,5684.627
2008-05-16,5521.282
2008-05-19,5546.902
2008-05-20,6353.459
2008-05-21,6645.191
2008-05-22,6449.387
2008-05-23,6409.262
2008-05-26,6102.603
2008-05-27,5901.527
2008-05-28,6690.5
2008-05-29,6811.649
2008-05-30,6843.031
2008-06-03,6494.4
2008-06-04,5769.054
2008-06-05,6035.326
2008-06-06,6271.556
2008-06-09,6161.322
2008-06-10,5758.885
2008-06-11,6043.701
2008-06-12,5730.54
2008-06-13,5636.429
2008-06-16,5397.212
2008-06-17,5290.246
2008-06-18,5328.517
2008-06-19,5124.259
2008-06-20,6263.35
2008-06-23,6126.185
2008-06-24,5951.351
2008-06-25,5981.99
2008-06-26,5835.525
2008-06-27,6257.806
2008-06-30,6902.742
2008-07-01,5063.199
2008-07-02,5092.47
2008-07-03,5022.729
2008-07-04,4295.587
2008-07-07,4169.651
2008-07-08,3778.397
2008-07-09,3772.157
2008-07-10,3724.565
2008-07-11,3499.089
2008-07-14,3277.083
2008-07-15,616.517
2008-07-16,691.31
2008-07-17,460.99
2008-07-18,749.683
2008-07-21,1419.021
2008-07-22,1581.457
2008-07-23,1463.18
2008-07-24,1403.195
2008-07-25,1397.236
2008-07-28,2012.149
2008-07-29,1970.484
2008-07-30,2132.904
2008-07-31,2184.709
2008-08-01,1615.171
2008-08-04,456.496
2008-08-05,796.758
2008-08-06,875.291
2008-08-07,706.906
2008-08-08,588.61
2008-08-11,457.032
2008-08-12,293.432
2008-08-13,184.827
2008-08-14,28.009
2008-08-15,-66.97
2008-08-18,-383.853
2008-08-19,-625.877
2008-08-20,149.445
2008-08-21,413.858
2008-08-22,495.334
2008-08-25,444.681
2008-08-26,335.298
2008-08-27,567.864
2008-08-28,2018.174
2008-08-29,2581.808
2008-09-01,2084.75
2008-09-02,2148.113
2008-09-03,2303.929
2008-09-04,1274.791
2008-09-05,1683.468
2008-09-08,1687.712
2008-09-09,1533.09
2008-09-10,1524.01
2008-09-11,1405.758
2008-09-12,1295.158
2008-09-15,843.621
2008-09-16,441.481
2008-09-17,434.79
2008-09-18,274.188
2008-09-19,728.716
2008-09-22,1534.527
2008-09-23,1551.185
2008-09-24,1538.092
2008-09-25,1594.156
2008-09-26,1970.799
2008-09-29,2411.994
2008-09-30,2442.722
2008-10-01,1969.132
2008-10-02,1754.322
2008-10-03,611.358
2008-10-06,1074.238
2008-10-07,981.265
2008-10-08,1065.812
2008-10-09,1001.434
2008-10-10,840.219
2008-10-13,481.925
2008-10-14,15.469
2008-10-15,-166.705
2008-10-16,-592.899
2008-10-17,-264.242
2008-10-20,731.299
2008-10-21,853.657
2008-10-22,983.038
2008-10-23,788.527
2008-10-24,508.339
2008-10-28,1270.881
2008-10-29,1634.133
2008-10-30,1798.956
2008-10-31,1744.224
2008-11-03,929.594
2008-11-04,-78.553
2008-11-05,670.105
2008-11-06,464.4
2008-11-07,501.378
2008-11-10,87.576
2008-11-11,-325.415
2008-11-12,-88.879
2008-11-13,-161.867
2008-11-14,-230.663
2008-11-17,-731.019
2008-11-18,-826.229
2008-11-19,-230.85
2008-11-20,1019.146
2008-11-21,1000.321
2008-11-24,405.89
2008-11-25,134.476
2008-11-26,-39.168
2008-11-27,-83.567
2008-11-28,755.528
2008-12-01,775.298
2008-12-02,749.921
2008-12-03,965.892
2008-12-04,32.288
2008-12-05,419.077
2008-12-08,67.97
2008-12-09,-175.471
2008-12-10,-49.803
2008-12-11,-135.976
2008-12-12,-193.719
2008-12-15,-404.084
2008-12-16,-584.983
2008-12-17,-625.313
2008-12-18,-687.063
2008-12-19,-677.69
2008-12-22,9.864
2008-12-23,-147.268
2008-12-24,415.98
2008-12-29,239.546
2008-12-30,77.962
2008-12-31,-296.996
2009-01-05,-1278.355
2009-01-06,-1316.281
2009-01-07,-1279.944
2009-01-08,-1285.186
2009-01-09,-1275.026
2009-01-12,-1263.14
2009-01-13,-1345.2
2009-01-14,-1028.121
2009-01-15,1281.112
2009-01-19,1643.836
2009-01-20,2800.975
2009-01-21,3532.987
2009-01-22,3871.258
2009-01-23,3824.292
2009-01-26,3684.182
2009-01-27,4037.728
2009-01-28,5405.445
2009-01-29,5597.02
2009-01-30,5431.372
2009-02-02,4531.366
2009-02-03,4171.521
2009-02-04,4062.572
2009-02-05,4424.054
2009-02-09,4462.446
2009-02-10,4381.845
2009-02-11,4698.173
2009-02-12,4805.929
2009-02-13,4600.757
2009-02-16,3961.785
2009-02-17,3940.355
2009-02-18,3878.103
2009-02-19,3901.599
2009-02-20,4572.82
2009-02-23,4750.625
2009-02-24,4737.29
2009-02-25,4983.164
2009-02-26,4965.322
2009-02-27,5477.52
2009-03-02,5061.17
2009-03-03,5306.039
2009-03-04,4719.283
2009-03-05,5166.732
2009-03-06,5134.395
2009-03-09,4962.965
2009-03-10,4825.522
2009-03-11,3772.093
2009-03-12,3666.026
2009-03-13,3616.78
2009-03-16,3222.274
2009-03-17,2659.018
2009-03-18,3250.418
2009-03-19,3272.006
2009-03-20,4143.051
2009-03-23,4269.671
2009-03-24,4252.418
2009-03-25,4467.0
2009-03-26,4697.242
2009-03-27,5169.085
2009-03-30,5492.464
2009-03-31,5604.568
2009-04-01,5183.663
2009-04-02,5000.079
2009-04-03,4387.987
2009-04-06,4774.567
2009-04-07,4884.962
2009-04-08,5244.401
2009-04-13,4913.336
2009-04-14,4718.013
2009-04-15,4032.968
2009-04-16,4413.502
2009-04-17,4412.723
2009-04-20,5024.559
2009-04-21,5360.08
2009-04-22,5385.197
2009-04-23,5579.263
2009-04-24,5535.592
2009-04-27,5198.56
2009-04-28,5087.526
2009-04-29,5045.684
2009-04-30,5159.731
2009-05-01,4661.596
2009-05-04,3799.393
2009-05-05,4333.011
2009-05-06,4669.176
2009-05-07,6378.101
2009-05-08,6816.256
2009-05-11,6833.33
2009-05-12,6448.71
2009-05-13,6768.02
2009-05-14,6735.956
2009-05-15,6615.109
2009-05-18,6421.877
2009-05-19,6390.96
2009-05-20,7001.993
2009-05-21,7176.125
2009-05-22,7181.233
2009-05-25,6734.073
2009-05-26,6571.298
2009-05-27,7055.638
2009-05-28,7796.071
2009-05-29,7740.122
2009-06-02,7404.187
2009-06-03,7320.736
2009-06-04,6624.725
2009-06-05,6948.033
2009-06-08,6648.689
2009-06-09,6382.574
2009-06-10,6807.458
2009-06-11,6723.836
2009-06-12,6637.453
2009-06-15,6357.822
2009-06-16,6086.353
2009-06-17,6295.768
2009-06-18,6226.308
2009-06-19,6288.738
2009-06-22,7091.656
2009-06-23,6827.99
2009-06-24,7291.553
2009-06-25,7143.179
2009-06-26,7450.904
2009-06-29,7907.579
2009-06-30,8320.394
2009-07-01,6805.695
2009-07-02,6683.643
2009-07-03,5852.795
2009-07-06,5673.036
2009-07-07,5528.63
2009-07-08,5952.039
2009-07-09,5845.313
2009-07-10,5523.272
2009-07-13,5567.918
2009-07-14,5683.989
2009-07-15,1957.107
2009-07-16,2059.424
2009-07-17,1711.828
2009-07-20,2877.509
2009-07-21,2842.553
2009-07-22,3202.636
2009-07-23,3110.484
2009-07-24,2999.062
2009-07-27,3192.043
2009-07-28,4324.637
2009-07-29,4326.965
2009-07-30,4409.736
2009-07-31,4416.151
2009-08-03,3608.151
2009-08-04,2431.972
2009-08-05,3673.128
2009-08-06,3605.446
2009-08-07,3588.449
2009-08-10,3503.197
2009-08-11,3466.495
2009-08-12,3330.212
2009-08-13,3249.113
2009-08-14,3188.797
2009-08-17,2785.351
2009-08-18,2735.339
2009-08-19,3298.505
2009-08-20,4232.493
2009-08-21,4388.012
2009-08-24,4401.193
2009-08-25,4573.445
2009-08-26,4395.522
2009-08-27,4580.641
2009-08-28,6063.788
2009-08-31,6353.674
2009-09-01,6177.441
2009-09-02,6503.227
2009-09-03,7047.069
2009-09-04,6240.51
2009-09-07,6395.281
2009-09-08,6827.721
2009-09-09,6545.177
2009-09-10,6602.153
2009-09-11,6475.969
2009-09-14,6025.32
2009-09-15,5881.717
2009-09-16,5884.844
2009-09-17,5896.505
2009-09-18,6032.135
2009-09-21,7012.199
2009-09-22,7338.867
2009-09-23,7460.714
2009-09-24,7440.491
2009-09-25,7579.672
2009-09-28,8214.594
2009-09-29,8550.892
2009-09-30,8940.807
2009-10-01,8125.494
2009-10-02,7011.427
2009-10-05,7314.992
2009-10-06,7386.344
2009-10-07,7197.361
2009-10-08,7138.554
2009-10-09,7148.829
2009-10-12,6762.504
2009-10-13,6810.51
2009-10-14,6330.78
2009-10-15,6051.989
2009-10-16,5826.252
2009-10-19,5808.284
2009-10-20,6741.179
2009-10-21,6527.091
2009-10-22,6519.034
2009-10-26,6156.297
2009-10-27,6252.625
2009-10-28,7395.615
2009-10-29,7760.418
2009-10-30,8201.165
2009-11-02,7238.115
2009-11-03,7009.898
2009-11-04,6205.325
2009-11-05,6378.262
2009-11-06,6352.114
2009-11-09,6159.066
2009-11-10,6181.504
2009-11-11,6107.123
2009-11-12,6043.707
2009-11-13,5962.562
2009-11-16,5537.373
2009-11-17,5550.359
2009-11-18,5352.764
2009-11-19,5424.841
2009-11-20,6461.019
2009-11-23,6174.333
2009-11-24,6113.399
2009-11-25,6319.36
2009-11-26,6331.13
2009-11-27,6630.738
2009-11-30,7302.153
2009-12-01,7076.189
2009-12-02,7216.148
2009-12-03,6665.064
2009-12-04,5703.572
2009-12-07,5503.343
2009-12-08,5310.182
2009-12-09,5213.602
2009-12-10,4881.875
2009-12-11,4810.373
2009-12-14,4651.968
2009-12-15,4297.841
2009-12-16,3875.182
2009-12-17,4200.494
2009-12-18,4071.328
2009-12-21,4492.923
2009-12-22,4441.699
2009-12-23,4251.421
2009-12-24,4434.473
2009-12-29,4004.23
2009-12-30,3884.674
2009-12-31,2632.764
2010-01-05,1660.181
2010-01-06,1682.216
2010-01-07,1659.234
2010-01-08,1616.454
2010-01-11,1546.164
2010-01-12,1550.753
2010-01-13,1607.908
2010-01-14,1858.184
2010-01-15,3925.761
2010-01-18,4215.692
2010-01-19,4365.247
2010-01-20,5179.302
2010-01-21,5255.351
2010-01-22,5436.646
2010-01-25,5346.268
2010-01-26,5189.445
2010-01-27,5592.351
2010-01-28,6383.978
2010-01-29,6808.436
2010-02-01,5961.855
2010-02-02,5916.806
2010-02-03,5864.229
2010-02-04,5232.1
2010-02-05,5513.051
2010-02-08,5365.1
2010-02-09,5326.667
2010-02-10,5262.165
2010-02-11,5132.242
2010-02-12,5063.537
2010-02-15,4552.83
2010-02-16,4214.385
2010-02-17,3960.365
2010-02-18,3692.519
2010-02-19,4022.672
2010-02-22,4593.855
2010-02-23,4558.108
2010-02-24,4717.807
2010-02-25,4604.705
2010-02-26,4970.291
2010-03-01,4606.132
2010-03-02,5119.402
2010-03-03,5098.434
2010-03-04,4046.087
2010-03-05,4020.929
2010-03-08,3873.0
2010-03-09,3776.209
2010-03-10,3780.869
2010-03-11,3644.061
2010-03-12,3800.557
2010-03-15,3364.475
2010-03-16,3203.887
2010-03-17,3464.255
2010-03-18,3419.818
2010-03-19,3459.501
2010-03-22,3942.66
2010-03-23,3895.349
2010-03-24,3877.929
2010-03-25,3884.261
2010-03-26,4210.551
2010-03-29,4636.595
2010-03-30,5179.092
2010-03-31,5590.474
2010-04-01,3802.801
2010-04-06,3788.205
2010-04-07,3848.327
2010-04-08,4060.094
2010-04-09,4071.549
2010-04-12,3626.943
2010-04-13,3377.681
2010-04-14,3411.111
2010-04-15,3021.184
2010-04-16,2773.514
2010-04-19,2749.111
2010-04-20,3898.443
2010-04-21,3876.521
2010-04-22,3946.919
2010-04-23,3970.458
2010-04-26,3266.476
2010-04-27,3353.847
2010-04-28,3490.178
2010-04-29,3514.256
2010-04-30,3793.614
2010-05-03,3321.232
2010-05-04,2333.828
2010-05-05,2950.047
2010-05-06,3616.092
2010-05-07,5240.674
2010-05-10,5446.399
2010-05-11,5548.171
2010-05-12,5046.941
2010-05-13,5002.708
2010-05-14,4933.657
2010-05-17,4468.986
2010-05-18,4276.493
2010-05-19,4448.162
2010-05-20,5748.19
2010-05-21,5829.872
2010-05-24,5442.258
2010-05-25,5133.393
2010-05-26,5316.885
2010-05-27,5464.018
2010-05-28,6342.19
2010-05-31,6377.525
2010-06-01,6071.175
2010-06-02,6174.336
2010-06-03,6090.005
2010-06-04,4797.975
2010-06-08,5292.372
2010-06-09,5395.597
2010-06-10,5209.988
2010-06-11,5105.565
2010-06-14,4928.304
2010-06-15,4603.796
2010-06-16,4759.779
2010-06-17,4712.089
2010-06-18,4626.018
2010-06-21,5027.018
2010-06-22,5129.701
2010-06-23,4890.246
2010-06-24,4866.628
2010-06-25,4916.919
2010-06-28,5989.998
2010-06-29,6467.152
2010-06-30,6987.829
2010-07-01,5604.874
2010-07-02,4682.644
2010-07-05,4550.21
2010-07-06,4650.775
2010-07-07,4613.219
2010-07-08,4529.697
2010-07-09,4431.722
2010-07-12,4145.598
2010-07-13,4084.627
2010-07-14,3980.304
2010-07-15,3871.21
2010-07-16,3765.108
2010-07-19,3318.957
2010-07-20,4106.514
2010-07-21,4168.676
2010-07-22,4164.625
2010-07-23,4066.406
2010-07-26,3925.497
2010-07-27,4043.554
2010-07-28,4591.136
2010-07-29,4582.309
2010-07-30,4820.096
2010-08-02,4077.621
2010-08-03,3860.492
2010-08-04,2786.899
2010-08-05,3156.695
2010-08-06,3077.004
2010-08-09,2943.217
2010-08-10,2794.168
2010-08-11,2720.912
2010-08-12,2635.414
2010-08-13,2470.391
2010-08-16,2033.054
2010-08-17,2178.994
2010-08-18,1953.402
2010-08-19,1973.236
2010-08-20,3008.481
2010-08-23,3031.156
2010-08-24,3228.97
2010-08-25,3185.551
2010-08-26,3335.66
2010-08-27,4054.031
2010-08-30,5025.578
2010-08-31,5230.989
2010-09-01,4912.432
2010-09-02,4797.793
2010-09-03,4020.058
2010-09-06,4476.535
2010-09-07,4565.631
2010-09-08,4338.478
2010-09-09,4300.298
2010-09-10,4231.849
2010-09-13,3785.416
2010-09-14,3924.812
2010-09-15,3515.401
2010-09-16,3482.16
2010-09-17,3439.275
2010-09-20,4397.288
2010-09-21,4356.936
2010-09-22,4728.113
2010-09-23,4333.261
2010-09-24,4329.125
2010-09-27,4245.212
2010-09-28,5436.898
2010-09-29,5763.107
2010-09-30,5709.244
2010-10-01,5024.769
2010-10-04,3832.014
2010-10-05,4187.015
2010-10-06,4126.571
2010-10-07,3934.818
2010-10-08,3843.919
2010-10-11,3410.656
2010-10-12,3383.126
2010-10-13,3389.833
2010-10-14,3346.286
2010-10-15,2648.162
2010-10-18,2483.908
2010-10-19,2294.422
2010-10-20,2484.603
2010-10-21,2628.656
2010-10-22,2286.543
2010-10-26,2135.057
2010-10-27,2976.996
2010-10-28,4377.579
2010-10-29,4778.924
2010-11-01,3994.327
2010-11-02,3831.881
2010-11-03,4171.518
2010-11-04,3132.119
2010-11-05,3356.043
2010-11-08,2876.671
2010-11-09,2802.502
2010-11-10,3101.08
2010-11-11,2968.21
2010-11-12,2856.472
2010-11-15,2284.467
2010-11-16,2639.542
2010-11-17,2537.074
2010-11-18,2497.973
2010-11-19,2543.928
2010-11-22,3193.146
2010-11-23,3421.379
2010-11-24,3745.963
2010-11-25,3752.629
2010-11-26,4080.957
2010-11-29,4961.871
2010-11-30,5154.939
2010-12-01,5305.587
2010-12-02,5249.703
2010-12-03,4254.365
2010-12-06,4133.698
2010-12-07,4449.597
2010-12-08,4597.462
2010-12-09,4590.57
2010-12-10,4448.94
2010-12-13,4319.806
2010-12-14,4113.65
2010-12-15,3713.525
2010-12-16,3996.829
2010-12-17,4098.308
2010-12-20,4682.149
2010-12-21,4950.032
2010-12-22,4987.977
2010-12-23,4673.336
2010-12-31,3158.153
2011-01-05,2085.154
2011-01-06,2049.003
2011-01-07,2046.149
2011-01-10,1923.598
2011-01-11,1608.506
2011-01-12,1837.877
2011-01-13,1748.409
2011-01-14,2621.193
2011-01-17,3929.634
2011-01-18,4795.348
2011-01-19,4949.33
2011-01-20,6032.675
2011-01-24,5910.279
2011-01-25,5839.791
2011-01-26,6168.667
2011-01-27,6214.214
2011-01-28,7372.632
2011-01-31,7265.393
2011-02-01,6715.607
2011-02-02,7224.172
2011-02-03,7293.013
2011-02-04,6360.276
2011-02-07,6450.891
2011-02-08,6559.996
2011-02-09,6309.076
2011-02-10,6319.79
2011-02-11,6172.353
2011-02-14,5620.847
2011-02-15,5549.152
2011-02-16,5465.395
2011-02-17,5265.859
2011-02-18,5365.843
2011-02-21,6072.735
2011-02-22,6169.071
2011-02-23,6032.234
2011-02-24,6048.927
2011-02-25,6096.436
2011-02-28,6982.247
2011-03-01,6254.538
2011-03-02,6541.33
2011-03-03,6589.94
2011-03-04,5548.141
2011-03-07,5544.342
2011-03-08,5462.676
2011-03-09,5564.203
2011-03-10,5451.89
2011-03-11,5383.208
2011-03-14,4903.246
2011-03-15,4256.433
2011-03-16,4821.355
2011-03-17,4758.64
2011-03-18,4762.646
2011-03-21,5703.832
2011-03-22,5827.655
2011-03-23,5721.045
2011-03-24,5733.471
2011-03-25,5860.836
2011-03-28,6601.394
2011-03-29,7234.483
2011-03-30,7891.729
2011-03-31,8419.866
2011-04-01,7457.848
2011-04-04,6275.17
2011-04-05,7040.789
2011-04-06,7542.668
2011-04-07,7799.344
2011-04-08,7871.431
2011-04-11,7485.632
2011-04-12,7751.77
2011-04-13,7644.844
2011-04-14,7524.512
2011-04-15,6731.738
2011-04-18,6598.808
2011-04-19,7168.63
2011-04-20,8650.234
2011-04-21,8369.309
2011-04-26,8337.622
2011-04-27,8460.242
2011-04-28,9546.462
2011-04-29,9806.115
2011-05-02,9262.853
2011-05-03,9119.102
2011-05-04,8277.385
2011-05-05,8915.747
2011-05-06,9818.594
2011-05-09,10702.962
2011-05-10,11002.312
2011-05-11,11082.565
2011-05-12,10993.305
2011-05-13,10933.077
2011-05-16,10297.702
2011-05-17,10230.122
2011-05-18,10504.931
2011-05-19,10517.962
2011-05-20,11456.385
2011-05-23,11190.315
2011-05-24,11046.239
2011-05-25,11303.868
2011-05-26,11284.021
2011-05-27,11866.357
2011-05-30,12478.787
2011-05-31,12763.868
2011-06-01,12875.959
2011-06-02,12788.421
2011-06-03,11402.178
2011-06-07,11360.569
2011-06-08,11412.905
2011-06-09,11403.462
2011-06-10,11401.059
2011-06-13,11168.694
2011-06-14,10886.844
2011-06-15,10696.308
2011-06-16,10625.673
2011-06-17,10483.925
2011-06-20,11158.728
2011-06-21,11270.42
2011-06-22,11664.025
2011-06-23,11670.826
2011-06-24,11622.817
2011-06-27,11631.775
2011-06-28,12871.155
2011-06-29,12899.968
2011-06-30,13059.874
2011-07-01,11599.473
2011-07-04,10143.012
2011-07-05,10485.713
2011-07-06,10190.455
2011-07-07,10113.842
2011-07-08,9967.579
2011-07-11,9624.29
2011-07-12,9611.296
2011-07-13,9305.854
2011-07-14,9157.118
2011-07-15,8941.145
2011-07-18,8419.759
2011-07-19,8366.057
2011-07-20,8988.935
2011-07-21,9015.065
2011-07-22,9028.816
2011-07-25,8872.537
2011-07-26,8791.075
2011-07-27,8576.701
2011-07-28,9716.134
2011-07-29,10211.413
2011-08-01,9455.165
2011-08-02,9268.875
2011-08-03,9351.221
2011-08-04,8288.016
2011-08-05,8457.088
2011-08-08,8334.916
2011-08-09,8394.145
2011-08-10,8192.711
2011-08-11,8440.604
2011-08-12,8481.004
2011-08-15,7990.833
2011-08-16,7757.107
2011-08-17,7561.545
2011-08-18,7514.218
2011-08-19,7781.319
2011-08-22,8765.269
2011-08-23,8655.906
2011-08-24,8866.047
2011-08-25,8948.041
2011-08-26,9562.256
2011-08-29,10677.587
2011-08-30,10977.359
2011-08-31,11774.107
2011-09-01,11168.858
2011-09-02,10123.98
2011-09-05,10488.709
2011-09-06,10481.993
2011-09-07,10300.714
2011-09-08,10205.333
2011-09-09,10120.217
2011-09-12,9684.631
2011-09-13,9655.143
2011-09-14,9957.609
2011-09-15,9734.343
2011-09-16,9661.712
2011-09-19,9403.499
2011-09-20,10405.774
2011-09-21,11168.359
2011-09-22,11186.391
2011-09-23,11172.085
2011-09-26,10729.73
2011-09-27,10991.286
2011-09-28,12108.882
2011-09-29,12221.446
2011-09-30,12351.789
2011-10-03,11537.538
2011-10-04,11316.698
2011-10-05,11802.494
2011-10-06,11763.277
2011-10-07,11783.674
2011-10-10,11260.803
2011-10-11,11201.335
2011-10-12,11277.882
2011-10-13,11110.485
2011-10-14,10748.58
2011-10-17,9654.067
2011-10-18,9578.553
2011-10-19,9548.018
2011-10-20,10731.328
2011-10-21,10412.613
2011-10-25,10316.592
2011-10-26,11204.21
2011-10-27,11353.531
2011-10-28,12879.186
2011-10-31,13336.533
2011-11-01,12434.504
2011-11-02,13278.235
2011-11-03,13341.625
2011-11-04,12365.904
2011-11-07,12190.014
2011-11-08,12215.578
2011-11-09,12503.127
2011-11-10,12343.157
2011-11-11,12262.151
2011-11-14,12074.326
2011-11-15,3505.05
2011-11-16,4138.33
2011-11-17,4034.66
2011-11-18,4021.607
2011-11-21,4854.814
2011-11-22,5152.056
2011-11-23,5554.308
2011-11-24,5536.663
2011-11-25,5648.829
2011-11-28,6689.45
2011-11-29,7303.355
2011-11-30,7003.366
2011-12-01,6557.289
2011-12-02,5588.574
2011-12-05,5369.637
2011-12-06,5245.404
2011-12-07,4899.584
2011-12-08,4790.996
2011-12-09,4722.385
2011-12-12,4593.057
2011-12-13,4350.073
2011-12-14,4077.26
2011-12-15,3612.744
2011-12-16,3510.338
2011-12-19,3136.421
2011-12-20,4362.854
2011-12-21,4429.496
2011-12-22,4431.628
2011-12-23,4237.93
2011-12-28,4198.498
2011-12-29,4190.471
2011-12-30,4126.034
2012-01-04,2297.8
2012-01-05,2158.232
2012-01-06,2166.488
2012-01-09,2084.116
2012-01-10,1845.981
2012-01-11,1197.497
2012-01-12,1288.716
2012-01-13,2105.311
2012-01-16,3639.069
2012-01-17,3806.851
2012-01-18,4396.759
2012-01-19,4482.68
2012-01-20,5964.548
2012-01-23,5864.206
2012-01-24,5791.401
2012-01-25,5731.027
2012-01-26,5727.328
2012-01-27,6297.988
2012-01-30,6436.107
2012-01-31,6531.215
2012-02-01,6345.601
2012-02-02,6467.885
2012-02-03,5309.956
2012-02-07,5232.938
2012-02-08,5638.578
2012-02-09,5610.033
2012-02-10,5529.728
2012-02-13,4931.359
2012-02-14,4915.276
2012-02-15,4351.166
2012-02-16,4269.93
2012-02-17,4278.1
2012-02-20,5122.416
2012-02-21,5249.428
2012-02-22,5288.643
2012-02-23,5249.896
2012-02-24,5257.096
2012-02-27,4959.223
2012-02-28,6420.876
2012-02-29,6255.723
2012-03-01,5699.941
2012-03-02,4624.186
2012-03-05,4945.056
2012-03-06,4828.923
2012-03-07,5023.688
2012-03-08,4854.324
2012-03-09,4881.729
2012-03-12,4356.368
2012-03-13,4118.029
2012-03-14,4092.915
2012-03-15,3738.937
2012-03-16,3566.884
2012-03-19,3554.686
2012-03-20,4931.276
2012-03-21,4799.467
2012-03-22,4871.552
2012-03-23,4876.301
2012-03-26,4554.44
2012-03-27,4651.025
2012-03-28,6284.116
2012-03-29,6594.983
2012-03-30,7025.781
2012-04-02,6322.155
2012-04-03,6318.856
2012-04-04,5153.71
2012-04-05,5595.477
2012-04-10,5636.089
2012-04-11,5966.609
2012-04-12,6198.615
2012-04-13,6117.648
2012-04-16,5310.786
2012-04-17,5189.078
2012-04-18,4699.439
2012-04-19,4762.994
2012-04-20,5813.669
2012-04-23,5438.75
2012-04-24,5677.59
2012-04-26,6257.652
2012-04-27,6266.674
2012-04-30,6534.339
2012-05-01,5945.306
2012-05-02,6655.622
2012-05-03,6579.112
2012-05-04,5579.356
2012-05-07,8003.479
2012-05-08,8284.587
2012-05-09,8375.485
2012-05-10,8405.629
2012-05-11,7985.091
2012-05-14,7805.068
2012-05-15,7159.708
2012-05-16,7024.393
2012-05-17,6690.794
2012-05-18,6916.869
2012-05-21,7518.851
2012-05-22,7562.117
2012-05-23,7809.045
2012-05-24,7417.032
2012-05-25,7740.033
2012-05-28,8626.583
2012-05-29,8731.298
2012-05-30,8746.111
2012-05-31,8918.308
2012-06-01,6362.641
2012-06-05,6781.568
2012-06-06,7149.43
2012-06-07,7157.46
2012-06-08,7082.867
2012-06-11,6934.753
2012-06-12,7011.574
2012-06-13,7158.809
2012-06-14,7088.034
2012-06-15,6639.281
2012-06-18,6140.263
2012-06-19,5961.698
2012-06-20,7062.719
2012-06-21,6837.015
2012-06-22,6976.383
2012-06-25,6903.864
2012-06-26,6893.4
2012-06-27,7242.222
2012-06-28,8724.514
2012-06-29,9060.164
2012-07-02,7084.935
2012-07-03,6913.745
2012-07-04,5746.719
2012-07-05,6021.286
2012-07-06,5921.895
2012-07-09,5740.664
2012-07-10,5661.305
2012-07-11,5639.154
2012-07-12,5526.852
2012-07-13,5377.644
2012-07-16,4868.161
2012-07-17,4843.164
2012-07-18,4542.796
2012-07-19,4528.213
2012-07-20,5501.159
2012-07-23,5427.532
2012-07-24,5491.342
2012-07-25,4838.544
2012-07-26,4613.727
2012-07-27,4967.534
2012-07-30,5446.179
2012-07-31,5390.491
2012-08-01,5913.756
2012-08-02,5838.852
2012-08-03,4688.124
2012-08-06,4870.668
2012-08-07,4850.929
2012-08-08,4174.186
2012-08-09,4040.747
2012-08-10,3967.52
2012-08-13,3459.445
2012-08-14,3472.67
2012-08-15,3529.237
2012-08-16,3443.744
2012-08-17,3749.575
2012-08-20,4947.401
2012-08-21,5164.262
2012-08-22,4395.883
2012-08-23,4373.649
2012-08-24,4421.5
2012-08-27,4382.269
2012-08-28,6445.773
2012-08-29,6922.391
2012-08-30,7285.324
2012-08-31,7393.197
2012-09-03,7089.649
2012-09-04,6265.13
2012-09-05,5819.097
2012-09-06,5748.558
2012-09-07,5718.707
2012-09-10,5244.2
2012-09-11,5197.08
2012-09-12,5372.41
2012-09-13,5314.875
2012-09-14,5253.378
2012-09-17,4728.012
2012-09-18,4725.3
2012-09-19,4319.646
2012-09-20,5519.236
2012-09-21,5648.447
2012-09-24,5295.996
2012-09-25,5318.747
2012-09-26,5826.46
2012-09-27,5933.153
2012-09-28,7178.685
2012-10-01,6453.957
2012-10-02,6578.218
2012-10-03,6001.139
2012-10-04,4802.064
2012-10-05,5103.65
2012-10-08,4681.064
2012-10-09,4607.185
2012-10-10,4805.282
2012-10-11,4710.375
2012-10-12,4598.6
2012-10-15,3413.337
2012-10-16,3621.497
2012-10-17,3034.937
2012-10-18,2956.001
2012-10-19,2762.168
2012-10-23,3850.995
2012-10-24,4440.301
2012-10-25,4557.277
2012-10-26,5211.863
2012-10-29,6372.957
2012-10-30,6530.669
2012-10-31,9099.776
2012-11-01,8337.114
2012-11-02,6882.456
2012-11-05,6918.811
2012-11-06,6830.626
2012-11-07,7090.981
2012-11-08,6997.893
2012-11-09,6942.421
2012-11-12,6783.164
2012-11-13,6865.749
2012-11-14,5999.743
2012-11-15,5470.204
2012-11-16,5423.44
2012-11-19,5125.263
2012-11-20,6496.316
2012-11-21,6918.685
2012-11-22,6958.759
2012-11-23,6942.76
2012-11-26,6870.902
2012-11-27,7076.702
2012-11-28,7923.077
2012-11-29,8300.572
2012-11-30,8435.827
2012-12-03,7677.397
2012-12-04,6602.148
2012-12-05,7177.052
2012-12-06,7226.683
2012-12-07,7193.98
2012-12-10,7063.075
2012-12-11,6813.173
2012-12-12,6399.505
2012-12-13,6295.088
2012-12-14,6091.402
2012-12-17,5516.068
2012-12-18,5179.433
2012-12-19,5377.989
2012-12-20,6327.739
2012-12-21,6866.147
2012-12-24,7201.176
2012-12-27,7452.128
2012-12-28,7019.305
2012-12-31,6982.743
2013-01-03,6096.965
2013-01-04,4992.132
2013-01-07,5012.829
2013-01-08,4762.471
2013-01-10,4268.217
2013-01-11,4410.791
2013-01-14,4461.281
2013-01-15,6696.054
2013-01-16,7189.922
2013-01-17,7439.29
2013-01-18,7609.325
2013-01-21,8110.556
2013-01-22,9006.161
2013-01-23,8938.019
2013-01-24,8887.367
2013-01-25,9112.04
2013-01-28,9473.039
2013-01-29,9783.366
2013-01-30,9880.178
2013-01-31,9775.29
2013-02-01,9426.436
2013-02-04,8484.262
2013-02-05,8649.935
2013-02-07,8997.445
2013-02-08,8949.672
2013-02-11,8391.893
2013-02-12,8345.058
2013-02-13,8266.116
2013-02-14,8054.456
2013-02-15,7903.016
2013-02-18,7659.308
2013-02-19,7724.171
2013-02-20,8630.705
2013-02-21,8274.64
2013-02-22,8426.27
2013-02-25,7596.602
2013-02-26,7617.166
2013-02-27,7819.841
2013-02-28,9370.743
2013-03-01,8704.48
2013-03-04,7618.692
2013-03-05,7939.528
2013-03-06,7886.584
2013-03-07,7838.687
2013-03-08,7761.621
2013-03-11,8051.779
2013-03-13,7353.105
2013-03-14,7372.116
2013-03-15,6953.033
2013-03-18,6874.622
2013-03-19,6725.053
2013-03-20,7873.534
2013-03-21,7832.195
2013-03-22,7915.064
2013-03-25,7472.068
2013-03-26,7574.673
2013-03-27,7450.274
2013-03-28,9113.992
2013-04-02,8675.927
2013-04-03,8721.492
2013-04-04,8023.998
2013-04-05,8596.34
2013-04-08,8298.142
2013-04-09,8311.299
2013-04-10,8616.326
2013-04-11,8571.964
2013-04-12,8229.316
2013-04-15,210.245
2013-04-16,-2.148
2013-04-17,-80.803
2013-04-18,-34.171
2013-04-19,101.458
2013-04-22,1015.848
2013-04-23,735.187
2013-04-24,1076.493
2013-04-26,1078.783
2013-04-29,1118.873
2013-04-30,1344.459
2013-05-01,577.714
2013-05-02,561.684
2013-05-03,-122.86
2013-05-06,408.041
2013-05-07,2601.5
2013-05-08,3253.849
2013-05-09,3487.101
2013-05-10,3597.273
2013-05-13,3347.834
2013-05-14,4630.95
2013-05-15,3795.933
2013-05-16,3845.205
2013-05-17,3864.339
2013-05-20,4679.225
2013-05-21,4531.218
2013-05-22,4858.224
2013-05-23,4803.708
2013-05-24,4758.134
2013-05-27,4783.236
2013-05-28,5699.372
2013-05-29,5343.43
2013-05-30,5442.01
2013-05-31,5258.83
2013-06-04,3518.241
2013-06-05,4258.821
2013-06-06,4231.844
2013-06-07,4181.245
2013-06-10,4061.01
2013-06-11,3788.251
2013-06-12,3344.031
2013-06-13,3137.144
2013-06-14,3049.607
2013-06-17,2212.327
2013-06-18,1946.943
2013-06-19,2130.975
2013-06-20,3127.017
2013-06-21,3119.113
2013-06-24,3209.597
2013-06-25,3126.093
2013-06-26,2771.189
2013-06-27,2926.173
2013-06-28,4584.667
2013-07-01,2990.17
2013-07-02,2781.227
2013-07-03,2792.23
2013-07-04,1746.242
2013-07-05,2011.319
2013-07-08,1778.008
2013-07-09,1697.896
2013-07-10,1415.872
2013-07-11,1145.859
2013-07-12,946.624
2013-07-15,300.309
2013-07-16,30.594
2013-07-17,-305.317
2013-07-18,-430.02
2013-07-19,-405.423
2013-07-22,513.569
2013-07-23,680.035
2013-07-24,450.898
2013-07-25,404.597
2013-07-26,443.738
2013-07-29,1064.347
2013-07-30,929.705
2013-07-31,1626.988
2013-08-01,1078.014
2013-08-02,-94.806
2013-08-05,301.19
2013-08-06,263.551
2013-08-07,90.371
2013-08-08,-28.387
2013-08-09,-79.964
2013-08-12,-550.786
2013-08-13,-885.942
2013-08-14,-853.56
2013-08-15,-961.846
2013-08-16,-1025.806
2013-08-19,-1019.941
2013-08-20,264.325
2013-08-21,228.182
2013-08-22,303.855
2013-08-23,297.351
2013-08-26,-57.59
2013-08-27,58.975
2013-08-28,2293.366
2013-08-29,2527.055
2013-08-30,2790.097
2013-09-02,2644.938
2013-09-03,2427.926
2013-09-04,1207.408
2013-09-05,1594.265
2013-09-06,1566.035
2013-09-09,1116.939
2013-09-10,1081.773
2013-09-11,1012.64
2013-09-12,782.33
2013-09-13,636.332
2013-09-16,174.647
2013-09-17,-45.905
2013-09-18,-245.452
2013-09-19,-190.941
2013-09-20,1267.493
2013-09-23,905.8
2013-09-24,979.952
2013-09-25,1212.897
2013-09-26,1274.499
2013-09-27,1618.907
2013-09-30,2629.704
2013-10-01,1662.632
2013-10-02,1621.953
2013-10-03,1574.87
2013-10-04,431.585
2013-10-07,243.993
2013-10-08,101.019
2013-10-09,99.127
2013-10-10,15.622
2013-10-11,-187.928
2013-10-14,-310.779
2013-10-15,-953.556
2013-10-16,1487.746
2013-10-17,1399.876
2013-10-18,1751.78
2013-10-21,2636.753
2013-10-22,2419.831
2013-10-23,2525.186
2013-10-24,2569.854
2013-10-25,3014.426
2013-10-29,4281.197
2013-10-30,5582.973
2013-10-31,6276.996
2013-11-01,5373.817
2013-11-04,4168.634
2013-11-05,4130.121
2013-11-06,4112.125
2013-11-07,4069.195
2013-11-08,3957.85
2013-11-11,3799.06
2013-11-12,3628.761
2013-11-13,3192.418
2013-11-14,3152.266
2013-11-15,2627.615
2013-11-18,2204.658
2013-11-19,2224.812
2013-11-20,3736.407
2013-11-21,3770.027
2013-11-22,3799.571
2013-11-25,4107.096
2013-11-26,4124.304
2013-11-27,4013.932
2013-11-28,5490.656
2013-11-29,5535.191
2013-12-02,5316.35
2013-12-03,5454.844
2013-12-04,4274.776
2013-12-05,4590.802
2013-12-06,4532.185
2013-12-09,4407.925
2013-12-10,4357.048
2013-12-11,3966.926
2013-12-12,3693.552
2013-12-13,3522.115
2013-12-16,2738.96
2013-12-17,2361.588
2013-12-18,2578.132
2013-12-19,2490.208
2013-12-20,3812.023
2013-12-23,3639.063
2013-12-24,3674.067
2013-12-27,3713.088
2013-12-30,3113.337
2013-12-31,3160.182
2014-01-03,1258.298
2014-01-06,1119.041
2014-01-07,1136.289
2014-01-08,884.133
2014-01-09,836.929
2014-01-10,829.192
2014-01-13,478.875
2014-01-14,286.361
2014-01-15,2906.131
2014-01-16,3349.34
2014-01-17,3608.871
2014-01-20,4389.516
2014-01-21,5044.153
2014-01-22,5117.994
2014-01-23,5067.302
2014-01-24,5088.439
2014-01-27,4656.487
2014-01-28,5673.047
2014-01-29,5502.6
2014-01-30,5512.856
2014-01-31,5498.637
2014-02-03,4916.242
2014-02-04,3775.357
2014-02-05,4293.705
2014-02-07,4233.776
2014-02-10,3594.728
2014-02-11,3224.509
2014-02-12,2963.054
2014-02-13,2679.375
2014-02-14,2602.198
2014-02-17,2119.366
2014-02-18,1994.039
2014-02-20,3646.348
2014-02-21,3628.041
2014-02-24,3341.037
2014-02-25,3144.843
2014-02-26,2879.68
2014-02-27,3043.045
2014-02-28,4946.23
2014-03-03,4208.987
2014-03-04,3154.575
2014-03-05,3664.452
2014-03-06,3708.384
2014-03-07,3596.72
2014-03-10,3009.595
2014-03-11,2642.47
2014-03-12,2319.552
2014-03-13,2061.447
2014-03-14,1925.625
2014-03-17,1639.35
2014-03-18,1404.538
2014-03-19,1795.362
2014-03-20,2910.781
2014-03-21,3003.092
2014-03-24,2505.54
2014-03-25,2278.9
2014-03-26,2068.589
2014-03-27,2139.253
2014-03-28,3797.098
2014-03-31,4644.428
2014-04-01,3722.161
2014-04-02,4172.628
2014-04-03,4114.998
2014-04-04,3140.01
2014-04-07,3341.118
2014-04-08,3032.085
2014-04-09,2870.005
2014-04-10,2761.356
2014-04-11,2484.172
2014-04-14,2380.813
2014-04-15,1784.413
2014-04-16,2693.246
2014-04-17,2320.153
2014-04-22,3368.083
2014-04-23,2889.005
2014-04-24,2582.517
2014-04-28,2774.179
2014-04-29,2173.315
2014-04-30,2626.852
2014-05-01,2093.366
2014-05-02,1078.836
2014-05-05,1003.151
2014-05-06,1340.332
2014-05-07,3346.23
2014-05-08,3637.807
2014-05-09,3834.946
2014-05-12,3335.536
2014-05-13,2990.156
2014-05-14,3081.014
2014-05-15,2593.826
2014-05-16,2530.054
2014-05-19,2147.41
2014-05-20,3227.35
2014-05-21,3247.898
2014-05-22,3224.319
2014-05-23,3219.895
2014-05-26,3118.077
2014-05-27,3030.238
2014-05-28,4364.299
2014-05-29,4357.562
2014-05-30,4204.521
2014-06-03,3600.588
2014-06-04,2143.142
2014-06-05,2505.666
2014-06-06,2418.348
2014-06-09,2334.124
2014-06-10,1955.978
2014-06-11,1959.665
2014-06-12,1705.52
2014-06-13,1633.002
2014-06-16,815.817
2014-06-17,488.117
2014-06-18,131.832
2014-06-19,128.582
2014-06-20,1347.707
2014-06-23,1398.687
2014-06-24,1775.074
2014-06-25,1919.716
2014-06-26,1955.156
2014-06-27,2725.521
2014-06-30,3413.52
2014-07-01,1448.365
2014-07-02,1547.314
2014-07-03,1583.338
2014-07-04,441.473
2014-07-07,573.106
2014-07-08,209.825
2014-07-09,2117.885
2014-07-10,2145.583
2014-07-11,1905.481
2014-07-14,1287.978
2014-07-15,1007.507
2014-07-16,633.983
2014-07-17,540.757
2014-07-18,568.115
2014-07-21,1781.969
2014-07-22,1836.365
2014-07-23,2006.236
2014-07-24,1942.022
2014-07-25,2043.638
2014-07-28,2616.797
2014-07-29,2962.068
2014-07-30,2853.871
2014-07-31,3068.132
2014-08-01,2466.329
2014-08-04,1372.464
2014-08-05,1688.718
2014-08-06,1762.714
2014-08-07,1720.14
2014-08-08,1649.717
2014-08-11,1122.856
2014-08-12,1080.745
2014-08-13,622.713
2014-08-14,541.133
2014-08-15,461.019
2014-08-18,333.348
2014-08-19,418.229
2014-08-20,2101.349
2014-08-21,2171.653
2014-08-22,2253.727
2014-08-25,1894.121
2014-08-26,1586.324
2014-08-27,1892.924
2014-08-28,4422.718
2014-08-29,4756.435
2014-09-01,3830.809
2014-09-02,3640.998
2014-09-03,3787.352
2014-09-04,2592.82
2014-09-05,3088.096
2014-09-08,2566.933
2014-09-09,2219.351
2014-09-10,2103.536
2014-09-11,1855.824
2014-09-12,1832.118
2014-09-15,854.396
2014-09-16,648.922
2014-09-17,798.955
2014-09-18,763.073
2014-09-19,1038.608
2014-09-22,1822.365
2014-09-23,1885.245
2014-09-24,1780.633
2014-09-25,1578.595
2014-09-26,1971.107
2014-09-29,2886.697
2014-09-30,2809.418
2014-10-01,2261.47
2014-10-02,2211.744
2014-10-03,1158.687
2014-10-06,1009.774
2014-10-07,645.997
2014-10-08,488.562
2014-10-09,401.308
2014-10-10,361.973
2014-10-13,25.615
2014-10-14,-119.135
2014-10-15,-487.586
2014-10-16,-506.857
2014-10-17,-370.403
2014-10-20,1000.545
2014-10-21,1207.98
2014-10-22,1194.862
2014-10-23,1201.902
2014-10-24,1343.858
2014-10-28,3469.447
2014-10-29,3638.928
2014-10-30,3982.699
2014-10-31,4245.862
2014-11-03,2712.903
2014-11-04,1383.121
2014-11-05,1724.273
2014-11-06,1572.433
2014-11-07,1539.065
2014-11-10,1322.786
2014-11-11,1102.128
2014-11-12,1175.467
2014-11-13,2534.404
2014-11-14,2466.482
2014-11-17,1532.039
2014-11-18,1391.661
2014-11-19,1400.189
2014-11-20,3334.596
2014-11-21,3458.761
2014-11-24,3359.228
2014-11-25,3408.713
2014-11-26,3569.409
2014-11-27,3666.975
2014-11-28,5099.475
2014-12-01,4128.96
2014-12-02,4396.858
2014-12-03,4487.476
2014-12-04,3167.9
2014-12-05,3686.404
2014-12-08,3559.624
2014-12-09,3262.169
2014-12-10,3119.441
2014-12-11,2946.576
2014-12-12,2897.697
2014-12-15,2209.945
2014-12-16,1727.848
2014-12-17,1835.729
2014-12-18,1797.257
2014-12-19,1929.047
2014-12-22,3016.634
2014-12-23,2802.733
2014-12-24,2893.195
2014-12-29,2477.39
2014-12-30,2287.49
2014-12-31,1221.69
2015-01-05,346.869
2015-01-06,125.812
2015-01-07,218.012
2015-01-08,216.9
2015-01-09,195.427
2015-01-12,-67.969
2015-01-13,-265.891
2015-01-14,355.312
2015-01-15,3332.164
2015-01-16,3394.016
2015-01-19,3429.112
2015-01-20,5428.949
2015-01-21,5074.428
2015-01-22,5340.322
2015-01-23,5339.659
2015-01-26,4837.187
2015-01-27,4689.929
2015-01-28,5835.939
2015-01-29,5781.857
2015-01-30,5996.647
2015-02-02,5396.418
2015-02-03,5378.62
2015-02-04,4820.619
2015-02-05,5280.128
2015-02-09,4660.489
2015-02-10,4332.232
2015-02-11,4338.966
2015-02-12,4100.921
2015-02-13,4014.937
2015-02-16,3659.735
2015-02-17,3766.64
2015-02-18,4327.76
2015-02-19,4418.487
2015-02-20,5733.441
2015-02-23,5343.436
2015-02-24,5168.574
2015-02-25,5136.597
2015-02-26,5279.95
2015-02-27,6319.528
2015-03-02,6242.387
2015-03-03,6065.679
2015-03-04,5640.571
2015-03-05,6189.872
2015-03-06,6175.574
2015-03-09,5640.969
2015-03-10,5427.133
2015-03-11,5249.305
2015-03-12,5165.086
2015-03-13,5093.004
2015-03-16,4769.144
2015-03-17,4523.265
2015-03-18,5126.101
2015-03-19,5317.252
2015-03-20,6689.235
2015-03-23,6165.86
2015-03-24,5990.769
2015-03-25,5944.284
2015-03-26,6027.289
2015-03-27,6520.171
2015-03-30,7630.459
2015-03-31,7609.87
2015-04-01,8154.268
2015-04-02,6879.59
2015-04-07,7639.75
2015-04-08,7966.942
2015-04-09,8089.773
2015-04-10,7946.926
2015-04-13,7864.186
2015-04-14,7829.014
2015-04-15,1383.907
2015-04-16,1385.281
2015-04-17,1453.375
2015-04-20,2532.376
2015-04-21,2625.232
2015-04-22,2608.458
2015-04-23,2449.789
2015-04-24,2007.45
2015-04-28,1995.867
2015-04-29,2634.923
2015-04-30,2971.608
2015-05-01,2518.097
2015-05-04,1174.598
2015-05-05,1910.083
2015-05-06,2624.885
2015-05-07,5689.275
2015-05-08,5762.195
2015-05-11,5906.883
2015-05-12,5460.929
2015-05-13,4917.314
2015-05-14,4846.161
2015-05-15,4334.929
2015-05-18,3814.637
2015-05-19,3955.846
2015-05-20,5312.811
2015-05-21,6048.686
2015-05-22,6065.474
2015-05-25,6003.11
2015-05-26,5778.75
2015-05-27,5616.999
2015-05-28,6808.96
2015-05-29,6287.008
2015-06-02,5848.554
2015-06-03,5892.004
2015-06-04,4693.506
2015-06-05,5129.054
2015-06-08,5075.448
2015-06-09,4939.937
2015-06-10,4645.968
2015-06-11,4439.881
2015-06-12,4353.65
2015-06-15,3537.508
2015-06-16,3152.807
2015-06-17,3340.126
2015-06-18,3277.769
2015-06-19,3251.562
2015-06-22,4601.137
2015-06-23,4420.442
2015-06-24,4430.517
2015-06-25,4476.617
2015-06-26,5205.954
2015-06-29,6255.506
2015-06-30,6006.494
2015-07-01,4449.921
2015-07-02,4501.906
2015-07-03,3366.397
2015-07-06,3618.944
2015-07-07,3202.927
2015-07-08,3149.052
2015-07-09,2980.639
2015-07-10,2809.917
2015-07-13,2087.545
2015-07-14,1908.119
2015-07-15,1765.09
2015-07-16,1754.85
2015-07-17,1475.862
2015-07-20,3066.156
2015-07-21,3055.71
2015-07-22,2994.416
2015-07-23,2930.177
2015-07-24,2727.613
2015-07-27,2344.436
2015-07-28,3410.422
2015-07-29,3560.797
2015-07-30,3890.235
2015-07-31,4004.973
2015-08-03,3398.843
2015-08-04,1796.643
2015-08-05,1993.066
2015-08-06,1911.85
2015-08-07,1801.797
2015-08-10,1190.369
2015-08-11,910.474
2015-08-12,746.871
2015-08-13,700.539
2015-08-14,641.751
2015-08-17,493.06
2015-08-18,417.211
2015-08-19,148.537
2015-08-20,1952.386
2015-08-21,1970.194
2015-08-24,1630.599
2015-08-25,1592.409
2015-08-26,1777.232
2015-08-27,2320.057
2015-08-28,4896.09
2015-08-31,4861.011
2015-09-01,4676.427
2015-09-02,4412.738
2015-09-03,4905.287
2015-09-04,3882.816
2015-09-07,3841.091
2015-09-08,3487.748
2015-09-09,3365.939
2015-09-10,3234.347
2015-09-11,3140.206
2015-09-14,2898.308
2015-09-15,2139.826
2015-09-16,1792.603
2015-09-17,1730.437
2015-09-18,1811.563
2015-09-21,2781.167
2015-09-22,2613.129
2015-09-23,2323.552
2015-09-24,2286.183
2015-09-25,2279.918
2015-09-28,3313.281
2015-09-29,3313.361
2015-09-30,3373.427
2015-10-01,2341.364
2015-10-02,1120.222
2015-10-05,1241.967
2015-10-06,864.192
2015-10-07,810.734
2015-10-08,498.572
2015-10-09,462.493
2015-10-12,548.825
2015-10-13,268.912
2015-10-14,-158.117
2015-10-15,-654.603
2015-10-16,-676.802
2015-10-19,-742.599
2015-10-20,880.399
2015-10-21,955.144
2015-10-22,3028.033
2015-10-23,2605.423
2015-10-27,3023.581
2015-10-28,4983.02
2015-10-29,5045.914
2015-10-30,5418.774
2015-11-02,3798.383
2015-11-03,3606.341
2015-11-04,2318.93
2015-11-05,2824.377
2015-11-06,2771.89
2015-11-09,2745.867
2015-11-10,2368.736
2015-11-11,2010.733
2015-11-12,1782.579
2015-11-13,1613.865
2015-11-16,630.055
2015-11-17,372.789
2015-11-18,383.177
2015-11-19,350.409
2015-11-20,2105.218
2015-11-23,2056.437
2015-11-24,1999.611
2015-11-25,1942.512
2015-11-26,1952.898
2015-11-27,2400.036
2015-11-30,2999.103
2015-12-01,2641.915
2015-12-02,3255.145
2015-12-03,3234.316
2015-12-04,2043.284
2015-12-07,2518.068
2015-12-08,2194.673
2015-12-09,2107.545
2015-12-10,2006.68
2015-12-11,1802.524
2015-12-14,1549.53
2015-12-15,947.925
2015-12-16,1018.474
2015-12-17,923.851
2015-12-18,814.298
2015-12-21,2905.987
2015-12-22,2876.176
2015-12-23,2569.82
2015-12-24,2443.874
2015-12-29,2539.514
2015-12-30,2476.445
2015-12-31,1936.288
2016-01-05,1065.232
2016-01-06,787.354
2016-01-07,652.777
2016-01-08,671.713
2016-01-11,339.487
2016-01-12,94.014
2016-01-13,197.365
2016-01-14,819.108
2016-01-15,4169.724
2016-01-18,4244.333
2016-01-19,3936.792
2016-01-20,5268.637
2016-01-21,5137.928
2016-01-22,5343.045
2016-01-25,4858.765
2016-01-26,4612.948
2016-01-27,4562.162
2016-01-28,5528.691
2016-01-29,5565.609
2016-02-01,5197.407
2016-02-02,4947.794
2016-02-03,5203.093
2016-02-04,3802.944
2016-02-05,3755.537
2016-02-09,3327.824
2016-02-10,3266.0
2016-02-11,3221.434
2016-02-12,3358.791
2016-02-15,1036.232
2016-02-16,883.494
2016-02-17,1149.966
2016-02-18,1047.602
2016-02-19,1123.756
2016-02-22,2094.556
2016-02-23,1849.563
2016-02-24,1803.119
2016-02-25,1646.329
2016-02-26,2329.356
2016-02-29,3761.13
2016-03-01,2620.013
2016-03-02,2616.707
2016-03-03,2643.262
2016-03-04,1516.302
2016-03-07,1322.749
2016-03-08,921.615
2016-03-09,842.665
2016-03-10,757.348
2016-03-11,633.883
2016-03-14,470.892
2016-03-15,-67.846
2016-03-16,-102.906
2016-03-17,-113.429
2016-03-18,50.89
2016-03-21,1029.349
2016-03-22,923.058
2016-03-23,997.304
2016-03-24,1271.341
2016-03-29,2479.56
2016-03-30,2454.995
2016-03-31,2669.668
2016-04-01,2227.374
2016-04-04,813.879
2016-04-05,1293.402
2016-04-06,1441.874
2016-04-07,1736.6
2016-04-08,1545.635
2016-04-11,1227.006
2016-04-12,830.4
2016-04-13,744.492
2016-04-14,614.194
2016-04-15,1602.74
2016-04-18,1110.097
2016-04-19,990.152
2016-04-20,2558.294
2016-04-21,2668.909
2016-04-22,2615.319
2016-04-26,2545.107
2016-04-27,2691.784
2016-04-28,2955.312
2016-04-29,3196.242
2016-05-02,2293.937
2016-05-03,2160.188
2016-05-04,1457.904
2016-05-05,2399.595
2016-05-06,3978.438
2016-05-09,5580.802
2016-05-10,5179.14
2016-05-11,5215.406
2016-05-12,5156.584
2016-05-13,4941.206
2016-05-16,4123.467
2016-05-17,3962.047
2016-05-18,3835.236
2016-05-19,3827.27
2016-05-20,4916.45
2016-05-23,5389.327
2016-05-24,5321.869
2016-05-25,5274.17
2016-05-26,5300.868
2016-05-27,5854.334
2016-05-30,6224.661
2016-05-31,6168.173
2016-06-01,5781.263
2016-06-02,5172.2
2016-06-03,3961.606
2016-06-07,4166.539
2016-06-08,3980.166
2016-06-09,3956.917
2016-06-10,3745.815
2016-06-13,2996.861
2016-06-14,2664.945
2016-06-15,2346.257
2016-06-16,2264.71
2016-06-17,2301.039
2016-06-20,3996.718
2016-06-21,3953.315
2016-06-22,4066.439
2016-06-23,4017.382
2016-06-24,3986.872
2016-06-27,3786.613
2016-06-28,5591.083
2016-06-29,5395.642
2016-06-30,5701.855
2016-07-01,3761.476
2016-07-04,2496.188
2016-07-05,2733.02
2016-07-06,2694.746
2016-07-07,2581.213
2016-07-08,2061.678
2016-07-11,912.64
2016-07-12,521.992
2016-07-13,286.117
2016-07-14,165.101
2016-07-15,62.724
2016-07-18,91.386
2016-07-19,128.092
2016-07-20,1649.278
2016-07-21,1675.411
2016-07-22,1525.672
2016-07-25,1407.383
2016-07-26,1355.018
2016-07-27,1391.147
2016-07-28,2882.271
2016-07-29,2878.186
2016-08-01,2655.026
2016-08-02,2526.854
2016-08-03,2424.261
2016-08-04,1164.437
2016-08-05,1634.008
2016-08-08,1121.153
2016-08-09,724.027
2016-08-10,523.21
2016-08-11,464.396
2016-08-12,346.179
2016-08-15,15.716
2016-08-16,-253.377
2016-08-17,-268.301
2016-08-18,-231.654
2016-08-19,201.958
2016-08-22,1298.878
2016-08-23,1353.41
2016-08-24,1392.686
2016-08-25,1739.037
2016-08-26,2830.156
2016-08-29,4890.128
2016-08-30,6807.831
2016-08-31,7148.676
2016-09-01,6607.16
2016-09-02,5323.218
2016-09-05,5406.364
2016-09-06,5030.271
2016-09-07,4927.545
2016-09-08,4830.212
2016-09-09,4684.96
2016-09-12,4453.909
2016-09-13,4276.469
2016-09-14,4067.698
2016-09-15,3642.955
2016-09-16,3534.865
2016-09-19,3064.525
2016-09-20,4738.9
2016-09-21,4848.395
2016-09-22,4829.968
2016-09-23,4591.363
2016-09-26,4606.988
2016-09-27,4533.746
2016-09-28,5750.352
2016-09-29,5754.68
2016-09-30,6074.953
2016-10-03,5030.825
2016-10-04,2910.6
2016-10-05,3297.609
2016-10-06,3177.947
2016-10-07,3075.93
2016-10-10,2992.573
2016-10-11,2813.809
2016-10-12,2768.932
2016-10-13,2505.212
2016-10-14,3056.715
2016-10-17,1746.741
2016-10-18,1621.682
2016-10-19,1601.234
2016-10-20,3358.766
2016-10-21,3385.763
2016-10-25,3400.568
2016-10-26,3512.168
2016-10-27,3994.43
2016-10-28,6191.276
2016-10-31,5510.543
2016-11-01,4707.062
2016-11-02,4594.679
2016-11-03,4629.494
2016-11-04,3452.418
2016-11-07,3904.89
2016-11-08,3592.514
2016-11-09,3519.491
2016-11-10,3387.79
2016-11-11,3171.791
2016-11-14,2740.407
2016-11-15,2021.178
2016-11-16,2049.864
2016-11-17,2173.083
2016-11-18,2295.236
2016-11-21,3334.501
2016-11-22,3325.934
2016-11-23,3297.602
2016-11-24,3222.606
2016-11-25,3148.945
2016-11-28,4085.295
2016-11-29,4036.466
2016-11-30,4858.224
2016-12-01,4674.819
2016-12-02,3294.791
2016-12-03,3294.791
2016-12-04,3294.791
2016-12-05,4006.841
2016-12-06,4006.885
2016-12-07,3765.024
2016-12-08,3681.708
2016-12-09,3500.645
2016-12-10,3500.645
2016-12-11,3500.645
2016-12-12,2746.695
2016-12-13,2641.12
2016-12-14,2261.495
2016-12-15,1890.337
2016-12-16,1818.52
2016-12-17,1818.52
2016-12-18,1818.52
2016-12-19,1769.914
2016-12-20,3194.564
2016-12-21,3207.306
2016-12-22,3207.827
2016-12-23,2419.309
2016-12-24,2419.309
2016-12-25,2419.309
2016-12-26,2419.309
2016-12-27,2419.309
2016-12-28,2768.552
2016-12-29,2963.188
2016-12-30,2927.044
2016-12-31,2927.044
2017-01-01,2927.044
2017-01-02,2927.044
2017-01-03,2927.044
2017-01-04,365.606
2017-01-05,308.986
2017-01-06,471.467
2017-01-07,471.467
2017-01-08,471.467
2017-01-09,20.77
2017-01-10,20.141
2017-01-11,-183.837
2017-01-12,-115.02
2017-01-13,1345.726
2017-01-14,1345.734
2017-01-15,1345.734
2017-01-16,1104.416
2017-01-17,3400.374
2017-01-18,2905.41
2017-01-19,3022.092
2017-01-20,3102.857
2017-01-21,5067.895
2017-01-22,5067.895
2017-01-23,4901.114
2017-01-24,4625.578
2017-01-25,4786.711
2017-01-26,4763.565
2017-01-27,4656.424
2017-01-28,5218.964
2017-01-29,5218.964
2017-01-30,4857.76
2017-01-31,5773.873
2017-02-01,5223.997
2017-02-02,5372.563
2017-02-03,5233.836
2017-02-04,3769.235
2017-02-05,3769.235
2017-02-06,3769.235
2017-02-07,3758.794
2017-02-08,3845.821
2017-02-09,3772.812
2017-02-10,3772.444
2017-02-11,3553.9
2017-02-12,3553.9
2017-02-13,3294.779
2017-02-14,3039.933
2017-02-15,2963.081
2017-02-16,2906.613
2017-02-17,2877.439
2017-02-18,2963.728
2017-02-19,2963.728
2017-02-20,2962.234
2017-02-21,4080.843
2017-02-22,3821.36
2017-02-23,3914.038
2017-02-24,3825.259
2017-02-25,3835.512
2017-02-26,3835.512
2017-02-27,3572.139
2017-02-28,5786.91
2017-03-01,4852.778
2017-03-02,5160.435
2017-03-03,3934.026
2017-03-04,3934.026
2017-03-05,3934.026
2017-03-06,3937.549
2017-03-07,3592.165
2017-03-08,3476.499
2017-03-09,3126.115
2017-03-10,4820.493
2017-03-11,4484.587
2017-03-12,4484.587
2017-03-13,4135.238
2017-03-14,3974.713
2017-03-15,3419.645
2017-03-16,3395.056
2017-03-17,3183.396
2017-03-18,3275.229
2017-03-19,3275.229
2017-03-20,3069.246
2017-03-21,4401.465
2017-03-22,4154.212
2017-03-23,4141.991
2017-03-24,4072.763
2017-03-25,4072.763
2017-03-26,4072.763
2017-03-27,3882.583
2017-03-28,3685.008
2017-03-29,5201.227
2017-03-30,6100.971
2017-03-31,6231.401
2017-04-01,6231.401
2017-04-02,6231.401
2017-04-03,4643.585
2017-04-04,3311.99
2017-04-05,3915.944
2017-04-06,4095.76
2017-04-07,3774.421
2017-04-08,3982.71
2017-04-09,3982.71
2017-04-10,3936.745
2017-04-11,3880.431
2017-04-12,3622.265
2017-04-13,3238.24
2017-04-14,2782.39
2017-04-15,2782.39
2017-04-16,2782.39
2017-04-17,2782.39
2017-04-18,2188.207
2017-04-19,1823.242
2017-04-20,1936.237
2017-04-21,3627.484
2017-04-22,3534.69
2017-04-23,3534.69
2017-04-24,3334.428
2017-04-25,3334.428
2017-04-26,3149.014
2017-04-27,3459.62
2017-04-28,4355.326
2017-04-29,4355.326
2017-04-30,4355.326
2017-05-01,3478.441
2017-05-02,3644.076
2017-05-03,3648.941
2017-05-04,3586.796
2017-05-05,4919.441
2017-05-06,4919.441
2017-05-07,4919.441
2017-05-08,6935.876
2017-05-09,6934.125
2017-05-10,6755.806
2017-05-11,6613.758
2017-05-12,6473.022
2017-05-13,6473.336
2017-05-14,6473.336
2017-05-15,6233.267
2017-05-16,5650.55
2017-05-17,5302.082
2017-05-18,5267.255
2017-05-19,5180.915
2017-05-20,5299.916
2017-05-21,5299.916
2017-05-22,4691.049
2017-05-23,6273.356
2017-05-24,6043.348
2017-05-25,6005.118
2017-05-26,6293.277
2017-05-27,6293.277
2017-05-28,6293.277
2017-05-29,6289.606
2017-05-30,6826.17
2017-05-31,7130.847
2017-06-01,7393.951
2017-06-02,6907.695
2017-06-03,5686.06
2017-06-04,5686.06
2017-06-05,5686.06
2017-06-06,5432.386
2017-06-07,5731.055
2017-06-08,5735.04
2017-06-09,5540.596
2017-06-10,5466.178
2017-06-11,5466.178
2017-06-12,5458.233
2017-06-13,4992.232
2017-06-14,4647.253
2017-06-15,4232.2
2017-06-16,3644.671
2017-06-17,3644.671
2017-06-18,3644.671
2017-06-19,3362.653
2017-06-20,3473.604
2017-06-21,5176.833
2017-06-22,5049.506
2017-06-23,5093.172
2017-06-24,5047.318
2017-06-25,5047.318
2017-06-26,4559.563
2017-06-27,4591.95
2017-06-28,4731.388
2017-06-29,6551.018
2017-06-30,7033.206
2017-07-01,7033.206
2017-07-02,7033.206
2017-07-03,4612.047
2017-07-04,3304.737
2017-07-05,3469.868
2017-07-06,3349.873
2017-07-07,3204.882
2017-07-08,3204.882
2017-07-09,3204.882
2017-07-10,3137.946
2017-07-11,2277.288
2017-07-12,1505.614
2017-07-13,1252.814
2017-07-14,920.703
2017-07-15,920.703
2017-07-16,920.703
2017-07-17,1066.787
2017-07-18,993.153
2017-07-19,885.758
2017-07-20,1296.772
2017-07-21,2720.916
2017-07-22,2813.842
2017-07-23,2813.842
2017-07-24,2154.196
2017-07-25,2354.592
2017-07-26,2108.526
2017-07-27,2328.493
2017-07-28,3610.746
2017-07-29,3610.746
2017-07-30,3610.746
2017-07-31,3788.825
2017-08-01,3813.965
2017-08-02,3917.56
2017-08-03,3754.348
2017-08-04,2615.848
2017-08-05,2615.848
2017-08-06,2615.848
2017-08-07,2608.482
2017-08-08,2930.168
2017-08-09,2461.96
2017-08-10,2494.006
2017-08-11,2292.392
2017-08-12,2292.392
2017-08-13,2292.392
2017-08-14,2515.824
2017-08-15,2388.88
2017-08-16,2313.965
2017-08-17,2140.453
2017-08-18,2112.23
2017-08-19,2112.23
2017-08-20,2112.23
2017-08-21,3436.303
2017-08-22,3642.413
2017-08-23,3532.802
2017-08-24,3459.703
2017-08-25,3453.165
2017-08-26,3980.334
2017-08-27,3980.334
2017-08-28,3990.403
2017-08-29,7358.034
2017-08-30,7309.872
2017-08-31,7483.378
2017-09-01,7468.097
2017-09-02,6896.757
2017-09-03,6896.757
2017-09-04,6896.421
2017-09-05,5327.662
2017-09-06,5440.648
2017-09-07,5736.59
2017-09-08,5454.231
2017-09-09,5367.967
2017-09-10,5367.967
2017-09-11,5556.0
2017-09-12,5335.877
2017-09-13,4935.126
2017-09-14,4657.332
2017-09-15,4251.279
2017-09-16,4129.525
2017-09-17,4129.525
2017-09-18,4333.416
2017-09-19,4113.471
2017-09-20,3903.924
2017-09-21,5417.104
2017-09-22,5520.162
2017-09-23,5489.502
2017-09-24,5489.502
2017-09-25,5246.137
2017-09-26,5041.675
2017-09-27,5037.962
2017-09-28,5013.419
2017-09-29,6332.203
2017-09-30,6332.203
2017-10-01,6332.203
2017-10-02,6314.642
2017-10-03,4546.672
2017-10-04,4747.504
2017-10-05,3600.671
2017-10-06,4251.056
2017-10-07,4251.056
2017-10-08,4251.056
2017-10-09,4253.886
2017-10-10,3867.659
2017-10-11,3943.452
2017-10-12,3525.458
2017-10-13,3918.716
2017-10-14,3818.121
2017-10-15,3818.121
2017-10-16,3591.389
2017-10-17,2946.759
2017-10-18,2946.905
2017-10-19,2813.194
2017-10-20,4803.171
2017-10-21,4803.171
2017-10-22,4803.171
2017-10-23,4803.171
2017-10-24,4934.799
2017-10-25,5123.644
2017-10-26,5497.152
2017-10-27,5995.006
2017-10-28,5995.006
2017-10-29,5995.006
2017-10-30,7545.752
2017-10-31,7266.584
2017-11-01,7241.026
2017-11-02,6438.856
2017-11-03,5361.965
2017-11-04,5361.965
2017-11-05,5361.965
2017-11-06,5670.551
2017-11-07,5109.624
2017-11-08,5103.882
2017-11-09,4920.363
2017-11-10,4742.486
2017-11-11,4742.486
2017-11-12,4742.486
2017-11-13,4260.494
2017-11-14,3603.203
2017-11-15,3262.778
2017-11-16,3062.941
2017-11-17,3074.883
2017-11-18,3074.883
2017-11-19,3074.883
2017-11-20,3214.144
2017-11-21,5178.375
2017-11-22,4937.82
2017-11-23,4902.378
2017-11-24,4861.27
2017-11-25,4861.27
2017-11-26,4861.27
2017-11-27,4598.774
2017-11-28,5891.924
2017-11-29,6043.278
2017-11-30,6736.44
2017-12-01,6463.857
2017-12-02,6463.857
2017-12-03,6463.857
2017-12-04,5318.555
2017-12-05,5758.357
2017-12-06,6106.511
2017-12-07,6329.133
2017-12-08,6712.09
2017-12-09,6712.09
2017-12-10,6712.09
2017-12-11,7126.754
2017-12-12,6847.148
2017-12-13,6360.805
2017-12-14,6719.907
2017-12-15,3202.046
2017-12-16,2625.049
2017-12-17,2625.049
2017-12-18,2612.498
2017-12-19,2452.672
2017-12-20,4288.742
2017-12-21,4539.185
2017-12-22,3948.1
2017-12-23,3821.941
2017-12-24,3821.941
2017-12-25,3821.941
2017-12-26,3821.941
2017-12-27,3820.959
2017-12-28,3786.688
2017-12-29,3533.758
2017-12-30,3533.758
2017-12-31,3533.758
2018-01-01,3533.758
2018-01-02,3533.758
2018-01-03,2237.554
2018-01-04,2235.785
2018-01-05,893.858
2018-01-06,893.858
2018-01-07,893.858
2018-01-08,1011.143
2018-01-09,746.388
2018-01-10,307.411
2018-01-11,-83.647
2018-01-12,80.007
2018-01-13,693.234
2018-01-14,693.234
2018-01-15,718.302
2018-01-16,4720.795
2018-01-17,4736.407
2018-01-18,4604.249
2018-01-19,5142.831
2018-01-20,5142.831
2018-01-21,5142.831
2018-01-22,5874.405
2018-01-23,6717.595
2018-01-24,6917.844
2018-01-25,6853.812
2018-01-26,6670.664
2018-01-27,7061.697
2018-01-28,7061.697
2018-01-29,7061.697
2018-01-30,8163.695
2018-01-31,7991.286
2018-02-01,7532.68
2018-02-02,5801.7
2018-02-03,5801.7
2018-02-04,5801.7
2018-02-05,5977.169
2018-02-06,6508.792
2018-02-07,6247.339
2018-02-08,6245.65
2018-02-09,6191.31
2018-02-10,6097.256
2018-02-11,6097.256
2018-02-12,6094.596
2018-02-13,5699.687
2018-02-14,5509.547
2018-02-15,5382.263
2018-02-16,5162.985
2018-02-17,5092.161
2018-02-18,5092.161
2018-02-19,5077.634
2018-02-20,4587.802
2018-02-21,5985.659
2018-02-22,5968.741
2018-02-23,6147.938
2018-02-24,6113.567
2018-02-25,6113.567
2018-02-26,6224.259
2018-02-27,6459.898
2018-02-28,8619.141
2018-03-01,7844.272
2018-03-02,6275.644
2018-03-03,6275.644
2018-03-04,6275.644
2018-03-05,6599.348
2018-03-06,6268.436
2018-03-07,6254.936
2018-03-08,5816.392
2018-03-09,5707.941
2018-03-10,5646.357
2018-03-11,5646.357
2018-03-12,5299.342
2018-03-13,4883.232
2018-03-14,4616.584
2018-03-15,4187.074
2018-03-16,6366.073
2018-03-17,6374.32
2018-03-18,6374.32
2018-03-19,6455.399
2018-03-20,5704.739
2018-03-21,6710.551
2018-03-22,6647.287
2018-03-23,6361.193
2018-03-24,6312.719
2018-03-25,6312.719
2018-03-26,6355.713
2018-03-27,6152.861
2018-03-28,5907.638
2018-03-29,6764.009
2018-03-30,6764.009
2018-03-31,6764.009
2018-04-01,6764.009
2018-04-02,6764.009
2018-04-03,6760.203
2018-04-04,5697.898
2018-04-05,5948.201
2018-04-06,6594.706
2018-04-07,6864.421
2018-04-08,6864.421
2018-04-09,6768.994
2018-04-10,6976.786
2018-04-11,6753.922
2018-04-12,6477.833
2018-04-13,6304.409
2018-04-14,6304.409
2018-04-15,6304.409
2018-04-16,5044.699
2018-04-17,4976.086
2018-04-18,4886.912
2018-04-19,4873.416
2018-04-20,5017.546
2018-04-21,6718.265
2018-04-22,6718.265
2018-04-23,6372.549
2018-04-24,6611.456
2018-04-25,6375.995
2018-04-26,6253.998
2018-04-27,6196.557
2018-04-28,6366.499
2018-04-29,6366.499
2018-04-30,5681.36
2018-05-01,5592.374
2018-05-02,5289.475
2018-05-03,5287.292
2018-05-04,5462.517
2018-05-05,5283.624
2018-05-06,5283.624
2018-05-07,5261.455
2018-05-08,9582.075
2018-05-09,9267.847
2018-05-10,9554.136
2018-05-11,9281.221
2018-05-12,9215.479
2018-05-13,9215.479
2018-05-14,9288.232
2018-05-15,7857.082
2018-05-16,7728.96
2018-05-17,7587.38
2018-05-18,7573.071
2018-05-19,7646.872
2018-05-20,7646.872
2018-05-21,7325.638
2018-05-22,9012.81
2018-05-23,9009.67
2018-05-24,8866.132
2018-05-25,8785.534
2018-05-26,8785.534
2018-05-27,8785.534
2018-05-28,8785.203
2018-05-29,9901.025
2018-05-30,9309.368
2018-05-31,9529.517
2018-06-01,7695.809
2018-06-02,7695.809
2018-06-03,7695.809
2018-06-04,7695.809
2018-06-05,7388.956
2018-06-06,8006.516
2018-06-07,7905.33
2018-06-08,7745.425
2018-06-09,7745.425
2018-06-10,7745.425
2018-06-11,7899.193
2018-06-12,7022.017
2018-06-13,7022.017
2018-06-14,6732.941
2018-06-15,6738.443
2018-06-16,6641.208
2018-06-17,6641.208
2018-06-18,6500.164
2018-06-19,6402.955
2018-06-20,6055.055
2018-06-21,7803.881
2018-06-22,7956.548
2018-06-23,8021.398
2018-06-24,8021.398
2018-06-25,8156.955
2018-06-26,7805.141
2018-06-27,7697.669
2018-06-28,7918.959
2018-06-29,9865.256
2018-06-30,9865.256
2018-07-01,9865.256
2018-07-02,7954.115
2018-07-03,7159.617
2018-07-04,6117.702
2018-07-05,6566.04
2018-07-06,6492.511
2018-07-07,6492.511
2018-07-08,6492.511
2018-07-09,5899.422
2018-07-10,5427.181
2018-07-11,5220.343
2018-07-12,5219.398
2018-07-13,4630.84
2018-07-14,4630.84
2018-07-15,4630.84
2018-07-16,4614.759
2018-07-17,4365.865
2018-07-18,3920.805
2018-07-19,3354.354
2018-07-20,3576.794
2018-07-21,5080.447
2018-07-22,5080.447
2018-07-23,5170.191
2018-07-24,4667.401
2018-07-25,4351.585
2018-07-26,4421.695
2018-07-27,4887.778
2018-07-28,4887.778
2018-07-29,4887.778
2018-07-30,4604.812
2018-07-31,5785.645
2018-08-01,5845.265
2018-08-02,5717.845
2018-08-03,5704.641
2018-08-04,4381.564
2018-08-05,4381.564
2018-08-06,4477.718
2018-08-07,4020.12
2018-08-08,3866.836
2018-08-09,3677.501
2018-08-10,3412.17
2018-08-11,3344.837
2018-08-12,3344.837
2018-08-13,3562.229
2018-08-14,3418.071
2018-08-15,3229.223
2018-08-16,3029.171
2018-08-17,2770.891
2018-08-18,2770.891
2018-08-19,2770.891
2018-08-20,2791.136
2018-08-21,4400.901
2018-08-22,4147.696
2018-08-23,4013.929
2018-08-24,4181.766
2018-08-25,4181.766
2018-08-26,4181.766
2018-08-27,4170.185
2018-08-28,8373.622
2018-08-29,7917.773
2018-08-30,7877.732
2018-08-31,8156.214
2018-09-01,8156.214
2018-09-02,8156.214
2018-09-03,7172.322
2018-09-04,5446.901
2018-09-05,6193.935
2018-09-06,6475.493
2018-09-07,6414.671
2018-09-08,6346.305
2018-09-09,6346.305
2018-09-10,6480.951
2018-09-11,6444.274
2018-09-12,5762.844
2018-09-13,5609.607
2018-09-14,5184.677
2018-09-15,5184.677
2018-09-16,5184.677
2018-09-17,4461.857
2018-09-18,4582.191
2018-09-19,4437.861
2018-09-20,6669.279
2018-09-21,6670.275
2018-09-22,6697.694
2018-09-23,6697.694
2018-09-24,6858.933
2018-09-25,6526.17
2018-09-26,6467.688
2018-09-27,6506.765
2018-09-28,7996.447
2018-09-29,7996.447
2018-09-30,7996.447
2018-10-01,6341.545
2018-10-02,6309.7
2018-10-03,6287.157
2018-10-04,6426.347
2018-10-05,4837.124
2018-10-06,5313.468
2018-10-07,5313.468
2018-10-08,5318.974
2018-10-09,5545.262
2018-10-10,4773.334
2018-10-11,4300.876
2018-10-12,4266.498
2018-10-13,4183.692
2018-10-14,4183.692
2018-10-15,3583.268
2018-10-16,3254.937
2018-10-17,3032.413
2018-10-18,3141.528
2018-10-19,3308.62
2018-10-20,3308.62
2018-10-21,3308.62
2018-10-22,3308.62
2018-10-23,3409.226
2018-10-24,5471.212
2018-10-25,5567.083
2018-10-26,5775.042
2018-10-27,6518.586
2018-10-28,6518.586
2018-10-29,6566.92
2018-10-30,8392.374
2018-10-31,8397.366
2018-11-01,8396.429
2018-11-02,7246.984
2018-11-03,5943.912
2018-11-04,5943.912
2018-11-05,6166.335
2018-11-06,7129.74
2018-11-07,6863.747
2018-11-08,6774.73
2018-11-09,6661.366
2018-11-10,6427.882
2018-11-11,6427.882
2018-11-12,5675.001
2018-11-13,5820.887
2018-11-14,5696.534
2018-11-15,5369.498
2018-11-16,5296.988
2018-11-17,5138.549
2018-11-18,5138.549
2018-11-19,5277.737
2018-11-20,5559.034
2018-11-21,7590.413
2018-11-22,7733.034
2018-11-23,7667.733
2018-11-24,7527.924
2018-11-25,7527.924
2018-11-26,7750.449
2018-11-27,7320.468
2018-11-28,7359.121
2018-11-29,8813.113
2018-11-30,9268.725
2018-12-01,9268.725
2018-12-02,9268.725
2018-12-03,9248.634
2018-12-04,9161.835
2018-12-05,7585.681
2018-12-06,8364.203
2018-12-07,8364.203
2018-12-08,8264.224
2018-12-09,8264.224
2018-12-10,8747.671
2018-12-11,8092.265
2018-12-12,7431.256
2018-12-13,7214.656
2018-12-14,7473.816
2018-12-15,7372.366
2018-12-16,7372.366
2018-12-17,7390.493
2018-12-18,7447.019
2018-12-19,7721.32
2018-12-20,7558.903
2018-12-21,9120.903
2018-12-22,8661.566
2018-12-23,8661.566
2018-12-24,8659.936
2018-12-25,8509.089
2018-12-26,8509.089
2018-12-27,8505.8
2018-12-28,8488.927
2018-12-29,8381.229
2018-12-30,8381.229
2018-12-31,8416.444
2019-01-01,8416.444
2019-01-02,8416.444
2019-01-03,7188.178
2019-01-04,7187.941
2019-01-05,5877.351
2019-01-06,5877.351
2019-01-07,5870.928
2019-01-08,5275.326
2019-01-09,5055.388
2019-01-10,4843.534
2019-01-11,4909.655
2019-01-12,5045.235
2019-01-13,5045.235
2019-01-14,5049.001
2019-01-15,6208.923
2019-01-16,10149.247
2019-01-17,10042.727
2019-01-18,10163.36
2019-01-19,10307.023
2019-01-20,10307.023
2019-01-21,10899.854
2019-01-22,11368.124
2019-01-23,12556.151
2019-01-24,12528.964
2019-01-25,12494.77
2019-01-26,12860.751
2019-01-27,12860.751
2019-01-28,12860.751
2019-01-29,14108.16
2019-01-30,14049.569
2019-01-31,14114.581
2019-02-01,13983.807
2019-02-02,13771.802
2019-02-03,13771.802
2019-02-04,13771.802
2019-02-05,12018.409
2019-02-06,12447.729
2019-02-07,12536.698
2019-02-08,12543.949
2019-02-09,12564.481
2019-02-10,12564.481
2019-02-11,12564.481
2019-02-12,12292.589
2019-02-13,12033.057
2019-02-14,11951.971
2019-02-15,11831.746
2019-02-16,11724.617
2019-02-17,11724.617
2019-02-18,11724.617
2019-02-19,11311.45
2019-02-20,11138.201
2019-02-21,12966.129
2019-02-22,12920.186
2019-02-23,13084.798
2019-02-24,13084.798
2019-02-25,13084.798
2019-02-26,13506.991
2019-02-27,13331.142
2019-02-28,15580.021
2019-03-01,15579.949
2019-03-02,14333.817
2019-03-03,14333.817
2019-03-04,14404.252
2019-03-05,12912.664
2019-03-06,13502.527
2019-03-07,13553.983
2019-03-08,13520.472
2019-03-09,13451.335
2019-03-10,13451.335
2019-03-11,13426.574
2019-03-12,13597.807
2019-03-13,13476.495
2019-03-14,13334.329
2019-03-15,3628.767
2019-03-16,3523.997
2019-03-17,3523.997
2019-03-18,3503.666
2019-03-19,3325.418
2019-03-20,2965.859
2019-03-21,4785.123
2019-03-22,4795.833
2019-03-23,4747.057
2019-03-24,4747.057
2019-03-25,4366.992
2019-03-26,4517.491
2019-03-27,4330.306
2019-03-28,4615.819
2019-03-29,6017.658
2019-03-30,6017.658
2019-03-31,6017.658
2019-04-01,6014.612
2019-04-02,5497.8
2019-04-03,5135.383
2019-04-04,5135.164
2019-04-05,3658.608
2019-04-06,4678.07
2019-04-07,4678.07
2019-04-08,4449.262
2019-04-09,4692.81
2019-04-10,4438.7
2019-04-11,4339.877
2019-04-12,4113.583
2019-04-13,4046.38
2019-04-14,4046.38
2019-04-15,3229.319
2019-04-16,2896.102
2019-04-17,2482.298
2019-04-18,2672.029
2019-04-19,2640.812
2019-04-20,2640.812
2019-04-21,2640.812
2019-04-22,2640.812
2019-04-23,2557.461
2019-04-24,3640.265
2019-04-25,3607.785
2019-04-26,3840.265
2019-04-27,3901.098
2019-04-28,3901.098
2019-04-29,4045.29
2019-04-30,3940.016
2019-05-01,3859.664
2019-05-02,3267.13
2019-05-03,3423.533
2019-05-04,2420.444
2019-05-05,2420.444
2019-05-06,2169.322
2019-05-07,4368.835
2019-05-08,6927.041
2019-05-09,6914.638
2019-05-10,6943.933
2019-05-11,7165.92
2019-05-12,7165.92
2019-05-13,7236.77
2019-05-14,6859.542
2019-05-15,6043.26
2019-05-16,5824.733
2019-05-17,5516.449
2019-05-18,5471.549
2019-05-19,5471.549
2019-05-20,7214.953
2019-05-21,7269.545
2019-05-22,6647.824
2019-05-23,6543.497
2019-05-24,6280.451
2019-05-25,6311.503
2019-05-26,6311.503
2019-05-27,6310.429
2019-05-28,6046.299
2019-05-29,7076.161
2019-05-30,7095.544
2019-05-31,7547.904
2019-06-01,7547.904
2019-06-02,7547.904
2019-06-03,7547.904
2019-06-04,7271.277
2019-06-05,4903.766
2019-06-06,5474.22
2019-06-07,5340.667
2019-06-08,5340.892
2019-06-09,5340.892
2019-06-10,5385.857
2019-06-11,4815.133
2019-06-12,4263.575
2019-06-13,4052.309
2019-06-14,3843.494
2019-06-15,3735.859
2019-06-16,3735.859
2019-06-17,3468.566
2019-06-18,3623.169
2019-06-19,2840.734
2019-06-20,2718.498
2019-06-21,4537.823
2019-06-22,4524.104
2019-06-23,4524.104
2019-06-24,4397.607
2019-06-25,4166.347
2019-06-26,3610.384
2019-06-27,3562.429
2019-06-28,6030.539
2019-06-29,6030.539
2019-06-30,6030.539
2019-07-01,3885.912
2019-07-02,3301.357
2019-07-03,3504.579
2019-07-04,2038.015
2019-07-05,2611.968
2019-07-06,2611.968
2019-07-07,2611.968
2019-07-08,2093.442
2019-07-09,1577.222
2019-07-10,1576.706
2019-07-11,1306.681
2019-07-12,1104.729
2019-07-13,990.932
2019-07-14,990.932
2019-07-15,1147.692
2019-07-16,1184.476
2019-07-17,579.154
2019-07-18,379.322
2019-07-19,158.813
2019-07-20,-9.142
2019-07-21,-9.142
2019-07-22,-1.927
2019-07-23,1281.72
2019-07-24,891.327
2019-07-25,857.229
2019-07-26,838.587
2019-07-27,1285.907
2019-07-28,1285.907
2019-07-29,1382.263
2019-07-30,2970.489
2019-07-31,2695.146
2019-08-01,2694.161
2019-08-02,3117.596
2019-08-03,1726.142
2019-08-04,1726.142
2019-08-05,1725.84
2019-08-06,2117.412
2019-08-07,1548.753
2019-08-08,1408.948
2019-08-09,1248.318
2019-08-10,1164.349
2019-08-11,1164.349
2019-08-12,1141.733
2019-08-13,1450.576
2019-08-14,908.051
2019-08-15,608.823
2019-08-16,467.336
2019-08-17,391.445
2019-08-18,391.445
2019-08-19,393.263
2019-08-20,65.122
2019-08-21,1797.384
2019-08-22,2137.539
2019-08-23,2026.325
2019-08-24,2024.498
2019-08-25,2024.498
2019-08-26,2391.876
2019-08-27,2635.619
2019-08-28,2766.549
2019-08-29,5836.036
2019-08-30,5454.278
2019-08-31,5454.278
2019-09-01,5454.278
2019-09-02,5452.362
2019-09-03,4867.403
2019-09-04,4353.063
2019-09-05,3165.768
2019-09-06,3862.882
2019-09-07,3797.572
2019-09-08,3797.572
2019-09-09,3792.39
2019-09-10,3658.006
2019-09-11,3197.086
2019-09-12,2848.752
2019-09-13,2759.651
2019-09-14,2684.842
2019-09-15,2684.842
2019-09-16,2620.23
2019-09-17,2424.703
2019-09-18,1873.664
2019-09-19,1625.999
2019-09-20,1648.003
2019-09-21,3620.357
2019-09-22,3620.357
2019-09-23,3556.391
2019-09-24,3518.968
2019-09-25,5002.962
2019-09-26,4816.946
2019-09-27,4735.762
2019-09-28,5053.819
2019-09-29,5053.819
2019-09-30,5242.405
2019-10-01,5482.957
2019-10-02,3501.992
2019-10-03,3893.822
2019-10-04,3759.207
2019-10-05,2262.967
2019-10-06,2262.967
2019-10-07,2231.646
2019-10-08,2657.3
2019-10-09,2342.971
2019-10-10,2229.5
2019-10-11,1811.808
2019-10-12,1713.031
2019-10-13,1713.031
2019-10-14,1608.333
2019-10-15,569.077
2019-10-16,124.852
2019-10-17,180.351
2019-10-18,110.62
2019-10-19,14.492
2019-10-20,14.492
2019-10-21,-54.121
2019-10-22,2514.967
2019-10-23,2103.918
2019-10-24,1895.118
2019-10-25,1965.611
2019-10-26,1985.206
2019-10-27,1985.206
2019-10-28,1985.206
2019-10-29,2093.322
2019-10-30,4388.083
2019-10-31,4706.879
2019-11-01,4697.129
2019-11-02,3605.194
2019-11-03,3605.194
2019-11-04,2100.57
2019-11-05,2256.184
2019-11-06,2555.895
2019-11-07,2406.358
2019-11-08,2243.353
2019-11-09,2243.353
2019-11-10,2243.353
2019-11-11,2241.322
2019-11-12,1509.57
2019-11-13,1166.811
2019-11-14,1121.695
2019-11-15,696.361
2019-11-16,571.581
2019-11-17,571.581
2019-11-18,616.68
2019-11-19,956.305
2019-11-20,805.853
2019-11-21,2866.431
2019-11-22,3228.154
2019-11-23,3175.489
2019-11-24,3175.489
2019-11-25,3237.827
2019-11-26,2726.229
2019-11-27,2532.458
2019-11-28,2614.231
2019-11-29,4191.302
2019-11-30,4191.302
2019-12-01,4191.302
2019-12-02,4369.011
2019-12-03,4792.336
2019-12-04,3193.733
2019-12-05,3256.216
2019-12-06,3587.737
2019-12-07,3587.842
2019-12-08,3587.842
2019-12-09,3582.85
2019-12-10,3152.39
2019-12-11,2439.644
2019-12-12,2592.464
2019-12-13,2708.801
2019-12-14,2398.955
2019-12-15,2398.955
2019-12-16,2362.329
2019-12-17,2570.589
2019-12-18,2106.895
2019-12-19,1910.037
2019-12-20,1488.704
2019-12-21,3802.666
2019-12-22,3802.666
2019-12-23,3804.019
2019-12-24,3090.432
2019-12-25,3018.901
2019-12-26,3018.901
2019-12-27,3058.065
2019-12-28,3184.862
2019-12-29,3184.862
2019-12-30,3182.621
2019-12-31,2888.265
2020-01-01,2888.265
2020-01-02,2888.265
2020-01-03,2884.308
2020-01-04,191.772
2020-01-05,191.772
2020-01-06,259.988
2020-01-07,-115.952
2020-01-08,-542.139
2020-01-09,-563.629
2020-01-10,-426.0
2020-01-11,-315.849
2020-01-12,-315.849
2020-01-13,-326.598
2020-01-14,75.795
2020-01-15,525.862
2020-01-16,4384.665
2020-01-17,4303.725
2020-01-18,4726.501
2020-01-19,4726.501
2020-01-20,5882.273
2020-01-21,6121.619
2020-01-22,6878.163
2020-01-23,7353.33
2020-01-24,7215.416
2020-01-25,7262.318
2020-01-26,7262.318
2020-01-27,7262.318
2020-01-28,7432.239
2020-01-29,8877.257
2020-01-30,9004.024
2020-01-31,8812.79
2020-02-01,8812.79
2020-02-02,8812.79
2020-02-03,8674.107
2020-02-04,7956.264
2020-02-05,6131.734
2020-02-06,6885.544
2020-02-07,6830.46
2020-02-08,6716.747
2020-02-09,6716.747
2020-02-10,7249.181
2020-02-11,7031.329
2020-02-12,6866.875
2020-02-13,6244.146
2020-02-14,5750.373
2020-02-15,5673.99
2020-02-16,5673.99
2020-02-17,5523.813
2020-02-18,4831.403
2020-02-19,4480.485
2020-02-20,4226.936
2020-02-21,5884.97
2020-02-22,5833.817
2020-02-23,5833.817
2020-02-24,5938.234
2020-02-25,6247.301
2020-02-26,6163.758
2020-02-27,6271.315
2020-02-28,8617.634
2020-02-29,8617.634
2020-03-01,8617.634
2020-03-02,8341.652
2020-03-03,6704.764
2020-03-04,6712.531
2020-03-05,5270.747
2020-03-06,5985.199
2020-03-07,5868.616
2020-03-08,5868.616
2020-03-09,5623.913
2020-03-10,5661.17
2020-03-11,5327.798
2020-03-12,5001.605
2020-03-13,4715.551
2020-03-14,4554.867
2020-03-15,4554.867
2020-03-16,4533.214
2020-03-17,4158.433
2020-03-18,3933.189
2020-03-19,4044.634
2020-03-20,3919.649
2020-03-21,5399.628
2020-03-22,5399.628
2020-03-23,5479.368
2020-03-24,5171.633
2020-03-25,5160.206
2020-03-26,4499.236
2020-03-27,3379.948
2020-03-28,2709.993
2020-03-29,2709.993
2020-03-30,2664.828
2020-03-31,3528.99
2020-04-01,4327.377
2020-04-02,2899.752
2020-04-03,2361.823
2020-04-04,372.82
2020-04-05,372.82
2020-04-06,455.211
2020-04-07,1105.243
2020-04-08,1190.273
2020-04-09,35.164
2020-04-10,-1371.009
2020-04-11,-1371.009
2020-04-12,-1371.009
2020-04-13,-1371.009
2020-04-14,-226.702
2020-04-15,-1897.248
2020-04-16,-2260.031
2020-04-17,-2477.789
2020-04-18,-2549.311
2020-04-19,-2549.311
2020-04-20,-2463.231
2020-04-21,312.712
2020-04-22,815.014
2020-04-23,628.051
2020-04-24,736.431
2020-04-25,-328.846
2020-04-26,-328.846
2020-04-27,-328.846
2020-04-28,-249.676
2020-04-29,1395.774
2020-04-30,1331.113
2020-05-01,1330.586
2020-05-02,747.778
2020-05-03,747.778
2020-05-04,873.736
2020-05-05,601.875
2020-05-06,1792.66
2020-05-07,2469.27
2020-05-08,6102.175
2020-05-09,5981.116
2020-05-10,5981.116
2020-05-11,6022.94
2020-05-12,6562.923
2020-05-13,6749.094
2020-05-14,6179.885
2020-05-15,4650.169
2020-05-16,4452.093
2020-05-17,4452.093
2020-05-18,4456.362
2020-05-19,4291.191
2020-05-20,6046.643
2020-05-21,7766.801
2020-05-22,7502.239
2020-05-23,7331.69
2020-05-24,7331.69
2020-05-25,7332.376
2020-05-26,7896.774
2020-05-27,8287.931
2020-05-28,8413.828
2020-05-29,9650.114
2020-05-30,9650.114
2020-05-31,9650.114
2020-06-01,9650.114
2020-06-02,9575.348
2020-06-03,10360.432
2020-06-04,8810.15
2020-06-05,7281.324
2020-06-06,7793.88
2020-06-07,7793.88
2020-06-08,7821.744
2020-06-09,8193.61
2020-06-10,8327.233
2020-06-11,8068.314
2020-06-12,7603.01
2020-06-13,7637.075
2020-06-14,7637.075
2020-06-15,7639.796
2020-06-16,8547.703
2020-06-17,8261.274
2020-06-18,7866.143
2020-06-19,7477.749
2020-06-20,7336.286
2020-06-21,7336.286
2020-06-22,7121.523
2020-06-23,15311.36
2020-06-24,15110.014
2020-06-25,15161.785
2020-06-26,14893.302
2020-06-27,15325.669
2020-06-28,15325.669
2020-06-29,15258.488
2020-06-30,18140.111
2020-07-01,15178.012
2020-07-02,15302.35
2020-07-03,13542.05
2020-07-04,13542.05
2020-07-05,13542.05
2020-07-06,13342.018
2020-07-07,13723.202
2020-07-08,14174.885
2020-07-09,13701.643
2020-07-10,13281.554
2020-07-11,12985.441
2020-07-12,12985.441
2020-07-13,12982.006
2020-07-14,13876.207
2020-07-15,12961.178
2020-07-16,12595.7
2020-07-17,11827.694
2020-07-18,11598.653
2020-07-19,11598.653
2020-07-20,11589.343
2020-07-21,17384.614
2020-07-22,17406.954
2020-07-23,17605.903
2020-07-24,17441.958
2020-07-25,17423.698
2020-07-26,17423.698
2020-07-27,17403.551
2020-07-28,18437.438
2020-07-29,20328.676
2020-07-30,20095.259
2020-07-31,19898.173
2020-08-01,19898.173
2020-08-02,19898.173
2020-08-03,20105.461
2020-08-04,17846.209
2020-08-05,18146.234
2020-08-06,19141.815
2020-08-07,18787.281
2020-08-08,18455.38
2020-08-09,18455.38
2020-08-10,18279.251
2020-08-11,19295.223
2020-08-12,18613.515
2020-08-13,18347.737
2020-08-14,18071.274
2020-08-15,18007.58
2020-08-16,18007.58
2020-08-17,18060.987
2020-08-18,18357.277
2020-08-19,18251.944
2020-08-20,18155.306
2020-08-21,20115.878
2020-08-22,20058.098
2020-08-23,20058.098
2020-08-24,20015.77
2020-08-25,19979.915
2020-08-26,20491.967
2020-08-27,20581.541
2020-08-28,21251.768
2020-08-29,24850.322
2020-08-30,24850.322
2020-08-31,23742.216
2020-09-01,29203.495
2020-09-02,28068.764
2020-09-03,27827.493
2020-09-04,27669.808
2020-09-05,26165.814
2020-09-06,26165.814
2020-09-07,26166.147
2020-09-08,27273.231
2020-09-09,26480.191
2020-09-10,26332.282
2020-09-11,25700.224
2020-09-12,25519.191
2020-09-13,25519.191
2020-09-14,25498.302
2020-09-15,25632.92
2020-09-16,25700.085
2020-09-17,25490.612
2020-09-18,25502.957
2020-09-19,25522.669
2020-09-20,25522.669
2020-09-21,25124.609
2020-09-22,28352.081
2020-09-23,27193.248
2020-09-24,26769.873
2020-09-25,26795.535
2020-09-26,27054.501
2020-09-27,27054.501
2020-09-28,27047.291
2020-09-29,29172.016
2020-09-30,28519.596
2020-10-01,28482.017
2020-10-02,26910.374
2020-10-03,25218.804
2020-10-04,25218.804
2020-10-05,25623.346
2020-10-06,26822.048
2020-10-07,25666.242
2020-10-08,25521.755
2020-10-09,25518.618
2020-10-10,25401.263
2020-10-11,25401.263
2020-10-12,25430.499
2020-10-13,25328.968
2020-10-14,24988.391
2020-10-15,23560.412
2020-10-16,23088.344
2020-10-17,23134.187
2020-10-18,23134.187
2020-10-19,23135.004
2020-10-20,23865.564
2020-10-21,25143.712
2020-10-22,25155.908
2020-10-23,25122.074
2020-10-24,24497.773
2020-10-25,24497.773
2020-10-26,24497.773
2020-10-27,24195.259
2020-10-28,25955.418
2020-10-29,29111.666
2020-10-30,28741.543
2020-10-31,28741.543
2020-11-01,28741.543
2020-11-02,28720.075
2020-11-03,27325.909
2020-11-04,30390.307
2020-11-05,28838.503
2020-11-06,28972.06
2020-11-07,28904.444
2020-11-08,28904.444
2020-11-09,28934.42
2020-11-10,28806.222
2020-11-11,28656.023
2020-11-12,28385.706
2020-11-13,28297.895
2020-11-14,28161.788
2020-11-15,28161.788
2020-11-16,27848.696
2020-11-17,28300.222
2020-11-18,26993.93
2020-11-19,26972.28
2020-11-20,27026.376
2020-11-21,29103.097
2020-11-22,29103.097
2020-11-23,29095.367
2020-11-24,29159.604
2020-11-25,29164.578
2020-11-26,29071.038
2020-11-27,29003.1
2020-11-28,29591.281
2020-11-29,29591.281
2020-11-30,31644.87
2020-12-01,32414.845
2020-12-02,30626.741
2020-12-03,30633.249
2020-12-04,30746.926
2020-12-05,29062.548
2020-12-06,29062.548
2020-12-07,29061.15
2020-12-08,29805.196
2020-12-09,29684.974
2020-12-10,29503.995
2020-12-11,29175.984
2020-12-12,29024.34
2020-12-13,29024.34
2020-12-14,29019.29
2020-12-15,29687.424
2020-12-16,28966.015
2020-12-17,28653.057
2020-12-18,28928.173
2020-12-19,28759.918
2020-12-20,28759.918
2020-12-21,28953.788
2020-12-22,31412.993
2020-12-23,31239.276
2020-12-24,30861.254
2020-12-25,30735.275
2020-12-26,30735.275
2020-12-27,30735.275
2020-12-28,30735.275
2020-12-29,30601.727
2020-12-30,30459.982
2020-12-31,28266.555
2021-01-01,28266.555
2021-01-02,28266.555
2021-01-03,28266.555
2021-01-04,28266.555
2021-01-05,28255.821
2021-01-06,26539.663
2021-01-07,26390.399
2021-01-08,26396.342
2021-01-09,26386.438
2021-01-10,26386.438
2021-01-11,26426.516
2021-01-12,26675.106
2021-01-13,25895.091
2021-01-14,26288.585
2021-01-15,27143.726
2021-01-16,31596.148
2021-01-17,31596.148
2021-01-18,31596.402
2021-01-19,31791.863
2021-01-20,31858.891
2021-01-21,34154.371
2021-01-22,34034.139
2021-01-23,33995.983
2021-01-24,33995.983
2021-01-25,34137.152
2021-01-26,33983.441
2021-01-27,34068.245
2021-01-28,34233.397
2021-01-29,36433.345
2021-01-30,36433.345
2021-01-31,36433.345
2021-02-01,36433.345
2021-02-02,35289.218
2021-02-03,35250.091
2021-02-04,35146.777
2021-02-05,33740.963
2021-02-06,34268.264
2021-02-07,34268.264
2021-02-08,34268.264
2021-02-09,34270.935
2021-02-10,37749.636
2021-02-11,37703.431
2021-02-12,37154.322
2021-02-13,37003.293
2021-02-14,37003.293
2021-02-15,36971.999
2021-02-16,36533.654
2021-02-17,36410.149
2021-02-18,36392.128
2021-02-19,36631.672
2021-02-20,36589.534
2021-02-21,36589.534
2021-02-22,36351.562
2021-02-23,38540.72
2021-02-24,38141.913
2021-02-25,38049.227
2021-02-26,38443.768
2021-02-27,38443.768
2021-02-28,38443.768
2021-03-01,38116.358
2021-03-02,38734.011
2021-03-03,38686.241
2021-03-04,38545.674
2021-03-05,37012.22
2021-03-06,37627.482
2021-03-07,37627.482
2021-03-08,38050.205
2021-03-09,38303.571
2021-03-10,37905.897
2021-03-11,37544.76
2021-03-12,37399.877
2021-03-13,37279.826
2021-03-14,37279.826
2021-03-15,37134.907
2021-03-16,36955.135
2021-03-17,36573.838
2021-03-18,36546.843
2021-03-19,37115.684
2021-03-20,37115.935
2021-03-21,37115.935
2021-03-22,37038.914
2021-03-23,39709.891
2021-03-24,39293.774
2021-03-25,39213.186
2021-03-26,39309.898
2021-03-27,39662.906
2021-03-28,39662.906
2021-03-29,39581.659
2021-03-30,41774.8
2021-03-31,42043.568
2021-04-01,42021.172
2021-04-02,38829.46
2021-04-03,38829.46
2021-04-04,38829.46
2021-04-05,38829.46
2021-04-06,38837.187
2021-04-07,39733.767
2021-04-08,40377.44
2021-04-09,40021.924
2021-04-10,39730.201
2021-04-11,39730.201
2021-04-12,39732.61
2021-04-13,39279.408
2021-04-14,38748.714
2021-04-15,37391.47
2021-04-16,36563.581
2021-04-17,36715.183
2021-04-18,36715.183
2021-04-19,36715.709
2021-04-20,37751.783
2021-04-21,39374.388
2021-04-22,39620.727
2021-04-23,39584.777
2021-04-24,38991.974
2021-04-25,38991.974
2021-04-26,38991.974
2021-04-27,38971.822
2021-04-28,39616.949
2021-04-29,39770.841
2021-04-30,40059.908
2021-05-01,40059.908
2021-05-02,40059.908
2021-05-03,39971.191
2021-05-04,39898.639
2021-05-05,38102.551
2021-05-06,39186.0
2021-05-07,40629.144
2021-05-08,45265.347
2021-05-09,45265.347
2021-05-10,45150.377
2021-05-11,44656.263
2021-05-12,44403.897
2021-05-13,44080.357
2021-05-14,44415.635
2021-05-15,44333.214
2021-05-16,44333.214
2021-05-17,32935.904
2021-05-18,33014.602
2021-05-19,32055.209
2021-05-20,32526.066
2021-05-21,34505.745
2021-05-22,34613.793
2021-05-23,34613.793
2021-05-24,34320.49
2021-05-25,33673.299
2021-05-26,34045.898
2021-05-27,34033.397
2021-05-28,34453.915
2021-05-29,36538.641
2021-05-30,36538.641
2021-05-31,36497.31
2021-06-01,35705.966
2021-06-02,35267.152
2021-06-03,35314.898
2021-06-04,35335.051
2021-06-05,33097.684
2021-06-06,33097.684
2021-06-07,33097.684
2021-06-08,33067.817
2021-06-09,33690.372
2021-06-10,33574.76
2021-06-11,33136.68
2021-06-12,33014.009
2021-06-13,33014.009
2021-06-14,33157.475
2021-06-15,32932.158
2021-06-16,35052.953
2021-06-17,34850.961
2021-06-18,34745.013
2021-06-19,34652.572
2021-06-20,34652.572
2021-06-21,34083.525
2021-06-22,35656.4
2021-06-23,35783.06
2021-06-24,35627.684
2021-06-25,35574.778
2021-06-26,35877.609
2021-06-27,35877.609
2021-06-28,35864.458
2021-06-29,39739.117
2021-06-30,39023.095
2021-07-01,36182.309
2021-07-02,34559.969
2021-07-03,34559.969
2021-07-04,34559.969
2021-07-05,34709.304
2021-07-06,34531.34
2021-07-07,34220.404
2021-07-08,34105.754
2021-07-09,33714.833
2021-07-10,33596.445
2021-07-11,33596.445
2021-07-12,33599.579
2021-07-13,33873.223
2021-07-14,33361.554
2021-07-15,32466.728
2021-07-16,31887.949
2021-07-17,31723.954
2021-07-18,31723.954
2021-07-19,31757.101
2021-07-20,31706.065
2021-07-21,34147.557
2021-07-22,34113.45
2021-07-23,33931.892
2021-07-24,33823.258
2021-07-25,33823.258
2021-07-26,33809.337
2021-07-27,34173.815
2021-07-28,33587.09
2021-07-29,37906.82
2021-07-30,37609.784
2021-07-31,37609.784
2021-08-01,37609.784
2021-08-02,36462.295
2021-08-03,36984.144
2021-08-04,36747.452
2021-08-05,35072.491
2021-08-06,35786.117
2021-08-07,35717.01
2021-08-08,35717.01
2021-08-09,35714.847
2021-08-10,36174.698
2021-08-11,35392.619
2021-08-12,35195.68
2021-08-13,35036.254
2021-08-14,34906.998
2021-08-15,34906.998
2021-08-16,34915.063
2021-08-17,34608.002
2021-08-18,34422.556
2021-08-19,34422.468
2021-08-20,34241.679
2021-08-21,36432.24
2021-08-22,36432.24
2021-08-23,36457.353
2021-08-24,36876.349
2021-08-25,36271.999
2021-08-26,36422.171
2021-08-27,36689.242
2021-08-28,38247.606
2021-08-29,38247.606
2021-08-30,38297.907
2021-08-31,40251.03
2021-09-01,40498.597
2021-09-02,39662.272
2021-09-03,39563.955
2021-09-04,37958.293
2021-09-05,37958.293
2021-09-06,37959.131
2021-09-07,39221.286
2021-09-08,38161.342
2021-09-09,37953.069
2021-09-10,37606.311
2021-09-11,37345.556
2021-09-12,37345.556
2021-09-13,37323.127
2021-09-14,36701.047
2021-09-15,36038.675
2021-09-16,35834.492
2021-09-17,35757.77
2021-09-18,35632.577
2021-09-19,35632.577
2021-09-20,35422.839
2021-09-21,37908.329
2021-09-22,37309.871
2021-09-23,37312.614
2021-09-24,40307.211
2021-09-25,40277.358
2021-09-26,40277.358
2021-09-27,40281.537
2021-09-28,40228.808
2021-09-29,41365.409
2021-09-30,41118.393
2021-10-01,41119.699
2021-10-02,39364.439
2021-10-03,39364.439
2021-10-04,39364.698
2021-10-05,38033.933
2021-10-06,38226.647
2021-10-07,37793.274
2021-10-08,37503.078
2021-10-09,37429.953
2021-10-10,37429.953
2021-10-11,37422.168
2021-10-12,37009.885
2021-10-13,36435.115
2021-10-14,36008.106
2021-10-15,34435.173
2021-10-16,34309.573
2021-10-17,34309.573
2021-10-18,34310.357
2021-10-19,34513.115
2021-10-20,33860.704
2021-10-21,36291.576
2021-10-22,36173.94
2021-10-23,35543.775
2021-10-24,35543.775
2021-10-25,35543.775
2021-10-26,35525.813
2021-10-27,35860.36
2021-10-28,36008.412
2021-10-29,37451.855
2021-10-30,37451.855
2021-10-31,37451.855
2021-11-01,36191.883
2021-11-02,36580.897
2021-11-03,35788.35
2021-11-04,35972.043
2021-11-05,35087.21
2021-11-06,35587.507
2021-11-07,35587.507
2021-11-08,35551.243
2021-11-09,35307.646
2021-11-10,34988.188
2021-11-11,34543.269
2021-11-12,34393.853
2021-11-13,34141.444
2021-11-14,34141.444
2021-11-15,33611.836
2021-11-16,33716.922
2021-11-17,32873.763
2021-11-18,32724.024
2021-11-19,32773.557
2021-11-20,32946.798
2021-11-21,32946.798
2021-11-22,32455.488
2021-11-23,34558.423
2021-11-24,34097.42
2021-11-25,33999.431
2021-11-26,33707.277
2021-11-27,34021.613
2021-11-28,34021.613
2021-11-29,33974.312
2021-11-30,35938.418
2021-12-01,34799.314
2021-12-02,34852.156
2021-12-03,34675.456
2021-12-04,32802.06
2021-12-05,32802.06
2021-12-06,32826.734
2021-12-07,33460.158
2021-12-08,33101.876
2021-12-09,32862.815
2021-12-10,32638.388
2021-12-11,32294.825
2021-12-12,32294.825
2021-12-13,32243.689
2021-12-14,32452.732
2021-12-15,31788.649
2021-12-16,31788.463
2021-12-17,31589.957
2021-12-18,31434.106
2021-12-19,31434.106
2021-12-20,31432.469
2021-12-21,33558.701
2021-12-22,32827.651
2021-12-23,32826.615
2021-12-24,32357.37
2021-12-25,32084.235
2021-12-26,32084.235
2021-12-27,32084.235
2021-12-28,32084.235
2021-12-29,32122.148
2021-12-30,32164.72
2021-12-31,29615.025
2022-01-01,29615.025
2022-01-02,29615.025
2022-01-03,29615.025
2022-01-04,29615.025
2022-01-05,29610.109
2022-01-06,27868.449
2022-01-07,27940.197
2022-01-08,27931.995
2022-01-09,27931.995
2022-01-10,27931.778
2022-01-11,28132.637
2022-01-12,26905.063
2022-01-13,26245.613
2022-01-14,26519.384
2022-01-15,28201.498
2022-01-16,28201.498
2022-01-17,31392.287
2022-01-18,31057.553
2022-01-19,31075.222
2022-01-20,31468.133
2022-01-21,34349.087
2022-01-22,34316.466
2022-01-23,34316.466
2022-01-24,34292.763
2022-01-25,34405.494
2022-01-26,34187.51
2022-01-27,34066.496
2022-01-28,34385.534
2022-01-29,36778.386
2022-01-30,36778.386
2022-01-31,35683.72
2022-02-01,34738.063
2022-02-02,34801.797
2022-02-03,34716.074
2022-02-04,34538.612
2022-02-05,32876.998
2022-02-06,32876.998
2022-02-07,32876.998
2022-02-08,32872.889
2022-02-09,33118.832
2022-02-10,33058.006
2022-02-11,32902.616
2022-02-12,32751.306
2022-02-13,32751.306
2022-02-14,32698.398
2022-02-15,32033.891
2022-02-16,31439.844
2022-02-17,31120.729
2022-02-18,31090.465
2022-02-19,30965.152
2022-02-20,30965.152
2022-02-21,30965.449
2022-02-22,33432.991
2022-02-23,32924.343
2022-02-24,32776.652
2022-02-25,32702.58
2022-02-26,32984.794
2022-02-27,32984.794
2022-02-28,35367.558
2022-03-01,35556.479
2022-03-02,33515.84
2022-03-03,33359.04
2022-03-04,33141.819
2022-03-05,31436.267
2022-03-06,31436.267
2022-03-07,31386.499
2022-03-08,32202.253
2022-03-09,31280.758
2022-03-10,31451.095
2022-03-11,30861.64
2022-03-12,30862.491
2022-03-13,30862.491
2022-03-14,30680.221
2022-03-15,29752.375
2022-03-16,28719.728
2022-03-17,28388.706
2022-03-18,28307.999
2022-03-19,28265.655
2022-03-20,28265.655
2022-03-21,27764.11
2022-03-22,30334.334
2022-03-23,29601.024
2022-03-24,29365.518
2022-03-25,29738.706
2022-03-26,29948.465
2022-03-27,29948.465
2022-03-28,29948.386
2022-03-29,32079.831
2022-03-30,31380.815
2022-03-31,31162.834
2022-04-01,29342.918
2022-04-02,29343.771
2022-04-03,29343.771
2022-04-04,29330.281
2022-04-05,27974.338
2022-04-06,28478.268
2022-04-07,28231.126
2022-04-08,28819.955
2022-04-09,28800.39
2022-04-10,28800.39
2022-04-11,28617.361
2022-04-12,28090.18
2022-04-13,27130.539
2022-04-14,26534.333
2022-04-15,26252.141
2022-04-16,26252.141
2022-04-17,26252.141
2022-04-18,26252.141
2022-04-19,25122.809
2022-04-20,25095.267
2022-04-21,27503.436
2022-04-22,27452.683
2022-04-23,26981.416
2022-04-24,26981.416
2022-04-25,26981.416
2022-04-26,26837.394
2022-04-27,26805.134
2022-04-28,26789.85
2022-04-29,26819.108
2022-04-30,26819.108
2022-05-01,26819.108
2022-05-02,26963.866
2022-05-03,26523.18
2022-05-04,25830.139
2022-05-05,24470.207
2022-05-06,25655.932
2022-05-07,27696.264
2022-05-08,27696.264
2022-05-09,27860.942
2022-05-10,32173.106
2022-05-11,31576.093
2022-05-12,31649.571
2022-05-13,31602.084
2022-05-14,31508.873
2022-05-15,31508.873
2022-05-16,31140.368
2022-05-17,30848.397
2022-05-18,30954.384
2022-05-19,31022.99
2022-05-20,31081.401
2022-05-21,33459.832
2022-05-22,33459.832
2022-05-23,33464.392
2022-05-24,32736.567
2022-05-25,32369.389
2022-05-26,32288.414
2022-05-27,32108.094
2022-05-28,32610.05
2022-05-29,32610.05
2022-05-30,32609.502
2022-05-31,33398.298
2022-06-01,32498.543
2022-06-02,32530.559
2022-06-03,32827.768
2022-06-04,30234.94
2022-06-05,30234.94
2022-06-06,30234.94
2022-06-07,30286.765
2022-06-08,30890.631
2022-06-09,30830.716
2022-06-10,30308.521
2022-06-11,30182.616
2022-06-12,30182.616
2022-06-13,30183.948
2022-06-14,30204.896
2022-06-15,29479.04
2022-06-16,29359.091
2022-06-17,28826.241
2022-06-18,28969.169
2022-06-19,28969.169
2022-06-20,28844.363
2022-06-21,31154.739
2022-06-22,30485.894
2022-06-23,30523.257
2022-06-24,30416.213
2022-06-25,30416.213
2022-06-26,30416.213
2022-06-27,30395.896
2022-06-28,30969.563
2022-06-29,33842.448
2022-06-30,33147.79
2022-07-01,30734.298
2022-07-02,30734.298
2022-07-03,30734.298
2022-07-04,27819.921
2022-07-05,28029.375
2022-07-06,27607.081
2022-07-07,27607.06
2022-07-08,27033.692
2022-07-09,26807.716
2022-07-10,26807.716
2022-07-11,26737.007
2022-07-12,26263.036
2022-07-13,26054.363
2022-07-14,25909.178
2022-07-15,25753.404
2022-07-16,25502.741
2022-07-17,25502.741
2022-07-18,25509.121
2022-07-19,25070.307
2022-07-20,24653.892
2022-07-21,27715.588
2022-07-22,26993.75
2022-07-23,26929.092
2022-07-24,26929.092
2022-07-25,26932.613
2022-07-26,27207.672
2022-07-27,26884.852
2022-07-28,27220.208
2022-07-29,29648.858
2022-07-30,29648.858
2022-07-31,29648.858
2022-08-01,28188.241
2022-08-02,28641.311
2022-08-03,28232.926
2022-08-04,25911.251
2022-08-05,25623.793
2022-08-06,26251.876
2022-08-07,26251.876
2022-08-08,26250.606
2022-08-09,26528.001
2022-08-10,25965.196
2022-08-11,25658.607
2022-08-12,25325.388
2022-08-13,25228.353
2022-08-14,25228.353
2022-08-15,25020.367
2022-08-16,24703.179
2022-08-17,23850.643
2022-08-18,23775.824
2022-08-19,23853.94
2022-08-20,24053.166
2022-08-21,24053.166
2022-08-22,24133.083
2022-08-23,27305.098
2022-08-24,26874.895
2022-08-25,27009.407
2022-08-26,27312.488
2022-08-27,28847.278
2022-08-28,28847.278
2022-08-29,28616.39
2022-08-30,31566.634
2022-08-31,32166.49
2022-09-01,31222.303
2022-09-02,31221.774
2022-09-03,29249.072
2022-09-04,29249.072
2022-09-05,29255.549
2022-09-06,30576.352
2022-09-07,30217.945
2022-09-08,29685.959
2022-09-09,29535.902
2022-09-10,29404.624
2022-09-11,29404.624
2022-09-12,29378.394
2022-09-13,29037.743
2022-09-14,28511.03
2022-09-15,28179.654
2022-09-16,28452.476
2022-09-17,28511.087
2022-09-18,28511.087
2022-09-19,28441.167
2022-09-20,28623.715
2022-09-21,31480.789
2022-09-22,31337.608
2022-09-23,31075.281
2022-09-24,30400.943
2022-09-25,30400.943
2022-09-26,30400.943
2022-09-27,30408.408
2022-09-28,30438.368
2022-09-29,31983.145
2022-09-30,31830.599
2022-10-01,31830.599
2022-10-02,31830.599
2022-10-03,31793.145
2022-10-04,28173.085
2022-10-05,27971.727
2022-10-06,28491.205
2022-10-07,28483.271
2022-10-08,28394.637
2022-10-09,28394.637
2022-10-10,28394.26
2022-10-11,27999.421
2022-10-12,27724.55
2022-10-13,27448.367
2022-10-14,26323.909
2022-10-15,26233.489
2022-10-16,26233.489
2022-10-17,24877.992
2022-10-18,25132.163
2022-10-19,24900.854
2022-10-20,24730.067
2022-10-21,27146.243
2022-10-22,26303.552
2022-10-23,26303.552
2022-10-24,26303.552
2022-10-25,26269.876
2022-10-26,26367.394
2022-10-27,26457.934
2022-10-28,26872.726
2022-10-29,30538.084
2022-10-30,30538.084
2022-10-31,30286.421
2022-11-01,28854.258
2022-11-02,28799.607
2022-11-03,28601.926
2022-11-04,26953.621
2022-11-05,26614.169
2022-11-06,26614.169
2022-11-07,26659.968
2022-11-08,26910.138
2022-11-09,26475.064
2022-11-10,26171.633
2022-11-11,25996.922
2022-11-12,25828.512
2022-11-13,25828.512
2022-11-14,25467.268
2022-11-15,24865.545
2022-11-16,24540.544
2022-11-17,24262.068
2022-11-18,24163.593
2022-11-19,24509.437
2022-11-20,24509.437
2022-11-21,24408.835
2022-11-22,29736.877
2022-11-23,29278.818
2022-11-24,29105.023
2022-11-25,29089.221
2022-11-26,29222.115
2022-11-27,29222.115
2022-11-28,28982.243
2022-11-29,32009.82
2022-11-30,29804.888
2022-12-01,29818.461
2022-12-02,29096.893
2022-12-03,26459.94
2022-12-04,26459.94
2022-12-05,26500.514
2022-12-06,26574.895
2022-12-07,26570.862
2022-12-08,26392.154
2022-12-09,26218.907
2022-12-10,26261.842
2022-12-11,26261.842
2022-12-12,26250.351
2022-12-13,25420.053
2022-12-14,25170.689
2022-12-15,24800.162
2022-12-16,24352.679
2022-12-17,24288.091
2022-12-18,24288.091
2022-12-19,23805.812
2022-12-20,23559.021
2022-12-21,26004.546
2022-12-22,26013.233
2022-12-23,26468.588
2022-12-24,26204.63
2022-12-25,26204.63
2022-12-26,26204.63
2022-12-27,26204.63
2022-12-28,26195.889
2022-12-29,26267.049
2022-12-30,23282.412
2022-12-31,23282.412
2023-01-01,23282.412
2023-01-02,23282.412
2023-01-03,23282.412
2023-01-04,23310.264
2023-01-05,21367.353
2023-01-06,21091.286
2023-01-07,21056.806
2023-01-08,21056.806
2023-01-09,21003.176
2023-01-10,21150.256
2023-01-11,20613.57
2023-01-12,20838.535
2023-01-13,20512.92
2023-01-14,21885.357
2023-01-15,21885.357
2023-01-16,21917.937
2023-01-17,26345.76
2023-01-18,25192.222
2023-01-19,25731.612
2023-01-20,25969.891
2023-01-21,29251.239
2023-01-22,29251.239
2023-01-23,29187.876
2023-01-24,29205.521
2023-01-25,29223.287
2023-01-26,29330.752
2023-01-27,29254.143
2023-01-28,30045.287
2023-01-29,30045.287
2023-01-30,30045.287
2023-01-31,31087.544
2023-02-01,30973.354
2023-02-02,30509.919
2023-02-03,30862.864
2023-02-04,28829.57
2023-02-05,28829.57
2023-02-06,28829.57
2023-02-07,28880.242
2023-02-08,29592.776
2023-02-09,29403.719
2023-02-10,29323.064
2023-02-11,29135.688
2023-02-12,29135.688
2023-02-13,29206.329
2023-02-14,28670.945
2023-02-15,28064.452
2023-02-16,27536.567
2023-02-17,27085.151
2023-02-18,27103.958
2023-02-19,27103.958
2023-02-20,27104.237
2023-02-21,30078.395
2023-02-22,29568.913
2023-02-23,29508.391
2023-02-24,29707.712
2023-02-25,29634.8
2023-02-26,29634.8
2023-02-27,29580.315
2023-02-28,32109.508
2023-03-01,32352.143
2023-03-02,30833.003
2023-03-03,30659.301
2023-03-04,28458.032
2023-03-05,28458.032
2023-03-06,28374.533
2023-03-07,29987.921
2023-03-08,29402.835
2023-03-09,29212.765
2023-03-10,28871.726
2023-03-11,28741.585
2023-03-12,28741.585
2023-03-13,29034.084
2023-03-14,32404.421
2023-03-15,31833.209
2023-03-16,31644.648
2023-03-17,30853.947
2023-03-18,30904.572
2023-03-19,30904.572
2023-03-20,30832.757
2023-03-21,33748.081
2023-03-22,33206.667
2023-03-23,33022.518
2023-03-24,33382.839
2023-03-25,33370.38
2023-03-26,33370.38
2023-03-27,33367.311
2023-03-28,33443.902
2023-03-29,35809.292
2023-03-30,35515.099
2023-03-31,35781.059
2023-04-01,35781.059
2023-04-02,35781.059
2023-04-03,31598.362
2023-04-04,31943.5
2023-04-05,31317.809
2023-04-06,31424.232
2023-04-07,31033.802
2023-04-08,31033.802
2023-04-09,31033.802
2023-04-10,31033.802
2023-04-11,31028.856
2023-04-12,31457.671
2023-04-13,31574.26
2023-04-14,32483.56
2023-04-15,32108.651
2023-04-16,32108.651
2023-04-17,16147.317
2023-04-18,16433.817
2023-04-19,15150.682
2023-04-20,15076.092
2023-04-21,18314.493
2023-04-22,17429.781
2023-04-23,17429.781
2023-04-24,17438.853
2023-04-25,17143.821
2023-04-26,17509.749
2023-04-27,17669.548
2023-04-28,17348.515
2023-04-29,17348.515
2023-04-30,17348.515
2023-05-01,16795.489
2023-05-02,16738.707
2023-05-03,16327.097
2023-05-04,14190.093
2023-05-05,14576.627
2023-05-06,17332.019
2023-05-07,17332.019
2023-05-08,17330.51
2023-05-09,22149.767
2023-05-10,21739.397
2023-05-11,21345.432
2023-05-12,21659.819
2023-05-13,21457.224
2023-05-14,21457.224
2023-05-15,20615.914
2023-05-16,20758.073
2023-05-17,19681.79
2023-05-18,19252.224
2023-05-19,19171.6
2023-05-20,19389.59
2023-05-21,19389.59
2023-05-22,19389.48
2023-05-23,21518.631
2023-05-24,21572.789
2023-05-25,21353.271
2023-05-26,21358.283
2023-05-27,21564.477
2023-05-28,21564.477
2023-05-29,21660.646
2023-05-30,23620.611
2023-05-31,22692.168
2023-06-01,22687.23
2023-06-02,21605.811
2023-06-03,19009.951
2023-06-04,19009.951
2023-06-05,19009.951
2023-06-06,19038.83
2023-06-07,20152.595
2023-06-08,19456.468
2023-06-09,18875.085
2023-06-10,18613.054
2023-06-11,18613.054
2023-06-12,18579.488
2023-06-13,18841.335
2023-06-14,18193.987
2023-06-15,17918.807
2023-06-16,17404.469
2023-06-17,17381.467
2023-06-18,17381.467
2023-06-19,17066.305
2023-06-20,16553.902
2023-06-21,19243.212
2023-06-22,18891.665
2023-06-23,18774.455
2023-06-24,18583.964
2023-06-25,18583.964
2023-06-26,18618.134
2023-06-27,18727.225
2023-06-28,18891.527
2023-06-29,22245.297
2023-06-30,21599.143
2023-07-01,21599.143
2023-07-02,21599.143
2023-07-03,15742.218
2023-07-04,15709.699
2023-07-05,16824.522
2023-07-06,16112.612
2023-07-07,15477.347
2023-07-08,15477.347
2023-07-09,15477.347
2023-07-10,15530.077
2023-07-11,15322.562
2023-07-12,14670.225
2023-07-13,18480.305
2023-07-14,18286.396
2023-07-15,18286.396
2023-07-16,18286.396
2023-07-17,18364.454
2023-07-18,16920.499
2023-07-19,16863.303
2023-07-20,16441.173
2023-07-21,19162.398
2023-07-22,18830.823
2023-07-23,18830.823
2023-07-24,18855.34
2023-07-25,19091.316
2023-07-26,18711.23
2023-07-27,19012.351
2023-07-28,19329.989
2023-07-29,22191.486
2023-07-30,22191.486
2023-07-31,21117.017
2023-08-01,20200.34
2023-08-02,20484.613
2023-08-03,20404.702
2023-08-04,18298.274
2023-08-05,18121.759
2023-08-06,18121.759
2023-08-07,18275.781
2023-08-08,19412.665
2023-08-09,19110.283
2023-08-10,18817.522
2023-08-11,18664.833
2023-08-12,18483.367
2023-08-13,18483.367
2023-08-14,18350.692
2023-08-15,17606.302
2023-08-16,17149.259
2023-08-17,16589.119
2023-08-18,16830.537
2023-08-19,16674.629
2023-08-20,16674.629
2023-08-21,17057.864
2023-08-22,20205.811
2023-08-23,19762.794
2023-08-24,19668.47
2023-08-25,19783.476
2023-08-26,20432.151
2023-08-27,20432.151
2023-08-28,20726.438
2023-08-29,25249.115
2023-08-30,25052.922
2023-08-31,24904.487
2023-09-01,21921.688
2023-09-02,21921.688
2023-09-03,21921.688
2023-09-04,21937.285
2023-09-05,22135.14
2023-09-06,22970.339
2023-09-07,22972.834
2023-09-08,22612.42
2023-09-09,22086.824
2023-09-10,22086.824
2023-09-11,22102.071
2023-09-12,21667.201
2023-09-13,21123.484
2023-09-14,21431.206
2023-09-15,21009.407
2023-09-16,20917.935
2023-09-17,20917.935
2023-09-18,20939.456
2023-09-19,20892.087
2023-09-20,20702.878
2023-09-21,23686.964
2023-09-22,23638.18
2023-09-23,23729.91
2023-09-24,23729.91
2023-09-25,23732.98
2023-09-26,23343.534
2023-09-27,23071.684
2023-09-28,23209.964
2023-09-29,24932.23
2023-09-30,24932.23
2023-10-01,24932.23
2023-10-02,23141.313
2023-10-03,23278.891
2023-10-04,20977.293
2023-10-05,20765.16
2023-10-06,21626.607
2023-10-07,21533.381
2023-10-08,21533.381
2023-10-09,21544.59
2023-10-10,21199.566
2023-10-11,21026.57
2023-10-12,20375.104
2023-10-13,20067.111
2023-10-14,19967.824
2023-10-15,19967.824
2023-10-16,18447.344
2023-10-17,18802.394
2023-10-18,17096.703
2023-10-19,17676.924
2023-10-20,17908.43
2023-10-21,20250.665
2023-10-22,20250.665
2023-10-23,20250.665
2023-10-24,20339.255
2023-10-25,20061.796
2023-10-26,20350.539
2023-10-27,20480.573
2023-10-28,21328.748
2023-10-29,21328.748
2023-10-30,21843.586
2023-10-31,24279.603
2023-11-01,24112.663
2023-11-02,22349.003
2023-11-03,22641.859
2023-11-04,19140.751
2023-11-05,19140.751
2023-11-06,18919.198
2023-11-07,20429.324
2023-11-08,20370.145
2023-11-09,20181.967
2023-11-10,19566.01
2023-11-11,19439.275
2023-11-12,19439.275
2023-11-13,18845.902
2023-11-14,18852.514
2023-11-15,17818.745
2023-11-16,17566.208
2023-11-17,18298.238
2023-11-18,18316.978
2023-11-19,18316.978
2023-11-20,19212.434
2023-11-21,22655.366
2023-11-22,22488.393
2023-11-23,22285.108
2023-11-24,22739.192
2023-11-25,22771.312
2023-11-26,22771.312
2023-11-27,22695.524
2023-11-28,23495.403
2023-11-29,25003.165
2023-11-30,24798.582
2023-12-01,23892.112
2023-12-02,20274.608
2023-12-03,20274.608
2023-12-04,20206.123
2023-12-05,20975.585
2023-12-06,21472.794
2023-12-07,21465.313
2023-12-08,22083.901
2023-12-09,21338.882
2023-12-10,21338.882
2023-12-11,21598.437
2023-12-12,21943.2
2023-12-13,21032.078
2023-12-14,20760.073
2023-12-15,20088.063
2023-12-16,19751.422
2023-12-17,19751.422
2023-12-18,19742.719
2023-12-19,19145.554
2023-12-20,21453.182
2023-12-21,21445.418
2023-12-22,21133.623
2023-12-23,20884.254
2023-12-24,20884.254
2023-12-25,20884.254
2023-12-26,20884.254
2023-12-27,20925.878
2023-12-28,20668.059
2023-12-29,19637.197
2023-12-30,19637.197
2023-12-31,19637.197
2024-01-01,19637.197
2024-01-02,19637.197
2024-01-03,15230.307
2024-01-04,14589.983
2024-01-05,14033.085
2024-01-06,14116.472
2024-01-07,14116.472
2024-01-08,14012.867
2024-01-09,14043.059
2024-01-10,14310.391
2024-01-11,15039.004
2024-01-12,16153.104
2024-01-13,16731.208
2024-01-14,16731.208
2024-01-15,17241.433
2024-01-16,21798.835
2024-01-17,20429.137
2024-01-18,20915.459
2024-01-19,20991.94
2024-01-20,21418.123
2024-01-21,21418.123
2024-01-22,21418.123
2024-01-23,24499.531
2024-01-24,25116.274
2024-01-25,24933.535
2024-01-26,25328.703
2024-01-27,25816.948
2024-01-28,25816.948
2024-01-29,25965.587
2024-01-30,26990.776
2024-01-31,27028.041
2024-02-01,26195.606
2024-02-02,25852.698
2024-02-03,23478.518
2024-02-04,23478.518
2024-02-05,23429.988
2024-02-06,24293.82
2024-02-07,24841.023
2024-02-08,24840.101
2024-02-09,24692.318
2024-02-10,24390.976
2024-02-11,24390.976
2024-02-12,24413.511
2024-02-13,23841.198
2024-02-14,22696.859
2024-02-15,23242.238
2024-02-16,22517.317
2024-02-17,22529.867
2024-02-18,22529.867
2024-02-19,22194.604
2024-02-20,25448.94
2024-02-21,25625.704
2024-02-22,25286.07
2024-02-23,24865.359
2024-02-24,24783.907
2024-02-25,24783.907
2024-02-26,24670.153
2024-02-27,24099.61
2024-02-28,27721.383
2024-02-29,30686.968
2024-03-01,26822.591
2024-03-02,26822.591
2024-03-03,26822.591
2024-03-04,26415.764
2024-03-05,26735.947
2024-03-06,27356.453
2024-03-07,26863.279
2024-03-08,26369.554
2024-03-09,26285.499
2024-03-10,26285.499
2024-03-11,25686.46
2024-03-12,24920.707
2024-03-13,24875.251
2024-03-14,24655.755
2024-03-15,24662.061
2024-03-16,24481.681
2024-03-17,24481.681
2024-03-18,24764.659
2024-03-19,25167.802
2024-03-20,25216.402
2024-03-21,28366.137
2024-03-22,28076.563
2024-03-23,27885.887
2024-03-24,27885.887
2024-03-25,29054.084
2024-03-26,28885.18
2024-03-27,28643.85
2024-03-28,31460.394
2024-03-29,31460.394
2024-03-30,31460.394
2024-03-31,31460.394
2024-04-01,31460.394
2024-04-02,29694.788
2024-04-03,27454.982
2024-04-04,27825.079
2024-04-05,28202.261
2024-04-06,29224.84
2024-04-07,29224.84
2024-04-08,29514.933
2024-04-09,29160.539
2024-04-10,28418.509
2024-04-11,32500.059
2024-04-12,32188.187
2024-04-13,32108.385
2024-04-14,32108.385
2024-04-15,31351.544
2024-04-16,31970.954
2024-04-17,31468.379
2024-04-18,31465.799
2024-04-19,31673.521
2024-04-20,31896.071
2024-04-21,31896.071
2024-04-22,32502.017
2024-04-23,35514.045
2024-04-24,34361.297
2024-04-25,34353.76
2024-04-26,34326.776
2024-04-27,33851.113
2024-04-28,33851.113
2024-04-29,33961.199
2024-04-30,35036.584
2024-05-01,35223.059
2024-05-02,34426.037
2024-05-03,35011.306
2024-05-04,32942.161
2024-05-05,32942.161
2024-05-06,33262.445
2024-05-07,35458.062
2024-05-08,39969.741
2024-05-09,39874.526
2024-05-10,39933.464
2024-05-11,39826.261
2024-05-12,39826.261
2024-05-13,39864.732
2024-05-14,39967.331
2024-05-15,24587.277
2024-05-16,24481.896
2024-05-17,23712.467
2024-05-18,23767.627
2024-05-19,23767.627
2024-05-20,23533.717
2024-05-21,26440.006
2024-05-22,25261.412
2024-05-23,24914.821
2024-05-24,24592.168
2024-05-25,24534.844
2024-05-26,24534.844
2024-05-27,24567.379
2024-05-28,25142.862
2024-05-29,27256.551
2024-05-30,27008.814
2024-05-31,23750.16
2024-06-01,23750.16
2024-06-02,23750.16
2024-06-03,23750.16
2024-06-04,24039.018
2024-06-05,22713.179
2024-06-06,24164.578
2024-06-07,25146.288
2024-06-08,25039.267
2024-06-09,25039.267
2024-06-10,24596.719
2024-06-11,24314.328
2024-06-12,23992.441
2024-06-13,27186.83
2024-06-14,27226.468
2024-06-15,27093.785
2024-06-16,27093.785
2024-06-17,26823.882
2024-06-18,26373.208
2024-06-19,25415.955
2024-06-20,26118.528
2024-06-21,28627.64
2024-06-22,28469.983
2024-06-23,28469.983
2024-06-24,28591.379
2024-06-25,29062.894
2024-06-26,29680.455
2024-06-27,29592.603
2024-06-28,30331.036
2024-06-29,30331.036
2024-06-30,30331.036
2024-07-01,28923.094
2024-07-02,28375.847
2024-07-03,26083.723
2024-07-04,25509.861
2024-07-05,25676.606
2024-07-06,26215.793
2024-07-07,26215.793
2024-07-08,26250.023
2024-07-09,26260.857
2024-07-10,25746.07
2024-07-11,25481.901
2024-07-12,24792.129
2024-07-13,24680.611
2024-07-14,24680.611
2024-07-15,24342.247
2024-07-16,23957.134
2024-07-17,22914.467
2024-07-18,23094.115
2024-07-19,23175.639
2024-07-20,23087.044
2024-07-21,23087.044
2024-07-22,23300.293
2024-07-23,26404.688
2024-07-24,26248.862
2024-07-25,25964.26
2024-07-26,25678.681
2024-07-27,26160.522
2024-07-28,26160.522
2024-07-29,26344.738
2024-07-30,29591.371
2024-07-31,28905.197
2024-08-01,28795.07
2024-08-02,27680.878
2024-08-03,25300.949
2024-08-04,25300.949
2024-08-05,25231.128
2024-08-06,26341.951
2024-08-07,26581.775
2024-08-08,26480.436
2024-08-09,27065.522
2024-08-10,26728.369
2024-08-11,26728.369
2024-08-12,26466.464
2024-08-13,25821.714
2024-08-14,24206.498
2024-08-15,23828.891
2024-08-16,23325.993
2024-08-17,23450.254
2024-08-18,23450.254
2024-08-19,23113.46
2024-08-20,23555.655
2024-08-21,26919.772
2024-08-22,26427.281
2024-08-23,25854.366
2024-08-24,25909.897
2024-08-25,25909.897
2024-08-26,26171.945
2024-08-27,32073.467
2024-08-28,31867.943
2024-08-29,36025.526
2024-08-30,35297.064
2024-08-31,35297.064
2024-09-01,35297.064
2024-09-02,34521.709
2024-09-03,34881.418
2024-09-04,32066.325
2024-09-05,31755.554
2024-09-06,31429.373
2024-09-07,31351.724
2024-09-08,31351.724
2024-09-09,30615.551
2024-09-10,30135.354
2024-09-11,28251.466
2024-09-12,27749.997
2024-09-13,27293.125
2024-09-14,27210.956
2024-09-15,27210.956
2024-09-16,25815.706
2024-09-17,26723.868
2024-09-18,26314.237
2024-09-19,27311.913
2024-09-20,27906.336
2024-09-21,31084.081
2024-09-22,31084.081
2024-09-23,31123.532
2024-09-24,30619.639
2024-09-25,29976.287
2024-09-26,30083.429
2024-09-27,29921.169
2024-09-28,30320.214
2024-09-29,30320.214
2024-09-30,32055.849
2024-10-01,32530.825
2024-10-02,30581.69
2024-10-03,30268.917
2024-10-04,27492.106
2024-10-05,27066.816
2024-10-06,27066.816
2024-10-07,27709.413
2024-10-08,28059.436
2024-10-09,26814.509
2024-10-10,26510.769
2024-10-11,26283.55
2024-10-12,26184.173
2024-10-13,26184.173
2024-10-14,25945.358
2024-10-15,25215.744
2024-10-16,24626.05
2024-10-17,23781.811
2024-10-18,23237.148
2024-10-19,23625.982
2024-10-20,23625.982
2024-10-21,23215.393
2024-10-22,26186.11
2024-10-23,26024.454
2024-10-24,25563.092
2024-10-25,26290.77
2024-10-26,26624.369
2024-10-27,26624.369
2024-10-28,26624.369
2024-10-29,26912.538
2024-10-30,34936.14
2024-10-31,34683.796
2024-11-01,34865.32
2024-11-02,30859.418
2024-11-03,30859.418
2024-11-04,30837.558
2024-11-05,30754.313
2024-11-06,30178.689
2024-11-07,30016.147
2024-11-08,29951.001
2024-11-09,29871.807
2024-11-10,29871.807
2024-11-11,29623.012
2024-11-12,30008.892
2024-11-13,29561.354
2024-11-14,28680.842
2024-11-15,26612.072
2024-11-16,26540.749
2024-11-17,26540.749
2024-11-18,26668.915
2024-11-19,25842.6
2024-11-20,27126.256
2024-11-21,30554.96
2024-11-22,30148.312
2024-11-23,30027.987
2024-11-24,30027.987
2024-11-25,29880.259
2024-11-26,29706.84
2024-11-27,30468.574
2024-11-28,30502.887
2024-11-29,32409.863
2024-11-30,32409.863
2024-12-01,32409.863
2024-12-02,32304.644
2024-12-03,31638.645
2024-12-04,28947.57
2024-12-05,28862.369
2024-12-06,29734.54
2024-12-07,29737.894
2024-12-08,29737.894
2024-12-09,30613.275
2024-12-10,31748.746
2024-12-11,31336.858
2024-12-12,30734.912
2024-12-13,30648.078
2024-12-14,30627.412
2024-12-15,30627.412
2024-12-16,30531.155
2024-12-17,29777.885
2024-12-18,28288.477
2024-12-19,28122.282
2024-12-20,27953.934
2024-12-21,30981.184
2024-12-22,30981.184
2024-12-23,30871.433
2024-12-24,30717.537
2024-12-25,30563.074
2024-12-26,30563.074
2024-12-27,30490.487
2024-12-28,30595.56
2024-12-29,30595.56
2024-12-30,30530.427
2024-12-31,29470.645
2025-01-01,29470.645
2025-01-02,29470.645
2025-01-03,29451.17
2025-01-04,25492.143
2025-01-05,25492.143
2025-01-06,25150.728
2025-01-07,24458.463
2025-01-08,23885.778
2025-01-09,24243.869
2025-01-10,24877.422
2025-01-11,24924.781
2025-01-12,24924.781
2025-01-13,25393.698
2025-01-14,25095.166
2025-01-15,24280.93
2025-01-16,30493.265
2025-01-17,30077.727
2025-01-18,30116.502
2025-01-19,30116.502
2025-01-20,34118.958
2025-01-21,34126.151
2025-01-22,34493.74
2025-01-23,33616.36
2025-01-24,34604.204
2025-01-25,34533.648
2025-01-26,34533.648
2025-01-27,34430.125
2025-01-28,34645.051
2025-01-29,36629.561
2025-01-30,36484.42
2025-01-31,36381.693
2025-02-01,36381.693
2025-02-02,36381.693
2025-02-03,36393.591
2025-02-04,33491.068
2025-02-05,33705.06
2025-02-06,34312.332
2025-02-07,34786.664
2025-02-08,34627.296
2025-02-09,34627.296
2025-02-10,34357.374
2025-02-11,33839.931
2025-02-12,32777.504
2025-02-13,32294.92
2025-02-14,31603.651
2025-02-15,31413.287
2025-02-16,31413.287
2025-02-17,31458.036
2025-02-18,36157.393
2025-02-19,35978.007
2025-02-20,34602.26
2025-02-21,37236.797
2025-02-22,37123.544
2025-02-23,37123.544
2025-02-24,37508.514
2025-02-25,37130.518
2025-02-26,36814.566
2025-02-27,36675.247
2025-02-28,40424.082
2025-03-01,40424.082
2025-03-02,40424.082
2025-03-03,40610.414
2025-03-04,36736.894
2025-03-05,35976.487
2025-03-06,35892.816
2025-03-07,35964.872
2025-03-08,35859.273
2025-03-09,35859.273
2025-03-10,35879.467
2025-03-11,35264.494
2025-03-12,33990.41
2025-03-13,33689.418
2025-03-14,33925.019
2025-03-15,33839.998
2025-03-16,33839.998
2025-03-17,33869.896
2025-03-18,34227.895
2025-03-19,34052.462
2025-03-20,33647.31
2025-03-21,36327.96
2025-03-22,36207.604
2025-03-23,36207.604
2025-03-24,36226.925
2025-03-25,35684.962
2025-03-26,35578.777
2025-03-27,35504.827
2025-03-28,35681.104
2025-03-29,38382.068
2025-03-30,38382.068
2025-03-31,38378.371
2025-04-01,38897.086
2025-04-02,36890.914
2025-04-03,37182.283
2025-04-04,34605.096
2025-04-05,34539.18
2025-04-06,34539.18
2025-04-07,34624.11
2025-04-08,35226.199
2025-04-09,38003.579
2025-04-10,37153.315
2025-04-11,37049.177
2025-04-12,36938.393
2025-04-13,36938.393
2025-04-14,36680.995
2025-04-15,20946.077
2025-04-16,20430.093
2025-04-17,19466.919
2025-04-18,18964.369
2025-04-19,18964.369
2025-04-20,18964.369
2025-04-21,18964.369
2025-04-22,19223.177
2025-04-23,21817.956
2025-04-24,21964.655
2025-04-25,22041.289
2025-04-26,22041.289
2025-04-27,22041.289
2025-04-28,21923.168
2025-04-29,22299.787
2025-04-30,23565.767
2025-05-01,23738.451
2025-05-02,23388.656
2025-05-03,21062.266
2025-05-04,21062.266
2025-05-05,20815.251
2025-05-06,21599.731
2025-05-07,21716.743
2025-05-08,26873.704
2025-05-09,26421.232
2025-05-10,26019.407
2025-05-11,26019.407
2025-05-12,26047.163
2025-05-13,27038.064
2025-05-14,26522.524
2025-05-15,24060.362
2025-05-16,23349.815
2025-05-17,23375.131
2025-05-18,23375.131
2025-05-19,23687.938
2025-05-20,23663.536
2025-05-21,26275.049
2025-05-22,26137.83
2025-05-23,25000.173
2025-05-24,24993.995
2025-05-25,24993.995
2025-05-26,25020.228
2025-05-27,24667.723
2025-05-28,25106.488
2025-05-29,27115.095
2025-05-30,26011.425
2025-05-31,26011.425
2025-06-01,26011.425
2025-06-02,26011.425
2025-06-03,26347.004
2025-06-04,23006.646
2025-06-05,22831.899
2025-06-06,22981.0
2025-06-07,22803.082
2025-06-08,22803.082
2025-06-09,22227.603
2025-06-10,19581.557
2025-06-11,18906.301
2025-06-12,17751.074
2025-06-13,17792.093
2025-06-14,17657.392
2025-06-15,17657.392
2025-06-16,18248.79
2025-06-17,17567.698
2025-06-18,17141.226
2025-06-19,16382.516
2025-06-20,16313.679
2025-06-21,16313.679
2025-06-22,16313.679
2025-06-23,16717.401
2025-06-24,19235.08
2025-06-25,18999.969
2025-06-26,19514.997
2025-06-27,20125.839
2025-06-28,20752.966
2025-06-29,20752.966
2025-06-30,23715.608
2025-07-01,17962.263
2025-07-02,17325.424
2025-07-03,17128.895
2025-07-04,16475.916
2025-07-05,16475.916
2025-07-06,16475.916
2025-07-07,16699.625
2025-07-08,16696.539
2025-07-09,16225.467
2025-07-10,20980.469
2025-07-11,20624.899
2025-07-12,20461.914
2025-07-13,20461.914
2025-07-14,20166.173
2025-07-15,19511.734
2025-07-16,20017.021
2025-07-17,19189.04
2025-07-18,18969.832
2025-07-19,18998.945
2025-07-20,18998.945
2025-07-21,18832.613
2025-07-22,22405.742
2025-07-23,21286.087
2025-07-24,21049.335
2025-07-25,21282.278
2025-07-26,21619.272
2025-07-27,21619.272
2025-07-28,21681.277
2025-07-29,25811.597
2025-07-30,24949.859
2025-07-31,25229.673
2025-08-01,25185.59
2025-08-02,21671.394
2025-08-03,21671.394
2025-08-04,21474.935
2025-08-05,21651.721
2025-08-06,22513.44
2025-08-07,22324.666
2025-08-08,22243.465
2025-08-09,22139.435
2025-08-10,22139.435
2025-08-11,21859.39
2025-08-12,20990.533
2025-08-13,20225.095
2025-08-14,20029.572
2025-08-15,19641.923
2025-08-16,19557.065
2025-08-17,19557.065
2025-08-18,18945.015
2025-08-19,18898.913
2025-08-20,19390.938
2025-08-21,22744.376
2025-08-22,22776.244
2025-08-23,23140.577
2025-08-24,23140.577
2025-08-25,22695.432
2025-08-26,22443.777
2025-08-27,21469.268
2025-08-28,22704.62
2025-08-29,26813.234
2025-08-30,26813.234
2025-08-31,26813.234
2025-09-01,26616.987
2025-09-02,23460.638
2025-09-03,23441.074
2025-09-04,23040.959
2025-09-05,23069.82
2025-09-06,23587.65
2025-09-07,23587.65
2025-09-08,23598.531
2025-09-09,23181.774
2025-09-10,23831.265
2025-09-11,24025.216
2025-09-12,23916.228
2025-09-13,23851.608
2025-09-14,23851.608
2025-09-15,24316.24
2025-09-16,24135.573
2025-09-17,23522.089
2025-09-18,23865.43
2025-09-19,25267.812
2025-09-20,25470.414
2025-09-21,25470.414
2025-09-22,23103.62
2025-09-23,25521.166
2025-09-24,24417.054
2025-09-25,24217.605
2025-09-26,23779.738
2025-09-27,24065.184
2025-09-28,24065.184
2025-09-29,24056.053
2025-09-30,26377.094
2025-10-01,26217.439
2025-10-02,21967.044
2025-10-03,21863.7
2025-10-04,21382.35
2025-10-05,21382.35
2025-10-06,21421.17
2025-10-07,21528.334
2025-10-08,21144.742
2025-10-09,21013.945
2025-10-10,20793.086
2025-10-11,20453.886
2025-10-12,20453.886
2025-10-13,20481.711
2025-10-14,19927.733
2025-10-15,19192.577
2025-10-16,19559.424
2025-10-17,19089.863
2025-10-18,18862.428
2025-10-19,18862.428
2025-10-20,18340.207
2025-10-21,21725.621
2025-10-22,20534.709
2025-10-23,20394.914
2025-10-24,20928.336
2025-10-25,20829.677
2025-10-26,20829.677
2025-10-27,20829.677
2025-10-28,21279.089
2025-10-29,26423.93
2025-10-30,26236.239
2025-10-31,23550.013
