date,H0,H5,H7
1999-06-21,0.7,,
1999-06-22,0.73,,
1999-06-24,3,,
1999-06-30,2.5,,
1999-07-01,0.73,,
1999-07-02,0.7,,
1999-07-05,0.731828,,
1999-07-07,0.75,1,
1999-07-12,0.75,,
1999-07-13,0.492308,,
1999-07-14,0.57541,,
1999-07-15,0.611538,,
1999-07-19,0.55,,
1999-07-20,0.55,,
1999-07-21,0.45,0.91,
1999-07-23,0.55,,
1999-07-26,0.55,,
1999-07-27,0.55,,
1999-07-28,0.55,,
1999-07-29,0.65,,
1999-08-02,0.75,0.88,
1999-08-03,0.6,,
1999-08-04,0.7,0.91,
1999-08-05,0.55,0.9,
1999-08-06,0.55,0.92,
1999-08-09,0.6,,
1999-08-10,0.565625,,
1999-08-11,0.4,,
1999-08-12,0.5,,
1999-08-13,0.695455,,
1999-08-16,0.45,0.97,
1999-08-17,0.57,,
1999-08-18,0.814286,0.92625,
1999-08-19,0.83,0.98,
1999-08-20,0.868212,,
1999-08-23,0.781707,,
1999-08-24,0.634444,,
1999-08-25,0.38,,
1999-08-26,0.573411,,
1999-08-27,0.589743,,
1999-08-30,0.68,0.91,
1999-08-31,0.662654,,
1999-09-01,0.583846,,
1999-09-02,0.522973,0.9125,
1999-09-03,0.5525,,
1999-09-06,0.595674,,
1999-09-07,0.614545,,
1999-09-08,0.571429,0.919048,
1999-09-10,0.705634,,
1999-09-13,0.7,,
1999-09-15,0.88,0.87,
1999-09-16,0.95,,
1999-09-17,0.96,,
1999-09-20,1,,
1999-09-21,0.999661,,
1999-09-23,0.83,,
1999-09-24,0.809444,,
1999-09-27,0.863889,,
1999-09-28,1,,
1999-09-29,0.96,,
1999-09-30,1.603778,,
1999-10-01,1,,
1999-10-04,1.144043,,
1999-10-05,1.098039,,
1999-10-06,1.05,,
1999-10-07,0.981389,,
1999-10-08,0.995455,,
1999-10-11,0.993478,,
1999-10-12,0.95,,
1999-10-13,0.994286,,
1999-10-14,0.9,,
1999-10-15,0.74,1.93,
1999-10-18,0.84,,
1999-10-19,0.8,,
1999-10-20,0.8,,
1999-10-21,0.74,2,
1999-10-22,0.687698,1.884,
1999-10-25,0.663542,,
1999-10-26,0.738327,1.82,
1999-10-27,0.783333,1.79,
1999-10-28,0.644214,,
1999-10-29,0.823193,,
1999-11-01,0.875049,,
1999-11-02,0.9,,
1999-11-03,0.892881,1.9,
1999-11-04,0.85577,1.82,
1999-11-05,0.956851,,
1999-11-08,0.801325,,
1999-11-09,0.797284,1.74,
1999-11-10,0.775289,,
1999-11-11,0.765,,
1999-11-12,0.894326,,
1999-11-15,0.937719,,
1999-11-16,0.964697,,
1999-11-17,1.106407,,
1999-11-18,1.272648,,
1999-11-19,1.26,,
1999-11-22,1.272018,1.74,
1999-11-23,1.283299,1.705,
1999-11-24,1.084893,1.630228,
1999-11-25,0.896712,1.599001,
1999-11-26,0.81165,1.597668,
1999-11-29,0.938912,1.613055,
1999-11-30,1.078627,1.526404,
1999-12-01,1.017351,1.603333,
1999-12-02,1.000976,1.6675,
1999-12-03,1.04604,1.8225,
1999-12-06,0.962401,1.804152,
1999-12-07,0.952823,1.806667,
1999-12-08,0.971018,1.809516,
1999-12-09,0.931263,1.83,
1999-12-10,0.871698,1.737844,
1999-12-13,0.415539,1.668525,
1999-12-14,0.753545,1.678181,
1999-12-15,0.948725,1.721333,
1999-12-16,1.068093,1.755,
1999-12-17,0.963251,1.768333,
1999-12-20,1.003108,1.763333,
1999-12-21,1.06786,1.79,
1999-12-22,1.075309,1.776001,
1999-12-23,0.988468,1.775,
1999-12-24,0.836734,1.785,
1999-12-27,0.886736,1.795,
1999-12-28,0.820183,1.816,
1999-12-29,0.376906,1.580001,
1999-12-30,1.437788,1.597273,
2000-01-04,0.714965,1.682187,
2000-01-05,0.666779,1.61303,
2000-01-06,0.654473,1.62613,
2000-01-07,0.787328,1.623714,
2000-01-10,0.807924,1.655403,
2000-01-11,0.439189,1.663151,
2000-01-12,0.412385,1.628125,
2000-01-13,0.408225,1.645998,
2000-01-14,0.5,1.661802,
2000-01-17,1.201578,1.706214,
2000-01-18,1.288376,1.724871,
2000-01-19,1.206799,1.657667,
2000-01-20,1.207697,1.686221,
2000-01-21,1.393569,1.788601,
2000-01-24,1.482966,1.844224,
2000-01-25,1.512117,1.830856,
2000-01-26,1.433836,1.844198,
2000-01-27,1.481257,1.835775,
2000-01-28,1.674618,1.88212,
2000-01-31,2.28,1.98466,
2000-02-01,1.898438,2.02046,
2000-02-02,1.708037,2.002588,
2000-02-03,1.699197,2.064809,
2000-02-04,1.885291,2.152112,
2000-02-07,1.948142,2.1835,
2000-02-08,1.901799,2.194501,
2000-02-09,1.835154,2.16,
2000-02-10,1.903148,2.160741,
2000-02-11,1.878352,2.153748,
2000-02-14,1.956036,2.149999,
2000-02-15,2.08401,2.23815,
2000-02-16,2.243022,2.356857,
2000-02-17,1.859453,2.351061,
2000-02-18,1.873253,2.379412,
2000-02-21,1.626229,2.354348,
2000-02-22,1.460989,2.323469,
2000-02-23,1.50661,2.282383,
2000-02-24,1.530067,2.32625,
2000-02-25,1.643544,2.358717,
2000-02-28,1.389125,2.436197,
2000-02-29,1.342026,2.348261,
2000-03-01,1.479888,2.308124,
2000-03-02,0.983304,2.319,
2000-03-03,1.124212,2.3,
2000-03-06,0.772222,2.193685,
2000-03-07,0.695122,2.201485,
2000-03-08,0.694001,2.2108,
2000-03-09,0.675625,2.246819,
2000-03-10,1.530483,2.310321,
2000-03-13,1.620521,2.3598,
2000-03-14,1.549306,2.383925,
2000-03-15,1.607425,2.418751,
2000-03-16,0.969444,2.442375,
2000-03-17,0.95814,2.413332,
2000-03-20,1.105663,2.397691,
2000-03-21,0.897414,2.368261,
2000-03-22,0.967721,2.293052,
2000-03-23,1.625319,2.4175,
2000-03-24,1.973269,2.67625,
2000-03-27,2.292875,2.703444,
2000-03-28,2.37169,2.722091,
2000-03-29,2.558929,2.735912,
2000-03-30,2.242131,2.748402,
2000-03-31,2.361749,2.735616,
2000-04-03,2.540488,2.74,
2000-04-04,2.483843,2.775556,
2000-04-05,2.223395,2.734585,
2000-04-06,2.007598,2.699688,
2000-04-07,1.893355,2.698182,
2000-04-10,2.073104,2.706667,
2000-04-11,2.484486,2.72625,
2000-04-12,2.493637,2.749999,
2000-04-13,2.449668,2.771249,
2000-04-14,2.329297,2.780534,
2000-04-17,2.384777,2.745594,
2000-04-18,2.591317,2.778788,
2000-04-19,2.705084,2.818438,
2000-04-20,2.715108,2.81125,
2000-04-25,2.692965,2.896,
2000-04-26,2.74206,3.009174,
2000-04-27,2.7,3.045883,
2000-04-28,2.547827,3.130314,
2000-05-02,2.651391,3.056749,
2000-05-03,2.530104,3.010618,
2000-05-04,2.475134,2.9548,
2000-05-05,1.7815,2.976666,
2000-05-08,1.588889,2.955,
2000-05-09,1.776359,2.974001,
2000-05-10,1.996787,3.007447,
2000-05-11,2.416,3.017674,
2000-05-12,2.180146,3.03069,
2000-05-15,1.664674,2.992726,
2000-05-16,1.671936,3.012958,
2000-05-17,1.738637,3.067173,
2000-05-18,1.705424,3.050417,
2000-05-19,1.213415,3.059828,
2000-05-22,1.593466,3.054504,
2000-05-23,1.57963,3.0225,
2000-05-24,1.573092,3.010179,
2000-05-25,1.951052,3.023556,
2000-05-26,2.053662,2.99875,
2000-05-29,2.13079,2.957143,
2000-05-30,2.201992,2.963422,
2000-05-31,3.047974,3.0315,
2000-06-02,2.314547,3.042326,
2000-06-05,2.553094,2.996875,
2000-06-06,2.625107,2.975,
2000-06-07,2.410891,2.963862,
2000-06-08,2.46,3.055778,
2000-06-09,2.425044,3.153846,
2000-06-13,2.450185,3.18,
2000-06-14,2.402941,3.233772,
2000-06-15,2.612383,3.289348,
2000-06-16,2.587357,3.268297,
2000-06-19,2.744341,3.291627,
2000-06-20,2.81606,3.333396,
2000-06-21,3.069956,3.353214,
2000-06-22,3.122718,3.355885,
2000-06-23,3.04363,3.319999,
2000-06-26,2.946251,3.25125,
2000-06-27,2.85877,3.274073,
2000-06-28,2.815601,3.231579,
2000-06-29,2.875806,3.206,2.3521
2000-06-30,3.054887,3.282,2.3751
2000-07-03,2.958875,3.276364,2.3797
2000-07-04,2.913708,3.282174,2.3844
2000-07-05,2.835484,3.290739,2.3912
2000-07-06,2.975427,3.255526,2.4019
2000-07-07,2.986327,3.248125,2.4381
2000-07-10,3.067712,3.261154,2.4491
2000-07-11,3.102404,3.287,2.456
2000-07-12,3.041537,3.284376,2.462
2000-07-13,3.140827,3.32574,2.4697
2000-07-14,3.096781,3.313,2.4951
2000-07-17,2.964339,3.320214,2.5015
2000-07-18,2.872953,3.339583,2.5047
2000-07-19,2.650688,3.341957,2.504
2000-07-20,2.570714,3.30253,2.505
2000-07-21,2.287425,3.2775,2.4985
2000-07-24,2.495077,3.283105,2.4859
2000-07-25,2.880392,3.27338,2.4879
2000-07-26,2.862463,3.277273,2.4893
2000-07-27,2.82322,3.276308,2.4906
2000-07-28,2.488813,3.297917,2.4911
2000-07-31,2.778948,3.286667,2.4945
2000-08-02,2.753639,3.290201,2.4957
2000-08-03,2.959441,3.291835,2.5004
2000-08-04,2.689464,3.2775,2.507
2000-08-07,2.731352,3.24323,2.5329
2000-08-08,2.736656,3.2465,2.5455
2000-08-09,2.779089,3.25625,2.5565
2000-08-10,2.715623,3.253113,2.5643
2000-08-11,2.668584,3.259032,2.5696
2000-08-14,2.645733,3.277089,2.5829
2000-08-15,2.801272,3.270556,2.5953
2000-08-16,2.960926,3.300356,2.6094
2000-08-17,3.008602,3.318889,2.6233
2000-08-18,2.803256,3.326875,2.6393
2000-08-21,2.958205,3.337765,2.6892
2000-08-22,3.000476,3.33,2.7046
2000-08-23,2.970702,3.377143,2.7198
2000-08-24,3.02134,3.374629,2.7357
2000-08-25,3.080585,3.38,2.7556
2000-08-28,2.98318,3.342071,2.7807
2000-08-29,2.722238,3.354111,2.7872
2000-08-30,2.961515,3.335,2.7955
2000-08-31,3.125945,3.344091,2.7933
2000-09-01,3.009264,3.303857,2.8009
2000-09-04,3.094728,3.307778,2.8197
2000-09-05,3.265351,3.319001,2.8275
2000-09-06,3.365626,3.358937,2.8356
2000-09-07,3.215611,3.350106,2.8444
2000-09-08,3.207,3.343698,2.8606
2000-09-11,3.075882,3.311755,2.8631
2000-09-12,2.979792,3.27125,2.8829
2000-09-13,2.851569,3.295493,2.8873
2000-09-14,2.890535,3.315,2.8926
2000-09-15,2.609503,3.278182,2.887
2000-09-18,2.942735,3.291885,2.897
2000-09-19,3.240348,3.332,2.9024
2000-09-20,3.268523,3.350695,2.9073
2000-09-21,3.118732,3.319629,2.9079
2000-09-22,3.380095,3.302593,2.9212
2000-09-25,3.229039,3.333332,2.9201
2000-09-26,3.143478,3.290836,2.9222
2000-09-27,3.064959,3.310322,2.9245
2000-09-28,3.02973,3.402,2.9272
2000-09-29,2.991287,3.3675,2.9251
2000-10-02,2.710021,3.385454,2.9229
2000-10-03,2.985408,3.404625,2.9232
2000-10-04,2.89655,3.377858,2.923
2000-10-05,2.987202,3.401786,2.9247
2000-10-06,3.029614,3.371,2.928
2000-10-09,2.932818,3.367964,2.9257
2000-10-10,3.147484,3.366539,2.9265
2000-10-11,3.07448,3.364501,2.9262
2000-10-12,3.176886,3.377031,2.9277
2000-10-13,2.962432,3.3052,2.927
2000-10-16,2.984742,3.342223,2.9216
2000-10-17,2.572793,3.331381,2.9173
2000-10-18,2.049932,3.209643,2.9083
2000-10-19,2.358518,3.321052,2.9051
2000-10-20,3.044574,3.30625,2.9136
2000-10-23,3.075191,3.346667,2.9355
2000-10-24,3.030728,3.335883,2.9413
2000-10-25,2.883895,3.305135,2.9414
2000-10-26,2.744303,3.3075,2.9401
2000-10-27,2.67578,3.3225,2.9333
2000-10-30,2.800372,3.36,2.946
2000-10-31,2.967391,3.355,2.9497
2000-11-01,3.115234,3.337083,2.9517
2000-11-02,3.199311,3.333333,2.9566
2000-11-03,3.137184,3.343333,2.9629
2000-11-06,2.960933,3.341365,2.9713
2000-11-07,2.938155,3.332388,2.9736
2000-11-08,2.879066,3.330556,2.9752
2000-11-09,2.948063,3.345238,2.977
2000-11-10,2.78338,3.370589,2.9741
2000-11-13,3.098597,3.327222,2.985
2000-11-14,3.001945,3.321334,2.9889
2000-11-15,3.004407,3.309524,2.9911
2000-11-16,2.897852,3.317144,2.9904
2000-11-17,3.031109,3.338094,2.992
2000-11-20,3.035787,3.370145,2.9982
2000-11-21,3.04398,3.331463,2.9991
2000-11-22,3.057191,3.347922,2.9998
2000-11-23,3.153281,3.408113,3.0018
2000-11-24,3.018908,3.412518,3.0026
2000-11-27,2.950608,3.387442,2.999
2000-11-28,2.769739,3.380816,2.9966
2000-11-29,2.863072,3.366413,2.9983
2000-11-30,2.955805,3.292282,2.9964
2000-12-01,2.896781,3.289375,2.9927
2000-12-04,3.023895,3.296429,2.9919
2000-12-05,3.009965,3.316249,2.9891
2000-12-06,3.152278,3.333942,2.9867
2000-12-07,3.118509,3.310116,2.9856
2000-12-08,2.947058,3.292308,2.977
2000-12-11,2.977151,3.28541,2.9759
2000-12-12,3.002883,3.266789,2.9762
2000-12-13,3.050913,3.228524,2.9784
2000-12-14,2.969703,3.204675,2.9793
2000-12-15,2.995336,3.191691,2.9921
2000-12-18,3.09579,3.20423,2.9938
2000-12-19,3.189179,3.199189,2.9932
2000-12-20,3.425199,3.23595,2.9949
2000-12-21,3.343118,3.20262,2.9974
2000-12-22,3.558872,3.233448,3.0133
2000-12-27,3.512197,3.253783,3.0165
2000-12-28,3.567609,3.259343,3.0225
2000-12-29,3.490226,3.250556,3.0493
2001-01-03,3.271376,3.198371,3.0559
2001-01-04,3.267585,3.190675,3.06
2001-01-05,3.433904,3.217679,3.0733
2001-01-08,3.387282,3.224131,3.0776
2001-01-09,3.519116,3.246786,3.0841
2001-01-10,3.349274,3.275593,3.0863
2001-01-11,3.261308,3.233298,3.0883
2001-01-12,3.317932,3.256014,3.0953
2001-01-15,3.359234,3.26,3.102
2001-01-16,3.353137,3.265193,3.106
2001-01-17,3.057299,3.271542,3.1113
2001-01-18,3.044714,3.251786,3.1222
2001-01-19,3.250342,3.261731,3.1351
2001-01-22,3.338446,3.255294,3.1397
2001-01-23,3.454585,3.281072,3.1439
2001-01-24,3.362189,3.286685,3.1475
2001-01-25,3.328047,3.274667,3.1524
2001-01-26,3.11083,3.255652,3.156
2001-01-29,3.22378,3.277273,3.1719
2001-01-30,3.302379,3.281538,3.1774
2001-01-31,3.308556,3.268333,3.1812
2001-02-01,3.304847,3.256757,3.1833
2001-02-02,3.439984,3.30087,3.1919
2001-02-05,3.416872,3.32461,3.1956
2001-02-06,3.457122,3.329,3.201
2001-02-07,3.450156,3.341333,3.2066
2001-02-08,3.44026,3.341874,3.2128
2001-02-09,3.388031,3.360334,3.2218
2001-02-12,3.312831,3.349389,3.2367
2001-02-13,3.269744,3.3575,3.2385
2001-02-14,3.339132,3.358346,3.2422
2001-02-15,3.043345,3.345442,3.2427
2001-02-16,3.089081,3.344285,3.242
2001-02-19,3.32701,3.360769,3.2493
2001-02-20,3.60678,3.363833,3.2555
2001-02-21,3.590181,3.360001,3.2615
2001-02-22,3.554592,3.38625,3.267
2001-02-23,3.142476,3.361905,3.2647
2001-02-26,3.153018,3.347408,3.271
2001-02-27,3.229688,3.355384,3.2837
2001-02-28,3.282052,3.335625,3.2874
2001-03-01,3.216059,3.295859,3.2869
2001-03-02,3.250693,3.299616,3.2987
2001-03-05,3.277749,3.291286,3.3044
2001-03-06,3.42099,3.298014,3.3074
2001-03-07,3.360252,3.31,3.3101
2001-03-08,3.431236,3.312825,3.3118
2001-03-09,3.557284,3.341499,3.3321
2001-03-12,3.475246,3.335263,3.341
2001-03-13,3.182378,3.273409,3.3425
2001-03-14,3.196519,3.294231,3.345
2001-03-15,3.306948,3.26,3.3449
2001-03-16,2.980554,3.289561,3.3444
2001-03-19,3.127589,3.276,3.3462
2001-03-20,3.721498,3.3058,3.3495
2001-03-21,3.697427,3.263488,3.3535
2001-03-22,3.638257,3.219131,3.357
2001-03-23,3.341599,3.182069,3.3574
2001-03-26,3.300139,3.174293,3.3442
2001-03-27,3.168957,3.180594,3.3404
2001-03-28,3.389358,3.20375,3.3384
2001-03-29,3.543617,3.206429,3.341
2001-03-30,3.250111,3.177352,3.3288
2001-04-02,3.232934,3.171805,3.3281
2001-04-03,3.219547,3.16095,3.3275
2001-04-04,3.264438,3.168067,3.3274
2001-04-05,3.272864,3.179333,3.3271
2001-04-06,3.069886,3.181667,3.315
2001-04-09,2.99535,3.178333,3.3081
2001-04-10,3.089766,3.178157,3.3052
2001-04-11,3.051745,3.180424,3.3028
2001-04-12,2.753156,3.172538,3.2715
2001-04-17,3.10902,3.145,3.2709
2001-04-18,2.73833,3.133718,3.2675
2001-04-19,2.354438,3.09077,3.2576
2001-04-20,2.944176,3.100834,3.2475
2001-04-23,2.740915,3.086667,3.2382
2001-04-24,2.658145,3.065918,3.2303
2001-04-25,2.564758,3.036364,3.2217
2001-04-26,2.78499,3.041197,3.2172
2001-04-27,2.939606,3.05718,3.2097
2001-04-30,3.085493,3.0477,3.2061
2001-05-02,2.984219,3.031828,3.2025
2001-05-03,2.903298,3.01026,3.1995
2001-05-04,3.012457,3.01441,3.1824
2001-05-07,3.013419,3.004255,3.1741
2001-05-08,3.095365,3.017945,3.1702
2001-05-09,3.100906,3.055356,3.1697
2001-05-10,3.064886,3.030797,3.1688
2001-05-11,3.14023,2.991453,3.1586
2001-05-14,3.181169,3.028,3.1553
2001-05-15,3.151193,3.030285,3.1565
2001-05-16,3.15854,3.043962,3.1568
2001-05-17,3.229056,3.0515,3.1578
2001-05-18,3.213456,3.0625,3.1599
2001-05-21,3.24149,3.083529,3.1506
2001-05-22,3.184768,3.085998,3.1464
2001-05-23,3.197593,3.081875,3.1481
2001-05-25,3.231091,3.085405,3.151
2001-05-28,3.250609,3.094643,3.1509
2001-05-29,3.146495,3.086015,3.1512
2001-05-30,3.168136,3.112001,3.1516
2001-05-31,3.275508,3.109091,3.1515
2001-06-01,3.230825,3.078185,3.155
2001-06-05,3.233483,3.0672,3.1506
2001-06-06,3.23773,3.048835,3.1485
2001-06-07,3.454969,3.070304,3.1496
2001-06-08,3.354392,3.056905,3.1537
2001-06-11,3.335225,3.035829,3.1419
2001-06-12,3.28228,3.022509,3.1398
2001-06-13,3.243345,3.037434,3.1404
2001-06-14,3.297186,3.131189,3.1415
2001-06-15,3.150538,3.13855,3.1406
2001-06-18,3.205631,3.139532,3.146
2001-06-19,3.243081,3.14396,3.1473
2001-06-20,3.23971,3.145341,3.142
2001-06-21,3.247605,3.136614,3.1371
2001-06-22,3.252901,3.153887,3.1359
2001-06-25,3.203884,3.14257,3.1294
2001-06-26,3.166958,3.149349,3.1279
2001-06-27,3.230947,3.142862,3.1286
2001-06-28,3.223044,3.124407,3.1219
2001-06-29,3.283814,3.110667,3.123
2001-07-02,3.250842,3.114026,3.1232
2001-07-03,3.257595,3.112278,3.1236
2001-07-04,3.283392,3.124164,3.1238
2001-07-05,3.222466,3.113032,3.1233
2001-07-06,3.193513,3.116125,3.1274
2001-07-09,3.205806,3.128867,3.1297
2001-07-10,3.205375,3.151912,3.131
2001-07-11,3.221331,3.147086,3.1329
2001-07-12,3.241367,3.14714,3.1343
2001-07-13,3.222223,3.165281,3.1379
2001-07-16,3.205122,3.166727,3.1589
2001-07-17,3.156782,3.152776,3.1594
2001-07-18,2.762662,3.140086,3.1597
2001-07-19,2.912946,3.120834,3.1659
2001-07-20,3.136324,3.166656,3.1723
2001-07-23,3.136246,3.121026,3.1766
2001-07-24,3.13978,3.121833,3.182
2001-07-25,3.16531,3.118236,3.1886
2001-07-26,3.202374,3.112533,3.1933
2001-07-27,3.248328,3.094526,3.2035
2001-07-30,3.207482,3.090965,3.2038
2001-07-31,3.226346,3.085643,3.2069
2001-08-02,3.256764,3.083853,3.2099
2001-08-03,3.251888,3.091672,3.2151
2001-08-06,3.254083,3.090636,3.2216
2001-08-07,3.214864,3.096154,3.2238
2001-08-08,3.195306,3.086731,3.2249
2001-08-09,3.209912,3.065434,3.2261
2001-08-10,3.297735,3.057164,3.2307
2001-08-13,3.246294,3.053133,3.2333
2001-08-14,3.232152,3.059265,3.2338
2001-08-15,3.243406,3.064125,3.2349
2001-08-16,3.270133,3.068499,3.2361
2001-08-17,3.294422,3.064938,3.2386
2001-08-20,3.454317,3.072068,3.2412
2001-08-21,3.34532,3.047725,3.2423
2001-08-22,3.335544,3.093715,3.244
2001-08-23,3.429465,3.112636,3.2463
2001-08-24,3.411974,3.098773,3.253
2001-08-27,3.327293,3.073941,3.2539
2001-08-28,3.273834,3.077081,3.2542
2001-08-29,3.40923,3.084563,3.257
2001-08-30,3.122627,3.070358,3.2565
2001-08-31,3.123531,3.037857,3.2526
2001-09-03,3.279398,3.034846,3.2532
2001-09-04,3.337905,3.044876,3.2542
2001-09-05,3.491015,3.050876,3.2571
2001-09-06,3.302981,3.036657,3.2578
2001-09-07,3.146977,3.005723,3.2527
2001-09-10,3.293044,2.957611,3.2492
2001-09-11,3.286994,2.927788,3.2487
2001-09-12,2.998944,2.805274,3.2456
2001-09-13,2.902821,2.818161,3.2418
2001-09-14,2.812278,2.789722,3.228
2001-09-17,2.95223,2.761944,3.2269
2001-09-18,2.693577,2.688125,3.2213
2001-09-19,2.511709,2.657953,3.2133
2001-09-20,2.461857,2.609281,3.2048
2001-09-21,1.727974,2.43107,3.1574
2001-09-24,2.049177,2.242146,3.1415
2001-09-25,1.96368,2.102634,3.1279
2001-09-26,1.974646,2.128992,3.1149
2001-09-27,1.991847,2.131393,3.0997
2001-09-28,2.027698,2.141439,3.058
2001-10-01,1.974012,2.147875,3.0463
2001-10-02,1.942484,2.145,3.032
2001-10-03,1.90016,2.076045,3.0171
2001-10-04,2.061,2.067725,3.0038
2001-10-05,2.023377,2.042044,2.9704
2001-10-08,1.901386,2.045392,2.9509
2001-10-09,1.765327,2.020353,2.9351
2001-10-10,2.120036,2.040831,2.9232
2001-10-11,2.114468,2.086769,2.9111
2001-10-12,2.166046,2.105477,2.884
2001-10-15,2.108166,2.106659,2.864
2001-10-16,2.033529,2.109727,2.8512
2001-10-17,2.010329,2.128061,2.8386
2001-10-18,2.112056,2.117023,2.8315
2001-10-19,1.782917,2.077363,2.7973
2001-10-22,2.068443,2.065558,2.7778
2001-10-23,2.081775,2.078603,2.7663
2001-10-24,2.107731,2.079273,2.755
2001-10-25,2.103747,2.074752,2.7433
2001-10-26,2.025816,2.042379,2.7158
2001-10-29,2.0245,2.026497,2.6903
2001-10-30,2.052453,1.977033,2.6777
2001-10-31,2.118133,1.930111,2.6591
2001-11-01,2.179998,1.911328,2.6541
2001-11-02,2.260074,1.927879,2.6354
2001-11-05,2.179764,1.920083,2.6098
2001-11-06,2.241207,1.899311,2.5987
2001-11-07,2.249862,1.822827,2.5881
2001-11-08,2.250513,1.822098,2.5778
2001-11-09,2.330707,1.88636,2.5634
2001-11-12,2.279685,1.897208,2.5359
2001-11-13,2.295242,1.912105,2.5255
2001-11-14,2.169719,1.9485,2.5139
2001-11-15,2.274552,2.035255,2.5033
2001-11-16,0.952751,2.115856,2.4456
2001-11-19,1.066092,2.069334,2.4023
2001-11-20,1.97623,2.002006,2.3862
2001-11-21,2.239934,2.001682,2.3741
2001-11-22,2.142303,1.975747,2.361
2001-11-23,2.215633,1.946485,2.3452
2001-11-26,2.257903,1.930036,2.309
2001-11-27,2.014157,1.963875,2.2946
2001-11-28,2.024047,1.924962,2.281
2001-11-29,2.008094,1.887506,2.256
2001-11-30,1.960142,1.836329,2.2175
2001-12-03,1.989339,1.823123,2.2032
2001-12-04,2.014808,1.811071,2.1886
2001-12-05,1.930209,1.832695,2.1714
2001-12-06,2.05048,1.85193,2.1575
2001-12-07,1.923957,1.773036,2.117
2001-12-10,1.777865,1.740882,2.1002
2001-12-11,1.768489,1.731501,2.0835
2001-12-12,1.817157,1.744217,2.0704
2001-12-13,1.756059,1.738544,2.0578
2001-12-14,1.124554,1.746751,2.0018
2001-12-17,1.009808,1.720979,1.9804
2001-12-18,0.874146,1.736056,1.9603
2001-12-19,0.8158,1.724777,1.9416
2001-12-20,1.379349,1.620447,1.9296
2001-12-21,1.366945,1.716478,1.9177
2001-12-24,0.523659,1.696084,1.8701
2001-12-27,0.678799,1.69495,1.8544
2001-12-28,1.469348,1.693571,1.8423
2001-12-31,,,1.8227
2002-01-03,1.553874,1.678225,1.8175
2002-01-04,1.541419,1.678147,1.8063
2002-01-07,1.582457,1.643468,1.7965
2002-01-08,1.311308,1.58567,1.7901
2002-01-09,0.57348,1.597971,1.7771
2002-01-10,1.084407,1.60057,1.7658
2002-01-11,1.204927,1.595719,1.7442
2002-01-14,1.217536,1.586746,1.7245
2002-01-15,1.462577,1.617803,1.7174
2002-01-16,1.464256,1.590666,1.7112
2002-01-17,0.968733,1.57275,1.6999
2002-01-18,0.713096,1.589479,1.664
2002-01-21,1.508188,1.589617,1.6582
2002-01-22,1.442579,1.593274,1.6514
2002-01-23,1.405127,1.606875,1.644
2002-01-24,1.525601,1.605424,1.6377
2002-01-25,1.285529,1.612945,1.6215
2002-01-28,1.32848,1.611462,1.605
2002-01-29,1.12978,1.587051,1.5952
2002-01-30,1.096512,1.567548,1.5848
2002-01-31,1.203506,1.566818,1.5748
2002-02-01,1.241701,1.553889,1.5578
2002-02-04,1.446838,1.532319,1.5335
2002-02-05,1.458601,1.522363,1.5256
2002-02-06,1.504783,1.533426,1.5175
2002-02-07,1.501659,1.5353,1.5094
2002-02-08,1.495352,1.541908,1.5011
2002-02-11,1.420388,1.527586,1.473
2002-02-12,1.37833,1.533022,1.4632
2002-02-13,1.416394,1.544355,1.4536
2002-02-14,1.4988,1.5592,1.4462
2002-02-15,1.398373,1.584096,1.436
2002-02-18,1.477522,1.57125,1.4521
2002-02-19,1.5153,1.57041,1.457
2002-02-20,1.51227,1.587818,1.452
2002-02-21,1.536173,1.607001,1.4443
2002-02-22,1.486291,1.591889,1.4383
2002-02-25,1.470694,1.6,1.4131
2002-02-26,1.466405,1.610795,1.4045
2002-02-27,1.511782,1.631043,1.3851
2002-02-28,1.571053,1.595742,1.3675
2002-03-01,1.589345,1.666114,1.375
2002-03-04,1.641281,1.682218,1.3639
2002-03-05,1.651718,1.648104,1.3608
2002-03-06,1.562321,1.647635,1.3553
2002-03-07,1.584628,1.64308,1.3579
2002-03-08,1.488984,1.665984,1.3435
2002-03-11,1.474917,1.633465,1.3354
2002-03-12,1.43982,1.616573,1.3312
2002-03-13,1.421913,1.604501,1.3274
2002-03-14,1.462686,1.592415,1.329
2002-03-15,1.319189,1.5555,1.3354
2002-03-18,1.467612,1.551678,1.3456
2002-03-19,1.518823,1.570034,1.3535
2002-03-20,1.547908,1.588158,1.3553
2002-03-21,1.559183,1.605313,1.3576
2002-03-22,1.541717,1.59776,1.3634
2002-03-25,1.424816,1.595083,1.3641
2002-03-26,1.43875,1.579655,1.393
2002-03-27,1.302099,1.53092,1.3974
2002-03-28,1.202675,1.509085,1.3841
2002-04-02,1.336568,1.512143,1.3836
2002-04-03,1.376005,1.490059,1.3816
2002-04-04,1.3933,1.467712,1.3818
2002-04-05,1.332908,1.45238,1.3749
2002-04-08,1.387884,1.456019,1.3734
2002-04-09,1.501844,1.478097,1.3837
2002-04-10,1.472721,1.487844,1.388
2002-04-11,1.427364,1.477514,1.3885
2002-04-12,0.999843,1.447743,1.3817
2002-04-15,1.3308,1.421917,1.3821
2002-04-16,1.336452,1.446108,1.3806
2002-04-17,1.347096,1.486235,1.3848
2002-04-18,1.384458,1.483974,1.3849
2002-04-19,1.37782,1.475383,1.4069
2002-04-22,1.363041,1.446045,1.4048
2002-04-23,1.355411,1.450819,1.4043
2002-04-24,1.3152,1.44459,1.4019
2002-04-25,1.343744,1.430759,1.4013
2002-04-26,1.351502,1.436781,1.4035
2002-04-29,1.357704,1.434328,1.4103
2002-04-30,1.418686,1.447129,1.4128
2002-05-02,1.425034,1.327157,1.413
2002-05-03,1.189859,1.209599,1.4108
2002-05-06,1.129247,1.147109,1.406
2002-05-07,1.181153,1.160921,1.4024
2002-05-08,1.125056,1.146391,1.3964
2002-05-10,1.136079,1.152095,1.3841
2002-05-13,1.07372,1.147933,1.3802
2002-05-14,1.025287,1.153508,1.3749
2002-05-15,1.103838,1.1543,1.3719
2002-05-16,1.103507,1.154592,1.369
2002-05-17,0.913837,1.163649,1.3467
2002-05-21,1.055071,1.141117,1.3375
2002-05-22,1.027326,1.127362,1.334
2002-05-23,1.046673,1.110458,1.3309
2002-05-24,1.017287,1.145557,1.3136
2002-05-27,1.044184,1.178326,1.3066
2002-05-28,1.038517,1.204263,1.3037
2002-05-29,0.945993,1.166752,1.2998
2002-05-30,0.961679,1.154111,1.2961
2002-05-31,0.974746,1.124678,1.283
2002-06-03,1.004294,1.132519,1.2698
2002-06-04,1.011984,1.133333,1.263
2002-06-05,1.012324,1.146404,1.256
2002-06-06,1.042864,1.171108,1.2503
2002-06-07,1.045157,1.165147,1.2403
2002-06-10,1.032835,1.17969,1.2298
2002-06-11,1.077848,1.157157,1.2255
2002-06-12,1.118397,1.161613,1.222
2002-06-13,1.025596,1.160284,1.2176
2002-06-14,1.018903,1.151533,1.2087
2002-06-17,1.058343,1.163452,1.2034
2002-06-18,1.282298,1.157357,1.2014
2002-06-19,1.013498,1.167819,1.1959
2002-06-20,0.972864,1.149295,1.1896
2002-06-21,0.989513,1.138625,1.1793
2002-06-24,0.966463,1.139308,1.1651
2002-06-25,0.962752,1.127757,1.1601
2002-06-26,0.973453,1.120836,1.155
2002-06-27,1.00369,1.130536,1.1517
2002-06-28,0.937309,1.138108,1.1417
2002-07-01,0.976552,1.1445,1.1399
2002-07-02,1.000419,1.131876,1.1362
2002-07-03,0.92825,1.08793,1.1312
2002-07-04,0.894893,1.111,1.1257
2002-07-05,0.914791,1.087792,1.1119
2002-07-08,0.946555,1.096646,1.1071
2002-07-09,0.946662,1.089063,1.1009
2002-07-10,0.93139,1.091001,1.095
2002-07-11,0.942466,1.073857,1.0896
2002-07-12,0.955038,1.060978,1.0882
2002-07-15,0.995053,1.076609,1.0845
2002-07-16,1.05243,1.072543,1.0813
2002-07-17,1.019258,1.050192,1.0777
2002-07-18,0.979729,1.054802,1.0732
2002-07-19,0.69338,1.017638,1.0506
2002-07-22,0.99683,0.966038,1.0466
2002-07-23,1.071384,0.972524,1.0435
2002-07-24,1.046612,0.913653,1.0405
2002-07-25,1.004651,0.925574,1.0368
2002-07-26,1.032079,0.853517,1.0262
2002-07-29,0.712598,0.748596,1.0191
2002-07-30,0.623503,0.739908,1.0148
2002-07-31,0.703175,0.704178,0.9992
2002-08-02,0.542149,0.653675,0.9801
2002-08-05,0.619729,0.643313,0.9693
2002-08-06,0.61073,0.648286,0.9636
2002-08-07,0.579767,0.668629,0.9571
2002-08-08,0.654279,0.696168,0.9538
2002-08-09,0.572299,0.706431,0.938
2002-08-12,0.587987,0.70631,0.9277
2002-08-13,0.667872,0.708791,0.9232
2002-08-14,0.572735,0.688241,0.9183
2002-08-15,0.537547,0.6902,0.9121
2002-08-16,0.413324,0.674499,0.8942
2002-08-19,0.422745,0.670284,0.8892
2002-08-20,0.715943,0.667642,0.8862
2002-08-21,0.694018,0.682801,0.8823
2002-08-22,0.564382,0.674785,0.8772
2002-08-23,0.439307,0.675882,0.8615
2002-08-26,0.421653,0.653781,0.8515
2002-08-27,0.418113,0.654041,0.8447
2002-08-28,0.456153,0.631812,0.8384
2002-08-29,0.559435,0.618786,0.8327
2002-08-30,0.603556,0.620826,0.8205
2002-09-02,0.61541,0.621491,0.8183
2002-09-03,0.624202,0.626333,0.8141
2002-09-04,0.615582,0.602878,0.8098
2002-09-05,0.458226,0.595833,0.8038
2002-09-06,0.447279,0.592933,0.7899
2002-09-09,0.767505,0.605923,0.7812
2002-09-10,0.72948,0.627979,0.7779
2002-09-11,0.799751,0.632019,0.7749
2002-09-12,0.537057,0.617952,0.7686
2002-09-13,0.533799,0.593834,0.7584
2002-09-16,0.694185,0.605663,0.7491
2002-09-17,0.439552,0.619823,0.7424
2002-09-18,0.589063,0.602125,0.7348
2002-09-19,0.589434,0.608619,0.7302
2002-09-20,0.619206,0.61176,0.7241
2002-09-23,0.57578,0.614438,0.7138
2002-09-24,0.484803,0.624017,0.7086
2002-09-25,0.627515,0.610148,0.7049
2002-09-26,0.524067,0.622516,0.7
2002-09-27,0.598836,0.630078,0.6936
2002-09-30,0.50856,0.606619,0.6836
2002-10-01,0.522026,0.596906,0.6786
2002-10-02,0.644149,0.614039,0.6747
2002-10-03,0.631382,0.598959,0.6715
2002-10-04,0.641819,0.608455,0.6682
2002-10-07,0.6153,0.606047,0.6595
2002-10-08,0.550598,0.616655,0.6552
2002-10-09,0.547676,0.640502,0.6509
2002-10-10,0.604736,0.620962,0.6473
2002-10-11,0.638258,0.65043,0.6439
2002-10-14,0.568844,0.649685,0.6329
2002-10-15,0.578812,0.664925,0.6284
2002-10-16,0.5313,0.656494,0.6227
2002-10-17,0.401344,0.66137,0.616
2002-10-18,0.393955,0.643295,0.605
2002-10-21,0.543003,0.647414,0.6015
2002-10-22,0.503212,0.646253,0.5961
2002-10-23,0.547906,0.642269,0.5904
2002-10-24,0.525221,0.623409,0.5847
2002-10-25,0.522657,0.633697,0.5783
2002-10-28,0.517153,0.611335,0.5628
2002-10-29,0.574264,0.605571,0.5613
2002-10-30,0.518571,0.599481,0.5601
2002-10-31,0.517184,0.602483,0.5565
2002-11-01,0.536713,0.605588,0.5559
2002-11-04,0.531886,0.595019,0.556
2002-11-05,0.545407,0.604821,0.5552
2002-11-06,0.546889,0.597778,0.5545
2002-11-07,0.520205,0.521084,0.5539
2002-11-08,0.570051,0.555153,0.5534
2002-11-11,0.605151,0.55825,0.5533
2002-11-12,0.599048,0.582751,0.5534
2002-11-13,0.577677,0.585169,0.5524
2002-11-14,0.536027,0.602261,0.552
2002-11-15,0.493673,0.597329,0.5503
2002-11-18,0.54235,0.583521,0.5547
2002-11-19,0.55529,0.599943,0.5561
2002-11-20,0.570324,0.594734,0.5546
2002-11-21,0.557345,0.587394,0.5531
2002-11-22,0.539049,0.601742,0.5525
2002-11-25,0.549533,0.614606,0.5562
2002-11-26,0.54943,0.622392,0.5576
2002-11-27,0.531319,0.611264,0.5588
2002-11-28,0.52299,0.62,0.5595
2002-11-29,0.506908,0.601656,0.5563
2002-12-02,0.51843,0.599896,0.5553
2002-12-03,0.559106,0.60037,0.5545
2002-12-04,0.553787,0.584794,0.5539
2002-12-05,0.534513,0.56377,0.5547
2002-12-06,0.526087,0.578147,0.5573
2002-12-09,0.517304,0.565524,0.5545
2002-12-10,0.466475,0.548281,0.5517
2002-12-11,0.487907,0.535301,0.5482
2002-12-12,0.432534,0.525556,0.5471
2002-12-13,0.40772,0.546819,0.5429
2002-12-16,0.480927,0.554222,0.5406
2002-12-17,0.501211,0.553933,0.5412
2002-12-18,0.517393,0.547522,0.5405
2002-12-19,0.540445,0.545472,0.5399
2002-12-20,0.502272,0.542833,0.5361
2002-12-23,0.502384,0.535135,0.5352
2002-12-24,0.33622,0.516394,0.5283
2002-12-27,0.353295,0.476495,0.5202
2002-12-30,0.447494,0.479835,0.5194
2002-12-31,0.362647,0.4675,0.5145
2003-01-03,0.471146,0.51436,0.5105
2003-01-06,0.533739,0.512055,0.5064
2003-01-07,0.512049,0.503561,0.5053
2003-01-08,0.471236,0.517269,0.5044
2003-01-09,0.376482,0.516652,0.5026
2003-01-10,0.498151,0.532391,0.5014
2003-01-13,0.502883,0.533726,0.4969
2003-01-14,0.496916,0.532002,0.4961
2003-01-15,0.510592,0.528722,0.4954
2003-01-16,0.418376,0.525986,0.4941
2003-01-17,0.47715,0.503549,0.4946
2003-01-20,0.493474,0.503083,0.4979
2003-01-21,0.467838,0.502119,0.497
2003-01-22,0.460346,0.488882,0.4966
2003-01-23,0.456147,0.4871,0.4956
2003-01-24,0.478657,0.48548,0.4947
2003-01-27,0.510533,0.493913,0.494
2003-01-28,0.556114,0.504662,0.4944
2003-01-29,0.545334,0.497213,0.4941
2003-01-30,0.515058,0.498088,0.494
2003-01-31,0.486557,0.502632,0.4936
2003-02-03,0.523252,0.497303,0.4925
2003-02-04,0.536583,0.495179,0.4925
2003-02-05,0.525404,0.492291,0.4923
2003-02-06,0.517537,0.498587,0.492
2003-02-07,0.511664,0.484651,0.4923
2003-02-10,0.510612,0.496429,0.49
2003-02-11,0.492861,0.491333,0.4888
2003-02-12,0.518173,0.49955,0.4879
2003-02-13,0.517925,0.478578,0.4872
2003-02-14,0.563656,0.473667,0.4892
2003-02-17,0.55412,0.493357,0.4897
2003-02-18,0.581896,0.503079,0.4901
2003-02-19,0.562028,0.492579,0.4902
2003-02-20,0.536472,0.493042,0.4898
2003-02-21,0.532723,0.492237,0.4905
2003-02-24,0.566783,0.485446,0.4897
2003-02-25,0.563352,0.480559,0.4899
2003-02-26,0.554825,0.4785,0.4899
2003-02-27,0.540566,0.475985,0.4897
2003-02-28,0.562408,0.482395,0.4915
2003-03-03,0.574577,0.482021,0.4914
2003-03-04,0.575651,0.462118,0.4916
2003-03-05,0.514461,0.453149,0.4914
2003-03-06,0.389022,0.370583,0.4903
2003-03-07,0.156957,0.208385,0.4781
2003-03-10,0.174101,0.212499,0.4744
2003-03-11,0.159264,0.193543,0.4707
2003-03-12,0.100596,0.188047,0.4671
2003-03-13,0.056202,0.189364,0.4625
2003-03-14,0.097948,0.170942,0.4523
2003-03-17,0.0886,0.174174,0.4474
2003-03-18,0.073356,0.176252,0.4425
2003-03-19,0.092658,0.180411,0.4375
2003-03-20,0.168674,0.168888,0.4345
2003-03-21,0.083014,0.192357,0.4207
2003-03-24,0.107001,0.181504,0.4163
2003-03-25,0.083904,0.177387,0.4127
2003-03-26,0.088405,0.185989,0.4117
2003-03-27,0.15424,0.174261,0.4088
2003-03-28,0.162737,0.178581,0.402
2003-03-31,0.177559,0.176613,0.4008
2003-04-01,0.132977,0.169388,0.3978
2003-04-02,0.134647,0.161893,0.3949
2003-04-03,0.094124,0.167783,0.3916
2003-04-04,0.108119,0.17521,0.3796
2003-04-07,0.11292,0.171959,0.3735
2003-04-08,0.118672,0.178306,0.3695
2003-04-09,0.115982,0.173641,0.3666
2003-04-10,0.109801,0.165664,0.3638
2003-04-11,0.065739,0.171096,0.3496
2003-04-14,0.089963,0.178356,0.3433
2003-04-15,0.132488,0.184241,0.3391
2003-04-16,0.126412,0.181724,0.3359
2003-04-17,0.15414,0.178191,0.3195
2003-04-22,0.110111,0.176964,0.3139
2003-04-23,0.137328,0.179152,0.3104
2003-04-24,0.133899,0.171011,0.3084
2003-04-25,0.110691,0.173116,0.2963
2003-04-28,0.097797,0.174006,0.2888
2003-04-29,0.091982,0.174545,0.2812
2003-04-30,0.094747,0.169372,0.2699
2003-05-02,0.105593,0.150668,0.2616
2003-05-05,0.125598,0.158254,0.2541
2003-05-06,0.102647,0.151429,0.2494
2003-05-07,0.102982,0.155019,0.2478
2003-05-08,0.097425,0.154778,0.2461
2003-05-09,0.112802,0.156907,0.2299
2003-05-12,0.120919,0.1585,0.2224
2003-05-13,0.105713,0.159078,0.2178
2003-05-14,0.075861,0.165652,0.2162
2003-05-15,0.144158,0.160806,0.2154
2003-05-16,0.131208,0.15909,0.1973
2003-05-19,0.085875,0.156166,0.1876
2003-05-20,0.110303,0.151634,0.1828
2003-05-21,0.13922,0.1565,0.1823
2003-05-22,0.141768,0.162418,0.1819
2003-05-23,0.085651,0.159406,0.1627
2003-05-26,0.11064,0.16728,0.1532
2003-05-27,0.111955,0.162698,0.1484
2003-05-28,0.089656,0.161171,0.1471
2003-05-30,0.13474,0.162716,0.133
2003-06-02,0.16452,0.164598,0.1333
2003-06-03,0.150587,0.165672,0.1287
2003-06-04,0.123716,0.153197,0.1238
2003-06-05,0.141349,0.14281,0.1197
2003-06-06,0.139799,0.141703,0.1177
2003-06-10,0.150407,0.143236,0.1162
2003-06-11,0.134074,0.14208,0.1159
2003-06-12,0.136919,0.139834,0.1163
2003-06-13,0.120434,0.154,0.1171
2003-06-16,0.096937,0.155,0.1175
2003-06-17,0.079255,0.150614,0.1174
2003-06-18,0.065356,0.15838,0.1173
2003-06-19,0.09445,0.159725,0.1173
2003-06-20,0.095556,0.165901,0.1161
2003-06-23,0.113825,0.169287,0.1171
2003-06-24,0.105657,0.170965,0.1171
2003-06-25,0.151689,0.171622,0.1179
2003-06-26,0.143639,0.175926,0.1185
2003-06-27,0.121353,0.179048,0.1167
2003-06-30,0.14823,0.164295,0.1164
2003-07-01,0.103088,0.166875,0.1161
2003-07-02,0.094203,0.165,0.1156
2003-07-03,0.092657,0.16625,0.1156
2003-07-04,0.086257,0.169262,0.1149
2003-07-07,0.118416,0.16562,0.1149
2003-07-08,0.093056,0.161135,0.1146
2003-07-09,0.102792,0.169125,0.1145
2003-07-10,0.107083,0.160242,0.1145
2003-07-11,0.117123,0.153482,0.1162
2003-07-14,0.132878,0.16392,0.1166
2003-07-15,0.144757,0.166279,0.1168
2003-07-16,0.134946,0.163965,0.1169
2003-07-17,0.148837,0.16438,0.1172
2003-07-18,0.130598,0.1625,0.1176
2003-07-21,0.137441,0.158298,0.1159
2003-07-22,0.107112,0.161111,0.1158
2003-07-23,0.078374,0.16125,0.1152
2003-07-24,0.081364,0.17194,0.1146
2003-07-25,0.094292,0.168978,0.1141
2003-07-28,0.102426,0.164722,0.1141
2003-07-29,0.093268,0.159322,0.1141
2003-07-30,0.097313,0.159334,0.1139
2003-07-31,0.111008,0.159799,0.1142
2003-08-04,0.1143,0.16325,0.1145
2003-08-05,0.046879,0.159686,0.1136
2003-08-06,0.060348,0.160626,0.1132
2003-08-07,0.052763,0.15908,0.1126
2003-08-08,0.036318,0.154763,0.1104
2003-08-11,0.034806,0.154308,0.1095
2003-08-12,0.078192,0.139106,0.109
2003-08-13,0.107901,0.141667,0.109
2003-08-14,0.096598,0.145129,0.1092
2003-08-15,0.08264,0.152084,0.108
2003-08-18,0.088686,0.14375,0.1071
2003-08-19,0.118139,0.142457,0.1074
2003-08-20,0.121804,0.150714,0.1075
2003-08-21,0.102848,0.154445,0.1071
2003-08-22,0.091619,0.148751,0.1063
2003-08-25,0.109134,0.153634,0.107
2003-08-26,0.114332,0.151987,0.107
2003-08-27,0.134218,0.149284,0.1073
2003-08-28,0.095412,0.147229,0.1075
2003-08-29,0.053337,0.145384,0.1048
2003-09-01,0.086157,0.142736,0.1046
2003-09-02,0.112664,0.157583,0.1041
2003-09-03,0.127634,0.163833,0.1038
2003-09-04,0.100519,0.157066,0.1036
2003-09-05,0.058304,0.15725,0.1017
2003-09-08,0.047996,0.147381,0.1012
2003-09-09,0.036795,0.147888,0.0988
2003-09-10,0.131373,0.144213,0.0986
2003-09-11,0.07962,0.135255,0.098
2003-09-12,0.095941,0.13131,0.0975
2003-09-15,0.096439,0.12824,0.0967
2003-09-16,0.089809,0.135951,0.0967
2003-09-17,0.110975,0.148445,0.097
2003-09-18,0.097807,0.1325,0.0974
2003-09-19,0.0558,0.133167,0.0961
2003-09-22,0.082498,0.122949,0.0959
2003-09-23,0.135984,0.127413,0.0962
2003-09-24,0.113844,0.125634,0.0963
2003-09-25,0.088678,0.127278,0.0956
2003-09-26,0.082217,0.124567,0.0946
2003-09-29,0.107315,0.135864,0.0939
2003-09-30,0.145845,0.125374,0.0939
2003-10-01,0.095057,0.128928,0.0938
2003-10-02,0.099875,0.125143,0.0939
2003-10-03,0.085179,0.12715,0.0936
2003-10-06,0.090726,0.129044,0.0938
2003-10-07,0.068334,0.133314,0.0933
2003-10-08,0.091127,0.129084,0.0932
2003-10-09,0.081948,0.128207,0.093
2003-10-10,0.096472,0.131128,0.093
2003-10-13,0.087679,0.130909,0.0921
2003-10-14,0.07919,0.130279,0.0915
2003-10-15,0.10503,0.130278,0.0911
2003-10-16,0.108072,0.129679,0.0908
2003-10-17,0.10082,0.1355,0.0905
2003-10-20,0.090172,0.136991,0.0892
2003-10-21,0.103148,0.13225,0.0888
2003-10-22,0.072875,0.1295,0.0885
2003-10-23,0.079116,0.123843,0.0885
2003-10-24,0.086389,0.121794,0.0885
2003-10-27,0.069334,0.130114,0.0881
2003-10-28,0.078801,0.126483,0.0878
2003-10-29,0.078176,0.123717,0.0877
2003-10-30,0.111139,0.126608,0.0878
2003-10-31,0.113241,0.130071,0.0876
2003-11-03,0.118779,0.132668,0.088
2003-11-04,0.12694,0.137925,0.0881
2003-11-05,0.109571,0.143438,0.0888
2003-11-06,0.101501,0.142821,0.0892
2003-11-07,0.073114,0.147618,0.0891
2003-11-10,0.079189,0.1527,0.0907
2003-11-11,0.054263,0.147956,0.0909
2003-11-12,0.056227,0.150893,0.0907
2003-11-13,0.089185,0.146083,0.0905
2003-11-14,0.092801,0.134977,0.0905
2003-11-17,0.102708,0.13792,0.0909
2003-11-18,0.109562,0.133416,0.0911
2003-11-19,0.12404,0.131994,0.0912
2003-11-20,0.135461,0.139953,0.0913
2003-11-21,0.103569,0.139637,0.0916
2003-11-24,0.106967,0.142808,0.0918
2003-11-25,0.080924,0.144744,0.0915
2003-11-26,0.088339,0.152168,0.0912
2003-11-27,0.098484,0.147642,0.0907
2003-11-28,0.117566,0.149284,0.0928
2003-12-01,0.102953,0.154423,0.093
2003-12-02,0.099497,0.153928,0.0929
2003-12-03,0.079821,0.150765,0.0924
2003-12-04,0.072563,0.153132,0.0921
2003-12-05,0.097512,0.150482,0.0933
2003-12-08,0.069551,0.140188,0.0936
2003-12-09,0.127281,0.132079,0.0946
2003-12-10,0.10858,0.136357,0.0943
2003-12-11,0.092269,0.141787,0.0945
2003-12-12,0.102569,0.13528,0.0947
2003-12-15,0.100046,0.134284,0.0947
2003-12-16,0.069845,0.127693,0.0945
2003-12-17,0.082277,0.125956,0.0942
2003-12-18,0.074013,0.127467,0.0939
2003-12-19,0.088617,0.13,0.095
2003-12-22,0.102105,0.129386,0.0952
2003-12-23,0.126074,0.1308,0.0951
2003-12-24,0.156055,0.131147,0.0982
2003-12-29,0.113256,0.13,0.0988
2003-12-30,0.162554,0.130357,0.0995
2003-12-31,0.126631,0.127889,0.1005
2004-01-05,0.166294,0.137923,0.1017
2004-01-06,0.133263,0.136619,0.1022
2004-01-07,0.136197,0.137668,0.1029
2004-01-08,0.080288,0.136454,0.1028
2004-01-09,0.062086,0.129195,0.1017
2004-01-12,0.082214,0.129682,0.1017
2004-01-13,0.081459,0.130445,0.1016
2004-01-14,0.065766,0.129372,0.1015
2004-01-15,0.089272,0.127713,0.1013
2004-01-16,0.0841,0.129295,0.1007
2004-01-19,0.103944,0.126159,0.1007
2004-01-20,0.081914,0.128594,0.1006
2004-01-21,0.096618,0.127794,0.1006
2004-01-22,0.099243,0.126571,0.1008
2004-01-23,0.087857,0.123284,0.1007
2004-01-26,0.098203,0.121771,0.1011
2004-01-27,0.12597,0.121418,0.1017
2004-01-28,0.133698,0.125269,0.1023
2004-01-29,0.104657,0.125,0.1025
2004-01-30,0.098549,0.119652,0.102
2004-02-02,0.100158,0.123055,0.102
2004-02-03,0.107038,0.127291,0.1019
2004-02-04,0.118577,0.122482,0.1018
2004-02-05,0.135046,0.125555,0.1021
2004-02-06,0.11994,0.125584,0.1026
2004-02-09,0.113591,0.125483,0.1037
2004-02-10,0.11588,0.124125,0.1041
2004-02-11,0.14172,0.132291,0.1051
2004-02-12,0.211191,0.132492,0.1067
2004-02-13,0.248182,0.142374,0.1115
2004-02-16,0.344875,0.158889,0.1146
2004-02-17,0.393695,0.172585,0.1178
2004-02-18,0.213683,0.164259,0.1189
2004-02-19,0.215282,0.179956,0.1199
2004-02-20,0.178372,0.186071,0.1216
2004-02-23,0.186515,0.187538,0.1229
2004-02-24,0.136284,0.163381,0.1232
2004-02-25,0.130337,0.157543,0.1237
2004-02-26,0.113112,0.154477,0.1243
2004-02-27,0.100093,0.155258,0.1237
2004-03-01,0.093058,0.149433,0.1236
2004-03-02,0.087745,0.146974,0.1235
2004-03-03,0.108048,0.152528,0.1238
2004-03-04,0.116505,0.155331,0.1243
2004-03-05,0.120366,0.152326,0.125
2004-03-08,0.105513,0.156987,0.1254
2004-03-09,0.089078,0.155747,0.125
2004-03-10,0.100153,0.158593,0.1249
2004-03-11,0.11902,0.155974,0.1252
2004-03-12,0.215884,0.16083,0.1289
2004-03-15,0.183491,0.160764,0.1298
2004-03-16,0.120618,0.159588,0.1304
2004-03-17,0.112743,0.160254,0.1307
2004-03-18,0.189687,0.171225,0.132
2004-03-19,0.221581,0.166541,0.1364
2004-03-22,0.149833,0.166701,0.1369
2004-03-23,0.157766,0.15761,0.1373
2004-03-24,0.180283,0.158985,0.1377
2004-03-25,0.14429,0.15891,0.1378
2004-03-26,0.084649,0.154801,0.1351
2004-03-29,0.073106,0.162726,0.1346
2004-03-30,0.087036,0.162636,0.1338
2004-03-31,0.110365,0.155299,0.1339
2004-04-01,0.107313,0.153054,0.1336
2004-04-02,0.127326,0.170728,0.1334
2004-04-05,0.121081,0.177833,0.1329
2004-04-06,0.12351,0.174462,0.1328
2004-04-07,0.106938,0.177352,0.1325
2004-04-08,0.106218,0.185539,0.1339
2004-04-13,0.138792,0.192813,0.1351
2004-04-14,0.103958,0.194776,0.1355
2004-04-15,0.084769,0.190718,0.1355
2004-04-16,0.053025,0.19153,0.1345
2004-04-19,0.049934,0.186869,0.1339
2004-04-20,0.118533,0.181123,0.1343
2004-04-21,0.139107,0.196595,0.1347
2004-04-22,0.095364,0.191265,0.1347
2004-04-23,0.101131,0.190299,0.1351
2004-04-26,0.098361,0.197613,0.1351
2004-04-27,0.094623,0.209254,0.1348
2004-04-28,0.105523,0.19297,0.1345
2004-04-29,0.102967,0.193817,0.1345
2004-04-30,0.108065,0.186379,0.1348
2004-05-03,0.174198,0.173327,0.1359
2004-05-04,0.217276,0.169182,0.137
2004-05-05,0.138295,0.172835,0.137
2004-05-06,0.105452,0.170755,0.1367
2004-05-07,0.089681,0.174983,0.1357
2004-05-10,0.120926,0.212563,0.136
2004-05-11,0.09308,0.198167,0.1355
2004-05-12,0.074133,0.187985,0.1339
2004-05-13,0.070266,0.186187,0.1332
2004-05-14,0.088944,0.190853,0.128
2004-05-17,0.115261,0.190461,0.1225
2004-05-18,0.056555,0.183924,0.1207
2004-05-19,0.062594,0.182106,0.1184
2004-05-21,0.089402,0.179399,0.1155
2004-05-24,0.13334,0.178574,0.1147
2004-05-25,0.127049,0.175871,0.1146
2004-05-26,0.080665,0.178732,0.1143
2004-05-27,0.149923,0.179216,0.1147
2004-05-28,0.112946,0.179594,0.1151
2004-06-01,0.115373,0.185244,0.1153
2004-06-02,0.134562,0.188676,0.1158
2004-06-03,0.185994,0.197263,0.1167
2004-06-04,0.164844,0.217361,0.1182
2004-06-07,0.174011,0.23429,0.1187
2004-06-08,0.108332,0.252126,0.1188
2004-06-09,0.120691,0.285845,0.1191
2004-06-10,0.198392,0.387653,0.1202
2004-06-11,0.136413,0.383207,0.1207
2004-06-14,0.127214,0.36304,0.1177
2004-06-15,0.079851,0.346015,0.1165
2004-06-16,0.149728,0.309459,0.1169
2004-06-17,0.166221,0.378777,0.1174
2004-06-18,0.148945,0.377427,0.1177
2004-06-21,0.186408,0.375953,0.115
2004-06-22,0.213863,0.383573,0.1157
2004-06-23,0.329341,0.395097,0.1176
2004-06-24,0.246988,0.385026,0.1183
2004-06-25,0.244352,0.369777,0.1221
2004-06-28,0.222869,0.385763,0.1244
2004-06-29,0.234828,0.408626,0.1266
2004-06-30,0.360676,0.416011,0.1293
2004-07-01,0.333116,0.411888,0.1318
2004-07-02,0.316424,0.408199,0.138
2004-07-05,0.321459,0.385439,0.1402
2004-07-06,0.315509,0.384462,0.1424
2004-07-07,0.31936,0.386309,0.1447
2004-07-08,0.319704,0.385701,0.1466
2004-07-09,0.308321,0.387064,0.1517
2004-07-12,0.34258,0.404408,0.1563
2004-07-13,0.362546,0.413494,0.1588
2004-07-14,0.27789,0.423307,0.1607
2004-07-15,0.163596,0.428561,0.1615
2004-07-16,0.127541,0.432529,0.164
2004-07-19,0.113494,0.430559,0.1647
2004-07-20,0.226266,0.431492,0.1659
2004-07-21,0.210874,0.442313,0.1667
2004-07-22,0.138526,0.444629,0.1671
2004-07-23,0.219334,0.442195,0.171
2004-07-26,0.200472,0.445234,0.1722
2004-07-27,0.187606,0.449088,0.1732
2004-07-28,0.206074,0.451261,0.1743
2004-07-29,0.202788,0.449128,0.1754
2004-07-30,0.1953,0.45557,0.1783
2004-08-02,0.270734,0.457979,0.1793
2004-08-03,0.318652,0.46033,0.1808
2004-08-04,0.303732,0.463081,0.1818
2004-08-05,0.280235,0.458803,0.1833
2004-08-06,0.127918,0.42452,0.1824
2004-08-09,0.109223,0.409387,0.1846
2004-08-10,0.099882,0.421961,0.1844
2004-08-11,0.112354,0.439404,0.1846
2004-08-12,0.233134,0.450642,0.1863
2004-08-13,0.315183,0.453658,0.1917
2004-08-16,0.294104,0.450627,0.1961
2004-08-17,0.165047,0.45326,0.1967
2004-08-18,0.1439,0.448192,0.1976
2004-08-19,0.194879,0.44597,0.1976
2004-08-20,0.226702,0.453077,0.2014
2004-08-23,0.30231,0.454825,0.2062
2004-08-24,0.247877,0.495929,0.2074
2004-08-25,0.187006,0.540015,0.2081
2004-08-26,0.173946,0.543023,0.2091
2004-08-27,0.132238,0.553911,0.2073
2004-08-30,0.130119,0.5631,0.2064
2004-08-31,0.173508,0.540374,0.2101
2004-09-01,0.231154,0.544486,0.2114
2004-09-02,0.301572,0.562967,0.2132
2004-09-03,0.199504,0.573465,0.2131
2004-09-06,0.183644,0.597739,0.2143
2004-09-07,0.128305,0.588075,0.2138
2004-09-08,0.235725,0.580845,0.2152
2004-09-09,0.113101,0.586832,0.2151
2004-09-10,0.160322,0.584074,0.2136
2004-09-13,0.12184,0.584479,0.2151
2004-09-14,0.199422,0.589811,0.2159
2004-09-15,0.198724,0.597219,0.2172
2004-09-16,0.164565,0.609522,0.2173
2004-09-17,0.111655,0.576787,0.2145
2004-09-20,0.375827,0.578898,0.2184
2004-09-21,0.41665,0.569105,0.2209
2004-09-22,0.438706,0.57584,0.2233
2004-09-23,0.421809,0.569567,0.2243
2004-09-24,0.467663,0.57404,0.2319
2004-09-27,0.477271,0.593729,0.2341
2004-09-28,0.51243,0.599335,0.2373
2004-09-29,0.483556,0.611157,0.24
2004-09-30,0.53447,0.608337,0.2419
2004-10-01,0.554391,0.610254,0.2509
2004-10-04,0.633797,0.623293,0.2529
2004-10-05,0.54382,0.62595,0.2553
2004-10-06,0.57722,0.624229,0.2582
2004-10-07,0.553121,0.636527,0.2607
2004-10-08,0.335102,0.639047,0.2625
2004-10-11,0.346553,0.635446,0.2619
2004-10-12,0.527765,0.623583,0.2639
2004-10-13,0.439413,0.623706,0.2647
2004-10-14,0.374166,0.622004,0.2658
2004-10-15,0.258399,0.614375,0.2666
2004-10-18,0.31254,0.616015,0.2717
2004-10-19,0.367184,0.606547,0.2744
2004-10-20,0.501372,0.613156,0.2774
2004-10-21,0.613501,0.601937,0.2818
2004-10-22,0.541561,0.612554,0.2916
2004-10-25,0.568402,0.612548,0.297
2004-10-26,0.568666,0.604,0.301
2004-10-27,0.624203,0.613138,0.3057
2004-10-28,0.644051,0.643283,0.3117
2004-10-29,0.63083,0.63502,0.3261
2004-11-01,0.567194,0.632131,0.3287
2004-11-02,0.526796,0.618992,0.3315
2004-11-03,0.6794,0.627412,0.3354
2004-11-04,0.676257,0.634899,0.3394
2004-11-05,0.591568,0.629322,0.3481
2004-11-08,0.621848,0.651188,0.3583
2004-11-09,0.519289,0.664591,0.3628
2004-11-10,0.439593,0.657387,0.3665
2004-11-11,0.294497,0.65257,0.3684
2004-11-12,0.157563,0.638402,0.3631
2004-11-15,0.12354,0.63448,0.3621
2004-11-16,0.432334,0.647559,0.3636
2004-11-17,0.580053,0.683746,0.3681
2004-11-18,0.474671,0.69675,0.3717
2004-11-19,0.149616,0.6773,0.3665
2004-11-22,0.427131,0.670085,0.3717
2004-11-23,0.435865,0.642727,0.3732
2004-11-24,0.44013,0.630547,0.3753
2004-11-25,0.477657,0.640265,0.3784
2004-11-26,0.509755,0.650258,0.3848
2004-11-29,0.584883,0.640462,0.3981
2004-11-30,0.503354,0.646169,0.4018
2004-12-01,0.461276,0.639513,0.4043
2004-12-02,0.474605,0.65478,0.4062
2004-12-03,0.552437,0.687258,0.4179
2004-12-06,0.448202,0.676592,0.4208
2004-12-07,0.456009,0.648059,0.4244
2004-12-08,0.477335,0.664395,0.427
2004-12-09,0.503051,0.661739,0.4313
2004-12-10,0.672295,0.678887,0.4482
2004-12-13,0.658269,0.673979,0.4541
2004-12-14,0.683068,0.672735,0.4594
2004-12-15,0.646763,0.693459,0.4644
2004-12-16,0.591293,0.661779,0.4691
2004-12-17,0.526792,0.629708,0.4828
2004-12-20,0.544112,0.635192,0.4846
2004-12-21,0.557645,0.633091,0.4862
2004-12-22,0.547613,0.631517,0.4874
2004-12-23,0.550576,0.634661,0.4888
2004-12-24,0.5365,0.632307,0.491
2004-12-27,0.536012,0.631242,0.4917
2004-12-28,0.550559,0.621835,0.4921
2004-12-29,0.519637,0.618736,0.4925
2004-12-30,0.507664,0.604167,0.4927
2004-12-31,0.497394,,0.4924
2005-01-03,0.588191,0.625379,0.4914
2005-01-04,0.616042,0.625667,0.4912
2005-01-05,0.696835,0.640381,0.4929
2005-01-06,0.76842,0.647931,0.495
2005-01-07,0.672936,0.64381,0.5
2005-01-10,0.674866,0.639039,0.5073
2005-01-11,0.648851,0.641946,0.5106
2005-01-12,0.733961,0.655675,0.5128
2005-01-13,0.738232,0.656783,0.5161
2005-01-14,0.694707,0.651816,0.5233
2005-01-17,0.59171,0.644479,0.5327
2005-01-18,0.242728,0.637233,0.532
2005-01-19,0.102421,0.641598,0.5291
2005-01-20,0.580831,0.652873,0.5299
2005-01-21,0.598649,0.664012,0.5313
2005-01-24,0.676779,0.671773,0.5325
2005-01-25,0.494427,0.661475,0.5317
2005-01-26,0.448016,0.670373,0.5304
2005-01-27,0.437884,0.666948,0.5283
2005-01-28,0.414701,0.667667,0.5235
2005-01-31,0.654176,0.665596,0.5214
2005-02-01,0.669731,0.667768,0.5225
2005-02-02,0.629928,0.665042,0.5236
2005-02-03,0.563602,0.666582,0.5224
2005-02-04,0.619888,0.667917,0.5239
2005-02-07,0.661869,0.674411,0.5231
2005-02-08,0.614977,0.685999,0.5231
2005-02-09,0.511663,0.686191,0.523
2005-02-10,0.497193,0.686942,0.5236
2005-02-11,0.468912,0.685349,0.5243
2005-02-14,0.473938,0.676736,0.5357
2005-02-15,0.512378,0.678745,0.54
2005-02-16,0.463627,0.676356,0.5403
2005-02-17,0.482753,0.68184,0.5392
2005-02-18,0.487894,0.681743,0.5383
2005-02-21,0.582635,0.685313,0.5515
2005-02-22,0.684674,0.685018,0.5543
2005-02-23,0.576288,0.670352,0.5558
2005-02-24,0.452254,0.66655,0.5559
2005-02-25,0.486893,0.669483,0.5557
2005-02-28,0.67587,0.685385,0.5576
2005-03-01,0.616146,0.675667,0.5593
2005-03-02,0.592826,0.663941,0.5607
2005-03-03,0.589503,0.659627,0.561
2005-03-04,0.599542,0.660486,0.5625
2005-03-07,0.663609,0.657034,0.5661
2005-03-08,0.692096,0.672438,0.5685
2005-03-09,0.661278,0.672614,0.5703
2005-03-10,0.611968,0.671,0.5707
2005-03-11,0.610944,0.657429,0.5687
2005-03-14,0.642379,0.657834,0.5672
2005-03-15,0.632962,0.668141,0.5671
2005-03-16,0.698957,0.662828,0.5683
2005-03-17,0.67625,0.661198,0.5695
2005-03-18,0.719143,0.65726,0.5758
2005-03-21,0.636737,0.652661,0.5771
2005-03-22,0.631167,0.663045,0.578
2005-03-23,0.651934,0.663326,0.5791
2005-03-24,0.738258,0.665676,0.5898
2005-03-29,0.712885,0.676825,0.5923
2005-03-30,0.714627,0.687156,0.5946
2005-03-31,0.809343,0.686455,0.6004
2005-04-01,0.713471,0.675769,0.6042
2005-04-04,0.669411,0.675331,0.6049
2005-04-05,0.650412,0.685882,0.6044
2005-04-06,0.693951,0.681054,0.6036
2005-04-07,0.653979,0.678367,0.6041
2005-04-08,0.651179,0.680993,0.6034
2005-04-11,0.607433,0.682962,0.6021
2005-04-12,0.623382,0.685041,0.6009
2005-04-13,0.54489,0.672021,0.5988
2005-04-14,0.522952,0.6729,0.5979
2005-04-15,0.535879,0.67104,0.5927
2005-04-18,0.584767,0.667947,0.5965
2005-04-19,0.609414,0.66475,0.6021
2005-04-20,0.654029,0.676337,0.603
2005-04-21,0.652186,0.675148,0.6035
2005-04-22,0.681809,0.661644,0.6063
2005-04-25,0.632718,0.664198,0.607
2005-04-26,0.62059,0.664549,0.6089
2005-04-27,0.587736,0.665724,0.6106
2005-04-28,0.613577,0.665442,0.6173
2005-04-29,0.646173,0.664897,0.6179
2005-05-02,0.640115,0.674477,0.6174
2005-05-03,0.638968,0.66946,0.6182
2005-05-04,0.705805,0.677053,0.6202
2005-05-06,0.715295,0.676049,0.6229
2005-05-09,0.79706,0.679833,0.6262
2005-05-10,0.670552,0.677056,0.6281
2005-05-11,0.588816,0.677094,0.6277
2005-05-12,0.595132,0.668277,0.6274
2005-05-13,0.549254,0.668469,0.6308
2005-05-17,0.595143,0.663516,0.6353
2005-05-18,0.535946,0.664411,0.6342
2005-05-19,0.421843,0.665712,0.6319
2005-05-20,0.598179,0.667743,0.6361
2005-05-23,0.608089,0.667372,0.6359
2005-05-24,0.617208,0.669897,0.6378
2005-05-25,0.658995,0.672061,0.638
2005-05-26,0.618989,0.665906,0.6378
2005-05-27,0.596028,0.664994,0.6414
2005-05-30,0.585073,0.671555,0.6408
2005-05-31,0.665846,0.672308,0.6407
2005-06-01,0.622255,0.673143,0.6408
2005-06-02,0.61689,0.670814,0.641
2005-06-03,0.617008,0.666815,0.6408
2005-06-06,0.646788,0.668583,0.6422
2005-06-07,0.618512,0.675341,0.6417
2005-06-08,0.637244,0.669619,0.6411
2005-06-09,0.624104,0.67287,0.6407
2005-06-10,0.636856,0.675,0.6409
2005-06-13,0.622696,0.683165,0.6417
2005-06-14,0.617047,0.67596,0.6414
2005-06-15,0.61689,0.678064,0.6412
2005-06-16,0.644239,0.675754,0.6406
2005-06-17,0.64586,0.67725,0.6404
2005-06-20,0.652037,0.674445,0.638
2005-06-21,0.627891,0.679016,0.6379
2005-06-22,0.62591,0.680213,0.6378
2005-06-23,0.595538,0.667461,0.6372
2005-06-24,0.590106,0.660749,0.6358
2005-06-27,0.612827,0.667392,0.6355
2005-06-28,0.58434,0.663564,0.6293
2005-06-29,0.577483,0.66925,0.6269
2005-06-30,0.631008,0.663959,0.6249
2005-07-01,0.624217,0.660511,0.622
2005-07-04,0.643105,0.661756,0.6217
2005-07-05,0.675051,0.661342,0.622
2005-07-06,0.695605,0.660981,0.622
2005-07-07,0.670053,0.651168,0.6222
2005-07-08,0.68743,0.660131,0.6234
2005-07-11,0.716331,0.667033,0.6246
2005-07-12,0.707073,0.668929,0.6255
2005-07-13,0.709924,0.670853,0.6273
2005-07-14,0.717407,0.670031,0.6294
2005-07-15,0.56756,0.668672,0.6305
2005-07-18,0.54648,0.66792,0.6301
2005-07-19,0.325118,0.666415,0.6269
2005-07-20,0.637388,0.66823,0.6267
2005-07-21,0.617581,0.667542,0.6264
2005-07-22,0.611262,0.668356,0.624
2005-07-25,0.650428,0.667999,0.6242
2005-07-26,0.656456,0.669733,0.6246
2005-07-27,0.650893,0.669916,0.6253
2005-07-28,0.64929,0.670385,0.6257
2005-07-29,0.678098,0.673901,0.6273
2005-08-02,0.698199,0.675259,0.628
2005-08-03,0.68165,0.674283,0.6284
2005-08-04,0.686891,0.673967,0.6291
2005-08-05,0.673331,0.678108,0.6289
2005-08-08,0.656505,0.677805,0.6263
2005-08-09,0.643107,0.680161,0.6246
2005-08-10,0.641861,0.67685,0.6243
2005-08-11,0.566901,0.670896,0.6241
2005-08-12,0.531775,0.672018,0.6215
2005-08-15,0.638011,0.671305,0.6217
2005-08-16,0.651474,0.67257,0.6251
2005-08-17,0.638606,0.675223,0.6256
2005-08-18,0.62777,0.67712,0.6266
2005-08-19,0.587817,0.676186,0.6275
2005-08-22,0.655165,0.671874,0.6288
2005-08-23,0.631819,0.678056,0.629
2005-08-24,0.667225,0.676036,0.6296
2005-08-25,0.631286,0.674995,0.6293
2005-08-26,0.620267,0.673958,0.6291
2005-08-29,0.646429,0.677252,0.6304
2005-08-30,0.652866,0.684357,0.6311
2005-08-31,0.677405,0.681105,0.6312
2005-09-01,0.647201,0.677984,0.6315
2005-09-02,0.632119,0.670872,0.6317
2005-09-05,0.622301,0.671239,0.6321
2005-09-06,0.593728,0.663223,0.6315
2005-09-07,0.61396,0.664152,0.6314
2005-09-08,0.62988,0.662216,0.6314
2005-09-09,0.632638,0.663017,0.6315
2005-09-12,0.63529,0.667891,0.6313
2005-09-13,0.587005,0.675462,0.6309
2005-09-14,0.602524,0.680393,0.6308
2005-09-15,0.608688,0.680831,0.6307
2005-09-16,0.602839,0.670034,0.6297
2005-09-19,0.63831,0.670474,0.6292
2005-09-20,0.628887,0.663987,0.629
2005-09-21,0.631219,0.667993,0.629
2005-09-22,0.631185,0.667129,0.6291
2005-09-23,0.635387,0.673334,0.6297
2005-09-26,0.624477,0.680862,0.6309
2005-09-27,0.630605,0.682525,0.6311
2005-09-28,0.636491,0.685853,0.6316
2005-09-29,0.631849,0.700299,0.6322
2005-09-30,0.674366,0.708462,0.6336
2005-10-03,0.673322,0.721426,0.6343
2005-10-04,0.705321,0.720163,0.635
2005-10-05,0.732612,0.719217,0.6356
2005-10-06,0.702773,0.710307,0.6357
2005-10-07,0.692921,0.708713,0.6372
2005-10-10,0.695842,0.715826,0.6362
2005-10-11,0.697661,0.710333,0.636
2005-10-12,0.701034,0.716354,0.6359
2005-10-13,0.685411,0.711699,0.6356
2005-10-14,0.664768,0.710769,0.6357
2005-10-17,0.593451,0.711445,0.6375
2005-10-18,0.421686,0.713777,0.6361
2005-10-19,0.273047,0.720176,0.6355
2005-10-20,0.638189,0.707328,0.6355
2005-10-21,0.635775,0.727553,0.6358
2005-10-24,0.642725,0.728929,0.6366
2005-10-25,0.629358,0.732449,0.6364
2005-10-26,0.628617,0.732368,0.6361
2005-10-27,0.630327,0.733839,0.6359
2005-10-28,0.6248,0.746365,0.6354
2005-10-31,0.673334,0.766206,0.6339
2005-11-01,0.65717,0.78967,0.6341
2005-11-02,0.639179,0.8196,0.6335
2005-11-03,0.644087,0.836785,0.6331
2005-11-04,0.63637,0.858839,0.6326
2005-11-07,0.636845,0.867095,0.6313
2005-11-08,0.632393,0.86422,0.6311
2005-11-09,0.622812,0.861764,0.6309
2005-11-10,0.617539,0.864933,0.6306
2005-11-11,0.573955,0.839971,0.6295
2005-11-14,0.562724,0.843721,0.6319
2005-11-15,0.599182,0.844499,0.6315
2005-11-16,0.643461,0.842196,0.6314
2005-11-17,0.643498,0.847936,0.6315
2005-11-18,0.623597,0.864605,0.6313
2005-11-21,0.642153,0.872001,0.6328
2005-11-22,0.634269,0.887499,0.6326
2005-11-23,0.63161,0.876721,0.6326
2005-11-24,0.616337,0.891816,0.632
2005-11-25,0.593012,0.906572,0.6308
2005-11-28,0.635988,0.904128,0.6312
2005-11-29,0.643888,0.917672,0.6309
2005-11-30,0.68404,0.939903,0.631
2005-12-01,0.673331,0.968374,0.6313
2005-12-02,0.70792,0.974656,0.6338
2005-12-05,0.695613,0.975983,0.6346
2005-12-06,0.522207,0.963879,0.6338
2005-12-07,0.379274,0.953495,0.6312
2005-12-08,0.438045,0.950167,0.6291
2005-12-09,0.415867,0.954525,0.6219
2005-12-12,0.572401,0.964418,0.6212
2005-12-13,0.504742,0.965254,0.6203
2005-12-14,0.424522,0.978529,0.6184
2005-12-15,0.306719,0.93224,0.615
2005-12-16,0.147528,0.904829,0.6
2005-12-19,0.116344,0.900255,0.5943
2005-12-20,0.550513,0.902,0.5934
2005-12-21,0.706275,0.906525,0.5942
2005-12-22,0.712527,0.90075,0.5951
2005-12-23,0.688037,0.896667,0.5979
2005-12-27,0.535269,0.893333,0.5965
2005-12-28,0.4303,0.890625,0.5942
2005-12-29,0.463778,0.885,0.5924
2005-12-30,0.609864,,0.5905
2006-01-03,0.72419,0.952139,0.591
2006-01-04,0.73256,0.941673,0.5913
2006-01-05,0.740877,0.946531,0.5914
2006-01-06,0.747706,0.940739,0.5953
2006-01-09,0.723663,0.933686,0.5934
2006-01-10,0.570585,0.94045,0.5921
2006-01-11,0.432879,0.927313,0.5892
2006-01-12,0.407352,0.931015,0.586
2006-01-13,0.71555,0.920584,0.5891
2006-01-16,0.693904,0.909697,0.5878
2006-01-17,0.693329,0.89939,0.5888
2006-01-18,0.726836,0.902723,0.5922
2006-01-19,0.749367,0.914597,0.5973
2006-01-20,0.787974,0.901294,0.603
2006-01-23,0.743688,0.895998,0.6035
2006-01-24,0.757711,0.904123,0.6047
2006-01-25,0.785376,0.918147,0.6064
2006-01-26,0.77494,0.928788,0.608
2006-01-27,0.790084,0.930073,0.6136
2006-01-30,0.79958,0.937705,0.6152
2006-01-31,0.828563,0.937614,0.6169
2006-02-01,0.809487,0.960886,0.6186
2006-02-02,0.794157,0.966877,0.6203
2006-02-03,0.803572,0.964686,0.6259
2006-02-06,0.821497,0.962981,0.6277
2006-02-07,0.827323,0.970358,0.6298
2006-02-08,0.832385,0.969006,0.6319
2006-02-09,0.797,0.981316,0.6338
2006-02-10,0.82524,0.984532,0.6401
2006-02-13,0.837903,0.988136,0.6444
2006-02-14,0.852371,0.989536,0.6476
2006-02-15,0.868402,0.992397,0.6505
2006-02-16,0.94759,1.000656,0.6538
2006-02-17,0.912011,1.008962,0.6622
2006-02-20,0.929044,1.009446,0.6664
2006-02-21,0.885692,1.009245,0.669
2006-02-22,0.838172,1.016047,0.6712
2006-02-23,0.812453,1.007581,0.6732
2006-02-24,0.809777,1.028164,0.6782
2006-02-27,0.898679,1.051636,0.6843
2006-02-28,0.895374,1.072762,0.6866
2006-03-01,0.819191,1.08225,0.6883
2006-03-02,0.857185,1.080236,0.6901
2006-03-03,0.674278,1.102736,0.689
2006-03-06,0.791072,1.088116,0.6919
2006-03-07,0.78477,1.079322,0.6964
2006-03-08,0.732999,1.085501,0.6997
2006-03-09,0.64998,1.094816,0.6992
2006-03-10,0.508068,1.106576,0.7022
2006-03-13,0.546124,1.118898,0.7041
2006-03-14,0.734781,1.124719,0.7076
2006-03-15,0.947716,1.125683,0.7147
2006-03-16,0.948195,1.121957,0.7173
2006-03-17,0.591516,1.114147,0.732
2006-03-20,0.996478,1.121923,0.7438
2006-03-21,1.039447,1.11875,0.7475
2006-03-22,1.019944,1.119697,0.7509
2006-03-23,1.047127,1.11541,0.7542
2006-03-24,1.057234,1.13031,0.7672
2006-03-27,1.021401,1.121404,0.7726
2006-03-28,0.96116,1.125596,0.7785
2006-03-29,0.957903,1.133276,0.784
2006-03-30,1.041003,1.142742,0.7869
2006-03-31,1.05294,1.149522,0.8036
2006-04-03,1.021149,1.134161,0.807
2006-04-04,1.029313,1.154674,0.8103
2006-04-05,1.026152,1.151907,0.8134
2006-04-06,1.024786,1.147526,0.8158
2006-04-07,0.992033,1.152113,0.8238
2006-04-10,1.012022,1.174848,0.8299
2006-04-11,1.042794,1.179279,0.8367
2006-04-12,1.074014,1.17522,0.8441
2006-04-13,0.999828,1.183848,0.8586
2006-04-18,1.065707,1.168143,0.8642
2006-04-19,1.109169,1.162608,0.8682
2006-04-20,1.135542,1.17396,0.8711
2006-04-21,1.12829,1.170519,0.8824
2006-04-24,1.101343,1.185231,0.8877
2006-04-25,1.131153,1.185647,0.8916
2006-04-26,1.105625,1.207507,0.8953
2006-04-27,1.09721,1.221347,0.9023
2006-04-28,1.187275,1.230501,0.9158
2006-05-02,1.270859,1.249982,0.9224
2006-05-03,1.223337,1.269722,0.9258
2006-05-04,0.968459,1.284479,0.9262
2006-05-05,1.058595,1.285273,0.9359
2006-05-08,1.126295,1.292854,0.9404
2006-05-09,1.063646,1.29853,0.9434
2006-05-10,0.892323,1.303913,0.9429
2006-05-11,0.709719,1.30707,0.9403
2006-05-12,0.579104,1.306243,0.9332
2006-05-15,0.617062,1.30995,0.9313
2006-05-16,0.710011,1.304085,0.9286
2006-05-17,0.779626,1.311182,0.927
2006-05-18,0.919867,1.313498,0.9269
2006-05-19,1.026948,1.306259,0.9307
2006-05-22,1.134744,1.3093,0.9345
2006-05-23,1.10709,1.305246,0.9378
2006-05-24,1.051327,1.313896,0.9404
2006-05-26,1.085445,1.310825,0.9495
2006-05-29,0.986537,1.314824,0.9505
2006-05-30,0.960405,1.322744,0.9506
2006-05-31,1.11309,1.321969,0.953
2006-06-01,1.147009,1.334979,0.9565
2006-06-02,1.057133,1.351623,0.9619
2006-06-06,1.132494,1.353468,0.975
2006-06-07,1.151284,1.341014,0.979
2006-06-08,1.175244,1.367294,0.9838
2006-06-09,1.036741,1.375327,0.9891
2006-06-12,0.925736,1.354324,1.0041
2006-06-13,0.864159,1.352305,1.0075
2006-06-14,0.877673,1.368152,1.0091
2006-06-15,1.1445,1.364314,1.0112
2006-06-16,1.157537,1.368467,1.0166
2006-06-19,1.264397,1.377635,1.0332
2006-06-20,1.332925,1.376726,1.0368
2006-06-21,1.338557,1.37822,1.0401
2006-06-22,1.337955,1.385074,1.0436
2006-06-23,1.276905,1.391249,1.0511
2006-06-26,1.233285,1.390784,1.0528
2006-06-27,1.058364,1.394562,1.0532
2006-06-28,1.205052,1.394016,1.0558
2006-06-29,1.256176,1.405513,1.0593
2006-06-30,1.242492,1.401813,1.0655
2006-07-03,1.313229,1.405244,1.0687
2006-07-04,1.322613,1.421682,1.072
2006-07-05,1.300501,1.414256,1.075
2006-07-06,1.12705,1.416357,1.0761
2006-07-07,1.302648,1.424114,1.0864
2006-07-10,1.278962,1.417897,1.0893
2006-07-11,1.163013,1.424705,1.0907
2006-07-12,1.148428,1.427686,1.0915
2006-07-13,1.025502,1.423336,1.0908
2006-07-14,0.999745,1.417743,1.088
2006-07-17,1.324296,1.416159,1.0953
2006-07-18,1.416225,1.423646,1.0992
2006-07-19,1.259232,1.425504,1.1009
2006-07-20,1.285477,1.433854,1.1025
2006-07-21,1.328756,1.433574,1.1091
2006-07-24,1.322796,1.438325,1.1116
2006-07-25,1.285631,1.439322,1.1133
2006-07-26,1.276573,1.43787,1.1152
2006-07-27,1.304806,1.437403,1.1174
2006-07-28,1.285368,1.45314,1.1229
2006-07-31,1.345125,1.449784,1.1249
2006-08-02,1.352389,1.453651,1.1258
2006-08-03,1.419925,1.470951,1.1279
2006-08-04,1.341923,1.4794,1.1365
2006-08-07,1.332869,1.482017,1.1412
2006-08-08,1.348709,1.483411,1.1436
2006-08-09,1.351522,1.488021,1.1467
2006-08-10,1.345267,1.492781,1.1517
2006-08-11,1.354483,1.496029,1.1629
2006-08-14,1.373951,1.510946,1.1843
2006-08-15,1.364064,1.505582,1.1924
2006-08-16,1.222,1.522783,1.198
2006-08-17,1.304614,1.531868,1.2037
2006-08-18,1.285343,1.541934,1.2094
2006-08-21,1.349092,1.542244,1.2168
2006-08-22,1.339064,1.536674,1.2191
2006-08-23,1.376788,1.550094,1.222
2006-08-24,1.359639,1.555129,1.2235
2006-08-25,1.355613,1.550991,1.2315
2006-08-28,1.3576,1.558432,1.2375
2006-08-29,1.359886,1.576993,1.2416
2006-08-30,1.344429,1.582586,1.2458
2006-08-31,1.370228,1.595433,1.2486
2006-09-01,1.379058,1.602268,1.254
2006-09-04,1.355442,1.60109,1.2551
2006-09-05,1.383647,1.603492,1.265
2006-09-06,1.362762,1.602518,1.2675
2006-09-07,1.341549,1.612648,1.2696
2006-09-08,1.291634,1.613096,1.2714
2006-09-11,1.339319,1.620693,1.2797
2006-09-12,1.358259,1.623305,1.2844
2006-09-13,1.354488,1.609813,1.2897
2006-09-14,1.367003,1.620864,1.2951
2006-09-15,1.503876,1.650201,1.3035
2006-09-18,1.530183,1.652481,1.3106
2006-09-19,1.425486,1.66851,1.3124
2006-09-20,1.638994,1.672236,1.3157
2006-09-21,1.613701,1.657137,1.3187
2006-09-22,1.610905,1.662878,1.328
2006-09-25,1.618596,1.662934,1.3327
2006-09-26,1.61377,1.670654,1.3369
2006-09-27,1.62803,1.674695,1.3431
2006-09-28,1.652646,1.711432,1.3489
2006-09-29,1.682963,1.717804,1.3635
2006-10-02,1.625842,1.714819,1.3664
2006-10-03,1.620374,1.730506,1.3697
2006-10-04,1.642864,1.730613,1.3732
2006-10-05,1.628612,1.733577,1.3768
2006-10-06,1.627953,1.736876,1.3876
2006-10-09,1.608078,1.733361,1.3927
2006-10-10,1.521028,1.7369,1.3953
2006-10-11,1.458585,1.741399,1.3986
2006-10-12,1.526902,1.750143,1.4027
2006-10-13,1.521816,1.74409,1.4106
2006-10-16,1.50794,1.749647,1.425
2006-10-17,1.53576,1.74434,1.4273
2006-10-18,1.497053,1.764966,1.4282
2006-10-19,1.366046,1.760781,1.4294
2006-10-20,1.638142,1.752754,1.4377
2006-10-23,1.617841,1.753943,1.4431
2006-10-24,1.579745,1.767806,1.4459
2006-10-25,1.596524,1.764942,1.4493
2006-10-26,1.517697,1.753328,1.452
2006-10-27,1.536368,1.754263,1.4564
2006-10-30,1.561397,1.764403,1.463
2006-10-31,1.627171,1.758905,1.4673
2006-11-01,1.647105,1.757845,1.4694
2006-11-02,1.633244,1.763965,1.4724
2006-11-03,1.618357,1.764298,1.4778
2006-11-06,1.641706,1.767353,1.4839
2006-11-07,1.66865,1.77605,1.4876
2006-11-08,1.68658,1.779531,1.4912
2006-11-09,1.658218,1.779476,1.4946
2006-11-10,1.694052,1.781853,1.5027
2006-11-13,1.706845,1.789449,1.5096
2006-11-14,1.776003,1.802452,1.514
2006-11-15,1.806513,1.804775,1.5189
2006-11-16,1.839246,1.804965,1.5256
2006-11-17,1.956658,1.822042,1.5419
2006-11-20,1.79926,1.831203,1.553
2006-11-21,1.699144,1.823971,1.5568
2006-11-22,1.686029,1.826263,1.5606
2006-11-23,1.714395,1.833816,1.5643
2006-11-24,1.750012,1.84206,1.5725
2006-11-27,1.732715,1.846291,1.5812
2006-11-28,1.792337,1.843104,1.586
2006-11-29,1.764783,1.845817,1.593
2006-11-30,1.768215,1.844579,1.5974
2006-12-01,1.784345,1.864604,1.6108
2006-12-04,1.716327,1.861524,1.6148
2006-12-05,1.66666,1.873066,1.618
2006-12-06,1.422615,1.871204,1.6186
2006-12-07,1.372712,1.871736,1.619
2006-12-08,1.350816,1.879034,1.6209
2006-12-11,1.612274,1.883585,1.6239
2006-12-12,1.447052,1.889916,1.6249
2006-12-13,1.573782,1.890978,1.6273
2006-12-14,1.757549,1.904834,1.6316
2006-12-15,2.08587,1.916361,1.6509
2006-12-18,1.7174,1.921927,1.653
2006-12-19,1.780822,1.93188,1.6569
2006-12-20,2.013523,1.944918,1.661
2006-12-21,1.927549,1.962521,1.6645
2006-12-22,1.887716,,1.679
2006-12-27,1.848558,1.974338,1.6821
2006-12-28,1.701237,,1.6826
2006-12-29,1.897995,2.000507,1.6944
2007-01-03,1.992454,2.017247,1.6991
2007-01-04,2.02628,2.032238,1.7033
2007-01-05,1.941855,2.040945,1.7119
2007-01-08,1.798285,2.048569,1.7154
2007-01-09,1.407887,2.024266,1.7132
2007-01-10,1.494024,2.037837,1.7129
2007-01-11,1.99197,2.040324,1.7188
2007-01-12,1.84942,2.047724,1.7251
2007-01-15,1.474271,2.053801,1.7289
2007-01-16,1.698992,2.0595,1.731
2007-01-17,1.924981,2.04949,1.7352
2007-01-18,1.895756,2.051103,1.7396
2007-01-19,1.751168,2.059,1.7441
2007-01-22,1.968985,2.06118,1.7499
2007-01-23,1.962467,2.065782,1.7536
2007-01-24,1.963207,2.064615,1.7578
2007-01-25,1.9086,2.06758,1.7612
2007-01-26,1.868447,2.064227,1.7674
2007-01-29,1.872229,2.041796,1.776
2007-01-30,1.972454,2.056146,1.7805
2007-01-31,1.905279,2.076484,1.7835
2007-02-01,1.95985,2.095101,1.7869
2007-02-02,1.927828,2.094232,1.7933
2007-02-05,1.905711,2.095,1.8
2007-02-06,1.959676,2.105071,1.8035
2007-02-07,1.970355,2.098854,1.8068
2007-02-08,1.994327,2.100352,1.8102
2007-02-09,1.925256,2.09636,1.8156
2007-02-12,1.923605,2.111485,1.8206
2007-02-13,1.880599,2.102244,1.8225
2007-02-14,1.920724,2.107948,1.8241
2007-02-15,2.039693,2.107283,1.8267
2007-02-16,2.043569,2.12128,1.8337
2007-02-19,1.997134,2.112052,1.8312
2007-02-20,1.991513,2.118367,1.8333
2007-02-21,1.942588,2.118466,1.836
2007-02-22,1.95193,2.123331,1.8389
2007-02-23,1.928068,2.128556,1.8433
2007-02-26,1.89379,2.128256,1.8467
2007-02-27,1.890922,2.136109,1.8498
2007-02-28,1.835111,2.126084,1.8505
2007-03-01,2.004614,2.123037,1.8523
2007-03-02,1.913376,2.111275,1.8566
2007-03-05,1.958409,2.114033,1.8613
2007-03-06,1.92551,2.116959,1.8669
2007-03-07,1.944999,2.124724,1.8733
2007-03-08,1.929497,2.114903,1.874
2007-03-09,1.885549,2.130922,1.8917
2007-03-12,1.955926,2.138523,1.9004
2007-03-13,2.024456,2.150838,1.9055
2007-03-14,2.006882,2.159506,1.9083
2007-03-15,1.978459,2.17816,1.9091
2007-03-16,1.677594,2.176461,1.8956
2007-03-19,0.759078,2.176866,1.8861
2007-03-20,2.07241,2.179367,1.8868
2007-03-21,2.119297,2.194301,1.8889
2007-03-22,2.067243,2.189258,1.891
2007-03-23,1.95851,2.194358,1.8934
2007-03-26,1.98487,2.186845,1.8944
2007-03-27,1.834412,2.183106,1.8942
2007-03-28,1.861651,2.190535,1.896
2007-03-29,1.886602,2.192006,1.896
2007-03-30,1.979335,2.191262,1.8985
2007-04-02,1.970936,2.189304,1.8994
2007-04-03,2.009617,2.1727,1.8996
2007-04-04,2.012593,2.201023,1.8994
2007-04-05,2.028586,2.206564,1.9064
2007-04-10,2.046217,2.209805,1.918
2007-04-11,2.091348,2.20375,1.9191
2007-04-12,1.984508,2.207446,1.9199
2007-04-13,1.939084,2.220067,1.9229
2007-04-16,2.017467,2.222333,1.9314
2007-04-17,2.053188,2.228041,1.9328
2007-04-18,1.902466,2.225836,1.9329
2007-04-19,1.90661,2.236263,1.9327
2007-04-20,2.086739,2.241349,1.9438
2007-04-23,2.057819,2.243792,1.9445
2007-04-24,2.081044,2.248426,1.9458
2007-04-25,2.051129,2.250383,1.9474
2007-04-26,2.082024,2.244526,1.949
2007-04-27,2.065023,2.252444,1.956
2007-04-30,2.066636,2.249416,1.9592
2007-05-02,2.116049,2.261361,1.9609
2007-05-03,2.082261,2.266455,1.9624
2007-05-04,2.044093,2.279829,1.9668
2007-05-07,2.052778,2.279189,1.9677
2007-05-08,2.049442,2.280237,1.9683
2007-05-09,2.050322,2.273743,1.9693
2007-05-10,2.038687,2.28187,1.9702
2007-05-11,2.011069,2.28428,1.9735
2007-05-14,2.140458,2.290618,1.9769
2007-05-15,2.204008,2.304184,1.9788
2007-05-16,2.224371,2.315954,1.9844
2007-05-18,2.429751,2.330161,1.9971
2007-05-21,2.133684,2.334895,1.9992
2007-05-22,2.076459,2.33801,2.0006
2007-05-23,2.037621,2.352153,2.0011
2007-05-24,1.990729,2.371237,2.0011
2007-05-25,1.946435,2.377679,2.0012
2007-05-29,2.173639,2.369167,2.0054
2007-05-30,2.133035,2.373071,2.0069
2007-05-31,2.165807,2.372672,2.0105
2007-06-01,2.158066,2.376117,2.0156
2007-06-04,2.123463,2.376519,2.0199
2007-06-05,1.972859,2.374264,2.02
2007-06-06,1.873646,2.37602,2.0195
2007-06-07,2.165801,2.373279,2.0219
2007-06-08,2.185448,2.369857,2.0283
2007-06-11,1.923417,2.373795,2.0316
2007-06-12,1.630734,2.377895,2.0281
2007-06-13,1.752827,2.394813,2.0251
2007-06-14,1.603724,2.384912,2.0207
2007-06-15,2.383656,2.39416,2.033
2007-06-18,2.162249,2.399728,2.0458
2007-06-19,2.030591,2.389618,2.0597
2007-06-20,2.404978,2.433258,2.0634
2007-06-21,2.520078,2.475222,2.0678
2007-06-22,2.596227,2.548745,2.0849
2007-06-25,2.590256,2.569107,2.0944
2007-06-26,2.554158,2.548124,2.1006
2007-06-27,2.506404,2.583577,2.1079
2007-06-28,2.479485,2.595491,2.1171
2007-06-29,2.418879,2.603583,2.1316
2007-07-02,2.430063,2.594167,2.1367
2007-07-03,2.49492,2.596025,2.1421
2007-07-04,2.590986,2.603625,2.1485
2007-07-05,2.524996,2.612566,2.1527
2007-07-06,2.39067,2.611112,2.1606
2007-07-09,2.431697,2.603673,2.1704
2007-07-10,2.334494,2.599381,2.1736
2007-07-11,2.220365,2.600924,2.175
2007-07-12,2.142251,2.631187,2.1768
2007-07-13,2.196048,2.643774,2.1853
2007-07-16,2.118021,2.622818,2.1864
2007-07-17,2.119799,2.612859,2.1871
2007-07-18,2.251967,2.619989,2.191
2007-07-19,2.47675,2.620062,2.1973
2007-07-20,2.387655,2.623091,2.2073
2007-07-23,2.37198,2.610368,2.2107
2007-07-24,2.367843,2.630301,2.2139
2007-07-25,2.353401,2.630059,2.2172
2007-07-26,2.150184,2.634916,2.218
2007-07-27,2.30784,2.604056,2.2261
2007-07-30,2.428143,2.583193,2.2284
2007-07-31,2.490651,2.569857,2.2377
2007-08-02,2.452421,2.564251,2.2413
2007-08-03,2.392233,2.570006,2.2482
2007-08-06,2.621298,2.574731,2.2587
2007-08-07,2.494694,2.595351,2.2635
2007-08-08,2.535584,2.606173,2.2688
2007-08-09,2.460204,2.622855,2.2733
2007-08-10,2.2571,2.593106,2.2755
2007-08-13,2.247676,2.575606,2.2836
2007-08-14,1.988135,2.600067,2.282
2007-08-15,1.959246,2.624947,2.2793
2007-08-16,2.117208,2.605461,2.2777
2007-08-17,2.186256,2.582252,2.276
2007-08-20,2.394263,2.578145,2.272
2007-08-21,2.373259,2.636871,2.2746
2007-08-22,2.360119,2.631,2.2777
2007-08-23,2.208053,2.620846,2.2796
2007-08-24,1.984929,2.645549,2.2735
2007-08-27,2.042595,2.63,2.2712
2007-08-28,1.910938,2.643928,2.281
2007-08-29,2.085231,2.578335,2.2801
2007-08-30,2.188372,2.650733,2.2807
2007-08-31,2.3134,2.617643,2.2832
2007-09-03,2.299924,2.588047,2.2872
2007-09-04,2.161679,2.59775,2.2876
2007-09-05,2.249865,2.58665,2.2907
2007-09-06,2.088573,2.604011,2.293
2007-09-07,2.009323,2.613771,2.2856
2007-09-10,2.205203,2.581192,2.2877
2007-09-11,2.055142,2.569364,2.2891
2007-09-12,1.916758,2.550151,2.2922
2007-09-13,2.296746,2.514149,2.2982
2007-09-14,2.040302,2.424227,2.2976
2007-09-17,1.954899,2.422227,2.2908
2007-09-18,1.87716,2.410741,2.2876
2007-09-19,1.86907,2.425399,2.2859
2007-09-20,1.942546,2.414882,2.2808
2007-09-21,1.876648,2.423798,2.2656
2007-09-24,1.947552,2.442159,2.251
2007-09-25,2.013861,2.428301,2.2447
2007-09-26,1.989139,2.421974,2.2385
2007-09-27,2.083798,2.423157,2.231
2007-09-28,2.209981,2.427135,2.2241
2007-10-01,2.095218,2.453958,2.2228
2007-10-02,2.123279,2.437547,2.2195
2007-10-03,2.145943,2.453066,2.2157
2007-10-04,2.117957,2.450663,2.2105
2007-10-05,2.009526,2.447025,2.2009
2007-10-08,1.8698,2.454955,2.1908
2007-10-09,1.8146,2.477876,2.1841
2007-10-10,1.829364,2.495067,2.1786
2007-10-11,2.01846,2.49659,2.1764
2007-10-12,1.871352,2.492593,2.1672
2007-10-15,1.82802,2.494349,2.1623
2007-10-16,1.8657,2.48168,2.1595
2007-10-17,1.988939,2.492794,2.1581
2007-10-18,1.896459,2.529491,2.1542
2007-10-19,1.957164,2.500517,2.1447
2007-10-22,2.007794,2.479604,2.135
2007-10-23,1.97244,2.472635,2.1306
2007-10-24,1.880929,2.473162,2.1253
2007-10-25,1.878146,2.43802,2.1201
2007-10-26,1.856298,2.3976,2.1115
2007-10-29,1.927612,2.349681,2.1029
2007-10-30,2.023581,2.37545,2.0984
2007-10-31,2.118889,2.359806,2.0899
2007-11-01,1.967776,2.395448,2.0887
2007-11-02,1.929668,2.352215,2.0799
2007-11-05,1.997464,2.30931,2.0685
2007-11-06,2.060114,2.317021,2.0624
2007-11-07,2.015681,2.275386,2.0572
2007-11-08,1.935481,2.2788,2.0506
2007-11-09,1.999057,2.277812,2.0448
2007-11-12,2.027775,2.248393,2.0374
2007-11-13,2.085884,2.261012,2.0357
2007-11-14,2.11455,2.270808,2.037
2007-11-15,2.177649,2.262744,2.0394
2007-11-16,2.165636,2.258323,2.0429
2007-11-19,2.15257,2.265462,2.0391
2007-11-20,2.107541,2.284822,2.036
2007-11-21,2.11934,2.302682,2.0332
2007-11-22,2.051829,2.307846,2.0299
2007-11-23,2.041068,2.278515,2.0285
2007-11-26,1.995715,2.313636,2.0294
2007-11-27,1.954819,2.31769,2.0284
2007-11-28,1.944365,2.292522,2.0288
2007-11-29,2.079579,2.301339,2.0268
2007-11-30,2.115592,2.319167,2.0203
2007-12-03,2.046773,2.334991,2.0175
2007-12-04,2.034052,2.305233,2.0161
2007-12-05,2.025475,2.32032,2.0136
2007-12-06,2.049244,2.338196,2.0132
2007-12-07,2.003123,2.347929,2.013
2007-12-10,1.98124,2.365625,2.0105
2007-12-11,1.955891,2.370248,2.0094
2007-12-12,1.844594,2.371759,2.0086
2007-12-13,1.884569,2.359836,2.004
2007-12-14,1.851815,2.366827,1.9978
2007-12-17,1.84741,2.34797,1.9966
2007-12-18,1.820065,2.35097,1.996
2007-12-19,1.832966,2.360976,1.9956
2007-12-20,1.842934,2.359833,1.9945
2007-12-21,1.875118,2.322135,1.9944
2007-12-24,1.860395,2.317727,1.9904
2007-12-27,1.90135,,1.9883
2007-12-28,1.839178,2.312795,1.9839
2007-12-31,1.873853,,1.9717
2008-01-03,1.996285,2.312833,1.9683
2008-01-04,1.923343,2.336153,1.9654
2008-01-07,1.879856,2.323864,1.9628
2008-01-08,1.960335,2.334203,1.9638
2008-01-09,1.876949,2.33354,1.9645
2008-01-10,1.836502,2.313174,1.9646
2008-01-11,1.838847,2.305288,1.9602
2008-01-14,2.157294,2.266,1.965
2008-01-15,2.046804,2.241234,1.9674
2008-01-16,2.031549,2.222784,1.9692
2008-01-17,1.937789,2.297135,1.9687
2008-01-18,2.068633,2.301765,1.9729
2008-01-21,2.152004,2.298062,1.9751
2008-01-22,2.206304,2.295905,1.9773
2008-01-23,2.155319,2.255625,1.9793
2008-01-24,2.144979,2.270929,1.9822
2008-01-25,2.082836,2.265925,1.9867
2008-01-28,2.105723,2.265577,1.9921
2008-01-29,2.080633,2.248899,1.9938
2008-01-30,2.177264,2.261897,1.9954
2008-01-31,2.241335,2.286765,1.9968
2008-02-01,2.314646,2.311683,2.0075
2008-02-04,2.438196,2.368611,2.0145
2008-02-05,2.290798,2.370244,2.0177
2008-02-06,2.220737,2.354177,2.0195
2008-02-07,2.25236,2.387813,2.0221
2008-02-08,2.288577,2.441827,2.0318
2008-02-11,2.364958,2.416264,2.0363
2008-02-12,2.482698,2.401565,2.0412
2008-02-13,2.46581,2.411415,2.0454
2008-02-14,2.560958,2.430623,2.0503
2008-02-15,2.499183,2.444231,2.0635
2008-02-18,2.299227,2.445959,2.0625
2008-02-19,2.169728,2.444693,2.0627
2008-02-20,2.432722,2.44823,2.0663
2008-02-21,2.413045,2.457568,2.0695
2008-02-22,2.373149,2.449056,2.0796
2008-02-25,2.322299,2.444411,2.0833
2008-02-26,2.30285,2.441429,2.0867
2008-02-27,2.245158,2.4385,2.0898
2008-02-28,2.204576,2.430534,2.0927
2008-02-29,2.240998,2.42776,2.0969
2008-03-03,2.164148,2.390167,2.0981
2008-03-04,2.145622,2.369872,2.0994
2008-03-05,2.113495,2.363651,2.1004
2008-03-06,2.081263,2.359562,2.1007
2008-03-07,2.376762,2.335118,2.1131
2008-03-10,2.196427,2.336703,2.1155
2008-03-11,2.041394,2.305696,2.1164
2008-03-12,2.010858,2.277294,2.1182
2008-03-13,1.955849,2.284885,2.119
2008-03-14,1.865778,2.246999,2.1195
2008-03-17,2.099699,2.20789,2.1223
2008-03-18,2.102939,2.190342,2.1254
2008-03-19,2.139462,2.228387,2.1288
2008-03-20,2.15669,2.226161,2.1338
2008-03-25,2.129391,2.271544,2.1419
2008-03-26,2.212536,2.281284,2.1517
2008-03-27,2.110843,2.288334,2.154
2008-03-28,2.017127,2.270418,2.1599
2008-03-31,1.894609,2.240143,2.1664
2008-04-01,1.909778,2.214499,2.1636
2008-04-02,1.761301,2.184227,2.1593
2008-04-03,1.768806,2.160884,2.1568
2008-04-04,1.729204,2.207901,2.1504
2008-04-07,1.766117,2.217222,2.1491
2008-04-08,1.763501,2.201278,2.1469
2008-04-09,1.773174,2.185293,2.1458
2008-04-10,1.803349,2.168875,2.1454
2008-04-11,1.775764,2.210159,2.1433
2008-04-14,1.831556,2.21877,2.1397
2008-04-15,1.78868,2.19571,2.1369
2008-04-16,1.757027,2.204937,2.1339
2008-04-17,1.755381,2.20463,2.1318
2008-04-18,1.738838,2.201111,2.1209
2008-04-21,1.742405,2.209448,2.1164
2008-04-22,1.752121,2.196,2.1114
2008-04-23,1.741894,2.202277,2.1068
2008-04-24,1.677391,2.149337,2.1016
2008-04-25,1.628018,2.161875,2.0866
2008-04-28,1.6506,2.135213,2.0815
2008-04-29,1.69283,2.080499,2.076
2008-04-30,1.850478,2.076832,2.0693
2008-05-02,1.891107,2.070667,2.0553
2008-05-05,1.798433,2.061796,2.0454
2008-05-06,1.774489,2.058247,2.0404
2008-05-07,1.803914,2.056713,2.0354
2008-05-08,1.776629,2.057226,2.0327
2008-05-09,1.74402,2.043433,2.0078
2008-05-13,1.742728,2.036136,1.9943
2008-05-14,1.715971,2.043031,1.9848
2008-05-15,1.692702,2.063334,1.9817
2008-05-16,1.698387,2.067073,1.9552
2008-05-19,1.758635,2.055,1.9467
2008-05-20,1.752059,2.048857,1.9391
2008-05-21,1.876073,2.047647,1.9331
2008-05-22,1.736828,2.042316,1.931
2008-05-23,1.699477,2.059703,1.9087
2008-05-26,1.705727,2.025775,1.8973
2008-05-27,1.684342,1.995057,1.891
2008-05-28,1.692639,1.990119,1.8853
2008-05-29,1.818747,2.000015,1.8847
2008-05-30,1.796851,2.034167,1.87
2008-06-02,2.004831,2.001667,1.8715
2008-06-03,2.046169,1.993492,1.8703
2008-06-04,1.929508,2.01875,1.8679
2008-06-05,1.780394,2.020036,1.8643
2008-06-06,1.921233,2.059036,1.864
2008-06-09,1.929087,2.166667,1.8477
2008-06-10,1.960589,2.220715,1.8451
2008-06-11,1.873738,2.202947,1.8433
2008-06-12,1.847777,2.231521,1.8415
2008-06-13,1.807441,2.248488,1.8394
2008-06-16,1.786126,2.258333,1.8377
2008-06-17,2.038702,2.271828,1.8371
2008-06-18,1.90821,2.251972,1.8349
2008-06-19,1.861756,2.166221,1.8319
2008-06-20,1.7786,2.126667,1.8305
2008-06-23,1.700274,2.124627,1.8292
2008-06-24,1.689075,2.144441,1.8094
2008-06-25,1.67056,2.136091,1.8044
2008-06-26,1.675059,2.133846,1.7986
2008-06-27,1.694051,2.099,1.7843
2008-06-30,1.860357,2.141924,1.7839
2008-07-01,1.810257,2.167411,1.7828
2008-07-02,1.849857,2.196612,1.7838
2008-07-03,1.946097,2.201154,1.7858
2008-07-04,1.9184,2.201183,1.792
2008-07-07,1.914557,2.241094,1.7937
2008-07-08,1.883727,2.22294,1.795
2008-07-09,1.96889,2.226415,1.7972
2008-07-10,1.960069,2.224348,1.7989
2008-07-11,1.965827,2.235106,1.8052
2008-07-14,1.929161,2.216802,1.8063
2008-07-15,1.810603,2.21891,1.8065
2008-07-16,1.672653,2.2,1.8056
2008-07-17,1.650383,2.222653,1.8044
2008-07-18,1.653373,2.227857,1.8016
2008-07-21,1.829515,2.227,1.8026
2008-07-22,1.824898,2.238731,1.8034
2008-07-23,1.843929,2.260833,1.8045
2008-07-24,1.807519,2.209632,1.8059
2008-07-25,1.74187,2.17625,1.8097
2008-07-28,1.772584,2.11597,1.811
2008-07-29,1.85477,2.175372,1.8128
2008-07-30,1.79137,2.188431,1.8127
2008-07-31,1.955679,2.1639,1.8182
2008-08-04,1.926562,2.180933,1.8168
2008-08-05,1.935469,2.191081,1.8183
2008-08-06,1.880273,2.189915,1.8194
2008-08-07,1.858917,2.205263,1.82
2008-08-08,1.83854,2.205802,1.8213
2008-08-11,1.786592,2.191972,1.821
2008-08-12,1.827266,2.188572,1.8241
2008-08-13,1.879354,2.175524,1.8256
2008-08-14,1.995302,2.19028,1.8287
2008-08-15,2.0848,2.190833,1.8385
2008-08-18,2.057582,2.169697,1.8453
2008-08-19,1.88432,2.168,1.8467
2008-08-20,1.887787,2.18125,1.8482
2008-08-21,1.884621,2.169687,1.8483
2008-08-22,1.838396,2.151844,1.8493
2008-08-25,1.86088,2.181667,1.8542
2008-08-26,1.801305,2.183587,1.8552
2008-08-27,1.738753,2.1775,1.8558
2008-08-28,1.82508,2.180561,1.8576
2008-08-29,1.933609,2.19375,1.8621
2008-09-01,1.865783,2.15375,1.8623
2008-09-02,1.803969,2.152,1.8601
2008-09-03,1.813308,2.158668,1.8575
2008-09-04,1.81554,2.194545,1.8563
2008-09-05,1.878752,2.18,1.858
2008-09-08,1.884637,2.182,1.856
2008-09-09,1.860022,2.196667,1.8553
2008-09-10,1.908814,2.19125,1.8547
2008-09-11,1.805317,2.193353,1.854
2008-09-12,1.818859,2.19,1.8531
2008-09-15,1.953255,2.181538,1.8555
2008-09-16,1.906216,2.143693,1.8568
2008-09-17,1.696802,2.134546,1.8531
2008-09-18,1.682444,2.076667,1.8506
2008-09-19,1.660219,2.120644,1.8446
2008-09-22,1.519593,2.109259,1.843
2008-09-23,1.676156,2.071725,1.8427
2008-09-24,1.622579,2.09,1.842
2008-09-25,1.648856,2.084371,1.8418
2008-09-26,1.567828,2.045215,1.8349
2008-09-29,1.607507,1.988334,1.8369
2008-09-30,1.666335,1.904141,1.8348
2008-10-01,1.617593,1.851995,1.8327
2008-10-02,1.608306,1.8575,1.83
2008-10-03,1.369098,1.736885,1.8142
2008-10-06,0.537537,1.873463,1.7967
2008-10-07,0.270137,,1.7787
2008-10-08,0.655869,1.732353,1.7653
2008-10-09,0.78359,1.55,1.7523
2008-10-10,0.974116,1.326684,1.7253
2008-10-13,0.833046,1.303957,1.7076
2008-10-14,1.031019,1.340876,1.6978
2008-10-15,1.039464,1.154465,1.6893
2008-10-16,1.175095,1.253978,1.6839
2008-10-17,1.10135,1.224695,1.6658
2008-10-20,1.06191,1.58,1.6594
2008-10-21,1.038871,1.347263,1.6508
2008-10-22,0.26077,0.85,1.6337
2008-10-23,0.382708,1.275,1.6178
2008-10-24,0.411441,1.2,1.5772
2008-10-27,0.479715,1.471527,1.5597
2008-10-28,0.665488,1.381128,1.5476
2008-10-29,0.55606,1.285526,1.5335
2008-10-30,0.513355,1.250981,1.5195
2008-10-31,0.522862,1.18913,1.4672
2008-11-03,0.501799,1.106848,1.4568
2008-11-04,0.451949,1.048674,1.4407
2008-11-05,0.433614,1.038474,1.4243
2008-11-06,0.439579,1.096607,1.4086
2008-11-07,0.322883,,1.3691
2008-11-10,0.27628,,1.3417
2008-11-11,0.255311,0.766667,1.325
2008-11-12,0.291182,0.509884,1.3083
2008-11-13,0.316017,0.595333,1.2912
2008-11-14,0.299182,0.637144,1.252
2008-11-17,0.321108,,1.2146
2008-11-18,0.271503,0.478573,1.1951
2008-11-19,0.283921,0.59,1.1776
2008-11-20,0.189754,0.95,1.1591
2008-11-21,0.077983,,1.1169
2008-11-24,0.05083,,1.0816
2008-11-25,0.031057,,1.0616
2008-11-26,0.024548,0.225928,1.0423
2008-11-27,0.031094,0.06,1.0148
2008-11-28,0.03909,,0.9522
2008-12-01,0.022054,0.06,0.9319
2008-12-02,0.002972,0.08667,0.912
2008-12-03,0.056103,0.073686,0.8927
2008-12-04,0.081179,0.35,0.8736
2008-12-05,0.082825,0.08667,0.8143
2008-12-08,0.087937,0.10667,0.7945
2008-12-09,0.043844,0.08667,0.7745
2008-12-10,0.036623,0.01,0.7539
2008-12-11,0.032981,,0.7344
2008-12-12,0.02885,,0.6752
2008-12-15,0.029176,0.03,0.6541
2008-12-16,0.025703,,0.6334
2008-12-17,0.024612,,0.615
2008-12-18,0.018264,,0.5966
2008-12-19,0.020628,,0.5425
2008-12-22,0.020327,0.075,0.526
2008-12-23,0.023351,,0.5078
2008-12-24,0.028542,,0.4583
2008-12-29,0.026664,0.075,0.4043
2008-12-30,0.022935,,0.4001
2008-12-31,0.019608,0.25,0.3539
2009-01-05,0.025207,0.092,0.3036
2009-01-06,0.021569,0.0725,0.298
2009-01-07,0.017131,0.070983,0.2952
2009-01-08,0.018,0.098045,0.2883
2009-01-09,0.020212,0.09625,0.2744
2009-01-12,0.016818,0.078236,0.2488
2009-01-13,0.024982,0.105,0.24
2009-01-14,0.029798,0.093,0.2291
2009-01-15,0.031049,0.104947,0.2182
2009-01-16,0.032786,0.086296,0.2021
2009-01-19,0.031175,0.07,0.1709
2009-01-20,0.039073,0.074735,0.1597
2009-01-21,0.026944,0.087857,0.1487
2009-01-22,0.032038,0.0975,0.1462
2009-01-23,0.024555,0.103871,0.1398
2009-01-26,0.024886,0.082947,0.1297
2009-01-27,0.023681,0.109345,0.1248
2009-01-28,0.024998,0.114304,0.1178
2009-01-29,0.027553,0.118,0.1077
2009-01-30,0.080879,0.121698,0.0931
2009-02-02,0.044711,0.117222,0.0926
2009-02-03,0.042583,0.113888,0.0876
2009-02-04,0.033354,0.087,0.083
2009-02-05,0.019886,0.102,0.0785
2009-02-06,0.025178,0.10154,0.073
2009-02-09,0.023582,0.1125,0.0643
2009-02-10,0.031383,0.04,0.0616
2009-02-11,0.031183,0.111512,0.0592
2009-02-12,0.029668,0.108478,0.0563
2009-02-13,0.025818,0.12,0.0526
2009-02-16,0.021232,0.1064,0.0442
2009-02-17,0.023037,0.117143,0.041
2009-02-18,0.024798,0.11875,0.0383
2009-02-19,0.025336,0.119143,0.0355
2009-02-20,0.023713,0.2,0.0335
2009-02-23,0.025258,0.076224,0.0319
2009-02-24,0.025899,0.095199,0.0317
2009-02-25,0.026073,0.133054,0.0316
2009-02-26,0.028993,,0.0317
2009-02-27,0.035864,,0.0316
2009-03-02,0.022505,0.134348,0.0319
2009-03-03,0.022356,0.098949,0.0315
2009-03-04,0.025682,0.102,0.0309
2009-03-05,0.020125,0.106221,0.0308
2009-03-06,0.02255,0.18,0.0288
2009-03-09,0.026732,0.091594,0.0279
2009-03-10,0.032156,0.140041,0.0279
2009-03-11,0.030713,0.13283,0.0279
2009-03-12,0.027849,0.124242,0.0279
2009-03-13,0.026456,0.05,0.0278
2009-03-16,0.024928,0.115,0.0278
2009-03-17,0.025915,0.11875,0.0278
2009-03-18,0.023983,0.1,0.0278
2009-03-19,0.026995,0.105,0.0278
2009-03-20,0.021738,0.11,0.0279
2009-03-23,0.024428,0.105,0.028
2009-03-24,0.027238,0.130666,0.0279
2009-03-25,0.023452,0.11,0.0279
2009-03-26,0.020665,0.095,0.0278
2009-03-27,0.021716,0.113633,0.0276
2009-03-30,0.026248,0.11,0.0276
2009-03-31,0.031394,,0.0281
2009-04-01,0.027261,,0.0281
2009-04-02,0.028128,,0.0281
2009-04-03,0.028568,,0.0281
2009-04-06,0.026644,,0.0282
2009-04-07,0.028243,,0.0284
2009-04-08,0.019164,0.110541,0.0284
2009-04-09,0.014778,0.095217,0.028
2009-04-14,0.016536,,0.0279
2009-04-15,0.027,,0.0279
2009-04-16,0.025962,0.115556,0.0278
2009-04-17,0.027035,,0.0276
2009-04-20,0.028433,,0.0275
2009-04-21,0.026806,0.03,0.0275
2009-04-22,0.023712,0.085,0.0274
2009-04-23,0.022752,0.0825,0.0273
2009-04-24,0.019794,0.08,0.0272
2009-04-27,0.025304,0.107365,0.0272
2009-04-28,0.02563,0.089221,0.0272
2009-04-29,0.02924,0.085,0.0273
2009-04-30,0.03359,0.112308,0.0256
2009-05-04,0.02801,0.13,0.0253
2009-05-05,0.027432,0.085,0.0254
2009-05-06,0.026983,0.098395,0.0254
2009-05-07,0.027196,0.085,0.0254
2009-05-08,0.022404,0.078116,0.0254
2009-05-11,0.028049,0.085,0.0253
2009-05-12,0.028988,0.085,0.0252
2009-05-13,0.02986,0.085,0.0253
2009-05-14,0.028304,0.09645,0.0253
2009-05-15,0.030401,0.102036,0.0255
2009-05-18,0.033153,0.082,0.0256
2009-05-19,0.025127,0.092222,0.0256
2009-05-20,0.024525,,0.0256
2009-05-22,0.024699,,0.0257
2009-05-25,0.03508,0.093115,0.0258
2009-05-26,0.024953,0.083333,0.0257
2009-05-27,0.029405,0.088333,0.0258
2009-05-28,0.02399,0.09,0.0257
2009-05-29,0.034996,0.092727,0.0258
2009-06-02,0.026733,0.0925,0.0259
2009-06-03,0.028002,0.08,0.0259
2009-06-04,0.026684,0.107348,0.0259
2009-06-05,0.025314,0.108085,0.026
2009-06-08,0.028769,,0.0261
2009-06-09,0.030978,0.074,0.0262
2009-06-10,0.028146,0.070698,0.0261
2009-06-11,0.029168,0.078666,0.0261
2009-06-12,0.026636,0.09,0.0261
2009-06-15,0.027138,0.0925,0.0261
2009-06-16,0.02582,0.074418,0.0261
2009-06-17,0.02584,0.095,0.0261
2009-06-18,0.027648,0.095,0.0261
2009-06-19,0.025415,0.085,0.0261
2009-06-22,0.028386,0.085,0.0263
2009-06-23,0.026336,0.086,0.0263
2009-06-24,0.024248,0.080908,0.0263
2009-06-25,0.021143,0.075,0.0262
2009-06-26,0.016025,0.1025,0.026
2009-06-29,0.024532,,0.0261
2009-06-30,0.020048,0.082857,0.026
2009-07-01,0.022823,0.077917,0.0259
2009-07-02,0.016396,0.076,0.0258
2009-07-03,0.015623,0.085,0.0254
2009-07-06,0.020838,0.078719,0.0253
2009-07-07,0.022233,0.08,0.0252
2009-07-08,0.019373,0.079167,0.0252
2009-07-09,0.019435,0.06858,0.0252
2009-07-10,0.015467,0.051515,0.0249
2009-07-13,0.020193,0.065496,0.0254
2009-07-14,0.017462,0.0575,0.0254
2009-07-15,0.021076,0.0575,0.0253
2009-07-16,0.020487,0.070604,0.0253
2009-07-17,0.020272,0.06,0.025
2009-07-20,0.018849,0.075,0.0249
2009-07-21,0.01808,0.076232,0.0248
2009-07-22,0.02232,0.078194,0.0248
2009-07-23,0.021556,0.079818,0.0248
2009-07-24,0.024558,0.075952,0.025
2009-07-27,0.017027,0.069352,0.0249
2009-07-28,0.018201,0.0675,0.0248
2009-07-29,0.016436,0.071357,0.0246
2009-07-30,0.016136,0.073809,0.0246
2009-07-31,0.016977,0.075833,0.0239
2009-08-03,0.018115,0.076161,0.0238
2009-08-04,0.017255,0.075667,0.0237
2009-08-05,0.017858,0.075658,0.0236
2009-08-06,0.018745,0.077117,0.0235
2009-08-07,0.017098,0.02,0.0233
2009-08-10,0.017802,0.075333,0.0233
2009-08-11,0.015727,0.070743,0.0231
2009-08-12,0.016773,0.077416,0.023
2009-08-13,0.018873,0.08,0.0229
2009-08-14,0.015175,0.073077,0.0226
2009-08-17,0.015406,0.087386,0.0222
2009-08-18,0.016315,0.08745,0.0221
2009-08-19,0.016019,0.078889,0.022
2009-08-20,0.016027,0.075577,0.0219
2009-08-21,0.015783,0.068333,0.0216
2009-08-24,0.017795,0.075,0.0215
2009-08-25,0.016305,0.09,0.0213
2009-08-26,0.015086,0.069619,0.0212
2009-08-27,0.014354,0.074647,0.021
2009-08-28,0.015825,0.085,0.0208
2009-08-31,0.018446,0.0575,0.0202
2009-09-01,0.017759,0.058948,0.0201
2009-09-02,0.017723,0.075544,0.0201
2009-09-03,0.01754,0.070041,0.0199
2009-09-04,0.018912,0.06,0.0198
2009-09-07,0.01728,0.081325,0.0196
2009-09-08,0.019646,0.07431,0.0195
2009-09-09,0.033668,0.079915,0.0196
2009-09-10,0.017655,0.085765,0.0194
2009-09-11,0.016006,0.061236,0.0192
2009-09-14,0.018008,0.070769,0.019
2009-09-15,0.015395,0.077273,0.0188
2009-09-16,0.018271,0.068333,0.0188
2009-09-17,0.019495,0.058333,0.0187
2009-09-18,0.017136,0.076454,0.0186
2009-09-21,0.02766,0.075,0.0184
2009-09-22,0.031165,0.071667,0.0185
2009-09-23,0.028962,0.071104,0.0185
2009-09-24,0.015551,0.075,0.0184
2009-09-25,0.015253,0.081111,0.0183
2009-09-28,0.023518,0.09303,0.0184
2009-09-29,0.026494,,0.0184
2009-09-30,0.024256,0.07625,0.0185
2009-10-01,0.01895,0.086892,0.0184
2009-10-02,0.019586,0.081334,0.0185
2009-10-05,0.02023,0.078333,0.0186
2009-10-06,0.01782,0.076667,0.0186
2009-10-07,0.018941,0.082867,0.0185
2009-10-08,0.019168,0.075,0.0185
2009-10-09,0.018108,0.0802,0.0185
2009-10-12,0.019457,0.079483,0.0186
2009-10-13,0.017552,0.081587,0.0186
2009-10-14,0.02015,0.11578,0.0186
2009-10-15,0.018715,0.090238,0.0186
2009-10-16,0.017014,0.099583,0.0185
2009-10-19,0.017951,0.075969,0.0184
2009-10-20,0.016657,0.066772,0.0184
2009-10-21,0.014063,0.070343,0.0184
2009-10-22,0.014846,0.065833,0.0183
2009-10-23,0.018605,0.076255,0.0183
2009-10-26,0.015409,,0.018
2009-10-27,0.017269,0.082105,0.018
2009-10-28,0.017995,0.10547,0.018
2009-10-29,0.018167,0.11,0.0181
2009-10-30,0.045043,0.104359,0.019
2009-11-02,0.019964,,0.019
2009-11-03,0.021645,0.11,0.019
2009-11-04,0.022891,0.15,0.0191
2009-11-05,0.028134,0.129716,0.0192
2009-11-06,0.027633,0.097843,0.0195
2009-11-09,0.033007,,0.0197
2009-11-10,0.030364,,0.0199
2009-11-11,0.02952,,0.02
2009-11-12,0.02888,0.134706,0.0201
2009-11-13,0.025476,0.05,0.0203
2009-11-16,0.026204,0.14,0.0206
2009-11-17,0.028222,0.08,0.0207
2009-11-18,0.021926,0.15,0.0208
2009-11-19,0.022416,0.15,0.0208
2009-11-20,0.022015,0.116184,0.0209
2009-11-23,0.020846,0.141052,0.0211
2009-11-24,0.019453,,0.0211
2009-11-25,0.023346,,0.0212
2009-11-26,0.022605,0.15,0.0213
2009-11-27,0.025076,,0.0216
2009-11-30,0.043573,0.06,0.0219
2009-12-01,0.024332,,0.022
2009-12-02,0.021746,0.12,0.022
2009-12-03,0.026296,0.15,0.0221
2009-12-04,0.029694,,0.0225
2009-12-07,0.034501,0.15,0.0227
2009-12-08,0.038678,0.111819,0.0229
2009-12-09,0.032737,0.11,0.0229
2009-12-10,0.033119,,0.023
2009-12-11,0.028708,0.11,0.0235
2009-12-14,0.028479,0.15,0.0236
2009-12-15,0.032141,,0.0238
2009-12-16,0.026922,0.05,0.0239
2009-12-17,0.02139,0.11,0.0239
2009-12-18,0.0153,,0.0238
2009-12-21,0.016104,0.11,0.0237
2009-12-22,0.029696,,0.0237
2009-12-23,0.025956,,0.0236
2009-12-24,0.037368,,0.0243
2009-12-28,0.030779,,0.0247
2009-12-29,0.037941,,0.0248
2009-12-30,0.035466,0.1,0.0249
2009-12-31,0.031984,,0.0252
2010-01-04,0.027404,0.096495,0.0255
2010-01-05,0.028465,0.0925,0.0256
2010-01-06,0.024272,0.0925,0.0257
2010-01-07,0.024535,0.101676,0.0257
2010-01-08,0.027789,0.1,0.0259
2010-01-11,0.026049,0.079,0.0261
2010-01-12,0.025652,0.085291,0.0262
2010-01-13,0.024093,0.086801,0.0263
2010-01-14,0.028185,0.08,0.0263
2010-01-15,0.028636,0.0875,0.0265
2010-01-18,0.032332,0.094286,0.0269
2010-01-19,0.032861,0.078905,0.027
2010-01-20,0.030699,0.070952,0.0272
2010-01-21,0.022938,0.099294,0.0273
2010-01-22,0.022364,0.09,0.0273
2010-01-25,0.021534,0.09,0.0275
2010-01-26,0.020706,0.106923,0.0275
2010-01-27,0.019273,0.087826,0.0276
2010-01-28,0.022343,0.099739,0.0277
2010-01-29,0.027068,0.0875,0.0271
2010-02-01,0.02446,0.091667,0.0271
2010-02-02,0.021828,0.085,0.0271
2010-02-03,0.019053,0.091111,0.0271
2010-02-04,0.02017,0.098333,0.027
2010-02-05,0.019566,0.074737,0.0268
2010-02-08,0.021193,0.078333,0.0267
2010-02-09,0.028122,0.076667,0.0267
2010-02-10,0.023661,0.075,0.0266
2010-02-11,0.029159,0.076667,0.0266
2010-02-12,0.026787,0.089,0.0266
2010-02-15,0.031129,0.081868,0.0266
2010-02-16,0.024944,0.093651,0.0266
2010-02-17,0.024504,0.1,0.0266
2010-02-18,0.024952,0.0875,0.0266
2010-02-19,0.019999,0.1075,0.0265
2010-02-22,0.019807,0.136164,0.0265
2010-02-23,0.026054,0.1,0.0266
2010-02-24,0.024971,0.14,0.0266
2010-02-25,0.026807,0.146667,0.0268
2010-02-26,0.037635,0.145,0.027
2010-03-01,0.02667,0.09375,0.027
2010-03-02,0.024043,0.11,0.027
2010-03-03,0.033688,0.085,0.0271
2010-03-04,0.025656,0.09052,0.0271
2010-03-05,0.025697,0.096162,0.0269
2010-03-08,0.042517,0.088333,0.0269
2010-03-09,0.028433,0.10725,0.0269
2010-03-10,0.026692,0.095714,0.0268
2010-03-11,0.021837,0.095,0.0267
2010-03-12,0.01978,0.08,0.0264
2010-03-15,0.025511,0.084706,0.0263
2010-03-16,0.022715,0.093369,0.0263
2010-03-17,0.021,0.098333,0.0263
2010-03-18,0.021008,0.09,0.0262
2010-03-19,0.020745,0.091632,0.0264
2010-03-22,0.020093,0.084414,0.0264
2010-03-23,0.021479,0.090603,0.0264
2010-03-24,0.019708,0.097324,0.0263
2010-03-25,0.020029,0.095,0.0262
2010-03-26,0.019531,0.1,0.0255
2010-03-29,0.02431,0.11,0.0253
2010-03-30,0.020078,,0.0251
2010-03-31,0.052509,0.13,0.0251
2010-04-01,0.026173,,0.0252
2010-04-06,0.024274,,0.0251
2010-04-07,0.026858,0.103333,0.0252
2010-04-08,0.024342,0.0825,0.0252
2010-04-09,0.021374,0.080573,0.0249
2010-04-12,0.022121,0.0925,0.0249
2010-04-13,0.020335,0.084815,0.0248
2010-04-14,0.025296,0.08757,0.0248
2010-04-15,0.021844,0.09,0.0248
2010-04-16,0.021754,0.082143,0.0246
2010-04-19,0.020481,0.091346,0.0243
2010-04-20,0.022601,0.093096,0.0242
2010-04-21,0.022848,0.070435,0.0242
2010-04-22,0.023614,0.071415,0.0242
2010-04-23,0.023145,0.08,0.0243
2010-04-26,0.017517,0.093333,0.0243
2010-04-27,0.01887,0.094566,0.0242
2010-04-28,0.020422,0.095946,0.0242
2010-04-29,0.018144,0.089412,0.0242
2010-04-30,0.027666,0.1,0.0242
2010-05-03,0.019542,0.091667,0.0242
2010-05-04,0.017298,0.0875,0.0242
2010-05-05,0.016627,0.086111,0.0241
2010-05-06,0.015382,0.1,0.024
2010-05-07,0.013011,,0.0238
2010-05-10,0.012515,,0.0236
2010-05-11,0.010063,,0.0234
2010-05-12,0.012044,0.04,0.0232
2010-05-14,0.01,0.1,0.0225
2010-05-17,0.014884,,0.0224
2010-05-18,0.012924,,0.0223
2010-05-19,0.014465,,0.0222
2010-05-20,0.014994,0.07,0.0221
2010-05-21,0.037977,0.08,0.0229
2010-05-25,0.015032,,0.0227
2010-05-26,0.014361,,0.0226
2010-05-27,0.014851,,0.0225
2010-05-28,0.011045,,0.0221
2010-05-31,0.016089,,0.0216
2010-06-01,0.014386,,0.0214
2010-06-02,0.014781,,0.0213
2010-06-03,0.014365,,0.0211
2010-06-04,0.011517,,0.0208
2010-06-07,0.016092,0.085714,0.0206
2010-06-08,0.01564,,0.0203
2010-06-09,0.01605,,0.0201
2010-06-10,0.016067,0.1,0.02
2010-06-11,0.016125,,0.0199
2010-06-14,0.019228,,0.0199
2010-06-15,0.020242,0.03,0.0198
2010-06-16,0.029251,0.091803,0.0199
2010-06-17,0.041966,0.109372,0.0201
2010-06-18,0.031804,0.12,0.0205
2010-06-21,0.029372,0.11,0.0206
2010-06-22,0.040419,,0.0208
2010-06-23,0.056387,0.146,0.0212
2010-06-24,0.065115,0.15,0.0217
2010-06-25,0.064047,0.16,0.023
2010-06-28,0.075606,0.16,0.0237
2010-06-29,0.061809,,0.0242
2010-06-30,0.059386,0.15,0.0242
2010-07-01,0.055037,0.127578,0.0246
2010-07-02,0.026846,,0.0246
2010-07-05,0.020293,0.116667,0.0245
2010-07-06,0.021799,0.0925,0.0245
2010-07-07,0.022714,0.147369,0.0244
2010-07-08,0.023553,0.18,0.0244
2010-07-09,0.043958,0.171033,0.0252
2010-07-12,0.057332,0.19114,0.0256
2010-07-13,0.057967,0.157143,0.026
2010-07-14,0.047337,0.156284,0.0262
2010-07-15,0.040105,0.164652,0.0264
2010-07-16,0.043513,0.14875,0.0271
2010-07-19,0.058143,0.161,0.0276
2010-07-20,0.110901,0.189375,0.0285
2010-07-21,0.137652,0.19375,0.0298
2010-07-22,0.086276,0.191293,0.0305
2010-07-23,0.047144,0.27,0.0313
2010-07-26,0.035204,0.232,0.0315
2010-07-27,0.037081,0.219934,0.0317
2010-07-28,0.05247,0.246389,0.032
2010-07-29,0.083466,0.248333,0.0327
2010-07-30,0.079548,0.234685,0.0344
2010-08-02,0.038076,0.217606,0.0345
2010-08-03,0.049366,0.234887,0.0348
2010-08-04,0.044912,0.221634,0.0351
2010-08-05,0.034442,0.209697,0.0353
2010-08-06,0.032938,0.199,0.0354
2010-08-09,0.030811,0.185,0.0361
2010-08-10,0.021576,0.182941,0.0362
2010-08-11,0.02097,0.239091,0.0363
2010-08-12,0.024963,0.218793,0.0362
2010-08-13,0.020985,0.208432,0.0362
2010-08-16,0.03355,0.247273,0.0371
2010-08-17,0.024438,0.1825,0.0372
2010-08-18,0.022274,0.247273,0.0373
2010-08-19,0.025249,0.174659,0.0374
2010-08-20,0.026244,0.175,0.0373
2010-08-23,0.035473,,0.0373
2010-08-24,0.03355,0.05,0.0372
2010-08-25,0.040704,0.205,0.0375
2010-08-26,0.036256,0.245,0.0377
2010-08-27,0.052678,,0.0384
2010-08-30,0.162761,0.25,0.0407
2010-08-31,0.318768,0.237601,0.044
2010-09-01,0.100329,0.237586,0.0449
2010-09-02,0.066494,0.221666,0.0455
2010-09-03,0.064391,0.245366,0.0464
2010-09-06,0.12643,0.18,0.0484
2010-09-07,0.087763,0.18742,0.0492
2010-09-08,0.092384,0.25,0.05
2010-09-09,0.076961,,0.0507
2010-09-10,0.086367,0.181667,0.0522
2010-09-13,0.080951,0.175,0.0537
2010-09-14,0.067976,0.22769,0.0542
2010-09-15,0.064743,0.148358,0.0547
2010-09-16,0.06152,0.22484,0.055
2010-09-17,0.058256,0.208889,0.0553
2010-09-20,0.056617,0.18909,0.0561
2010-09-21,0.056722,0.224839,0.0563
2010-09-22,0.062335,0.236159,0.0566
2010-09-23,0.084889,0.233913,0.0569
2010-09-24,0.058449,0.245,0.0569
2010-09-27,0.045449,0.199654,0.0565
2010-09-28,0.052681,0.195571,0.0563
2010-09-29,0.048923,0.26,0.0561
2010-09-30,0.093595,0.217346,0.0565
2010-10-01,0.068017,0.28,0.0569
2010-10-04,0.043705,0.32,0.0577
2010-10-05,0.039342,0.253867,0.0579
2010-10-06,0.048144,0.259753,0.0582
2010-10-07,0.051456,0.266667,0.0585
2010-10-08,0.050163,0.250652,0.0586
2010-10-11,0.045185,0.256,0.0589
2010-10-12,0.035963,0.261285,0.0587
2010-10-13,0.035939,0.282222,0.0585
2010-10-14,0.037836,0.277143,0.0584
2010-10-15,0.039139,0.253333,0.058
2010-10-18,0.031019,0.274648,0.0581
2010-10-19,0.027958,,0.0578
2010-10-20,0.022981,0.255,0.0568
2010-10-21,0.0267,0.1925,0.0556
2010-10-22,0.024026,0.16375,0.0543
2010-10-25,0.046364,0.22,0.0545
2010-10-26,0.042774,0.222857,0.0545
2010-10-27,0.062168,0.238974,0.0548
2010-10-28,0.040836,0.204431,0.0544
2010-10-29,0.058606,0.225273,0.0537
2010-11-01,0.04139,0.210096,0.0535
2010-11-02,0.03962,0.191796,0.0536
2010-11-03,0.049254,0.172893,0.0536
2010-11-04,0.042846,0.196452,0.0535
2010-11-05,0.03769,0.173312,0.0532
2010-11-08,0.041579,0.180896,0.0538
2010-11-09,0.037575,0.174468,0.0538
2010-11-10,0.062445,0.188168,0.0543
2010-11-11,0.083825,0.174782,0.055
2010-11-12,0.06892,0.160001,0.0557
2010-11-15,0.075173,0.162642,0.0571
2010-11-16,0.086886,0.171282,0.0577
2010-11-17,0.071478,0.165,0.0582
2010-11-18,0.068466,0.183929,0.0587
2010-11-19,0.052631,,0.0588
2010-11-22,0.082354,0.174976,0.0602
2010-11-23,0.076995,0.1725,0.0606
2010-11-24,0.085795,0.2,0.0612
2010-11-25,0.086843,0.21,0.0617
2010-11-26,0.072869,0.2225,0.0623
2010-11-29,0.076756,,0.0617
2010-11-30,0.15866,0.234328,0.0599
2010-12-01,0.069649,0.198333,0.0596
2010-12-02,0.066778,0.194637,0.0596
2010-12-03,0.063412,0.19641,0.0595
2010-12-06,0.0602,0.23,0.0588
2010-12-07,0.057782,,0.0585
2010-12-08,0.06139,0.2,0.0581
2010-12-09,0.074814,0.206487,0.0581
2010-12-10,0.051195,0.166667,0.057
2010-12-13,0.070107,0.173333,0.0568
2010-12-14,0.053487,0.198426,0.0567
2010-12-15,0.060772,0.188333,0.0566
2010-12-16,0.04131,0.1575,0.0564
2010-12-17,0.040354,0.17,0.0558
2010-12-20,0.05935,0.167,0.0559
2010-12-21,0.05253,0.17,0.0558
2010-12-22,0.068794,0.175,0.0559
2010-12-23,0.089206,0.19,0.0559
2010-12-24,0.124758,,0.0581
2010-12-27,0.090528,0.3,0.0586
2010-12-28,0.056443,,0.0587
2010-12-29,0.028504,,0.0584
2010-12-30,0.021113,,0.058
2010-12-31,0.050282,0.1625,0.0574
2011-01-03,0.025229,0.16,0.0567
2011-01-04,0.028803,0.176667,0.0565
2011-01-05,0.02218,0.08,0.0564
2011-01-06,0.02234,0.164285,0.0561
2011-01-07,0.044083,0.138333,0.0557
2011-01-10,0.038011,0.151,0.0557
2011-01-11,0.037643,0.147916,0.0556
2011-01-12,0.036534,0.170056,0.0557
2011-01-13,0.030192,0.161674,0.0556
2011-01-14,0.022721,0.21,0.0547
2011-01-17,0.034745,0.172841,0.055
2011-01-18,0.036711,0.135,0.0551
2011-01-19,0.033289,0.136667,0.0551
2011-01-20,0.028471,0.136341,0.0552
2011-01-21,0.02965,0.146798,0.0547
2011-01-24,0.033868,0.156795,0.0555
2011-01-25,0.034662,0.140434,0.0553
2011-01-26,0.036089,0.135,0.0553
2011-01-27,0.055308,0.138104,0.0552
2011-01-28,0.048351,0.138857,0.0551
2011-01-31,0.10152,0.170246,0.0555
2011-02-01,0.037979,0.15237,0.0555
2011-02-02,0.033022,0.122105,0.0554
2011-02-03,0.031073,0.14935,0.0552
2011-02-04,0.024592,0.118872,0.0544
2011-02-07,0.023143,0.106734,0.0546
2011-02-08,0.021688,0.12963,0.0544
2011-02-09,0.022343,0.134155,0.0542
2011-02-10,0.025305,0.155315,0.0538
2011-02-11,0.028968,0.136364,0.0527
2011-02-14,0.049316,0.138193,0.0521
2011-02-15,0.049614,0.161599,0.0518
2011-02-16,0.043283,0.150909,0.0514
2011-02-17,0.028498,0.145833,0.0509
2011-02-18,0.024203,0.138889,0.0498
2011-02-21,0.01979,0.155829,0.0494
2011-02-22,0.020757,0.145,0.0488
2011-02-23,0.022741,0.12375,0.0482
2011-02-24,0.022563,0.1275,0.0475
2011-02-25,0.020079,0.157042,0.045
2011-02-28,0.078858,0.141416,0.0441
2011-03-01,0.041605,0.126849,0.0438
2011-03-02,0.042065,0.138916,0.0435
2011-03-03,0.034525,0.133503,0.0434
2011-03-04,0.029628,0.15,0.0423
2011-03-07,0.042143,0.162286,0.0419
2011-03-08,0.052852,0.151428,0.0418
2011-03-09,0.053624,0.132999,0.0416
2011-03-10,0.035712,0.168342,0.0415
2011-03-11,0.027008,0.14625,0.0407
2011-03-14,0.02721,0.152223,0.0401
2011-03-15,0.027199,0.17511,0.0397
2011-03-16,0.027337,0.156338,0.0396
2011-03-17,0.027261,0.173571,0.0394
2011-03-18,0.035309,0.164286,0.0393
2011-03-21,0.027843,0.160071,0.0388
2011-03-22,0.039572,0.151074,0.0384
2011-03-23,0.042747,0.147273,0.0379
2011-03-24,0.042015,0.174375,0.038
2011-03-25,0.038112,0.158889,0.0351
2011-03-28,0.04569,0.1775,0.0344
2011-03-29,0.043454,0.173846,0.0345
2011-03-30,0.04887,0.15,0.0348
2011-03-31,0.083753,0.142727,0.0349
2011-04-01,0.039208,0.134281,0.035
2011-04-04,0.026302,0.15984,0.0351
2011-04-05,0.019806,0.135304,0.0351
2011-04-06,0.017688,0.102904,0.035
2011-04-07,0.022631,0.10375,0.0349
2011-04-08,0.021591,0.113,0.0341
2011-04-11,0.024096,0.13,0.034
2011-04-12,0.016244,0.154275,0.0337
2011-04-13,0.016474,0.143931,0.0336
2011-04-14,0.013492,0.148276,0.0334
2011-04-15,0.01801,0.172632,0.0332
2011-04-18,0.017422,0.127,0.033
2011-04-19,0.020239,0.153333,0.0328
2011-04-20,0.014865,0.156177,0.0327
2011-04-21,0.0196,0.139,0.032
2011-04-26,0.021034,0.136667,0.0318
2011-04-27,0.021965,0.155,0.0315
2011-04-28,0.023921,0.144804,0.0308
2011-04-29,0.030437,,0.03
2011-05-02,0.041224,0.143462,0.03
2011-05-03,0.026137,0.132391,0.03
2011-05-04,0.02298,0.17,0.0299
2011-05-05,0.025418,0.12419,0.0298
2011-05-06,0.039577,0.12875,0.0304
2011-05-09,0.046181,0.106364,0.0308
2011-05-10,0.04493,0.115,0.031
2011-05-11,0.044413,0.137843,0.0311
2011-05-12,0.043544,0.144002,0.0313
2011-05-13,0.036182,0.129974,0.0313
2011-05-16,0.025437,0.12653,0.0309
2011-05-17,0.020974,0.086667,0.0308
2011-05-18,0.018458,0.087956,0.0307
2011-05-19,0.011879,0.125,0.0305
2011-05-20,0.016943,0.10375,0.0304
2011-05-23,0.029452,0.116471,0.0305
2011-05-24,0.03409,0.1125,0.0307
2011-05-25,0.025842,0.118,0.0306
2011-05-26,0.030434,0.102547,0.0306
2011-05-27,0.042833,0.1375,0.0314
2011-05-30,0.055319,0.08,0.0316
2011-05-31,0.02816,0.099,0.0311
2011-06-01,0.027742,0.089999,0.0309
2011-06-03,0.027643,0.1,0.0306
2011-06-06,0.03578,0.107209,0.0307
2011-06-07,0.034698,0.07875,0.0306
2011-06-08,0.043006,0.08,0.0305
2011-06-09,0.040389,0.08,0.0304
2011-06-10,0.035788,0.103333,0.0306
2011-06-14,0.033522,0.085556,0.0307
2011-06-15,0.03335,0.095,0.0308
2011-06-16,0.046601,0.100469,0.031
2011-06-17,0.040274,0.1,0.0314
2011-06-20,0.038183,0.101964,0.0313
2011-06-21,0.04104,0.113992,0.0314
2011-06-22,0.045338,0.101729,0.0315
2011-06-23,0.043154,0.0933,0.0315
2011-06-24,0.044243,0.089717,0.0318
2011-06-27,0.039891,0.129167,0.0317
2011-06-28,0.031897,0.130566,0.0315
2011-06-29,0.029632,0.133624,0.0312
2011-06-30,0.07111,0.126818,0.0311
2011-07-01,0.024732,0.111046,0.0306
2011-07-04,0.027925,0.096923,0.0306
2011-07-05,0.021124,0.10352,0.0306
2011-07-06,0.029006,0.095,0.0307
2011-07-07,0.033685,0.100945,0.0309
2011-07-08,0.024205,0.100714,0.0309
2011-07-11,0.02274,0.094444,0.0309
2011-07-12,0.01988,0.102565,0.031
2011-07-13,0.018881,0.1037,0.031
2011-07-14,0.020537,0.098712,0.0311
2011-07-15,0.024093,0.099394,0.0313
2011-07-18,0.023696,0.084,0.0313
2011-07-19,0.021565,0.09,0.0314
2011-07-20,0.031718,0.081396,0.0315
2011-07-21,0.023004,0.078466,0.0314
2011-07-22,0.026659,0.075224,0.0313
2011-07-25,0.026438,0.07,0.0319
2011-07-26,0.023526,0.072632,0.0319
2011-07-27,0.02159,0.0875,0.0319
2011-07-28,0.023382,0.089884,0.0319
2011-07-29,0.05025,0.074,0.0328
2011-08-02,0.039404,0.075217,0.0327
2011-08-03,0.017928,0.055207,0.0326
2011-08-04,0.0174,0.057918,0.0326
2011-08-05,0.0216,0.05569,0.0323
2011-08-08,0.000423,0.06,0.0317
2011-08-09,-0.002624,,0.0312
2011-08-10,0.003206,-0.05,0.0307
2011-08-11,0.010491,,0.0304
2011-08-12,0.003346,0.03,0.0294
2011-08-15,0.011244,,0.0289
2011-08-16,0.012378,0.03,0.0288
2011-08-17,0.011504,,0.0287
2011-08-18,0.008667,,0.0286
2011-08-19,0.010898,,0.0282
2011-08-22,0.009756,0.01,0.0284
2011-08-23,-0.020808,,0.0278
2011-08-24,-0.000262,-1,0.0275
2011-08-25,-0.015105,,0.027
2011-08-26,0.003839,,0.0262
2011-08-29,0.0018,,0.0254
2011-08-30,0.004656,,0.0249
2011-08-31,-0.009758,,0.0245
2011-09-01,0.00365,,0.0242
2011-09-02,0.000638,,0.0234
2011-09-05,0.007946,,0.0231
2011-09-06,0.001804,,0.0227
2011-09-07,0.0005,0.000119,0.0224
2011-09-08,0.00115,0.009901,0.0219
2011-09-09,-0.027945,0.05,0.0201
2011-09-12,0.005091,-0.35,0.02
2011-09-13,-0.057191,-0.160909,0.0184
2011-09-14,-0.022614,,0.0178
2011-09-15,-0.017221,-0.194375,0.0173
2011-09-16,-0.001741,0.01,0.0164
2011-09-19,0.011069,,0.0155
2011-09-20,0.012387,-0.145,0.0152
2011-09-21,0.013094,0.014444,0.0149
2011-09-22,0.012768,,0.0146
2011-09-23,0.013657,,0.0143
2011-09-26,0.012741,,0.0133
2011-09-27,,,0.013
2011-09-28,-0.026503,,0.0123
2011-09-29,-0.011091,0.05,0.0119
2011-09-30,0.008339,0.044047,0.0111
2011-10-03,0.006699,0.05,0.0106
2011-10-04,-0.066169,,0.0096
2011-10-05,-0.003852,-0.142222,0.0094
2011-10-06,-0.006282,-0.125,0.009
2011-10-07,0.008572,,0.0087
2011-10-10,0.006766,0.013303,0.0082
2011-10-11,-0.023,-0.126854,0.0077
2011-10-12,0.005057,-0.094666,0.0075
2011-10-13,-0.014723,-0.039375,0.0071
2011-10-14,-0.007996,-0.069376,0.0065
2011-10-17,0.002317,-0.015334,0.0059
2011-10-18,0.000364,-0.073333,0.0056
2011-10-19,-0.01052,-0.049131,0.0053
2011-10-20,0.005315,-0.077778,0.005
2011-10-21,-0.03239,-0.063334,0.0036
2011-10-24,-0.020628,-0.121304,0.0026
2011-10-25,-0.016492,-0.125,0.0021
2011-10-26,-0.007692,-0.206527,0.0018
2011-10-27,-0.01152,-0.175,0.0014
2011-10-28,-0.000641,-0.175,0.0011
2011-10-31,0.002873,-0.157907,-0.001
2011-11-01,0.004987,-0.144039,-0.0009
2011-11-02,-0.008558,-0.156,-0.0014
2011-11-03,-0.002371,-0.137692,-0.0017
2011-11-04,0.015746,,-0.0013
2011-11-07,-0.007014,-0.25,-0.0021
2011-11-08,0.003213,-0.2,-0.0021
2011-11-09,0.009789,-0.2,-0.002
2011-11-10,-0.006965,-0.167692,-0.0021
2011-11-11,-0.001175,0.000786,-0.0022
2011-11-14,0.003436,-0.07,-0.0023
2011-11-15,0.004617,-0.024545,-0.0024
2011-11-16,0.013487,0.007452,-0.0024
2011-11-17,0.014304,0.007104,-0.0023
2011-11-18,0.009992,-0.034584,-0.002
2011-11-21,-0.004396,-0.07,-0.0025
2011-11-22,0.013823,-0.041429,-0.0025
2011-11-23,0.014785,0.08,-0.0021
2011-11-24,0.016448,0.012,-0.0019
2011-11-25,0.026015,0.051429,-0.0009
2011-11-28,0.025308,-0.025,-0.0007
2011-11-29,0.02085,0.055836,-0.0006
2011-11-30,0.02014,,-0.0002
2011-12-01,0.015027,0.08,-0.0001
2011-12-02,0.010775,,0.0002
2011-12-05,0.013704,0.08,0.0003
2011-12-06,0.011812,,0.0004
2011-12-07,0.016133,,0.0006
2011-12-08,-0.013162,,0.0004
2011-12-09,0.014509,,0.0018
2011-12-12,0.014997,,0.0019
2011-12-13,0.017116,0.08,0.0027
2011-12-14,0.014953,0.08,0.0031
2011-12-15,0.022658,0.08,0.0036
2011-12-16,0.01959,,0.0043
2011-12-19,0.029889,,0.0045
2011-12-20,0.021098,0.08,0.0046
2011-12-21,0.024058,0.08,0.0047
2011-12-22,0.023665,0.08,0.0048
2011-12-23,0.026794,,0.0055
2011-12-27,0.02644,,0.0056
2011-12-28,0.019951,0.08,0.0061
2011-12-29,0.019779,,0.0064
2011-12-30,0.018136,0.08,0.0069
2012-01-03,0.015507,0.045157,0.007
2012-01-04,-0.018314,,0.0075
2012-01-05,-0.011684,0.06,0.0074
2012-01-06,-0.015921,-0.1,0.0068
2012-01-09,-0.024939,-0.014371,0.0064
2012-01-10,-0.001286,0.08,0.0063
2012-01-11,-0.013098,,0.0064
2012-01-12,-0.01253,-0.00569,0.0062
2012-01-13,0.006771,,0.0065
2012-01-16,0.019651,0.070714,0.0071
2012-01-17,-0.015359,0.08,0.0069
2012-01-18,-0.016888,0.020588,0.0067
2012-01-19,-0.000934,0.025833,0.0068
2012-01-20,0.020863,,0.0073
2012-01-23,0.014698,0.08,0.0086
2012-01-24,-0.015214,0.041875,0.0087
2012-01-25,0.021272,0.08,0.0091
2012-01-26,0.014404,,0.0093
2012-01-27,-0.001065,,0.0092
2012-01-30,-0.015702,0.1,0.0093
2012-01-31,-0.012948,,0.0091
2012-02-01,-0.005028,,0.009
2012-02-02,-0.016586,0.041111,0.0089
2012-02-03,-0.009166,0.046765,0.0085
2012-02-06,-0.010177,0.07,0.008
2012-02-07,-0.016282,,0.0079
2012-02-08,-0.006261,,0.0078
2012-02-09,-0.009349,-0.045,0.0076
2012-02-10,-0.030169,0.055,0.0066
2012-02-13,-0.009777,-0.025001,0.0066
2012-02-14,0.001286,,0.0066
2012-02-15,-0.005187,-0.062813,0.0065
2012-02-16,0.001222,0.036393,0.0064
2012-02-17,0.017082,,0.0066
2012-02-20,0.000475,0.06,0.0065
2012-02-21,0.021374,0.034836,0.0067
2012-02-22,0.007909,0.002534,0.0067
2012-02-23,-0.016697,-0.023554,0.0063
2012-02-24,-0.017521,,0.0055
2012-02-27,-0.006068,0.07,0.0047
2012-02-28,-0.00872,-0.01,0.0041
2012-02-29,-0.001064,,0.0039
2012-03-01,0.004013,0.07,0.0038
2012-03-02,0.016694,,0.004
2012-03-05,0.003428,0.07,0.0038
2012-03-06,0.006446,0.06,0.0038
2012-03-07,-0.013135,,0.0035
2012-03-08,-0.000318,,0.0036
2012-03-09,-0.00787,,0.0029
2012-03-12,-0.000962,,0.0027
2012-03-13,0.019839,,0.0027
2012-03-14,0.009361,0.1,0.0027
2012-03-15,-0.003537,0.025645,0.0024
2012-03-16,-0.006232,,0.0015
2012-03-19,-0.005187,,0.0011
2012-03-20,0.005705,0.012262,0.001
2012-03-21,-0.000927,0.02,0.0007
2012-03-22,0.011037,,0.0005
2012-03-23,0.011417,,0.0009
2012-03-26,0.008488,0.07,-0.0002
2012-03-27,0.013202,0.05,-0.0003
2012-03-28,0.009415,0.034351,-0.0004
2012-03-29,0.001901,0.05,-0.0006
2012-03-30,0.007232,0.053333,-0.0012
2012-04-02,-0.000503,0.052222,-0.0012
2012-04-03,-0.024125,0.048374,-0.0016
2012-04-04,-0.008971,0.02162,-0.0015
2012-04-05,-0.008783,0.042,-0.0013
2012-04-10,-0.002768,0.06,-0.0011
2012-04-11,-0.000555,,-0.0009
2012-04-12,-0.007279,0.076667,-0.0009
2012-04-13,-0.013188,0.05,-0.0016
2012-04-16,0.007143,0.05,-0.0017
2012-04-17,0.016512,0.05,-0.0013
2012-04-18,-0.008251,0.015455,-0.0012
2012-04-19,0.006899,-0.021942,-0.0012
2012-04-20,-0.011617,-0.05,-0.0022
2012-04-23,-0.016752,-0.017228,-0.0026
2012-04-24,0.000277,-0.033333,-0.0024
2012-04-25,-0.00271,-0.016667,-0.0027
2012-04-26,-0.004222,0.001623,-0.0029
2012-04-27,-0.004765,-0.032212,-0.0029
2012-04-30,-0.017135,-0.05,-0.0031
2012-05-02,-0.00055,-0.0525,-0.0029
2012-05-03,-0.011253,-0.033892,-0.0029
2012-05-04,-0.004019,-0.027519,-0.0028
2012-05-07,0.001319,-0.0525,-0.0025
2012-05-08,0.012795,-0.036957,-0.0023
2012-05-09,0.007517,-0.05,-0.0021
2012-05-10,-0.007136,0.033333,-0.0022
2012-05-11,-0.00513,-0.007229,-0.0013
2012-05-14,-0.004286,-0.023333,-0.0013
2012-05-15,0.003038,0.05,-0.0012
2012-05-16,-0.00745,0.02,-0.0014
2012-05-18,0.011042,-0.065716,-0.0016
2012-05-21,-0.010889,0.05,-0.002
2012-05-22,-0.009299,-0.026667,-0.0021
2012-05-23,-0.023324,-0.04,-0.0022
2012-05-24,-0.011233,-0.026923,-0.0023
2012-05-25,-0.015409,0.05,-0.0024
2012-05-29,0.017373,,-0.0021
2012-05-30,0.019938,,-0.0018
2012-05-31,0.016374,-0.039062,-0.0016
2012-06-01,0.012319,0.001533,-0.0012
2012-06-04,0.014768,-0.0225,-0.0017
2012-06-05,0.01638,-0.017187,-0.0015
2012-06-06,0.00219,-0.02,-0.0016
2012-06-07,0.019259,-0.069432,-0.0012
2012-06-08,0.017427,-0.121818,-0.0006
2012-06-11,0.017212,-0.055327,-0.0002
2012-06-12,0.007623,-0.12,-0.0001
2012-06-13,0.018333,-0.128621,-0.0001
2012-06-14,0.013989,-0.163252,-0.0001
2012-06-15,0.01014,-0.016015,0.0003
2012-06-18,0.012551,-0.19286,0.0006
2012-06-19,0.0186,-0.042956,0.0009
2012-06-20,0.016039,-0.030198,0.001
2012-06-21,0.016167,-0.06111,0.0012
2012-06-22,0.019905,,0.0017
2012-06-25,0.017908,,0.0015
2012-06-26,0.018,0.05,0.0017
2012-06-27,0.007969,0.035455,0.0016
2012-06-28,0.014857,,0.0017
2012-06-29,0.027838,,0.0023
2012-07-02,0.016596,,0.0025
2012-07-03,-0.032377,,0.0024
2012-07-04,0.015,,0.0027
2012-07-05,0.014286,,0.0028
2012-07-06,0.012842,0.01,0.0031
2012-07-09,0.016564,-0.2,0.0039
2012-07-10,0.012679,-0.160446,0.0041
2012-07-11,0.012187,-0.092308,0.0042
2012-07-12,-0.029188,-0.134191,0.004
2012-07-13,-0.031629,-0.174537,0.0034
2012-07-16,-0.045751,-0.104913,0.0028
2012-07-17,-0.047501,-0.175641,0.0021
2012-07-18,0.023888,-0.201132,0.0025
2012-07-19,-0.031512,,0.002
2012-07-20,-0.064843,-0.273684,0.0003
2012-07-23,-0.019474,-0.190288,0.0003
2012-07-24,0.015527,,0.0004
2012-07-25,0.005531,,0.0005
2012-07-26,0.022051,-0.1976,0.0008
2012-07-27,0.015937,-0.235997,0.0015
2012-07-30,-0.011111,-0.280189,0.0014
2012-07-31,-0.057817,-0.19,0.0005
2012-08-02,-0.084913,-0.25,-0.0005
2012-08-03,-0.029911,-0.05,-0.0013
2012-08-06,-0.061842,,-0.0018
2012-08-07,-0.042393,,-0.0023
2012-08-08,-0.090994,,-0.0034
2012-08-09,0.000224,,-0.0035
2012-08-10,-0.038496,,-0.0046
2012-08-13,-0.046747,,-0.005
2012-08-14,-0.043704,,-0.0055
2012-08-15,-0.02956,,-0.0058
2012-08-16,0.018155,-0.238689,-0.0056
2012-08-17,0.04,,-0.0041
2012-08-20,0.027879,,-0.0042
2012-08-21,0.026842,-0.248991,-0.0038
2012-08-22,-0.05084,-0.214,-0.0043
2012-08-23,-0.0344,-0.25,-0.0044
2012-08-24,0.010409,-0.24,-0.0038
2012-08-27,-0.044956,-0.185088,-0.0043
2012-08-28,0.018,-0.2325,-0.0035
2012-08-29,-0.065505,-0.22,-0.0044
2012-08-30,0.009239,-0.17,-0.0046
2012-08-31,-0.023866,-0.1875,-0.0054
2012-09-03,0.016953,-0.169677,-0.0057
2012-09-04,-0.009597,-0.1875,-0.006
2012-09-05,0.027951,-0.195,-0.0059
2012-09-06,0.019596,-0.195,-0.0057
2012-09-07,0.015,-0.173226,-0.0053
2012-09-10,-0.068889,-0.167674,-0.0067
2012-09-11,-0.057588,-0.17,-0.0075
2012-09-12,-0.045667,-0.17,-0.0081
2012-09-13,-0.053689,-0.159524,-0.0089
2012-09-14,-0.057745,-0.1625,-0.0107
2012-09-17,-0.035298,-0.155,-0.0116
2012-09-18,-0.026572,-0.14,-0.0121
2012-09-19,-0.057586,0.017252,-0.0129
2012-09-20,-0.02,-0.15,-0.0133
2012-09-21,-0.026724,-0.15,-0.014
2012-09-24,0.029333,,-0.0147
2012-09-25,0.01375,-0.126668,-0.0147
2012-09-26,0.012,-0.10667,-0.0148
2012-09-27,0.01,,-0.0151
2012-09-28,0.022813,,-0.0152
2012-10-01,-0.033864,,-0.0155
2012-10-02,-0.052233,-0.12333,-0.0162
2012-10-03,-0.035434,,-0.0162
2012-10-04,-0.01977,-0.2,-0.0166
2012-10-05,0.029533,,-0.0155
2012-10-08,0.026073,,-0.0159
2012-10-09,-0.029949,,-0.0164
2012-10-10,-0.021104,-0.039048,-0.0168
2012-10-11,-0.012381,-0.06,-0.0171
2012-10-12,-0.029955,0.05,-0.0174
2012-10-15,-0.011597,,-0.0168
2012-10-16,-0.029625,-0.097895,-0.0167
2012-10-17,-0.026763,-0.08244,-0.0164
2012-10-18,-0.016598,-0.072239,-0.0169
2012-10-19,0.003709,-0.07,-0.0161
2012-10-22,-0.013838,-0.06,-0.0144
2012-10-23,0.000276,-0.125,-0.0142
2012-10-24,-0.015594,-0.107826,-0.0146
2012-10-25,-0.043033,-0.09,-0.0151
2012-10-26,-0.029259,,-0.0159
2012-10-29,-0.0344,-0.046586,-0.0172
2012-10-30,-0.027541,0.05,-0.0174
2012-10-31,,0.06,-0.0166
2012-11-01,-0.089091,-0.3,-0.0174
2012-11-02,0.017273,,-0.0155
2012-11-05,-0.00763,,-0.015
2012-11-06,-0.039774,,-0.0148
2012-11-07,-0.023035,-0.152778,-0.0145
2012-11-08,-0.033832,-0.185,-0.0139
2012-11-09,-0.040589,-0.2,-0.0149
2012-11-12,-0.060792,-0.2,-0.0147
2012-11-13,-0.048734,-0.129914,-0.0147
2012-11-14,-0.049272,-0.108922,-0.0147
2012-11-15,-0.047295,-0.135,-0.0149
2012-11-16,-0.040042,-0.104167,-0.0161
2012-11-19,-0.014553,-0.1425,-0.0179
2012-11-20,-0.006416,-0.15,-0.0183
2012-11-21,-0.006143,-0.135535,-0.0186
2012-11-22,-0.012,-0.118077,-0.0182
2012-11-23,-0.000746,-0.080589,-0.0175
2012-11-26,0.026456,-0.13,-0.0179
2012-11-27,0.030511,-0.129741,-0.0171
2012-11-28,0.026443,-0.11087,-0.017
2012-11-29,0.016013,-0.116667,-0.0164
2012-11-30,0.04,-0.125,-0.0143
2012-12-03,-0.04012,-0.08986,-0.0149
2012-12-04,-0.037602,,-0.0152
2012-12-05,0.01,,-0.0154
2012-12-06,-0.03,,-0.016
2012-12-07,-0.012505,,-0.0169
2012-12-10,-0.018763,,-0.0163
2012-12-11,-0.040847,,-0.0161
2012-12-12,-0.010301,,-0.0157
2012-12-13,-0.024833,-0.063333,-0.0154
2012-12-14,-0.031864,,-0.0146
2012-12-17,-0.032911,,-0.0145
2012-12-18,-0.025783,0.05,-0.0145
2012-12-19,-0.034629,,-0.0143
2012-12-20,-0.01003,,-0.0142
2012-12-21,0.000209,-0.076761,-0.0133
2012-12-24,-0.017451,-0.076761,-0.0142
2012-12-27,-0.055037,,-0.0152
2012-12-28,0.032766,,-0.0167
2012-12-31,0.032766,,-0.0162
2013-01-03,0.04,,-0.015
2013-01-04,0.026207,,-0.0136
2013-01-07,-0.023851,,-0.0152
2013-01-08,-0.066762,-0.175,-0.0162
2013-01-09,-0.078305,-0.175,-0.0167
2013-01-10,-0.102526,,-0.0176
2013-01-11,-0.04918,-0.12,-0.0186
2013-01-14,-0.006571,-0.136916,-0.0181
2013-01-15,-0.055422,-0.1375,-0.0186
2013-01-16,-0.071475,-0.096363,-0.0191
2013-01-17,-0.071801,-0.084503,-0.0196
2013-01-18,-0.069929,-0.125,-0.0212
2013-01-21,-0.050845,-0.113635,-0.0223
2013-01-22,-0.040488,,-0.0226
2013-01-23,-0.047071,-0.125,-0.0231
2013-01-24,-0.012511,-0.092563,-0.0231
2013-01-25,-0.032946,-0.089804,-0.0232
2013-01-28,-0.04142,-0.1,-0.0232
2013-01-29,-0.033149,0.05,-0.0232
2013-01-30,0.01383,,-0.0227
2013-01-31,-0.028182,-0.1,-0.0227
2013-02-01,-0.02557,,-0.0221
2013-02-04,-0.032978,,-0.0235
2013-02-05,-0.011887,,-0.0236
2013-02-06,-0.039749,-0.052041,-0.0236
2013-02-07,-0.033638,,-0.0237
2013-02-08,-0.028209,-0.1,-0.0237
2013-02-11,-0.041933,,-0.0234
2013-02-12,-0.010756,-0.1,-0.0228
2013-02-13,-0.041806,-0.1,-0.0228
2013-02-14,-0.027615,-0.105964,-0.0225
2013-02-15,-0.033577,-0.1,-0.0226
2013-02-18,-0.041091,0.08,-0.0222
2013-02-19,-0.049623,-0.1,-0.0226
2013-02-20,-0.012911,-0.075,-0.0227
2013-02-21,-0.032955,-0.032501,-0.023
2013-02-22,-0.023064,-0.075,-0.0231
2013-02-25,-0.039549,-0.075,-0.024
2013-02-26,-0.015253,-0.026336,-0.0245
2013-02-27,-0.021005,-0.075,-0.0261
2013-02-28,-0.035067,-0.014516,-0.0284
2013-03-01,-0.040049,-0.026923,-0.0288
2013-03-04,-0.036447,-0.03091,-0.0287
2013-03-05,-0.024548,-0.075,-0.029
2013-03-06,-0.031642,-0.075,-0.0291
2013-03-07,-0.014228,-0.08102,-0.0289
2013-03-08,-0.004871,-0.0375,-0.0286
2013-03-11,-0.030109,-0.07,-0.0286
2013-03-12,-0.033007,-0.045,-0.0289
2013-03-13,-0.023031,-0.0375,-0.0289
2013-03-14,-0.050951,-0.052273,-0.0291
2013-03-15,-0.029627,-0.047656,-0.029
2013-03-18,-0.025606,-0.052273,-0.029
2013-03-19,-0.0135,-0.091667,-0.0288
2013-03-20,-0.014973,-0.091667,-0.0288
2013-03-21,0.011137,-0.075,-0.0284
2013-03-22,-0.039587,-0.075,-0.0297
2013-03-25,-0.00069,,-0.0294
2013-03-26,-0.02192,-0.043785,-0.0297
2013-03-27,-0.027455,-0.075,-0.0282
2013-03-28,-0.017292,-0.05,-0.0297
2013-04-02,-0.018408,-0.05,-0.0295
2013-04-03,-0.012678,-0.0625,-0.0301
2013-04-04,0.012642,-0.063636,-0.0296
2013-04-05,-0.0003,-0.075,-0.0305
2013-04-08,0.00066,-0.05,-0.0298
2013-04-09,-0.002791,-0.075,-0.029
2013-04-10,-0.017927,-0.075,-0.0281
2013-04-11,-0.00955,-0.075,-0.0279
2013-04-12,-0.037319,-0.046899,-0.0275
2013-04-15,-0.009763,-0.075,-0.0272
2013-04-16,-0.0075,-0.043284,-0.0265
2013-04-17,-0.007395,-0.075,-0.0258
2013-04-18,-0.011524,-0.039385,-0.0256
2013-04-19,-0.002248,-0.075,-0.0234
2013-04-22,-0.006173,-0.079508,-0.0227
2013-04-23,-0.009756,-0.054167,-0.0223
2013-04-24,-0.042596,-0.075,-0.0226
2013-04-25,-0.038508,-0.0625,-0.0228
2013-04-26,-0.040078,-0.057353,-0.023
2013-04-29,-0.012513,-0.075,-0.023
2013-04-30,-0.008163,-0.075,-0.0226
2013-05-02,-0.025263,-0.064151,-0.0226
2013-05-03,-0.034189,-0.05,-0.0228
2013-05-06,-0.007512,-0.037644,-0.0226
2013-05-07,-0.007512,-0.0625,-0.0223
2013-05-08,-0.0067,-0.075,-0.0219
2013-05-10,-0.01433,-0.0375,-0.0213
2013-05-13,-0.026601,-0.065,-0.0212
2013-05-14,-0.030172,-0.075,-0.0212
2013-05-15,-0.032085,-0.06,-0.0213
2013-05-16,-0.037631,-0.075,-0.0215
2013-05-17,-0.022379,-0.0525,-0.021
2013-05-21,-0.047761,-0.075,-0.0209
2013-05-22,-0.043598,-0.052548,-0.0211
2013-05-23,-0.044518,-0.05181,-0.0214
2013-05-24,-0.044112,-0.075,-0.0219
2013-05-27,-0.034626,-0.05,-0.0221
2013-05-28,-0.014393,-0.075,-0.022
2013-05-29,-0.030717,-0.046154,-0.0221
2013-05-30,-0.029597,-0.075,-0.0222
2013-05-31,-0.024285,-0.021428,-0.0221
2013-06-03,-0.003375,-0.058696,-0.0214
2013-06-04,-0.01634,-0.065,-0.0211
2013-06-05,-0.013712,-0.075,-0.021
2013-06-06,0.011024,-0.0625,-0.0206
2013-06-07,-0.018434,-0.047619,-0.0206
2013-06-10,-0.01793,-0.075,-0.021
2013-06-11,-0.023579,-0.068333,-0.021
2013-06-12,-0.017416,-0.075,-0.0208
2013-06-13,-0.013521,-0.064679,-0.0207
2013-06-14,-0.00853,-0.054167,-0.02
2013-06-17,-0.014659,-0.053306,-0.0196
2013-06-18,-0.015121,-0.055042,-0.0195
2013-06-19,-0.014645,-0.063637,-0.0195
2013-06-20,-0.016568,-0.0525,-0.0195
2013-06-21,-0.016012,-0.052143,-0.0197
2013-06-24,-0.027478,-0.0525,-0.0192
2013-06-25,0.007305,,-0.0191
2013-06-26,-0.011378,-0.031389,-0.019
2013-06-27,0.00138,-0.0625,-0.0187
2013-06-28,0.004224,-0.075,-0.018
2013-07-01,-0.002897,-0.075,-0.0178
2013-07-02,-0.006295,-0.075,-0.0177
2013-07-03,-0.017264,-0.075,-0.0177
2013-07-04,-0.011512,-0.063636,-0.018
2013-07-05,0.001285,-0.075,-0.0179
2013-07-08,-0.019471,-0.075,-0.0182
2013-07-09,-0.009522,-0.075,-0.0182
2013-07-10,-0.013523,-0.075,-0.0182
2013-07-11,-0.006061,-0.061667,-0.0181
2013-07-12,-0.006744,-0.075,-0.0171
2013-07-15,-0.009146,-0.055349,-0.0171
2013-07-16,0.001919,-0.0625,-0.017
2013-07-17,-0.002066,-0.075,-0.017
2013-07-18,0.000411,-0.038028,-0.0168
2013-07-19,0.004407,-0.051667,-0.0166
2013-07-22,-0.014068,-0.026667,-0.0167
2013-07-23,-0.019225,-0.065,-0.0168
2013-07-24,-0.022022,-0.055,-0.0166
2013-07-25,-0.020996,0.017647,-0.0164
2013-07-26,-0.025615,-0.015,-0.0159
2013-07-29,-0.017158,-0.08,-0.016
2013-07-30,-0.00887,0.028333,-0.0159
2013-07-31,-0.005746,-0.08,-0.0158
2013-08-02,0.000859,-0.08,-0.0152
2013-08-05,-0.015265,-0.08,-0.0146
2013-08-06,-0.02141,-0.037181,-0.0147
2013-08-07,-0.023291,-0.075,-0.0149
2013-08-08,-0.020284,-0.065,-0.015
2013-08-09,-0.017238,-0.0525,-0.0152
2013-08-12,-0.023263,-0.05,-0.0153
2013-08-13,-0.014501,-0.075,-0.0152
2013-08-14,-0.018151,-0.075,-0.0151
2013-08-15,-0.024513,-0.075,-0.015
2013-08-16,-0.021446,-0.058333,-0.015
2013-08-19,-0.031582,-0.0625,-0.0151
2013-08-20,-0.01483,-0.058696,-0.0148
2013-08-21,-0.017139,-0.075,-0.0145
2013-08-22,-0.002588,-0.0525,-0.014
2013-08-23,-0.012467,-0.04276,-0.0137
2013-08-26,0.004922,-0.0525,-0.0125
2013-08-27,-0.024752,-0.051667,-0.0124
2013-08-28,-0.018257,-0.042705,-0.0124
2013-08-29,-0.020279,,-0.0121
2013-08-30,0.010574,-0.051667,-0.0109
2013-09-02,0.008055,-0.024818,-0.0107
2013-09-03,-0.016965,-0.044907,-0.0109
2013-09-04,-0.018028,-0.0525,-0.0109
2013-09-05,-0.021079,-0.051667,-0.011
2013-09-06,-0.016634,-0.0525,-0.0114
2013-09-09,-0.009698,-0.0525,-0.0111
2013-09-10,-0.005067,-0.051667,-0.011
2013-09-11,-0.013299,-0.0525,-0.0109
2013-09-12,-0.015148,-0.051667,-0.0109
2013-09-13,-0.013529,-0.055505,-0.0109
2013-09-16,-0.005478,-0.045313,-0.0109
2013-09-17,-0.018394,-0.056726,-0.011
2013-09-18,-0.013715,-0.05,-0.011
2013-09-19,-0.009778,-0.05,-0.0109
2013-09-20,-0.004973,-0.05,-0.0107
2013-09-23,-0.008586,-0.051667,-0.0105
2013-09-24,-0.013642,-0.072727,-0.0103
2013-09-25,-0.015477,-0.0525,-0.0106
2013-09-26,-0.011029,-0.051875,-0.0106
2013-09-27,-0.009666,,-0.0107
2013-09-30,-0.001193,,-0.011
2013-10-01,-0.014326,0.05,-0.0112
2013-10-02,-0.020685,,-0.0113
2013-10-03,-0.014532,,-0.0113
2013-10-04,-0.014962,0.05,-0.0114
2013-10-07,-0.007279,,-0.0118
2013-10-08,-0.020075,,-0.0118
2013-10-09,-0.008519,,-0.0118
2013-10-10,-0.001288,,-0.0116
2013-10-11,-0.013249,,-0.0118
2013-10-14,-0.010041,0.05,-0.0119
2013-10-15,-0.007414,,-0.0119
2013-10-16,-0.021263,,-0.0121
2013-10-17,-0.016272,,-0.0123
2013-10-18,-0.013366,0.003335,-0.0125
2013-10-21,-0.013587,0.010786,-0.013
2013-10-22,-0.023967,-0.004211,-0.0131
2013-10-23,-0.01375,-0.016086,-0.0131
2013-10-24,-0.006073,-0.02,-0.0129
2013-10-25,-0.015741,0.035,-0.0129
2013-10-28,-0.011844,,-0.0125
2013-10-29,-0.022477,0.000468,-0.0125
2013-10-30,-0.017613,,-0.0126
2013-10-31,-0.016479,,-0.0128
2013-11-01,-0.014861,,-0.0129
2013-11-04,-0.015659,,-0.0134
2013-11-05,-0.018693,,-0.0134
2013-11-06,-0.020245,-0.015,-0.0134
2013-11-07,-0.016691,-0.02,-0.0133
2013-11-08,-0.02631,-0.0125,-0.0137
2013-11-11,-0.022634,-0.015,-0.0136
2013-11-12,-0.016953,-0.02,-0.0136
2013-11-13,-0.015383,-0.02,-0.0136
2013-11-14,-0.015596,-0.02,-0.0136
2013-11-15,-0.022294,-0.02,-0.0137
2013-11-18,-0.016236,-0.02,-0.0135
2013-11-19,-0.019448,-0.02,-0.0134
2013-11-20,-0.012127,-0.000365,-0.0133
2013-11-21,-0.015934,-0.02,-0.0133
2013-11-22,-0.02607,-0.02,-0.0138
2013-11-25,-0.01298,-0.025,-0.0139
2013-11-26,-0.018507,-0.025,-0.0141
2013-11-27,-0.013708,-0.002308,-0.014
2013-11-28,0.0003,-0.015,-0.0137
2013-11-29,-0.033343,-0.015,-0.0152
2013-12-02,-0.021278,-0.000781,-0.0155
2013-12-03,-0.021653,-0.015,-0.0156
2013-12-04,-0.030983,-0.015,-0.0157
2013-12-05,-0.018392,0.05,-0.0157
2013-12-06,-0.024001,,-0.0159
2013-12-09,-0.02221,,-0.016
2013-12-10,-0.011107,,-0.0161
2013-12-11,-0.011107,,-0.0161
2013-12-12,-0.019155,,-0.0161
2013-12-13,-0.021793,,-0.0164
2013-12-16,-0.023028,,-0.0166
2013-12-17,-0.017066,0.05,-0.0166
2013-12-18,-0.016149,0.05,-0.0166
2013-12-19,-0.01339,0.04,-0.0167
2013-12-20,-0.016727,0.05,-0.017
2013-12-23,-0.006682,0.05,-0.017
2013-12-24,-0.006162,0.05,-0.0167
2013-12-27,-0.032551,,-0.0175
2013-12-30,-0.034104,-0.05,-0.0177
2013-12-31,0.089315,-0.05,-0.0145
2014-01-03,-0.017995,,-0.0145
2014-01-06,-0.021257,-0.0525,-0.0146
2014-01-07,-0.008264,-0.0525,-0.0146
2014-01-08,-0.016409,-0.0525,-0.0146
2014-01-09,-0.016541,-0.045,-0.0146
2014-01-10,-0.015385,-0.05,-0.0148
2014-01-13,-0.0147,-0.055,-0.0149
2014-01-14,-0.016201,-0.038362,-0.0149
2014-01-15,-0.016169,0.04763,-0.015
2014-01-16,-0.012681,-0.04276,-0.0149
2014-01-17,-0.007982,-0.0525,-0.0147
2014-01-20,-0.009422,-0.0525,-0.0147
2014-01-21,-0.013349,0.004099,-0.0147
2014-01-22,-0.015212,-0.0525,-0.0146
2014-01-23,-0.020817,-0.041518,-0.0147
2014-01-24,-0.013195,-0.051667,-0.0147
2014-01-27,-0.020919,-0.046826,-0.0147
2014-01-28,-0.016604,-0.051667,-0.0148
2014-01-29,-0.024012,-0.07625,-0.0148
2014-01-30,-0.015149,-0.0525,-0.0148
2014-01-31,-0.015391,-0.051667,-0.0148
2014-02-03,-0.01323,-0.0525,-0.0148
2014-02-04,-0.013785,-0.051667,-0.0147
2014-02-05,-0.011165,-0.051667,-0.0147
2014-02-06,-0.021203,-0.040786,-0.0147
2014-02-07,-0.013671,-0.051667,-0.0146
2014-02-10,-0.009885,-0.0525,-0.0142
2014-02-11,-0.013962,-0.0525,-0.0141
2014-02-12,-0.016877,-0.0525,-0.0141
2014-02-13,-0.006551,-0.0525,-0.014
2014-02-14,-0.025318,-0.051667,-0.0143
2014-02-17,-0.02117,-0.047087,-0.0141
2014-02-18,-0.024456,-0.05,-0.0142
2014-02-19,-0.01852,-0.047087,-0.0142
2014-02-20,-0.015958,-0.008235,-0.0143
2014-02-21,-0.020545,-0.05,-0.0144
2014-02-24,-0.030739,-0.0525,-0.0142
2014-02-25,-0.032393,-0.0525,-0.0145
2014-02-26,-0.013315,-0.039912,-0.0144
2014-02-27,-0.01354,-0.050939,-0.0146
2014-02-28,-0.02602,-0.051121,-0.0143
2014-03-03,-0.023547,-0.055,-0.0143
2014-03-04,-0.018905,-0.055,-0.0141
2014-03-05,-0.022893,-0.05,-0.0142
2014-03-06,-0.010701,-0.04,-0.0141
2014-03-07,-0.012372,-0.04,-0.0138
2014-03-10,-0.013658,-0.047379,-0.0137
2014-03-11,-0.013072,-0.05,-0.0137
2014-03-12,-0.019458,-0.05,-0.0137
2014-03-13,-0.021538,-0.035,-0.0138
2014-03-14,-0.013699,-0.0375,-0.0135
2014-03-17,-0.017183,-0.036207,-0.0134
2014-03-18,-0.016277,-0.028947,-0.0134
2014-03-19,-0.018881,-0.04,-0.0135
2014-03-20,-0.029042,-0.034257,-0.0137
2014-03-21,-0.013778,-0.04,-0.0136
2014-03-24,-0.009535,-0.033333,-0.0136
2014-03-25,-0.007511,-0.03,-0.0135
2014-03-26,-0.014634,-0.03,-0.0138
2014-03-27,-0.018214,-0.05,-0.0138
2014-03-28,-0.022105,-0.03,-0.0133
2014-03-31,-0.000316,-0.0275,-0.0166
2014-04-01,-0.01723,-0.031667,-0.0166
2014-04-02,-0.025772,-0.015294,-0.0167
2014-04-03,0.007977,-0.023158,-0.0165
2014-04-04,-0.009346,-0.009411,-0.0162
2014-04-07,-0.012109,-0.026666,-0.0162
2014-04-08,-0.017841,-0.017096,-0.0162
2014-04-09,-0.011004,-0.0275,-0.0161
2014-04-10,-0.012418,-0.041667,-0.0161
2014-04-11,-0.024039,-0.035,-0.0164
2014-04-14,-0.017185,-0.0375,-0.0164
2014-04-15,-0.015573,-0.034071,-0.0164
2014-04-16,-0.021629,-0.024728,-0.0165
2014-04-17,-0.01906,-0.021429,-0.017
2014-04-22,-0.02509,-0.033333,-0.0171
2014-04-23,-0.019466,-0.0375,-0.0171
2014-04-24,-0.021403,-0.027014,-0.0172
2014-04-25,-0.019571,-0.03,-0.0174
2014-04-28,-0.016929,-0.0275,-0.0173
2014-04-29,-0.017773,-0.0275,-0.0173
2014-04-30,-0.038873,-0.056154,-0.0178
2014-05-02,-0.000054,-0.021363,-0.0173
2014-05-05,-0.010579,-0.03,-0.0173
2014-05-06,-0.012724,-0.0275,-0.0172
2014-05-07,-0.015858,-0.0275,-0.0172
2014-05-08,-0.009308,-0.03,-0.0171
2014-05-09,0.001271,-0.03,-0.0167
2014-05-12,-0.007973,-0.03,-0.0166
2014-05-13,-0.011123,-0.031667,-0.0167
2014-05-14,-0.013059,-0.0325,-0.0167
2014-05-15,-0.011724,-0.033529,-0.0166
2014-05-16,-0.015583,-0.046207,-0.0162
2014-05-19,-0.010822,-0.035,-0.0161
2014-05-20,-0.019948,-0.035,-0.0161
2014-05-21,-0.02321,-0.035,-0.0162
2014-05-22,-0.020337,-0.027273,-0.0162
2014-05-23,-0.012937,-0.03,-0.0158
2014-05-26,-0.01382,-0.035,-0.0156
2014-05-27,-0.019648,-0.035,-0.0157
2014-05-28,-0.026917,-0.03,-0.0159
2014-05-30,-0.022355,-0.029512,-0.0158
2014-06-02,-0.021786,-0.0575,-0.0159
2014-06-03,-0.028924,,-0.0159
2014-06-04,-0.012409,-0.0625,-0.0159
2014-06-05,-0.031728,-0.057087,-0.016
2014-06-06,-0.018825,,-0.0161
2014-06-10,-0.021903,0.03,-0.0164
2014-06-11,-0.03011,,-0.0165
2014-06-12,-0.035934,,-0.0167
2014-06-13,-0.03543,,-0.0173
2014-06-16,-0.018489,0.02,-0.0174
2014-06-17,-0.023857,,-0.0175
2014-06-18,-0.015518,,-0.0175
2014-06-19,-0.015535,,-0.0174
2014-06-20,-0.015121,0.02,-0.0172
2014-06-23,-0.038805,,-0.0176
2014-06-24,-0.005833,,-0.0175
2014-06-25,-0.018911,,-0.0177
2014-06-26,-0.031358,0.02,-0.0178
2014-06-27,-0.024602,,-0.0179
2014-06-30,-0.036625,,-0.0183
2014-07-01,-0.020485,,-0.0184
2014-07-02,-0.02654,,-0.0184
2014-07-03,-0.025396,,-0.0187
2014-07-04,-0.028847,0.02,-0.0194
2014-07-07,-0.036509,,-0.0196
2014-07-08,-0.024152,0.03,-0.0197
2014-07-09,-0.030609,,-0.0199
2014-07-10,-0.020389,,-0.02
2014-07-11,-0.03117,,-0.0202
2014-07-14,-0.025598,,-0.0203
2014-07-15,-0.03198,0.05,-0.0205
2014-07-16,-0.032282,,-0.0206
2014-07-17,-0.018523,0.02,-0.0206
2014-07-18,-0.021979,,-0.0207
2014-07-21,-0.028097,,-0.0208
2014-07-22,-0.013926,,-0.0207
2014-07-23,-0.016074,,-0.0207
2014-07-24,-0.02493,,-0.0207
2014-07-25,-0.01815,,-0.0207
2014-07-28,-0.030089,,-0.0208
2014-07-29,-0.045361,,-0.0211
2014-07-30,-0.029617,0.03,-0.0212
2014-07-31,-0.034751,0.05,-0.0214
2014-08-04,-0.0272,,-0.0222
2014-08-05,-0.021326,,-0.0223
2014-08-06,-0.018747,,-0.0223
2014-08-07,-0.023197,,-0.0224
2014-08-08,-0.029019,0.03,-0.0228
2014-08-11,-0.033798,0.03,-0.0237
2014-08-12,-0.021932,,-0.0238
2014-08-13,-0.020245,0.04,-0.0239
2014-08-14,-0.024445,0.04,-0.024
2014-08-15,-0.030021,,-0.0244
2014-08-18,-0.020635,,-0.0246
2014-08-19,-0.009929,,-0.0246
2014-08-20,-0.006418,,-0.0245
2014-08-21,-0.003143,,-0.0242
2014-08-22,-0.000795,0.05,-0.0235
2014-08-25,-0.004246,,-0.0237
2014-08-26,-0.007228,,-0.0236
2014-08-27,-0.000214,,-0.0234
2014-08-28,-0.009641,,-0.0232
2014-08-29,0.006218,,-0.0222
2014-09-01,-0.005842,,-0.022
2014-09-02,0.001643,-0.04,-0.0218
2014-09-03,0.011344,,-0.0213
2014-09-04,0.001001,0.04,-0.0212
2014-09-05,0.001238,,-0.0204
2014-09-08,0.001205,0.02,-0.0201
2014-09-09,-0.011104,,-0.0201
2014-09-10,-0.012621,0.04,-0.02
2014-09-11,-0.005588,,-0.0197
2014-09-12,-0.006883,,-0.0192
2014-09-15,-0.003932,0.02,-0.0185
2014-09-16,-0.016479,0.04,-0.0184
2014-09-17,-0.020527,,-0.0184
2014-09-18,-0.021345,,-0.0185
2014-09-19,0.005787,,-0.0177
2014-09-22,-0.014265,0.04,-0.0178
2014-09-23,-0.004762,,-0.0174
2014-09-24,-0.012614,0.04,-0.0175
2014-09-25,-0.003013,,-0.0173
2014-09-26,-0.00389,,-0.0167
2014-09-29,-0.008714,,-0.0164
2014-09-30,0.01231,,-0.0158
2014-10-01,-0.005411,,-0.0157
2014-10-02,-0.010241,,-0.0155
2014-10-03,-0.01138,,-0.0153
2014-10-06,-0.001254,,-0.0147
2014-10-07,0.006409,,-0.0142
2014-10-08,0.000374,,-0.0139
2014-10-09,0.011706,,-0.0135
2014-10-10,0.01461,,-0.0125
2014-10-13,0.013081,,-0.0116
2014-10-14,0.007096,0.05,-0.0113
2014-10-15,0.000818,0.05,-0.0109
2014-10-16,-0.002285,0.05,-0.0106
2014-10-17,0.005855,,-0.01
2014-10-20,-0.000278,0.03,-0.0095
2014-10-21,-0.004479,0.03,-0.0092
2014-10-22,-0.001614,,-0.0091
2014-10-23,0.002001,,-0.0089
2014-10-24,-0.019777,,-0.0091
2014-10-27,-0.018171,,-0.0089
2014-10-28,-0.014162,,-0.0087
2014-10-29,-0.004203,,-0.0083
2014-10-30,-0.006667,,-0.008
2014-10-31,-0.034484,0.03,-0.0077
2014-11-03,-0.003525,0.03,-0.0077
2014-11-04,-0.00789,,-0.0074
2014-11-05,0.000471,,-0.0072
2014-11-06,-0.006144,,-0.0071
2014-11-07,0.006738,,-0.0065
2014-11-10,-0.021996,,-0.0059
2014-11-11,-0.018816,0.04,-0.0057
2014-11-12,-0.019527,0.04,-0.0057
2014-11-13,0.009125,0.04,-0.0054
2014-11-14,-0.003761,,-0.0051
2014-11-17,-0.006801,,-0.0043
2014-11-18,-0.002024,,-0.0041
2014-11-19,-0.002251,,-0.004
2014-11-20,-0.005887,,-0.004
2014-11-21,-0.006473,0.05,-0.0041
2014-11-24,-0.004485,0.05,-0.0042
2014-11-25,-0.002515,,-0.0042
2014-11-26,0.006122,0.04,-0.0041
2014-11-27,0.01058,,-0.0039
2014-11-28,-0.015032,,-0.0046
2014-12-01,0.001775,,-0.0045
2014-12-02,-0.001461,0.03,-0.0045
2014-12-03,-0.003792,,-0.0047
2014-12-04,0.007964,,-0.0046
2014-12-05,-0.00215,0.05,-0.0048
2014-12-08,0.000282,0.05,-0.0048
2014-12-09,0.001829,,-0.0046
2014-12-10,-0.007452,0.05,-0.0046
2014-12-11,-0.017082,,-0.0047
2014-12-12,-0.004963,,-0.0046
2014-12-15,-0.013797,0.05,-0.0047
2014-12-16,-0.00069,0.03,-0.0046
2014-12-17,0.000599,,-0.0043
2014-12-18,0.009047,0.031875,-0.004
2014-12-19,-0.002817,0.03,-0.0043
2014-12-22,-0.005813,,-0.0042
2014-12-23,-0.009091,,-0.0042
2014-12-24,-0.005918,,-0.0042
2014-12-29,0.000235,,-0.0042
2014-12-30,-0.014656,,-0.0043
2014-12-31,0.003368,,-0.004
2015-01-05,-0.027237,,-0.004
2015-01-06,-0.027533,,-0.0043
2015-01-07,-0.031233,,-0.0047
2015-01-08,-0.019287,,-0.0049
2015-01-09,-0.017245,,-0.0055
2015-01-12,-0.020395,,-0.0063
2015-01-13,-0.028323,,-0.0067
2015-01-14,-0.029439,,-0.0071
2015-01-15,-0.027674,0,-0.0074
2015-01-16,-0.0365,,-0.0084
2015-01-19,-0.042709,,-0.0093
2015-01-20,-0.066098,,-0.01
2015-01-21,-0.086836,,-0.0109
2015-01-22,-1.546207,,-0.0277
2015-01-23,-1.693478,-0.6,-0.0811
2015-01-26,-0.726632,,-0.0901
2015-01-27,-0.755313,-0.65,-0.0982
2015-01-28,-0.748131,,-0.1061
2015-01-29,-0.697963,,-0.1148
2015-01-30,-0.678498,,-0.1361
2015-02-02,-0.675273,-0.7,-0.1419
2015-02-03,-0.702567,-0.65,-0.1495
2015-02-04,-0.721958,,-0.1573
2015-02-05,-0.715027,,-0.1651
2015-02-06,-0.71407,,-0.1843
2015-02-09,-0.705521,,-0.1961
2015-02-10,-0.702138,,-0.2035
2015-02-11,-0.69186,,-0.2108
2015-02-12,-0.684617,,-0.2181
2015-02-13,-0.707763,,-0.2361
2015-02-16,-0.694377,,-0.2487
2015-02-17,-0.70052,,-0.2562
2015-02-18,-0.708534,,-0.2639
2015-02-19,-0.735589,,-0.2718
2015-02-20,-0.721673,,-0.289
2015-02-23,-0.705934,,-0.3027
2015-02-24,-0.699542,,-0.3103
2015-02-25,-0.716411,,-0.318
2015-02-26,-0.721538,,-0.3296
2015-02-27,-0.7561,,-0.3541
2015-03-02,-0.726759,,-0.3661
2015-03-03,-0.717688,-0.725,-0.374
2015-03-04,-0.713832,-0.821601,-0.382
2015-03-05,-0.702942,-0.818447,-0.3855
2015-03-06,-0.714518,,-0.409
2015-03-09,-0.710497,,-0.4214
2015-03-10,-0.700399,-0.78,-0.4291
2015-03-11,-0.702508,,-0.4367
2015-03-12,-0.702095,,-0.4396
2015-03-13,-0.703547,,-0.4626
2015-03-16,-0.702338,,-0.4754
2015-03-17,-0.706447,,-0.4833
2015-03-18,-0.702677,,-0.4912
2015-03-19,-0.706165,,-0.4935
2015-03-20,-0.70702,-0.794443,-0.5167
2015-03-23,-0.70567,,-0.5301
2015-03-24,-0.705831,-0.75125,-0.532
2015-03-25,-0.723583,-0.8,-0.5341
2015-03-26,-0.72415,,-0.5361
2015-03-27,-0.715555,,-0.5712
2015-03-30,-0.716246,-0.82,-0.5853
2015-03-31,-0.730568,,-0.6212
2015-04-01,-0.716261,-0.62,-0.6223
2015-04-02,-0.722826,,-0.6343
2015-04-07,-0.730783,-0.7925,-0.6488
2015-04-08,-0.715849,,-0.6565
2015-04-09,-0.724061,,-0.6572
2015-04-10,-0.736016,,-0.6809
2015-04-13,-0.716712,,-0.6959
2015-04-14,-0.714763,,-0.7035
2015-04-15,-0.725466,-0.55,-0.7112
2015-04-16,-0.720577,,-0.7113
2015-04-17,-0.719315,,-0.7338
2015-04-20,-0.716991,,-0.7487
2015-04-21,-0.717462,-0.8,-0.7557
2015-04-22,-0.71993,,-0.7465
2015-04-23,-0.717809,-0.55,-0.7462
2015-04-24,-0.730467,-0.8,-0.7145
2015-04-27,-0.726331,,-0.714
2015-04-28,-0.731493,,-0.7138
2015-04-29,-0.715721,,-0.714
2015-04-30,-0.722648,,-0.716
2015-05-04,-0.726684,,-0.7163
2015-05-05,-0.740706,,-0.7165
2015-05-06,-0.733626,,-0.7167
2015-05-07,-0.736823,,-0.7169
2015-05-08,-0.742701,,-0.718
2015-05-11,-0.728317,-0.8,-0.7186
2015-05-12,-0.734199,,-0.7192
2015-05-13,-0.731073,,-0.7194
2015-05-15,-0.731595,,-0.7205
2015-05-18,-0.732412,,-0.721
2015-05-19,-0.730953,,-0.7209
2015-05-20,-0.728822,,-0.721
2015-05-21,-0.722176,,-0.721
2015-05-22,-0.728206,-0.825,-0.7215
2015-05-26,-0.732564,-0.836667,-0.7219
2015-05-27,-0.728263,,-0.722
2015-05-28,-0.730915,,-0.7221
2015-05-29,-0.726401,-0.8,-0.7211
2015-06-01,-0.713117,-0.8,-0.721
2015-06-02,-0.713339,,-0.7208
2015-06-03,-0.716531,-0.7725,-0.7208
2015-06-04,-0.719242,,-0.7209
2015-06-05,-0.715331,-0.75,-0.7209
2015-06-08,-0.716053,,-0.7211
2015-06-09,-0.719567,,-0.7212
2015-06-10,-0.71872,-0.7625,-0.7214
2015-06-11,-0.720283,,-0.7216
2015-06-12,-0.723754,,-0.7218
2015-06-15,-0.723786,,-0.7224
2015-06-16,-0.722505,,-0.7227
2015-06-17,-0.723344,,-0.7228
2015-06-18,-0.721277,,-0.7231
2015-06-19,-0.726477,,-0.7233
2015-06-22,-0.725053,,-0.7239
2015-06-23,-0.724021,,-0.7241
2015-06-24,-0.724043,,-0.7243
2015-06-25,-0.724159,-0.770455,-0.7243
2015-06-26,-0.732449,,-0.7245
2015-06-29,-0.723042,-0.75,-0.7249
2015-06-30,-0.727129,,-0.7249
2015-07-01,-0.719906,,-0.7249
2015-07-02,-0.725548,,-0.7249
2015-07-03,-0.741109,,-0.7254
2015-07-06,-0.744863,,-0.7258
2015-07-07,-0.741649,,-0.7259
2015-07-08,-0.734132,,-0.7261
2015-07-09,-0.731921,,-0.7262
2015-07-10,-0.74847,,-0.7266
2015-07-13,-0.735566,,-0.7268
2015-07-14,-0.740702,,-0.7271
2015-07-15,-0.745281,,-0.7273
2015-07-16,-0.746234,-0.5,-0.7276
2015-07-17,-0.747237,-0.803333,-0.7285
2015-07-20,-0.741318,,-0.7288
2015-07-21,-0.744091,,-0.7291
2015-07-22,-0.739068,,-0.7293
2015-07-23,-0.740325,,-0.7296
2015-07-24,-0.730715,,-0.7296
2015-07-27,-0.740969,,-0.7297
2015-07-28,-0.73737,-0.8,-0.7298
2015-07-29,-0.740396,-0.8,-0.7301
2015-07-30,-0.743545,-0.7875,-0.7302
2015-07-31,-0.738677,-0.775,-0.7308
2015-08-03,-0.728826,,-0.7308
2015-08-04,-0.732102,,-0.7308
2015-08-05,-0.728416,-0.8,-0.7307
2015-08-06,-0.733003,-0.8,-0.7307
2015-08-07,-0.731781,,-0.7306
2015-08-10,-0.736031,,-0.7303
2015-08-11,-0.736022,,-0.7304
2015-08-12,-0.732702,,-0.7304
2015-08-13,-0.728585,,-0.7304
2015-08-14,-0.728569,,-0.7303
2015-08-17,-0.728893,,-0.7303
2015-08-18,-0.727723,-0.775,-0.7302
2015-08-19,-0.729218,,-0.7302
2015-08-20,-0.731444,,-0.7302
2015-08-21,-0.730045,,-0.7303
2015-08-24,-0.729107,,-0.7302
2015-08-25,-0.735795,,-0.7304
2015-08-26,-0.73687,,-0.7305
2015-08-27,-0.720213,-0.75,-0.7304
2015-08-28,-0.722424,,-0.7301
2015-08-31,-0.724588,,-0.7302
2015-09-01,-0.730462,,-0.7304
2015-09-02,-0.728066,,-0.7305
2015-09-03,-0.725624,-0.75,-0.7306
2015-09-04,-0.730989,,-0.7307
2015-09-07,-0.725485,-0.7525,-0.7312
2015-09-08,-0.729219,,-0.7314
2015-09-09,-0.729924,,-0.7315
2015-09-10,-0.72934,-0.765,-0.7316
2015-09-11,-0.726816,-0.7725,-0.7315
2015-09-14,-0.726866,,-0.7318
2015-09-15,-0.728264,,-0.7318
2015-09-16,-0.723084,,-0.7318
2015-09-17,-0.722336,,-0.7318
2015-09-18,-0.723322,,-0.7316
2015-09-21,-0.722311,,-0.7317
2015-09-22,-0.722342,,-0.7317
2015-09-23,-0.724213,,-0.7317
2015-09-24,-0.722335,,-0.7317
2015-09-25,-0.720588,-0.747826,-0.7314
2015-09-28,-0.722456,,-0.7313
2015-09-29,-0.72005,-0.749231,-0.7312
2015-09-30,-0.719895,,-0.7311
2015-10-01,-0.722893,,-0.7312
2015-10-02,-0.721811,,-0.7309
2015-10-05,-0.72655,-0.95,-0.7306
2015-10-06,-0.728487,,-0.7304
2015-10-07,-0.724437,,-0.7302
2015-10-08,-0.727221,,-0.7301
2015-10-09,-0.726722,,-0.73
2015-10-12,-0.73159,,-0.7294
2015-10-13,-0.725879,-0.74,-0.7293
2015-10-14,-0.726639,,-0.7292
2015-10-15,-0.726692,,-0.7289
2015-10-16,-0.730036,,-0.7288
2015-10-19,-0.733805,,-0.7283
2015-10-20,-0.734864,,-0.7282
2015-10-21,-0.738311,,-0.7281
2015-10-22,-0.733783,,-0.7281
2015-10-23,-0.732543,,-0.728
2015-10-26,-0.738235,,-0.7281
2015-10-27,-0.734391,,-0.728
2015-10-28,-0.730888,,-0.728
2015-10-29,-0.730606,,-0.7277
2015-10-30,-0.724732,,-0.7272
2015-11-02,-0.731937,,-0.7273
2015-11-03,-0.728183,-0.7725,-0.7273
2015-11-04,-0.731051,-0.769999,-0.7273
2015-11-05,-0.729731,,-0.7273
2015-11-06,-0.735504,,-0.7274
2015-11-09,-0.726651,,-0.7273
2015-11-10,-0.730526,,-0.7273
2015-11-11,-0.732161,,-0.7272
2015-11-12,-0.728697,,-0.7272
2015-11-13,-0.729703,,-0.7272
2015-11-16,-0.732166,,-0.7273
2015-11-17,-0.734734,,-0.7273
2015-11-18,-0.728868,-0.5,-0.7273
2015-11-19,-0.726071,,-0.7273
2015-11-20,-0.730854,,-0.7273
2015-11-23,-0.734099,,-0.7273
2015-11-24,-0.731626,,-0.7274
2015-11-25,-0.733435,,-0.7274
2015-11-26,-0.722427,,-0.7272
2015-11-27,-0.720341,,-0.7272
2015-11-30,-0.72187,,-0.7272
2015-12-01,-0.727581,,-0.7272
2015-12-02,-0.726026,,-0.7271
2015-12-03,-0.725045,,-0.7271
2015-12-04,-0.725157,,-0.7269
2015-12-07,-0.725297,-0.775,-0.7269
2015-12-08,-0.721567,,-0.7268
2015-12-09,-0.724142,,-0.7268
2015-12-10,-0.723695,,-0.7267
2015-12-11,-0.729763,,-0.7268
2015-12-14,-0.732825,-0.746667,-0.7269
2015-12-15,-0.731606,,-0.7269
2015-12-16,-0.730877,,-0.727
2015-12-17,-0.726001,,-0.727
2015-12-18,-0.724648,,-0.7271
2015-12-21,-0.726426,,-0.7271
2015-12-22,-0.728773,,-0.7272
2015-12-23,-0.728818,-0.72,-0.7273
2015-12-24,-0.736631,-0.72,-0.7277
2015-12-28,-0.726107,,-0.728
2015-12-29,-0.730768,-0.745,-0.7281
2015-12-30,-0.733381,,-0.7281
2015-12-31,-0.721086,-0.734616,-0.7279
2016-01-04,-0.730883,,-0.7282
2016-01-05,-0.731414,,-0.7283
2016-01-06,-0.737068,,-0.7284
2016-01-07,-0.737945,-0.73,-0.7285
2016-01-08,-0.73159,,-0.7286
2016-01-11,-0.728906,,-0.7287
2016-01-12,-0.730254,,-0.7287
2016-01-13,-0.730137,,-0.7287
2016-01-14,-0.726565,,-0.7287
2016-01-15,-0.729796,,-0.7287
2016-01-18,-0.7295,,-0.7287
2016-01-19,-0.724785,,-0.7286
2016-01-20,-0.725073,,-0.7285
2016-01-21,-0.729366,-0.761746,-0.7284
2016-01-22,-0.730393,,-0.7284
2016-01-25,-0.729351,,-0.7283
2016-01-26,-0.727248,,-0.7282
2016-01-27,-0.723908,,-0.7281
2016-01-28,-0.727733,,-0.728
2016-01-29,-0.723007,,-0.728
2016-02-01,-0.727087,-0.75,-0.728
2016-02-02,-0.725206,,-0.7279
2016-02-03,-0.725797,,-0.7279
2016-02-04,-0.727606,,-0.7278
2016-02-05,-0.729521,,-0.7278
2016-02-08,-0.726222,,-0.7276
2016-02-09,-0.728888,,-0.7276
2016-02-10,-0.730339,,-0.7276
2016-02-11,-0.730647,,-0.7276
2016-02-12,-0.72775,,-0.7276
2016-02-15,-0.731347,,-0.7276
2016-02-16,-0.732861,-0.74,-0.7276
2016-02-17,-0.731269,,-0.7275
2016-02-18,-0.733035,-1.05,-0.7276
2016-02-19,-0.732647,,-0.7277
2016-02-22,-0.73107,-0.753182,-0.7277
2016-02-23,-0.733977,,-0.7277
2016-02-24,-0.733206,-1.15,-0.7277
2016-02-25,-0.73811,,-0.7278
2016-02-26,-0.727245,,-0.7281
2016-02-29,-0.733788,,-0.7282
2016-03-01,-0.734701,,-0.7283
2016-03-02,-0.731605,,-0.7283
2016-03-03,-0.734087,,-0.7284
2016-03-04,-0.733257,,-0.7287
2016-03-07,-0.736711,,-0.7288
2016-03-08,-0.735242,,-0.729
2016-03-09,-0.735632,,-0.7291
2016-03-10,-0.736248,,-0.7292
2016-03-11,-0.732724,-0.775,-0.7293
2016-03-14,-0.734592,,-0.7293
2016-03-15,-0.736302,,-0.7294
2016-03-16,-0.733943,,-0.7294
2016-03-17,-0.734316,,-0.7295
2016-03-18,-0.73643,,-0.7299
2016-03-21,-0.737293,,-0.73
2016-03-22,-0.742067,,-0.7302
2016-03-23,-0.730584,-0.773334,-0.7302
2016-03-24,-0.733267,,-0.7301
2016-03-29,-0.731423,,-0.7301
2016-03-30,-0.73255,,-0.7301
2016-03-31,-0.737954,,-0.7307
2016-04-01,-0.738163,,-0.7309
2016-04-04,-0.739542,,-0.731
2016-04-05,-0.738006,,-0.731
2016-04-06,-0.733632,,-0.731
2016-04-07,-0.731473,,-0.7309
2016-04-08,-0.73197,,-0.7309
2016-04-11,-0.732215,-0.7,-0.731
2016-04-12,-0.734132,,-0.731
2016-04-13,-0.733747,,-0.7311
2016-04-14,-0.732011,-0.77,-0.7311
2016-04-15,-0.732737,,-0.7312
2016-04-18,-0.729382,,-0.7312
2016-04-19,-0.730945,,-0.7313
2016-04-20,-0.725769,-0.75,-0.7313
2016-04-21,-0.726297,-0.7675,-0.7313
2016-04-22,-0.727656,,-0.7312
2016-04-25,-0.731425,,-0.7312
2016-04-26,-0.733261,,-0.7313
2016-04-27,-0.72225,,-0.7312
2016-04-28,-0.726497,,-0.7312
2016-04-29,-0.726368,,-0.7313
2016-05-02,-0.72726,,-0.7314
2016-05-03,-0.727516,,-0.7314
2016-05-04,-0.726909,,-0.7314
2016-05-06,-0.7249,,-0.7312
2016-05-09,-0.726511,,-0.7313
2016-05-10,-0.729423,,-0.7313
2016-05-11,-0.7276,,-0.7312
2016-05-12,-0.729506,,-0.7312
2016-05-13,-0.732607,,-0.7314
2016-05-17,-0.733024,-0.765,-0.7314
2016-05-18,-0.733124,-0.774,-0.7314
2016-05-19,-0.729667,-0.7725,-0.7313
2016-05-20,-0.731564,-0.75,-0.7313
2016-05-23,-0.730322,,-0.7313
2016-05-24,-0.727005,,-0.7312
2016-05-25,-0.729674,,-0.7311
2016-05-26,-0.733903,,-0.7311
2016-05-27,-0.728803,,-0.7312
2016-05-30,-0.729264,,-0.7312
2016-05-31,-0.729792,,-0.7311
2016-06-01,,,-0.731
2016-06-02,-0.728618,-0.755935,-0.731
2016-06-03,-0.728929,,-0.7309
2016-06-06,-0.728512,,-0.7308
2016-06-07,-0.732816,,-0.7308
2016-06-08,-0.733081,,-0.7307
2016-06-09,-0.729284,,-0.7307
2016-06-10,-0.732194,-0.62,-0.7306
2016-06-13,-0.736764,,-0.7307
2016-06-14,-0.73793,,-0.7307
2016-06-15,-0.739246,,-0.7307
2016-06-16,-0.740485,,-0.7308
2016-06-17,-0.738247,-0.78,-0.731
2016-06-20,-0.737702,,-0.7309
2016-06-21,-0.732943,,-0.7308
2016-06-22,-0.732942,,-0.7307
2016-06-23,-0.733967,,-0.7308
2016-06-24,-0.77887,,-0.7322
2016-06-27,-0.752085,,-0.7324
2016-06-28,-0.754806,,-0.7327
2016-06-29,-0.742333,,-0.7328
2016-06-30,-0.765593,,-0.7331
2016-07-01,-0.751887,,-0.7336
2016-07-04,-0.753369,-0.77,-0.7337
2016-07-05,-0.754462,,-0.7339
2016-07-06,-0.745822,,-0.7341
2016-07-07,-0.76319,,-0.7344
2016-07-08,-0.749036,,-0.735
2016-07-11,-0.762309,,-0.7353
2016-07-12,-0.76369,,-0.7356
2016-07-13,-0.754404,,-0.7358
2016-07-14,-0.740914,,-0.7359
2016-07-15,-0.754906,,-0.7367
2016-07-18,-0.760304,,-0.737
2016-07-19,-0.741874,,-0.7371
2016-07-20,-0.755916,,-0.7375
2016-07-21,-0.741021,,-0.7376
2016-07-22,-0.743034,,-0.7381
2016-07-25,-0.739255,,-0.7382
2016-07-26,-0.741703,,-0.7383
2016-07-27,-0.739375,,-0.7385
2016-07-28,-0.741105,,-0.7387
2016-07-29,-0.745432,,-0.7393
2016-08-02,-0.7372,,-0.7394
2016-08-03,-0.739083,,-0.7396
2016-08-04,-0.745807,,-0.7396
2016-08-05,-0.741835,,-0.7399
2016-08-08,-0.737204,,-0.7404
2016-08-09,-0.742434,,-0.7406
2016-08-10,-0.737154,,-0.7407
2016-08-11,-0.737081,,-0.7408
2016-08-12,-0.731881,,-0.7406
2016-08-15,-0.729947,,-0.7405
2016-08-16,-0.739919,,-0.7409
2016-08-17,-0.733686,,-0.7409
2016-08-18,-0.740832,,-0.7409
2016-08-19,-0.742505,,-0.7411
2016-08-22,-0.737035,,-0.7414
2016-08-23,-0.733865,,-0.7414
2016-08-24,-0.735614,,-0.7415
2016-08-25,-0.736062,,-0.7416
2016-08-26,-0.739992,,-0.7416
2016-08-29,-0.730721,,-0.7419
2016-08-30,-0.73136,,-0.7419
2016-08-31,-0.731087,,-0.7419
2016-09-01,-0.745344,,-0.7421
2016-09-02,-0.741118,,-0.7422
2016-09-05,-0.737761,,-0.7426
2016-09-06,-0.742861,,-0.7428
2016-09-07,-0.736691,,-0.7428
2016-09-08,-0.739581,,-0.7429
2016-09-09,-0.742546,,-0.743
2016-09-12,-0.742744,,-0.7434
2016-09-13,-0.747114,-0.75,-0.7435
2016-09-14,-0.743534,,-0.7436
2016-09-15,-0.737565,,-0.7435
2016-09-16,-0.735047,,-0.7433
2016-09-19,-0.735752,,-0.7434
2016-09-20,-0.741118,,-0.7434
2016-09-21,-0.732882,,-0.7434
2016-09-22,-0.739178,,-0.7435
2016-09-23,-0.737637,,-0.7434
2016-09-26,-0.737696,,-0.7422
2016-09-27,-0.737877,,-0.742
2016-09-28,-0.734206,,-0.7418
2016-09-29,-0.733168,,-0.7417
2016-09-30,-0.744965,,-0.7415
2016-10-03,-0.735293,,-0.7412
2016-10-04,-0.737165,,-0.741
2016-10-05,-0.736483,,-0.7408
2016-10-06,-0.739644,,-0.7407
2016-10-07,-0.738937,,-0.7404
2016-10-10,-0.740595,,-0.7402
2016-10-11,-0.740519,,-0.7399
2016-10-12,-0.743315,,-0.7397
2016-10-13,-0.74384,,-0.7396
2016-10-14,-0.743012,,-0.7396
2016-10-17,-0.740331,,-0.7392
2016-10-18,-0.736625,,-0.7389
2016-10-19,-0.734955,,-0.7389
2016-10-20,-0.734711,,-0.7386
2016-10-21,-0.734249,-0.75,-0.7384
2016-10-24,-0.740894,,-0.7383
2016-10-25,-0.741311,,-0.7384
2016-10-26,-0.742497,,-0.7384
2016-10-27,-0.736242,,-0.7383
2016-10-28,-0.738843,,-0.7383
2016-10-31,-0.729412,,-0.7379
2016-11-01,-0.741296,,-0.7379
2016-11-02,-0.738753,,-0.738
2016-11-03,-0.741218,,-0.738
2016-11-04,-0.740111,,-0.7379
2016-11-07,-0.741578,,-0.7379
2016-11-08,-0.738916,,-0.7379
2016-11-09,-0.735979,,-0.7378
2016-11-10,-0.737914,,-0.7378
2016-11-11,-0.742816,,-0.738
2016-11-14,-0.736279,,-0.7382
2016-11-15,-0.737191,,-0.7383
2016-11-16,-0.733983,,-0.7382
2016-11-17,-0.732743,,-0.7382
2016-11-18,-0.733394,,-0.738
2016-11-21,-0.73302,,-0.7378
2016-11-22,-0.733427,,-0.7378
2016-11-23,-0.735128,,-0.7378
2016-11-24,-0.732033,,-0.7377
2016-11-25,-0.733979,,-0.7376
2016-11-28,-0.738019,,-0.7376
2016-11-29,-0.732175,,-0.7377
2016-11-30,-0.728146,,-0.7376
2016-12-01,-0.734961,,-0.7375
2016-12-02,-0.722467,,-0.7369
2016-12-05,-0.732456,,-0.7369
2016-12-06,-0.735443,,-0.7368
2016-12-07,-0.733081,,-0.7367
2016-12-08,-0.726979,,-0.7366
2016-12-09,-0.738587,,-0.7365
2016-12-12,-0.734171,,-0.7364
2016-12-13,-0.737156,,-0.7363
2016-12-14,-0.733924,,-0.7362
2016-12-15,-0.737918,,-0.7362
2016-12-16,-0.736398,,-0.7362
2016-12-19,-0.735596,,-0.7362
2016-12-20,-0.734678,,-0.7361
2016-12-21,-0.733432,,-0.7361
2016-12-22,-0.738752,,-0.7361
2016-12-23,-0.736531,,-0.7361
2016-12-27,-0.741108,,-0.7361
2016-12-28,-0.735499,-0.8,-0.7361
2016-12-29,-0.736292,,-0.7362
2016-12-30,-0.731921,,-0.7357
2017-01-03,-0.740938,,-0.7357
2017-01-04,-0.734146,,-0.7357
2017-01-05,-0.738064,,-0.7357
2017-01-06,-0.735494,,-0.7357
2017-01-09,-0.739017,,-0.7356
2017-01-10,-0.737801,,-0.7356
2017-01-11,-0.735276,,-0.7355
2017-01-12,-0.740026,,-0.7355
2017-01-13,-0.73668,,-0.7354
2017-01-16,-0.734525,,-0.7352
2017-01-17,-0.736624,,-0.7351
2017-01-18,-0.732999,,-0.7351
2017-01-19,-0.730291,,-0.7351
2017-01-20,-0.734027,,-0.735
2017-01-23,-0.73571,,-0.7351
2017-01-24,-0.743469,-0.83,-0.7351
2017-01-25,-0.738585,-1.2,-0.7351
2017-01-26,-0.737318,,-0.735
2017-01-27,-0.736893,-0.76,-0.735
2017-01-30,-0.735858,,-0.7349
2017-01-31,-0.732656,,-0.735
2017-02-01,-0.737202,-0.76,-0.7349
2017-02-02,-0.736327,-0.7825,-0.7349
2017-02-03,-0.741266,,-0.735
2017-02-06,-0.736546,,-0.7349
2017-02-07,-0.735783,,-0.7348
2017-02-08,-0.734452,,-0.7348
2017-02-09,-0.736669,,-0.7348
2017-02-10,-0.733571,,-0.7347
2017-02-13,-0.736559,,-0.7345
2017-02-14,-0.739557,-0.799078,-0.7345
2017-02-15,-0.7356,-0.819091,-0.7345
2017-02-16,-0.737102,-0.822,-0.7345
2017-02-17,-0.737113,-0.84,-0.7346
2017-02-20,-0.739818,,-0.7347
2017-02-21,-0.735269,,-0.7347
2017-02-22,-0.739097,,-0.7348
2017-02-23,-0.73791,,-0.7348
2017-02-24,-0.737819,,-0.7349
2017-02-27,-0.736078,,-0.735
2017-02-28,-0.72986,,-0.735
2017-03-01,-0.734138,,-0.735
2017-03-02,-0.732062,,-0.735
2017-03-03,-0.735867,,-0.7354
2017-03-06,-0.734926,,-0.7355
2017-03-07,-0.737669,,-0.7355
2017-03-08,-0.738441,,-0.7356
2017-03-09,-0.737281,,-0.7357
2017-03-10,-0.738026,,-0.7356
2017-03-13,-0.735574,,-0.7356
2017-03-14,-0.730688,,-0.7356
2017-03-15,-0.730693,,-0.7355
2017-03-16,-0.732389,,-0.7355
2017-03-17,-0.733307,,-0.7354
2017-03-20,-0.740575,-0.8,-0.7355
2017-03-21,-0.731241,,-0.7354
2017-03-22,-0.734801,,-0.7354
2017-03-23,-0.731857,,-0.7353
2017-03-24,-0.736524,,-0.7353
2017-03-27,-0.734279,,-0.7353
2017-03-28,-0.737346,,-0.7353
2017-03-29,-0.742156,-0.83,-0.7353
2017-03-30,-0.734969,,-0.7353
2017-03-31,-0.737014,,-0.7355
2017-04-03,-0.738169,,-0.7355
2017-04-04,-0.733965,-0.786667,-0.7355
2017-04-05,-0.736771,-0.8,-0.7355
2017-04-06,-0.739652,,-0.7355
2017-04-07,-0.737254,-0.78,-0.7356
2017-04-10,-0.734875,-0.75,-0.7355
2017-04-11,-0.733971,-0.83,-0.7355
2017-04-12,-0.733402,-0.815,-0.7354
2017-04-13,-0.736954,-0.75,-0.7355
2017-04-18,-0.740035,,-0.7356
2017-04-19,-0.739438,,-0.7357
2017-04-20,-0.74571,,-0.7358
2017-04-21,-0.746815,-0.78,-0.7362
2017-04-24,-0.741096,,-0.7362
2017-04-25,-0.739424,,-0.7362
2017-04-26,-0.739483,-0.792857,-0.7362
2017-04-27,-0.732324,-0.816667,-0.7362
2017-04-28,-0.738899,,-0.7363
2017-05-02,-0.733278,-1.15,-0.7363
2017-05-03,-0.735228,,-0.7363
2017-05-04,-0.740536,,-0.7363
2017-05-05,-0.743209,-0.815,-0.7364
2017-05-08,-0.739803,-0.81,-0.7364
2017-05-09,-0.739678,,-0.7365
2017-05-10,-0.740143,,-0.7365
2017-05-11,-0.731791,,-0.7364
2017-05-12,-0.735513,,-0.7365
2017-05-15,-0.736798,,-0.7365
2017-05-16,-0.736656,,-0.7365
2017-05-17,-0.73429,,-0.7365
2017-05-18,-0.735318,-0.815833,-0.7364
2017-05-19,-0.734181,,-0.7363
2017-05-22,-0.732904,,-0.7363
2017-05-23,-0.732239,,-0.7362
2017-05-24,-0.745418,,-0.7364
2017-05-26,-0.741188,,-0.7365
2017-05-29,-0.737204,,-0.7365
2017-05-30,-0.730064,,-0.7364
2017-05-31,-0.734836,,-0.7365
2017-06-01,-0.736935,,-0.7365
2017-06-02,-0.732191,,-0.7363
2017-06-06,-0.733416,,-0.7364
2017-06-07,-0.740652,,-0.7364
2017-06-08,-0.735349,-0.81,-0.7364
2017-06-09,-0.739989,,-0.7364
2017-06-12,-0.740222,,-0.7365
2017-06-13,-0.737403,,-0.7365
2017-06-14,-0.735835,,-0.7365
2017-06-15,-0.735765,-0.73,-0.7366
2017-06-16,-0.73423,,-0.7365
2017-06-19,-0.733287,-0.75,-0.7366
2017-06-20,-0.737381,,-0.7366
2017-06-21,-0.736381,,-0.7367
2017-06-22,-0.734885,,-0.7367
2017-06-23,-0.731723,,-0.7365
2017-06-26,-0.739526,,-0.7366
2017-06-27,-0.738147,,-0.7366
2017-06-28,-0.74024,-0.81,-0.7367
2017-06-29,-0.734266,,-0.7366
2017-06-30,-0.734155,,-0.7365
2017-07-03,-0.738736,,-0.7365
2017-07-04,-0.736438,-0.81,-0.7365
2017-07-05,-0.737983,,-0.7366
2017-07-06,-0.738968,,-0.7366
2017-07-07,-0.738541,-0.81,-0.7366
2017-07-10,-0.739066,,-0.7366
2017-07-11,-0.740907,,-0.7367
2017-07-12,-0.739842,,-0.7368
2017-07-13,-0.737099,-0.81,-0.7368
2017-07-14,-0.740496,,-0.7368
2017-07-17,-0.74168,,-0.737
2017-07-18,-0.738098,,-0.7369
2017-07-19,-0.739138,,-0.7369
2017-07-20,-0.741668,-0.81,-0.7369
2017-07-21,-0.740802,-0.78,-0.7367
2017-07-24,-0.738495,,-0.7367
2017-07-25,-0.738678,,-0.7367
2017-07-26,-0.736574,-0.815,-0.7366
2017-07-27,-0.739041,,-0.7367
2017-07-28,-0.73868,,-0.7367
2017-07-31,-0.732636,,-0.7366
2017-08-02,-0.732643,,-0.7366
2017-08-03,-0.733011,-0.805,-0.7365
2017-08-04,-0.733813,,-0.7364
2017-08-07,-0.733105,,-0.7361
2017-08-08,-0.73604,,-0.7361
2017-08-09,-0.73536,,-0.7361
2017-08-10,-0.736682,,-0.736
2017-08-11,-0.742088,,-0.7362
2017-08-14,-0.739104,,-0.7363
2017-08-15,-0.742571,,-0.7364
2017-08-16,-0.736284,,-0.7364
2017-08-17,-0.736334,,-0.7364
2017-08-18,-0.745461,-0.82,-0.7367
2017-08-21,-0.743661,,-0.7368
2017-08-22,-0.735277,,-0.7369
2017-08-23,-0.736227,-0.82,-0.7369
2017-08-24,-0.743271,,-0.737
2017-08-25,-0.743024,,-0.737
2017-08-28,-0.746593,,-0.737
2017-08-29,-0.741348,,-0.737
2017-08-30,-0.742505,,-0.7371
2017-08-31,-0.732305,,-0.7371
2017-09-01,-0.745761,,-0.7374
2017-09-04,-0.747639,-0.82,-0.7375
2017-09-05,-0.744213,,-0.7378
2017-09-06,-0.744854,,-0.7379
2017-09-07,-0.738849,,-0.7379
2017-09-08,-0.74073,-0.82,-0.738
2017-09-11,-0.740165,-0.82,-0.738
2017-09-12,-0.742867,-0.75,-0.738
2017-09-13,-0.740538,,-0.738
2017-09-14,-0.744203,,-0.7381
2017-09-15,-0.738642,,-0.7382
2017-09-18,-0.736238,-0.8525,-0.7383
2017-09-19,-0.738793,-0.8525,-0.7383
2017-09-20,-0.753093,-0.8675,-0.7385
2017-09-21,-0.739581,,-0.7386
2017-09-22,-0.73587,,-0.7385
2017-09-25,-0.738988,-0.82,-0.7387
2017-09-26,-0.73924,-1.1,-0.7387
2017-09-27,-0.737479,-0.75,-0.7387
2017-09-28,-0.736473,,-0.7387
2017-09-29,-0.742996,,-0.739
2017-10-02,-0.742863,,-0.7391
2017-10-03,-0.73783,-0.91,-0.7391
2017-10-04,-0.740672,-0.91,-0.7391
2017-10-05,-0.740559,-0.91,-0.7391
2017-10-06,-0.744177,,-0.7393
2017-10-09,-0.738045,-1.05,-0.7393
2017-10-10,-0.740922,-0.91,-0.7393
2017-10-11,-0.737567,-0.91,-0.7393
2017-10-12,-0.736572,,-0.7392
2017-10-13,-0.738235,-0.905,-0.7392
2017-10-16,-0.738431,-0.906667,-0.7392
2017-10-17,-0.736846,-0.915,-0.7391
2017-10-18,-0.736474,,-0.7391
2017-10-19,-0.737387,,-0.7391
2017-10-20,-0.735489,,-0.7389
2017-10-23,-0.733173,,-0.7388
2017-10-24,-0.732118,,-0.7388
2017-10-25,-0.731024,,-0.7387
2017-10-26,-0.734317,,-0.7387
2017-10-27,-0.740635,,-0.7387
2017-10-30,-0.73806,,-0.7387
2017-10-31,-0.737404,,-0.7388
2017-11-01,-0.743376,,-0.7389
2017-11-02,-0.739351,,-0.739
2017-11-03,-0.73902,-0.83,-0.739
2017-11-06,-0.737685,-0.915,-0.7392
2017-11-07,-0.739721,-0.915,-0.7392
2017-11-08,-0.746488,-0.915,-0.7394
2017-11-09,-0.738652,-0.915,-0.7394
2017-11-10,-0.737996,-0.915,-0.7393
2017-11-13,-0.736572,-0.915,-0.7393
2017-11-14,-0.741118,-0.915,-0.7393
2017-11-15,-0.739,-0.887059,-0.7392
2017-11-16,-0.737805,-0.915,-0.7393
2017-11-17,-0.736549,-0.915,-0.7392
2017-11-20,-0.737282,-0.915,-0.739
2017-11-21,-0.736134,-0.915,-0.7389
2017-11-22,-0.737694,-0.915,-0.7389
2017-11-23,-0.743001,-0.915,-0.739
2017-11-24,-0.743261,-0.915,-0.7391
2017-11-27,-0.739622,-0.915,-0.739
2017-11-28,-0.739676,-0.8775,-0.7389
2017-11-29,-0.742727,,-0.7389
2017-11-30,-0.736376,,-0.7389
2017-12-01,-0.741986,-1.1,-0.7388
2017-12-04,-0.740016,,-0.7387
2017-12-05,-0.735068,,-0.7386
2017-12-06,-0.737928,,-0.7385
2017-12-07,-0.739611,,-0.7386
2017-12-08,-0.739035,,-0.7385
2017-12-11,-0.732557,,-0.7384
2017-12-12,-0.732706,-0.815,-0.7383
2017-12-13,-0.734338,,-0.7382
2017-12-14,-0.73319,,-0.7381
2017-12-15,-0.737209,,-0.7381
2017-12-18,-0.740651,-0.83,-0.7382
2017-12-19,-0.736897,-0.815,-0.7381
2017-12-20,-0.741762,-0.815,-0.738
2017-12-21,-0.739025,-0.806667,-0.738
2017-12-22,-0.763982,-1.01875,-0.7395
2017-12-27,-0.750325,-0.803333,-0.7397
2017-12-28,-0.741234,-0.775,-0.7397
2017-12-29,-0.746149,,-0.7399
2018-01-03,-0.735955,-0.793122,-0.7399
2018-01-04,-0.734669,-0.812,-0.7398
2018-01-05,-0.737815,-0.9,-0.7397
2018-01-08,-0.740446,-0.819256,-0.7396
2018-01-09,-0.740822,-1.001442,-0.7397
2018-01-10,-0.73799,-0.87375,-0.7396
2018-01-11,-0.73821,-0.887391,-0.7396
2018-01-12,-0.738003,-0.865,-0.7396
2018-01-15,-0.734879,-0.846667,-0.7396
2018-01-16,-0.735205,-0.87,-0.7396
2018-01-17,-0.739018,-0.81,-0.7396
2018-01-18,-0.737662,-0.855,-0.7396
2018-01-19,-0.743043,-0.80625,-0.7397
2018-01-22,-0.739031,-0.9075,-0.7399
2018-01-23,-0.742548,-0.905,-0.74
2018-01-24,-0.7414,,-0.7401
2018-01-25,-0.743815,-0.91,-0.7402
2018-01-26,-0.74319,-0.91,-0.7403
2018-01-29,-0.745265,-0.91,-0.7404
2018-01-30,-0.738819,-0.918571,-0.7404
2018-01-31,-0.740278,-0.83,-0.7405
2018-02-01,-0.74202,-0.84,-0.7404
2018-02-02,-0.735284,-0.831875,-0.7403
2018-02-05,-0.740456,-0.9125,-0.7403
2018-02-06,-0.75233,-0.915,-0.7405
2018-02-07,-0.738448,-0.8725,-0.7405
2018-02-08,-0.735423,-0.915,-0.7404
2018-02-09,-0.745371,-0.915,-0.7405
2018-02-12,-0.746157,-0.915,-0.7407
2018-02-13,-0.735801,-0.915,-0.7407
2018-02-14,-0.738409,-0.915,-0.7406
2018-02-15,-0.743208,-0.915,-0.7407
2018-02-16,-0.738895,,-0.7406
2018-02-19,-0.753155,,-0.7409
2018-02-20,-0.742794,,-0.741
2018-02-21,-0.744891,,-0.7411
2018-02-22,-0.76718,-0.785,-0.7414
2018-02-23,-0.743827,-0.78,-0.7414
2018-02-26,-0.755099,,-0.7415
2018-02-27,-0.746941,,-0.7417
2018-02-28,-0.759249,-0.775,-0.7419
2018-03-01,-0.753719,-0.785,-0.742
2018-03-02,-0.763102,,-0.7427
2018-03-05,-0.749496,,-0.7429
2018-03-06,-0.739449,,-0.743
2018-03-07,-0.742532,,-0.743
2018-03-08,-0.739264,,-0.7429
2018-03-09,-0.740124,-0.795,-0.743
2018-03-12,-0.739256,-0.8,-0.7432
2018-03-13,-0.740329,-0.792683,-0.7432
2018-03-14,-0.742452,-0.79,-0.7433
2018-03-15,-0.739601,-0.8,-0.7433
2018-03-16,-0.739932,-0.79375,-0.7433
2018-03-19,-0.739682,-0.7825,-0.7434
2018-03-20,-0.739104,-0.7925,-0.7434
2018-03-21,-0.741787,-0.795,-0.7434
2018-03-22,-0.739322,-0.795,-0.7433
2018-03-23,-0.735268,-0.77,-0.743
2018-03-26,-0.735744,-0.927419,-0.7418
2018-03-27,-0.734514,-0.775,-0.7416
2018-03-28,-0.745677,-0.77,-0.7417
2018-03-29,-0.73834,-0.76,-0.7413
2018-04-03,-0.737314,-0.785,-0.7413
2018-04-04,-0.730435,-0.7925,-0.7412
2018-04-05,-0.741581,-0.7825,-0.7412
2018-04-06,-0.738002,-0.79,-0.7412
2018-04-09,-0.732882,-0.853117,-0.7411
2018-04-10,-0.736171,-0.803,-0.7411
2018-04-11,-0.7352,-0.803,-0.7411
2018-04-12,-0.737345,-0.778333,-0.741
2018-04-13,-0.735738,-0.78122,-0.741
2018-04-16,-0.7373,-0.801429,-0.7411
2018-04-17,-0.736385,-0.783333,-0.741
2018-04-18,-0.730292,-0.8,-0.741
2018-04-19,-0.735612,-0.800805,-0.7409
2018-04-20,-0.732614,-0.798182,-0.7405
2018-04-23,-0.737749,-0.818951,-0.7405
2018-04-24,-0.739449,-0.795,-0.7405
2018-04-25,-0.742764,-0.79,-0.7405
2018-04-26,-0.740471,-0.79,-0.7405
2018-04-27,-0.736253,-0.873333,-0.7402
2018-04-30,-0.729806,-0.785,-0.74
2018-05-02,-0.734369,-0.788,-0.7399
2018-05-03,-0.733814,-0.79083,-0.7398
2018-05-04,-0.73162,-0.79,-0.7397
2018-05-07,-0.732825,-0.785,-0.7395
2018-05-08,-0.736958,-0.78,-0.7395
2018-05-09,-0.733262,-0.77667,-0.7394
2018-05-11,-0.7319,-0.8005,-0.7389
2018-05-14,-0.732863,-0.77739,-0.7388
2018-05-15,-0.733585,-0.78,-0.7387
2018-05-16,-0.73046,-0.79333,-0.7386
2018-05-17,-0.731274,-0.78,-0.7385
2018-05-18,-0.734092,-0.785,-0.7382
2018-05-22,-0.729918,-0.82754,-0.7377
2018-05-23,-0.7294,-0.79429,-0.7375
2018-05-24,-0.73123,-0.78,-0.7375
2018-05-25,-0.734058,-0.78,-0.7371
2018-05-28,-0.729931,-0.785,-0.7368
2018-05-29,-0.733745,-0.78,-0.7367
2018-05-30,-0.732426,-0.775,-0.7367
2018-05-31,-0.728226,-0.775,-0.7363
2018-06-01,-0.732519,-0.77833,-0.736
2018-06-04,-0.733107,-0.78,-0.7351
2018-06-05,-0.73034,-0.78,-0.7349
2018-06-06,-0.730888,-0.78,-0.7348
2018-06-07,-0.73173,-0.785,-0.7347
2018-06-08,-0.73216,-0.78833,-0.7345
2018-06-11,-0.731226,-0.7875,-0.7343
2018-06-12,-0.729587,-0.79077,-0.7342
2018-06-13,-0.730912,-0.77167,-0.7341
2018-06-14,-0.732682,-0.7875,-0.734
2018-06-15,-0.730651,-0.762,-0.7338
2018-06-18,-0.732571,-0.793,-0.7336
2018-06-19,-0.731713,-0.79667,-0.7336
2018-06-20,-0.73252,-0.79944,-0.7335
2018-06-21,-0.729056,-0.79167,-0.7334
2018-06-22,-0.731766,-0.79333,-0.7332
2018-06-25,-0.735007,-0.79333,-0.7332
2018-06-26,-0.732633,-0.91398,-0.7332
2018-06-27,-0.733145,-0.7875,-0.7331
2018-06-28,-0.733042,-0.77,-0.733
2018-06-29,-0.730086,-0.77,-0.7326
2018-07-02,-0.731781,-0.79888,-0.7326
2018-07-03,-0.73213,-0.7775,-0.7326
2018-07-04,-0.729291,-0.7775,-0.7325
2018-07-05,-0.73377,-0.795,-0.7325
2018-07-06,-0.733075,-0.7775,-0.7323
2018-07-09,-0.734878,-0.78875,-0.7323
2018-07-10,-0.73396,-0.79142,-0.7323
2018-07-11,-0.732064,-0.78,-0.7323
2018-07-12,-0.732229,-0.78875,-0.7322
2018-07-13,-0.731578,-0.7775,-0.7321
2018-07-16,-0.730215,-0.79167,-0.732
2018-07-17,-0.730767,-0.77,-0.7319
2018-07-18,-0.732329,-0.785,-0.732
2018-07-19,-0.73075,-0.7725,-0.7319
2018-07-20,-0.732854,-0.78167,-0.7319
2018-07-23,-0.731057,-0.79,-0.7318
2018-07-24,-0.7361,-0.77,-0.7318
2018-07-25,-0.735439,-0.77,-0.7317
2018-07-26,-0.737156,-0.77,-0.7317
2018-07-27,-0.737802,-0.77095,-0.7317
2018-07-30,-0.733983,-0.775,-0.7317
2018-07-31,-0.730823,-0.77,-0.7318
2018-08-02,-0.728306,-0.7775,-0.7317
2018-08-03,-0.733802,-0.7775,-0.7317
2018-08-06,-0.73298,-0.7775,-0.7318
2018-08-07,-0.733972,-0.7775,-0.7318
2018-08-08,-0.736737,-0.77,-0.7318
2018-08-09,-0.735247,-0.7725,-0.7318
2018-08-10,-0.735372,-0.77,-0.7319
2018-08-13,-0.733876,-0.78333,-0.7319
2018-08-14,-0.734605,-0.77554,-0.7319
2018-08-15,-0.733389,-0.77,-0.7319
2018-08-16,-0.733965,-0.78333,-0.732
2018-08-17,-0.732635,-0.78,-0.732
2018-08-20,-0.732658,-0.78,-0.732
2018-08-21,-0.7329,-0.7775,-0.7319
2018-08-22,-0.733216,-0.79,-0.732
2018-08-23,-0.733202,-0.7775,-0.732
2018-08-24,-0.736191,-0.7775,-0.7321
2018-08-27,-0.733759,-0.7775,-0.7321
2018-08-28,-0.733789,-0.7775,-0.7321
2018-08-29,-0.732601,-0.7775,-0.7321
2018-08-30,-0.731147,-0.78,-0.7321
2018-08-31,-0.731997,-0.77048,-0.7321
2018-09-03,-0.731445,-0.75,-0.7321
2018-09-04,-0.732757,-0.8,-0.7321
2018-09-05,-0.735083,,-0.7322
2018-09-06,-0.739773,-0.8,-0.7323
2018-09-07,-0.737137,,-0.7324
2018-09-10,-0.73405,-0.791,-0.7325
2018-09-11,-0.742549,-0.79667,-0.7326
2018-09-12,-0.744533,-0.791,-0.7327
2018-09-13,-0.739139,-0.7768,-0.7328
2018-09-14,-0.734535,-0.77,-0.7329
2018-09-17,-0.732281,-0.78714,-0.733
2018-09-18,-0.739414,-0.7775,-0.733
2018-09-19,-0.741015,-0.7775,-0.7331
2018-09-20,-0.740611,-0.7725,-0.7332
2018-09-21,-0.743656,-0.7775,-0.7336
2018-09-24,-0.736047,-0.7775,-0.7337
2018-09-25,-0.74504,-0.7775,-0.7338
2018-09-26,-0.760342,-0.7775,-0.7341
2018-09-27,-0.753971,-0.775,-0.7343
2018-09-28,-0.785767,-0.77,-0.7362
2018-10-01,-0.738704,,-0.7362
2018-10-02,-0.734949,-1.2,-0.7362
2018-10-03,-0.743903,,-0.7364
2018-10-04,-0.742927,,-0.7365
2018-10-05,-0.746194,,-0.7368
2018-10-08,-0.739701,,-0.737
2018-10-09,-0.741427,-0.8,-0.7371
2018-10-10,-0.750351,-0.79375,-0.7372
2018-10-11,-0.740353,-0.79167,-0.7373
2018-10-12,-0.738586,-0.775,-0.7374
2018-10-15,-0.73756,-0.78882,-0.7376
2018-10-16,-0.736678,,-0.7377
2018-10-17,-0.734519,,-0.7377
2018-10-18,-0.73467,,-0.7378
2018-10-19,-0.735884,,-0.7377
2018-10-22,-0.733227,-0.8,-0.7379
2018-10-23,-0.734998,-0.75,-0.7379
2018-10-24,-0.736718,-0.85,-0.7379
2018-10-25,-0.738279,-0.8425,-0.738
2018-10-26,-0.739251,-0.75,-0.738
2018-10-29,-0.739604,-0.82333,-0.738
2018-10-30,-0.736683,-0.835,-0.7381
2018-10-31,-0.73731,-0.835,-0.7382
2018-11-01,-0.736935,,-0.7382
2018-11-02,-0.74009,-0.8,-0.7383
2018-11-05,-0.735557,,-0.7385
2018-11-06,-0.737208,,-0.7385
2018-11-07,-0.738706,,-0.7386
2018-11-08,-0.736787,-0.8,-0.7386
2018-11-09,-0.736522,,-0.7385
2018-11-12,-0.734034,-0.8,-0.7386
2018-11-13,-0.739543,-0.835,-0.7387
2018-11-14,-0.734235,-0.835,-0.7387
2018-11-15,-0.733295,-0.8425,-0.7387
2018-11-16,-0.732656,-0.8,-0.7385
2018-11-19,-0.73172,,-0.7386
2018-11-20,-0.732395,,-0.7386
2018-11-21,-0.734169,-0.8,-0.7386
2018-11-22,-0.733914,,-0.7387
2018-11-23,-0.744572,-0.83,-0.7389
2018-11-26,-0.737191,-0.8225,-0.739
2018-11-27,-0.735427,-0.815,-0.739
2018-11-28,-0.734664,,-0.739
2018-11-29,-0.735993,-0.8,-0.7391
2018-11-30,-0.732697,,-0.7392
2018-12-03,-0.731912,,-0.7392
2018-12-04,-0.731528,,-0.7391
2018-12-05,-0.734476,,-0.7391
2018-12-06,-0.732739,,-0.7391
2018-12-07,-0.734849,-0.73,-0.739
2018-12-10,-0.733021,-0.8,-0.739
2018-12-11,-0.735459,,-0.7389
2018-12-12,-0.735538,-0.82,-0.7388
2018-12-13,-0.733311,-0.73,-0.7387
2018-12-14,-0.736595,-0.8,-0.7388
2018-12-17,-0.731727,,-0.7388
2018-12-18,-0.732534,,-0.7387
2018-12-19,-0.731283,,-0.7386
2018-12-20,-0.736047,,-0.7386
2018-12-21,-0.741122,,-0.7385
2018-12-24,-0.732634,,-0.7382
2018-12-27,-0.732507,,-0.7378
2018-12-28,-0.729594,,-0.7375
2018-12-31,-0.730971,,-0.7357
2019-01-03,-0.734071,,-0.7356
2019-01-04,-0.733477,,-0.7354
2019-01-07,-0.731931,,-0.7351
2019-01-08,-0.729432,,-0.735
2019-01-09,-0.731742,,-0.7349
2019-01-10,-0.7322,-0.8375,-0.7347
2019-01-11,-0.732562,-0.82,-0.7345
2019-01-14,-0.732367,,-0.7344
2019-01-15,-0.73173,-0.832469,-0.7343
2019-01-16,-0.734774,-0.845,-0.7343
2019-01-17,-0.73271,-0.816039,-0.7343
2019-01-18,-0.734305,,-0.7343
2019-01-21,-0.732942,-0.8188,-0.7342
2019-01-22,-0.730267,-0.821724,-0.7342
2019-01-23,-0.731809,,-0.7342
2019-01-24,-0.732728,-0.73,-0.7341
2019-01-25,-0.73543,-0.8,-0.7341
2019-01-28,-0.734246,,-0.7339
2019-01-29,-0.731855,,-0.7339
2019-01-30,-0.733419,,-0.7338
2019-01-31,-0.731819,,-0.7338
2019-02-01,-0.73206,,-0.7336
2019-02-04,-0.73297,,-0.7335
2019-02-05,-0.733836,,-0.7334
2019-02-06,-0.733957,-0.79,-0.7334
2019-02-07,-0.73413,,-0.7334
2019-02-08,-0.735304,,-0.7334
2019-02-11,-0.735249,,-0.7333
2019-02-12,-0.731667,-0.73,-0.7333
2019-02-13,-0.732795,-0.79,-0.7332
2019-02-14,-0.732915,,-0.7332
2019-02-15,-0.734279,-0.73,-0.7332
2019-02-18,-0.733042,,-0.7332
2019-02-19,-0.734521,-0.79,-0.7333
2019-02-20,-0.733436,,-0.7333
2019-02-21,-0.733443,-0.770323,-0.7333
2019-02-22,-0.734633,,-0.7333
2019-02-25,-0.735995,,-0.733
2019-02-26,-0.735902,-0.78,-0.733
2019-02-27,-0.736827,,-0.7329
2019-02-28,-0.738785,,-0.7331
2019-03-01,-0.735482,,-0.7331
2019-03-04,-0.733255,,-0.7331
2019-03-05,-0.735959,,-0.7332
2019-03-06,-0.733227,-0.74,-0.7332
2019-03-07,-0.733498,-0.743542,-0.7331
2019-03-08,-0.734443,-0.77,-0.7331
2019-03-11,-0.733639,-0.740146,-0.7331
2019-03-12,-0.732268,-0.742778,-0.7331
2019-03-13,-0.729698,-0.744167,-0.7331
2019-03-14,-0.730737,-0.778544,-0.733
2019-03-15,-0.733003,,-0.7329
2019-03-18,-0.734146,-0.78,-0.7329
2019-03-19,-0.733715,,-0.733
2019-03-20,-0.731404,,-0.7329
2019-03-21,-0.733626,,-0.7329
2019-03-22,-0.73386,,-0.7327
2019-03-25,-0.732552,,-0.7327
2019-03-26,-0.733824,-0.77,-0.7327
2019-03-27,-0.734988,,-0.7327
2019-03-28,-0.733012,,-0.7329
2019-03-29,-0.737656,,-0.7331
2019-04-01,-0.734832,-0.73,-0.7331
2019-04-02,-0.737382,,-0.7331
2019-04-03,-0.738421,,-0.7332
2019-04-04,-0.74015,,-0.7332
2019-04-05,-0.736,,-0.7333
2019-04-08,-0.73573,,-0.7334
2019-04-09,-0.73791,,-0.7335
2019-04-10,-0.73647,,-0.7335
2019-04-11,-0.73691,,-0.7336
2019-04-12,-0.73557,,-0.7337
2019-04-15,-0.73304,-0.73,-0.7337
2019-04-16,-0.73469,,-0.7337
2019-04-17,-0.73536,,-0.7337
2019-04-18,-0.736,-0.75,-0.7338
2019-04-23,-0.73343,,-0.7339
2019-04-24,-0.73573,,-0.7339
2019-04-25,-0.73131,,-0.7339
2019-04-26,-0.73414,,-0.7338
2019-04-29,-0.73436,,-0.7339
2019-04-30,-0.73173,-0.78,-0.7339
2019-05-02,-0.73464,,-0.7339
2019-05-03,-0.73078,-0.77,-0.7338
2019-05-06,-0.7343,-0.78,-0.7339
2019-05-07,-0.73554,-0.77,-0.7339
2019-05-08,-0.73533,-0.78,-0.7339
2019-05-09,-0.7357,,-0.7339
2019-05-10,-0.74003,-0.7696,-0.734
2019-05-13,-0.73807,,-0.7341
2019-05-14,-0.74021,,-0.7342
2019-05-15,-0.7448,-0.78,-0.7343
2019-05-16,-0.74253,,-0.7344
2019-05-17,-0.74089,,-0.7347
2019-05-20,-0.73814,,-0.7347
2019-05-21,-0.73307,-0.7725,-0.7347
2019-05-22,-0.73619,,-0.7347
2019-05-23,-0.73539,-0.78,-0.7347
2019-05-24,-0.73281,,-0.7347
2019-05-27,-0.73104,,-0.7346
2019-05-28,-0.73656,,-0.7346
2019-05-29,-0.74009,,-0.7347
2019-05-31,-0.73687,,-0.7347
2019-06-03,-0.73414,-0.78,-0.7347
2019-06-04,-0.73413,,-0.7347
2019-06-05,-0.73575,,-0.7347
2019-06-06,-0.7368,,-0.7347
2019-06-07,-0.72521,,-0.7343
2019-06-11,-0.73526,,-0.7344
2019-06-12,-0.73737,,-0.7344
2019-06-13,-0.73715,,-0.7345
2019-06-14,-0.73531,,-0.7345
2019-06-17,-0.73873,,-0.7347
2019-06-18,-0.73521,,-0.7347
2019-06-19,-0.73551,-0.78333,-0.7347
2019-06-20,-0.73633,-0.78,-0.7347
2019-06-21,-0.73721,,-0.7348
2019-06-24,-0.73952,-0.77889,-0.7349
2019-06-25,-0.73557,,-0.7349
2019-06-26,-0.73766,,-0.735
2019-06-27,-0.74174,,-0.7351
2019-06-28,-0.74023,,-0.7352
2019-07-01,-0.73543,,-0.7352
2019-07-02,-0.73443,,-0.7352
2019-07-03,-0.73615,,-0.7351
2019-07-04,-0.73594,,-0.7351
2019-07-05,-0.73487,,-0.735
2019-07-08,-0.74142,,-0.7351
2019-07-09,-0.73822,-0.79,-0.7351
2019-07-10,-0.73553,,-0.7351
2019-07-11,-0.73574,,-0.7351
2019-07-12,-0.73865,-1,-0.7352
2019-07-15,-0.73861,-0.78,-0.7353
2019-07-16,-0.73722,-0.79,-0.7353
2019-07-17,-0.74076,,-0.7353
2019-07-18,-0.73674,,-0.7353
2019-07-19,-0.738781,,-0.7354
2019-07-22,-0.73747,,-0.7355
2019-07-23,-0.7373,,-0.7355
2019-07-24,-0.73785,,-0.7355
2019-07-25,-0.73686,,-0.7356
2019-07-26,-0.73696,,-0.7357
2019-07-29,-0.73906,,-0.7357
2019-07-30,-0.74349,,-0.7358
2019-07-31,-0.74512,,-0.7361
2019-08-02,-0.74978,-0.785,-0.7365
2019-08-05,-0.74171,,-0.7368
2019-08-06,-0.74252,,-0.7369
2019-08-07,-0.7398,,-0.7369
2019-08-08,-0.74345,,-0.737
2019-08-09,-0.74827,,-0.7373
2019-08-12,-0.74972,,-0.7374
2019-08-13,-0.73954,,-0.7374
2019-08-14,-0.73833,,-0.7374
2019-08-15,-0.73879,,-0.7374
2019-08-16,-0.74526,,-0.7375
2019-08-19,-0.74376,,-0.7375
2019-08-20,-0.75079,,-0.7376
2019-08-21,-0.74172,,-0.7377
2019-08-22,-0.73964,-0.83,-0.7378
2019-08-23,-0.73959,,-0.7378
2019-08-26,-0.73668,,-0.738
2019-08-27,-0.73521,,-0.7381
2019-08-28,-0.73489,,-0.738
2019-08-29,-0.73333,,-0.738
2019-08-30,-0.74726,,-0.7383
2019-09-02,-0.73183,,-0.7382
2019-09-03,-0.73399,,-0.7382
2019-09-04,-0.73112,,-0.7382
2019-09-05,-0.73178,,-0.7381
2019-09-06,-0.7308,,-0.7379
2019-09-09,-0.73026,,-0.7378
2019-09-10,-0.73295,,-0.7383
2019-09-11,-0.73095,-0.73,-0.7383
2019-09-12,-0.73329,-0.9,-0.7382
2019-09-13,-0.73855,,-0.7382
2019-09-16,-0.73244,,-0.7383
2019-09-17,-0.73176,,-0.7382
2019-09-18,-0.7348,,-0.7382
2019-09-19,-0.73729,-0.785,-0.7382
2019-09-20,-0.74162,,-0.7383
2019-09-23,-0.73727,,-0.7384
2019-09-24,-0.73633,,-0.7384
2019-09-25,-0.73699,,-0.7384
2019-09-26,-0.73799,-0.75,-0.7384
2019-09-27,-0.7367,,-0.7383
2019-09-30,-0.74627,,-0.7383
2019-10-01,-0.73616,,-0.7383
2019-10-02,-0.73215,-0.78,-0.7383
2019-10-03,-0.73562,-0.78,-0.7383
2019-10-04,-0.73704,-0.8,-0.7382
2019-10-07,-0.73676,-0.78,-0.7384
2019-10-08,-0.74068,-0.78,-0.7384
2019-10-09,-0.73909,,-0.7384
2019-10-10,-0.74187,,-0.7384
2019-10-11,-0.73759,,-0.7384
2019-10-14,-0.73682,-0.75,-0.7384
2019-10-15,-0.7369,,-0.7384
2019-10-16,-0.73981,,-0.7384
2019-10-17,-0.73652,-0.77,-0.7384
2019-10-18,-0.73719,-0.75,-0.7383
2019-10-21,-0.73749,,-0.7383
2019-10-22,-0.7387,,-0.7383
2019-10-23,-0.73918,,-0.7384
2019-10-24,-0.73927,,-0.7384
2019-10-25,-0.73508,,-0.7383
2019-10-28,-0.73653,,-0.7383
2019-10-29,-0.73443,-0.7275,-0.7383
2019-10-30,-0.73716,-0.725,-0.7382
2019-10-31,-0.73297,-0.68,-0.738
2019-11-01,-0.63917,-0.7,-0.7348
2019-11-04,-0.62762,,-0.7332
2019-11-05,-0.65618,,-0.7323
2019-11-06,-0.65951,,-0.7314
2019-11-07,-0.66349,,-0.7305
2019-11-08,-0.66878,,-0.7284
2019-11-11,-0.67436,,-0.7272
2019-11-12,-0.67529,,-0.7264
2019-11-13,-0.68111,-0.68,-0.7258
2019-11-14,-0.68627,-0.69,-0.7252
2019-11-15,-0.69346,-0.7,-0.724
2019-11-18,-0.69348,-0.70579,-0.723
2019-11-19,-0.69865,,-0.7225
2019-11-20,-0.69974,,-0.722
2019-11-21,-0.7003,-0.705,-0.7215
2019-11-22,-0.70376,,-0.7207
2019-11-25,-0.70569,-0.74,-0.72
2019-11-26,-0.7098,-0.71,-0.7197
2019-11-27,-0.71061,-0.72,-0.7194
2019-11-28,-0.70926,,-0.719
2019-11-29,-0.7065,,-0.7177
2019-12-02,-0.70552,,-0.7174
2019-12-03,-0.70364,,-0.717
2019-12-04,-0.70375,,-0.7167
2019-12-05,-0.70372,,-0.7164
2019-12-06,-0.70474,,-0.7156
2019-12-09,-0.70635,,-0.7153
2019-12-10,-0.70551,,-0.715
2019-12-11,-0.70517,,-0.7147
2019-12-12,-0.7058,,-0.7144
2019-12-13,-0.70378,,-0.7133
2019-12-16,-0.7042,-0.745,-0.713
2019-12-17,-0.70535,-0.745,-0.7127
2019-12-18,-0.70558,,-0.7124
2019-12-19,-0.70452,,-0.712
2019-12-20,-0.70587,-0.72,-0.7108
2019-12-23,-0.70124,,-0.7104
2019-12-24,-0.68459,,-0.709
2019-12-27,-0.6985,,-0.7074
2019-12-30,-0.68483,,-0.7072
2019-12-31,-0.65925,,-0.7049
2020-01-03,-0.69152,,-0.7038
2020-01-06,-0.70099,-0.71667,-0.7028
2020-01-07,-0.7039,,-0.7024
2020-01-08,-0.70431,-0.7,-0.702
2020-01-09,-0.70648,,-0.7017
2020-01-10,-0.70967,-0.73333,-0.7015
2020-01-13,-0.70834,,-0.7004
2020-01-14,-0.70931,,-0.7001
2020-01-15,-0.70998,,-0.6998
2020-01-16,-0.71042,,-0.6995
2020-01-17,-0.71051,,-0.6994
2020-01-20,-0.71067,-0.68,-0.6983
2020-01-21,-0.71062,-1.02,-0.698
2020-01-22,-0.71082,,-0.6977
2020-01-23,-0.7109,-0.71,-0.6974
2020-01-24,-0.7109,-0.71,-0.6974
2020-01-27,-0.71111,,-0.6963
2020-01-28,-0.71137,-0.72,-0.6961
2020-01-29,-0.71036,,-0.6958
2020-01-30,-0.71128,,-0.6955
2020-01-31,-0.70191,,-0.6953
2020-02-03,-0.70947,,-0.6973
2020-02-04,-0.71017,-0.715,-0.6982
2020-02-05,-0.70995,,-0.6988
2020-02-06,-0.71039,-0.735,-0.6993
2020-02-07,-0.7109,,-0.7001
2020-02-10,-0.71098,,-0.7012
2020-02-11,-0.71154,,-0.7016
2020-02-12,-0.71019,,-0.702
2020-02-13,-0.71088,,-0.7023
2020-02-14,-0.71113,,-0.7028
2020-02-17,-0.71159,-0.71,-0.7032
2020-02-18,-0.71109,-0.70579,-0.7034
2020-02-19,-0.7128,,-0.7035
2020-02-20,-0.71106,,-0.7036
2020-02-21,-0.71103,,-0.7039
2020-02-24,-0.71189,,-0.704
2020-02-25,-0.71179,,-0.7041
2020-02-26,-0.71179,,-0.7041
2020-02-27,-0.71184,,-0.7041
2020-02-28,-0.70741,,-0.7041
2020-03-02,-0.7104,,-0.7041
2020-03-03,-0.7113,,-0.7042
2020-03-04,-0.7128,,-0.7043
2020-03-05,-0.71392,-0.68,-0.7044
2020-03-06,-0.7153,,-0.7048
2020-03-09,-0.71609,-0.7,-0.7049
2020-03-10,-0.71572,,-0.705
2020-03-11,-0.71599,,-0.7051
2020-03-12,-0.71563,,-0.7052
2020-03-13,-0.71687,,-0.7057
2020-03-16,-0.71329,,-0.7058
2020-03-17,-0.71487,,-0.7059
2020-03-18,-0.71524,-0.7,-0.706
2020-03-19,-0.70381,-0.65,-0.706
2020-03-20,-0.70341,,-0.7059
2020-03-23,-0.68218,,-0.7057
2020-03-24,-0.66607,,-0.7052
2020-03-25,-0.66854,-0.65,-0.7048
2020-03-26,-0.67152,-0.75,-0.7052
2020-03-27,-0.67419,,-0.7044
2020-03-30,-0.6744,-0.635,-0.7042
2020-03-31,-0.66619,-0.635,-0.7054
2020-04-01,-0.66082,-0.625,-0.7048
2020-04-02,-0.65857,,-0.7043
2020-04-03,-0.66089,,-0.7033
2020-04-06,-0.65881,,-0.7029
2020-04-07,-0.65856,,-0.7024
2020-04-08,-0.65809,-0.6625,-0.7019
2020-04-09,-0.6576,,-0.6991
2020-04-14,-0.65943,,-0.6985
2020-04-15,-0.659,,-0.6979
2020-04-16,-0.65914,,-0.6974
2020-04-17,-0.65835,,-0.6957
2020-04-20,-0.65903,-0.6,-0.6951
2020-04-21,-0.65757,-0.45,-0.6945
2020-04-22,-0.66017,,-0.694
2020-04-23,-0.65758,,-0.6934
2020-04-24,-0.65881,,-0.6917
2020-04-27,-0.65795,-0.75,-0.6911
2020-04-28,-0.65707,,-0.6905
2020-04-29,-0.65776,,-0.6897
2020-04-30,-0.65946,-0.66,-0.6879
2020-05-04,-0.65859,,-0.6871
2020-05-05,-0.65885,,-0.6866
2020-05-06,-0.65896,,-0.686
2020-05-07,-0.65991,-0.65,-0.6857
2020-05-08,-0.659,,-0.684
2020-05-11,-0.65944,,-0.6831
2020-05-12,-0.65899,,-0.6826
2020-05-13,-0.65791,,-0.682
2020-05-14,-0.65847,,-0.6817
2020-05-15,-0.65883,-0.65,-0.68
2020-05-18,-0.65669,,-0.679
2020-05-19,-0.65845,-0.675,-0.6784
2020-05-20,-0.6594,-0.665,-0.6777
2020-05-22,-0.65933,,-0.6759
2020-05-25,-0.65973,-0.66375,-0.675
2020-05-26,-0.66021,-0.67,-0.6744
2020-05-27,-0.65932,-0.6575,-0.6738
2020-05-28,-0.65959,-0.66889,-0.6737
2020-05-29,-0.65962,-0.67,-0.6719
2020-06-02,-0.65917,-0.67,-0.6714
2020-06-03,-0.65944,-0.67,-0.6708
2020-06-04,-0.65942,-0.68,-0.6702
2020-06-05,-0.65881,-0.67,-0.6694
2020-06-08,-0.65898,-0.67,-0.6678
2020-06-09,-0.65866,-0.6575,-0.6672
2020-06-10,-0.65911,-0.65713,-0.6666
2020-06-11,-0.65833,-0.68,-0.6659
2020-06-12,-0.65879,,-0.6652
2020-06-15,-0.65916,-0.67,-0.6634
2020-06-16,-0.65952,-0.67,-0.6629
2020-06-17,-0.65934,-0.6575,-0.6623
2020-06-18,-0.65937,-0.68,-0.6616
2020-06-19,-0.65953,-0.67,-0.6611
2020-06-22,-0.66095,-0.645,-0.6598
2020-06-23,-0.6676,-0.6575,-0.6596
2020-06-24,-0.66872,-0.65333,-0.6596
2020-06-25,-0.66924,-0.6575,-0.6596
2020-06-26,-0.66956,-0.6575,-0.6598
2020-06-29,-0.66715,-0.67333,-0.6593
2020-06-30,-0.66239,-0.67,-0.6592
2020-07-01,-0.66478,-0.67,-0.6593
2020-07-02,-0.66666,-0.6575,-0.6594
2020-07-03,-0.66931,-0.67833,-0.6597
2020-07-06,-0.67248,-0.6675,-0.6598
2020-07-07,-0.67484,-0.68,-0.66
2020-07-08,-0.6767,-0.68917,-0.6602
2020-07-09,-0.67665,-0.68583,-0.6604
2020-07-10,-0.68132,-0.695,-0.661
2020-07-13,-0.68305,-0.695,-0.6615
2020-07-14,-0.68539,-0.675,-0.6617
2020-07-15,-0.69012,-0.69,-0.6621
2020-07-16,-0.69143,-0.6975,-0.6624
2020-07-17,-0.69154,-0.695,-0.6635
2020-07-20,-0.691,-0.68833,-0.6639
2020-07-21,-0.6927,-0.693,-0.6643
2020-07-22,-0.69331,-0.693,-0.6646
2020-07-23,-0.69938,-0.705,-0.6651
2020-07-24,-0.69831,-0.68125,-0.6664
2020-07-27,-0.70231,-0.70125,-0.6669
2020-07-28,-0.70204,-0.73375,-0.6674
2020-07-29,-0.70248,-0.705,-0.6679
2020-07-30,-0.70407,-0.705,-0.6682
2020-07-31,-0.7037,-0.705,-0.6698
2020-08-03,-0.70414,-0.7025,-0.6702
2020-08-04,-0.70453,-0.7025,-0.6707
2020-08-05,-0.70369,-0.705,-0.6711
2020-08-06,-0.70381,-0.705,-0.6716
2020-08-07,-0.70505,-0.705,-0.6728
2020-08-10,-0.70335,-0.705,-0.6736
2020-08-11,-0.70404,-0.71,-0.6741
2020-08-12,-0.70359,-0.71,-0.6746
2020-08-13,-0.70509,-0.70333,-0.6751
2020-08-14,-0.70552,-0.705,-0.6762
2020-08-17,-0.70427,-0.705,-0.6771
2020-08-18,-0.70376,-0.706,-0.6776
2020-08-19,-0.70282,-0.70208,-0.6781
2020-08-20,-0.70374,-0.70542,-0.6784
2020-08-21,-0.7028,-0.70542,-0.6795
2020-08-24,-0.70447,-0.73103,-0.6805
2020-08-25,-0.70468,-0.70667,-0.681
2020-08-26,-0.7051,-0.70633,-0.6815
2020-08-27,-0.70536,-0.70694,-0.682
2020-08-28,-0.70581,-0.70556,-0.6829
2020-08-31,-0.70568,-0.70917,-0.6842
2020-09-01,-0.70568,-0.71,-0.6845
2020-09-02,-0.70631,-0.71,-0.685
2020-09-03,-0.70615,-0.71,-0.6855
2020-09-04,-0.70623,-0.71,-0.6864
2020-09-07,-0.70597,-0.71,-0.6875
2020-09-08,-0.70606,-0.71,-0.688
2020-09-09,-0.70611,-0.70667,-0.6885
2020-09-10,-0.70794,-0.70667,-0.6891
2020-09-11,-0.70824,-0.70667,-0.69
2020-09-14,-0.7081,-0.70667,-0.6912
2020-09-15,-0.70833,-0.71167,-0.6918
2020-09-16,-0.70917,-0.71167,-0.6923
2020-09-17,-0.70987,-0.71167,-0.6928
2020-09-18,-0.70978,-0.71167,-0.6937
2020-09-21,-0.71113,-0.71167,-0.695
2020-09-22,-0.71037,-0.71167,-0.6956
2020-09-23,-0.71047,-0.71167,-0.696
2020-09-24,-0.71171,-0.71167,-0.6965
2020-09-25,-0.71137,-0.71167,-0.6973
2020-09-28,-0.71198,-0.7,-0.6983
2020-09-29,-0.71526,-0.7,-0.6989
2020-09-30,-0.71371,-0.7,-0.6994
2020-10-01,-0.71508,-0.7,-0.7
2020-10-02,-0.71467,-0.7,-0.7008
2020-10-05,-0.71578,-0.7,-0.702
2020-10-06,-0.71357,-0.7,-0.7024
2020-10-07,-0.7156,-0.7,-0.7029
2020-10-08,-0.71544,-0.7,-0.7033
2020-10-09,-0.71514,-0.7,-0.7039
2020-10-12,-0.71682,-0.7,-0.7048
2020-10-13,-0.71699,-0.7,-0.7052
2020-10-14,-0.7163,-0.7,-0.7055
2020-10-15,-0.71719,-0.7,-0.7058
2020-10-16,-0.71725,-0.7,-0.7063
2020-10-19,-0.71738,-0.71,-0.7069
2020-10-20,-0.71709,-0.72,-0.7072
2020-10-21,-0.71789,-0.72,-0.7075
2020-10-22,-0.71762,-0.67,-0.7078
2020-10-23,-0.71792,-0.67,-0.7081
2020-10-26,-0.71725,-0.67,-0.7086
2020-10-27,-0.71774,-0.67,-0.7088
2020-10-28,-0.71722,-0.67,-0.7089
2020-10-29,-0.71754,-0.73,-0.7092
2020-10-30,-0.71804,-0.73,-0.7096
2020-11-02,-0.71751,-0.73,-0.7097
2020-11-03,-0.71769,-0.8,-0.7098
2020-11-04,-0.71731,-0.8,-0.71
2020-11-05,-0.7172,-0.8,-0.7101
2020-11-06,-0.71943,-0.8,-0.7105
2020-11-09,-0.71836,-0.8,-0.7108
2020-11-10,-0.72024,-0.8,-0.7109
2020-11-11,-0.72079,-0.7,-0.7111
2020-11-12,-0.72071,-0.7,-0.7113
2020-11-13,-0.72079,-0.7,-0.7116
2020-11-16,-0.72024,-0.7,-0.712
2020-11-17,-0.72079,-0.7,-0.7121
2020-11-18,-0.72119,-0.7,-0.7123
2020-11-19,-0.72082,-0.7,-0.7125
2020-11-20,-0.72097,-0.7,-0.7129
2020-11-23,-0.72116,-0.7,-0.7133
2020-11-24,-0.72059,-0.7,-0.7135
2020-11-25,-0.7209,-0.7,-0.7137
2020-11-26,-0.72052,-0.7,-0.7138
2020-11-27,-0.7212,-0.7,-0.7144
2020-11-30,-0.72109,-0.7,-0.7146
2020-12-01,-0.72145,-0.7,-0.7148
2020-12-02,-0.72107,-0.7,-0.7149
2020-12-03,-0.72071,-0.73,-0.7151
2020-12-04,-0.72137,-0.73,-0.7156
2020-12-07,-0.72136,-0.73,-0.7158
2020-12-08,-0.72149,-0.73,-0.7159
2020-12-09,-0.72127,-0.73,-0.7161
2020-12-10,-0.72168,-0.73,-0.7163
2020-12-11,-0.72212,-0.73,-0.7167
2020-12-14,-0.7217,-0.73,-0.7169
2020-12-15,-0.72128,-0.77,-0.717
2020-12-16,-0.7216,-0.77,-0.7171
2020-12-17,-0.72208,-0.77,-0.7173
2020-12-18,-0.72299,-0.77,-0.7177
2020-12-21,-0.72169,-0.77,-0.7178
2020-12-22,-0.72292,-0.77,-0.718
2020-12-23,-0.72283,-0.77,-0.7181
2020-12-24,-0.722182,-0.77,-0.7183
2020-12-28,-0.722135,-0.77,-0.7187
2020-12-29,-0.72135,-0.73,-0.7187
2020-12-30,-0.719763,-0.72,-0.7187
2020-12-31,-0.726264,-0.72,-0.7191
2021-01-04,-0.725865,-0.72,-0.7194
2021-01-05,-0.724515,-0.72,-0.7195
2021-01-06,-0.725798,-0.72,-0.7196
2021-01-07,-0.723893,-0.72,-0.7197
2021-01-08,-0.723406,-0.72,-0.7198
2021-01-11,-0.723857,-0.72,-0.7201
2021-01-12,-0.725365,-0.73,-0.7201
2021-01-13,-0.724834,-0.73,-0.7202
2021-01-14,-0.725108,-0.73,-0.7203
2021-01-15,-0.724917,-0.73,-0.7205
2021-01-18,-0.725357,-0.73,-0.7207
2021-01-19,-0.724997,-0.73,-0.7207
2021-01-20,-0.725047,-0.73,-0.7208
2021-01-21,-0.725562,-0.73,-0.7209
2021-01-22,-0.725711,-0.73946,-0.7211
2021-01-25,-0.725137,-0.73946,-0.7213
2021-01-26,-0.72488,-0.73946,-0.7213
2021-01-27,-0.725359,-0.73946,-0.7214
2021-01-28,-0.725297,-0.73946,-0.7216
2021-01-29,-0.725018,-0.73946,-0.7218
2021-02-01,-0.72556,-0.73308,-0.7218
2021-02-02,-0.725884,-0.73,-0.7219
2021-02-03,-0.725384,-0.73333,-0.722
2021-02-04,-0.725535,-0.72958,-0.7221
2021-02-05,-0.724778,-0.72958,-0.7222
2021-02-08,-0.724961,-0.72958,-0.7223
2021-02-09,-0.725086,-0.735,-0.7224
2021-02-10,-0.725023,-0.73083,-0.7225
2021-02-11,-0.72494,-0.7675,-0.7225
2021-02-12,-0.725057,-0.73,-0.7226
2021-02-15,-0.725389,-0.73,-0.7227
2021-02-16,-0.724977,-0.73,-0.7228
2021-02-17,-0.724798,-0.73,-0.7228
2021-02-18,-0.725326,-0.73,-0.7228
2021-02-19,-0.724928,-0.73,-0.7229
2021-02-22,-0.725066,-0.73,-0.723
2021-02-23,-0.725337,-0.73,-0.7231
2021-02-24,-0.724678,-0.73,-0.7231
2021-02-25,-0.725764,-0.73,-0.7233
2021-02-26,-0.725267,-0.73,-0.7234
2021-03-01,-0.725595,-0.73,-0.7234
2021-03-02,-0.72567,-0.73,-0.7235
2021-03-03,-0.725254,-0.73,-0.7235
2021-03-04,-0.724943,-0.73,-0.7235
2021-03-05,-0.725098,-0.73,-0.7236
2021-03-08,-0.725185,-0.73,-0.7237
2021-03-09,-0.724883,-0.73,-0.7238
2021-03-10,-0.724911,-0.73,-0.7238
2021-03-11,-0.724896,-0.73,-0.7238
2021-03-12,-0.725128,-0.73,-0.7239
2021-03-15,-0.725506,-0.73,-0.724
2021-03-16,-0.725516,-0.73,-0.724
2021-03-17,-0.727027,-0.73,-0.7241
2021-03-18,-0.725519,-0.73,-0.7241
2021-03-19,-0.725382,-0.73,-0.7242
2021-03-22,-0.725509,-0.73,-0.7242
2021-03-23,-0.725212,-0.73,-0.7243
2021-03-24,-0.725431,-0.73,-0.7243
2021-03-25,-0.72542,-0.73,-0.7243
2021-03-26,-0.726038,-0.73,-0.7244
2021-03-29,-0.725177,-0.73,-0.7245
2021-03-30,-0.72523,-0.73,-0.7246
2021-03-31,-0.72334,-0.73,-0.7245
2021-04-01,-0.724835,-0.73,-0.7245
2021-04-06,-0.725452,-0.72667,-0.7245
2021-04-07,-0.725747,-0.73,-0.7245
2021-04-08,-0.726112,-0.73,-0.7245
2021-04-09,-0.725439,-0.73,-0.7246
2021-04-12,-0.726107,-0.73,-0.7246
2021-04-13,-0.726084,-0.73,-0.7246
2021-04-14,-0.725833,-0.73,-0.7246
2021-04-15,-0.726011,-0.73,-0.7246
2021-04-16,-0.726723,-0.73,-0.7247
2021-04-19,-0.725697,-0.73,-0.7247
2021-04-20,-0.725919,-0.73,-0.7247
2021-04-21,-0.725443,-0.7325,-0.7247
2021-04-22,-0.725669,-0.75783,-0.7247
2021-04-23,-0.72545,-0.72833,-0.7247
2021-04-26,-0.725411,-0.70375,-0.7247
2021-04-27,-0.725353,-0.70375,-0.7247
2021-04-28,-0.725862,-0.73042,-0.7247
2021-04-29,-0.725685,-0.72758,-0.7247
2021-04-30,-0.725071,-0.73,-0.7247
2021-05-03,-0.725467,-0.72792,-0.7247
2021-05-04,-0.725621,-0.72792,-0.7247
2021-05-05,-0.726071,-0.72792,-0.7247
2021-05-06,-0.725532,-0.72792,-0.7247
2021-05-07,-0.725736,-0.72792,-0.7248
2021-05-10,-0.725673,-0.72792,-0.7248
2021-05-11,-0.725637,-0.72792,-0.7248
2021-05-12,-0.725719,-0.72792,-0.7248
2021-05-14,-0.725896,-0.72792,-0.7248
2021-05-17,-0.725935,-0.72792,-0.7248
2021-05-18,-0.725932,-0.75,-0.7248
2021-05-19,-0.725931,-0.75,-0.7248
2021-05-20,-0.725432,-0.75,-0.7248
2021-05-21,-0.725094,-0.75,-0.7248
2021-05-25,-0.725852,-0.75,-0.7249
2021-05-26,-0.725944,-0.75,-0.7249
2021-05-27,-0.725891,-0.73,-0.7249
2021-05-28,-0.725971,-0.73,-0.7249
2021-05-31,-0.725578,-0.73,-0.7249
2021-06-01,-0.725216,-0.73,-0.7249
2021-06-02,-0.72592,-0.73,-0.7249
2021-06-03,-0.725901,-0.73,-0.7249
2021-06-04,-0.725913,-0.73,-0.7249
2021-06-07,-0.725575,-0.73,-0.7249
2021-06-08,-0.725885,-0.73,-0.7249
2021-06-09,-0.725567,-0.73,-0.7249
2021-06-10,-0.725823,-0.73,-0.7249
2021-06-11,-0.72561,-0.73,-0.7249
2021-06-14,-0.725256,-0.73,-0.725
2021-06-15,-0.725874,-0.73,-0.725
2021-06-16,-0.725392,-0.76,-0.725
2021-06-17,-0.725775,-0.76,-0.7249
2021-06-18,-0.725487,-0.76,-0.7249
2021-06-21,-0.726377,-0.76,-0.725
2021-06-22,-0.72633,-0.76,-0.725
2021-06-23,-0.725273,-0.75,-0.725
2021-06-24,-0.725911,-0.73,-0.725
2021-06-25,-0.725837,-0.73,-0.725
2021-06-28,-0.725809,-0.73,-0.725
2021-06-29,-0.725649,-0.73,-0.725
2021-06-30,-0.722566,-0.73,-0.725
2021-07-01,-0.721368,-0.73,-0.7249
2021-07-02,-0.725463,-0.73,-0.7249
2021-07-05,-0.726384,-0.73,-0.725
2021-07-06,-0.725663,-0.73,-0.725
2021-07-07,-0.725942,-0.73,-0.725
2021-07-08,-0.7263,-0.73,-0.725
2021-07-09,-0.726393,-0.73,-0.725
2021-07-12,-0.726061,-0.73,-0.725
2021-07-13,-0.726147,-0.88,-0.725
2021-07-14,-0.725377,-0.88,-0.725
2021-07-15,-0.727486,-0.73,-0.725
2021-07-16,-0.727183,-0.73,-0.725
2021-07-19,-0.725655,-0.73,-0.725
2021-07-20,-0.725509,-0.71,-0.725
2021-07-21,-0.725288,-0.71,-0.725
2021-07-22,-0.725112,-0.71,-0.725
2021-07-23,-0.725331,-0.71,-0.725
2021-07-26,-0.725046,-0.71,-0.725
2021-07-27,-0.725335,-0.71,-0.725
2021-07-28,-0.725111,-0.71,-0.725
2021-07-29,-0.724761,-0.71,-0.725
2021-07-30,-0.721564,-0.725,-0.7249
2021-08-02,-0.722162,-0.55,-0.7248
2021-08-03,-0.725132,-0.55,-0.7248
2021-08-04,-0.725226,-0.55,-0.7248
2021-08-05,-0.725503,-0.55,-0.7248
2021-08-06,-0.724848,-0.73,-0.7248
2021-08-09,-0.725512,-0.73,-0.7248
2021-08-10,-0.72521,-0.73,-0.7248
2021-08-11,-0.725185,-0.73,-0.7248
2021-08-12,-0.724325,-0.73,-0.7248
2021-08-13,-0.725337,-0.73,-0.7248
2021-08-16,-0.72518,-0.73,-0.7248
2021-08-17,-0.725222,-0.73,-0.7247
2021-08-18,-0.725143,-0.73,-0.7247
2021-08-19,-0.725126,-0.73,-0.7247
2021-08-20,-0.724845,-0.73,-0.7247
2021-08-23,-0.723977,-0.73,-0.7247
2021-08-24,-0.725193,-0.88,-0.7247
2021-08-25,-0.724588,-0.88,-0.7247
2021-08-26,-0.725125,-0.88,-0.7247
2021-08-27,-0.724611,-0.88,-0.7246
2021-08-30,-0.724721,-0.88,-0.7246
2021-08-31,-0.72305,-0.88,-0.7246
2021-09-01,-0.718864,-0.88,-0.7245
2021-09-02,-0.716148,-0.88,-0.7244
2021-09-03,-0.721662,-0.88,-0.7243
2021-09-06,-0.722411,-0.88,-0.7242
2021-09-07,-0.722069,-0.88,-0.7242
2021-09-08,-0.720505,-0.88,-0.7241
2021-09-09,-0.722743,-0.88,-0.7241
2021-09-10,-0.723513,-0.88,-0.7241
2021-09-13,-0.72327,-0.88,-0.724
2021-09-14,-0.719012,-0.88,-0.724
2021-09-15,-0.717876,-0.88,-0.7239
2021-09-16,-0.720633,-0.76,-0.7238
2021-09-17,-0.719884,-0.76,-0.7236
2021-09-20,-0.717677,-0.76,-0.7235
2021-09-21,-0.717596,-0.76,-0.7235
2021-09-22,-0.716263,-0.76,-0.7233
2021-09-23,-0.717637,-0.76,-0.7233
2021-09-24,-0.71804,-0.76,-0.723
2021-09-27,-0.719525,-0.76,-0.7229
2021-09-28,-0.719445,-0.76,-0.7229
2021-09-29,-0.71647,-0.76,-0.7228
2021-09-30,-0.672877,-0.76,-0.7222
2021-10-01,-0.712811,-0.76,-0.7219
2021-10-04,-0.713267,-0.76,-0.7217
2021-10-05,-0.713292,-0.76,-0.7216
2021-10-06,-0.714713,-0.77,-0.7215
2021-10-07,-0.713898,-0.72,-0.7213
2021-10-08,-0.714041,-0.71333,-0.721
2021-10-11,-0.712821,-0.71333,-0.7208
2021-10-12,-0.712646,-0.71333,-0.7206
2021-10-13,-0.711466,-0.71333,-0.7205
2021-10-14,-0.709209,-0.72,-0.7203
2021-10-15,-0.707996,-0.72,-0.7198
2021-10-18,-0.70989,-0.72,-0.7195
2021-10-19,-0.708234,-0.71722,-0.7193
2021-10-20,-0.710421,-0.72,-0.7191
2021-10-21,-0.710612,-0.72,-0.719
2021-10-22,-0.71018,-0.72,-0.7186
2021-10-25,-0.709472,-0.72,-0.7183
2021-10-26,-0.710629,-0.72,-0.7182
2021-10-27,-0.709791,-0.72,-0.718
2021-10-28,-0.708941,-0.72,-0.7178
2021-10-29,-0.693678,-0.72,-0.7168
2021-11-01,-0.707334,-0.72,-0.7167
2021-11-02,-0.706237,-0.72,-0.7165
2021-11-03,-0.705694,-0.72,-0.7163
2021-11-04,-0.709539,-0.72,-0.7162
2021-11-05,-0.709318,-0.72,-0.7158
2021-11-08,-0.710152,-0.72,-0.7155
2021-11-09,-0.710316,-0.72,-0.7153
2021-11-10,-0.711287,-0.70714,-0.7152
2021-11-11,-0.711822,-0.68,-0.715
2021-11-12,-0.711008,-0.68,-0.7148
2021-11-15,-0.710984,-0.68,-0.7144
2021-11-16,-0.710672,-0.68,-0.7143
2021-11-17,-0.710254,-0.68,-0.7141
2021-11-18,-0.710763,-0.68,-0.7139
2021-11-19,-0.710935,-0.68,-0.7137
2021-11-22,-0.711528,-0.68,-0.7133
2021-11-23,-0.706419,-0.68,-0.7132
2021-11-24,-0.710864,-0.68,-0.713
2021-11-25,-0.711259,-0.68,-0.7129
2021-11-26,-0.711175,-0.68,-0.7126
2021-11-29,-0.709617,-0.68,-0.7121
2021-11-30,-0.680889,-0.68,-0.7117
2021-12-01,-0.70365,-0.72,-0.7115
2021-12-02,-0.699979,-0.71,-0.7113
2021-12-03,-0.693841,-0.72,-0.7104
2021-12-06,-0.694074,-0.71,-0.7101
2021-12-07,-0.697951,-0.72,-0.7098
2021-12-08,-0.69887,-0.72,-0.7096
2021-12-09,-0.701685,-0.71,-0.7094
2021-12-10,-0.702749,-0.72,-0.7087
2021-12-13,-0.703301,-0.7181,-0.7085
2021-12-14,-0.70349,-0.7181,-0.7083
2021-12-15,-0.703286,-0.7181,-0.7081
2021-12-16,-0.706216,-0.7181,-0.708
2021-12-17,-0.707333,-0.7181,-0.7076
2021-12-20,-0.704973,-0.7181,-0.7074
2021-12-21,-0.702982,-0.7181,-0.7073
2021-12-22,-0.704224,-0.7181,-0.7071
2021-12-23,-0.704965,-0.7181,-0.707
2021-12-24,-0.70345,-0.7181,-0.7065
2021-12-27,-0.703335,-0.7181,-0.7063
2021-12-28,-0.703774,-0.7181,-0.7062
2021-12-29,-0.703104,-0.7181,-0.706
2021-12-30,-0.685636,-0.7181,-0.7058
2021-12-31,-0.68483,-0.7181,-0.7054
2022-01-03,-0.702072,-0.7075,-0.7052
2022-01-04,-0.704167,-0.7075,-0.7051
2022-01-05,-0.708718,-0.7,-0.705
2022-01-06,-0.709365,-0.83385,-0.705
2022-01-07,-0.70763,-0.70188,-0.7049
2022-01-10,-0.710004,-0.7175,-0.7047
2022-01-11,-0.709619,-0.705,-0.7047
2022-01-12,-0.709677,-0.69583,-0.7047
2022-01-13,-0.708242,-0.71667,-0.7046
2022-01-14,-0.70932,-0.7075,-0.7047
2022-01-17,-0.711491,-0.69611,-0.7047
2022-01-18,-0.711945,-0.705,-0.7047
2022-01-19,-0.712008,-0.712,-0.7048
2022-01-20,-0.711853,-0.69167,-0.7048
2022-01-21,-0.713036,-0.72,-0.7049
2022-01-24,-0.71234,-0.72,-0.7049
2022-01-25,-0.713136,-0.7,-0.7049
2022-01-26,-0.712482,-0.7,-0.7049
2022-01-27,-0.711974,-0.72,-0.705
2022-01-28,-0.712118,-0.72,-0.7051
2022-01-31,-0.696923,-0.72,-0.7054
2022-02-01,-0.710138,-0.69167,-0.7055
2022-02-02,-0.711321,-0.705,-0.7055
2022-02-03,-0.712981,-0.68437,-0.7056
2022-02-04,-0.712908,-0.69533,-0.7058
2022-02-07,-0.713964,-0.68889,-0.7058
2022-02-08,-0.714349,-0.71417,-0.7058
2022-02-09,-0.715874,-0.68958,-0.7059
2022-02-10,-0.716083,-0.70529,-0.7059
2022-02-11,-0.71617,-0.69989,-0.7062
2022-02-14,-0.713401,-0.7075,-0.7061
2022-02-15,-0.71641,-0.7075,-0.7062
2022-02-16,-0.71632,-0.7075,-0.7062
2022-02-17,-0.716009,-0.7075,-0.7063
2022-02-18,-0.716572,-0.69833,-0.7065
2022-02-21,-0.71674,-0.69833,-0.7065
2022-02-22,-0.716355,-0.69833,-0.7066
2022-02-23,-0.717005,-0.69833,-0.7067
2022-02-24,-0.718465,-0.69833,-0.7068
2022-02-25,-0.716351,-0.55,-0.7069
2022-02-28,-0.698075,-0.55,-0.7071
2022-03-01,-0.712445,-0.55,-0.7072
2022-03-02,-0.715363,-0.55,-0.7072
2022-03-03,-0.717187,-0.55,-0.7075
2022-03-04,-0.716227,-0.715,-0.7082
2022-03-07,-0.716135,-0.715,-0.7086
2022-03-08,-0.712995,-0.69167,-0.7087
2022-03-09,-0.714656,-0.69167,-0.7089
2022-03-10,-0.704382,-0.69167,-0.7088
2022-03-11,-0.708304,-0.715,-0.709
2022-03-14,-0.699052,-0.68,-0.709
2022-03-15,-0.697491,-0.6975,-0.709
2022-03-16,-0.688875,-0.7025,-0.7088
2022-03-17,-0.681313,-0.7025,-0.7084
2022-03-18,-0.68743,-0.7025,-0.7078
2022-03-21,-0.691724,-0.7025,-0.7077
2022-03-22,-0.691818,-0.7025,-0.7076
2022-03-23,-0.692133,-0.71,-0.7074
2022-03-24,-0.698258,-0.71,-0.7073
2022-03-25,-0.700627,-0.71,-0.7072
2022-03-28,-0.699483,-0.705,-0.7072
2022-03-29,-0.700303,-0.705,-0.7072
2022-03-30,-0.701874,-0.695,-0.7074
2022-03-31,-0.701726,-0.695,-0.7081
2022-04-01,-0.7033,-0.695,-0.7079
2022-04-04,-0.706659,-0.645,-0.708
2022-04-05,-0.708468,-0.65,-0.708
2022-04-06,-0.707253,-0.6725,-0.708
2022-04-07,-0.708562,-0.645,-0.708
2022-04-08,-0.708183,-0.645,-0.708
2022-04-11,-0.707956,-0.645,-0.708
2022-04-12,-0.707958,-0.645,-0.708
2022-04-13,-0.70804,-0.685,-0.708
2022-04-14,-0.709521,-0.685,-0.7079
2022-04-19,-0.709118,-0.685,-0.7079
2022-04-20,-0.708712,-0.685,-0.7078
2022-04-21,-0.709692,-0.685,-0.7079
2022-04-22,-0.708779,-0.685,-0.7077
2022-04-25,-0.707494,-0.685,-0.7076
2022-04-26,-0.708318,-0.685,-0.7076
2022-04-27,-0.707814,-0.685,-0.7075
2022-04-28,-0.70715,-0.685,-0.7074
2022-04-29,-0.701592,-0.685,-0.7073
2022-05-02,-0.701838,-0.685,-0.7072
2022-05-03,-0.704452,-0.685,-0.7071
2022-05-04,-0.706886,-0.685,-0.7071
2022-05-05,-0.705288,-0.685,-0.707
2022-05-06,-0.707319,-0.685,-0.7068
2022-05-09,-0.70797,-0.685,-0.7066
2022-05-10,-0.709857,-0.685,-0.7065
2022-05-11,-0.710185,-0.685,-0.7066
2022-05-12,-0.709048,-0.685,-0.7066
2022-05-13,-0.70922,-0.685,-0.7063
2022-05-16,-0.709321,-0.685,-0.7061
2022-05-17,-0.709033,-0.685,-0.706
2022-05-18,-0.710689,-0.685,-0.7061
2022-05-19,-0.710857,-0.685,-0.7061
2022-05-20,-0.709677,-0.685,-0.7058
2022-05-23,-0.708531,-0.685,-0.7056
2022-05-24,-0.709266,-0.685,-0.7055
2022-05-25,-0.709319,-0.685,-0.7055
2022-05-27,-0.709455,-0.685,-0.7053
2022-05-30,-0.709508,-0.685,-0.7053
2022-05-31,-0.692302,-0.685,-0.7053
2022-06-01,-0.708829,-0.685,-0.7052
2022-06-02,-0.708356,-0.685,-0.7052
2022-06-03,-0.708833,-0.685,-0.7051
2022-06-07,-0.70856,-0.685,-0.7047
2022-06-08,-0.707917,-0.685,-0.7047
2022-06-09,-0.707851,-0.685,-0.7046
2022-06-10,-0.707569,-0.685,-0.7047
2022-06-13,-0.708642,-0.685,-0.7046
2022-06-14,-0.703587,-0.4,-0.7047
2022-06-15,-0.695887,-0.4,-0.7047
2022-06-16,-0.499792,-0.4,-0.7026
2022-06-17,-0.210253,-0.4,-0.6871
2022-06-20,-0.210508,-0.4,-0.682
2022-06-21,-0.207307,-0.4,-0.6767
2022-06-22,-0.194618,-0.4,-0.6713
2022-06-23,-0.198652,-0.4,-0.666
2022-06-24,-0.201077,-0.4,-0.6508
2022-06-27,-0.202217,-0.4,-0.6443
2022-06-28,-0.195158,-0.4,-0.6388
2022-06-29,-0.200881,-0.4,-0.6327
2022-06-30,-0.195447,-0.4,-0.6271
2022-07-01,-0.205053,-0.11,-0.6107
2022-07-04,-0.206222,-0.11,-0.6052
2022-07-05,-0.209658,-0.11,-0.5998
2022-07-06,-0.210571,-0.11,-0.5943
2022-07-07,-0.212121,-0.11,-0.5889
2022-07-08,-0.212823,-0.11,-0.5726
2022-07-11,-0.209433,-0.11,-0.5671
2022-07-12,-0.207978,-0.11,-0.5616
2022-07-13,-0.20999,-0.11,-0.5561
2022-07-14,-0.210415,-0.11,-0.5524
2022-07-15,-0.210095,-0.11,-0.5416
2022-07-18,-0.210317,-0.11,-0.5287
2022-07-19,-0.213576,-0.11,-0.5233
2022-07-20,-0.213134,-0.11,-0.5179
2022-07-21,-0.210998,-0.11,-0.5124
2022-07-22,-0.202208,-0.11,-0.4957
2022-07-25,-0.20659,-0.11,-0.4902
2022-07-26,-0.208027,-0.11,-0.4847
2022-07-27,-0.206142,-0.11,-0.4792
2022-07-28,-0.206001,-0.11,-0.4737
2022-07-29,-0.18865,-0.11,-0.4539
2022-08-02,-0.208158,-0.11,-0.4485
2022-08-03,-0.207892,-0.11,-0.4432
2022-08-04,-0.208758,-0.11,-0.4377
2022-08-05,-0.20833,-0.11,-0.4276
2022-08-08,-0.208007,-0.11,-0.4161
2022-08-09,-0.208244,-0.11,-0.4107
2022-08-10,-0.207915,-0.11,-0.4052
2022-08-11,-0.209194,-0.11,-0.3998
2022-08-12,-0.209749,-0.11,-0.3904
2022-08-15,-0.207749,-0.11,-0.3781
2022-08-16,-0.209503,-0.11,-0.3726
2022-08-17,-0.210782,0.07,-0.3672
2022-08-18,-0.21047,0.06,-0.3618
2022-08-19,-0.210692,0.06,-0.3533
2022-08-22,-0.208649,0.06,-0.3401
2022-08-23,-0.209666,0.06,-0.3347
2022-08-24,-0.210045,0.06,-0.3292
2022-08-25,-0.206724,0.06,-0.3279
2022-08-26,-0.20915,0.06,-0.316
2022-08-29,-0.209884,0.06,-0.3021
2022-08-30,-0.211085,0.06,-0.2966
2022-08-31,-0.200623,0.06,-0.2913
2022-09-01,-0.209887,0.06,-0.2859
2022-09-02,-0.209099,0.06,-0.2789
2022-09-05,-0.209949,0.06,-0.2782
2022-09-06,-0.210622,0.06,-0.2588
2022-09-07,-0.211577,0.06,-0.2534
2022-09-08,-0.21227,0.06,-0.248
2022-09-09,-0.212704,0.06,-0.242
2022-09-12,-0.213135,0.06,-0.2265
2022-09-13,-0.213529,0.06,-0.2211
2022-09-14,-0.212813,0.06,-0.2158
2022-09-15,-0.211355,0.06,-0.2105
2022-09-16,-0.213174,0.06,-0.2075
2022-09-19,-0.213773,0.06,-0.2075
2022-09-20,-0.215364,0.06,-0.2076
2022-09-21,-0.214512,0.06,-0.2076
2022-09-22,-0.213901,0.06,-0.2078
2022-09-23,0.375998,0.06,-0.1893
2022-09-26,0.382446,0.445,-0.1827
2022-09-27,0.377469,0.445,-0.1764
2022-09-28,0.397292,0.445,-0.17
2022-09-29,0.401184,0.445,-0.1634
2022-09-30,0.43653,0.445,-0.144
2022-10-03,0.438425,0.445,-0.1356
2022-10-04,0.444624,0.445,-0.1286
2022-10-05,0.445109,0.445,-0.1215
2022-10-06,0.441356,0.55,-0.1144
2022-10-07,0.43978,0.55,-0.0957
2022-10-10,0.444302,0.55,-0.086
2022-10-11,0.444284,0.55,-0.0789
2022-10-12,0.442408,0.55,-0.0718
2022-10-13,0.439929,0.55,-0.0647
2022-10-14,0.437208,0.54,-0.0472
2022-10-17,0.451909,0.54,-0.0364
2022-10-18,0.450573,,-0.0292
2022-10-19,0.447044,0.54,-0.0221
2022-10-20,0.446218,0.54,-0.0149
2022-10-21,0.437791,0.54,0.0016
2022-10-24,0.430327,0.54,0.0129
2022-10-25,0.440404,0.54,0.02
2022-10-26,0.441779,0.54,0.027
2022-10-27,0.453023,0.54,0.0342
2022-10-28,0.459605,0.54,0.0503
2022-10-31,0.470718,0.54,0.0655
2022-11-01,0.472101,0.54,0.0699
2022-11-02,0.462801,0.54,0.0772
2022-11-03,0.456521,0.54,0.0844
2022-11-04,0.447446,0.54,0.0991
2022-11-07,0.453429,0.54,0.113
2022-11-08,0.45052,0.54,0.1201
2022-11-09,0.450096,0.54,0.1273
2022-11-10,0.452104,0.54,0.1345
2022-11-11,0.451399,0.54,0.1483
2022-11-14,0.450827,0.54,0.1632
2022-11-15,0.453219,0.54,0.1704
2022-11-16,0.451232,0.54,0.1776
2022-11-17,0.450881,0.54,0.1848
2022-11-18,0.45025,0.54,0.1975
2022-11-21,0.456993,0.54,0.2136
2022-11-22,0.451251,0.54,0.2208
2022-11-23,0.452323,0.54,0.228
2022-11-24,0.451409,0.54,0.2352
2022-11-25,0.45454,0.54,0.2469
2022-11-28,0.459359,0.54,0.2641
2022-11-29,0.459201,0.54,0.2767
2022-11-30,0.459251,0.54,0.2839
2022-12-01,0.459501,0.54,0.2913
2022-12-02,0.458407,0.54,0.3133
2022-12-05,0.456258,0.54,0.3206
2022-12-06,0.457149,0.54,0.328
2022-12-07,0.456799,0.54,0.3353
2022-12-08,0.460195,0.54,0.3427
2022-12-09,0.461501,0.54,0.365
2022-12-12,0.459335,0.54,0.3724
2022-12-13,0.453391,0.54,0.3797
2022-12-14,0.453386,0.54,0.387
2022-12-15,0.451261,0.54,0.3943
2022-12-16,0.938534,0.97333,0.4323
2022-12-19,0.93703,0.95,0.445
2022-12-20,0.943006,0.95,0.4577
2022-12-21,0.948754,0.95,0.4705
2022-12-22,0.950917,0.95,0.4833
2022-12-23,0.956236,0.95,0.5074
2022-12-27,0.936676,0.95,0.515
2022-12-28,0.939876,0.95,0.5209
2022-12-29,0.935247,0.95,0.5268
2022-12-30,0.942118,0.95,0.5478
2023-01-03,0.950925,0.95,0.5534
2023-01-04,0.946407,0.95,0.5589
2023-01-05,0.947037,0.95,0.5643
2023-01-06,0.9457,0.95,0.5779
2023-01-09,0.946529,0.95,0.5864
2023-01-10,0.945695,0.99,0.5918
2023-01-11,0.935692,0.99,0.5972
2023-01-12,0.930891,0.99,0.6025
2023-01-13,0.931384,1.005,0.6148
2023-01-16,0.939932,1,0.6241
2023-01-17,0.936423,1,0.6294
2023-01-18,0.937781,1,0.6347
2023-01-19,0.937,1,0.64
2023-01-20,0.937331,1,0.6516
2023-01-23,0.939358,1,0.6617
2023-01-24,0.939101,1,0.6672
2023-01-25,0.945416,1,0.6727
2023-01-26,0.945952,1,0.6782
2023-01-27,0.947518,1,0.6892
2023-01-30,0.947953,1,0.6995
2023-01-31,0.946142,1,0.7047
2023-02-01,0.941766,1,0.7098
2023-02-02,0.942125,1,0.715
2023-02-03,0.945657,1,0.7252
2023-02-06,0.946981,1,0.7367
2023-02-07,0.952499,1,0.7421
2023-02-08,0.95597,1,0.7476
2023-02-09,0.951653,1,0.7531
2023-02-10,0.941853,1,0.7623
2023-02-13,0.937642,1,0.7744
2023-02-14,0.935515,1,0.7796
2023-02-15,0.939515,1,0.7849
2023-02-16,0.94474,1,0.7903
2023-02-17,0.947335,1,0.799
2023-02-20,0.948901,1,0.812
2023-02-21,0.950916,1,0.8174
2023-02-22,0.948011,1,0.8228
2023-02-23,0.942773,1,0.8281
2023-02-24,0.943507,1,0.8359
2023-02-27,0.940019,1,0.8581
2023-02-28,0.937929,1,0.8634
2023-03-01,0.928169,1,0.8686
2023-03-02,0.929027,1,0.8693
2023-03-03,0.926975,1,0.8848
2023-03-06,0.934311,1,0.8948
2023-03-07,0.944765,1.40125,0.9003
2023-03-08,0.947806,1.42167,0.9057
2023-03-09,0.945913,1.43,0.9062
2023-03-10,0.942749,1.43,0.9221
2023-03-13,0.933465,1.415,0.9325
2023-03-14,0.920294,1.415,0.9377
2023-03-15,0.917445,1.415,0.9429
2023-03-16,0.919193,1.45,0.9427
2023-03-17,0.914586,1.45,0.9419
2023-03-20,0.913614,1.48,0.9416
2023-03-21,0.910171,1.48,0.9412
2023-03-22,0.910832,1.48,0.9407
2023-03-23,0.90927,1.4,0.9404
2023-03-24,1.411623,1.45,0.9554
2023-03-27,1.416662,1.45,0.9608
2023-03-28,1.409683,1.45,0.966
2023-03-29,1.408664,1.45,0.9713
2023-03-30,1.408923,1.45,0.9761
2023-03-31,1.418617,1.45,0.9924
2023-04-03,1.415224,1.45,0.9976
2023-04-04,1.420873,1.45,1.0029
2023-04-05,1.41309,1.45,1.008
2023-04-06,1.408214,1.45,1.0329
2023-04-11,1.406466,1.45,1.039
2023-04-12,1.405669,1.45,1.0443
2023-04-13,1.403658,1.45,1.0483
2023-04-14,1.406057,1.45,1.064
2023-04-17,1.40519,1.45,1.0706
2023-04-18,1.403842,1.45,1.0758
2023-04-19,1.403672,1.45,1.081
2023-04-20,1.403713,1.45,1.0846
2023-04-21,1.406175,1.45,1.1001
2023-04-24,1.406652,1.45,1.107
2023-04-25,1.411953,1.45,1.1122
2023-04-26,1.411067,1.45,1.1174
2023-04-27,1.4116,1.45,1.1285
2023-04-28,1.419656,1.45,1.1436
2023-05-02,1.415141,1.45,1.1512
2023-05-03,1.409492,1.45,1.1541
2023-05-04,1.409696,1.45,1.157
2023-05-05,1.410029,1.45,1.1748
2023-05-08,1.412095,1.45,1.1824
2023-05-09,1.411864,1.45,1.1876
2023-05-10,1.412144,1.45,1.1901
2023-05-11,1.413819,1.45,1.1926
2023-05-12,1.415745,1.45,1.2113
2023-05-15,1.421139,1.45,1.2198
2023-05-16,1.426579,1.45,1.2252
2023-05-17,1.430799,1.45,1.2298
2023-05-19,1.438342,1.45,1.2493
2023-05-22,1.439054,1.45,1.2582
2023-05-23,1.441378,1.45,1.2638
2023-05-24,1.445112,1.45,1.2658
2023-05-25,1.446946,1.45,1.2679
2023-05-26,1.444863,1.45,1.2863
2023-05-30,1.442698,1.45,1.2917
2023-05-31,1.441883,1.45,1.2972
2023-06-01,1.441654,1.45,1.3028
2023-06-02,1.4433,1.45,1.3114
2023-06-05,1.44792,1.45,1.3254
2023-06-06,1.450229,1.45,1.331
2023-06-07,1.446603,1.45,1.3365
2023-06-08,1.442492,1.45,1.3419
2023-06-09,1.445362,1.45,1.3495
2023-06-12,1.446341,1.45,1.3638
2023-06-13,1.443889,1.45,1.3694
2023-06-14,1.445878,1.45,1.3751
2023-06-15,1.442594,1.45,1.3808
2023-06-16,1.440526,1.45,1.3878
2023-06-19,1.442093,1.45,1.4037
2023-06-20,1.445475,1.98,1.4095
2023-06-21,1.447099,1.98,1.4154
2023-06-22,1.448692,1.98,1.4213
2023-06-23,1.701615,1.6,1.4358
2023-06-26,1.7004,1.72,1.4394
2023-06-27,1.70886,1.72,1.4426
2023-06-28,1.70968,1.72,1.4458
2023-06-29,1.708458,1.72,1.4495
2023-06-30,1.706544,1.72,1.459
2023-07-03,1.704213,1.72,1.4622
2023-07-04,1.702213,1.72,1.4653
2023-07-05,1.707851,1.72,1.4686
2023-07-06,1.708765,1.72,1.4712
2023-07-07,1.704242,1.72,1.4788
2023-07-10,1.703358,1.72,1.4849
2023-07-11,1.704296,1.72,1.4882
2023-07-12,1.702762,1.72,1.4915
2023-07-13,1.706807,1.72,1.4948
2023-07-14,1.705028,1.72,1.5047
2023-07-17,1.705483,1.72,1.508
2023-07-18,1.70415,1.72,1.5113
2023-07-19,1.698396,1.72,1.5146
2023-07-20,1.701809,1.72,1.5179
2023-07-21,1.699912,1.72,1.5276
2023-07-24,1.702515,1.72,1.5309
2023-07-25,1.704625,1.72,1.5341
2023-07-26,1.703171,1.72,1.5373
2023-07-27,1.70246,1.72,1.5405
2023-07-28,1.702673,1.72,1.5459
2023-07-31,1.702332,1.72,1.5547
2023-08-02,1.703545,1.74,1.5579
2023-08-03,1.704863,1.74,1.5611
2023-08-04,1.703302,1.77,1.5674
2023-08-07,1.701767,1.77,1.5739
2023-08-08,1.699609,1.77,1.577
2023-08-09,1.699594,1.77,1.5801
2023-08-10,1.705462,1.77,1.5833
2023-08-11,1.704926,1.77,1.5892
2023-08-14,1.701845,1.77,1.596
2023-08-15,1.701462,1.77,1.599
2023-08-16,1.701861,1.77,1.602
2023-08-17,1.703562,1.77,1.6032
2023-08-18,1.700878,1.77,1.6101
2023-08-21,1.703331,1.77,1.6166
2023-08-22,1.704182,1.77,1.6195
2023-08-23,1.704796,1.77,1.6223
2023-08-24,1.705545,1.77,1.6252
2023-08-25,1.706332,1.77,1.6298
2023-08-28,1.706795,1.77,1.6307
2023-08-29,1.70741,1.77,1.6394
2023-08-30,1.708408,1.77,1.6423
2023-08-31,1.705343,1.77,1.6452
2023-09-01,1.711618,1.77,1.6497
2023-09-04,1.709978,1.77,1.6569
2023-09-05,1.711051,1.77,1.6598
2023-09-06,1.706935,1.77,1.6626
2023-09-07,1.705561,1.77,1.6654
2023-09-08,1.706236,1.77,1.6693
2023-09-11,1.708817,1.77,1.6769
2023-09-12,1.706555,1.77,1.6797
2023-09-13,1.70689,1.77,1.6826
2023-09-14,1.700734,1.77,1.6854
2023-09-15,1.700567,1.77,1.6886
2023-09-18,1.701675,1.77,1.6967
2023-09-19,1.702976,1.77,1.6996
2023-09-20,1.700375,1.77,1.7023
2023-09-21,1.701338,1.77,1.7051
2023-09-22,1.700475,1.77,1.7079
2023-09-25,1.70186,1.77,1.7079
2023-09-26,1.702164,1.77,1.7079
2023-09-27,1.701741,1.77,1.7078
2023-09-28,1.706153,1.77,1.7077
2023-09-29,1.714893,1.77,1.7079
2023-10-02,1.704915,1.77,1.708
2023-10-03,1.701815,1.77,1.708
2023-10-04,1.699385,1.77,1.7079
2023-10-05,1.700216,1.77,1.7078
2023-10-06,1.700914,1.77,1.7078
2023-10-09,1.698884,1.77,1.7076
2023-10-10,1.700341,1.77,1.7076
2023-10-11,1.700226,1.77,1.7076
2023-10-12,1.699913,1.77,1.7075
2023-10-13,1.70154,1.77,1.7075
2023-10-16,1.701694,1.77,1.7074
2023-10-17,1.70031,1.77,1.7073
2023-10-18,1.699536,1.77,1.7072
2023-10-19,1.698968,1.77,1.7073
2023-10-20,1.701336,1.77,1.7073
2023-10-23,1.701569,1.77,1.7073
2023-10-24,1.698161,1.77,1.7072
2023-10-25,1.697237,1.77,1.7072
2023-10-26,1.697465,1.77,1.7071
2023-10-27,1.699679,1.77,1.7071
2023-10-30,1.702119,1.77,1.707
2023-10-31,1.704967,1.77,1.707
2023-11-01,1.702131,1.77,1.707
2023-11-02,1.702371,1.77,1.707
2023-11-03,1.701846,1.77,1.707
2023-11-06,1.701759,1.77,1.7069
2023-11-07,1.701979,1.77,1.7069
2023-11-08,1.70101,1.77,1.707
2023-11-09,1.70108,1.77,1.707
2023-11-10,1.701457,1.77,1.707
2023-11-13,1.70072,1.77,1.7068
2023-11-14,1.700049,1.77,1.7068
2023-11-15,1.700459,1.77,1.7068
2023-11-16,1.69933,1.77,1.7067
2023-11-17,1.699685,1.77,1.7067
2023-11-20,1.699253,1.77,1.7067
2023-11-21,1.702206,1.77,1.7066
2023-11-22,1.701947,1.77,1.7066
2023-11-23,1.70257,1.63,1.7066
2023-11-24,1.704387,1.63,1.7067
2023-11-27,1.704673,1.63,1.7065
2023-11-28,1.703549,1.63,1.7065
2023-11-29,1.704445,1.63,1.7064
2023-11-30,1.701526,1.63,1.7063
2023-12-01,1.699033,1.63,1.7059
2023-12-04,1.696895,1.63,1.7058
2023-12-05,1.691936,1.63,1.7055
2023-12-06,1.69365,1.63,1.7054
2023-12-07,1.695332,1.63,1.7053
2023-12-08,1.699898,1.63,1.7051
2023-12-11,1.700407,1.63,1.705
2023-12-12,1.700559,1.63,1.7049
2023-12-13,1.701327,1.63,1.7049
2023-12-14,1.70078,1.63,1.7049
2023-12-15,1.699106,1.6775,1.7048
2023-12-18,1.700771,1.6775,1.7048
2023-12-19,1.699231,1.6775,1.7048
2023-12-20,1.701433,1.6775,1.7048
2023-12-21,1.702508,1.6775,1.7048
2023-12-22,1.704054,1.6775,1.705
2023-12-27,1.701535,1.6775,1.7049
2023-12-28,1.70188,1.6775,1.7049
2023-12-29,1.695237,1.6775,1.7042
2024-01-03,1.694779,1.6775,1.704
2024-01-04,1.690338,1.6775,1.7039
2024-01-05,1.686726,1.6775,1.7036
2024-01-08,1.690512,1.6775,1.7034
2024-01-09,1.688941,1.6775,1.7033
2024-01-10,1.689353,1.6775,1.7031
2024-01-11,1.691429,1.6775,1.703
2024-01-12,1.690244,1.6775,1.7028
2024-01-15,1.68888,1.6775,1.7025
2024-01-16,1.686876,1.6775,1.7024
2024-01-17,1.686621,1.6775,1.7022
2024-01-18,1.688876,1.6775,1.7021
2024-01-19,1.692545,1.6775,1.702
2024-01-22,1.692735,1.6775,1.7018
2024-01-23,1.693011,1.6775,1.7017
2024-01-24,1.69567,1.6775,1.7016
2024-01-25,1.696522,1.71,1.7016
2024-01-26,1.697123,1.71,1.7017
2024-01-29,1.699185,1.71,1.7016
2024-01-30,1.698356,1.71,1.7015
2024-01-31,1.698236,1.71,1.7015
2024-02-01,1.694949,1.71,1.7014
2024-02-02,1.688292,1.71,1.7011
2024-02-05,1.687931,1.71,1.7008
2024-02-06,1.688387,1.71,1.7006
2024-02-07,1.689922,1.71,1.7005
2024-02-08,1.688498,1.71,1.7004
2024-02-09,1.69183,1.71,1.7002
2024-02-12,1.692736,1.71,1.7
2024-02-13,1.690615,1.71,1.6998
2024-02-14,1.691751,1.71,1.6998
2024-02-15,1.692719,1.71,1.6997
2024-02-16,1.693807,1.71,1.6996
2024-02-19,1.693803,1.71,1.6994
2024-02-20,1.691227,1.71,1.6993
2024-02-21,1.693673,1.71,1.6992
2024-02-22,1.692129,1.71,1.6991
2024-02-23,1.692184,1.71,1.699
2024-02-26,1.696172,1.71,1.6987
2024-02-27,1.694975,1.71,1.6986
2024-02-28,1.694525,1.71,1.6983
2024-02-29,1.697838,1.5,1.6983
2024-03-01,1.694055,1.5,1.6981
2024-03-04,1.695789,1.5,1.6981
2024-03-05,1.695347,1.5,1.6981
2024-03-06,1.694277,1.5,1.6981
2024-03-07,1.695992,1.5,1.6981
2024-03-08,1.701244,1.5,1.6982
2024-03-11,1.699708,1.5,1.6982
2024-03-12,1.698228,1.5,1.6982
2024-03-13,1.69956,1.5,1.6981
2024-03-14,1.696295,1.5,1.6981
2024-03-15,1.697469,1.5,1.698
2024-03-18,1.696503,1.5,1.698
2024-03-19,1.695934,1.5,1.6979
2024-03-20,1.693594,1.5,1.6979
2024-03-21,1.6918,1.5,1.6977
2024-03-22,1.44758,1.5,1.69
2024-03-25,1.454148,1.5,1.6875
2024-03-26,1.45452,1.5,1.6837
2024-03-27,1.458166,1.5,1.6807
2024-03-28,1.464207,1.5,1.6679
2024-04-02,1.456716,1.5,1.6656
2024-04-03,1.460285,1.5,1.663
2024-04-04,1.459122,1.5,1.6605
2024-04-05,1.457959,1.5,1.6529
2024-04-08,1.457619,1.5,1.6503
2024-04-09,1.45835,1.5,1.6478
2024-04-10,1.45812,1.5,1.6452
2024-04-11,1.455746,1.5,1.6426
2024-04-12,1.453258,1.5,1.6348
2024-04-15,1.45112,1.5,1.6322
2024-04-16,1.449709,1.5,1.6295
2024-04-17,1.44733,1.5,1.6269
2024-04-18,1.442089,1.5,1.6242
2024-04-19,1.442328,1.5,1.6159
2024-04-22,1.44276,1.5,1.6131
2024-04-23,1.442898,1.5,1.6104
2024-04-24,1.444651,1.5,1.6076
2024-04-25,1.445272,1.5,1.6048
2024-04-26,1.450566,1.5,1.5967
2024-04-29,1.449736,1.5,1.5927
2024-04-30,1.444518,1.5,1.5883
2024-05-02,1.437733,1.5,1.5855
2024-05-03,1.426044,1.5,1.5768
2024-05-06,1.435355,1.5,1.5727
2024-05-07,1.4453,1.5,1.57
2024-05-08,1.454082,1.5,1.5662
2024-05-10,1.452282,1.5,1.5582
2024-05-13,1.450828,1.5,1.554
2024-05-14,1.449836,1.5,1.5513
2024-05-15,1.453954,1.5,1.5486
2024-05-16,1.455802,1.5,1.5477
2024-05-17,1.456056,1.5,1.5372
2024-05-21,1.456992,1.5,1.5328
2024-05-22,1.458429,1.5,1.5301
2024-05-23,1.454432,1.5,1.5294
2024-05-24,1.455883,1.5,1.5216
2024-05-27,1.451538,1.5,1.5168
2024-05-28,1.451265,1.5,1.5141
2024-05-29,1.454613,1.5,1.5135
2024-05-30,1.452758,1.5,1.5129
2024-05-31,1.450122,1.5,1.5091
2024-06-03,1.45098,1.5,1.5022
2024-06-04,1.453137,1.5,1.4996
2024-06-05,1.453866,1.5,1.497
2024-06-06,1.453696,1.5,1.4943
2024-06-07,1.452103,1.5,1.491
2024-06-10,1.454816,1.5,1.4836
2024-06-11,1.457456,1.5,1.4809
2024-06-12,1.454286,1.5,1.4782
2024-06-13,1.453921,1.5,1.4756
2024-06-14,1.454223,1.5,1.4726
2024-06-17,1.45572,1.5,1.465
2024-06-18,1.45461,1.5,1.4623
2024-06-19,1.454893,1.5,1.4597
2024-06-20,1.456421,1.5,1.4571
2024-06-21,1.204251,1.5,1.4466
2024-06-24,1.202707,1.22,1.4438
2024-06-25,1.205118,1.22,1.4411
2024-06-26,1.206326,1.2,1.4384
2024-06-27,1.20713,1.2,1.4357
2024-06-28,1.215794,1.2,1.4266
2024-07-01,1.208308,1.2,1.4243
2024-07-02,1.213268,1.2,1.4216
2024-07-03,1.212014,1.2,1.4188
2024-07-04,1.212364,1.2,1.4161
2024-07-05,1.211015,1.2,1.4079
2024-07-08,1.208443,1.2,1.4052
2024-07-09,1.207741,1.2,1.4024
2024-07-10,1.206247,1.2,1.3997
2024-07-11,1.206517,1.2,1.3969
2024-07-12,1.207995,1.2,1.3888
2024-07-15,1.208554,1.2,1.3861
2024-07-16,1.208908,1.2,1.3835
2024-07-17,1.205895,1.2,1.3808
2024-07-18,1.205773,1.2,1.3782
2024-07-19,1.208429,1.2,1.3705
2024-07-22,1.207598,1.2,1.3679
2024-07-23,1.207876,1.2,1.3653
2024-07-24,1.209121,1.175,1.3627
2024-07-25,1.209482,1.175,1.3601
2024-07-26,1.211311,1.175,1.3522
2024-07-29,1.211299,1.175,1.3495
2024-07-30,1.210451,1.175,1.3481
2024-07-31,1.21096,1.175,1.343
2024-08-02,1.209619,1.14375,1.3378
2024-08-05,1.206532,1.125,1.3334
2024-08-06,1.207096,1.125,1.3309
2024-08-07,1.207372,1.09217,1.3283
2024-08-08,1.206481,1.1025,1.327
2024-08-09,1.206513,1.1025,1.3205
2024-08-12,1.206126,1.09,1.3148
2024-08-13,1.206,1.055,1.3122
2024-08-14,1.207015,1.035,1.3095
2024-08-15,1.203786,1.04,1.3068
2024-08-16,1.2054,1.04,1.302
2024-08-19,1.205828,1.04,1.3011
2024-08-20,1.204342,1.035,1.2931
2024-08-21,1.205778,1.035,1.2904
2024-08-22,1.207156,1.035,1.2876
2024-08-23,1.20722,1.04,1.2834
2024-08-26,1.207089,1.04,1.2768
2024-08-27,1.208908,1.06,1.2742
2024-08-28,1.209164,1.06,1.2715
2024-08-29,1.21459,1.05,1.2668
2024-08-30,1.217226,1.05,1.2591
2024-09-02,1.211984,1.04,1.2587
2024-09-03,1.210999,1.04,1.2561
2024-09-04,1.20959,1.04,1.2534
2024-09-05,1.208263,1.035,1.2507
2024-09-06,1.206876,1.025,1.2472
2024-09-09,1.20863,1.025,1.24
2024-09-10,1.207482,1.025,1.2373
2024-09-11,1.207226,1.025,1.2346
2024-09-12,1.206801,1.025,1.2319
2024-09-13,1.207743,1.025,1.2288
2024-09-16,1.208721,1.025,1.2212
2024-09-17,1.20914,1.025,1.2185
2024-09-18,1.206692,1.025,1.2158
2024-09-19,1.207062,1.025,1.2131
2024-09-20,1.207798,1.025,1.2104
2024-09-23,1.206141,1.025,1.2105
2024-09-24,1.207708,1.025,1.2105
2024-09-25,1.207599,1.025,1.2105
2024-09-26,1.208417,1.025,1.2106
2024-09-27,0.954461,1.025,1.2025
2024-09-30,0.957401,0.91,1.1993
2024-10-01,0.952282,0.91,1.1965
2024-10-02,0.95022,0.91,1.1936
2024-10-03,0.942965,0.9,1.1907
2024-10-04,0.932673,0.9,1.1823
2024-10-07,0.933389,0.9025,1.1786
2024-10-08,0.93233,0.9025,1.1755
2024-10-09,0.935195,0.8975,1.1726
2024-10-10,0.934424,0.895,1.1696
2024-10-11,0.936956,0.895,1.1618
2024-10-14,0.93565,0.87,1.1578
2024-10-15,0.937921,0.91,1.1548
2024-10-16,0.940651,0.91,1.1519
2024-10-17,0.939533,0.9,1.149
2024-10-18,0.944479,0.895,1.1419
2024-10-21,0.947236,0.895,1.1376
2024-10-22,0.947562,0.895,1.1347
2024-10-23,0.947362,0.895,1.1319
2024-10-24,0.948813,0.895,1.1291
2024-10-25,0.954744,0.89,1.1227
2024-10-28,0.949979,0.89,1.1178
2024-10-29,0.951289,0.8875,1.115
2024-10-30,0.952573,0.885,1.1122
2024-10-31,0.949059,0.84333,1.1082
2024-11-01,0.950391,0.825,1.1032
2024-11-04,0.950539,0.825,1.098
2024-11-05,0.949619,0.83,1.0952
2024-11-06,0.948667,0.825,1.0924
2024-11-07,0.948036,0.82,1.0896
2024-11-08,0.953496,0.815,1.084
2024-11-11,0.951194,0.815,1.0785
2024-11-12,0.953463,0.80167,1.0758
2024-11-13,0.954699,0.865,1.073
2024-11-14,0.955686,0.8325,1.0703
2024-11-15,0.95541,0.805,1.0653
2024-11-18,0.954078,0.795,1.0594
2024-11-19,0.956971,0.7975,1.0567
2024-11-20,0.956453,0.79,1.054
2024-11-21,0.956175,0.785,1.0513
2024-11-22,0.956305,0.785,1.0466
2024-11-25,0.956118,0.785,1.0403
2024-11-26,0.956889,0.785,1.0376
2024-11-27,0.955867,0.785,1.0348
2024-11-28,0.956461,0.785,1.03
2024-11-29,0.942743,0.785,1.021
2024-12-02,0.942706,0.785,1.018
2024-12-03,0.944998,0.785,1.0151
2024-12-04,0.946215,0.785,1.0122
2024-12-05,0.946476,0.785,1.0093
2024-12-06,0.952759,0.785,1.0009
2024-12-09,0.955682,0.785,0.9981
2024-12-10,0.955228,0.785,0.9953
2024-12-11,0.952939,0.785,0.9925
2024-12-12,0.951046,0.785,0.9897
2024-12-13,0.445468,0.46,0.9645
2024-12-16,0.451947,0.46,0.9562
2024-12-17,0.457113,0.46,0.9479
2024-12-18,0.455337,0.46,0.9396
2024-12-19,0.451629,0.46,0.9313
2024-12-20,0.453241,0.455,0.9064
2024-12-23,0.455507,0.45,0.8981
2024-12-24,0.455401,0.45,0.8769
2024-12-27,0.455916,0.435,
2024-12-30,0.454434,0.43,0.8524
2024-12-31,0.451195,0.43,
2025-01-03,0.455969,0.415,0.8227
2025-01-06,0.436627,0.415,0.8149
2025-01-07,0.425325,0.415,0.8094
2025-01-08,0.427417,0.415,0.8039
2025-01-09,0.432889,0.415,0.7984
2025-01-10,0.43559,0.415,0.7854
2025-01-13,0.430766,0.415,0.7765
2025-01-14,0.423923,0.415,0.771
2025-01-15,0.424567,0.415,0.7654
2025-01-16,0.431693,0.415,0.7598
2025-01-17,0.44382,0.405,0.7478
2025-01-20,0.444553,0.405,0.7381
2025-01-21,0.446701,0.405,0.7326
2025-01-22,0.449505,0.405,0.7272
2025-01-23,0.44732,0.4,0.7218
2025-01-24,0.444916,0.405,0.7105
2025-01-27,0.450858,0.405,0.6997
2025-01-28,0.451045,0.405,0.6943
2025-01-29,0.453005,0.4,0.6888
2025-01-30,0.452143,0.395,0.6834
2025-01-31,0.430306,0.39,0.6725
2025-02-03,0.425877,0.375,0.6607
2025-02-04,0.424391,0.375,0.655
2025-02-05,0.416078,0.375,0.6492
2025-02-06,0.421344,0.375,0.6434
2025-02-07,0.428653,0.375,0.6333
2025-02-10,0.431918,0.37,0.6207
2025-02-11,0.435281,0.37,0.615
2025-02-12,0.438557,0.37,0.6094
2025-02-13,0.445071,0.37,0.6039
2025-02-14,0.447233,0.37,0.5952
2025-02-17,0.444579,0.37,0.5817
2025-02-18,0.449289,0.37,0.5762
2025-02-19,0.444377,0.37,0.5707
2025-02-20,0.446411,0.37,0.5651
2025-02-21,0.440315,0.37,0.557
2025-02-24,0.446364,0.37,0.5427
2025-02-25,0.445884,0.37,0.5372
2025-02-26,0.447406,0.37,0.5316
2025-02-27,0.44795,0.37,0.5213
2025-02-28,0.428856,0.37,0.5044
2025-03-03,0.446735,0.37,0.4939
2025-03-04,0.438385,0.37,0.4883
2025-03-05,0.440817,0.37,0.4827
2025-03-06,0.444652,0.37,0.4823
2025-03-07,0.44431,0.37,0.4655
2025-03-10,0.44659,0.37,0.4544
2025-03-11,0.447279,0.37,0.4487
2025-03-12,0.449747,0.37,0.4432
2025-03-13,0.439634,0.37,0.4431
2025-03-14,0.444478,0.37,0.4431
2025-03-17,0.446199,0.37,0.4429
2025-03-18,0.446767,0.37,0.4428
2025-03-19,0.433942,0.37,0.4426
2025-03-20,0.427603,0.22,0.4424
2025-03-21,0.188432,0.22,0.4337
2025-03-24,0.190703,0.22,0.4308
2025-03-25,0.195745,0.22,0.4282
2025-03-26,0.199213,0.22,0.4247
2025-03-27,0.204843,0.22115,0.4223
2025-03-28,0.207045,0.22,0.4137
2025-03-31,0.206315,0.22,0.41
2025-04-01,0.203262,0.22,0.4077
2025-04-02,0.207108,0.22,0.4055
2025-04-03,0.212465,0.22,0.4034
2025-04-04,0.214031,0.22,0.3954
2025-04-07,0.211179,0.215,0.3925
2025-04-08,0.209097,0.215,0.3901
2025-04-09,0.206301,0.205,0.3876
2025-04-10,0.203661,0.18,0.3856
2025-04-11,0.205862,0.18,0.378
2025-04-14,0.18824,0.135,0.3748
2025-04-15,0.174588,0.12667,0.372
2025-04-16,0.180118,0.105,0.3692
2025-04-17,0.183431,0.11,0.3557
2025-04-22,0.17959,0.1075,0.3517
2025-04-23,0.180625,0.11273,0.3487
2025-04-24,0.188609,0.12385,0.3469
2025-04-25,0.196123,0.115,0.3387
2025-04-28,0.196361,0.115,0.3347
2025-04-29,0.204003,0.10125,0.3305
2025-04-30,0.197924,0.09,0.3241
2025-05-02,0.197438,0.095,0.3188
2025-05-05,0.197191,0.095,0.3151
2025-05-06,0.193624,0.095,0.3125
2025-05-07,0.198219,0.09,0.3113
2025-05-08,0.203159,0.09,0.3101
2025-05-09,0.204663,0.09,0.3013
2025-05-12,0.20645,0.095,0.2971
2025-05-13,0.205593,0.1,0.2944
2025-05-14,0.207081,0.1,0.2935
2025-05-15,0.206872,0.09,0.2925
2025-05-16,0.21019,0.09,0.2829
2025-05-19,0.207812,0.09,0.2784
2025-05-20,0.204911,0.09,0.2757
2025-05-21,0.206063,0.09,0.2749
2025-05-22,0.206496,0.09,0.2742
2025-05-23,0.207337,0.09,0.2645
2025-05-26,0.205545,0.09,0.2597
2025-05-27,0.201737,0.09,0.2569
2025-05-28,0.207503,0.09,0.2559
2025-05-30,0.207065,0.09,0.2485
2025-06-02,0.198337,0.09,0.248
2025-06-03,0.201706,0.09,0.2453
2025-06-04,0.203363,0.09,0.2428
2025-06-05,0.202748,0.09,0.2402
2025-06-06,0.207831,0.09,0.2367
2025-06-10,0.2035,0.09,0.2272
2025-06-11,0.201938,0.09,0.2246
2025-06-12,0.202678,0.09,0.2219
2025-06-13,0.203846,0.09,0.219
2025-06-16,0.20326,0.09,0.2115
2025-06-17,0.203843,0.09,0.2088
2025-06-18,0.203602,0.09,0.2062
2025-06-19,0.185057,-0.045,0.2035
2025-06-20,-0.049324,-0.035,0.193
2025-06-23,-0.04815,-0.035,0.1906
2025-06-24,-0.047007,-0.035,0.188
2025-06-25,-0.042999,-0.035,0.1854
2025-06-26,-0.040076,-0.03294,0.1828
2025-06-27,-0.040574,-0.035,0.1744
2025-06-30,-0.031727,-0.035,0.1717
2025-07-01,-0.035849,-0.035,0.1691
2025-07-02,-0.040983,-0.035,0.1664
2025-07-03,-0.041919,-0.035,0.1636
2025-07-04,-0.037875,-0.035,0.1553
2025-07-07,-0.041375,-0.035,0.1525
2025-07-08,-0.043348,-0.035,0.1497
2025-07-09,-0.04346,-0.035,0.147
2025-07-10,-0.04161,-0.035,0.1443
2025-07-11,-0.042528,-0.035,0.1361
2025-07-14,-0.049151,-0.035,0.1335
2025-07-15,-0.051313,-0.035,0.131
2025-07-16,-0.046557,-0.035,0.1285
2025-07-17,-0.048541,-0.035,0.1266
2025-07-18,-0.046278,-0.035,0.1211
2025-07-21,-0.047263,-0.035,0.1159
2025-07-22,-0.046867,-0.045,0.1134
2025-07-23,-0.04615,-0.045,0.1109
2025-07-24,-0.045613,-0.045,0.1083
2025-07-25,-0.045147,-0.045,0.1003
2025-07-28,-0.045896,-0.055,0.0977
2025-07-29,-0.044648,-0.055,0.0949
2025-07-30,-0.044321,-0.065,0.0934
2025-07-31,-0.0327,-0.055,0.0858
2025-08-04,-0.040992,-0.065,0.0808
2025-08-05,-0.041497,-0.055,0.0782
2025-08-06,-0.041262,-0.065,0.0757
2025-08-07,-0.040815,-0.065,0.0731
2025-08-08,-0.036823,-0.055,0.0682
2025-08-11,-0.040978,-0.065,0.0625
2025-08-12,-0.038604,-0.065,0.0599
2025-08-13,-0.039277,-0.055,0.0572
2025-08-14,-0.040873,-0.065,0.0545
2025-08-15,-0.04008,-0.065,0.0499
2025-08-18,-0.038807,-0.065,0.0437
2025-08-19,-0.039922,-0.055,0.041
2025-08-20,-0.039503,-0.055,0.0383
2025-08-21,-0.039613,-0.065,0.0357
2025-08-22,-0.041382,-0.055,0.0314
2025-08-25,-0.039567,-0.065,0.0249
2025-08-26,-0.039359,-0.065,0.0222
2025-08-27,-0.039374,-0.065,0.0196
2025-08-28,-0.039237,-0.065,0.0148
2025-08-29,-0.06214,-0.055,0.0059
2025-09-01,-0.0432,-0.065,0.0054
2025-09-02,-0.038898,-0.055,0.0028
2025-09-03,-0.037938,-0.06,0.0002
2025-09-04,-0.037398,-0.07,-0.0024
2025-09-05,-0.036243,-0.0575,-0.0057
2025-09-08,-0.034688,-0.0575,-0.006
2025-09-09,-0.035854,-0.0575,-0.0156
2025-09-10,-0.036934,-0.0575,-0.0182
2025-09-11,-0.037789,-0.05333,-0.0208
2025-09-12,-0.036829,-0.0575,-0.0237
2025-09-15,-0.039252,-0.0575,-0.0313
2025-09-16,-0.037816,-0.0575,-0.0339
2025-09-17,-0.037353,-0.0575,-0.0365
2025-09-18,-0.037777,-0.0575,-0.0391
2025-09-19,-0.037464,-0.0575,-0.0415
2025-09-22,-0.037221,-0.07,-0.0412
2025-09-23,-0.039628,-0.07,-0.0411
2025-09-24,-0.037953,-0.0575,-0.041
2025-09-25,-0.037927,-0.07,-0.0409
2025-09-26,-0.036879,-0.04,-0.0408
2025-09-29,-0.038113,-0.07,-0.0408
2025-09-30,-0.045082,-0.0575,-0.0409
2025-10-01,-0.036786,-0.0575,-0.0409
2025-10-02,-0.03865,-0.07,-0.0409
2025-10-03,-0.037898,-0.07,-0.0408
2025-10-06,-0.037328,-0.0575,-0.0409
2025-10-07,-0.037945,-0.05333,-0.0408
2025-10-08,-0.038211,-0.0575,-0.0408
2025-10-09,-0.038433,-0.0575,-0.0407
2025-10-10,-0.038677,-0.07,-0.0406
2025-10-13,-0.038964,-0.0575,-0.0406
2025-10-14,-0.044224,-0.07,-0.0405
2025-10-15,-0.042611,-0.07,-0.0404
2025-10-16,-0.043009,-0.0575,-0.0404
2025-10-17,-0.04254,-0.0575,-0.0404
2025-10-20,-0.040244,-0.07,-0.0402
2025-10-21,-0.04793,-0.07,-0.0402
2025-10-22,-0.046418,-0.07,-0.0402
2025-10-23,-0.048658,-0.07,-0.0402
2025-10-24,-0.047845,-0.07,-0.0404
2025-10-27,-0.048692,-0.0575,-0.0403
2025-10-28,-0.047815,-0.05333,-0.0403
2025-10-29,-0.047717,-0.07,-0.0404
2025-10-30,-0.047563,-0.085,-0.0404
2025-10-31,-0.049317,-0.0575,-0.041
2025-11-03,-0.04908,-0.07,-0.0411
2025-11-04,-0.048782,-0.0575,-0.0412
2025-11-05,-0.045329,-0.0575,-0.0412
2025-11-06,-0.042479,-0.045,-0.0413
2025-11-07,-0.038365,-0.045,-0.0412
2025-11-10,-0.038816,-0.045,-0.0413
2025-11-11,-0.038556,-0.045,-0.0413
2025-11-12,-0.038518,-0.045,-0.0413
2025-11-13,-0.038366,-0.045,-0.0412
2025-11-14,-0.041087,-0.045,-0.0412
2025-11-17,-0.04305,-0.045,-0.0413
2025-11-18,-0.038909,-0.045,-0.0413
2025-11-19,-0.039961,-0.045,-0.0413
2025-11-20,-0.040024,-0.045,-0.0413
2025-11-21,-0.038424,-0.045,-0.0412
2025-11-24,-0.038381,-0.045,-0.0412
2025-11-25,-0.039192,-0.045,-0.0412
2025-11-26,-0.0378,-0.045,-0.0412
2025-11-27,-0.037776,-0.045,-0.0412
2025-11-28,-0.053351,-0.045,-0.0409
2025-12-01,-0.038394,-0.07875,-0.0408
2025-12-02,-0.037964,-0.0575,-0.0408
2025-12-03,-0.038376,-0.07167,-0.0408
2025-12-04,-0.039324,-0.0575,-0.0409
2025-12-05,-0.038628,-0.0575,-0.0409
2025-12-08,-0.041302,-0.045,-0.041
2025-12-09,-0.03934,-0.045,-0.041
2025-12-10,-0.041458,-0.045,-0.0411
2025-12-11,-0.044505,-0.05455,-0.0412
2025-12-12,-0.039373,-0.045,-0.0413
2025-12-15,-0.039588,-0.045,-0.0413
2025-12-16,-0.039542,-0.045,-0.0413
2025-12-17,-0.038896,-0.045,-0.0413
2025-12-18,-0.03891,-0.045,-0.0413
2025-12-19,-0.040359,-0.045,-0.0414
2025-12-22,-0.038447,-0.045,-0.0414
2025-12-23,-0.039217,-0.045,-0.0414
2025-12-24,-0.040478,-0.045,-0.0414
2025-12-29,-0.038812,-0.045,-0.0416
2025-12-30,-0.038256,-0.025,-0.0416
2025-12-31,-0.079228,-0.025,-0.0436
2026-01-05,-0.048324,-0.025,-0.0438
2026-01-06,-0.070199,-0.04,-0.0442
2026-01-07,-0.081254,-0.04,-0.0447
2026-01-08,-0.081456,-0.04,-0.0451
2026-01-09,-0.075135,-0.04,-0.0462
2026-01-12,-0.070075,-0.04,-0.0467
2026-01-13,-0.066481,-0.03273,-0.047
2026-01-14,-0.059365,-0.04,-0.0471
2026-01-15,-0.052886,-0.04,-0.0472
2026-01-16,-0.046309,-0.04,-0.0473
2026-01-19,-0.045282,-0.04,-0.0474
2026-01-20,-0.045117,-0.04,-0.0475
2026-01-21,-0.043835,-0.04,-0.0474
2026-01-22,-0.04534,-0.04,-0.0474
2026-01-23,-0.044772,-0.04,-0.0473
2026-01-26,-0.045614,-0.04,-0.0473
2026-01-27,-0.045662,-0.04,-0.0472
2026-01-28,-0.060037,-0.04,-0.0474
2026-01-29,-0.059212,-0.04,-0.0475
2026-01-30,-0.074428,-0.04,-0.0483
2026-02-02,-0.049041,-0.04,-0.0483
2026-02-03,-0.045096,-0.04,-0.0483
2026-02-04,-0.041571,-0.04,-0.0482
2026-02-05,-0.040318,-0.04,-0.0481
2026-02-06,-0.036124,-0.04,-0.0478
2026-02-09,-0.03926,-0.04,-0.048
2026-02-10,-0.039648,-0.04,-0.048
2026-02-11,-0.040265,-0.04,-0.0481
2026-02-12,-0.043303,-0.04,-0.0481
2026-02-13,-0.042012,-0.04,-0.048
2026-02-16,-0.042883,-0.04,-0.0482
2026-02-17,-0.043954,-0.04,-0.0482
2026-02-18,-0.047274,-0.07,-0.0483
2026-02-19,-0.048601,-0.04,-0.0484
2026-02-20,-0.050337,-0.04,-0.0485
2026-02-23,-0.059973,-0.04,-0.049
2026-02-24,-0.060136,-0.04,-0.0492
2026-02-25,-0.063311,-0.04,-0.0495
2026-02-26,-0.058958,-0.04,-0.0499
2026-02-27,-0.076166,-0.08,-0.0506
2026-03-02,-0.057586,-0.04,-0.051
2026-03-03,-0.048623,-0.04,-0.0511
2026-03-04,-0.049259,-0.04,-0.0512
2026-03-05,-0.065053,-0.04,-0.0513
2026-03-06,-0.073171,-0.04,-0.0525
2026-03-09,-0.06033,-0.04,-0.0528
2026-03-10,-0.056473,-0.04,-0.053
2026-03-11,-0.052212,-0.04,-0.0531
2026-03-12,-0.050214,-0.04,-0.0531
2026-03-13,-0.046341,-0.04,-0.0533
2026-03-16,-0.046708,-0.04,-0.0535
2026-03-17,-0.045598,-0.04,-0.0536
2026-03-18,-0.046489,-0.04631,-0.0537
2026-03-19,-0.045643,-0.04,-0.0536
2026-03-20,-0.046065,-0.06,-0.0538
2026-03-23,-0.045547,-0.04,-0.054
2026-03-24,-0.047375,-0.04,-0.0539
2026-03-25,-0.047454,-0.04,-0.0539
2026-03-26,-0.046172,-0.04,-0.0538
2026-03-27,-0.044227,-0.04,-0.0542
2026-03-30,-0.041929,-0.04,-0.0544
2026-03-31,-0.066425,-0.04,-0.0531
2026-04-01,-0.042195,-0.04,-0.053
2026-04-02,-0.041234,-0.04,-0.0524
2026-04-07,-0.043035,-0.04,-0.0518
2026-04-08,-0.045544,-0.04,-0.0514
2026-04-09,-0.044869,-0.04,-0.0513
2026-04-10,-0.045195,-0.04,-0.0503
2026-04-13,-0.04411,-0.04,-0.0498
2026-04-14,-0.043496,-0.04,-0.0497
2026-04-15,-0.041183,-0.03667,-0.0495
2026-04-16,-0.04189,-0.04,-0.0495
2026-04-17,-0.039144,-0.04,-0.0492
2026-04-20,-0.040388,-0.04,-0.0492
2026-04-21,-0.039318,-0.04,-0.0492
2026-04-22,-0.039025,-0.04,-0.0491
2026-04-23,-0.039259,-0.04,-0.049
2026-04-24,-0.037942,-0.04,-0.0488
2026-04-27,-0.038124,-0.04,-0.0487
2026-04-28,-0.038846,-0.04,-0.0485
2026-04-29,-0.038119,-0.04,-0.0482
2026-04-30,-0.046989,-0.04,-0.0473
2026-05-04,-0.037902,-0.04,-0.0473
2026-05-05,-0.039899,-0.04,-0.0473
2026-05-06,-0.045711,-0.04,-0.0473
2026-05-07,-0.040364,-0.04,-0.0472
2026-05-08,-0.042742,-0.04,-0.0475
2026-05-11,-0.048372,-0.035,-0.0477
2026-05-12,-0.05358,-0.035,-0.0478
2026-05-13,-0.053133,-0.035,-0.0479
2026-05-15,-0.049175,-0.035,-0.0482
2026-05-18,-0.04771,-0.035,-0.0483
2026-05-19,-0.047239,-0.035,-0.0482
2026-05-20,-0.046679,-0.04,-0.0482
2026-05-21,-0.04655,-0.045,-0.0482
2026-05-22,-0.044311,-0.045,-0.0478
2026-05-26,-0.04398,-0.035,-0.0474
2026-05-27,-0.039893,-0.045,-0.0473
2026-05-28,-0.04018,-0.045,-0.0472
2026-05-29,-0.055974,-0.045,-0.0465
2026-06-01,-0.044046,-0.045,-0.0465
2026-06-02,-0.041098,-0.045,-0.0463
2026-06-03,-0.040199,-0.045,-0.0462
2026-06-04,-0.039066,-0.045,-0.0461
2026-06-05,-0.037253,-0.045,-0.0456
2026-06-08,-0.037412,-0.045,-0.0446
2026-06-09,-0.037108,-0.045,-0.0444
2026-06-10,-0.037622,-0.045,-0.0442
2026-06-11,-0.037873,-0.045,-0.044
2026-06-12,-0.037657,-0.045,-0.0438
2026-06-15,-0.037867,-0.0725,-0.0436
2026-06-16,-0.038077,-0.045,-0.0435
2026-06-17,-0.03863,-0.045,-0.0434
2026-06-18,-0.038204,-0.06,-0.0434
2026-06-19,-0.037545,-0.04,-0.0431
2026-06-22,-0.038433,-0.035,-0.043
2026-06-23,-0.038222,-0.05375,-0.0429
2026-06-24,-0.038477,-0.05138,-0.0428
2026-06-25,-0.038689,-0.035,-0.0427
2026-06-26,-0.038579,-0.035,-0.0426
2026-06-29,-0.038212,-0.035,-0.0425
2026-06-30,-0.043903,-0.035,-0.0422
2026-07-01,-0.037259,-0.035,-0.0422
2026-07-02,-0.037963,-0.035,-0.0421
2026-07-03,-0.03818,-0.035,-0.042
2026-07-06,-0.038263,-0.045,-0.042
2026-07-07,-0.038226,-0.045,-0.0419
2026-07-08,-0.038456,-0.045,-0.0419
2026-07-09,-0.038013,-0.0725,-0.0418
2026-07-10,-0.0383,-0.045,-0.0416
2026-07-13,-0.038424,-0.045,-0.0415
2026-07-14,-0.042717,-0.045,-0.0415
2026-07-15,-0.043818,-0.045,-0.0415
2026-07-16,-0.044362,-0.045,-0.0415
2026-07-17,-0.042466,-0.045,-0.0417
2026-07-20,-0.04679,-0.045,-0.0417
2026-07-21,-0.043662,-0.045,-0.0418
2026-07-22,-0.043322,-0.045,-0.0418
2026-07-23,-0.042372,-0.045,-0.0419
2026-07-24,-0.041639,-0.045,-0.042
2026-07-27,-0.04201,-0.045,-0.042
2026-07-28,-0.037522,-0.045,-0.042
2026-07-29,-0.037256,-0.045,-0.042
2026-07-30,-0.036317,-0.045,-0.0419
2026-07-31,-0.04909,-0.045,-0.0419
2026-08-03,-0.045588,-0.045,-0.042
2026-08-04,-0.067683,-0.045,-0.0423
2026-08-05,-0.077842,-0.045,-0.0427
2026-08-06,-0.059883,-0.045,-0.0429
2026-08-07,-0.051743,-0.045,-0.0432
2026-08-10,-0.04762,-0.045,-0.0432
2026-08-11,-0.047224,-0.045,-0.0432
2026-08-12,-0.046987,-0.045,-0.0432
2026-08-13,-0.047349,-0.045,-0.0432
2026-08-14,-0.053059,-0.045,-0.0433
