record_date,catg,close
2005-10-03,D,4599132
2005-10-03,I,3371392
2005-10-04,D,4598977
2005-10-04,I,3379026
2005-10-05,D,4599795
2005-10-05,I,3379194
2005-10-06,D,4611340
2005-10-06,I,3382942
2005-10-07,D,4610908
2005-10-07,I,3379735
2005-10-11,D,4611365
2005-10-11,I,3379750
2005-10-12,D,4612151
2005-10-12,I,3378480
2005-10-13,D,4616372
2005-10-13,I,3379091
2005-10-14,D,4616591
2005-10-14,I,3370086
2005-10-17,D,4624110
2005-10-17,I,3372548
2005-10-18,D,4625430
2005-10-18,I,3378467
2005-10-19,D,4625903
2005-10-19,I,3373941
2005-10-20,D,4633681
2005-10-20,I,3375954
2005-10-21,D,4633775
2005-10-21,I,3375356
2005-10-24,D,4633574
2005-10-24,I,3376485
2005-10-25,D,4634445
2005-10-25,I,3379287
2005-10-26,D,4634890
2005-10-26,I,3376243
2005-10-27,D,4648387
2005-10-27,I,3377643
2005-10-28,D,4656128
2005-10-28,I,3373929
2005-10-31,D,4650516
2005-10-31,I,3376607
2005-11-01,D,4649009
2005-11-01,I,3366263
2005-11-02,D,4649869
2005-11-02,I,3371612
2005-11-03,D,4663907
2005-11-03,I,3364297
2005-11-04,D,4664024
2005-11-04,I,3364425
2005-11-07,D,4664479
2005-11-07,I,3367111
2005-11-08,D,4664905
2005-11-08,I,3371759
2005-11-09,D,4669335
2005-11-09,I,3365276
2005-11-10,D,4683255
2005-11-10,I,3367485
2005-11-14,D,4683685
2005-11-14,I,3368645
2005-11-15,D,4688458
2005-11-15,I,3377685
2005-11-16,D,4689819
2005-11-16,I,3373773
2005-11-17,D,4705406
2005-11-17,I,3377969
2005-11-18,D,4705320
2005-11-18,I,3377528
2005-11-21,D,4705452
2005-11-21,I,3379407
2005-11-22,D,4705947
2005-11-22,I,3383058
2005-11-23,D,4706117
2005-11-23,I,3378799
2005-11-25,D,4713344
2005-11-25,I,3382601
2005-11-28,D,4713769
2005-11-28,I,3385092
2005-11-29,D,4714389
2005-11-29,I,3383316
2005-11-30,D,4709403
2005-11-30,I,3382919
2005-12-01,D,4736203
2005-12-01,I,3371749
2005-12-02,D,4754352
2005-12-02,I,3363967
2005-12-05,D,4754240
2005-12-05,I,3365256
2005-12-06,D,4754600
2005-12-06,I,3368111
2005-12-07,D,4754960
2005-12-07,I,3366692
2005-12-08,D,4762506
2005-12-08,I,3368528
2005-12-09,D,4762583
2005-12-09,I,3368708
2005-12-12,D,4762567
2005-12-12,I,3369407
2005-12-13,D,4762953
2005-12-13,I,3373113
2005-12-14,D,4764355
2005-12-14,I,3367631
2005-12-15,D,4729594
2005-12-15,I,3369694
2005-12-16,D,4729674
2005-12-16,I,3371229
2005-12-19,D,4729588
2005-12-19,I,3373460
2005-12-20,D,4730099
2005-12-20,I,3377067
2005-12-21,D,4729829
2005-12-21,I,3370199
2005-12-22,D,4721741
2005-12-22,I,3373134
2005-12-23,D,4721737
2005-12-23,I,3375496
2005-12-27,D,4721873
2005-12-27,I,3378404
2005-12-28,D,4722776
2005-12-28,I,3376981
2005-12-29,D,4714163
2005-12-29,I,3373194
2005-12-30,D,4714821
2005-12-30,I,3455603
2006-01-03,D,4716789
2006-01-03,I,3437093
2006-01-04,D,4717388
2006-01-04,I,3448471
2006-01-05,D,4710794
2006-01-05,I,3449526
2006-01-06,D,4710728
2006-01-06,I,3450780
2006-01-09,D,4710443
2006-01-09,I,3449814
2006-01-10,D,4710167
2006-01-10,I,3455480
2006-01-11,D,4710220
2006-01-11,I,3451714
2006-01-12,D,4705428
2006-01-12,I,3453657
2006-01-13,D,4705500
2006-01-13,I,3453173
2006-01-17,D,4714120
2006-01-17,I,3456404
2006-01-18,D,4714064
2006-01-18,I,3459788
2006-01-19,D,4714656
2006-01-19,I,3462292
2006-01-20,D,4714505
2006-01-20,I,3461238
2006-01-23,D,4714137
2006-01-23,I,3460134
2006-01-24,D,4714171
2006-01-24,I,3471145
2006-01-25,D,4714533
2006-01-25,I,3467374
2006-01-26,D,4718753
2006-01-26,I,3471814
2006-01-27,D,4718767
2006-01-27,I,3471608
2006-01-30,D,4718581
2006-01-30,I,3468130
2006-01-31,D,4724637
2006-01-31,I,3471433
2006-02-01,D,4722324
2006-02-01,I,3460815
2006-02-02,D,4734860
2006-02-02,I,3463767
2006-02-03,D,4734747
2006-02-03,I,3460797
2006-02-06,D,4734561
2006-02-06,I,3463030
2006-02-07,D,4734804
2006-02-07,I,3466804
2006-02-08,D,4736136
2006-02-08,I,3461899
2006-02-09,D,4745086
2006-02-09,I,3460633
2006-02-10,D,4745432
2006-02-10,I,3459804
2006-02-13,D,4745305
2006-02-13,I,3460072
2006-02-14,D,4745515
2006-02-14,I,3464071
2006-02-15,D,4774864
2006-02-15,I,3462752
2006-02-16,D,4782168
2006-02-16,I,3466443
2006-02-17,D,4778137
2006-02-17,I,3470359
2006-02-21,D,4776809
2006-02-21,I,3471228
2006-02-22,D,4777323
2006-02-22,I,3470600
2006-02-23,D,4778274
2006-02-23,I,3470490
2006-02-24,D,4774536
2006-02-24,I,3474111
2006-02-27,D,4777368
2006-02-27,I,3470928
2006-02-28,D,4771117
2006-02-28,I,3498768
2006-03-01,D,4782692
2006-03-01,I,3487076
2006-03-02,D,4776142
2006-03-02,I,3494510
2006-03-03,D,4799802
2006-03-03,I,3470767
2006-03-06,D,4806339
2006-03-06,I,3463921
2006-03-07,D,4802112
2006-03-07,I,3468026
2006-03-08,D,4807228
2006-03-08,I,3462793
2006-03-09,D,4809044
2006-03-09,I,3461845
2006-03-10,D,4810928
2006-03-10,I,3459835
2006-03-13,D,4810252
2006-03-13,I,3460134
2006-03-14,D,4801430
2006-03-14,I,3468830
2006-03-15,D,4805555
2006-03-15,I,3464579
2006-03-16,D,4803245
2006-03-16,I,3467760
2006-03-17,D,4798791
2006-03-17,I,3472090
2006-03-20,D,4849675
2006-03-20,I,3498550
2006-03-21,D,4849970
2006-03-21,I,3501753
2006-03-22,D,4850195
2006-03-22,I,3497291
2006-03-23,D,4861936
2006-03-23,I,3501601
2006-03-24,D,4862197
2006-03-24,I,3501881
2006-03-27,D,4862291
2006-03-27,I,3502529
2006-03-28,D,4862491
2006-03-28,I,3505907
2006-03-29,D,4862592
2006-03-29,I,3505069
2006-03-30,D,4863090
2006-03-30,I,3502324
2006-03-31,D,4872485
2006-03-31,I,3498672
2006-04-03,D,4890769
2006-04-03,I,3486702
2006-04-04,D,4891634
2006-04-04,I,3496562
2006-04-05,D,4891937
2006-04-05,I,3496940
2006-04-06,D,4895395
2006-04-06,I,3498348
2006-04-07,D,4903633
2006-04-07,I,3495169
2006-04-10,D,4903617
2006-04-10,I,3498457
2006-04-11,D,4903798
2006-04-11,I,3502762
2006-04-12,D,4903909
2006-04-12,I,3498968
2006-04-13,D,4904230
2006-04-13,I,3501913
2006-04-14,D,4904205
2006-04-14,I,3502852
2006-04-17,D,4854176
2006-04-17,I,3512687
2006-04-18,D,4854214
2006-04-18,I,3519389
2006-04-19,D,4854630
2006-04-19,I,3517203
2006-04-20,D,4828395
2006-04-20,I,3520882
2006-04-21,D,4828603
2006-04-21,I,3521368
2006-04-24,D,4828669
2006-04-24,I,3524760
2006-04-25,D,4830058
2006-04-25,I,3532245
2006-04-26,D,4830490
2006-04-26,I,3531438
2006-04-27,D,4808978
2006-04-27,I,3530761
2006-04-28,D,4819949
2006-04-28,I,3535769
2006-05-01,D,4826896
2006-05-01,I,3524672
2006-05-02,D,4827396
2006-05-02,I,3537969
2006-05-03,D,4827667
2006-05-03,I,3531751
2006-05-04,D,4818382
2006-05-04,I,3536787
2006-05-05,D,4818424
2006-05-05,I,3538580
2006-05-08,D,4818423
2006-05-08,I,3542666
2006-05-09,D,4818710
2006-05-09,I,3545578
2006-05-10,D,4818673
2006-05-10,I,3541507
2006-05-11,D,4813462
2006-05-11,I,3544527
2006-05-12,D,4813477
2006-05-12,I,3545463
2006-05-15,D,4785963
2006-05-15,I,3546561
2006-05-16,D,4786387
2006-05-16,I,3551775
2006-05-17,D,4786594
2006-05-17,I,3550420
2006-05-18,D,4791542
2006-05-18,I,3553376
2006-05-19,D,4791847
2006-05-19,I,3552601
2006-05-22,D,4791983
2006-05-22,I,3553583
2006-05-23,D,4792617
2006-05-23,I,3560053
2006-05-24,D,4793104
2006-05-24,I,3556081
2006-05-25,D,4794580
2006-05-25,I,3553605
2006-05-26,D,4794638
2006-05-26,I,3553724
2006-05-30,D,4794933
2006-05-30,I,3549054
2006-05-31,D,4807517
2006-05-31,I,3549260
2006-06-01,D,4806953
2006-06-01,I,3535910
2006-06-02,D,4829403
2006-06-02,I,3528954
2006-06-05,D,4829411
2006-06-05,I,3530574
2006-06-06,D,4838920
2006-06-06,I,3534545
2006-06-07,D,4839339
2006-06-07,I,3532829
2006-06-08,D,4838096
2006-06-08,I,3536143
2006-06-09,D,4838687
2006-06-09,I,3536610
2006-06-12,D,4839162
2006-06-12,I,3537005
2006-06-13,D,4839795
2006-06-13,I,3540958
2006-06-14,D,4840378
2006-06-14,I,3534988
2006-06-15,D,4797670
2006-06-15,I,3539620
2006-06-16,D,4797775
2006-06-16,I,3541572
2006-06-19,D,4797927
2006-06-19,I,3546408
2006-06-20,D,4798393
2006-06-20,I,3550638
2006-06-21,D,4798486
2006-06-21,I,3548404
2006-06-22,D,4786725
2006-06-22,I,3553052
2006-06-23,D,4786830
2006-06-23,I,3556547
2006-06-26,D,4787408
2006-06-26,I,3559183
2006-06-27,D,4787916
2006-06-27,I,3562319
2006-06-28,D,4788848
2006-06-28,I,3556961
2006-06-29,D,4785882
2006-06-29,I,3554127
2006-06-30,D,4797204
2006-06-30,I,3622838
2006-07-03,D,4790258
2006-07-03,I,3609079
2006-07-05,D,4790477
2006-07-05,I,3617919
2006-07-06,D,4789669
2006-07-06,I,3619749
2006-07-07,D,4789636
2006-07-07,I,3620646
2006-07-10,D,4789842
2006-07-10,I,3618391
2006-07-11,D,4789893
2006-07-11,I,3623355
2006-07-12,D,4790156
2006-07-12,I,3618290
2006-07-13,D,4796439
2006-07-13,I,3619735
2006-07-14,D,4796819
2006-07-14,I,3619221
2006-07-17,D,4784435
2006-07-17,I,3620379
2006-07-18,D,4785195
2006-07-18,I,3626835
2006-07-19,D,4785988
2006-07-19,I,3622056
2006-07-20,D,4790283
2006-07-20,I,3625358
2006-07-21,D,4790159
2006-07-21,I,3626020
2006-07-24,D,4790271
2006-07-24,I,3627302
2006-07-25,D,4790444
2006-07-25,I,3629479
2006-07-26,D,4791057
2006-07-26,I,3626437
2006-07-27,D,4799236
2006-07-27,I,3627261
2006-07-28,D,4799289
2006-07-28,I,3621661
2006-07-31,D,4819732
2006-07-31,I,3624614
2006-08-01,D,4817319
2006-08-01,I,3618984
2006-08-02,D,4817380
2006-08-02,I,3623378
2006-08-03,D,4829352
2006-08-03,I,3618969
2006-08-04,D,4829246
2006-08-04,I,3619243
2006-08-07,D,4829339
2006-08-07,I,3621758
2006-08-08,D,4829274
2006-08-08,I,3625843
2006-08-09,D,4829437
2006-08-09,I,3618725
2006-08-10,D,4840790
2006-08-10,I,3620168
2006-08-11,D,4840880
2006-08-11,I,3619178
2006-08-14,D,4840999
2006-08-14,I,3618960
2006-08-15,D,4861306
2006-08-15,I,3625871
2006-08-16,D,4861438
2006-08-16,I,3622216
2006-08-17,D,4873589
2006-08-17,I,3627398
2006-08-18,D,4873518
2006-08-18,I,3627414
2006-08-21,D,4873642
2006-08-21,I,3629589
2006-08-22,D,4873788
2006-08-22,I,3632657
2006-08-23,D,4874046
2006-08-23,I,3629498
2006-08-24,D,4875871
2006-08-24,I,3631238
2006-08-25,D,4876023
2006-08-25,I,3629742
2006-08-28,D,4875934
2006-08-28,I,3628746
2006-08-29,D,4876079
2006-08-29,I,3632074
2006-08-30,D,4876337
2006-08-30,I,3627048
2006-08-31,D,4884685
2006-08-31,I,3630348
2006-09-01,D,4911146
2006-09-01,I,3608036
2006-09-05,D,4911328
2006-09-05,I,3613562
2006-09-06,D,4912174
2006-09-06,I,3617783
2006-09-07,D,4913332
2006-09-07,I,3616732
2006-09-08,D,4913385
2006-09-08,I,3615542
2006-09-11,D,4913396
2006-09-11,I,3617770
2006-09-12,D,4913637
2006-09-12,I,3620997
2006-09-13,D,4913615
2006-09-13,I,3616375
2006-09-14,D,4908195
2006-09-14,I,3618841
2006-09-15,D,4867180
2006-09-15,I,3620201
2006-09-18,D,4867176
2006-09-18,I,3623156
2006-09-19,D,4867094
2006-09-19,I,3629763
2006-09-20,D,4867320
2006-09-20,I,3626771
2006-09-21,D,4853587
2006-09-21,I,3630784
2006-09-22,D,4853631
2006-09-22,I,3630734
2006-09-25,D,4853685
2006-09-25,I,3632050
2006-09-26,D,4854458
2006-09-26,I,3636143
2006-09-27,D,4854646
2006-09-27,I,3632451
2006-09-28,D,4843013
2006-09-28,I,3630671
2006-09-29,D,4843121
2006-09-29,I,3663853
2006-10-02,D,4850289
2006-10-02,I,3698095
2006-10-03,D,4850529
2006-10-03,I,3697107
2006-10-04,D,4851027
2006-10-04,I,3694751
2006-10-05,D,4849613
2006-10-05,I,3695435
2006-10-06,D,4849749
2006-10-06,I,3697235
2006-10-10,D,4849865
2006-10-10,I,3696411
2006-10-11,D,4850465
2006-10-11,I,3694503
2006-10-12,D,4851779
2006-10-12,I,3694326
2006-10-13,D,4851631
2006-10-13,I,3695021
2006-10-16,D,4838392
2006-10-16,I,3698567
2006-10-17,D,4839141
2006-10-17,I,3704901
2006-10-18,D,4840387
2006-10-18,I,3699664
2006-10-19,D,4846478
2006-10-19,I,3701594
2006-10-20,D,4846672
2006-10-20,I,3702630
2006-10-23,D,4846998
2006-10-23,I,3703749
2006-10-24,D,4847383
2006-10-24,I,3707108
2006-10-25,D,4847702
2006-10-25,I,3702649
2006-10-26,D,4861239
2006-10-26,I,3704563
2006-10-27,D,4861275
2006-10-27,I,3704737
2006-10-30,D,4861326
2006-10-30,I,3701129
2006-10-31,D,4880611
2006-10-31,I,3703718
2006-11-01,D,4879523
2006-11-01,I,3692272
2006-11-02,D,4894461
2006-11-02,I,3699199
2006-11-03,D,4894548
2006-11-03,I,3690950
2006-11-06,D,4894606
2006-11-06,I,3693729
2006-11-07,D,4894842
2006-11-07,I,3697720
2006-11-08,D,4895477
2006-11-08,I,3692900
2006-11-09,D,4910382
2006-11-09,I,3693284
2006-11-10,D,4910207
2006-11-10,I,3693580
2006-11-13,D,4910018
2006-11-13,I,3693265
2006-11-14,D,4910703
2006-11-14,I,3696718
2006-11-15,D,4900287
2006-11-15,I,3694589
2006-11-16,D,4909526
2006-11-16,I,3697160
2006-11-17,D,4909529
2006-11-17,I,3699217
2006-11-20,D,4909151
2006-11-20,I,3699825
2006-11-21,D,4909878
2006-11-21,I,3703596
2006-11-22,D,4909771
2006-11-22,I,3700139
2006-11-24,D,4920159
2006-11-24,I,3702944
2006-11-27,D,4919860
2006-11-27,I,3706695
2006-11-28,D,4920074
2006-11-28,I,3708306
2006-11-29,D,4920983
2006-11-29,I,3703313
2006-11-30,D,4929567
2006-11-30,I,3703678
2006-12-01,D,4955424
2006-12-01,I,3680173
2006-12-04,D,4955353
2006-12-04,I,3684658
2006-12-05,D,4966739
2006-12-05,I,3688608
2006-12-06,D,4967205
2006-12-06,I,3686594
2006-12-07,D,4967102
2006-12-07,I,3686857
2006-12-08,D,4966648
2006-12-08,I,3688756
2006-12-11,D,4966394
2006-12-11,I,3688960
2006-12-12,D,4967561
2006-12-12,I,3692870
2006-12-13,D,4969454
2006-12-13,I,3687421
2006-12-14,D,4960187
2006-12-14,I,3688619
2006-12-15,D,4928254
2006-12-15,I,3683649
2006-12-18,D,4927909
2006-12-18,I,3686405
2006-12-19,D,4928644
2006-12-19,I,3693490
2006-12-20,D,4930407
2006-12-20,I,3688587
2006-12-21,D,4917407
2006-12-21,I,3692598
2006-12-22,D,4917324
2006-12-22,I,3694323
2006-12-26,D,4917001
2006-12-26,I,3698420
2006-12-27,D,4917453
2006-12-27,I,3697304
2006-12-28,D,4900600
2006-12-28,I,3692476
2006-12-29,D,4901047
2006-12-29,I,3779178
2007-01-02,D,4906146
2007-01-02,I,3772084
2007-01-03,D,4906388
2007-01-03,I,3770827
2007-01-04,D,4898816
2007-01-04,I,3771780
2007-01-05,D,4898650
2007-01-05,I,3774502
2007-01-08,D,4898353
2007-01-08,I,3774457
2007-01-09,D,4899923
2007-01-09,I,3777779
2007-01-10,D,4900149
2007-01-10,I,3773218
2007-01-11,D,4899286
2007-01-11,I,3775049
2007-01-12,D,4899372
2007-01-12,I,3774879
2007-01-16,D,4889977
2007-01-16,I,3778438
2007-01-17,D,4890301
2007-01-17,I,3781658
2007-01-18,D,4888466
2007-01-18,I,3784199
2007-01-19,D,4888252
2007-01-19,I,3786834
2007-01-22,D,4888096
2007-01-22,I,3788573
2007-01-23,D,4888595
2007-01-23,I,3793051
2007-01-24,D,4890430
2007-01-24,I,3789388
2007-01-25,D,4890714
2007-01-25,I,3792757
2007-01-26,D,4890834
2007-01-26,I,3792380
2007-01-29,D,4894165
2007-01-29,I,3793851
2007-01-30,D,4894707
2007-01-30,I,3793486
2007-01-31,D,4913961
2007-01-31,I,3793600
2007-02-01,D,4914826
2007-02-01,I,3780077
2007-02-02,D,4914958
2007-02-02,I,3778395
2007-02-05,D,4914811
2007-02-05,I,3781543
2007-02-06,D,4914810
2007-02-06,I,3785172
2007-02-07,D,4915441
2007-02-07,I,3784357
2007-02-08,D,4927588
2007-02-08,I,3786125
2007-02-09,D,4927604
2007-02-09,I,3785966
2007-02-12,D,4927673
2007-02-12,I,3786300
2007-02-13,D,4928139
2007-02-13,I,3790339
2007-02-14,D,4928312
2007-02-14,I,3784916
2007-02-15,D,4947665
2007-02-15,I,3791035
2007-02-16,D,4953789
2007-02-16,I,3792263
2007-02-20,D,4954256
2007-02-20,I,3797892
2007-02-21,D,4954722
2007-02-21,I,3797757
2007-02-22,D,4970837
2007-02-22,I,3797778
2007-02-23,D,4970762
2007-02-23,I,3798733
2007-02-26,D,4970774
2007-02-26,I,3802273
2007-02-27,D,4971384
2007-02-27,I,3802726
2007-02-28,D,4979111
2007-02-28,I,3799000
2007-03-01,D,5000186
2007-03-01,I,3788494
2007-03-02,D,5023328
2007-03-02,I,3785492
2007-03-05,D,5024347
2007-03-05,I,3787785
2007-03-06,D,5027341
2007-03-06,I,3791790
2007-03-07,D,5028460
2007-03-07,I,3790154
2007-03-08,D,5042013
2007-03-08,I,3791171
2007-03-09,D,5041611
2007-03-09,I,3790882
2007-03-12,D,5041373
2007-03-12,I,3791660
2007-03-13,D,5041379
2007-03-13,I,3796913
2007-03-14,D,5041456
2007-03-14,I,3791595
2007-03-15,D,5032194
2007-03-15,I,3793873
2007-03-16,D,5032362
2007-03-16,I,3795407
2007-03-19,D,5032628
2007-03-19,I,3801828
2007-03-20,D,5033010
2007-03-20,I,3804984
2007-03-21,D,5034004
2007-03-21,I,3799851
2007-03-22,D,5035921
2007-03-22,I,3796761
2007-03-23,D,5035939
2007-03-23,I,3802004
2007-03-26,D,5035823
2007-03-26,I,3806249
2007-03-27,D,5036908
2007-03-27,I,3809349
2007-03-28,D,5037513
2007-03-28,I,3803412
2007-03-29,D,5036527
2007-03-29,I,3800326
2007-03-30,D,5053940
2007-03-30,I,3795725
2007-04-02,D,5058762
2007-04-02,I,3791594
2007-04-03,D,5076278
2007-04-03,I,3792532
2007-04-04,D,5076445
2007-04-04,I,3793344
2007-04-05,D,5086974
2007-04-05,I,3798184
2007-04-06,D,5086953
2007-04-06,I,3794704
2007-04-09,D,5087321
2007-04-09,I,3795892
2007-04-10,D,5087471
2007-04-10,I,3799510
2007-04-11,D,5091802
2007-04-11,I,3794392
2007-04-12,D,5086557
2007-04-12,I,3797189
2007-04-13,D,5094776
2007-04-13,I,3798276
2007-04-16,D,5067017
2007-04-16,I,3802367
2007-04-17,D,5036278
2007-04-17,I,3812548
2007-04-18,D,5029375
2007-04-18,I,3812966
2007-04-19,D,5006985
2007-04-19,I,3815089
2007-04-20,D,5007097
2007-04-20,I,3817734
2007-04-23,D,5007148
2007-04-23,I,3820339
2007-04-24,D,5007747
2007-04-24,I,3827787
2007-04-25,D,5009027
2007-04-25,I,3825471
2007-04-26,D,4988448
2007-04-26,I,3829375
2007-04-27,D,4988516
2007-04-27,I,3827029
2007-04-30,D,5007058
2007-04-30,I,3833110
2007-05-01,D,5004400
2007-05-01,I,3820227
2007-05-02,D,5004775
2007-05-02,I,3831156
2007-05-03,D,4987675
2007-05-03,I,3826592
2007-05-04,D,4987899
2007-05-04,I,3828111
2007-05-07,D,4988205
2007-05-07,I,3831846
2007-05-08,D,4988538
2007-05-08,I,3839536
2007-05-09,D,4989456
2007-05-09,I,3833052
2007-05-10,D,4981481
2007-05-10,I,3835530
2007-05-11,D,4981702
2007-05-11,I,3836862
2007-05-14,D,4981934
2007-05-14,I,3837764
2007-05-15,D,4959485
2007-05-15,I,3843769
2007-05-16,D,4960801
2007-05-16,I,3839984
2007-05-17,D,4960197
2007-05-17,I,3844264
2007-05-18,D,4960740
2007-05-18,I,3843823
2007-05-21,D,4961570
2007-05-21,I,3845278
2007-05-22,D,4962110
2007-05-22,I,3849320
2007-05-23,D,4962843
2007-05-23,I,3846194
2007-05-24,D,4967930
2007-05-24,I,3848323
2007-05-25,D,4968043
2007-05-25,I,3848250
2007-05-29,D,4968575
2007-05-29,I,3849826
2007-05-30,D,4970450
2007-05-30,I,3848828
2007-05-31,D,4980871
2007-05-31,I,3848121
2007-06-01,D,5004207
2007-06-01,I,3824098
2007-06-04,D,5004684
2007-06-04,I,3826942
2007-06-05,D,5017104
2007-06-05,I,3833690
2007-06-06,D,5017115
2007-06-06,I,3831986
2007-06-07,D,5012219
2007-06-07,I,3830346
2007-06-08,D,5012414
2007-06-08,I,3832776
2007-06-11,D,5012749
2007-06-11,I,3834236
2007-06-12,D,5012905
2007-06-12,I,3837946
2007-06-13,D,5013832
2007-06-13,I,3833161
2007-06-14,D,5000036
2007-06-14,I,3835232
2007-06-15,D,4966437
2007-06-15,I,3837651
2007-06-18,D,4966541
2007-06-18,I,3841717
2007-06-19,D,4967798
2007-06-19,I,3849284
2007-06-20,D,4968047
2007-06-20,I,3845717
2007-06-21,D,4950411
2007-06-21,I,3850271
2007-06-22,D,4950586
2007-06-22,I,3852644
2007-06-25,D,4950662
2007-06-25,I,3856239
2007-06-26,D,4951222
2007-06-26,I,3859774
2007-06-27,D,4952126
2007-06-27,I,3853775
2007-06-28,D,4942746
2007-06-28,I,3850749
2007-06-29,D,4943090
2007-06-29,I,3924585
2007-07-02,D,4948715
2007-07-02,I,3920555
2007-07-03,D,4949386
2007-07-03,I,3921072
2007-07-05,D,4950423
2007-07-05,I,3922342
2007-07-06,D,4950793
2007-07-06,I,3925087
2007-07-09,D,4950998
2007-07-09,I,3923299
2007-07-10,D,4951437
2007-07-10,I,3926577
2007-07-11,D,4952431
2007-07-11,I,3920569
2007-07-12,D,4955495
2007-07-12,I,3922556
2007-07-13,D,4955834
2007-07-13,I,3921933
2007-07-16,D,4963033
2007-07-16,I,3923527
2007-07-17,D,4963304
2007-07-17,I,3930646
2007-07-18,D,4963324
2007-07-18,I,3925198
2007-07-19,D,4969548
2007-07-19,I,3928306
2007-07-20,D,4969448
2007-07-20,I,3929100
2007-07-23,D,4969408
2007-07-23,I,3929796
2007-07-24,D,4969371
2007-07-24,I,3933931
2007-07-25,D,4969515
2007-07-25,I,3930293
2007-07-26,D,4983370
2007-07-26,I,3931067
2007-07-27,D,4983572
2007-07-27,I,3935475
2007-07-30,D,4983979
2007-07-30,I,3925771
2007-07-31,D,5003717
2007-07-31,I,3928722
2007-08-01,D,4999867
2007-08-01,I,3913592
2007-08-02,D,5023484
2007-08-02,I,3922020
2007-08-03,D,5023416
2007-08-03,I,3915511
2007-08-06,D,5023465
2007-08-06,I,3918919
2007-08-07,D,5024001
2007-08-07,I,3923088
2007-08-08,D,5024291
2007-08-08,I,3917680
2007-08-09,D,5052663
2007-08-09,I,3917140
2007-08-10,D,5052797
2007-08-10,I,3915811
2007-08-13,D,5053091
2007-08-13,I,3916845
2007-08-14,D,5053520
2007-08-14,I,3920570
2007-08-15,D,5046912
2007-08-15,I,3918214
2007-08-16,D,5046697
2007-08-16,I,3921146
2007-08-17,D,5047673
2007-08-17,I,3924568
2007-08-20,D,5047972
2007-08-20,I,3924241
2007-08-21,D,5048735
2007-08-21,I,3927557
2007-08-22,D,5049429
2007-08-22,I,3921948
2007-08-23,D,5055033
2007-08-23,I,3925142
2007-08-24,D,5054957
2007-08-24,I,3925686
2007-08-27,D,5054963
2007-08-27,I,3924900
2007-08-28,D,5055628
2007-08-28,I,3928589
2007-08-29,D,5055415
2007-08-29,I,3927934
2007-08-30,D,5065356
2007-08-30,I,3924266
2007-08-31,D,5096938
2007-08-31,I,3908710
2007-09-04,D,5093471
2007-09-04,I,3901675
2007-09-05,D,5094444
2007-09-05,I,3911520
2007-09-06,D,5098810
2007-09-06,I,3910600
2007-09-07,D,5098997
2007-09-07,I,3910886
2007-09-10,D,5098505
2007-09-10,I,3910340
2007-09-11,D,5098691
2007-09-11,I,3916904
2007-09-12,D,5099431
2007-09-12,I,3912017
2007-09-13,D,5101406
2007-09-13,I,3914882
2007-09-14,D,5101434
2007-09-14,I,3915686
2007-09-17,D,5082365
2007-09-17,I,3918096
2007-09-18,D,5082459
2007-09-18,I,3927533
2007-09-19,D,5082767
2007-09-19,I,3923781
2007-09-20,D,5065947
2007-09-20,I,3924006
2007-09-21,D,5066524
2007-09-21,I,3924799
2007-09-24,D,5066560
2007-09-24,I,3927135
2007-09-25,D,5066939
2007-09-25,I,3932957
2007-09-26,D,5066895
2007-09-26,I,3927463
2007-09-27,D,5049701
2007-09-27,I,3923284
2007-09-28,D,5049306
2007-09-28,I,3958348
2007-10-01,D,5057236
2007-10-01,I,4005316
2007-10-02,D,5057188
2007-10-02,I,4012660
2007-10-03,D,5057174
2007-10-03,I,4004151
2007-10-04,D,5043471
2007-10-04,I,4006577
2007-10-05,D,5044361
2007-10-05,I,4010182
2007-10-09,D,5044669
2007-10-09,I,4009476
2007-10-10,D,5044808
2007-10-10,I,4004996
2007-10-11,D,5038220
2007-10-11,I,4004731
2007-10-12,D,5038255
2007-10-12,I,4006002
2007-10-15,D,5043530
2007-10-15,I,4010452
2007-10-16,D,5044434
2007-10-16,I,4013891
2007-10-17,D,5045169
2007-10-17,I,4010107
2007-10-18,D,5042133
2007-10-18,I,4011299
2007-10-19,D,5042073
2007-10-19,I,4011812
2007-10-22,D,5041954
2007-10-22,I,4012279
2007-10-23,D,5042214
2007-10-23,I,4015767
2007-10-24,D,5042376
2007-10-24,I,4011599
2007-10-25,D,5047037
2007-10-25,I,4013197
2007-10-26,D,5046649
2007-10-26,I,4013847
2007-10-29,D,5046591
2007-10-29,I,4014056
2007-10-30,D,5046466
2007-10-30,I,4011914
2007-10-31,D,5067079
2007-10-31,I,4012008
2007-11-01,D,5081299
2007-11-01,I,3998930
2007-11-02,D,5081671
2007-11-02,I,3997153
2007-11-05,D,5081641
2007-11-05,I,3999757
2007-11-06,D,5082132
2007-11-06,I,4003734
2007-11-07,D,5082087
2007-11-07,I,4002186
2007-11-08,D,5105251
2007-11-08,I,4006077
2007-11-09,D,5105180
2007-11-09,I,4006427
2007-11-13,D,5105355
2007-11-13,I,4006375
2007-11-14,D,5106181
2007-11-14,I,4004145
2007-11-15,D,5111851
2007-11-15,I,4001355
2007-11-16,D,5111878
2007-11-16,I,4004046
2007-11-19,D,5111991
2007-11-19,I,4008282
2007-11-20,D,5112756
2007-11-20,I,4012480
2007-11-21,D,5112702
2007-11-21,I,4007414
2007-11-23,D,5119724
2007-11-23,I,4011165
2007-11-26,D,5119723
2007-11-26,I,4013975
2007-11-27,D,5119668
2007-11-27,I,4017672
2007-11-28,D,5120038
2007-11-28,I,4010713
2007-11-29,D,5132368
2007-11-29,I,4007512
2007-11-30,D,5146579
2007-11-30,I,4002762
2007-12-03,D,5170372
2007-12-03,I,3984614
2007-12-04,D,5171086
2007-12-04,I,3992232
2007-12-05,D,5171372
2007-12-05,I,3992004
2007-12-06,D,5175317
2007-12-06,I,3993035
2007-12-07,D,5175133
2007-12-07,I,3990975
2007-12-10,D,5175055
2007-12-10,I,3992888
2007-12-11,D,5174902
2007-12-11,I,3996892
2007-12-12,D,5183281
2007-12-12,I,3991014
2007-12-13,D,5180516
2007-12-13,I,3991754
2007-12-14,D,5180726
2007-12-14,I,3990939
2007-12-17,D,5149995
2007-12-17,I,3992101
2007-12-18,D,5150351
2007-12-18,I,4000959
2007-12-19,D,5150625
2007-12-19,I,3994967
2007-12-20,D,5138057
2007-12-20,I,3998361
2007-12-21,D,5137961
2007-12-21,I,4002031
2007-12-24,D,5138072
2007-12-24,I,4004131
2007-12-26,D,5138223
2007-12-26,I,4001123
2007-12-27,D,5120576
2007-12-27,I,4003440
2007-12-28,D,5120892
2007-12-28,I,3999658
2007-12-31,D,5136303
2007-12-31,I,4092870
2008-01-02,D,5130778
2008-01-02,I,4079809
2008-01-03,D,5115951
2008-01-03,I,4078996
2008-01-04,D,5116200
2008-01-04,I,4081378
2008-01-07,D,5116191
2008-01-07,I,4083367
2008-01-08,D,5116401
2008-01-08,I,4084824
2008-01-09,D,5116465
2008-01-09,I,4079987
2008-01-10,D,5116484
2008-01-10,I,4081894
2008-01-11,D,5116469
2008-01-11,I,4081762
2008-01-14,D,5116702
2008-01-14,I,4083174
2008-01-15,D,5104643
2008-01-15,I,4089523
2008-01-16,D,5104652
2008-01-16,I,4085665
2008-01-17,D,5095855
2008-01-17,I,4091730
2008-01-18,D,5096207
2008-01-18,I,4092433
2008-01-22,D,5095916
2008-01-22,I,4095159
2008-01-23,D,5097062
2008-01-23,I,4095180
2008-01-24,D,5098656
2008-01-24,I,4096822
2008-01-25,D,5102239
2008-01-25,I,4100278
2008-01-28,D,5102308
2008-01-28,I,4100879
2008-01-29,D,5102676
2008-01-29,I,4105099
2008-01-30,D,5102675
2008-01-30,I,4098200
2008-01-31,D,5132265
2008-01-31,I,4105743
2008-02-01,D,5130384
2008-02-01,I,4080472
2008-02-04,D,5130447
2008-02-04,I,4089246
2008-02-05,D,5130440
2008-02-05,I,4094484
2008-02-06,D,5130501
2008-02-06,I,4092901
2008-02-07,D,5148615
2008-02-07,I,4093512
2008-02-08,D,5149243
2008-02-08,I,4095488
2008-02-11,D,5149319
2008-02-11,I,4096803
2008-02-12,D,5149882
2008-02-12,I,4101050
2008-02-13,D,5149738
2008-02-13,I,4094419
2008-02-14,D,5195943
2008-02-14,I,4095956
2008-02-15,D,5190042
2008-02-15,I,4099200
2008-02-19,D,5190250
2008-02-19,I,4101410
2008-02-20,D,5190800
2008-02-20,I,4103661
2008-02-21,D,5212638
2008-02-21,I,4102889
2008-02-22,D,5212686
2008-02-22,I,4107053
2008-02-25,D,5212482
2008-02-25,I,4108350
2008-02-26,D,5212963
2008-02-26,I,4113720
2008-02-27,D,5223170
2008-02-27,I,4107015
2008-02-28,D,5239145
2008-02-28,I,4104097
2008-02-29,D,5259804
2008-02-29,I,4098247
2008-03-03,D,5288162
2008-03-03,I,4080312
2008-03-04,D,5288507
2008-03-04,I,4091037
2008-03-05,D,5288774
2008-03-05,I,4091653
2008-03-06,D,5302410
2008-03-06,I,4092612
2008-03-07,D,5303092
2008-03-07,I,4090911
2008-03-10,D,5303001
2008-03-10,I,4093744
2008-03-11,D,5303810
2008-03-11,I,4098869
2008-03-12,D,5304203
2008-03-12,I,4092847
2008-03-13,D,5313220
2008-03-13,I,4094846
2008-03-14,D,5313245
2008-03-14,I,4095007
2008-03-17,D,5282750
2008-03-17,I,4096499
2008-03-18,D,5282898
2008-03-18,I,4106389
2008-03-19,D,5283168
2008-03-19,I,4099965
2008-03-20,D,5289595
2008-03-20,I,4102610
2008-03-21,D,5289660
2008-03-21,I,4102898
2008-03-24,D,5290715
2008-03-24,I,4105001
2008-03-25,D,5291290
2008-03-25,I,4109305
2008-03-26,D,5291429
2008-03-26,I,4102701
2008-03-27,D,5308260
2008-03-27,I,4104102
2008-03-28,D,5308272
2008-03-28,I,4099661
2008-03-31,D,5334116
2008-03-31,I,4103479
2008-04-01,D,5357331
2008-04-01,I,4089214
2008-04-02,D,5358160
2008-04-02,I,4096555
2008-04-03,D,5346608
2008-04-03,I,4090817
2008-04-04,D,5346704
2008-04-04,I,4091806
2008-04-07,D,5346812
2008-04-07,I,4094386
2008-04-08,D,5347013
2008-04-08,I,4099141
2008-04-09,D,5346425
2008-04-09,I,4090931
2008-04-10,D,5349601
2008-04-10,I,4093106
2008-04-11,D,5349313
2008-04-11,I,4093444
2008-04-14,D,5349211
2008-04-14,I,4095189
2008-04-15,D,5299898
2008-04-15,I,4109169
2008-04-16,D,5294375
2008-04-16,I,4106343
2008-04-17,D,5259571
2008-04-17,I,4108756
2008-04-18,D,5259642
2008-04-18,I,4112844
2008-04-21,D,5239729
2008-04-21,I,4115192
2008-04-22,D,5220027
2008-04-22,I,4121457
2008-04-23,D,5220417
2008-04-23,I,4121111
2008-04-24,D,5207367
2008-04-24,I,4125835
2008-04-25,D,5207257
2008-04-25,I,4127709
2008-04-28,D,5207326
2008-04-28,I,4130189
2008-04-29,D,5207496
2008-04-29,I,4130553
2008-04-30,D,5244195
2008-04-30,I,4133363
2008-05-01,D,5227865
2008-05-01,I,4118554
2008-05-02,D,5227386
2008-05-02,I,4120089
2008-05-05,D,5227180
2008-05-05,I,4125202
2008-05-06,D,5227064
2008-05-06,I,4130937
2008-05-07,D,5227621
2008-05-07,I,4132100
2008-05-08,D,5227966
2008-05-08,I,4136827
2008-05-09,D,5227817
2008-05-09,I,4137417
2008-05-12,D,5228146
2008-05-12,I,4138343
2008-05-13,D,5228246
2008-05-13,I,4142494
2008-05-14,D,5228442
2008-05-14,I,4136113
2008-05-15,D,5218557
2008-05-15,I,4133730
2008-05-16,D,5218571
2008-05-16,I,4134084
2008-05-19,D,5218614
2008-05-19,I,4138247
2008-05-20,D,5237064
2008-05-20,I,4142065
2008-05-21,D,5237483
2008-05-21,I,4135933
2008-05-22,D,5252254
2008-05-22,I,4140371
2008-05-23,D,5252300
2008-05-23,I,4141614
2008-05-27,D,5252836
2008-05-27,I,4140440
2008-05-28,D,5253222
2008-05-28,I,4137432
2008-05-29,D,5259299
2008-05-29,I,4131930
2008-05-30,D,5278567
2008-05-30,I,4110100
2008-06-02,D,5299425
2008-06-02,I,4096913
2008-06-03,D,5299625
2008-06-03,I,4095750
2008-06-04,D,5299614
2008-06-04,I,4096192
2008-06-05,D,5307427
2008-06-05,I,4100067
2008-06-06,D,5307140
2008-06-06,I,4098599
2008-06-09,D,5307821
2008-06-09,I,4099396
2008-06-10,D,5308044
2008-06-10,I,4103523
2008-06-11,D,5330353
2008-06-11,I,4097968
2008-06-12,D,5314964
2008-06-12,I,4100478
2008-06-13,D,5315086
2008-06-13,I,4100450
2008-06-16,D,5283461
2008-06-16,I,4103330
2008-06-17,D,5283986
2008-06-17,I,4112642
2008-06-18,D,5284022
2008-06-18,I,4108073
2008-06-19,D,5256872
2008-06-19,I,4113417
2008-06-20,D,5256761
2008-06-20,I,4113993
2008-06-23,D,5256906
2008-06-23,I,4116383
2008-06-24,D,5257076
2008-06-24,I,4122198
2008-06-25,D,5257711
2008-06-25,I,4113213
2008-06-26,D,5253962
2008-06-26,I,4114895
2008-06-27,D,5254179
2008-06-27,I,4109626
2008-06-30,D,5285064
2008-06-30,I,4206942
2008-07-01,D,5276941
2008-07-01,I,4190576
2008-07-02,D,5277618
2008-07-02,I,4195445
2008-07-03,D,5301053
2008-07-03,I,4191193
2008-07-07,D,5301339
2008-07-07,I,4192233
2008-07-08,D,5301802
2008-07-08,I,4197986
2008-07-09,D,5302275
2008-07-09,I,4190900
2008-07-10,D,5312998
2008-07-10,I,4189659
2008-07-11,D,5313139
2008-07-11,I,4188302
2008-07-14,D,5313265
2008-07-14,I,4185246
2008-07-15,D,5320754
2008-07-15,I,4188986
2008-07-16,D,5321071
2008-07-16,I,4183648
2008-07-17,D,5330584
2008-07-17,I,4187368
2008-07-18,D,5330674
2008-07-18,I,4187577
2008-07-21,D,5331047
2008-07-21,I,4189306
2008-07-22,D,5339931
2008-07-22,I,4192875
2008-07-23,D,5340252
2008-07-23,I,4186345
2008-07-24,D,5350871
2008-07-24,I,4189290
2008-07-25,D,5351160
2008-07-25,I,4189530
2008-07-28,D,5350906
2008-07-28,I,4186590
2008-07-29,D,5351639
2008-07-29,I,4185952
2008-07-30,D,5351840
2008-07-30,I,4180696
2008-07-31,D,5403382
2008-07-31,I,4182098
2008-08-01,D,5400553
2008-08-01,I,4156018
2008-08-04,D,5401069
2008-08-04,I,4163974
2008-08-05,D,5401231
2008-08-05,I,4168456
2008-08-06,D,5401768
2008-08-06,I,4167403
2008-08-07,D,5402861
2008-08-07,I,4168572
2008-08-08,D,5403109
2008-08-08,I,4170345
2008-08-11,D,5403503
2008-08-11,I,4171678
2008-08-12,D,5403830
2008-08-12,I,4175551
2008-08-13,D,5429866
2008-08-13,I,4169011
2008-08-14,D,5423722
2008-08-14,I,4169618
2008-08-15,D,5434626
2008-08-15,I,4172350
2008-08-18,D,5435105
2008-08-18,I,4173006
2008-08-19,D,5435744
2008-08-19,I,4178987
2008-08-20,D,5436200
2008-08-20,I,4172135
2008-08-21,D,5443448
2008-08-21,I,4175197
2008-08-22,D,5443728
2008-08-22,I,4175007
2008-08-25,D,5444171
2008-08-25,I,4177366
2008-08-26,D,5455468
2008-08-26,I,4180177
2008-08-27,D,5455421
2008-08-27,I,4173375
2008-08-28,D,5479937
2008-08-28,I,4170390
2008-08-29,D,5479100
2008-08-29,I,4166625
2008-09-02,D,5509898
2008-09-02,I,4157904
2008-09-03,D,5509953
2008-09-03,I,4157723
2008-09-04,D,5510538
2008-09-04,I,4157656
2008-09-05,D,5510654
2008-09-05,I,4159145
2008-09-08,D,5510455
2008-09-08,I,4158390
2008-09-09,D,5530693
2008-09-09,I,4162070
2008-09-10,D,5530928
2008-09-10,I,4153864
2008-09-11,D,5526829
2008-09-11,I,4155288
2008-09-12,D,5526803
2008-09-12,I,4156516
2008-09-15,D,5475451
2008-09-15,I,4158640
2008-09-16,D,5475942
2008-09-16,I,4163850
2008-09-17,D,5476381
2008-09-17,I,4170766
2008-09-18,D,5492459
2008-09-18,I,4172172
2008-09-19,D,5552620
2008-09-19,I,4174390
2008-09-22,D,5613059
2008-09-22,I,4172807
2008-09-23,D,5613893
2008-09-23,I,4177676
2008-09-24,D,5614420
2008-09-24,I,4173660
2008-09-25,D,5674500
2008-09-25,I,4174750
2008-09-26,D,5714474
2008-09-26,I,4174726
2008-09-29,D,5774962
2008-09-29,I,4170616
2008-09-30,D,5808692
2008-09-30,I,4216033
2008-10-01,D,5850791
2008-10-01,I,4273434
2008-10-02,D,5869084
2008-10-02,I,4279665
2008-10-03,D,5913838
2008-10-03,I,4272431
2008-10-06,D,5913434
2008-10-06,I,4274320
2008-10-07,D,5943992
2008-10-07,I,4280260
2008-10-08,D,5974095
2008-10-08,I,4271152
2008-10-09,D,5994930
2008-10-09,I,4271453
2008-10-10,D,6024947
2008-10-10,I,4269434
2008-10-14,D,6024524
2008-10-14,I,4269881
2008-10-15,D,6055696
2008-10-15,I,4270359
2008-10-16,D,6060010
2008-10-16,I,4271129
2008-10-17,D,6059726
2008-10-17,I,4274480
2008-10-20,D,6189647
2008-10-20,I,4275242
2008-10-21,D,6189702
2008-10-21,I,4277689
2008-10-22,D,6225625
2008-10-22,I,4270045
2008-10-23,D,6250228
2008-10-23,I,4273885
2008-10-24,D,6249315
2008-10-24,I,4274640
2008-10-27,D,6249201
2008-10-27,I,4275546
2008-10-28,D,6249172
2008-10-28,I,4277548
2008-10-29,D,6249239
2008-10-29,I,4276584
2008-10-30,D,6257578
2008-10-30,I,4273315
2008-10-31,D,6302794
2008-10-31,I,4271301
2008-11-03,D,6302221
2008-11-03,I,4253956
2008-11-04,D,6302536
2008-11-04,I,4263610
2008-11-05,D,6302458
2008-11-05,I,4264412
2008-11-06,D,6358999
2008-11-06,I,4265731
2008-11-07,D,6358869
2008-11-07,I,4263298
2008-11-10,D,6358690
2008-11-10,I,4263533
2008-11-12,D,6358807
2008-11-12,I,4259702
2008-11-13,D,6320977
2008-11-13,I,4257662
2008-11-14,D,6360692
2008-11-14,I,4257115
2008-11-17,D,6359523
2008-11-17,I,4258943
2008-11-18,D,6394550
2008-11-18,I,4265868
2008-11-19,D,6394117
2008-11-19,I,4258207
2008-11-20,D,6393927
2008-11-20,I,4261530
2008-11-21,D,6393776
2008-11-21,I,4261693
2008-11-24,D,6393689
2008-11-24,I,4260571
2008-11-25,D,6395157
2008-11-25,I,4263199
2008-11-26,D,6395808
2008-11-26,I,4252110
2008-11-28,D,6396591
2008-11-28,I,4264584
2008-12-01,D,6434879
2008-12-01,I,4246257
2008-12-02,D,6435079
2008-12-02,I,4250088
2008-12-03,D,6434553
2008-12-03,I,4241380
2008-12-04,D,6411650
2008-12-04,I,4242233
2008-12-05,D,6411463
2008-12-05,I,4241808
2008-12-08,D,6410703
2008-12-08,I,4243227
2008-12-09,D,6410735
2008-12-09,I,4245385
2008-12-10,D,6410822
2008-12-10,I,4237618
2008-12-11,D,6390882
2008-12-11,I,4207003
2008-12-12,D,6390699
2008-12-12,I,4206370
2008-12-15,D,6418685
2008-12-15,I,4236916
2008-12-16,D,6418858
2008-12-16,I,4211698
2008-12-17,D,6418658
2008-12-17,I,4236894
2008-12-18,D,6360780
2008-12-18,I,4237688
2008-12-19,D,6360411
2008-12-19,I,4237784
2008-12-22,D,6359822
2008-12-22,I,4207607
2008-12-23,D,6359897
2008-12-23,I,4241874
2008-12-24,D,6359776
2008-12-24,I,4226813
2008-12-26,D,6323447
2008-12-26,I,4229329
2008-12-29,D,6322710
2008-12-29,I,4231404
2008-12-30,D,6322766
2008-12-30,I,4230249
2008-12-31,D,6369319
2008-12-31,I,4330486
2009-01-02,D,6320066
2009-01-02,I,4307895
2009-01-05,D,6319153
2009-01-05,I,4316359
2009-01-06,D,6318809
2009-01-06,I,4319617
2009-01-07,D,6318495
2009-01-07,I,4317277
2009-01-08,D,6290895
2009-01-08,I,4317430
2009-01-09,D,6290327
2009-01-09,I,4319431
2009-01-12,D,6289228
2009-01-12,I,4320563
2009-01-13,D,6289189
2009-01-13,I,4324715
2009-01-14,D,6288674
2009-01-14,I,4317295
2009-01-15,D,6309145
2009-01-15,I,4318564
2009-01-16,D,6308565
2009-01-16,I,4320317
2009-01-20,D,6307311
2009-01-20,I,4319566
2009-01-21,D,6307085
2009-01-21,I,4317969
2009-01-22,D,6296701
2009-01-22,I,4322017
2009-01-23,D,6296582
2009-01-23,I,4323815
2009-01-26,D,6295577
2009-01-26,I,4325281
2009-01-27,D,6295765
2009-01-27,I,4330314
2009-01-28,D,6295525
2009-01-28,I,4322336
2009-01-29,D,6309861
2009-01-29,I,4316437
2009-01-30,D,6317224
2009-01-30,I,4314781
2009-02-02,D,6363559
2009-02-02,I,4304404
2009-02-03,D,6363421
2009-02-03,I,4305223
2009-02-04,D,6363352
2009-02-04,I,4305840
2009-02-05,D,6410020
2009-02-05,I,4307978
2009-02-06,D,6410361
2009-02-06,I,4306919
2009-02-09,D,6409788
2009-02-09,I,4307938
2009-02-10,D,6410177
2009-02-10,I,4311189
2009-02-11,D,6409955
2009-02-11,I,4303169
2009-02-12,D,6453766
2009-02-12,I,4305431
2009-02-13,D,6453497
2009-02-13,I,4305519
2009-02-17,D,6481923
2009-02-17,I,4307860
2009-02-18,D,6482101
2009-02-18,I,4307824
2009-02-19,D,6495008
2009-02-19,I,4307014
2009-02-20,D,6530346
2009-02-20,I,4308412
2009-02-23,D,6529920
2009-02-23,I,4309607
2009-02-24,D,6530393
2009-02-24,I,4312962
2009-02-25,D,6530807
2009-02-25,I,4306692
2009-02-26,D,6578856
2009-02-26,I,4302304
2009-02-27,D,6579163
2009-02-27,I,4297982
2009-03-02,D,6653326
2009-03-02,I,4288839
2009-03-03,D,6653824
2009-03-03,I,4290014
2009-03-04,D,6654450
2009-03-04,I,4289888
2009-03-05,D,6661393
2009-03-05,I,4291641
2009-03-06,D,6662244
2009-03-06,I,4289334
2009-03-09,D,6662205
2009-03-09,I,4290458
2009-03-10,D,6662657
2009-03-10,I,4295752
2009-03-11,D,6662845
2009-03-11,I,4288255
2009-03-12,D,6694196
2009-03-12,I,4289354
2009-03-13,D,6694183
2009-03-13,I,4289567
2009-03-16,D,6741973
2009-03-16,I,4291185
2009-03-17,D,6742004
2009-03-17,I,4300550
2009-03-18,D,6742241
2009-03-18,I,4291984
2009-03-19,D,6746329
2009-03-19,I,4293358
2009-03-20,D,6746758
2009-03-20,I,4294049
2009-03-23,D,6746642
2009-03-23,I,4295070
2009-03-24,D,6746865
2009-03-24,I,4300064
2009-03-25,D,6746925
2009-03-25,I,4290992
2009-03-26,D,6754100
2009-03-26,I,4292147
2009-03-27,D,6753632
2009-03-27,I,4291922
2009-03-30,D,6753702
2009-03-30,I,4289887
2009-03-31,D,6833543
2009-03-31,I,4293398
2009-04-01,D,6831801
2009-04-01,I,4278854
2009-04-02,D,6839565
2009-04-02,I,4284954
2009-04-03,D,6868533
2009-04-03,I,4278034
2009-04-06,D,6868606
2009-04-06,I,4280740
2009-04-07,D,6868730
2009-04-07,I,4284043
2009-04-08,D,6868781
2009-04-08,I,4276572
2009-04-09,D,6892836
2009-04-09,I,4276631
2009-04-10,D,6892887
2009-04-10,I,4276839
2009-04-13,D,6893196
2009-04-13,I,4276782
2009-04-14,D,6893364
2009-04-14,I,4278934
2009-04-15,D,6937570
2009-04-15,I,4281293
2009-04-16,D,6898834
2009-04-16,I,4285066
2009-04-17,D,6898873
2009-04-17,I,4286843
2009-04-20,D,6899067
2009-04-20,I,4290315
2009-04-21,D,6898703
2009-04-21,I,4294756
2009-04-22,D,6898755
2009-04-22,I,4292302
2009-04-23,D,6885898
2009-04-23,I,4299025
2009-04-24,D,6885764
2009-04-24,I,4299536
2009-04-27,D,6886050
2009-04-27,I,4303406
2009-04-28,D,6886205
2009-04-28,I,4308134
2009-04-29,D,6851477
2009-04-29,I,4301445
2009-04-30,D,6930825
2009-04-30,I,4307767
2009-05-01,D,6927622
2009-05-01,I,4280454
2009-05-04,D,6927691
2009-05-04,I,4292279
2009-05-05,D,6927814
2009-05-05,I,4299650
2009-05-06,D,6927755
2009-05-06,I,4299052
2009-05-07,D,6955434
2009-05-07,I,4300832
2009-05-08,D,6955218
2009-05-08,I,4303476
2009-05-11,D,6955188
2009-05-11,I,4305266
2009-05-12,D,6955071
2009-05-12,I,4308729
2009-05-13,D,6954981
2009-05-13,I,4300979
2009-05-14,D,6968908
2009-05-14,I,4301640
2009-05-15,D,6981972
2009-05-15,I,4302138
2009-05-18,D,6981959
2009-05-18,I,4304634
2009-05-19,D,6982204
2009-05-19,I,4311152
2009-05-20,D,6982626
2009-05-20,I,4302836
2009-05-21,D,6999369
2009-05-21,I,4306305
2009-05-22,D,6999376
2009-05-22,I,4302300
2009-05-26,D,6999554
2009-05-26,I,4306040
2009-05-27,D,6999887
2009-05-27,I,4301228
2009-05-28,D,7017392
2009-05-28,I,4294289
2009-05-29,D,7019322
2009-05-29,I,4302278
2009-06-01,D,7097862
2009-06-01,I,4282105
2009-06-02,D,7098405
2009-06-02,I,4284333
2009-06-03,D,7098402
2009-06-03,I,4275864
2009-06-04,D,7110157
2009-06-04,I,4278840
2009-06-05,D,7109931
2009-06-05,I,4278012
2009-06-08,D,7109946
2009-06-08,I,4280308
2009-06-09,D,7109972
2009-06-09,I,4281487
2009-06-10,D,7110096
2009-06-10,I,4273891
2009-06-11,D,7110581
2009-06-11,I,4265045
2009-06-12,D,7110924
2009-06-12,I,4264029
2009-06-15,D,7133204
2009-06-15,I,4267520
2009-06-16,D,7133504
2009-06-16,I,4272509
2009-06-17,D,7133486
2009-06-17,I,4269284
2009-06-18,D,7127626
2009-06-18,I,4271632
2009-06-19,D,7127310
2009-06-19,I,4270401
2009-06-22,D,7127335
2009-06-22,I,4273322
2009-06-23,D,7127689
2009-06-23,I,4280285
2009-06-24,D,7092957
2009-06-24,I,4272696
2009-06-25,D,7090101
2009-06-25,I,4273414
2009-06-26,D,7090436
2009-06-26,I,4272044
2009-06-29,D,7090563
2009-06-29,I,4267838
2009-06-30,D,7174912
2009-06-30,I,4370363
2009-07-01,D,7165694
2009-07-01,I,4352779
2009-07-02,D,7139808
2009-07-02,I,4349753
2009-07-03,D,7139791
2009-07-03,I,4351197
2009-07-06,D,7169780
2009-07-06,I,4350790
2009-07-07,D,7169995
2009-07-07,I,4353848
2009-07-08,D,7170616
2009-07-08,I,4344448
2009-07-09,D,7181013
2009-07-09,I,4345291
2009-07-10,D,7180648
2009-07-10,I,4343958
2009-07-13,D,7180648
2009-07-13,I,4344745
2009-07-14,D,7180892
2009-07-14,I,4348099
2009-07-15,D,7238614
2009-07-15,I,4340815
2009-07-16,D,7254750
2009-07-16,I,4343668
2009-07-17,D,7254813
2009-07-17,I,4345676
2009-07-20,D,7254984
2009-07-20,I,4346286
2009-07-21,D,7254663
2009-07-21,I,4349702
2009-07-22,D,7254924
2009-07-22,I,4340572
2009-07-23,D,7264964
2009-07-23,I,4340557
2009-07-24,D,7264839
2009-07-24,I,4341689
2009-07-27,D,7264917
2009-07-27,I,4342870
2009-07-28,D,7265338
2009-07-28,I,4347370
2009-07-29,D,7266071
2009-07-29,I,4345147
2009-07-30,D,7240039
2009-07-30,I,4341163
2009-07-31,D,7335573
2009-07-31,I,4333678
2009-08-03,D,7330490
2009-08-03,I,4318058
2009-08-04,D,7330433
2009-08-04,I,4329211
2009-08-05,D,7330451
2009-08-05,I,4328627
2009-08-06,D,7329873
2009-08-06,I,4330269
2009-08-07,D,7330164
2009-08-07,I,4328049
2009-08-10,D,7330386
2009-08-10,I,4331562
2009-08-11,D,7330633
2009-08-11,I,4335853
2009-08-12,D,7330714
2009-08-12,I,4327479
2009-08-13,D,7334811
2009-08-13,I,4328020
2009-08-14,D,7334828
2009-08-14,I,4334955
2009-08-17,D,7347053
2009-08-17,I,4335492
2009-08-18,D,7383335
2009-08-18,I,4343260
2009-08-19,D,7384038
2009-08-19,I,4334194
2009-08-20,D,7385127
2009-08-20,I,4335702
2009-08-21,D,7385460
2009-08-21,I,4333798
2009-08-24,D,7385932
2009-08-24,I,4333128
2009-08-25,D,7386220
2009-08-25,I,4344180
2009-08-26,D,7385754
2009-08-26,I,4330809
2009-08-27,D,7393886
2009-08-27,I,4331592
2009-08-28,D,7394009
2009-08-28,I,4324750
2009-08-31,D,7484145
2009-08-31,I,4328725
2009-09-01,D,7481219
2009-09-01,I,4311699
2009-09-02,D,7481532
2009-09-02,I,4316011
2009-09-03,D,7476061
2009-09-03,I,4311001
2009-09-04,D,7476061
2009-09-04,I,4308967
2009-09-08,D,7475870
2009-09-08,I,4311549
2009-09-09,D,7476008
2009-09-09,I,4308416
2009-09-10,D,7488335
2009-09-10,I,4306711
2009-09-11,D,7488352
2009-09-11,I,4306343
2009-09-14,D,7488158
2009-09-14,I,4304457
2009-09-15,D,7522854
2009-09-15,I,4311337
2009-09-16,D,7522975
2009-09-16,I,4304991
2009-09-17,D,7505033
2009-09-17,I,4304206
2009-09-18,D,7504720
2009-09-18,I,4302947
2009-09-21,D,7504401
2009-09-21,I,4306685
2009-09-22,D,7504396
2009-09-22,I,4315234
2009-09-23,D,7504209
2009-09-23,I,4309514
2009-09-24,D,7460693
2009-09-24,I,4309987
2009-09-25,D,7460436
2009-09-25,I,4310262
2009-09-28,D,7459663
2009-09-28,I,4311788
2009-09-29,D,7460137
2009-09-29,I,4315976
2009-09-30,D,7551862
2009-09-30,I,4357967
2009-10-01,D,7505894
2009-10-01,I,4414625
2009-10-02,D,7506060
2009-10-02,I,4411888
2009-10-05,D,7506025
2009-10-05,I,4413855
2009-10-06,D,7506665
2009-10-06,I,4420770
2009-10-07,D,7506681
2009-10-07,I,4419039
2009-10-08,D,7479183
2009-10-08,I,4419770
2009-10-09,D,7479169
2009-10-09,I,4416630
2009-10-13,D,7489509
2009-10-13,I,4418100
2009-10-14,D,7489759
2009-10-14,I,4413830
2009-10-15,D,7530214
2009-10-15,I,4416489
2009-10-16,D,7530179
2009-10-16,I,4418543
2009-10-19,D,7530348
2009-10-19,I,4422263
2009-10-20,D,7530433
2009-10-20,I,4426152
2009-10-21,D,7530694
2009-10-21,I,4417763
2009-10-22,D,7475812
2009-10-22,I,4420996
2009-10-23,D,7475706
2009-10-23,I,4420183
2009-10-26,D,7475025
2009-10-26,I,4422561
2009-10-27,D,7475652
2009-10-27,I,4425778
2009-10-28,D,7476450
2009-10-28,I,4417219
2009-10-29,D,7456681
2009-10-29,I,4411777
2009-10-30,D,7487887
2009-10-30,I,4405204
2009-11-02,D,7579885
2009-11-02,I,4394853
2009-11-03,D,7580074
2009-11-03,I,4398517
2009-11-04,D,7579989
2009-11-04,I,4398964
2009-11-05,D,7588138
2009-11-05,I,4402423
2009-11-06,D,7588066
2009-11-06,I,4400813
2009-11-09,D,7588075
2009-11-09,I,4401947
2009-11-10,D,7588374
2009-11-10,I,4398580
2009-11-12,D,7594010
2009-11-12,I,4397210
2009-11-13,D,7593746
2009-11-13,I,4397761
2009-11-16,D,7632034
2009-11-16,I,4399265
2009-11-17,D,7632297
2009-11-17,I,4407022
2009-11-18,D,7632274
2009-11-18,I,4397929
2009-11-19,D,7611173
2009-11-19,I,4400614
2009-11-20,D,7611083
2009-11-20,I,4399479
2009-11-23,D,7611034
2009-11-23,I,4400805
2009-11-24,D,7611356
2009-11-24,I,4404965
2009-11-25,D,7611882
2009-11-25,I,4397572
2009-11-27,D,7615594
2009-11-27,I,4393056
2009-11-30,D,7712387
2009-11-30,I,4400660
2009-12-01,D,7707251
2009-12-01,I,4381975
2009-12-02,D,7706914
2009-12-02,I,4383911
2009-12-03,D,7709701
2009-12-03,I,4377660
2009-12-04,D,7709912
2009-12-04,I,4377532
2009-12-07,D,7709787
2009-12-07,I,4376385
2009-12-08,D,7709848
2009-12-08,I,4381445
2009-12-09,D,7710037
2009-12-09,I,4369702
2009-12-10,D,7722302
2009-12-10,I,4370371
2009-12-11,D,7722343
2009-12-11,I,4359367
2009-12-14,D,7710219
2009-12-14,I,4361062
2009-12-15,D,7769018
2009-12-15,I,4365952
2009-12-16,D,7769367
2009-12-16,I,4359706
2009-12-17,D,7732874
2009-12-17,I,4364825
2009-12-18,D,7733584
2009-12-18,I,4364399
2009-12-21,D,7733429
2009-12-21,I,4365814
2009-12-22,D,7736047
2009-12-22,I,4359025
2009-12-23,D,7736507
2009-12-23,I,4366097
2009-12-24,D,7734528
2009-12-24,I,4366745
2009-12-28,D,7734616
2009-12-28,I,4369826
2009-12-29,D,7719581
2009-12-29,I,4380638
2009-12-30,D,7727178
2009-12-30,I,4417716
2009-12-31,D,7811009
2009-12-31,I,4500341
2010-01-04,D,7803906
2010-01-04,I,4486332
2010-01-05,D,7804260
2010-01-05,I,4499041
2010-01-06,D,7804384
2010-01-06,I,4497696
2010-01-07,D,7781593
2010-01-07,I,4499252
2010-01-08,D,7781415
2010-01-08,I,4499189
2010-01-11,D,7781189
2010-01-11,I,4504295
2010-01-12,D,7781353
2010-01-12,I,4509816
2010-01-13,D,7781209
2010-01-13,I,4501065
2010-01-14,D,7756103
2010-01-14,I,4502442
2010-01-15,D,7813184
2010-01-15,I,4506143
2010-01-19,D,7812891
2010-01-19,I,4509217
2010-01-20,D,7814389
2010-01-20,I,4512992
2010-01-21,D,7783228
2010-01-21,I,4516935
2010-01-22,D,7783158
2010-01-22,I,4519308
2010-01-25,D,7783116
2010-01-25,I,4520620
2010-01-26,D,7784089
2010-01-26,I,4524797
2010-01-27,D,7784153
2010-01-27,I,4517619
2010-01-28,D,7759907
2010-01-28,I,4514524
2010-01-29,D,7759490
2010-01-29,I,4519146
2010-02-01,D,7849810
2010-02-01,I,4499654
2010-02-02,D,7849744
2010-02-02,I,4511200
2010-02-03,D,7850078
2010-02-03,I,4503963
2010-02-04,D,7840401
2010-02-04,I,4506027
2010-02-05,D,7840319
2010-02-05,I,4505192
2010-02-08,D,7840439
2010-02-08,I,4507464
2010-02-09,D,7840807
2010-02-09,I,4508660
2010-02-10,D,7840750
2010-02-10,I,4499820
2010-02-11,D,7848015
2010-02-11,I,4501309
2010-02-12,D,7847911
2010-02-12,I,4503714
2010-02-16,D,7878008
2010-02-16,I,4506350
2010-02-17,D,7878417
2010-02-17,I,4508079
2010-02-18,D,7893642
2010-02-18,I,4507807
2010-02-19,D,7893756
2010-02-19,I,4508299
2010-02-22,D,7893550
2010-02-22,I,4509477
2010-02-23,D,7893954
2010-02-23,I,4515421
2010-02-24,D,7893872
2010-02-24,I,4507909
2010-02-25,D,7928696
2010-02-25,I,4504965
2010-02-26,D,7936671
2010-02-26,I,4503397
2010-03-01,D,8024927
2010-03-01,I,4482609
2010-03-02,D,8024978
2010-03-02,I,4494445
2010-03-03,D,8026657
2010-03-03,I,4482288
2010-03-04,D,8061073
2010-03-04,I,4484417
2010-03-05,D,8060998
2010-03-05,I,4483706
2010-03-08,D,8061258
2010-03-08,I,4485114
2010-03-09,D,8061801
2010-03-09,I,4490902
2010-03-10,D,8062097
2010-03-10,I,4482292
2010-03-11,D,8091790
2010-03-11,I,4483690
2010-03-12,D,8092154
2010-03-12,I,4483525
2010-03-15,D,8152641
2010-03-15,I,4484022
2010-03-16,D,8152882
2010-03-16,I,4490819
2010-03-17,D,8153201
2010-03-17,I,4486578
2010-03-18,D,8174188
2010-03-18,I,4487108
2010-03-19,D,8174433
2010-03-19,I,4486607
2010-03-22,D,8175095
2010-03-22,I,4488277
2010-03-23,D,8175891
2010-03-23,I,4495004
2010-03-24,D,8176387
2010-03-24,I,4486079
2010-03-25,D,8200482
2010-03-25,I,4487088
2010-03-26,D,8199960
2010-03-26,I,4485934
2010-03-29,D,8199927
2010-03-29,I,4486322
2010-03-30,D,8200073
2010-03-30,I,4484497
2010-03-31,D,8290069
2010-03-31,I,4483054
2010-04-01,D,8294871
2010-04-01,I,4470008
2010-04-02,D,8294088
2010-04-02,I,4468660
2010-04-05,D,8315716
2010-04-05,I,4470843
2010-04-06,D,8315962
2010-04-06,I,4477005
2010-04-07,D,8316889
2010-04-07,I,4474986
2010-04-08,D,8347752
2010-04-08,I,4478279
2010-04-09,D,8347537
2010-04-09,I,4478150
2010-04-12,D,8347344
2010-04-12,I,4479035
2010-04-13,D,8347257
2010-04-13,I,4483936
2010-04-14,D,8348115
2010-04-14,I,4475378
2010-04-15,D,8387444
2010-04-15,I,4487175
2010-04-16,D,8387322
2010-04-16,I,4490392
2010-04-19,D,8370106
2010-04-19,I,4492943
2010-04-20,D,8370456
2010-04-20,I,4500800
2010-04-21,D,8370636
2010-04-21,I,4494878
2010-04-22,D,8354949
2010-04-22,I,4517652
2010-04-23,D,8354793
2010-04-23,I,4522402
2010-04-26,D,8354812
2010-04-26,I,4525552
2010-04-27,D,8355547
2010-04-27,I,4530768
2010-04-28,D,8355527
2010-04-28,I,4521207
2010-04-29,D,8336008
2010-04-29,I,4517093
2010-04-30,D,8434435
2010-04-30,I,4514304
2010-05-03,D,8430105
2010-05-03,I,4496915
2010-05-04,D,8430148
2010-05-04,I,4510806
2010-05-05,D,8430747
2010-05-05,I,4512748
2010-05-06,D,8415800
2010-05-06,I,4517114
2010-05-07,D,8415800
2010-05-07,I,4513141
2010-05-10,D,8416604
2010-05-10,I,4510181
2010-05-11,D,8416456
2010-05-11,I,4514701
2010-05-12,D,8417239
2010-05-12,I,4505923
2010-05-13,D,8420541
2010-05-13,I,4506870
2010-05-14,D,8420101
2010-05-14,I,4506589
2010-05-17,D,8466170
2010-05-17,I,4508726
2010-05-18,D,8466531
2010-05-18,I,4518136
2010-05-19,D,8466739
2010-05-19,I,4508553
2010-05-20,D,8476843
2010-05-20,I,4510980
2010-05-21,D,8477106
2010-05-21,I,4510691
2010-05-24,D,8477478
2010-05-24,I,4511618
2010-05-25,D,8478415
2010-05-25,I,4517365
2010-05-26,D,8479472
2010-05-26,I,4507802
2010-05-27,D,8494714
2010-05-27,I,4493203
2010-05-28,D,8494419
2010-05-28,I,4498120
2010-06-01,D,8572779
2010-06-01,I,4478047
2010-06-02,D,8573302
2010-06-02,I,4484988
2010-06-03,D,8577330
2010-06-03,I,4478920
2010-06-04,D,8577524
2010-06-04,I,4473064
2010-06-07,D,8577580
2010-06-07,I,4474625
2010-06-08,D,8577519
2010-06-08,I,4479438
2010-06-09,D,8577893
2010-06-09,I,4468256
2010-06-10,D,8572105
2010-06-10,I,4469300
2010-06-11,D,8572070
2010-06-11,I,4469138
2010-06-14,D,8572307
2010-06-14,I,4470841
2010-06-15,D,8598961
2010-06-15,I,4479459
2010-06-16,D,8599140
2010-06-16,I,4473860
2010-06-17,D,8559008
2010-06-17,I,4479869
2010-06-18,D,8559227
2010-06-18,I,4479229
2010-06-21,D,8559135
2010-06-21,I,4480918
2010-06-22,D,8559071
2010-06-22,I,4487582
2010-06-23,D,8559677
2010-06-23,I,4482173
2010-06-24,D,8556293
2010-06-24,I,4481786
2010-06-25,D,8556552
2010-06-25,I,4481754
2010-06-28,D,8555695
2010-06-28,I,4483222
2010-06-29,D,8556448
2010-06-29,I,4481094
2010-06-30,D,8633680
2010-06-30,I,4569793
2010-07-01,D,8627009
2010-07-01,I,4551309
2010-07-02,D,8627469
2010-07-02,I,4547862
2010-07-06,D,8627544
2010-07-06,I,4550101
2010-07-07,D,8627557
2010-07-07,I,4554434
2010-07-08,D,8639388
2010-07-08,I,4552847
2010-07-09,D,8639254
2010-07-09,I,4554601
2010-07-12,D,8639110
2010-07-12,I,4555413
2010-07-13,D,8639464
2010-07-13,I,4559827
2010-07-14,D,8639661
2010-07-14,I,4549845
2010-07-15,D,8687401
2010-07-15,I,4552827
2010-07-16,D,8687636
2010-07-16,I,4552268
2010-07-19,D,8687634
2010-07-19,I,4555260
2010-07-20,D,8687662
2010-07-20,I,4558336
2010-07-21,D,8687665
2010-07-21,I,4549830
2010-07-22,D,8698302
2010-07-22,I,4550851
2010-07-23,D,8697893
2010-07-23,I,4550632
2010-07-26,D,8697920
2010-07-26,I,4554110
2010-07-27,D,8698462
2010-07-27,I,4559818
2010-07-28,D,8698368
2010-07-28,I,4549426
2010-07-29,D,8702121
2010-07-29,I,4544388
2010-07-30,D,8702458
2010-07-30,I,4535269
2010-08-02,D,8771691
2010-08-02,I,4525136
2010-08-03,D,8771462
2010-08-03,I,4530176
2010-08-04,D,8771792
2010-08-04,I,4530510
2010-08-05,D,8777035
2010-08-05,I,4533852
2010-08-06,D,8777089
2010-08-06,I,4533026
2010-08-09,D,8776824
2010-08-09,I,4534427
2010-08-10,D,8778545
2010-08-10,I,4541286
2010-08-11,D,8778640
2010-08-11,I,4529232
2010-08-12,D,8787070
2010-08-12,I,4529979
2010-08-13,D,8786781
2010-08-13,I,4528637
2010-08-16,D,8825308
2010-08-16,I,4531686
2010-08-17,D,8825395
2010-08-17,I,4539345
2010-08-18,D,8825609
2010-08-18,I,4528192
2010-08-19,D,8833840
2010-08-19,I,4529387
2010-08-20,D,8833342
2010-08-20,I,4528397
2010-08-23,D,8833235
2010-08-23,I,4530044
2010-08-24,D,8833728
2010-08-24,I,4537574
2010-08-25,D,8834184
2010-08-25,I,4527171
2010-08-26,D,8849513
2010-08-26,I,4526677
2010-08-27,D,8849570
2010-08-27,I,4525653
2010-08-30,D,8849477
2010-08-30,I,4520365
2010-08-31,D,8927061
2010-08-31,I,4522591
2010-09-01,D,8924443
2010-09-01,I,4502360
2010-09-02,D,8933216
2010-09-02,I,4508841
2010-09-03,D,8933281
2010-09-03,I,4502062
2010-09-07,D,8933304
2010-09-07,I,4505467
2010-09-08,D,8933704
2010-09-08,I,4501651
2010-09-09,D,8942518
2010-09-09,I,4501978
2010-09-10,D,8942463
2010-09-10,I,4499300
2010-09-13,D,8942554
2010-09-13,I,4500889
2010-09-14,D,8942705
2010-09-14,I,4497521
2010-09-15,D,9007122
2010-09-15,I,4490905
2010-09-16,D,8970475
2010-09-16,I,4494421
2010-09-17,D,8970272
2010-09-17,I,4497473
2010-09-20,D,8970292
2010-09-20,I,4499051
2010-09-21,D,8970801
2010-09-21,I,4505860
2010-09-22,D,8970779
2010-09-22,I,4500315
2010-09-23,D,8962078
2010-09-23,I,4501399
2010-09-24,D,8962112
2010-09-24,I,4504706
2010-09-27,D,8962046
2010-09-27,I,4506128
2010-09-28,D,8963509
2010-09-28,I,4509252
2010-09-29,D,8963900
2010-09-29,I,4502372
2010-09-30,D,9022808
2010-09-30,I,4538815
2010-10-01,D,9017223
2010-10-01,I,4593625
2010-10-04,D,9017482
2010-10-04,I,4599773
2010-10-05,D,9018180
2010-10-05,I,4606173
2010-10-06,D,9018283
2010-10-06,I,4606396
2010-10-07,D,9007701
2010-10-07,I,4607973
2010-10-08,D,9007654
2010-10-08,I,4606399
2010-10-12,D,9005345
2010-10-12,I,4607320
2010-10-13,D,9009424
2010-10-13,I,4602875
2010-10-14,D,9005974
2010-10-14,I,4600973
2010-10-15,D,9059271
2010-10-15,I,4606655
2010-10-18,D,9060113
2010-10-18,I,4608781
2010-10-19,D,9060556
2010-10-19,I,4615553
2010-10-20,D,9061887
2010-10-20,I,4606061
2010-10-21,D,9058645
2010-10-21,I,4609339
2010-10-22,D,9058606
2010-10-22,I,4609019
2010-10-25,D,9058663
2010-10-25,I,4610697
2010-10-26,D,9059227
2010-10-26,I,4614522
2010-10-27,D,9059339
2010-10-27,I,4604553
2010-10-28,D,9059101
2010-10-28,I,4599712
2010-10-29,D,9069879
2010-10-29,I,4598946
2010-11-01,D,9133022
2010-11-01,I,4580066
2010-11-02,D,9133585
2010-11-02,I,4590389
2010-11-03,D,9133542
2010-11-03,I,4585169
2010-11-04,D,9135679
2010-11-04,I,4587760
2010-11-05,D,9135469
2010-11-05,I,4587861
2010-11-08,D,9135409
2010-11-08,I,4589757
2010-11-09,D,9135404
2010-11-09,I,4591744
2010-11-10,D,9136758
2010-11-10,I,4582790
2010-11-12,D,9137995
2010-11-12,I,4583985
2010-11-15,D,9203789
2010-11-15,I,4585225
2010-11-16,D,9204539
2010-11-16,I,4590595
2010-11-17,D,9205210
2010-11-17,I,4584069
2010-11-18,D,9202939
2010-11-18,I,4585516
2010-11-19,D,9205332
2010-11-19,I,4584367
2010-11-22,D,9205400
2010-11-22,I,4589246
2010-11-23,D,9205377
2010-11-23,I,4591627
2010-11-24,D,9205659
2010-11-24,I,4582630
2010-11-26,D,9209403
2010-11-26,I,4584840
2010-11-29,D,9209537
2010-11-29,I,4580765
2010-11-30,D,9275025
2010-11-30,I,4585749
2010-12-01,D,9269344
2010-12-01,I,4565574
2010-12-02,D,9270171
2010-12-02,I,4570795
2010-12-03,D,9270120
2010-12-03,I,4563392
2010-12-06,D,9270197
2010-12-06,I,4564628
2010-12-07,D,9270375
2010-12-07,I,4568115
2010-12-08,D,9288916
2010-12-08,I,4558968
2010-12-09,D,9289342
2010-12-09,I,4557153
2010-12-10,D,9289428
2010-12-10,I,4557258
2010-12-13,D,9289288
2010-12-13,I,4558730
2010-12-14,D,9289558
2010-12-14,I,4563031
2010-12-15,D,9324634
2010-12-15,I,4555151
2010-12-16,D,9321691
2010-12-16,I,4557146
2010-12-17,D,9323763
2010-12-17,I,4559637
2010-12-20,D,9323680
2010-12-20,I,4544782
2010-12-21,D,9323890
2010-12-21,I,4543587
2010-12-22,D,9324460
2010-12-22,I,4534070
2010-12-23,D,9326422
2010-12-23,I,4538754
2010-12-24,D,9326421
2010-12-24,I,4539724
2010-12-27,D,9326362
2010-12-27,I,4547638
2010-12-28,D,9327486
2010-12-28,I,4549744
2010-12-29,D,9327652
2010-12-29,I,4543298
2010-12-30,D,9327744
2010-12-30,I,4543387
2010-12-31,D,9390476
2010-12-31,I,4634739
2011-01-03,D,9385080
2011-01-03,I,4612853
2011-01-04,D,9384995
2011-01-04,I,4629054
2011-01-05,D,9384965
2011-01-05,I,4626562
2011-01-06,D,9383215
2011-01-06,I,4628578
2011-01-07,D,9383237
2011-01-07,I,4626185
2011-01-10,D,9382983
2011-01-10,I,4631362
2011-01-11,D,9383473
2011-01-11,I,4636086
2011-01-12,D,9383200
2011-01-12,I,4627189
2011-01-13,D,9377204
2011-01-13,I,4630013
2011-01-14,D,9377350
2011-01-14,I,4630593
2011-01-18,D,9415964
2011-01-18,I,4636417
2011-01-19,D,9415974
2011-01-19,I,4637538
2011-01-20,D,9415286
2011-01-20,I,4641027
2011-01-21,D,9415229
2011-01-21,I,4644908
2011-01-24,D,9415047
2011-01-24,I,4647193
2011-01-25,D,9415106
2011-01-25,I,4652366
2011-01-26,D,9414994
2011-01-26,I,4645017
2011-01-27,D,9410277
2011-01-27,I,4649132
2011-01-28,D,9412882
2011-01-28,I,4643630
2011-01-31,D,9485417
2011-01-31,I,4645634
2011-02-01,D,9482575
2011-02-01,I,4627268
2011-02-02,D,9482735
2011-02-02,I,4633777
2011-02-03,D,9470979
2011-02-03,I,4629448
2011-02-04,D,9471076
2011-02-04,I,4628748
2011-02-07,D,9471052
2011-02-07,I,4632970
2011-02-08,D,9471151
2011-02-08,I,4639270
2011-02-09,D,9471222
2011-02-09,I,4627568
2011-02-10,D,9455138
2011-02-10,I,4628208
2011-02-11,D,9455007
2011-02-11,I,4627706
2011-02-14,D,9453956
2011-02-14,I,4627605
2011-02-15,D,9502103
2011-02-15,I,4635983
2011-02-16,D,9502217
2011-02-16,I,4627673
2011-02-17,D,9490706
2011-02-17,I,4632883
2011-02-18,D,9490899
2011-02-18,I,4633933
2011-02-22,D,9491475
2011-02-22,I,4637082
2011-02-23,D,9492079
2011-02-23,I,4633383
2011-02-24,D,9485547
2011-02-24,I,4634261
2011-02-25,D,9511340
2011-02-25,I,4626201
2011-02-28,D,9565541
2011-02-28,I,4629223
2011-03-01,D,9562564
2011-03-01,I,4610394
2011-03-02,D,9562609
2011-03-02,I,4615916
2011-03-03,D,9571010
2011-03-03,I,4611077
2011-03-04,D,9571126
2011-03-04,I,4611501
2011-03-07,D,9571238
2011-03-07,I,4614931
2011-03-08,D,9571515
2011-03-08,I,4621662
2011-03-09,D,9572070
2011-03-09,I,4610594
2011-03-10,D,9551255
2011-03-10,I,4612178
2011-03-11,D,9552087
2011-03-11,I,4612273
2011-03-14,D,9552468
2011-03-14,I,4613563
2011-03-15,D,9618474
2011-03-15,I,4619479
2011-03-16,D,9619622
2011-03-16,I,4613228
2011-03-17,D,9604706
2011-03-17,I,4619024
2011-03-18,D,9605322
2011-03-18,I,4619540
2011-03-21,D,9605221
2011-03-21,I,4622972
2011-03-22,D,9605587
2011-03-22,I,4627972
2011-03-23,D,9605524
2011-03-23,I,4619474
2011-03-24,D,9589761
2011-03-24,I,4620311
2011-03-25,D,9589726
2011-03-25,I,4621807
2011-03-28,D,9589954
2011-03-28,I,4621614
2011-03-29,D,9590135
2011-03-29,I,4625609
2011-03-30,D,9590805
2011-03-30,I,4619335
2011-03-31,D,9651643
2011-03-31,I,4618471
2011-04-01,D,9649667
2011-04-01,I,4601507
2011-04-04,D,9650004
2011-04-04,I,4593928
2011-04-05,D,9649972
2011-04-05,I,4612172
2011-04-06,D,9649960
2011-04-06,I,4609802
2011-04-07,D,9652196
2011-04-07,I,4612050
2011-04-08,D,9652197
2011-04-08,I,4613186
2011-04-11,D,9652587
2011-04-11,I,4615173
2011-04-12,D,9652592
2011-04-12,I,4620401
2011-04-13,D,9652809
2011-04-13,I,4611339
2011-04-14,D,9657636
2011-04-14,I,4613156
2011-04-15,D,9679203
2011-04-15,I,4626134
2011-04-18,D,9679523
2011-04-18,I,4629636
2011-04-19,D,9680022
2011-04-19,I,4640447
2011-04-20,D,9680053
2011-04-20,I,4634744
2011-04-21,D,9650448
2011-04-21,I,4640341
2011-04-22,D,9650617
2011-04-22,I,4642625
2011-04-25,D,9650914
2011-04-25,I,4648016
2011-04-26,D,9651122
2011-04-26,I,4653289
2011-04-27,D,9648789
2011-04-27,I,4646338
2011-04-28,D,9641079
2011-04-28,I,4641519
2011-04-29,D,9654950
2011-04-29,I,4632680
2011-05-02,D,9698020
2011-05-02,I,4622629
2011-05-03,D,9698304
2011-05-03,I,4633489
2011-05-04,D,9698384
2011-05-04,I,4635429
2011-05-05,D,9680663
2011-05-05,I,4641004
2011-05-06,D,9680750
2011-05-06,I,4641937
2011-05-09,D,9681179
2011-05-09,I,4644605
2011-05-10,D,9681417
2011-05-10,I,4650105
2011-05-11,D,9681618
2011-05-11,I,4640440
2011-05-12,D,9666110
2011-05-12,I,4641690
2011-05-13,D,9666272
2011-05-13,I,4642114
2011-05-16,D,9717694
2011-05-16,I,4627843
2011-05-17,D,9708670
2011-05-17,I,4636855
2011-05-18,D,9718513
2011-05-18,I,4627000
2011-05-19,D,9716153
2011-05-19,I,4629358
2011-05-20,D,9717285
2011-05-20,I,4628213
2011-05-23,D,9716225
2011-05-23,I,4629237
2011-05-24,D,9712166
2011-05-24,I,4633283
2011-05-25,D,9722807
2011-05-25,I,4622629
2011-05-26,D,9717579
2011-05-26,I,4627862
2011-05-27,D,9717864
2011-05-27,I,4627564
2011-05-31,D,9723456
2011-05-31,I,4621212
2011-06-01,D,9736529
2011-06-01,I,4608127
2011-06-02,D,9735617
2011-06-02,I,4609090
2011-06-03,D,9741263
2011-06-03,I,4603431
2011-06-06,D,9738557
2011-06-06,I,4606101
2011-06-07,D,9734031
2011-06-07,I,4610615
2011-06-08,D,9743261
2011-06-08,I,4601373
2011-06-09,D,9750040
2011-06-09,I,4594598
2011-06-10,D,9750131
2011-06-10,I,4594495
2011-06-13,D,9747654
2011-06-13,I,4596937
2011-06-14,D,9741977
2011-06-14,I,4602601
2011-06-15,D,9747702
2011-06-15,I,4596865
2011-06-16,D,9742787
2011-06-16,I,4601785
2011-06-17,D,9739506
2011-06-17,I,4605054
2011-06-20,D,9738108
2011-06-20,I,4606416
2011-06-21,D,9732784
2011-06-21,I,4611728
2011-06-22,D,9741623
2011-06-22,I,4602878
2011-06-23,D,9738039
2011-06-23,I,4606464
2011-06-24,D,9739124
2011-06-24,I,4605368
2011-06-27,D,9736653
2011-06-27,I,4607804
2011-06-28,D,9731228
2011-06-28,I,4613217
2011-06-29,D,9738246
2011-06-29,I,4606188
2011-06-30,D,9742223
2011-06-30,I,4600864
2011-07-01,D,9761785
2011-07-01,I,4581294
2011-07-05,D,9754033
2011-07-05,I,4589001
2011-07-06,D,9748842
2011-07-06,I,4594180
2011-07-07,D,9749919
2011-07-07,I,4593102
2011-07-08,D,9749085
2011-07-08,I,4593926
2011-07-11,D,9744963
2011-07-11,I,4598014
2011-07-12,D,9741328
2011-07-12,I,4601638
2011-07-13,D,9752020
2011-07-13,I,4590934
2011-07-14,D,9750504
2011-07-14,I,4592450
2011-07-15,D,9753604
2011-07-15,I,4589338
2011-07-18,D,9753843
2011-07-18,I,4589066
2011-07-19,D,9753904
2011-07-19,I,4588994
2011-07-20,D,9753658
2011-07-20,I,4589230
2011-07-21,D,9747385
2011-07-21,I,4595500
2011-07-22,D,9748189
2011-07-22,I,4594685
2011-07-25,D,9747197
2011-07-25,I,4595644
2011-07-26,D,9747272
2011-07-26,I,4595558
2011-07-27,D,9747743
2011-07-27,I,4595076
2011-07-28,D,9753190
2011-07-28,I,4589676
2011-07-29,D,9755796
2011-07-29,I,4586574
2011-08-01,D,9783069
2011-08-01,I,4559289
2011-08-02,D,9907753
2011-08-02,I,4672952
2011-08-03,D,9907655
2011-08-03,I,4666953
2011-08-04,D,9894847
2011-08-04,I,4670123
2011-08-05,D,9914994
2011-08-05,I,4669506
2011-08-08,D,9915516
2011-08-08,I,4672212
2011-08-09,D,9915946
2011-08-09,I,4676046
2011-08-10,D,9916296
2011-08-10,I,4665661
2011-08-11,D,9921147
2011-08-11,I,4666765
2011-08-12,D,9921179
2011-08-12,I,4666014
2011-08-15,D,9946618
2011-08-15,I,4668949
2011-08-16,D,9946507
2011-08-16,I,4645735
2011-08-17,D,9946351
2011-08-17,I,4666842
2011-08-18,D,9952610
2011-08-18,I,4667587
2011-08-19,D,9972503
2011-08-19,I,4666737
2011-08-22,D,9972290
2011-08-22,I,4640146
2011-08-23,D,9973104
2011-08-23,I,4676186
2011-08-24,D,9973600
2011-08-24,I,4665508
2011-08-25,D,9989044
2011-08-25,I,4664504
2011-08-26,D,9990047
2011-08-26,I,4663781
2011-08-29,D,9989974
2011-08-29,I,4634818
2011-08-30,D,9990127
2011-08-30,I,4632518
2011-08-31,D,10024253
2011-08-31,I,4660040
2011-09-01,D,10058385
2011-09-01,I,4639030
2011-09-02,D,10058567
2011-09-02,I,4636295
2011-09-06,D,10058277
2011-09-06,I,4640349
2011-09-07,D,10073860
2011-09-07,I,4643897
2011-09-08,D,10067649
2011-09-08,I,4617901
2011-09-09,D,10067729
2011-09-09,I,4644009
2011-09-12,D,10067695
2011-09-12,I,4620564
2011-09-13,D,10067653
2011-09-13,I,4650215
2011-09-14,D,10067923
2011-09-14,I,4615988
2011-09-15,D,10079888
2011-09-15,I,4617075
2011-09-16,D,10080081
2011-09-16,I,4618941
2011-09-19,D,10080320
2011-09-19,I,4649169
2011-09-20,D,10080810
2011-09-20,I,4631060
2011-09-21,D,10080806
2011-09-21,I,4624382
2011-09-22,D,10074726
2011-09-22,I,4652064
2011-09-23,D,10074503
2011-09-23,I,4625537
2011-09-26,D,10074321
2011-09-26,I,4629685
2011-09-27,D,10074871
2011-09-27,I,4632536
2011-09-28,D,10075624
2011-09-28,I,4626259
2011-09-29,D,10074983
2011-09-29,I,4620119
2011-09-30,D,10127031
2011-09-30,I,4663309
2011-10-03,D,10124030
2011-10-03,I,4713069
2011-10-04,D,10124774
2011-10-04,I,4732085
2011-10-05,D,10126264
2011-10-05,I,4731787
2011-10-06,D,10126447
2011-10-06,I,4710329
2011-10-07,D,10126551
2011-10-07,I,4733773
2011-10-11,D,10127786
2011-10-11,I,4735526
2011-10-12,D,10138027
2011-10-12,I,4730192
2011-10-13,D,10142000
2011-10-13,I,4731884
2011-10-14,D,10142238
2011-10-14,I,4731808
2011-10-17,D,10198403
2011-10-17,I,4738189
2011-10-18,D,10198932
2011-10-18,I,4743819
2011-10-19,D,10195956
2011-10-19,I,4735340
2011-10-20,D,10201888
2011-10-20,I,4738478
2011-10-21,D,10201754
2011-10-21,I,4737478
2011-10-24,D,10202216
2011-10-24,I,4738456
2011-10-25,D,10202338
2011-10-25,I,4741275
2011-10-26,D,10203338
2011-10-26,I,4733670
2011-10-27,D,10205558
2011-10-27,I,4734018
2011-10-28,D,10205923
2011-10-28,I,4731936
2011-10-31,D,10256015
2011-10-31,I,4737694
2011-11-01,D,10253009
2011-11-01,I,4718822
2011-11-02,D,10253508
2011-11-02,I,4724454
2011-11-03,D,10260659
2011-11-03,I,4712569
2011-11-04,D,10260248
2011-11-04,I,4712417
2011-11-07,D,10260689
2011-11-07,I,4715819
2011-11-08,D,10261087
2011-11-08,I,4721356
2011-11-09,D,10262257
2011-11-09,I,4711046
2011-11-10,D,10267802
2011-11-10,I,4711808
2011-11-14,D,10265477
2011-11-14,I,4712408
2011-11-15,D,10314468
2011-11-15,I,4719139
2011-11-16,D,10314852
2011-11-16,I,4712142
2011-11-17,D,10325335
2011-11-17,I,4714015
2011-11-18,D,10324968
2011-11-18,I,4715240
2011-11-21,D,10325469
2011-11-21,I,4716819
2011-11-22,D,10326530
2011-11-22,I,4721461
2011-11-23,D,10327033
2011-11-23,I,4708848
2011-11-25,D,10334937
2011-11-25,I,4713939
2011-11-28,D,10334598
2011-11-28,I,4717076
2011-11-29,D,10335778
2011-11-29,I,4718386
2011-11-30,D,10389958
2011-11-30,I,4720541
2011-12-01,D,10388036
2011-12-01,I,4700406
2011-12-02,D,10387865
2011-12-02,I,4685515
2011-12-05,D,10388035
2011-12-05,I,4680099
2011-12-06,D,10388145
2011-12-06,I,4683480
2011-12-07,D,10388926
2011-12-07,I,4657472
2011-12-08,D,10392392
2011-12-08,I,4658769
2011-12-09,D,10392439
2011-12-09,I,4660005
2011-12-12,D,10392040
2011-12-12,I,4661978
2011-12-13,D,10393084
2011-12-13,I,4667190
2011-12-14,D,10393197
2011-12-14,I,4658089
2011-12-15,D,10438189
2011-12-15,I,4659910
2011-12-16,D,10438213
2011-12-16,I,4661285
2011-12-19,D,10438496
2011-12-19,I,4665559
2011-12-20,D,10438749
2011-12-20,I,4693230
2011-12-21,D,10438971
2011-12-21,I,4684870
2011-12-22,D,10438018
2011-12-22,I,4685710
2011-12-23,D,10438084
2011-12-23,I,4690490
2011-12-27,D,10437577
2011-12-27,I,4693006
2011-12-28,D,10438072
2011-12-28,I,4687133
2011-12-29,D,10435857
2011-12-29,I,4690042
2011-12-30,D,10447663
2011-12-30,I,4775277
2012-01-03,D,10481500
2012-01-03,I,4744717
2012-01-04,D,10481674
2012-01-04,I,4754869
2012-01-05,D,10480173
2012-01-05,I,4756369
2012-01-06,D,10479995
2012-01-06,I,4756538
2012-01-09,D,10479710
2012-01-09,I,4756796
2012-01-10,D,10479782
2012-01-10,I,4756715
2012-01-11,D,10479761
2012-01-11,I,4756546
2012-01-12,D,10479482
2012-01-12,I,4756850
2012-01-13,D,10479256
2012-01-13,I,4757067
2012-01-17,D,10489004
2012-01-17,I,4747284
2012-01-18,D,10486880
2012-01-18,I,4749399
2012-01-19,D,10484316
2012-01-19,I,4751964
2012-01-20,D,10482317
2012-01-20,I,4753955
2012-01-23,D,10480362
2012-01-23,I,4755883
2012-01-24,D,10474500
2012-01-24,I,4761737
2012-01-25,D,10483289
2012-01-25,I,4752939
2012-01-26,D,10479010
2012-01-26,I,4757222
2012-01-27,D,10478935
2012-01-27,I,4757288
2012-01-30,D,10515737
2012-01-30,I,4779315
2012-01-31,D,10572374
2012-01-31,I,4783766
2012-02-01,D,10567696
2012-02-01,I,4763082
2012-02-02,D,10577906
2012-02-02,I,4773500
2012-02-03,D,10577698
2012-02-03,I,4757411
2012-02-06,D,10577280
2012-02-06,I,4760602
2012-02-07,D,10577648
2012-02-07,I,4765857
2012-02-08,D,10577837
2012-02-08,I,4757829
2012-02-09,D,10596906
2012-02-09,I,4758933
2012-02-10,D,10596676
2012-02-10,I,4757433
2012-02-13,D,10596768
2012-02-13,I,4758430
2012-02-14,D,10596774
2012-02-14,I,4762610
2012-02-15,D,10636671
2012-02-15,I,4755065
2012-02-16,D,10655376
2012-02-16,I,4757655
2012-02-17,D,10655355
2012-02-17,I,4761239
2012-02-21,D,10656187
2012-02-21,I,4763614
2012-02-22,D,10656161
2012-02-22,I,4760162
2012-02-23,D,10675481
2012-02-23,I,4760213
2012-02-24,D,10675327
2012-02-24,I,4762661
2012-02-27,D,10674959
2012-02-27,I,4763559
2012-02-28,D,10675494
2012-02-28,I,4766627
2012-02-29,D,10722996
2012-02-29,I,4765895
2012-03-01,D,10755611
2012-03-01,I,4745404
2012-03-02,D,10756483
2012-03-02,I,4733390
2012-03-05,D,10755894
2012-03-05,I,4736089
2012-03-06,D,10756417
2012-03-06,I,4742607
2012-03-07,D,10757197
2012-03-07,I,4741109
2012-03-08,D,10773364
2012-03-08,I,4744431
2012-03-09,D,10773406
2012-03-09,I,4743645
2012-03-12,D,10773695
2012-03-12,I,4745446
2012-03-13,D,10773922
2012-03-13,I,4750256
2012-03-14,D,10774728
2012-03-14,I,4741722
2012-03-15,D,10820115
2012-03-15,I,4744695
2012-03-16,D,10820230
2012-03-16,I,4746341
2012-03-19,D,10820996
2012-03-19,I,4753243
2012-03-20,D,10821663
2012-03-20,I,4761721
2012-03-21,D,10822369
2012-03-21,I,4752060
2012-03-22,D,10831254
2012-03-22,I,4753652
2012-03-23,D,10831325
2012-03-23,I,4754251
2012-03-26,D,10831320
2012-03-26,I,4754754
2012-03-27,D,10831918
2012-03-27,I,4757490
2012-03-28,D,10832838
2012-03-28,I,4747374
2012-03-29,D,10833980
2012-03-29,I,4745873
2012-03-30,D,10846825
2012-03-30,I,4735254
2012-04-02,D,10883217
2012-04-02,I,4737109
2012-04-03,D,10885893
2012-04-03,I,4730954
2012-04-04,D,10886894
2012-04-04,I,4730829
2012-04-05,D,10884566
2012-04-05,I,4735174
2012-04-06,D,10884646
2012-04-06,I,4733994
2012-04-09,D,10884773
2012-04-09,I,4736673
2012-04-10,D,10885339
2012-04-10,I,4741494
2012-04-11,D,10886106
2012-04-11,I,4731982
2012-04-12,D,10880528
2012-04-12,I,4734467
2012-04-13,D,10880891
2012-04-13,I,4734835
2012-04-16,D,10903327
2012-04-16,I,4751312
2012-04-17,D,10903988
2012-04-17,I,4757586
2012-04-18,D,10905377
2012-04-18,I,4755360
2012-04-19,D,10857988
2012-04-19,I,4757603
2012-04-20,D,10858147
2012-04-20,I,4759212
2012-04-23,D,10858205
2012-04-23,I,4761969
2012-04-24,D,10859177
2012-04-24,I,4769090
2012-04-25,D,10860723
2012-04-25,I,4762563
2012-04-26,D,10859268
2012-04-26,I,4765080
2012-04-27,D,10859636
2012-04-27,I,4764062
2012-04-30,D,10916071
2012-04-30,I,4776297
2012-05-01,D,10910025
2012-05-01,I,4763204
2012-05-02,D,10910385
2012-05-02,I,4770111
2012-05-03,D,10913530
2012-05-03,I,4757672
2012-05-04,D,10913691
2012-05-04,I,4758226
2012-05-07,D,10913956
2012-05-07,I,4761835
2012-05-08,D,10915510
2012-05-08,I,4770217
2012-05-09,D,10916058
2012-05-09,I,4757989
2012-05-10,D,10915030
2012-05-10,I,4759659
2012-05-11,D,10915076
2012-05-11,I,4759107
2012-05-14,D,10915801
2012-05-14,I,4761196
2012-05-15,D,10949750
2012-05-15,I,4766366
2012-05-16,D,10950509
2012-05-16,I,4758245
2012-05-17,D,10948486
2012-05-17,I,4764337
2012-05-18,D,10948855
2012-05-18,I,4763351
2012-05-21,D,10949503
2012-05-21,I,4765958
2012-05-22,D,10950290
2012-05-22,I,4770928
2012-05-23,D,10951300
2012-05-23,I,4762998
2012-05-24,D,10950490
2012-05-24,I,4761956
2012-05-25,D,10951528
2012-05-25,I,4760073
2012-05-29,D,10952471
2012-05-29,I,4761185
2012-05-30,D,10954586
2012-05-30,I,4762040
2012-05-31,D,11006251
2012-05-31,I,4764434
2012-06-01,D,10999593
2012-06-01,I,4725314
2012-06-04,D,10999933
2012-06-04,I,4728180
2012-06-05,D,11000515
2012-06-05,I,4732894
2012-06-06,D,11001066
2012-06-06,I,4733531
2012-06-07,D,10999257
2012-06-07,I,4734113
2012-06-08,D,10999229
2012-06-08,I,4736135
2012-06-11,D,10999436
2012-06-11,I,4738474
2012-06-12,D,11000146
2012-06-12,I,4744215
2012-06-13,D,11000731
2012-06-13,I,4734452
2012-06-14,D,10999464
2012-06-14,I,4737507
2012-06-15,D,11031842
2012-06-15,I,4740335
2012-06-18,D,11032177
2012-06-18,I,4743962
2012-06-19,D,11032615
2012-06-19,I,4752062
2012-06-20,D,11033476
2012-06-20,I,4744478
2012-06-21,D,11032512
2012-06-21,I,4747131
2012-06-22,D,11033193
2012-06-22,I,4745245
2012-06-25,D,11033363
2012-06-25,I,4749207
2012-06-26,D,11034028
2012-06-26,I,4755077
2012-06-27,D,11034319
2012-06-27,I,4744632
2012-06-28,D,11036289
2012-06-28,I,4744710
2012-06-29,D,11044185
2012-06-29,I,4812182
2012-07-02,D,11076020
2012-07-02,I,4812722
2012-07-03,D,11076314
2012-07-03,I,4804672
2012-07-05,D,11072382
2012-07-05,I,4804270
2012-07-06,D,11072438
2012-07-06,I,4807091
2012-07-09,D,11071876
2012-07-09,I,4807390
2012-07-10,D,11072593
2012-07-10,I,4813262
2012-07-11,D,11073524
2012-07-11,I,4802934
2012-07-12,D,11066747
2012-07-12,I,4804765
2012-07-13,D,11066641
2012-07-13,I,4804526
2012-07-16,D,11066238
2012-07-16,I,4809497
2012-07-17,D,11066616
2012-07-17,I,4817540
2012-07-18,D,11066989
2012-07-18,I,4807058
2012-07-19,D,11065796
2012-07-19,I,4808569
2012-07-20,D,11065737
2012-07-20,I,4809140
2012-07-23,D,11065935
2012-07-23,I,4811299
2012-07-24,D,11065980
2012-07-24,I,4816511
2012-07-25,D,11067063
2012-07-25,I,4807797
2012-07-26,D,11065908
2012-07-26,I,4813648
2012-07-27,D,11065716
2012-07-27,I,4812658
2012-07-30,D,11063292
2012-07-30,I,4810475
2012-07-31,D,11122282
2012-07-31,I,4810953
2012-08-01,D,11115442
2012-08-01,I,4791696
2012-08-02,D,11121967
2012-08-02,I,4798624
2012-08-03,D,11121817
2012-08-03,I,4782812
2012-08-06,D,11121618
2012-08-06,I,4787082
2012-08-07,D,11120601
2012-08-07,I,4791462
2012-08-08,D,11122338
2012-08-08,I,4781603
2012-08-09,D,11132676
2012-08-09,I,4783139
2012-08-10,D,11132489
2012-08-10,I,4782484
2012-08-13,D,11131955
2012-08-13,I,4783593
2012-08-14,D,11132187
2012-08-14,I,4787301
2012-08-15,D,11165409
2012-08-15,I,4779461
2012-08-16,D,11175826
2012-08-16,I,4782134
2012-08-17,D,11175375
2012-08-17,I,4786680
2012-08-20,D,11176502
2012-08-20,I,4788265
2012-08-21,D,11176852
2012-08-21,I,4793283
2012-08-22,D,11177326
2012-08-22,I,4783142
2012-08-23,D,11197966
2012-08-23,I,4778553
2012-08-24,D,11198007
2012-08-24,I,4776802
2012-08-27,D,11197622
2012-08-27,I,4777601
2012-08-28,D,11198791
2012-08-28,I,4780127
2012-08-29,D,11199296
2012-08-29,I,4778889
2012-08-30,D,11213992
2012-08-30,I,4776549
2012-08-31,D,11272626
2012-08-31,I,4743144
2012-09-04,D,11269761
2012-09-04,I,4738299
2012-09-05,D,11270527
2012-09-05,I,4750157
2012-09-06,D,11295623
2012-09-06,I,4749892
2012-09-07,D,11295523
2012-09-07,I,4751157
2012-09-10,D,11295529
2012-09-10,I,4752489
2012-09-11,D,11295621
2012-09-11,I,4759332
2012-09-12,D,11296493
2012-09-12,I,4749845
2012-09-13,D,11295909
2012-09-13,I,4749770
2012-09-14,D,11295870
2012-09-14,I,4749914
2012-09-17,D,11253167
2012-09-17,I,4755772
2012-09-18,D,11253533
2012-09-18,I,4767442
2012-09-19,D,11253972
2012-09-19,I,4759000
2012-09-20,D,11253544
2012-09-20,I,4760880
2012-09-21,D,11253321
2012-09-21,I,4762781
2012-09-24,D,11253066
2012-09-24,I,4764775
2012-09-25,D,11253310
2012-09-25,I,4769433
2012-09-26,D,11253923
2012-09-26,I,4761915
2012-09-27,D,11255558
2012-09-27,I,4759573
2012-09-28,D,11269586
2012-09-28,I,4796656
2012-10-01,D,11310912
2012-10-01,I,4848575
2012-10-02,D,11311628
2012-10-02,I,4859410
2012-10-03,D,11311360
2012-10-03,I,4841959
2012-10-04,D,11314031
2012-10-04,I,4847848
2012-10-05,D,11314090
2012-10-05,I,4847777
2012-10-09,D,11314761
2012-10-09,I,4853171
2012-10-10,D,11315586
2012-10-10,I,4842168
2012-10-11,D,11317141
2012-10-11,I,4841130
2012-10-12,D,11317168
2012-10-12,I,4840375
2012-10-15,D,11343774
2012-10-15,I,4847205
2012-10-16,D,11344378
2012-10-16,I,4855197
2012-10-17,D,11344691
2012-10-17,I,4848409
2012-10-18,D,11347331
2012-10-18,I,4850844
2012-10-19,D,11347371
2012-10-19,I,4848682
2012-10-22,D,11347955
2012-10-22,I,4850723
2012-10-23,D,11348945
2012-10-23,I,4854900
2012-10-24,D,11349518
2012-10-24,I,4845274
2012-10-25,D,11353545
2012-10-25,I,4843537
2012-10-26,D,11353951
2012-10-26,I,4843865
2012-10-29,D,11354115
2012-10-29,I,4844879
2012-10-30,D,11355485
2012-10-30,I,4848577
2012-10-31,D,11411598
2012-10-31,I,4849872
2012-11-01,D,11394221
2012-11-01,I,4827465
2012-11-02,D,11394118
2012-11-02,I,4812011
2012-11-05,D,11394523
2012-11-05,I,4815437
2012-11-06,D,11394722
2012-11-06,I,4819637
2012-11-07,D,11394949
2012-11-07,I,4819033
2012-11-08,D,11421836
2012-11-08,I,4823482
2012-11-09,D,11421887
2012-11-09,I,4822822
2012-11-13,D,11422499
2012-11-13,I,4825794
2012-11-14,D,11423370
2012-11-14,I,4821014
2012-11-15,D,11451167
2012-11-15,I,4827766
2012-11-16,D,11451588
2012-11-16,I,4829742
2012-11-19,D,11451717
2012-11-19,I,4834393
2012-11-20,D,11452927
2012-11-20,I,4839763
2012-11-21,D,11453561
2012-11-21,I,4829601
2012-11-23,D,11474590
2012-11-23,I,4832899
2012-11-26,D,11474649
2012-11-26,I,4835089
2012-11-27,D,11476501
2012-11-27,I,4841181
2012-11-28,D,11476985
2012-11-28,I,4829729
2012-11-29,D,11493263
2012-11-29,I,4829821
2012-11-30,D,11553201
2012-11-30,I,4816348
2012-12-03,D,11546976
2012-12-03,I,4791117
2012-12-04,D,11548068
2012-12-04,I,4798988
2012-12-05,D,11548172
2012-12-05,I,4789757
2012-12-06,D,11574843
2012-12-06,I,4791594
2012-12-07,D,11574936
2012-12-07,I,4790434
2012-12-10,D,11574850
2012-12-10,I,4795206
2012-12-11,D,11576941
2012-12-11,I,4798934
2012-12-12,D,11577234
2012-12-12,I,4789189
2012-12-13,D,11579054
2012-12-13,I,4790930
2012-12-14,D,11569505
2012-12-14,I,4790072
2012-12-17,D,11559848
2012-12-17,I,4791346
2012-12-18,D,11560260
2012-12-18,I,4799498
2012-12-19,D,11562408
2012-12-19,I,4789635
2012-12-20,D,11542502
2012-12-20,I,4791715
2012-12-21,D,11543181
2012-12-21,I,4793037
2012-12-24,D,11542902
2012-12-24,I,4794655
2012-12-26,D,11543066
2012-12-26,I,4794795
2012-12-27,D,11546344
2012-12-27,I,4791900
2012-12-28,D,11546673
2012-12-28,I,4789788
2012-12-31,D,11581518
2012-12-31,I,4851213
2013-01-02,D,11577114
2013-01-02,I,4855592
2013-01-03,D,11578258
2013-01-03,I,4852962
2013-01-04,D,11577454
2013-01-04,I,4855253
2013-01-07,D,11576943
2013-01-07,I,4855728
2013-01-08,D,11577259
2013-01-08,I,4855400
2013-01-09,D,11577058
2013-01-09,I,4855589
2013-01-10,D,11577362
2013-01-10,I,4855330
2013-01-11,D,11577421
2013-01-11,I,4855259
2013-01-14,D,11576283
2013-01-14,I,4856361
2013-01-15,D,11571499
2013-01-15,I,4861133
2013-01-16,D,11580164
2013-01-16,I,4852456
2013-01-17,D,11573578
2013-01-17,I,4859053
2013-01-18,D,11573119
2013-01-18,I,4859500
2013-01-22,D,11569642
2013-01-22,I,4862930
2013-01-23,D,11571557
2013-01-23,I,4861002
2013-01-24,D,11571751
2013-01-24,I,4860817
2013-01-25,D,11568168
2013-01-25,I,4864388
2013-01-28,D,11565560
2013-01-28,I,4866960
2013-01-29,D,11559948
2013-01-29,I,4872560
2013-01-30,D,11561547
2013-01-30,I,4870949
2013-01-31,D,11560176
2013-01-31,I,4873616
2013-02-01,D,11598373
2013-02-01,I,4835407
2013-02-04,D,11626337
2013-02-04,I,4848711
2013-02-05,D,11625727
2013-02-05,I,4855183
2013-02-06,D,11625347
2013-02-06,I,4854608
2013-02-07,D,11629141
2013-02-07,I,4858423
2013-02-08,D,11629086
2013-02-08,I,4859823
2013-02-11,D,11628592
2013-02-11,I,4861339
2013-02-12,D,11628648
2013-02-12,I,4865719
2013-02-13,D,11668602
2013-02-13,I,4855703
2013-02-14,D,11684037
2013-02-14,I,4856763
2013-02-15,D,11690221
2013-02-15,I,4858706
2013-02-19,D,11690987
2013-02-19,I,4861833
2013-02-20,D,11726901
2013-02-20,I,4861850
2013-02-21,D,11745347
2013-02-21,I,4862972
2013-02-22,D,11745715
2013-02-22,I,4863326
2013-02-25,D,11745861
2013-02-25,I,4864697
2013-02-26,D,11746655
2013-02-26,I,4872047
2013-02-27,D,11747360
2013-02-27,I,4859857
2013-02-28,D,11822436
2013-02-28,I,4864853
2013-03-01,D,11820054
2013-03-01,I,4820082
2013-03-04,D,11820507
2013-03-04,I,4829197
2013-03-05,D,11821124
2013-03-05,I,4842585
2013-03-06,D,11851126
2013-03-06,I,4841113
2013-03-07,D,11855868
2013-03-07,I,4845383
2013-03-08,D,11855688
2013-03-08,I,4846159
2013-03-11,D,11855880
2013-03-11,I,4848063
2013-03-12,D,11856074
2013-03-12,I,4853902
2013-03-13,D,11856554
2013-03-13,I,4844081
2013-03-14,D,11862580
2013-03-14,I,4845645
2013-03-15,D,11886789
2013-03-15,I,4844904
2013-03-18,D,11886986
2013-03-18,I,4849202
2013-03-19,D,11888479
2013-03-19,I,4860790
2013-03-20,D,11889312
2013-03-20,I,4850628
2013-03-21,D,11895330
2013-03-21,I,4854800
2013-03-22,D,11895446
2013-03-22,I,4854479
2013-03-25,D,11895649
2013-03-25,I,4857794
2013-03-26,D,11895989
2013-03-26,I,4863075
2013-03-27,D,11897486
2013-03-27,I,4851996
2013-03-28,D,11917130
2013-03-28,I,4849859
2013-03-29,D,11916888
2013-03-29,I,4854491
2013-04-01,D,11956522
2013-04-01,I,4835598
2013-04-02,D,11958660
2013-04-02,I,4846217
2013-04-03,D,11959086
2013-04-03,I,4827884
2013-04-04,D,11963992
2013-04-04,I,4834059
2013-04-05,D,11964102
2013-04-05,I,4833727
2013-04-08,D,11964701
2013-04-08,I,4837815
2013-04-09,D,11965728
2013-04-09,I,4842546
2013-04-10,D,11966413
2013-04-10,I,4832571
2013-04-11,D,11973457
2013-04-11,I,4834610
2013-04-12,D,11972610
2013-04-12,I,4835630
2013-04-15,D,11949926
2013-04-15,I,4851382
2013-04-16,D,11950742
2013-04-16,I,4861324
2013-04-17,D,11951383
2013-04-17,I,4855888
2013-04-18,D,11916935
2013-04-18,I,4862534
2013-04-19,D,11917014
2013-04-19,I,4864953
2013-04-22,D,11917551
2013-04-22,I,4869900
2013-04-23,D,11919664
2013-04-23,I,4879289
2013-04-24,D,11920312
2013-04-24,I,4874038
2013-04-25,D,11882018
2013-04-25,I,4876089
2013-04-26,D,11882358
2013-04-26,I,4874286
2013-04-29,D,11883187
2013-04-29,I,4874981
2013-04-30,D,11943148
2013-04-30,I,4885697
2013-05-01,D,11941251
2013-05-01,I,4863786
2013-05-02,D,11916811
2013-05-02,I,4878168
2013-05-03,D,11916626
2013-05-03,I,4864274
2013-05-06,D,11916774
2013-05-06,I,4871653
2013-05-07,D,11917158
2013-05-07,I,4878395
2013-05-08,D,11918172
2013-05-08,I,4865935
2013-05-09,D,11887049
2013-05-09,I,4867686
2013-05-10,D,11887058
2013-05-10,I,4866934
2013-05-13,D,11887082
2013-05-13,I,4868706
2013-05-14,D,11887608
2013-05-14,I,4873354
2013-05-15,D,11901126
2013-05-15,I,4863915
2013-05-16,D,11867089
2013-05-16,I,4867720
2013-05-17,D,11867831
2013-05-17,I,4869497
2013-05-20,D,11868008
2013-05-20,I,4869286
2013-05-21,D,11866707
2013-05-21,I,4870576
2013-05-22,D,11869033
2013-05-22,I,4865000
2013-05-23,D,11867459
2013-05-23,I,4869118
2013-05-24,D,11868334
2013-05-24,I,4867091
2013-05-28,D,11868395
2013-05-28,I,4868824
2013-05-29,D,11869351
2013-05-29,I,4867858
2013-05-30,D,11876136
2013-05-30,I,4861111
2013-05-31,D,11897151
2013-05-31,I,4841671
2013-06-03,D,11920376
2013-06-03,I,4818413
2013-06-04,D,11910742
2013-06-04,I,4828036
2013-06-05,D,11910677
2013-06-05,I,4828091
2013-06-06,D,11906100
2013-06-06,I,4832671
2013-06-07,D,11907185
2013-06-07,I,4831575
2013-06-10,D,11902617
2013-06-10,I,4836110
2013-06-11,D,11896522
2013-06-11,I,4842194
2013-06-12,D,11906233
2013-06-12,I,4832472
2013-06-13,D,11903648
2013-06-13,I,4835060
2013-06-14,D,11903844
2013-06-14,I,4834854
2013-06-17,D,11898430
2013-06-17,I,4840235
2013-06-18,D,11886064
2013-06-18,I,4852590
2013-06-19,D,11897497
2013-06-19,I,4841146
2013-06-20,D,11894162
2013-06-20,I,4844484
2013-06-21,D,11893486
2013-06-21,I,4845149
2013-06-24,D,11889341
2013-06-24,I,4849261
2013-06-25,D,11881040
2013-06-25,I,4857551
2013-06-26,D,11895009
2013-06-26,I,4843572
2013-06-27,D,11895983
2013-06-27,I,4842646
2013-06-28,D,11901292
2013-06-28,I,4837028
2013-07-01,D,11917627
2013-07-01,I,4820682
2013-07-02,D,11907461
2013-07-02,I,4830837
2013-07-03,D,11925730
2013-07-03,I,4812558
2013-07-05,D,11924137
2013-07-05,I,4814145
2013-07-08,D,11920232
2013-07-08,I,4818017
2013-07-09,D,11913999
2013-07-09,I,4824239
2013-07-10,D,11925694
2013-07-10,I,4812534
2013-07-11,D,11924366
2013-07-11,I,4813865
2013-07-12,D,11925651
2013-07-12,I,4812570
2013-07-15,D,11921818
2013-07-15,I,4816370
2013-07-16,D,11916592
2013-07-16,I,4821585
2013-07-17,D,11923963
2013-07-17,I,4814204
2013-07-18,D,11922853
2013-07-18,I,4815316
2013-07-19,D,11924283
2013-07-19,I,4813876
2013-07-22,D,11920681
2013-07-22,I,4817445
2013-07-23,D,11914163
2013-07-23,I,4823953
2013-07-24,D,11923168
2013-07-24,I,4814938
2013-07-25,D,11923178
2013-07-25,I,4814958
2013-07-26,D,11923849
2013-07-26,I,4814277
2013-07-29,D,11923211
2013-07-29,I,4814883
2013-07-30,D,11920528
2013-07-30,I,4817557
2013-07-31,D,11917023
2013-07-31,I,4821576
2013-08-01,D,11938164
2013-08-01,I,4800436
2013-08-02,D,11962811
2013-08-02,I,4775778
2013-08-05,D,11958647
2013-08-05,I,4779911
2013-08-06,D,11951243
2013-08-06,I,4787305
2013-08-07,D,11951615
2013-08-07,I,4786923
2013-08-08,D,11945917
2013-08-08,I,4792625
2013-08-09,D,11947674
2013-08-09,I,4790856
2013-08-12,D,11945778
2013-08-12,I,4792721
2013-08-13,D,11941431
2013-08-13,I,4797058
2013-08-14,D,11952074
2013-08-14,I,4786405
2013-08-15,D,11948074
2013-08-15,I,4790411
2013-08-16,D,11947690
2013-08-16,I,4790785
2013-08-19,D,11943881
2013-08-19,I,4794562
2013-08-20,D,11939350
2013-08-20,I,4799082
2013-08-21,D,11950216
2013-08-21,I,4788206
2013-08-22,D,11946942
2013-08-22,I,4791519
2013-08-23,D,11946037
2013-08-23,I,4792414
2013-08-26,D,11944979
2013-08-26,I,4793440
2013-08-27,D,11940495
2013-08-27,I,4797914
2013-08-28,D,11951249
2013-08-28,I,4787150
2013-08-29,D,11952181
2013-08-29,I,4786220
2013-08-30,D,11967014
2013-08-30,I,4771636
2013-09-03,D,11987014
2013-09-03,I,4751605
2013-09-04,D,11976105
2013-09-04,I,4762503
2013-09-05,D,11975891
2013-09-05,I,4762717
2013-09-06,D,11972914
2013-09-06,I,4765684
2013-09-09,D,11972023
2013-09-09,I,4766544
2013-09-10,D,11965231
2013-09-10,I,4773326
2013-09-11,D,11975862
2013-09-11,I,4762685
2013-09-12,D,11973170
2013-09-12,I,4765373
2013-09-13,D,11971742
2013-09-13,I,4766791
2013-09-16,D,11965887
2013-09-16,I,4772616
2013-09-17,D,11954646
2013-09-17,I,4783847
2013-09-18,D,11963551
2013-09-18,I,4774931
2013-09-19,D,11961016
2013-09-19,I,4777488
2013-09-20,D,11968087
2013-09-20,I,4770407
2013-09-23,D,11964784
2013-09-23,I,4773681
2013-09-24,D,11958459
2013-09-24,I,4779995
2013-09-25,D,11962636
2013-09-25,I,4775809
2013-09-26,D,11963853
2013-09-26,I,4774590
2013-09-27,D,11967508
2013-09-27,I,4770925
2013-09-30,D,11976279
2013-09-30,I,4761904
2013-10-01,D,11927716
2013-10-01,I,4819762
2013-10-02,D,11920297
2013-10-02,I,4827172
2013-10-03,D,11937128
2013-10-03,I,4810340
2013-10-04,D,11937274
2013-10-04,I,4810184
2013-10-07,D,11923573
2013-10-07,I,4823857
2013-10-08,D,11918160
2013-10-08,I,4829260
2013-10-09,D,11931868
2013-10-09,I,4815542
2013-10-10,D,11930981
2013-10-10,I,4816441
2013-10-11,D,11931451
2013-10-11,I,4815961
2013-10-15,D,11926496
2013-10-15,I,4820875
2013-10-16,D,11929977
2013-10-16,I,4817384
2013-10-17,D,12117283
2013-10-17,I,4958307
2013-10-18,D,12115702
2013-10-18,I,4958558
2013-10-21,D,12114947
2013-10-21,I,4960284
2013-10-22,D,12114163
2013-10-22,I,4964606
2013-10-23,D,12113768
2013-10-23,I,4954114
2013-10-24,D,12122152
2013-10-24,I,4955577
2013-10-25,D,12121994
2013-10-25,I,4954513
2013-10-28,D,12121936
2013-10-28,I,4959573
2013-10-29,D,12121884
2013-10-29,I,4968869
2013-10-30,D,12121565
2013-10-30,I,4966698
2013-10-31,D,12187370
2013-10-31,I,4968747
2013-11-01,D,12183845
2013-11-01,I,4924754
2013-11-04,D,12183621
2013-11-04,I,4933084
2013-11-05,D,12183134
2013-11-05,I,4938627
2013-11-06,D,12182929
2013-11-06,I,4938642
2013-11-07,D,12206196
2013-11-07,I,4942958
2013-11-08,D,12206181
2013-11-08,I,4945446
2013-11-12,D,12205951
2013-11-12,I,4948674
2013-11-13,D,12206229
2013-11-13,I,4942965
2013-11-14,D,12239536
2013-11-14,I,4943781
2013-11-15,D,12245172
2013-11-15,I,4944375
2013-11-18,D,12245200
2013-11-18,I,4947679
2013-11-19,D,12245152
2013-11-19,I,4955574
2013-11-20,D,12245440
2013-11-20,I,4944785
2013-11-21,D,12261332
2013-11-21,I,4947632
2013-11-22,D,12261555
2013-11-22,I,4947956
2013-11-25,D,12261923
2013-11-25,I,4949906
2013-11-26,D,12262513
2013-11-26,I,4956597
2013-11-27,D,12263720
2013-11-27,I,4939617
2013-11-29,D,12281126
2013-11-29,I,4936025
2013-12-02,D,12307401
2013-12-02,I,4927632
2013-12-03,D,12307650
2013-12-03,I,4915605
2013-12-04,D,12307567
2013-12-04,I,4914525
2013-12-05,D,12312131
2013-12-05,I,4916569
2013-12-06,D,12311922
2013-12-06,I,4915089
2013-12-09,D,12311521
2013-12-09,I,4918824
2013-12-10,D,12311568
2013-12-10,I,4922438
2013-12-11,D,12311562
2013-12-11,I,4910892
2013-12-12,D,12312262
2013-12-12,I,4913754
2013-12-13,D,12311985
2013-12-13,I,4912144
2013-12-16,D,12341952
2013-12-16,I,4917077
2013-12-17,D,12341903
2013-12-17,I,4926685
2013-12-18,D,12342895
2013-12-18,I,4915915
2013-12-19,D,12333222
2013-12-19,I,4918307
2013-12-20,D,12332310
2013-12-20,I,4918125
2013-12-23,D,12331804
2013-12-23,I,4918852
2013-12-24,D,12331879
2013-12-24,I,4916209
2013-12-26,D,12310557
2013-12-26,I,4915541
2013-12-27,D,12309396
2013-12-27,I,4916871
2013-12-30,D,12309327
2013-12-30,I,4917441
2013-12-31,D,12355427
2013-12-31,I,4996544
2014-01-02,D,12334521
2014-01-02,I,4981450
2014-01-03,D,12334428
2014-01-03,I,4974422
2014-01-06,D,12333871
2014-01-06,I,4976346
2014-01-07,D,12334077
2014-01-07,I,4981151
2014-01-08,D,12335377
2014-01-08,I,4971601
2014-01-09,D,12305375
2014-01-09,I,4975790
2014-01-10,D,12305148
2014-01-10,I,4975695
2014-01-13,D,12304912
2014-01-13,I,4977615
2014-01-14,D,12304771
2014-01-14,I,4982481
2014-01-15,D,12308587
2014-01-15,I,4978287
2014-01-16,D,12287829
2014-01-16,I,4982412
2014-01-17,D,12287682
2014-01-17,I,4986002
2014-01-21,D,12286928
2014-01-21,I,4989199
2014-01-22,D,12286999
2014-01-22,I,4986490
2014-01-23,D,12271772
2014-01-23,I,4989714
2014-01-24,D,12271566
2014-01-24,I,4991714
2014-01-27,D,12271560
2014-01-27,I,4995163
2014-01-28,D,12271925
2014-01-28,I,5000007
2014-01-29,D,12271951
2014-01-29,I,5000556
2014-01-30,D,12251267
2014-01-30,I,4997999
2014-01-31,D,12308143
2014-01-31,I,4984877
2014-02-03,D,12305249
2014-02-03,I,4957792
2014-02-04,D,12306070
2014-02-04,I,4973951
2014-02-05,D,12306450
2014-02-05,I,4974773
2014-02-06,D,12280178
2014-02-06,I,4978304
2014-02-07,D,12280064
2014-02-07,I,4978760
2014-02-10,D,12276334
2014-02-10,I,4982460
2014-02-11,D,12271591
2014-02-11,I,4987202
2014-02-12,D,12281806
2014-02-12,I,4976976
2014-02-13,D,12279795
2014-02-13,I,4979011
2014-02-14,D,12281050
2014-02-14,I,4977745
2014-02-18,D,12400840
2014-02-18,I,4983810
2014-02-19,D,12401454
2014-02-19,I,4983956
2014-02-20,D,12424459
2014-02-20,I,4984653
2014-02-21,D,12424354
2014-02-21,I,4986824
2014-02-24,D,12424985
2014-02-24,I,4988236
2014-02-25,D,12424949
2014-02-25,I,4994271
2014-02-26,D,12425388
2014-02-26,I,4985442
2014-02-27,D,12443553
2014-02-27,I,4983338
2014-02-28,D,12492550
2014-02-28,I,4970679
2014-03-03,D,12510308
2014-03-03,I,4934077
2014-03-04,D,12511237
2014-03-04,I,4955991
2014-03-05,D,12511038
2014-03-05,I,4956503
2014-03-06,D,12531106
2014-03-06,I,4960765
2014-03-07,D,12531142
2014-03-07,I,4959937
2014-03-10,D,12531387
2014-03-10,I,4964236
2014-03-11,D,12531447
2014-03-11,I,4970129
2014-03-12,D,12531578
2014-03-12,I,4959794
2014-03-13,D,12550099
2014-03-13,I,4961363
2014-03-14,D,12550392
2014-03-14,I,4961267
2014-03-17,D,12582073
2014-03-17,I,4964741
2014-03-18,D,12580784
2014-03-18,I,4978276
2014-03-19,D,12582505
2014-03-19,I,4966993
2014-03-20,D,12576776
2014-03-20,I,4970157
2014-03-21,D,12577834
2014-03-21,I,4970372
2014-03-24,D,12578350
2014-03-24,I,4971778
2014-03-25,D,12579227
2014-03-25,I,4976757
2014-03-26,D,12580618
2014-03-26,I,4963462
2014-03-27,D,12569570
2014-03-27,I,4964010
2014-03-28,D,12581405
2014-03-28,I,4972871
2014-03-31,D,12619319
2014-03-31,I,4981908
2014-04-01,D,12616879
2014-04-01,I,4961263
2014-04-02,D,12618077
2014-04-02,I,4967549
2014-04-03,D,12602149
2014-04-03,I,4952630
2014-04-04,D,12602379
2014-04-04,I,4953059
2014-04-07,D,12602711
2014-04-07,I,4956893
2014-04-08,D,12603054
2014-04-08,I,4964021
2014-04-09,D,12603223
2014-04-09,I,4953364
2014-04-10,D,12584388
2014-04-10,I,4954636
2014-04-11,D,12584606
2014-04-11,I,4953996
2014-04-14,D,12584712
2014-04-14,I,4957185
2014-04-15,D,12599490
2014-04-15,I,4977352
2014-04-16,D,12600050
2014-04-16,I,4971788
2014-04-17,D,12535406
2014-04-17,I,4977015
2014-04-18,D,12535508
2014-04-18,I,4981074
2014-04-21,D,12536043
2014-04-21,I,4985375
2014-04-22,D,12536334
2014-04-22,I,4992647
2014-04-23,D,12536675
2014-04-23,I,4989274
2014-04-24,D,12446269
2014-04-24,I,4991605
2014-04-25,D,12446429
2014-04-25,I,4990015
2014-04-28,D,12446608
2014-04-28,I,4994157
2014-04-29,D,12447337
2014-04-29,I,4999985
2014-04-30,D,12503468
2014-04-30,I,5004969
2014-05-01,D,12493672
2014-05-01,I,4980642
2014-05-02,D,12494049
2014-05-02,I,4974045
2014-05-05,D,12494736
2014-05-05,I,4978432
2014-05-06,D,12496779
2014-05-06,I,4987507
2014-05-07,D,12497316
2014-05-07,I,4986784
2014-05-08,D,12478871
2014-05-08,I,4993181
2014-05-09,D,12479137
2014-05-09,I,4993142
2014-05-12,D,12479623
2014-05-12,I,4992508
2014-05-13,D,12480095
2014-05-13,I,4997860
2014-05-14,D,12480627
2014-05-14,I,4985732
2014-05-15,D,12481115
2014-05-15,I,4990457
2014-05-16,D,12481121
2014-05-16,I,4992012
2014-05-19,D,12481564
2014-05-19,I,4997635
2014-05-20,D,12482070
2014-05-20,I,5002992
2014-05-21,D,12482982
2014-05-21,I,4992340
2014-05-22,D,12493820
2014-05-22,I,4994575
2014-05-23,D,12494510
2014-05-23,I,4995943
2014-05-27,D,12495294
2014-05-27,I,4999663
2014-05-28,D,12496199
2014-05-28,I,4993849
2014-05-29,D,12511804
2014-05-29,I,4991066
2014-05-30,D,12538030
2014-05-30,I,4978928
2014-06-02,D,12558205
2014-06-02,I,4966668
2014-06-03,D,12558455
2014-06-03,I,4959142
2014-06-04,D,12558918
2014-06-04,I,4959156
2014-06-05,D,12580620
2014-06-05,I,4963962
2014-06-06,D,12580665
2014-06-06,I,4963311
2014-06-09,D,12581002
2014-06-09,I,4967897
2014-06-10,D,12581345
2014-06-10,I,4973821
2014-06-11,D,12581455
2014-06-11,I,4962986
2014-06-12,D,12568640
2014-06-12,I,4967974
2014-06-13,D,12568409
2014-06-13,I,4967715
2014-06-16,D,12595122
2014-06-16,I,4973920
2014-06-17,D,12595456
2014-06-17,I,4985659
2014-06-18,D,12595667
2014-06-18,I,4976325
2014-06-19,D,12552652
2014-06-19,I,4979836
2014-06-20,D,12552889
2014-06-20,I,4977057
2014-06-23,D,12554501
2014-06-23,I,4981230
2014-06-24,D,12555292
2014-06-24,I,4990569
2014-06-25,D,12555847
2014-06-25,I,4977303
2014-06-26,D,12532912
2014-06-26,I,4979681
2014-06-27,D,12546014
2014-06-27,I,4978446
2014-06-30,D,12572220
2014-06-30,I,5060387
2014-07-01,D,12566398
2014-07-01,I,5036275
2014-07-02,D,12568459
2014-07-02,I,5041263
2014-07-03,D,12560651
2014-07-03,I,5025944
2014-07-07,D,12560911
2014-07-07,I,5027847
2014-07-08,D,12561434
2014-07-08,I,5034993
2014-07-09,D,12561557
2014-07-09,I,5025203
2014-07-10,D,12564442
2014-07-10,I,5026657
2014-07-11,D,12564510
2014-07-11,I,5024924
2014-07-14,D,12564707
2014-07-14,I,5027273
2014-07-15,D,12569302
2014-07-15,I,5034430
2014-07-16,D,12569579
2014-07-16,I,5024712
2014-07-17,D,12570853
2014-07-17,I,5029651
2014-07-18,D,12571044
2014-07-18,I,5028513
2014-07-21,D,12571315
2014-07-21,I,5031531
2014-07-22,D,12571705
2014-07-22,I,5038548
2014-07-23,D,12571807
2014-07-23,I,5027424
2014-07-24,D,12582284
2014-07-24,I,5031617
2014-07-25,D,12582413
2014-07-25,I,5029042
2014-07-28,D,12582288
2014-07-28,I,5030747
2014-07-29,D,12586442
2014-07-29,I,5035309
2014-07-30,D,12587232
2014-07-30,I,5031368
2014-07-31,D,12651478
2014-07-31,I,5035659
2014-08-01,D,12645592
2014-08-01,I,4985617
2014-08-04,D,12645617
2014-08-04,I,4995134
2014-08-05,D,12646234
2014-08-05,I,5003417
2014-08-06,D,12646821
2014-08-06,I,5005025
2014-08-07,D,12660853
2014-08-07,I,5009633
2014-08-08,D,12660868
2014-08-08,I,5011867
2014-08-11,D,12661221
2014-08-11,I,5013874
2014-08-12,D,12661929
2014-08-12,I,5018425
2014-08-13,D,12661970
2014-08-13,I,5005533
2014-08-14,D,12664426
2014-08-14,I,5007262
2014-08-15,D,12670883
2014-08-15,I,5008099
2014-08-18,D,12671326
2014-08-18,I,5011206
2014-08-19,D,12671872
2014-08-19,I,5020405
2014-08-20,D,12672644
2014-08-20,I,5017389
2014-08-21,D,12687385
2014-08-21,I,5021938
2014-08-22,D,12687555
2014-08-22,I,5022706
2014-08-25,D,12687863
2014-08-25,I,5024963
2014-08-26,D,12688900
2014-08-26,I,5030615
2014-08-27,D,12689141
2014-08-27,I,5019202
2014-08-28,D,12703133
2014-08-28,I,5018480
2014-08-29,D,12732612
2014-08-29,I,5016561
2014-09-02,D,12747340
2014-09-02,I,4994299
2014-09-03,D,12747829
2014-09-03,I,4986834
2014-09-04,D,12766172
2014-09-04,I,4988296
2014-09-05,D,12765991
2014-09-05,I,4990865
2014-09-08,D,12765618
2014-09-08,I,4992266
2014-09-09,D,12765618
2014-09-09,I,4999103
2014-09-10,D,12765874
2014-09-10,I,4987665
2014-09-11,D,12752132
2014-09-11,I,4989977
2014-09-12,D,12752542
2014-09-12,I,4988629
2014-09-15,D,12766112
2014-09-15,I,4994628
2014-09-16,D,12767449
2014-09-16,I,5003429
2014-09-17,D,12767523
2014-09-17,I,4997220
2014-09-18,D,12749715
2014-09-18,I,5000106
2014-09-19,D,12749570
2014-09-19,I,4999435
2014-09-22,D,12749553
2014-09-22,I,5002529
2014-09-23,D,12750185
2014-09-23,I,5009601
2014-09-24,D,12750886
2014-09-24,I,5001905
2014-09-25,D,12739573
2014-09-25,I,5001995
2014-09-26,D,12752684
2014-09-26,I,5034851
2014-09-29,D,12752784
2014-09-29,I,5028704
2014-09-30,D,12784971
2014-09-30,I,5039100
2014-10-01,D,12781307
2014-10-01,I,5093951
2014-10-02,D,12771249
2014-10-02,I,5101698
2014-10-03,D,12771061
2014-10-03,I,5087450
2014-10-06,D,12770376
2014-10-06,I,5092629
2014-10-07,D,12771826
2014-10-07,I,5095873
2014-10-08,D,12772555
2014-10-08,I,5087247
2014-10-09,D,12770195
2014-10-09,I,5089388
2014-10-10,D,12770891
2014-10-10,I,5087589
2014-10-14,D,12771134
2014-10-14,I,5090082
2014-10-15,D,12798044
2014-10-15,I,5088921
2014-10-16,D,12807514
2014-10-16,I,5091802
2014-10-17,D,12808642
2014-10-17,I,5094729
2014-10-20,D,12808335
2014-10-20,I,5096635
2014-10-21,D,12808819
2014-10-21,I,5100855
2014-10-22,D,12808536
2014-10-22,I,5089867
2014-10-23,D,12807935
2014-10-23,I,5091066
2014-10-24,D,12808195
2014-10-24,I,5090496
2014-10-27,D,12808180
2014-10-27,I,5091524
2014-10-28,D,12809231
2014-10-28,I,5096875
2014-10-29,D,12809196
2014-10-29,I,5095804
2014-10-30,D,12818483
2014-10-30,I,5095942
2014-10-31,D,12857056
2014-10-31,I,5080104
2014-11-03,D,12854734
2014-11-03,I,5053728
2014-11-04,D,12854875
2014-11-04,I,5067453
2014-11-05,D,12855177
2014-11-05,I,5068315
2014-11-06,D,12865216
2014-11-06,I,5072945
2014-11-07,D,12865689
2014-11-07,I,5071928
2014-11-10,D,12865643
2014-11-10,I,5076836
2014-11-12,D,12865785
2014-11-12,I,5070855
2014-11-13,D,12872813
2014-11-13,I,5068594
2014-11-14,D,12874019
2014-11-14,I,5072210
2014-11-17,D,12879075
2014-11-17,I,5076112
2014-11-18,D,12880370
2014-11-18,I,5085484
2014-11-19,D,12881763
2014-11-19,I,5074099
2014-11-20,D,12888587
2014-11-20,I,5077803
2014-11-21,D,12889777
2014-11-21,I,5076654
2014-11-24,D,12889756
2014-11-24,I,5079586
2014-11-25,D,12890968
2014-11-25,I,5082300
2014-11-26,D,12890693
2014-11-26,I,5073060
2014-11-28,D,12922682
2014-11-28,I,5082868
2014-12-01,D,12931901
2014-12-01,I,5056239
2014-12-02,D,12932181
2014-12-02,I,5062558
2014-12-03,D,12931968
2014-12-03,I,5044929
2014-12-04,D,12945812
2014-12-04,I,5047915
2014-12-05,D,12945466
2014-12-05,I,5045603
2014-12-08,D,12944154
2014-12-08,I,5049060
2014-12-09,D,12944580
2014-12-09,I,5053333
2014-12-10,D,12944641
2014-12-10,I,5040768
2014-12-11,D,12956054
2014-12-11,I,5043143
2014-12-12,D,12955794
2014-12-12,I,5042687
2014-12-15,D,12979180
2014-12-15,I,5047308
2014-12-16,D,12979253
2014-12-16,I,5054033
2014-12-17,D,12982114
2014-12-17,I,5045861
2014-12-18,D,12988041
2014-12-18,I,5040974
2014-12-19,D,12987968
2014-12-19,I,5039988
2014-12-22,D,12988080
2014-12-22,I,5042942
2014-12-23,D,12990290
2014-12-23,I,5054205
2014-12-24,D,12990290
2014-12-24,I,5041978
2014-12-26,D,12994195
2014-12-26,I,5035919
2014-12-29,D,12994463
2014-12-29,I,5044993
2014-12-30,D,12995323
2014-12-30,I,5048539
2014-12-31,D,13023951
2014-12-31,I,5117493
2015-01-02,D,13000210
2015-01-02,I,5080403
2015-01-05,D,12999337
2015-01-05,I,5091980
2015-01-06,D,12999569
2015-01-06,I,5098246
2015-01-07,D,12999091
2015-01-07,I,5099169
2015-01-08,D,12981963
2015-01-08,I,5102855
2015-01-09,D,12981628
2015-01-09,I,5104198
2015-01-12,D,12981012
2015-01-12,I,5105935
2015-01-13,D,12980752
2015-01-13,I,5111419
2015-01-14,D,12981667
2015-01-14,I,5099812
2015-01-15,D,12971949
2015-01-15,I,5107659
2015-01-16,D,12971502
2015-01-16,I,5109292
2015-01-20,D,12970475
2015-01-20,I,5115573
2015-01-21,D,12971143
2015-01-21,I,5112321
2015-01-22,D,12970392
2015-01-22,I,5117034
2015-01-23,D,12970193
2015-01-23,I,5116142
2015-01-26,D,12970485
2015-01-26,I,5117242
2015-01-27,D,12970534
2015-01-27,I,5124586
2015-01-28,D,12970173
2015-01-28,I,5112418
2015-01-29,D,12970704
2015-01-29,I,5114360
2015-01-30,D,12984930
2015-01-30,I,5097364
2015-02-02,D,13009391
2015-02-02,I,5089651
2015-02-03,D,13009360
2015-02-03,I,5089142
2015-02-04,D,13010253
2015-02-04,I,5089727
2015-02-05,D,13030730
2015-02-05,I,5095147
2015-02-06,D,13030503
2015-02-06,I,5094460
2015-02-09,D,13030241
2015-02-09,I,5098271
2015-02-10,D,13030085
2015-02-10,I,5102284
2015-02-11,D,13030766
2015-02-11,I,5090085
2015-02-12,D,13044635
2015-02-12,I,5092271
2015-02-13,D,13044579
2015-02-13,I,5092268
2015-02-17,D,13024635
2015-02-17,I,5097808
2015-02-18,D,13025594
2015-02-18,I,5097288
2015-02-19,D,13038548
2015-02-19,I,5099911
2015-02-20,D,13038402
2015-02-20,I,5102124
2015-02-23,D,13037661
2015-02-23,I,5103748
2015-02-24,D,13038073
2015-02-24,I,5110032
2015-02-25,D,13038635
2015-02-25,I,5094721
2015-02-26,D,13052463
2015-02-26,I,5097290
2015-02-27,D,13074036
2015-02-27,I,5081818
2015-03-02,D,13082176
2015-03-02,I,5071362
2015-03-03,D,13083157
2015-03-03,I,5066798
2015-03-04,D,13083702
2015-03-04,I,5065960
2015-03-05,D,13078025
2015-03-05,I,5069232
2015-03-06,D,13077606
2015-03-06,I,5069392
2015-03-09,D,13076997
2015-03-09,I,5073081
2015-03-10,D,13077002
2015-03-10,I,5078725
2015-03-11,D,13077261
2015-03-11,I,5071708
2015-03-12,D,13084089
2015-03-12,I,5069727
2015-03-13,D,13083880
2015-03-13,I,5068578
2015-03-16,D,13105395
2015-03-16,I,5047033
2015-03-17,D,13094763
2015-03-17,I,5057655
2015-03-18,D,13094248
2015-03-18,I,5058161
2015-03-19,D,13091717
2015-03-19,I,5060705
2015-03-20,D,13092727
2015-03-20,I,5059686
2015-03-23,D,13090617
2015-03-23,I,5061765
2015-03-24,D,13084628
2015-03-24,I,5067745
2015-03-25,D,13098220
2015-03-25,I,5054142
2015-03-26,D,13097651
2015-03-26,I,5054716
2015-03-27,D,13100143
2015-03-27,I,5052215
2015-03-30,D,13099231
2015-03-30,I,5053097
2015-03-31,D,13090399
2015-03-31,I,5061657
2015-04-01,D,13104929
2015-04-01,I,5047117
2015-04-02,D,13096592
2015-04-02,I,5055530
2015-04-03,D,13113626
2015-04-03,I,5038486
2015-04-06,D,13108197
2015-04-06,I,5043884
2015-04-07,D,13102684
2015-04-07,I,5049388
2015-04-08,D,13111935
2015-04-08,I,5040127
2015-04-09,D,13101773
2015-04-09,I,5050291
2015-04-10,D,13102874
2015-04-10,I,5049181
2015-04-13,D,13099676
2015-04-13,I,5052348
2015-04-14,D,13092020
2015-04-14,I,5059994
2015-04-15,D,13086498
2015-04-15,I,5065506
2015-04-16,D,13077338
2015-04-16,I,5074669
2015-04-17,D,13074276
2015-04-17,I,5077722
2015-04-20,D,13067157
2015-04-20,I,5084810
2015-04-21,D,13059557
2015-04-21,I,5092400
2015-04-22,D,13066633
2015-04-22,I,5085314
2015-04-23,D,13059323
2015-04-23,I,5092627
2015-04-24,D,13058106
2015-04-24,I,5093833
2015-04-27,D,13054115
2015-04-27,I,5097794
2015-04-28,D,13048553
2015-04-28,I,5103346
2015-04-29,D,13051328
2015-04-29,I,5100561
2015-04-30,D,13053681
2015-04-30,I,5098879
2015-05-01,D,13089046
2015-05-01,I,5063504
2015-05-04,D,13074526
2015-05-04,I,5077993
2015-05-05,D,13065201
2015-05-05,I,5087308
2015-05-06,D,13062170
2015-05-06,I,5090329
2015-05-07,D,13057150
2015-05-07,I,5095348
2015-05-08,D,13053822
2015-05-08,I,5098665
2015-05-11,D,13050346
2015-05-11,I,5102111
2015-05-12,D,13044247
2015-05-12,I,5108200
2015-05-13,D,13056626
2015-05-13,I,5095810
2015-05-14,D,13053904
2015-05-14,I,5098534
2015-05-15,D,13053016
2015-05-15,I,5099412
2015-05-18,D,13049632
2015-05-18,I,5102766
2015-05-19,D,13039918
2015-05-19,I,5112469
2015-05-20,D,13051237
2015-05-20,I,5101140
2015-05-21,D,13049374
2015-05-21,I,5103004
2015-05-22,D,13050072
2015-05-22,I,5102296
2015-05-26,D,13046317
2015-05-26,I,5106010
2015-05-27,D,13052475
2015-05-27,I,5099842
2015-05-28,D,13054660
2015-05-28,I,5097723
2015-05-29,D,13052706
2015-05-29,I,5100145
2015-06-01,D,13073585
2015-06-01,I,5079256
2015-06-02,D,13065960
2015-06-02,I,5086871
2015-06-03,D,13082577
2015-06-03,I,5070244
2015-06-04,D,13078728
2015-06-04,I,5074092
2015-06-05,D,13080154
2015-06-05,I,5072656
2015-06-08,D,13074878
2015-06-08,I,5077900
2015-06-09,D,13068814
2015-06-09,I,5083955
2015-06-10,D,13085348
2015-06-10,I,5067411
2015-06-11,D,13082372
2015-06-11,I,5070387
2015-06-12,D,13081823
2015-06-12,I,5070926
2015-06-15,D,13075185
2015-06-15,I,5077533
2015-06-16,D,13067386
2015-06-16,I,5085321
2015-06-17,D,13073549
2015-06-17,I,5079148
2015-06-18,D,13071247
2015-06-18,I,5081453
2015-06-19,D,13072139
2015-06-19,I,5080550
2015-06-22,D,13068330
2015-06-22,I,5084328
2015-06-23,D,13059539
2015-06-23,I,5093109
2015-06-24,D,13071202
2015-06-24,I,5081436
2015-06-25,D,13071941
2015-06-25,I,5080771
2015-06-26,D,13070831
2015-06-26,I,5081870
2015-06-29,D,13070836
2015-06-29,I,5081835
2015-06-30,D,13076414
2015-06-30,I,5075583
2015-07-01,D,13093667
2015-07-01,I,5058320
2015-07-02,D,13105899
2015-07-02,I,5046093
2015-07-03,D,13103185
2015-07-03,I,5048797
2015-07-06,D,13100955
2015-07-06,I,5050995
2015-07-07,D,13093650
2015-07-07,I,5058291
2015-07-08,D,13106285
2015-07-08,I,5045645
2015-07-09,D,13102610
2015-07-09,I,5049322
2015-07-10,D,13103633
2015-07-10,I,5048288
2015-07-13,D,13101245
2015-07-13,I,5050646
2015-07-14,D,13096917
2015-07-14,I,5054963
2015-07-15,D,13106538
2015-07-15,I,5045332
2015-07-16,D,13099068
2015-07-16,I,5052805
2015-07-17,D,13097201
2015-07-17,I,5054662
2015-07-20,D,13094422
2015-07-20,I,5057410
2015-07-21,D,13088911
2015-07-21,I,5062910
2015-07-22,D,13101057
2015-07-22,I,5050754
2015-07-23,D,13099775
2015-07-23,I,5052129
2015-07-24,D,13099949
2015-07-24,I,5051944
2015-07-27,D,13097956
2015-07-27,I,5053906
2015-07-28,D,13093853
2015-07-28,I,5057998
2015-07-29,D,13094610
2015-07-29,I,5057231
2015-07-30,D,13115033
2015-07-30,I,5036819
2015-07-31,D,13135045
2015-07-31,I,5016278
2015-08-03,D,13154209
2015-08-03,I,4997081
2015-08-04,D,13139875
2015-08-04,I,5011405
2015-08-05,D,13139219
2015-08-05,I,5012050
2015-08-06,D,13133310
2015-08-06,I,5017975
2015-08-07,D,13133918
2015-08-07,I,5017356
2015-08-10,D,13120923
2015-08-10,I,5030318
2015-08-11,D,13116189
2015-08-11,I,5035042
2015-08-12,D,13127953
2015-08-12,I,5023268
2015-08-13,D,13126117
2015-08-13,I,5025132
2015-08-14,D,13127739
2015-08-14,I,5023499
2015-08-17,D,13121720
2015-08-17,I,5029485
2015-08-18,D,13111296
2015-08-18,I,5039898
2015-08-19,D,13123745
2015-08-19,I,5027438
2015-08-20,D,13121301
2015-08-20,I,5029999
2015-08-21,D,13121106
2015-08-21,I,5030182
2015-08-24,D,13120266
2015-08-24,I,5030989
2015-08-25,D,13113153
2015-08-25,I,5038090
2015-08-26,D,13125515
2015-08-26,I,5025717
2015-08-27,D,13123917
2015-08-27,I,5027332
2015-08-28,D,13128201
2015-08-28,I,5023036
2015-08-31,D,13119753
2015-08-31,I,5031397
2015-09-01,D,13142937
2015-09-01,I,5008203
2015-09-02,D,13142894
2015-09-02,I,5008234
2015-09-03,D,13151760
2015-09-03,I,4999395
2015-09-04,D,13151650
2015-09-04,I,4999493
2015-09-08,D,13147387
2015-09-08,I,5003710
2015-09-09,D,13156228
2015-09-09,I,4994857
2015-09-10,D,13156748
2015-09-10,I,4994361
2015-09-11,D,13156927
2015-09-11,I,4994170
2015-09-14,D,13154779
2015-09-14,I,4996283
2015-09-15,D,13145077
2015-09-15,I,5005973
2015-09-16,D,13153192
2015-09-16,I,4997846
2015-09-17,D,13145637
2015-09-17,I,5005507
2015-09-18,D,13146512
2015-09-18,I,5004620
2015-09-21,D,13143439
2015-09-21,I,5007658
2015-09-22,D,13136260
2015-09-22,I,5014825
2015-09-23,D,13144928
2015-09-23,I,5006145
2015-09-24,D,13140302
2015-09-24,I,5010771
2015-09-25,D,13142592
2015-09-25,I,5008470
2015-09-28,D,13142733
2015-09-28,I,5008292
2015-09-29,D,13138659
2015-09-29,I,5012355
2015-09-30,D,13123847
2015-09-30,I,5026770
2015-10-01,D,13059265
2015-10-01,I,5091351
2015-10-02,D,13061411
2015-10-02,I,5089194
2015-10-05,D,13059967
2015-10-05,I,5090602
2015-10-06,D,13059818
2015-10-06,I,5090739
2015-10-07,D,13059973
2015-10-07,I,5090572
2015-10-08,D,13046699
2015-10-08,I,5103841
2015-10-09,D,13046780
2015-10-09,I,5103749
2015-10-13,D,13046512
2015-10-13,I,5103969
2015-10-14,D,13046423
2015-10-14,I,5104047
2015-10-15,D,13043845
2015-10-15,I,5108871
2015-10-16,D,13040436
2015-10-16,I,5112269
2015-10-19,D,13034960
2015-10-19,I,5117710
2015-10-20,D,13033811
2015-10-20,I,5118848
2015-10-21,D,13042776
2015-10-21,I,5109871
2015-10-22,D,13034692
2015-10-22,I,5117959
2015-10-23,D,13035394
2015-10-23,I,5117245
2015-10-26,D,13034076
2015-10-26,I,5118527
2015-10-27,D,13027843
2015-10-27,I,5124749
2015-10-28,D,13042008
2015-10-28,I,5110572
2015-10-29,D,13040947
2015-10-29,I,5111643
2015-10-30,D,13060657
2015-10-30,I,5092325
2015-11-02,D,13259598
2015-11-02,I,5232493
2015-11-03,D,13304633
2015-11-03,I,5227705
2015-11-04,D,13304150
2015-11-04,I,5228705
2015-11-05,D,13378297
2015-11-05,I,5231503
2015-11-06,D,13378217
2015-11-06,I,5231637
2015-11-09,D,13377810
2015-11-09,I,5236959
2015-11-10,D,13378011
2015-11-10,I,5227381
2015-11-12,D,13422684
2015-11-12,I,5226341
2015-11-13,D,13422582
2015-11-13,I,5230925
2015-11-16,D,13425314
2015-11-16,I,5235176
2015-11-17,D,13425228
2015-11-17,I,5244786
2015-11-18,D,13425425
2015-11-18,I,5232907
2015-11-19,D,13486033
2015-11-19,I,5232175
2015-11-20,D,13487492
2015-11-20,I,5233308
2015-11-23,D,13487562
2015-11-23,I,5235184
2015-11-24,D,13488216
2015-11-24,I,5242029
2015-11-25,D,13488003
2015-11-25,I,5231611
2015-11-27,D,13551155
2015-11-27,I,5231296
2015-11-30,D,13588989
2015-11-30,I,5238334
2015-12-01,D,13586014
2015-12-01,I,5211825
2015-12-02,D,13586471
2015-12-02,I,5216268
2015-12-03,D,13587978
2015-12-03,I,5200015
2015-12-04,D,13587798
2015-12-04,I,5199033
2015-12-07,D,13586975
2015-12-07,I,5202224
2015-12-08,D,13587662
2015-12-08,I,5201403
2015-12-09,D,13587276
2015-12-09,I,5187809
2015-12-10,D,13576379
2015-12-10,I,5185690
2015-12-11,D,13576193
2015-12-11,I,5188729
2015-12-14,D,13576055
2015-12-14,I,5191581
2015-12-15,D,13600643
2015-12-15,I,5197569
2015-12-16,D,13600726
2015-12-16,I,5187412
2015-12-17,D,13602387
2015-12-17,I,5193893
2015-12-18,D,13602301
2015-12-18,I,5192733
2015-12-21,D,13602156
2015-12-21,I,5196045
2015-12-22,D,13602991
2015-12-22,I,5204372
2015-12-23,D,13603159
2015-12-23,I,5192106
2015-12-24,D,13608106
2015-12-24,I,5194774
2015-12-28,D,13621291
2015-12-28,I,5197400
2015-12-29,D,13621995
2015-12-29,I,5202112
2015-12-30,D,13622733
2015-12-30,I,5202329
2015-12-31,D,13672522
2015-12-31,I,5249657
2016-01-04,D,13669501
2016-01-04,I,5231432
2016-01-05,D,13670584
2016-01-05,I,5247862
2016-01-06,D,13670032
2016-01-06,I,5248349
2016-01-07,D,13634967
2016-01-07,I,5252910
2016-01-08,D,13635121
2016-01-08,I,5253519
2016-01-11,D,13634547
2016-01-11,I,5257322
2016-01-12,D,13634464
2016-01-12,I,5263218
2016-01-13,D,13634513
2016-01-13,I,5321266
2016-01-14,D,13599643
2016-01-14,I,5323915
2016-01-15,D,13604858
2016-01-15,I,5329732
2016-01-19,D,13604762
2016-01-19,I,5335878
2016-01-20,D,13605231
2016-01-20,I,5336176
2016-01-21,D,13618067
2016-01-21,I,5340771
2016-01-22,D,13618137
2016-01-22,I,5343501
2016-01-25,D,13618253
2016-01-25,I,5343715
2016-01-26,D,13619379
2016-01-26,I,5348966
2016-01-27,D,13619208
2016-01-27,I,5343382
2016-01-28,D,13642413
2016-01-28,I,5347390
2016-01-29,D,13657155
2016-01-29,I,5355673
2016-02-01,D,13653630
2016-02-01,I,5322090
2016-02-02,D,13654223
2016-02-02,I,5338076
2016-02-03,D,13653956
2016-02-03,I,5321237
2016-02-04,D,13671782
2016-02-04,I,5324905
2016-02-05,D,13671685
2016-02-05,I,5324687
2016-02-08,D,13671179
2016-02-08,I,5329057
2016-02-09,D,13671232
2016-02-09,I,5334127
2016-02-10,D,13671218
2016-02-10,I,5320107
2016-02-11,D,13694656
2016-02-11,I,5321606
2016-02-12,D,13694791
2016-02-12,I,5321734
2016-02-16,D,13701821
2016-02-16,I,5328204
2016-02-17,D,13702339
2016-02-17,I,5326658
2016-02-18,D,13720658
2016-02-18,I,5326469
2016-02-19,D,13720729
2016-02-19,I,5331675
2016-02-22,D,13720102
2016-02-22,I,5333280
2016-02-23,D,13720282
2016-02-23,I,5344597
2016-02-24,D,13720778
2016-02-24,I,5333387
2016-02-25,D,13737073
2016-02-25,I,5333584
2016-02-26,D,13750549
2016-02-26,I,5329575
2016-02-29,D,13785189
2016-02-29,I,5340266
2016-03-01,D,13783341
2016-03-01,I,5307540
2016-03-02,D,13783164
2016-03-02,I,5314358
2016-03-03,D,13793876
2016-03-03,I,5299275
2016-03-04,D,13793877
2016-03-04,I,5299619
2016-03-07,D,13794825
2016-03-07,I,5303000
2016-03-08,D,13794796
2016-03-08,I,5318081
2016-03-09,D,13795114
2016-03-09,I,5305070
2016-03-10,D,13818926
2016-03-10,I,5306399
2016-03-11,D,13818958
2016-03-11,I,5305328
2016-03-14,D,13819746
2016-03-14,I,5308974
2016-03-15,D,13844438
2016-03-15,I,5317436
2016-03-16,D,13844765
2016-03-16,I,5306634
2016-03-17,D,13872098
2016-03-17,I,5316131
2016-03-18,D,13871715
2016-03-18,I,5331279
2016-03-21,D,13871782
2016-03-21,I,5333815
2016-03-22,D,13872009
2016-03-22,I,5339333
2016-03-23,D,13872276
2016-03-23,I,5328323
2016-03-24,D,13886696
2016-03-24,I,5324968
2016-03-25,D,13886716
2016-03-25,I,5328214
2016-03-28,D,13899570
2016-03-28,I,5330525
2016-03-29,D,13900262
2016-03-29,I,5335437
2016-03-30,D,13899646
2016-03-30,I,5333305
2016-03-31,D,13924878
2016-03-31,I,5340061
2016-04-01,D,13921674
2016-04-01,I,5296843
2016-04-04,D,13922034
2016-04-04,I,5306010
2016-04-05,D,13923115
2016-04-05,I,5313953
2016-04-06,D,13923977
2016-04-06,I,5314931
2016-04-07,D,13902919
2016-04-07,I,5318287
2016-04-08,D,13903108
2016-04-08,I,5320090
2016-04-11,D,13902453
2016-04-11,I,5323773
2016-04-12,D,13903092
2016-04-12,I,5330914
2016-04-13,D,13902494
2016-04-13,I,5318804
2016-04-14,D,13881974
2016-04-14,I,5321214
2016-04-15,D,13865459
2016-04-15,I,5338184
2016-04-18,D,13865650
2016-04-18,I,5342628
2016-04-19,D,13865811
2016-04-19,I,5356022
2016-04-20,D,13868108
2016-04-20,I,5347572
2016-04-21,D,13844262
2016-04-21,I,5352507
2016-04-22,D,13844359
2016-04-22,I,5353813
2016-04-25,D,13844294
2016-04-25,I,5366051
2016-04-26,D,13844839
2016-04-26,I,5373834
2016-04-27,D,13845666
2016-04-27,I,5363740
2016-04-28,D,13824359
2016-04-28,I,5361849
2016-04-29,D,13841195
2016-04-29,I,5346193
2016-05-02,D,13831186
2016-05-02,I,5338816
2016-05-03,D,13831649
2016-05-03,I,5340167
2016-05-04,D,13832249
2016-05-04,I,5354406
2016-05-05,D,13826922
2016-05-05,I,5361180
2016-05-06,D,13827049
2016-05-06,I,5363010
2016-05-09,D,13827271
2016-05-09,I,5370226
2016-05-10,D,13828504
2016-05-10,I,5376010
2016-05-11,D,13829328
2016-05-11,I,5364073
2016-05-12,D,13832797
2016-05-12,I,5367373
2016-05-13,D,13832772
2016-05-13,I,5367123
2016-05-16,D,13835035
2016-05-16,I,5371945
2016-05-17,D,13836047
2016-05-17,I,5381998
2016-05-18,D,13836956
2016-05-18,I,5369561
2016-05-19,D,13840100
2016-05-19,I,5372351
2016-05-20,D,13840181
2016-05-20,I,5369635
2016-05-23,D,13840722
2016-05-23,I,5371771
2016-05-24,D,13841341
2016-05-24,I,5381706
2016-05-25,D,13842105
2016-05-25,I,5372024
2016-05-26,D,13842706
2016-05-26,I,5373432
2016-05-27,D,13857303
2016-05-27,I,5369115
2016-05-31,D,13886303
2016-05-31,I,5379149
2016-06-01,D,13884271
2016-06-01,I,5346363
2016-06-02,D,13879180
2016-06-02,I,5350100
2016-06-03,D,13879563
2016-06-03,I,5334951
2016-06-06,D,13881076
2016-06-06,I,5339408
2016-06-07,D,13882390
2016-06-07,I,5346008
2016-06-08,D,13882697
2016-06-08,I,5347573
2016-06-09,D,13872590
2016-06-09,I,5346875
2016-06-10,D,13872875
2016-06-10,I,5345976
2016-06-13,D,13873342
2016-06-13,I,5348934
2016-06-14,D,13874221
2016-06-14,I,5355843
2016-06-15,D,13897065
2016-06-15,I,5348509
2016-06-16,D,13893504
2016-06-16,I,5354740
2016-06-17,D,13893769
2016-06-17,I,5359215
2016-06-20,D,13894075
2016-06-20,I,5362582
2016-06-21,D,13894847
2016-06-21,I,5370898
2016-06-22,D,13895632
2016-06-22,I,5356800
2016-06-23,D,13894409
2016-06-23,I,5365403
2016-06-24,D,13907929
2016-06-24,I,5370009
2016-06-27,D,13908843
2016-06-27,I,5370480
2016-06-28,D,13909012
2016-06-28,I,5375387
2016-06-29,D,13909293
2016-06-29,I,5374033
2016-06-30,D,13932743
2016-06-30,I,5448848
2016-07-01,D,13926088
2016-07-01,I,5390844
2016-07-05,D,13927226
2016-07-05,I,5400520
2016-07-06,D,13928111
2016-07-06,I,5415431
2016-07-07,D,13943998
2016-07-07,I,5416179
2016-07-08,D,13944032
2016-07-08,I,5418001
2016-07-11,D,13944569
2016-07-11,I,5422406
2016-07-12,D,13946039
2016-07-12,I,5426891
2016-07-13,D,13946772
2016-07-13,I,5414517
2016-07-14,D,13964143
2016-07-14,I,5416447
2016-07-15,D,13967596
2016-07-15,I,5418464
2016-07-18,D,13968266
2016-07-18,I,5422828
2016-07-19,D,13968796
2016-07-19,I,5433566
2016-07-20,D,13969333
2016-07-20,I,5422371
2016-07-21,D,13974805
2016-07-21,I,5425762
2016-07-22,D,13974919
2016-07-22,I,5425414
2016-07-25,D,13975247
2016-07-25,I,5431939
2016-07-26,D,13975895
2016-07-26,I,5439234
2016-07-27,D,13976589
2016-07-27,I,5426317
2016-07-28,D,13986166
2016-07-28,I,5426120
2016-07-29,D,13998220
2016-07-29,I,5429475
2016-08-01,D,13968476
2016-08-01,I,5390231
2016-08-02,D,13969823
2016-08-02,I,5404393
2016-08-03,D,13970207
2016-08-03,I,5389135
2016-08-04,D,13986683
2016-08-04,I,5392883
2016-08-05,D,13986845
2016-08-05,I,5393298
2016-08-08,D,13987042
2016-08-08,I,5398529
2016-08-09,D,13987509
2016-08-09,I,5403238
2016-08-10,D,13987862
2016-08-10,I,5389780
2016-08-11,D,14012831
2016-08-11,I,5391552
2016-08-12,D,14012910
2016-08-12,I,5390095
2016-08-15,D,14024111
2016-08-15,I,5396047
2016-08-16,D,14024871
2016-08-16,I,5403208
2016-08-17,D,14026424
2016-08-17,I,5395367
2016-08-18,D,14047675
2016-08-18,I,5397426
2016-08-19,D,14047726
2016-08-19,I,5395540
2016-08-22,D,14048083
2016-08-22,I,5397919
2016-08-23,D,14048515
2016-08-23,I,5406430
2016-08-24,D,14049851
2016-08-24,I,5393062
2016-08-25,D,14074663
2016-08-25,I,5397541
2016-08-26,D,14087753
2016-08-26,I,5396036
2016-08-29,D,14087948
2016-08-29,I,5398256
2016-08-30,D,14088909
2016-08-30,I,5403175
2016-08-31,D,14104114
2016-08-31,I,5406183
2016-09-01,D,14109650
2016-09-01,I,5371921
2016-09-02,D,14110181
2016-09-02,I,5360202
2016-09-06,D,14109708
2016-09-06,I,5364234
2016-09-07,D,14111279
2016-09-07,I,5368213
2016-09-08,D,14112595
2016-09-08,I,5369491
2016-09-09,D,14112569
2016-09-09,I,5370126
2016-09-12,D,14111756
2016-09-12,I,5372905
2016-09-13,D,14113613
2016-09-13,I,5379678
2016-09-14,D,14113613
2016-09-14,I,5366901
2016-09-15,D,14134190
2016-09-15,I,5374052
2016-09-16,D,14134071
2016-09-16,I,5376840
2016-09-19,D,14133907
2016-09-19,I,5384219
2016-09-20,D,14134014
2016-09-20,I,5390322
2016-09-21,D,14135524
2016-09-21,I,5381933
2016-09-22,D,14133281
2016-09-22,I,5386190
2016-09-23,D,14133690
2016-09-23,I,5391073
2016-09-26,D,14133540
2016-09-26,I,5396048
2016-09-27,D,14133914
2016-09-27,I,5402940
2016-09-28,D,14134460
2016-09-28,I,5385473
2016-09-29,D,14148919
2016-09-29,I,5383971
2016-09-30,D,14173424
2016-09-30,I,5400021
2016-10-03,D,14169562
2016-10-03,I,5473387
2016-10-04,D,14170607
2016-10-04,I,5488853
2016-10-05,D,14170897
2016-10-05,I,5492514
2016-10-06,D,14191999
2016-10-06,I,5496775
2016-10-07,D,14192020
2016-10-07,I,5495405
2016-10-11,D,14191727
2016-10-11,I,5502589
2016-10-12,D,14192469
2016-10-12,I,5496213
2016-10-13,D,14225009
2016-10-13,I,5495822
2016-10-14,D,14224929
2016-10-14,I,5496689
2016-10-17,D,14250369
2016-10-17,I,5505195
2016-10-18,D,14250776
2016-10-18,I,5515804
2016-10-19,D,14251115
2016-10-19,I,5503142
2016-10-20,D,14280303
2016-10-20,I,5505282
2016-10-21,D,14280596
2016-10-21,I,5505845
2016-10-24,D,14280601
2016-10-24,I,5507420
2016-10-25,D,14281263
2016-10-25,I,5527241
2016-10-26,D,14282026
2016-10-26,I,5513471
2016-10-27,D,14310095
2016-10-27,I,5514773
2016-10-28,D,14309983
2016-10-28,I,5510526
2016-10-31,D,14286501
2016-10-31,I,5519215
2016-11-01,D,14284843
2016-11-01,I,5475211
2016-11-02,D,14287093
2016-11-02,I,5482529
2016-11-03,D,14320172
2016-11-03,I,5469964
2016-11-04,D,14321489
2016-11-04,I,5469279
2016-11-07,D,14322369
2016-11-07,I,5474221
2016-11-08,D,14323406
2016-11-08,I,5482834
2016-11-09,D,14324109
2016-11-09,I,5469588
2016-11-10,D,14371393
2016-11-10,I,5469181
2016-11-14,D,14370899
2016-11-14,I,5471275
2016-11-15,D,14371171
2016-11-15,I,5495948
2016-11-16,D,14372638
2016-11-16,I,5485189
2016-11-17,D,14406421
2016-11-17,I,5490730
2016-11-18,D,14406544
2016-11-18,I,5489426
2016-11-21,D,14406491
2016-11-21,I,5492513
2016-11-22,D,14407163
2016-11-22,I,5500378
2016-11-23,D,14407388
2016-11-23,I,5490606
2016-11-25,D,14431144
2016-11-25,I,5496974
2016-11-28,D,14431113
2016-11-28,I,5498071
2016-11-29,D,14431428
2016-11-29,I,5499271
2016-11-30,D,14443700
2016-11-30,I,5504365
2016-12-01,D,14426958
2016-12-01,I,5474587
2016-12-02,D,14424639
2016-12-02,I,5456584
2016-12-05,D,14424538
2016-12-05,I,5461035
2016-12-06,D,14425239
2016-12-06,I,5467127
2016-12-07,D,14425439
2016-12-07,I,5465734
2016-12-08,D,14407909
2016-12-08,I,5469509
2016-12-09,D,14408013
2016-12-09,I,5468360
2016-12-12,D,14407878
2016-12-12,I,5470849
2016-12-13,D,14407842
2016-12-13,I,5476481
2016-12-14,D,14408092
2016-12-14,I,5463366
2016-12-15,D,14409960
2016-12-15,I,5465361
2016-12-16,D,14409754
2016-12-16,I,5466282
2016-12-19,D,14409251
2016-12-19,I,5473413
2016-12-20,D,14409701
2016-12-20,I,5479892
2016-12-21,D,14410281
2016-12-21,I,5468000
2016-12-22,D,14406888
2016-12-22,I,5470561
2016-12-23,D,14406979
2016-12-23,I,5480209
2016-12-27,D,14406465
2016-12-27,I,5484234
2016-12-28,D,14405853
2016-12-28,I,5473536
2016-12-29,D,14407587
2016-12-29,I,5471565
2016-12-30,D,14434842
2016-12-30,I,5541985
2017-01-03,D,14433863
2017-01-03,I,5501162
2017-01-04,D,14434184
2017-01-04,I,5518230
2017-01-05,D,14428038
2017-01-05,I,5520435
2017-01-06,D,14427907
2017-01-06,I,5524901
2017-01-09,D,14428006
2017-01-09,I,5527337
2017-01-10,D,14428296
2017-01-10,I,5535973
2017-01-11,D,14428237
2017-01-11,I,5523519
2017-01-12,D,14416901
2017-01-12,I,5524906
2017-01-13,D,14416525
2017-01-13,I,5524089
2017-01-17,D,14423557
2017-01-17,I,5536398
2017-01-18,D,14423938
2017-01-18,I,5537529
2017-01-19,D,14403769
2017-01-19,I,5540660
2017-01-20,D,14403704
2017-01-20,I,5543600
2017-01-23,D,14403352
2017-01-23,I,5546327
2017-01-24,D,14403554
2017-01-24,I,5554536
2017-01-25,D,14403833
2017-01-25,I,5546770
2017-01-26,D,14387199
2017-01-26,I,5552710
2017-01-27,D,14387268
2017-01-27,I,5551752
2017-01-30,D,14387073
2017-01-30,I,5552687
2017-01-31,D,14376139
2017-01-31,I,5561123
2017-02-01,D,14376019
2017-02-01,I,5524019
2017-02-02,D,14366132
2017-02-02,I,5536695
2017-02-03,D,14365218
2017-02-03,I,5520657
2017-02-06,D,14365258
2017-02-06,I,5525072
2017-02-07,D,14365366
2017-02-07,I,5530398
2017-02-08,D,14366066
2017-02-08,I,5518541
2017-02-09,D,14402430
2017-02-09,I,5519906
2017-02-10,D,14402526
2017-02-10,I,5518540
2017-02-13,D,14402458
2017-02-13,I,5521760
2017-02-14,D,14404013
2017-02-14,I,5528667
2017-02-15,D,14417333
2017-02-15,I,5520031
2017-02-16,D,14403393
2017-02-16,I,5523189
2017-02-17,D,14403414
2017-02-17,I,5529091
2017-02-21,D,14403611
2017-02-21,I,5531705
2017-02-22,D,14404724
2017-02-22,I,5531157
2017-02-23,D,14384082
2017-02-23,I,5529819
2017-02-24,D,14396804
2017-02-24,I,5533344
2017-02-27,D,14396789
2017-02-27,I,5534440
2017-02-28,D,14411381
2017-02-28,I,5548213
2017-03-01,D,14408363
2017-03-01,I,5512056
2017-03-02,D,14373460
2017-03-02,I,5521498
2017-03-03,D,14373225
2017-03-03,I,5505252
2017-03-06,D,14373652
2017-03-06,I,5509361
2017-03-07,D,14374138
2017-03-07,I,5515724
2017-03-08,D,14374900
2017-03-08,I,5504249
2017-03-09,D,14349789
2017-03-09,I,5505888
2017-03-10,D,14349130
2017-03-10,I,5504488
2017-03-13,D,14349636
2017-03-13,I,5508397
2017-03-14,D,14384776
2017-03-14,I,5517828
2017-03-15,D,14340716
2017-03-15,I,5505095
2017-03-16,D,14363679
2017-03-16,I,5482366
2017-03-17,D,14357102
2017-03-17,I,5488908
2017-03-20,D,14355174
2017-03-20,I,5490727
2017-03-21,D,14349928
2017-03-21,I,5495937
2017-03-22,D,14362886
2017-03-22,I,5482944
2017-03-23,D,14359346
2017-03-23,I,5486703
2017-03-24,D,14360458
2017-03-24,I,5485554
2017-03-27,D,14353361
2017-03-27,I,5492540
2017-03-28,D,14347300
2017-03-28,I,5498562
2017-03-29,D,14349735
2017-03-29,I,5496091
2017-03-30,D,14348507
2017-03-30,I,5497748
2017-03-31,D,14369682
2017-03-31,I,5476738
2017-04-03,D,14379418
2017-04-03,I,5467006
2017-04-04,D,14362462
2017-04-04,I,5483681
2017-04-05,D,14362397
2017-04-05,I,5483706
2017-04-06,D,14357828
2017-04-06,I,5488498
2017-04-07,D,14358379
2017-04-07,I,5487906
2017-04-10,D,14351473
2017-04-10,I,5494690
2017-04-11,D,14343844
2017-04-11,I,5502279
2017-04-12,D,14355665
2017-04-12,I,5490417
2017-04-13,D,14353022
2017-04-13,I,5493291
2017-04-14,D,14352103
2017-04-14,I,5494169
2017-04-17,D,14330766
2017-04-17,I,5515382
2017-04-18,D,14324047
2017-04-18,I,5522059
2017-04-19,D,14323624
2017-04-19,I,5522441
2017-04-20,D,14319510
2017-04-20,I,5526783
2017-04-21,D,14316448
2017-04-21,I,5529804
2017-04-24,D,14304727
2017-04-24,I,5541400
2017-04-25,D,14294148
2017-04-25,I,5551938
2017-04-26,D,14302205
2017-04-26,I,5543839
2017-04-27,D,14297979
2017-04-27,I,5548513
2017-04-28,D,14293345
2017-04-28,I,5552785
2017-05-01,D,14323288
2017-05-01,I,5522799
2017-05-02,D,14305283
2017-05-02,I,5540762
2017-05-03,D,14318595
2017-05-03,I,5527409
2017-05-04,D,14311633
2017-05-04,I,5534605
2017-05-05,D,14311377
2017-05-05,I,5534819
2017-05-08,D,14305062
2017-05-08,I,5541005
2017-05-09,D,14299435
2017-05-09,I,5546589
2017-05-10,D,14312904
2017-05-10,I,5533078
2017-05-11,D,14310970
2017-05-11,I,5535257
2017-05-12,D,14310534
2017-05-12,I,5535649
2017-05-15,D,14306961
2017-05-15,I,5539092
2017-05-16,D,14300695
2017-05-16,I,5545314
2017-05-17,D,14309172
2017-05-17,I,5536794
2017-05-18,D,14311292
2017-05-18,I,5534920
2017-05-19,D,14313167
2017-05-19,I,5533000
2017-05-22,D,14309116
2017-05-22,I,5536918
2017-05-23,D,14301899
2017-05-23,I,5544091
2017-05-24,D,14310455
2017-05-24,I,5535491
2017-05-25,D,14310718
2017-05-25,I,5535713
2017-05-26,D,14311671
2017-05-26,I,5534715
2017-05-30,D,14312802
2017-05-30,I,5533403
2017-05-31,D,14298976
2017-05-31,I,5546965
2017-06-01,D,14328616
2017-06-01,I,5517589
2017-06-02,D,14342786
2017-06-02,I,5503372
2017-06-05,D,14337244
2017-06-05,I,5508774
2017-06-06,D,14329360
2017-06-06,I,5516610
2017-06-07,D,14329789
2017-06-07,I,5516135
2017-06-08,D,14319153
2017-06-08,I,5527025
2017-06-09,D,14318610
2017-06-09,I,5527521
2017-06-12,D,14317140
2017-06-12,I,5528848
2017-06-13,D,14310162
2017-06-13,I,5535779
2017-06-14,D,14322551
2017-06-14,I,5523342
2017-06-15,D,14314985
2017-06-15,I,5531165
2017-06-16,D,14313434
2017-06-16,I,5532668
2017-06-19,D,14305304
2017-06-19,I,5540655
2017-06-20,D,14296914
2017-06-20,I,5548998
2017-06-21,D,14307332
2017-06-21,I,5538532
2017-06-22,D,14306623
2017-06-22,I,5539748
2017-06-23,D,14306066
2017-06-23,I,5540257
2017-06-26,D,14297091
2017-06-26,I,5549086
2017-06-27,D,14292036
2017-06-27,I,5554093
2017-06-28,D,14306867
2017-06-28,I,5539213
2017-06-29,D,14307903
2017-06-29,I,5538440
2017-06-30,D,14366186
2017-06-30,I,5478368
2017-07-03,D,14377732
2017-07-03,I,5466892
2017-07-05,D,14363322
2017-07-05,I,5481204
2017-07-06,D,14362807
2017-07-06,I,5481990
2017-07-07,D,14359969
2017-07-07,I,5484778
2017-07-10,D,14358799
2017-07-10,I,5485797
2017-07-11,D,14352259
2017-07-11,I,5492288
2017-07-12,D,14364885
2017-07-12,I,5479611
2017-07-13,D,14363443
2017-07-13,I,5481323
2017-07-14,D,14364402
2017-07-14,I,5480312
2017-07-17,D,14358888
2017-07-17,I,5485673
2017-07-18,D,14347253
2017-07-18,I,5497256
2017-07-19,D,14360486
2017-07-19,I,5483973
2017-07-20,D,14357666
2017-07-20,I,5487303
2017-07-21,D,14357122
2017-07-21,I,5487794
2017-07-24,D,14354952
2017-07-24,I,5489806
2017-07-25,D,14345435
2017-07-25,I,5499270
2017-07-26,D,14355682
2017-07-26,I,5488970
2017-07-27,D,14358390
2017-07-27,I,5486549
2017-07-28,D,14375370
2017-07-28,I,5469515
2017-07-31,D,14360944
2017-07-31,I,5483965
2017-08-01,D,14393440
2017-08-01,I,5451423
2017-08-02,D,14385611
2017-08-02,I,5459197
2017-08-03,D,14398481
2017-08-03,I,5446602
2017-08-04,D,14397066
2017-08-04,I,5447961
2017-08-07,D,14394024
2017-08-07,I,5450837
2017-08-08,D,14385878
2017-08-08,I,5458928
2017-08-09,D,14399960
2017-08-09,I,5444790
2017-08-10,D,14398550
2017-08-10,I,5446472
2017-08-11,D,14401004
2017-08-11,I,5443961
2017-08-14,D,14397795
2017-08-14,I,5447001
2017-08-15,D,14387624
2017-08-15,I,5457116
2017-08-16,D,14398782
2017-08-16,I,5445902
2017-08-17,D,14393928
2017-08-17,I,5451260
2017-08-18,D,14394276
2017-08-18,I,5450856
2017-08-21,D,14391211
2017-08-21,I,5453751
2017-08-22,D,14385379
2017-08-22,I,5459527
2017-08-23,D,14396462
2017-08-23,I,5448387
2017-08-24,D,14398772
2017-08-24,I,5446329
2017-08-25,D,14397470
2017-08-25,I,5447574
2017-08-28,D,14394393
2017-08-28,I,5450480
2017-08-29,D,14388581
2017-08-29,I,5456236
2017-08-30,D,14393272
2017-08-30,I,5451488
2017-08-31,D,14381562
2017-08-31,I,5462971
2017-09-01,D,14428250
2017-09-01,I,5416371
2017-09-05,D,14418694
2017-09-05,I,5425697
2017-09-06,D,14411301
2017-09-06,I,5433032
2017-09-07,D,14410076
2017-09-07,I,5434511
2017-09-08,D,14622661
2017-09-08,I,5539516
2017-09-11,D,14624241
2017-09-11,I,5541451
2017-09-12,D,14624439
2017-09-12,I,5549067
2017-09-13,D,14624324
2017-09-13,I,5535686
2017-09-14,D,14627259
2017-09-14,I,5538208
2017-09-15,D,14611034
2017-09-15,I,5542533
2017-09-18,D,14611843
2017-09-18,I,5548586
2017-09-19,D,14613433
2017-09-19,I,5559771
2017-09-20,D,14615130
2017-09-20,I,5549678
2017-09-21,D,14628385
2017-09-21,I,5551385
2017-09-22,D,14630331
2017-09-22,I,5551653
2017-09-25,D,14630071
2017-09-25,I,5560122
2017-09-26,D,14632475
2017-09-26,I,5568254
2017-09-27,D,14632296
2017-09-27,I,5556653
2017-09-28,D,14649195
2017-09-28,I,5554474
2017-09-29,D,14673429
2017-09-29,I,5571471
2017-10-02,D,14679490
2017-10-02,I,5668313
2017-10-03,D,14678605
2017-10-03,I,5665146
2017-10-04,D,14678620
2017-10-04,I,5668028
2017-10-05,D,14699887
2017-10-05,I,5671287
2017-10-06,D,14702051
2017-10-06,I,5671180
2017-10-10,D,14702512
2017-10-10,I,5680659
2017-10-11,D,14703236
2017-10-11,I,5672262
2017-10-12,D,14709162
2017-10-12,I,5673016
2017-10-13,D,14709006
2017-10-13,I,5675188
2017-10-16,D,14739245
2017-10-16,I,5683727
2017-10-17,D,14739563
2017-10-17,I,5693831
2017-10-18,D,14739697
2017-10-18,I,5683673
2017-10-19,D,14751486
2017-10-19,I,5681930
2017-10-20,D,14751549
2017-10-20,I,5680485
2017-10-23,D,14751842
2017-10-23,I,5683797
2017-10-24,D,14752220
2017-10-24,I,5691235
2017-10-25,D,14752404
2017-10-25,I,5687283
2017-10-26,D,14770807
2017-10-26,I,5682438
2017-10-27,D,14771762
2017-10-27,I,5682376
2017-10-30,D,14772105
2017-10-30,I,5681264
2017-10-31,D,14751446
2017-10-31,I,5691027
2017-11-01,D,14799846
2017-11-01,I,5653442
2017-11-02,D,14821642
2017-11-02,I,5663308
2017-11-03,D,14821576
2017-11-03,I,5647434
2017-11-06,D,14822172
2017-11-06,I,5652678
2017-11-07,D,14823048
2017-11-07,I,5659208
2017-11-08,D,14823147
2017-11-08,I,5648908
2017-11-09,D,14844967
2017-11-09,I,5651126
2017-11-10,D,14844847
2017-11-10,I,5622528
2017-11-13,D,14845406
2017-11-13,I,5652478
2017-11-14,D,14845582
2017-11-14,I,5658005
2017-11-15,D,14860504
2017-11-15,I,5646841
2017-11-16,D,14878275
2017-11-16,I,5650935
2017-11-17,D,14879382
2017-11-17,I,5654637
2017-11-20,D,14879996
2017-11-20,I,5658367
2017-11-21,D,14881051
2017-11-21,I,5665875
2017-11-22,D,14881228
2017-11-22,I,5652152
2017-11-24,D,14900676
2017-11-24,I,5656603
2017-11-27,D,14901319
2017-11-27,I,5662360
2017-11-28,D,14902208
2017-11-28,I,5665729
2017-11-29,D,14902566
2017-11-29,I,5661601
2017-11-30,D,14918713
2017-11-30,I,5671679
2017-12-01,D,14914018
2017-12-01,I,5617829
2017-12-04,D,14914002
2017-12-04,I,5626358
2017-12-05,D,14913710
2017-12-05,I,5632914
2017-12-06,D,14913765
2017-12-06,I,5632676
2017-12-07,D,14905961
2017-12-07,I,5635141
2017-12-08,D,14864901
2017-12-08,I,5627986
2017-12-11,D,14864792
2017-12-11,I,5627886
2017-12-12,D,14864589
2017-12-12,I,5628019
2017-12-13,D,14865185
2017-12-13,I,5622317
2017-12-14,D,14875267
2017-12-14,I,5617683
2017-12-15,D,14876465
2017-12-15,I,5616413
2017-12-18,D,14871115
2017-12-18,I,5621551
2017-12-19,D,14859375
2017-12-19,I,5633219
2017-12-20,D,14872404
2017-12-20,I,5620119
2017-12-21,D,14874301
2017-12-21,I,5618646
2017-12-22,D,14867654
2017-12-22,I,5625221
2017-12-26,D,14861711
2017-12-26,I,5630874
2017-12-27,D,14862808
2017-12-27,I,5629704
2017-12-28,D,14868636
2017-12-28,I,5624318
2017-12-29,D,14814721
2017-12-29,I,5678025
2018-01-02,D,14832792
2018-01-02,I,5659807
2018-01-03,D,14830822
2018-01-03,I,5661704
2018-01-04,D,14829337
2018-01-04,I,5664034
2018-01-05,D,14825245
2018-01-05,I,5668051
2018-01-08,D,14822329
2018-01-08,I,5670741
2018-01-09,D,14814465
2018-01-09,I,5678530
2018-01-10,D,14827222
2018-01-10,I,5665697
2018-01-11,D,14825224
2018-01-11,I,5668177
2018-01-12,D,14825673
2018-01-12,I,5667652
2018-01-16,D,14813999
2018-01-16,I,5679017
2018-01-17,D,14812558
2018-01-17,I,5680381
2018-01-18,D,14816445
2018-01-18,I,5676976
2018-01-19,D,14813369
2018-01-19,I,5679973
2018-01-22,D,14810806
2018-01-22,I,5682302
2018-01-23,D,14802829
2018-01-23,I,5690201
2018-01-24,D,14814663
2018-01-24,I,5678289
2018-01-25,D,14805838
2018-01-25,I,5687585
2018-01-26,D,14807511
2018-01-26,I,5685833
2018-01-29,D,14806706
2018-01-29,I,5686401
2018-01-30,D,14802029
2018-01-30,I,5690999
2018-01-31,D,14803170
2018-01-31,I,5690560
2018-02-01,D,14836157
2018-02-01,I,5658409
2018-02-02,D,14840770
2018-02-02,I,5653716
2018-02-05,D,14835522
2018-02-05,I,5658723
2018-02-06,D,14828789
2018-02-06,I,5665376
2018-02-07,D,14828998
2018-02-07,I,5665086
2018-02-08,D,14824327
2018-02-08,I,5670311
2018-02-09,D,14981023
2018-02-09,I,5688056
2018-02-12,D,14982037
2018-02-12,I,5691879
2018-02-13,D,14982498
2018-02-13,I,5699328
2018-02-14,D,14984393
2018-02-14,I,5685213
2018-02-15,D,15018136
2018-02-15,I,5692068
2018-02-16,D,15067670
2018-02-16,I,5692488
2018-02-20,D,15068459
2018-02-20,I,5701039
2018-02-21,D,15068302
2018-02-21,I,5695172
2018-02-22,D,15110483
2018-02-22,I,5694516
2018-02-23,D,15125266
2018-02-23,I,5695599
2018-02-26,D,15126091
2018-02-26,I,5702867
2018-02-27,D,15127328
2018-02-27,I,5710861
2018-02-28,D,15150589
2018-02-28,I,5705082
2018-03-01,D,15206809
2018-03-01,I,5667627
2018-03-02,D,15207675
2018-03-02,I,5660052
2018-03-05,D,15208406
2018-03-05,I,5664351
2018-03-06,D,15208804
2018-03-06,I,5670011
2018-03-07,D,15209278
2018-03-07,I,5670590
2018-03-08,D,15282834
2018-03-08,I,5674481
2018-03-09,D,15283143
2018-03-09,I,5673894
2018-03-12,D,15284841
2018-03-12,I,5677376
2018-03-13,D,15285268
2018-03-13,I,5687542
2018-03-14,D,15285212
2018-03-14,I,5673019
2018-03-15,D,15356368
2018-03-15,I,5674699
2018-03-16,D,15357470
2018-03-16,I,5676639
2018-03-19,D,15358185
2018-03-19,I,5686238
2018-03-20,D,15358774
2018-03-20,I,5691635
2018-03-21,D,15359115
2018-03-21,I,5673570
2018-03-22,D,15389238
2018-03-22,I,5675918
2018-03-23,D,15389677
2018-03-23,I,5679234
2018-03-26,D,15390217
2018-03-26,I,5687787
2018-03-27,D,15390844
2018-03-27,I,5694165
2018-03-28,D,15391333
2018-03-28,I,5679791
2018-03-29,D,15428255
2018-03-29,I,5685322
2018-03-30,D,15428010
2018-03-30,I,5661633
2018-04-02,D,15457245
2018-04-02,I,5662183
2018-04-03,D,15458247
2018-04-03,I,5658790
2018-04-04,D,15458648
2018-04-04,I,5659533
2018-04-05,D,15456580
2018-04-05,I,5663937
2018-04-06,D,15456890
2018-04-06,I,5663438
2018-04-09,D,15457542
2018-04-09,I,5669434
2018-04-10,D,15457815
2018-04-10,I,5676976
2018-04-11,D,15457761
2018-04-11,I,5664073
2018-04-12,D,15396110
2018-04-12,I,5666373
2018-04-13,D,15396373
2018-04-13,I,5667057
2018-04-16,D,15382519
2018-04-16,I,5688447
2018-04-17,D,15382830
2018-04-17,I,5695472
2018-04-18,D,15383526
2018-04-18,I,5696300
2018-04-19,D,15341717
2018-04-19,I,5693773
2018-04-20,D,15341935
2018-04-20,I,5696754
2018-04-23,D,15341605
2018-04-23,I,5701713
2018-04-24,D,15341957
2018-04-24,I,5720437
2018-04-25,D,15343167
2018-04-25,I,5716433
2018-04-26,D,15335203
2018-04-26,I,5720295
2018-04-27,D,15335312
2018-04-27,I,5718051
2018-04-30,D,15335128
2018-04-30,I,5733072
2018-05-01,D,15333841
2018-05-01,I,5696789
2018-05-02,D,15333905
2018-05-02,I,5711424
2018-05-03,D,15331188
2018-05-03,I,5702519
2018-05-04,D,15331483
2018-05-04,I,5706480
2018-05-07,D,15332141
2018-05-07,I,5712026
2018-05-08,D,15333104
2018-05-08,I,5721662
2018-05-09,D,15333538
2018-05-09,I,5707470
2018-05-10,D,15340545
2018-05-10,I,5710277
2018-05-11,D,15340883
2018-05-11,I,5709757
2018-05-14,D,15341597
2018-05-14,I,5712736
2018-05-15,D,15365493
2018-05-15,I,5720271
2018-05-16,D,15365901
2018-05-16,I,5708072
2018-05-17,D,15372037
2018-05-17,I,5708875
2018-05-18,D,15372216
2018-05-18,I,5708441
2018-05-21,D,15372446
2018-05-21,I,5713499
2018-05-22,D,15372576
2018-05-22,I,5722071
2018-05-23,D,15372610
2018-05-23,I,5710351
2018-05-24,D,15381629
2018-05-24,I,5704894
2018-05-25,D,15397588
2018-05-25,I,5702560
2018-05-29,D,15398398
2018-05-29,I,5704683
2018-05-30,D,15398772
2018-05-30,I,5706945
2018-05-31,D,15426913
2018-05-31,I,5718302
2018-06-01,D,15424755
2018-06-01,I,5658347
2018-06-04,D,15425287
2018-06-04,I,5665502
2018-06-05,D,15425828
2018-06-05,I,5675532
2018-06-06,D,15425885
2018-06-06,I,5676467
2018-06-07,D,15419090
2018-06-07,I,5681014
2018-06-08,D,15419575
2018-06-08,I,5669545
2018-06-11,D,15420109
2018-06-11,I,5672830
2018-06-12,D,15420381
2018-06-12,I,5679109
2018-06-13,D,15420892
2018-06-13,I,5665905
2018-06-14,D,15411280
2018-06-14,I,5669521
2018-06-15,D,15452783
2018-06-15,I,5671077
2018-06-18,D,15453290
2018-06-18,I,5678262
2018-06-19,D,15453853
2018-06-19,I,5691923
2018-06-20,D,15453997
2018-06-20,I,5680214
2018-06-21,D,15450299
2018-06-21,I,5680505
2018-06-22,D,15449506
2018-06-22,I,5681095
2018-06-25,D,15449789
2018-06-25,I,5690265
2018-06-26,D,15450004
2018-06-26,I,5699676
2018-06-27,D,15449872
2018-06-27,I,5682595
2018-06-28,D,15445345
2018-06-28,I,5683655
2018-06-29,D,15466564
2018-06-29,I,5728505
2018-07-02,D,15478026
2018-07-02,I,5728244
2018-07-03,D,15479809
2018-07-03,I,5721137
2018-07-05,D,15480335
2018-07-05,I,5722438
2018-07-06,D,15480349
2018-07-06,I,5725611
2018-07-09,D,15481266
2018-07-09,I,5726852
2018-07-10,D,15481785
2018-07-10,I,5734617
2018-07-11,D,15482230
2018-07-11,I,5725571
2018-07-12,D,15483825
2018-07-12,I,5727348
2018-07-13,D,15484167
2018-07-13,I,5726583
2018-07-16,D,15512047
2018-07-16,I,5731326
2018-07-17,D,15512500
2018-07-17,I,5742914
2018-07-18,D,15512749
2018-07-18,I,5728115
2018-07-19,D,15535664
2018-07-19,I,5724334
2018-07-20,D,15535879
2018-07-20,I,5724773
2018-07-23,D,15536461
2018-07-23,I,5727347
2018-07-24,D,15536640
2018-07-24,I,5734608
2018-07-25,D,15538269
2018-07-25,I,5727196
2018-07-26,D,15565710
2018-07-26,I,5732916
2018-07-27,D,15565835
2018-07-27,I,5732695
2018-07-30,D,15566249
2018-07-30,I,5733088
2018-07-31,D,15569493
2018-07-31,I,5743568
2018-08-01,D,15566616
2018-08-01,I,5698227
2018-08-02,D,15603785
2018-08-02,I,5709496
2018-08-03,D,15603530
2018-08-03,I,5696355
2018-08-06,D,15603767
2018-08-06,I,5701629
2018-08-07,D,15603813
2018-08-07,I,5706123
2018-08-08,D,15604133
2018-08-08,I,5694478
2018-08-09,D,15645896
2018-08-09,I,5696284
2018-08-10,D,15645938
2018-08-10,I,5694368
2018-08-13,D,15647723
2018-08-13,I,5697370
2018-08-14,D,15647844
2018-08-14,I,5703726
2018-08-15,D,15673103
2018-08-15,I,5699233
2018-08-16,D,15709903
2018-08-16,I,5697296
2018-08-17,D,15709394
2018-08-17,I,5701988
2018-08-20,D,15709291
2018-08-20,I,5704306
2018-08-21,D,15709668
2018-08-21,I,5709822
2018-08-22,D,15710916
2018-08-22,I,5695853
2018-08-23,D,15729790
2018-08-23,I,5698174
2018-08-24,D,15728711
2018-08-24,I,5699205
2018-08-27,D,15728683
2018-08-27,I,5705827
2018-08-28,D,15729417
2018-08-28,I,5712362
2018-08-29,D,15729402
2018-08-29,I,5710017
2018-08-30,D,15733949
2018-08-30,I,5708518
2018-08-31,D,15785389
2018-08-31,I,5673461
2018-09-04,D,15784224
2018-09-04,I,5671125
2018-09-05,D,15784640
2018-09-05,I,5686428
2018-09-06,D,15766688
2018-09-06,I,5687902
2018-09-07,D,15766469
2018-09-07,I,5690014
2018-09-10,D,15766124
2018-09-10,I,5693666
2018-09-11,D,15765920
2018-09-11,I,5700320
2018-09-12,D,15764644
2018-09-12,I,5686134
2018-09-13,D,15743158
2018-09-13,I,5689384
2018-09-14,D,15743000
2018-09-14,I,5689243
2018-09-17,D,15791990
2018-09-17,I,5698896
2018-09-18,D,15793118
2018-09-18,I,5706053
2018-09-19,D,15793044
2018-09-19,I,5701255
2018-09-20,D,15760417
2018-09-20,I,5707051
2018-09-21,D,15761069
2018-09-21,I,5705667
2018-09-24,D,15761156
2018-09-24,I,5714363
2018-09-25,D,15761484
2018-09-25,I,5721291
2018-09-26,D,15761091
2018-09-26,I,5709968
2018-09-27,D,15732905
2018-09-27,I,5698982
2018-09-28,D,15761155
2018-09-28,I,5754904
2018-10-01,D,15771323
2018-10-01,I,5835625
2018-10-02,D,15771880
2018-10-02,I,5846932
2018-10-03,D,15771616
2018-10-03,I,5833747
2018-10-04,D,15757097
2018-10-04,I,5842280
2018-10-05,D,15756717
2018-10-05,I,5842576
2018-10-09,D,15756517
2018-10-09,I,5845769
2018-10-10,D,15757049
2018-10-10,I,5837389
2018-10-11,D,15758218
2018-10-11,I,5831796
2018-10-12,D,15758681
2018-10-12,I,5839261
2018-10-15,D,15808043
2018-10-15,I,5846108
2018-10-16,D,15808170
2018-10-16,I,5853548
2018-10-17,D,15809609
2018-10-17,I,5844184
2018-10-18,D,15825100
2018-10-18,I,5847354
2018-10-19,D,15825176
2018-10-19,I,5846300
2018-10-22,D,15824963
2018-10-22,I,5849720
2018-10-23,D,15825729
2018-10-23,I,5856718
2018-10-24,D,15826071
2018-10-24,I,5844991
2018-10-25,D,15845223
2018-10-25,I,5850527
2018-10-26,D,15845407
2018-10-26,I,5849500
2018-10-29,D,15846152
2018-10-29,I,5851350
2018-10-30,D,15846672
2018-10-30,I,5853310
2018-10-31,D,15843329
2018-10-31,I,5859040
2018-11-01,D,15863692
2018-11-01,I,5820280
2018-11-02,D,15864356
2018-11-02,I,5812253
2018-11-05,D,15864379
2018-11-05,I,5817996
2018-11-06,D,15865072
2018-11-06,I,5826173
2018-11-07,D,15864852
2018-11-07,I,5825589
2018-11-08,D,15901257
2018-11-08,I,5832168
2018-11-09,D,15901216
2018-11-09,I,5831354
2018-11-13,D,15901578
2018-11-13,I,5832624
2018-11-14,D,15901857
2018-11-14,I,5823856
2018-11-15,D,15941678
2018-11-15,I,5822138
2018-11-16,D,15941837
2018-11-16,I,5824525
2018-11-19,D,15940719
2018-11-19,I,5831436
2018-11-20,D,15941577
2018-11-20,I,5841125
2018-11-21,D,15941660
2018-11-21,I,5827604
2018-11-23,D,15966784
2018-11-23,I,5836055
2018-11-26,D,15968042
2018-11-26,I,5843354
2018-11-27,D,15968150
2018-11-27,I,5848226
2018-11-28,D,15968009
2018-11-28,I,5833915
2018-11-29,D,15985402
2018-11-29,I,5832702
2018-11-30,D,16044318
2018-11-30,I,5805776
2018-12-03,D,16041955
2018-12-03,I,5782143
2018-12-04,D,16041646
2018-12-04,I,5795042
2018-12-05,D,16041798
2018-12-05,I,5797248
2018-12-06,D,16052955
2018-12-06,I,5798564
2018-12-07,D,16053050
2018-12-07,I,5797795
2018-12-10,D,16053118
2018-12-10,I,5801178
2018-12-11,D,16048689
2018-12-11,I,5801055
2018-12-12,D,16048946
2018-12-12,I,5787710
2018-12-13,D,16033638
2018-12-13,I,5789457
2018-12-14,D,16033761
2018-12-14,I,5787176
2018-12-17,D,16086439
2018-12-17,I,5790236
2018-12-18,D,16082126
2018-12-18,I,5803375
2018-12-19,D,16082361
2018-12-19,I,5790833
2018-12-20,D,16068046
2018-12-20,I,5795589
2018-12-21,D,16068449
2018-12-21,I,5800495
2018-12-24,D,16069487
2018-12-24,I,5793054
2018-12-26,D,16064377
2018-12-26,I,5796939
2018-12-27,D,16050098
2018-12-27,I,5795231
2018-12-28,D,16068571
2018-12-28,I,5798751
2018-12-31,D,16101667
2018-12-31,I,5872429
2019-01-02,D,16099394
2019-01-02,I,5844503
2019-01-03,D,16089742
2019-01-03,I,5839516
2019-01-04,D,16089616
2019-01-04,I,5842350
2019-01-07,D,16089279
2019-01-07,I,5846200
2019-01-08,D,16089594
2019-01-08,I,5851843
2019-01-09,D,16090155
2019-01-09,I,5840039
2019-01-10,D,16075112
2019-01-10,I,5842492
2019-01-11,D,16074863
2019-01-11,I,5842296
2019-01-14,D,16074287
2019-01-14,I,5845707
2019-01-15,D,16108759
2019-01-15,I,5861211
2019-01-16,D,16109323
2019-01-16,I,5851088
2019-01-17,D,16094255
2019-01-17,I,5860517
2019-01-18,D,16094082
2019-01-18,I,5860817
2019-01-22,D,16093083
2019-01-22,I,5860077
2019-01-23,D,16093085
2019-01-23,I,5854710
2019-01-24,D,16084129
2019-01-24,I,5857130
2019-01-25,D,16084126
2019-01-25,I,5866124
2019-01-28,D,16083264
2019-01-28,I,5871811
2019-01-29,D,16093235
2019-01-29,I,5880096
2019-01-30,D,16093082
2019-01-30,I,5875076
2019-01-31,D,16101227
2019-01-31,I,5881196
2019-02-01,D,16099196
2019-02-01,I,5822435
2019-02-04,D,16098402
2019-02-04,I,5835089
2019-02-05,D,16113412
2019-02-05,I,5843884
2019-02-06,D,16113385
2019-02-06,I,5844176
2019-02-07,D,16107965
2019-02-07,I,5847097
2019-02-08,D,16107884
2019-02-08,I,5849823
2019-02-11,D,16157240
2019-02-11,I,5855601
2019-02-12,D,16172214
2019-02-12,I,5863554
2019-02-13,D,16171729
2019-02-13,I,5848384
2019-02-14,D,16165844
2019-02-14,I,5849765
2019-02-15,D,16171035
2019-02-15,I,5854513
2019-02-19,D,16185653
2019-02-19,I,5855014
2019-02-20,D,16186327
2019-02-20,I,5853437
2019-02-21,D,16183759
2019-02-21,I,5855531
2019-02-22,D,16201577
2019-02-22,I,5861980
2019-02-25,D,16200951
2019-02-25,I,5866145
2019-02-26,D,16212364
2019-02-26,I,5877596
2019-02-27,D,16211945
2019-02-27,I,5862373
2019-02-28,D,16250898
2019-02-28,I,5864628
2019-03-01,D,16221749
2019-03-01,I,5807197
2019-03-04,D,16222052
2019-03-04,I,5806395
2019-03-05,D,16222452
2019-03-05,I,5806073
2019-03-06,D,16222051
2019-03-06,I,5806307
2019-03-07,D,16220221
2019-03-07,I,5808831
2019-03-08,D,16219553
2019-03-08,I,5809328
2019-03-11,D,16215317
2019-03-11,I,5813055
2019-03-12,D,16203832
2019-03-12,I,5824612
2019-03-13,D,16219379
2019-03-13,I,5808894
2019-03-14,D,16217120
2019-03-14,I,5811758
2019-03-15,D,16218563
2019-03-15,I,5810143
2019-03-18,D,16213854
2019-03-18,I,5814337
2019-03-19,D,16201739
2019-03-19,I,5826524
2019-03-20,D,16216194
2019-03-20,I,5811896
2019-03-21,D,16212164
2019-03-21,I,5816529
2019-03-22,D,16211811
2019-03-22,I,5816708
2019-03-25,D,16198799
2019-03-25,I,5829200
2019-03-26,D,16192697
2019-03-26,I,5835375
2019-03-27,D,16208783
2019-03-27,I,5819115
2019-03-28,D,16241177
2019-03-28,I,5787936
2019-03-29,D,16204392
2019-03-29,I,5823488
2019-04-01,D,16230093
2019-04-01,I,5797612
2019-04-02,D,16216252
2019-04-02,I,5811502
2019-04-03,D,16228710
2019-04-03,I,5798869
2019-04-04,D,16225464
2019-04-04,I,5802684
2019-04-05,D,16224242
2019-04-05,I,5803731
2019-04-08,D,16217448
2019-04-08,I,5810001
2019-04-09,D,16209946
2019-04-09,I,5817551
2019-04-10,D,16224285
2019-04-10,I,5803038
2019-04-11,D,16220451
2019-04-11,I,5807386
2019-04-12,D,16219233
2019-04-12,I,5808432
2019-04-15,D,16198885
2019-04-15,I,5828264
2019-04-16,D,16187885
2019-04-16,I,5839313
2019-04-17,D,16194645
2019-04-17,I,5832382
2019-04-18,D,16187505
2019-04-18,I,5840038
2019-04-19,D,16185900
2019-04-19,I,5841474
2019-04-22,D,16179172
2019-04-22,I,5847694
2019-04-23,D,16164506
2019-04-23,I,5862413
2019-04-24,D,16169442
2019-04-24,I,5857308
2019-04-25,D,16168872
2019-04-25,I,5859023
2019-04-26,D,16168424
2019-04-26,I,5859301
2019-04-29,D,16167603
2019-04-29,I,5859617
2019-04-30,D,16192789
2019-04-30,I,5834879
2019-05-01,D,16200427
2019-05-01,I,5827073
2019-05-02,D,16184529
2019-05-02,I,5843473
2019-05-03,D,16197140
2019-05-03,I,5830694
2019-05-06,D,16187343
2019-05-06,I,5839988
2019-05-07,D,16179686
2019-05-07,I,5847748
2019-05-08,D,16192136
2019-05-08,I,5835129
2019-05-09,D,16189383
2019-05-09,I,5838380
2019-05-10,D,16190148
2019-05-10,I,5837447
2019-05-13,D,16186329
2019-05-13,I,5840759
2019-05-14,D,16180903
2019-05-14,I,5846240
2019-05-15,D,16194203
2019-05-15,I,5832771
2019-05-16,D,16190630
2019-05-16,I,5836837
2019-05-17,D,16187191
2019-05-17,I,5840107
2019-05-20,D,16183132
2019-05-20,I,5843662
2019-05-21,D,16175714
2019-05-21,I,5851133
2019-05-22,D,16190382
2019-05-22,I,5836297
2019-05-23,D,16193863
2019-05-23,I,5833886
2019-05-24,D,16189012
2019-05-24,I,5838570
2019-05-28,D,16187509
2019-05-28,I,5839614
2019-05-29,D,16181758
2019-05-29,I,5845198
2019-05-30,D,16167857
2019-05-30,I,5859567
2019-05-31,D,16202283
2019-05-31,I,5824141
2019-06-03,D,16221747
2019-06-03,I,5804180
2019-06-04,D,16207391
2019-06-04,I,5818570
2019-06-05,D,16202013
2019-06-05,I,5823784
2019-06-06,D,16197470
2019-06-06,I,5828781
2019-06-07,D,16197829
2019-06-07,I,5828259
2019-06-10,D,16183754
2019-06-10,I,5841843
2019-06-11,D,16176744
2019-06-11,I,5848886
2019-06-12,D,16190249
2019-06-12,I,5835218
2019-06-13,D,16187557
2019-06-13,I,5838341
2019-06-14,D,16190456
2019-06-14,I,5835281
2019-06-17,D,16180966
2019-06-17,I,5844291
2019-06-18,D,16160487
2019-06-18,I,5864799
2019-06-19,D,16173316
2019-06-19,I,5851811
2019-06-20,D,16168932
2019-06-20,I,5857143
2019-06-21,D,16167072
2019-06-21,I,5858844
2019-06-24,D,16157311
2019-06-24,I,5868134
2019-06-25,D,16149758
2019-06-25,I,5875710
2019-06-26,D,16161696
2019-06-26,I,5863616
2019-06-27,D,16161669
2019-06-27,I,5864045
2019-06-28,D,16188422
2019-06-28,I,5834861
2019-07-01,D,16214109
2019-07-01,I,5809018
2019-07-02,D,16200813
2019-07-02,I,5822342
2019-07-03,D,16215943
2019-07-03,I,5807057
2019-07-05,D,16212103
2019-07-05,I,5811149
2019-07-08,D,16210039
2019-07-08,I,5812754
2019-07-09,D,16202452
2019-07-09,I,5820374
2019-07-10,D,16219942
2019-07-10,I,5802730
2019-07-11,D,16217448
2019-07-11,I,5805650
2019-07-12,D,16217850
2019-07-12,I,5805096
2019-07-15,D,16212102
2019-07-15,I,5810387
2019-07-16,D,16204897
2019-07-16,I,5817614
2019-07-17,D,16215855
2019-07-17,I,5806504
2019-07-18,D,16215671
2019-07-18,I,5807598
2019-07-19,D,16214946
2019-07-19,I,5808174
2019-07-22,D,16211001
2019-07-22,I,5811668
2019-07-23,D,16203883
2019-07-23,I,5818809
2019-07-24,D,16216591
2019-07-24,I,5805951
2019-07-25,D,16217520
2019-07-25,I,5805424
2019-07-26,D,16219772
2019-07-26,I,5803024
2019-07-29,D,16216570
2019-07-29,I,5805781
2019-07-30,D,16213519
2019-07-30,I,5808858
2019-07-31,D,16211185
2019-07-31,I,5811184
2019-08-01,D,16246630
2019-08-01,I,5776150
2019-08-02,D,16440632
2019-08-02,I,5873669
2019-08-05,D,16442053
2019-08-05,I,5878932
2019-08-06,D,16437555
2019-08-06,I,5884859
2019-08-07,D,16437000
2019-08-07,I,5884542
2019-08-08,D,16437454
2019-08-08,I,5890435
2019-08-09,D,16437181
2019-08-09,I,5889326
2019-08-12,D,16437390
2019-08-12,I,5893944
2019-08-13,D,16457659
2019-08-13,I,5901671
2019-08-14,D,16457201
2019-08-14,I,5884939
2019-08-15,D,16491484
2019-08-15,I,5893903
2019-08-16,D,16491442
2019-08-16,I,5898118
2019-08-19,D,16491490
2019-08-19,I,5904855
2019-08-20,D,16516851
2019-08-20,I,5911151
2019-08-21,D,16517891
2019-08-21,I,5896707
2019-08-22,D,16531723
2019-08-22,I,5898929
2019-08-23,D,16531958
2019-08-23,I,5898850
2019-08-26,D,16532087
2019-08-26,I,5908696
2019-08-27,D,16557144
2019-08-27,I,5915217
2019-08-28,D,16557511
2019-08-28,I,5899322
2019-08-29,D,16570397
2019-08-29,I,5897398
2019-08-30,D,16596816
2019-08-30,I,5863651
2019-09-03,D,16660284
2019-09-03,I,5838745
2019-09-04,D,16660541
2019-09-04,I,5856757
2019-09-05,D,16673310
2019-09-05,I,5858508
2019-09-06,D,16673415
2019-09-06,I,5859343
2019-09-09,D,16673860
2019-09-09,I,5863564
2019-09-10,D,16684840
2019-09-10,I,5873301
2019-09-11,D,16684921
2019-09-11,I,5854585
2019-09-12,D,16700409
2019-09-12,I,5857372
2019-09-13,D,16700775
2019-09-13,I,5856797
2019-09-16,D,16720462
2019-09-16,I,5865819
2019-09-17,D,16722769
2019-09-17,I,5880174
2019-09-18,D,16723191
2019-09-18,I,5866973
2019-09-19,D,16736458
2019-09-19,I,5873739
2019-09-20,D,16736742
2019-09-20,I,5868891
2019-09-23,D,16737257
2019-09-23,I,5873197
2019-09-24,D,16733330
2019-09-24,I,5889441
2019-09-25,D,16733464
2019-09-25,I,5873965
2019-09-26,D,16746339
2019-09-26,I,5863618
2019-09-27,D,16764390
2019-09-27,I,5858294
2019-09-30,D,16809092
2019-09-30,I,5910309
2019-10-01,D,16803227
2019-10-01,I,5995252
2019-10-02,D,16804268
2019-10-02,I,6023267
2019-10-03,D,16818109
2019-10-03,I,6011346
2019-10-04,D,16817670
2019-10-04,I,6016760
2019-10-07,D,16817662
2019-10-07,I,6019243
2019-10-08,D,16808700
2019-10-08,I,6030653
2019-10-09,D,16808686
2019-10-09,I,6015173
2019-10-10,D,16825549
2019-10-10,I,6017200
2019-10-11,D,16825473
2019-10-11,I,6018145
2019-10-15,D,16875490
2019-10-15,I,6027399
2019-10-16,D,16876992
2019-10-16,I,6020821
2019-10-17,D,16893172
2019-10-17,I,6025623
2019-10-18,D,16893139
2019-10-18,I,6025754
2019-10-21,D,16892962
2019-10-21,I,6029493
2019-10-22,D,16903297
2019-10-22,I,6037642
2019-10-23,D,16904659
2019-10-23,I,6021943
2019-10-24,D,16919309
2019-10-24,I,6023851
2019-10-25,D,16919261
2019-10-25,I,6029651
2019-10-28,D,16919472
2019-10-28,I,6031066
2019-10-29,D,16930794
2019-10-29,I,6035526
2019-10-30,D,16931770
2019-10-30,I,6031456
2019-10-31,D,16981311
2019-10-31,I,6027099
2019-11-01,D,16979126
2019-11-01,I,5974098
2019-11-04,D,16979203
2019-11-04,I,5986505
2019-11-05,D,16990131
2019-11-05,I,5995884
2019-11-06,D,16990346
2019-11-06,I,5995488
2019-11-07,D,17004656
2019-11-07,I,5999366
2019-11-08,D,17004584
2019-11-08,I,6001752
2019-11-12,D,17009767
2019-11-12,I,6005323
2019-11-13,D,17009936
2019-11-13,I,5994922
2019-11-14,D,17022143
2019-11-14,I,5994520
2019-11-15,D,17045105
2019-11-15,I,5998577
2019-11-18,D,17045852
2019-11-18,I,6004929
2019-11-19,D,17048355
2019-11-19,I,6017821
2019-11-20,D,17050292
2019-11-20,I,6003128
2019-11-21,D,17059143
2019-11-21,I,5992105
2019-11-22,D,17059821
2019-11-22,I,6012022
2019-11-25,D,17060306
2019-11-25,I,6012424
2019-11-26,D,17071257
2019-11-26,I,6021933
2019-11-27,D,17072351
2019-11-27,I,6003714
2019-11-29,D,17105421
2019-11-29,I,5970778
2019-12-02,D,17133902
2019-12-02,I,5971073
2019-12-03,D,17122442
2019-12-03,I,5965828
2019-12-04,D,17123729
2019-12-04,I,5966185
2019-12-05,D,17122609
2019-12-05,I,5968526
2019-12-06,D,17123207
2019-12-06,I,5966843
2019-12-09,D,17123397
2019-12-09,I,5973586
2019-12-10,D,17104590
2019-12-10,I,5978502
2019-12-11,D,17105931
2019-12-11,I,5963470
2019-12-12,D,17088777
2019-12-12,I,5964943
2019-12-13,D,17088790
2019-12-13,I,5961652
2019-12-16,D,17141625
2019-12-16,I,5966558
2019-12-17,D,17130346
2019-12-17,I,5981119
2019-12-18,D,17132698
2019-12-18,I,5966856
2019-12-19,D,17131574
2019-12-19,I,5956009
2019-12-20,D,17131414
2019-12-20,I,5955271
2019-12-23,D,17132275
2019-12-23,I,5981905
2019-12-24,D,17116045
2019-12-24,I,5963938
2019-12-26,D,17114922
2019-12-26,I,5972401
2019-12-27,D,17133180
2019-12-27,I,5974590
2019-12-30,D,17133688
2019-12-30,I,5975140
2019-12-31,D,17170442
2019-12-31,I,6030938
2020-01-02,D,17162410
2020-01-02,I,6009589
2020-01-03,D,17163322
2020-01-03,I,6007124
2020-01-06,D,17164653
2020-01-06,I,6012491
2020-01-07,D,17156739
2020-01-07,I,6020202
2020-01-08,D,17157849
2020-01-08,I,6004904
2020-01-09,D,17156951
2020-01-09,I,6010945
2020-01-10,D,17156730
2020-01-10,I,6010421
2020-01-13,D,17156747
2020-01-13,I,6013066
2020-01-14,D,17147213
2020-01-14,I,6021793
2020-01-15,D,17178182
2020-01-15,I,6015912
2020-01-16,D,17181121
2020-01-16,I,6023211
2020-01-17,D,17181335
2020-01-17,I,6029890
2020-01-21,D,17177049
2020-01-21,I,6033365
2020-01-22,D,17176915
2020-01-22,I,6028303
2020-01-23,D,17176162
2020-01-23,I,6030444
2020-01-24,D,17176424
2020-01-24,I,6033276
2020-01-27,D,17176269
2020-01-27,I,6046084
2020-01-28,D,17188354
2020-01-28,I,6055571
2020-01-29,D,17188840
2020-01-29,I,6056247
2020-01-30,D,17194273
2020-01-30,I,6057290
2020-01-31,D,17212635
2020-01-31,I,6011178
2020-02-03,D,17210561
2020-02-03,I,5995320
2020-02-04,D,17231339
2020-02-04,I,6014336
2020-02-05,D,17231852
2020-02-05,I,6014663
2020-02-06,D,17233617
2020-02-06,I,6019301
2020-02-07,D,17233861
2020-02-07,I,6017169
2020-02-10,D,17233671
2020-02-10,I,6022685
2020-02-11,D,17259765
2020-02-11,I,6030569
2020-02-12,D,17259686
2020-02-12,I,6014413
2020-02-13,D,17288291
2020-02-13,I,6017006
2020-02-14,D,17288288
2020-02-14,I,6016523
2020-02-18,D,17325065
2020-02-18,I,6025950
2020-02-19,D,17325696
2020-02-19,I,6027523
2020-02-20,D,17364594
2020-02-20,I,6028000
2020-02-21,D,17365453
2020-02-21,I,6032577
2020-02-24,D,17365322
2020-02-24,I,6040988
2020-02-25,D,17389167
2020-02-25,I,6049648
2020-02-26,D,17389166
2020-02-26,I,6037414
2020-02-27,D,17387810
2020-02-27,I,6034877
2020-02-28,D,17413050
2020-02-28,I,5996909
2020-03-02,D,17445650
2020-03-02,I,5995196
2020-03-03,D,17458614
2020-03-03,I,5996203
2020-03-04,D,17463942
2020-03-04,I,5996661
2020-03-05,D,17469371
2020-03-05,I,5999789
2020-03-06,D,17470002
2020-03-06,I,5998666
2020-03-09,D,17470244
2020-03-09,I,6003295
2020-03-10,D,17484258
2020-03-10,I,6014439
2020-03-11,D,17484870
2020-03-11,I,5998176
2020-03-12,D,17438473
2020-03-12,I,6001450
2020-03-13,D,17441349
2020-03-13,I,6001049
2020-03-16,D,17495252
2020-03-16,I,6005507
2020-03-17,D,17506100
2020-03-17,I,6021994
2020-03-18,D,17506639
2020-03-18,I,6006952
2020-03-19,D,17505933
2020-03-19,I,6009728
2020-03-20,D,17506353
2020-03-20,I,6008182
2020-03-23,D,17507401
2020-03-23,I,6010454
2020-03-24,D,17530593
2020-03-24,I,6020993
2020-03-25,D,17530772
2020-03-25,I,6011751
2020-03-26,D,17535603
2020-03-26,I,5979199
2020-03-27,D,17553232
2020-03-27,I,5981808
2020-03-30,D,17554731
2020-03-30,I,6010325
2020-03-31,D,17674771
2020-03-31,I,6012100
2020-04-01,D,17719078
2020-04-01,I,5983183
2020-04-02,D,17834239
2020-04-02,I,5999589
2020-04-03,D,17918595
2020-04-03,I,5989735
2020-04-06,D,17919267
2020-04-06,I,5997946
2020-04-07,D,18004963
2020-04-07,I,6006560
2020-04-08,D,18110327
2020-04-08,I,6001505
2020-04-09,D,18230731
2020-04-09,I,5990940
2020-04-10,D,18230748
2020-04-10,I,5980328
2020-04-13,D,18230751
2020-04-13,I,5962340
2020-04-14,D,18338501
2020-04-14,I,5963278
2020-04-15,D,18441034
2020-04-15,I,5942892
2020-04-16,D,18524301
2020-04-16,I,5940990
2020-04-17,D,18523734
2020-04-17,I,5934200
2020-04-20,D,18523661
2020-04-20,I,5937214
2020-04-21,D,18621943
2020-04-21,I,5944905
2020-04-22,D,18686805
2020-04-22,I,5922538
2020-04-23,D,18777829
2020-04-23,I,5927326
2020-04-24,D,18778402
2020-04-24,I,5932227
2020-04-27,D,18778813
2020-04-27,I,5933492
2020-04-28,D,18869904
2020-04-28,I,5932534
2020-04-29,D,18926928
2020-04-29,I,5927151
2020-04-30,D,19053619
2020-04-30,I,5920553
2020-05-01,D,19053597
2020-05-01,I,5867729
2020-05-04,D,19053016
2020-05-04,I,5895968
2020-05-05,D,19148573
2020-05-05,I,5909351
2020-05-06,D,19148594
2020-05-06,I,5909935
2020-05-07,D,19218562
2020-05-07,I,5923838
2020-05-08,D,19219017
2020-05-08,I,5934089
2020-05-11,D,19218864
2020-05-11,I,5937836
2020-05-12,D,19260331
2020-05-12,I,5944102
2020-05-13,D,19261307
2020-05-13,I,5927450
2020-05-14,D,19340395
2020-05-14,I,5927170
2020-05-15,D,19377052
2020-05-15,I,5928559
2020-05-18,D,19376512
2020-05-18,I,5934894
2020-05-19,D,19427688
2020-05-19,I,5949603
2020-05-20,D,19429375
2020-05-20,I,5931635
2020-05-21,D,19528470
2020-05-21,I,5938294
2020-05-22,D,19568919
2020-05-22,I,5944403
2020-05-26,D,19658296
2020-05-26,I,5945673
2020-05-27,D,19658553
2020-05-27,I,5924584
2020-05-28,D,19765841
2020-05-28,I,5917831
2020-05-29,D,19812769
2020-05-29,I,5933491
2020-06-01,D,19868880
2020-06-01,I,5882590
2020-06-02,D,19948718
2020-06-02,I,5892876
2020-06-03,D,19948603
2020-06-03,I,5881526
2020-06-04,D,20031546
2020-06-04,I,5888539
2020-06-05,D,20031294
2020-06-05,I,5888420
2020-06-08,D,20061738
2020-06-08,I,5898810
2020-06-09,D,20096761
2020-06-09,I,5906990
2020-06-10,D,20096329
2020-06-10,I,5890600
2020-06-11,D,20165904
2020-06-11,I,5896763
2020-06-12,D,20166569
2020-06-12,I,5895846
2020-06-15,D,20230458
2020-06-15,I,5900837
2020-06-16,D,20241260
2020-06-16,I,5912352
2020-06-17,D,20241117
2020-06-17,I,5903366
2020-06-18,D,20327931
2020-06-18,I,5905741
2020-06-19,D,20336113
2020-06-19,I,5904630
2020-06-22,D,20335130
2020-06-22,I,5908713
2020-06-23,D,20340264
2020-06-23,I,5911470
2020-06-24,D,20340848
2020-06-24,I,5896966
2020-06-25,D,20408678
2020-06-25,I,5892524
2020-06-26,D,20428175
2020-06-26,I,5888716
2020-06-29,D,20427662
2020-06-29,I,5896966
2020-06-30,D,20530278
2020-06-30,I,5946963
2020-07-01,D,20524314
2020-07-01,I,5904653
2020-07-02,D,20559461
2020-07-02,I,5897619
2020-07-03,D,20559307
2020-07-03,I,5888615
2020-07-06,D,20558806
2020-07-06,I,5901550
2020-07-07,D,20554746
2020-07-07,I,5906088
2020-07-08,D,20556763
2020-07-08,I,5889984
2020-07-09,D,20583806
2020-07-09,I,5904003
2020-07-10,D,20583644
2020-07-10,I,5901443
2020-07-13,D,20583462
2020-07-13,I,5904639
2020-07-14,D,20539873
2020-07-14,I,5909778
2020-07-15,D,20574381
2020-07-15,I,5911092
2020-07-16,D,20611921
2020-07-16,I,5917339
2020-07-17,D,20612220
2020-07-17,I,5920146
2020-07-20,D,20612266
2020-07-20,I,5921855
2020-07-21,D,20568775
2020-07-21,I,5937090
2020-07-22,D,20571201
2020-07-22,I,5920570
2020-07-23,D,20614085
2020-07-23,I,5924790
2020-07-24,D,20613985
2020-07-24,I,5922808
2020-07-27,D,20613829
2020-07-27,I,5932855
2020-07-28,D,20584110
2020-07-28,I,5937439
2020-07-29,D,20584415
2020-07-29,I,5935990
2020-07-30,D,20571972
2020-07-30,I,5933343
2020-07-31,D,20634400
2020-07-31,I,5890554
2020-08-03,D,20631639
2020-08-03,I,5879516
2020-08-04,D,20607116
2020-08-04,I,5896121
2020-08-05,D,20608721
2020-08-05,I,5895579
2020-08-06,D,20601228
2020-08-06,I,5897104
2020-08-07,D,20601431
2020-08-07,I,5897003
2020-08-10,D,20602396
2020-08-10,I,5903092
2020-08-11,D,20593556
2020-08-11,I,5909594
2020-08-12,D,20595620
2020-08-12,I,5893184
2020-08-13,D,20614305
2020-08-13,I,5895392
2020-08-14,D,20614743
2020-08-14,I,5893997
2020-08-17,D,20675782
2020-08-17,I,5904062
2020-08-18,D,20677341
2020-08-18,I,5917661
2020-08-19,D,20677830
2020-08-19,I,5900297
2020-08-20,D,20686048
2020-08-20,I,5909553
2020-08-21,D,20686347
2020-08-21,I,5910665
2020-08-24,D,20687039
2020-08-24,I,5913065
2020-08-25,D,20698891
2020-08-25,I,5927397
2020-08-26,D,20699216
2020-08-26,I,5909810
2020-08-27,D,20706040
2020-08-27,I,5909613
2020-08-28,D,20728399
2020-08-28,I,5908514
2020-08-31,D,20822038
2020-08-31,I,5906797
2020-09-01,D,20831829
2020-09-01,I,5871122
2020-09-02,D,20832904
2020-09-02,I,5878584
2020-09-03,D,20842648
2020-09-03,I,5880027
2020-09-04,D,20843497
2020-09-04,I,5879813
2020-09-08,D,20814037
2020-09-08,I,5885336
2020-09-09,D,20818231
2020-09-09,I,5878992
2020-09-10,D,20833992
2020-09-10,I,5875557
2020-09-11,D,20834490
2020-09-11,I,5876389
2020-09-14,D,20835331
2020-09-14,I,5879745
2020-09-15,D,20899183
2020-09-15,I,5891321
2020-09-16,D,20901067
2020-09-16,I,5880471
2020-09-17,D,20902737
2020-09-17,I,5887708
2020-09-18,D,20903124
2020-09-18,I,5887264
2020-09-21,D,20903519
2020-09-21,I,5891149
2020-09-22,D,20890404
2020-09-22,I,5900582
2020-09-23,D,20890466
2020-09-23,I,5887336
2020-09-24,D,20891109
2020-09-24,I,5895023
2020-09-25,D,20913614
2020-09-25,I,5897284
2020-09-28,D,20912956
2020-09-28,I,5898454
2020-09-29,D,20903723
2020-09-29,I,5886686
2020-09-30,D,21018952
2020-09-30,I,5926439
2020-10-01,D,21015326
2020-10-01,I,6011596
2020-10-02,D,21015385
2020-10-02,I,6029306
2020-10-05,D,21016404
2020-10-05,I,6034732
2020-10-06,D,21008381
2020-10-06,I,6043809
2020-10-07,D,21010466
2020-10-07,I,6042530
2020-10-08,D,21025422
2020-10-08,I,6047685
2020-10-09,D,21025048
2020-10-09,I,6047633
2020-10-13,D,21016870
2020-10-13,I,6050200
2020-10-14,D,21017955
2020-10-14,I,6039907
2020-10-15,D,21097401
2020-10-15,I,6046264
2020-10-16,D,21097612
2020-10-16,I,6050717
2020-10-19,D,21097983
2020-10-19,I,6059731
2020-10-20,D,21089258
2020-10-20,I,6066053
2020-10-21,D,21090454
2020-10-21,I,6050310
2020-10-22,D,21084374
2020-10-22,I,6066461
2020-10-23,D,21083992
2020-10-23,I,6079493
2020-10-26,D,21083127
2020-10-26,I,6096871
2020-10-27,D,21074341
2020-10-27,I,6101526
2020-10-28,D,21076243
2020-10-28,I,6091196
2020-10-29,D,21079776
2020-10-29,I,6089722
2020-10-30,D,21096956
2020-10-30,I,6038521
2020-11-02,D,21166249
2020-11-02,I,6037135
2020-11-03,D,21158510
2020-11-03,I,6038065
2020-11-04,D,21158958
2020-11-04,I,6038011
2020-11-05,D,21172492
2020-11-05,I,6044493
2020-11-06,D,21172132
2020-11-06,I,6042361
2020-11-09,D,21173686
2020-11-09,I,6046213
2020-11-10,D,21163145
2020-11-10,I,6034591
2020-11-12,D,21157166
2020-11-12,I,6033011
2020-11-13,D,21157220
2020-11-13,I,6034566
2020-11-16,D,21217655
2020-11-16,I,6040044
2020-11-17,D,21209228
2020-11-17,I,6052763
2020-11-18,D,21209703
2020-11-18,I,6036896
2020-11-19,D,21207842
2020-11-19,I,6040221
2020-11-20,D,21207839
2020-11-20,I,6039339
2020-11-23,D,21208013
2020-11-23,I,6046403
2020-11-24,D,21198287
2020-11-24,I,6071729
2020-11-25,D,21197640
2020-11-25,I,6056550
2020-11-27,D,21218612
2020-11-27,I,6057004
2020-11-30,D,21349472
2020-11-30,I,6096817
2020-12-01,D,21342193
2020-12-01,I,6063883
2020-12-02,D,21341926
2020-12-02,I,6070387
2020-12-03,D,21356282
2020-12-03,I,6057825
2020-12-04,D,21355693
2020-12-04,I,6058423
2020-12-07,D,21354702
2020-12-07,I,6060042
2020-12-08,D,21354421
2020-12-08,I,6068352
2020-12-09,D,21354173
2020-12-09,I,6050903
2020-12-10,D,21351416
2020-12-10,I,6034408
2020-12-11,D,21351136
2020-12-11,I,6034286
2020-12-14,D,21350932
2020-12-14,I,6039725
2020-12-15,D,21448041
2020-12-15,I,6064721
2020-12-16,D,21447891
2020-12-16,I,6052617
2020-12-17,D,21446462
2020-12-17,I,6060427
2020-12-18,D,21446525
2020-12-18,I,6044941
2020-12-21,D,21447615
2020-12-21,I,6065292
2020-12-22,D,21447826
2020-12-22,I,6074490
2020-12-23,D,21448157
2020-12-23,I,6068570
2020-12-24,D,21445028
2020-12-24,I,6070482
2020-12-28,D,21468929
2020-12-28,I,6073610
2020-12-29,D,21468461
2020-12-29,I,6082370
2020-12-30,D,21468469
2020-12-30,I,6092040
2020-12-31,D,21632419
2020-12-31,I,6115379
2021-01-04,D,21593321
2021-01-04,I,6084954
2021-01-05,D,21593997
2021-01-05,I,6104160
2021-01-06,D,21595719
2021-01-06,I,6103267
2021-01-07,D,21578760
2021-01-07,I,6104491
2021-01-08,D,21578440
2021-01-08,I,6104607
2021-01-11,D,21578170
2021-01-11,I,6110078
2021-01-12,D,21578918
2021-01-12,I,6117873
2021-01-13,D,21578677
2021-01-13,I,6100723
2021-01-14,D,21578746
2021-01-14,I,6103482
2021-01-15,D,21636517
2021-01-15,I,6110288
2021-01-19,D,21636377
2021-01-19,I,6116459
2021-01-20,D,21636824
2021-01-20,I,6115072
2021-01-21,D,21637683
2021-01-21,I,6118667
2021-01-22,D,21637423
2021-01-22,I,6122213
2021-01-25,D,21637228
2021-01-25,I,6135124
2021-01-26,D,21637252
2021-01-26,I,6144495
2021-01-27,D,21637006
2021-01-27,I,6131465
2021-01-28,D,21629077
2021-01-28,I,6130829
2021-01-29,D,21643915
2021-01-29,I,6140638
2021-02-01,D,21749185
2021-02-01,I,6079965
2021-02-02,D,21749769
2021-02-02,I,6115461
2021-02-03,D,21749199
2021-02-03,I,6101852
2021-02-04,D,21749849
2021-02-04,I,6105246
2021-02-05,D,21749422
2021-02-05,I,6103372
2021-02-08,D,21748984
2021-02-08,I,6107087
2021-02-09,D,21750064
2021-02-09,I,6115082
2021-02-10,D,21749874
2021-02-10,I,6096771
2021-02-11,D,21750216
2021-02-11,I,6097249
2021-02-12,D,21750135
2021-02-12,I,6101199
2021-02-16,D,21812095
2021-02-16,I,6108450
2021-02-17,D,21813601
2021-02-17,I,6106636
2021-02-18,D,21815156
2021-02-18,I,6106808
2021-02-19,D,21815173
2021-02-19,I,6108092
2021-02-22,D,21814986
2021-02-22,I,6115620
2021-02-23,D,21760225
2021-02-23,I,6125450
2021-02-24,D,21760562
2021-02-24,I,6158461
2021-02-25,D,21720691
2021-02-25,I,6152458
2021-02-26,D,21755737
2021-02-26,I,6146627
2021-03-01,D,21892680
2021-03-01,I,6111697
2021-03-02,D,21867121
2021-03-02,I,6125581
2021-03-03,D,21868041
2021-03-03,I,6111443
2021-03-04,D,21839666
2021-03-04,I,6115315
2021-03-05,D,21839427
2021-03-05,I,6115047
2021-03-08,D,21840833
2021-03-08,I,6119360
2021-03-09,D,21816488
2021-03-09,I,6128268
2021-03-10,D,21816186
2021-03-10,I,6110441
2021-03-11,D,21786546
2021-03-11,I,6113873
2021-03-12,D,21786193
2021-03-12,I,6114167
2021-03-15,D,21884780
2021-03-15,I,6117234
2021-03-16,D,21859708
2021-03-16,I,6123916
2021-03-17,D,21860431
2021-03-17,I,6114492
2021-03-18,D,21843029
2021-03-18,I,6123754
2021-03-19,D,21842857
2021-03-19,I,6122799
2021-03-22,D,21843202
2021-03-22,I,6126578
2021-03-23,D,21839459
2021-03-23,I,6156898
2021-03-24,D,21840451
2021-03-24,I,6139294
2021-03-25,D,21816092
2021-03-25,I,6147046
2021-03-26,D,21842176
2021-03-26,I,6145354
2021-03-29,D,21842879
2021-03-29,I,6147964
2021-03-30,D,21838638
2021-03-30,I,6150608
2021-03-31,D,21986937
2021-03-31,I,6145633
2021-04-01,D,21971262
2021-04-01,I,6109866
2021-04-02,D,21971383
2021-04-02,I,6102357
2021-04-05,D,21971847
2021-04-05,I,6109775
2021-04-06,D,21967081
2021-04-06,I,6118531
2021-04-07,D,21969176
2021-04-07,I,6119945
2021-04-08,D,21955653
2021-04-08,I,6125859
2021-04-09,D,21955507
2021-04-09,I,6127482
2021-04-12,D,21956370
2021-04-12,I,6135265
2021-04-13,D,21952365
2021-04-13,I,6145222
2021-04-14,D,21952863
2021-04-14,I,6130734
2021-04-15,D,21998736
2021-04-15,I,6146278
2021-04-16,D,21998771
2021-04-16,I,6156766
2021-04-19,D,21999763
2021-04-19,I,6167798
2021-04-20,D,21985256
2021-04-20,I,6185168
2021-04-21,D,21985230
2021-04-21,I,6169791
2021-04-22,D,21957143
2021-04-22,I,6171825
2021-04-23,D,21957478
2021-04-23,I,6176680
2021-04-26,D,21957005
2021-04-26,I,6185999
2021-04-27,D,21942657
2021-04-27,I,6189594
2021-04-28,D,21943201
2021-04-28,I,6168761
2021-04-29,D,21925659
2021-04-29,I,6164508
2021-04-30,D,22056055
2021-04-30,I,6118659
2021-05-03,D,22057631
2021-05-03,I,6104797
2021-05-04,D,22042989
2021-05-04,I,6132411
2021-05-05,D,22043397
2021-05-05,I,6134474
2021-05-06,D,22019115
2021-05-06,I,6157191
2021-05-07,D,22018251
2021-05-07,I,6156585
2021-05-10,D,22019331
2021-05-10,I,6161407
2021-05-11,D,22004657
2021-05-11,I,6168275
2021-05-12,D,22005319
2021-05-12,I,6151844
2021-05-13,D,21983348
2021-05-13,I,6155059
2021-05-14,D,21983510
2021-05-14,I,6156328
2021-05-17,D,22061106
2021-05-17,I,6172510
2021-05-18,D,22042727
2021-05-18,I,6189188
2021-05-19,D,22043406
2021-05-19,I,6173897
2021-05-20,D,22023369
2021-05-20,I,6178412
2021-05-21,D,22023189
2021-05-21,I,6180266
2021-05-24,D,22024525
2021-05-24,I,6189119
2021-05-25,D,22005338
2021-05-25,I,6199345
2021-05-26,D,22005892
2021-05-26,I,6181836
2021-05-27,D,21983687
2021-05-27,I,6179954
2021-05-28,D,22020939
2021-05-28,I,6178069
2021-06-01,D,22134003
2021-06-01,I,6127930
2021-06-02,D,22135046
2021-06-02,I,6141844
2021-06-03,D,22111555
2021-06-03,I,6130388
2021-06-04,D,22112452
2021-06-04,I,6145725
2021-06-07,D,22113630
2021-06-07,I,6150714
2021-06-08,D,22119293
2021-06-08,I,6114247
2021-06-09,D,22120189
2021-06-09,I,6097651
2021-06-10,D,22097331
2021-06-10,I,6101591
2021-06-11,D,22097494
2021-06-11,I,6101700
2021-06-14,D,22098725
2021-06-14,I,6108260
2021-06-15,D,22199582
2021-06-15,I,6122095
2021-06-16,D,22200126
2021-06-16,I,6110948
2021-06-17,D,22173892
2021-06-17,I,6121986
2021-06-18,D,22174124
2021-06-18,I,6121835
2021-06-21,D,22175170
2021-06-21,I,6128547
2021-06-22,D,22180632
2021-06-22,I,6138049
2021-06-23,D,22183393
2021-06-23,I,6121516
2021-06-24,D,22187768
2021-06-24,I,6134152
2021-06-25,D,22205688
2021-06-25,I,6131613
2021-06-28,D,22206790
2021-06-28,I,6144456
2021-06-29,D,22182683
2021-06-29,I,6149639
2021-06-30,D,22329823
2021-06-30,I,6199613
2021-07-01,D,22327776
2021-07-01,I,6158722
2021-07-02,D,22328099
2021-07-02,I,6152491
2021-07-06,D,22306604
2021-07-06,I,6158960
2021-07-07,D,22306771
2021-07-07,I,6165699
2021-07-08,D,22314776
2021-07-08,I,6165378
2021-07-09,D,22315030
2021-07-09,I,6170466
2021-07-12,D,22314724
2021-07-12,I,6175521
2021-07-13,D,22289664
2021-07-13,I,6187410
2021-07-14,D,22290774
2021-07-14,I,6170382
2021-07-15,D,22345373
2021-07-15,I,6176756
2021-07-16,D,22344307
2021-07-16,I,6178710
2021-07-19,D,22344215
2021-07-19,I,6189008
2021-07-20,D,22304036
2021-07-20,I,6189272
2021-07-21,D,22303233
2021-07-21,I,6170932
2021-07-22,D,22296154
2021-07-22,I,6175118
2021-07-23,D,22299532
2021-07-23,I,6175409
2021-07-26,D,22299753
2021-07-26,I,6188535
2021-07-27,D,22289710
2021-07-27,I,6198190
2021-07-28,D,22289102
2021-07-28,I,6194499
2021-07-29,D,22267030
2021-07-29,I,6193100
2021-07-30,D,22284628
2021-07-30,I,6143094
2021-08-02,D,22293275
2021-08-02,I,6134423
2021-08-03,D,22281416
2021-08-03,I,6146280
2021-08-04,D,22280521
2021-08-04,I,6147163
2021-08-05,D,22277470
2021-08-05,I,6150227
2021-08-06,D,22278553
2021-08-06,I,6149133
2021-08-09,D,22270829
2021-08-09,I,6156822
2021-08-10,D,22261697
2021-08-10,I,6165952
2021-08-11,D,22279129
2021-08-11,I,6148508
2021-08-12,D,22275214
2021-08-12,I,6152465
2021-08-13,D,22275282
2021-08-13,I,6152385
2021-08-16,D,22264524
2021-08-16,I,6163109
2021-08-17,D,22250415
2021-08-17,I,6177215
2021-08-18,D,22265522
2021-08-18,I,6162096
2021-08-19,D,22259021
2021-08-19,I,6168616
2021-08-20,D,22256435
2021-08-20,I,6171190
2021-08-23,D,22251585
2021-08-23,I,6176005
2021-08-24,D,22237978
2021-08-24,I,6189608
2021-08-25,D,22248957
2021-08-25,I,6178617
2021-08-26,D,22241123
2021-08-26,I,6186466
2021-08-27,D,22243673
2021-08-27,I,6183904
2021-08-30,D,22246921
2021-08-30,I,6180620
2021-08-31,D,22254544
2021-08-31,I,6172774
2021-09-01,D,22292652
2021-09-01,I,6134653
2021-09-02,D,22282259
2021-09-02,I,6145058
2021-09-03,D,22290289
2021-09-03,I,6137016
2021-09-07,D,22282684
2021-09-07,I,6144582
2021-09-08,D,22293378
2021-09-08,I,6133875
2021-09-09,D,22295049
2021-09-09,I,6132242
2021-09-10,D,22293298
2021-09-10,I,6133982
2021-09-13,D,22289670
2021-09-13,I,6137574
2021-09-14,D,22282917
2021-09-14,I,6144324
2021-09-15,D,22294050
2021-09-15,I,6133179
2021-09-16,D,22284197
2021-09-16,I,6143038
2021-09-17,D,22278262
2021-09-17,I,6148962
2021-09-20,D,22272829
2021-09-20,I,6154358
2021-09-21,D,22261385
2021-09-21,I,6165799
2021-09-22,D,22272250
2021-09-22,I,6154922
2021-09-23,D,22268770
2021-09-23,I,6158405
2021-09-24,D,22258560
2021-09-24,I,6168603
2021-09-27,D,22256338
2021-09-27,I,6170790
2021-09-28,D,22264101
2021-09-28,I,6163020
2021-09-29,D,22270512
2021-09-29,I,6156598
2021-09-30,D,22282900
2021-09-30,I,6146018
2021-10-01,D,22199006
2021-10-01,I,6229901
2021-10-04,D,22179617
2021-10-04,I,6249255
2021-10-05,D,22157022
2021-10-05,I,6271846
2021-10-06,D,22157751
2021-10-06,I,6271105
2021-10-07,D,22153679
2021-10-07,I,6275221
2021-10-08,D,22150090
2021-10-08,I,6278798
2021-10-12,D,22143379
2021-10-12,I,6285474
2021-10-13,D,22151824
2021-10-13,I,6277020
2021-10-14,D,22395833
2021-10-14,I,6332335
2021-10-15,D,22413003
2021-10-15,I,6341075
2021-10-18,D,22474664
2021-10-18,I,6346611
2021-10-19,D,22480806
2021-10-19,I,6361683
2021-10-20,D,22481410
2021-10-20,I,6347469
2021-10-21,D,22527511
2021-10-21,I,6353723
2021-10-22,D,22588315
2021-10-22,I,6320487
2021-10-25,D,22589730
2021-10-25,I,6319037
2021-10-26,D,22610119
2021-10-26,I,6298650
2021-10-27,D,22625212
2021-10-27,I,6283545
2021-10-28,D,22630942
2021-10-28,I,6277833
2021-10-29,D,22637090
2021-10-29,I,6271676
2021-11-01,D,22679949
2021-11-01,I,6228804
2021-11-02,D,22659988
2021-11-02,I,6248767
2021-11-03,D,22675030
2021-11-03,I,6233713
2021-11-04,D,22671767
2021-11-04,I,6237054
2021-11-05,D,22670992
2021-11-05,I,6237816
2021-11-08,D,22666122
2021-11-08,I,6242650
2021-11-09,D,22658378
2021-11-09,I,6250391
2021-11-10,D,22675887
2021-11-10,I,6232870
2021-11-12,D,22677434
2021-11-12,I,6231323
2021-11-15,D,22670153
2021-11-15,I,6238567
2021-11-16,D,22660119
2021-11-16,I,6248600
2021-11-17,D,22670201
2021-11-17,I,6238506
2021-11-18,D,22666645
2021-11-18,I,6242077
2021-11-19,D,22666452
2021-11-19,I,6242257
2021-11-22,D,22657307
2021-11-22,I,6251366
2021-11-23,D,22645808
2021-11-23,I,6262867
2021-11-24,D,22651368
2021-11-24,I,6257295
2021-11-26,D,22648880
2021-11-26,I,6259792
2021-11-29,D,22645683
2021-11-29,I,6262952
2021-11-30,D,22645912
2021-11-30,I,6262075
2021-12-01,D,22679534
2021-12-01,I,6228441
2021-12-02,D,22691974
2021-12-02,I,6216120
2021-12-03,D,22688917
2021-12-03,I,6219163
2021-12-06,D,22685355
2021-12-06,I,6222688
2021-12-07,D,22679803
2021-12-07,I,6228241
2021-12-08,D,22688939
2021-12-08,I,6219093
2021-12-09,D,22686195
2021-12-09,I,6221861
2021-12-10,D,22686900
2021-12-10,I,6221144
2021-12-13,D,22684046
2021-12-13,I,6223959
2021-12-14,D,22674771
2021-12-14,I,6233234
2021-12-15,D,22571131
2021-12-15,I,6336861
2021-12-16,D,22799217
2021-12-16,I,6407065
2021-12-17,D,22801699
2021-12-17,I,6417463
2021-12-20,D,22804698
2021-12-20,I,6422537
2021-12-21,D,22891867
2021-12-21,I,6431750
2021-12-22,D,22954313
2021-12-22,I,6416806
2021-12-23,D,22938284
2021-12-23,I,6426562
2021-12-24,D,22938682
2021-12-24,I,6427805
2021-12-27,D,22942742
2021-12-27,I,6449758
2021-12-28,D,23011725
2021-12-28,I,6458477
2021-12-29,D,23014780
2021-12-29,I,6458972
2021-12-30,D,23032720
2021-12-30,I,6462083
2021-12-31,D,23143747
2021-12-31,I,6473468
2022-01-03,D,23144362
2022-01-03,I,6417552
2022-01-04,D,23211833
2022-01-04,I,6472963
2022-01-05,D,23214140
2022-01-05,I,6474572
2022-01-06,D,23229973
2022-01-06,I,6481301
2022-01-07,D,23229647
2022-01-07,I,6482560
2022-01-10,D,23231537
2022-01-10,I,6489780
2022-01-11,D,23297955
2022-01-11,I,6500732
2022-01-12,D,23298964
2022-01-12,I,6483297
2022-01-13,D,23257632
2022-01-13,I,6486725
2022-01-14,D,23257605
2022-01-14,I,6487351
2022-01-18,D,23343152
2022-01-18,I,6525635
2022-01-19,D,23344874
2022-01-19,I,6505746
2022-01-20,D,23357248
2022-01-20,I,6509774
2022-01-21,D,23358107
2022-01-21,I,6514371
2022-01-24,D,23359987
2022-01-24,I,6521291
2022-01-25,D,23388574
2022-01-25,I,6534336
2022-01-26,D,23389828
2022-01-26,I,6521199
2022-01-27,D,23396326
2022-01-27,I,6527944
2022-01-28,D,23396713
2022-01-28,I,6526834
2022-01-31,D,23487181
2022-01-31,I,6525205
2022-02-01,D,23514257
2022-02-01,I,6492447
2022-02-02,D,23514974
2022-02-02,I,6488240
2022-02-03,D,23520769
2022-02-03,I,6476579
2022-02-04,D,23520871
2022-02-04,I,6479865
2022-02-07,D,23520666
2022-02-07,I,6485894
2022-02-08,D,23546487
2022-02-08,I,6497822
2022-02-09,D,23546382
2022-02-09,I,6479934
2022-02-10,D,23552446
2022-02-10,I,6483722
2022-02-11,D,23552900
2022-02-11,I,6484656
2022-02-14,D,23553291
2022-02-14,I,6487030
2022-02-15,D,23629210
2022-02-15,I,6502537
2022-02-16,D,23630365
2022-02-16,I,6487080
2022-02-17,D,23638497
2022-02-17,I,6478097
2022-02-18,D,23639008
2022-02-18,I,6497867
2022-02-22,D,23640797
2022-02-22,I,6508806
2022-02-23,D,23643313
2022-02-23,I,6504427
2022-02-24,D,23650094
2022-02-24,I,6506651
2022-02-25,D,23674701
2022-02-25,I,6506605
2022-02-28,D,23776560
2022-02-28,I,6513793
2022-03-01,D,23760885
2022-03-01,I,6479014
2022-03-02,D,23761655
2022-03-02,I,6489949
2022-03-03,D,23767848
2022-03-03,I,6478068
2022-03-04,D,23768629
2022-03-04,I,6479464
2022-03-07,D,23769813
2022-03-07,I,6485850
2022-03-08,D,23756028
2022-03-08,I,6499095
2022-03-09,D,23756650
2022-03-09,I,6482386
2022-03-10,D,23703291
2022-03-10,I,6465865
2022-03-11,D,23704961
2022-03-11,I,6466386
2022-03-14,D,23706411
2022-03-14,I,6486333
2022-03-15,D,23772837
2022-03-15,I,6496527
2022-03-16,D,23773650
2022-03-16,I,6483344
2022-03-17,D,23786300
2022-03-17,I,6495683
2022-03-18,D,23787660
2022-03-18,I,6496916
2022-03-21,D,23789792
2022-03-21,I,6503148
2022-03-22,D,23777405
2022-03-22,I,6513639
2022-03-23,D,23778998
2022-03-23,I,6499420
2022-03-24,D,23779423
2022-03-24,I,6499224
2022-03-25,D,23802522
2022-03-25,I,6507940
2022-03-28,D,23804407
2022-03-28,I,6512008
2022-03-29,D,23774341
2022-03-29,I,6521318
2022-03-30,D,23774953
2022-03-30,I,6522773
2022-03-31,D,23879768
2022-03-31,I,6521192
2022-04-01,D,23876872
2022-04-01,I,6464859
2022-04-04,D,23877671
2022-04-04,I,6482571
2022-04-05,D,23848224
2022-04-05,I,6496535
2022-04-06,D,23847774
2022-04-06,I,6498970
2022-04-07,D,23850625
2022-04-07,I,6504936
2022-04-08,D,23849448
2022-04-08,I,6508806
2022-04-11,D,23850959
2022-04-11,I,6515191
2022-04-12,D,23827482
2022-04-12,I,6525634
2022-04-13,D,23827992
2022-04-13,I,6509956
2022-04-14,D,23831840
2022-04-14,I,6516288
2022-04-15,D,23742712
2022-04-15,I,6540488
2022-04-18,D,23868824
2022-04-18,I,6551822
2022-04-19,D,23844892
2022-04-19,I,6579139
2022-04-20,D,23844551
2022-04-20,I,6564470
2022-04-21,D,23844948
2022-04-21,I,6572873
2022-04-22,D,23845725
2022-04-22,I,6575171
2022-04-25,D,23847560
2022-04-25,I,6589039
2022-04-26,D,23833251
2022-04-26,I,6596693
2022-04-27,D,23835678
2022-04-27,I,6580929
2022-04-28,D,23824798
2022-04-28,I,6577782
2022-04-29,D,23847245
2022-04-29,I,6526909
2022-05-02,D,23875235
2022-05-02,I,6527387
2022-05-03,D,23862621
2022-05-03,I,6540777
2022-05-04,D,23864364
2022-05-04,I,6545769
2022-05-05,D,23844952
2022-05-05,I,6554345
2022-05-06,D,23846961
2022-05-06,I,6558908
2022-05-09,D,23848805
2022-05-09,I,6565883
2022-05-10,D,23836188
2022-05-10,I,6577160
2022-05-11,D,23836594
2022-05-11,I,6559683
2022-05-12,D,23818176
2022-05-12,I,6564095
2022-05-13,D,23819289
2022-05-13,I,6564010
2022-05-16,D,23873831
2022-05-16,I,6572378
2022-05-17,D,23861554
2022-05-17,I,6587363
2022-05-18,D,23862534
2022-05-18,I,6571104
2022-05-19,D,23840146
2022-05-19,I,6577144
2022-05-20,D,23838575
2022-05-20,I,6577983
2022-05-23,D,23841258
2022-05-23,I,6584015
2022-05-24,D,23832717
2022-05-24,I,6603768
2022-05-25,D,23833749
2022-05-25,I,6587179
2022-05-26,D,23809738
2022-05-26,I,6591847
2022-05-27,D,23832624
2022-05-27,I,6591867
2022-05-31,D,23904391
2022-05-31,I,6595227
2022-06-01,D,23901124
2022-06-01,I,6539854
2022-06-02,D,23880950
2022-06-02,I,6544709
2022-06-03,D,23880626
2022-06-03,I,6531925
2022-06-06,D,23882175
2022-06-06,I,6538713
2022-06-07,D,23872185
2022-06-07,I,6545402
2022-06-08,D,23872735
2022-06-08,I,6543748
2022-06-09,D,23849445
2022-06-09,I,6547319
2022-06-10,D,23849475
2022-06-10,I,6546488
2022-06-13,D,23849889
2022-06-13,I,6551339
2022-06-14,D,23840725
2022-06-14,I,6561647
2022-06-15,D,23899978
2022-06-15,I,6550450
2022-06-16,D,23876683
2022-06-16,I,6559958
2022-06-17,D,23879070
2022-06-17,I,6568655
2022-06-21,D,23870091
2022-06-21,I,6574261
2022-06-22,D,23871683
2022-06-22,I,6566758
2022-06-23,D,23852955
2022-06-23,I,6569341
2022-06-24,D,23876062
2022-06-24,I,6583056
2022-06-27,D,23877621
2022-06-27,I,6587858
2022-06-28,D,23874198
2022-06-28,I,6598433
2022-06-29,D,23874314
2022-06-29,I,6597631
2022-06-30,D,23912160
2022-06-30,I,6656422
2022-07-01,D,23907043
2022-07-01,I,6579125
2022-07-05,D,23905300
2022-07-05,I,6594467
2022-07-06,D,23907380
2022-07-06,I,6616382
2022-07-07,D,23887764
2022-07-07,I,6618472
2022-07-08,D,23885954
2022-07-08,I,6622340
2022-07-11,D,23888493
2022-07-11,I,6630808
2022-07-12,D,23884256
2022-07-12,I,6640726
2022-07-13,D,23884607
2022-07-13,I,6622246
2022-07-14,D,23869748
2022-07-14,I,6622970
2022-07-15,D,23886461
2022-07-15,I,6628837
2022-07-18,D,23888760
2022-07-18,I,6634981
2022-07-19,D,23904695
2022-07-19,I,6648969
2022-07-20,D,23905417
2022-07-20,I,6626613
2022-07-21,D,23893928
2022-07-21,I,6633670
2022-07-22,D,23894509
2022-07-22,I,6635364
2022-07-25,D,23896764
2022-07-25,I,6646796
2022-07-26,D,23937355
2022-07-26,I,6660907
2022-07-27,D,23938027
2022-07-27,I,6643604
2022-07-28,D,23934024
2022-07-28,I,6646901
2022-07-29,D,23952579
2022-07-29,I,6642529
2022-08-01,D,23941782
2022-08-01,I,6594628
2022-08-02,D,23982477
2022-08-02,I,6613493
2022-08-03,D,23982581
2022-08-03,I,6598676
2022-08-04,D,23983681
2022-08-04,I,6604895
2022-08-05,D,23983838
2022-08-05,I,6605442
2022-08-08,D,23986683
2022-08-08,I,6614242
2022-08-09,D,24027688
2022-08-09,I,6624213
2022-08-10,D,24028356
2022-08-10,I,6628126
2022-08-11,D,24029274
2022-08-11,I,6630984
2022-08-12,D,24029791
2022-08-12,I,6632110
2022-08-15,D,24051002
2022-08-15,I,6644427
2022-08-16,D,24081843
2022-08-16,I,6654746
2022-08-17,D,24082097
2022-08-17,I,6642302
2022-08-18,D,24084274
2022-08-18,I,6645639
2022-08-19,D,24084754
2022-08-19,I,6646638
2022-08-22,D,24087312
2022-08-22,I,6652980
2022-08-23,D,24109372
2022-08-23,I,6668065
2022-08-24,D,24109361
2022-08-24,I,6642467
2022-08-25,D,24170525
2022-08-25,I,6653856
2022-08-26,D,24193808
2022-08-26,I,6653185
2022-08-29,D,24195947
2022-08-29,I,6656205
2022-08-30,D,24216549
2022-08-30,I,6662551
2022-08-31,D,24267551
2022-08-31,I,6668524
2022-09-01,D,24265237
2022-09-01,I,6614126
2022-09-02,D,24265249
2022-09-02,I,6606786
2022-09-06,D,24273893
2022-09-06,I,6614009
2022-09-07,D,24275743
2022-09-07,I,6622134
2022-09-08,D,24277402
2022-09-08,I,6616721
2022-09-09,D,24277781
2022-09-09,I,6616313
2022-09-12,D,24277952
2022-09-12,I,6620250
2022-09-13,D,24277092
2022-09-13,I,6625347
2022-09-14,D,24277736
2022-09-14,I,6608105
2022-09-15,D,24269209
2022-09-15,I,6617627
2022-09-16,D,24269702
2022-09-16,I,6620897
2022-09-19,D,24269365
2022-09-19,I,6631247
2022-09-20,D,24259861
2022-09-20,I,6642163
2022-09-21,D,24259894
2022-09-21,I,6626370
2022-09-22,D,24262119
2022-09-22,I,6632702
2022-09-23,D,24261914
2022-09-23,I,6637468
2022-09-26,D,24261992
2022-09-26,I,6648241
2022-09-27,D,24251205
2022-09-27,I,6654885
2022-09-28,D,24251148
2022-09-28,I,6636117
2022-09-29,D,24252296
2022-09-29,I,6619068
2022-09-30,D,24299193
2022-09-30,I,6629719
2022-10-03,D,24294113
2022-10-03,I,6829774
2022-10-04,D,24288376
2022-10-04,I,6848643
2022-10-05,D,24288996
2022-10-05,I,6853596
2022-10-06,D,24289854
2022-10-06,I,6859266
2022-10-07,D,24289555
2022-10-07,I,6859332
2022-10-11,D,24284148
2022-10-11,I,6867467
2022-10-12,D,24284136
2022-10-12,I,6859579
2022-10-13,D,24285309
2022-10-13,I,6859643
2022-10-14,D,24285155
2022-10-14,I,6863069
2022-10-17,D,24337798
2022-10-17,I,6873628
2022-10-18,D,24349884
2022-10-18,I,6889123
2022-10-19,D,24349997
2022-10-19,I,6871581
2022-10-20,D,24347230
2022-10-20,I,6879547
2022-10-21,D,24347299
2022-10-21,I,6881295
2022-10-24,D,24347817
2022-10-24,I,6882327
2022-10-25,D,24370660
2022-10-25,I,6897141
2022-10-26,D,24371287
2022-10-26,I,6880978
2022-10-27,D,24374113
2022-10-27,I,6883641
2022-10-28,D,24375346
2022-10-28,I,6881062
2022-10-31,D,24352542
2022-10-31,I,6885759
2022-11-01,D,24378512
2022-11-01,I,6833222
2022-11-02,D,24378673
2022-11-02,I,6843170
2022-11-03,D,24386445
2022-11-03,I,6832500
2022-11-04,D,24386137
2022-11-04,I,6833995
2022-11-07,D,24386696
2022-11-07,I,6836842
2022-11-08,D,24414960
2022-11-08,I,6846677
2022-11-09,D,24415475
2022-11-09,I,6828168
2022-11-10,D,24421759
2022-11-10,I,6830253
2022-11-14,D,24422187
2022-11-14,I,6833094
2022-11-15,D,24439731
2022-11-15,I,6848442
2022-11-16,D,24440835
2022-11-16,I,6830839
2022-11-17,D,24445390
2022-11-17,I,6839810
2022-11-18,D,24445286
2022-11-18,I,6837395
2022-11-21,D,24445711
2022-11-21,I,6841631
2022-11-22,D,24498940
2022-11-22,I,6849522
2022-11-23,D,24498705
2022-11-23,I,6835328
2022-11-25,D,24524432
2022-11-25,I,6843351
2022-11-28,D,24522908
2022-11-28,I,6847910
2022-11-29,D,24518731
2022-11-29,I,6855105
2022-11-30,D,24553457
2022-11-30,I,6859866
2022-12-01,D,24548085
2022-12-01,I,6815139
2022-12-02,D,24546285
2022-12-02,I,6803853
2022-12-05,D,24545057
2022-12-05,I,6807741
2022-12-06,D,24525523
2022-12-06,I,6813023
2022-12-07,D,24522778
2022-12-07,I,6812309
2022-12-08,D,24483967
2022-12-08,I,6826828
2022-12-09,D,24483317
2022-12-09,I,6828023
2022-12-12,D,24484165
2022-12-12,I,6833517
2022-12-13,D,24462246
2022-12-13,I,6841899
2022-12-14,D,24460953
2022-12-14,I,6823360
2022-12-15,D,24512614
2022-12-15,I,6807013
2022-12-16,D,24513353
2022-12-16,I,6833774
2022-12-19,D,24513285
2022-12-19,I,6841968
2022-12-20,D,24486056
2022-12-20,I,6850670
2022-12-21,D,24486774
2022-12-21,I,6832771
2022-12-22,D,24489806
2022-12-22,I,6837672
2022-12-23,D,24490152
2022-12-23,I,6855805
2022-12-27,D,24473927
2022-12-27,I,6862119
2022-12-28,D,24474955
2022-12-28,I,6849442
2022-12-29,D,24476187
2022-12-29,I,6850117
2022-12-30,D,24517593
2022-12-30,I,6902096
2023-01-03,D,24507554
2023-01-03,I,6843632
2023-01-04,D,24507811
2023-01-04,I,6867738
2023-01-05,D,24510300
2023-01-05,I,6870010
2023-01-06,D,24510694
2023-01-06,I,6874750
2023-01-09,D,24510491
2023-01-09,I,6878389
2023-01-10,D,24503808
2023-01-10,I,6891325
2023-01-11,D,24503937
2023-01-11,I,6871205
2023-01-12,D,24508970
2023-01-12,I,6875216
2023-01-13,D,24509050
2023-01-13,I,6875445
2023-01-17,D,24529074
2023-01-17,I,6887365
2023-01-18,D,24529263
2023-01-18,I,6885097
2023-01-19,D,24597726
2023-01-19,I,6857678
2023-01-20,D,24597712
2023-01-20,I,6857268
2023-01-23,D,24597079
2023-01-23,I,6856627
2023-01-24,D,24588029
2023-01-24,I,6866818
2023-01-25,D,24601729
2023-01-25,I,6852679
2023-01-26,D,24595371
2023-01-26,I,6862325
2023-01-27,D,24594508
2023-01-27,I,6862739
2023-01-30,D,24591455
2023-01-30,I,6864447
2023-01-31,D,24583994
2023-01-31,I,6870989
2023-02-01,D,24627867
2023-02-01,I,6826659
2023-02-02,D,24614111
2023-02-02,I,6842051
2023-02-03,D,24632540
2023-02-03,I,6823160
2023-02-06,D,24625672
2023-02-06,I,6828644
2023-02-07,D,24615759
2023-02-07,I,6839348
2023-02-08,D,24633965
2023-02-08,I,6820672
2023-02-09,D,24632707
2023-02-09,I,6823514
2023-02-10,D,24631982
2023-02-10,I,6823765
2023-02-13,D,24628373
2023-02-13,I,6825952
2023-02-14,D,24620832
2023-02-14,I,6834287
2023-02-15,D,24632691
2023-02-15,I,6822185
2023-02-16,D,24629050
2023-02-16,I,6827505
2023-02-17,D,24622821
2023-02-17,I,6833246
2023-02-21,D,24617041
2023-02-21,I,6838369
2023-02-22,D,24617348
2023-02-22,I,6837569
2023-02-23,D,24622064
2023-02-23,I,6836280
2023-02-24,D,24614739
2023-02-24,I,6843112
2023-02-27,D,24613896
2023-02-27,I,6842475
2023-02-28,D,24609241
2023-02-28,I,6850051
2023-03-01,D,24651114
2023-03-01,I,6807963
2023-03-02,D,24638429
2023-03-02,I,6822270
2023-03-03,D,24656606
2023-03-03,I,6803593
2023-03-06,D,24648785
2023-03-06,I,6809914
2023-03-07,D,24638106
2023-03-07,I,6821404
2023-03-08,D,24655743
2023-03-08,I,6803263
2023-03-09,D,24648520
2023-03-09,I,6812009
2023-03-10,D,24694495
2023-03-10,I,6765534
2023-03-13,D,24688026
2023-03-13,I,6770504
2023-03-14,D,24635939
2023-03-14,I,6823360
2023-03-15,D,24653951
2023-03-15,I,6804848
2023-03-16,D,24651327
2023-03-16,I,6808929
2023-03-17,D,24642349
2023-03-17,I,6817406
2023-03-20,D,24660461
2023-03-20,I,6797786
2023-03-21,D,24654812
2023-03-21,I,6804066
2023-03-22,D,24672396
2023-03-22,I,6785983
2023-03-23,D,24672446
2023-03-23,I,6788844
2023-03-24,D,24670018
2023-03-24,I,6790767
2023-03-27,D,24657636
2023-03-27,I,6801634
2023-03-28,D,24650286
2023-03-28,I,6809609
2023-03-29,D,24649091
2023-03-29,I,6810304
2023-03-30,D,24641816
2023-03-30,I,6819102
2023-03-31,D,24693515
2023-03-31,I,6764923
2023-04-03,D,24697740
2023-04-03,I,6759422
2023-04-04,D,24675090
2023-04-04,I,6782724
2023-04-05,D,24674104
2023-04-05,I,6783199
2023-04-06,D,24669013
2023-04-06,I,6789822
2023-04-07,D,24669375
2023-04-07,I,6788949
2023-04-10,D,24660050
2023-04-10,I,6796742
2023-04-11,D,24656054
2023-04-11,I,6801385
2023-04-12,D,24675443
2023-04-12,I,6781487
2023-04-13,D,24671976
2023-04-13,I,6786515
2023-04-14,D,24670728
2023-04-14,I,6787251
2023-04-17,D,24641049
2023-04-17,I,6815397
2023-04-18,D,24627869
2023-04-18,I,6829251
2023-04-19,D,24629879
2023-04-19,I,6826736
2023-04-20,D,24626946
2023-04-20,I,6833033
2023-04-21,D,24620280
2023-04-21,I,6839189
2023-04-24,D,24606855
2023-04-24,I,6851085
2023-04-25,D,24594031
2023-04-25,I,6864490
2023-04-26,D,24609136
2023-04-26,I,6848878
2023-04-27,D,24607260
2023-04-27,I,6852359
2023-04-28,D,24605068
2023-04-28,I,6852747
2023-05-01,D,24647680
2023-05-01,I,6809719
2023-05-02,D,24620366
2023-05-02,I,6837631
2023-05-03,D,24635835
2023-05-03,I,6821652
2023-05-04,D,24638821
2023-05-04,I,6820471
2023-05-05,D,24636096
2023-05-05,I,6822679
2023-05-08,D,24627342
2023-05-08,I,6829882
2023-05-09,D,24619937
2023-05-09,I,6838003
2023-05-10,D,24641173
2023-05-10,I,6816249
2023-05-11,D,24639687
2023-05-11,I,6819364
2023-05-12,D,24639658
2023-05-12,I,6818874
2023-05-15,D,24632499
2023-05-15,I,6824608
2023-05-16,D,24622447
2023-05-16,I,6836111
2023-05-17,D,24637069
2023-05-17,I,6820966
2023-05-18,D,24637327
2023-05-18,I,6825349
2023-05-19,D,24637237
2023-05-19,I,6824910
2023-05-22,D,24632270
2023-05-22,I,6828289
2023-05-23,D,24620574
2023-05-23,I,6841580
2023-05-24,D,24635200
2023-05-24,I,6826419
2023-05-25,D,24634290
2023-05-25,I,6831193
2023-05-26,D,24635929
2023-05-26,I,6829013
2023-05-30,D,24634299
2023-05-30,I,6829690
2023-05-31,D,24630686
2023-05-31,I,6833771
2023-06-01,D,24690310
2023-06-01,I,6777330
2023-06-02,D,24702383
2023-06-02,I,6764717
2023-06-05,D,25032143
2023-06-05,I,6793536
2023-06-06,D,25047398
2023-06-06,I,6808582
2023-06-07,D,25047345
2023-06-07,I,6809660
2023-06-08,D,25067557
2023-06-08,I,6853701
2023-06-09,D,25067360
2023-06-09,I,6853789
2023-06-12,D,25068366
2023-06-12,I,6857918
2023-06-13,D,25103112
2023-06-13,I,6872182
2023-06-14,D,25102753
2023-06-14,I,6851694
2023-06-15,D,25178341
2023-06-15,I,6860904
2023-06-16,D,25178190
2023-06-16,I,6866158
2023-06-20,D,25228859
2023-06-20,I,6876344
2023-06-21,D,25229448
2023-06-21,I,6866294
2023-06-22,D,25300473
2023-06-22,I,6868177
2023-06-23,D,25300770
2023-06-23,I,6871806
2023-06-26,D,25301525
2023-06-26,I,6893803
2023-06-27,D,25361695
2023-06-27,I,6904933
2023-06-28,D,25361830
2023-06-28,I,6885167
2023-06-29,D,25430243
2023-06-29,I,6887528
2023-06-30,D,25461998
2023-06-30,I,6870276
2023-07-03,D,25459085
2023-07-03,I,6861776
2023-07-05,D,25519177
2023-07-05,I,6882950
2023-07-06,D,25589897
2023-07-06,I,6884516
2023-07-07,D,25589710
2023-07-07,I,6887847
2023-07-10,D,25588803
2023-07-10,I,6892303
2023-07-11,D,25633782
2023-07-11,I,6904685
2023-07-12,D,25633821
2023-07-12,I,6884575
2023-07-13,D,25653458
2023-07-13,I,6888865
2023-07-14,D,25653573
2023-07-14,I,6888838
2023-07-17,D,25640128
2023-07-17,I,6894882
2023-07-18,D,25679321
2023-07-18,I,6911611
2023-07-19,D,25679253
2023-07-19,I,6890662
2023-07-20,D,25696347
2023-07-20,I,6895879
2023-07-21,D,25696711
2023-07-21,I,6896252
2023-07-24,D,25696797
2023-07-24,I,6900972
2023-07-25,D,25731318
2023-07-25,I,6919906
2023-07-26,D,25731547
2023-07-26,I,6903300
2023-07-27,D,25753140
2023-07-27,I,6906239
2023-07-28,D,25752739
2023-07-28,I,6904381
2023-07-31,D,25708799
2023-07-31,I,6899786
2023-08-01,D,25740123
2023-08-01,I,6847445
2023-08-02,D,25740356
2023-08-02,I,6858995
2023-08-03,D,25759288
2023-08-03,I,6845040
2023-08-04,D,25758852
2023-08-04,I,6844294
2023-08-07,D,25759017
2023-08-07,I,6852290
2023-08-08,D,25778440
2023-08-08,I,6865697
2023-08-09,D,25778305
2023-08-09,I,6842626
2023-08-10,D,25812225
2023-08-10,I,6845838
2023-08-11,D,25812095
2023-08-11,I,6846514
2023-08-14,D,25812733
2023-08-14,I,6850797
2023-08-15,D,25814345
2023-08-15,I,6865596
2023-08-16,D,25814898
2023-08-16,I,6846680
2023-08-17,D,25850475
2023-08-17,I,6853217
2023-08-18,D,25850891
2023-08-18,I,6853524
2023-08-21,D,25851338
2023-08-21,I,6859296
2023-08-22,D,25886490
2023-08-22,I,6872818
2023-08-23,D,25886300
2023-08-23,I,6854072
2023-08-24,D,25922115
2023-08-24,I,6855765
2023-08-25,D,25946515
2023-08-25,I,6863709
2023-08-28,D,25947218
2023-08-28,I,6867225
2023-08-29,D,25982709
2023-08-29,I,6873750
2023-08-30,D,25982664
2023-08-30,I,6871789
2023-08-31,D,26044051
2023-08-31,I,6870099
2023-09-01,D,26044508
2023-09-01,I,6797009
2023-09-05,D,26077618
2023-09-05,I,6813047
2023-09-06,D,26077581
2023-09-06,I,6825573
2023-09-07,D,26108845
2023-09-07,I,6826806
2023-09-08,D,26109081
2023-09-08,I,6831580
2023-09-11,D,26109190
2023-09-11,I,6831439
2023-09-12,D,26140258
2023-09-12,I,6839664
2023-09-13,D,26140788
2023-09-13,I,6818717
2023-09-14,D,26166758
2023-09-14,I,6821875
2023-09-15,D,26214468
2023-09-15,I,6830391
2023-09-18,D,26214775
2023-09-18,I,6839176
2023-09-19,D,26234340
2023-09-19,I,6857504
2023-09-20,D,26234127
2023-09-20,I,6836677
2023-09-21,D,26256884
2023-09-21,I,6843524
2023-09-22,D,26257564
2023-09-22,I,6844402
2023-09-25,D,26257541
2023-09-25,I,6854520
2023-09-26,D,26275119
2023-09-26,I,6871290
2023-09-27,D,26274996
2023-09-27,I,6851916
2023-09-28,D,26289027
2023-09-28,I,6837449
2023-09-29,D,26330142
2023-09-29,I,6837192
2023-10-02,D,26339003
2023-10-02,I,7103146
2023-10-03,D,26367059
2023-10-03,I,7107846
2023-10-04,D,26366947
2023-10-04,I,7111013
2023-10-05,D,26401336
2023-10-05,I,7112046
2023-10-06,D,26402295
2023-10-06,I,7108539
2023-10-10,D,26436036
2023-10-10,I,7114203
2023-10-11,D,26436717
2023-10-11,I,7100421
2023-10-12,D,26427019
2023-10-12,I,7096046
2023-10-13,D,26426738
2023-10-13,I,7102390
2023-10-16,D,26474358
2023-10-16,I,7115947
2023-10-17,D,26514682
2023-10-17,I,7134005
2023-10-18,D,26514600
2023-10-18,I,7114587
2023-10-19,D,26514791
2023-10-19,I,7112153
2023-10-20,D,26514641
2023-10-20,I,7112639
2023-10-23,D,26515455
2023-10-23,I,7120559
2023-10-24,D,26555329
2023-10-24,I,7128890
2023-10-25,D,26555587
2023-10-25,I,7117822
2023-10-26,D,26555584
2023-10-26,I,7120383
2023-10-27,D,26555922
2023-10-27,I,7119662
2023-10-30,D,26556167
2023-10-30,I,7119287
2023-10-31,D,26576222
2023-10-31,I,7123358
2023-11-01,D,26575013
2023-11-01,I,7062949
2023-11-02,D,26630282
2023-11-02,I,7064028
2023-11-03,D,26630035
2023-11-03,I,7047761
2023-11-06,D,26630879
2023-11-06,I,7054671
2023-11-07,D,26660759
2023-11-07,I,7062366
2023-11-08,D,26661887
2023-11-08,I,7042632
2023-11-09,D,26656287
2023-11-09,I,7044415
2023-11-10,D,26656297
2023-11-10,I,7044222
2023-11-13,D,26656511
2023-11-13,I,7047840
2023-11-14,D,26682674
2023-11-14,I,7058085
2023-11-15,D,26660732
2023-11-15,I,7042069
2023-11-16,D,26692309
2023-11-16,I,7047831
2023-11-17,D,26692228
2023-11-17,I,7053933
2023-11-20,D,26692446
2023-11-20,I,7057731
2023-11-21,D,26718585
2023-11-21,I,7067892
2023-11-22,D,26720115
2023-11-22,I,7046303
2023-11-24,D,26771331
2023-11-24,I,7055956
2023-11-27,D,26771781
2023-11-27,I,7064913
2023-11-28,D,26777703
2023-11-28,I,7074149
2023-11-29,D,26777711
2023-11-29,I,7071491
2023-11-30,D,26843822
2023-11-30,I,7034857
2023-12-01,D,26841899
2023-12-01,I,6960779
2023-12-04,D,26842269
2023-12-04,I,6972353
2023-12-05,D,26836499
2023-12-05,I,6981877
2023-12-06,D,26836217
2023-12-06,I,6981894
2023-12-07,D,26846003
2023-12-07,I,6986812
2023-12-08,D,26845548
2023-12-08,I,7001819
2023-12-11,D,26845481
2023-12-11,I,7007047
2023-12-12,D,26833040
2023-12-12,I,7018281
2023-12-13,D,26831255
2023-12-13,I,6996955
2023-12-14,D,26839408
2023-12-14,I,7000993
2023-12-15,D,26884830
2023-12-15,I,6999016
2023-12-18,D,26884939
2023-12-18,I,7006346
2023-12-19,D,26869396
2023-12-19,I,7022719
2023-12-20,D,26870589
2023-12-20,I,6999935
2023-12-21,D,26881280
2023-12-21,I,7006386
2023-12-22,D,26880796
2023-12-22,I,7020223
2023-12-26,D,26876125
2023-12-26,I,7029349
2023-12-27,D,26876335
2023-12-27,I,7019748
2023-12-28,D,26891920
2023-12-28,I,7019307
2023-12-29,D,26938518
2023-12-29,I,7062976
2024-01-02,D,26966334
2024-01-02,I,7023794
2024-01-03,D,26967954
2024-01-03,I,7026266
2024-01-04,D,26976929
2024-01-04,I,7029342
2024-01-05,D,26976084
2024-01-05,I,7033606
2024-01-08,D,26973940
2024-01-08,I,7038259
2024-01-09,D,26974750
2024-01-09,I,7050025
2024-01-10,D,26974363
2024-01-10,I,7028076
2024-01-11,D,26985019
2024-01-11,I,7073495
2024-01-12,D,26984681
2024-01-12,I,7073477
2024-01-16,D,26977086
2024-01-16,I,7084466
2024-01-17,D,26977279
2024-01-17,I,7082884
2024-01-18,D,26986541
2024-01-18,I,7083359
2024-01-19,D,26985839
2024-01-19,I,7086503
2024-01-22,D,26985255
2024-01-22,I,7091417
2024-01-23,D,27003770
2024-01-23,I,7105608
2024-01-24,D,27002946
2024-01-24,I,7085429
2024-01-25,D,27031896
2024-01-25,I,7103634
2024-01-26,D,27031564
2024-01-26,I,7103894
2024-01-29,D,27031269
2024-01-29,I,7107204
2024-01-30,D,27058248
2024-01-30,I,7114581
2024-01-31,D,27071862
2024-01-31,I,7119289
2024-02-01,D,27096146
2024-02-01,I,7058870
2024-02-02,D,27095217
2024-02-02,I,7052131
2024-02-05,D,27095044
2024-02-05,I,7058930
2024-02-06,D,27125822
2024-02-06,I,7070743
2024-02-07,D,27125625
2024-02-07,I,7071970
2024-02-08,D,27150017
2024-02-08,I,7078682
2024-02-09,D,27149917
2024-02-09,I,7078261
2024-02-12,D,27148945
2024-02-12,I,7081839
2024-02-13,D,27177925
2024-02-13,I,7091136
2024-02-14,D,27178011
2024-02-14,I,7067304
2024-02-15,D,27184526
2024-02-15,I,7081535
2024-02-16,D,27183667
2024-02-16,I,7083564
2024-02-20,D,27208869
2024-02-20,I,7096252
2024-02-21,D,27209149
2024-02-21,I,7088619
2024-02-22,D,27242557
2024-02-22,I,7089449
2024-02-23,D,27270278
2024-02-23,I,7097920
2024-02-26,D,27270274
2024-02-26,I,7106043
2024-02-27,D,27290139
2024-02-27,I,7115062
2024-02-28,D,27290151
2024-02-28,I,7091997
2024-02-29,D,27380290
2024-02-29,I,7090793
2024-03-01,D,27378941
2024-03-01,I,7014321
2024-03-04,D,27379506
2024-03-04,I,7031386
2024-03-05,D,27394922
2024-03-05,I,7044028
2024-03-06,D,27395073
2024-03-06,I,7045759
2024-03-07,D,27409658
2024-03-07,I,7051749
2024-03-08,D,27410398
2024-03-08,I,7054660
2024-03-11,D,27411563
2024-03-11,I,7059919
2024-03-12,D,27424260
2024-03-12,I,7072944
2024-03-13,D,27424591
2024-03-13,I,7051284
2024-03-14,D,27434194
2024-03-14,I,7052026
2024-03-15,D,27486685
2024-03-15,I,7056153
2024-03-18,D,27486890
2024-03-18,I,7064473
2024-03-19,D,27495560
2024-03-19,I,7086744
2024-03-20,D,27495311
2024-03-20,I,7065863
2024-03-21,D,27511235
2024-03-21,I,7066798
2024-03-22,D,27511504
2024-03-22,I,7070617
2024-03-25,D,27512574
2024-03-25,I,7085614
2024-03-26,D,27500757
2024-03-26,I,7093632
2024-03-27,D,27503290
2024-03-27,I,7069909
2024-03-28,D,27511741
2024-03-28,I,7066868
2024-03-29,D,27511455
2024-03-29,I,7075078
2024-04-01,D,27597003
2024-04-01,I,7030198
2024-04-02,D,27571024
2024-04-02,I,7051268
2024-04-03,D,27570738
2024-04-03,I,7033599
2024-04-04,D,27557980
2024-04-04,I,7040989
2024-04-05,D,27558067
2024-04-05,I,7042576
2024-04-08,D,27559152
2024-04-08,I,7049260
2024-04-09,D,27523838
2024-04-09,I,7057172
2024-04-10,D,27524684
2024-04-10,I,7036332
2024-04-11,D,27509726
2024-04-11,I,7041110
2024-04-12,D,27509637
2024-04-12,I,7043583
2024-04-15,D,27525653
2024-04-15,I,7077550
2024-04-16,D,27491007
2024-04-16,I,7099994
2024-04-17,D,27491018
2024-04-17,I,7085470
2024-04-18,D,27485308
2024-04-18,I,7097787
2024-04-19,D,27484861
2024-04-19,I,7100667
2024-04-22,D,27486474
2024-04-22,I,7105303
2024-04-23,D,27461263
2024-04-23,I,7120619
2024-04-24,D,27461573
2024-04-24,I,7110054
2024-04-25,D,27443682
2024-04-25,I,7111287
2024-04-26,D,27444491
2024-04-26,I,7113924
2024-04-29,D,27445183
2024-04-29,I,7117577
2024-04-30,D,27480960
2024-04-30,I,7136034
2024-05-01,D,27479893
2024-05-01,I,7078394
2024-05-02,D,27462987
2024-05-02,I,7100361
2024-05-03,D,27462532
2024-05-03,I,7085675
2024-05-06,D,27463657
2024-05-06,I,7097190
2024-05-07,D,27453421
2024-05-07,I,7105974
2024-05-08,D,27454501
2024-05-08,I,7087227
2024-05-09,D,27453899
2024-05-09,I,7091013
2024-05-10,D,27453861
2024-05-10,I,7090731
2024-05-13,D,27455172
2024-05-13,I,7096990
2024-05-14,D,27459796
2024-05-14,I,7112713
2024-05-15,D,27444320
2024-05-15,I,7090526
2024-05-16,D,27456419
2024-05-16,I,7096512
2024-05-17,D,27456877
2024-05-17,I,7104021
2024-05-20,D,27458745
2024-05-20,I,7110366
2024-05-21,D,27466194
2024-05-21,I,7119367
2024-05-22,D,27469724
2024-05-22,I,7098530
2024-05-23,D,27473486
2024-05-23,I,7103643
2024-05-24,D,27473812
2024-05-24,I,7114168
2024-05-28,D,27485640
2024-05-28,I,7120528
2024-05-29,D,27487157
2024-05-29,I,7134501
2024-05-30,D,27479078
2024-05-30,I,7130719
2024-05-31,D,27606807
2024-05-31,I,7060309
2024-06-03,D,27604546
2024-06-03,I,7030818
2024-06-04,D,27601037
2024-06-04,I,7054599
2024-06-05,D,27601771
2024-06-05,I,7058130
2024-06-06,D,27590072
2024-06-06,I,7080561
2024-06-07,D,27590413
2024-06-07,I,7082479
2024-06-10,D,27590885
2024-06-10,I,7118536
2024-06-11,D,27576834
2024-06-11,I,7126102
2024-06-12,D,27576421
2024-06-12,I,7104893
2024-06-13,D,27572657
2024-06-13,I,7110924
2024-06-14,D,27571224
2024-06-14,I,7109857
2024-06-17,D,27627954
2024-06-17,I,7122545
2024-06-18,D,27614043
2024-06-18,I,7120068
2024-06-20,D,27596094
2024-06-20,I,7129756
2024-06-21,D,27594481
2024-06-21,I,7139267
2024-06-24,D,27594423
2024-06-24,I,7154180
2024-06-25,D,27580829
2024-06-25,I,7167570
2024-06-26,D,27581122
2024-06-26,I,7143568
2024-06-27,D,27564579
2024-06-27,I,7158198
2024-06-28,D,27612897
2024-06-28,I,7218738
2024-07-01,D,27686612
2024-07-01,I,7154448
2024-07-02,D,27696948
2024-07-02,I,7169093
2024-07-03,D,27696496
2024-07-03,I,7151073
2024-07-05,D,27693475
2024-07-05,I,7158726
2024-07-08,D,27693673
2024-07-08,I,7163717
2024-07-09,D,27709504
2024-07-09,I,7174867
2024-07-10,D,27710406
2024-07-10,I,7150915
2024-07-11,D,27733802
2024-07-11,I,7155137
2024-07-12,D,27734096
2024-07-12,I,7155117
2024-07-15,D,27750725
2024-07-15,I,7160923
2024-07-16,D,27775830
2024-07-16,I,7164324
2024-07-17,D,27775356
2024-07-17,I,7147922
2024-07-18,D,27794421
2024-07-18,I,7151542
2024-07-19,D,27793281
2024-07-19,I,7150971
2024-07-22,D,27793301
2024-07-22,I,7156838
2024-07-23,D,27817639
2024-07-23,I,7170482
2024-07-24,D,27817951
2024-07-24,I,7151627
2024-07-25,D,27834324
2024-07-25,I,7163217
2024-07-26,D,27834220
2024-07-26,I,7167058
2024-07-29,D,27834327
2024-07-29,I,7170089
2024-07-30,D,27864368
2024-07-30,I,7178842
2024-07-31,D,27930512
2024-07-31,I,7174259
2024-08-01,D,27946898
2024-08-01,I,7112505
2024-08-02,D,27946833
2024-08-02,I,7104596
2024-08-05,D,27945958
2024-08-05,I,7113299
2024-08-06,D,27969087
2024-08-06,I,7116699
2024-08-07,D,27969804
2024-08-07,I,7124952
2024-08-08,D,27992304
2024-08-08,I,7131024
2024-08-09,D,27991431
2024-08-09,I,7131096
2024-08-12,D,27992487
2024-08-12,I,7134363
2024-08-13,D,28017164
2024-08-13,I,7143186
2024-08-14,D,28017226
2024-08-14,I,7120398
2024-08-15,D,28032946
2024-08-15,I,7136218
2024-08-16,D,28030070
2024-08-16,I,7137158
2024-08-19,D,28030148
2024-08-19,I,7147886
2024-08-20,D,28055639
2024-08-20,I,7160261
2024-08-21,D,28056284
2024-08-21,I,7137715
2024-08-22,D,28067310
2024-08-22,I,7143041
2024-08-23,D,28067341
2024-08-23,I,7146626
2024-08-26,D,28066894
2024-08-26,I,7158290
2024-08-27,D,28122458
2024-08-27,I,7167034
2024-08-28,D,28122422
2024-08-28,I,7147274
2024-08-29,D,28132285
2024-08-29,I,7147491
2024-08-30,D,28168005
2024-08-30,I,7088052
2024-09-03,D,28252445
2024-09-03,I,7067242
2024-09-04,D,28254186
2024-09-04,I,7089639
2024-09-05,D,28258351
2024-09-05,I,7087221
2024-09-06,D,28253281
2024-09-06,I,7089805
2024-09-09,D,28253300
2024-09-09,I,7093333
2024-09-10,D,28232619
2024-09-10,I,7098542
2024-09-11,D,28232461
2024-09-11,I,7076724
2024-09-12,D,28193986
2024-09-12,I,7079894
2024-09-13,D,28188906
2024-09-13,I,7079875
2024-09-16,D,28245786
2024-09-16,I,7100684
2024-09-17,D,28227360
2024-09-17,I,7123482
2024-09-18,D,28228475
2024-09-18,I,7102795
2024-09-19,D,28220680
2024-09-19,I,7106966
2024-09-20,D,28214575
2024-09-20,I,7105136
2024-09-23,D,28215447
2024-09-23,I,7109189
2024-09-24,D,28195894
2024-09-24,I,7128432
2024-09-25,D,28194235
2024-09-25,I,7109730
2024-09-26,D,28182179
2024-09-26,I,7114188
2024-09-27,D,28208787
2024-09-27,I,7112551
2024-09-30,D,28307312
2024-09-30,I,7157362
2024-10-01,D,28312629
2024-10-01,I,7356318
2024-10-02,D,28313723
2024-10-02,I,7364038
2024-10-03,D,28322639
2024-10-03,I,7355157
2024-10-04,D,28323365
2024-10-04,I,7357150
2024-10-07,D,28321844
2024-10-07,I,7360774
2024-10-08,D,28341720
2024-10-08,I,7375985
2024-10-09,D,28341479
2024-10-09,I,7352362
2024-10-10,D,28353946
2024-10-10,I,7326688
2024-10-11,D,28351123
2024-10-11,I,7356196
2024-10-15,D,28383518
2024-10-15,I,7367754
2024-10-16,D,28386150
2024-10-16,I,7357363
2024-10-17,D,28404121
2024-10-17,I,7364963
2024-10-18,D,28403747
2024-10-18,I,7365985
2024-10-21,D,28403842
2024-10-21,I,7368908
2024-10-22,D,28423307
2024-10-22,I,7379516
2024-10-23,D,28422500
2024-10-23,I,7354871
2024-10-24,D,28452334
2024-10-24,I,7356823
2024-10-25,D,28451879
2024-10-25,I,7363514
2024-10-28,D,28449761
2024-10-28,I,7367646
2024-10-29,D,28469427
2024-10-29,I,7379095
2024-10-30,D,28470182
2024-10-30,I,7376830
2024-10-31,D,28572149
2024-10-31,I,7379452
2024-11-01,D,28567526
2024-11-01,I,7299077
2024-11-04,D,28566348
2024-11-04,I,7318053
2024-11-05,D,28582003
2024-11-05,I,7329104
2024-11-06,D,28582118
2024-11-06,I,7329941
2024-11-07,D,28607119
2024-11-07,I,7336435
2024-11-08,D,28606361
2024-11-08,I,7339035
2024-11-12,D,28620033
2024-11-12,I,7343733
2024-11-13,D,28617935
2024-11-13,I,7332327
2024-11-14,D,28632426
2024-11-14,I,7333107
2024-11-15,D,28621284
2024-11-15,I,7337893
2024-11-18,D,28620974
2024-11-18,I,7343003
2024-11-19,D,28634183
2024-11-19,I,7358108
2024-11-20,D,28634760
2024-11-20,I,7339146
2024-11-21,D,28688858
2024-11-21,I,7346137
2024-11-22,D,28689194
2024-11-22,I,7358329
2024-11-25,D,28689638
2024-11-25,I,7363013
2024-11-26,D,28736542
2024-11-26,I,7377028
2024-11-27,D,28735908
2024-11-27,I,7354689
2024-11-29,D,28791208
2024-11-29,I,7296155
2024-12-02,D,28878761
2024-12-02,I,7292421
2024-12-03,D,28883515
2024-12-03,I,7285899
2024-12-04,D,28882393
2024-12-04,I,7288118
2024-12-05,D,28877400
2024-12-05,I,7289965
2024-12-06,D,28874999
2024-12-06,I,7291038
2024-12-09,D,28874169
2024-12-09,I,7298026
2024-12-10,D,28858224
2024-12-10,I,7305218
2024-12-11,D,28849932
2024-12-11,I,7282588
2024-12-12,D,28846562
2024-12-12,I,7286902
2024-12-13,D,28846614
2024-12-13,I,7287462
2024-12-16,D,28901404
2024-12-16,I,7291492
2024-12-17,D,28876691
2024-12-17,I,7312655
2024-12-18,D,28875451
2024-12-18,I,7292153
2024-12-19,D,28870055
2024-12-19,I,7297070
2024-12-20,D,28864783
2024-12-20,I,7296838
2024-12-23,D,28865106
2024-12-23,I,7325171
2024-12-24,D,28839544
2024-12-24,I,7307275
2024-12-26,D,28794989
2024-12-26,I,7317818
2024-12-27,D,28822585
2024-12-27,I,7321598
2024-12-30,D,28821350
2024-12-30,I,7328807
2024-12-31,D,28836996
2024-12-31,I,7381609
2025-01-02,D,28831965
2025-01-02,I,7337993
2025-01-03,D,28831652
2025-01-03,I,7332495
2025-01-06,D,28832259
2025-01-06,I,7339533
2025-01-07,D,28826479
2025-01-07,I,7352197
2025-01-08,D,28824060
2025-01-08,I,7329685
2025-01-09,D,28832160
2025-01-09,I,7334233
2025-01-10,D,28832716
2025-01-10,I,7336804
2025-01-13,D,28832556
2025-01-13,I,7340899
2025-01-14,D,28850229
2025-01-14,I,7350678
2025-01-15,D,28832352
2025-01-15,I,7341819
2025-01-16,D,28846012
2025-01-16,I,7351499
2025-01-17,D,28845583
2025-01-17,I,7361010
2025-01-21,D,28863464
2025-01-21,I,7354794
2025-01-22,D,28863026
2025-01-22,I,7354465
2025-01-23,D,28880822
2025-01-23,I,7341181
2025-01-24,D,28881218
2025-01-24,I,7340010
2025-01-27,D,28862375
2025-01-27,I,7356531
2025-01-28,D,28851969
2025-01-28,I,7367968
2025-01-29,D,28852559
2025-01-29,I,7366602
2025-01-30,D,28850151
2025-01-30,I,7371292
2025-01-31,D,28911509
2025-01-31,I,7308698
2025-02-03,D,28923986
2025-02-03,I,7293893
2025-02-04,D,28897398
2025-02-04,I,7321503
2025-02-05,D,28895706
2025-02-05,I,7322418
2025-02-06,D,28892938
2025-02-06,I,7327423
2025-02-07,D,28891247
2025-02-07,I,7328335
2025-02-10,D,28882844
2025-02-10,I,7334400
2025-02-11,D,28873691
2025-02-11,I,7344578
2025-02-12,D,28896395
2025-02-12,I,7321093
2025-02-13,D,28896005
2025-02-13,I,7323759
2025-02-14,D,28895337
2025-02-14,I,7323646
2025-02-18,D,28876079
2025-02-18,I,7343514
2025-02-19,D,28878511
2025-02-19,I,7340301
2025-02-20,D,28869749
2025-02-20,I,7353240
2025-02-21,D,28862509
2025-02-21,I,7359703
2025-02-24,D,28846870
2025-02-24,I,7373009
2025-02-25,D,28837113
2025-02-25,I,7383637
2025-02-26,D,28855310
2025-02-26,I,7364671
2025-02-27,D,28855107
2025-02-27,I,7366843
2025-02-28,D,28914411
2025-02-28,I,7304513
2025-03-03,D,28930823
2025-03-03,I,7285804
2025-03-04,D,28906020
2025-03-04,I,7311438
2025-03-05,D,28904525
2025-03-05,I,7312171
2025-03-06,D,28910964
2025-03-06,I,7307623
2025-03-07,D,28909914
2025-03-07,I,7307911
2025-03-10,D,28903192
2025-03-10,I,7312344
2025-03-11,D,28890925
2025-03-11,I,7325421
2025-03-12,D,28912908
2025-03-12,I,7302680
2025-03-13,D,28910212
2025-03-13,I,7307198
2025-03-14,D,28937109
2025-03-14,I,7279547
2025-03-17,D,28928035
2025-03-17,I,7286359
2025-03-18,D,28908695
2025-03-18,I,7306518
2025-03-19,D,28931615
2025-03-19,I,7282853
2025-03-20,D,28931004
2025-03-20,I,7287218
2025-03-21,D,28927403
2025-03-21,I,7290078
2025-03-24,D,28924758
2025-03-24,I,7290501
2025-03-25,D,28900195
2025-03-25,I,7315899
2025-03-26,D,28922609
2025-03-26,I,7292748
2025-03-27,D,28921459
2025-03-27,I,7295745
2025-03-28,D,28918638
2025-03-28,I,7297833
2025-03-31,D,28909509
2025-03-31,I,7304802
2025-04-01,D,28945059
2025-04-01,I,7270098
2025-04-02,D,28941617
2025-04-02,I,7272809
2025-04-03,D,28960434
2025-04-03,I,7256061
2025-04-04,D,28956155
2025-04-04,I,7259607
2025-04-07,D,28947771
2025-04-07,I,7265790
2025-04-08,D,28936032
2025-04-08,I,7278477
2025-04-09,D,28958992
2025-04-09,I,7254779
2025-04-10,D,28952824
2025-04-10,I,7262877
2025-04-11,D,28952084
2025-04-11,I,7262882
2025-04-14,D,28942463
2025-04-14,I,7270299
2025-04-15,D,28904114
2025-04-15,I,7310211
2025-04-16,D,28917184
2025-04-16,I,7296406
2025-04-17,D,28913509
2025-04-17,I,7303971
2025-04-18,D,28904330
2025-04-18,I,7312425
2025-04-21,D,28897595
2025-04-21,I,7316982
2025-04-22,D,28885293
2025-04-22,I,7330177
2025-04-23,D,28901935
2025-04-23,I,7312815
2025-04-24,D,28886899
2025-04-24,I,7329792
2025-04-25,D,28886706
2025-04-25,I,7329268
2025-04-28,D,28880206
2025-04-28,I,7333614
2025-04-29,D,28870045
2025-04-29,I,7344670
2025-04-30,D,28852661
2025-04-30,I,7360896
2025-05-01,D,28910032
2025-05-01,I,7305545
2025-05-02,D,28913077
2025-05-02,I,7301783
2025-05-05,D,28900702
2025-05-05,I,7312008
2025-05-06,D,28888856
2025-05-06,I,7324747
2025-05-07,D,28885834
2025-05-07,I,7327052
2025-05-08,D,28879495
2025-05-08,I,7335401
2025-05-09,D,28879731
2025-05-09,I,7334450
2025-05-12,D,28873315
2025-05-12,I,7338721
2025-05-13,D,28858866
2025-05-13,I,7354113
2025-05-14,D,28883690
2025-05-14,I,7328571
2025-05-15,D,28880432
2025-05-15,I,7335997
2025-05-16,D,28877879
2025-05-16,I,7337836
2025-05-19,D,28867569
2025-05-19,I,7346002
2025-05-20,D,28855901
2025-05-20,I,7358574
2025-05-21,D,28877912
2025-05-21,I,7335849
2025-05-22,D,28875495
2025-05-22,I,7340306
2025-05-23,D,28863100
2025-05-23,I,7351988
2025-05-27,D,28856796
2025-05-27,I,7357058
2025-05-28,D,28867570
2025-05-28,I,7345571
2025-05-29,D,28871681
2025-05-29,I,7343496
2025-05-30,D,28952461
2025-05-30,I,7263357
2025-06-02,D,28956815
2025-06-02,I,7257586
2025-06-03,D,28964891
2025-06-03,I,7250317
2025-06-04,D,28953598
2025-06-04,I,7260904
2025-06-05,D,28949059
2025-06-05,I,7267331
2025-06-06,D,28947315
2025-06-06,I,7268370
2025-06-09,D,28937735
2025-06-09,I,7275838
2025-06-10,D,28925283
2025-06-10,I,7288998
2025-06-11,D,28947462
2025-06-11,I,7266120
2025-06-12,D,28944696
2025-06-12,I,7272756
2025-06-13,D,28943678
2025-06-13,I,7273079
2025-06-16,D,28907522
2025-06-16,I,7307148
2025-06-17,D,28884822
2025-06-17,I,7330576
2025-06-18,D,28905136
2025-06-18,I,7309571
2025-06-20,D,28900786
2025-06-20,I,7315088
2025-06-23,D,28890045
2025-06-23,I,7323764
2025-06-24,D,28860859
2025-06-24,I,7353694
2025-06-25,D,28888759
2025-06-25,I,7325111
2025-06-26,D,28887012
2025-06-26,I,7328794
2025-06-27,D,28886927
2025-06-27,I,7328198
2025-06-30,D,28953497
2025-06-30,I,7257973
2025-07-01,D,29015376
2025-07-01,I,7199106
2025-07-02,D,29010089
2025-07-02,I,7203709
2025-07-03,D,29030140
2025-07-03,I,7185729
2025-07-07,D,29217069
2025-07-07,I,7365244
2025-07-08,D,29246985
2025-07-08,I,7378830
2025-07-09,D,29245896
2025-07-09,I,7354750
2025-07-10,D,29237385
2025-07-10,I,7357717
2025-07-11,D,29236040
2025-07-11,I,7359760
2025-07-14,D,29235163
2025-07-14,I,7363182
2025-07-15,D,29278468
2025-07-15,I,7373143
2025-07-16,D,29279025
2025-07-16,I,7348830
2025-07-17,D,29296843
2025-07-17,I,7358438
2025-07-18,D,29296992
2025-07-18,I,7356927
2025-07-21,D,29297585
2025-07-21,I,7364109
2025-07-22,D,29332748
2025-07-22,I,7378785
2025-07-23,D,29332906
2025-07-23,I,7354032
2025-07-24,D,29361169
2025-07-24,I,7360362
2025-07-25,D,29361463
2025-07-25,I,7371437
2025-07-28,D,29361632
2025-07-28,I,7373294
2025-07-29,D,29423243
2025-07-29,I,7380594
2025-07-30,D,29422822
2025-07-30,I,7379419
2025-07-31,D,29531341
2025-07-31,I,7385647
2025-08-01,D,29522549
2025-08-01,I,7304354
2025-08-04,D,29523300
2025-08-04,I,7314865
2025-08-05,D,29601407
2025-08-05,I,7329045
2025-08-06,D,29601946
2025-08-06,I,7348514
2025-08-07,D,29642705
2025-08-07,I,7353501
2025-08-08,D,29642974
2025-08-08,I,7355518
2025-08-11,D,29643535
2025-08-11,I,7361283
2025-08-12,D,29698695
2025-08-12,I,7371728
2025-08-13,D,29698493
2025-08-13,I,7346845
2025-08-14,D,29741150
2025-08-14,I,7348280
2025-08-15,D,29771411
2025-08-15,I,7365872
2025-08-18,D,29771883
2025-08-18,I,7372194
2025-08-19,D,29818545
2025-08-19,I,7390311
2025-08-20,D,29814986
2025-08-20,I,7365205
2025-08-21,D,29860626
2025-08-21,I,7371663
2025-08-22,D,29858032
2025-08-22,I,7376034
2025-08-25,D,29858744
2025-08-25,I,7395479
2025-08-26,D,29905785
2025-08-26,I,7299102
2025-08-27,D,29904189
2025-08-27,I,7379780
2025-08-28,D,29931515
2025-08-28,I,7378639
2025-08-29,D,29968531
2025-08-29,I,7305735
2025-09-02,D,30105890
2025-09-02,I,7307648
2025-09-03,D,30106522
2025-09-03,I,7306158
2025-09-04,D,30121675
2025-09-04,I,7308453
2025-09-05,D,30121224
2025-09-05,I,7312365
2025-09-08,D,30121189
2025-09-08,I,7319421
2025-09-09,D,30141157
2025-09-09,I,7332730
2025-09-10,D,30141502
2025-09-10,I,7309242
2025-09-11,D,30156525
2025-09-11,I,7314309
2025-09-12,D,30156636
2025-09-12,I,7305163
2025-09-15,D,30235402
2025-09-15,I,7298580
2025-09-16,D,30185859
2025-09-16,I,7316899
2025-09-17,D,30185927
2025-09-17,I,7306709
2025-09-18,D,30200453
2025-09-18,I,7309371
2025-09-19,D,30197444
2025-09-19,I,7308309
2025-09-22,D,30198287
2025-09-22,I,7313457
2025-09-23,D,30143074
2025-09-23,I,7326622
2025-09-24,D,30144753
2025-09-24,I,7309784
2025-09-25,D,30155538
2025-09-25,I,7312355
2025-09-26,D,30184180
2025-09-26,I,7315524
2025-09-29,D,30183799
2025-09-29,I,7322655
2025-09-30,D,30277766
2025-09-30,I,7359787
2025-10-01,D,30275548
2025-10-01,I,7588512
2025-10-02,D,30285435
2025-10-02,I,7596408
2025-10-03,D,30283066
2025-10-03,I,7569590
2025-10-06,D,30284584
2025-10-06,I,7578657
2025-10-07,D,30302394
2025-10-07,I,7587363
2025-10-08,D,30300449
2025-10-08,I,7563389
2025-10-09,D,30315051
2025-10-09,I,7568880
2025-10-10,D,30315775
2025-10-10,I,7569661
2025-10-14,D,30344241
2025-10-14,I,7574716
2025-10-15,D,30383103
2025-10-15,I,7559533
2025-10-16,D,30406659
2025-10-16,I,7559895
2025-10-17,D,30407497
2025-10-17,I,7569809
2025-10-20,D,30407776
2025-10-20,I,7572498
2025-10-21,D,30437767
2025-10-21,I,7582046
2025-10-22,D,30439169
2025-10-22,I,7551504
2025-10-23,D,30462506
2025-10-23,I,7545631
2025-10-24,D,30462318
2025-10-24,I,7546708
2025-10-27,D,30463894
2025-10-27,I,7578298
2025-10-28,D,30490669
2025-10-28,I,7586265
2025-10-29,D,30490068
2025-10-29,I,7588477
2025-10-30,D,30516172
2025-10-30,I,7592759
2025-10-31,D,30570708
2025-10-31,I,7469385
2025-11-03,D,30567834
2025-11-03,I,7436533
2025-11-04,D,30588446
2025-11-04,I,7458794
2025-11-05,D,30589654
2025-11-05,I,7501872
2025-11-06,D,30610667
2025-11-06,I,7507601
2025-11-07,D,30611509
2025-11-07,I,7505716
2025-11-10,D,30613347
2025-11-10,I,7512385
2025-11-12,D,30629115
2025-11-12,I,7492102
2025-11-13,D,30653919
2025-11-13,I,7496797
2025-11-14,D,30654607
2025-11-14,I,7499125
2025-11-17,D,30675160
2025-11-17,I,7506025
2025-11-18,D,30690574
2025-11-18,I,7574781
2025-11-19,D,30687812
2025-11-19,I,7611561
2025-11-20,D,30707975
2025-11-20,I,7618992
2025-11-21,D,30706639
2025-11-21,I,7626891
2025-11-24,D,30706241
2025-11-24,I,7630050
2025-11-25,D,30722912
2025-11-25,I,7637930
2025-11-26,D,30720878
2025-11-26,I,7614390
2025-11-28,D,30774117
2025-11-28,I,7622094
2025-12-01,D,30853068
2025-12-01,I,7572605
2025-12-02,D,30843863
2025-12-02,I,7579902
2025-12-03,D,30843637
2025-12-03,I,7559895
2025-12-04,D,30824381
2025-12-04,I,7564988
2025-12-05,D,30822519
2025-12-05,I,7568014
2025-12-08,D,30822914
2025-12-08,I,7573043
2025-12-09,D,30793663
2025-12-09,I,7583447
2025-12-10,D,30793542
2025-12-10,I,7558658
2025-12-11,D,30787373
2025-12-11,I,7562422
2025-12-12,D,30774528
2025-12-12,I,7565013
2025-12-15,D,30852855
2025-12-15,I,7566525
2025-12-16,D,30816835
2025-12-16,I,7579345
2025-12-17,D,30816953
2025-12-17,I,7562044
2025-12-18,D,30807754
2025-12-18,I,7567617
2025-12-19,D,30804984
2025-12-19,I,7567886
2025-12-22,D,30804343
2025-12-22,I,7574070
2025-12-23,D,30765541
2025-12-23,I,7609809
2025-12-24,D,30767153
2025-12-24,I,7585694
2025-12-26,D,30789162
2025-12-26,I,7591374
2025-12-29,D,30788927
2025-12-29,I,7597457
2025-12-30,D,30758837
2025-12-30,I,7613317
2025-12-31,D,30846717
2025-12-31,I,7667293
2026-01-02,D,30830899
2026-01-02,I,7591920
2026-01-05,D,30829628
2026-01-05,I,7611460
2026-01-06,D,30809022
2026-01-06,I,7621388
2026-01-07,D,30810026
2026-01-07,I,7622262
2026-01-08,D,30806172
2026-01-08,I,7626415
2026-01-09,D,30803873
2026-01-09,I,7629457
2026-01-12,D,30802877
2026-01-12,I,7634824
2026-01-13,D,30786666
2026-01-13,I,7647187
2026-01-14,D,30787151
2026-01-14,I,7608911
2026-01-15,D,30811930
2026-01-15,I,7641179
2026-01-16,D,30811998
2026-01-16,I,7648242
2026-01-20,D,30824260
2026-01-20,I,7660445
2026-01-21,D,30825456
2026-01-21,I,7647920
2026-01-22,D,30841780
2026-01-22,I,7649018
2026-01-23,D,30839033
2026-01-23,I,7651987
2026-01-26,D,30839470
2026-01-26,I,7674054
2026-01-27,D,30878428
2026-01-27,I,7688686
2026-01-28,D,30876618
2026-01-28,I,7665925
2026-01-29,D,30898303
2026-01-29,I,7670198
2026-01-30,D,30919123
2026-01-30,I,7602245
2026-02-02,D,30915427
2026-02-02,I,7600224
2026-02-03,D,30957185
2026-02-03,I,7607093
2026-02-04,D,30956315
2026-02-04,I,7608198
2026-02-05,D,30974189
2026-02-05,I,7613428
2026-02-06,D,30969650
2026-02-06,I,7618897
2026-02-09,D,30969106
2026-02-09,I,7624101
2026-02-10,D,31010831
2026-02-10,I,7634899
2026-02-11,D,31009199
2026-02-11,I,7611574
2026-02-12,D,31032365
2026-02-12,I,7615391
2026-02-13,D,31031921
2026-02-13,I,7615434
2026-02-17,D,31087884
2026-02-17,I,7632443
2026-02-18,D,31088483
2026-02-18,I,7629004
2026-02-19,D,31112550
2026-02-19,I,7631028
2026-02-20,D,31113584
2026-02-20,I,7635436
2026-02-23,D,31113462
2026-02-23,I,7644610
2026-02-24,D,31129400
2026-02-24,I,7658382
2026-02-25,D,31126463
2026-02-25,I,7638419
2026-02-26,D,31149029
2026-02-26,I,7640563
2026-02-27,D,31186965
2026-02-27,I,7582841
2026-03-02,D,31244383
2026-03-02,I,7580081
2026-03-03,D,31268820
2026-03-03,I,7584532
2026-03-04,D,31271272
2026-03-04,I,7586399
2026-03-05,D,31281694
2026-03-05,I,7591836
2026-03-06,D,31280012
2026-03-06,I,7589806
2026-03-09,D,31280623
2026-03-09,I,7602178
2026-03-10,D,31298791
2026-03-10,I,7620071
2026-03-11,D,31285946
2026-03-11,I,7596476
2026-03-12,D,31300175
2026-03-12,I,7600704
2026-03-13,D,31300165
2026-03-13,I,7602472
2026-03-16,D,31381345
2026-03-16,I,7610842
2026-03-17,D,31379707
2026-03-17,I,7637056
2026-03-18,D,31364648
2026-03-18,I,7612180
2026-03-19,D,31385414
2026-03-19,I,7616851
2026-03-20,D,31384605
2026-03-20,I,7617466
2026-03-23,D,31385567
2026-03-23,I,7621379
2026-03-24,D,31362014
2026-03-24,I,7637841
2026-03-25,D,31363230
2026-03-25,I,7627369
2026-03-26,D,31361116
2026-03-26,I,7629274
2026-03-27,D,31388493
2026-03-27,I,7627139
2026-03-30,D,31385929
2026-03-30,I,7637099
2026-03-31,D,31431182
2026-03-31,I,7634239
2026-04-01,D,31431329
2026-04-01,I,7584863
2026-04-02,D,31409363
2026-04-02,I,7590901
2026-04-03,D,31409492
2026-04-03,I,7572263
2026-04-06,D,31413834
2026-04-06,I,7580267
2026-04-07,D,31371921
2026-04-07,I,7598021
2026-04-08,D,31373299
2026-04-08,I,7576626
2026-04-09,D,31364680
2026-04-09,I,7578111
2026-04-10,D,31363211
2026-04-10,I,7583331
2026-04-13,D,31364173
2026-04-13,I,7590752
2026-04-14,D,31327077
2026-04-14,I,7606327
2026-04-15,D,31374528
2026-04-15,I,7613943
2026-04-16,D,31359379
2026-04-16,I,7626618
2026-04-17,D,31344221
2026-04-17,I,7635097
2026-04-20,D,31343959
2026-04-20,I,7648823
2026-04-21,D,31317297
2026-04-21,I,7661964
2026-04-22,D,31318022
2026-04-22,I,7639818
2026-04-23,D,31289250
2026-04-23,I,7646237
2026-04-24,D,31289225
2026-04-24,I,7664445
2026-04-27,D,31289756
2026-04-27,I,7671199
2026-04-28,D,31266605
2026-04-28,I,7685187
2026-04-29,D,31264483
2026-04-29,I,7687593
2026-04-30,D,31272490
2026-04-30,I,7695344
2026-05-01,D,31271958
2026-05-01,I,7610190
2026-05-04,D,31274803
2026-05-04,I,7630231
2026-05-05,D,31261787
2026-05-05,I,7648832
2026-05-06,D,31263384
2026-05-06,I,7655454
2026-05-07,D,31262326
2026-05-07,I,7669326
2026-05-08,D,31260346
2026-05-08,I,7677130
2026-05-11,D,31262108
2026-05-11,I,7684692
2026-05-12,D,31268302
2026-05-12,I,7699993
2026-05-13,D,31269242
2026-05-13,I,7673382
2026-05-14,D,31277752
2026-05-14,I,7676715
2026-05-15,D,31315583
2026-05-15,I,7681661
2026-05-18,D,31317917
2026-05-18,I,7691083
2026-05-19,D,31359065
2026-05-19,I,7711687
2026-05-20,D,31358950
2026-05-20,I,7690690
2026-05-21,D,31374789
2026-05-21,I,7696412
2026-05-22,D,31400818
2026-05-22,I,7711374
2026-05-26,D,31447423
2026-05-26,I,7723732
2026-05-27,D,31450453
2026-05-27,I,7712850
2026-05-28,D,31466045
2026-05-28,I,7710257
2026-05-29,D,31515370
2026-05-29,I,7692390
2026-06-01,D,31581373
2026-06-01,I,7614129
2026-06-02,D,31597886
2026-06-02,I,7624098
2026-06-03,D,31599704
2026-06-03,I,7605271
2026-06-04,D,31610719
2026-06-04,I,7621432
2026-06-05,D,31597881
2026-06-05,I,7621701
2026-06-08,D,31600133
2026-06-08,I,7630253
2026-06-09,D,31595465
2026-06-09,I,7646258
2026-06-10,D,31592370
2026-06-10,I,7620897
2026-06-11,D,31594718
2026-06-11,I,7626068
2026-06-12,D,31582353
2026-06-12,I,7627631
2026-06-15,D,31662561
2026-06-15,I,7630513
2026-06-16,D,31642664
2026-06-16,I,7647202
2026-06-17,D,31643345
2026-06-17,I,7639708
2026-06-18,D,31613484
2026-06-18,I,7691810
2026-06-22,D,31625611
2026-06-22,I,7698121
2026-06-23,D,31606134
2026-06-23,I,7714474
2026-06-24,D,31606937
2026-06-24,I,7713572
2026-06-25,D,31594497
2026-06-25,I,7716525
2026-06-26,D,31620872
2026-06-26,I,7716631
2026-06-29,D,31621330
2026-06-29,I,7724011
2026-06-30,D,31681308
2026-06-30,I,7781090
2026-07-01,D,31677635
2026-07-01,I,7711670
2026-07-02,D,31678903
2026-07-02,I,7696351
2026-07-03,D,31676897
2026-07-03,I,7699093
2026-07-06,D,31680155
2026-07-06,I,7707726
2026-07-07,D,31696800
2026-07-07,I,7718177
2026-07-08,D,31695882
2026-07-08,I,7699095
2026-07-09,D,31709399
2026-07-09,I,7704780
2026-07-10,D,31707317
2026-07-10,I,7705664
2026-07-13,D,31707770
2026-07-13,I,7710135
2026-07-14,D,31751115
2026-07-14,I,7719037
2026-07-15,D,31793477
2026-07-15,I,7695139
2026-07-16,D,31818450
2026-07-16,I,7700409
2026-07-17,D,31816915
2026-07-17,I,7764933
2026-07-20,D,31817641
2026-07-20,I,7770602
2026-07-21,D,31874795
2026-07-21,I,7785574
2026-07-22,D,31874681
2026-07-22,I,7761118
2026-07-23,D,31911919
2026-07-23,I,7765019
2026-07-24,D,31922906
2026-07-24,I,7769469
2026-07-27,D,31923703
2026-07-27,I,7790261
2026-07-28,D,31995279
2026-07-28,I,7801874
2026-07-29,D,31994676
2026-07-29,I,7804943
2026-07-30,D,32035731
2026-07-30,I,7805383
2026-07-31,D,32045864
2026-07-31,I,7725753
2026-08-03,D,32038116
2026-08-03,I,7701107
2026-08-04,D,32100703
2026-08-04,I,7727732
2026-08-05,D,32101179
2026-08-05,I,7728473
2026-08-06,D,32148911
2026-08-06,I,7741353
2026-08-07,D,32144621
2026-08-07,I,7740627
2026-08-10,D,32143066
2026-08-10,I,7748708
2026-08-11,D,32182461
2026-08-11,I,7759469
2026-08-12,D,32180112
2026-08-12,I,7733417
2026-08-13,D,32200971
2026-08-13,I,7733845
2026-08-14,D,32200393
2026-08-14,I,7733241
2026-08-17,D,32227199
2026-08-17,I,7759459
2026-08-18,D,32265799
2026-08-18,I,7781627
2026-08-19,D,32263509
2026-08-19,I,7749192
2026-08-20,D,32278965
2026-08-20,I,7754292
2026-08-21,D,32276142
2026-08-21,I,7756735
2026-08-24,D,32274807
2026-08-24,I,7760579
2026-08-25,D,32307785
2026-08-25,I,7791079
2026-08-26,D,32305770
2026-08-26,I,7763982
2026-08-27,D,32313803
2026-08-27,I,7763727
2026-08-28,D,32340689
2026-08-28,I,7763409
2026-08-31,D,32414989
2026-08-31,I,7760652
2026-09-01,D,32420529
2026-09-01,I,7691935
2026-09-02,D,32421027
2026-09-02,I,7696018
2026-09-03,D,32423635
2026-09-03,I,7679329
2026-09-04,D,32410786
2026-09-04,I,7683805
