month_end_serial,first_issued,prefix,coupon,maturity_serial,type,total,rbnz_issued,eqc,sresl,market
Month end,Date First Issued,Loan Prefix,Coupon,Maturity Date,Type,Total Amt Outstanding (Incl RB + EQC + SRESL) (NZ$m),RBNZ (NZ$m) (includes bonds on repo to the market),EQC  (NZ$m),SRESL(NZ$m),Market Bonds (NZ$m)
36556,8/1993,0200,6.5000000000000002E-2,36571,Nominal,2825.3,450,294,0,2081.3000000000002
36556,8/1995,0201,0.08,36937,Nominal,3666,500,516,0,2650
36556,4/1990,XL08,4.5499999999999999E-2,37149,Nominal,65.099999999999994,0,0,0,65.099999999999994
36556,5/1984,0008,4.5499999999999999E-2,37149,Nominal,10.9,0,5,0,5.9
36556,3/1991,TE48,0.1,37330,Nominal,2954.8,150,292.8,0,2512
36556,10/1998,0403,5.5E-2,37726,Nominal,2144,150,246,0,1748
36556,8/1992,TE52,0.08,38092,Nominal,3660.5,150,466.5,0,3044
36556,8/1994,1106,0.08,39036,Nominal,3615.8,450,388.8,0,2777
36556,7/1997,0709,7.0000000000000007E-2,40009,Nominal,3752,350,400,0,3002
36556,4/1999,1111,0.06,40862,Nominal,850,0,0,0,850
36556,11/1995,0216,4.4999999999999998E-2,42415,Inflation-Indexed,1446,0,275,0,1171
-,-,-,-,-,-,-,-,-,-,-
36585,8/1995,0201,8.00%,36937,Nominal,3666,500,516,0,2650
36585,5/1984,0008,4.55%,37149,Nominal,10.9,0,5,0,5.9
36585,4/1990,XL08,4.55%,37149,Nominal,65.099999999999994,0,0,0,65.099999999999994
36585,3/1991,TE48,10.00%,37330,Nominal,3044.8,150,382.8,0,2512
36585,10/1998,0403,5.50%,37726,Nominal,2499,350,276,0,1873
36585,8/1992,TE52,8.00%,38092,Nominal,3660.5,150,466.5,0,3044
36585,8/1994,1106,8.00%,39036,Nominal,3630.8,450,403.8,0,2777
36585,7/1997,0709,7.00%,40009,Nominal,3767,350,415,0,3002
36585,4/1999,1111,6.00%,40862,Nominal,1440,400,65,0,975
36585,11/1995,0216,4.50%,42415,Inflation-Indexed,1521,0,350,0,1171
-,-,-,-,-,-,-,-,-,-,-
36616,8/1995,0201,8.00%,36937,Nominal,3666,500,516,0,2650
36616,5/1984,0008,4.55%,37149,Nominal,10.9,0,5,0,5.9
36616,4/1990,XL08,4.55%,37149,Nominal,65.099999999999994,0,0,0,65.099999999999994
36616,3/1991,TE48,10.00%,37330,Nominal,3044.8,150,382.8,0,2512
36616,10/1998,0403,5.50%,37726,Nominal,2644,350,296,0,1998
36616,8/1992,TE52,8.00%,38092,Nominal,3660.5,150,466.5,0,3044
36616,8/1994,1106,8.00%,39036,Nominal,3660.8,450,433.8,0,2777
36616,7/1997,0709,7.00%,40009,Nominal,3812,350,460,0,3002
36616,4/1999,1111,6.00%,40862,Nominal,1720,400,220,0,1100
36616,11/1995,0216,4.50%,42415,Inflation-Indexed,1521,0,350,0,1171
-,-,-,-,-,-,-,-,-,-,-
36646,8/1995,0201,8.00%,36937,Nominal,3666,500,516,0,2650
36646,5/1984,0008,4.55%,37149,Nominal,10.9,0,5,0,5.9
36646,4/1990,XL08,4.55%,37149,Nominal,65.099999999999994,0,0,0,65.099999999999994
36646,3/1991,TE48,10.00%,37330,Nominal,3044.8,150,382.8,0,2512
36646,10/1998,0403,5.50%,37726,Nominal,2758,350,310,0,2098
36646,8/1992,TE52,8.00%,38092,Nominal,3660.5,150,466.5,0,3044
36646,8/1994,1106,8.00%,39036,Nominal,3660.8,450,433.8,0,2777
36646,7/1997,0709,7.00%,40009,Nominal,3812,350,460,0,3002
36646,4/1999,1111,6.00%,40862,Nominal,1834,400,234,0,1200
36646,11/1995,0216,4.50%,42415,Inflation-Indexed,1521,0,350,0,1171
-,-,-,-,-,-,-,-,-,-,-
36677,8/1995,0201,8.00%,36937,Nominal,3666,500,516,0,2650
36677,5/1984,0008,4.55%,37149,Nominal,10.9,0,5,0,5.9
36677,4/1990,XL08,4.55%,37149,Nominal,65.099999999999994,0,0,0,65.099999999999994
36677,3/1991,TE48,10.00%,37330,Nominal,3044.8,150,382.8,0,2512
36677,10/1998,0403,5.50%,37726,Nominal,2958,450,310,0,2198
36677,8/1992,TE52,8.00%,38092,Nominal,3660.5,150,466.5,0,3044
36677,8/1994,1106,8.00%,39036,Nominal,3684.8,450,457.8,0,2777
36677,7/1997,0709,7.00%,40009,Nominal,3812,350,460,0,3002
36677,4/1999,1111,6.00%,40862,Nominal,1984,450,234,0,1300
36677,11/1995,0216,4.50%,42415,Inflation-Indexed,1521,0,350,0,1171
-,-,-,-,-,-,-,-,-,-,-
36707,8/1995,0201,8.00%,36937,Nominal,3666,500,516,0,2650
36707,5/1984,0008,4.55%,37149,Nominal,10.9,0,5,0,5.9
36707,4/1990,XL08,4.55%,37149,Nominal,65.099999999999994,0,0,0,65.099999999999994
36707,3/1991,TE48,10.00%,37330,Nominal,3044.8,150,382.8,0,2512
36707,10/1998,0403,5.50%,37726,Nominal,3058,450,310,0,2298
36707,8/1992,TE52,8.00%,38092,Nominal,3660.5,150,466.5,0,3044
36707,8/1994,1106,8.00%,39036,Nominal,3684.8,450,457.8,0,2777
36707,7/1997,0709,7.00%,40009,Nominal,3812,350,460,0,3002
36707,4/1999,1111,6.00%,40862,Nominal,2084,450,234,0,1400
36707,11/1995,0216,4.50%,42415,Inflation-Indexed,1521,0,350,0,1171
-,-,-,-,-,-,-,-,-,-,-
36738,8/1995,0201,8.00%,36937,Nominal,3666,500,516,0,2650
36738,4/1990,XL08,4.55%,37149,Nominal,65.099999999999994,0,0,0,65.099999999999994
36738,5/1984,0008,4.55%,37149,Nominal,10.9,0,5,0,5.9
36738,3/1991,TE48,10.00%,37330,Nominal,3044.8,150,382.8,0,2512
36738,10/1998,0403,5.50%,37726,Nominal,3058,450,310,0,2298
36738,8/1992,TE52,8.00%,38092,Nominal,3660.5,150,466.5,0,3044
36738,8/1994,1106,8.00%,39036,Nominal,3684.8,450,457.8,0,2777
36738,7/1997,0709,7.00%,40009,Nominal,3812,350,460,0,3002
36738,4/1999,1111,6.00%,40862,Nominal,2084,450,234,0,1400
36738,11/1995,0216,4.50%,42415,Inflation-Indexed,1521,0,350,0,1171
-,-,-,-,-,-,-,-,-,-,-
36769,8/1995,0201,8.00%,36937,Nominal,3666,500,516,0,2650
36738,5/1984,0008,4.55%,37149,Nominal,10.9,0,5,0,5.9
36738,4/1990,XL08,4.55%,37149,Nominal,65.099999999999994,0,0,0,65.099999999999994
36738,3/1991,TE48,10.00%,37330,Nominal,3044.8,150,382.8,0,2512
36738,10/1998,0403,5.50%,37726,Nominal,3183,450,310,0,2423
36738,8/1992,TE52,8.00%,38092,Nominal,3660.5,150,466.5,0,3044
36738,8/1994,1106,8.00%,39036,Nominal,3684.8,450,457.8,0,2777
36738,7/1997,0709,7.00%,40009,Nominal,3812,350,460,0,3002
36738,4/1999,1111,6.00%,40862,Nominal,2259,450,284,0,1525
36738,11/1995,0216,4.50%,42415,Inflation-Indexed,1521,0,350,0,1171
-,-,-,-,-,-,-,-,-,-,-
36799,8/1995,0201,8.00%,36937,Nominal,3566,500,516,0,2550
36799,5/1984,0008,4.55%,37149,Nominal,10.9,0,5,0,5.9
36799,4/1990,XL08,4.55%,37149,Nominal,65.099999999999994,0,0,0,65.099999999999994
36799,3/1991,TE48,10.00%,37330,Nominal,3044.8,150,382.8,0,2512
36799,10/1998,0403,5.50%,37726,Nominal,3308,450,310,0,2548
36799,8/1992,TE52,8.00%,38092,Nominal,3660.5,150,466.5,0,3044
36799,8/1994,1106,8.00%,39036,Nominal,3684.8,450,457.8,0,2777
36799,7/1997,0709,7.00%,40009,Nominal,3835,350,483,0,3002
36799,4/1999,1111,6.00%,40862,Nominal,2384,450,284,0,1650
36799,11/1995,0216,4.50%,42415,Inflation-Indexed,1521,0,350,0,1171
-,-,-,-,-,-,-,-,-,-,-
36830,8/1995,0201,8.00%,36937,Nominal,3566,500,516,0,2550
36830,4/1990,XL08,4.55%,37149,Nominal,65.099999999999994,0,0,0,65.099999999999994
36830,5/1984,0008,4.55%,37149,Nominal,10.9,0,5,0,5.9
36830,3/1991,TE48,10.00%,37330,Nominal,3044.8,150,382.8,0,2512
36830,10/1998,0403,5.50%,37726,Nominal,3433,450,310,0,2673
36830,8/1992,TE52,8.00%,38092,Nominal,3660.5,150,466.5,0,3044
36830,8/1994,1106,8.00%,39036,Nominal,3684.8,450,457.8,0,2777
36830,7/1997,0709,7.00%,40009,Nominal,3835,350,483,0,3002
36830,4/1999,1111,6.00%,40862,Nominal,2509,450,284,0,1775
36830,11/1995,0216,4.50%,42415,Inflation-Indexed,1521,0,350,0,1171
-,-,-,-,-,-,-,-,-,-,-
36860,8/1995,0201,8.00%,36937,Nominal,3566,500,516,0,2550
36860,4/1990,XL08,4.55%,37149,Nominal,65.099999999999994,0,0,0,65.099999999999994
36860,5/1984,0008,4.55%,37149,Nominal,10.9,0,5,0,5.9
36860,3/1991,TE48,10.00%,37330,Nominal,3044.8,150,382.8,0,2512
36860,10/1998,0403,5.50%,37726,Nominal,3583,450,310,0,2823
36860,8/1992,TE52,8.00%,38092,Nominal,3660.5,150,466.5,0,3044
36860,8/1994,1106,8.00%,39036,Nominal,3684.8,450,457.8,0,2777
36860,7/1997,0709,7.00%,40009,Nominal,3835,350,483,0,3002
36860,4/1999,1111,6.00%,40862,Nominal,2659,450,284,0,1925
36860,11/1995,0216,4.50%,42415,Inflation-Indexed,1521,0,350,0,1171
-,-,-,-,-,-,-,-,-,-,-
36891,8/1995,0201,8.00%,36937,Nominal,3502,500,516,0,2486
36891,4/1990,XL08,4.55%,37149,Nominal,65.099999999999994,0,0,0,65.099999999999994
36891,5/1984,0008,4.55%,37149,Nominal,10.9,0,5,0,5.9
36891,3/1991,TE48,10.00%,37330,Nominal,3044.8,150,382.8,0,2512
36891,10/1998,0403,5.50%,37726,Nominal,3583,450,310,0,2823
36891,8/1992,TE52,8.00%,38092,Nominal,3660.5,150,466.5,0,3044
36891,12/2000,0205,6.50%,38398,Nominal,350,200,0,0,150
36891,8/1994,1106,8.00%,39036,Nominal,3684.8,450,457.8,0,2777
36891,7/1997,0709,7.00%,40009,Nominal,3835,350,483,0,3002
36891,4/1999,1111,6.00%,40862,Nominal,2864,450,339,0,2075
36891,11/1995,0216,4.50%,42415,Inflation-Indexed,1521,0,350,0,1171
-,-,-,-,-,-,-,-,-,-,-
36922,8/1995,0201,8.00%,36937,Nominal,2482,500,516,0,1466
36922,5/1984,0008,4.55%,37149,Nominal,10.9,0,5,0,5.9
36922,4/1990,XL08,4.55%,37149,Nominal,65.099999999999994,0,0,0,65.099999999999994
36922,3/1991,TE48,10.00%,37330,Nominal,3044.8,150,382.8,0,2512
36922,10/1998,0403,5.50%,37726,Nominal,3583,450,310,0,2823
36922,8/1992,TE52,8.00%,38092,Nominal,3660.5,150,466.5,0,3044
36922,12/2000,0205,6.50%,38398,Nominal,500,200,0,0,300
36922,8/1994,1106,8.00%,39036,Nominal,3684.8,450,457.8,0,2777
36922,7/1997,0709,7.00%,40009,Nominal,3835,350,483,0,3002
36922,4/1999,1111,6.00%,40862,Nominal,3014,450,339,0,2225
36922,11/1995,0216,4.50%,42415,Inflation-Indexed,1521,0,350,0,1171
-,-,-,-,-,-,-,-,-,-,-
36950,5/1984,0008,4.55%,37149,Nominal,10.9,0,5,0,5.9
36922,4/1990,XL08,4.55%,37149,Nominal,65.099999999999994,0,0,0,65.099999999999994
36922,3/1991,TE48,10.00%,37330,Nominal,3059.8,150,397.8,0,2512
36922,10/1998,0403,5.50%,37726,Nominal,3763,450,490,0,2823
36922,8/1992,TE52,8.00%,38092,Nominal,3672.5,150,478.5,0,3044
36922,12/2000,0205,6.50%,38398,Nominal,793,200,143,0,450
36922,8/1994,1106,8.00%,39036,Nominal,3711.8,450,484.8,0,2777
36922,7/1997,0709,7.00%,40009,Nominal,3855,350,503,0,3002
36922,4/1999,1111,6.00%,40862,Nominal,3295,450,470,0,2375
36922,11/1995,0216,4.50%,42415,Inflation-Indexed,1521,0,350,0,1171
-,-,-,-,-,-,-,-,-,-,-
36981,5/1984,0008,4.55%,37149,Nominal,10.9,0,5,0,5.9
36981,4/1990,XL08,4.55%,37149,Nominal,65.099999999999994,0,0,0,65.099999999999994
36981,3/1991,TE48,10.00%,37330,Nominal,3059.8,150,397.8,0,2512
36981,10/1998,0403,5.50%,37726,Nominal,3763,450,490,0,2823
36981,8/1992,TE52,8.00%,38092,Nominal,3672.5,150,478.5,0,3044
36981,12/2000,0205,6.50%,38398,Nominal,1318,575,143,0,600
36981,8/1994,1106,8.00%,39036,Nominal,3711.8,450,484.8,0,2777
36981,7/1997,0709,7.00%,40009,Nominal,3855,350,503,0,3002
36981,4/1999,1111,6.00%,40862,Nominal,3570,575,470,0,2525
36981,11/1995,0216,4.50%,42415,Inflation-Indexed,1521,0,350,0,1171
-,-,-,-,-,-,-,-,-,-,-
37011,4/1990,XL08,4.55%,37149,Nominal,65.099999999999994,0,0,0,65.099999999999994
37011,5/1984,0008,4.55%,37149,Nominal,10.9,0,5,0,5.9
37011,3/1991,TE48,10.00%,37330,Nominal,3059.8,150,397.8,0,2512
37011,10/1998,0403,5.50%,37726,Nominal,3763,450,490,0,2823
37011,8/1992,TE52,8.00%,38092,Nominal,3672.5,150,478.5,0,3044
37011,12/2000,0205,6.50%,38398,Nominal,1465,575,143,0,747
37011,8/1994,1106,8.00%,39036,Nominal,3711.8,450,484.8,0,2777
37011,7/1997,0709,7.00%,40009,Nominal,3855,350,503,0,3002
37011,4/1999,1111,6.00%,40862,Nominal,3741,575,470,0,2696
37011,11/1995,0216,4.50%,42415,Inflation-Indexed,1521,0,350,0,1171
-,-,-,-,-,-,-,-,-,-,-
37042,5/1984,0008,4.55%,37149,Nominal,10.9,0,5,0,5.9
37042,4/1990,XL08,4.55%,37149,Nominal,65.099999999999994,0,0,0,65.099999999999994
37042,3/1991,TE48,10.00%,37330,Nominal,3059.8,150,397.8,0,2512
37042,10/1998,0403,5.50%,37726,Nominal,3763,450,490,0,2823
37042,8/1992,TE52,8.00%,38092,Nominal,3672.5,150,478.5,0,3044
37042,12/2000,0205,6.50%,38398,Nominal,1640,575,143,0,922
37042,8/1994,1106,8.00%,39036,Nominal,3711.8,450,484.8,0,2777
37042,7/1997,0709,7.00%,40009,Nominal,3855,350,503,0,3002
37042,4/1999,1111,6.00%,40862,Nominal,3916,575,470,0,2871
37042,11/1995,0216,4.50%,42415,Inflation-Indexed,1521,0,350,0,1171
-,-,-,-,-,-,-,-,-,-,-
37072,5/1984,0008,4.55%,37149,Nominal,10.9,0,5,0,5.9
37072,4/1990,XL08,4.55%,37149,Nominal,65.099999999999994,0,0,0,65.099999999999994
37072,3/1991,TE48,10.00%,37330,Nominal,3059.8,150,397.8,0,2512
37072,10/1998,0403,5.50%,37726,Nominal,3763,450,490,0,2823
37072,8/1992,TE52,8.00%,38092,Nominal,3672.5,150,478.5,0,3044
37072,12/2000,0205,6.50%,38398,Nominal,1990,575,143,0,1272
37072,8/1994,1106,8.00%,39036,Nominal,3711.8,450,484.8,0,2777
37072,7/1997,0709,7.00%,40009,Nominal,3855,350,503,0,3002
37072,4/1999,1111,6.00%,40862,Nominal,3916,575,470,0,2871
37072,1/2008,0413,6.50%,41379,Nominal,350,0,0,0,350
37072,11/1995,0216,4.50%,42415,Inflation-Indexed,1521,0,350,0,1171
-,-,-,-,-,-,-,-,-,-,-
37103,5/1984,0008,4.55%,37149,Nominal,10.9,0,5,0,5.9
37103,4/1990,XL08,4.55%,37149,Nominal,65.099999999999994,0,0,0,65.099999999999994
37103,3/1991,TE48,10.00%,37330,Nominal,3059.8,150,397.8,0,2512
37103,10/1998,0403,5.50%,37726,Nominal,3763,450,490,0,2823
37103,8/1992,TE52,8.00%,38092,Nominal,3672.5,150,478.5,0,3044
37103,12/2000,0205,6.50%,38398,Nominal,2115,575,143,0,1397
37103,8/1994,1106,8.00%,39036,Nominal,3711.8,450,484.8,0,2777
37103,7/1997,0709,7.00%,40009,Nominal,3855,350,503,0,3002
37103,4/1999,1111,6.00%,40862,Nominal,3916,575,470,0,2871
37103,1/2008,0413,6.50%,41379,Nominal,575,100,0,0,475
37103,11/1995,0216,4.50%,42415,Inflation-Indexed,1521,0,350,0,1171
-,-,-,-,-,-,-,-,-,-,-
37134,5/1984,0008,4.55%,37149,Nominal,10.9,0,5,0,5.9
37134,4/1990,XL08,4.55%,37149,Nominal,65.099999999999994,0,0,0,65.099999999999994
37134,3/1991,TE48,10.00%,37330,Nominal,3059.8,150,397.8,0,2512
37134,10/1998,0403,5.50%,37726,Nominal,3763,450,490,0,2823
37134,8/1992,TE52,8.00%,38092,Nominal,3672.5,150,478.5,0,3044
37134,12/2000,0205,6.50%,38398,Nominal,2240,575,143,0,1522
37134,8/1994,1106,8.00%,39036,Nominal,3711.8,450,484.8,0,2777
37134,7/1997,0709,7.00%,40009,Nominal,3855,350,503,0,3002
37134,4/1999,1111,6.00%,40862,Nominal,3916,575,470,0,2871
37134,1/2008,0413,6.50%,41379,Nominal,700,100,0,0,600
37134,11/1995,0216,4.50%,42415,Inflation-Indexed,1521,0,350,0,1171
-,-,-,-,-,-,-,-,-,-,-
37164,3/1991,TE48,10.00%,37330,Nominal,3059.8,150,397.8,0,2512
37164,10/1998,0403,5.50%,37726,Nominal,3663,450,390,0,2823
37164,8/1992,TE52,8.00%,38092,Nominal,3672.5,150,478.5,0,3044
37164,12/2000,0205,6.50%,38398,Nominal,2390,575,143,0,1672
37164,8/1994,1106,8.00%,39036,Nominal,3711.8,450,484.8,0,2777
37164,7/1997,0709,7.00%,40009,Nominal,3855,350,503,0,3002
37164,4/1999,1111,6.00%,40862,Nominal,3916,575,470,0,2871
37164,1/2008,0413,6.50%,41379,Nominal,950,100,100,0,750
37164,11/1995,0216,4.50%,42415,Inflation-Indexed,1521,0,350,0,1171
-,-,-,-,-,-,-,-,-,-,-
37195,3/1991,TE48,10.00%,37330,Nominal,2669.8,150,397.8,0,2122
37195,10/1998,0403,5.50%,37726,Nominal,3663,450,390,0,2823
37195,8/1992,TE52,8.00%,38092,Nominal,3672.5,150,478.5,0,3044
37195,12/2000,0205,6.50%,38398,Nominal,2540,575,143,0,1822
37195,8/1994,1106,8.00%,39036,Nominal,3711.8,450,484.8,0,2777
37195,7/1997,0709,7.00%,40009,Nominal,3855,350,503,0,3002
37195,4/1999,1111,6.00%,40862,Nominal,3916,575,470,0,2871
37195,1/2008,0413,6.50%,41379,Nominal,1100,100,100,0,900
37195,11/1995,0216,4.50%,42415,Inflation-Indexed,1521,0,350,0,1171
-,-,-,-,-,-,-,-,-,-,-
37225,3/1991,TE48,10.00%,37330,Nominal,2531.8000000000002,150,397.8,0,1984
37225,10/1998,0403,5.50%,37726,Nominal,3663,450,390,0,2823
37225,8/1992,TE52,8.00%,38092,Nominal,3672.5,150,478.5,0,3044
37225,12/2000,0205,6.50%,38398,Nominal,2690,575,143,0,1972
37225,8/1994,1106,8.00%,39036,Nominal,3711.8,450,484.8,0,2777
37225,7/1997,0709,7.00%,40009,Nominal,3855,350,503,0,3002
37225,4/1999,1111,6.00%,40862,Nominal,3916,575,470,0,2871
37225,1/2008,0413,6.50%,41379,Nominal,1250,100,100,0,1050
37225,11/1995,0216,4.50%,42415,Inflation-Indexed,1521,0,350,0,1171
-,-,-,-,-,-,-,-,-,-,-
37256,3/1991,TE48,10.00%,37330,Nominal,2361.8000000000002,150,297.8,0,1914
37256,10/1998,0403,5.50%,37726,Nominal,3663,450,390,0,2823
37256,8/1992,TE52,8.00%,38092,Nominal,3672.5,150,478.5,0,3044
37256,12/2000,0205,6.50%,38398,Nominal,2910,575,213,0,2122
37256,8/1994,1106,8.00%,39036,Nominal,3711.8,450,484.8,0,2777
37256,7/1997,0709,7.00%,40009,Nominal,3855,350,503,0,3002
37256,4/1999,1111,6.00%,40862,Nominal,3916,575,470,0,2871
37256,1/2008,0413,6.50%,41379,Nominal,1430,100,130,0,1200
37256,11/1995,0216,4.50%,42415,Inflation-Indexed,1521,0,350,0,1171
-,-,-,-,-,-,-,-,-,-,-
37287,3/1991,TE48,10.00%,37330,Nominal,2361.8000000000002,150,297.8,0,1914
37287,10/1998,0403,5.50%,37726,Nominal,3663,450,390,0,2823
37287,8/1992,TE52,8.00%,38092,Nominal,3672.5,150,478.5,0,3044
37287,12/2000,0205,6.50%,38398,Nominal,3060,575,213,0,2272
37287,8/1994,1106,8.00%,39036,Nominal,3711.8,450,484.8,0,2777
37287,7/1997,0709,7.00%,40009,Nominal,3855,350,503,0,3002
37287,4/1999,1111,6.00%,40862,Nominal,3916,575,470,0,2871
37287,1/2008,0413,6.50%,41379,Nominal,1580,100,130,0,1350
37287,11/1995,0216,4.50%,42415,Inflation-Indexed,1521,0,350,0,1171
-,-,-,-,-,-,-,-,-,-,-
37315,3/1991,TE48,10.00%,37330,Nominal,2353.8000000000002,150,297.8,0,1906
37315,10/1998,0403,5.50%,37726,Nominal,3663,450,390,0,2823
37315,8/1992,TE52,8.00%,38092,Nominal,3672.5,150,478.5,0,3044
37315,12/2000,0205,6.50%,38398,Nominal,3235,575,213,0,2447
37315,8/1994,1106,8.00%,39036,Nominal,3711.8,450,484.8,0,2777
37315,7/1997,0709,7.00%,40009,Nominal,3855,350,503,0,3002
37315,4/1999,1111,6.00%,40862,Nominal,3916,575,470,0,2871
37315,1/2008,0413,6.50%,41379,Nominal,1955,300,130,0,1525
37315,11/1995,0216,4.50%,42415,Inflation-Indexed,1521,0,350,0,1171
-,-,-,-,-,-,-,-,-,-,-
37346,10/1998,0403,5.50%,37726,Nominal,3663,450,390,0,2823
37346,8/1992,TE52,8.00%,38092,Nominal,3672.5,150,478.5,0,3044
37346,12/2000,0205,6.50%,38398,Nominal,3410,575,213,0,2622
37346,8/1994,1106,8.00%,39036,Nominal,3711.8,450,484.8,0,2777
37346,7/1997,0709,7.00%,40009,Nominal,3855,350,503,0,3002
37346,4/1999,1111,6.00%,40862,Nominal,3916,575,470,0,2871
37346,1/2008,0413,6.50%,41379,Nominal,2280,450,130,0,1700
37346,11/1995,0216,4.50%,42415,Inflation-Indexed,1521,0,350,0,1171
-,-,-,-,-,-,-,-,-,-,-
37376,10/1998,0403,5.50%,37726,Nominal,3663,450,390,0,2823
37376,8/1992,TE52,8.00%,38092,Nominal,3672.5,150,478.5,0,3044
37376,12/2000,0205,6.50%,38398,Nominal,3585,575,213,0,2797
37376,8/1994,1106,8.00%,39036,Nominal,3711.8,450,484.8,0,2777
37376,7/1997,0709,7.00%,40009,Nominal,3855,350,503,0,3002
37376,4/1999,1111,6.00%,40862,Nominal,3916,575,470,0,2871
37376,1/2008,0413,6.50%,41379,Nominal,2455,450,130,0,1875
37376,11/1995,0216,4.50%,42415,Inflation-Indexed,1521,0,350,0,1171
-,-,-,-,-,-,-,-,-,-,-
37407,10/1998,0403,5.50%,37726,Nominal,3663,450,390,0,2823
37407,8/1992,TE52,8.00%,38092,Nominal,3672.5,150,478.5,0,3044
37407,12/2000,0205,6.50%,38398,Nominal,3585,575,213,0,2797
37407,2/2008,0206,6.50%,38763,Nominal,175,0,0,0,175
37407,8/1994,1106,8.00%,39036,Nominal,3711.8,450,484.8,0,2777
37407,7/1997,0709,7.00%,40009,Nominal,3855,350,503,0,3002
37407,4/1999,1111,6.00%,40862,Nominal,3916,575,470,0,2871
37407,1/2008,0413,6.50%,41379,Nominal,2630,450,130,0,2050
37407,11/1995,0216,4.50%,42415,Inflation-Indexed,1521,0,350,0,1171
-,-,-,-,-,-,-,-,-,-,-
37437,10/1998,0403,5.50%,37726,Nominal,3663,450,390,0,2823
37437,8/1992,TE52,8.00%,38092,Nominal,3627.5,150,433.5,0,3044
37437,12/2000,0205,6.50%,38398,Nominal,3635,575,263,0,2797
37437,2/2008,0206,6.50%,38763,Nominal,350,0,0,0,350
37437,8/1994,1106,8.00%,39036,Nominal,3661.8,450,434.8,0,2777
37437,7/1997,0709,7.00%,40009,Nominal,3805,350,453,0,3002
37437,4/1999,1111,6.00%,40862,Nominal,3916,575,470,0,2871
37437,1/2008,0413,6.50%,41379,Nominal,2905,450,230,0,2225
37437,11/1995,0216,4.50%,42415,Inflation-Indexed,1521,0,350,0,1171
-,-,-,-,-,-,-,-,-,-,-
37468,10/1998,0403,5.50%,37726,Nominal,3663,450,390,0,2823
37468,8/1992,TE52,8.00%,38092,Nominal,3627.5,150,433.5,0,3044
37468,12/2000,0205,6.50%,38398,Nominal,3635,575,263,0,2797
37468,2/2008,0206,6.50%,38763,Nominal,475,0,0,0,475
37468,8/1994,1106,8.00%,39036,Nominal,3661.8,450,434.8,0,2777
37468,7/1997,0709,7.00%,40009,Nominal,3805,350,453,0,3002
37468,4/1999,1111,6.00%,40862,Nominal,3916,575,470,0,2871
37468,1/2008,0413,6.50%,41379,Nominal,3030,450,230,0,2350
37468,11/1995,0216,4.50%,42415,Inflation-Indexed,1521,0,350,0,1171
-,-,-,-,-,-,-,-,-,-,-
37499,10/1998,0403,5.50%,37726,Nominal,3663,450,390,0,2823
37499,8/1992,TE52,8.00%,38092,Nominal,3627.5,150,433.5,0,3044
37499,12/2000,0205,6.50%,38398,Nominal,3635,575,263,0,2797
37499,2/2008,0206,6.50%,38763,Nominal,600,0,0,0,600
37499,8/1994,1106,8.00%,39036,Nominal,3661.8,450,434.8,0,2777
37499,7/1997,0709,7.00%,40009,Nominal,3805,350,453,0,3002
37499,4/1999,1111,6.00%,40862,Nominal,3916,575,470,0,2871
37499,1/2008,0413,6.50%,41379,Nominal,3155,450,230,0,2475
37499,11/1995,0216,4.50%,42415,Inflation-Indexed,1521,0,350,0,1171
-,-,-,-,-,-,-,-,-,-,-
37529,10/1998,0403,5.50%,37726,Nominal,3663,450,390,0,2823
37529,8/1992,TE52,8.00%,38092,Nominal,3575.5,150,381.5,0,3044
37529,12/2000,0205,6.50%,38398,Nominal,3635,575,263,0,2797
37529,2/2008,0206,6.50%,38763,Nominal,725,0,0,0,725
37529,8/1994,1106,8.00%,39036,Nominal,3661.8,450,434.8,0,2777
37529,7/1997,0709,7.00%,40009,Nominal,3805,350,453,0,3002
37529,4/1999,1111,6.00%,40862,Nominal,3916,575,470,0,2871
37529,1/2008,0413,6.50%,41379,Nominal,3280,450,230,0,2600
37529,11/1995,0216,4.50%,42415,Inflation-Indexed,1521,0,350,0,1171
-,-,-,-,-,-,-,-,-,-,-
37560,10/1998,0403,5.50%,37726,Nominal,3663,451.2,390,0,2822
37560,8/1992,TE52,8.00%,38092,Nominal,3575.5,150,381.5,0,3044
37560,12/2000,0205,6.50%,38398,Nominal,3635,575,263,0,2797
37560,2/2008,0206,6.50%,38763,Nominal,975,125,0,0,850
37560,8/1994,1106,8.00%,39036,Nominal,3661.8,450,434.8,0,2777
37560,7/1997,0709,7.00%,40009,Nominal,3805,350,453,0,3002
37560,4/1999,1111,6.00%,40862,Nominal,3916,575,470,0,2871
37560,1/2008,0413,6.50%,41379,Nominal,3405,450,230,0,2725
37560,11/1995,0216,4.50%,42415,Inflation-Indexed,1521,0,350,0,1171
-,-,-,-,-,-,-,-,-,-,-
37590,10/1998,0403,5.50%,37726,Nominal,3663,452.2,390,0,2821
37560,8/1992,TE52,8.00%,38092,Nominal,3575.5,150,381.5,0,3044
37560,12/2000,0205,6.50%,38398,Nominal,3635,575,263,0,2797
37560,2/2008,0206,6.50%,38763,Nominal,1100,125,0,0,975
37560,8/1994,1106,8.00%,39036,Nominal,3646.8,450,419.8,0,2777
37560,7/1997,0709,7.00%,40009,Nominal,3805,350,453,0,3002
37560,4/1999,1111,6.00%,40862,Nominal,3916,575,470,0,2871
37560,1/2008,0413,6.50%,41379,Nominal,3530,450,230,0,2850
37560,11/1995,0216,4.50%,42415,Inflation-Indexed,1521,0,350,0,1171
-,-,-,-,-,-,-,-,-,-,-
37621,10/1998,0403,5.50%,37726,Nominal,3663,452.2,390,0,2821
37621,8/1992,TE52,8.00%,38092,Nominal,3575.5,150,381.5,0,3044
37621,12/2000,0205,6.50%,38398,Nominal,3635,575,263,0,2797
37621,2/2008,0206,6.50%,38763,Nominal,1225,125,0,0,1100
37621,8/1994,1106,8.00%,39036,Nominal,3603,450,376,0,2777
37621,7/1997,0709,7.00%,40009,Nominal,3805,350,453,0,3002
37621,4/1999,1111,6.00%,40862,Nominal,3916,575,470,0,2871
37621,1/2008,0413,6.50%,41379,Nominal,3655,450,230,0,2975
37621,11/1995,0216,4.50%,42415,Inflation-Indexed,1521,0,350,0,1171
-,-,-,-,-,-,-,-,-,-,-
37652,10/1998,0403,5.50%,37726,Nominal,3663,756.8,390,0,2516
37652,8/1992,TE52,8.00%,38092,Nominal,3551,150,357,0,3044
37652,12/2000,0205,6.50%,38398,Nominal,3635,575,263,0,2797
37652,2/2008,0206,6.50%,38763,Nominal,1225,125,0,0,1100
37652,8/1994,1106,8.00%,39036,Nominal,3603,450,376,0,2777
37652,7/1997,0709,7.00%,40009,Nominal,3805,350,453,0,3002
37652,4/1999,1111,6.00%,40862,Nominal,3916,575,470,0,2871
37652,1/2008,0413,6.50%,41379,Nominal,3655,450,230,0,2975
37652,11/1995,0216,4.50%,42415,Inflation-Indexed,1521,0,350,0,1171
-,-,-,-,-,-,-,-,-,-,-
37680,10/1998,0403,5.50%,37726,Nominal,3663,756.8,390,0,2516
37680,8/1992,TE52,8.00%,38092,Nominal,3551,150,357,0,3044
37680,12/2000,0205,6.50%,38398,Nominal,3635,575,263,0,2797
37680,2/2008,0206,6.50%,38763,Nominal,1375,125,0,0,1250
37680,8/1994,1106,8.00%,39036,Nominal,3603,450,376,0,2777
37680,7/1997,0709,7.00%,40009,Nominal,3772,350,420,0,3002
37680,4/1999,1111,6.00%,40862,Nominal,3916,575,470,0,2871
37680,1/2008,0413,6.50%,41379,Nominal,3655,450,230,0,2975
37680,11/1995,0216,4.50%,42415,Inflation-Indexed,1521,0,350,0,1171
-,-,-,-,-,-,-,-,-,-,-
37711,10/1998,0403,5.50%,37726,Nominal,3663,886.8,390,0,2386.1999999999998
37711,8/1992,TE52,8.00%,38092,Nominal,3551,150,357,0,3044
37711,12/2000,0205,6.50%,38398,Nominal,3635,575,263,0,2797
37711,2/2008,0206,6.50%,38763,Nominal,1675,275,0,0,1400
37711,8/1994,1106,8.00%,39036,Nominal,3603,450,376,0,2777
37711,7/1997,0709,7.00%,40009,Nominal,3726,350,374,0,3002
37711,4/1999,1111,6.00%,40862,Nominal,3916,575,470,0,2871
37711,1/2008,0413,6.50%,41379,Nominal,3655,450,230,0,2975
37711,11/1995,0216,4.50%,42415,Inflation-Indexed,1521,0,350,0,1171
-,-,-,-,-,-,-,-,-,-,-
37741,8/1992,TE52,8.00%,38092,Nominal,3551,150,357,0,3044
37741,12/2000,0205,6.50%,38398,Nominal,3635,575,263,0,2797
37741,2/2008,0206,6.50%,38763,Nominal,2085,425,160,0,1500
37741,8/1994,1106,8.00%,39036,Nominal,3603,450,376,0,2777
37741,7/1997,0709,7.00%,40009,Nominal,3726,350,374,0,3002
37741,4/1999,1111,6.00%,40862,Nominal,3796,575,350,0,2871
37741,1/2008,0413,6.50%,41379,Nominal,3765,450,340,0,2975
37741,3/2008,0415,6.00%,42109,Nominal,400,300,0,0,100
37741,11/1995,0216,4.50%,42415,Inflation-Indexed,1521,0,350,0,1171
-,-,-,-,-,-,-,-,-,-,-
37772,8/1992,TE52,8.00%,38092,Nominal,3551,150,357,0,3044
37772,12/2000,0205,6.50%,38398,Nominal,3635,575,263,0,2797
37772,2/2008,0206,6.50%,38763,Nominal,2085,425,160,0,1500
37772,8/1994,1106,8.00%,39036,Nominal,3603,450,376,0,2777
37772,7/1997,0709,7.00%,40009,Nominal,3726,350,374,0,3002
37772,4/1999,1111,6.00%,40862,Nominal,3796,575,350,0,2871
37772,1/2008,0413,6.50%,41379,Nominal,3765,450,340,0,2975
37772,3/2008,0415,6.00%,42109,Nominal,400,300,0,0,100
37772,11/1995,0216,4.50%,42415,Inflation-Indexed,1521,0,350,0,1171
-,-,-,-,-,-,-,-,-,-,-
37802,8/1992,TE52,8.00%,38092,Nominal,3551,150,357,0,3044
37802,12/2000,0205,6.50%,38398,Nominal,3635,575,263,0,2797
37802,2/2008,0206,6.50%,38763,Nominal,2335,425,160,0,1750
37802,8/1994,1106,8.00%,39036,Nominal,3603,450,376,0,2777
37802,7/1997,0709,7.00%,40009,Nominal,3726,350,374,0,3002
37802,4/1999,1111,6.00%,40862,Nominal,3796,575,350,0,2871
37802,1/2008,0413,6.50%,41379,Nominal,3765,450,340,0,2975
37802,3/2008,0415,6.00%,42109,Nominal,650,300,0,0,350
37802,11/1995,0216,4.50%,42415,Inflation-Indexed,1521,0,350,0,1171
-,-,-,-,-,-,-,-,-,-,-
37833,8/1992,TE52,8.00%,38092,Nominal,3551,150,357,0,3044
37833,12/2000,0205,6.50%,38398,Nominal,3635,575,263,0,2797
37833,2/2008,0206,6.50%,38763,Nominal,2434,425,160,0,1849
37833,8/1994,1106,8.00%,39036,Nominal,3603,450,376,0,2777
37833,7/1997,0709,7.00%,40009,Nominal,3726,350,374,0,3002
37833,4/1999,1111,6.00%,40862,Nominal,3796,575,350,0,2871
37833,1/2008,0413,6.50%,41379,Nominal,3765,450,340,0,2975
37833,3/2008,0415,6.00%,42109,Nominal,801,300,0,0,501
37833,11/1995,0216,4.50%,42415,Inflation-Indexed,1521,0,350,0,1171
-,-,-,-,-,-,-,-,-,-,-
37864,8/1992,TE52,8.00%,38092,Nominal,3551,150,357,0,3044
37864,12/2000,0205,6.50%,38398,Nominal,3635,575,263,0,2797
37864,2/2008,0206,6.50%,38763,Nominal,2559,425,160,0,1974
37864,8/1994,1106,8.00%,39036,Nominal,3603,450,376,0,2777
37864,7/1997,0709,7.00%,40009,Nominal,3726,350,374,0,3002
37864,4/1999,1111,6.00%,40862,Nominal,3796,575,350,0,2871
37864,1/2008,0413,6.50%,41379,Nominal,3765,450,340,0,2975
37864,3/2008,0415,6.00%,42109,Nominal,959,300,33,0,626
37864,11/1995,0216,4.50%,42415,Inflation-Indexed,1521,0,350,0,1171
-,-,-,-,-,-,-,-,-,-,-
37894,8/1992,TE52,8.00%,38092,Nominal,3551,150,357,0,3044
37894,12/2000,0205,6.50%,38398,Nominal,3635,575,263,0,2797
37894,2/2008,0206,6.50%,38763,Nominal,2709,425,160,0,2124
37894,8/1994,1106,8.00%,39036,Nominal,3603,450,376,0,2777
37894,7/1997,0709,7.00%,40009,Nominal,3726,350,374,0,3002
37894,4/1999,1111,6.00%,40862,Nominal,3796,575,350,0,2871
37894,1/2008,0413,6.50%,41379,Nominal,3765,450,340,0,2975
37894,3/2008,0415,6.00%,42109,Nominal,1109,300,33,0,776
37894,11/1995,0216,4.50%,42415,Inflation-Indexed,1521,0,350,0,1171
-,-,-,-,-,-,-,-,-,-,-
37925,8/1992,TE52,8.00%,38092,Nominal,3551,150,357,0,3044
37925,12/2000,0205,6.50%,38398,Nominal,3635,575,263,0,2797
37925,2/2008,0206,6.50%,38763,Nominal,2859,425,160,0,2274
37925,8/1994,1106,8.00%,39036,Nominal,3603,450,376,0,2777
37925,7/1997,0709,7.00%,40009,Nominal,3726,350,374,0,3002
37925,4/1999,1111,6.00%,40862,Nominal,3796,575,350,0,2871
37925,1/2008,0413,6.50%,41379,Nominal,3765,450,340,0,2975
37925,3/2008,0415,6.00%,42109,Nominal,1259,300,33,0,926
37925,11/1995,0216,4.50%,42415,Inflation-Indexed,1521,0,350,0,1171
-,-,-,-,-,-,-,-,-,-,-
37955,8/1992,TE52,8.00%,38092,Nominal,3551,150,357,0,3044
37955,12/2000,0205,6.50%,38398,Nominal,3635,575,263,0,2797
37955,2/2008,0206,6.50%,38763,Nominal,3009,425,160,0,2424
37955,8/1994,1106,8.00%,39036,Nominal,3603,450,376,0,2777
37955,7/1997,0709,7.00%,40009,Nominal,3726,350,374,0,3002
37955,4/1999,1111,6.00%,40862,Nominal,3796,575,350,0,2871
37955,1/2008,0413,6.50%,41379,Nominal,3765,450,340,0,2975
37955,3/2008,0415,6.00%,42109,Nominal,1409,300,33,0,1076
37955,11/1995,0216,4.50%,42415,Inflation-Indexed,1521,0,350,0,1171
-,-,-,-,-,-,-,-,-,-,-
37986,8/1992,TE52,8.00%,38092,Nominal,3551,150,357,0,3044
37986,12/2000,0205,6.50%,38398,Nominal,3635,575,263,0,2797
37986,2/2008,0206,6.50%,38763,Nominal,3159,425,160,0,2574
37986,8/1994,1106,8.00%,39036,Nominal,3603,450,376,0,2777
37986,7/1997,0709,7.00%,40009,Nominal,3726,350,374,0,3002
37986,4/1999,1111,6.00%,40862,Nominal,3796,575,350,0,2871
37986,1/2008,0413,6.50%,41379,Nominal,3765,450,340,0,2975
37986,3/2008,0415,6.00%,42109,Nominal,1559,300,33,0,1226
37986,11/1995,0216,4.50%,42415,Inflation-Indexed,1521,0,350,0,1171
-,-,-,-,-,-,-,-,-,-,-
38017,8/1992,TE52,8.00%,38092,Nominal,3551,150,357,0,3044
38017,12/2000,0205,6.50%,38398,Nominal,3635,575,263,0,2797
38017,2/2008,0206,6.50%,38763,Nominal,3159,425,160,0,2574
38017,8/1994,1106,8.00%,39036,Nominal,3603,450,376,0,2777
38017,7/1997,0709,7.00%,40009,Nominal,3726,350,374,0,3002
38017,4/1999,1111,6.00%,40862,Nominal,3796,575,350,0,2871
38017,1/2008,0413,6.50%,41379,Nominal,3765,450,340,0,2975
38017,3/2008,0415,6.00%,42109,Nominal,1574,300,48,0,1226
38017,11/1995,0216,4.50%,42415,Inflation-Indexed,1521,0,350,0,1171
-,-,-,-,-,-,-,-,-,-,-
38046,8/1992,TE52,8.00%,38092,Nominal,3551,150,357,0,3044
38046,12/2000,0205,6.50%,38398,Nominal,3635,575,263,0,2797
38046,2/2008,0206,6.50%,38763,Nominal,3169,425,170,0,2574
38046,8/1994,1106,8.00%,39036,Nominal,3603,450,376,0,2777
38046,7/1997,0709,7.00%,40009,Nominal,3726,350,374,0,3002
38046,4/1999,1111,6.00%,40862,Nominal,3796,575,350,0,2871
38046,1/2008,0413,6.50%,41379,Nominal,3765,450,340,0,2975
38046,3/2008,0415,6.00%,42109,Nominal,1684,300,58,0,1326
38046,11/1995,0216,4.50%,42415,Inflation-Indexed,1521,0,350,0,1171
-,-,-,-,-,-,-,-,-,-,-
38077,8/1992,TE52,8.00%,38092,Nominal,3551,200,357,0,2994
38077,12/2000,0205,6.50%,38398,Nominal,3635,575,263,0,2797
38077,2/2008,0206,6.50%,38763,Nominal,3169,425,170,0,2574
38077,8/1994,1106,8.00%,39036,Nominal,3603,450,376,0,2777
38077,7/1997,0709,7.00%,40009,Nominal,3726,350,374,0,3002
38077,4/1999,1111,6.00%,40862,Nominal,3796,575,350,0,2871
38077,1/2008,0413,6.50%,41379,Nominal,3765,450,340,0,2975
38077,3/2008,0415,6.00%,42109,Nominal,1784,300,58,0,1426
38077,11/1995,0216,4.50%,42415,Inflation-Indexed,1521,0,350,0,1171
-,-,-,-,-,-,-,-,-,-,-
38107,12/2000,0205,6.50%,38398,Nominal,3710,575,338,0,2797
38107,2/2008,0206,6.50%,38763,Nominal,3314,425,315,0,2574
38107,8/1994,1106,8.00%,39036,Nominal,3603,450,376,0,2777
38107,7/1997,0709,7.00%,40009,Nominal,3726,350,374,0,3002
38107,4/1999,1111,6.00%,40862,Nominal,3796,575,350,0,2871
38107,1/2008,0413,6.50%,41379,Nominal,3765,450,340,0,2975
38107,3/2008,0415,6.00%,42109,Nominal,2219,475,218,0,1526
38107,11/1995,0216,4.50%,42415,Inflation-Indexed,1521,0,350,0,1171
-,-,-,-,-,-,-,-,-,-,-
38138,12/2000,0205,6.50%,38398,Nominal,3710,575,338,0,2797
38138,2/2008,0206,6.50%,38763,Nominal,3319,425,320,0,2574
38138,8/1994,1106,8.00%,39036,Nominal,3603,450,376,0,2777
38138,7/1997,0709,7.00%,40009,Nominal,3726,350,374,0,3002
38138,4/1999,1111,6.00%,40862,Nominal,3796,575,350,0,2871
38138,1/2008,0413,6.50%,41379,Nominal,3765,450,340,0,2975
38138,3/2008,0415,6.00%,42109,Nominal,2344,475,243,0,1626
38138,11/1995,0216,4.50%,42415,Inflation-Indexed,1521,0,350,0,1171
-,-,-,-,-,-,-,-,-,-,-
38168,12/2000,0205,6.50%,38398,Nominal,3710,575,338,0,2797
38168,2/2008,0206,6.50%,38763,Nominal,3319,425,320,0,2574
38168,8/1994,1106,8.00%,39036,Nominal,3603,450,376,0,2777
38168,7/1997,0709,7.00%,40009,Nominal,3726,350,374,0,3002
38168,4/1999,1111,6.00%,40862,Nominal,3796,575,350,0,2871
38168,1/2008,0413,6.50%,41379,Nominal,3765,450,340,0,2975
38168,3/2008,0415,6.00%,42109,Nominal,2444,475,243,0,1726
38168,11/1995,0216,4.50%,42415,Inflation-Indexed,1521,0,350,0,1171
-,-,-,-,-,-,-,-,-,-,-
38198,12/2000,0205,6.50%,38398,Nominal,3849,714,338,0,2797
38198,2/2008,0206,6.50%,38763,Nominal,3558.8,664.8,320,0,2574
38198,8/1994,1106,8.00%,39036,Nominal,3603,450,376,0,2777
38198,7/1997,0709,7.00%,40009,Nominal,3895,519,374,0,3002
38198,4/1999,1111,6.00%,40862,Nominal,3940,719,350,0,2871
38198,1/2008,0413,6.50%,41379,Nominal,3917,589,353,0,2975
38198,3/2008,0415,6.00%,42109,Nominal,2738,619,243,0,1876
38198,11/1995,0216,4.50%,42415,Inflation-Indexed,1521,0,350,0,1171
-,-,-,-,-,-,-,-,-,-,-
38230,12/2000,0205,6.50%,38398,Nominal,3849,714,338,0,2797
38230,2/2008,0206,6.50%,38763,Nominal,3558.8,664.8,320,0,2574
38230,8/1994,1106,8.00%,39036,Nominal,3603,450,376,0,2777
38230,4/2008,0708,6.00%,39644,Nominal,100,0,0,0,100
38230,7/1997,0709,7.00%,40009,Nominal,3895,519,374,0,3002
38230,4/1999,1111,6.00%,40862,Nominal,3950,719,360,0,2871
38230,1/2008,0413,6.50%,41379,Nominal,3917,589,353,0,2975
38230,3/2008,0415,6.00%,42109,Nominal,2853,619,258,0,1976
38230,11/1995,0216,4.50%,42415,Inflation-Indexed,1521,0,350,0,1171
-,-,-,-,-,-,-,-,-,-,-
38260,12/2000,0205,6.50%,38398,Nominal,3849,714,338,0,2797
38260,2/2008,0206,6.50%,38763,Nominal,3558.8,664.8,320,0,2574
38260,8/1994,1106,8.00%,39036,Nominal,3603,450,376,0,2777
38260,4/2008,0708,6.00%,39644,Nominal,200,0,0,0,200
38260,7/1997,0709,7.00%,40009,Nominal,3895,519,374,0,3002
38260,4/1999,1111,6.00%,40862,Nominal,3950,719,360,0,2871
38260,1/2008,0413,6.50%,41379,Nominal,3917,589,353,0,2975
38260,3/2008,0415,6.00%,42109,Nominal,2953,619,258,0,2076
38260,11/1995,0216,4.50%,42415,Inflation-Indexed,1521,0,350,0,1171
-,-,-,-,-,-,-,-,-,-,-
38289,12/2000,0205,6.50%,38398,Nominal,3849,714,338,0,2797
38289,2/2008,0206,6.50%,38763,Nominal,3558.8,664.8,320,0,2574
38289,8/1994,1106,8.00%,39036,Nominal,3603,450,376,0,2777
38289,4/2008,0708,6.00%,39644,Nominal,300,0,0,0,300
38289,7/1997,0709,7.00%,40009,Nominal,3895,519,374,0,3002
38289,4/1999,1111,6.00%,40862,Nominal,3950,719,360,0,2871
38289,1/2008,0413,6.50%,41379,Nominal,3917,589,353,0,2975
38289,3/2008,0415,6.00%,42109,Nominal,3053,619,258,0,2176
38289,11/1995,0216,4.50%,42415,Inflation-Indexed,1521,0,350,0,1171
-,-,-,-,-,-,-,-,-,-,-
38321,12/2000,0205,6.50%,38398,Nominal,3849,714,338,0,2797
38321,2/2008,0206,6.50%,38763,Nominal,3558.8,664.8,320,0,2574
38321,8/1994,1106,8.00%,39036,Nominal,3603,450,376,0,2777
38321,4/2008,0708,6.00%,39644,Nominal,415,0,15,0,400
38321,7/1997,0709,7.00%,40009,Nominal,3895,519,374,0,3002
38321,4/1999,1111,6.00%,40862,Nominal,3950,719,360,0,2871
38321,1/2008,0413,6.50%,41379,Nominal,3917,589,353,0,2975
38321,3/2008,0415,6.00%,42109,Nominal,3168,619,273,0,2276
38321,11/1995,0216,4.50%,42415,Inflation-Indexed,1521,0,350,0,1171
-,-,-,-,-,-,-,-,-,-,-
38352,12/2000,0205,6.50%,38398,Nominal,3849,714,338,0,2797
38352,2/2008,0206,6.50%,38763,Nominal,3558.8,664.8,320,0,2574
38352,8/1994,1106,8.00%,39036,Nominal,3603,450,376,0,2777
38352,4/2008,0708,6.00%,39644,Nominal,515,0,15,0,500
38352,7/1997,0709,7.00%,40009,Nominal,3895,519,374,0,3002
38352,4/1999,1111,6.00%,40862,Nominal,3950,719,360,0,2871
38352,1/2008,0413,6.50%,41379,Nominal,3917,589,353,0,2975
38352,3/2008,0415,6.00%,42109,Nominal,3268,619,273,0,2376
38352,11/1995,0216,4.50%,42415,Inflation-Indexed,1521,0,350,0,1171
-,-,-,-,-,-,-,-,-,-,-
38383,12/2000,0205,6.50%,38398,Nominal,3849,714,338,0,2797
38383,2/2008,0206,6.50%,38763,Nominal,3558.8,664.8,320,0,2574
38383,8/1994,1106,8.00%,39036,Nominal,3603,450,376,0,2777
38383,4/2008,0708,6.00%,39644,Nominal,515,0,15,0,500
38383,7/1997,0709,7.00%,40009,Nominal,3895,519,374,0,3002
38383,4/1999,1111,6.00%,40862,Nominal,3950,719,360,0,2871
38383,1/2008,0413,6.50%,41379,Nominal,3917,589,353,0,2975
38383,3/2008,0415,6.00%,42109,Nominal,3281,619,286,0,2376
38383,11/1995,0216,4.50%,42415,Inflation-Indexed,1521,0,350,0,1171
-,-,-,-,-,-,-,-,-,-,-
38411,2/2008,0206,6.50%,38763,Nominal,3638.8,689.8,375,0,2574
38411,8/1994,1106,8.00%,39036,Nominal,3636,483,376,0,2777
38411,4/2008,0708,6.00%,39644,Nominal,1314,639,75,0,600
38411,7/1997,0709,7.00%,40009,Nominal,4080,669,409,0,3002
38411,4/1999,1111,6.00%,40862,Nominal,4005,719,415,0,2871
38411,1/2008,0413,6.50%,41379,Nominal,4027,639,413,0,2975
38411,3/2008,0415,6.00%,42109,Nominal,3466,619,371,0,2476
38411,11/1995,0216,4.50%,42415,Inflation-Indexed,1521,0,350,0,1171
-,-,-,-,-,-,-,-,-,-,-
38442,2/2008,0206,6.50%,38763,Nominal,3638.8,689.8,375,0,2574
38442,8/1994,1106,8.00%,39036,Nominal,3636,483,376,0,2777
38442,4/2008,0708,6.00%,39644,Nominal,1414,639,75,0,700
38442,7/1997,0709,7.00%,40009,Nominal,4080,669,409,0,3002
38442,4/1999,1111,6.00%,40862,Nominal,4005,719,415,0,2871
38442,1/2008,0413,6.50%,41379,Nominal,4027,639,413,0,2975
38442,3/2008,0415,6.00%,42109,Nominal,3566,619,371,0,2576
38442,11/1995,0216,4.50%,42415,Inflation-Indexed,1521,0,350,0,1171
-,-,-,-,-,-,-,-,-,-,-
38471,2/2008,0206,6.50%,38763,Nominal,3638.8,689.8,375,0,2574
38471,8/1994,1106,8.00%,39036,Nominal,3636,483,376,0,2777
38471,4/2008,0708,6.00%,39644,Nominal,1539,639,100,0,800
38471,7/1997,0709,7.00%,40009,Nominal,4080,669,409,0,3002
38471,4/1999,1111,6.00%,40862,Nominal,4005,719,415,0,2871
38471,1/2008,0413,6.50%,41379,Nominal,4027,639,413,0,2975
38471,3/2008,0415,6.00%,42109,Nominal,3566,619,371,0,2576
38471,5/2008,1217,6.00%,43084,Nominal,100,0,0,0,100
38471,11/1995,0216,4.50%,42415,Inflation-Indexed,1521,0,350,0,1171
-,-,-,-,-,-,-,-,-,-,-
38503,2/2008,0206,6.50%,38763,Nominal,3638.8,689.8,375,0,2574
38503,8/1994,1106,8.00%,39036,Nominal,3636,483,376,0,2777
38503,4/2008,0708,6.00%,39644,Nominal,1639,639,100,0,900
38503,7/1997,0709,7.00%,40009,Nominal,4080,669,409,0,3002
38503,4/1999,1111,6.00%,40862,Nominal,4005,719,415,0,2871
38503,1/2008,0413,6.50%,41379,Nominal,4027,639,413,0,2975
38503,3/2008,0415,6.00%,42109,Nominal,3566,619,371,0,2576
38503,5/2008,1217,6.00%,43084,Nominal,284,84,0,0,200
38503,11/1995,0216,4.50%,42415,Inflation-Indexed,1521,0,350,0,1171
-,-,-,-,-,-,-,-,-,-,-
38533,2/2008,0206,6.50%,38763,Nominal,3638.8,689.8,375,0,2574
38533,8/1994,1106,8.00%,39036,Nominal,3636,483,376,0,2777
38533,4/2008,0708,6.00%,39644,Nominal,1739,639,100,0,1000
38533,7/1997,0709,7.00%,40009,Nominal,4080,669,409,0,3002
38533,4/1999,1111,6.00%,40862,Nominal,4005,719,415,0,2871
38533,1/2008,0413,6.50%,41379,Nominal,4027,639,413,0,2975
38533,3/2008,0415,6.00%,42109,Nominal,3566,619,371,0,2576
38533,5/2008,1217,6.00%,43084,Nominal,384,84,0,0,300
38533,11/1995,0216,4.50%,42415,Inflation-Indexed,1521,0,350,0,1171
-,-,-,-,-,-,-,-,-,-,-
38564,2/2008,0206,6.50%,38763,Nominal,3638.8,689.8,375,0,2574
38564,8/1994,1106,8.00%,39036,Nominal,3636,483,376,0,2777
38564,4/2008,0708,6.00%,39644,Nominal,1839,639,100,0,1100
38564,7/1997,0709,7.00%,40009,Nominal,4080,669,409,0,3002
38564,4/1999,1111,6.00%,40862,Nominal,4005,719,415,0,2871
38564,1/2008,0413,6.50%,41379,Nominal,4027,639,413,0,2975
38564,3/2008,0415,6.00%,42109,Nominal,3566,619,371,0,2576
38564,5/2008,1217,6.00%,43084,Nominal,484,84,0,0,400
38564,11/1995,0216,4.50%,42415,Inflation-Indexed,1521,0,350,0,1171
-,-,-,-,-,-,-,-,-,-,-
38595,2/2008,0206,6.50%,38763,Nominal,3638.8,689.8,375,0,2574
38595,8/1994,1106,8.00%,39036,Nominal,3636,483,376,0,2777
38595,4/2008,0708,6.00%,39644,Nominal,1939,639,100,0,1200
38595,7/1997,0709,7.00%,40009,Nominal,4080,669,409,0,3002
38595,4/1999,1111,6.00%,40862,Nominal,4005,719,415,0,2871
38595,1/2008,0413,6.50%,41379,Nominal,4027,639,413,0,2975
38595,3/2008,0415,6.00%,42109,Nominal,3566,619,371,0,2576
38595,5/2008,1217,6.00%,43084,Nominal,604,84,20,0,500
38595,11/1995,0216,4.50%,42415,Inflation-Indexed,1521,0,350,0,1171
-,-,-,-,-,-,-,-,-,-,-
38625,2/2008,0206,6.50%,38763,Nominal,3638.8,689.8,375,0,2574
38625,8/1994,1106,8.00%,39036,Nominal,3636,483,376,0,2777
38625,4/2008,0708,6.00%,39644,Nominal,2039,639,100,0,1300
38625,7/1997,0709,7.00%,40009,Nominal,4080,669,409,0,3002
38625,4/1999,1111,6.00%,40862,Nominal,4005,719,415,0,2871
38625,1/2008,0413,6.50%,41379,Nominal,4027,639,413,0,2975
38625,3/2008,0415,6.00%,42109,Nominal,3566,619,371,0,2576
38625,5/2008,1217,6.00%,43084,Nominal,704,84,20,0,600
38625,11/1995,0216,4.50%,42415,Inflation-Indexed,1521,0,350,0,1171
-,-,-,-,-,-,-,-,-,-,-
38656,2/2008,0206,6.50%,38763,Nominal,3638.8,689.8,375,0,2574
38656,8/1994,1106,8.00%,39036,Nominal,3636,483,376,0,2777
38656,4/2008,0708,6.00%,39644,Nominal,2154,639,115,0,1400
38656,7/1997,0709,7.00%,40009,Nominal,4080,669,409,0,3002
38656,4/1999,1111,6.00%,40862,Nominal,4005,719,415,0,2871
38656,1/2008,0413,6.50%,41379,Nominal,4027,639,413,0,2975
38656,3/2008,0415,6.00%,42109,Nominal,3566,619,371,0,2576
38656,5/2008,1217,6.00%,43084,Nominal,819,84,35,0,700
38656,11/1995,0216,4.50%,42415,Inflation-Indexed,1521,0,350,0,1171
-,-,-,-,-,-,-,-,-,-,-
38686,2/2008,0206,6.50%,38763,Nominal,3638.8,689.8,375,0,2574
38686,8/1994,1106,8.00%,39036,Nominal,3636,483,376,0,2777
38686,4/2008,0708,6.00%,39644,Nominal,2269,639,130,0,1500
38686,7/1997,0709,7.00%,40009,Nominal,4080,669,409,0,3002
38686,4/1999,1111,6.00%,40862,Nominal,4060,719,415,0,2926
38686,1/2008,0413,6.50%,41379,Nominal,4027,639,413,0,2975
38686,3/2008,0415,6.00%,42109,Nominal,3566,619,371,0,2576
38686,5/2008,1217,6.00%,43084,Nominal,929,84,45,0,800
38686,11/1995,0216,4.50%,42415,Inflation-Indexed,1521,0,350,0,1171
-,-,-,-,-,-,-,-,-,-,-
38717,2/2008,0206,6.50%,38763,Nominal,3638.8,689.8,375,0,2574
38717,8/1994,1106,8.00%,39036,Nominal,3636,483,376,0,2777
38717,4/2008,0708,6.00%,39644,Nominal,2369,639,130,0,1600
38717,7/1997,0709,7.00%,40009,Nominal,4080,669,409,0,3002
38717,4/1999,1111,6.00%,40862,Nominal,4060,719,415,0,2926
38717,1/2008,0413,6.50%,41379,Nominal,4027,639,413,0,2975
38717,3/2008,0415,6.00%,42109,Nominal,3566,619,371,0,2576
38717,5/2008,1217,6.00%,43084,Nominal,1079,84,45,0,950
38717,11/1995,0216,4.50%,42415,Inflation-Indexed,1521,0,350,0,1171
-,-,-,-,-,-,-,-,-,-,-
38748,2/2008,0206,6.50%,38763,Nominal,3638.8,689.8,375,0,2574
38748,8/1994,1106,8.00%,39036,Nominal,3636,483,376,0,2777
38748,4/2008,0708,6.00%,39644,Nominal,2377,639,138,0,1600
38748,7/1997,0709,7.00%,40009,Nominal,4080,669,409,0,3002
38748,4/1999,1111,6.00%,40862,Nominal,4060,719,415,0,2926
38748,1/2008,0413,6.50%,41379,Nominal,4027,639,413,0,2975
38748,3/2008,0415,6.00%,42109,Nominal,3566,619,371,0,2576
38748,5/2008,1217,6.00%,43084,Nominal,1089,84,55,0,950
38748,11/1995,0216,4.50%,42415,Inflation-Indexed,1521,0,350,0,1171
-,-,-,-,-,-,-,-,-,-,-
38776,8/1994,1106,8.00%,39036,Nominal,3747,564,406,0,2777
38776,4/2008,0708,6.00%,39644,Nominal,2627,639,288,0,1700
38776,7/1997,0709,7.00%,40009,Nominal,4125,669,454,0,3002
38776,4/1999,1111,6.00%,40862,Nominal,4300,919,455,0,2926
38776,1/2008,0413,6.50%,41379,Nominal,4212,789,448,0,2975
38776,3/2008,0415,6.00%,42109,Nominal,3591,619,396,0,2576
38776,5/2008,1217,6.00%,43084,Nominal,1886,640,196,0,1050
38776,11/1995,0216,4.50%,42415,Inflation-Indexed,1521,0,350,0,1171
-,-,-,-,-,-,-,-,-,-,-
38807,8/1994,1106,8.00%,39036,Nominal,3747,564,406,0,2777
38807,4/2008,0708,6.00%,39644,Nominal,2777,639,288,0,1850
38807,7/1997,0709,7.00%,40009,Nominal,4125,669,454,0,3002
38807,4/1999,1111,6.00%,40862,Nominal,4300,919,455,0,2926
38807,1/2008,0413,6.50%,41379,Nominal,4212,789,448,0,2975
38807,3/2008,0415,6.00%,42109,Nominal,3591,619,396,0,2576
38807,5/2008,1217,6.00%,43084,Nominal,1986,640,196,0,1150
38807,11/1995,0216,4.50%,42415,Inflation-Indexed,1521,0,350,0,1171
-,-,-,-,-,-,-,-,-,-,-
38837,8/1994,1106,8.00%,39036,Nominal,3762,564,421,0,2777
38837,4/2008,0708,6.00%,39644,Nominal,2902,639,313,0,1950
38837,7/1997,0709,7.00%,40009,Nominal,4135,669,464,0,3002
38837,4/1999,1111,6.00%,40862,Nominal,4325,919,480,0,2926
38837,1/2008,0413,6.50%,41379,Nominal,4237,789,473,0,2975
38837,3/2008,0415,6.00%,42109,Nominal,3596,619,401,0,2576
38837,5/2008,1217,6.00%,43084,Nominal,2111,640,221,0,1250
38837,11/1995,0216,4.50%,42415,Inflation-Indexed,1521,0,350,0,1171
-,-,-,-,-,-,-,-,-,-,-
38868,8/1994,1106,8.00%,39036,Nominal,3762,564,421,0,2777
38868,4/2008,0708,6.00%,39644,Nominal,3017,639,328,0,2050
38868,7/1997,0709,7.00%,40009,Nominal,4135,669,464,0,3002
38868,4/1999,1111,6.00%,40862,Nominal,4325,919,480,0,2926
38868,1/2008,0413,6.50%,41379,Nominal,4237,789,473,0,2975
38868,3/2008,0415,6.00%,42109,Nominal,3596,619,401,0,2576
38868,5/2008,1217,6.00%,43084,Nominal,2231,640,241,0,1350
38868,11/1995,0216,4.50%,42415,Inflation-Indexed,1521,0,350,0,1171
-,-,-,-,-,-,-,-,-,-,-
38898,8/1994,1106,8.00%,39036,Nominal,3762,564,421,0,2777
38898,4/2008,0708,6.00%,39644,Nominal,3117,639,328,0,2150
38898,7/1997,0709,7.00%,40009,Nominal,4135,669,464,0,3002
38898,4/1999,1111,6.00%,40862,Nominal,4325,919,480,0,2926
38898,1/2008,0413,6.50%,41379,Nominal,4237,789,473,0,2975
38898,3/2008,0415,6.00%,42109,Nominal,3596,619,401,0,2576
38898,5/2008,1217,6.00%,43084,Nominal,2336,640,246,0,1450
38898,11/1995,0216,4.50%,42415,Inflation-Indexed,1521,0,350,0,1171
-,-,-,-,-,-,-,-,-,-,-
38929,8/1994,1106,8.00%,39036,Nominal,3762,564,421,0,2777
38929,4/2008,0708,6.00%,39644,Nominal,3232,639,343,0,2250
38929,7/1997,0709,7.00%,40009,Nominal,4235,669,464,0,3102
38929,4/1999,1111,6.00%,40862,Nominal,4325,919,480,0,2926
38929,1/2008,0413,6.50%,41379,Nominal,4237,789,473,0,2975
38929,3/2008,0415,6.00%,42109,Nominal,3596,619,401,0,2576
38929,5/2008,1217,6.00%,43084,Nominal,2451,640,261,0,1550
38929,11/1995,0216,4.50%,42415,Inflation-Indexed,1521,0,350,0,1171
-,-,-,-,-,-,-,-,-,-,-
38960,8/1994,1106,8.00%,39036,Nominal,3762,564,421,0,2777
38960,4/2008,0708,6.00%,39644,Nominal,3232,639,343,0,2250
38960,7/1997,0709,7.00%,40009,Nominal,4235,669,464,0,3102
38960,4/1999,1111,6.00%,40862,Nominal,4425,919,480,0,3026
38960,1/2008,0413,6.50%,41379,Nominal,4237,789,473,0,2975
38960,3/2008,0415,6.00%,42109,Nominal,3596,619,401,0,2576
38960,5/2008,1217,6.00%,43084,Nominal,2551,640,261,0,1650
38960,11/1995,0216,4.50%,42415,Inflation-Indexed,1521,0,350,0,1171
-,-,-,-,-,-,-,-,-,-,-
38990,8/1994,1106,8.00%,39036,Nominal,3762,564,421,0,2777
38990,4/2008,0708,6.00%,39644,Nominal,3232,639,343,0,2250
38990,7/1997,0709,7.00%,40009,Nominal,4235,669,464,0,3102
38990,4/1999,1111,6.00%,40862,Nominal,4525,919,480,0,3126
38990,1/2008,0413,6.50%,41379,Nominal,4237,789,473,0,2975
38990,3/2008,0415,6.00%,42109,Nominal,3596,619,401,0,2576
38990,5/2008,1217,6.00%,43084,Nominal,2651,640,261,0,1750
38990,11/1995,0216,4.50%,42415,Inflation-Indexed,1521,0,350,0,1171
-,-,-,-,-,-,-,-,-,-,-
39021,8/1994,1106,8.00%,39036,Nominal,3762,564,421,0,2777
39021,4/2008,0708,6.00%,39644,Nominal,3232,639,343,0,2250
39021,7/1997,0709,7.00%,40009,Nominal,4235,669,464,0,3102
39021,4/1999,1111,6.00%,40862,Nominal,4630,919,485,0,3226
39021,1/2008,0413,6.50%,41379,Nominal,4237,789,473,0,2975
39021,3/2008,0415,6.00%,42109,Nominal,3596,619,401,0,2576
39021,5/2008,1217,6.00%,43084,Nominal,2771,640,281,0,1850
39021,11/1995,0216,4.50%,42415,Inflation-Indexed,1521,0,350,0,1171
-,-,-,-,-,-,-,-,-,-,-
39051,4/2008,0708,6.00%,39644,Nominal,3467,639,428,0,2400
39051,7/1997,0709,7.00%,40009,Nominal,4305,669,534,0,3102
39051,4/1999,1111,6.00%,40862,Nominal,4725,919,580,0,3226
39051,1/2008,0413,6.50%,41379,Nominal,4297,789,533,0,2975
39051,3/2008,0415,6.00%,42109,Nominal,3646,619,451,0,2576
39051,5/2008,1217,6.00%,43084,Nominal,3006,640,366,0,2000
39051,11/1995,0216,4.50%,42415,Inflation-Indexed,1521,0,350,0,1171
-,-,-,-,-,-,-,-,-,-,-
39080,4/2008,0708,6.00%,39644,Nominal,3567,639,428,0,2500
39080,7/1997,0709,7.00%,40009,Nominal,4305,669,534,0,3102
39080,4/1999,1111,6.00%,40862,Nominal,4725,919,580,0,3226
39080,1/2008,0413,6.50%,41379,Nominal,4297,789,533,0,2975
39080,3/2008,0415,6.00%,42109,Nominal,3646,619,451,0,2576
39080,5/2008,1217,6.00%,43084,Nominal,3106,640,366,0,2100
39080,11/1995,0216,4.50%,42415,Inflation-Indexed,1521,0,350,0,1171
-,-,-,-,-,-,-,-,-,0,-
39113,4/2008,0708,6.00%,39644,Nominal,3567,639,428,0,2500
39113,7/1997,0709,7.00%,40009,Nominal,4305,669,534,0,3102
39113,4/1999,1111,6.00%,40862,Nominal,4725,919,580,0,3226
39113,1/2008,0413,6.50%,41379,Nominal,4297,789,533,0,2975
39113,3/2008,0415,6.00%,42109,Nominal,3646,619,451,0,2576
39113,5/2008,1217,6.00%,43084,Nominal,3106,640,366,0,2100
39113,11/1995,0216,4.50%,42415,Inflation-Indexed,1521,0,350,0,1171
-,-,-,-,-,-,-,-,-,-,-
39141,4/2008,0708,6.00%,39644,Nominal,3667,639,428,0,2600
39141,7/1997,0709,7.00%,40009,Nominal,4305,669,534,0,3102
39141,4/1999,1111,6.00%,40862,Nominal,4725,919,580,0,3226
39141,1/2008,0413,6.50%,41379,Nominal,4297,789,533,0,2975
39141,3/2008,0415,6.00%,42109,Nominal,3646,619,451,0,2576
39141,5/2008,1217,6.00%,43084,Nominal,3206,640,366,0,2200
39141,11/1995,0216,4.50%,42415,Inflation-Indexed,1521,0,350,0,1171
-,-,-,-,-,-,-,-,-,-,-
39171,4/2008,0708,6.00%,39644,Nominal,3767,639,428,0,2700
39171,7/1997,0709,7.00%,40009,Nominal,4305,669,534,0,3102
39171,4/1999,1111,6.00%,40862,Nominal,4725,919,580,0,3226
39171,1/2008,0413,6.50%,41379,Nominal,4297,789,533,0,2975
39171,3/2008,0415,6.00%,42109,Nominal,3646,619,451,0,2576
39171,5/2008,1217,6.00%,43084,Nominal,3304,640,366,0,2298
39171,11/1995,0216,4.50%,42415,Inflation-Indexed,1521,0,350,0,1171
-,-,-,-,-,-,-,-,-,-,-
39202,4/2008,0708,6.00%,39644,Nominal,3772,639,433,0,2700
39202,7/1997,0709,7.00%,40009,Nominal,4305,669,534,0,3102
39202,4/1999,1111,6.00%,40862,Nominal,4725,919,580,0,3226
39202,1/2008,0413,6.50%,41379,Nominal,4297,789,533,0,2975
39202,3/2008,0415,6.00%,42109,Nominal,3698,619,451,0,2628
39202,5/2008,1217,6.00%,43084,Nominal,3429,640,391,0,2398
39202,11/1995,0216,4.50%,42415,Inflation-Indexed,1521,0,350,0,1171
-,-,-,-,-,-,-,-,-,-,-
39233,4/2008,0708,6.00%,39644,Nominal,3777,639,438,0,2700
39233,7/1997,0709,7.00%,40009,Nominal,4305,669,534,0,3102
39233,4/1999,1111,6.00%,40862,Nominal,4725,919,580,0,3226
39233,1/2008,0413,6.50%,41379,Nominal,4297,789,533,0,2975
39233,3/2008,0415,6.00%,42109,Nominal,3698,619,451,0,2628
39233,5/2008,1217,6.00%,43084,Nominal,3596,640,408,0,2548
39233,11/1995,0216,4.50%,42415,Inflation-Indexed,1521,0,350,0,1171
-,-,-,-,-,-,-,-,-,-,-
39262,4/2008,0708,6.00%,39644,Nominal,3777,639,438,0,2700
39262,7/1997,0709,7.00%,40009,Nominal,4405,669,534,0,3202
39262,4/1999,1111,6.00%,40862,Nominal,4775,919,580,0,3276
39262,1/2008,0413,6.50%,41379,Nominal,4297,789,533,0,2975
39262,3/2008,0415,6.00%,42109,Nominal,3748,619,451,0,2678
39262,5/2008,1217,6.00%,43084,Nominal,3609,640,421,0,2548
39262,11/1995,0216,4.50%,42415,Inflation-Indexed,1521,0,350,0,1171
-,-,-,-,-,-,-,-,-,-,-
39294,4/2008,0708,6.00%,39644,Nominal,3790,639,451,0,2700
39294,7/1997,0709,7.00%,40009,Nominal,4405,669,534,0,3202
39294,4/1999,1111,6.00%,40862,Nominal,4775,919,580,0,3276
39294,1/2008,0413,6.50%,41379,Nominal,4297,789,533,0,2975
39294,3/2008,0415,6.00%,42109,Nominal,3798,619,451,0,2728
39294,5/2008,1217,6.00%,43084,Nominal,3729,640,441,0,2648
39294,11/1995,0216,4.50%,42415,Inflation-Indexed,1521,0,350,0,1171
-,-,-,-,-,-,-,-,-,-,-
39325,4/2008,0708,6.00%,39644,Nominal,3790,639,451,0,2700
39325,7/1997,0709,7.00%,40009,Nominal,4530,669,534,0,3327
39325,4/1999,1111,6.00%,40862,Nominal,4875,919,580,0,3376
39325,1/2008,0413,6.50%,41379,Nominal,4297,789,533,0,2975
39325,3/2008,0415,6.00%,42109,Nominal,3798,619,451,0,2728
39325,5/2008,1217,6.00%,43084,Nominal,3729,640,441,0,2648
39325,11/1995,0216,4.50%,42415,Inflation-Indexed,1521,0,350,0,1171
-,-,-,-,-,-,-,-,-,-,-
39353,4/2008,0708,6.00%,39644,Nominal,3790,639,451,0,2700
39353,7/1997,0709,7.00%,40009,Nominal,4650,669,534,0,3447
39353,4/1999,1111,6.00%,40862,Nominal,4875,919,580,0,3376
39353,1/2008,0413,6.50%,41379,Nominal,4297,789,533,0,2975
39353,3/2008,0415,6.00%,42109,Nominal,3843,619,451,0,2773
39353,5/2008,1217,6.00%,43084,Nominal,3729,640,441,0,2648
39353,11/1995,0216,4.50%,42415,Inflation-Indexed,1521,0,350,0,1171
-,-,-,-,-,-,-,-,-,-,-
39386,4/2008,0708,6.00%,39644,Nominal,3790,639,451,0,2700
39386,7/1997,0709,7.00%,40009,Nominal,4820,669,554,0,3597
39386,4/1999,1111,6.00%,40862,Nominal,4875,919,580,0,3376
39386,1/2008,0413,6.50%,41379,Nominal,4297,789,533,0,2975
39386,3/2008,0415,6.00%,42109,Nominal,3849,619,457,0,2773
39386,5/2008,1217,6.00%,43084,Nominal,3784,640,446,0,2698
39386,11/1995,0216,4.50%,42415,Inflation-Indexed,1521,0,350,0,1171
-,-,-,-,-,-,-,-,-,-,-
39416,4/2008,0708,6.00%,39644,Nominal,3790,639,451,0,2700
39416,7/1997,0709,7.00%,40009,Nominal,4937,669,571,0,3697
39416,4/1999,1111,6.00%,40862,Nominal,4875,919,580,0,3376
39416,1/2008,0413,6.50%,41379,Nominal,4297,789,533,0,2975
39416,3/2008,0415,6.00%,42109,Nominal,3849,619,457,0,2773
39416,5/2008,1217,6.00%,43084,Nominal,3839,640,451,0,2748
39416,11/1995,0216,4.50%,42415,Inflation-Indexed,1521,0,350,0,1171
-,-,-,-,-,-,-,-,-,-,-
39447,4/2008,0708,6.00%,39644,Nominal,3790,639,451,0,2700
39447,7/1997,0709,7.00%,40009,Nominal,5000,669,584,0,3747
39447,4/1999,1111,6.00%,40862,Nominal,4875,919,580,0,3376
39447,1/2008,0413,6.50%,41379,Nominal,4297,789,533,0,2975
39447,3/2008,0415,6.00%,42109,Nominal,3849,619,457,0,2773
39447,5/2008,1217,6.00%,43084,Nominal,3889,640,451,0,2798
39447,11/1995,0216,4.50%,42415,Inflation-Indexed,1521,0,350,0,1171
-,-,-,-,-,-,-,-,-,-,-
39478,4/2008,0708,6.00%,39644,Nominal,3790,639,451,0,2700
39478,7/1997,0709,7.00%,40009,Nominal,5065,669,599,0,3797
39478,4/1999,1111,6.00%,40862,Nominal,4880,919,585,0,3376
39478,1/2008,0413,6.50%,41379,Nominal,4297,789,533,0,2975
39478,3/2008,0415,6.00%,42109,Nominal,3849,619,457,0,2773
39478,5/2008,1217,6.00%,43084,Nominal,3953,640,465,0,2848
39478,11/1995,0216,4.50%,42415,Inflation-Indexed,1521,0,350,0,1171
-,-,-,-,-,-,-,-,-,-,-
39507,4/2008,0708,6.00%,39644,Nominal,3790,639,451,0,2700
39507,7/1997,0709,7.00%,40009,Nominal,5165,669,599,0,3897
39507,4/1999,1111,6.00%,40862,Nominal,4880,919,585,0,3376
39507,1/2008,0413,6.50%,41379,Nominal,4297,789,533,0,2975
39507,3/2008,0415,6.00%,42109,Nominal,3849,619,457,0,2773
39507,5/2008,1217,6.00%,43084,Nominal,3953,640,465,0,2848
39507,11/1995,0216,4.50%,42415,Inflation-Indexed,1521,0,350,0,1171
-,-,-,-,-,-,-,-,-,-,-
39538,8/2004,0708,6.00%,39644,Nominal,3790,639,451,0,2700
39538,7/1997,0709,7.00%,40009,Nominal,5215,669,599,0,3947
39538,4/1999,1111,6.00%,40862,Nominal,4980,919,585,0,3476
39538,6/2001,0413,6.50%,41379,Nominal,4297,789,533,0,2975
39538,4/2003,0415,6.00%,42109,Nominal,3849,619,457,0,2773
39538,4/2005,1217,6.00%,43084,Nominal,4003,640,465,0,2898
39538,11/1995,0216,4.50%,42415,Inflation-Indexed,1521,0,350,0,1171
-,-,-,-,-,-,-,-,-,-,-
39568,8/2004,0708,6.00%,39644,Nominal,3790,639,451,0,2700
39568,7/1997,0709,7.00%,40009,Nominal,5315,669,599,0,4047
39568,4/1999,1111,6.00%,40862,Nominal,4980,919,585,0,3476
39568,6/2001,0413,6.50%,41379,Nominal,4297,789,533,0,2975
39568,4/2003,0415,6.00%,42109,Nominal,3849,619,457,0,2773
39568,4/2005,1217,6.00%,43084,Nominal,4003,640,465,0,2898
39568,11/1995,0216,4.50%,42415,Inflation-Indexed,1521,0,350,0,1171
-,-,-,-,-,-,-,-,-,-,-
39599,8/2004,0708,6.00%,39644,Nominal,3790,639,451,0,2700
39599,7/1997,0709,7.00%,40009,Nominal,5315,669,599,0,4047
39599,4/1999,1111,6.00%,40862,Nominal,4980,919,585,0,3476
39599,6/2001,0413,6.50%,41379,Nominal,4297,789,533,0,2975
39599,4/2003,0415,6.00%,42109,Nominal,3899,619,457,0,2823
39599,4/2005,1217,6.00%,43084,Nominal,4053,640,465,0,2948
39599,11/1995,0216,4.50%,42415,Inflation-Indexed,1521,0,350,0,1171
-,-,-,-,-,-,-,-,-,-,-
39629,8/2004,0708,6.00%,39644,Nominal,3790,639,451,0,2700
39629,7/1997,0709,7.00%,40009,Nominal,5365,669,599,0,4097
39629,4/1999,1111,6.00%,40862,Nominal,5017,919,585,0,3513
39629,6/2001,0413,6.50%,41379,Nominal,4347,789,533,0,3025
39629,4/2003,0415,6.00%,42109,Nominal,3899,619,457,0,2823
39629,4/2005,1217,6.00%,43084,Nominal,4115,640,465,0,3010
39629,11/1995,0216,4.50%,42415,Inflation-Indexed,1521,0,350,0,1171
-,-,-,-,-,-,-,-,-,-,-
39660,7/1997,0709,7.00%,40009,Nominal,5485,669,719,0,4097
39660,4/1999,1111,6.00%,40862,Nominal,5267,919,690,0,3658
39660,6/2001,0413,6.50%,41379,Nominal,4470,789,588,0,3093
39660,4/2003,0415,6.00%,42109,Nominal,4039,619,522,0,2898
39660,4/2005,1217,6.00%,43084,Nominal,4482,640,570,0,3272
39660,11/1995,0216,4.50%,42415,Inflation-Indexed,1521,0,350,0,1171
-,-,-,-,-,-,-,-,-,-,-
39691,7/1997,0709,7.00%,40009,Nominal,5485,669,719,0,4097
39691,4/1999,1111,6.00%,40862,Nominal,5367,919,690,0,3758
39691,6/2001,0413,6.50%,41379,Nominal,4470,789,588,0,3093
39691,4/2003,0415,6.00%,42109,Nominal,4039,619,522,0,2898
39691,4/2005,1217,6.00%,43084,Nominal,4582,640,570,0,3372
39691,11/1995,0216,4.50%,42415,Inflation-Indexed,1521,0,350,0,1171
-,-,-,-,-,-,-,-,-,-,-
39721,7/1997,0709,7.00%,40009,Nominal,5485,669,719,0,4097
39721,4/1999,1111,6.00%,40862,Nominal,5442,919,690,0,3833
39721,6/2001,0413,6.50%,41379,Nominal,4545,789,588,0,3168
39721,4/2003,0415,6.00%,42109,Nominal,4039,619,522,0,2898
39721,4/2005,1217,6.00%,43084,Nominal,4882,640,570,0,3672
39721,11/1995,0216,4.50%,42415,Inflation-Indexed,1521,0,350,0,1171
-,-,-,-,-,-,-,-,-,-,-
39752,7/1997,0709,7.00%,40009,Nominal,5485,669,719,0,4097
39752,4/1999,1111,6.00%,40862,Nominal,5542,919,690,0,3933
39752,6/2001,0413,6.50%,41379,Nominal,4545,789,588,0,3168
39752,4/2003,0415,6.00%,42109,Nominal,4039,619,522,0,2898
39752,4/2005,1217,6.00%,43084,Nominal,5082,640,570,0,3872
39752,11/1995,0216,4.50%,42415,Inflation-Indexed,1521,0,350,0,1171
-,-,-,-,-,-,-,-,-,-,-
39782,7/1997,0709,7.00%,40009,Nominal,5485,669,719,0,4097
39782,4/1999,1111,6.00%,40862,Nominal,5592,919,690,0,3983
39782,6/2001,0413,6.50%,41379,Nominal,4595,789,588,0,3218
39782,4/2003,0415,6.00%,42109,Nominal,4039,619,522,0,2898
39782,4/2005,1217,6.00%,43084,Nominal,5257,640,570,0,4047
39782,11/1995,0216,4.50%,42415,Inflation-Indexed,1521,0,350,0,1171
-,-,-,-,-,-,-,-,-,-,-
39813,7/1997,0709,7.00%,40009,Nominal,5710,957,656,0,4097
39813,4/1999,1111,6.00%,40862,Nominal,5592,919,690,0,3983
39813,6/2001,0413,6.50%,41379,Nominal,4705,789,588,0,3328
39813,4/2003,0415,6.00%,42109,Nominal,4039,619,522,0,2898
39813,4/2005,1217,6.00%,43084,Nominal,5367,640,630,0,4097
39813,11/1995,0216,4.50%,42415,Inflation-Indexed,1521,0,350,0,1171
-,-,-,-,-,-,-,-,-,-,-
39844,7/1997,0709,7.00%,40009,Nominal,5710,957,656,0,4097
39844,4/1999,1111,6.00%,40862,Nominal,5642,919,690,0,4033
39844,6/2001,0413,6.50%,41379,Nominal,4805,789,588,0,3428
39844,4/2003,0415,6.00%,42109,Nominal,4139,619,522,0,2998
39844,4/2005,1217,6.00%,43084,Nominal,5417,640,630,0,4147
39844,11/1995,0216,4.50%,42415,Inflation-Indexed,1521,0,350,0,1171
-,-,-,-,-,-,-,-,-,-,-
39872,7/1997,0709,7.00%,40009,Nominal,5760,957,656,0,4147
39872,4/1999,1111,6.00%,40862,Nominal,5692,919,690,0,4083
39872,6/2001,0413,6.50%,41379,Nominal,4967,789,588,0,3590
39872,4/2003,0415,6.00%,42109,Nominal,4163,619,522,0,3022
39872,4/2005,1217,6.00%,43084,Nominal,5579,640,630,0,4309
39872,11/1995,0216,4.50%,42415,Inflation-Indexed,1521,0,350,0,1171
-,-,-,-,-,-,-,-,-,-,-
39903,7/1997,0709,7.00%,40009,Nominal,5860,957,656,0,4247
39903,4/1999,1111,6.00%,40862,Nominal,5742,919,690,0,4133
39903,6/2001,0413,6.50%,41379,Nominal,5067,789,588,0,3690
39903,4/2003,0415,6.00%,42109,Nominal,4275,619,522,0,3134
39903,4/2005,1217,6.00%,43084,Nominal,5992,640,630,0,4722
39903,11/1995,0216,4.50%,42415,Inflation-Indexed,1521,0,350,0,1171
-,-,-,-,-,-,-,-,-,-,-
39933,7/1997,0709,7.00%,40009,Nominal,5810,957,656,0,4197
39933,4/1999,1111,6.00%,40862,Nominal,5912,919,690,0,4303
39933,6/2001,0413,6.50%,41379,Nominal,5112,789,588,0,3735
39933,4/2003,0415,6.00%,42109,Nominal,4325,619,522,0,3184
39933,4/2005,1217,6.00%,43084,Nominal,6312,640,630,0,5042
39933,11/1995,0216,4.50%,42415,Inflation-Indexed,1521,0,350,0,1171
-,-,-,-,-,-,-,-,-,-,-
39964,7/1997,0709,7.00%,40009,Nominal,5810,957,656,0,4197
39964,4/1999,1111,6.00%,40862,Nominal,5975,919,690,0,4366
39964,6/2001,0413,6.50%,41379,Nominal,5224,789,588,0,3847
39964,4/2003,0415,6.00%,42109,Nominal,4325,619,522,0,3184
39964,4/2005,1217,6.00%,43084,Nominal,6437,640,630,0,5167
39964,5/2009,0521,6.00%,44331,Nominal,300,0,0,0,300
39964,11/1995,0216,4.50%,42415,Inflation-Indexed,1521,0,350,0,1171
-,-,-,-,-,-,-,-,-,-,-
39994,7/1997,0709,7.00%,40009,Nominal,5810,1286,656,0,3867.1
39994,4/1999,1111,6.00%,40862,Nominal,6025,919,690,0,4416
39994,6/2001,0413,6.50%,41379,Nominal,5324,789,588,0,3947
39994,4/2003,0415,6.00%,42109,Nominal,4375,619,522,0,3234
39994,4/2005,1217,6.00%,43084,Nominal,6587,640,630,0,5317
39994,5/2009,0521,6.00%,44331,Nominal,928,0,28,0,900
39994,11/1995,0216,4.50%,42415,Inflation-Indexed,1521,0,350,0,1171
-,-,-,-,-,-,-,-,-,-,-
-,-,-,-,-,38,,-,-,-,-
40025,4/1999,1111,6.00%,40862,Nominal,6261,919,776,0,4566
40025,6/2001,0413,6.50%,41379,Nominal,5775,789,689,0,4297
40025,4/2003,0415,6.00%,42109,Nominal,4615,619,562,0,3434
40025,4/2005,1217,6.00%,43084,Nominal,6941,640,834,0,5467
40025,5/2009,0521,6.00%,44331,Nominal,1742,200,192,0,1350
40025,11/1995,0216,4.50%,42415,Inflation-Indexed,1521,0,350,0,1171
-,-,-,-,-,-,-,-,-,-,-
40052,4/1999,1111,6.00%,40862,Nominal,6612,919,776,0,4917
40052,6/2001,0413,6.50%,41379,Nominal,5975,789,689,0,4497
40052,4/2003,0415,6.00%,42109,Nominal,4765,619,562,0,3584
40052,4/2005,1217,6.00%,43084,Nominal,7141,640,834,0,5667
40052,5/2009,0521,6.00%,44331,Nominal,2141,300,192,0,1649
40052,11/1995,0216,4.50%,42415,Inflation-Indexed,1521,0,350,0,1171
-,-,-,-,-,-,-,-,-,-,-
40053,4/1999,1111,6.00%,40862,Nominal,6612,919,776,0,4917
40053,6/2001,0413,6.50%,41379,Nominal,5975,789,689,0,4497
40053,4/2003,0415,6.00%,42109,Nominal,4765,619,562,0,3584
40053,4/2005,1217,6.00%,43084,Nominal,7141,640,834,0,5667
40053,5/2009,0521,6.00%,44331,Nominal,2141,300,192,0,1649
40053,11/1995,0216,4.50%,42415,Inflation-Indexed,1521,0,350,0,1171
-,-,-,-,-,-,-,-,-,-,-
40056,4/1999,1111,6.00%,40862,Nominal,6612,919,776,0,4917
40056,6/2001,0413,6.50%,41379,Nominal,5975,789,689,0,4497
40056,4/2003,0415,6.00%,42109,Nominal,4765,619,562,0,3584
40056,4/2005,1217,6.00%,43084,Nominal,7141,640,834,0,5667
40056,5/2009,0521,6.00%,44331,Nominal,2141,300,192,0,1649
40056,11/1995,0216,4.50%,42415,Inflation-Indexed,1521,0,350,0,1171
-,-,-,-,-,-,-,-,-,-,-
40086,4/1999,1111,6.00%,40862,Nominal,7062,919,776,0,5367
40086,6/2001,0413,6.50%,41379,Nominal,6325,789,689,0,4847
40086,4/2003,0415,6.00%,42109,Nominal,5115,619,562,0,3934
40086,4/2005,1217,6.00%,43084,Nominal,7286,640,834,0,5812
40086,5/2009,0521,6.00%,44331,Nominal,2741,300,192,0,2249
40086,11/1995,0216,4.50%,42415,Inflation-Indexed,1521,0,350,0,1171
-,-,-,-,-,-,-,-,-,-,-
40117,4/1999,1111,6.00%,40862,Nominal,7062,919,776,0,5367
40117,6/2001,0413,6.50%,41379,Nominal,6425,789,689,0,4947
40117,4/2003,0415,6.00%,42109,Nominal,5540,619,562,0,4359
40117,4/2005,1217,6.00%,43084,Nominal,7436,640,834,0,5962
40117,5/2009,0521,6.00%,44331,Nominal,3105,300,231,0,2574
40117,11/1995,0216,4.50%,42415,Inflation-Indexed,1521,0,350,0,1171
-,-,-,-,-,-,-,-,-,-,-
40147,4/1999,1111,6.00%,40862,Nominal,7212,919,776,0,5517
40147,6/2001,0413,6.50%,41379,Nominal,6875,789,689,0,5397
40147,4/2003,0415,6.00%,42109,Nominal,5765,619,562,0,4584
40147,4/2005,1217,6.00%,43084,Nominal,7436,640,834,0,5962
40147,5/2009,0521,6.00%,44331,Nominal,3260,300,261,0,2699
40147,11/1995,0216,4.50%,42415,Inflation-Indexed,1521,0,350,0,1171
-,-,-,-,-,-,-,-,-,-,-
40178,4/1999,1111,6.00%,40862,Nominal,7487,919,776,0,5792
40178,6/2001,0413,6.50%,41379,Nominal,7075,789,689,0,5597
40178,4/2003,0415,6.00%,42109,Nominal,5890,619,562,0,4709
40178,4/2005,1217,6.00%,43084,Nominal,7436,640,834,0,5962
40178,5/2009,0521,6.00%,44331,Nominal,3285,300,286,0,2699
40178,11/1995,0216,4.50%,42415,Inflation-Indexed,1521,0,350,0,1171
-,-,-,-,-,-,-,-,-,-,-
40209,4/1999,1111,6.00%,40862,Nominal,7682,919,776,0,5987
40209,6/2001,0413,6.50%,41379,Nominal,7265,789,689,0,5787
40209,4/2003,0415,6.00%,42109,Nominal,6100,619,562,0,4919
40209,4/2005,1217,6.00%,43084,Nominal,7436,640,834,0,5962
40209,5/2009,0521,6.00%,44331,Nominal,3390,300,286,0,2804
40209,11/1995,0216,4.50%,42415,Inflation-Indexed,1521,0,350,0,1171
-,-,-,-,-,-,-,-,-,-,-
40237,4/1999,1111,6.00%,40862,Nominal,8007,919,776,0,6312
40237,6/2001,0413,6.50%,41379,Nominal,7415,789,689,0,5937
40237,4/2003,0415,6.00%,42109,Nominal,6275,619,562,0,5094
40237,4/2005,1217,6.00%,43084,Nominal,7436,640,834,0,5962
40237,5/2009,0521,6.00%,44331,Nominal,3440,300,286,0,2854
40237,11/1995,0216,4.50%,42415,Inflation-Indexed,1521,0,350,0,1171
-,-,-,-,-,-,-,-,-,-,-
40268,4/1999,1111,6.00%,40862,Nominal,8137,919,776,0,6442
40268,6/2001,0413,6.50%,41379,Nominal,7870,789,689,0,6392
40268,4/2003,0415,6.00%,42109,Nominal,6275,619,562,0,5094
40268,4/2005,1217,6.00%,43084,Nominal,7436,640,834,0,5962
40268,5/2009,0521,6.00%,44331,Nominal,4080,300,286,0,3494
40268,11/1995,0216,4.50%,42415,Inflation-Indexed,1521,0,350,0,1171
-,-,-,-,-,-,-,-,-,-,-
40298,4/1999,1111,6.00%,40862,Nominal,8137,919,776,0,6442
40298,6/2001,0413,6.50%,41379,Nominal,7970,789,689,0,6492
40298,4/2003,0415,6.00%,42109,Nominal,6525,619,562,0,5344
40298,4/2005,1217,6.00%,43084,Nominal,7436,640,834,0,5962
40298,5/2009,0521,6.00%,44331,Nominal,4668,300,324,0,4044
40298,11/1995,0216,4.50%,42415,Inflation-Indexed,1521,0,350,0,1171
-,-,-,-,-,-,-,-,-,-,-
40329,4/1999,1111,6.00%,40862,Nominal,8137,919,776,0,6442
40329,6/2001,0413,6.50%,41379,Nominal,8045,789,689,0,6567
40329,4/2003,0415,6.00%,42109,Nominal,6625,619,562,0,5444
40329,4/2005,1217,6.00%,43084,Nominal,7436,640,834,0,5962
40329,5/2009,0521,6.00%,44331,Nominal,5226,300,357,0,4569
40329,11/1995,0216,4.50%,42415,Inflation-Indexed,1521,0,350,0,1171
-,-,-,-,-,-,-,-,-,-,-
40359,4/1999,1111,6.00%,40862,Nominal,8437,919,776,0,6742
40359,6/2001,0413,6.50%,41379,Nominal,8120,789,689,0,6642
40359,4/2003,0415,6.00%,42109,Nominal,6825,619,562,0,5644
40359,4/2005,1217,6.00%,43084,Nominal,7436,640,834,0,5962
40359,5/2009,0521,6.00%,44331,Nominal,5599,300,380,0,4919
40359,11/1995,0216,4.50%,42415,Inflation-Indexed,1521,0,350,0,1171
-,-,-,-,-,-,-,-,-,-,-
40390,4/1999,1111,6.00%,40862,Nominal,8797,919,776,0,7102
40390,6/2001,0413,6.50%,41379,Nominal,8120,789,689,0,6642
40390,4/2003,0415,6.00%,42109,Nominal,6940,619,562,0,5759
40390,4/2005,1217,6.00%,43084,Nominal,7786,640,834,0,6312
40390,5/2009,0521,6.00%,44331,Nominal,5774,300,380,0,5094
40390,11/1995,0216,4.50%,42415,Inflation-Indexed,1521,0,350,0,1171
-,-,-,-,-,-,-,-,-,-,-
40409,4/1999,1111,6.00%,40862,Nominal,8897,919,776,0,7202
40409,6/2001,0413,6.50%,41379,Nominal,8395,789,689,0,6917
40409,4/2003,0415,6.00%,42109,Nominal,7040,619,562,0,5859
40409,4/2005,1217,6.00%,43084,Nominal,7886,640,834,0,6412
40409,5/2009,0521,6.00%,44331,Nominal,6054,300,385,0,5369
40409,11/1995,0216,4.50%,42415,Inflation-Indexed,1521,0,350,0,1171
-,-,-,-,-,-,-,-,-,-,-
40421,4/1999,1111,6.00%,40862,Nominal,8897,919,776,0,7202
40421,6/2001,0413,6.50%,41379,Nominal,8395,789,689,0,6917
40421,4/2003,0415,6.00%,42109,Nominal,7340,619,562,0,6159
40421,4/2005,1217,6.00%,43084,Nominal,7986,640,834,0,6512
40421,5/2009,0521,6.00%,44331,Nominal,6304,300,385,0,5619
40421,11/1995,0216,4.50%,42415,Inflation-Indexed,1521,0,350,0,1171
-,-,-,-,-,-,-,-,-,-,-
40451,4/1999,1111,6.00%,40862,Nominal,8897,919,776,0,7202
40451,6/2001,0413,6.50%,41379,Nominal,8545,789,689,0,7067
40451,4/2003,0415,6.00%,42109,Nominal,7990,619,562,0,6809
40451,4/2005,1217,6.00%,43084,Nominal,8211,640,834,0,6737
40451,5/2009,0521,6.00%,44331,Nominal,6854,300,385,0,6169
40451,11/1995,0216,4.50%,42415,Inflation-Indexed,1521,0,350,0,1171
-,-,-,-,-,-,-,-,-,-,-
40482,4/1999,1111,6.00%,40862,Nominal,9247,919,776,0,7552
40482,6/2001,0413,6.50%,41379,Nominal,8545,789,689,0,7067
40482,4/2003,0415,6.00%,42109,Nominal,8390,619,562,0,7209
40482,4/2005,1217,6.00%,43084,Nominal,8211,640,834,0,6737
40482,10/2010,0319,5.00%,43539,Nominal,425,0,0,0,425
40482,5/2009,0521,6.00%,44331,Nominal,6954,300,385,0,6269
40482,11/1995,0216,4.50%,42415,Inflation-Indexed,1521,0,350,0,1171
-,-,-,-,-,-,-,-,-,-,-
40512,4/1999,1111,6.00%,40862,Nominal,9297,919,776,0,7602
40512,6/2001,0413,6.50%,41379,Nominal,8845,789,689,0,7367
40512,4/2003,0415,6.00%,42109,Nominal,8440,619,562,0,7259
40512,4/2005,1217,6.00%,43084,Nominal,8311,640,634,0,7037
40512,10/2010,0319,5.00%,43539,Nominal,1213,300,58,0,855
40512,5/2009,0521,6.00%,44331,Nominal,7474,300,535,0,6639
40512,11/1995,0216,4.50%,42415,Inflation-Indexed,1521,0,350,0,1171
-,-,-,-,-,-,-,-,-,-,-
40543,4/1999,1111,6.00%,40862,Nominal,9297,919,776,0,7602
40543,6/2001,0413,6.50%,41379,Nominal,9395,789,689,0,7917
40543,4/2003,0415,6.00%,42109,Nominal,8690,619,562,0,7509
40543,4/2005,1217,6.00%,43084,Nominal,8461,640,634,0,7187
40543,10/2010,0319,5.00%,43539,Nominal,1363,300,58,0,1005
40543,5/2009,0521,6.00%,44331,Nominal,7824,300,535,0,6989
40543,11/1995,0216,4.50%,42415,Inflation-Indexed,1521,0,350,0,1171
-,-,-,-,-,-,-,-,-,-,-
40574,4/1999,1111,6.00%,40862,Nominal,9229,919,708,0,7602
40574,6/2001,0413,6.50%,41379,Nominal,9395,789,689,0,7917
40574,4/2003,0415,6.00%,42109,Nominal,8690,619,562,0,7509
40574,4/2005,1217,6.00%,43084,Nominal,8861,640,634,0,7587
40574,10/2010,0319,5.00%,43539,Nominal,1563,300,58,0,1205
40574,5/2009,0521,6.00%,44331,Nominal,8374,300,535,0,7539
40574,11/1995,0216,4.50%,42415,Inflation-Indexed,1521,0,350,0,1171
-,-,-,-,-,-,-,-,-,-,-
40602,4/1999,1111,6.00%,40862,Nominal,9161,919,640,0,7602
40602,6/2001,0413,6.50%,41379,Nominal,9495,789,689,0,8017
40602,4/2003,0415,6.00%,42109,Nominal,8740,619,562,0,7559
40602,4/2005,1217,6.00%,43084,Nominal,9196,640,634,0,7922
40602,10/2010,0319,5.00%,43539,Nominal,2063,300,58,0,1705
40602,5/2009,0521,6.00%,44331,Nominal,8739,300,535,0,7904
40602,11/1995,0216,4.50%,42415,Inflation-Indexed,1521,0,350,0,1171
-,-,-,-,-,-,-,-,-,-,-
40633,4/1999,1111,6.00%,40862,Nominal,9093,919,572,0,7602
40633,6/2001,0413,6.50%,41379,Nominal,9720,789,689,0,8242
40633,4/2003,0415,6.00%,42109,Nominal,8740,619,562,0,7559
40633,4/2005,1217,6.00%,43084,Nominal,9196,640,634,0,7922
40633,10/2010,0319,5.00%,43539,Nominal,2913,300,58,0,2555
40633,5/2009,0521,6.00%,44331,Nominal,10014,300,535,0,9179
40633,11/1995,0216,4.50%,42415,Inflation-Indexed,1521,0,350,0,1171
-,-,-,-,-,-,-,-,-,-,-
40663,4/1999,1111,6.00%,40862,Nominal,9025,919,504,0,7602
40663,6/2001,0413,6.50%,41379,Nominal,9970,789,639,0,8542
40663,4/2003,0415,6.00%,42109,Nominal,8740,619,562,0,7559
40663,4/2005,1217,6.00%,43084,Nominal,9296,640,634,0,8022
40663,10/2010,0319,5.00%,43539,Nominal,5013,300,58,0,4655
40663,5/2009,0521,6.00%,44331,Nominal,10514,300,585,0,9629
40663,11/1995,0216,4.50%,42415,Inflation-Indexed,1521,0,350,0,1171
-,-,-,-,-,-,-,-,-,-,-
40694,4/1999,1111,6.00%,40862,Nominal,8906,919,385,0,7602
40694,6/2001,0413,6.50%,41379,Nominal,10215,789,639,0,8787
40694,4/2003,0415,6.00%,42109,Nominal,8740,619,562,0,7559
40694,4/2005,1217,6.00%,43084,Nominal,9626,640,634,0,8352
40694,10/2010,0319,5.00%,43539,Nominal,6188,300,58,0,5830
40694,5/2009,0521,6.00%,44331,Nominal,10664,300,585,0,9779
40694,11/1995,0216,4.50%,42415,Inflation-Indexed,1521,0,350,0,1171
-,-,-,-,-,-,-,-,-,-,-
40724,4/1999,1111,6.00%,40862,Nominal,8766,919,245,0,7602
40724,6/2001,0413,6.50%,41379,Nominal,10344,789,639,0,8916
40724,4/2003,0415,6.00%,42109,Nominal,8961,619,562,0,7780
40724,4/2005,1217,6.00%,43084,Nominal,9626,640,634,0,8352
40724,10/2010,0319,5.00%,43539,Nominal,6388,300,58,0,6030
40724,5/2009,0521,6.00%,44331,Nominal,10724,300,585,0,9839
40724,6/2011,0423,5.50%,45031,Nominal,390,0,0,0,390
40724,11/1995,0216,4.50%,42415,Inflation-Indexed,1521,0,350,0,1171
-,-,-,-,-,-,-,-,-,-,-
40755,4/1999,1111,6.00%,40862,Nominal,8766,919,245,0,7602
40755,6/2001,0413,6.50%,41379,Nominal,10860,789,639,0,9432
40755,4/2003,0415,6.00%,42109,Nominal,9191,619,492,0,8080
40755,4/2005,1217,6.00%,43084,Nominal,9506,640,494,0,8372
40755,10/2010,0319,5.00%,43539,Nominal,6438,300,58,0,6080
40755,5/2009,0521,6.00%,44331,Nominal,11024,300,585,0,10139
40755,6/2011,0423,5.50%,45031,Nominal,404,0,0,0,404
40755,11/1995,0216,4.50%,42415,Inflation-Indexed,1521,0,350,0,1171
-,-,-,-,-,-,-,-,-,-,-
40786,4/1999,1111,6.00%,40862,Nominal,8766,919,245,0,7602
40786,6/2001,0413,6.50%,41379,Nominal,10860,789,639,0,9432
40786,4/2003,0415,6.00%,42109,Nominal,9176,619,352,0,8205
40786,4/2005,1217,6.00%,43084,Nominal,9606,640,494,0,8472
40786,10/2010,0319,5.00%,43539,Nominal,6538,300,58,0,6180
40786,5/2009,0521,6.00%,44331,Nominal,11224,300,585,0,10339
40786,6/2011,0423,5.50%,45031,Nominal,979,200,0,0,779
40786,11/1995,0216,4.50%,42415,Inflation-Indexed,1488,0,317,0,1171
-,-,-,-,-,-,-,-,-,-,-
40816,4/1999,1111,6.00%,40862,Nominal,8766,919,245,0,7602
40816,6/2001,0413,6.50%,41379,Nominal,11015,789,569,0,9657
40816,4/2003,0415,6.00%,42109,Nominal,9406,619,182,0,8605
40816,4/2005,1217,6.00%,43084,Nominal,9711,640,424,0,8647
40816,10/2010,0319,5.00%,43539,Nominal,6688,300,58,0,6330
40816,5/2009,0521,6.00%,44331,Nominal,11224,300,585,0,10339
40816,6/2011,0423,5.50%,45031,Nominal,1204,200,0,0,1004
40816,11/1995,0216,4.50%,42415,Inflation-Indexed,1488,0,317,0,1171
-,-,-,-,-,-,-,-,-,-,-
40847,4/1999,1111,6.00%,40862,Nominal,8766,919,245,0,7602
40847,6/2001,0413,6.50%,41379,Nominal,11270,789,499,0,9982
40847,4/2003,0415,6.00%,42109,Nominal,10706,619,182,0,9905
40847,4/2005,1217,6.00%,43084,Nominal,9771,640,184,0,8947
40847,10/2010,0319,5.00%,43539,Nominal,6788,300,58,0,6430
40847,5/2009,0521,6.00%,44331,Nominal,11324,300,585,0,10439
40847,6/2011,0423,5.50%,45031,Nominal,1404,200,0,0,1204
40847,11/1995,0216,4.50%,42415,Inflation-Indexed,1427,0,256,0,1171
-,-,-,-,-,-,-,-,-,-,-
40877,6/2001,0413,6.50%,41379,Nominal,11270,789,499,0,9982
40877,4/2003,0415,6.00%,42109,Nominal,10706,619,182,0,9905
40877,4/2005,1217,6.00%,43084,Nominal,10261,640,184,0,9437
40877,10/2010,0319,5.00%,43539,Nominal,7428,300,58,0,7070
40877,5/2009,0521,6.00%,44331,Nominal,11644,300,585,0,10759
40877,6/2011,0423,5.50%,45031,Nominal,1754,200,0,0,1554
40877,11/1995,0216,4.50%,42415,Inflation-Indexed,1397,0,226,0,1171
-,-,-,-,-,-,-,-,-,-,-
40908,6/2001,0413,6.50%,41379,Nominal,11270,789,499,0,9982
40908,4/2003,0415,6.00%,42109,Nominal,10706,619,182,0,9905
40908,4/2005,1217,6.00%,43084,Nominal,10261,640,184,0,9437
40908,10/2010,0319,5.00%,43539,Nominal,7818,300,58,0,7460
40908,5/2009,0521,6.00%,44331,Nominal,11844,300,585,0,10959
40908,6/2011,0423,5.50%,45031,Nominal,1914,200,0,0,1714
40908,11/1995,0216,4.50%,42415,Inflation-Indexed,1397,0,226,0,1171
-,-,-,-,-,-,-,-,-,-,-
40939,6/2001,0413,6.50%,41379,Nominal,11270,789,499,0,9982
40939,4/2003,0415,6.00%,42109,Nominal,10706,619,182,0,9905
40939,4/2005,1217,6.00%,43084,Nominal,10261,640,184,0,9437
40939,10/2010,0319,5.00%,43539,Nominal,8068,300,58,0,7710
40939,5/2009,0521,6.00%,44331,Nominal,11844,300,585,0,10959
40939,6/2011,0423,5.50%,45031,Nominal,1914,200,0,0,1714
40939,11/1995,0216,4.50%,42415,Inflation-Indexed,1397,0,226,0,1171
-,-,-,-,-,-,-,-,-,-,-
40968,6/2001,0413,6.50%,41379,Nominal,11270,789,499,0,9982
40968,4/2003,0415,6.00%,42109,Nominal,10706,619,182,0,9905
40968,4/2005,1217,6.00%,43084,Nominal,10311,640,184,0,9487
40968,10/2010,0319,5.00%,43539,Nominal,8368,300,58,0,8010
40968,5/2009,0521,6.00%,44331,Nominal,11944,300,585,0,11059
40968,6/2011,0423,5.50%,45031,Nominal,2214,200,0,0,2014
40968,11/1995,0216,4.50%,42415,Inflation-Indexed,1397,0,226,0,1171
-,-,-,-,-,-,-,-,-,-,-
40999,6/2001,0413,6.50%,41379,Nominal,11270,789,499,0,9982
40999,4/2003,0415,6.00%,42109,Nominal,10706,619,182,0,9905
40999,4/2005,1217,6.00%,43084,Nominal,10661,640,184,0,9837
40999,10/2010,0319,5.00%,43539,Nominal,8718,300,58,0,8360
40999,5/2009,0521,6.00%,44331,Nominal,11944,300,585,0,11059
40999,6/2011,0423,5.50%,45031,Nominal,2564,200,0,0,2364
40999,11/1995,0216,4.50%,42415,Inflation-Indexed,1397,0,226,0,1171
-,-,-,-,-,-,-,-,-,-,-
41029,6/2001,0413,6.50%,41379,Nominal,11270,789,499,0,9982
41029,4/2003,0415,6.00%,42109,Nominal,10706,619,182,0,9905
41029,4/2005,1217,6.00%,43084,Nominal,10811,640,184,0,9987
41029,10/2010,0319,5.00%,43539,Nominal,9183,300,58,0,8825
41029,5/2009,0521,6.00%,44331,Nominal,11944,300,585,0,11059
41029,6/2011,0423,5.50%,45031,Nominal,2949,200,0,0,2749
41029,11/1995,0216,4.50%,42415,Inflation-Indexed,1397,0,226,0,1171
-,-,-,-,-,-,-,-,-,-,-
41060,6/2001,0413,6.50%,41379,Nominal,11270,789,499,0,9982
41060,4/2003,0415,6.00%,42109,Nominal,10706,619,182,0,9905
41060,4/2005,1217,6.00%,43084,Nominal,11236,640,184,0,10412
41060,10/2010,0319,5.00%,43539,Nominal,9583,300,58,0,9225
41060,5/2009,0521,6.00%,44331,Nominal,11944,300,585,0,11059
41060,6/2011,0423,5.50%,45031,Nominal,3774,200,0,0,3574
41060,11/1995,0216,4.50%,42415,Inflation-Indexed,1397,0,226,0,1171
-,-,-,-,-,-,-,-,-,-,-
41090,6/2001,0413,6.50%,41379,Nominal,11270,789,499,0,9982
41090,4/2003,0415,6.00%,42109,Nominal,10706,619,182,0,9905
41090,4/2005,1217,6.00%,43084,Nominal,11236,640,184,0,10412
41090,10/2010,0319,5.00%,43539,Nominal,10083,300,58,0,9725
41090,5/2009,0521,6.00%,44331,Nominal,11944,300,585,0,11059
41090,6/2011,0423,5.50%,45031,Nominal,4224,200,0,0,4024
41090,11/1995,0216,4.50%,42415,Inflation-Indexed,1397,0,226,0,1171
-,-,-,-,-,-,-,-,-,-,-
41121,6/2001,0413,6.50%,41379,Nominal,11270,789,499,0,9982
41121,4/2003,0415,6.00%,42109,Nominal,10706,619,182,0,9905
41121,4/2005,1217,6.00%,43084,Nominal,11336,640,184,0,10512
41121,10/2010,0319,5.00%,43539,Nominal,10408,300,58,0,10050
41121,5/2009,0521,6.00%,44331,Nominal,11944,300,585,0,11059
41121,6/2011,0423,5.50%,45031,Nominal,4749,200,0,0,4549
41121,11/1995,0216,4.50%,42415,Inflation-Indexed,1397,0,226,0,1171
-,-,-,-,-,-,-,-,-,-,-
41152,6/2001,0413,6.50%,41379,Nominal,11270,789,499,0,9982
41152,4/2003,0415,6.00%,42109,Nominal,11006,619,182,0,10205
41152,4/2005,1217,6.00%,43084,Nominal,11336,640,184,0,10512
41152,10/2010,0319,5.00%,43539,Nominal,10613,300,58,0,10255
41152,5/2009,0521,6.00%,44331,Nominal,11944,300,585,0,11059
41152,6/2011,0423,5.50%,45031,Nominal,5465,200,0,0,5265
41152,11/1995,0216,4.50%,42415,Inflation-Indexed,1397,0,226,0,1171
-,-,-,-,-,-,-,-,-,-,-
41182,6/2001,0413,6.50%,41379,Nominal,11270,789,499,0,9982
41182,4/2003,0415,6.00%,42109,Nominal,11106,619,182,0,10305
41182,4/2005,1217,6.00%,43084,Nominal,11336,640,184,0,10512
41182,10/2010,0319,5.00%,43539,Nominal,10913,300,58,0,10555
41182,5/2009,0521,6.00%,44331,Nominal,11944,300,585,0,11059
41182,6/2011,0423,5.50%,45031,Nominal,6055,200,0,0,5855
41182,11/1995,0216,4.50%,42415,Inflation-Indexed,1397,0,226,0,1171
-,-,-,-,-,-,-,-,-,-,-
41213,6/2001,0413,6.50%,41379,Nominal,11270,789,499,0,9982
41213,4/2003,0415,6.00%,42109,Nominal,11206,619,182,0,10405
41213,4/2005,1217,6.00%,43084,Nominal,11336,640,184,0,10512
41213,10/2010,0319,5.00%,43539,Nominal,11313,300,58,0,10955
41213,5/2009,0521,6.00%,44331,Nominal,11944,300,585,0,11059
41213,6/2011,0423,5.50%,45031,Nominal,6805,200,0,0,6605
41213,11/1995,0216,4.50%,42415,Inflation-Indexed,1397,0,226,0,1171
41213,10/2012,0925,2.00%,45920,Inflation-Indexed,2650,150,0,0,2500
-,-,-,-,-,-,-,-,-,-,-
41243,6/2001,0413,6.50%,41379,Nominal,11270,789,499,0,9982
41243,4/2003,0415,6.00%,42109,Nominal,11406,619,182,0,10605
41243,4/2005,1217,6.00%,43084,Nominal,11336,640,184,0,10512
41243,10/2010,0319,5.00%,43539,Nominal,11513,300,58,0,11155
41243,5/2009,0521,6.00%,44331,Nominal,11944,300,585,0,11059
41243,6/2011,0423,5.50%,45031,Nominal,7405,200,0,0,7205
41243,11/1995,0216,4.50%,42415,Inflation-Indexed,1397,0,226,0,1171
41243,10/2012,0925,2.00%,45920,Inflation-Indexed,2650,150,0,0,2500
-,-,-,-,-,-,-,-,-,-,-
41274,6/2001,0413,6.50%,41379,Nominal,11270,789,499,0,9982
41274,4/2003,0415,6.00%,42109,Nominal,11406,619,182,0,10605
41274,4/2005,1217,6.00%,43084,Nominal,11636,640,184,0,10812
41274,10/2010,0319,5.00%,43539,Nominal,11613,300,58,0,11255
41274,5/2009,0521,6.00%,44331,Nominal,11944,300,585,0,11059
41274,6/2011,0423,5.50%,45031,Nominal,8005,200,0,0,7805
41274,11/1995,0216,4.50%,42415,Inflation-Indexed,1397,0,226,0,1171
41274,10/2012,0925,2.00%,45920,Inflation-Indexed,2650,150,0,0,2500
-,-,-,-,-,-,-,-,-,-,-
41305,6/2001,0413,6.50%,41379,Nominal,11270,789,499,0,9982
41305,4/2003,0415,6.00%,42109,Nominal,11406,619,182,0,10605
41305,4/2005,1217,6.00%,43084,Nominal,11836,640,184,0,11012
41305,10/2010,0319,5.00%,43539,Nominal,11613,300,58,0,11255
41305,5/2009,0521,6.00%,44331,Nominal,11944,300,585,0,11059
41305,6/2011,0423,5.50%,45031,Nominal,8205,200,0,0,8005
41305,11/1995,0216,4.50%,42415,Inflation-Indexed,1397,0,226,0,1171
41305,10/2012,0925,2.00%,45920,Inflation-Indexed,2650,150,0,0,2500
-,-,-,-,-,-,-,-,-,-,-
41333,6/2001,0413,6.50%,41379,Nominal,11270,789,499,0,9982
41333,4/2003,0415,6.00%,42109,Nominal,11406,619,182,0,10605
41333,4/2005,1217,6.00%,43084,Nominal,12136,640,184,0,11312
41333,10/2010,0319,5.00%,43539,Nominal,11613,300,58,0,11255
41333,5/2009,0521,6.00%,44331,Nominal,11944,300,585,0,11059
41333,6/2011,0423,5.50%,45031,Nominal,8505,200,0,0,8305
41333,11/1995,0216,4.50%,42415,Inflation-Indexed,1397,0,226,0,1171
41333,10/2012,0925,2.00%,45920,Inflation-Indexed,2850,150,0,0,2700
-,-,-,-,-,-,-,-,-,-,-
41364,6/2001,0413,6.50%,41379,Nominal,11270,789,499,0,9982
41364,4/2003,0415,6.00%,42109,Nominal,11506,619,182,0,10705
41364,4/2005,1217,6.00%,43084,Nominal,12136,640,184,0,11312
41364,10/2010,0319,5.00%,43539,Nominal,11813,300,58,0,11455
41364,5/2009,0521,6.00%,44331,Nominal,11944,300,585,0,11059
41364,6/2011,0423,5.50%,45031,Nominal,8805,200,0,0,8605
41364,11/1995,0216,4.50%,42415,Inflation-Indexed,1397,0,226,0,1171
41364,10/2012,0925,2.00%,45920,Inflation-Indexed,3050,150,0,0,2900
-,-,-,-,-,-,-,-,-,-,-
41394,4/2003,0415,6.00%,42109,Nominal,11606,619,182,0,10805
41394,4/2005,1217,6.00%,43084,Nominal,12136,640,184,0,11312
41394,10/2010,0319,5.00%,43539,Nominal,11813,300,58,0,11455
41394,4/2013,0420,3.00%,43936,Nominal,2150,150,0,0,2000
41394,5/2009,0521,6.00%,44331,Nominal,11944,300,585,0,11059
41394,6/2011,0423,5.50%,45031,Nominal,8905,200,0,0,8705
41394,11/1995,0216,4.50%,42415,Inflation-Indexed,1397,0,226,0,1171
41394,10/2012,0925,2.00%,45920,Inflation-Indexed,3250,150,0,0,3100
-,-,-,-,-,-,-,-,-,-,-
41425,4/2003,0415,6.00%,42109,Nominal,11606,619,182,0,10805
41425,4/2005,1217,6.00%,43084,Nominal,12136,640,184,0,11312
41425,10/2010,0319,5.00%,43539,Nominal,11813,300,58,0,11455
41425,4/2013,0420,3.00%,43936,Nominal,2150,150,0,0,2000
41425,5/2009,0521,6.00%,44331,Nominal,11944,300,585,0,11059
41425,6/2011,0423,5.50%,45031,Nominal,9245,300,0,0,8945
41425,11/1995,0216,4.50%,42415,Inflation-Indexed,1397,0,226,0,1171
41425,10/2012,0925,2.00%,45920,Inflation-Indexed,3600,300,0,0,3300
-,-,-,-,-,-,-,-,-,-,-
41455,4/2003,0415,6.00%,42109,Nominal,11606,619,182,0,10805
41455,4/2005,1217,6.00%,43084,Nominal,12136,640,184,0,11312
41455,10/2010,0319,5.00%,43539,Nominal,11813,300,58,0,11455
41455,4/2013,0420,3.00%,43936,Nominal,2390,150,0,0,2240
41455,5/2009,0521,6.00%,44331,Nominal,11944,300,585,0,11059
41455,6/2011,0423,5.50%,45031,Nominal,9245,300,0,0,8945
41455,11/1995,0216,4.50%,42415,Inflation-Indexed,1397,0,226,0,1171
41455,10/2012,0925,2.00%,45920,Inflation-Indexed,3800,300,0,0,3500
-,-,-,-,-,-,-,-,-,-,-
41486,4/2003,0415,6.00%,42109,Nominal,11606,619,182,0,10805
41486,4/2005,1217,6.00%,43084,Nominal,12136,640,184,0,11312
41486,10/2010,0319,5.00%,43539,Nominal,11813,300,58,0,11455
41486,4/2013,0420,3.00%,43936,Nominal,2690,150,0,0,2540
41486,5/2009,0521,6.00%,44331,Nominal,11944,300,585,0,11059
41486,6/2011,0423,5.50%,45031,Nominal,9245,300,0,0,8945
41486,11/1995,0216,4.50%,42415,Inflation-Indexed,1397,0,226,0,1171
41486,10/2012,0925,2.00%,45920,Inflation-Indexed,4100,300,0,0,3800
-,-,-,-,-,-,-,-,-,-,-
41517,4/2003,0415,6.00%,42109,Nominal,11606,619,182,0,10805
41517,4/2005,1217,6.00%,43084,Nominal,12136,640,184,0,11312
41517,10/2010,0319,5.00%,43539,Nominal,11813,300,58,0,11455
41517,4/2013,0420,3.00%,43936,Nominal,2990,150,0,0,2840
41517,5/2009,0521,6.00%,44331,Nominal,11944,300,585,0,11059
41517,6/2011,0423,5.50%,45031,Nominal,9245,300,0,0,8945
41517,11/1995,0216,4.50%,42415,Inflation-Indexed,1397,0,226,0,1171
41517,10/2012,0925,2.00%,45920,Inflation-Indexed,4400,300,0,0,4100
-,-,-,-,-,-,-,-,-,-,-
41547,4/2003,0415,6.00%,42109,Nominal,11606,619,182,0,10805
41547,4/2005,1217,6.00%,43084,Nominal,12136,640,184,0,11312
41547,10/2010,0319,5.00%,43539,Nominal,11813,300,58,0,11455
41547,4/2013,0420,3.00%,43936,Nominal,3290,150,0,0,3140
41547,5/2009,0521,6.00%,44331,Nominal,11944,300,585,0,11059
41547,6/2011,0423,5.50%,45031,Nominal,9245,300,0,0,8945
41547,11/1995,0216,4.50%,42415,Inflation-Indexed,1397,0,226,0,1171
41547,10/2012,0925,2.00%,45920,Inflation-Indexed,4700,300,0,0,4400
-,-,-,-,-,-,-,-,-,-,-
41578,4/2003,0415,6.00%,42109,Nominal,11606,619,182,0,10805
41578,4/2005,1217,6.00%,43084,Nominal,12136,640,184,0,11312
41578,10/2010,0319,5.00%,43539,Nominal,11813,300,58,0,11455
41578,4/2013,0420,3.00%,43936,Nominal,3690,150,0,0,3540
41578,5/2009,0521,6.00%,44331,Nominal,11944,300,585,0,11059
41578,6/2011,0423,5.50%,45031,Nominal,9245,300,0,0,8945
41578,11/1995,0216,4.50%,42415,Inflation-Indexed,1397,0,226,0,1171
41578,10/2012,0925,2.00%,45920,Inflation-Indexed,4900,300,0,0,4600
41578,10/2013,0930,3.00%,47746,Inflation-Indexed,2650,150,0,0,2500
-,-,-,-,-,-,-,-,-,-,-
41608,4/2003,0415,6.00%,42109,Nominal,11606,619,182,0,10805
41608,4/2005,1217,6.00%,43084,Nominal,12136,640,184,0,11312
41608,10/2010,0319,5.00%,43539,Nominal,11813,300,58,0,11455
41608,4/2013,0420,3.00%,43936,Nominal,3890,150,0,0,3740
41608,5/2009,0521,6.00%,44331,Nominal,11944,300,585,0,11059
41608,6/2011,0423,5.50%,45031,Nominal,9245,300,0,0,8945
41608,11/1995,0216,4.50%,42415,Inflation-Indexed,1397,0,226,0,1171
41608,10/2012,0925,2.00%,45920,Inflation-Indexed,5300,300,0,0,5000
41608,10/2013,0930,3.00%,47746,Inflation-Indexed,2650,150,0,0,2500
-,-,-,-,-,-,-,-,-,-,-
41639,4/2003,0415,6.00%,42109,Nominal,11606,619,182,0,10805
41639,4/2005,1217,6.00%,43084,Nominal,12010,514,184,0,11312
41639,10/2010,0319,5.00%,43539,Nominal,11813,300,58,0,11455
41639,4/2013,0420,3.00%,43936,Nominal,4440,300,0,0,4140
41639,5/2009,0521,6.00%,44331,Nominal,11944,300,585,0,11059
41639,6/2011,0423,5.50%,45031,Nominal,9245,300,0,0,8945
41639,11/1995,0216,4.50%,42415,Inflation-Indexed,1397,0,226,0,1171
41639,10/2012,0925,2.00%,45920,Inflation-Indexed,5500,300,0,0,5200
41639,10/2013,0930,3.00%,47746,Inflation-Indexed,2650,150,0,0,2500
-,-,-,-,-,-,-,-,-,-,-
41670,4/2003,0415,6.00%,42109,Nominal,11606,619,182,0,10805
41670,4/2005,1217,6.00%,43084,Nominal,12010,514,184,0,11312
41670,10/2010,0319,5.00%,43539,Nominal,11813,300,58,0,11455
41670,4/2013,0420,3.00%,43936,Nominal,4440,300,0,0,4140
41670,5/2009,0521,6.00%,44331,Nominal,11944,300,585,0,11059
41670,6/2011,0423,5.50%,45031,Nominal,9245,300,0,0,8945
41670,11/1995,0216,4.50%,42415,Inflation-Indexed,1397,0,226,0,1171
41670,10/2012,0925,2.00%,45920,Inflation-Indexed,5500,300,0,0,5200
41670,10/2013,0930,3.00%,47746,Inflation-Indexed,2650,150,0,0,2500
-,-,-,-,-,-,-,-,-,-,-
41698,4/2003,0415,6.00%,42109,Nominal,11462,619,182,0,10661
41698,4/2005,1217,6.00%,43084,Nominal,12010,514,184,0,11312
41698,10/2010,0319,5.00%,43539,Nominal,11813,300,58,0,11455
41698,4/2013,0420,3.00%,43936,Nominal,4440,300,0,0,4140
41698,5/2009,0521,6.00%,44331,Nominal,11944,300,585,0,11059
41698,6/2011,0423,5.50%,45031,Nominal,9245,300,0,0,8945
41698,11/1995,0216,4.50%,42415,Inflation-Indexed,1397,0,226,0,1171
41698,10/2012,0925,2.00%,45920,Inflation-Indexed,5500,300,0,0,5200
41698,10/2013,0930,3.00%,47746,Inflation-Indexed,2850,150,0,0,2700
-,-,-,-,-,-,-,-,-,-,-
41729,4/2003,0415,6.00%,42109,Nominal,11462,619,182,0,10661
41729,4/2005,1217,6.00%,43084,Nominal,12010,514,184,0,11312
41729,10/2010,0319,5.00%,43539,Nominal,11813,300,58,0,11455
41729,4/2013,0420,3.00%,43936,Nominal,4640,300,0,0,4340
41729,5/2009,0521,6.00%,44331,Nominal,11944,300,585,0,11059
41729,6/2011,0423,5.50%,45031,Nominal,9245,300,0,0,8945
41729,11/1995,0216,4.50%,42415,Inflation-Indexed,1397,0,226,0,1171
41729,10/2012,0925,2.00%,45920,Inflation-Indexed,5500,300,0,0,5200
41729,10/2013,0930,3.00%,47746,Inflation-Indexed,3050,150,0,0,2900
-,-,-,-,-,-,-,-,-,-,-
41759,4/2003,0415,6.00%,42109,Nominal,10462,619,182,0,9661
41759,4/2005,1217,6.00%,43084,Nominal,12010,514,184,0,11312
41759,10/2010,0319,5.00%,43539,Nominal,11813,300,58,0,11455
41759,4/2013,0420,3.00%,43936,Nominal,5040,300,0,0,4740
41759,5/2009,0521,6.00%,44331,Nominal,11944,300,585,0,11059
41759,6/2011,0423,5.50%,45031,Nominal,9245,300,0,0,8945
41759,11/1995,0216,4.50%,42415,Inflation-Indexed,1397,0,226,0,1171
41759,10/2012,0925,2.00%,45920,Inflation-Indexed,5500,300,0,0,5200
41759,10/2013,0930,3.00%,47746,Inflation-Indexed,3250,150,0,0,3100
-,-,-,-,-,-,-,-,-,-,-
41790,4/2003,0415,6.00%,42109,Nominal,9310,467,182,0,8661
41790,4/2005,1217,6.00%,43084,Nominal,12010,514,184,0,11312
41790,10/2010,0319,5.00%,43539,Nominal,11813,300,58,0,11455
41790,4/2013,0420,3.00%,43936,Nominal,5240,300,0,0,4940
41790,5/2009,0521,6.00%,44331,Nominal,11944,300,585,0,11059
41790,6/2011,0423,5.50%,45031,Nominal,9245,300,0,0,8945
41790,11/1995,0216,4.50%,42415,Inflation-Indexed,1397,0,226,0,1171
41790,10/2012,0925,2.00%,45920,Inflation-Indexed,5500,300,0,0,5200
41790,10/2013,0930,3.00%,47746,Inflation-Indexed,3600,300,0,0,3300
-,-,-,-,-,-,-,-,-,-,-
41820,4/2003,0415,6.00%,42109,Nominal,9310,467,182,0,8661
41820,4/2005,1217,6.00%,43084,Nominal,12010,514,184,0,11312
41820,10/2010,0319,5.00%,43539,Nominal,11813,300,58,0,11455
41820,4/2013,0420,3.00%,43936,Nominal,5540,300,0,0,5240
41820,5/2009,0521,6.00%,44331,Nominal,11944,300,585,0,11059
41820,6/2011,0423,5.50%,45031,Nominal,9245,300,0,0,8945
41820,11/1995,0216,4.50%,42415,Inflation-Indexed,1397,0,226,0,1171
41820,10/2012,0925,2.00%,45920,Inflation-Indexed,5500,300,0,0,5200
41820,10/2013,0930,3.00%,47746,Inflation-Indexed,3600,300,0,0,3300
-,-,-,-,-,-,-,-,-,-,-
41851,4/2003,0415,6.00%,42109,Nominal,8660,317,182,0,8161
41851,4/2005,1217,6.00%,43084,Nominal,11969,473,184,0,11312
41851,10/2010,0319,5.00%,43539,Nominal,11813,300,58,0,11455
41851,4/2013,0420,3.00%,43936,Nominal,5740,300,0,0,5440
41851,5/2009,0521,6.00%,44331,Nominal,11944,300,585,0,11059
41851,6/2011,0423,5.50%,45031,Nominal,9245,300,0,0,8945
41851,7/2014,0427,4.50%,46492,Nominal,2200,200,0,0,2000
41851,11/1995,0216,4.50%,42415,Inflation-Indexed,1397,0,226,0,1171
41851,10/2012,0925,2.00%,45920,Inflation-Indexed,5500,300,0,0,5200
41851,10/2013,0930,3.00%,47746,Inflation-Indexed,3800,300,0,0,3500
-,-,-,-,-,-,-,-,-,-,-
41882,4/2003,0415,6.00%,42109,Nominal,8660,317,182,0,8161
41882,4/2005,1217,6.00%,43084,Nominal,11969,473,184,0,11312
41882,10/2010,0319,5.00%,43539,Nominal,11813,300,58,0,11455
41882,4/2013,0420,3.00%,43936,Nominal,5940,300,0,0,5640
41882,5/2009,0521,6.00%,44331,Nominal,11944,300,585,0,11059
41882,6/2011,0423,5.50%,45031,Nominal,9245,300,0,0,8945
41882,7/2014,0427,4.50%,46492,Nominal,2200,200,0,0,2000
41882,11/1995,0216,4.50%,42415,Inflation-Indexed,1397,0,226,0,1171
41882,10/2012,0925,2.00%,45920,Inflation-Indexed,5500,300,0,0,5200
41882,10/2013,0930,3.00%,47746,Inflation-Indexed,4000,300,0,0,3700
-,-,-,-,-,-,-,-,-,-,-
41912,4/2003,0415,6.00%,42109,Nominal,7660,317,182,0,7161
41912,4/2005,1217,6.00%,43084,Nominal,11969,473,184,0,11312
41912,10/2010,0319,5.00%,43539,Nominal,11813,300,58,0,11455
41912,4/2013,0420,3.00%,43936,Nominal,5940,300,0,0,5640
41912,5/2009,0521,6.00%,44331,Nominal,11944,300,585,0,11059
41912,6/2011,0423,5.50%,45031,Nominal,9245,300,0,0,8945
41912,7/2014,0427,4.50%,46492,Nominal,2400,200,0,0,2200
41912,11/1995,0216,4.50%,42415,Inflation-Indexed,1397,0,226,0,1171
41912,10/2012,0925,2.00%,45920,Inflation-Indexed,5500,300,0,0,5200
41912,10/2013,0930,3.00%,47746,Inflation-Indexed,4200,300,0,0,3900
-,-,-,-,-,-,-,-,-,-,-
41943,4/2003,0415,6.00%,42109,Nominal,7660,317,182,0,7161
41943,4/2005,1217,6.00%,43084,Nominal,11969,473,184,0,11312
41943,10/2010,0319,5.00%,43539,Nominal,11813,300,58,0,11455
41943,4/2013,0420,3.00%,43936,Nominal,5940,300,0,0,5640
41943,5/2009,0521,6.00%,44331,Nominal,11944,300,585,0,11059
41943,6/2011,0423,5.50%,45031,Nominal,9245,300,0,0,8945
41943,7/2014,0427,4.50%,46492,Nominal,2700,200,0,0,2500
41943,11/1995,0216,4.50%,42415,Inflation-Indexed,1397,0,226,0,1171
41943,10/2012,0925,2.00%,45920,Inflation-Indexed,5500,300,0,0,5200
41943,10/2013,0930,3.00%,47746,Inflation-Indexed,4300,300,0,0,4000
-,-,-,-,-,-,-,-,-,-,-
41973,4/2003,0415,6.00%,42109,Nominal,7660,317,182,0,7161
41973,4/2005,1217,6.00%,43084,Nominal,11969,473,184,0,11312
41973,10/2010,0319,5.00%,43539,Nominal,11813,300,58,0,11455
41973,4/2013,0420,3.00%,43936,Nominal,5940,300,0,0,5640
41973,5/2009,0521,6.00%,44331,Nominal,11944,300,585,0,11059
41973,6/2011,0423,5.50%,45031,Nominal,9245,300,0,0,8945
41973,7/2014,0427,4.50%,46492,Nominal,3000,200,0,0,2800
41973,11/1995,0216,4.50%,42415,Inflation-Indexed,1397,0,226,0,1171
41973,10/2012,0925,2.00%,45920,Inflation-Indexed,5500,300,0,0,5200
41973,10/2013,0930,3.00%,47746,Inflation-Indexed,4400,300,0,0,4100
41973,11/2014,0935,2.50%,49572,Inflation-Indexed,1650,150,0,0,1500
-,-,-,-,-,-,-,-,-,-,-
42004,4/2003,0415,6.00%,42109,Nominal,7660,317,182,0,7161
42004,4/2005,1217,6.00%,43084,Nominal,11969,473,184,0,11312
42004,10/2010,0319,5.00%,43539,Nominal,11813,300,58,0,11455
42004,4/2013,0420,3.00%,43936,Nominal,5940,300,0,0,5640
42004,5/2009,0521,6.00%,44331,Nominal,11944,300,585,0,11059
42004,6/2011,0423,5.50%,45031,Nominal,9245,300,0,0,8945
42004,7/2014,0427,4.50%,46492,Nominal,3300,200,0,0,3100
42004,11/1995,0216,4.50%,42415,Inflation-Indexed,1397,0,226,0,1171
42004,10/2012,0925,2.00%,45920,Inflation-Indexed,5500,300,0,0,5200
42004,10/2013,0930,3.00%,47746,Inflation-Indexed,4500,300,0,0,4200
42004,11/2014,0935,2.50%,49572,Inflation-Indexed,1650,150,0,0,1500
-,-,-,-,-,-,-,-,-,-,-
42035,4/2003,0415,6.00%,42109,Nominal,7660,317,182,0,7161
42035,4/2005,1217,6.00%,43084,Nominal,11969,473,184,0,11312
42035,10/2010,0319,5.00%,43539,Nominal,11813,300,58,0,11455
42035,4/2013,0420,3.00%,43936,Nominal,5940,300,0,0,5640
42035,5/2009,0521,6.00%,44331,Nominal,11864,300,505,0,11059
42035,6/2011,0423,5.50%,45031,Nominal,9245,300,0,0,8945
42035,7/2014,0427,4.50%,46492,Nominal,3300,200,0,0,3100
42035,11/1995,0216,4.50%,42415,Inflation-Indexed,1332,0,161,0,1171
42035,10/2012,0925,2.00%,45920,Inflation-Indexed,5500,300,0,0,5200
42035,10/2013,0930,3.00%,47746,Inflation-Indexed,4500,300,0,0,4200
42035,11/2014,0935,2.50%,49572,Inflation-Indexed,1650,150,0,0,1500
-,-,-,-,-,-,-,-,-,-,-
42063,4/2003,0415,6.00%,42109,Nominal,7660,317,182,0,7161
42063,4/2005,1217,6.00%,43084,Nominal,11969,473,184,0,11312
42063,10/2010,0319,5.00%,43539,Nominal,11813,300,58,0,11455
42063,4/2013,0420,3.00%,43936,Nominal,5940,300,0,0,5640
42063,5/2009,0521,6.00%,44331,Nominal,11864,300,505,0,11059
42063,6/2011,0423,5.50%,45031,Nominal,9245,300,0,0,8945
42063,7/2014,0427,4.50%,46492,Nominal,3600,200,0,0,3400
42063,11/1995,0216,4.50%,42415,Inflation-Indexed,1332,0,161,0,1171
42063,10/2012,0925,2.00%,45920,Inflation-Indexed,5500,300,0,0,5200
42063,10/2013,0930,3.00%,47746,Inflation-Indexed,4500,300,0,0,4200
42063,11/2014,0935,2.50%,49572,Inflation-Indexed,1750,150,0,0,1600
-,-,-,-,-,-,-,-,-,-,-
42094,4/2003,0415,6.00%,42109,Nominal,7660,317,182,0,7161
42094,4/2005,1217,6.00%,43084,Nominal,11969,473,184,0,11312
42094,10/2010,0319,5.00%,43539,Nominal,11813,300,58,0,11455
42094,4/2013,0420,3.00%,43936,Nominal,5940,300,0,0,5640
42094,5/2009,0521,6.00%,44331,Nominal,11864,300,505,0,11059
42094,6/2011,0423,5.50%,45031,Nominal,9245,300,0,0,8945
42094,7/2014,0427,4.50%,46492,Nominal,3900,200,0,0,3700
42094,11/1995,0216,4.50%,42415,Inflation-Indexed,1332,0,161,0,1171
42094,10/2012,0925,2.00%,45920,Inflation-Indexed,5500,300,0,0,5200
42094,10/2013,0930,3.00%,47746,Inflation-Indexed,4500,300,0,0,4200
42094,11/2014,0935,2.50%,49572,Inflation-Indexed,1850,150,0,0,1700
-,-,-,-,-,-,-,-,-,-,-
42124,4/2005,1217,6.00%,43084,Nominal,11969,473,184,0,11312
42124,10/2010,0319,5.00%,43539,Nominal,11813,300,58,0,11455
42124,4/2013,0420,3.00%,43936,Nominal,5940,300,0,0,5640
42124,5/2009,0521,6.00%,44331,Nominal,11864,300,505,0,11059
42124,6/2011,0423,5.50%,45031,Nominal,9245,300,0,0,8945
42124,7/2014,0427,4.50%,46492,Nominal,4400,300,0,0,4100
42124,11/1995,0216,4.50%,42415,Inflation-Indexed,1332,0,161,0,1171
42124,10/2012,0925,2.00%,45920,Inflation-Indexed,5500,300,0,0,5200
42124,10/2013,0930,3.00%,47746,Inflation-Indexed,4500,300,0,0,4200
42124,11/2014,0935,2.50%,49572,Inflation-Indexed,1950,150,0,0,1800
-,-,-,-,-,-,-,-,-,-,-
42155,4/2005,1217,6.00%,43084,Nominal,11969,473,184,0,11312
42155,10/2010,0319,5.00%,43539,Nominal,11813,300,58,0,11455
42155,4/2013,0420,3.00%,43936,Nominal,5940,300,0,0,5640
42155,5/2009,0521,6.00%,44331,Nominal,11864,300,505,0,11059
42155,6/2011,0423,5.50%,45031,Nominal,9245,300,0,0,8945
42155,7/2014,0427,4.50%,46492,Nominal,4700,300,0,0,4400
42155,11/1995,0216,4.50%,42415,Inflation-Indexed,1332,0,161,0,1171
42155,10/2012,0925,2.00%,45920,Inflation-Indexed,5500,300,0,0,5200
42155,10/2013,0930,3.00%,47746,Inflation-Indexed,4500,300,0,0,4200
42155,11/2014,0935,2.50%,49572,Inflation-Indexed,1950,150,0,0,1800
-,-,-,-,-,-,-,-,-,-,-
42185,4/2005,1217,6.00%,43084,Nominal,11969,473,184,0,11312
42185,10/2010,0319,5.00%,43539,Nominal,11813,300,58,0,11455
42185,4/2013,0420,3.00%,43936,Nominal,5940,300,0,0,5640
42185,5/2009,0521,6.00%,44331,Nominal,11864,300,505,0,11059
42185,6/2011,0423,5.50%,45031,Nominal,9245,300,0,0,8945
42185,7/2014,0427,4.50%,46492,Nominal,5000,300,0,0,4700
42185,11/1995,0216,4.50%,42415,Inflation-Indexed,1262,0,91,0,1171
42185,10/2012,0925,2.00%,45920,Inflation-Indexed,5500,300,0,0,5200
42185,10/2013,0930,3.00%,47746,Inflation-Indexed,4500,300,0,0,4200
42185,11/2014,0935,2.50%,49572,Inflation-Indexed,2200,300,0,0,1900
-,-,-,-,-,-,-,-,-,-,-
42216,4/2005,1217,6.00%,43084,Nominal,11969,473,184,0,11312
42216,10/2010,0319,5.00%,43539,Nominal,11813,300,58,0,11455
42216,4/2013,0420,3.00%,43936,Nominal,6140,300,0,0,5840
42216,5/2009,0521,6.00%,44331,Nominal,11864,300,505,0,11059
42216,6/2011,0423,5.50%,45031,Nominal,9245,300,0,0,8945
42216,7/2014,0427,4.50%,46492,Nominal,5200,300,0,0,4900
42216,11/1995,0216,4.50%,42415,Inflation-Indexed,1262,0,91,0,1171
42216,10/2012,0925,2.00%,45920,Inflation-Indexed,5500,300,0,0,5200
42216,10/2013,0930,3.00%,47746,Inflation-Indexed,4500,300,0,0,4200
42216,11/2014,0935,2.50%,49572,Inflation-Indexed,2300,300,0,0,2000
-,-,-,-,-,-,-,-,-,-,-
42247,4/2005,1217,6.00%,43084,Nominal,11969,473,184,0,11312
42247,10/2010,0319,5.00%,43539,Nominal,11813,300,58,0,11455
42247,4/2013,0420,3.00%,43936,Nominal,6140,300,0,0,5840
42247,5/2009,0521,6.00%,44331,Nominal,11864,300,505,0,11059
42247,6/2011,0423,5.50%,45031,Nominal,9245,300,0,0,8945
42247,7/2014,0427,4.50%,46492,Nominal,5400,300,0,0,5100
42247,11/1995,0216,4.50%,42415,Inflation-Indexed,1262,0,91,0,1171
42247,10/2012,0925,2.00%,45920,Inflation-Indexed,5500,300,0,0,5200
42247,10/2013,0930,3.00%,47746,Inflation-Indexed,4500,300,0,0,4200
42247,11/2014,0935,2.50%,49572,Inflation-Indexed,2400,300,0,0,2100
-,-,-,-,-,-,-,-,-,-,-
42277,4/2005,1217,6.00%,43084,Nominal,11969,473,184,0,11312
42277,10/2010,0319,5.00%,43539,Nominal,11813,300,58,0,11455
42277,4/2013,0420,3.00%,43936,Nominal,6540,300,0,0,6240
42277,5/2009,0521,6.00%,44331,Nominal,11864,300,505,0,11059
42277,6/2011,0423,5.50%,45031,Nominal,9245,300,0,0,8945
42277,7/2014,0427,4.50%,46492,Nominal,5600,300,0,0,5300
42277,11/1995,0216,4.50%,42415,Inflation-Indexed,1262,0,91,0,1171
42277,10/2012,0925,2.00%,45920,Inflation-Indexed,5500,300,0,0,5200
42277,10/2013,0930,3.00%,47746,Inflation-Indexed,4500,300,0,0,4200
42277,11/2014,0935,2.50%,49572,Inflation-Indexed,2500,300,0,0,2200
-,-,-,-,-,-,-,-,-,-,-
42308,4/2005,1217,6.00%,43084,Nominal,11969,473,184,0,11312
42308,10/2010,0319,5.00%,43539,Nominal,11813,300,58,0,11455
42308,4/2013,0420,3.00%,43936,Nominal,6740,300,0,0,6440
42308,5/2009,0521,6.00%,44331,Nominal,11864,300,505,0,11059
42308,6/2011,0423,5.50%,45031,Nominal,9245,300,0,0,8945
42308,7/2014,0427,4.50%,46492,Nominal,5600,300,0,0,5300
42308,10/2015,0433,3.50%,48683,Nominal,2200,200,0,0,2000
42308,11/1995,0216,4.50%,42415,Inflation-Indexed,1262,0,91,0,1171
42308,10/2012,0925,2.00%,45920,Inflation-Indexed,5500,300,0,0,5200
42308,10/2013,0930,3.00%,47746,Inflation-Indexed,4500,300,0,0,4200
42308,11/2014,0935,2.50%,49572,Inflation-Indexed,2600,300,0,0,2300
-,-,-,-,-,-,-,-,-,-,-
42338,4/2005,1217,6.00%,43084,Nominal,11969,473,184,0,11312
42338,10/2010,0319,5.00%,43539,Nominal,11813,300,58,0,11455
42338,4/2013,0420,3.00%,43936,Nominal,6740,300,0,0,6440
42338,5/2009,0521,6.00%,44331,Nominal,11864,300,505,0,11059
42338,6/2011,0423,5.50%,45031,Nominal,9245,300,0,0,8945
42338,7/2014,0427,4.50%,46492,Nominal,5800,300,0,0,5500
42338,10/2015,0433,3.50%,48683,Nominal,2200,200,0,0,2000
42338,11/1995,0216,4.50%,42415,Inflation-Indexed,1262,0,91,0,1171
42338,10/2012,0925,2.00%,45920,Inflation-Indexed,5500,300,0,0,5200
42338,10/2013,0930,3.00%,47746,Inflation-Indexed,4500,300,0,0,4200
42338,11/2014,0935,2.50%,49572,Inflation-Indexed,2700,300,0,0,2400
-,-,-,-,-,-,-,-,-,-,-
42369,4/2005,1217,6.00%,43084,Nominal,11969,473,184,0,11312
42369,10/2010,0319,5.00%,43539,Nominal,11813,300,58,0,11455
42369,4/2013,0420,3.00%,43936,Nominal,6940,300,0,0,6640
42369,5/2009,0521,6.00%,44331,Nominal,11864,300,505,0,11059
42369,6/2011,0423,5.50%,45031,Nominal,9245,300,0,0,8945
42369,7/2014,0427,4.50%,46492,Nominal,6000,300,0,0,5700
42369,10/2015,0433,3.50%,48683,Nominal,2200,200,0,0,2000
42369,11/1995,0216,4.50%,42415,Inflation-Indexed,1262,0,91,0,1171
42369,10/2012,0925,2.00%,45920,Inflation-Indexed,5500,300,0,0,5200
42369,10/2013,0930,3.00%,47746,Inflation-Indexed,4500,300,0,0,4200
42369,11/2014,0935,2.50%,49572,Inflation-Indexed,2800,300,0,0,2500
-,-,-,-,-,-,-,-,-,-,-
42400,4/2005,1217,6.00%,43084,Nominal,11969,473,184,0,11312
42400,10/2010,0319,5.00%,43539,Nominal,11813,300,58,0,11455
42400,4/2013,0420,3.00%,43936,Nominal,6940,300,0,0,6640
42400,5/2009,0521,6.00%,44331,Nominal,11864,300,505,0,11059
42400,6/2011,0423,5.50%,45031,Nominal,9245,300,0,0,8945
42400,7/2014,0427,4.50%,46492,Nominal,6000,300,0,0,5700
42400,10/2015,0433,3.50%,48683,Nominal,2200,200,0,0,2000
42400,11/1995,0216,4.50%,42415,Inflation-Indexed,1262,0,91,0,1171
42400,10/2012,0925,2.00%,45920,Inflation-Indexed,5500,300,0,0,5200
42400,10/2013,0930,3.00%,47746,Inflation-Indexed,4500,300,0,0,4200
42400,11/2014,0935,2.50%,49572,Inflation-Indexed,2800,300,0,0,2500
-,-,-,-,-,-,-,-,-,38,
42429,4/2005,1217,6.00%,43084,Nominal,11969,473,184,0,11312
42429,10/2010,0319,5.00%,43539,Nominal,11813,300,58,0,11455
42429,4/2013,0420,3.00%,43936,Nominal,7040,300,0,0,6740
42429,5/2009,0521,6.00%,44331,Nominal,11864,300,505,0,11059
42429,6/2011,0423,5.50%,45031,Nominal,9245,300,0,0,8945
42429,7/2014,0427,4.50%,46492,Nominal,6000,300,0,0,5700
42429,10/2015,0433,3.50%,48683,Nominal,2200,200,0,0,2000
42429,10/2012,0925,2.00%,45920,Inflation-Indexed,5500,300,0,0,5200
42429,10/2013,0930,3.00%,47746,Inflation-Indexed,4500,300,0,0,4200
42429,11/2014,0935,2.50%,49572,Inflation-Indexed,2900,300,0,0,2600
-,-,-,-,-,38,,-,-,38,
42460,4/2005,1217,6.00%,43084,Nominal,11969,473,184,0,11312
42460,10/2010,0319,5.00%,43539,Nominal,11813,300,58,0,11455
42460,4/2013,0420,3.00%,43936,Nominal,7140,300,0,0,6840
42460,5/2009,0521,6.00%,44331,Nominal,11864,300,505,0,11059
42460,6/2011,0423,5.50%,45031,Nominal,9245,300,0,0,8945
42460,7/2014,0427,4.50%,46492,Nominal,6000,300,0,0,5700
42460,10/2015,0433,3.50%,48683,Nominal,2400,200,0,0,2200
42460,10/2012,0925,2.00%,45920,Inflation-Indexed,5500,300,0,0,5200
42460,10/2013,0930,3.00%,47746,Inflation-Indexed,4500,300,0,0,4200
42460,11/2014,0935,2.50%,49572,Inflation-Indexed,3000,300,0,0,2700
-,-,-,-,-,-,-,-,-,38,
42490,4/2005,1217,6.00%,43084,Nominal,11969,473,184,0,11312
42490,10/2010,0319,5.00%,43539,Nominal,11763,250,58,0,11455
42490,4/2013,0420,3.00%,43936,Nominal,7240,250,0,0,6990
42490,5/2009,0521,6.00%,44331,Nominal,11814,250,505,0,11059
42490,6/2011,0423,5.50%,45031,Nominal,9245,300,0,0,8945
42490,4/2016,0425,2.75%,45762,Nominal,1700,200,0,0,1500
42490,7/2014,0427,4.50%,46492,Nominal,5950,250,0,0,5700
42490,10/2015,0433,3.50%,48683,Nominal,2400,200,0,0,2200
42490,10/2012,0925,2.00%,45920,Inflation-Indexed,5500,300,0,0,5200
42490,10/2013,0930,3.00%,47746,Inflation-Indexed,4500,300,0,0,4200
42490,11/2014,0935,2.50%,49572,Inflation-Indexed,3100,300,0,0,2800
-,-,-,-,-,-,-,-,-,-,-
42521,4/2005,1217,6.00%,43084,Nominal,11969,473,184,0,11312
42521,10/2010,0319,5.00%,43539,Nominal,11763,250,58,0,11455
42521,4/2013,0420,3.00%,43936,Nominal,7390,250,0,0,7140
42521,5/2009,0521,6.00%,44331,Nominal,11814,250,505,0,11059
42521,6/2011,0423,5.50%,45031,Nominal,9245,300,0,0,8945
42521,4/2016,0425,2.75%,45762,Nominal,1700,200,0,0,1500
42521,7/2014,0427,4.50%,46492,Nominal,5950,250,0,0,5700
42521,10/2015,0433,3.50%,48683,Nominal,2550,200,0,0,2350
42521,10/2012,0925,2.00%,45920,Inflation-Indexed,5500,300,0,0,5200
42521,10/2013,0930,3.00%,47746,Inflation-Indexed,4500,300,0,0,4200
42521,11/2014,0935,2.50%,49572,Inflation-Indexed,3200,300,0,0,2900
-,-,-,-,-,-,-,-,-,-,-
42551,4/2005,1217,6.00%,43084,Nominal,11969,473,184,0,11312
42551,10/2010,0319,5.00%,43539,Nominal,11763,250,58,0,11455
42551,4/2013,0420,3.00%,43936,Nominal,7540,250,0,0,7290
42551,5/2009,0521,6.00%,44331,Nominal,11814,250,505,0,11059
42551,6/2011,0423,5.50%,45031,Nominal,9195,250,0,0,8945
42551,4/2016,0425,2.75%,45762,Nominal,1700,200,0,0,1500
42551,7/2014,0427,4.50%,46492,Nominal,5950,250,0,0,5700
42551,10/2015,0433,3.50%,48683,Nominal,2900,250,0,0,2650
42551,10/2012,0925,2.00%,45920,Inflation-Indexed,5500,300,0,0,5200
42551,10/2013,0930,3.00%,47746,Inflation-Indexed,4500,300,0,0,4200
42551,11/2014,0935,2.50%,49572,Inflation-Indexed,3300,300,0,0,3000
-,-,-,-,-,-,-,-,-,-,-
42582,4/2005,1217,6.00%,43084,Nominal,11469,473,184,0,10812
42582,10/2010,0319,5.00%,43539,Nominal,11763,250,58,0,11455
42582,4/2013,0420,3.00%,43936,Nominal,7540,250,0,0,7290
42582,5/2009,0521,6.00%,44331,Nominal,11814,250,505,0,11059
42582,6/2011,0423,5.50%,45031,Nominal,9195,250,0,0,8945
42582,4/2016,0425,2.75%,45762,Nominal,1850,200,0,0,1650
42582,7/2014,0427,4.50%,46492,Nominal,5950,250,0,0,5700
42582,10/2015,0433,3.50%,48683,Nominal,2900,250,0,0,2650
42582,10/2012,0925,2.00%,45920,Inflation-Indexed,5500,300,0,0,5200
42582,10/2013,0930,3.00%,47746,Inflation-Indexed,4500,300,0,0,4200
42582,11/2014,0935,2.50%,49572,Inflation-Indexed,3400,300,0,0,3100
-,-,-,-,-,-,-,-,-,-,-
42613,4/2005,1217,6.00%,43084,Nominal,10719,473,184,0,10062
42613,10/2010,0319,5.00%,43539,Nominal,11763,250,58,0,11455
42613,4/2013,0420,3.00%,43936,Nominal,7540,250,0,0,7290
42613,5/2009,0521,6.00%,44331,Nominal,11814,250,505,0,11059
42613,6/2011,0423,5.50%,45031,Nominal,9195,250,0,0,8945
42613,4/2016,0425,2.75%,45762,Nominal,2050,250,0,0,1800
42613,7/2014,0427,4.50%,46492,Nominal,5950,250,0,0,5700
42613,10/2015,0433,3.50%,48683,Nominal,3050,250,0,0,2800
42613,8/2016,0437,2.75%,50145,Nominal,2150,0,0,0,2150
42613,10/2012,0925,2.00%,45920,Inflation-Indexed,5450,250,0,0,5200
42613,10/2013,0930,3.00%,47746,Inflation-Indexed,4450,250,0,0,4200
42613,11/2014,0935,2.50%,49572,Inflation-Indexed,3450,250,0,0,3200
-,-,-,-,-,-,-,-,-,-,-
42643,4/2005,1217,6.00%,43084,Nominal,10219,473,184,0,9562
42643,10/2010,0319,5.00%,43539,Nominal,11763,250,58,0,11455
42643,4/2013,0420,3.00%,43936,Nominal,7540,250,0,0,7290
42643,5/2009,0521,6.00%,44331,Nominal,11814,250,505,0,11059
42643,6/2011,0423,5.50%,45031,Nominal,9195,250,0,0,8945
42643,4/2016,0425,2.75%,45762,Nominal,2200,250,0,0,1950
42643,7/2014,0427,4.50%,46492,Nominal,5950,250,0,0,5700
42643,10/2015,0433,3.50%,48683,Nominal,3200,250,0,0,2950
42643,8/2016,0437,2.75%,50145,Nominal,2150,150,0,0,2000
42643,10/2012,0925,2.00%,45920,Inflation-Indexed,5450,250,0,0,5200
42643,10/2013,0930,3.00%,47746,Inflation-Indexed,4450,250,0,0,4200
42643,11/2014,0935,2.50%,49572,Inflation-Indexed,3550,250,0,0,3300
-,-,-,-,-,-,-,-,-,-,-
42674,4/2005,1217,6.00%,43084,Nominal,9375,473,90,0,8812
42674,10/2010,0319,5.00%,43539,Nominal,11763,250,58,0,11455
42674,4/2013,0420,3.00%,43936,Nominal,7540,250,0,0,7290
42674,5/2009,0521,6.00%,44331,Nominal,11814,250,505,0,11059
42674,6/2011,0423,5.50%,45031,Nominal,9195,250,0,0,8945
42674,4/2016,0425,2.75%,45762,Nominal,2350,250,0,0,2100
42674,7/2014,0427,4.50%,46492,Nominal,5950,250,0,0,5700
42674,10/2015,0433,3.50%,48683,Nominal,3200,250,0,0,2950
42674,8/2016,0437,2.75%,50145,Nominal,2150,150,0,0,2000
42674,10/2012,0925,2.00%,45920,Inflation-Indexed,5450,250,0,0,5200
42674,10/2013,0930,3.00%,47746,Inflation-Indexed,4450,250,0,0,4200
42674,11/2014,0935,2.50%,49572,Inflation-Indexed,3650,250,0,0,3400
-,-,-,-,-,-,-,-,-,-,-
42704,4/2005,1217,6.00%,43084,Nominal,9125,473,90,0,8562
42704,10/2010,0319,5.00%,43539,Nominal,11763,250,58,0,11455
42704,4/2013,0420,3.00%,43936,Nominal,7540,250,0,0,7290
42704,5/2009,0521,6.00%,44331,Nominal,11381,250,72,0,11059
42704,6/2011,0423,5.50%,45031,Nominal,9195,250,0,0,8945
42704,4/2016,0425,2.75%,45762,Nominal,2500,250,0,0,2250
42704,7/2014,0427,4.50%,46492,Nominal,5950,250,0,0,5700
42704,10/2015,0433,3.50%,48683,Nominal,3500,250,0,0,3250
42704,8/2016,0437,2.75%,50145,Nominal,2150,150,0,0,2000
42704,10/2012,0925,2.00%,45920,Inflation-Indexed,5450,250,0,0,5200
42704,10/2013,0930,3.00%,47746,Inflation-Indexed,4450,250,0,0,4200
42704,11/2014,0935,2.50%,49572,Inflation-Indexed,3750,250,0,0,3500
-,-,-,-,-,-,-,-,-,-,-
42735,4/2005,1217,6.00%,43084,Nominal,8875,473,90,0,8312
42735,10/2010,0319,5.00%,43539,Nominal,11763,250,58,0,11455
42735,4/2013,0420,3.00%,43936,Nominal,7540,250,0,0,7290
42735,5/2009,0521,6.00%,44331,Nominal,11381,250,72,0,11059
42735,6/2011,0423,5.50%,45031,Nominal,9195,250,0,0,8945
42735,4/2016,0425,2.75%,45762,Nominal,2500,250,0,0,2250
42735,7/2014,0427,4.50%,46492,Nominal,5950,250,0,0,5700
42735,10/2015,0433,3.50%,48683,Nominal,3500,250,0,0,3250
42735,8/2016,0437,2.75%,50145,Nominal,2300,150,0,0,2150
42735,10/2012,0925,2.00%,45920,Inflation-Indexed,5450,250,0,0,5200
42735,10/2013,0930,3.00%,47746,Inflation-Indexed,4450,250,0,0,4200
42735,11/2014,0935,2.50%,49572,Inflation-Indexed,3850,250,0,0,3600
-,-,-,-,-,-,-,-,-,-,-
42766,4/2005,1217,6.00%,43084,Nominal,8375,473,90,0.0,7812
42766,10/2010,0319,5.00%,43539,Nominal,11763,250,58,0.0,11455
42766,4/2013,0420,3.00%,43936,Nominal,7540,250,0,0.0,7290
42766,5/2009,0521,6.00%,44331,Nominal,11381,250,72,0.0,11059
42766,6/2011,0423,5.50%,45031,Nominal,9195,250,0,0.0,8945
42766,4/2016,0425,2.75%,45762,Nominal,2700,250,0,0.0,2450
42766,7/2014,0427,4.50%,46492,Nominal,5950,250,0,0.0,5700
42766,10/2015,0433,3.50%,48683,Nominal,3500,250,0,0.0,3250
42766,8/2016,0437,2.75%,50145,Nominal,2450,150,0,0.0,2300
42766,10/2012,0925,2.00%,45920,Inflation-Indexed,5450,250,0,0.0,5200
42766,10/2013,0930,3.00%,47746,Inflation-Indexed,4450,250,0,0.0,4200
42766,11/2014,0935,2.50%,49572,Inflation-Indexed,3850,250,0,0.0,3600
-,-,-,-,-,-,-,-,-,-,-
42794,4/2005,1217,6.00%,43084,Nominal,7875,473,90,0.0,7312
42794,10/2010,0319,5.00%,43539,Nominal,11763,250,58,0.0,11455
42794,4/2013,0420,3.00%,43936,Nominal,7540,250,0,0.0,7290
42794,5/2009,0521,6.00%,44331,Nominal,11381,250,72,0.0,11059
42794,6/2011,0423,5.50%,45031,Nominal,9195,250,0,0.0,8945
42794,4/2016,0425,2.75%,45762,Nominal,2900,250,0,0.0,2650
42794,7/2014,0427,4.50%,46492,Nominal,5950,250,0,0.0,5700
42794,10/2015,0433,3.50%,48683,Nominal,3500,250,0,0.0,3250
42794,8/2016,0437,2.75%,50145,Nominal,2600,150,0,0.0,2450
42794,10/2012,0925,2.00%,45920,Inflation-Indexed,5450,250,0,0.0,5200
42794,10/2013,0930,3.00%,47746,Inflation-Indexed,4450,250,0,0.0,4200
42794,11/2014,0935,2.50%,49572,Inflation-Indexed,3950,250,0,0.0,3700
-,-,-,-,-,-,-,-,-,-,-
42825,4/2005,1217,6.00%,43084,Nominal,7375,473,90,0.0,6812
42825,10/2010,0319,5.00%,43539,Nominal,11763,250,58.0,0.0,11455
42825,4/2013,0420,3.00%,43936,Nominal,7540,250.0,0.0,0.0,7290
42825,5/2009,0521,6.00%,44331,Nominal,11381,250,72.0,0.0,11059
42825,6/2011,0423,5.50%,45031,Nominal,9195,250.0,0.0,0.0,8945
42825,4/2016,0425,2.75%,45762,Nominal,3100,250.0,0.0,0.0,2850
42825,7/2014,0427,4.50%,46492,Nominal,5950,250.0,0.0,0.0,5700
42825,10/2015,0433,3.50%,48683,Nominal,3500,250.0,0.0,0.0,3250
42825,8/2016,0437,2.75%,50145,Nominal,2750,150.0,0.0,0.0,2600
42825,10/2012,0925,2.00%,45920,Inflation-Indexed,5450,250.0,0.0,0.0,5200
42825,10/2013,0930,3.00%,47746,Inflation-Indexed,4450,250.0,0.0,0.0,4200
42825,11/2014,0935,2.50%,49572,Inflation-Indexed,3950,250.0,0.0,0.0,3700
42825,3/2017,0440,2.5000000000000001E-2,51399,Inflation-Indexed,1650,150,0,0.0,1500
-,-,-,-,-,-,-,-,-,-,-
42853,4/2005,1217,6.00%,43084,Nominal,7029,473,90,0.0,6466
42853,10/2010,0319,5.00%,43539,Nominal,11763,250,58.0,0.0,11455
42853,4/2013,0420,3.00%,43936,Nominal,7540,250.0,0.0,0.0,7290
42853,5/2009,0521,6.00%,44331,Nominal,11381,250,72.0,0.0,11059
42853,6/2011,0423,5.50%,45031,Nominal,9195,250.0,0.0,0.0,8945
42853,4/2016,0425,2.75%,45762,Nominal,3250,250.0,0.0,0.0,3000
42853,7/2014,0427,4.50%,46492,Nominal,5950,250.0,0.0,0.0,5700
42853,10/2015,0433,3.50%,48683,Nominal,3500,250.0,0.0,0.0,3250
42853,8/2016,0437,2.75%,50145,Nominal,2750,150.0,0.0,0.0,2600
42853,10/2012,0925,2.00%,45920,Inflation-Indexed,5450,250.0,0.0,0.0,5200
42853,10/2013,0930,3.00%,47746,Inflation-Indexed,4450,250.0,0.0,0.0,4200
42853,11/2014,0935,2.50%,49572,Inflation-Indexed,4050,250.0,0.0,0.0,3800
42853,3/2017,0440,2.5000000000000001E-2,51399,Inflation-Indexed,1650,150,0,0.0,1500
-,-,-,-,-,-,-,-,-,-,-
42886,4/2005,1217,6.00%,43084,Nominal,6439,473,0,0.0,5966
42886,10/2010,0319,5.00%,43539,Nominal,11705,250,0,0.0,11455
42886,4/2013,0420,3.00%,43936,Nominal,7540,250.0,0.0,0.0,7290
42886,5/2009,0521,6.00%,44331,Nominal,11309,250,0,0.0,11059
42886,6/2011,0423,5.50%,45031,Nominal,9195,250.0,0.0,0.0,8945
42886,4/2016,0425,2.75%,45762,Nominal,3400,250.0,0.0,0.0,3150
42886,7/2014,0427,4.50%,46492,Nominal,5950,250.0,0.0,0.0,5700
42886,10/2015,0433,3.50%,48683,Nominal,3500,250.0,0.0,0.0,3250
42886,8/2016,0437,2.75%,50145,Nominal,3050,150.0,0.0,0.0,2900
42886,10/2012,0925,2.00%,45920,Inflation-Indexed,5450,250.0,0.0,0.0,5200
42886,10/2013,0930,3.00%,47746,Inflation-Indexed,4450,250.0,0.0,0.0,4200
42886,11/2014,0935,2.50%,49572,Inflation-Indexed,4150,250.0,0.0,0.0,3900
42886,3/2017,0440,2.5000000000000001E-2,51399,Inflation-Indexed,1650,150,0,0.0,1500
-,-,-,-,-,-,-,-,-,-,-
42916,4/2005,1217,6.00%,43084,Nominal,5939,473,0,0.0,5466
42916,10/2010,0319,5.00%,43539,Nominal,11705,250,0,0.0,11455
42916,4/2013,0420,3.00%,43936,Nominal,7540,250.0,0.0,0.0,7290
42916,5/2009,0521,6.00%,44331,Nominal,11309,250,0,0.0,11059
42916,6/2011,0423,5.50%,45031,Nominal,9195,250.0,0.0,0.0,8945
42916,4/2016,0425,2.75%,45762,Nominal,3550,250.0,0.0,0.0,3300
42916,7/2014,0427,4.50%,46492,Nominal,5950,250.0,0.0,0.0,5700
42916,10/2015,0433,3.50%,48683,Nominal,3500,250.0,0.0,0.0,3250
42916,8/2016,0437,2.75%,50145,Nominal,3200,150.0,0.0,0.0,3050
42916,10/2012,0925,2.00%,45920,Inflation-Indexed,5450,250.0,0.0,0.0,5200
42916,10/2013,0930,3.00%,47746,Inflation-Indexed,4450,250.0,0.0,0.0,4200
42916,11/2014,0935,2.50%,49572,Inflation-Indexed,4250,250.0,0.0,0.0,4000
42916,3/2017,0440,2.5000000000000001E-2,51399,Inflation-Indexed,1650,150,0,0.0,1500
-,-,-,-,-,-,-,-,-,-,-
42947,4/2005,1217,6.00%,43084,Nominal,5939,473,0,0.0,5466
42947,10/2010,0319,5.00%,43539,Nominal,11705,250,0,0.0,11455
42947,4/2013,0420,3.00%,43936,Nominal,7540,250.0,0.0,0.0,7290
42947,5/2009,0521,6.00%,44331,Nominal,11309,250,0,0.0,11059
42947,6/2011,0423,5.50%,45031,Nominal,9195,250.0,0.0,0.0,8945
42947,4/2016,0425,2.75%,45762,Nominal,3750,250.0,0.0,0.0,3500
42947,7/2014,0427,4.50%,46492,Nominal,5950,250.0,0.0,0.0,5700
42947,10/2015,0433,3.50%,48683,Nominal,3650,250.0,0.0,0.0,3400
42947,8/2016,0437,2.75%,50145,Nominal,3200,150.0,0.0,0.0,3050
42947,10/2012,0925,2.00%,45920,Inflation-Indexed,5450,250.0,0.0,0.0,5200
42947,10/2013,0930,3.00%,47746,Inflation-Indexed,4450,250.0,0.0,0.0,4200
42947,11/2014,0935,2.50%,49572,Inflation-Indexed,4250,250.0,0.0,0.0,4000
42947,3/2017,0440,2.5000000000000001E-2,51399,Inflation-Indexed,1750,150,0,0.0,1600
-,-,-,-,-,-,-,-,-,-,-
42978,4/2005,1217,6.00%,43084,Nominal,5939,473,0,0.0,5466
42978,10/2010,0319,5.00%,43539,Nominal,11705,250,0,0.0,11455
42978,4/2013,0420,3.00%,43936,Nominal,7540,250.0,0.0,0.0,7290
42978,5/2009,0521,6.00%,44331,Nominal,11309,250,0,0.0,11059
42978,6/2011,0423,5.50%,45031,Nominal,9195,250.0,0.0,0.0,8945
42978,4/2016,0425,2.75%,45762,Nominal,3950,250.0,0.0,0.0,3700
42978,7/2014,0427,4.50%,46492,Nominal,5950,250.0,0.0,0.0,5700
42978,10/2015,0433,3.50%,48683,Nominal,3800,250.0,0.0,0.0,3550
42978,8/2016,0437,2.75%,50145,Nominal,3200,150.0,0.0,0.0,3050
42978,10/2012,0925,2.00%,45920,Inflation-Indexed,5450,250.0,0.0,0.0,5200
42978,10/2013,0930,3.00%,47746,Inflation-Indexed,4450,250.0,0.0,0.0,4200
42978,11/2014,0935,2.50%,49572,Inflation-Indexed,4250,250.0,0.0,0.0,4000
42978,3/2017,0440,2.5000000000000001E-2,51399,Inflation-Indexed,1850,150,0,0.0,1700
-,-,-,-,-,-,-,-,-,-,-
43008,4/2005,1217,6.00%,43084,Nominal,5939,473,0,0.0,5466
43008,10/2010,0319,5.00%,43539,Nominal,11705,250,0,0.0,11455
43008,4/2013,0420,3.00%,43936,Nominal,7540,250.0,0.0,0.0,7290
43008,5/2009,0521,6.00%,44331,Nominal,11309,250,0,0.0,11059
43008,6/2011,0423,5.50%,45031,Nominal,9195,250.0,0.0,0.0,8945
43008,4/2016,0425,2.75%,45762,Nominal,4150,250.0,0.0,0.0,3900
43008,7/2014,0427,4.50%,46492,Nominal,5950,250.0,0.0,0.0,5700
43008,10/2015,0433,3.50%,48683,Nominal,3950,250.0,0.0,0.0,3700
43008,8/2016,0437,2.75%,50145,Nominal,3200,150.0,0.0,0.0,3050
43008,10/2012,0925,2.00%,45920,Inflation-Indexed,5450,250.0,0.0,0.0,5200
43008,10/2013,0930,3.00%,47746,Inflation-Indexed,4450,250.0,0.0,0.0,4200
43008,11/2014,0935,2.50%,49572,Inflation-Indexed,4250,250.0,0.0,0.0,4000
43008,3/2017,0440,2.5000000000000001E-2,51399,Inflation-Indexed,1950,150,0,0.0,1800
-,-,-,-,-,-,-,-,-,-,-
43039,4/2005,1217,6.00%,43084,Nominal,5939,473,0,0.0,5466
43039,10/2010,0319,5.00%,43539,Nominal,11705,250,0,0.0,11455
43039,4/2013,0420,3.00%,43936,Nominal,7540,250.0,0.0,0.0,7290
43039,5/2009,0521,6.00%,44331,Nominal,11309,250,0,0.0,11059
43039,6/2011,0423,5.50%,45031,Nominal,9195,250.0,0.0,0.0,8945
43039,4/2016,0425,2.75%,45762,Nominal,4350,250.0,0.0,0.0,4100
43039,7/2014,0427,4.50%,46492,Nominal,5950,250.0,0.0,0.0,5700
43039,10/2015,0433,3.50%,48683,Nominal,4100,250.0,0.0,0.0,3850
43039,8/2016,0437,2.75%,50145,Nominal,3200,150.0,0.0,0.0,3050
43039,10/2012,0925,2.00%,45920,Inflation-Indexed,5450,250.0,0.0,0.0,5200
43039,10/2013,0930,3.00%,47746,Inflation-Indexed,4450,250.0,0.0,0.0,4200
43039,11/2014,0935,2.50%,49572,Inflation-Indexed,4250,250.0,0.0,0.0,4000
43039,3/2017,0440,2.5000000000000001E-2,51399,Inflation-Indexed,1950,150,0,0.0,1800
-,-,-,-,-,-,-,-,-,-,-
43069,4/2005,1217,6.00%,43084,Nominal,5939,473,0,0.0,5466
43069,10/2010,0319,5.00%,43539,Nominal,11705,250,0,0.0,11455
43069,4/2013,0420,3.00%,43936,Nominal,7540,250.0,0.0,0.0,7290
43069,5/2009,0521,6.00%,44331,Nominal,11309,250,0,0.0,11059
43069,6/2011,0423,5.50%,45031,Nominal,9195,250.0,0.0,0.0,8945
43069,4/2016,0425,2.75%,45762,Nominal,4550,250.0,0.0,0.0,4300
43069,7/2014,0427,4.50%,46492,Nominal,5950,250.0,0.0,0.0,5700
43069,10/2015,0433,3.50%,48683,Nominal,4250,250.0,0.0,0.0,4000
43069,8/2016,0437,2.75%,50145,Nominal,3200,150.0,0.0,0.0,3050
43069,10/2012,0925,2.00%,45920,Inflation-Indexed,5450,250.0,0.0,0.0,5200
43069,10/2013,0930,3.00%,47746,Inflation-Indexed,4450,250.0,0.0,0.0,4200
43069,11/2014,0935,2.50%,49572,Inflation-Indexed,4250,250.0,0.0,0.0,4000
43069,3/2017,0440,2.5000000000000001E-2,51399,Inflation-Indexed,2050,150,0,0.0,1900
-,-,-,-,-,-,-,-,-,-,-
43098,10/2010,0319,5.00%,43539,Nominal,11855,400,0,0,11455
43098,4/2013,0420,3.00%,43936,Nominal,7540,250,0,0,7290
43098,5/2009,0521,6.00%,44331,Nominal,11309,250,0,0,11059
43098,6/2011,0423,5.50%,45031,Nominal,9195,250,0,0,8945
43098,4/2016,0425,2.75%,45762,Nominal,4750,250,0,0,4500
43098,7/2014,0427,4.50%,46492,Nominal,5950,250,0,0,5700
43098,10/2015,0433,3.50%,48683,Nominal,4250,250,0,0,4000
43098,8/2016,0437,2.75%,50145,Nominal,3300,250,0,0,3050
43098,10/2012,0925,2.00%,45920,Inflation-Indexed,5450,250,0,0,5200
43098,10/2013,0930,3.00%,47746,Inflation-Indexed,4450,250,0,0,4200
43098,11/2014,0935,2.50%,49572,Inflation-Indexed,4250,250,0,0,4000
43098,3/2017,0440,2.5000000000000001E-2,51399,Inflation-Indexed,2150,150,0,0,2000
-,-,-,-,-,-,-,-,-,-,-
43131,10/2010,0319,5.00%,43539,Nominal,11855,400,0,0,11455
43131,4/2013,0420,3.00%,43936,Nominal,7540,250,0,0,7290
43131,5/2009,0521,6.00%,44331,Nominal,11309,250,0,0,11059
43131,6/2011,0423,5.50%,45031,Nominal,9195,250,0,0,8945
43131,4/2016,0425,2.75%,45762,Nominal,4950,250,0,0,4700
43131,7/2014,0427,4.50%,46492,Nominal,5950,250,0,0,5700
43131,10/2015,0433,3.50%,48683,Nominal,4400,250,0,0,4150
43131,8/2016,0437,2.75%,50145,Nominal,3300,250,0,0,3050
43131,10/2012,0925,2.00%,45920,Inflation-Indexed,5450,250,0,0,5200
43131,10/2013,0930,3.00%,47746,Inflation-Indexed,4450,250,0,0,4200
43131,11/2014,0935,2.50%,49572,Inflation-Indexed,4250,250,0,0,4000
43131,3/2017,0440,2.5000000000000001E-2,51399,Inflation-Indexed,2150,150,0,0,2000
-,-,-,-,-,-,-,-,-,-,-
43159,10/2010,0319,5.00%,43539,Nominal,11855,400,0,0,11455
43159,4/2013,0420,3.00%,43936,Nominal,7540,250,0,0,7290
43159,5/2009,0521,6.00%,44331,Nominal,11309,250,0,0,11059
43159,6/2011,0423,5.50%,45031,Nominal,9195,250,0,0,8945
43159,4/2016,0425,2.75%,45762,Nominal,5150,250,0,0,4900
43159,7/2014,0427,4.50%,46492,Nominal,5950,250,0,0,5700
43159,10/2015,0433,3.50%,48683,Nominal,4550,250,0,0,4300
43159,8/2016,0437,2.75%,50145,Nominal,3300,250,0,0,3050
43159,10/2012,0925,2.00%,45920,Inflation-Indexed,5450,250,0,0,5200
43159,10/2013,0930,3.00%,47746,Inflation-Indexed,4450,250,0,0,4200
43159,11/2014,0935,2.50%,49572,Inflation-Indexed,4250,250,0,0,4000
43159,3/2017,0440,2.5000000000000001E-2,51399,Inflation-Indexed,2250,150,0,0,2100
-,-,-,-,-,-,-,-,-,-,-
43187,10/2010,0319,5.00%,43539,Nominal,11605,400,0,0,11205
43187,4/2013,0420,3.00%,43936,Nominal,7540,250,0,0,7290
43187,5/2009,0521,6.00%,44331,Nominal,11309,250,0,0,11059
43187,6/2011,0423,5.50%,45031,Nominal,9195,250,0,0,8945
43187,4/2016,0425,2.75%,45762,Nominal,5150,250,0,0,4900
43187,7/2014,0427,4.50%,46492,Nominal,5950,250,0,0,5700
43187,3/2018,0429,0.03,47228,Nominal,2150,150,0,0,2000
43187,10/2015,0433,3.50%,48683,Nominal,4550,250,0,0,4300
43187,8/2016,0437,2.75%,50145,Nominal,3300,250,0,0,3050
43187,10/2012,0925,2.00%,45920,Inflation-Indexed,5450,250,0,0,5200
43187,10/2013,0930,3.00%,47746,Inflation-Indexed,4450,250,0,0,4200
43187,11/2014,0935,2.50%,49572,Inflation-Indexed,4250,250,0,0,4000
43187,3/2017,0440,2.5000000000000001E-2,51399,Inflation-Indexed,2450,250,0,0,2200
-,-,-,-,-,-,-,-,-,-,-
43220,10/2010,0319,5.00%,43539,Nominal,11355,400,0,0,10955
43220,4/2013,0420,3.00%,43936,Nominal,7540,250,0,0,7290
43220,5/2009,0521,6.00%,44331,Nominal,11309,250,0,0,11059
43220,6/2011,0423,5.50%,45031,Nominal,9195,250,0,0,8945
43220,4/2016,0425,2.75%,45762,Nominal,5350,250,0,0,5100
43220,7/2014,0427,4.50%,46492,Nominal,5950,250,0,0,5700
43220,3/2018,0429,0.03,47228,Nominal,2150,150,0,0,2000
43220,10/2015,0433,3.50%,48683,Nominal,4700,250,0,0,4450
43220,8/2016,0437,2.75%,50145,Nominal,3500,250,0,0,3250
43220,10/2012,0925,2.00%,45920,Inflation-Indexed,5450,250,0,0,5200
43220,10/2013,0930,3.00%,47746,Inflation-Indexed,4450,250,0,0,4200
43220,11/2014,0935,2.50%,49572,Inflation-Indexed,4250,250,0,0,4000
43220,3/2017,0440,2.5000000000000001E-2,51399,Inflation-Indexed,2550,250,0,0,2300
-,-,-,-,-,-,-,-,-,-,-
43251,10/2010,0319,5.00%,43539,Nominal,10855,400,0,0,10455
43251,4/2013,0420,3.00%,43936,Nominal,7540,250,0,0,7290
43251,5/2009,0521,6.00%,44331,Nominal,11309,250,0,0,11059
43251,6/2011,0423,5.50%,45031,Nominal,9195,250,0,0,8945
43251,4/2016,0425,2.75%,45762,Nominal,5550,250,0,0,5300
43251,7/2014,0427,4.50%,46492,Nominal,5950,250,0,0,5700
43251,3/2018,0429,0.03,47228,Nominal,2150,150,0,0,2000
43251,10/2015,0433,3.50%,48683,Nominal,4700,250,0,0,4450
43251,8/2016,0437,2.75%,50145,Nominal,3500,250,0,0,3250
43251,10/2012,0925,2.00%,45920,Inflation-Indexed,5450,250,0,0,5200
43251,10/2013,0930,3.00%,47746,Inflation-Indexed,4450,250,0,0,4200
43251,11/2014,0935,2.50%,49572,Inflation-Indexed,4250,250,0,0,4000
43251,3/2017,0440,2.5000000000000001E-2,51399,Inflation-Indexed,2650,250,0,0,2400
-,-,-,-,-,-,-,-,-,-,-
43280,10/2010,0319,5.00%,43539,Nominal,10355,400,0,0,9955
43280,4/2013,0420,3.00%,43936,Nominal,7540,250,0,0,7290
43280,5/2009,0521,6.00%,44331,Nominal,11309,250,0,0,11059
43280,6/2011,0423,5.50%,45031,Nominal,9195,250,0,0,8945
43280,4/2016,0425,2.75%,45762,Nominal,5750,250,0,0,5500
43280,7/2014,0427,4.50%,46492,Nominal,5950,250,0,0,5700
43280,3/2018,0429,0.03,47228,Nominal,2150,150,0,0,2000
43280,10/2015,0433,3.50%,48683,Nominal,4700,250,0,0,4450
43280,8/2016,0437,2.75%,50145,Nominal,3900,250,0,0,3650
43280,10/2012,0925,2.00%,45920,Inflation-Indexed,5450,250,0,0,5200
43280,10/2013,0930,3.00%,47746,Inflation-Indexed,4450,250,0,0,4200
43280,11/2014,0935,2.50%,49572,Inflation-Indexed,4250,250,0,0,4000
43280,3/2017,0440,2.5000000000000001E-2,51399,Inflation-Indexed,2750,250,0,0,2500
-,-,-,-,-,-,-,-,-,-,-
43312,10/2010,0319,5.00%,43539,Nominal,9671,400,0,0,9271
43312,4/2013,0420,3.00%,43936,Nominal,7540,250,0,0,7290
43312,5/2009,0521,6.00%,44331,Nominal,11309,250,0,0,11059
43312,6/2011,0423,5.50%,45031,Nominal,9195,250,0,0,8945
43312,4/2016,0425,2.75%,45762,Nominal,5900,250,0,0,5650
43312,7/2014,0427,4.50%,46492,Nominal,5950,250,0,0,5700
43312,3/2018,0429,0.03,47228,Nominal,2400,150,0,0,2250
43312,10/2015,0433,3.50%,48683,Nominal,4700,250,0,0,4450
43312,8/2016,0437,2.75%,50145,Nominal,4050,250,0,0,3800
43312,10/2012,0925,2.00%,45920,Inflation-Indexed,5450,250,0,0,5200
43312,10/2013,0930,3.00%,47746,Inflation-Indexed,4450,250,0,0,4200
43312,11/2014,0935,2.50%,49572,Inflation-Indexed,4250,250,0,0,4000
43312,3/2017,0440,2.5000000000000001E-2,51399,Inflation-Indexed,2850,250,0,0,2600
-,-,-,-,-,-,-,-,-,-,-
43343,10/2010,0319,5.00%,43539,Nominal,9637,400,0,0,9237
43343,4/2013,0420,3.00%,43936,Nominal,7540,250,0,0,7290
43343,5/2009,0521,6.00%,44331,Nominal,11309,250,0,0,11059
43343,6/2011,0423,5.50%,45031,Nominal,9195,250,0,0,8945
43343,4/2016,0425,2.75%,45762,Nominal,6050,250,0,0,5800
43343,7/2014,0427,4.50%,46492,Nominal,5950,250,0,0,5700
43343,3/2018,0429,0.03,47228,Nominal,2650,150,0,0,2500
43343,10/2015,0433,3.50%,48683,Nominal,4700,250,0,0,4450
43343,8/2016,0437,2.75%,50145,Nominal,4200,250,0,0,3950
43343,10/2012,0925,2.00%,45920,Inflation-Indexed,5450,250,0,0,5200
43343,10/2013,0930,3.00%,47746,Inflation-Indexed,4450,250,0,0,4200
43343,11/2014,0935,2.50%,49572,Inflation-Indexed,4250,250,0,0,4000
43343,3/2017,0440,2.5000000000000001E-2,51399,Inflation-Indexed,2950,250,0,0,2700
-,-,-,-,-,-,-,-,-,-,-
43371,10/2010,0319,5.00%,15-Mar-2019,Nominal,9637,400,0,0,9237
43371,4/2013,0420,3.00%,15-Apr-2020,Nominal,7540,250,0,0,7290
43371,5/2009,0521,6.00%,15-May-2021,Nominal,11309,250,0,0,11059
43371,6/2011,0423,5.50%,15-Apr-2023,Nominal,9195,250,0,0,8945
43371,4/2016,0425,2.75%,15-Apr-2025,Nominal,6050,250,0,0,5800
43371,7/2014,0427,4.50%,15-Apr-2027,Nominal,5950,250,0,0,5700
43371,3/2018,0429,0.03,20-Apr-2029,Nominal,3150,150,0,0,3000
43371,10/2015,0433,3.50%,14-Apr-2033,Nominal,4700,250,0,0,4450
43371,8/2016,0437,2.75%,15-Apr-2037,Nominal,4350,250,0,0,4100
43371,10/2012,0925,2.00%,20-Sep-2025,Inflation-Indexed,5450,250,0,0,5200
43371,10/2013,0930,3.00%,20-Sep-2030,Inflation-Indexed,4450,250,0,0,4200
43371,11/2014,0935,2.50%,20-Sep-2035,Inflation-Indexed,4250,250,0,0,4000
43371,3/2017,0440,2.5000000000000001E-2,20-Sep-2040,Inflation-Indexed,3050,250,0,0,2800
-,-,-,-,-,-,-,-,-,-,-
43404,10/2010,0319,5.00%,15-Mar-2019,Nominal,9637,400,0,0,9237
43404,4/2013,0420,3.00%,15-Apr-2020,Nominal,7540,250,0,0,7290
43404,5/2009,0521,6.00%,15-May-2021,Nominal,11309,250,0,0,11059
43404,6/2011,0423,5.50%,15-Apr-2023,Nominal,9195,250,0,0,8945
43404,4/2016,0425,2.75%,15-Apr-2025,Nominal,6350,250,0,0,6100
43404,7/2014,0427,4.50%,15-Apr-2027,Nominal,5950,250,0,0,5700
43404,3/2018,0429,0.03,20-Apr-2029,Nominal,3400,150,0,0,3250
43404,10/2015,0433,3.50%,14-Apr-2033,Nominal,4700,250,0,0,4450
43404,8/2016,0437,2.75%,15-Apr-2037,Nominal,4500,250,0,0,4250
43404,10/2012,0925,2.00%,20-Sep-2025,Inflation-Indexed,5450,250,0,0,5200
43404,10/2013,0930,3.00%,20-Sep-2030,Inflation-Indexed,4450,250,0,0,4200
43404,11/2014,0935,2.50%,20-Sep-2035,Inflation-Indexed,4250,250,0,0,4000
43404,3/2017,0440,2.5000000000000001E-2,20-Sep-2040,Inflation-Indexed,3150,250,0,0,2900
,,,,,,,,,,
43434,10/2010,0319,5.00%,15-Mar-2019,Nominal,9637,400,0,0,9237
43434,4/2013,0420,3.00%,15-Apr-2020,Nominal,7540,250,0,0,7290
43434,5/2009,0521,6.00%,15-May-2021,Nominal,11309,250,0,0,11059
43434,6/2011,0423,5.50%,15-Apr-2023,Nominal,9195,250,0,0,8945
43434,4/2016,0425,2.75%,15-Apr-2025,Nominal,6500,250,0,0,6250
43434,7/2014,0427,4.50%,15-Apr-2027,Nominal,5950,250,0,0,5700
43434,3/2018,0429,0.03,20-Apr-2029,Nominal,3650,150,0,0,3500
43434,10/2015,0433,3.50%,14-Apr-2033,Nominal,4700,250,0,0,4450
43434,8/2016,0437,2.75%,15-Apr-2037,Nominal,4650,250,0,0,4400
43434,10/2012,0925,2.00%,20-Sep-2025,Inflation-Indexed,5450,250,0,0,5200
43434,10/2013,0930,3.00%,20-Sep-2030,Inflation-Indexed,4450,250,0,0,4200
43434,11/2014,0935,2.50%,20-Sep-2035,Inflation-Indexed,4250,250,0,0,4000
43434,3/2017,0440,2.5000000000000001E-2,20-Sep-2040,Inflation-Indexed,3250,250,0,0,3000
43462,10/2010,0319,5.00%,15-Mar-2019,Nominal,9637,400,0,0,9237
43462,4/2013,0420,3.00%,15-Apr-2020,Nominal,7540,250,0,0,7290
43462,5/2009,0521,6.00%,15-May-2021,Nominal,11309,250,0,0,11059
43462,6/2011,0423,5.50%,15-Apr-2023,Nominal,9195,250,0,0,8945
43462,4/2016,0425,2.75%,15-Apr-2025,Nominal,6500,250,0,0,6250
43462,7/2014,0427,4.50%,15-Apr-2027,Nominal,5950,250,0,0,5700
43462,3/2018,0429,0.03,20-Apr-2029,Nominal,4150,150,0,0,4000
43462,10/2015,0433,3.50%,14-Apr-2033,Nominal,4700,250,0,0,4450
43462,8/2016,0437,2.75%,15-Apr-2037,Nominal,4650,250,0,0,4400
43462,10/2012,0925,2.00%,20-Sep-2025,Inflation-Indexed,5450,250,0,0,5200
43462,10/2013,0930,3.00%,20-Sep-2030,Inflation-Indexed,4450,250,0,0,4200
43462,11/2014,0935,2.50%,20-Sep-2035,Inflation-Indexed,4250,250,0,0,4000
43462,3/2017,0440,2.5000000000000001E-2,20-Sep-2040,Inflation-Indexed,3350,250,0,0,3100
43496,10/2010,0319,5.00%,15-Mar-2019,Nominal,9637,400,0,0,9237
43496,4/2013,0420,3.00%,15-Apr-2020,Nominal,7540,250,0,0,7290
43496,5/2009,0521,6.00%,15-May-2021,Nominal,11309,250,0,0,11059
43496,6/2011,0423,5.50%,15-Apr-2023,Nominal,9195,250,0,0,8945
43496,4/2016,0425,2.75%,15-Apr-2025,Nominal,6500,250,0,0,6250
43496,7/2014,0427,4.50%,15-Apr-2027,Nominal,5950,250,0,0,5700
43496,3/2018,0429,0.03,20-Apr-2029,Nominal,4400,150,0,0,4250
43496,10/2015,0433,3.50%,14-Apr-2033,Nominal,4700,250,0,0,4450
43496,8/2016,0437,2.75%,15-Apr-2037,Nominal,4850,250,0,0,4600
43496,10/2012,0925,2.00%,20-Sep-2025,Inflation-Indexed,5450,250,0,0,5200
43496,10/2013,0930,3.00%,20-Sep-2030,Inflation-Indexed,4450,250,0,0,4200
43496,11/2014,0935,2.50%,20-Sep-2035,Inflation-Indexed,4250,250,0,0,4000
43496,3/2017,0440,2.5000000000000001E-2,20-Sep-2040,Inflation-Indexed,3350,250,0,0,3100
43524,10/2010,0319,5.00%,15-Mar-2019,Nominal,9637,400,0,0,9237
43524,4/2013,0420,3.00%,15-Apr-2020,Nominal,7540,250,0,0,7290
43524,5/2009,0521,6.00%,15-May-2021,Nominal,11309,250,0,0,11059
43524,6/2011,0423,5.50%,15-Apr-2023,Nominal,9195,250,0,0,8945
43524,4/2016,0425,2.75%,15-Apr-2025,Nominal,6700,250,0,0,6450
43524,7/2014,0427,4.50%,15-Apr-2027,Nominal,5950,250,0,0,5700
43524,3/2018,0429,0.03,20-Apr-2029,Nominal,4650,150,0,0,4500
43524,10/2015,0433,3.50%,14-Apr-2033,Nominal,4700,250,0,0,4450
43524,8/2016,0437,2.75%,15-Apr-2037,Nominal,5050,250,0,0,4800
43524,10/2012,0925,2.00%,20-Sep-2025,Inflation-Indexed,5450,250,0,0,5200
43524,10/2013,0930,3.00%,20-Sep-2030,Inflation-Indexed,4450,250,0,0,4200
43524,11/2014,0935,2.50%,20-Sep-2035,Inflation-Indexed,4250,250,0,0,4000
43524,3/2017,0440,2.5000000000000001E-2,20-Sep-2040,Inflation-Indexed,3450,250,0,0,3200
43553,4/2013,0420,3.00%,15-Apr-2020,Nominal,7440,400,0,0,7040
43553,5/2009,0521,6.00%,15-May-2021,Nominal,11309,250,0,0,11059
43553,6/2011,0423,5.50%,15-Apr-2023,Nominal,9195,250,0,0,8945
43553,4/2016,0425,2.75%,15-Apr-2025,Nominal,6900,250,0,0,6650
43553,7/2014,0427,4.50%,15-Apr-2027,Nominal,5950,250,0,0,5700
43553,3/2018,0429,0.03,20-Apr-2029,Nominal,5000,250,0,0,4750
43553,10/2015,0433,3.50%,14-Apr-2033,Nominal,4700,250,0,0,4450
43553,8/2016,0437,2.75%,15-Apr-2037,Nominal,5250,250,0,0,5000
43553,10/2012,0925,2.00%,20-Sep-2025,Inflation-Indexed,5450,250,0,0,5200
43553,10/2013,0930,3.00%,20-Sep-2030,Inflation-Indexed,4450,250,0,0,4200
43553,11/2014,0935,2.50%,20-Sep-2035,Inflation-Indexed,4250,250,0,0,4000
43553,3/2017,0440,2.5000000000000001E-2,20-Sep-2040,Inflation-Indexed,3550,250,0,0,3300
43585,4/2013,0420,3.00%,15-Apr-2020,Nominal,6710,400,0,0,6310
43585,5/2009,0521,6.00%,15-May-2021,Nominal,11309,250,0,0,11059
43585,6/2011,0423,5.50%,15-Apr-2023,Nominal,9195,250,0,0,8945
43585,4/2016,0425,2.75%,15-Apr-2025,Nominal,7100,250,0,0,6850
43585,7/2014,0427,4.50%,15-Apr-2027,Nominal,5950,250,0,0,5700
43585,3/2018,0429,0.03,20-Apr-2029,Nominal,5250,250,0,0,5000
43585,10/2015,0433,3.50%,14-Apr-2033,Nominal,4700,250,0,0,4450
43585,8/2016,0437,2.75%,15-Apr-2037,Nominal,5400,250,0,0,5150
43585,10/2012,0925,2.00%,20-Sep-2025,Inflation-Indexed,5450,250,0,0,5200
43585,10/2013,0930,3.00%,20-Sep-2030,Inflation-Indexed,4450,250,0,0,4200
43585,11/2014,0935,2.50%,20-Sep-2035,Inflation-Indexed,4250,250,0,0,4000
43585,3/2017,0440,2.5000000000000001E-2,20-Sep-2040,Inflation-Indexed,3650,250,0,0,3400
43616,4/2013,0420,3.00%,15-Apr-2020,Nominal,6210,400,0,0,5810
43616,5/2009,0521,6.00%,15-May-2021,Nominal,11309,250,0,0,11059
43616,6/2011,0423,5.50%,15-Apr-2023,Nominal,9195,250,0,0,8945
43616,4/2016,0425,2.75%,15-Apr-2025,Nominal,7250,250,0,0,7000
43616,7/2014,0427,4.50%,15-Apr-2027,Nominal,5950,250,0,0,5700
43616,3/2018,0429,0.03,20-Apr-2029,Nominal,5450,250,0,0,5200
43616,10/2015,0433,3.50%,14-Apr-2033,Nominal,4700,250,0,0,4450
43616,8/2016,0437,2.75%,15-Apr-2037,Nominal,5550,250,0,0,5300
43616,10/2012,0925,2.00%,20-Sep-2025,Inflation-Indexed,5450,250,0,0,5200
43616,10/2013,0930,3.00%,20-Sep-2030,Inflation-Indexed,4450,250,0,0,4200
43616,11/2014,0935,2.50%,20-Sep-2035,Inflation-Indexed,4250,250,0,0,4000
43616,3/2017,0440,2.5000000000000001E-2,20-Sep-2040,Inflation-Indexed,3750,250,0,0,3500
43646,4/2013,0420,3.00%,15-Apr-2020,Nominal,5780,400,0,0,5380
43646,5/2009,0521,6.00%,15-May-2021,Nominal,11309,250,0,0,11059
43646,6/2011,0423,5.50%,15-Apr-2023,Nominal,9195,250,0,0,8945
43646,4/2016,0425,2.75%,15-Apr-2025,Nominal,7250,250,0,0,7000
43646,7/2014,0427,4.50%,15-Apr-2027,Nominal,5950,250,0,0,5700
43646,3/2018,0429,0.03,20-Apr-2029,Nominal,5700,250,0,0,5450
43646,10/2015,0433,3.50%,14-Apr-2033,Nominal,4700,250,0,0,4450
43646,8/2016,0437,2.75%,15-Apr-2037,Nominal,5700,250,0,0,5450
43646,10/2012,0925,2.00%,20-Sep-2025,Inflation-Indexed,5450,250,0,0,5200
43646,10/2013,0930,3.00%,20-Sep-2030,Inflation-Indexed,4450,250,0,0,4200
43646,11/2014,0935,2.50%,20-Sep-2035,Inflation-Indexed,4250,250,0,0,4000
43646,3/2017,0440,2.5000000000000001E-2,20-Sep-2040,Inflation-Indexed,3850,250,0,0,3600
43677,4/2013,0420,3.00%,15-Apr-2020,Nominal,5780,400,0,0,5380
43677,5/2009,0521,6.00%,15-May-2021,Nominal,11309,250,0,0,11059
43677,6/2011,0423,5.50%,15-Apr-2023,Nominal,9195,250,0,0,8945
43677,4/2016,0425,2.75%,15-Apr-2025,Nominal,7650,250,0,0,7400
43677,7/2014,0427,4.50%,15-Apr-2027,Nominal,5950,250,0,0,5700
43677,3/2018,0429,0.03,20-Apr-2029,Nominal,5950,250,0,0,5700
43677,10/2015,0433,3.50%,14-Apr-2033,Nominal,4700,250,0,0,4450
43677,8/2016,0437,2.75%,15-Apr-2037,Nominal,5850,250,0,0,5600
43677,10/2012,0925,2.00%,20-Sep-2025,Inflation-Indexed,5450,250,0,0,5200
43677,10/2013,0930,3.00%,20-Sep-2030,Inflation-Indexed,4450,250,0,0,4200
43677,11/2014,0935,2.50%,20-Sep-2035,Inflation-Indexed,4250,250,0,0,4000
43677,3/2017,0440,2.5000000000000001E-2,20-Sep-2040,Inflation-Indexed,3900,250,0,0,3650
43707,4/2013,0420,3.00%,15-Apr-2020,Nominal,5780,400,0,0,5380
43707,5/2009,0521,6.00%,15-May-2021,Nominal,11309,250,0,0,11059
43707,6/2011,0423,5.50%,15-Apr-2023,Nominal,9195,250,0,0,8945
43707,4/2016,0425,2.75%,15-Apr-2025,Nominal,7900,250,0,0,7650
43707,7/2014,0427,4.50%,15-Apr-2027,Nominal,5950,250,0,0,5700
43707,3/2018,0429,0.03,20-Apr-2029,Nominal,6200,250,0,0,5950
43707,10/2015,0433,3.50%,14-Apr-2033,Nominal,4700,250,0,0,4450
43707,8/2016,0437,2.75%,15-Apr-2037,Nominal,6000,250,0,0,5750
43707,10/2012,0925,2.00%,20-Sep-2025,Inflation-Indexed,5450,250,0,0,5200
43707,10/2013,0930,3.00%,20-Sep-2030,Inflation-Indexed,4450,250,0,0,4200
43707,11/2014,0935,2.50%,20-Sep-2035,Inflation-Indexed,4250,250,0,0,4000
43707,3/2017,0440,2.5000000000000001E-2,20-Sep-2040,Inflation-Indexed,3950,250,0,0,3700
43738,4/2013,0420,3.00%,15-Apr-2020,Nominal,5780,400,0,0,5380
43738,5/2009,0521,6.00%,15-May-2021,Nominal,11309,250,0,0,11059
43738,6/2011,0423,5.50%,15-Apr-2023,Nominal,9195,250,0,0,8945
43738,4/2016,0425,2.75%,15-Apr-2025,Nominal,7900,250,0,0,7650
43738,7/2014,0427,4.50%,15-Apr-2027,Nominal,5950,250,0,0,5700
43738,3/2018,0429,0.03,20-Apr-2029,Nominal,6450,250,0,0,6200
43738,9/2019,0531,1.4999999999999999E-2,15-May-2031,Nominal,2150,150,0,0,2000
43738,10/2015,0433,3.50%,14-Apr-2033,Nominal,4700,250,0,0,4450
43738,8/2016,0437,2.75%,15-Apr-2037,Nominal,6000,250,0,0,5750
43738,10/2012,0925,2.00%,20-Sep-2025,Inflation-Indexed,5450,250,0,0,5200
43738,10/2013,0930,3.00%,20-Sep-2030,Inflation-Indexed,4450,250,0,0,4200
43738,11/2014,0935,2.50%,20-Sep-2035,Inflation-Indexed,4250,250,0,0,4000
43738,3/2017,0440,2.5000000000000001E-2,20-Sep-2040,Inflation-Indexed,4000,250,0,0,3750
43769,4/2013,0420,3.00%,15-Apr-2020,Nominal,5780,400,0,0,5380
43769,5/2009,0521,6.00%,15-May-2021,Nominal,11309,250,0,0,11059
43769,6/2011,0423,5.50%,15-Apr-2023,Nominal,9195,250,0,0,8945
43769,4/2016,0425,2.75%,15-Apr-2025,Nominal,8400,250,0,0,8150
43769,7/2014,0427,4.50%,15-Apr-2027,Nominal,5950,250,0,0,5700
43769,3/2018,0429,0.03,20-Apr-2029,Nominal,6700,250,0,0,6450
43769,9/2019,0531,1.4999999999999999E-2,15-May-2031,Nominal,2150,150,0,0,2000
43769,10/2015,0433,3.50%,14-Apr-2033,Nominal,4700,250,0,0,4450
43769,8/2016,0437,2.75%,15-Apr-2037,Nominal,6150,250,0,0,5900
43769,10/2012,0925,2.00%,20-Sep-2025,Inflation-Indexed,5450,250,0,0,5200
43769,10/2013,0930,3.00%,20-Sep-2030,Inflation-Indexed,4450,250,0,0,4200
43769,11/2014,0935,2.50%,20-Sep-2035,Inflation-Indexed,4250,250,0,0,4000
43769,3/2017,0440,2.5000000000000001E-2,20-Sep-2040,Inflation-Indexed,4050,250,0,0,3800
43799,4/2013,0420,3.00%,15-Apr-2020,Nominal,5780,400,0,0,5380
43799,5/2009,0521,6.00%,15-May-2021,Nominal,11309,250,0,0,11059
43799,6/2011,0423,5.50%,15-Apr-2023,Nominal,9195,250,0,0,8945
43799,4/2016,0425,2.75%,15-Apr-2025,Nominal,8400,250,0,0,8150
43799,7/2014,0427,4.50%,15-Apr-2027,Nominal,5950,250,0,0,5700
43799,3/2018,0429,0.03,20-Apr-2029,Nominal,7100,250,0,0,6850
43799,9/2019,0531,1.4999999999999999E-2,15-May-2031,Nominal,2150,150,0,0,2000
43799,10/2015,0433,3.50%,14-Apr-2033,Nominal,4700,250,0,0,4450
43799,8/2016,0437,2.75%,15-Apr-2037,Nominal,6300,250,0,0,6050
43799,10/2012,0925,2.00%,20-Sep-2025,Inflation-Indexed,5450,250,0,0,5200
43799,10/2013,0930,3.00%,20-Sep-2030,Inflation-Indexed,4450,250,0,0,4200
43799,11/2014,0935,2.50%,20-Sep-2035,Inflation-Indexed,4250,250,0,0,4000
43799,3/2017,0440,2.5000000000000001E-2,20-Sep-2040,Inflation-Indexed,4100,250,0,0,3850
43830,4/2013,0420,3.00%,15-Apr-2020,Nominal,5780,400,0,0,5380
43830,5/2009,0521,6.00%,15-May-2021,Nominal,11309,250,0,0,11059
43830,6/2011,0423,5.50%,15-Apr-2023,Nominal,9195,250,0,0,8945
43830,4/2016,0425,2.75%,15-Apr-2025,Nominal,8650,250,0,0,8400
43830,7/2014,0427,4.50%,15-Apr-2027,Nominal,5950,250,0,0,5700
43830,3/2018,0429,0.03,20-Apr-2029,Nominal,7350,250,0,0,7100
43830,9/2019,0531,1.4999999999999999E-2,15-May-2031,Nominal,2150,150,0,0,2000
43830,10/2015,0433,3.50%,14-Apr-2033,Nominal,4700,250,0,0,4450
43830,8/2016,0437,2.75%,15-Apr-2037,Nominal,6300,250,0,0,6050
43830,10/2012,0925,2.00%,20-Sep-2025,Inflation-Indexed,5450,250,0,0,5200
43830,10/2013,0930,3.00%,20-Sep-2030,Inflation-Indexed,4450,250,0,0,4200
43830,11/2014,0935,2.50%,20-Sep-2035,Inflation-Indexed,4250,250,0,0,4000
43830,3/2017,0440,2.5000000000000001E-2,20-Sep-2040,Inflation-Indexed,4150,250,0,0,3900
43861,4/2013,0420,3.00%,15-Apr-2020,Nominal,5780,400,0,0,5380
43861,5/2009,0521,6.00%,15-May-2021,Nominal,11309,250,0,0,11059
43861,6/2011,0423,5.50%,15-Apr-2023,Nominal,9195,250,0,0,8945
43861,4/2016,0425,2.75%,15-Apr-2025,Nominal,8650,250,0,0,8400
43861,7/2014,0427,4.50%,15-Apr-2027,Nominal,5950,250,0,0,5700
43861,3/2018,0429,0.03,20-Apr-2029,Nominal,7350,250,0,0,7100
43861,9/2019,0531,1.4999999999999999E-2,15-May-2031,Nominal,2400,150,0,0,2250
43861,10/2015,0433,3.50%,14-Apr-2033,Nominal,4700,250,0,0,4450
43861,8/2016,0437,2.75%,15-Apr-2037,Nominal,6450,250,0,0,6200
43861,10/2012,0925,2.00%,20-Sep-2025,Inflation-Indexed,5450,250,0,0,5200
43861,10/2013,0930,3.00%,20-Sep-2030,Inflation-Indexed,4450,250,0,0,4200
43861,11/2014,0935,2.50%,20-Sep-2035,Inflation-Indexed,4250,250,0,0,4000
43861,3/2017,0440,2.5000000000000001E-2,20-Sep-2040,Inflation-Indexed,4150,250,0,0,3900
43889,4/2013,0420,3.00%,15-Apr-2020,Nominal,5780,400,0,0,5380
43889,5/2009,0521,6.00%,15-May-2021,Nominal,11309,250,0,0,11059
43889,6/2011,0423,5.50%,15-Apr-2023,Nominal,9195,250,0,0,8945
43889,4/2016,0425,2.75%,15-Apr-2025,Nominal,8900,250,0,0,8650
43889,7/2014,0427,4.50%,15-Apr-2027,Nominal,5950,250,0,0,5700
43889,3/2018,0429,0.03,20-Apr-2029,Nominal,7350,250,0,0,7100
43889,9/2019,0531,1.4999999999999999E-2,15-May-2031,Nominal,2650,150,0,0,2500
43889,10/2015,0433,3.50%,14-Apr-2033,Nominal,4700,250,0,0,4450
43889,8/2016,0437,2.75%,15-Apr-2037,Nominal,6650,250,0,0,6400
43889,10/2012,0925,2.00%,20-Sep-2025,Inflation-Indexed,5450,250,0,0,5200
43889,10/2013,0930,3.00%,20-Sep-2030,Inflation-Indexed,4450,250,0,0,4200
43889,11/2014,0935,2.50%,20-Sep-2035,Inflation-Indexed,4250,250,0,0,4000
43889,3/2017,0440,2.5000000000000001E-2,20-Sep-2040,Inflation-Indexed,4200,250,0,0,3950
43921,4/2013,0420,3.00%,15-Apr-2020,Nominal,5780,400,0,0,5380
43921,5/2009,0521,6.00%,15-May-2021,Nominal,11309,250,0,0,11059
43921,6/2011,0423,5.50%,15-Apr-2023,Nominal,9195,250,0,0,8945
43921,4/2016,0425,2.75%,15-Apr-2025,Nominal,9400,250,0,0,9150
43921,7/2014,0427,4.50%,15-Apr-2027,Nominal,5950,250,0,0,5700
43921,3/2018,0429,0.03,20-Apr-2029,Nominal,7350,250,0,0,7100
43921,9/2019,0531,1.4999999999999999E-2,15-May-2031,Nominal,2900,150,0,0,2750
43921,10/2015,0433,3.50%,14-Apr-2033,Nominal,4700,250,0,0,4450
43921,8/2016,0437,2.75%,15-Apr-2037,Nominal,6800,250,0,0,6550
43921,10/2012,0925,2.00%,20-Sep-2025,Inflation-Indexed,5450,250,0,0,5200
43921,10/2013,0930,3.00%,20-Sep-2030,Inflation-Indexed,4450,250,0,0,4200
43921,11/2014,0935,2.50%,20-Sep-2035,Inflation-Indexed,4250,250,0,0,4000
43921,3/2017,0440,2.5000000000000001E-2,20-Sep-2040,Inflation-Indexed,4250,250,0,0,4000
43951,5/2009,0521,6.00%,15-May-2021,Nominal,11309,250,0,0,11059
43951,6/2011,0423,5.50%,15-Apr-2023,Nominal,9895,250,0,0,9645
43951,4/2016,0425,2.75%,15-Apr-2025,Nominal,9750,250,0,0,9500
43951,7/2014,0427,4.50%,15-Apr-2027,Nominal,6200,250,0,0,5950
43951,3/2018,0429,0.03,20-Apr-2029,Nominal,7850,250,0,0,7600
43951,9/2019,0531,1.4999999999999999E-2,15-May-2031,Nominal,6400,150,0,0,6250
43951,10/2015,0433,3.50%,14-Apr-2033,Nominal,4900,250,0,0,4650
43951,8/2016,0437,2.75%,15-Apr-2037,Nominal,7200,250,0,0,6950
43951,10/2012,0925,2.00%,20-Sep-2025,Inflation-Indexed,5450,250,0,0,5200
43951,10/2013,0930,3.00%,20-Sep-2030,Inflation-Indexed,4450,250,0,0,4200
43951,11/2014,0935,2.50%,20-Sep-2035,Inflation-Indexed,4250,250,0,0,4000
43951,3/2017,0440,2.5000000000000001E-2,20-Sep-2040,Inflation-Indexed,4250,250,0,0,4000
43982,5/2009,0521,6.00%,15-May-2021,Nominal,11309,250,0,0,11059
43982,6/2011,0423,5.50%,15-Apr-2023,Nominal,10745,250,0,0,10495
43982,4/2016,0425,2.75%,15-Apr-2025,Nominal,10750,250,0,0,10500
43982,7/2014,0427,4.50%,15-Apr-2027,Nominal,6900,250,0,0,6650
43982,3/2018,0429,0.03,20-Apr-2029,Nominal,8450,250,0,0,8200
43982,9/2019,0531,1.4999999999999999E-2,15-May-2031,Nominal,6400,150,0,0,6250
43982,10/2015,0433,3.50%,14-Apr-2033,Nominal,5300,250,0,0,5050
43982,8/2016,0437,2.75%,15-Apr-2037,Nominal,7600,250,0,0,7350
43982,10/2012,0925,2.00%,20-Sep-2025,Inflation-Indexed,5450,250,0,0,5200
43982,10/2013,0930,3.00%,20-Sep-2030,Inflation-Indexed,4450,250,0,0,4200
43982,11/2014,0935,2.50%,20-Sep-2035,Inflation-Indexed,4250,250,0,0,4000
43982,3/2017,0440,2.5000000000000001E-2,20-Sep-2040,Inflation-Indexed,4250,250,0,0,4000
,,,,,,,,,,
44012,5/2009,0521,6.00%,15-May-2021,Nominal,11309,250,0,0,11059
44012,6/2011,0423,5.50%,15-Apr-2023,Nominal,12245,250,0,0,11995
44012,6/2020,0524,5.0000000000000001E-3,45427,Nominal,7150,150,0,0,7000
44012,4/2016,0425,2.75%,15-Apr-2025,Nominal,11250,250,0,0,11000
44012,7/2014,0427,4.50%,15-Apr-2027,Nominal,7250,250,0,0,7000
44012,3/2018,0429,0.03,20-Apr-2029,Nominal,9500,250,0,0,9250
44012,9/2019,0531,1.4999999999999999E-2,15-May-2031,Nominal,6400,150,0,0,6250
44012,10/2015,0433,3.50%,14-Apr-2033,Nominal,5500,250,0,0,5250
44012,8/2016,0437,2.75%,15-Apr-2037,Nominal,8200,250,0,0,7950
44012,10/2012,0925,2.00%,20-Sep-2025,Inflation-Indexed,5450,250,0,0,5200
44012,10/2013,0930,3.00%,20-Sep-2030,Inflation-Indexed,4450,250,0,0,4200
44012,11/2014,0935,2.50%,20-Sep-2035,Inflation-Indexed,4250,250,0,0,4000
44012,3/2017,0440,2.5000000000000001E-2,20-Sep-2040,Inflation-Indexed,4250,250,0,0,4000
44043,5/2009,0521,6.00%,15-May-2021,Nominal,11309,250,0,0,11059
44043,6/2011,0423,5.50%,15-Apr-2023,Nominal,13145,250,0,0,12895
44043,6/2020,0524,5.0000000000000001E-3,15 May 2024,Nominal,7150,150,0,0,7000
44043,4/2016,0425,2.75%,15-Apr-2025,Nominal,11700,250,0,0,11450
44043,7/2014,0427,4.50%,15-Apr-2027,Nominal,7250,250,0,0,7000
44043,3/2018,0429,0.03,20-Apr-2029,Nominal,10200,250,0,0,9950
44043,9/2019,0531,1.4999999999999999E-2,15-May-2031,Nominal,6750,150,0,0,6600
44043,10/2015,0433,3.50%,14-Apr-2033,Nominal,5800,250,0,0,5550
44043,8/2016,0437,2.75%,15-Apr-2037,Nominal,8200,250,0,0,7950
44043,07/2020,0541,1.7500000000000002E-2,15-May-2041,Nominal,4650,150,0,0,4500
44043,10/2012,0925,2.00%,20-Sep-2025,Inflation-Indexed,5450,250,0,0,5200
44043,10/2013,0930,3.00%,20-Sep-2030,Inflation-Indexed,4450,250,0,0,4200
44043,11/2014,0935,2.50%,20-Sep-2035,Inflation-Indexed,4250,250,0,0,4000
44043,3/2017,0440,2.5000000000000001E-2,20-Sep-2040,Inflation-Indexed,4300,250,0,0,4050
44074,5/2009,0521,6.00%,15-May-2021,Nominal,11309,250,0,0,11059
44074,6/2011,0423,5.50%,15-Apr-2023,Nominal,14045,250,0,0,13795
44074,6/2020,0524,5.0000000000000001E-3,15 May 2024,Nominal,7150,150,0,0,7000
44074,4/2016,0425,2.75%,15-Apr-2025,Nominal,12600,250,0,0,12350
44074,7/2014,0427,4.50%,15-Apr-2027,Nominal,7250,250,0,0,7000
44074,3/2018,0429,0.03,20-Apr-2029,Nominal,10900,250,0,0,10650
44074,9/2019,0531,1.4999999999999999E-2,15-May-2031,Nominal,7450,150,0,0,7300
44074,10/2015,0433,3.50%,14-Apr-2033,Nominal,6100,250,0,0,5850
44074,8/2016,0437,2.75%,15-Apr-2037,Nominal,8350,250,0,0,8100
44074,07/2020,0541,1.7500000000000002E-2,15-May-2041,Nominal,4650,150,0,0,4500
44074,10/2012,0925,2.00%,20-Sep-2025,Inflation-Indexed,5450,250,0,0,5200
44074,10/2013,0930,3.00%,20-Sep-2030,Inflation-Indexed,4450,250,0,0,4200
44074,11/2014,0935,2.50%,20-Sep-2035,Inflation-Indexed,4250,250,0,0,4000
44074,3/2017,0440,2.5000000000000001E-2,20-Sep-2040,Inflation-Indexed,4400,250,0,0,4150
44104,5/2009,0521,6.00%,15-May-2021,Nominal,11309,250,0,0,11059
44104,6/2011,0423,5.50%,15-Apr-2023,Nominal,14945,250,0,0,14695
44104,6/2020,0524,5.0000000000000001E-3,15 May 2024,Nominal,8050,150,0,0,7900
44104,4/2016,0425,2.75%,15-Apr-2025,Nominal,12600,250,0,0,12350
44104,7/2014,0427,4.50%,15-Apr-2027,Nominal,11250,250,0,0,11000
44104,3/2018,0429,0.03,20-Apr-2029,Nominal,11600,250,0,0,11350
44104,9/2019,0531,1.4999999999999999E-2,15-May-2031,Nominal,8150,150,0,0,8000
44104,10/2015,0433,3.50%,14-Apr-2033,Nominal,6400,250,0,0,6150
44104,8/2016,0437,2.75%,15-Apr-2037,Nominal,8650,250,0,0,8400
44104,07/2020,0541,1.7500000000000002E-2,15-May-2041,Nominal,4650,150,0,0,4500
44104,10/2012,0925,2.00%,20-Sep-2025,Inflation-Indexed,5450,250,0,0,5200
44104,10/2013,0930,3.00%,20-Sep-2030,Inflation-Indexed,4450,250,0,0,4200
44104,11/2014,0935,2.50%,20-Sep-2035,Inflation-Indexed,4250,250,0,0,4000
44104,3/2017,0440,2.5000000000000001E-2,20-Sep-2040,Inflation-Indexed,4500,250,0,0,4250
44135,5/2009,0521,6.00%,15-May-2021,Nominal,11309,250,0,0,11059
44135,6/2011,0423,5.50%,15-Apr-2023,Nominal,15445,250,0,0,15195
44135,6/2020,0524,5.0000000000000001E-3,15 May 2024,Nominal,8550,150,0,0,8400
44135,4/2016,0425,2.75%,15-Apr-2025,Nominal,12600,250,0,0,12350
44135,7/2014,0427,4.50%,15-Apr-2027,Nominal,11250,250,0,0,11000
44135,3/2018,0429,0.03,20-Apr-2029,Nominal,12100,250,0,0,11850
44135,9/2019,0531,1.4999999999999999E-2,15-May-2031,Nominal,8650,150,0,0,8500
44135,10/2015,0433,3.50%,14-Apr-2033,Nominal,6600,250,0,0,6350
44135,8/2016,0437,2.75%,15-Apr-2037,Nominal,8650,250,0,0,8400
44135,07/2020,0541,1.7500000000000002E-2,15-May-2041,Nominal,4850,150,0,0,4700
44135,10/2012,0925,2.00%,20-Sep-2025,Inflation-Indexed,5450,250,0,0,5200
44135,10/2013,0930,3.00%,20-Sep-2030,Inflation-Indexed,4450,250,0,0,4200
44135,11/2014,0935,2.50%,20-Sep-2035,Inflation-Indexed,4350,250,0,0,4100
44135,3/2017,0440,2.5000000000000001E-2,20-Sep-2040,Inflation-Indexed,4500,250,0,0,4250
44165,5/2009,0521,6.00%,15-May-2021,Nominal,11309,250,0,0,11059
44165,6/2011,0423,5.50%,15-Apr-2023,Nominal,15695,250,0,0,15445
44165,6/2020,0524,5.0000000000000001E-3,15 May 2024,Nominal,9050,150,0,0,8900
44165,4/2016,0425,2.75%,15-Apr-2025,Nominal,12600,250,0,0,12350
44165,7/2014,0427,4.50%,15-Apr-2027,Nominal,11250,250,0,0,11000
44165,10/2020,0528,2.5000000000000001E-3,15-May-2028,Nominal,4150,150,0,0,4000
44165,3/2018,0429,0.03,20-Apr-2029,Nominal,12350,250,0,0,12100
44165,9/2019,0531,1.4999999999999999E-2,15-May-2031,Nominal,9150,150,0,0,9000
44165,10/2015,0433,3.50%,14-Apr-2033,Nominal,6700,250,0,0,6450
44165,8/2016,0437,2.75%,15-Apr-2037,Nominal,8650,250,0,0,8400
44165,07/2020,0541,1.7500000000000002E-2,15-May-2041,Nominal,5050,150,0,0,4900
44165,10/2012,0925,2.00%,20-Sep-2025,Inflation-Indexed,5450,250,0,0,5200
44165,10/2013,0930,3.00%,20-Sep-2030,Inflation-Indexed,4450,250,0,0,4200
44165,11/2014,0935,2.50%,20-Sep-2035,Inflation-Indexed,4450,250,0,0,4200
44165,3/2017,0440,2.5000000000000001E-2,20-Sep-2040,Inflation-Indexed,4500,250,0,0,4250
44196,5/2009,0521,6.00%,15-May-2021,Nominal,11309,250,0,0,11059
44196,6/2011,0423,5.50%,15-Apr-2023,Nominal,16195,250,0,0,15945
44196,6/2020,0524,5.0000000000000001E-3,15 May 2024,Nominal,9550,150,0,0,9400
44196,4/2016,0425,2.75%,15-Apr-2025,Nominal,12600,250,0,0,12350
44196,7/2014,0427,4.50%,15-Apr-2027,Nominal,11250,250,0,0,11000
44196,10/2020,0528,2.5000000000000001E-3,15-May-2028,Nominal,4150,150,0,0,4000
44196,3/2018,0429,0.03,20-Apr-2029,Nominal,12850,250,0,0,12600
44196,9/2019,0531,1.4999999999999999E-2,15-May-2031,Nominal,9650,150,0,0,9500
44196,10/2015,0433,3.50%,14-Apr-2033,Nominal,6900,250,0,0,6650
44196,8/2016,0437,2.75%,15-Apr-2037,Nominal,8650,250,0,0,8400
44196,07/2020,0541,1.7500000000000002E-2,15-May-2041,Nominal,5250,150,0,0,5100
44196,10/2012,0925,2.00%,20-Sep-2025,Inflation-Indexed,5450,250,0,0,5200
44196,10/2013,0930,3.00%,20-Sep-2030,Inflation-Indexed,4450,250,0,0,4200
44196,11/2014,0935,2.50%,20-Sep-2035,Inflation-Indexed,4550,250,0,0,4300
44196,3/2017,0440,2.5000000000000001E-2,20-Sep-2040,Inflation-Indexed,4500,250,0,0,4250
44227,5/2009,0521,6.00%,15-May-2021,Nominal,11309,250,0,0,11059
44227,6/2011,0423,5.50%,15-Apr-2023,Nominal,16195,250,0,0,15945
44227,6/2020,0524,5.0000000000000001E-3,15 May 2024,Nominal,9750,150,0,0,9600
44227,4/2016,0425,2.75%,15-Apr-2025,Nominal,12800,250,0,0,12550
44227,7/2014,0427,4.50%,15-Apr-2027,Nominal,11400,250,0,0,11150
44227,10/2020,0528,2.5000000000000001E-3,15-May-2028,Nominal,4150,150,0,0,4000
44227,3/2018,0429,0.03,20-Apr-2029,Nominal,13000,250,0,0,12750
44227,9/2019,0531,1.4999999999999999E-2,15-May-2031,Nominal,9650,150,0,0,9500
44227,10/2015,0433,3.50%,14-Apr-2033,Nominal,7000,250,0,0,6750
44227,8/2016,0437,2.75%,15-Apr-2037,Nominal,8650,250,0,0,8400
44227,07/2020,0541,1.7500000000000002E-2,15-May-2041,Nominal,5350,150,0,0,5200
44227,10/2012,0925,2.00%,20-Sep-2025,Inflation-Indexed,5450,250,0,0,5200
44227,10/2013,0930,3.00%,20-Sep-2030,Inflation-Indexed,4450,250,0,0,4200
44227,11/2014,0935,2.50%,20-Sep-2035,Inflation-Indexed,4550,250,0,0,4300
44227,3/2017,0440,2.5000000000000001E-2,20-Sep-2040,Inflation-Indexed,4550,250,0,0,4300
44255,5/2009,0521,6.00%,15-May-2021,Nominal,11309,250,0,0,11059
44255,6/2011,0423,5.50%,15-Apr-2023,Nominal,16195,250,0,0,15945
44255,6/2020,0524,5.0000000000000001E-3,15 May 2024,Nominal,10150,150,0,0,10000
44255,4/2016,0425,2.75%,15-Apr-2025,Nominal,13000,250,0,0,12750
44255,04/2021,0526,5.0000000000000001E-3,15 May 2026,Nominal,3650,150,0,0,3500
44255,7/2014,0427,4.50%,15-Apr-2027,Nominal,11700,250,0,0,11450
44255,10/2020,0528,2.5000000000000001E-3,15-May-2028,Nominal,4150,150,0,0,4000
44255,3/2018,0429,0.03,20-Apr-2029,Nominal,13150,250,0,0,12900
44255,9/2019,0531,1.4999999999999999E-2,15-May-2031,Nominal,9650,150,0,0,9500
44255,10/2015,0433,3.50%,14-Apr-2033,Nominal,7100,250,0,0,6850
44255,8/2016,0437,2.75%,15-Apr-2037,Nominal,8650,250,0,0,8400
44255,07/2020,0541,1.7500000000000002E-2,15-May-2041,Nominal,5550,150,0,0,5400
44255,10/2012,0925,2.00%,20-Sep-2025,Inflation-Indexed,5450,250,0,0,5200
44255,10/2013,0930,3.00%,20-Sep-2030,Inflation-Indexed,4450,250,0,0,4200
44255,11/2014,0935,2.50%,20-Sep-2035,Inflation-Indexed,4550,250,0,0,4300
44255,3/2017,0440,2.5000000000000001E-2,20-Sep-2040,Inflation-Indexed,4600,250,0,0,4350
44286,5/2009,0521,6.00%,15-May-2021,Nominal,11309,250,0,0,11059
44286,6/2011,0423,5.50%,15-Apr-2023,Nominal,16195,250,0,0,15945
44286,6/2020,0524,5.0000000000000001E-3,15 May 2024,Nominal,10750,150,0,0,10600
44286,4/2016,0425,2.75%,15-Apr-2025,Nominal,13400,250,0,0,13150
44286,04/2021,0526,5.0000000000000001E-3,15 May 2026,Nominal,3650,150,0,0,3500
44286,7/2014,0427,4.50%,15-Apr-2027,Nominal,12150,250,0,0,11900
44286,10/2020,0528,2.5000000000000001E-3,15-May-2028,Nominal,4150,150,0,0,4000
44286,3/2018,0429,0.03,20-Apr-2029,Nominal,13450,250,0,0,13200
44286,9/2019,0531,1.4999999999999999E-2,15-May-2031,Nominal,9650,150,0,0,9500
44286,10/2015,0433,3.50%,14-Apr-2033,Nominal,7300,250,0,0,7050
44286,8/2016,0437,2.75%,15-Apr-2037,Nominal,8650,250,0,0,8400
44286,07/2020,0541,1.7500000000000002E-2,15-May-2041,Nominal,5850,150,0,0,5700
44286,10/2012,0925,2.00%,20-Sep-2025,Inflation-Indexed,5450,250,0,0,5200
44286,10/2013,0930,3.00%,20-Sep-2030,Inflation-Indexed,4450,250,0,0,4200
44286,11/2014,0935,2.50%,20-Sep-2035,Inflation-Indexed,4550,250,0,0,4300
44286,3/2017,0440,2.5000000000000001E-2,20-Sep-2040,Inflation-Indexed,4700,250,0,0,4450
44316,5/2009,0521,6.00%,15-May-2021,Nominal,11309,250,0,0,11059
44316,6/2011,0423,5.50%,15-Apr-2023,Nominal,16195,250,0,0,15945
44316,6/2020,0524,5.0000000000000001E-3,15 May 2024,Nominal,10950,150,0,0,10800
44316,4/2016,0425,2.75%,15-Apr-2025,Nominal,13600,250,0,0,13350
44316,04/2021,0526,5.0000000000000001E-3,15 May 2026,Nominal,3650,150,0,0,3500
44316,7/2014,0427,4.50%,15-Apr-2027,Nominal,12150,250,0,0,11900
44316,10/2020,0528,2.5000000000000001E-3,15-May-2028,Nominal,4350,150,0,0,4200
44316,3/2018,0429,0.03,20-Apr-2029,Nominal,13450,250,0,0,13200
44316,9/2019,0531,1.4999999999999999E-2,15-May-2031,Nominal,9850,150,0,0,9700
44316,10/2015,0433,3.50%,14-Apr-2033,Nominal,7500,250,0,0,7250
44316,8/2016,0437,2.75%,15-Apr-2037,Nominal,8850,250,0,0,8600
44316,07/2020,0541,1.7500000000000002E-2,15-May-2041,Nominal,5850,150,0,0,5700
44316,10/2012,0925,2.00%,20-Sep-2025,Inflation-Indexed,5450,250,0,0,5200
44316,10/2013,0930,3.00%,20-Sep-2030,Inflation-Indexed,4450,250,0,0,4200
44316,11/2014,0935,2.50%,20-Sep-2035,Inflation-Indexed,4550,250,0,0,4300
44316,3/2017,0440,2.5000000000000001E-2,20-Sep-2040,Inflation-Indexed,4800,250,0,0,4550
44347,6/2011,0423,5.50%,45031,Nominal,16195,250,0,0,15945
44347,6/2020,0524,5.0000000000000001E-3,45427,Nominal,11150,150,0,0,11000
44347,4/2016,0425,2.75%,45762,Nominal,13700,250,0,0,13450
44347,04/2021,0526,5.0000000000000001E-3,46157,Nominal,3750,150,0,0,3600
44347,7/2014,0427,4.50%,46492,Nominal,12150,250,0,0,11900
44347,10/2020,0528,2.5000000000000001E-3,46888,Nominal,4550,150,0,0,4400
44347,3/2018,0429,0.03,47228,Nominal,13450,250,0,0,13200
44347,9/2019,0531,1.4999999999999999E-2,47983,Nominal,10050,150,0,0,9900
44347,06/2021,0532,0.02,15-May-32,Nominal,2400,150,0,0,2250
44347,10/2015,0433,3.50%,48683,Nominal,7700,250,0,0,7450
44347,8/2016,0437,2.75%,50145,Nominal,9050,250,0,0,8800
44347,07/2020,0541,1.7500000000000002E-2,51636,Nominal,5850,150,0,0,5700
44347,10/2012,0925,2.00%,45920,Inflation-Indexed,5450,250,0,0,5200
44347,10/2013,0930,3.00%,47746,Inflation-Indexed,4450,250,0,0,4200
44347,11/2014,0935,2.50%,49572,Inflation-Indexed,4550,250,0,0,4300
44347,3/2017,0440,2.5000000000000001E-2,51399,Inflation-Indexed,4900,250,0,0,4650
44377,6/2011,0423,5.50%,45031,Nominal,16195,250,0,0,15945
44377,6/2020,0524,5.0000000000000001E-3,45427,Nominal,11350,150,0,0,11200
44377,4/2016,0425,2.75%,45762,Nominal,13700,250,0,0,13450
44377,04/2021,0526,5.0000000000000001E-3,46157,Nominal,3950,150,0,0,3800
44377,7/2014,0427,4.50%,46492,Nominal,12150,250,0,0,11900
44377,10/2020,0528,2.5000000000000001E-3,46888,Nominal,4750,150,0,0,4600
44377,3/2018,0429,0.03,47228,Nominal,13450,250,0,0,13200
44377,9/2019,0531,1.4999999999999999E-2,47983,Nominal,10250,150,0,0,10100
44377,06/2021,0532,0.02,15-May-32,Nominal,2400,150,0,0,2250
44377,10/2015,0433,3.50%,48683,Nominal,7900,250,0,0,7650
44377,8/2016,0437,2.75%,50145,Nominal,9250,250,0,0,9000
44377,07/2020,0541,1.7500000000000002E-2,51636,Nominal,5850,150,0,0,5700
44377,10/2012,0925,2.00%,45920,Inflation-Indexed,5450,250,0,0,5200
44377,10/2013,0930,3.00%,47746,Inflation-Indexed,4450,250,0,0,4200
44377,11/2014,0935,2.50%,49572,Inflation-Indexed,4550,250,0,0,4300
44377,3/2017,0440,2.5000000000000001E-2,51399,Inflation-Indexed,5000,250,0,0,4750
44408,6/2011,0423,5.50%,45031,Nominal,16195,250,0,0,15945
44408,6/2020,0524,5.0000000000000001E-3,45427,Nominal,11750,150,0,0,11600
44408,4/2016,0425,2.75%,45762,Nominal,13700,250,0,0,13450
44408,04/2021,0526,5.0000000000000001E-3,46157,Nominal,4350,150,0,0,4200
44408,7/2014,0427,4.50%,46492,Nominal,12150,250,0,0,11900
44408,10/2020,0528,2.5000000000000001E-3,46888,Nominal,5150,150,0,0,5000
44408,3/2018,0429,0.03,47228,Nominal,13850,250,0,0,13600
44408,9/2019,0531,1.4999999999999999E-2,47983,Nominal,10250,150,0,0,10100
44408,06/2021,0532,3.50%,48349,Nominal,2400,150,0,0,2250
44408,10/2015,0433,2.75%,48683,Nominal,8100,250,0,0,7850
44408,8/2016,0437,1.7500000000000002E-2,50145,Nominal,9450,250,0,0,9200
44408,07/2020,0541,2.00%,51636,Nominal,5850,150,0,0,5700
44408,10/2012,0925,3.00%,45920,Inflation-Indexed,5450,250,0,0,5200
44408,10/2013,0930,2.50%,47746,Inflation-Indexed,4450,250,0,0,4200
44408,11/2014,0935,2.5000000000000001E-2,49572,Inflation-Indexed,4550,250,0,0,4300
44408,3/2017,0440,2.5000000000000001E-2,51399,Inflation-Indexed,5100,250,0,0,4850
44439,6/2011,0423,5.50%,45031,Nominal,16195,250,0,0,15945
44439,6/2020,0524,5.0000000000000001E-3,45427,Nominal,12350,150,0,0,12200
44439,4/2016,0425,2.75%,45762,Nominal,13700,250,0,0,13450
44439,04/2021,0526,5.0000000000000001E-3,46157,Nominal,4750,150,0,0,4600
44439,7/2014,0427,4.50%,46492,Nominal,12150,250,0,0,11900
44439,10/2020,0528,2.5000000000000001E-3,46888,Nominal,5550,150,0,0,5400
44439,3/2018,0429,0.03,47228,Nominal,14050,250,0,0,13800
44439,9/2019,0531,1.4999999999999999E-2,47983,Nominal,10650,150,0,0,10500
44439,06/2021,0532,3.50%,48349,Nominal,2400,150,0,0,2250
44439,10/2015,0433,2.75%,48683,Nominal,8300,250,0,0,8050
44439,8/2016,0437,1.7500000000000002E-2,50145,Nominal,9750,250,0,0,9500
44439,07/2020,0541,2.00%,51636,Nominal,5850,150,0,0,5700
44439,10/2012,0925,3.00%,45920,Inflation-Indexed,5450,250,0,0,5200
44439,10/2013,0930,2.50%,47746,Inflation-Indexed,4450,250,0,0,4200
44439,11/2014,0935,2.5000000000000001E-2,49572,Inflation-Indexed,4550,250,0,0,4300
44439,3/2017,0440,2.5000000000000001E-2,51399,Inflation-Indexed,5200,250,0,0,4950
44469,6/2011,0423,5.50%,45031,Nominal,16195,250,0,0,15945
44469,6/2020,0524,5.0000000000000001E-3,45427,Nominal,12750,150,0,0,12600
44469,4/2016,0425,2.75%,45762,Nominal,13700,250,0,0,13450
44469,2/2021,0526,5.0000000000000001E-3,46157,Nominal,4950,150,0,0,4800
44469,7/2014,0427,4.50%,46492,Nominal,12150,250,0,0,11900
44469,10/2020,0528,2.5000000000000001E-3,46888,Nominal,5750,150,0,0,5600
44469,3/2018,0429,0.03,47228,Nominal,14050,250,0,0,13800
44469,9/2019,0531,1.4999999999999999E-2,47983,Nominal,11050,150,0,0,10900
44469,6/2021,0532,0.02,48349,Nominal,2400,150,0,0,2250
44469,10/2015,0433,3.50%,48683,Nominal,8400,250,0,0,8150
44469,8/2016,0437,2.75%,50145,Nominal,9950,250,0,0,9700
44469,7/2020,0541,1.7500000000000002E-2,51636,Nominal,5850,150,0,0,5700
44469,9/2021,0551,2.75E-2,55288,Nominal,3150,150,0,0,3000
44469,10/2012,0925,2.00%,45920,Inflation-Indexed,5450,250,0,0,5200
44469,10/2013,0930,3.00%,47746,Inflation-Indexed,4450,250,0,0,4200
44469,11/2014,0935,2.50%,49572,Inflation-Indexed,4550,250,0,0,4300
44469,3/2017,0440,2.5000000000000001E-2,51399,Inflation-Indexed,5200,250,0,0,4950
44500,6/2011,0423,5.50%,45031,Nominal,16195,250,0,0,15945
44500,6/2020,0524,5.0000000000000001E-3,45427,Nominal,13150,150,0,0,13000
44500,4/2016,0425,2.75%,45762,Nominal,13700,250,0,0,13450
44500,2/2021,0526,5.0000000000000001E-3,46157,Nominal,5350,150,0,0,5200
44500,7/2014,0427,4.50%,46492,Nominal,12150,250,0,0,11900
44500,10/2020,0528,2.5000000000000001E-3,46888,Nominal,5950,150,0,0,5800
44500,3/2018,0429,0.03,47228,Nominal,14050,250,0,0,13800
44500,9/2019,0531,1.4999999999999999E-2,47983,Nominal,11250,150,0,0,11100
44500,6/2021,0532,0.02,48349,Nominal,2800,150,0,0,2650
44500,10/2015,0433,3.50%,48683,Nominal,8500,250,0,0,8250
44500,8/2016,0437,2.75%,50145,Nominal,10050,250,0,0,9800
44500,7/2020,0541,1.7500000000000002E-2,51636,Nominal,6050,150,0,0,5900
44500,9/2021,0551,2.75E-2,55288,Nominal,3150,150,0,0,3000
44500,10/2012,0925,2.00%,45920,Inflation-Indexed,5450,250,0,0,5200
44500,10/2013,0930,3.00%,47746,Inflation-Indexed,4450,250,0,0,4200
44500,11/2014,0935,2.50%,49572,Inflation-Indexed,4550,250,0,0,4300
44500,3/2017,0440,2.5000000000000001E-2,51399,Inflation-Indexed,5200,250,0,0,4950
44530,6/2011,0423,5.50%,45031,Nominal,16195,250,0,0,15945
44530,6/2020,0524,5.0000000000000001E-3,45427,Nominal,13550,150,0,0,13400
44530,4/2016,0425,2.75%,45762,Nominal,13700,250,0,0,13450
44530,2/2021,0526,5.0000000000000001E-3,46157,Nominal,5950,150,0,0,5800
44530,7/2014,0427,4.50%,46492,Nominal,12150,250,0,0,11900
44530,10/2020,0528,2.5000000000000001E-3,46888,Nominal,5950,150,0,0,5800
44530,3/2018,0429,0.03,47228,Nominal,14050,250,0,0,13800
44530,9/2019,0531,1.4999999999999999E-2,47983,Nominal,11850,150,0,0,11700
44530,6/2021,0532,0.02,48349,Nominal,3200,150,0,0,3050
44530,10/2015,0433,3.50%,48683,Nominal,8500,250,0,0,8250
44530,8/2016,0437,2.75%,50145,Nominal,10350,250,0,0,10100
44530,7/2020,0541,1.7500000000000002E-2,51636,Nominal,6250,150,0,0,6100
44530,9/2021,0551,2.75E-2,55288,Nominal,3150,150,0,0,3000
44530,10/2012,0925,2.00%,45920,Inflation-Indexed,5450,250,0,0,5200
44530,10/2013,0930,3.00%,47746,Inflation-Indexed,4450,250,0,0,4200
44530,11/2014,0935,2.50%,49572,Inflation-Indexed,4550,250,0,0,4300
44530,3/2017,0440,2.5000000000000001E-2,51399,Inflation-Indexed,5200,250,0,0,4950
44561,6/2011,0423,5.50%,45031,Nominal,16195,250,0,0,15945
44561,6/2020,0524,5.0000000000000001E-3,45427,Nominal,13950,150,0,0,13800
44561,4/2016,0425,2.75%,45762,Nominal,13700,250,0,0,13450
44561,2/2021,0526,5.0000000000000001E-3,46157,Nominal,6150,150,0,0,6000
44561,7/2014,0427,4.50%,46492,Nominal,12150,250,0,0,11900
44561,10/2020,0528,2.5000000000000001E-3,46888,Nominal,5950,150,0,0,5800
44561,3/2018,0429,0.03,47228,Nominal,14050,250,0,0,13800
44561,9/2019,0531,1.4999999999999999E-2,47983,Nominal,12050,150,0,0,11900
44561,6/2021,0532,0.02,48349,Nominal,3600,150,0,0,3450
44561,10/2015,0433,3.50%,48683,Nominal,8500,250,0,0,8250
44561,8/2016,0437,2.75%,50145,Nominal,10350,250,0,0,10100
44561,7/2020,0541,1.7500000000000002E-2,51636,Nominal,6350,150,0,0,6200
44561,9/2021,0551,2.75E-2,55288,Nominal,3350,150,0,0,3200
44561,10/2012,0925,2.00%,45920,Inflation-Indexed,5450,250,0,0,5200
44561,10/2013,0930,3.00%,47746,Inflation-Indexed,4450,250,0,0,4200
44561,11/2014,0935,2.50%,49572,Inflation-Indexed,4550,250,0,0,4300
44561,3/2017,0440,2.5000000000000001E-2,51399,Inflation-Indexed,5200,250,0,0,4950
,,,,,,,,,,
44592,6/2011,0423,5.50%,45031,Nominal,16195,250,0,0,15945
44592,6/2020,0524,5.0000000000000001E-3,45427,Nominal,13950,150,0,0,13800
44592,4/2016,0425,2.75%,45762,Nominal,13700,250,0,0,13450
44592,2/2021,0526,5.0000000000000001E-3,46157,Nominal,6150,150,0,0,6000
44592,7/2014,0427,4.50%,46492,Nominal,12250,250,0,0,12000
44592,10/2020,0528,2.5000000000000001E-3,46888,Nominal,5950,150,0,0,5800
44592,3/2018,0429,0.03,47228,Nominal,14050,250,0,0,13800
44592,9/2019,0531,1.4999999999999999E-2,47983,Nominal,12050,150,0,0,11900
44592,6/2021,0532,0.02,48349,Nominal,3600,150,0,0,3450
44592,10/2015,0433,3.50%,48683,Nominal,8500,250,0,0,8250
44592,8/2016,0437,2.75%,50145,Nominal,10350,250,0,0,10100
44592,7/2020,0541,1.7500000000000002E-2,51636,Nominal,6350,150,0,0,6200
44592,9/2021,0551,2.75E-2,55288,Nominal,3450,150,0,0,3300
44592,10/2012,0925,2.00%,45920,Inflation-Indexed,5450,250,0,0,5200
44592,10/2013,0930,3.00%,47746,Inflation-Indexed,4450,250,0,0,4200
44592,11/2014,0935,2.50%,49572,Inflation-Indexed,4550,250,0,0,4300
44592,3/2017,0440,2.5000000000000001E-2,51399,Inflation-Indexed,5200,250,0,0,4950
44620,6/2011,0423,5.50%,45031,Nominal,16195,250,0,0,15945
44620,6/2020,0524,5.0000000000000001E-3,45427,Nominal,13950,150,0,0,13800
44620,4/2016,0425,2.75%,45762,Nominal,13700,250,0,0,13450
44620,2/2021,0526,5.0000000000000001E-3,46157,Nominal,6150,150,0,0,6000
44620,7/2014,0427,4.50%,46492,Nominal,12450,250,0,0,12200
44620,10/2020,0528,2.5000000000000001E-3,46888,Nominal,5950,150,0,0,5800
44620,3/2018,0429,0.03,47228,Nominal,14050,250,0,0,13800
44620,9/2019,0531,1.4999999999999999E-2,47983,Nominal,12050,150,0,0,11900
44620,6/2021,0532,0.02,48349,Nominal,3800,150,0,0,3650
44620,10/2015,0433,3.50%,48683,Nominal,8500,250,0,0,8250
44620,8/2016,0437,2.75%,50145,Nominal,10450,250,0,0,10200
44620,7/2020,0541,1.7500000000000002E-2,51636,Nominal,6450,150,0,0,6300
44620,9/2021,0551,2.75E-2,55288,Nominal,3650,150,0,0,3500
44620,10/2012,0925,2.00%,45920,Inflation-Indexed,5450,250,0,0,5200
44620,10/2013,0930,3.00%,47746,Inflation-Indexed,4450,250,0,0,4200
44620,11/2014,0935,2.50%,49572,Inflation-Indexed,4550,250,0,0,4300
44620,3/2017,0440,2.5000000000000001E-2,51399,Inflation-Indexed,5200,250,0,0,4950
44651,6/2011,0423,5.50%,45031,Nominal,16195,250,0,0,15945
44651,6/2020,0524,5.0000000000000001E-3,45427,Nominal,13950,150,0,0,13800
44651,4/2016,0425,2.75%,45762,Nominal,13700,250,0,0,13450
44651,2/2021,0526,5.0000000000000001E-3,46157,Nominal,6150,150,0,0,6000
44651,7/2014,0427,4.50%,46492,Nominal,12650,250,0,0,12400
44651,10/2020,0528,2.5000000000000001E-3,46888,Nominal,6150,150,0,0,6000
44651,3/2018,0429,0.03,47228,Nominal,14050,250,0,0,13800
44651,9/2019,0531,1.4999999999999999E-2,47983,Nominal,12050,150,0,0,11900
44651,6/2021,0532,0.02,48349,Nominal,4100,150,0,0,3950
44651,10/2015,0433,3.50%,48683,Nominal,8500,250,0,0,8250
44651,8/2016,0437,2.75%,50145,Nominal,10550,250,0,0,10300
44651,7/2020,0541,1.7500000000000002E-2,51636,Nominal,6450,150,0,0,6300
44651,9/2021,0551,2.75E-2,55288,Nominal,3850,150,0,0,3700
44651,10/2012,0925,2.00%,45920,Inflation-Indexed,5450,250,0,0,5200
44651,10/2013,0930,3.00%,47746,Inflation-Indexed,4530,250,0,0,4280
44651,11/2014,0935,2.50%,49572,Inflation-Indexed,4550,250,0,0,4300
44651,3/2017,0440,2.5000000000000001E-2,51399,Inflation-Indexed,5200,250,0,0,4950
44681,6/2011,0423,5.50%,45031,Nominal,16195,250,0,0,15945
44681,6/2020,0524,5.0000000000000001E-3,45427,Nominal,13950,150,0,0,13800
44681,4/2016,0425,2.75%,45762,Nominal,13800,250,0,0,13550
44681,2/2021,0526,5.0000000000000001E-3,46157,Nominal,6150,150,0,0,6000
44681,7/2014,0427,4.50%,46492,Nominal,12850,250,0,0,12600
44681,10/2020,0528,2.5000000000000001E-3,46888,Nominal,6150,150,0,0,6000
44681,3/2018,0429,0.03,47228,Nominal,14050,250,0,0,13800
44681,9/2019,0531,1.4999999999999999E-2,47983,Nominal,12050,150,0,0,11900
44681,6/2021,0532,0.02,48349,Nominal,4200,150,0,0,4050
44681,10/2015,0433,3.50%,48683,Nominal,8500,250,0,0,8250
44681,8/2016,0437,2.75%,50145,Nominal,10550,250,0,0,10300
44681,7/2020,0541,1.7500000000000002E-2,51636,Nominal,6450,150,0,0,6300
44681,9/2021,0551,2.75E-2,55288,Nominal,4050,150,0,0,3900
44681,10/2012,0925,2.00%,45920,Inflation-Indexed,5450,250,0,0,5200
44681,10/2013,0930,3.00%,47746,Inflation-Indexed,4530,250,0,0,4280
44681,11/2014,0935,2.50%,49572,Inflation-Indexed,4550,250,0,0,4300
44681,3/2017,0440,2.5000000000000001E-2,51399,Inflation-Indexed,5200,250,0,0,4950
,,,,,,,,,,
44712,6/2011,0423,5.50%,45031,Nominal,16195,250,0,0,15945
44712,6/2020,0524,5.0000000000000001E-3,45427,Nominal,13950,150,0,0,13800
44712,4/2016,0425,2.75%,45762,Nominal,14100,250,0,0,13850
44712,2/2021,0526,5.0000000000000001E-3,46157,Nominal,6150,150,0,0,6000
44712,7/2014,0427,4.50%,46492,Nominal,13050,250,0,0,12800
44712,10/2020,0528,2.5000000000000001E-3,46888,Nominal,6150,150,0,0,6000
44712,3/2018,0429,0.03,47228,Nominal,14050,250,0,0,13800
44712,9/2019,0531,1.4999999999999999E-2,47983,Nominal,12050,150,0,0,11900
44712,6/2021,0532,0.02,48349,Nominal,4500,150,0,0,4350
44712,10/2015,0433,3.50%,48683,Nominal,8500,250,0,0,8250
44712,8/2016,0437,2.75%,50145,Nominal,10550,250,0,0,10300
44712,7/2020,0541,1.7500000000000002E-2,51636,Nominal,6450,150,0,0,6300
44712,9/2021,0551,2.75E-2,55288,Nominal,4250,150,0,0,4100
44712,10/2012,0925,2.00%,45920,Inflation-Indexed,5450,250,0,0,5200
44712,10/2013,0930,3.00%,47746,Inflation-Indexed,4530,250,0,0,4280
44712,11/2014,0935,2.50%,49572,Inflation-Indexed,4550,250,0,0,4300
44712,3/2017,0440,2.5000000000000001E-2,51399,Inflation-Indexed,5250,250,0,0,5000
44742,6/2011,0423,5.50%,45031,Nominal,16195,250,0,0,15945
44742,6/2020,0524,5.0000000000000001E-3,45427,Nominal,13950,150,0,0,13800
44742,4/2016,0425,2.75%,45762,Nominal,14300,250,0,0,14050
44742,2/2021,0526,5.0000000000000001E-3,46157,Nominal,6150,150,0,0,6000
44742,7/2014,0427,4.50%,46492,Nominal,13250,250,0,0,13000
44742,10/2020,0528,2.5000000000000001E-3,46888,Nominal,6150,150,0,0,6000
44742,3/2018,0429,0.03,47228,Nominal,14050,250,0,0,13800
44742,9/2019,0531,1.4999999999999999E-2,47983,Nominal,12050,150,0,0,11900
44742,6/2021,0532,0.02,48349,Nominal,4700,150,0,0,4550
44742,10/2015,0433,3.50%,48683,Nominal,8500,250,0,0,8250
44742,8/2016,0437,2.75%,50145,Nominal,10550,250,0,0,10300
44742,7/2020,0541,1.7500000000000002E-2,51636,Nominal,6450,150,0,0,6300
44742,9/2021,0551,2.75E-2,55288,Nominal,4450,150,0,0,4300
44742,10/2012,0925,2.00%,45920,Inflation-Indexed,5450,250,0,0,5200
44742,10/2013,0930,3.00%,47746,Inflation-Indexed,4530,250,0,0,4280
44742,11/2014,0935,2.50%,49572,Inflation-Indexed,4550,250,0,0,4300
44742,3/2017,0440,2.5000000000000001E-2,51399,Inflation-Indexed,5280,250,0,0,5030
44773,6/2011,0423,5.50%,45031,Nominal,16195,250,0,0,15945
44773,6/2020,0524,5.0000000000000001E-3,45427,Nominal,13950,150,0,0,13800
44773,4/2016,0425,2.75%,45762,Nominal,14300,250,0,0,14050
44773,2/2021,0526,5.0000000000000001E-3,46157,Nominal,6550,150,0,0,6400
44773,7/2014,0427,4.50%,46492,Nominal,13550,250,0,0,13300
44773,10/2020,0528,2.5000000000000001E-3,46888,Nominal,6150,150,0,0,6000
44773,3/2018,0429,0.03,47228,Nominal,14350,250,0,0,14100
44773,9/2019,0531,1.4999999999999999E-2,47983,Nominal,12050,150,0,0,11900
44773,6/2021,0532,0.02,48349,Nominal,4700,150,0,0,4550
44773,10/2015,0433,3.50%,48683,Nominal,8650,250,0,0,8400
44773,8/2016,0437,2.75%,50145,Nominal,10600,250,0,0,10350
44773,7/2020,0541,1.7500000000000002E-2,51636,Nominal,6035,150,0,0,5885
44773,9/2021,0551,2.75E-2,55288,Nominal,4650,150,0,0,4500
44773,10/2012,0925,2.00%,45920,Inflation-Indexed,5450,250,0,0,5200
44773,10/2013,0930,3.00%,47746,Inflation-Indexed,4530,250,0,0,4280
44773,11/2014,0935,2.50%,49572,Inflation-Indexed,4550,250,0,0,4300
44773,3/2017,0440,2.5000000000000001E-2,51399,Inflation-Indexed,5310,250,0,0,5060
44804,6/2011,0423,5.50%,45031,Nominal,16195,250,0,0,15945
44804,6/2020,0524,5.0000000000000001E-3,45427,Nominal,13950,150,0,0,13800
44804,4/2016,0425,2.75%,45762,Nominal,14300,250,0,0,14050
44804,2/2021,0526,5.0000000000000001E-3,46157,Nominal,6950,150,0,0,6800
44804,7/2014,0427,4.50%,46492,Nominal,13950,250,0,0,13700
44804,10/2020,0528,2.5000000000000001E-3,46888,Nominal,6150,150,0,0,6000
44804,3/2018,0429,0.03,47228,Nominal,14650,250,0,0,14400
44804,9/2019,0531,1.4999999999999999E-2,47983,Nominal,12050,150,0,0,11900
44804,6/2021,0532,0.02,48349,Nominal,4850,150,0,0,4700
44804,10/2015,0433,3.50%,48683,Nominal,8800,250,0,0,8550
44804,8/2016,0437,2.75%,50145,Nominal,10700,250,0,0,10450
44804,7/2020,0541,1.7500000000000002E-2,51636,Nominal,5620,150,0,0,5470
44804,9/2021,0551,2.75E-2,55288,Nominal,4750,150,0,0,4600
44804,10/2012,0925,2.00%,45920,Inflation-Indexed,3950,250,0,0,3700
44804,10/2013,0930,3.00%,47746,Inflation-Indexed,4590,250,0,0,4340
44804,11/2014,0935,2.50%,49572,Inflation-Indexed,7050,250,0,0,6800
44804,3/2017,0440,2.5000000000000001E-2,51399,Inflation-Indexed,5310,250,0,0,5060
,,,,,,,,,,
44834,6/2011,0423,5.50%,45031,Nominal,16195,250,0,0,15945
44834,6/2020,0524,5.0000000000000001E-3,45427,Nominal,13950,150,0,0,13800
44834,4/2016,0425,2.75%,45762,Nominal,14300,250,0,0,14050
44834,2/2021,0526,5.0000000000000001E-3,46157,Nominal,7350,150,0,0,7200
44834,7/2014,0427,4.50%,46492,Nominal,14350,250,0,0,14100
44834,10/2020,0528,2.5000000000000001E-3,46888,Nominal,6150,150,0,0,6000
44834,3/2018,0429,0.03,47228,Nominal,14950,250,0,0,14700
44834,9/2019,0531,1.4999999999999999E-2,47983,Nominal,12050,150,0,0,11900
44834,6/2021,0532,0.02,48349,Nominal,5250,250,0,0,5000
44834,10/2015,0433,3.50%,48683,Nominal,8800,250,0,0,8550
44834,8/2016,0437,2.75%,50145,Nominal,10700,250,0,0,10450
44834,7/2020,0541,1.7500000000000002E-2,51636,Nominal,5305,150,0,0,5155
44834,9/2021,0551,2.75E-2,55288,Nominal,4950,250,0,0,4700
44834,10/2012,0925,2.00%,45920,Inflation-Indexed,3950,250,0,0,3700
44834,10/2013,0930,3.00%,47746,Inflation-Indexed,4590,250,0,0,4340
44834,11/2014,0935,2.50%,49572,Inflation-Indexed,7050,250,0,0,6800
44834,3/2017,0440,2.5000000000000001E-2,51399,Inflation-Indexed,5310,250,0,0,5060
44865,6/2011,0423,5.50%,45031,Nominal,16195,250,0,0,15945
44865,6/2020,0524,5.0000000000000001E-3,45427,Nominal,13950,150,0,0,13800
44865,4/2016,0425,2.75%,45762,Nominal,14500,250,0,0,14250
44865,2/2021,0526,5.0000000000000001E-3,46157,Nominal,7350,150,0,0,7200
44865,7/2014,0427,4.50%,46492,Nominal,14550,250,0,0,14300
44865,10/2020,0528,2.5000000000000001E-3,46888,Nominal,6550,150,0,0,6400
44865,3/2018,0429,0.03,47228,Nominal,14950,250,0,0,14700
44865,9/2019,0531,1.4999999999999999E-2,47983,Nominal,12050,150,0,0,11900
44865,6/2021,0532,0.02,48349,Nominal,5550,250,0,0,5300
44865,10/2015,0433,3.50%,48683,Nominal,9100,250,0,0,8850
44865,8/2016,0437,2.75%,50145,Nominal,10700,250,0,0,10450
44865,7/2020,0541,1.7500000000000002E-2,51636,Nominal,4990,150,0,0,4840
44865,9/2021,0551,2.75E-2,55288,Nominal,5050,250,0,0,4800
44865,10/2012,0925,2.00%,45920,Inflation-Indexed,3950,250,0,0,3700
44865,10/2013,0930,3.00%,47746,Inflation-Indexed,4590,250,0,0,4340
44865,11/2014,0935,2.50%,49572,Inflation-Indexed,7050,250,0,0,6800
44865,3/2017,0440,2.5000000000000001E-2,51399,Inflation-Indexed,5310,250,0,0,5060
44895,6/2011,0423,5.50%,45031,Nominal,16195,250,0,0,15945
44895,6/2020,0524,5.0000000000000001E-3,45427,Nominal,13950,150,0,0,13800
44895,4/2016,0425,2.75%,45762,Nominal,15100,250,0,0,14850
44895,2/2021,0526,5.0000000000000001E-3,46157,Nominal,7350,150,0,0,7200
44895,7/2014,0427,4.50%,46492,Nominal,14550,250,0,0,14300
44895,10/2020,0528,2.5000000000000001E-3,46888,Nominal,6750,150,0,0,6600
44895,3/2018,0429,0.03,47228,Nominal,14950,250,0,0,14700
44895,9/2019,0531,1.4999999999999999E-2,47983,Nominal,12050,150,0,0,11900
44895,6/2021,0532,0.02,48349,Nominal,6000,250,0,0,5750
44895,10/2015,0433,3.50%,48683,Nominal,9250,250,0,0,9000
44895,11/2022,0534,4.2500000000000003E-2,49079,Nominal,3150,150,0,0,3000
44895,8/2016,0437,2.75%,50145,Nominal,10800,250,0,0,10550
44895,7/2020,0541,1.7500000000000002E-2,51636,Nominal,4625,150,0,0,4475
44895,9/2021,0551,2.75E-2,55288,Nominal,5100,250,0,0,4850
44895,10/2012,0925,2.00%,45920,Inflation-Indexed,3950,250,0,0,3700
44895,10/2013,0930,3.00%,47746,Inflation-Indexed,4650,250,0,0,4400
44895,11/2014,0935,2.50%,49572,Inflation-Indexed,7050,250,0,0,6800
44895,3/2017,0440,2.5000000000000001E-2,51399,Inflation-Indexed,5310,250,0,0,5060
44926,6/2011,0423,5.50%,45031,Nominal,16195,250,0,0,15945
44926,6/2020,0524,5.0000000000000001E-3,45427,Nominal,13950,150,0,0,13800
44926,4/2016,0425,2.75%,45762,Nominal,15100,250,0,0,14850
44926,2/2021,0526,5.0000000000000001E-3,46157,Nominal,7350,150,0,0,7200
44926,7/2014,0427,4.50%,46492,Nominal,14850,250,0,0,14600
44926,10/2020,0528,2.5000000000000001E-3,46888,Nominal,6900,150,0,0,6750
44926,3/2018,0429,0.03,47228,Nominal,14950,250,0,0,14700
44926,9/2019,0531,1.4999999999999999E-2,47983,Nominal,12050,150,0,0,11900
44926,6/2021,0532,0.02,48349,Nominal,6200,250,0,0,5950
44926,10/2015,0433,3.50%,48683,Nominal,9639,250,0,0,9389
44926,11/2022,0534,4.2500000000000003E-2,49079,Nominal,3150,150,0,0,3000
44926,8/2016,0437,2.75%,50145,Nominal,10850,250,0,0,10600
44926,7/2020,0541,1.7500000000000002E-2,51636,Nominal,4600,150,0,0,4450
44926,9/2021,0551,2.75E-2,55288,Nominal,5200,250,0,0,4950
44926,10/2012,0925,2.00%,45920,Inflation-Indexed,3950,250,0,0,3700
44926,10/2013,0930,3.00%,47746,Inflation-Indexed,4650,250,0,0,4400
44926,11/2014,0935,2.50%,49572,Inflation-Indexed,7050,250,0,0,6800
44926,3/2017,0440,2.5000000000000001E-2,51399,Inflation-Indexed,4920,250,0,0,4670
44957,6/2011,0423,5.50%,45031,Nominal,16195,250,0,0,15945
44957,6/2020,0524,5.0000000000000001E-3,45427,Nominal,13950,150,0,0,13800
44957,4/2016,0425,2.75%,45762,Nominal,15100,250,0,0,14850
44957,2/2021,0526,5.0000000000000001E-3,46157,Nominal,7350,150,0,0,7200
44957,7/2014,0427,4.50%,46492,Nominal,15050,250,0,0,14800
44957,10/2020,0528,2.5000000000000001E-3,46888,Nominal,7100,150,0,0,6950
44957,3/2018,0429,0.03,47228,Nominal,14950,250,0,0,14700
44957,9/2019,0531,1.4999999999999999E-2,47983,Nominal,12050,150,0,0,11900
44957,6/2021,0532,0.02,48349,Nominal,6350,250,0,0,6100
44957,10/2015,0433,3.50%,48683,Nominal,9789,250,0,0,9539
44957,11/2022,0534,4.2500000000000003E-2,49079,Nominal,3150,150,0,0,3000
44957,8/2016,0437,2.75%,50145,Nominal,10625,250,0,0,10375
44957,7/2020,0541,1.7500000000000002E-2,51636,Nominal,4750,250,0,0,4500
44957,9/2021,0551,2.75E-2,55288,Nominal,5250,250,0,0,5000
44957,10/2012,0925,2.00%,45920,Inflation-Indexed,3950,250,0,0,3700
44957,10/2013,0930,3.00%,47746,Inflation-Indexed,4650,250,0,0,4400
44957,11/2014,0935,2.50%,49572,Inflation-Indexed,7050,250,0,0,6800
44957,3/2017,0440,2.5000000000000001E-2,51399,Inflation-Indexed,4730,250,0,0,4480
44985,6/2011,0423,5.50%,45031,Nominal,16195,250,0,0,15945
44985,6/2020,0524,5.0000000000000001E-3,45427,Nominal,13950,150,0,0,13800
44985,4/2016,0425,2.75%,45762,Nominal,15100,250,0,0,14850
44985,2/2021,0526,5.0000000000000001E-3,46157,Nominal,7350,150,0,0,7200
44985,7/2014,0427,4.50%,46492,Nominal,15438,250,0,0,15188
44985,10/2020,0528,2.5000000000000001E-3,46888,Nominal,7500,150,0,0,7350
44985,3/2018,0429,0.03,47228,Nominal,14950,250,0,0,14700
44985,9/2019,0531,1.4999999999999999E-2,47983,Nominal,12050,150,0,0,11900
44985,6/2021,0532,0.02,48349,Nominal,6350,250,0,0,6100
44985,10/2015,0433,3.50%,48683,Nominal,10089,250,0,0,9839
44985,11/2022,0534,4.2500000000000003E-2,49079,Nominal,3450,150,0,0,3300
44985,8/2016,0437,2.75%,50145,Nominal,10310,250,0,0,10060
44985,7/2020,0541,1.7500000000000002E-2,51636,Nominal,4750,250,0,0,4500
44985,9/2021,0551,2.75E-2,55288,Nominal,5350,250,0,0,5100
44985,10/2012,0925,2.00%,45920,Inflation-Indexed,3950,250,0,0,3700
44985,10/2013,0930,3.00%,47746,Inflation-Indexed,4650,250,0,0,4400
44985,11/2014,0935,2.50%,49572,Inflation-Indexed,7050,250,0,0,6800
44985,3/2017,0440,2.5000000000000001E-2,51399,Inflation-Indexed,4730,250,0,0,4480
45016,6/2011,0423,5.50%,45031,Nominal,16195,250,0,0,15945
45016,6/2020,0524,5.0000000000000001E-3,45427,Nominal,13950,150,0,0,13800
45016,4/2016,0425,2.75%,45762,Nominal,15100,250,0,0,14850
45016,2/2021,0526,5.0000000000000001E-3,46157,Nominal,7350,150,0,0,7200
45016,7/2014,0427,4.50%,46492,Nominal,15638,250,0,0,15388
45016,10/2020,0528,2.5000000000000001E-3,46888,Nominal,7900,150,0,0,7750
45016,3/2018,0429,0.03,47228,Nominal,14950,250,0,0,14700
45016,3/2023,0530,4.4999999999999998E-2,47618,Nominal,4150,150,0,0,4000
45016,9/2019,0531,1.4999999999999999E-2,47983,Nominal,12050,150,0,0,11900
45016,6/2021,0532,0.02,48349,Nominal,6500,250,0,0,6250
45016,10/2015,0433,3.50%,48683,Nominal,10389,250,0,0,10139
45016,11/2022,0534,4.2500000000000003E-2,49079,Nominal,3450,150,0,0,3300
45016,8/2016,0437,2.75%,50145,Nominal,9945,250,0,0,9695
45016,7/2020,0541,1.7500000000000002E-2,51636,Nominal,4750,250,0,0,4500
45016,9/2021,0551,2.75E-2,55288,Nominal,5450,250,0,0,5200
45016,10/2012,0925,2.00%,45920,Inflation-Indexed,3950,250,0,0,3700
45016,10/2013,0930,3.00%,47746,Inflation-Indexed,4650,250,0,0,4400
45016,11/2014,0935,2.50%,49572,Inflation-Indexed,7050,250,0,0,6800
45016,3/2017,0440,2.5000000000000001E-2,51399,Inflation-Indexed,4730,250,0,0,4480
45046,6/2020,0524,5.0000000000000001E-3,45427,Nominal,13950,150,0,0,13800
45046,4/2016,0425,2.75%,45762,Nominal,15100,250,0,0,14850
45046,2/2021,0526,5.0000000000000001E-3,46157,Nominal,7750,150,0,0,7600
45046,7/2014,0427,4.50%,46492,Nominal,15638,250,0,0,15388
45046,10/2020,0528,2.5000000000000001E-3,46888,Nominal,8300,150,0,0,8150
45046,3/2018,0429,0.03,47228,Nominal,14950,250,0,0,14700
45046,3/2023,0530,4.4999999999999998E-2,47618,Nominal,4150,150,0,0,4000
45046,9/2019,0531,1.4999999999999999E-2,47983,Nominal,12050,150,0,0,11900
45046,6/2021,0532,0.02,48349,Nominal,6500,250,0,0,6250
45046,10/2015,0433,3.50%,48683,Nominal,10689,250,0,0,10439
45046,11/2022,0534,4.2500000000000003E-2,49079,Nominal,3750,150,0,0,3600
45046,8/2016,0437,2.75%,50145,Nominal,9530,250,0,0,9280
45046,7/2020,0541,1.7500000000000002E-2,51636,Nominal,4850,250,0,0,4600
45046,9/2021,0551,2.75E-2,55288,Nominal,5550,250,0,0,5300
45046,10/2012,0925,2.00%,45920,Inflation-Indexed,3950,250,0,0,3700
45046,10/2013,0930,3.00%,47746,Inflation-Indexed,4650,250,0,0,4400
45046,11/2014,0935,2.50%,49572,Inflation-Indexed,7050,250,0,0,6800
45046,3/2017,0440,2.5000000000000001E-2,51399,Inflation-Indexed,4730,250,0,0,4480
45077,6/2020,0524,5.0000000000000001E-3,45427,Nominal,13950,150,0,0,13800
45077,4/2016,0425,2.75%,45762,Nominal,15100,250,0,0,14850
45077,2/2021,0526,5.0000000000000001E-3,46157,Nominal,8150,150,0,0,8000
45077,7/2014,0427,4.50%,46492,Nominal,15638,250,0,0,15388
45077,10/2020,0528,2.5000000000000001E-3,46888,Nominal,8900,150,0,0,8750
45077,3/2018,0429,0.03,47228,Nominal,14950,250,0,0,14700
45077,3/2023,0530,4.4999999999999998E-2,47618,Nominal,4150,150,0,0,4000
45077,9/2019,0531,1.4999999999999999E-2,47983,Nominal,12050,150,0,0,11900
45077,6/2021,0532,0.02,48349,Nominal,6800,250,0,0,6550
45077,10/2015,0433,3.50%,48683,Nominal,11139,250,0,0,10889
45077,11/2022,0534,4.2500000000000003E-2,49079,Nominal,3750,150,0,0,3600
45077,8/2016,0437,2.75%,50145,Nominal,9115,250,0,0,8865
45077,7/2020,0541,1.7500000000000002E-2,51636,Nominal,4950,250,0,0,4700
45077,9/2021,0551,2.75E-2,55288,Nominal,5700,250,0,0,5450
45077,10/2012,0925,2.00%,45920,Inflation-Indexed,3950,250,0,0,3700
45077,10/2013,0930,3.00%,47746,Inflation-Indexed,4680,250,0,0,4430
45077,11/2014,0935,2.50%,49572,Inflation-Indexed,7080,250,0,0,6830
45077,3/2017,0440,2.5000000000000001E-2,51399,Inflation-Indexed,4730,250,0,0,4480
45107,6/2020,0524,5.0000000000000001E-3,45427,Nominal,13950,150,0,0,13800
45107,4/2016,0425,2.75%,45762,Nominal,15100,250,0,0,14850
45107,2/2021,0526,5.0000000000000001E-3,46157,Nominal,8150,150,0,0,8000
45107,7/2014,0427,4.50%,46492,Nominal,15638,250,0,0,15388
45107,10/2020,0528,2.5000000000000001E-3,46888,Nominal,9300,150,0,0,9150
45107,3/2018,0429,0.03,47228,Nominal,14950,250,0,0,14700
45107,3/2023,0530,4.4999999999999998E-2,47618,Nominal,4550,150,0,0,4400
45107,9/2019,0531,1.4999999999999999E-2,47983,Nominal,12050,150,0,0,11900
45107,6/2021,0532,0.02,48349,Nominal,6800,250,0,0,6550
45107,10/2015,0433,3.50%,48683,Nominal,11439,250,0,0,11189
45107,11/2022,0534,4.2500000000000003E-2,49079,Nominal,4050,150,0,0,3900
45107,8/2016,0437,2.75%,50145,Nominal,8780,250,0,0,8530
45107,7/2020,0541,1.7500000000000002E-2,51636,Nominal,4950,250,0,0,4700
45107,9/2021,0551,2.75E-2,55288,Nominal,5800,250,0,0,5550
45107,10/2012,0925,2.00%,45920,Inflation-Indexed,3950,250,0,0,3700
45107,10/2013,0930,3.00%,47746,Inflation-Indexed,4680,250,0,0,4430
45107,11/2014,0935,2.50%,49572,Inflation-Indexed,7080,250,0,0,6830
45107,3/2017,0440,2.5000000000000001E-2,51399,Inflation-Indexed,4730,250,0,0,4480
45138,6/2020,0524,5.0000000000000001E-3,45427,Nominal,13950,150,0,0,13800
45138,4/2016,0425,2.75%,45762,Nominal,15100,250,0,0,14850
45138,2/2021,0526,5.0000000000000001E-3,46157,Nominal,8400,150,0,0,8250
45138,7/2014,0427,4.50%,46492,Nominal,15638,250,0,0,15388
45138,10/2020,0528,2.5000000000000001E-3,46888,Nominal,9825,250,0,0,9575
45138,3/2018,0429,0.03,47228,Nominal,14950,250,0,0,14700
45138,3/2023,0530,4.4999999999999998E-2,47618,Nominal,4650,250,0,0,4400
45138,9/2019,0531,1.4999999999999999E-2,47983,Nominal,12300,250,0,0,12050
45138,6/2021,0532,0.02,48349,Nominal,7025,250,0,0,6775
45138,10/2015,0433,3.50%,48683,Nominal,16439,250,0,0,16189
45138,11/2022,0534,4.2500000000000003E-2,49079,Nominal,4300,250,0,0,4050
45138,8/2016,0437,2.75%,50145,Nominal,8415,250,0,0,8165
45138,7/2020,0541,1.7500000000000002E-2,51636,Nominal,4950,250,0,0,4700
45138,9/2021,0551,2.75E-2,55288,Nominal,5950,250,0,0,5700
45138,10/2012,0925,2.00%,45920,Inflation-Indexed,3950,250,0,0,3700
45138,10/2013,0930,3.00%,47746,Inflation-Indexed,4680,250,0,0,4430
45138,11/2014,0935,2.50%,49572,Inflation-Indexed,7080,250,0,0,6830
45138,3/2017,0440,2.5000000000000001E-2,51399,Inflation-Indexed,4730,250,0,0,4480
45169,6/2020,0524,5.0000000000000001E-3,45427,Nominal,13950,150,0,0,13800
45169,4/2016,0425,2.75%,45762,Nominal,15100,250,0,0,14850
45169,2/2021,0526,5.0000000000000001E-3,46157,Nominal,8900,150,0,0,8750
45169,7/2014,0427,4.50%,46492,Nominal,15888,250,0,0,15638
45169,10/2020,0528,2.5000000000000001E-3,46888,Nominal,10075,250,0,0,9825
45169,3/2018,0429,0.03,47228,Nominal,15225,250,0,0,14975
45169,3/2023,0530,4.4999999999999998E-2,47618,Nominal,4650,250,0,0,4400
45169,9/2019,0531,1.4999999999999999E-2,47983,Nominal,12525,250,0,0,12275
45169,6/2021,0532,0.02,48349,Nominal,7325,250,0,0,7075
45169,10/2015,0433,3.50%,48683,Nominal,16439,250,0,0,16189
45169,11/2022,0534,4.2500000000000003E-2,49079,Nominal,4625,250,0,0,4375
45169,8/2016,0437,2.75%,50145,Nominal,8075,250,0,0,7825
45169,7/2020,0541,1.7500000000000002E-2,51636,Nominal,5025,250,0,0,4775
45169,9/2021,0551,2.75E-2,55288,Nominal,6175,250,0,0,5925
45169,10/2012,0925,2.00%,45920,Inflation-Indexed,3950,250,0,0,3700
45169,10/2013,0930,3.00%,47746,Inflation-Indexed,4680,250,0,0,4430
45169,11/2014,0935,2.50%,49572,Inflation-Indexed,7080,250,0,0,6830
45169,3/2017,0440,2.5000000000000001E-2,51399,Inflation-Indexed,4730,250,0,0,4480
45199,6/2020,0524,5.0000000000000001E-3,45427,Nominal,13950,150,0,0,13800
45199,4/2016,0425,2.75%,45762,Nominal,15100,250,0,0,14850
45199,2/2021,0526,5.0000000000000001E-3,46157,Nominal,9100,150,0,0,8950
45199,7/2014,0427,4.50%,46492,Nominal,15988,350,0,0,15638
45199,10/2020,0528,2.5000000000000001E-3,46888,Nominal,10600,350,0,0,10250
45199,3/2018,0429,0.03,47228,Nominal,15325,350,0,0,14975
45199,3/2023,0530,4.4999999999999998E-2,47618,Nominal,4975,350,0,0,4625
45199,9/2019,0531,1.4999999999999999E-2,47983,Nominal,13000,350,0,0,12650
45199,6/2021,0532,0.02,48349,Nominal,7825,350,0,0,7475
45199,10/2015,0433,3.50%,48683,Nominal,16539,350,0,0,16189
45199,11/2022,0534,4.2500000000000003E-2,49079,Nominal,4725,350,0,0,4375
45199,8/2016,0437,2.75%,50145,Nominal,7860,350,0,0,7510
45199,7/2020,0541,1.7500000000000002E-2,51636,Nominal,5325,350,0,0,4975
45199,9/2021,0551,2.75E-2,55288,Nominal,6350,350,0,0,6000
45199,10/2012,0925,2.00%,45920,Inflation-Indexed,3950,250,0,0,3700
45199,10/2013,0930,3.00%,47746,Inflation-Indexed,4780,350,0,0,4430
45199,11/2014,0935,2.50%,49572,Inflation-Indexed,7210,350,0,0,6860
45199,3/2017,0440,2.5000000000000001E-2,51399,Inflation-Indexed,4830,350,0,0,4480
45230,6/2020,0524,5.0000000000000001E-3,45427,Nominal,13950,150,0,0,13800
45230,4/2016,0425,2.75%,45762,Nominal,15100,250,0,0,14850
45230,2/2021,0526,5.0000000000000001E-3,46157,Nominal,9300,150,0,0,9150
45230,7/2014,0427,4.50%,46492,Nominal,16188,350,0,0,15838
45230,10/2020,0528,2.5000000000000001E-3,46888,Nominal,10825,350,0,0,10475
45230,3/2018,0429,0.03,47228,Nominal,15550,350,0,0,15200
45230,3/2023,0530,4.4999999999999998E-2,47618,Nominal,5175,350,0,0,4825
45230,9/2019,0531,1.4999999999999999E-2,47983,Nominal,13000,350,0,0,12650
45230,6/2021,0532,0.02,48349,Nominal,8050,350,0,0,7700
45230,10/2015,0433,3.50%,48683,Nominal,16964,350,0,0,16614
45230,11/2022,0534,4.2500000000000003E-2,49079,Nominal,5125,350,0,0,4775
45230,8/2016,0437,2.75%,50145,Nominal,7445,350,0,0,7095
45230,7/2020,0541,1.7500000000000002E-2,51636,Nominal,5475,350,0,0,5125
45230,9/2021,0551,2.75E-2,55288,Nominal,6600,350,0,0,6250
45230,10/2012,0925,2.00%,45920,Inflation-Indexed,3950,250,0,0,3700
45230,10/2013,0930,3.00%,47746,Inflation-Indexed,4780,350,0,0,4430
45230,11/2014,0935,2.50%,49572,Inflation-Indexed,7210,350,0,0,6860
45230,3/2017,0440,2.5000000000000001E-2,51399,Inflation-Indexed,4830,350,0,0,4480
45260,6/2020,0524,5.0000000000000001E-3,45427,Nominal,13950,150,0,0,13800
45260,4/2016,0425,2.75%,45762,Nominal,15100,250,0,0,14850
45260,2/2021,0526,5.0000000000000001E-3,46157,Nominal,9300,150,0,0,9150
45260,7/2014,0427,4.50%,46492,Nominal,16188,350,0,0,15838
45260,10/2020,0528,2.5000000000000001E-3,46888,Nominal,10825,350,0,0,10475
45260,3/2018,0429,0.03,47228,Nominal,15975,350,0,0,15625
45260,3/2023,0530,4.4999999999999998E-2,47618,Nominal,5575,350,0,0,5225
45260,9/2019,0531,1.4999999999999999E-2,47983,Nominal,13000,350,0,0,12650
45260,6/2021,0532,0.02,48349,Nominal,8475,350,0,0,8125
45260,10/2015,0433,3.50%,48683,Nominal,17189,350,0,0,16839
45260,11/2022,0534,4.2500000000000003E-2,49079,Nominal,5300,350,0,0,4950
45260,8/2016,0437,2.75%,50145,Nominal,7180,350,0,0,6830
45260,7/2020,0541,1.7500000000000002E-2,51636,Nominal,5475,350,0,0,5125
45260,9/2021,0551,2.75E-2,55288,Nominal,6800,350,0,0,6450
45260,10/2012,0925,2.00%,45920,Inflation-Indexed,3950,250,0,0,3700
45260,10/2013,0930,3.00%,47746,Inflation-Indexed,4780,350,0,0,4430
45260,11/2014,0935,2.50%,49572,Inflation-Indexed,7240,350,0,0,6890
45260,3/2017,0440,2.5000000000000001E-2,51399,Inflation-Indexed,4830,350,0,0,4480
45291,6/2020,0524,5.0000000000000001E-3,45427,Nominal,13950,150,0,0,13800
45291,4/2016,0425,2.75%,45762,Nominal,15100,250,0,0,14850
45291,2/2021,0526,5.0000000000000001E-3,46157,Nominal,9300,150,0,0,9150
45291,7/2014,0427,4.50%,46492,Nominal,16438,350,0,0,16088
45291,10/2020,0528,2.5000000000000001E-3,46888,Nominal,10825,350,0,0,10475
45291,3/2018,0429,0.03,47228,Nominal,15975,350,0,0,15625
45291,3/2023,0530,4.4999999999999998E-2,47618,Nominal,5975,350,0,0,5625
45291,9/2019,0531,1.4999999999999999E-2,47983,Nominal,13200,350,0,0,12850
45291,6/2021,0532,0.02,48349,Nominal,8725,350,0,0,8375
45291,10/2015,0433,3.50%,48683,Nominal,17414,350,0,0,17064
45291,11/2022,0534,4.2500000000000003E-2,49079,Nominal,5300,350,0,0,4950
45291,8/2016,0437,2.75%,50145,Nominal,7062,350,0,0,6712
45291,7/2020,0541,1.7500000000000002E-2,51636,Nominal,5475,350,0,0,5125
45291,9/2021,0551,2.75E-2,55288,Nominal,6925,350,0,0,6575
45291,10/2012,0925,2.00%,45920,Inflation-Indexed,3950,250,0,0,3700
45291,10/2013,0930,3.00%,47746,Inflation-Indexed,4810,350,0,0,4460
45291,11/2014,0935,2.50%,49572,Inflation-Indexed,6993,350,0,0,6643
45291,3/2017,0440,2.5000000000000001E-2,51399,Inflation-Indexed,4830,350,0,0,4480
45322,6/2020,0524,5.0000000000000001E-3,45427,Nominal,13950,150,0,0,13800
45322,4/2016,0425,2.75%,45762,Nominal,15100,250,0,0,14850
45322,2/2021,0526,5.0000000000000001E-3,46157,Nominal,9300,150,0,0,9150
45322,7/2014,0427,4.50%,46492,Nominal,16688,350,0,0,16338
45322,10/2020,0528,2.5000000000000001E-3,46888,Nominal,11100,350,0,0,10750
45322,3/2018,0429,0.03,47228,Nominal,15975,350,0,0,15625
45322,3/2023,0530,4.4999999999999998E-2,47618,Nominal,5975,350,0,0,5625
45322,9/2019,0531,1.4999999999999999E-2,47983,Nominal,13200,350,0,0,12850
45322,6/2021,0532,0.02,48349,Nominal,8725,350,0,0,8375
45322,10/2015,0433,3.50%,48683,Nominal,17329,350,0,0,16979
45322,11/2022,0534,4.2500000000000003E-2,49079,Nominal,5475,350,0,0,5125
45322,8/2016,0437,2.75%,50145,Nominal,7187,350,0,0,6837
45322,7/2020,0541,1.7500000000000002E-2,51636,Nominal,5475,350,0,0,5125
45322,9/2021,0551,2.75E-2,55288,Nominal,6925,350,0,0,6575
45322,10/2012,0925,2.00%,45920,Inflation-Indexed,3950,250,0,0,3700
45322,10/2013,0930,3.00%,47746,Inflation-Indexed,4810,350,0,0,4460
45322,11/2014,0935,2.50%,49572,Inflation-Indexed,6888,350,0,0,6538
45322,3/2017,0440,2.5000000000000001E-2,51399,Inflation-Indexed,4855,350,0,0,4505
45351,6/2020,0524,5.0000000000000001E-3,45427,Nominal,13950,150,0,0,13800
45351,4/2016,0425,2.75%,45762,Nominal,15100,250,0,0,14850
45351,2/2021,0526,5.0000000000000001E-3,46157,Nominal,9300,150,0,0,9150
45351,7/2014,0427,4.50%,46492,Nominal,16963,350,0,0,16613
45351,10/2020,0528,2.5000000000000001E-3,46888,Nominal,11100,350,0,0,10750
45351,3/2018,0429,0.03,47228,Nominal,15975,350,0,0,15625
45351,3/2023,0530,4.4999999999999998E-2,47618,Nominal,6225,350,0,0,5875
45351,9/2019,0531,1.4999999999999999E-2,47983,Nominal,13475,350,0,0,13125
45351,6/2021,0532,0.02,48349,Nominal,8725,350,0,0,8375
45351,10/2015,0433,3.50%,48683,Nominal,17389,350,0,0,17039
45351,11/2022,0534,4.2500000000000003E-2,49079,Nominal,5475,350,0,0,5125
45351,8/2016,0437,2.75%,50145,Nominal,7262,350,0,0,6912
45351,7/2020,0541,1.7500000000000002E-2,51636,Nominal,5475,350,0,0,5125
45351,9/2021,0551,2.75E-2,55288,Nominal,7075,350,0,0,6725
45351,2/2024,0554,0.05,56384,Nominal,4150,150,0,0,4000
45351,10/2012,0925,2.00%,45920,Inflation-Indexed,3950,250,0,0,3700
45351,10/2013,0930,3.00%,47746,Inflation-Indexed,4810,350,0,0,4460
45351,11/2014,0935,2.50%,49572,Inflation-Indexed,6943,350,0,0,6593
45351,3/2017,0440,2.5000000000000001E-2,51399,Inflation-Indexed,4880,350,0,0,4530
,,,,,,,,,,
45382,6/2020,0524,5.0000000000000001E-3,45427,Nominal,13950,150,0,0,13800
45382,4/2016,0425,2.75%,45762,Nominal,15100,250,0,0,14850
45382,2/2021,0526,5.0000000000000001E-3,46157,Nominal,9300,150,0,0,9150
45382,7/2014,0427,4.50%,46492,Nominal,17263,350,0,0,16913
45382,10/2020,0528,2.5000000000000001E-3,46888,Nominal,11675,350,0,0,11325
45382,3/2018,0429,0.03,47228,Nominal,15975,350,0,0,15625
45382,3/2023,0530,4.4999999999999998E-2,47618,Nominal,6225,350,0,0,5875
45382,9/2019,0531,1.4999999999999999E-2,47983,Nominal,13725,350,0,0,13375
45382,6/2021,0532,0.02,48349,Nominal,9100,350,0,0,8750
45382,10/2015,0433,3.50%,48683,Nominal,17374,350,0,0,17024
45382,11/2022,0534,4.2500000000000003E-2,49079,Nominal,5475,350,0,0,5125
45382,8/2016,0437,2.75%,50145,Nominal,7262,350,0,0,6912
45382,7/2020,0541,1.7500000000000002E-2,51636,Nominal,5575,350,0,0,5225
45382,9/2021,0551,2.75E-2,55288,Nominal,7075,350,0,0,6725
45382,2/2024,0554,0.05,56384,Nominal,4150,150,0,0,4000
45382,10/2012,0925,2.00%,45920,Inflation-Indexed,3950,250,0,0,3700
45382,10/2013,0930,3.00%,47746,Inflation-Indexed,4810,350,0,0,4460
45382,11/2014,0935,2.50%,49572,Inflation-Indexed,6943,350,0,0,6593
45382,3/2017,0440,2.5000000000000001E-2,51399,Inflation-Indexed,4880,350,0,0,4530
45412,6/2020,0524,5.0000000000000001E-3,45427,Nominal,13950,150,0,0,13800
45412,4/2016,0425,2.75%,45762,Nominal,15100,250,0,0,14850
45412,2/2021,0526,5.0000000000000001E-3,46157,Nominal,9300,150,0,0,9150
45412,7/2014,0427,4.50%,46492,Nominal,17263,350,0,0,16913
45412,10/2020,0528,2.5000000000000001E-3,46888,Nominal,11675,350,0,0,11325
45412,3/2018,0429,0.03,47228,Nominal,16800,350,0,0,16450
45412,3/2023,0530,4.4999999999999998E-2,47618,Nominal,6500,350,0,0,6150
45412,9/2019,0531,1.4999999999999999E-2,47983,Nominal,13725,350,0,0,13375
45412,6/2021,0532,0.02,48349,Nominal,9450,350,0,0,9100
45412,10/2015,0433,3.50%,48683,Nominal,16959,350,0,0,16609
45412,11/2022,0534,4.2500000000000003E-2,49079,Nominal,5925,350,0,0,5575
45412,4/2024,0535,4.4999999999999998E-2,49444,Nominal,4650,150,0,0,4500
45412,8/2016,0437,2.75%,50145,Nominal,7262,350,0,0,6912
45412,7/2020,0541,1.7500000000000002E-2,51636,Nominal,5575,350,0,0,5225
45412,9/2021,0551,2.75E-2,55288,Nominal,7175,350,0,0,6825
45412,2/2024,0554,0.05,56384,Nominal,4150,150,0,0,4000
45412,10/2012,0925,2.00%,45920,Inflation-Indexed,3950,250,0,0,3700
45412,10/2013,0930,3.00%,47746,Inflation-Indexed,4840,350,0,0,4490
45412,11/2014,0935,2.50%,49572,Inflation-Indexed,6943,350,0,0,6593
45412,3/2017,0440,2.5000000000000001E-2,51399,Inflation-Indexed,4880,350,0,0,4530
45443,4/2016,0425,2.75%,45762,Nominal,15100,250,0,0,14850
45443,2/2021,0526,5.0000000000000001E-3,46157,Nominal,9300,150,0,0,9150
45443,7/2014,0427,4.50%,46492,Nominal,17263,350,0,0,16913
45443,10/2020,0528,2.5000000000000001E-3,46888,Nominal,11675,350,0,0,11325
45443,3/2018,0429,0.03,47228,Nominal,17050,350,0,0,16700
45443,3/2023,0530,4.4999999999999998E-2,47618,Nominal,7000,350,0,0,6650
45443,9/2019,0531,1.4999999999999999E-2,47983,Nominal,13975,350,0,0,13625
45443,6/2021,0532,0.02,48349,Nominal,9850,350,0,0,9500
45443,10/2015,0433,3.50%,48683,Nominal,16794,350,0,0,16444
45443,11/2022,0534,4.2500000000000003E-2,49079,Nominal,6175,350,0,0,5825
45443,4/2024,0535,4.4999999999999998E-2,49444,Nominal,4650,150,0,0,4500
45443,8/2016,0437,2.75%,50145,Nominal,7262,350,0,0,6912
45443,7/2020,0541,1.7500000000000002E-2,51636,Nominal,5675,350,0,0,5325
45443,9/2021,0551,2.75E-2,55288,Nominal,7175,350,0,0,6825
45443,2/2024,0554,0.05,56384,Nominal,4150,150,0,0,4000
45443,10/2012,0925,2.00%,45920,Inflation-Indexed,3950,250,0,0,3700
45443,10/2013,0930,3.00%,47746,Inflation-Indexed,4840,350,0,0,4490
45443,11/2014,0935,2.50%,49572,Inflation-Indexed,6943,350,0,0,6593
45443,3/2017,0440,2.5000000000000001E-2,51399,Inflation-Indexed,4880,350,0,0,4530
45473,4/2016,0425,2.75%,45762,Nominal,15100,250,0,0,14850
45473,2/2021,0526,5.0000000000000001E-3,46157,Nominal,9300,150,0,0,9150
45473,7/2014,0427,4.50%,46492,Nominal,17263,350,0,0,16913
45473,10/2020,0528,2.5000000000000001E-3,46888,Nominal,15175,350,0,0,14825
45473,3/2018,0429,0.03,47228,Nominal,17300,350,0,0,16950
45473,3/2023,0530,4.4999999999999998E-2,47618,Nominal,7000,350,0,0,6650
45473,9/2019,0531,1.4999999999999999E-2,47983,Nominal,14500,350,0,0,14150
45473,6/2021,0532,0.02,48349,Nominal,10050,350,0,0,9700
45473,10/2015,0433,3.50%,48683,Nominal,16359,350,0,0,16009
45473,11/2022,0534,4.2500000000000003E-2,49079,Nominal,6550,350,0,0,6200
45473,4/2024,0535,4.4999999999999998E-2,49444,Nominal,4650,150,0,0,4500
45473,8/2016,0437,2.75%,50145,Nominal,7362,350,0,0,7012
45473,7/2020,0541,1.7500000000000002E-2,51636,Nominal,5675,350,0,0,5325
45473,9/2021,0551,2.75E-2,55288,Nominal,7175,350,0,0,6825
45473,2/2024,0554,0.05,56384,Nominal,4200,150,0,0,4050
45473,10/2012,0925,2.00%,45920,Inflation-Indexed,3950,250,0,0,3700
45473,10/2013,0930,3.00%,47746,Inflation-Indexed,4840,350,0,0,4490
45473,11/2014,0935,2.50%,49572,Inflation-Indexed,6943,350,0,0,6593
45473,3/2017,0440,2.5000000000000001E-2,51399,Inflation-Indexed,4880,350,0,0,4530
45504,4/2016,0425,2.75%,45762,Nominal,15100,250,0,0,14850
45504,2/2021,0526,5.0000000000000001E-3,46157,Nominal,9300,150,0,0,9150
45504,7/2014,0427,4.50%,46492,Nominal,17263,350,0,0,16913
45504,10/2020,0528,2.5000000000000001E-3,46888,Nominal,15175,350,0,0,14825
45504,3/2018,0429,0.03,47228,Nominal,18050,350,0,0,17700
45504,3/2023,0530,4.4999999999999998E-2,47618,Nominal,7250,350,0,0,6900
45504,9/2019,0531,1.4999999999999999E-2,47983,Nominal,14725,350,0,0,14375
45504,6/2021,0532,0.02,48349,Nominal,10050,350,0,0,9700
45504,10/2015,0433,3.50%,48683,Nominal,16144,350,0,0,15794
45504,11/2022,0534,4.2500000000000003E-2,49079,Nominal,7175,350,0,0,6825
45504,4/2024,0535,4.4999999999999998E-2,49444,Nominal,4850,150,0,0,4700
45504,8/2016,0437,2.75%,50145,Nominal,7512,350,0,0,7162
45504,7/2020,0541,1.7500000000000002E-2,51636,Nominal,5769,350,0,0,5419
45504,9/2021,0551,2.75E-2,55288,Nominal,7175,350,0,0,6825
45504,2/2024,0554,0.05,56384,Nominal,4200,150,0,0,4050
45504,10/2012,0925,2.00%,45920,Inflation-Indexed,3950,250,0,0,3700
45504,10/2013,0930,3.00%,47746,Inflation-Indexed,4840,350,0,0,4490
45504,11/2014,0935,2.50%,49572,Inflation-Indexed,6943,350,0,0,6593
45504,3/2017,0440,2.5000000000000001E-2,51399,Inflation-Indexed,4905,350,0,0,4555
,,,,,,,,,,
45535,4/2016,0425,2.75%,45762,Nominal,15100,250,0,0,14850
45535,2/2021,0526,5.0000000000000001E-3,46157,Nominal,9300,150,0,0,9150
45535,7/2014,0427,4.50%,46492,Nominal,17488,350,0,0,17138
45535,10/2020,0528,2.5000000000000001E-3,46888,Nominal,15175,350,0,0,14825
45535,3/2018,0429,0.03,47228,Nominal,18050,350,0,0,17700
45535,3/2023,0530,4.4999999999999998E-2,47618,Nominal,7550,350,0,0,7200
45535,9/2019,0531,1.4999999999999999E-2,47983,Nominal,15000,350,0,0,14650
45535,6/2021,0532,0.02,48349,Nominal,10050,350,0,0,9700
45535,10/2015,0433,3.50%,48683,Nominal,15729,350,0,0,15379
45535,11/2022,0534,4.2500000000000003E-2,49079,Nominal,7525,350,0,0,7175
45535,4/2024,0535,4.4999999999999998E-2,49444,Nominal,5025,150,0,0,4875
45535,08/2024,0536,4.2500000000000003E-2,49810,Nominal,6150,150,0,0,6000
45535,8/2016,0437,2.75%,50145,Nominal,7562,350,0,0,7212
45535,7/2020,0541,1.7500000000000002E-2,51636,Nominal,5894,350,0,0,5544
45535,9/2021,0551,2.75E-2,55288,Nominal,7175,350,0,0,6825
45535,2/2024,0554,0.05,56384,Nominal,4200,150,0,0,4050
45535,10/2012,0925,2.00%,45920,Inflation-Indexed,3950,250,0,0,3700
45535,10/2013,0930,3.00%,47746,Inflation-Indexed,4840,350,0,0,4490
45535,11/2014,0935,2.50%,49572,Inflation-Indexed,6993,350,0,0,6643
45535,3/2017,0440,2.5000000000000001E-2,51399,Inflation-Indexed,4905,350,0,0,4555
,,,,,,,,,,
45565,4/2016,0425,2.75%,45762,Nominal,15100,250,0,0,14850
45565,2/2021,0526,5.0000000000000001E-3,46157,Nominal,9300,150,0,0,9150
45565,7/2014,0427,4.50%,46492,Nominal,17488,350,0,0,17138
45565,10/2020,0528,2.5000000000000001E-3,46888,Nominal,15175,350,0,0,14825
45565,3/2018,0429,0.03,47228,Nominal,18350,350,0,0,18000
45565,3/2023,0530,4.4999999999999998E-2,47618,Nominal,8025,350,0,0,7675
45565,9/2019,0531,1.4999999999999999E-2,47983,Nominal,15250,350,0,0,14900
45565,6/2021,0532,0.02,48349,Nominal,10050,350,0,0,9700
45565,10/2015,0433,3.50%,48683,Nominal,15314,350,0,0,14964
45565,11/2022,0534,4.2500000000000003E-2,49079,Nominal,7950,350,0,0,7600
45565,4/2024,0535,4.4999999999999998E-2,49444,Nominal,5375,150,0,0,5225
45565,08/2024,0536,4.2500000000000003E-2,49810,Nominal,6150,150,0,0,6000
45565,8/2016,0437,2.75%,50145,Nominal,7662,350,0,0,7312
45565,7/2020,0541,1.7500000000000002E-2,51636,Nominal,5944,350,0,0,5594
45565,9/2021,0551,2.75E-2,55288,Nominal,7225,350,0,0,6875
45565,2/2024,0554,0.05,56384,Nominal,4200,150,0,0,4050
45565,10/2012,0925,2.00%,45920,Inflation-Indexed,3950,250,0,0,3700
45565,10/2013,0930,3.00%,47746,Inflation-Indexed,4840,350,0,0,4490
45565,11/2014,0935,2.50%,49572,Inflation-Indexed,7043,350,0,0,6693
45565,3/2017,0440,2.5000000000000001E-2,51399,Inflation-Indexed,4905,350,0,0,4555
,,,,,,,,,,
45596,4/2016,0425,2.75%,45762,Nominal,15100,250,0,0,14850
45596,2/2021,0526,5.0000000000000001E-3,46157,Nominal,9300,150,0,0,9150
45596,7/2014,0427,4.50%,46492,Nominal,17488,350,0,0,17138
45596,10/2020,0528,2.5000000000000001E-3,46888,Nominal,15375,350,0,0,15025
45596,3/2018,0429,0.03,47228,Nominal,18600,350,0,0,18250
45596,3/2023,0530,4.4999999999999998E-2,47618,Nominal,13025,350,0,0,12675
45596,9/2019,0531,1.4999999999999999E-2,47983,Nominal,15440,350,0,0,15090
45596,6/2021,0532,0.02,48349,Nominal,10050,350,0,0,9700
45596,10/2015,0433,3.50%,48683,Nominal,15134,350,0,0,14784
45596,11/2022,0534,4.2500000000000003E-2,49079,Nominal,8650,350,0,0,8300
45596,4/2024,0535,4.4999999999999998E-2,49444,Nominal,5600,150,0,0,5450
45596,08/2024,0536,4.2500000000000003E-2,49810,Nominal,6150,150,0,0,6000
45596,8/2016,0437,2.75%,50145,Nominal,7687,350,0,0,7337
45596,7/2020,0541,1.7500000000000002E-2,51636,Nominal,6119,350,0,0,5769
45596,9/2021,0551,2.75E-2,55288,Nominal,7225,350,0,0,6875
45596,2/2024,0554,0.05,56384,Nominal,4200,150,0,0,4050
45596,10/2012,0925,2.00%,45920,Inflation-Indexed,3950,250,0,0,3700
45596,10/2013,0930,3.00%,47746,Inflation-Indexed,4865,350,0,0,4515
45596,11/2014,0935,2.50%,49572,Inflation-Indexed,7068,350,0,0,6718
45596,3/2017,0440,2.5000000000000001E-2,51399,Inflation-Indexed,4905,350,0,0,4555
,,,,,,,,,,
45626,4/2016,0425,2.75%,45762,Nominal,15100,250,0,0,14850
45626,2/2021,0526,5.0000000000000001E-3,46157,Nominal,9300,150,0,0,9150
45626,7/2014,0427,4.50%,46492,Nominal,17488,350,0,0,17138
45626,10/2020,0528,2.5000000000000001E-3,46888,Nominal,15575,350,0,0,15225
45626,3/2018,0429,0.03,47228,Nominal,19175,350,0,0,18825
45626,3/2023,0530,4.4999999999999998E-2,47618,Nominal,13025,350,0,0,12675
45626,9/2019,0531,1.4999999999999999E-2,47983,Nominal,15025,350,0,0,14675
45626,6/2021,0532,0.02,48349,Nominal,10275,350,0,0,9925
45626,10/2015,0433,3.50%,48683,Nominal,15134,350,0,0,14784
45626,11/2022,0534,4.2500000000000003E-2,49079,Nominal,8900,350,0,0,8550
45626,4/2024,0535,4.4999999999999998E-2,49444,Nominal,6100,150,0,0,5950
45626,08/2024,0536,4.2500000000000003E-2,49810,Nominal,6150,150,0,0,6000
45626,8/2016,0437,2.75%,50145,Nominal,7737,350,0,0,7387
45626,7/2020,0541,1.7500000000000002E-2,51636,Nominal,6269,350,0,0,5919
45626,9/2021,0551,2.75E-2,55288,Nominal,7225,350,0,0,6875
45626,2/2024,0554,0.05,56384,Nominal,4250,150,0,0,4100
45626,10/2012,0925,2.00%,45920,Inflation-Indexed,3550,250,0,0,3300
45626,10/2013,0930,3.00%,47746,Inflation-Indexed,4890,350,0,0,4540
45626,11/2014,0935,2.50%,49572,Inflation-Indexed,7068,350,0,0,6718
45626,3/2017,0440,2.5000000000000001E-2,51399,Inflation-Indexed,4930,350,0,0,4580
,,,,,,,,,,
45657,4/2016,0425,2.75%,45762,Nominal,15100,250,0,0,14850
45657,2/2021,0526,5.0000000000000001E-3,46157,Nominal,9300,150,0,0,9150
45657,7/2014,0427,4.50%,46492,Nominal,17488,350,0,0,17138
45657,10/2020,0528,2.5000000000000001E-3,46888,Nominal,15825,350,0,0,15475
45657,3/2018,0429,0.03,47228,Nominal,19625,350,0,0,19275
45657,3/2023,0530,4.4999999999999998E-2,47618,Nominal,13025,350,0,0,12675
45657,9/2019,0531,1.4999999999999999E-2,47983,Nominal,14610,350,0,0,14260
45657,6/2021,0532,0.02,48349,Nominal,10275,350,0,0,9925
45657,10/2015,0433,3.50%,48683,Nominal,15309,350,0,0,14959
45657,11/2022,0534,4.2500000000000003E-2,49079,Nominal,9150,350,0,0,8800
45657,4/2024,0535,4.4999999999999998E-2,49444,Nominal,6325,150,0,0,6175
45657,08/2024,0536,4.2500000000000003E-2,49810,Nominal,6150,150,0,0,6000
45657,8/2016,0437,2.75%,50145,Nominal,7812,350,0,0,7462
45657,7/2020,0541,1.7500000000000002E-2,51636,Nominal,6344,350,0,0,5994
45657,9/2021,0551,2.75E-2,55288,Nominal,7225,350,0,0,6875
45657,2/2024,0554,0.05,56384,Nominal,4250,150,0,0,4100
45657,10/2012,0925,2.00%,45920,Inflation-Indexed,3350,250,0,0,3100
45657,10/2013,0930,3.00%,47746,Inflation-Indexed,4890,350,0,0,4540
45657,11/2014,0935,2.50%,49572,Inflation-Indexed,7068,350,0,0,6718
45657,3/2017,0440,2.5000000000000001E-2,51399,Inflation-Indexed,4930,350,0,0,4580
,,,,,,,,,,
45688,4/2016,0425,2.75%,45762,Nominal,15100,250,0,0,14850
45688,2/2021,0526,5.0000000000000001E-3,46157,Nominal,9300,150,0,0,9150
45688,7/2014,0427,4.50%,46492,Nominal,17488,350,0,0,17138
45688,10/2020,0528,2.5000000000000001E-3,46888,Nominal,15825,350,0,0,15475
45688,3/2018,0429,0.03,47228,Nominal,19875,350,0,0,19525
45688,3/2023,0530,4.4999999999999998E-2,47618,Nominal,13025,350,0,0,12675
45688,9/2019,0531,1.4999999999999999E-2,47983,Nominal,14395,350,0,0,14045
45688,6/2021,0532,0.02,48349,Nominal,10275,350,0,0,9925
45688,10/2015,0433,3.50%,48683,Nominal,15484,350,0,0,15134
45688,11/2022,0534,4.2500000000000003E-2,49079,Nominal,9150,350,0,0,8800
45688,4/2024,0535,4.4999999999999998E-2,49444,Nominal,6325,150,0,0,6175
45688,08/2024,0536,4.2500000000000003E-2,49810,Nominal,6350,150,0,0,6200
45688,8/2016,0437,2.75%,50145,Nominal,7812,350,0,0,7462
45688,7/2020,0541,1.7500000000000002E-2,51636,Nominal,6519,350,0,0,6169
45688,9/2021,0551,2.75E-2,55288,Nominal,7225,350,0,0,6875
45688,2/2024,0554,0.05,56384,Nominal,4250,150,0,0,4100
45688,10/2012,0925,2.00%,45920,Inflation-Indexed,3244,250,0,0,2994
45688,10/2013,0930,3.00%,47746,Inflation-Indexed,4945,350,0,0,4595
45688,11/2014,0935,2.50%,49572,Inflation-Indexed,7068,350,0,0,6718
45688,3/2017,0440,2.5000000000000001E-2,51399,Inflation-Indexed,4930,350,0,0,4580
,,,,,,,,,,
45716,4/2016,0425,2.75%,45762,Nominal,15100,250,0,0,14850
45716,2/2021,0526,5.0000000000000001E-3,46157,Nominal,9300,150,0,0,9150
45716,7/2014,0427,4.50%,46492,Nominal,17963,350,0,0,17613
45716,10/2020,0528,2.5000000000000001E-3,46888,Nominal,15825,350,0,0,15475
45716,3/2018,0429,0.03,47228,Nominal,19875,350,0,0,19525
45716,3/2023,0530,4.4999999999999998E-2,47618,Nominal,13025,350,0,0,12675
45716,9/2019,0531,1.4999999999999999E-2,47983,Nominal,14180,350,0,0,13830
45716,6/2021,0532,0.02,48349,Nominal,10500,350,0,0,10150
45716,10/2015,0433,3.50%,48683,Nominal,15484,350,0,0,15134
45716,11/2022,0534,4.2500000000000003E-2,49079,Nominal,9350,350,0,0,9000
45716,4/2024,0535,4.4999999999999998E-2,49444,Nominal,11825,150,0,0,11675
45716,08/2024,0536,4.2500000000000003E-2,49810,Nominal,6550,150,0,0,6400
45716,8/2016,0437,2.75%,50145,Nominal,7812,350,0,0,7462
45716,7/2020,0541,1.7500000000000002E-2,51636,Nominal,6669,350,0,0,6319
45716,9/2021,0551,2.75E-2,55288,Nominal,7275,350,0,0,6925
45716,2/2024,0554,0.05,56384,Nominal,4250,150,0,0,4100
45716,10/2012,0925,2.00%,45920,Inflation-Indexed,3244,250,0,0,2994
45716,10/2013,0930,3.00%,47746,Inflation-Indexed,4945,350,0,0,4595
45716,11/2014,0935,2.50%,49572,Inflation-Indexed,7098,350,0,0,6748
45716,3/2017,0440,2.5000000000000001E-2,51399,Inflation-Indexed,4930,350,0,0,4580
,,,,,,,,,,
45747,4/2016,0425,2.75%,45762,Nominal,15100,250,0,0,14850
45747,2/2021,0526,5.0000000000000001E-3,46157,Nominal,9300,150,0,0,9150
45747,7/2014,0427,4.50%,46492,Nominal,17963,350,0,0,17613
45747,10/2020,0528,2.5000000000000001E-3,46888,Nominal,16075,350,0,0,15725
45747,3/2018,0429,0.03,47228,Nominal,20100,350,0,0,19750
45747,3/2023,0530,4.4999999999999998E-2,47618,Nominal,13525,350,0,0,13175
45747,9/2019,0531,1.4999999999999999E-2,47983,Nominal,13765,350,0,0,13415
45747,6/2021,0532,0.02,48349,Nominal,10500,350,0,0,10150
45747,10/2015,0433,3.50%,48683,Nominal,15709,350,0,0,15359
45747,11/2022,0534,4.2500000000000003E-2,49079,Nominal,9550,350,0,0,9200
45747,4/2024,0535,4.4999999999999998E-2,49444,Nominal,11825,150,0,0,11675
45747,08/2024,0536,4.2500000000000003E-2,49810,Nominal,6950,150,0,0,6800
45747,8/2016,0437,2.75%,50145,Nominal,7812,350,0,0,7462
45747,7/2020,0541,1.7500000000000002E-2,51636,Nominal,6769,350,0,0,6419
45747,9/2021,0551,2.75E-2,55288,Nominal,7275,350,0,0,6925
45747,2/2024,0554,0.05,56384,Nominal,4350,150,0,0,4200
45747,10/2012,0925,2.00%,45920,Inflation-Indexed,3244,250,0,0,2994
45747,10/2013,0930,3.00%,47746,Inflation-Indexed,4945,350,0,0,4595
45747,11/2014,0935,2.50%,49572,Inflation-Indexed,7128,350,0,0,6778
45747,3/2017,0440,2.5000000000000001E-2,51399,Inflation-Indexed,4990,350,0,0,4640
,,,,,,,,,,
45777,2/2021,0526,5.0000000000000001E-3,46157,Nominal,9300,150,0,0,9150
45777,7/2014,0427,4.50%,46492,Nominal,17963,350,0,0,17613
45777,10/2020,0528,2.5000000000000001E-3,46888,Nominal,16350,350,0,0,16000
45777,3/2018,0429,0.03,47228,Nominal,20625,350,0,0,20275
45777,3/2023,0530,4.4999999999999998E-2,47618,Nominal,13775,350,0,0,13425
45777,9/2019,0531,1.4999999999999999E-2,47983,Nominal,13350,350,0,0,13000
45777,6/2021,0532,0.02,48349,Nominal,14500,350,0,0,14150
45777,10/2015,0433,3.50%,48683,Nominal,15709,350,0,0,15359
45777,11/2022,0534,4.2500000000000003E-2,49079,Nominal,9775,350,0,0,9425
45777,4/2024,0535,4.4999999999999998E-2,49444,Nominal,11825,150,0,0,11675
45777,08/2024,0536,4.2500000000000003E-2,49810,Nominal,7625,150,0,0,7475
45777,8/2016,0437,2.75%,50145,Nominal,7812,350,0,0,7462
45777,7/2020,0541,1.7500000000000002E-2,51636,Nominal,6769,350,0,0,6419
45777,9/2021,0551,2.75E-2,55288,Nominal,7275,350,0,0,6925
45777,2/2024,0554,0.05,56384,Nominal,4400,150,0,0,4250
45777,10/2012,0925,2.00%,45920,Inflation-Indexed,3244,250,0,0,2994
45777,10/2013,0930,3.00%,47746,Inflation-Indexed,4945,350,0,0,4595
45777,11/2014,0935,2.50%,49572,Inflation-Indexed,7153,350,0,0,6803
45777,3/2017,0440,2.5000000000000001E-2,51399,Inflation-Indexed,5040,350,0,0,4690
,,,,,,,,,,
45808,2/2021,0526,5.0000000000000001E-3,46157,Nominal,9300,150,0,0,9150
45808,7/2014,0427,4.50%,46492,Nominal,17963,350,0,0,17613
45808,10/2020,0528,2.5000000000000001E-3,46888,Nominal,16350,350,0,0,16000
45808,3/2018,0429,0.03,47228,Nominal,21100,350,0,0,20750
45808,3/2023,0530,4.4999999999999998E-2,47618,Nominal,14225,350,0,0,13875
45808,9/2019,0531,1.4999999999999999E-2,47983,Nominal,12935,350,0,0,12585
45808,6/2021,0532,0.02,48349,Nominal,14500,350,0,0,14150
45808,10/2015,0433,3.50%,48683,Nominal,15859,350,0,0,15509
45808,11/2022,0534,4.2500000000000003E-2,49079,Nominal,9925,350,0,0,9575
45808,4/2024,0535,4.4999999999999998E-2,49444,Nominal,11825,150,0,0,11675
45808,08/2024,0536,4.2500000000000003E-2,49810,Nominal,8000,150,0,0,7850
45808,8/2016,0437,2.75%,50145,Nominal,7812,350,0,0,7462
45808,7/2020,0541,1.7500000000000002E-2,51636,Nominal,6869,350,0,0,6519
45808,9/2021,0551,2.75E-2,55288,Nominal,7325,350,0,0,6975
45808,2/2024,0554,0.05,56384,Nominal,4450,150,0,0,4300
45808,10/2012,0925,2.00%,45920,Inflation-Indexed,3244,250,0,0,2994
45808,10/2013,0930,3.00%,47746,Inflation-Indexed,4970,350,0,0,4620
45808,11/2014,0935,2.50%,49572,Inflation-Indexed,7153,350,0,0,6803
45808,3/2017,0440,2.5000000000000001E-2,51399,Inflation-Indexed,5065,350,0,0,4715
,,,,,,,,,,
45838,2/2021,0526,5.0000000000000001E-3,46157,Nominal,9300,150,0,0,9150
45838,7/2014,0427,4.50%,46492,Nominal,17963,350,0,0,17613
45838,10/2020,0528,2.5000000000000001E-3,46888,Nominal,16350,350,0,0,16000
45838,3/2018,0429,0.03,47228,Nominal,21525,350,0,0,21175
45838,3/2023,0530,4.4999999999999998E-2,47618,Nominal,14700,350,0,0,14350
45838,9/2019,0531,1.4999999999999999E-2,47983,Nominal,12500,350,0,0,12150
45838,6/2021,0532,0.02,48349,Nominal,14500,350,0,0,14150
45838,10/2015,0433,3.50%,48683,Nominal,15859,350,0,0,15509
45838,11/2022,0534,4.2500000000000003E-2,49079,Nominal,9925,350,0,0,9575
45838,4/2024,0535,4.4999999999999998E-2,49444,Nominal,12025,150,0,0,11875
45838,08/2024,0536,4.2500000000000003E-2,49810,Nominal,8425,150,0,0,8275
45838,8/2016,0437,2.75%,50145,Nominal,7987,350,0,0,7637
45838,7/2020,0541,1.7500000000000002E-2,51636,Nominal,6869,350,0,0,6519
45838,9/2021,0551,2.75E-2,55288,Nominal,7375,350,0,0,7025
45838,2/2024,0554,0.05,56384,Nominal,4500,150,0,0,4350
45838,10/2012,0925,2.00%,45920,Inflation-Indexed,3244,250,0,0,2994
45838,10/2013,0930,3.00%,47746,Inflation-Indexed,4995,350,0,0,4645
45838,11/2014,0935,2.50%,49572,Inflation-Indexed,7178,350,0,0,6828
45838,3/2017,0440,2.5000000000000001E-2,51399,Inflation-Indexed,5090,350,0,0,4740
,,,,,,,,,,
45869,2/2021,0526,5.0000000000000001E-3,46157,Nominal,9300,150,0,0,9150
45869,7/2014,0427,4.50%,46492,Nominal,17963,350,0,0,17613
45869,10/2020,0528,2.5000000000000001E-3,46888,Nominal,16350,350,0,0,16000
45869,3/2018,0429,0.03,47228,Nominal,22225,350,0,0,21875
45869,3/2023,0530,4.4999999999999998E-2,47618,Nominal,14900,350,0,0,14550
45869,9/2019,0531,1.4999999999999999E-2,47983,Nominal,18085,350,0,0,17735
45869,6/2021,0532,0.02,48349,Nominal,14500,350,0,0,14150
45869,10/2015,0433,3.50%,48683,Nominal,15859,350,0,0,15509
45869,11/2022,0534,4.2500000000000003E-2,49079,Nominal,9925,350,0,0,9575
45869,4/2024,0535,4.4999999999999998E-2,49444,Nominal,12400,150,0,0,12250
45869,08/2024,0536,4.2500000000000003E-2,49810,Nominal,8625,150,0,0,8475
45869,8/2016,0437,2.75%,50145,Nominal,8162,350,0,0,7812
45869,7/2020,0541,1.7500000000000002E-2,51636,Nominal,6969,350,0,0,6619
45869,9/2021,0551,2.75E-2,55288,Nominal,7375,350,0,0,7025
45869,2/2024,0554,0.05,56384,Nominal,4550,150,0,0,4400
45869,10/2012,0925,2.00%,45920,Inflation-Indexed,3244,250,0,0,2994
45869,10/2013,0930,3.00%,47746,Inflation-Indexed,4995,350,0,0,4645
45869,11/2014,0935,2.50%,49572,Inflation-Indexed,7203,350,0,0,6853
45869,3/2017,0440,2.5000000000000001E-2,51399,Inflation-Indexed,5090,350,0,0,4740
,,,,,,,,,,
45900,2/2021,0526,5.0000000000000001E-3,46157,Nominal,9050,150,0,0,8900
45900,7/2014,0427,4.50%,46492,Nominal,17963,350,0,0,17613
45900,10/2020,0528,2.5000000000000001E-3,46888,Nominal,16350,350,0,0,16000
45900,3/2018,0429,0.03,47228,Nominal,22425,350,0,0,22075
45900,3/2023,0530,4.4999999999999998E-2,47618,Nominal,15625,350,0,0,15275
45900,9/2019,0531,1.4999999999999999E-2,47983,Nominal,17670,350,0,0,17320
45900,6/2021,0532,0.02,48349,Nominal,14500,350,0,0,14150
45900,10/2015,0433,3.50%,48683,Nominal,15859,350,0,0,15509
45900,11/2022,0534,4.2500000000000003E-2,49079,Nominal,10100,350,0,0,9750
45900,4/2024,0535,4.4999999999999998E-2,49444,Nominal,12750,150,0,0,12600
45900,08/2024,0536,4.2500000000000003E-2,49810,Nominal,8625,150,0,0,8475
45900,8/2016,0437,2.75%,50145,Nominal,8412,350,0,0,8062
45900,7/2020,0541,1.7500000000000002E-2,51636,Nominal,7069,350,0,0,6719
45900,9/2021,0551,2.75E-2,55288,Nominal,7375,350,0,0,7025
45900,2/2024,0554,0.05,56384,Nominal,4550,150,0,0,4400
45900,10/2012,0925,2.00%,45920,Inflation-Indexed,3244,250,0,0,2994
45900,10/2013,0930,3.00%,47746,Inflation-Indexed,4995,350,0,0,4645
45900,11/2014,0935,2.50%,49572,Inflation-Indexed,7228,350,0,0,6878
45900,3/2017,0440,2.5000000000000001E-2,51399,Inflation-Indexed,5115,350,0,0,4765
45930,2/2021,0526,5.0000000000000001E-3,46157,Nominal,8780,150,0,0,8630
45930,7/2014,0427,4.50%,46492,Nominal,17963,350,0,0,17613
45930,10/2020,0528,2.5000000000000001E-3,46888,Nominal,16350,350,0,0,16000
45930,3/2018,0429,0.03,47228,Nominal,22425,350,0,0,22075
45930,3/2023,0530,4.4999999999999998E-2,47618,Nominal,16575,350,0,0,16225
45930,9/2019,0531,1.4999999999999999E-2,47983,Nominal,17255,350,0,0,16905
45930,6/2021,0532,0.02,48349,Nominal,14500,350,0,0,14150
45930,10/2015,0433,3.50%,48683,Nominal,16059,350,0,0,15709
45930,11/2022,0534,4.2500000000000003E-2,49079,Nominal,10325,350,0,0,9975
45930,4/2024,0535,4.4999999999999998E-2,49444,Nominal,13175,150,0,0,13025
45930,08/2024,0536,4.2500000000000003E-2,49810,Nominal,8625,150,0,0,8475
45930,8/2016,0437,2.75%,50145,Nominal,8412,350,0,0,8062
45930,7/2020,0541,1.7500000000000002E-2,51636,Nominal,7069,350,0,0,6719
45930,9/2021,0551,2.75E-2,55288,Nominal,7375,350,0,0,7025
45930,2/2024,0554,0.05,56384,Nominal,4550,150,0,0,4400
45930,10/2013,0930,3.00%,47746,Inflation-Indexed,5020,350,0,0,4670
45930,11/2014,0935,2.50%,49572,Inflation-Indexed,7228,350,0,0,6878
45930,3/2017,0440,2.5000000000000001E-2,51399,Inflation-Indexed,5115,350,0,0,4765
45930,9/2025,0950,3.2500000000000001E-2,55051,Inflation-Indexed,2150,150,0,0,2000
45961,2/2021,0526,5.0000000000000001E-3,46157,Nominal,8355,150,0,0,8205
45961,7/2014,0427,4.50%,46492,Nominal,17963,350,0,0,17613
45961,10/2020,0528,2.5000000000000001E-3,46888,Nominal,16350,350,0,0,16000
45961,3/2018,0429,0.03,47228,Nominal,22425,350,0,0,22075
45961,3/2023,0530,4.4999999999999998E-2,47618,Nominal,17050,350,0,0,16700
45961,9/2019,0531,1.4999999999999999E-2,47983,Nominal,17134,350,0,0,16784
45961,6/2021,0532,0.02,48349,Nominal,14725,350,0,0,14375
45961,10/2015,0433,3.50%,48683,Nominal,16059,350,0,0,15709
45961,11/2022,0534,4.2500000000000003E-2,49079,Nominal,10500,350,0,0,10150
45961,4/2024,0535,4.4999999999999998E-2,49444,Nominal,13575,150,0,0,13425
45961,08/2024,0536,4.2500000000000003E-2,49810,Nominal,8800,150,0,0,8650
45961,8/2016,0437,2.75%,50145,Nominal,8412,350,0,0,8062
45961,7/2020,0541,1.7500000000000002E-2,51636,Nominal,7069,350,0,0,6719
45961,9/2021,0551,2.75E-2,55288,Nominal,7375,350,0,0,7025
45961,2/2024,0554,0.05,56384,Nominal,4625,150,0,0,4475
45961,10/2013,0930,3.00%,47746,Inflation-Indexed,5001,350,0,0,4651
45961,11/2014,0935,2.50%,49572,Inflation-Indexed,7228,350,0,0,6878
45961,3/2017,0440,2.5000000000000001E-2,51399,Inflation-Indexed,5140,350,0,0,4790
45961,9/2025,0950,3.2500000000000001E-2,55051,Inflation-Indexed,2150,150,0,0,2000
45991,2/2021,0526,5.0000000000000001E-3,46157,Nominal,7855,150,0,0,7705
45991,7/2014,0427,4.50%,46492,Nominal,17963,350,0,0,17613
45991,10/2020,0528,2.5000000000000001E-3,46888,Nominal,16350,350,0,0,16000
45991,3/2018,0429,0.03,47228,Nominal,22650,350,0,0,22300
45991,3/2023,0530,4.4999999999999998E-2,47618,Nominal,17550,350,0,0,17200
45991,9/2019,0531,1.4999999999999999E-2,47983,Nominal,17134,350,0,0,16784
45991,6/2021,0532,0.02,48349,Nominal,14725,350,0,0,14375
45991,10/2015,0433,3.50%,48683,Nominal,16059,350,0,0,15709
45991,11/2022,0534,4.2500000000000003E-2,49079,Nominal,10800,350,0,0,10450
45991,4/2024,0535,4.4999999999999998E-2,49444,Nominal,13750,150,0,0,13600
45991,08/2024,0536,4.2500000000000003E-2,49810,Nominal,15000,350,0,0,14650
45991,8/2016,0437,2.75%,50145,Nominal,8412,350,0,0,8062
45991,7/2020,0541,1.7500000000000002E-2,51636,Nominal,7069,350,0,0,6719
45991,9/2021,0551,2.75E-2,55288,Nominal,7375,350,0,0,7025
45991,2/2024,0554,0.05,56384,Nominal,4775,150,0,0,4625
45991,10/2013,0930,3.00%,47746,Inflation-Indexed,4636,350,0,0,4286
45991,11/2014,0935,2.50%,49572,Inflation-Indexed,7228,350,0,0,6878
45991,3/2017,0440,2.5000000000000001E-2,51399,Inflation-Indexed,5140,350,0,0,4790
45991,9/2025,0950,3.2500000000000001E-2,55051,Inflation-Indexed,2150,150,0,0,2000
46022,2/2021,0526,5.0000000000000001E-3,46157,Nominal,7855,150,0,0,7705
46022,7/2014,0427,4.50%,46492,Nominal,17963,350,0,0,17613
46022,10/2020,0528,2.5000000000000001E-3,46888,Nominal,16071,350,0,0,15721
46022,3/2018,0429,0.03,47228,Nominal,22650,350,0,0,22300
46022,3/2023,0530,4.4999999999999998E-2,47618,Nominal,18100,350,0,0,17750
46022,9/2019,0531,1.4999999999999999E-2,47983,Nominal,17134,350,0,0,16784
46022,6/2021,0532,0.02,48349,Nominal,14725,350,0,0,14375
46022,10/2015,0433,3.50%,48683,Nominal,16259,350,0,0,15909
46022,11/2022,0534,4.2500000000000003E-2,49079,Nominal,11025,350,0,0,10675
46022,4/2024,0535,4.4999999999999998E-2,49444,Nominal,13975,150,0,0,13825
46022,08/2024,0536,4.2500000000000003E-2,49810,Nominal,15000,350,0,0,14650
46022,8/2016,0437,2.75%,50145,Nominal,8412,350,0,0,8062
46022,7/2020,0541,1.7500000000000002E-2,51636,Nominal,7069,350,0,0,6719
46022,9/2021,0551,2.75E-2,55288,Nominal,7450,350,0,0,7100
46022,2/2024,0554,0.05,56384,Nominal,4850,150,0,0,4700
46022,10/2013,0930,3.00%,47746,Inflation-Indexed,4500,350,0,0,4150
46022,11/2014,0935,2.50%,49572,Inflation-Indexed,7228,350,0,0,6878
46022,3/2017,0440,2.5000000000000001E-2,51399,Inflation-Indexed,5165,350,0,0,4815
46022,9/2025,0950,3.2500000000000001E-2,55051,Inflation-Indexed,2150,150,0,0,2000
46053,2/2021,0526,5.0000000000000001E-3,46157,Nominal,7855,150,0,0,7705
46053,7/2014,0427,4.50%,46492,Nominal,17963,350,0,0,17613
46053,10/2020,0528,2.5000000000000001E-3,46888,Nominal,15656,350,0,0,15306
46053,3/2018,0429,0.03,47228,Nominal,22650,350,0,0,22300
46053,3/2023,0530,4.4999999999999998E-2,47618,Nominal,18525,350,0,0,18175
46053,9/2019,0531,1.4999999999999999E-2,47983,Nominal,17134,350,0,0,16784
46053,6/2021,0532,0.02,48349,Nominal,14725,350,0,0,14375
46053,10/2015,0433,3.50%,48683,Nominal,16259,350,0,0,15909
46053,11/2022,0534,4.2500000000000003E-2,49079,Nominal,11025,350,0,0,10675
46053,4/2024,0535,4.4999999999999998E-2,49444,Nominal,14650,350,0,0,14300
46053,08/2024,0536,4.2500000000000003E-2,49810,Nominal,15000,350,0,0,14650
46053,8/2016,0437,2.75%,50145,Nominal,8412,350,0,0,8062
46053,7/2020,0541,1.7500000000000002E-2,51636,Nominal,7069,350,0,0,6719
46053,9/2021,0551,2.75E-2,55288,Nominal,7450,350,0,0,7100
46053,2/2024,0554,0.05,56384,Nominal,5050,350,0,0,4700
46053,10/2013,0930,3.00%,47746,Inflation-Indexed,4500,350,0,0,4150
46053,11/2014,0935,2.50%,49572,Inflation-Indexed,7228,350,0,0,6878
46053,3/2017,0440,2.5000000000000001E-2,51399,Inflation-Indexed,5165,350,0,0,4815
46053,9/2025,0950,3.2500000000000001E-2,55051,Inflation-Indexed,2375,350,0,0,2025
46081,2/2021,0526,5.0000000000000001E-3,46157,Nominal,7855,150,0,0,7705
46081,7/2014,0427,4.50%,46492,Nominal,17963,350,0,0,17613
46081,10/2020,0528,2.5000000000000001E-3,46888,Nominal,15420,350,0,0,15070
46081,3/2018,0429,0.03,47228,Nominal,22671,350,0,0,22321
46081,3/2023,0530,4.4999999999999998E-2,47618,Nominal,18750,350,0,0,18400
46081,9/2019,0531,1.4999999999999999E-2,47983,Nominal,17609,350,0,0,17259
46081,6/2021,0532,0.02,48349,Nominal,14725,350,0,0,14375
46081,10/2015,0433,3.50%,48683,Nominal,16434,350,0,0,16084
46081,11/2022,0534,4.2500000000000003E-2,49079,Nominal,11200,350,0,0,10850
46081,4/2024,0535,4.4999999999999998E-2,49444,Nominal,15100,350,0,0,14750
46081,08/2024,0536,4.2500000000000003E-2,49810,Nominal,15000,350,0,0,14650
46081,8/2016,0437,2.75%,50145,Nominal,8412,350,0,0,8062
46081,7/2020,0541,1.7500000000000002E-2,51636,Nominal,7069,350,0,0,6719
46081,9/2021,0551,2.75E-2,55288,Nominal,7500,350,0,0,7150
46081,2/2024,0554,0.05,56384,Nominal,5100,350,0,0,4750
46081,10/2013,0930,3.00%,47746,Inflation-Indexed,4500,350,0,0,4150
46081,11/2014,0935,2.50%,49572,Inflation-Indexed,7228,350,0,0,6878
46081,3/2017,0440,2.5000000000000001E-2,51399,Inflation-Indexed,5165,350,0,0,4815
46081,9/2025,0950,3.2500000000000001E-2,55051,Inflation-Indexed,2425,350,0,0,2075
,,,,,,,,,,
46112,2/2021,0526,5.0000000000000001E-3,46157,Nominal,7855,150,0,0,7705
46112,7/2014,0427,4.50%,46492,Nominal,17963,350,0,0,17613
46112,10/2020,0528,2.5000000000000001E-3,46888,Nominal,15420,350,0,0,15070
46112,3/2018,0429,0.03,47228,Nominal,22256,350,0,0,21906
46112,3/2023,0530,4.4999999999999998E-2,47618,Nominal,18750,350,0,0,18400
46112,9/2019,0531,1.4999999999999999E-2,47983,Nominal,18809,350,0,0,18459
46112,6/2021,0532,0.02,48349,Nominal,14725,350,0,0,14375
46112,10/2015,0433,3.50%,48683,Nominal,16784,350,0,0,16434
46112,11/2022,0534,4.2500000000000003E-2,49079,Nominal,11550,350,0,0,11200
46112,4/2024,0535,4.4999999999999998E-2,49444,Nominal,15300,350,0,0,14950
46112,08/2024,0536,4.2500000000000003E-2,49810,Nominal,15000,350,0,0,14650
46112,8/2016,0437,2.75%,50145,Nominal,8412,350,0,0,8062
46112,7/2020,0541,1.7500000000000002E-2,51636,Nominal,7169,350,0,0,6819
46112,9/2021,0551,2.75E-2,55288,Nominal,7550,350,0,0,7200
46112,2/2024,0554,0.05,56384,Nominal,5100,350,0,0,4750
46112,10/2013,0930,3.00%,47746,Inflation-Indexed,4500,350,0,0,4150
46112,11/2014,0935,2.50%,49572,Inflation-Indexed,7303,350,0,0,6953
46112,3/2017,0440,2.5000000000000001E-2,51399,Inflation-Indexed,5165,350,0,0,4815
46112,9/2025,0950,3.2500000000000001E-2,55051,Inflation-Indexed,2425,350,0,0,2075
,,,,,,,,,,
46142,2/2021,0526,5.0000000000000001E-3,46157,Nominal,7855,150,0,0,7705
46142,7/2014,0427,4.50%,46492,Nominal,17963,350,0,0,17613
46142,10/2020,0528,2.5000000000000001E-3,46888,Nominal,15420,350,0,0,15070
46142,3/2018,0429,0.03,47228,Nominal,21841,350,0,0,21491
46142,3/2023,0530,4.4999999999999998E-2,47618,Nominal,19225,350,0,0,18875
46142,9/2019,0531,1.4999999999999999E-2,47983,Nominal,19309,350,0,0,18959
46142,6/2021,0532,0.02,48349,Nominal,14725,350,0,0,14375
46142,10/2015,0433,3.50%,48683,Nominal,16784,350,0,0,16434
46142,11/2022,0534,4.2500000000000003E-2,49079,Nominal,11875,350,0,0,11525
46142,4/2024,0535,4.4999999999999998E-2,49444,Nominal,15300,350,0,0,14950
46142,08/2024,0536,4.2500000000000003E-2,49810,Nominal,15400,350,0,0,15050
46142,8/2016,0437,2.75%,50145,Nominal,8412,350,0,0,8062
46142,7/2020,0541,1.7500000000000002E-2,51636,Nominal,7169,350,0,0,6819
46142,9/2021,0551,2.75E-2,55288,Nominal,7550,350,0,0,7200
46142,2/2024,0554,0.05,56384,Nominal,5200,350,0,0,4850
46142,10/2013,0930,3.00%,47746,Inflation-Indexed,4500,350,0,0,4150
46142,11/2014,0935,2.50%,49572,Inflation-Indexed,7303,350,0,0,6953
46142,3/2017,0440,2.5000000000000001E-2,51399,Inflation-Indexed,5165,350,0,0,4815
46142,9/2025,0950,3.2500000000000001E-2,55051,Inflation-Indexed,2425,350,0,0,2075
46173,7/2014,0427,4.50%,46492,Nominal,17463,350,0,0,17113
46173,10/2020,0528,2.5000000000000001E-3,46888,Nominal,15420,350,0,0,15070
46173,3/2018,0429,0.03,47228,Nominal,21426,350,0,0,21076
46173,3/2023,0530,4.4999999999999998E-2,47618,Nominal,19700,350,0,0,19350
46173,9/2019,0531,1.4999999999999999E-2,47983,Nominal,19784,350,0,0,19434
46173,6/2021,0532,0.02,48349,Nominal,14725,350,0,0,14375
46173,10/2015,0433,3.50%,48683,Nominal,16784,350,0,0,16434
46173,11/2022,0534,4.2500000000000003E-2,49079,Nominal,11875,350,0,0,11525
46173,4/2024,0535,4.4999999999999998E-2,49444,Nominal,15450,350,0,0,15100
46173,08/2024,0536,4.2500000000000003E-2,49810,Nominal,15950,350,0,0,15600
46173,8/2016,0437,2.75%,50145,Nominal,8412,350,0,0,8062
46173,7/2020,0541,1.7500000000000002E-2,51636,Nominal,7219,350,0,0,6869
46173,9/2021,0551,2.75E-2,55288,Nominal,7600,350,0,0,7250
46173,2/2024,0554,0.05,56384,Nominal,5250,350,0,0,4900
46173,10/2013,0930,3.00%,47746,Inflation-Indexed,4525,350,0,0,4175
46173,11/2014,0935,2.50%,49572,Inflation-Indexed,7303,350,0,0,6953
46173,3/2017,0440,2.5000000000000001E-2,51399,Inflation-Indexed,5165,350,0,0,4815
46173,9/2025,0950,3.2500000000000001E-2,55051,Inflation-Indexed,2425,350,0,0,2075
46203,7/2014,0427,4.50%,46492,Nominal,17268,350,0,0,16918
46203,10/2020,0528,2.5000000000000001E-3,46888,Nominal,15420,350,0,0,15070
46203,3/2018,0429,0.03,47228,Nominal,21441,350,0,0,21091
46203,3/2023,0530,4.4999999999999998E-2,47618,Nominal,19700,350,0,0,19350
46203,9/2019,0531,1.4999999999999999E-2,47983,Nominal,20009,350,0,0,19659
46203,6/2021,0532,0.02,48349,Nominal,15200,350,0,0,14850
46203,10/2015,0433,3.50%,48683,Nominal,17009,350,0,0,16659
46203,11/2022,0534,4.2500000000000003E-2,49079,Nominal,12250,350,0,0,11900
46203,4/2024,0535,4.4999999999999998E-2,49444,Nominal,15450,350,0,0,15100
46203,08/2024,0536,4.2500000000000003E-2,49810,Nominal,16125,350,0,0,15775
46203,8/2016,0437,2.75%,50145,Nominal,8637,350,0,0,8287
46203,7/2020,0541,1.7500000000000002E-2,51636,Nominal,7219,350,0,0,6869
46203,9/2021,0551,2.75E-2,55288,Nominal,7650,350,0,0,7300
46203,2/2024,0554,0.05,56384,Nominal,5300,350,0,0,4950
46203,10/2013,0930,3.00%,47746,Inflation-Indexed,4525,350,0,0,4175
46203,11/2014,0935,2.50%,49572,Inflation-Indexed,7303,350,0,0,6953
46203,3/2017,0440,2.5000000000000001E-2,51399,Inflation-Indexed,5165,350,0,0,4815
46203,9/2025,0950,3.2500000000000001E-2,55051,Inflation-Indexed,2450,350,0,0,2100
46234,7/2014,0427,4.50%,46492,Nominal,16768,350,0,0,16418
46234,10/2020,0528,2.5000000000000001E-3,46888,Nominal,15420,350,0,0,15070
46234,3/2018,0429,0.03,47228,Nominal,21026,350,0,0,20676
46234,3/2023,0530,4.4999999999999998E-2,47618,Nominal,19950,350,0,0,19600
46234,9/2019,0531,1.4999999999999999E-2,47983,Nominal,20284,350,0,0,19934
46234,6/2021,0532,0.02,48349,Nominal,15200,350,0,0,14850
46234,10/2015,0433,3.50%,48683,Nominal,17259,350,0,0,16909
46234,11/2022,0534,4.2500000000000003E-2,49079,Nominal,12250,350,0,0,11900
46234,4/2024,0535,4.4999999999999998E-2,49444,Nominal,15625,350,0,0,15275
46234,08/2024,0536,4.2500000000000003E-2,49810,Nominal,16425,350,0,0,16075
46234,8/2016,0437,2.75%,50145,Nominal,8637,350,0,0,8287
46234,7/2026,0538,4.7500000000000001E-2,50540,Nominal,7350,350,0,0,7000
46234,7/2020,0541,1.7500000000000002E-2,51636,Nominal,7219,350,0,0,6869
46234,9/2021,0551,2.75E-2,55288,Nominal,7650,350,0,0,7300
46234,2/2024,0554,0.05,56384,Nominal,5400,350,0,0,5050
46234,10/2013,0930,3.00%,47746,Inflation-Indexed,4550,350,0,0,4200
46234,11/2014,0935,2.50%,49572,Inflation-Indexed,7303,350,0,0,6953
46234,3/2017,0440,2.5000000000000001E-2,51399,Inflation-Indexed,5165,350,0,0,4815
46234,9/2025,0950,3.2500000000000001E-2,55051,Inflation-Indexed,2450,350,0,0,2100
,,,,,,,,,,
46265,7/2014,0427,4.50%,46492,Nominal,16330,350,0,0,15980
46265,10/2020,0528,2.5000000000000001E-3,46888,Nominal,15420,350,0,0,15070
46265,3/2018,0429,0.03,47228,Nominal,20611,350,0,0,20261
46265,3/2023,0530,4.4999999999999998E-2,47618,Nominal,19950,350,0,0,19600
46265,9/2019,0531,1.4999999999999999E-2,47983,Nominal,20509,350,0,0,20159
46265,6/2021,0532,0.02,48349,Nominal,15700,350,0,0,15350
46265,10/2015,0433,3.50%,48683,Nominal,17484,350,0,0,17134
46265,11/2022,0534,4.2500000000000003E-2,49079,Nominal,12250,350,0,0,11900
46265,4/2024,0535,4.4999999999999998E-2,49444,Nominal,16000,350,0,0,15650
46265,08/2024,0536,4.2500000000000003E-2,49810,Nominal,16800,350,0,0,16450
46265,8/2016,0437,2.75%,50145,Nominal,8637,350,0,0,8287
46265,7/2026,0538,4.7500000000000001E-2,50540,Nominal,7350,350,0,0,7000
46265,7/2020,0541,1.7500000000000002E-2,51636,Nominal,7269,350,0,0,6919
46265,9/2021,0551,2.75E-2,55288,Nominal,7650,350,0,0,7300
46265,2/2024,554,0.05,56384,Nominal,5450,350,0,0,5100
46265,10/2013,0930,3.00%,47746,Inflation-Indexed,4550,350,0,0,4200
46265,11/2014,0935,2.50%,49572,Inflation-Indexed,7303,350,0,0,6953
46265,3/2017,0440,2.5000000000000001E-2,51399,Inflation-Indexed,5190,350,0,0,4840
46265,9/2025,0950,3.2500000000000001E-2,55051,Inflation-Indexed,2450,350,0,0,2100
