date,tender,maturity,coupon,offered,allotted,bids,coverage,wa_yield,low_yield,high_yield,highest_bid_yield,tail_bp
1982-08-05,TB1,1984-04-15,16,200000000.0,200000000.0,580191000.0,2.91,16.449,16.24,16.56,17.25,11.1
1982-08-05,TB1,1986-04-15,16,100000000.0,100000000.0,309625000.0,3.1,16.634,16.49,16.68,17.4,4.6
1982-08-05,TB1,1988-04-15,16,50000000.0,50000000.0,175075000.0,3.51,16.584,16.39,16.66,17.28,7.6
1982-09-16,TB2,1984-09-15,15,325000000.0,325000000.0,1132800000.0,3.49,15.255,15.14,15.3,17.5,4.5
1982-09-16,TB2,1987-03-15,15,200000000.0,200000000.0,689825000.0,3.47,15.301,15.25,15.32,16.09,1.9
1982-09-16,TB2,1992-03-15,15,150000000.0,150000000.0,521950000.0,3.52,15.311,15.24,15.34,16.29,2.9
1982-10-14,TB3,1984-06-15,13,150000000.0,150000000.0,609000000.0,4.06,12.856,12.84,12.88,14.2,2.4
1982-10-14,TB3,1985-10-15,13.5,275000000.0,275000000.0,706900000.0,2.57,13.153,13.14,13.18,14.26,2.7
1982-10-14,TB3,1989-10-15,13.5,175000000.0,175000000.0,423700000.0,2.42,13.375,13.35,13.39,14.4,1.5
1982-10-14,TB3,1994-10-15,13.5,100000000.0,100000000.0,242600000.0,2.43,13.59,13.4,13.65,14.95,6.0
1982-11-25,TB4,1984-12-15,12.5,225000000.0,325000000.0,519500000.0,2.31,13.472,13.43,13.7,15.37,22.8
1982-11-25,TB4,1986-12-15,13,325000000.0,425000000.0,547250000.0,1.68,13.849,13.51,14.29,15.23,44.1
1982-11-25,TB4,1990-12-15,13.5,175000000.0,225000000.0,290600000.0,1.66,14.299,13.84,14.53,14.78,23.1
1982-11-25,TB4,1995-06-15,13.5,75000000.0,125000000.0,90300000.0,1.21,14.404,13.69,15.0,16.5,59.6
1983-01-13,TB5,1985-07-15,12,450000000.0,450000000.0,697630000.0,1.55,12.047,11.74,12.19,12.89,14.3
1983-01-13,TB5,1987-07-15,12,350000000.0,350000000.0,908550000.0,2.6,12.144,11.5,12.26,13.78,11.6
1983-01-13,TB5,1992-07-15,12.5,200000000.0,200000000.0,460350000.0,2.32,13.234,12.5,13.39,14.74,15.6
1983-01-13,TB5,1996-07-15,12.5,100000000.0,100000000.0,312700000.0,3.13,13.567,12.7,13.79,14.98,22.3
1983-04-18,TB6,1985-04-15,11.7,300000000.0,300000000.0,699900000.0,2.34,12.306,12.14,12.39,15.0,8.4
1983-04-18,TB6,1987-10-15,13.5,150000000.0,150000000.0,490600000.0,3.28,13.378,13.29,13.43,15.48,5.2
1983-04-18,TB6,1994-10-15,13.5,50000000.0,50000000.0,239612000.0,4.8,14.026,13.97,14.07,15.98,4.4
1983-05-26,TB7,1985-12-15,11,550000000.0,650000000.0,762500000.0,1.39,12.81,12.47,13.07,14.88,26.0
1983-05-26,TB7,1987-12-15,11.5,450000000.0,500000000.0,573100000.0,1.27,13.572,13.12,14.05,16.5,47.8
1983-05-26,TB7,1991-12-15,12,400000000.0,400000000.0,771050000.0,1.93,14.31,13.75,14.67,16.93,36.0
1983-05-26,TB7,1996-12-15,12,100000000.0,100000000.0,161900000.0,1.62,14.803,14.29,15.15,17.0,34.7
1983-07-05,TB8,1990-12-15,13.5,200000000.0,200000000.0,470270000.0,2.35,15.583,14.75,15.85,17.0,26.7
1983-07-05,TB8,1995-06-15,13.5,50000000.0,50000000.0,97000000.0,1.94,15.796,15.3,16.2,17.13,40.4
1983-07-05,TB8,1986-05-15,11.7,400000000.0,400000000.0,403170000.0,1.01,14.792,14.18,15.4,15.6,60.8
1983-07-05,TB8,1988-05-15,12.5,350000000.0,350000000.0,481285000.0,1.38,15.306,14.55,15.88,16.5,57.4
1983-08-30,TB9,1986-03-15,13,550000000.0,550000000.0,1532390000.0,2.79,14.592,14.2,14.73,16.04,13.8
1983-08-30,TB9,1988-08-15,13.5,425000000.0,425000000.0,1176134000.0,2.77,15.27,14.5,15.49,16.73,22.0
1983-08-30,TB9,1990-03-15,14,375000000.0,375000000.0,1258521000.0,3.36,15.598,15.25,15.77,17.0,17.2
1983-08-30,TB9,1995-03-15,14,150000000.0,150000000.0,1020394000.0,6.81,15.745,14.85,15.85,18.0,10.5
1983-09-27,TB10,1986-09-15,13,400000000.0,550000000.0,1528800000.0,3.83,13.049,12.9,13.13,15.0,8.1
1983-09-27,TB10,1988-03-15,13.5,350000000.0,450000000.0,1608459000.0,4.61,13.593,13.15,13.68,15.58,8.7
1983-09-27,TB10,1993-09-15,14,350000000.0,450000000.0,1662183000.0,4.76,14.429,14.0,14.5,16.7,7.1
1983-09-27,TB10,1998-09-15,14.5,100000000.0,150000000.0,523600000.0,5.26,14.575,13.64,14.74,17.0,16.5
1983-10-25,TB11,1987-04-15,12.5,350000000.0,350000000.0,1192802000.0,3.42,12.576,12.3,12.67,14.81,9.4
1983-10-25,TB11,1989-10-15,13,350000000.0,350000000.0,1458830000.0,4.19,13.261,13.0,13.34,15.28,7.9
1983-10-25,TB11,1994-10-15,13.5,350000000.0,350000000.0,1473902000.0,4.22,14.112,13.85,14.17,16.07,5.8
1983-10-25,TB11,1999-04-15,14,150000000.0,150000000.0,468288000.0,3.14,14.459,14.2,14.58,16.44,12.1
1983-11-29,TB12,1987-12-15,11.5,200000000.0,400000000.0,669100000.0,3.37,11.394,11.2,11.45,12.2,5.6
1983-11-29,TB12,1991-12-15,12,400000000.0,600000000.0,838090000.0,2.11,12.635,12.41,12.75,14.05,11.5
1983-11-29,TB12,1993-06-15,13,450000000.0,500000000.0,1079170000.0,2.41,13.045,12.87,13.13,14.2,8.5
1983-11-29,TB12,1995-06-15,13.5,150000000.0,200000000.0,463920000.0,3.12,13.317,13.19,13.38,14.1,6.3
1984-01-10,TB13,1987-07-15,12,400000000.0,400000000.0,1135370000.0,2.85,12.684,12.49,12.75,14.05,6.6
1984-01-10,TB13,1992-07-15,12.5,400000000.0,400000000.0,1506860000.0,3.78,13.669,13.49,13.73,14.78,6.1
1984-01-10,TB13,1994-07-15,12.5,150000000.0,150000000.0,643010000.0,4.3,13.794,13.69,13.85,15.24,5.6
1984-01-10,TB13,1996-07-15,12.5,150000000.0,150000000.0,415450000.0,2.79,13.974,13.8,14.1,15.48,12.6
1984-02-21,TB14,1988-02-15,12.5,200000000.0,200000000.0,863600000.0,4.33,12.603,12.5,12.69,13.4,8.7
1984-02-21,TB14,1993-08-15,13,350000000.0,350000000.0,1030870000.0,2.95,13.775,13.62,13.83,15.58,5.5
1984-02-21,TB14,1997-08-15,13.5,150000000.0,150000000.0,489245000.0,3.27,14.016,13.91,14.09,16.0,7.4
1984-03-13,TB15,1988-09-15,13,200000000.0,200000000.0,600860000.0,3.01,13.39,13.3,13.47,14.45,8.0
1984-03-13,TB15,1993-09-15,14,400000000.0,400000000.0,1370450000.0,3.45,14.353,14.19,14.42,16.0,6.7
1984-03-13,TB15,1999-03-15,14,150000000.0,150000000.0,479950000.0,3.21,14.664,14.45,14.75,16.45,8.6
1984-05-15,TB16,1988-05-15,12.5,100000000.0,250000000.0,397650000.0,3.98,12.518,12.44,12.55,13.2,3.2
1984-05-15,TB16,1991-05-15,13,400000000.0,450000000.0,987900000.0,2.47,13.432,13.25,13.49,15.0,5.8
1984-05-15,TB16,1994-05-15,13.5,400000000.0,450000000.0,1095645000.0,2.75,13.88,13.75,13.93,15.98,5.0
1984-05-15,TB16,1997-05-15,13.5,100000000.0,150000000.0,259700000.0,2.62,14.035,13.89,14.16,14.93,12.5
1984-07-10,TB17,1988-07-15,12,200000000.0,202100000.0,418125000.0,2.07,12.547,12.4,12.59,13.47,4.3
1984-07-10,TB17,1991-01-15,12,400000000.0,402400000.0,691685000.0,1.72,13.275,13.18,13.33,13.85,5.5
1984-07-10,TB17,1994-01-15,13.5,400000000.0,401600000.0,1242050000.0,3.09,13.708,13.66,13.77,14.5,6.2
1984-07-10,TB17,1998-07-15,13.5,200000000.0,200700000.0,407300000.0,2.03,14.115,13.9,14.19,15.5,7.5
1984-08-28,TB18,1989-03-15,11.5,200000000.0,302000000.0,602000000.0,2.98,11.871,11.59,11.96,12.75,8.9
1984-08-28,TB18,1992-03-15,12,400000000.0,501800000.0,696300000.0,1.73,12.423,12.14,12.48,13.1,5.7
1984-08-28,TB18,1994-09-15,12.5,400000000.0,501100000.0,682150000.0,1.7,12.709,12.5,12.79,13.4,8.1
1984-08-28,TB18,1997-09-15,12.5,200000000.0,300800000.0,323640000.0,1.61,13.107,12.98,13.2,13.75,9.3
1984-09-25,TB19,1988-04-15,11.5,350000000.0,400400000.0,627100000.0,1.79,12.548,12.31,12.66,13.84,11.2
1984-09-25,TB19,1991-04-15,12,300000000.0,350400000.0,598600000.0,1.99,13.06,12.94,13.15,14.49,9.0
1984-09-25,TB19,1995-04-15,12.5,300000000.0,350300000.0,928450000.0,3.09,13.441,13.33,13.49,14.3,4.9
1984-09-25,TB19,1998-04-15,13,150000000.0,200900000.0,318000000.0,2.11,13.69,13.59,13.75,14.2,6.0
1984-10-23,TB20,1988-11-15,12,250000000.0,301700000.0,599400000.0,2.38,12.77,12.65,12.84,13.25,7.0
1984-10-23,TB20,1992-05-15,12.5,300000000.0,350200000.0,535500000.0,1.78,13.112,13.05,13.15,13.6,3.8
1984-10-23,TB20,1995-11-15,13,300000000.0,351600000.0,944810000.0,3.13,13.334,13.27,13.37,13.91,3.6
1984-10-23,TB20,2000-05-15,13,150000000.0,200900000.0,568060000.0,3.76,13.597,13.44,13.64,14.14,4.3
1984-12-04,TB21,1989-06-15,12.5,250000000.0,350600000.0,845000000.0,3.37,12.933,12.89,12.94,13.6,0.7
1984-12-04,TB21,1992-12-15,12.5,300000000.0,400300000.0,510800000.0,1.7,13.19,13.1,13.24,13.68,5.0
1984-12-04,TB21,1996-06-15,12.5,300000000.0,401000000.0,747300000.0,2.48,13.43,13.34,13.47,13.99,4.0
1984-12-04,TB21,2000-12-15,13,150000000.0,251000000.0,357630000.0,2.37,13.589,13.5,13.63,13.98,4.1
1985-01-22,TB22,1989-02-15,12.5,200000000.0,250800000.0,359000000.0,1.79,12.816,12.67,12.93,13.14,11.4
1985-01-22,TB22,1992-02-15,13,250000000.0,301700000.0,462500000.0,1.84,13.141,13.05,13.21,13.49,6.9
1985-01-22,TB22,1995-02-15,13,250000000.0,301400000.0,407500000.0,1.62,13.249,13.14,13.34,13.6,9.1
1985-01-22,TB22,2000-02-15,13,150000000.0,201000000.0,213190000.0,1.41,13.494,13.36,13.59,13.93,9.6
1985-05-28,TB23,1989-11-15,13,300000000.0,301800000.0,734000000.0,2.43,13.673,13.61,13.7,14.4,2.7
1985-05-28,TB23,1993-05-15,13,350000000.0,350900000.0,780750000.0,2.23,13.882,13.8,13.93,14.4,4.8
1985-05-28,TB23,1995-11-15,13,400000000.0,401500000.0,1124250000.0,2.8,13.952,13.93,13.97,14.4,1.8
1985-05-28,TB23,2000-05-15,13,150000000.0,151300000.0,529650000.0,3.5,14.202,14.15,14.23,14.6,2.8
1985-07-09,TB24,1989-07-15,12.5,300000000.0,350700000.0,765300000.0,2.55,12.974,12.88,13.03,13.45,5.6
1985-07-09,TB24,1995-07-15,13,400000000.0,451400000.0,819120000.0,2.04,13.062,12.99,13.12,14.1,5.8
1985-07-09,TB24,2000-07-15,13,200000000.0,251100000.0,384150000.0,1.91,13.195,13.1,13.27,14.0,7.5
1985-08-27,TB25,1989-02-15,12.5,250000000.0,250100000.0,499000000.0,2.0,14.074,13.99,14.13,14.8,5.6
1985-08-27,TB25,1995-02-15,13,400000000.0,400500000.0,1453730000.0,3.63,13.916,13.87,13.94,14.96,2.4
1985-08-27,TB25,2000-02-15,13,150000000.0,150300000.0,475320000.0,3.16,14.121,13.18,14.18,14.9,5.9
1985-10-08,TB26,1989-07-15,12.5,200000000.0,250700000.0,640700000.0,3.19,14.041,14.0,14.07,14.29,2.9
1985-10-08,TB26,1995-04-15,12.5,350000000.0,400800000.0,909700000.0,2.59,13.83,13.8,13.85,14.2,2.0
1985-10-08,TB26,2000-07-15,13,150000000.0,200700000.0,408320000.0,2.71,14.016,13.97,14.05,14.73,3.4
1985-11-26,TB27,1989-01-15,13,200000000.0,251000000.0,503200000.0,2.51,15.654,15.45,15.72,16.2,6.6
1985-11-26,TB27,1992-02-15,13,250000000.0,303400000.0,597700000.0,2.36,15.469,15.3,15.55,15.93,8.1
1985-11-26,TB27,1995-07-15,13,300000000.0,350930000.0,743230000.0,2.47,15.128,14.97,15.24,16.0,11.2
1986-01-14,TB28,1990-01-15,13.5,250000000.0,325400000.0,332800000.0,1.21,15.053,14.82,15.2,15.3,14.7
1986-01-14,TB28,1993-01-15,13.5,250000000.0,321400000.0,286900000.0,1.06,14.828,14.65,15.08,15.2,25.2
1986-01-14,TB28,1996-03-15,13.5,250000000.0,320100000.0,416150000.0,1.54,14.616,14.53,14.7,15.05,8.4
1986-02-25,TB29,1991-01-15,13,200000000.0,318900000.0,657500000.0,3.0,14.073,14.0,14.14,14.51,6.7
1986-02-25,TB29,1993-05-15,13,150000000.0,268700000.0,852850000.0,5.69,13.862,13.8,13.95,14.36,8.8
1986-02-25,TB29,1996-07-15,13,400000000.0,532600000.0,1263650000.0,2.92,13.796,13.75,13.8,14.26,0.4
1986-05-20,TB30,1991-04-15,12,250000000.0,350300000.0,652700000.0,2.61,12.663,12.6,12.69,13.27,2.7
1986-05-20,TB30,1996-11-15,12,450000000.0,550200000.0,1406850000.0,3.12,12.85,12.79,12.89,13.53,4.0
1986-05-20,TB30,2001-11-15,12,150000000.0,251100000.0,366000000.0,2.42,13.153,13.09,13.19,13.94,3.7
1986-07-15,TB31,1989-07-15,12.5,350000000.0,450400000.0,652250000.0,1.86,13.374,13.25,13.44,14.38,6.6
1986-07-15,TB31,1996-07-15,13,350000000.0,450100000.0,813200000.0,2.32,13.263,13.15,13.31,14.38,4.7
1986-08-26,TB32,1991-01-15,13,200000000.0,300500000.0,392000000.0,1.96,14.268,14.17,14.4,15.48,13.2
1986-08-26,TB32,1996-07-15,13,200000000.0,300100000.0,580100000.0,2.9,13.943,13.89,13.98,14.95,3.7
1986-10-14,TB33,1997-03-15,12.5,400000000.0,800300000.0,855000000.0,2.14,13.295,13.27,13.31,13.92,1.5
1986-11-25,TB34,1992-05-15,12.5,200000000.0,300200000.0,523000000.0,2.61,13.74,13.71,13.77,14.05,3.0
1986-11-25,TB34,1997-03-15,12.5,200000000.0,300100000.0,253000000.0,1.26,13.539,13.39,13.68,13.96,14.1
1987-01-20,TB35,1991-01-15,13,200000000.0,400200000.0,434100000.0,2.17,14.102,13.97,14.15,14.69,4.8
1987-01-20,TB35,1997-03-15,12.5,300000000.0,500300000.0,559500000.0,1.86,13.558,13.44,13.65,13.91,9.2
1987-03-03,TB36,1992-02-15,13,200000000.0,400300000.0,481000000.0,2.4,14.728,14.62,14.78,15.47,5.2
1987-03-03,TB36,1997-09-15,12.5,300000000.0,500100000.0,1081400000.0,3.6,14.016,13.99,14.03,14.97,1.4
1987-05-19,TB37,1991-04-15,12,200000000.0,300100000.0,703000000.0,3.51,12.793,12.75,12.81,13.83,1.7
1987-05-19,TB37,1997-09-15,12.5,300000000.0,400100000.0,529000000.0,1.76,12.47,12.39,12.53,12.74,6.0
1987-07-16,TB38,1991-04-15,12,200000000.0,200300000.0,737000000.0,3.68,12.798,12.77,12.81,13.48,1.2
1987-07-16,TB38,1997-09-15,12.5,300000000.0,300200000.0,835850000.0,2.78,12.69,12.69,12.69,13.38,0.0
1987-08-18,TB39,1989-07-15,12.5,200000000.0,200100000.0,465000000.0,2.32,12.499,12.48,12.53,12.75,3.1
1987-08-18,TB39,1998-01-15,12.5,300000000.0,350200000.0,681110000.0,2.27,12.89,12.84,12.94,13.22,5.0
1987-09-22,TB40,1992-03-15,12,200000000.0,200000000.0,490000000.0,2.45,11.973,11.87,12.04,12.24,6.7
1987-09-22,TB40,1998-01-15,12.5,200000000.0,200000000.0,819905000.0,4.1,12.32,12.25,12.33,12.64,1.0
1987-11-17,TB41,1992-03-15,12,200000000.0,200000000.0,546000000.0,2.73,12.695,12.65,12.73,13.0,3.5
1987-11-17,TB41,1998-01-15,12.5,200000000.0,250200000.0,517000000.0,2.58,13.156,13.07,13.21,13.47,5.4
1988-01-19,TB42,1992-03-15,12,200000000.0,200100000.0,415100000.0,2.07,11.498,11.43,11.55,12.0,5.2
1988-01-19,TB42,1998-01-15,12.5,200000000.0,200100000.0,877100000.0,4.38,12.454,12.43,12.46,12.78,0.6
1988-07-05,TB43,1999-07-15,12,400000000.0,800000000.0,2006000000.0,5.02,11.8,11.8,11.8,12.09,0.0
1988-11-15,TB44,1992-03-15,12,200000000.0,400000000.0,527000000.0,2.64,12.85,12.85,12.85,13.0,0.0
1988-11-15,TB44,1999-07-15,12,200000000.0,400300000.0,397000000.0,1.98,11.929,11.91,11.94,12.0,1.1
1989-03-07,TB45,1993-05-15,13,200000000.0,399600000.0,501600000.0,2.51,14.624,14.38,14.74,15.49,11.6
1989-03-07,TB45,1999-07-15,12,200000000.0,400100000.0,427115000.0,2.13,13.619,13.54,13.66,14.49,4.1
1989-07-13,TB46,1993-05-15,13,100000000.0,200000000.0,248000000.0,2.48,14.25,14.25,14.25,14.58,0.0
1989-07-13,TB46,2000-07-15,13,300000000.0,600000000.0,390000000.0,1.3,13.832,13.48,14.23,14.23,39.8
1991-04-16,TB47,1994-09-15,12.5,400000000.0,401000000.0,2307100000.0,5.75,10.846,10.8,10.88,12.0,3.4
1991-04-16,TB47,2001-11-15,12,400000000.0,400000000.0,2618500000.0,6.55,11.043,11.0,11.06,12.0,1.7
1991-05-28,TB48,1995-04-15,12.5,600000000.0,598000000.0,2034000000.0,3.4,10.279,10.24,10.3,11.1,2.1
1991-05-28,TB48,2001-11-15,12,600000000.0,601000000.0,2824000000.0,4.7,10.606,10.54,10.63,11.25,2.4
1991-07-09,TB49,1995-09-15,10.5,1000000000.0,1001000000.0,2806800000.0,2.8,10.984,10.92,11.04,12.0,5.6
1991-07-09,TB49,2001-11-15,12,500000000.0,498500000.0,1444500000.0,2.9,11.031,11.0,11.06,11.95,2.9
1991-09-03,TB50,1994-03-15,10,300000000.0,300000000.0,1110000000.0,3.67,10.057,9.98,10.1,10.35,4.3
1991-09-03,TB50,1995-09-15,10.5,600000000.0,599000000.0,1748000000.0,2.92,10.319,10.26,10.37,10.55,5.1
1991-09-03,TB50,2001-11-15,12,600000000.0,602000000.0,1384500000.0,2.3,10.704,10.67,10.72,11.25,1.6
1991-10-08,TB51,1994-03-15,10,500000000.0,500000000.0,1314500000.0,2.63,9.285,9.26,9.31,9.65,2.5
1991-10-08,TB51,1995-09-15,10.5,300000000.0,299000000.0,998000000.0,3.34,9.575,9.56,9.59,10.0,1.5
1991-10-08,TB51,2002-10-15,10,800000000.0,797000000.0,2467000000.0,3.1,10.196,10.16,10.23,11.0,3.4
1991-11-12,TB52,1994-03-15,10,400000000.0,398000000.0,838000000.0,2.11,8.663,8.64,8.7,9.3,3.7
1991-11-12,TB52,1995-09-15,10.5,400000000.0,398000000.0,991000000.0,2.49,8.948,8.9,8.98,9.4,3.2
1991-11-12,TB52,2002-10-15,10,700000000.0,702252000.0,3294252000.0,4.69,9.908,9.87,9.93,10.99,2.2
1991-12-10,TB53,1995-09-15,10.5,400000000.0,403000000.0,1183000000.0,2.94,8.376,8.35,8.4,8.99,2.4
1991-12-10,TB53,2002-10-15,10,600000000.0,601155000.0,1603155000.0,2.67,9.768,9.73,9.79,10.5,2.2
1992-02-11,TB54,1994-03-15,10,400000000.0,500000000.0,1437000000.0,3.59,8.119,8.11,8.13,8.5,1.1
1992-02-11,TB54,2002-10-15,10,400000000.0,502300000.0,1271300000.0,3.16,10.085,10.08,10.1,10.37,1.5
1992-03-19,TB55,1994-03-15,10,400000000.0,400000000.0,875000000.0,2.19,8.43,8.39,8.48,9.0,5.0
1992-03-19,TB55,2002-10-15,10,500000000.0,796100000.0,1660100000.0,3.35,10.181,10.16,10.2,10.75,1.9
1992-04-14,TB56,1994-09-15,12.5,300000000.0,300900000.0,826900000.0,2.75,8.046,8.02,8.07,8.5,2.4
1992-04-14,TB56,2003-08-15,9.5,800000000.0,999000000.0,2015000000.0,2.52,9.883,9.83,9.92,10.3,3.7
1992-05-14,TB57,1994-09-15,12.5,400000000.0,403000000.0,1398000000.0,3.47,7.74,7.7,7.76,8.5,2.0
1992-05-14,TB57,2003-08-15,9.5,700000000.0,894128000.0,2683528000.0,3.87,9.343,9.23,9.35,9.7,0.7
1992-06-16,TB58,1994-09-15,12.5,400000000.0,400000000.0,1887000000.0,4.72,6.904,6.9,6.92,7.2,1.6
1992-06-16,TB58,2003-08-15,9.5,600000000.0,601000000.0,1564000000.0,2.6,8.99,8.96,9.0,9.5,1.0
1992-07-14,TB59,1995-09-15,10.5,300000000.0,500000000.0,930000000.0,3.1,6.709,6.7,6.73,7.0,2.1
1992-07-14,TB59,1997-09-15,12.5,600000000.0,602000000.0,1686155000.0,2.8,7.579,7.53,7.59,7.9,1.1
1992-08-04,TB60,1998-08-15,7,600000000.0,798000000.0,1459000000.0,2.44,7.605,7.53,7.63,8.15,2.5
1992-08-04,TB60,2003-08-15,9.5,300000000.0,300194000.0,1477194000.0,4.92,8.45,8.37,8.46,8.75,1.0
1992-09-03,TB61,1998-08-15,7,400000000.0,500000000.0,1085000000.0,2.71,8.47,8.47,8.47,8.94,0.0
1992-09-03,TB61,2003-08-15,9.5,400000000.0,500000000.0,1598050000.0,4.0,8.865,8.86,8.87,10.22,0.5
1992-09-17,TB62,1998-08-15,7,400000000.0,500000000.0,494000000.0,1.24,8.675,8.61,8.85,9.02,17.5
1992-09-17,TB62,2003-08-15,9.5,500000000.0,501485000.0,1430485000.0,2.85,9.081,9.05,9.1,9.54,1.9
1992-10-01,TB63,1995-09-15,10.5,400000000.0,399000000.0,1376000000.0,3.45,7.929,7.89,7.95,8.5,2.1
1992-10-01,TB63,2002-10-15,10,400000000.0,400570000.0,866570000.0,2.16,9.149,9.08,9.2,10.09,5.1
1992-10-15,TB64,1997-09-15,12.5,400000000.0,396000000.0,1352000000.0,3.41,8.028,7.99,8.05,8.4,2.2
1992-10-15,TB64,2003-08-15,9.5,300000000.0,300100000.0,1742700000.0,5.81,8.78,8.76,8.78,9.2,0.0
1992-11-05,TB65,1997-03-15,12.5,300000000.0,297600000.0,1024600000.0,3.44,8.168,8.13,8.19,8.47,2.2
1992-11-05,TB65,2002-10-15,10,500000000.0,498790000.0,1484790000.0,2.98,8.953,8.92,8.98,9.5,2.7
1992-11-19,TB66,1998-08-15,7,300000000.0,300820000.0,1348820000.0,4.48,8.511,8.5,8.52,8.75,0.9
1992-11-19,TB66,2004-09-15,9,600000000.0,797000000.0,2404000000.0,4.03,9.082,9.04,9.1,10.0,1.8
1992-12-03,TB67,1995-04-15,12.5,300000000.0,300500000.0,917500000.0,3.05,7.412,7.39,7.44,9.0,2.8
1992-12-03,TB67,2004-09-15,9,300000000.0,297000000.0,1399000000.0,4.71,9.043,9.0,9.06,9.4,1.7
1992-12-17,TB68,1995-04-15,12.5,300000000.0,302083000.0,1050317000.0,3.48,7.261,7.24,7.27,7.45,0.9
1992-12-17,TB68,1998-08-15,7,200000000.0,199860000.0,860940000.0,4.31,8.48,8.45,8.48,8.65,0.0
1992-12-17,TB68,2004-09-15,9,300000000.0,302800000.0,1412800000.0,4.67,9.09,9.06,9.1,9.35,1.0
1993-01-21,TB69,1999-07-15,12,300000000.0,299400000.0,905400000.0,3.02,8.572,8.55,8.59,8.75,1.8
1993-01-21,TB69,2004-09-15,9,600000000.0,601470000.0,1714470000.0,2.85,9.023,8.99,9.05,9.5,2.7
1993-02-04,TB70,1996-07-15,13,300000000.0,300000000.0,1897000000.0,6.32,7.685,7.68,7.69,7.95,0.5
1993-02-04,TB70,2000-07-15,13,200000000.0,198000000.0,660000000.0,3.33,8.506,8.48,8.52,8.75,1.4
1993-02-04,TB70,2004-09-15,9,500000000.0,504150000.0,2002150000.0,3.97,8.819,8.8,8.83,9.0,1.1
1993-02-18,TB71,1996-07-15,13,400000000.0,397000000.0,1297200000.0,3.27,7.555,7.54,7.57,7.77,1.5
1993-02-18,TB71,1998-08-15,7,300000000.0,299450000.0,824450000.0,2.75,8.124,8.09,8.14,8.3,1.6
1993-02-18,TB71,2003-08-15,9.5,300000000.0,297487000.0,2203397000.0,7.41,8.464,8.45,8.47,8.73,0.6
1993-03-04,TB72,1998-08-15,7,300000000.0,296350000.0,804350000.0,2.71,7.419,7.39,7.43,7.6,1.1
1993-03-04,TB72,2003-08-15,9.5,400000000.0,399417000.0,1959417000.0,4.91,7.875,7.85,7.89,8.25,1.5
1993-03-04,TB72,1997-09-15,12.5,400000000.0,397475000.0,851475000.0,2.14,7.136,7.1,7.16,7.39,2.4
1993-03-25,TB73,1999-07-15,12,300000000.0,301000000.0,957950000.0,3.18,7.369,7.35,7.38,7.6,1.1
1993-03-25,TB73,2004-09-15,9,500000000.0,500000000.0,2206970000.0,4.41,7.81,7.81,7.81,8.16,0.0
1993-04-15,TB74,2000-04-15,7,500000000.0,695500000.0,1339000000.0,2.7,7.271,7.23,7.29,7.43,1.9
1993-04-15,TB74,2004-09-15,9,200000000.0,198500000.0,727500000.0,3.66,7.534,7.52,7.55,7.76,1.6
1993-04-29,TB75,2000-04-15,7,500000000.0,498000000.0,1497000000.0,3.01,7.296,7.27,7.31,7.5,1.4
1993-04-29,TB75,2004-09-15,9,300000000.0,308000000.0,1196000000.0,3.88,7.604,7.59,7.61,7.78,0.6
1993-05-20,TB76,1998-08-15,7,400000000.0,401245000.0,1414245000.0,3.52,6.95,6.93,6.96,7.25,1.0
1993-05-20,TB76,2000-04-15,7,400000000.0,399700000.0,1764700000.0,4.42,7.351,7.34,7.36,7.7,0.9
1993-06-03,TB77,2000-04-15,7,400000000.0,400000000.0,1681000000.0,4.2,7.409,7.4,7.43,7.7,2.1
1993-06-03,TB77,2004-09-15,9,300000000.0,303077000.0,1245077000.0,4.11,7.753,7.72,7.76,8.33,0.7
1993-06-17,TB78,1998-08-15,7,200000000.0,198039000.0,781039000.0,3.94,7.008,6.99,7.02,7.1,1.2
1993-06-17,TB78,2000-04-15,7,300000000.0,300000000.0,815000000.0,2.72,7.362,7.35,7.37,7.44,0.8
1993-06-17,TB78,2004-09-15,9,200000000.0,204000000.0,1343530000.0,6.59,7.7,7.36,7.72,7.83,2.0
1993-07-01,TB79,1996-07-15,13,300000000.0,300000000.0,2381490000.0,7.94,6.12,6.12,6.12,6.5,0.0
1993-07-01,TB79,2000-04-15,7,500000000.0,500500000.0,1513500000.0,3.02,7.154,7.14,7.17,7.31,1.6
1993-07-15,TB80,1998-01-15,12.5,200000000.0,201000000.0,979000000.0,4.87,6.488,6.47,6.5,6.7,1.2
1993-07-15,TB80,2005-07-15,7.5,600000000.0,800950000.0,2364950000.0,3.94,7.213,7.19,7.24,7.6,2.7
1993-08-05,TB81,1997-03-15,12.5,300000000.0,298467000.0,1708467000.0,5.72,5.994,5.98,6.0,6.2,0.6
1993-08-05,TB81,2005-07-15,7.5,600000000.0,598000000.0,1808336000.0,3.02,7.04,7.02,7.06,7.44,2.0
1993-08-26,TB82,1997-03-15,12.5,300000000.0,300000000.0,1469000000.0,4.9,6.037,6.03,6.04,6.16,0.3
1993-08-26,TB82,2005-07-15,7.5,700000000.0,700545000.0,1900545000.0,2.71,6.99,6.97,7.0,7.4,1.0
1993-09-09,TB83,1998-08-15,7,300000000.0,301505000.0,1018505000.0,3.38,6.187,6.18,6.2,6.33,1.3
1993-09-09,TB83,2005-07-15,7.5,600000000.0,602600000.0,1324600000.0,2.2,6.747,6.72,6.76,7.0,1.3
1993-09-24,TB84,1997-09-15,12.5,300000000.0,300500000.0,1288550000.0,4.29,6.07,6.06,6.08,6.27,1.0
1993-09-24,TB84,2005-07-15,7.5,600000000.0,697210000.0,1832904000.0,3.07,6.981,6.95,7.0,7.29,1.9
1993-10-07,TB85,1996-07-15,13,300000000.0,299478000.0,1003478000.0,3.35,5.692,5.68,5.7,5.78,0.8
1993-10-07,TB85,1998-08-15,7,300000000.0,297264000.0,667264000.0,2.24,6.274,6.25,6.29,6.38,1.6
1993-10-07,TB85,2005-07-15,7.5,300000000.0,303125000.0,752125000.0,2.48,6.904,6.88,6.91,6.99,0.6
1993-10-21,TB86,1999-03-15,6.25,700000000.0,900000000.0,2853000000.0,4.08,6.156,6.13,6.18,9.2,2.4
1993-10-21,TB86,2005-07-15,7.5,300000000.0,298850000.0,1044700000.0,3.5,6.63,6.61,6.64,6.7,1.0
1993-11-04,TB87,1996-07-15,13,300000000.0,301500000.0,1484500000.0,4.92,5.486,5.48,5.49,6.0,0.4
1993-11-04,TB87,1999-03-15,6.25,700000000.0,698000000.0,1686000000.0,2.42,6.231,6.21,6.25,6.36,1.9
1993-11-18,TB88,1999-03-15,6.25,400000000.0,399000000.0,642000000.0,1.61,6.312,6.28,6.34,6.74,2.8
1993-11-18,TB88,2006-11-15,6.75,700000000.0,903000000.0,2035000000.0,2.89,6.837,6.8,6.85,7.25,1.3
1993-12-02,TB89,1999-03-15,6.25,300000000.0,299835000.0,1128335000.0,3.76,6.553,6.53,6.56,6.63,0.7
1993-12-02,TB89,2006-11-15,6.75,500000000.0,501353000.0,1967653000.0,3.92,7.084,7.07,7.09,7.24,0.6
1993-12-16,TB90,1999-03-15,6.25,200000000.0,199000000.0,854250000.0,4.29,6.369,6.36,6.38,6.45,1.1
1993-12-16,TB90,2006-11-15,6.75,300000000.0,299000000.0,1074300000.0,3.59,6.942,6.93,6.95,7.07,0.8
1994-01-13,TB91,1999-03-15,6.25,200000000.0,199000000.0,950050000.0,4.77,6.202,6.18,6.21,6.35,0.8
1994-01-13,TB91,2006-11-15,6.75,500000000.0,501000000.0,1475180000.0,2.94,6.657,6.63,6.66,7.0,0.3
1994-02-03,TB92,2000-04-15,7,300000000.0,299000000.0,1274100000.0,4.26,6.236,6.22,6.24,6.3,0.4
1994-02-03,TB92,2006-11-15,6.75,500000000.0,498765000.0,1345765000.0,2.7,6.55,6.54,6.56,6.62,1.0
1994-02-17,TB93,1998-08-15,7,300000000.0,296855000.0,1047955000.0,3.53,6.162,6.15,6.17,6.26,0.8
1994-02-17,TB93,2006-11-15,6.75,500000000.0,500449000.0,1318449000.0,2.63,6.732,6.72,6.74,6.84,0.8
1994-03-09,TB94,1999-03-15,6.25,200000000.0,199440000.0,851440000.0,4.27,7.087,7.06,7.1,7.6,1.3
1994-03-09,TB94,2000-04-15,7,200000000.0,201682000.0,901682000.0,4.47,7.265,7.24,7.28,7.75,1.5
1994-03-23,TB95,1999-03-15,6.25,300000000.0,301000000.0,787000000.0,2.61,7.074,7.06,7.09,7.2,1.6
1994-03-23,TB95,2006-11-15,6.75,300000000.0,299555000.0,1162555000.0,3.88,7.568,7.55,7.58,8.24,1.2
1994-04-06,TB96,1999-03-15,6.25,200000000.0,202000000.0,642000000.0,3.18,7.679,7.67,7.69,7.76,1.1
1994-04-06,TB96,2006-11-15,6.75,300000000.0,300000000.0,759000000.0,2.53,8.175,8.17,8.18,8.27,0.5
1994-04-20,TB97,2000-04-15,7,300000000.0,299900000.0,550900000.0,1.84,8.176,8.16,8.19,8.5,1.4
1994-04-20,TB97,2004-09-15,9,400000000.0,396377000.0,987877000.0,2.49,8.463,8.45,8.48,8.7,1.7
1994-05-25,TB98,2000-04-15,7,300000000.0,299500000.0,645129000.0,2.15,8.374,8.35,8.38,8.47,0.6
1994-05-25,TB98,2004-09-15,9,300000000.0,300028000.0,814293000.0,2.71,8.808,8.78,8.82,9.01,1.2
1994-06-08,TB99,2000-04-15,7,300000000.0,302000000.0,569000000.0,1.88,8.332,8.32,8.34,8.41,0.8
1994-06-08,TB99,2006-11-15,6.75,300000000.0,296350000.0,1101350000.0,3.72,8.873,8.87,8.88,8.95,0.7
1994-06-22,TB100,1999-03-15,6.25,400000000.0,399360000.0,871360000.0,2.18,9.205,9.18,9.22,10.0,1.5
1994-07-06,TB101,1998-08-15,7,200000000.0,198446000.0,286446000.0,1.44,8.756,8.73,8.77,8.83,1.4
1994-07-06,TB101,1999-03-15,6.25,300000000.0,299170000.0,431170000.0,1.44,8.911,8.87,8.93,8.98,1.9
1994-07-06,TB101,2004-09-15,9,200000000.0,200000000.0,487990000.0,2.44,9.5,9.5,9.5,9.63,0.0
1994-07-20,TB102,2001-01-15,8.75,500000000.0,599000000.0,1152000000.0,2.31,9.172,9.13,9.19,9.28,1.8
1994-07-20,TB102,2005-07-15,7.5,200000000.0,199885000.0,509885000.0,2.55,9.49,9.48,9.5,9.55,1.0
1994-08-03,TB103,2001-01-15,8.75,600000000.0,597350000.0,1163350000.0,1.95,9.21,9.18,9.22,9.28,1.0
1994-08-03,TB103,2005-07-15,7.5,200000000.0,200000000.0,730055000.0,3.65,9.55,9.55,9.55,9.66,0.0
1994-08-17,TB104,1998-08-15,7,200000000.0,200370000.0,732420000.0,3.66,8.635,8.62,8.64,8.69,0.5
1994-08-17,TB104,2001-01-15,8.75,400000000.0,401400000.0,900400000.0,2.24,9.097,9.08,9.11,9.2,1.3
1994-08-17,TB104,2005-07-15,7.5,200000000.0,201000000.0,653385000.0,3.25,9.374,9.37,9.38,9.47,0.6
1994-08-31,TB105,1998-08-15,7,200000000.0,200765000.0,549980000.0,2.74,8.628,8.62,8.63,8.74,0.2
1994-08-31,TB105,2001-01-15,8.75,400000000.0,402904000.0,1026904000.0,2.55,9.116,9.1,9.13,9.25,1.4
1994-08-31,TB105,2003-08-15,9.5,200000000.0,197052000.0,565052000.0,2.87,9.306,9.29,9.32,9.44,1.4
1994-09-14,TB106,1999-03-15,6.25,300000000.0,297250000.0,652750000.0,2.2,9.505,9.49,9.51,9.63,0.5
1994-09-14,TB106,2001-01-15,8.75,400000000.0,401870000.0,892870000.0,2.22,9.874,9.86,9.88,10.15,0.6
1994-09-28,TB107,1999-07-15,12,200000000.0,201000000.0,535129000.0,2.66,9.623,9.62,9.63,9.79,0.7
1994-09-28,TB107,2001-01-15,8.75,300000000.0,295400000.0,717500000.0,2.43,10.013,10.0,10.02,10.17,0.7
1994-09-28,TB107,2004-09-15,9,300000000.0,301087000.0,1257037000.0,4.17,10.361,10.35,10.37,10.9,0.9
1994-10-12,TB108,1998-01-15,12.5,300000000.0,300275000.0,647275000.0,2.16,9.157,9.14,9.16,9.21,0.3
1994-10-12,TB108,2001-01-15,8.75,300000000.0,302100000.0,704700000.0,2.33,9.868,9.86,9.87,9.93,0.2
1994-10-12,TB108,2003-08-15,9.5,300000000.0,299655000.0,940005000.0,3.14,10.092,10.08,10.1,10.17,0.8
1994-10-26,TB109,1998-01-15,12.5,300000000.0,300000000.0,687950000.0,2.29,9.461,9.45,9.47,9.59,0.9
1994-10-26,TB109,2001-01-15,8.75,200000000.0,198900000.0,342900000.0,1.72,10.129,10.09,10.15,10.2,2.1
1994-10-26,TB109,2005-07-15,7.5,300000000.0,300322000.0,1000117000.0,3.33,10.413,10.38,10.42,11.0,0.7
1994-11-09,TB110,2000-07-15,13,200000000.0,201450000.0,474705000.0,2.36,10.386,10.37,10.39,10.43,0.4
1994-11-09,TB110,2004-09-15,9,300000000.0,298900000.0,643812000.0,2.15,10.714,10.69,10.72,10.89,0.6
1994-11-09,TB110,2006-11-15,6.75,200000000.0,200000000.0,855558000.0,4.28,10.81,10.81,10.81,11.5,0.0
1994-11-23,TB111,2000-04-15,7,200000000.0,199894000.0,481894000.0,2.41,10.107,10.09,10.12,10.2,1.3
1994-11-23,TB111,2007-10-15,10,600000000.0,799000000.0,1086000000.0,1.81,10.531,10.47,10.57,11.0,3.9
1994-12-07,TB112,2004-09-15,9,200000000.0,199260000.0,276260000.0,1.39,10.26,10.24,10.28,10.31,2.0
1994-12-07,TB112,2007-10-15,10,600000000.0,598000000.0,744000000.0,1.24,10.322,10.28,10.35,10.38,2.8
1994-12-14,TB113,2000-04-15,7,200000000.0,199245000.0,311245000.0,1.56,10.337,10.32,10.35,10.41,1.3
1994-12-14,TB113,2006-11-15,6.75,300000000.0,299380000.0,752380000.0,2.51,10.346,10.33,10.36,10.69,1.4
1995-01-11,TB114,2000-04-15,7,300000000.0,301000000.0,769500000.0,2.56,10.461,10.44,10.47,10.54,0.9
1995-01-11,TB114,2007-10-15,10,500000000.0,502280000.0,1742280000.0,3.47,10.477,10.47,10.49,10.73,1.3
1995-01-18,TB115,1999-07-15,12,200000000.0,199589000.0,468589000.0,2.35,10.304,10.28,10.31,10.35,0.6
1995-01-18,TB115,2005-07-15,7.5,300000000.0,299900000.0,1027214000.0,3.43,10.341,10.33,10.35,10.47,0.9
1995-01-18,TB115,2007-10-15,10,200000000.0,201312000.0,595312000.0,2.96,10.386,10.37,10.4,10.52,1.4
1995-02-08,TB116,1998-01-15,12.5,300000000.0,298720000.0,859970000.0,2.88,9.876,9.86,9.88,10.0,0.4
1995-02-08,TB116,2005-07-15,7.5,300000000.0,300000000.0,801120000.0,2.67,10.21,10.2,10.22,10.32,1.0
1995-02-08,TB116,2007-10-15,10,400000000.0,400000000.0,1209000000.0,3.02,10.25,10.25,10.25,10.49,0.0
1995-02-22,TB117,1998-01-15,12.5,200000000.0,200000000.0,1066150000.0,5.33,9.652,9.64,9.66,10.0,0.8
1995-02-22,TB117,2000-07-15,13,200000000.0,200000000.0,320000000.0,1.6,9.961,9.95,9.98,10.02,1.9
1995-02-22,TB117,2006-02-15,10,600000000.0,799000000.0,848000000.0,1.42,10.222,10.17,10.25,11.19,2.8
1995-03-08,TB118,2006-02-15,10,400000000.0,400000000.0,938000000.0,2.35,10.4,10.4,10.4,10.55,0.0
1995-03-08,TB118,1998-01-15,12.5,300000000.0,300150000.0,633200000.0,2.11,9.706,9.7,9.72,9.79,1.4
1995-03-08,TB118,2001-01-15,8.75,300000000.0,298805000.0,598805000.0,2.0,10.182,10.16,10.19,10.36,0.8
1995-03-22,TB119,1998-01-15,12.5,400000000.0,400000000.0,1244050000.0,3.11,9.56,9.56,9.56,9.85,0.0
1995-03-22,TB119,2001-01-15,8.75,200000000.0,200000000.0,687885000.0,3.44,10.07,10.07,10.07,10.21,0.0
1995-03-22,TB119,2006-02-15,10,400000000.0,398690000.0,703690000.0,1.77,10.35,10.33,10.37,10.6,2.0
1995-04-05,TB120,1998-01-15,12.5,300000000.0,302340000.0,502340000.0,1.66,9.164,9.14,9.18,9.25,1.6
1995-04-05,TB120,2002-03-15,9.75,500000000.0,701000000.0,1257000000.0,2.51,9.759,9.74,9.77,10.0,1.1
1995-04-05,TB120,2006-02-15,10,300000000.0,300700000.0,578700000.0,1.92,9.848,9.83,9.86,9.9,1.2
1995-04-19,TB121,1999-07-15,12,200000000.0,200000000.0,707500000.0,3.54,9.178,9.17,9.18,9.29,0.2
1995-04-19,TB121,2002-03-15,9.75,500000000.0,498000000.0,888000000.0,1.78,9.634,9.61,9.65,9.74,1.6
1995-04-19,TB121,2006-02-15,10,300000000.0,302000000.0,631400000.0,2.09,9.798,9.79,9.81,9.95,1.2
1995-05-03,TB122,2002-03-15,9.75,300000000.0,299680000.0,900680000.0,3.01,9.539,9.53,9.55,9.65,1.1
1995-05-03,TB122,2006-02-15,10,200000000.0,199800000.0,569400000.0,2.85,9.712,9.71,9.72,10.5,0.8
1995-05-17,TB123,1999-07-15,12,200000000.0,201000000.0,450350000.0,2.24,8.41,8.4,8.42,8.46,1.0
1995-05-17,TB123,2002-03-15,9.75,200000000.0,198500000.0,399500000.0,2.01,8.765,8.75,8.78,8.81,1.5
1995-05-17,TB123,2007-10-15,10,300000000.0,300710000.0,881710000.0,2.93,8.985,8.97,9.0,9.45,1.5
1995-06-07,TB124,1999-07-15,12,200000000.0,199100000.0,357100000.0,1.79,8.1,8.09,8.11,8.18,1.0
1995-06-07,TB124,2002-03-15,9.75,300000000.0,300000000.0,817000000.0,2.72,8.49,8.49,8.49,8.62,0.0
1995-06-07,TB124,2007-10-15,10,200000000.0,200000000.0,551175000.0,2.76,8.81,8.81,8.81,8.95,0.0
1995-08-22,TB125,1999-07-15,12,300000000.0,301826000.0,760037000.0,2.52,8.327,8.32,8.34,9.0,1.3
1995-08-22,TB125,2002-03-15,9.75,300000000.0,300980000.0,518980000.0,1.72,8.826,8.81,8.85,9.1,2.4
1995-08-22,TB125,2006-02-15,10,400000000.0,402015000.0,929015000.0,2.31,9.103,9.09,9.12,9.28,1.7
1995-09-12,TB126,2002-03-15,9.75,400000000.0,400975000.0,845675000.0,2.11,8.593,8.58,8.61,8.71,1.7
1995-09-12,TB126,2008-08-15,8.75,600000000.0,796000000.0,1416000000.0,2.38,8.994,8.97,9.01,9.15,1.6
1995-10-03,TB127,2002-03-15,9.75,300000000.0,301000000.0,701500000.0,2.33,8.286,8.27,8.29,8.59,0.4
1995-10-03,TB127,2006-02-15,10,200000000.0,199500000.0,335500000.0,1.68,8.595,8.58,8.61,8.67,1.5
1995-10-03,TB127,2008-08-15,8.75,500000000.0,499400000.0,901400000.0,1.8,8.697,8.67,8.71,8.83,1.3
1995-11-14,TB128,2002-03-15,9.75,200000000.0,200533000.0,783533000.0,3.91,8.365,8.36,8.37,8.45,0.5
1995-11-14,TB128,2006-02-15,10,200000000.0,201000000.0,687052000.0,3.42,8.684,8.68,8.69,8.8,0.6
1995-11-14,TB128,2008-08-15,8.75,300000000.0,300000000.0,771000000.0,2.57,8.791,8.78,8.8,8.85,0.9
1995-12-12,TB129,2006-02-15,10,300000000.0,299000000.0,603000000.0,2.02,8.346,8.33,8.35,8.4,0.4
1995-12-12,TB129,2008-08-15,8.75,300000000.0,301020000.0,662020000.0,2.2,8.434,8.41,8.44,8.5,0.6
1996-01-16,TB130,2000-07-15,13,300000000.0,300000000.0,613300000.0,2.04,7.754,7.74,7.76,7.8,0.6
1996-01-16,TB130,2002-03-15,9.75,200000000.0,202648000.0,542648000.0,2.68,7.994,7.99,8.0,8.05,0.6
1996-01-16,TB130,2007-10-15,10,300000000.0,301000000.0,867610000.0,2.88,8.325,8.31,8.34,8.42,1.5
1996-02-13,TB131,2001-01-15,8.75,300000000.0,299000000.0,1176685000.0,3.94,7.607,7.6,7.61,7.74,0.3
1996-02-13,TB131,2008-08-15,8.75,300000000.0,299000000.0,1415000000.0,4.73,8.086,8.08,8.09,8.19,0.4
1996-05-07,TB132,2000-07-15,13,300000000.0,297000000.0,1021000000.0,3.44,8.626,8.61,8.63,8.67,0.4
1996-05-07,TB132,2006-02-15,10,300000000.0,302490000.0,990490000.0,3.27,8.957,8.95,8.97,9.04,1.3
1996-05-28,TB133,2000-07-15,13,200000000.0,199000000.0,732740000.0,3.68,8.459,8.45,8.46,8.49,0.1
1996-05-28,TB133,2002-03-15,9.75,300000000.0,301000000.0,542988000.0,1.8,8.651,8.64,8.66,8.7,0.9
1996-05-28,TB133,2006-02-15,10,300000000.0,298166000.0,1003166000.0,3.36,8.867,8.85,8.87,8.99,0.3
1996-06-18,TB134,1999-03-15,6.25,300000000.0,297000000.0,1426722000.0,4.8,8.248,8.24,8.25,8.41,0.2
1996-06-18,TB134,2002-10-15,10,200000000.0,199000000.0,538500000.0,2.71,8.696,8.68,8.7,8.74,0.4
1996-08-27,TB135,2001-01-15,8.75,300000000.0,300575000.0,696915000.0,2.32,7.634,7.62,7.64,8.65,0.6
1996-08-27,TB135,2008-08-15,8.75,400000000.0,400000000.0,749000000.0,1.87,8.228,8.21,8.24,8.28,1.2
1996-09-17,TB136,2001-01-15,8.75,400000000.0,400000000.0,1434000000.0,3.59,7.44,7.44,7.44,7.56,0.0
1996-09-17,TB136,2008-08-15,8.75,300000000.0,300000000.0,1077000000.0,3.59,8.04,8.04,8.04,8.12,0.0
1996-10-08,TB137,2001-01-15,8.75,200000000.0,200530000.0,383530000.0,1.91,7.098,7.08,7.1,7.13,0.2
1996-10-08,TB137,2006-11-15,6.75,400000000.0,402000000.0,697000000.0,1.73,7.603,7.58,7.61,7.7,0.7
1996-10-29,TB138,2002-03-15,9.75,200000000.0,200000000.0,230000000.0,1.15,7.153,7.13,7.2,7.2,4.7
1996-10-29,TB138,2009-09-15,7.5,600000000.0,803000000.0,1462000000.0,2.42,7.572,7.55,7.58,7.85,0.8
1996-11-19,TB139,2006-11-15,6.75,200000000.0,202000000.0,878975000.0,4.35,7.144,7.13,7.15,7.3,0.6
1996-11-19,TB139,2009-09-15,7.5,400000000.0,402000000.0,1807000000.0,4.5,7.277,7.27,7.28,7.4,0.3
1996-12-10,TB140,2000-04-15,7,200000000.0,200000000.0,1006000000.0,5.03,6.69,6.69,6.69,7.8,0.0
1996-12-10,TB140,2009-09-15,7.5,400000000.0,400000000.0,1564000000.0,3.91,7.455,7.45,7.46,7.6,0.5
1997-01-14,TB141,2000-04-15,7,200000000.0,200000000.0,661600000.0,3.31,6.579,6.57,6.59,6.64,1.1
1997-01-14,TB141,2007-10-15,10,400000000.0,401500000.0,956500000.0,2.38,7.583,7.56,7.59,7.8,0.7
1997-02-11,TB142,2001-01-15,8.75,300000000.0,301000000.0,1459300000.0,4.85,6.812,6.81,6.82,7.0,0.8
1997-02-11,TB142,2006-11-15,6.75,600000000.0,600000000.0,1201000000.0,2.0,7.396,7.38,7.41,7.5,1.4
1997-03-11,TB143,2000-04-15,7,400000000.0,398480000.0,1932480000.0,4.85,7.089,7.08,7.1,7.2,1.1
1997-03-11,TB143,2006-11-15,6.75,300000000.0,300000000.0,1070842000.0,3.57,7.795,7.79,7.81,7.9,1.5
1997-04-08,TB144,2000-04-15,7,300000000.0,301000000.0,846340000.0,2.81,6.938,6.93,6.95,7.0,1.2
1997-04-08,TB144,2007-10-15,10,300000000.0,302000000.0,1009000000.0,3.34,7.958,7.95,7.97,8.05,1.2
1997-07-29,TB145,2007-10-15,10,200000000.0,201000000.0,768000000.0,3.82,6.508,6.5,6.51,6.56,0.2
1997-07-29,TB145,2009-09-15,7.5,300000000.0,300758000.0,486758000.0,1.62,6.597,6.58,6.6,6.68,0.3
1997-09-09,TB146,2008-08-15,8.75,200000000.0,201000000.0,867895000.0,4.32,6.505,6.5,6.51,6.6,0.5
1997-09-09,TB146,2009-09-15,7.5,300000000.0,300000000.0,772630000.0,2.58,6.549,6.54,6.56,6.61,1.1
1997-10-14,TB147,2008-08-15,8.75,200000000.0,200000000.0,797672000.0,3.99,6.481,6.48,6.49,6.55,0.9
1997-10-14,TB147,2009-09-15,7.5,300000000.0,300291000.0,559291000.0,1.86,6.522,6.5,6.54,6.59,1.8
1997-11-25,TB148,2009-09-15,7.5,500000000.0,501000000.0,1819000000.0,3.63,6.059,6.04,6.07,6.16,1.1
1998-01-20,TB149,2008-08-15,8.75,300000000.0,300000000.0,583155000.0,1.94,5.886,5.87,5.89,5.95,0.4
1998-01-20,TB149,2009-09-15,7.5,200000000.0,201000000.0,369590000.0,1.84,5.924,5.91,5.93,5.97,0.6
1998-02-24,TB150,2008-08-15,8.75,300000000.0,300585000.0,719585000.0,2.39,5.861,5.84,5.88,6.0,1.9
1998-02-24,TB150,2009-09-15,7.5,200000000.0,201000000.0,834000000.0,4.15,5.893,5.89,5.9,6.0,0.7
1998-03-24,TB151,2008-08-15,8.75,200000000.0,199000000.0,1028500000.0,5.17,5.787,5.78,5.79,5.88,0.3
1998-03-24,TB151,2009-09-15,7.5,300000000.0,300000000.0,1115690000.0,3.72,5.79,5.79,5.79,5.95,0.0
1998-04-21,TB152,2008-08-15,8.75,200000000.0,199000000.0,1004850000.0,5.05,5.759,5.75,5.76,5.84,0.1
1998-04-21,TB152,2009-09-15,7.5,300000000.0,300000000.0,752080000.0,2.51,5.805,5.8,5.81,5.85,0.5
1998-05-26,TB153,2008-08-15,8.75,200000000.0,199000000.0,828410000.0,4.16,5.575,5.56,5.58,5.65,0.5
1998-05-26,TB153,2009-09-15,7.5,300000000.0,300000000.0,913697000.0,3.05,5.619,5.61,5.62,5.68,0.1
1998-08-25,TB154,2011-06-15,5.75,600000000.0,798000000.0,1845000000.0,3.09,5.714,5.7,5.73,6.0,1.6
1998-09-22,TB155,2011-06-15,5.75,600000000.0,598825000.0,939825000.0,1.57,5.354,5.33,5.37,5.55,1.6
1998-11-10,TB156,2009-09-15,7.5,200000000.0,200000000.0,663103000.0,3.32,5.196,5.19,5.2,5.25,0.4
1998-11-10,TB156,2011-06-15,5.75,300000000.0,299100000.0,660640000.0,2.21,5.266,5.26,5.27,5.32,0.4
1999-01-19,TB157,2011-06-15,5.75,500000000.0,499462000.0,1363962000.0,2.73,5.275,5.27,5.28,5.34,0.5
1999-03-09,TB158,2009-09-15,7.5,200000000.0,200000000.0,887000000.0,4.44,5.669,5.66,5.67,5.71,0.1
1999-03-09,TB158,2011-06-15,5.75,300000000.0,301000000.0,865000000.0,2.87,5.736,5.73,5.74,5.8,0.4
1999-04-13,TB159,2009-09-15,7.5,200000000.0,199000000.0,732000000.0,3.68,5.29,5.28,5.3,5.37,1.0
1999-04-13,TB159,2011-06-15,5.75,300000000.0,299000000.0,840000000.0,2.81,5.353,5.35,5.36,5.45,0.7
1999-05-25,TB160,2009-09-15,7.5,200000000.0,201000000.0,602000000.0,3.0,5.908,5.9,5.91,5.95,0.2
1999-05-25,TB160,2011-06-15,5.75,300000000.0,301000000.0,842000000.0,2.8,5.984,5.97,5.99,6.05,0.6
1999-08-31,TB161,2009-09-15,7.5,200000000.0,200000000.0,1315000000.0,6.58,6.39,6.39,6.39,6.47,0.0
1999-08-31,TB161,2011-06-15,5.75,300000000.0,299000000.0,1215000000.0,4.06,6.475,6.47,6.49,6.55,1.5
1999-10-19,TB162,2009-09-15,7.5,200000000.0,200000000.0,991000000.0,4.96,6.71,6.71,6.71,6.8,0.0
1999-10-19,TB162,2011-06-15,5.75,300000000.0,299000000.0,1236000000.0,4.13,6.778,6.77,6.78,6.87,0.2
2000-02-08,TB163,2009-09-15,7.5,200000000.0,200000000.0,1260000000.0,6.3,7.16,7.16,7.16,7.3,0.0
2000-02-08,TB163,2011-06-15,5.75,300000000.0,301000000.0,1295000000.0,4.3,7.194,7.19,7.2,7.32,0.6
2000-03-28,TB164,2011-06-15,5.75,500000000.0,500000000.0,1589500000.0,3.18,6.52,6.52,6.52,6.7,0.0
2000-05-23,TB165,2013-05-15,6.5,600000000.0,800000000.0,2031000000.0,3.39,6.572,6.56,6.58,6.75,0.8
2000-06-20,TB166,2013-05-15,6.5,600000000.0,599000000.0,1785000000.0,2.98,6.241,6.23,6.25,6.31,0.9
2000-08-15,TB167,2013-05-15,6.5,500000000.0,499000000.0,1874000000.0,3.76,6.254,6.24,6.26,6.33,0.6
2000-10-10,TB168,2013-05-15,6.5,500000000.0,502000000.0,1570000000.0,3.13,6.179,6.17,6.19,6.3,1.1
2000-11-28,TB169,2013-05-15,6.5,500000000.0,501000000.0,2080000000.0,4.15,5.961,5.95,5.97,6.03,0.9
2001-02-27,TB170,2013-05-15,6.5,400000000.0,401900000.0,1681900000.0,4.18,5.406,5.4,5.41,5.45,0.4
2001-06-19,TB171,2013-05-15,6.5,400000000.0,399000000.0,1575023000.0,3.9,5.995,5.99,6.0,6.05,0.5
2001-08-14,TB172,2013-05-15,6.5,400000000.0,398000000.0,1190000000.0,3.0,5.852,5.84,5.86,5.9,0.8
2001-11-13,TB173,2013-05-15,6.5,400000000.0,400000000.0,1719000000.0,4.3,5.35,5.35,5.35,5.4,0.0
2002-02-12,TB174,2011-06-15,5.75,400000000.0,400000000.0,1040000000.0,2.6,5.9929,5.98,6.0,6.1,0.71
2002-05-28,TB175,2015-04-15,6.25,800000000.0,800000000.0,1820000000.0,2.28,6.4702,6.45,6.48,6.85,0.98
2002-08-13,TB176,2015-04-15,6.25,400000000.0,401000000.0,1112000000.0,2.77,5.73,5.72,5.735,5.78,0.5
2002-10-15,TB177,2015-04-15,6.25,400000000.0,402000000.0,1031000000.0,2.56,5.7187,5.715,5.725,6.0,0.63
2002-12-10,TB178,2015-04-15,6.25,400000000.0,398000000.0,1111000000.0,2.8,5.5559,5.55,5.56,5.6,0.41
2003-02-25,TB179,2015-04-15,6.25,400000000.0,401000000.0,1083000000.0,2.71,5.2249,5.22,5.23,5.26,0.51
2003-04-29,TB180,2015-04-15,6.25,400000000.0,399000000.0,1467000000.0,3.67,5.3621,5.355,5.37,5.6,0.79
2003-06-17,TB181,2015-04-15,6.25,400000000.0,399000000.0,1334000000.0,3.34,4.7604,4.75,4.765,5.0,0.46
2003-07-22,TB182,2015-04-15,6.25,300000000.0,299000000.0,846000000.0,2.8,5.5416,5.53,5.55,5.6,0.84
2003-09-16,TB183,2015-04-15,6.25,300000000.0,299000000.0,1203000000.0,4.01,5.5952,5.59,5.6,5.65,0.48
2003-11-18,TB184,2015-04-15,6.25,300000000.0,299000000.0,1331000000.0,4.44,5.8978,5.895,5.9,6.0,0.22
2004-01-20,TB185,2015-04-15,6.25,300000000.0,300000000.0,993000000.0,3.31,5.7222,5.715,5.725,6.1,0.28
2004-03-09,TB186,2015-04-15,6.25,300000000.0,299000000.0,815000000.0,2.72,5.5089,5.5,5.515,5.55,0.61
2004-05-18,TB187,2015-04-15,6.25,300000000.0,302000000.0,1061000000.0,3.5,5.9742,5.97,5.98,6.1,0.58
2004-05-25,TB188,2008-08-15,8.75,300000000.0,300000000.0,1645000000.0,5.48,5.6475,5.64,5.65,6.66,0.25
2004-06-01,TB189,2008-08-15,8.75,300000000.0,300000000.0,2250000000.0,7.5,5.5442,5.54,5.545,5.57,0.08
2004-06-08,TB190,2017-02-15,6,600000000.0,800000000.0,2785000000.0,4.64,6.0425,6.03,6.05,6.12,0.75
2004-07-13,TB191,2017-02-15,6,500000000.0,499000000.0,1735000000.0,3.47,5.7932,5.785,5.8,6.0,0.68
2004-07-27,TB192,2017-02-15,6,500000000.0,501000000.0,1775000000.0,3.55,5.8549,5.85,5.86,5.88,0.51
2004-08-17,TB193,2017-02-15,6,400000000.0,399000000.0,2460000000.0,6.15,5.7328,5.73,5.735,5.755,0.22
2004-09-21,TB194,2017-02-15,6,400000000.0,398000000.0,1610000000.0,4.03,5.4103,5.405,5.415,5.51,0.47
2004-10-12,TB195,2017-02-15,6,300000000.0,301000000.0,1493000000.0,4.98,5.527,5.525,5.53,5.6,0.3
2004-11-16,TB196,2017-02-15,6,300000000.0,299000000.0,1594000000.0,5.31,5.5438,5.54,5.545,5.56,0.12
2005-01-18,TB197,2010-08-15,5.25,800000000.0,799000000.0,3305000000.0,4.13,5.2319,5.22,5.235,5.5,0.31
2005-02-08,TB198,2010-08-15,5.25,500000000.0,500000000.0,2171000000.0,4.34,5.392,5.39,5.395,5.5,0.3
2005-02-22,TB199,2010-08-15,5.25,500000000.0,502000000.0,1856000000.0,3.71,5.5071,5.5,5.51,5.55,0.29
2005-03-08,TB200,2010-08-15,5.25,400000000.0,400000000.0,1545000000.0,3.86,5.5628,5.56,5.565,5.58,0.22
2005-04-12,TB201,2010-08-15,5.25,400000000.0,399000000.0,2006000000.0,5.02,5.5412,5.54,5.545,5.6,0.38
2005-05-17,TB202,2010-08-15,5.25,300000000.0,299000000.0,1360000000.0,4.53,5.23,5.23,5.23,5.25,0.0
2005-06-21,TB203,2010-08-15,5.25,300000000.0,301500000.0,1954500000.0,6.52,5.2596,5.255,5.265,5.29,0.54
2005-07-12,TB204,2010-08-15,5.25,400000000.0,400000000.0,1570000000.0,3.93,5.2088,5.205,5.21,5.28,0.12
2005-07-12,TB204,2017-02-15,6,400000000.0,400000000.0,770000000.0,1.93,5.2432,5.24,5.245,5.28,0.18
2005-07-26,TB205,2010-08-15,5.25,400000000.0,400000000.0,1594000000.0,3.99,5.2488,5.245,5.25,5.265,0.12
2005-08-09,TB206,2010-08-15,5.25,400000000.0,400000000.0,2047000000.0,5.12,5.3043,5.3,5.305,5.325,0.07
2005-08-23,TB207,2017-02-15,6,400000000.0,399000000.0,1135000000.0,2.84,5.225,5.22,5.23,5.25,0.5
2005-09-20,TB208,2010-08-15,5.25,300000000.0,301000000.0,1615000000.0,5.4,5.1947,5.19,5.195,5.22,0.03
2005-10-18,TB209,2017-02-15,6,400000000.0,400000000.0,1780000000.0,4.45,5.4741,5.47,5.475,5.49,0.09
2005-11-15,TB210,2010-08-15,5.25,300000000.0,300000000.0,1415000000.0,4.7,5.371,5.37,5.375,5.385,0.4
2005-11-29,TB211,2017-02-15,6,300000000.0,299000000.0,1175000000.0,3.9,5.3983,5.395,5.4,5.42,0.17
2005-12-13,TB212,2017-02-15,6,300000000.0,300000000.0,1360000000.0,4.5,5.4871,5.485,5.49,5.55,0.29
2006-01-17,TB213,2019-03-15,5.25,800000000.0,799500000.0,2005500000.0,2.9,5.236,5.225,5.24,5.27,0.4
2006-02-14,TB214,2019-03-15,5.25,600000000.0,598000000.0,1720000000.0,2.9,5.3439,5.34,5.35,5.36,0.61
2006-03-21,TB215,2019-03-15,5.25,400000000.0,401000000.0,1530000000.0,3.83,5.3288,5.325,5.33,5.35,0.12
2006-04-11,TB216,2019-03-15,5.25,400000000.0,400000000.0,790000000.0,2.0,5.6231,5.62,5.63,5.635,0.69
2006-05-16,TB217,2019-03-15,5.25,400000000.0,401000000.0,1325000000.0,3.31,5.8463,5.845,5.85,5.9,0.37
2006-07-18,TB218,2019-03-15,5.25,400000000.0,400000000.0,1275000000.0,3.19,5.91,5.91,5.91,5.95,0.0
2006-08-15,TB219,2019-03-15,5.25,400000000.0,400000000.0,930000000.0,2.3,5.9565,5.95,5.96,5.975,0.35
2006-09-19,TB220,2019-03-15,5.25,400000000.0,399000000.0,1110000000.0,2.78,5.7307,5.73,5.735,5.74,0.43
2006-10-10,TB221,2019-03-15,5.25,400000000.0,401000000.0,1010000000.0,2.52,5.6435,5.64,5.645,5.66,0.15
2006-10-24,TB222,2019-03-15,5.25,400000000.0,399000000.0,1990000000.0,4.99,5.8194,5.815,5.82,5.835,0.06
2006-11-14,TB223,2019-03-15,5.25,400000000.0,398000000.0,1888000000.0,4.74,5.578,5.575,5.58,5.6,0.2
2006-12-12,TB224,2012-04-15,5.75,800000000.0,800000000.0,2875000000.0,4.11,5.8474,5.84,5.85,5.895,0.26
2007-01-23,TB225,2012-04-15,5.75,600000000.0,600000000.0,2685000000.0,4.48,6.0841,6.08,6.085,6.11,0.09
2007-02-13,TB226,2012-04-15,5.75,400000000.0,401000000.0,2445000000.0,6.11,5.9841,5.98,5.985,6.0,0.09
2007-03-13,TB227,2012-04-15,5.75,400000000.0,400000000.0,2735000000.0,6.84,5.9049,5.9,5.905,5.92,0.01
2007-04-17,TB228,2012-04-15,5.75,400000000.0,401000000.0,1850000000.0,4.62,6.1598,6.155,6.16,6.175,0.02
2007-05-22,TB229,2012-04-15,5.75,300000000.0,300000000.0,1645000000.0,5.48,6.105,6.105,6.105,6.12,0.0
2007-08-14,TB230,2012-04-15,5.75,400000000.0,400000000.0,1025000000.0,2.56,6.2588,6.25,6.26,6.28,0.12
2007-08-28,TB231,2012-04-15,5.75,400000000.0,401000000.0,1435000000.0,3.59,6.1579,6.155,6.16,6.175,0.21
2007-09-11,TB232,2021-05-15,5.75,800000000.0,800000000.0,1640000000.0,2.34,5.854,5.84,5.865,5.935,1.1
2007-09-25,TB233,2021-05-15,5.75,600000000.0,600000000.0,1611000000.0,2.69,6.1866,6.18,6.19,6.25,0.34
2007-10-16,TB234,2021-05-15,5.75,400000000.0,401000000.0,1670000000.0,4.18,6.3031,6.3,6.305,6.325,0.19
2007-10-30,TB235,2012-04-15,5.75,400000000.0,400000000.0,1300000000.0,3.25,6.505,6.505,6.505,6.535,0.0
2007-11-13,TB236,2012-04-15,5.75,300000000.0,300000000.0,1220000000.0,4.07,6.4322,6.42,6.435,6.45,0.28
2007-12-11,TB237,2021-05-15,5.75,400000000.0,400000000.0,917000000.0,2.29,6.2059,6.2,6.21,6.225,0.41
2008-01-22,TB238,2012-04-15,5.75,300000000.0,300000000.0,687000000.0,2.29,6.2652,6.255,6.27,6.285,0.48
2008-02-12,TB239,2021-05-15,5.75,400000000.0,399000000.0,1110000000.0,2.78,6.1802,6.17,6.185,6.23,0.48
2008-04-22,TB240,2012-04-15,5.75,300000000.0,300000000.0,1465000000.0,4.88,6.39,6.39,6.39,6.42,0.0
2008-06-17,TB241,2021-05-15,5.75,400000000.0,401000000.0,980000000.0,2.45,6.7438,6.73,6.75,6.78,0.62
2008-07-21,TB242,2014-06-15,6.25,750000000.0,750000000.0,1873000000.0,2.68,6.4774,6.47,6.485,6.515,0.76
2008-07-30,TB243,2013-05-15,6.5,150000000.0,150000000.0,854000000.0,5.69,6.2167,6.21,6.22,6.26,0.33
2008-08-06,TB244,2012-04-15,5.75,150000000.0,149000000.0,907000000.0,6.05,5.8899,5.885,5.895,5.92,0.51
2008-08-11,TB245,2014-06-15,6.25,600000000.0,600000000.0,1460000000.0,2.43,5.8867,5.865,5.895,6.9,0.83
2008-09-08,TB246,2021-05-15,5.75,400000000.0,401000000.0,1790000000.0,4.48,5.7991,5.79,5.805,5.85,0.59
2008-09-22,TB247,2021-05-15,5.75,400000000.0,400000000.0,1177000000.0,2.94,5.7866,5.775,5.79,5.84,0.34
2008-10-08,TB248,2021-05-15,5.75,400000000.0,399000000.0,1220000000.0,3.05,5.1204,5.115,5.125,5.155,0.46
2008-10-09,TB249,2014-06-15,6.25,450000000.0,450000000.0,677000000.0,1.5,4.731,4.715,4.74,4.77,0.9
2008-10-13,TB250,2009-09-15,7.5,300000000.0,300000000.0,1028000000.0,3.43,4.0983,4.05,4.1,5.0,0.17
2008-12-05,TB251,2015-04-15,6.25,300000000.0,300000000.0,900000000.0,3.0,3.8856,3.875,3.895,4.0,0.94
2008-12-08,TB252,2013-05-15,6.5,300000000.0,299000000.0,975000000.0,3.25,3.8411,3.84,3.845,3.89,0.39
2008-12-10,TB253,2014-06-15,6.25,400000000.0,400000000.0,812000000.0,2.03,3.9244,3.91,3.94,4.0,1.56
2009-01-07,TB254,2011-06-15,5.75,300000000.0,300000000.0,1110000000.0,3.7,3.295,3.295,3.295,3.35,0.0
2009-01-12,TB255,2015-04-15,6.25,150000000.0,150000000.0,885000000.0,5.9,3.685,3.685,3.685,3.75,0.0
2009-01-16,TB256,2014-06-15,6.25,400000000.0,401000000.0,1005000000.0,2.51,3.4413,3.43,3.45,3.53,0.87
2009-01-21,TB257,2021-05-15,5.75,400000000.0,399000000.0,578000000.0,1.44,4.0692,4.045,4.085,4.3,1.58
2009-02-06,TB258,2015-04-15,6.25,600000000.0,601000000.0,1569000000.0,2.62,3.9113,3.905,3.92,4.0,0.87
2009-02-11,TB259,2013-05-15,6.5,600000000.0,601000000.0,1550000000.0,2.58,3.4608,3.455,3.47,3.57,0.92
2009-02-13,TB260,2014-06-15,6.25,600000000.0,601000000.0,1721000000.0,2.87,3.6905,3.675,3.705,3.79,1.45
2009-02-18,TB261,2012-04-15,5.75,600000000.0,600000000.0,2865000000.0,4.78,2.9851,2.975,2.99,3.08,0.49
2009-02-20,TB262,2011-06-15,5.75,600000000.0,599000000.0,2670000000.0,4.45,2.9321,2.93,2.935,3.0,0.29
2009-02-25,TB263,2013-05-15,6.5,600000000.0,600000000.0,2445000000.0,4.08,3.4804,3.47,3.485,3.58,0.46
2009-02-27,TB264,2021-05-15,5.75,500000000.0,501000000.0,1958000000.0,3.91,4.5176,4.51,4.525,4.63,0.74
2009-03-04,TB265,2012-04-15,5.75,600000000.0,600000000.0,2330000000.0,3.88,3.3029,3.29,3.305,3.38,0.21
2009-03-06,TB266,2014-06-15,6.25,600000000.0,598000000.0,1882000000.0,3.14,3.7168,3.705,3.725,4.74,0.82
2009-03-11,TB267,2017-02-15,6,600000000.0,601000000.0,1782000000.0,2.97,4.1811,4.17,4.195,4.355,1.39
2009-03-13,TB268,2010-08-15,5.25,600000000.0,600000000.0,1529000000.0,2.55,2.588,2.575,2.595,2.69,0.7
2009-03-18,TB269,2011-06-15,5.75,700000000.0,701000000.0,3137000000.0,4.48,2.9546,2.94,2.96,3.02,0.54
2009-03-20,TB270,2021-05-15,5.75,500000000.0,500000000.0,1228000000.0,2.46,4.4176,4.395,4.43,4.6,1.24
2009-03-25,TB271,2014-06-15,6.25,600000000.0,601000000.0,1624000000.0,2.71,3.9811,3.96,4.0,4.1,1.89
2009-03-27,TB272,2019-03-15,5.25,600000000.0,600000000.0,1786000000.0,2.98,4.5506,4.54,4.56,5.04,0.94
2009-04-01,TB273,2017-02-15,6,600000000.0,600000000.0,2195000000.0,3.66,4.2867,4.275,4.295,4.42,0.83
2009-04-03,TB274,2013-05-15,6.5,600000000.0,599000000.0,2043000000.0,3.4,3.8374,3.825,3.845,4.0,0.76
2009-04-08,TB275,2021-05-15,5.75,700000000.0,700000000.0,2350000000.0,3.36,4.8736,4.865,4.88,4.96,0.64
2009-04-15,TB276,2019-03-15,5.25,700000000.0,700000000.0,2212000000.0,3.16,4.6351,4.625,4.64,4.74,0.49
2009-04-17,TB277,2011-06-15,5.75,700000000.0,701000000.0,3455000000.0,4.94,3.3248,3.315,3.335,3.37,1.02
2009-04-22,TB278,2012-04-15,5.75,700000000.0,700000000.0,3825000000.0,5.46,3.5375,3.53,3.555,3.68,1.75
2009-04-24,TB279,2017-02-15,6,700000000.0,700000000.0,2489000000.0,3.56,4.3763,4.37,4.38,4.535,0.37
2009-04-29,TB280,2020-04-15,4.5,750000000.0,750000000.0,2025000000.0,2.89,4.6844,4.62,4.725,5.005,4.06
2009-05-01,TB281,2010-08-15,5.25,700000000.0,700000000.0,3821000000.0,5.46,2.6779,2.665,2.685,2.84,0.71
2009-05-06,TB282,2020-04-15,4.5,700000000.0,699000000.0,2236000000.0,3.19,5.0042,4.99,5.02,5.19,1.58
2009-05-08,TB283,2019-03-15,5.25,700000000.0,702000000.0,2660000000.0,3.8,4.9563,4.95,4.96,5.1,0.37
2009-05-13,TB284,2012-04-15,5.75,700000000.0,701000000.0,3055000000.0,4.36,3.8646,3.86,3.87,4.04,0.54
2009-05-15,TB285,2017-02-15,6,700000000.0,700000000.0,1810000000.0,2.59,4.7633,4.76,4.77,4.815,0.67
2009-05-20,TB286,2020-04-15,4.5,700000000.0,699000000.0,2130000000.0,3.04,5.2237,5.215,5.23,5.44,0.63
2009-05-22,TB287,2011-06-15,5.75,700000000.0,700000000.0,3960000000.0,5.66,3.7275,3.725,3.73,3.8,0.25
2009-05-27,TB288,2019-03-15,5.25,700000000.0,699000000.0,1935000000.0,2.76,5.3471,5.34,5.355,5.62,0.79
2009-05-29,TB289,2012-04-15,5.75,700000000.0,698000000.0,3206000000.0,4.58,3.9845,3.975,3.99,4.25,0.55
2009-06-03,TB290,2017-02-15,6,700000000.0,700000000.0,2292000000.0,3.27,5.3252,5.315,5.33,5.46,0.48
2009-06-05,TB291,2013-05-15,6.5,700000000.0,700000000.0,2420000000.0,3.46,4.5704,4.565,4.575,5.12,0.46
2009-06-10,TB292,2015-04-15,6.25,500000000.0,499000000.0,1055000000.0,2.11,5.2852,5.275,5.295,5.435,0.98
2009-06-12,TB293,2011-06-15,5.75,700000000.0,699000000.0,2370000000.0,3.39,4.0056,3.98,4.01,4.145,0.44
2009-06-17,TB294,2019-03-15,5.25,700000000.0,700000000.0,1245000000.0,1.78,5.4372,5.42,5.45,5.63,1.28
2009-06-19,TB295,2012-04-15,5.75,700000000.0,700000000.0,1310000000.0,1.87,4.5279,4.51,4.54,4.72,1.21
2009-06-24,TB296,2010-08-15,5.25,700000000.0,701000000.0,2695000000.0,3.85,3.4161,3.4,3.44,3.61,2.39
2009-07-08,TB297,2013-05-15,6.5,700000000.0,700000000.0,2645000000.0,3.78,4.7435,4.73,4.75,5.1,0.65
2009-07-10,TB298,2011-06-15,5.75,700000000.0,700000000.0,2815000000.0,4.02,3.7208,3.71,3.73,3.85,0.92
2009-07-15,TB299,2014-06-15,6.25,700000000.0,700000000.0,1960000000.0,2.8,5.1288,5.12,5.14,5.28,1.12
2009-07-17,TB300,2012-04-15,5.75,700000000.0,700000000.0,2245000000.0,3.21,4.4722,4.465,4.475,4.62,0.28
2009-07-22,TB301,2013-05-15,6.5,800000000.0,799000000.0,2225000000.0,2.78,5.0174,5.01,5.025,5.2,0.76
2009-07-24,TB302,2021-05-15,5.75,500000000.0,499000000.0,1199000000.0,2.4,5.7918,5.78,5.8,6.0,0.82
2009-07-29,TB303,2014-06-15,6.25,700000000.0,699000000.0,2391000000.0,3.42,5.5313,5.52,5.54,5.64,0.87
2009-07-31,TB304,2012-04-15,5.75,700000000.0,700000000.0,3460000000.0,4.94,4.8116,4.81,4.815,4.84,0.34
2009-08-05,TB305,2015-04-15,6.25,500000000.0,500000000.0,2055000000.0,4.11,5.5732,5.56,5.58,5.69,0.68
2009-08-07,TB306,2013-05-15,6.5,800000000.0,802000000.0,3141000000.0,3.93,5.3709,5.36,5.375,5.45,0.41
2009-08-12,TB307,2020-04-15,4.5,500000000.0,499000000.0,1287000000.0,2.57,5.6782,5.67,5.685,5.74,0.68
2009-08-14,TB308,2014-06-15,6.25,800000000.0,800000000.0,2655000000.0,3.32,5.4804,5.46,5.485,5.54,0.46
2009-08-19,TB309,2017-02-15,6,500000000.0,499000000.0,1940000000.0,3.88,5.4658,5.465,5.47,5.58,0.42
2009-08-21,TB310,2015-04-15,6.25,500000000.0,501000000.0,2195000000.0,4.39,5.3022,5.295,5.305,5.37,0.28
2009-08-26,TB311,2021-05-15,5.75,500000000.0,500000000.0,1258000000.0,2.52,5.4542,5.45,5.46,5.53,0.58
2009-08-28,TB312,2013-05-15,6.5,700000000.0,699000000.0,1885000000.0,2.69,5.2095,5.2,5.215,5.28,0.55
2009-09-04,TB313,2014-06-15,6.25,700000000.0,700000000.0,2035000000.0,2.91,5.2284,5.22,5.235,5.27,0.66
2009-09-09,TB314,2015-04-15,6.25,500000000.0,500000000.0,1283000000.0,2.57,5.3067,5.295,5.31,5.35,0.33
2009-09-16,TB315,2017-02-15,6,500000000.0,500000000.0,1440000000.0,2.88,5.2283,5.22,5.235,5.335,0.67
2009-09-18,TB316,2012-04-15,5.75,700000000.0,701000000.0,2428000000.0,3.47,4.6713,4.665,4.675,4.71,0.37
2009-09-23,TB317,2020-04-15,4.5,500000000.0,502000000.0,1719000000.0,3.44,5.4334,5.43,5.44,5.47,0.66
2009-09-25,TB318,2013-05-15,6.5,700000000.0,699000000.0,2895000000.0,4.14,4.9075,4.905,4.91,4.945,0.25
2009-10-07,TB319,2014-06-15,6.25,700000000.0,698000000.0,2275000000.0,3.25,5.163,5.155,5.165,5.19,0.2
2009-10-14,TB320,2017-02-15,6,700000000.0,700000000.0,1699000000.0,2.43,5.3299,5.325,5.335,5.41,0.51
2009-10-21,TB321,2020-04-15,4.5,500000000.0,500000000.0,1974000000.0,3.95,5.6575,5.65,5.66,5.74,0.25
2009-10-23,TB322,2012-04-15,5.75,700000000.0,702000000.0,2909000000.0,4.16,5.2544,5.25,5.255,5.33,0.06
2009-10-28,TB323,2014-06-15,6.25,500000000.0,500000000.0,1900000000.0,3.8,5.5304,5.525,5.535,5.69,0.46
2009-10-30,TB324,2015-04-15,6.25,700000000.0,700000000.0,2050000000.0,2.93,5.4534,5.445,5.46,5.5,0.66
2009-11-04,TB325,2020-04-15,4.5,500000000.0,499000000.0,2215000000.0,4.43,5.645,5.64,5.65,5.795,0.5
2009-11-06,TB326,2012-04-15,5.75,700000000.0,700000000.0,3875000000.0,5.54,5.0221,5.02,5.025,5.09,0.29
2009-11-11,TB327,2021-05-15,5.75,500000000.0,499000000.0,1975000000.0,3.95,5.7793,5.775,5.785,5.81,0.57
2009-11-13,TB328,2014-06-15,6.25,700000000.0,701000000.0,3860000000.0,5.51,5.3847,5.38,5.39,5.46,0.53
2009-11-18,TB329,2020-04-15,4.5,600000000.0,599000000.0,2127000000.0,3.54,5.554,5.55,5.56,5.605,0.6
2009-11-20,TB330,2013-05-15,6.5,600000000.0,601000000.0,2230000000.0,3.72,4.9827,4.98,4.985,5.005,0.23
2009-11-25,TB331,2021-05-15,5.75,500000000.0,501000000.0,1678000000.0,3.36,5.425,5.42,5.43,5.5,0.5
2009-11-27,TB332,2012-04-15,5.75,700000000.0,701000000.0,2910000000.0,4.16,4.5967,4.59,4.6,4.72,0.33
2009-12-02,TB333,2017-02-15,6,500000000.0,501000000.0,2260000000.0,4.52,5.1715,5.17,5.175,5.25,0.35
2009-12-04,TB334,2014-06-15,6.25,700000000.0,700000000.0,2990000000.0,4.27,5.0536,5.045,5.055,5.13,0.14
2009-12-09,TB335,2013-05-15,6.5,700000000.0,700000000.0,2295000000.0,3.28,4.9179,4.91,4.925,5.0,0.71
2010-01-13,TB336,2019-03-15,5.25,500000000.0,500000000.0,1310000000.0,2.62,5.4984,5.49,5.505,5.55,0.66
2010-01-15,TB337,2015-04-15,6.25,700000000.0,700000000.0,3180000000.0,4.54,5.382,5.375,5.385,5.415,0.3
2010-01-20,TB338,2020-04-15,4.5,500000000.0,500000000.0,1270000000.0,2.54,5.6316,5.625,5.635,5.68,0.34
2010-01-22,TB339,2012-04-15,5.75,700000000.0,700000000.0,3395000000.0,4.85,4.66,4.66,4.66,4.705,0.0
2010-01-27,TB340,2013-05-15,6.5,700000000.0,700000000.0,1013000000.0,1.45,4.9214,4.91,4.93,4.96,0.86
2010-01-29,TB341,2019-03-15,5.25,500000000.0,500000000.0,1425000000.0,2.85,5.4115,5.405,5.415,5.48,0.35
2010-02-03,TB342,2020-04-15,4.5,500000000.0,500000000.0,1439000000.0,2.88,5.5163,5.51,5.52,5.55,0.37
2010-02-05,TB343,2015-04-15,6.25,700000000.0,700000000.0,1970000000.0,2.81,5.0439,5.04,5.05,5.09,0.61
2010-02-10,TB344,2021-05-15,5.75,500000000.0,500000000.0,1893000000.0,3.79,5.5744,5.57,5.575,5.64,0.06
2010-02-12,TB345,2013-05-15,6.5,700000000.0,700000000.0,3760000000.0,5.37,4.91,4.91,4.91,4.945,0.0
2010-02-17,TB346,2020-04-15,4.5,500000000.0,500000000.0,2156000000.0,4.31,5.5952,5.59,5.6,5.65,0.48
2010-02-19,TB347,2012-11-15,4.75,1250000000.0,1250000000.0,4490000000.0,3.74,4.8552,4.83,4.865,4.94,0.98
2010-02-24,TB348,2021-05-15,5.75,300000000.0,300000000.0,1399000000.0,4.66,5.6272,5.625,5.63,5.68,0.28
2010-02-26,TB349,2012-11-15,4.75,1000000000.0,1000000000.0,2690000000.0,2.69,4.747,4.74,4.75,4.82,0.3
2010-03-03,TB350,2020-04-15,4.5,500000000.0,500000000.0,1893000000.0,3.79,5.455,5.45,5.46,5.5,0.5
2010-03-05,TB351,2013-05-15,6.5,700000000.0,700000000.0,2560000000.0,3.66,4.8499,4.845,4.85,4.89,0.01
2010-03-10,TB352,2014-06-15,6.25,700000000.0,700000000.0,2405000000.0,3.44,5.2093,5.205,5.21,5.24,0.07
2010-03-17,TB353,2015-04-15,6.25,500000000.0,500000000.0,1890000000.0,3.78,5.3522,5.345,5.355,5.4,0.28
2010-03-19,TB354,2012-11-15,4.75,1000000000.0,1000000000.0,3200000000.0,3.2,5.0646,5.05,5.075,5.14,1.04
2010-03-24,TB355,2019-03-15,5.25,500000000.0,500000000.0,1935000000.0,3.87,5.6565,5.655,5.66,5.705,0.35
2010-03-26,TB356,2014-06-15,6.25,700000000.0,700000000.0,2020000000.0,2.89,5.4008,5.39,5.41,5.44,0.92
2010-03-31,TB357,2021-05-15,5.75,500000000.0,500000000.0,2145000000.0,4.29,5.8291,5.825,5.83,5.91,0.09
2010-04-07,TB358,2022-07-15,5.75,1000000000.0,1000000000.0,3089000000.0,3.25,5.9642,5.935,5.98,6.1,1.58
2010-04-09,TB359,2017-02-15,6,500000000.0,500000000.0,1705000000.0,3.41,5.7008,5.7,5.705,5.745,0.42
2010-04-14,TB360,2022-07-15,5.75,800000000.0,800000000.0,3023000000.0,3.78,5.9428,5.94,5.945,6.045,0.22
2010-04-16,TB361,2012-11-15,4.75,750000000.0,750000000.0,3505000000.0,4.67,5.2141,5.205,5.215,5.31,0.09
2010-04-21,TB362,2020-04-15,4.5,700000000.0,700000000.0,1880000000.0,2.69,5.8501,5.84,5.855,5.905,0.49
2010-04-23,TB363,2019-03-15,5.25,500000000.0,500000000.0,1456000000.0,2.91,5.7754,5.77,5.78,5.84,0.46
2010-04-30,TB364,2013-12-15,5.5,1250000000.0,1250000000.0,4805000000.0,4.0,5.3931,5.37,5.4,5.6,0.69
2010-05-05,TB365,2022-07-15,5.75,500000000.0,500000000.0,1592000000.0,3.18,5.7568,5.75,5.76,5.795,0.32
2010-05-07,TB366,2012-11-15,4.75,700000000.0,700000000.0,2249000000.0,3.21,4.9063,4.89,4.91,5.02,0.37
2010-05-12,TB367,2011-06-15,5.75,700000000.0,700000000.0,2150000000.0,3.07,4.4414,4.415,4.465,4.55,2.36
2010-05-14,TB368,2013-12-15,5.5,1000000000.0,1000000000.0,3835000000.0,3.84,5.1953,5.195,5.2,5.225,0.47
2010-05-19,TB369,2017-02-15,6,500000000.0,500000000.0,1792000000.0,3.58,5.271,5.27,5.275,5.4,0.4
2010-05-21,TB370,2012-11-15,4.75,700000000.0,700000000.0,2195000000.0,3.14,4.6532,4.645,4.655,4.74,0.18
2010-05-26,TB371,2020-04-15,4.5,500000000.0,500000000.0,1690000000.0,3.38,5.3332,5.33,5.335,5.38,0.18
2010-05-28,TB372,2013-12-15,5.5,750000000.0,750000000.0,3350000000.0,4.47,4.955,4.95,4.96,5.02,0.5
2010-06-02,TB373,2017-02-15,6,500000000.0,500000000.0,1367000000.0,2.73,5.16,5.155,5.165,5.22,0.5
2010-06-04,TB374,2015-04-15,6.25,700000000.0,700000000.0,1925000000.0,2.75,5.0932,5.09,5.095,5.12,0.18
2010-06-09,TB375,2022-07-15,5.75,500000000.0,500000000.0,1672000000.0,3.34,5.4302,5.425,5.435,5.495,0.48
2010-06-16,TB376,2019-03-15,5.25,500000000.0,500000000.0,1090000000.0,2.18,5.3912,5.385,5.395,5.45,0.38
2010-06-18,TB377,2013-12-15,5.5,700000000.0,700000000.0,2690000000.0,3.84,4.8874,4.88,4.89,4.95,0.26
2010-07-02,TB378,2012-11-15,4.75,700000000.0,700000000.0,1933000000.0,2.76,4.4499,4.445,4.455,4.54,0.51
2010-07-07,TB379,2016-06-15,4.75,1000000000.0,1000000000.0,1800000000.0,1.89,4.8608,4.84,4.875,4.935,1.42
2010-07-14,TB380,2020-04-15,4.5,500000000.0,500000000.0,1350000000.0,2.7,5.1754,5.17,5.18,5.23,0.46
2010-07-16,TB381,2015-04-15,6.25,700000000.0,700000000.0,2345000000.0,3.35,4.7811,4.775,4.785,4.84,0.39
2010-07-21,TB382,2021-05-15,5.75,500000000.0,500000000.0,1532000000.0,3.06,5.28,5.28,5.28,5.31,0.0
2010-07-23,TB383,2016-06-15,4.75,800000000.0,800000000.0,2385000000.0,2.98,5.0188,5.01,5.025,5.07,0.62
2010-07-30,TB384,2019-03-15,5.25,500000000.0,500000000.0,1390000000.0,2.78,5.1315,5.125,5.135,5.15,0.35
2010-08-04,TB385,2020-04-15,4.5,500000000.0,500000000.0,2118000000.0,4.24,5.1319,5.125,5.135,5.19,0.31
2010-08-06,TB386,2016-06-15,4.75,700000000.0,700000000.0,1960000000.0,2.8,4.925,4.915,4.93,4.955,0.5
2010-08-11,TB387,2017-02-15,6,500000000.0,500000000.0,2130000000.0,4.26,4.8732,4.87,4.875,4.905,0.18
2010-08-13,TB388,2013-12-15,5.5,700000000.0,700000000.0,4415000000.0,6.31,4.619,4.61,4.62,4.645,0.1
2010-08-18,TB389,2022-07-15,5.75,500000000.0,500000000.0,2270000000.0,4.54,5.0654,5.055,5.07,5.1,0.46
2010-08-20,TB390,2016-06-15,4.75,700000000.0,700000000.0,2175000000.0,3.11,4.6858,4.68,4.69,4.705,0.42
2010-08-25,TB391,2020-04-15,4.5,500000000.0,500000000.0,2210000000.0,4.42,4.815,4.815,4.815,4.85,0.0
2010-08-27,TB392,2013-12-15,5.5,700000000.0,700000000.0,2655000000.0,3.79,4.3862,4.385,4.39,4.42,0.38
2010-09-01,TB393,2022-07-15,5.75,500000000.0,500000000.0,1171000000.0,2.34,4.8672,4.86,4.87,4.89,0.28
2010-09-03,TB394,2016-06-15,4.75,700000000.0,700000000.0,2593000000.0,3.7,4.6266,4.62,4.635,4.66,0.84
2010-09-08,TB395,2020-04-15,4.5,500000000.0,500000000.0,1628000000.0,3.26,4.881,4.88,4.885,4.93,0.4
2010-09-10,TB396,2014-10-21,4.5,1250000000.0,1250000000.0,3293000000.0,2.74,4.7561,4.745,4.765,4.85,0.89
2010-09-17,TB397,2015-04-15,6.25,700000000.0,700000000.0,2600000000.0,3.71,4.8593,4.855,4.86,4.89,0.07
2010-09-22,TB398,2022-07-15,5.75,500000000.0,500000000.0,2146000000.0,4.29,5.18,5.18,5.18,5.21,0.0
2010-09-24,TB399,2016-06-15,4.75,700000000.0,700000000.0,2180000000.0,3.11,4.9754,4.97,4.98,5.0,0.46
2010-09-29,TB400,2019-03-15,5.25,500000000.0,500000000.0,1534000000.0,3.07,5.0374,5.035,5.04,5.07,0.26
2010-10-01,TB401,2014-10-21,4.5,850000000.0,850000000.0,2350000000.0,2.76,4.9279,4.925,4.93,4.96,0.21
2010-10-06,TB402,2020-04-15,4.5,500000000.0,500000000.0,1805000000.0,3.61,5.0151,5.01,5.02,5.065,0.49
2010-10-08,TB403,2013-05-15,6.5,700000000.0,700000000.0,2470000000.0,3.53,4.9183,4.91,4.92,4.97,0.17
2010-10-13,TB404,2022-07-15,5.75,500000000.0,500000000.0,1679000000.0,3.36,5.0982,5.095,5.1,5.13,0.18
2010-10-15,TB405,2016-06-15,4.75,700000000.0,700000000.0,1410000000.0,2.01,4.9784,4.97,4.985,5.01,0.66
2010-10-20,TB406,2017-02-15,6,500000000.0,500000000.0,1820000000.0,3.64,5.0431,5.04,5.045,5.07,0.19
2010-10-22,TB407,2012-11-15,4.75,700000000.0,700000000.0,2705000000.0,3.86,4.9013,4.895,4.905,4.93,0.37
2010-10-29,TB408,2013-12-15,5.5,700000000.0,700000000.0,3870000000.0,5.53,4.9319,4.925,4.935,4.95,0.31
2010-11-03,TB409,2020-04-15,4.5,500000000.0,500000000.0,2225000000.0,4.45,5.2521,5.25,5.255,5.275,0.29
2010-11-05,TB410,2014-10-21,4.5,700000000.0,700000000.0,2950000000.0,4.21,5.1412,5.135,5.145,5.165,0.38
2010-11-10,TB411,2022-07-15,5.75,500000000.0,500000000.0,2277000000.0,4.55,5.4348,5.43,5.435,5.46,0.02
2010-11-12,TB412,2016-06-15,4.75,700000000.0,700000000.0,2805000000.0,4.01,5.2675,5.265,5.27,5.32,0.25
2010-11-17,TB413,2020-04-15,4.5,500000000.0,500000000.0,2645000000.0,5.29,5.4021,5.4,5.405,5.425,0.29
2010-11-19,TB414,2014-10-21,4.5,700000000.0,700000000.0,2645000000.0,3.78,5.2847,5.275,5.29,5.31,0.53
2010-11-24,TB415,2018-01-21,5.5,850000000.0,850000000.0,2990000000.0,3.74,5.4123,5.4,5.42,5.47,0.77
2010-11-26,TB416,2013-12-15,5.5,700000000.0,700000000.0,3065000000.0,4.38,5.165,5.165,5.165,5.2,0.0
2010-12-01,TB417,2020-04-15,4.5,500000000.0,500000000.0,2050000000.0,4.1,5.411,5.41,5.415,5.425,0.4
2010-12-03,TB418,2012-11-15,4.75,700000000.0,700000000.0,3506000000.0,5.01,4.9429,4.935,4.95,4.97,0.71
2010-12-08,TB419,2018-01-21,5.5,650000000.0,650000000.0,2372000000.0,3.65,5.4727,5.47,5.475,5.495,0.23
2011-01-12,TB420,2013-12-15,5.5,700000000.0,700000000.0,2540000000.0,3.63,4.9564,4.95,4.96,5.005,0.36
2011-01-14,TB421,2012-11-15,4.75,700000000.0,700000000.0,2940000000.0,4.2,4.9771,4.975,4.98,5.025,0.29
2011-01-19,TB422,2016-06-15,4.75,700000000.0,700000000.0,2895000000.0,4.14,5.3654,5.36,5.37,5.395,0.46
2011-01-21,TB423,2014-10-21,4.5,700000000.0,700000000.0,3195000000.0,4.56,5.2881,5.285,5.29,5.31,0.19
2011-01-28,TB424,2013-12-15,5.5,700000000.0,700000000.0,4055000000.0,5.79,5.0348,5.03,5.035,5.055,0.02
2011-02-02,TB425,2020-04-15,4.5,500000000.0,500000000.0,2350000000.0,4.7,5.548,5.545,5.55,5.64,0.2
2011-02-04,TB426,2012-11-15,4.75,700000000.0,700000000.0,3576000000.0,5.11,4.9964,4.995,5.0,5.035,0.36
2011-02-09,TB427,2018-01-21,5.5,500000000.0,500000000.0,1970000000.0,3.94,5.6994,5.695,5.7,5.72,0.06
2011-02-11,TB428,2014-10-21,4.5,700000000.0,700000000.0,2740000000.0,3.91,5.3727,5.37,5.375,5.39,0.23
2011-02-16,TB429,2022-07-15,5.75,500000000.0,500000000.0,2315000000.0,4.63,5.7452,5.745,5.75,5.765,0.48
2011-02-18,TB430,2013-12-15,5.5,700000000.0,700000000.0,3865000000.0,5.52,5.1941,5.19,5.195,5.21,0.09
2011-02-23,TB431,2018-01-21,5.5,500000000.0,500000000.0,2255000000.0,4.51,5.4784,5.475,5.48,5.505,0.16
2011-02-25,TB432,2016-06-15,4.75,700000000.0,700000000.0,2590000000.0,3.7,5.3867,5.38,5.39,5.405,0.33
2011-03-02,TB433,2022-07-15,5.75,500000000.0,500000000.0,2155000000.0,4.31,5.5396,5.535,5.54,5.565,0.04
2011-03-04,TB434,2014-10-21,4.5,700000000.0,700000000.0,3660000000.0,5.23,5.2699,5.265,5.27,5.29,0.01
2011-03-09,TB435,2013-05-15,6.5,500000000.0,500000000.0,3037000000.0,6.07,4.9904,4.99,4.995,5.02,0.46
2011-03-16,TB436,2018-01-21,5.5,500000000.0,500000000.0,1750000000.0,3.5,5.3126,5.31,5.315,5.365,0.24
2011-03-18,TB437,2014-10-21,4.5,700000000.0,700000000.0,2260000000.0,3.23,4.9782,4.975,4.985,5.015,0.68
2011-03-23,TB438,2021-05-15,5.75,500000000.0,500000000.0,2232000000.0,4.46,5.4445,5.44,5.445,5.49,0.05
2011-03-25,TB439,2013-12-15,5.5,700000000.0,700000000.0,1980000000.0,2.83,4.9482,4.945,4.955,4.975,0.68
2011-03-30,TB440,2020-04-15,4.5,500000000.0,500000000.0,2381000000.0,4.76,5.4686,5.465,5.47,5.49,0.14
2011-04-01,TB441,2014-10-21,4.5,700000000.0,700000000.0,4730000000.0,6.76,5.1381,5.135,5.14,5.16,0.19
2011-04-06,TB442,2018-01-21,5.5,500000000.0,500000000.0,2695000000.0,5.39,5.4298,5.425,5.43,5.45,0.02
2011-04-08,TB443,2016-06-15,4.75,700000000.0,700000000.0,2610000000.0,3.73,5.362,5.36,5.365,5.38,0.3
2011-04-13,TB444,2022-07-15,5.75,500000000.0,500000000.0,2570000000.0,5.14,5.6588,5.655,5.66,5.67,0.12
2011-04-15,TB445,2014-10-21,4.5,700000000.0,700000000.0,2770000000.0,3.96,5.2375,5.235,5.24,5.255,0.25
2011-04-20,TB446,2021-05-15,5.75,700000000.0,700000000.0,2058000000.0,2.94,5.5157,5.515,5.52,5.54,0.43
2011-04-29,TB447,2016-06-15,4.75,700000000.0,700000000.0,4063000000.0,5.8,5.235,5.235,5.235,5.27,0.0
2011-05-04,TB448,2019-03-15,5.25,600000000.0,600000000.0,2055000000.0,3.42,5.3544,5.35,5.355,5.375,0.06
2011-05-06,TB449,2022-07-15,5.75,600000000.0,600000000.0,2094000000.0,3.49,5.4001,5.395,5.405,5.445,0.49
2011-05-11,TB450,2020-04-15,4.5,600000000.0,600000000.0,2155000000.0,3.59,5.4329,5.425,5.435,5.465,0.21
2011-05-13,TB451,2014-06-15,6.25,600000000.0,600000000.0,1925000000.0,3.21,5.0743,5.065,5.08,5.1,0.57
2011-05-18,TB452,2023-04-21,5.5,1000000000.0,1000000000.0,3501000000.0,3.54,5.482,5.46,5.49,5.54,0.8
2011-05-20,TB453,2014-10-21,4.5,750000000.0,750000000.0,2520000000.0,3.36,5.0482,5.03,5.055,5.075,0.68
2011-05-25,TB454,2021-05-15,5.75,750000000.0,750000000.0,2283000000.0,3.04,5.2847,5.28,5.285,5.325,0.03
2011-05-27,TB455,2016-06-15,4.75,750000000.0,750000000.0,2390000000.0,3.19,5.0583,5.055,5.06,5.08,0.17
2011-06-01,TB456,2020-04-15,4.5,750000000.0,750000000.0,1532000000.0,2.04,5.2469,5.24,5.25,5.27,0.31
2011-06-03,TB457,2019-03-15,5.25,750000000.0,750000000.0,1618000000.0,2.16,5.2091,5.2,5.22,5.235,1.09
2011-06-08,TB458,2023-04-21,5.5,800000000.0,800000000.0,2139000000.0,2.67,5.3883,5.375,5.4,5.455,1.17
2011-06-10,TB459,2017-02-15,6,750000000.0,750000000.0,4139000000.0,5.52,5.0608,5.055,5.065,5.105,0.42
2011-06-17,TB460,2016-06-15,4.75,750000000.0,750000000.0,3276000000.0,4.37,4.8437,4.835,4.85,4.9,0.63
2011-06-22,TB461,2021-05-15,5.75,750000000.0,750000000.0,2437000000.0,3.25,5.1346,5.13,5.14,5.16,0.54
2011-06-24,TB462,2015-04-15,6.25,750000000.0,750000000.0,3070000000.0,4.09,4.6722,4.67,4.675,4.74,0.28
2011-07-01,TB463,2015-10-21,4.75,1250000000.0,1250000000.0,4355000000.0,3.51,4.9022,4.885,4.91,5.0,0.78
2011-07-06,TB464,2019-03-15,5.25,700000000.0,700000000.0,3220000000.0,4.6,5.1236,5.11,5.125,5.155,0.14
2011-07-08,TB465,2014-10-21,4.5,700000000.0,700000000.0,3827000000.0,5.47,4.7621,4.76,4.765,4.785,0.29
2011-07-13,TB466,2023-04-21,5.5,700000000.0,700000000.0,2408000000.0,3.44,5.0571,5.05,5.06,5.125,0.29
2011-07-15,TB467,2018-01-21,5.5,700000000.0,700000000.0,2820000000.0,4.03,4.7799,4.775,4.78,4.86,0.01
2011-07-20,TB468,2020-04-15,4.5,700000000.0,700000000.0,2530000000.0,3.61,4.8933,4.89,4.9,4.925,0.67
2011-07-22,TB469,2016-06-15,4.75,700000000.0,700000000.0,4170000000.0,5.96,4.5949,4.59,4.6,4.64,0.51
2011-07-29,TB470,2015-10-21,4.75,1000000000.0,1000000000.0,3230000000.0,3.23,4.5374,4.53,4.54,4.56,0.26
2011-08-03,TB471,2023-04-21,5.5,700000000.0,700000000.0,1956000000.0,2.79,4.7824,4.775,4.785,4.87,0.26
2011-08-05,TB472,2018-01-21,5.5,700000000.0,700000000.0,1527000000.0,2.18,4.2675,4.25,4.28,4.39,1.25
2011-08-10,TB473,2021-05-15,5.75,700000000.0,700000000.0,1190000000.0,1.7,4.6041,4.59,4.62,4.75,1.59
2011-08-12,TB474,2014-10-21,4.5,700000000.0,700000000.0,2640000000.0,3.77,3.8581,3.855,3.86,3.94,0.19
2011-08-17,TB475,2020-04-15,4.5,700000000.0,700000000.0,2245000000.0,3.21,4.4018,4.395,4.405,4.45,0.32
2011-08-19,TB476,2016-06-15,4.75,700000000.0,700000000.0,2455000000.0,3.51,3.7038,3.695,3.71,3.75,0.62
2011-08-24,TB477,2018-01-21,5.5,700000000.0,700000000.0,1837000000.0,2.62,4.1122,4.095,4.12,4.2,0.78
2011-08-26,TB478,2017-02-15,6,700000000.0,700000000.0,2785000000.0,3.98,4.1157,4.11,4.12,4.16,0.43
2011-08-31,TB479,2022-07-15,5.75,700000000.0,700000000.0,1765000000.0,2.52,4.4786,4.47,4.48,4.51,0.14
2011-09-02,TB480,2017-07-21,4.25,1000000000.0,1000000000.0,3175000000.0,3.21,4.1173,4.1,4.125,4.2,0.77
2011-09-07,TB481,2018-01-21,5.5,700000000.0,700000000.0,2355000000.0,3.36,4.0336,4.03,4.035,4.09,0.14
2011-09-09,TB482,2015-10-21,4.75,750000000.0,750000000.0,1596000000.0,2.13,3.8063,3.795,3.82,3.85,1.37
2011-09-16,TB483,2017-07-21,4.25,1000000000.0,1000000000.0,2035000000.0,2.04,3.9308,3.92,3.94,3.98,0.92
2011-09-21,TB484,2022-07-15,5.75,700000000.0,700000000.0,1337000000.0,1.91,4.2802,4.27,4.285,4.32,0.48
2011-09-23,TB485,2018-01-21,5.5,700000000.0,700000000.0,1200000000.0,1.71,3.8112,3.805,3.82,3.855,0.88
2011-09-28,TB486,2021-05-15,5.75,850000000.0,850000000.0,1345000000.0,1.58,4.2619,4.25,4.27,4.4,0.81
2011-09-30,TB487,2016-06-15,4.75,700000000.0,700000000.0,1495000000.0,2.14,3.8246,3.815,3.835,3.86,1.04
2011-10-05,TB488,2018-01-21,5.5,700000000.0,700000000.0,1483000000.0,2.12,3.8044,3.795,3.81,3.86,0.56
2011-10-07,TB489,2014-06-15,6.25,700000000.0,700000000.0,2315000000.0,3.31,3.5901,3.585,3.595,3.66,0.49
2011-10-12,TB490,2017-07-21,4.25,700000000.0,700000000.0,2282000000.0,3.26,4.055,4.045,4.06,4.15,0.5
2011-10-14,TB491,2014-10-21,4.5,700000000.0,700000000.0,1890000000.0,2.7,3.8512,3.845,3.855,3.885,0.38
2011-10-20,TBSYN1,2027-04-21,4.75,,3260000000.0,,,4.88,,,,
2011-10-21,TB492,2015-10-21,4.75,700000000.0,700000000.0,1885000000.0,2.69,3.9834,3.98,3.99,4.03,0.66
2011-10-28,TB493,2018-01-21,5.5,700000000.0,700000000.0,1990000000.0,2.84,4.38,4.375,4.385,4.44,0.5
2011-11-02,TB494,2023-04-21,5.5,700000000.0,700000000.0,1625000000.0,2.32,4.4139,4.405,4.42,4.45,0.61
2011-11-04,TB495,2014-06-15,6.25,700000000.0,700000000.0,1745000000.0,2.49,3.7028,3.7,3.705,3.74,0.22
2011-11-09,TB496,2019-03-15,5.25,700000000.0,700000000.0,1555000000.0,2.22,4.1178,4.115,4.12,4.16,0.22
2011-11-11,TB497,2017-07-21,4.25,700000000.0,700000000.0,2165000000.0,3.09,3.782,3.78,3.785,3.83,0.3
2011-11-16,TB498,2021-05-15,5.75,650000000.0,650000000.0,2240000000.0,3.45,4.0958,4.09,4.1,4.14,0.42
2011-11-18,TB499,2014-10-21,4.5,750000000.0,750000000.0,1875000000.0,2.5,3.3067,3.3,3.31,3.35,0.33
2011-11-23,TB500,2020-04-15,4.5,700000000.0,700000000.0,1640000000.0,2.34,3.8532,3.845,3.86,3.885,0.68
2011-11-25,TB501,2016-06-15,4.75,700000000.0,700000000.0,2375000000.0,3.39,3.2483,3.245,3.25,3.27,0.17
2011-11-30,TB502,2023-04-21,5.5,700000000.0,700000000.0,934000000.0,1.33,4.1591,4.15,4.175,4.18,1.59
2011-12-02,TB503,2015-10-21,4.75,700000000.0,700000000.0,2180000000.0,3.11,3.3996,3.395,3.41,3.455,1.04
2011-12-07,TB504,2017-07-21,4.25,700000000.0,700000000.0,2015000000.0,2.88,3.5229,3.515,3.53,3.56,0.71
2011-12-09,TB505,2019-03-15,5.25,700000000.0,700000000.0,1275000000.0,1.82,3.6105,3.6,3.62,3.655,0.95
2012-02-01,TB506,2022-07-15,5.75,700000000.0,700000000.0,1892000000.0,2.7,3.8059,3.8,3.81,3.84,0.41
2012-02-03,TB507,2018-01-21,5.5,700000000.0,700000000.0,1730000000.0,2.47,3.4589,3.455,3.46,3.51,0.11
2012-02-08,TB508,2023-04-21,5.5,700000000.0,700000000.0,1995000000.0,2.85,4.1581,4.15,4.165,4.2,0.69
2012-02-10,TB509,2017-07-21,4.25,700000000.0,700000000.0,3020000000.0,4.31,3.7834,3.78,3.79,3.82,0.66
2012-02-15,TB510,2021-05-15,5.75,700000000.0,700000000.0,2155000000.0,3.08,4.0036,4.0,4.005,4.025,0.14
2012-02-17,TB511,2016-06-15,4.75,700000000.0,700000000.0,3470000000.0,4.96,3.6643,3.66,3.665,3.705,0.07
2012-02-22,TB512,2018-01-21,5.5,700000000.0,700000000.0,2245000000.0,3.21,3.8443,3.84,3.85,3.89,0.57
2012-02-24,TB513,2015-10-21,4.75,700000000.0,700000000.0,2885000000.0,4.12,3.742,3.735,3.745,3.78,0.3
2012-02-29,TB514,2023-04-21,5.5,700000000.0,700000000.0,1825000000.0,2.61,4.1909,4.185,4.195,4.22,0.41
2012-03-02,TB515,2017-07-21,4.25,700000000.0,700000000.0,2245000000.0,3.21,3.855,3.845,3.86,3.885,0.5
2012-03-07,TB516,2019-03-15,5.25,700000000.0,700000000.0,1471000000.0,2.1,3.8459,3.84,3.85,3.87,0.41
2012-03-09,TB517,2017-02-15,6,700000000.0,700000000.0,2240000000.0,3.2,3.6813,3.675,3.685,3.755,0.37
2012-03-16,TB518,2027-04-21,4.75,490000000.0,490000000.0,1220000000.0,2.49,4.6245,4.62,4.63,4.655,0.55
2012-03-21,TB519,2022-07-15,5.75,700000000.0,700000000.0,1695000000.0,2.42,4.3695,4.36,4.375,4.4,0.55
2012-03-23,TB520,2014-10-21,4.5,700000000.0,700000000.0,2100000000.0,3.0,3.6904,3.685,3.7,3.725,0.96
2012-03-28,TB521,2020-04-15,4.5,700000000.0,700000000.0,1660000000.0,2.37,4.0381,4.035,4.04,4.06,0.19
2012-03-30,TB522,2015-10-21,4.75,700000000.0,700000000.0,1875000000.0,2.68,3.5109,3.505,3.515,3.555,0.41
2012-04-04,TB523,2017-07-21,4.25,700000000.0,700000000.0,1920000000.0,2.74,3.6686,3.665,3.675,3.71,0.64
2012-04-11,TB524,2023-04-21,5.5,700000000.0,700000000.0,1510000000.0,2.16,3.916,3.91,3.92,3.95,0.4
2012-04-18,TB525,2022-07-15,5.75,700000000.0,700000000.0,1825000000.0,2.61,3.8691,3.865,3.875,3.93,0.59
2012-04-27,TB526,2018-01-21,5.5,700000000.0,700000000.0,1570000000.0,2.24,3.2856,3.28,3.29,3.32,0.44
2012-05-02,TB527,2023-04-21,5.5,700000000.0,700000000.0,2080000000.0,2.97,3.7115,3.705,3.715,3.755,0.35
2012-05-11,TB528,2022-07-15,5.75,700000000.0,700000000.0,2997000000.0,4.28,3.3819,3.38,3.385,3.415,0.31
2012-05-16,TB529,2023-04-21,5.5,700000000.0,700000000.0,2704000000.0,3.86,3.3628,3.355,3.365,3.4,0.22
2012-05-18,TB530,2015-10-21,4.75,700000000.0,700000000.0,2780000000.0,3.97,2.5189,2.515,2.525,2.565,0.61
2012-05-23,TB531,2022-07-15,5.75,700000000.0,700000000.0,2197000000.0,3.14,3.1479,3.145,3.15,3.3,0.21
2012-05-25,TB532,2017-07-21,4.25,700000000.0,700000000.0,2391000000.0,3.42,2.6524,2.645,2.655,2.675,0.26
2012-05-30,TB533,2027-04-21,4.75,700000000.0,700000000.0,2252000000.0,3.22,3.4844,3.47,3.49,3.57,0.56
2012-06-01,TB534,2021-05-15,5.75,700000000.0,700000000.0,1567000000.0,2.24,2.745,2.73,2.75,2.82,0.5
2012-06-06,TB535,2023-04-21,5.5,700000000.0,700000000.0,1909000000.0,2.73,3.068,3.065,3.075,3.12,0.7
2012-06-08,TB536,2018-01-21,5.5,700000000.0,700000000.0,3365000000.0,4.81,2.66,2.655,2.67,2.71,1.0
2012-06-13,TB537,2017-02-15,6,700000000.0,700000000.0,3497000000.0,5.0,2.4438,2.435,2.45,2.48,0.62
2012-06-20,TB538,2024-04-21,2.75,1000000000.0,1000000000.0,2253000000.0,2.28,3.2816,3.24,3.295,3.46,1.34
2012-07-04,TB539,2017-07-21,4.25,800000000.0,800000000.0,3305000000.0,4.13,2.6823,2.675,2.685,2.72,0.27
2012-07-11,TB540,2024-04-21,2.75,1000000000.0,1000000000.0,2195000000.0,2.2,3.1076,3.09,3.115,3.17,0.74
2012-07-18,TB541,2022-07-15,5.75,800000000.0,800000000.0,2390000000.0,2.99,2.8528,2.85,2.855,2.92,0.22
2012-07-27,TB542,2018-01-21,5.5,800000000.0,800000000.0,1940000000.0,2.42,2.4936,2.48,2.5,2.54,0.64
2012-08-01,TB543,2023-04-21,5.5,1000000000.0,1000000000.0,2300000000.0,2.3,3.063,3.055,3.065,3.22,0.2
2012-08-08,TB544,2022-07-15,5.75,500000000.0,500000000.0,2374000000.0,4.75,3.2539,3.245,3.26,3.3,0.61
2012-08-10,TB545,2015-10-21,4.75,500000000.0,500000000.0,2420000000.0,4.84,2.7942,2.79,2.795,2.84,0.08
2012-08-15,TB546,2023-04-21,5.5,500000000.0,500000000.0,2333000000.0,4.67,3.3357,3.33,3.34,3.38,0.43
2012-08-17,TB547,2016-06-15,4.75,500000000.0,500000000.0,2580000000.0,5.16,2.8934,2.89,2.895,2.925,0.16
2012-08-22,TB548,2024-04-21,2.75,500000000.0,500000000.0,1573000000.0,3.15,3.525,3.52,3.53,3.57,0.5
2012-08-24,TB549,2015-10-21,4.75,500000000.0,500000000.0,2575000000.0,5.15,2.677,2.675,2.68,2.72,0.3
2012-08-29,TB550,2022-07-15,5.75,500000000.0,500000000.0,2107000000.0,4.21,3.13,3.13,3.13,3.17,0.0
2012-08-31,TB551,2017-07-21,4.25,500000000.0,500000000.0,2872000000.0,5.74,2.5805,2.575,2.585,2.64,0.45
2012-09-05,TB552,2023-04-21,5.5,800000000.0,800000000.0,2381000000.0,2.98,3.0742,3.07,3.08,3.23,0.58
2012-09-12,TB553,2019-03-15,5.25,500000000.0,500000000.0,2310000000.0,4.62,2.7912,2.785,2.795,2.84,0.38
2012-09-14,TB554,2016-06-15,4.75,500000000.0,500000000.0,2475000000.0,4.95,2.6846,2.675,2.69,2.76,0.54
2012-09-19,TB555,2024-04-21,2.75,800000000.0,800000000.0,2890000000.0,3.61,3.4575,3.45,3.46,3.535,0.25
2012-09-26,TB556,2020-04-15,4.5,500000000.0,500000000.0,1405000000.0,2.81,2.8324,2.825,2.835,2.89,0.26
2012-09-28,TB557,2018-01-21,5.5,500000000.0,500000000.0,1630000000.0,3.26,2.6362,2.63,2.645,2.67,0.88
2012-10-03,TB558,2017-07-21,4.25,500000000.0,500000000.0,2480000000.0,4.96,2.4955,2.49,2.5,2.545,0.45
2012-10-05,TB559,2015-10-21,4.75,500000000.0,500000000.0,3068000000.0,6.14,2.4786,2.475,2.48,2.525,0.14
2012-10-10,TBSYN2,2029-04-21,3.25,,3260000000.0,,,3.595,,,,
2012-10-17,TB560,2023-04-21,5.5,500000000.0,500000000.0,2510000000.0,5.02,3.1465,3.145,3.15,3.19,0.35
2012-10-19,TB561,2018-01-21,5.5,500000000.0,500000000.0,2475000000.0,4.95,2.7623,2.755,2.765,2.79,0.27
2012-10-26,TB562,2024-04-21,2.75,800000000.0,800000000.0,2850000000.0,3.56,3.4089,3.4,3.415,3.46,0.61
2012-10-31,TB563,2027-04-21,4.75,600000000.0,600000000.0,2753000000.0,4.59,3.4485,3.445,3.45,3.495,0.15
2012-11-02,TB564,2017-07-21,4.25,600000000.0,600000000.0,3870000000.0,6.45,2.7001,2.7,2.705,2.74,0.49
2012-11-07,TB565,2022-07-15,5.75,600000000.0,600000000.0,2305000000.0,3.84,3.1577,3.155,3.16,3.185,0.23
2012-11-09,TB566,2015-10-21,4.75,600000000.0,600000000.0,3665000000.0,6.11,2.6033,2.585,2.605,2.64,0.17
2012-11-14,TB567,2023-04-21,5.5,600000000.0,600000000.0,3312000000.0,5.52,3.0535,3.05,3.055,3.09,0.15
2012-11-16,TB568,2017-02-15,6,600000000.0,600000000.0,3385000000.0,5.64,2.5375,2.535,2.54,2.575,0.25
2012-11-21,TB569,2022-07-15,5.75,600000000.0,600000000.0,1795000000.0,2.99,3.1364,3.13,3.14,3.155,0.36
2012-11-23,TB570,2017-07-21,4.25,600000000.0,600000000.0,3094000000.0,5.16,2.7947,2.79,2.8,2.825,0.53
2012-11-28,TB571,2027-04-21,4.75,600000000.0,600000000.0,2345000000.0,3.91,3.5429,3.54,3.545,3.59,0.21
2012-11-30,TB572,2015-10-21,4.75,600000000.0,600000000.0,2830000000.0,4.72,2.5992,2.595,2.6,2.62,0.08
2012-12-05,TB573,2023-04-21,5.5,600000000.0,600000000.0,2196000000.0,3.66,3.1514,3.145,3.155,3.195,0.36
2012-12-07,TB574,2016-06-15,4.75,600000000.0,600000000.0,2935000000.0,4.89,2.6337,2.63,2.635,2.665,0.13
2012-12-12,TB575,2024-04-21,2.75,800000000.0,800000000.0,2675000000.0,3.34,3.2905,3.285,3.295,3.33,0.45
2012-12-14,TB576,2017-07-21,4.25,600000000.0,600000000.0,2805000000.0,4.68,2.8407,2.835,2.845,2.9,0.43
2013-01-30,TB577,2023-04-21,5.5,600000000.0,600000000.0,2335000000.0,3.89,3.5045,3.5,3.505,3.5121,0.05
2013-02-01,TB578,2018-01-21,5.5,600000000.0,600000000.0,2200000000.0,3.67,3.0309,3.03,3.035,3.085,0.41
2013-02-06,TB579,2024-04-21,2.75,600000000.0,600000000.0,1890000000.0,3.15,3.6792,3.675,3.68,3.7,0.08
2013-02-08,TB580,2017-07-21,4.25,600000000.0,600000000.0,2560000000.0,4.27,2.9039,2.9,2.905,2.94,0.11
2013-02-13,TB581,2023-04-21,5.5,600000000.0,600000000.0,2100000000.0,3.5,3.5148,3.51,3.52,3.53,0.52
2013-02-15,TB582,2015-10-21,4.75,600000000.0,600000000.0,3337000000.0,5.56,2.8433,2.84,2.845,2.86,0.17
2013-02-20,TB583,2024-04-21,2.75,600000000.0,600000000.0,2352000000.0,3.92,3.7312,3.73,3.735,3.77,0.38
2013-02-22,TB584,2018-01-21,5.5,600000000.0,600000000.0,2855000000.0,4.7583,3.0482,3.045,3.055,3.09,0.68
2013-02-27,TB585,2027-04-21,4.75,600000000.0,600000000.0,1355000000.0,2.2583,3.7485,3.74,3.755,3.79,0.65
2013-03-01,TB586,2016-06-15,4.75,600000000.0,600000000.0,2635000000.0,4.3917,2.7301,2.725,2.735,2.76,0.49
2013-03-06,TB587,2015-10-21,4.75,600000000.0,600000000.0,1990000000.0,3.3167,2.7842,2.78,2.785,2.815,0.08
2013-03-08,TB588,2023-04-21,5.5,600000000.0,600000000.0,1683000000.0,2.805,3.5215,3.515,3.525,3.535,0.35
2013-03-13,TB589,2024-04-21,2.75,600000000.0,600000000.0,2262000000.0,3.77,3.7002,3.695,3.705,3.73,0.48
2013-03-20,TB590,2023-04-21,5.5,600000000.0,600000000.0,1910000000.0,3.1833,3.487,3.48,3.49,3.54,0.3
2013-03-22,TB591,2017-07-21,4.25,600000000.0,600000000.0,1965000000.0,3.275,3.0888,3.085,3.09,3.11,0.12
2013-03-27,TB592,2027-04-21,4.75,650000000.0,650000000.0,2120000000.0,3.2615,3.8881,3.885,3.895,3.99,0.69
2013-04-03,TB593,2024-04-21,2.75,600000000.0,600000000.0,1575000000.0,2.625,3.5405,3.535,3.545,3.59,0.45
2013-04-05,TB594,2018-01-21,5.5,600000000.0,600000000.0,2345000000.0,3.9083,3.0173,3.015,3.02,3.06,0.27
2013-04-10,TB595,2029-04-21,3.25,640000000.0,640000000.0,1950000000.0,3.0469,3.7488,3.745,3.75,3.795,0.12
2013-04-12,TB596,2015-10-21,4.75,600000000.0,600000000.0,2470000000.0,4.1167,2.8012,2.795,2.805,2.86,0.38
2013-04-17,TB597,2022-07-15,5.75,600000000.0,600000000.0,1910000000.0,3.1833,3.2391,3.235,3.245,3.295,0.59
2013-04-19,TB598,2016-06-15,4.75,600000000.0,600000000.0,1995000000.0,3.325,2.6972,2.69,2.7,2.745,0.28
2013-04-26,TB599,2024-04-21,2.75,600000000.0,600000000.0,2540000000.0,4.2333,3.2799,3.275,3.28,3.345,0.01
2013-05-01,TB600,2027-04-21,4.75,600000000.0,600000000.0,2375000000.0,3.9583,3.4348,3.43,3.435,3.48,0.02
2013-05-03,TB601,2018-01-21,5.5,600000000.0,600000000.0,2685000000.0,4.475,2.6835,2.68,2.685,2.715,0.15
2013-05-08,TB602,2029-04-21,3.25,600000000.0,600000000.0,1860000000.0,3.1,3.6036,3.595,3.605,3.625,0.14
2013-05-10,TB603,2024-04-21,2.75,600000000.0,600000000.0,1810000000.0,3.0167,3.2522,3.25,3.255,3.295,0.28
2013-05-15,TB604,2027-04-21,4.75,600000000.0,600000000.0,1905000000.0,3.175,3.6289,3.625,3.635,3.69,0.61
2013-05-17,TB605,2015-10-21,4.75,600000000.0,600000000.0,1662000000.0,2.77,2.4883,2.485,2.49,2.52,0.17
2013-05-22,TBSYN3,2025-04-21,3.25,,4000000000.0,,,3.47,,,,
2013-05-29,TB606,2027-04-21,4.75,700000000.0,700000000.0,1713000000.0,2.4471,3.7332,3.73,3.735,3.79,0.18
2013-05-31,TB607,2018-01-21,5.5,700000000.0,700000000.0,3448000000.0,4.9257,2.82,2.82,2.82,2.845,0.0
2013-06-05,TB608,2023-04-21,5.5,700000000.0,700000000.0,2161000000.0,3.0871,3.4308,3.43,3.435,3.47,0.42
2013-06-07,TB609,2017-07-21,4.25,700000000.0,700000000.0,3035000000.0,4.3357,2.6378,2.635,2.64,2.68,0.22
2013-06-12,TB610,2021-05-15,5.75,700000000.0,700000000.0,2722000000.0,3.8886,3.293,3.29,3.295,3.34,0.2
2013-06-14,TB611,2015-04-15,6.25,700000000.0,700000000.0,3750000000.0,5.3571,2.485,2.485,2.485,2.51,0.0
2013-06-19,TB612,2029-04-21,3.25,700000000.0,700000000.0,2129000000.0,3.0414,3.9338,3.93,3.935,3.995,0.12
2013-06-21,TB613,2018-01-21,5.5,700000000.0,700000000.0,2820000000.0,4.0286,3.0533,3.05,3.055,3.085,0.17
2013-07-03,TB614,2027-04-21,4.75,700000000.0,700000000.0,2145000000.0,3.0643,4.1034,4.1,4.105,4.145,0.16
2013-07-05,TB615,2016-06-15,4.75,700000000.0,700000000.0,4014000000.0,5.7343,2.8,2.8,2.8,2.83,0.0
2013-07-10,TB616,2029-04-21,3.25,700000000.0,700000000.0,1081000000.0,1.5443,4.3592,4.35,4.365,4.375,0.58
2013-07-12,TB617,2018-01-21,5.5,700000000.0,700000000.0,2335000000.0,3.3357,3.015,3.015,3.015,3.08,0.0
2013-07-17,TB618,2024-04-21,2.75,700000000.0,700000000.0,2516000000.0,3.5943,3.8634,3.855,3.865,3.895,0.16
2013-07-19,TB619,2016-06-15,4.75,700000000.0,700000000.0,3390000000.0,4.8429,2.6643,2.66,2.665,2.71,0.07
2013-07-26,TB620,2023-04-21,5.5,700000000.0,700000000.0,2313000000.0,3.3043,3.7607,3.76,3.765,3.795,0.43
2013-07-31,TB621,2027-04-21,4.75,700000000.0,700000000.0,2206000000.0,3.1514,4.055,4.055,4.055,4.14,0.0
2013-08-02,TB622,2017-07-21,4.25,700000000.0,700000000.0,3639000000.0,5.1986,2.81,2.81,2.81,2.86,0.0
2013-08-07,TB623,2025-04-21,3.25,1000000000.0,1000000000.0,2693000000.0,2.693,3.9026,3.885,3.905,3.96,0.24
2013-08-09,TB624,2015-10-21,4.75,700000000.0,700000000.0,2215000000.0,3.1643,2.4218,2.415,2.425,2.445,0.32
2013-08-14,TB625,2023-04-21,5.5,800000000.0,800000000.0,2565000000.0,3.2062,3.8382,3.835,3.845,3.875,0.68
2013-08-16,TB626,2017-02-15,6,800000000.0,800000000.0,2721000000.0,3.4012,2.87,2.87,2.87,2.91,0.0
2013-08-21,TB627,2025-04-21,3.25,800000000.0,800000000.0,1815000000.0,2.2688,4.1682,4.16,4.175,4.22,0.68
2013-08-23,TB628,2018-01-21,5.5,800000000.0,800000000.0,2990000000.0,3.7375,3.1984,3.195,3.2,3.26,0.16
2013-08-28,TB629,2024-04-21,2.75,800000000.0,800000000.0,1370000000.0,1.7125,3.9792,3.965,3.985,4.015,0.58
2013-08-30,TB630,2017-07-21,4.25,800000000.0,800000000.0,3150000000.0,3.9375,2.968,2.965,2.97,3.005,0.2
2013-09-04,TB631,2015-10-21,4.75,800000000.0,800000000.0,3111000000.0,3.8888,2.7138,2.705,2.72,2.75,0.62
2013-09-06,TB632,2021-05-15,5.75,800000000.0,800000000.0,1998000000.0,2.4975,3.9592,3.955,3.965,4.02,0.58
2013-09-11,TB633,2023-04-21,5.5,800000000.0,800000000.0,1555000000.0,1.9438,4.1828,4.175,4.19,4.265,0.72
2013-09-13,TB634,2016-06-15,4.75,800000000.0,800000000.0,3508000000.0,4.385,2.9085,2.905,2.91,2.98,0.15
2013-09-18,TB635,2015-10-21,4.75,800000000.0,800000000.0,2715000000.0,3.3938,2.7867,2.78,2.79,2.85,0.33
2013-09-20,TB636,2018-01-21,5.5,800000000.0,800000000.0,3320000000.0,4.15,3.1923,3.185,3.2,3.25,0.77
2013-09-25,TB637,2016-06-15,4.75,800000000.0,800000000.0,3215000000.0,4.0188,2.7614,2.75,2.765,2.8,0.36
2013-09-27,TB638,2025-04-21,3.25,800000000.0,800000000.0,1971000000.0,2.4638,4.0866,4.08,4.095,4.17,0.84
2013-10-02,TB639,2023-04-21,5.5,800000000.0,800000000.0,2016000000.0,2.52,3.9018,3.89,3.91,3.96,0.82
2013-10-04,TB640,2017-07-21,4.25,800000000.0,800000000.0,3315000000.0,4.1438,3.0694,3.065,3.07,3.13,0.06
2013-10-09,TB641,2024-04-21,2.75,800000000.0,800000000.0,3486000000.0,4.3575,4.0683,4.06,4.07,4.14,0.17
2013-10-11,TB642,2016-06-15,4.75,800000000.0,800000000.0,3425000000.0,4.2812,2.9456,2.94,2.95,3.02,0.44
2013-10-16,TB643,2020-04-15,4.5,800000000.0,800000000.0,2410000000.0,3.0125,3.7951,3.79,3.8,3.86,0.49
2013-10-18,TB644,2022-07-15,5.75,800000000.0,800000000.0,2875000000.0,3.5938,3.9728,3.97,3.975,4.045,0.22
2013-10-25,TB645,2024-04-21,2.75,800000000.0,800000000.0,2301000000.0,2.8762,4.0137,4.01,4.02,4.06,0.63
2013-10-30,TB646,2025-04-21,3.25,800000000.0,800000000.0,2075000000.0,2.5938,4.0754,4.065,4.08,4.115,0.46
2013-11-01,TB647,2021-05-15,5.75,800000000.0,800000000.0,3417000000.0,4.2712,3.8,3.8,3.81,3.89,1.0
2013-11-06,TB648,2029-04-21,3.25,600000000.0,600000000.0,2720000000.0,4.5333,4.6,4.6,4.6,4.7,0.0
2013-11-08,TB649,2017-07-21,4.25,1000000000.0,1000000000.0,3580000000.0,3.58,3.1431,3.13,3.155,3.22,1.19
2013-11-13,TB650,2023-04-21,5.5,800000000.0,800000000.0,3780000000.0,4.725,4.1965,4.19,4.2,4.24,0.35
2013-11-15,TB651,2017-02-15,6,800000000.0,800000000.0,3110000000.0,3.8875,3.0545,3.045,3.06,3.165,0.55
2013-11-19,TBSYN4,2033-04-21,4.5,,5900000000.0,,,4.86,,,,
2013-11-22,TB652,2016-06-15,4.75,800000000.0,800000000.0,4320000000.0,5.4,2.9681,2.965,2.97,3.015,0.19
2013-11-27,TB653,2020-04-15,4.5,800000000.0,800000000.0,3430000000.0,4.2875,3.7061,3.7,3.71,3.745,0.39
2013-11-29,TB654,2019-03-15,5.25,800000000.0,800000000.0,3323000000.0,4.1538,3.506,3.505,3.51,3.545,0.4
2013-12-04,TB655,2022-07-15,5.75,800000000.0,800000000.0,1803000000.0,2.2538,4.1615,4.155,4.165,4.2,0.35
2013-12-06,TB656,2018-10-21,3.25,1500000000.0,1500000000.0,4698000000.0,3.132,3.5738,3.555,3.585,3.66,1.12
2013-12-11,TB657,2025-04-21,3.25,800000000.0,800000000.0,1978000000.0,2.4725,4.4572,4.45,4.46,4.54,0.28
2013-12-13,TB658,2017-02-15,6,700000000.0,700000000.0,3350000000.0,4.7857,3.0148,3.01,3.015,3.04,0.02
2014-01-15,TB659,2021-05-15,5.75,800000000.0,800000000.0,3085000000.0,3.8562,3.8919,3.885,3.895,3.93,0.31
2014-01-17,TB660,2018-10-21,3.25,1500000000.0,1500000000.0,2966000000.0,1.9773,3.3257,3.315,3.33,3.37,0.43
2014-01-24,TB661,2027-04-21,4.75,800000000.0,800000000.0,1695000000.0,2.1188,4.3331,4.325,4.34,4.38,0.69
2014-01-29,TB662,2024-04-21,2.75,800000000.0,800000000.0,2078000000.0,2.5975,4.0912,4.085,4.095,4.14,0.38
2014-01-31,TB663,2019-03-15,5.25,800000000.0,800000000.0,2930000000.0,3.6625,3.3288,3.325,3.335,3.365,0.62
2014-02-05,TB664,2025-04-21,3.25,800000000.0,800000000.0,4048000000.0,5.06,4.155,4.155,4.155,4.18,0.0
2014-02-07,TB665,2017-02-15,6,800000000.0,800000000.0,3830000000.0,4.7875,2.9785,2.975,2.98,3.01,0.15
2014-02-12,TB666,2024-04-21,2.75,800000000.0,800000000.0,3527000000.0,4.4088,4.2041,4.2,4.205,4.225,0.09
2014-02-14,TB667,2018-01-21,5.5,800000000.0,800000000.0,3649000000.0,4.5612,3.2157,3.21,3.22,3.26,0.43
2014-02-19,TB668,2025-04-21,3.25,800000000.0,800000000.0,3705000000.0,4.6312,4.2344,4.23,4.235,4.27,0.06
2014-02-21,TB669,2019-03-15,5.25,800000000.0,800000000.0,3155000000.0,3.9438,3.4661,3.46,3.47,3.5,0.39
2014-02-26,TB670,2021-05-15,5.75,800000000.0,800000000.0,3843000000.0,4.8038,3.785,3.785,3.79,3.83,0.5
2014-02-28,TB671,2017-07-21,4.25,800000000.0,800000000.0,4125000000.0,5.1562,2.9647,2.96,2.97,3.005,0.53
2014-03-05,TB672,2023-04-21,5.5,800000000.0,800000000.0,3636000000.0,4.545,3.9609,3.96,3.965,4.01,0.41
2014-03-07,TB673,2018-10-21,3.25,800000000.0,800000000.0,3665000000.0,4.5812,3.3869,3.38,3.39,3.415,0.31
2014-03-12,TBSYN5,2026-04-21,4.25,,7000000000.0,,,4.375,,,,
2014-03-14,TB674,2017-02-15,6,800000000.0,800000000.0,3855000000.0,4.8188,2.8861,2.88,2.89,2.915,0.39
2014-03-19,TB675,2024-04-21,2.75,700000000.0,700000000.0,2718000000.0,3.8829,4.0891,4.085,4.095,4.115,0.59
2014-03-21,TB676,2018-10-21,3.25,700000000.0,700000000.0,3640000000.0,5.2,3.3988,3.395,3.4,3.44,0.12
2014-03-26,TB677,2025-04-21,3.25,700000000.0,700000000.0,1909000000.0,2.7271,4.2036,4.2,4.205,4.23,0.14
2014-03-28,TB678,2017-07-21,4.25,700000000.0,700000000.0,2935000000.0,4.1929,3.105,3.105,3.105,3.13,0.0
2014-04-02,TB679,2033-04-21,4.5,700000000.0,700000000.0,3394000000.0,4.8486,4.71,4.71,4.71,4.75,0.0
2014-04-04,TB680,2016-06-15,4.75,700000000.0,700000000.0,4050000000.0,5.7857,2.8621,2.86,2.865,2.895,0.29
2014-04-09,TB681,2027-04-21,4.75,700000000.0,700000000.0,2446000000.0,3.4943,4.2885,4.28,4.29,4.325,0.15
2014-04-11,TB682,2021-05-15,5.75,700000000.0,700000000.0,2855000000.0,4.0786,3.6982,3.695,3.7,3.73,0.18
2014-04-16,TB683,2018-10-21,3.25,1000000000.0,1000000000.0,3119000000.0,3.119,3.2885,3.285,3.29,3.33,0.15
2014-04-30,TB684,2025-04-21,3.25,700000000.0,700000000.0,3410000000.0,4.8714,4.0311,4.025,4.035,4.06,0.39
2014-05-02,TB685,2019-03-15,5.25,700000000.0,700000000.0,3556000000.0,5.08,3.2795,3.275,3.28,3.32,0.05
2014-05-07,TB686,2026-04-21,4.25,700000000.0,700000000.0,3419000000.0,4.8843,4.005,4.0,4.01,4.04,0.5
2014-05-09,TB687,2020-04-15,4.5,700000000.0,700000000.0,2765000000.0,3.95,3.3622,3.36,3.365,3.38,0.28
2014-05-14,TB688,2024-04-21,2.75,700000000.0,700000000.0,2881000000.0,4.1157,3.8081,3.805,3.81,3.835,0.19
2014-05-16,TB689,2018-10-21,3.25,700000000.0,700000000.0,3235000000.0,4.6214,3.1196,3.115,3.125,3.14,0.54
2014-05-21,TB690,2026-04-21,4.25,700000000.0,700000000.0,2009000000.0,2.87,3.8257,3.825,3.83,3.845,0.43
2014-05-23,TB691,2017-07-21,4.25,700000000.0,700000000.0,3175000000.0,4.5357,2.88,2.88,2.88,2.895,0.0
2014-05-28,TB692,2027-04-21,4.75,700000000.0,700000000.0,2115000000.0,3.0214,3.9479,3.94,3.95,3.995,0.21
2014-05-30,TB693,2018-10-21,3.25,700000000.0,700000000.0,4150000000.0,5.9286,3.06,3.055,3.06,3.09,0.0
2014-06-04,TB694,2033-04-21,4.5,700000000.0,700000000.0,2468000000.0,3.5257,4.3157,4.3,4.32,4.335,0.43
2014-06-06,TB695,2025-04-21,3.25,700000000.0,700000000.0,2995000000.0,4.2786,3.8594,3.855,3.86,3.88,0.06
2014-06-11,TB696,2029-04-21,3.25,700000000.0,700000000.0,1829000000.0,2.6129,4.2055,4.2,4.21,4.23,0.45
2014-06-13,TB697,2018-10-21,3.25,700000000.0,700000000.0,2985000000.0,4.2643,3.1114,3.11,3.115,3.135,0.36
2014-06-18,TB698,2024-04-21,2.75,700000000.0,700000000.0,2220000000.0,3.1714,3.7393,3.735,3.74,3.76,0.07
2014-06-20,TB699,2019-03-15,5.25,700000000.0,700000000.0,3045000000.0,4.35,3.0436,3.04,3.045,3.075,0.14
2014-07-02,TB700,2033-04-21,4.5,600000000.0,600000000.0,1870000000.0,3.1166,4.092625,4.09,4.095,4.135,0.24
2014-07-04,TB701,2026-04-21,4.25,600000000.0,600000000.0,2185000000.0,3.6416,3.722375,3.72,3.725,3.745,0.26
2014-07-09,TB702,2024-04-21,2.75,700000000.0,700000000.0,2170000000.0,3.1,3.53703571428571,3.53,3.54,3.595,0.3
2014-07-11,TB703,2018-10-21,3.25,500000000.0,500000000.0,2305000000.0,4.61,2.80225,2.8,2.805,2.83,0.28
2014-07-16,TB704,2026-04-21,4.25,600000000.0,600000000.0,2035000000.0,3.3916,3.59225,3.59,3.595,3.64,0.28
2014-07-18,TB705,2019-10-21,2.75,1500000000.0,1500000000.0,3881000000.0,2.5873,2.87357666666667,2.86,2.88,2.93,0.64
2014-07-25,TB706,2025-04-21,3.25,600000000.0,600000000.0,1717000000.0,2.8616,3.527975,3.52,3.53,3.545,0.2
2014-07-30,TB707,2024-04-21,2.75,700000000.0,700000000.0,2107000000.0,3.01,3.42381428571429,3.42,3.425,3.445,0.12
2014-08-01,TB708,2018-10-21,3.25,500000000.0,500000000.0,1985000000.0,3.97,2.92,2.915,2.925,2.94,0.5
2014-08-06,TB709,2026-04-21,4.25,700000000.0,700000000.0,1895000000.0,2.7071,3.62921428571429,3.625,3.63,3.65,0.08
2014-08-08,TB710,2020-04-15,4.5,500000000.0,500000000.0,1605000000.0,3.21,2.9522,2.945,2.955,2.97,0.28
2014-08-13,TB711,2025-04-21,3.25,600000000.0,600000000.0,1940000000.0,3.2333,3.529625,3.525,3.535,3.56,0.54
2014-08-15,TB712,2019-10-21,2.75,1500000000.0,1500000000.0,4210000000.0,2.8066,2.94256666666667,2.94,2.945,2.97,0.24
2014-08-20,TB713,2024-04-21,2.75,700000000.0,700000000.0,1800000000.0,2.5714,3.41642857142857,3.41,3.42,3.435,0.36
2014-08-22,TB714,2017-07-21,4.25,500000000.0,500000000.0,3505000000.0,7.01,2.69033,2.685,2.695,2.725,0.47
2014-08-27,TB715,2029-04-21,3.25,600000000.0,600000000.0,2075000000.0,3.4583,3.71841666666667,3.715,3.72,3.74,0.16
2014-08-29,TB716,2018-10-21,3.25,600000000.0,600000000.0,3005000000.0,5.0083,2.79608333333333,2.795,2.8,2.82,0.39
2014-09-03,TB717,2026-04-21,4.25,600000000.0,600000000.0,2000000000.0,3.3333,3.55478333333333,3.55,3.56,3.575,0.52
2014-09-05,TB718,2019-10-21,2.75,1500000000.0,1500000000.0,3943000000.0,2.6286,3.03496666666667,3.03,3.04,3.06,0.5
2014-09-10,TB719,2021-05-15,5.75,600000000.0,600000000.0,2635000000.0,4.3916,3.265,3.265,3.265,3.29,0.0
2014-09-12,TB720,2018-01-21,5.5,600000000.0,600000000.0,2885000000.0,4.8083,2.909375,2.905,2.91,2.93,0.06
2014-09-17,TB721,2026-04-21,4.25,600000000.0,600000000.0,2760000000.0,4.6,3.764375,3.76,3.77,3.785,0.56
2014-09-19,TB722,2018-10-21,3.25,600000000.0,600000000.0,2405000000.0,4.0083,3.068125,3.065,3.07,3.09,0.19
2014-09-24,TB723,2027-04-21,4.75,600000000.0,600000000.0,2360000000.0,3.9333,3.76984166666667,3.765,3.775,3.82,0.52
2014-09-26,TB724,2019-10-21,2.75,1500000000.0,1500000000.0,4355000000.0,2.9033,3.05425,3.05,3.06,3.08,0.57
2014-10-01,TB725,2023-04-21,5.5,700000000.0,700000000.0,2535000000.0,3.6214,3.39332142857143,3.39,3.395,3.41,0.17
2014-10-03,TB726,2019-03-15,5.25,500000000.0,500000000.0,3010000000.0,6.02,2.87055,2.865,2.875,2.9,0.44
2014-10-08,TB727,2026-04-21,4.25,700000000.0,700000000.0,2680000000.0,3.8285,3.45817857142857,3.455,3.46,3.48,0.18
2014-10-10,TB728,2018-10-21,3.25,500000000.0,500000000.0,2825000000.0,5.65,2.74725,2.745,2.75,2.77,0.27
2014-10-15,TBSYN6,2037-04-21,3.75,,7000000000.0,,,3.945,,,,
2014-10-17,TB729,2017-07-21,4.25,500000000.0,500000000.0,1970000000.0,3.94,2.5295,2.525,2.53,2.555,0.05
2014-10-24,TB730,2024-04-21,2.75,600000000.0,600000000.0,2415000000.0,4.025,3.30283333333333,3.295,3.305,3.335,0.22
2014-10-29,TB731,2029-04-21,3.25,600000000.0,600000000.0,2910000000.0,4.85,3.62604166666667,3.625,3.63,3.65,0.4
2014-10-31,TB732,2019-10-21,2.75,600000000.0,600000000.0,3675000000.0,6.125,2.81854166666667,2.815,2.82,2.85,0.15
2014-11-05,TB733,2033-04-21,4.5,600000000.0,600000000.0,1800000000.0,3.0,3.73741666666667,3.73,3.74,3.76,0.26
2014-11-07,TB734,2026-04-21,4.25,600000000.0,600000000.0,2200000000.0,3.6666,3.44175,3.44,3.445,3.46,0.32
2014-11-12,TB735,2025-04-21,3.25,700000000.0,700000000.0,2031000000.0,2.9014,3.41389285714286,3.41,3.415,3.465,0.11
2014-11-14,TB736,2019-10-21,2.75,500000000.0,500000000.0,2690000000.0,5.38,2.827,2.825,2.83,2.855,0.3
2014-11-19,TB737,2029-04-21,3.25,600000000.0,600000000.0,2720000000.0,4.5333,3.55783333333333,3.55,3.56,3.58,0.22
2014-11-21,TB738,2018-10-21,3.25,600000000.0,600000000.0,3680000000.0,6.1333,2.65,2.65,2.65,2.67,0.0
2014-11-26,TB739,2024-04-21,2.75,700000000.0,700000000.0,2072000000.0,2.96,3.13972142857143,3.135,3.145,3.155,0.53
2014-11-28,TB740,2019-10-21,2.75,500000000.0,500000000.0,2385000000.0,4.77,2.5796,2.575,2.585,2.6,0.54
2014-12-03,TB741,2018-10-21,3.25,500000000.0,500000000.0,2960000000.0,5.92,2.491,2.49,2.495,2.515,0.4
2014-12-05,TB742,2026-04-21,4.25,700000000.0,700000000.0,1510000000.0,2.1571,3.14075,3.135,3.145,3.16,0.42
2014-12-10,TB743,2033-04-21,4.5,600000000.0,600000000.0,1111000000.0,1.8516,3.40220833333333,3.395,3.405,3.425,0.28
2014-12-12,TB744,2024-04-21,2.75,600000000.0,600000000.0,1545000000.0,2.575,2.91795833333333,2.915,2.92,2.935,0.2
2015-01-14,TB745,2029-04-21,3.25,700000000.0,700000000.0,1695000000.0,2.4214,2.85671428571429,2.85,2.86,2.89,0.33
2015-01-16,TB746,2019-10-21,2.75,700000000.0,700000000.0,2135000000.0,3.05,2.15321428571429,2.15,2.155,2.185,0.18
2015-01-21,TB747,2033-04-21,4.5,700000000.0,700000000.0,1315000000.0,1.8785,2.92810714285714,2.92,2.935,2.98,0.69
2015-01-23,TB748,2025-04-21,3.25,700000000.0,700000000.0,2170000000.0,3.1,2.61339285714286,2.61,2.615,2.64,0.16
2015-01-30,TB749,2024-04-21,2.75,700000000.0,700000000.0,2690000000.0,3.8428,2.4315,2.43,2.435,2.46,0.35
2015-02-04,TB750,2025-04-21,3.25,800000000.0,800000000.0,2414000000.0,3.0175,2.39978125,2.395,2.405,2.44,0.52
2015-02-06,TB751,2019-10-21,2.75,600000000.0,600000000.0,2745000000.0,4.575,1.99770833333333,1.995,2.0,2.045,0.23
2015-02-11,TB752,2024-04-21,2.75,800000000.0,800000000.0,2615000000.0,3.2687,2.55559375,2.55,2.56,2.62,0.44
2015-02-13,TB753,2026-04-21,4.25,600000000.0,600000000.0,1735000000.0,2.8916,2.59916666666667,2.59,2.605,2.62,0.58
2015-02-18,TB754,2025-04-21,3.25,800000000.0,800000000.0,2355000000.0,2.9437,2.6139375,2.61,2.615,2.645,0.11
2015-02-20,TB755,2019-03-15,5.25,600000000.0,600000000.0,2730000000.0,4.55,1.9235,1.92,1.925,1.96,0.15
2015-02-25,TB756,2024-04-21,2.75,700000000.0,700000000.0,2095000000.0,2.9928,2.43825,2.435,2.44,2.47,0.17
2015-02-27,TB757,2019-10-21,2.75,700000000.0,700000000.0,3375000000.0,4.8214,1.917,1.915,1.92,1.945,0.3
2015-03-04,TB758,2027-04-21,4.75,700000000.0,700000000.0,1520000000.0,2.1714,2.72092857142857,2.715,2.725,2.755,0.41
2015-03-06,TB759,2022-07-15,5.75,700000000.0,700000000.0,1838000000.0,2.6257,2.385,2.38,2.39,2.42,0.5
2015-03-11,TB760,2025-04-21,3.25,700000000.0,700000000.0,2501000000.0,3.5728,2.58892857142857,2.585,2.59,2.62,0.11
2015-03-13,TB761,2019-10-21,2.75,700000000.0,700000000.0,2245000000.0,3.2071,1.99907142857143,1.995,2.0,2.03,0.09
2015-03-18,TB762,2026-04-21,4.25,700000000.0,700000000.0,2700000000.0,3.8571,2.54321428571429,2.54,2.545,2.555,0.18
2015-03-20,TB763,2018-10-21,3.25,700000000.0,700000000.0,3315000000.0,4.7357,1.81946428571429,1.815,1.82,1.85,0.05
2015-03-24,TBSYN7,2035-06-21,2.75,,4250000000.0,,,2.865,,,,
2015-04-01,TB764,2024-04-21,2.75,700000000.0,700000000.0,2110000000.0,3.0142,2.26771428571429,2.265,2.27,2.31,0.23
2015-04-08,TB765,2037-04-21,3.75,500000000.0,500000000.0,1345000000.0,2.69,2.8421,2.835,2.845,2.885,0.29
2015-04-10,TB766,2020-11-21,1.75,2000000000.0,2000000000.0,6289000000.0,3.1445,2.0006575,1.98,2.01,2.055,0.93
2015-04-15,TB767,2027-04-21,4.75,700000000.0,700000000.0,2750000000.0,3.9285,2.38339285714286,2.38,2.385,2.405,0.16
2015-04-17,TB768,2019-10-21,2.75,700000000.0,700000000.0,4045000000.0,5.7785,1.88064285714286,1.875,1.885,1.92,0.44
2015-04-24,TB769,2026-04-21,4.25,700000000.0,700000000.0,2585000000.0,3.6928,2.58910714285714,2.585,2.59,2.63,0.09
2015-04-29,TB770,2025-04-21,3.25,700000000.0,700000000.0,2262000000.0,3.2314,2.60771428571429,2.605,2.61,2.62,0.23
2015-05-01,TB771,2018-10-21,3.25,700000000.0,700000000.0,2865000000.0,4.0928,1.93767857142857,1.93,1.94,1.96,0.23
2015-05-06,TB772,2024-04-21,2.75,700000000.0,700000000.0,1870000000.0,2.6714,2.83075,2.825,2.84,2.86,0.92
2015-05-08,TB773,2020-11-21,1.75,1500000000.0,1500000000.0,3475000000.0,2.3166,2.41137,2.405,2.415,2.45,0.36
2015-05-13,TB774,2025-04-21,3.25,700000000.0,700000000.0,2785000000.0,3.9785,3.00653571428571,3.0,3.01,3.025,0.35
2015-05-15,TB775,2021-05-15,5.75,700000000.0,700000000.0,2202000000.0,3.1457,2.45602142857143,2.455,2.46,2.48,0.4
2015-05-20,TB776,2026-04-21,4.25,700000000.0,700000000.0,2060000000.0,2.9428,3.05614285714286,3.05,3.06,3.095,0.39
2015-05-22,TB777,2018-10-21,3.25,700000000.0,700000000.0,3295000000.0,4.7071,2.10821428571429,2.105,2.11,2.145,0.18
2015-05-27,TB778,2025-04-21,3.25,700000000.0,700000000.0,2435000000.0,3.4785,2.845,2.845,2.845,2.865,0.0
2015-05-29,TB779,2019-10-21,2.75,700000000.0,700000000.0,3015000000.0,4.3071,2.04867857142857,2.045,2.055,2.075,0.63
2015-06-03,TB780,2027-04-21,4.75,700000000.0,700000000.0,1535000000.0,2.1928,2.9805,2.97,2.985,3.0,0.45
2015-06-05,TB781,2020-11-21,1.75,1500000000.0,1500000000.0,3153000000.0,2.102,2.45266,2.44,2.46,2.5,0.73
2015-06-10,TB782,2026-04-21,4.25,700000000.0,700000000.0,2037000000.0,2.91,3.13595,3.135,3.14,3.175,0.41
2015-06-12,TB783,2018-10-21,3.25,700000000.0,700000000.0,2500000000.0,3.5714,2.11521428571429,2.11,2.12,2.145,0.48
2015-06-17,TB784,2025-04-21,3.25,900000000.0,900000000.0,3365000000.0,3.7388,2.97986111111111,2.975,2.98,3.015,0.01
2015-06-24,TB785,2019-03-15,5.25,900000000.0,900000000.0,4259000000.0,4.7322,2.11438888888889,2.11,2.115,2.14,0.06
2015-07-01,TB786,2025-04-21,3.25,900000000.0,900000000.0,3580000000.0,3.9777,3.04472222222222,3.04,3.045,3.085,0.03
2015-07-03,TB787,2020-04-15,4.5,800000000.0,800000000.0,3115000000.0,3.8937,2.31396875,2.31,2.315,2.35,0.1
2015-07-08,TB788,2029-04-21,3.25,800000000.0,800000000.0,1925000000.0,2.4062,3.12153125,3.11,3.125,3.19,0.35
2015-07-10,TB789,2027-04-21,4.75,900000000.0,900000000.0,2940000000.0,3.2666,3.04452777777778,3.04,3.05,3.09,0.55
2015-07-15,TB790,2026-04-21,4.25,900000000.0,900000000.0,1970000000.0,2.1888,3.07883333333333,3.075,3.085,3.12,0.62
2015-07-17,TB791,2020-11-21,1.75,800000000.0,800000000.0,3158000000.0,3.9475,2.363625,2.36,2.365,2.385,0.14
2015-07-24,TB792,2025-04-21,3.25,900000000.0,900000000.0,2182000000.0,2.4244,2.82392777777778,2.815,2.83,2.855,0.61
2015-07-29,TB793,2037-04-21,3.75,500000000.0,500000000.0,1210000000.0,2.42,3.435,3.435,3.435,3.5,0.0
2015-07-31,TB794,2019-10-21,2.75,1200000000.0,1200000000.0,5430000000.0,4.525,2.01416666666667,2.01,2.015,2.06,0.08
2015-08-05,TB795,2024-04-21,2.75,900000000.0,900000000.0,2180000000.0,2.4222,2.71661111111111,2.71,2.72,2.745,0.34
2015-08-07,TB796,2020-11-21,1.75,800000000.0,800000000.0,2585000000.0,3.2312,2.25859375,2.255,2.26,2.305,0.14
2015-08-12,TB797,2022-07-15,5.75,800000000.0,800000000.0,1860000000.0,2.325,2.44659375,2.44,2.45,2.475,0.34
2015-08-14,TB798,2026-04-21,4.25,900000000.0,900000000.0,1605000000.0,1.7833,2.86425,2.86,2.87,2.885,0.57
2015-08-19,TB799,2025-04-21,3.25,900000000.0,900000000.0,3183000000.0,3.5366,2.78443611111111,2.7825,2.785,2.8175,0.06
2015-08-21,TB800,2018-10-21,3.25,800000000.0,800000000.0,3630000000.0,4.5375,1.83509375,1.83,1.84,1.86,0.49
2015-08-26,TB801,2027-04-21,4.75,900000000.0,900000000.0,2590000000.0,2.8777,2.74911111111111,2.74,2.7525,2.7725,0.34
2015-08-28,TB802,2019-10-21,2.75,800000000.0,800000000.0,3167000000.0,3.9587,1.931284375,1.9275,1.935,1.955,0.37
2015-08-31,TB803,2035-06-21,2.75,500000000.0,500000000.0,1005000000.0,2.01,3.3234,3.3175,3.33,3.3525,0.66
2015-09-02,TB804,2020-11-21,1.75,600000000.0,600000000.0,2210000000.0,3.6833,2.09272916666667,2.09,2.095,2.1175,0.23
2015-09-04,TB805,2026-04-21,4.25,600000000.0,600000000.0,1720000000.0,2.8666,2.73466666666667,2.73,2.7375,2.7575,0.28
2015-09-09,TB806,2027-04-21,4.75,900000000.0,900000000.0,1600000000.0,1.7777,2.86297222222222,2.8575,2.8675,2.895,0.45
2015-09-11,TB807,2018-10-21,3.25,800000000.0,800000000.0,2585000000.0,3.2312,1.87375,1.87,1.875,1.9,0.12
2015-09-16,TB808,2025-04-21,3.25,900000000.0,900000000.0,2091000000.0,2.3233,2.80272222222222,2.8,2.805,2.83,0.23
2015-09-18,TB809,2019-10-21,2.75,800000000.0,800000000.0,3140000000.0,3.925,2.031328125,2.0275,2.035,2.055,0.37
2015-09-21,TB810,2026-04-21,4.25,700000000.0,700000000.0,1485000000.0,2.1214,2.80833928571429,2.8025,2.81,2.8325,0.17
2015-09-23,TB811,2018-10-21,3.25,700000000.0,700000000.0,2990000000.0,4.2714,1.90373214285714,1.9,1.905,1.94,0.13
2015-09-25,TB812,2033-04-21,4.5,300000000.0,300000000.0,718000000.0,2.3933,3.17340833333333,3.1675,3.18,3.2,0.66
2015-09-30,TB813,2027-04-21,4.75,800000000.0,800000000.0,1690000000.0,2.1125,2.747265625,2.745,2.75,2.84,0.27
2015-10-02,TB814,2019-10-21,2.75,900000000.0,900000000.0,3675000000.0,4.0833,1.93788888888889,1.935,1.94,1.995,0.21
2015-10-07,TB815,2025-04-21,3.25,900000000.0,900000000.0,1925000000.0,2.1388,2.62095833333333,2.6175,2.625,2.6525,0.4
2015-10-09,TB816,2018-10-21,3.25,800000000.0,800000000.0,3150000000.0,3.9375,1.8835625,1.88,1.885,1.925,0.14
2015-10-14,TBSYN8,2039-06-21,3.25,,4000000000.0,,,3.345,,,,
2015-10-16,TB817,2020-11-21,1.75,800000000.0,800000000.0,3000000000.0,3.75,2.11528125,2.11,2.12,2.155,0.47
2015-10-21,TB818,2026-04-21,4.25,900000000.0,900000000.0,1930000000.0,2.1444,2.72711111111111,2.72,2.73,2.7575,0.29
2015-10-23,TB819,2019-10-21,2.75,800000000.0,800000000.0,2585000000.0,3.2312,1.927453125,1.9225,1.93,1.96,0.25
2015-10-26,TB820,2027-04-21,4.75,900000000.0,900000000.0,2515000000.0,2.7944,2.81295833333333,2.8075,2.815,2.84,0.2
2015-10-30,TB821,2022-07-15,5.75,800000000.0,800000000.0,2160000000.0,2.7,2.308546875,2.305,2.31,2.3425,0.15
2015-11-04,TB822,2024-04-21,2.75,900000000.0,900000000.0,2604000000.0,2.8933,2.63475,2.63,2.6375,2.67,0.28
2015-11-06,TB823,2020-11-21,1.75,800000000.0,800000000.0,2875000000.0,3.5937,2.23334375,2.23,2.2375,2.275,0.42
2015-11-11,TB824,2025-04-21,3.25,900000000.0,900000000.0,2295000000.0,2.55,2.88391666666667,2.8825,2.885,2.915,0.11
2015-11-13,TB825,2019-10-21,2.75,800000000.0,800000000.0,2380000000.0,2.975,2.2230625,2.22,2.225,2.26,0.19
2015-11-16,TB826,2035-06-21,2.75,300000000.0,300000000.0,1533000000.0,5.11,3.47541666666667,3.47,3.48,3.5,0.46
2015-11-18,TB827,2026-04-21,4.25,800000000.0,800000000.0,2448000000.0,3.06,2.972296875,2.97,2.975,3.005,0.27
2015-11-20,TB828,2020-04-15,4.5,600000000.0,600000000.0,2650000000.0,4.4166,2.23666666666667,2.235,2.2375,2.28,0.08
2015-11-23,TB829,2037-04-21,3.75,500000000.0,500000000.0,1165000000.0,2.33,3.54815,3.54,3.5525,3.585,0.44
2015-11-25,TB830,2027-04-21,4.75,700000000.0,700000000.0,1655000000.0,2.3642,3.04239285714286,3.0375,3.045,3.0825,0.26
2015-11-27,TB831,2020-11-21,1.75,800000000.0,800000000.0,2638000000.0,3.2975,2.283609375,2.28,2.285,2.32,0.14
2015-12-02,TB832,2026-04-21,4.25,900000000.0,900000000.0,1585000000.0,1.7611,2.85784722222222,2.8525,2.86,2.88,0.22
2015-12-04,TB833,2019-10-21,2.75,800000000.0,800000000.0,2635000000.0,3.2937,2.240546875,2.235,2.2425,2.28,0.2
2015-12-07,TB834,2033-04-21,4.5,300000000.0,300000000.0,760000000.0,2.5333,3.38641666666667,3.3825,3.39,3.4125,0.36
2015-12-09,TB835,2027-04-21,4.75,800000000.0,800000000.0,1840000000.0,2.3,2.970296875,2.965,2.9725,3.0,0.22
2015-12-11,TB836,2020-11-21,1.75,600000000.0,600000000.0,1805000000.0,3.0083,2.38397916666667,2.38,2.3875,2.405,0.35
2016-01-13,TB837,2026-04-21,4.25,900000000.0,900000000.0,2536000000.0,2.8177,2.75464722222222,2.7475,2.7575,2.78,0.29
2016-01-15,TB838,2022-07-15,5.75,800000000.0,800000000.0,1670000000.0,2.0875,2.354859375,2.3525,2.3575,2.3925,0.26
2016-01-20,TBSYN9,2027-11-21,2.75,,4600000000.0,,,2.865,,,,
2016-01-25,TB839,2020-04-15,4.5,800000000.0,800000000.0,3300000000.0,4.125,2.048671875,2.045,2.05,2.085,0.13
2016-01-29,TB840,2025-04-21,3.25,900000000.0,900000000.0,2151000000.0,2.39,2.61284722222222,2.61,2.615,2.64,0.22
2016-02-03,TB841,2027-04-21,4.75,900000000.0,900000000.0,2200000000.0,2.4444,2.615625,2.6125,2.6175,2.6425,0.19
2016-02-05,TB842,2019-10-21,2.75,800000000.0,800000000.0,2420000000.0,3.025,1.901984375,1.8975,1.905,1.93,0.3
2016-02-08,TB843,2029-04-21,3.25,500000000.0,500000000.0,1475000000.0,2.95,2.818825,2.815,2.82,2.86,0.12
2016-02-10,TB844,2026-04-21,4.25,600000000.0,600000000.0,1890000000.0,3.15,2.4381875,2.435,2.44,2.475,0.18
2016-02-12,TB845,2019-03-15,5.25,600000000.0,600000000.0,1780000000.0,2.9666,1.72447916666667,1.72,1.7275,1.75,0.3
2016-02-17,TB846,2027-04-21,4.75,900000000.0,900000000.0,1990000000.0,2.2111,2.59016666666667,2.585,2.5925,2.6125,0.23
2016-02-19,TB847,2018-10-21,3.25,800000000.0,800000000.0,2815000000.0,3.5187,1.791890625,1.7875,1.795,1.82,0.31
2016-02-24,TB848,2026-04-21,4.25,900000000.0,900000000.0,1905000000.0,2.1166,2.41679166666667,2.415,2.42,2.4325,0.32
2016-02-26,TB849,2019-10-21,2.75,800000000.0,800000000.0,2465000000.0,3.0812,1.767921875,1.765,1.77,1.8,0.21
2016-03-02,TB850,2027-11-21,2.75,900000000.0,900000000.0,1836000000.0,2.04,2.58253888888889,2.58,2.585,2.6175,0.25
2016-03-04,TB851,2020-11-21,1.75,800000000.0,800000000.0,2901000000.0,3.6262,2.07166875,2.07,2.075,2.105,0.33
2016-03-07,TB852,2029-04-21,3.25,500000000.0,500000000.0,1362000000.0,2.724,2.819275,2.8175,2.82,2.855,0.07
2016-03-09,TB853,2026-04-21,4.25,700000000.0,700000000.0,1965000000.0,2.8071,2.52991071428571,2.5275,2.5325,2.575,0.26
2016-03-11,TB854,2019-10-21,2.75,500000000.0,500000000.0,1961000000.0,3.922,2.02567,2.0225,2.0275,2.0625,0.18
2016-03-16,TB855,2027-11-21,2.75,900000000.0,900000000.0,3065000000.0,3.4055,2.78763888888889,2.7875,2.79,2.8225,0.24
2016-03-18,TB856,2022-07-15,5.75,800000000.0,800000000.0,2428000000.0,3.035,2.29875625,2.295,2.3025,2.325,0.37
2016-03-21,TB857,2035-06-21,2.75,500000000.0,500000000.0,1445000000.0,2.89,3.1425,3.14,3.145,3.1725,0.25
2016-03-23,TB858,2026-04-21,4.25,900000000.0,900000000.0,2315000000.0,2.5722,2.65111111111111,2.6475,2.655,2.6675,0.39
2016-03-30,TB859,2027-11-21,2.75,900000000.0,900000000.0,2285000000.0,2.5388,2.63148611111111,2.6275,2.635,2.675,0.35
2016-04-01,TB860,2020-11-21,1.75,800000000.0,800000000.0,3655000000.0,4.5687,2.0315,2.0275,2.035,2.0675,0.35
2016-04-06,TB861,2026-04-21,4.25,900000000.0,900000000.0,2305000000.0,2.5611,2.43502777777778,2.43,2.4375,2.47,0.25
2016-04-08,TB862,2019-10-21,2.75,800000000.0,800000000.0,2330000000.0,2.9125,1.8520625,1.85,1.855,1.895,0.29
2016-04-13,TB863,2027-04-21,4.75,900000000.0,900000000.0,2515000000.0,2.7944,2.56568055555556,2.5625,2.5675,2.5975,0.18
2016-04-15,TB864,2020-04-15,4.5,800000000.0,800000000.0,2540000000.0,3.175,2.011203125,2.0075,2.0125,2.035,0.13
2016-04-20,TB865,2027-11-21,2.75,1200000000.0,1200000000.0,3345000000.0,2.7875,2.66626041666667,2.665,2.6675,2.7,0.12
2016-04-22,TB866,2020-11-21,1.75,800000000.0,800000000.0,4115000000.0,5.1437,2.156984375,2.155,2.16,2.1875,0.3
2016-04-29,TB867,2021-05-15,5.75,1000000000.0,1000000000.0,3755000000.0,3.755,2.0575,2.0525,2.0625,2.1,0.5
2016-05-02,TB868,2033-04-21,4.5,300000000.0,300000000.0,735000000.0,2.45,2.93241666666667,2.925,2.9375,2.9725,0.51
2016-05-04,TB869,2026-04-21,4.25,700000000.0,700000000.0,2020000000.0,2.8857,2.41442857142857,2.41,2.4175,2.4575,0.31
2016-05-06,TB870,2020-11-21,1.75,700000000.0,700000000.0,2270000000.0,3.2428,1.79894642857143,1.7975,1.8025,1.83,0.36
2016-05-11,TBSYN10,2028-05-21,2.25,,7000000000.0,,,2.525,,,,
2016-05-18,TB871,2027-04-21,4.75,900000000.0,900000000.0,1745000000.0,1.9388,2.34156944444444,2.34,2.3425,2.365,0.09
2016-05-20,TB872,2020-11-21,1.75,1000000000.0,1000000000.0,3465000000.0,3.465,1.7538,1.75,1.755,1.7825,0.12
2016-05-25,TB873,2027-11-21,2.75,900000000.0,900000000.0,2250000000.0,2.5,2.43118055555556,2.39,2.435,2.48,0.38
2016-05-27,TB874,2019-10-21,2.75,1000000000.0,1000000000.0,3010000000.0,3.01,1.6206625,1.6175,1.6225,1.66,0.18
2016-05-31,TB875,2027-04-21,4.75,1000000000.0,1000000000.0,2050000000.0,2.05,2.350575,2.3475,2.3525,2.39,0.19
2016-06-03,TB876,2020-11-21,1.75,900000000.0,900000000.0,2970000000.0,3.3,1.71388888888889,1.7125,1.715,1.7425,0.11
2016-06-06,TB877,2037-04-21,3.75,300000000.0,300000000.0,745000000.0,2.4833,2.79929166666667,2.79,2.805,2.835,0.57
2016-06-08,TB878,2021-05-15,5.75,1100000000.0,1100000000.0,2925000000.0,2.659,1.75289772727273,1.7475,1.755,1.7925,0.21
2016-06-10,TB879,2029-04-21,3.25,500000000.0,500000000.0,1530000000.0,3.06,2.331725,2.3275,2.335,2.3575,0.33
2016-06-17,TB880,2027-11-21,2.75,1000000000.0,1000000000.0,2055000000.0,2.055,2.1690625,2.165,2.1725,2.1875,0.34
2016-06-22,TB881,2026-04-21,4.25,900000000.0,900000000.0,2225000000.0,2.4722,2.205,2.2025,2.2075,2.24,0.25
2016-06-24,TB882,2020-11-21,1.75,1000000000.0,1000000000.0,2445000000.0,2.445,1.754175,1.745,1.7575,1.79,0.33
2016-06-27,TB883,2021-05-15,5.75,600000000.0,600000000.0,2510000000.0,4.1833,1.6521875,1.6475,1.655,1.6875,0.28
2016-07-01,TB884,2027-11-21,2.75,1000000000.0,1000000000.0,2265000000.0,2.265,2.064725,2.06,2.0675,2.0925,0.28
2016-07-04,TB885,2035-06-21,2.75,400000000.0,400000000.0,935000000.0,2.3375,2.51421875,2.505,2.5175,2.545,0.33
2016-07-06,TB886,2028-05-21,2.25,700000000.0,700000000.0,2475000000.0,3.5357,2.02098214285714,2.02,2.0225,2.05,0.15
2016-07-08,TB887,2020-11-21,1.75,800000000.0,800000000.0,2420000000.0,3.025,1.566859375,1.56,1.5725,1.6,0.56
2016-07-11,TB888,2037-04-21,3.75,500000000.0,500000000.0,1145000000.0,2.29,2.41965,2.415,2.4225,2.4625,0.29
2016-07-13,TB889,2029-04-21,3.25,800000000.0,800000000.0,2365000000.0,2.9562,2.1921875,2.19,2.195,2.215,0.28
2016-07-15,TB890,2021-05-15,5.75,600000000.0,600000000.0,2500000000.0,4.1666,1.6555,1.65,1.6575,1.675,0.2
2016-07-18,TB891,2035-06-21,2.75,300000000.0,300000000.0,970000000.0,3.2333,2.48533333333333,2.485,2.4875,2.535,0.22
2016-07-20,TB892,2027-11-21,2.75,1000000000.0,1000000000.0,1655000000.0,1.655,2.0125,2.0075,2.015,2.0325,0.25
2016-07-22,TB893,2020-04-15,4.5,600000000.0,600000000.0,2315000000.0,3.8583,1.45414583333333,1.4525,1.455,1.48,0.09
2016-07-25,TB894,2023-04-21,5.5,1000000000.0,1000000000.0,2995000000.0,2.995,1.7343125,1.7325,1.735,1.75,0.07
2016-07-29,TB895,2026-04-21,4.25,900000000.0,900000000.0,2320000000.0,2.5777,1.84116666666667,1.84,1.8425,1.865,0.13
2016-08-03,TB896,2027-11-21,2.75,900000000.0,900000000.0,2075000000.0,2.3055,2.005375,2.0,2.0075,2.03,0.21
2016-08-05,TB897,2022-07-15,5.75,1000000000.0,1000000000.0,2370000000.0,2.37,1.6368375,1.6325,1.64,1.6625,0.32
2016-08-10,TB898,2027-04-21,4.75,1000000000.0,1000000000.0,2291000000.0,2.291,1.946985,1.9425,1.95,1.9675,0.3
2016-08-12,TB899,2023-04-21,5.5,900000000.0,900000000.0,2155000000.0,2.3944,1.70955555555556,1.705,1.7125,1.7325,0.29
2016-08-15,TB900,2033-04-21,4.5,400000000.0,400000000.0,728000000.0,1.82,2.25275625,2.2475,2.26,2.29,0.72
2016-08-17,TB901,2024-04-21,2.75,800000000.0,800000000.0,1875000000.0,2.3437,1.809828125,1.805,1.8125,1.8325,0.27
2016-08-19,TB902,2028-05-21,2.25,700000000.0,700000000.0,1385000000.0,1.9785,2.02421428571429,2.02,2.0275,2.05,0.33
2016-08-24,TB903,2027-11-21,2.75,1000000000.0,1000000000.0,1975000000.0,1.975,1.945925,1.9425,1.95,1.975,0.41
2016-08-26,TB904,2020-11-21,1.75,900000000.0,900000000.0,2280000000.0,2.5333,1.48793055555556,1.485,1.4925,1.5175,0.46
2016-08-31,TB905,2026-04-21,4.25,1000000000.0,1000000000.0,2085000000.0,2.085,1.8341125,1.83,1.8375,1.86,0.34
2016-09-02,TB906,2020-04-15,4.5,900000000.0,900000000.0,1885000000.0,2.0944,1.43594444444444,1.43,1.44,1.46,0.41
2016-09-07,TB907,2027-04-21,4.75,1000000000.0,1000000000.0,1590000000.0,1.59,1.892,1.8875,1.895,1.9175,0.3
2016-09-09,TB908,2019-10-21,2.75,900000000.0,900000000.0,3315000000.0,3.6833,1.52625,1.525,1.5275,1.5575,0.12
2016-09-16,TB909,2028-05-21,2.25,700000000.0,700000000.0,2575000000.0,3.6785,2.26116071428571,2.2575,2.265,2.32,0.38
2016-09-19,TB910,2029-04-21,3.25,400000000.0,400000000.0,1555000000.0,3.8875,2.35575,2.355,2.36,2.43,0.42
2016-09-21,TB911,2027-11-21,2.75,900000000.0,900000000.0,2795000000.0,3.1055,2.19358333333333,2.19,2.1975,2.2725,0.39
2016-09-23,TB912,2021-05-15,5.75,1000000000.0,1000000000.0,3707000000.0,3.707,1.71826,1.7125,1.72,1.775,0.17
2016-09-28,TB913,2028-05-21,2.25,1000000000.0,1000000000.0,1845000000.0,1.845,2.0815375,2.0775,2.085,2.095,0.35
2016-09-30,TB914,2025-04-21,3.25,900000000.0,900000000.0,1493000000.0,1.6588,1.88769444444444,1.88,1.8925,1.91,0.48
2016-10-05,TB915,2027-11-21,2.75,1000000000.0,1000000000.0,2065000000.0,2.065,2.18325,2.1775,2.1875,2.235,0.42
2016-10-07,TB916,2020-11-21,1.75,900000000.0,900000000.0,3105000000.0,3.45,1.693625,1.6875,1.6975,1.7225,0.39
2016-10-12,TBSYN11,2047-03-21,3,,7600000000.0,,,3.27,,,,
2016-10-19,TB917,2028-05-21,2.25,900000000.0,900000000.0,2150000000.0,2.3888,2.405125,2.4,2.4075,2.4675,0.24
2016-10-21,TB918,2021-05-15,5.75,900000000.0,900000000.0,3220000000.0,3.5777,1.807625,1.8025,1.81,1.8525,0.24
2016-10-24,TB919,2022-07-15,5.75,300000000.0,300000000.0,1970000000.0,6.5666,1.92816666666667,1.925,1.93,1.96,0.18
2016-10-28,TB920,2027-04-21,4.75,900000000.0,900000000.0,2395000000.0,2.6611,2.37416666666667,2.37,2.3775,2.4425,0.33
2016-11-02,TB921,2027-11-21,2.75,1000000000.0,1000000000.0,2360000000.0,2.36,2.4188875,2.4125,2.4225,2.455,0.36
2016-11-04,TB922,2020-11-21,1.75,800000000.0,800000000.0,3195000000.0,3.9937,1.79528125,1.79,1.7975,1.84,0.22
2016-11-09,TB923,2020-04-15,4.5,800000000.0,800000000.0,2728000000.0,3.41,1.75031875,1.7425,1.7525,1.83,0.22
2016-11-11,TB924,2028-05-21,2.25,1000000000.0,1000000000.0,1770000000.0,1.77,2.7005375,2.695,2.705,2.755,0.45
2016-11-16,TB925,2025-04-21,3.25,900000000.0,900000000.0,2350000000.0,2.6111,2.56126388888889,2.5575,2.565,2.6,0.37
2016-11-18,TB926,2019-10-21,2.75,900000000.0,900000000.0,3623000000.0,4.0255,1.84143611111111,1.8375,1.8425,1.8825,0.11
2016-11-21,TB927,2020-11-21,1.75,600000000.0,600000000.0,2030000000.0,3.3833,1.98522916666667,1.9825,1.9875,2.03,0.23
2016-11-23,TB928,2028-05-21,2.25,900000000.0,900000000.0,1470000000.0,1.6333,2.813625,2.81,2.82,2.8575,0.64
2016-11-25,TB929,2023-04-21,5.5,900000000.0,900000000.0,1940000000.0,2.1555,2.43279166666667,2.4275,2.435,2.46,0.22
2016-11-30,TB930,2026-04-21,4.25,900000000.0,900000000.0,2100000000.0,2.3333,2.64358888888889,2.64,2.645,2.675,0.14
2016-12-02,TB931,2019-10-21,2.75,900000000.0,900000000.0,2445000000.0,2.7166,1.96888888888889,1.9675,1.97,2.0025,0.11
2016-12-07,TB932,2020-11-21,1.75,900000000.0,900000000.0,3864000000.0,4.2933,2.09490555555556,2.085,2.0975,2.12,0.26
2016-12-09,TB933,2027-11-21,2.75,900000000.0,900000000.0,2737000000.0,3.0411,2.86771944444444,2.855,2.87,2.905,0.23
2016-12-12,TB934,2028-05-21,2.25,800000000.0,800000000.0,2400000000.0,3.0,2.981890625,2.9775,2.985,3.03,0.31
2016-12-16,TB935,2021-05-15,5.75,600000000.0,600000000.0,2475000000.0,4.125,2.19345833333333,2.19,2.1975,2.23,0.4
2017-01-11,TB936,2027-11-21,2.75,1000000000.0,1000000000.0,3008000000.0,3.008,2.796665,2.7925,2.8,2.9,0.33
2017-01-13,TB937,2020-11-21,1.75,600000000.0,600000000.0,3210000000.0,5.35,2.0519375,2.05,2.0525,2.11,0.06
2017-01-18,TBSYN12,2021-12-21,2,,9300000000.0,,,2.24,,,,
2017-01-20,TB938,2029-04-21,3.25,600000000.0,600000000.0,2990000000.0,4.9833,3.002875,3.0025,3.005,3.0525,0.21
2017-01-23,TB939,2020-04-15,4.5,500000000.0,500000000.0,2240000000.0,4.48,2.02425,2.0225,2.025,2.05,0.08
2017-01-27,TB940,2028-05-21,2.25,700000000.0,700000000.0,2039000000.0,2.9128,2.89945714285714,2.895,2.9025,2.9325,0.3
2017-02-01,TB941,2027-11-21,2.75,800000000.0,800000000.0,2595000000.0,3.2437,2.7840625,2.78,2.7875,2.825,0.34
2017-02-03,TB942,2022-07-15,5.75,600000000.0,600000000.0,3110000000.0,5.1833,2.2669375,2.265,2.2675,2.29,0.06
2017-02-08,TB943,2029-04-21,3.25,800000000.0,800000000.0,1981000000.0,2.4762,2.892196875,2.89,2.895,2.935,0.28
2017-02-10,TB944,2020-04-15,4.5,600000000.0,600000000.0,3280000000.0,5.4666,1.92939583333333,1.925,1.9325,1.97,0.31
2017-02-13,TB945,2033-04-21,4.5,300000000.0,300000000.0,1026000000.0,3.42,3.16404166666667,3.16,3.165,3.19,0.1
2017-02-15,TB946,2026-04-21,4.25,500000000.0,500000000.0,2527000000.0,5.054,2.731075,2.73,2.7325,2.77,0.14
2017-02-17,TB947,2020-11-21,1.75,600000000.0,600000000.0,3513000000.0,5.855,2.1156875,2.1125,2.1175,2.145,0.18
2017-02-22,TBSYN13,2028-11-21,2.75,,11000000000.0,,,3.005,,,,
2017-03-03,TB948,2020-11-21,1.75,800000000.0,800000000.0,4130000000.0,5.1625,2.107625,2.1025,2.1125,2.155,0.49
2017-03-06,TB949,2037-04-21,3.75,600000000.0,600000000.0,1515000000.0,2.525,3.4984375,3.4925,3.505,3.54,0.66
2017-03-08,TB950,2028-05-21,2.25,800000000.0,800000000.0,3024000000.0,3.78,2.98159375,2.98,2.9825,3.0325,0.09
2017-03-10,TB951,2021-05-15,5.75,600000000.0,600000000.0,3157000000.0,5.2616,2.29054166666667,2.285,2.2925,2.32,0.2
2017-03-17,TB952,2029-04-21,3.25,700000000.0,700000000.0,2622000000.0,3.7457,3.03727142857143,3.03,3.04,3.08,0.27
2017-03-22,TB953,2028-05-21,2.25,800000000.0,800000000.0,1753000000.0,2.1912,2.859496875,2.855,2.8625,2.88,0.3
2017-03-24,TB954,2020-11-21,1.75,600000000.0,600000000.0,3748000000.0,6.2466,2.05626666666667,2.055,2.06,2.085,0.37
2017-03-27,TB955,2047-03-21,3,500000000.0,500000000.0,1327000000.0,2.654,3.67319,3.6675,3.675,3.7125,0.18
2017-03-29,TB956,2027-11-21,2.75,800000000.0,800000000.0,2843000000.0,3.5537,2.809646875,2.805,2.8125,2.83,0.29
2017-03-31,TB957,2021-05-15,5.75,600000000.0,600000000.0,4135000000.0,6.8916,2.076625,2.075,2.0775,2.13,0.09
2017-04-05,TB958,2028-11-21,2.75,800000000.0,800000000.0,2423000000.0,3.0287,2.748003125,2.7425,2.75,2.775,0.2
2017-04-07,TB959,2021-12-21,2,600000000.0,600000000.0,3675000000.0,6.125,2.06347916666667,2.06,2.065,2.0925,0.15
2017-04-10,TB960,2033-04-21,4.5,400000000.0,400000000.0,1525000000.0,3.8125,3.008,3.005,3.01,3.055,0.2
2017-04-12,TB961,2020-11-21,1.75,800000000.0,800000000.0,2995000000.0,3.7437,1.8675,1.8625,1.87,1.89,0.25
2017-04-19,TB962,2027-11-21,2.75,800000000.0,800000000.0,2590000000.0,3.2375,2.514625,2.5125,2.5175,2.54,0.29
2017-04-21,TB963,2021-12-21,2,600000000.0,600000000.0,2975000000.0,4.9583,2.044375,2.0425,2.045,2.0625,0.06
2017-04-24,TB964,2033-04-21,4.5,300000000.0,300000000.0,920000000.0,3.0666,3.02054166666667,3.0175,3.025,3.0475,0.45
2017-04-28,TB965,2022-07-15,5.75,800000000.0,800000000.0,3745000000.0,4.6812,2.119765625,2.1175,2.1225,2.14,0.27
2017-05-01,TB966,2035-06-21,2.75,300000000.0,300000000.0,1076000000.0,3.5866,3.13749166666667,3.13,3.1425,3.1925,0.5
2017-05-03,TB967,2028-11-21,2.75,600000000.0,600000000.0,2815000000.0,4.6916,2.7213125,2.72,2.7225,2.74,0.12
2017-05-05,TB968,2021-12-21,2,800000000.0,800000000.0,3220000000.0,4.025,2.1368125,2.1325,2.14,2.16,0.32
2017-05-10,TB969,2020-04-15,4.5,600000000.0,600000000.0,2905000000.0,4.8416,1.84060416666667,1.8375,1.845,1.8625,0.44
2017-05-12,TB970,2029-04-21,3.25,800000000.0,800000000.0,2518000000.0,3.1475,2.803265625,2.8,2.805,2.815,0.17
2017-05-17,TB971,2033-04-21,4.5,500000000.0,500000000.0,1335000000.0,2.67,2.9342,2.93,2.935,2.9525,0.08
2017-05-19,TB972,2021-12-21,2,900000000.0,900000000.0,3130000000.0,3.4777,1.98030555555556,1.9775,1.9825,1.9975,0.22
2017-05-24,TB973,2027-11-21,2.75,800000000.0,800000000.0,2435000000.0,3.0437,2.5446875,2.5425,2.5475,2.5625,0.28
2017-05-26,TB974,2020-11-21,1.75,600000000.0,600000000.0,2670000000.0,4.45,1.76116666666667,1.7575,1.7625,1.785,0.13
2017-05-29,TB975,2037-04-21,3.75,500000000.0,500000000.0,1185000000.0,2.37,3.070125,3.065,3.075,3.0925,0.49
2017-05-31,TB976,2028-05-21,2.25,800000000.0,800000000.0,2268000000.0,2.835,2.4978125,2.495,2.5,2.5125,0.22
2017-06-02,TB977,2021-12-21,2,600000000.0,600000000.0,2780000000.0,4.6333,1.87864583333333,1.875,1.88,1.895,0.14
2017-06-05,TB978,2029-04-21,3.25,400000000.0,400000000.0,1664000000.0,4.16,2.517125,2.515,2.5175,2.53,0.04
2017-06-07,TB979,2020-04-15,4.5,600000000.0,600000000.0,2885000000.0,4.8083,1.641875,1.64,1.6425,1.6575,0.06
2017-06-09,TB980,2028-11-21,2.75,800000000.0,800000000.0,2465000000.0,3.0812,2.51859375,2.515,2.52,2.535,0.14
2017-06-16,TB981,2028-05-21,2.25,800000000.0,800000000.0,2605000000.0,3.2562,2.49875,2.4975,2.5,2.5125,0.13
2017-06-19,TB982,2037-04-21,3.75,400000000.0,400000000.0,1186000000.0,2.965,3.015825,3.01,3.02,3.0375,0.42
2017-06-21,TB983,2028-11-21,2.75,800000000.0,800000000.0,2149000000.0,2.6862,2.51240625,2.5,2.5175,2.54,0.51
2017-06-23,TB984,2020-11-21,1.75,600000000.0,600000000.0,3175000000.0,5.2916,1.84314583333333,1.84,1.845,1.8675,0.19
2017-06-28,TB985,2027-11-21,2.75,800000000.0,800000000.0,2800000000.0,3.5,2.479078125,2.4725,2.48,2.4975,0.09
2017-07-05,TB986,2029-04-21,3.25,800000000.0,800000000.0,3574000000.0,4.4675,2.72,2.72,2.72,2.74,0.0
2017-07-07,TB987,2021-12-21,2,600000000.0,600000000.0,3275000000.0,5.4583,2.16927083333333,2.1625,2.1725,2.19,0.32
2017-07-11,TBSYN14,2039-06-21,3.25,,2300000000.0,,,3.405,,,,
2017-07-19,TB988,2028-11-21,2.75,900000000.0,900000000.0,2536000000.0,2.8177,2.77469444444444,2.7725,2.7775,2.7925,0.28
2017-07-21,TB989,2021-12-21,2,500000000.0,500000000.0,3290000000.0,6.58,2.199575,2.1975,2.2,2.225,0.04
2017-07-28,TB990,2028-05-21,2.25,700000000.0,700000000.0,2690000000.0,3.8428,2.72664285714286,2.7225,2.7275,2.75,0.09
2017-08-02,TB991,2028-11-21,2.75,900000000.0,900000000.0,2636000000.0,2.9288,2.75230555555556,2.75,2.755,2.77,0.27
2017-08-04,TB992,2020-11-21,1.75,500000000.0,500000000.0,2520000000.0,5.04,1.9447,1.94,1.9475,1.965,0.28
2017-08-09,TB993,2027-11-21,2.75,900000000.0,900000000.0,2733000000.0,3.0366,2.63118888888889,2.6275,2.6325,2.6425,0.13
2017-08-11,TB994,2022-07-15,5.75,500000000.0,500000000.0,2345000000.0,4.69,2.133675,2.13,2.135,2.1475,0.13
2017-08-14,TB995,2028-05-21,2.25,500000000.0,500000000.0,2427000000.0,4.854,2.646375,2.645,2.6475,2.66,0.11
2017-08-16,TB996,2029-04-21,3.25,900000000.0,900000000.0,2665000000.0,2.9611,2.76084722222222,2.7575,2.7625,2.775,0.17
2017-08-18,TB997,2021-12-21,2,500000000.0,500000000.0,2810000000.0,5.62,2.1077,2.1075,2.11,2.1275,0.23
2017-08-21,TB998,2028-11-21,2.75,800000000.0,800000000.0,2390000000.0,2.9875,2.69978125,2.6975,2.7,2.7125,0.02
2017-08-25,TB999,2020-11-21,1.75,600000000.0,600000000.0,3450000000.0,5.75,1.99616666666667,1.9925,1.9975,2.0125,0.13
2017-08-28,TB1000,2035-06-21,2.75,400000000.0,400000000.0,1663000000.0,4.1575,3.10084375,3.0975,3.1025,3.1225,0.17
2017-08-30,TB1001,2028-05-21,2.25,900000000.0,900000000.0,2480000000.0,2.7555,2.70595833333333,2.7025,2.7075,2.715,0.15
2017-09-01,TB1002,2021-12-21,2,500000000.0,500000000.0,3910000000.0,7.82,2.1575,2.1575,2.1575,2.1825,0.0
2017-09-06,TB1003,2027-11-21,2.75,900000000.0,900000000.0,2845000000.0,3.1611,2.61247222222222,2.61,2.615,2.63,0.25
2017-09-08,TB1004,2021-05-15,5.75,500000000.0,500000000.0,3520000000.0,7.04,2.016375,2.015,2.0175,2.0375,0.11
2017-09-11,TB1005,2033-04-21,4.5,500000000.0,500000000.0,1260000000.0,2.52,2.908925,2.905,2.9125,2.9275,0.36
2017-09-13,TB1006,2028-11-21,2.75,900000000.0,900000000.0,3624000000.0,4.0266,2.74143888888889,2.74,2.7425,2.755,0.11
2017-09-18,TB1007,2029-04-21,3.25,700000000.0,700000000.0,2375000000.0,3.3928,2.88423214285714,2.8825,2.885,2.9,0.08
2017-09-20,TB1008,2021-12-21,2,600000000.0,600000000.0,4490000000.0,7.4833,2.3225,2.3225,2.3225,2.3525,0.0
2017-09-22,TB1009,2028-05-21,2.25,800000000.0,800000000.0,2960000000.0,3.7,2.83675,2.835,2.84,2.8525,0.32
2017-09-27,TB1010,2027-11-21,2.75,700000000.0,700000000.0,3038000000.0,4.34,2.78342857142857,2.7825,2.785,2.8,0.16
2017-09-29,TB1011,2028-11-21,2.75,800000000.0,800000000.0,4342000000.0,5.4275,2.89128125,2.89,2.8925,2.91,0.12
2017-10-04,TB1012,2027-04-21,4.75,700000000.0,700000000.0,3125000000.0,4.4642,2.76553571428571,2.7625,2.7675,2.785,0.2
2017-10-06,TB1013,2028-05-21,2.25,700000000.0,700000000.0,3190000000.0,4.5571,2.84101785714286,2.8375,2.8425,2.86,0.15
2017-10-11,TB1014,2022-11-21,2.25,3500000000.0,3500000000.0,12879000000.0,3.6797,2.41667857142857,2.41,2.42,2.455,0.33
2017-10-17,TBSYN15,2047-03-21,3,,2100000000.0,,,3.565,,,,
2017-10-23,TB1015,2027-11-21,2.75,700000000.0,700000000.0,2774000000.0,3.9628,2.81617857142857,2.8125,2.8175,2.8325,0.13
2017-10-27,TB1016,2028-11-21,2.75,1000000000.0,1000000000.0,4330000000.0,4.33,2.8556375,2.8525,2.8575,2.875,0.19
2017-10-30,TB1017,2029-04-21,3.25,500000000.0,500000000.0,3250000000.0,6.5,2.811,2.81,2.8125,2.8275,0.15
2017-11-01,TB1018,2028-05-21,2.25,900000000.0,900000000.0,4767000000.0,5.2966,2.72727222222222,2.725,2.73,2.745,0.27
2017-11-03,TB1019,2021-12-21,2,500000000.0,500000000.0,3625000000.0,7.25,2.091875,2.09,2.0925,2.11,0.06
2017-11-06,TB1020,2037-04-21,3.75,400000000.0,400000000.0,1016000000.0,2.54,3.05804375,3.055,3.0625,3.095,0.45
2017-11-08,TB1021,2022-11-21,2.25,1500000000.0,1500000000.0,6760000000.0,4.5066,2.17564166666667,2.1725,2.1775,2.1975,0.19
2017-11-10,TB1022,2027-11-21,2.75,900000000.0,900000000.0,3110000000.0,3.4555,2.62008333333333,2.615,2.6225,2.635,0.24
2017-11-15,TB1023,2028-11-21,2.75,1000000000.0,1000000000.0,3455000000.0,3.455,2.6867125,2.6825,2.6875,2.7,0.08
2017-11-17,TB1024,2033-04-21,4.5,400000000.0,400000000.0,1135000000.0,2.8375,2.87740625,2.8725,2.88,2.9,0.26
2017-11-20,TB1025,2029-04-21,3.25,400000000.0,400000000.0,1992000000.0,4.98,2.64365625,2.6425,2.645,2.6575,0.13
2017-11-22,TB1026,2028-05-21,2.25,900000000.0,900000000.0,3745000000.0,4.1611,2.57456944444444,2.57,2.575,2.6,0.04
2017-11-24,TB1027,2021-12-21,2,500000000.0,500000000.0,2700000000.0,5.4,2.028125,2.025,2.03,2.0475,0.19
2017-11-29,TB1028,2028-11-21,2.75,900000000.0,900000000.0,3060000000.0,3.4,2.55631944444444,2.555,2.5575,2.57,0.12
2017-12-01,TB1029,2022-11-21,2.25,1000000000.0,1000000000.0,3935000000.0,3.935,2.1577,2.155,2.16,2.18,0.23
2017-12-04,TB1030,2029-04-21,3.25,400000000.0,400000000.0,1520000000.0,3.8,2.64375,2.6425,2.645,2.6625,0.13
2017-12-06,TB1031,2028-05-21,2.25,900000000.0,900000000.0,2330000000.0,2.5888,2.58463888888889,2.5825,2.585,2.605,0.04
2017-12-08,TB1032,2021-12-21,2,500000000.0,500000000.0,4268000000.0,8.536,2.073,2.0725,2.075,2.1025,0.2
2017-12-11,TB1033,2047-03-21,3,500000000.0,500000000.0,1615000000.0,3.23,3.294825,3.29,3.2975,3.37,0.27
2017-12-13,TB1034,2022-11-21,2.25,1000000000.0,1000000000.0,3532000000.0,3.532,2.22185,2.2175,2.225,2.2325,0.32
2018-01-17,TBSYN16,2029-11-21,2.75,,9600000000.0,,,2.86,,,,
2018-02-02,TB1035,2047-03-21,3,500000000.0,500000000.0,1265000000.0,2.53,3.435925,3.43,3.44,3.505,0.41
2018-02-05,TB1036,2033-04-21,4.5,400000000.0,400000000.0,749000000.0,1.8725,3.07174375,3.0675,3.0775,3.095,0.58
2018-02-07,TB1037,2028-11-21,2.75,600000000.0,600000000.0,3256000000.0,5.4266,2.88625,2.88,2.8875,2.92,0.13
2018-02-09,TB1038,2022-07-15,5.75,400000000.0,400000000.0,2315000000.0,5.7875,2.28378125,2.28,2.285,2.33,0.12
2018-02-14,TB1039,2028-05-21,2.25,600000000.0,600000000.0,2197000000.0,3.6616,2.8612,2.8575,2.8625,2.875,0.13
2018-02-16,TB1040,2021-12-21,2,400000000.0,400000000.0,2011000000.0,5.0275,2.29595,2.2925,2.2975,2.31,0.15
2018-02-21,TB1041,2028-11-21,2.75,600000000.0,600000000.0,2702000000.0,4.5033,2.905225,2.895,2.9175,2.9475,1.23
2018-02-23,TB1042,2021-05-15,5.75,400000000.0,400000000.0,2448000000.0,6.12,2.12889375,2.1275,2.13,2.1425,0.11
2018-02-26,TB1043,2027-11-21,2.75,400000000.0,400000000.0,2384000000.0,5.96,2.773525,2.77,2.775,2.79,0.15
2018-02-28,TB1044,2022-11-21,2.25,1000000000.0,1000000000.0,4097000000.0,4.097,2.358155,2.355,2.36,2.38,0.18
2018-03-07,TB1045,2027-04-21,4.75,500000000.0,500000000.0,1925000000.0,3.85,2.73912,2.7375,2.74,2.7575,0.09
2018-03-09,TB1046,2029-04-21,3.25,500000000.0,500000000.0,2179000000.0,4.358,2.82115,2.82,2.8225,2.8325,0.13
2018-03-16,TB1047,2028-11-21,2.75,500000000.0,500000000.0,2231000000.0,4.462,2.712375,2.71,2.7125,2.725,0.01
2018-03-19,TB1048,2028-05-21,2.25,800000000.0,800000000.0,2682000000.0,3.3525,2.703915625,2.7025,2.705,2.72,0.11
2018-03-21,TB1049,2022-11-21,2.25,1000000000.0,1000000000.0,3945000000.0,3.945,2.3449375,2.3425,2.345,2.37,0.01
2018-03-28,TB1050,2029-04-21,3.25,500000000.0,500000000.0,1737000000.0,3.474,2.633655,2.62,2.635,2.6525,0.13
2018-04-04,TB1051,2028-05-21,2.25,600000000.0,600000000.0,2500000000.0,4.1666,2.614875,2.6125,2.615,2.64,0.01
2018-04-06,TB1052,2021-12-21,2,400000000.0,400000000.0,3077000000.0,7.6925,2.21518125,2.2125,2.2175,2.24,0.23
2018-04-11,TB1053,2028-11-21,2.75,600000000.0,600000000.0,2547000000.0,4.245,2.706875,2.705,2.7075,2.72,0.06
2018-04-13,TB1054,2022-11-21,2.25,1000000000.0,1000000000.0,4378000000.0,4.378,2.36325,2.36,2.365,2.3875,0.18
2018-04-18,TB1055,2047-03-21,3,600000000.0,600000000.0,1800000000.0,3.0,3.32675,3.3225,3.33,3.37,0.32
2018-04-20,TB1056,2027-11-21,2.75,400000000.0,400000000.0,2379000000.0,5.9475,2.7989375,2.795,2.8,2.815,0.11
2018-04-23,TB1057,2029-04-21,3.25,500000000.0,500000000.0,2942000000.0,5.884,2.8843,2.8825,2.885,2.9075,0.07
2018-04-27,TB1058,2022-11-21,2.25,500000000.0,500000000.0,3038000000.0,6.076,2.429405,2.4275,2.4325,2.445,0.31
2018-05-02,TB1059,2047-03-21,3,400000000.0,400000000.0,1226000000.0,3.065,3.27410625,3.27,3.275,3.315,0.09
2018-05-04,TB1060,2029-11-21,2.75,600000000.0,600000000.0,2144000000.0,3.5733,2.818075,2.815,2.82,2.8325,0.19
2018-05-07,TB1061,2028-05-21,2.25,400000000.0,400000000.0,1890000000.0,4.725,2.74359375,2.7425,2.745,2.755,0.14
2018-05-11,TB1062,2029-04-21,3.25,1000000000.0,1000000000.0,3908000000.0,3.908,2.784155,2.7825,2.785,2.81,0.08
2018-05-15,TBSYN17,2039-06-21,3.25,,1700000000.0,,,3.205,,,,
2018-05-21,TB1063,2022-11-21,2.25,400000000.0,400000000.0,2845000000.0,7.1125,2.41725,2.415,2.42,2.445,0.27
2018-05-25,TB1064,2029-11-21,2.75,500000000.0,500000000.0,2603000000.0,5.206,2.827325,2.825,2.8275,2.845,0.02
2018-06-08,TB1065,2030-05-21,2.5,2500000000.0,2500000000.0,8525000000.0,3.41,2.893435,2.8825,2.8975,2.98,0.41
2018-06-18,TB1066,2029-11-21,2.75,800000000.0,800000000.0,2895000000.0,3.6187,2.705921875,2.7025,2.7075,2.7325,0.16
2018-06-20,TB1067,2022-11-21,2.25,700000000.0,700000000.0,2822000000.0,4.0314,2.27162142857143,2.27,2.2725,2.3,0.09
2018-06-22,TB1068,2047-03-21,3,300000000.0,300000000.0,1192000000.0,3.9733,3.14346666666667,3.1425,3.145,3.165,0.15
2018-06-27,TB1069,2030-05-21,2.5,1000000000.0,1000000000.0,3485000000.0,3.485,2.7083375,2.705,2.71,2.725,0.17
2018-07-02,TB1070,2022-11-21,2.25,300000000.0,300000000.0,2305000000.0,7.6833,2.20341666666667,2.2025,2.205,2.225,0.16
2018-07-04,TB1071,2029-11-21,2.75,800000000.0,800000000.0,2767000000.0,3.4587,2.609390625,2.6075,2.61,2.625,0.06
2018-07-17,TBSYN18,2041-05-21,2.75,,3600000000.0,,,3.09,,,,
2018-08-01,TB1072,2029-11-21,2.75,1000000000.0,1000000000.0,2878000000.0,2.878,2.7136125,2.71,2.715,2.735,0.14
2018-08-10,TB1073,2022-11-21,2.25,1000000000.0,1000000000.0,4671000000.0,4.671,2.1838875,2.18,2.185,2.2075,0.11
2018-08-13,TB1074,2037-04-21,3.75,400000000.0,400000000.0,858000000.0,2.145,2.86698125,2.865,2.87,2.885,0.3
2018-08-15,TB1075,2030-05-21,2.5,1000000000.0,1000000000.0,3175000000.0,3.175,2.63475,2.63,2.6375,2.65,0.28
2018-08-22,TB1076,2022-11-21,2.25,1000000000.0,1000000000.0,4615000000.0,4.615,2.141525,2.1375,2.1425,2.155,0.1
2018-08-27,TB1077,2028-05-21,2.25,500000000.0,500000000.0,2570000000.0,5.14,2.548175,2.545,2.55,2.5675,0.18
2018-08-29,TB1078,2029-11-21,2.75,1000000000.0,1000000000.0,2695000000.0,2.695,2.60515,2.6,2.6075,2.62,0.23
2018-09-07,TB1079,2030-05-21,2.5,1000000000.0,1000000000.0,3295000000.0,3.295,2.5859125,2.5825,2.5875,2.6025,0.16
2018-09-10,TB1080,2022-11-21,2.25,600000000.0,600000000.0,2810000000.0,4.6833,2.1168125,2.1125,2.1175,2.1325,0.07
2018-09-12,TB1081,2028-05-21,2.25,1000000000.0,1000000000.0,3200000000.0,3.2,2.5890125,2.585,2.59,2.6025,0.1
2018-09-24,TB1082,2029-11-21,2.75,800000000.0,800000000.0,2269000000.0,2.8362,2.721984375,2.7175,2.725,2.735,0.3
2018-09-26,TB1083,2030-05-21,2.5,1500000000.0,1500000000.0,3699000000.0,2.466,2.80345166666667,2.795,2.805,2.82,0.15
2018-10-03,TB1084,2029-04-21,3.25,500000000.0,500000000.0,2485000000.0,4.97,2.6465,2.645,2.6475,2.6625,0.1
2018-10-05,TB1085,2022-11-21,2.25,500000000.0,500000000.0,2949000000.0,5.898,2.1725,2.1725,2.1725,2.1875,0.0
2018-10-08,TB1086,2028-11-21,2.75,500000000.0,500000000.0,2472000000.0,4.944,2.769845,2.765,2.7725,2.79,0.27
2018-10-10,TB1087,2030-05-21,2.5,1000000000.0,1000000000.0,3244000000.0,3.244,2.7995875,2.7975,2.8,2.815,0.04
2018-10-17,TB1088,2029-11-21,2.75,1000000000.0,1000000000.0,3095000000.0,3.095,2.729825,2.7275,2.73,2.75,0.02
2018-10-22,TB1089,2022-11-21,2.25,500000000.0,500000000.0,3225000000.0,6.45,2.192125,2.19,2.1925,2.2075,0.04
2018-10-24,TB1090,2030-05-21,2.5,1000000000.0,1000000000.0,4035000000.0,4.035,2.718975,2.715,2.72,2.7375,0.1
2018-11-02,TB1091,2029-04-21,3.25,1000000000.0,1000000000.0,2995000000.0,2.995,2.6630625,2.66,2.665,2.6775,0.19
2018-11-05,TB1092,2047-03-21,3,500000000.0,500000000.0,1309000000.0,2.618,3.23296,3.225,3.2375,3.2725,0.45
2018-11-07,TB1093,2028-11-21,2.75,1000000000.0,1000000000.0,2990000000.0,2.99,2.7387125,2.735,2.74,2.76,0.13
2018-11-14,TB1094,2029-11-21,2.75,1000000000.0,1000000000.0,3910000000.0,3.91,2.736625,2.7325,2.7375,2.7525,0.09
2018-11-19,TB1095,2029-04-21,3.25,1000000000.0,1000000000.0,2565000000.0,2.565,2.6596375,2.6575,2.6625,2.68,0.29
2018-11-21,TB1096,2030-05-21,2.5,1000000000.0,1000000000.0,3305000000.0,3.305,2.7486,2.745,2.75,2.77,0.14
2018-11-26,TB1097,2028-11-21,2.75,600000000.0,600000000.0,2798000000.0,4.6633,2.64182083333333,2.64,2.6425,2.66,0.07
2018-11-28,TB1098,2022-11-21,2.25,1000000000.0,1000000000.0,4085000000.0,4.085,2.1793875,2.175,2.18,2.195,0.06
2018-12-05,TB1099,2029-11-21,2.75,1000000000.0,1000000000.0,2510000000.0,2.51,2.5398625,2.535,2.5425,2.55,0.26
2018-12-10,TB1100,2029-04-21,3.25,700000000.0,700000000.0,1925000000.0,2.75,2.412125,2.41,2.4125,2.425,0.04
2018-12-12,TB1101,2030-05-21,2.5,1000000000.0,1000000000.0,2830000000.0,2.83,2.4958375,2.4925,2.4975,2.52,0.17
2019-01-14,TB1102,2030-05-21,2.5,1000000000.0,1000000000.0,2930000000.0,2.93,2.3296375,2.3275,2.3325,2.3475,0.29
2019-01-21,TB1103,2024-04-21,2.75,700000000.0,700000000.0,2640000000.0,3.7714,1.98308928571429,1.9775,1.985,2.0,0.19
2019-01-23,TB1104,2029-11-21,2.75,900000000.0,900000000.0,2430000000.0,2.7,2.29880555555556,2.295,2.3,2.3125,0.12
2019-02-01,TB1105,2037-04-21,3.75,400000000.0,400000000.0,1040000000.0,2.6,2.55165625,2.5475,2.555,2.585,0.33
2019-02-04,TB1106,2028-05-21,2.25,400000000.0,400000000.0,1264000000.0,3.16,2.22560625,2.2225,2.2275,2.2375,0.19
2019-02-06,TB1107,2030-05-21,2.5,900000000.0,900000000.0,2813000000.0,3.1255,2.281375,2.28,2.2825,2.2975,0.11
2019-02-13,TB1108,2029-11-21,2.75,900000000.0,900000000.0,2678000000.0,2.9755,2.15642777777778,2.1525,2.1575,2.1675,0.11
2019-02-18,TB1109,2035-06-21,2.75,400000000.0,400000000.0,974000000.0,2.435,2.39775625,2.3925,2.4025,2.43,0.47
2019-02-20,TB1110,2030-05-21,2.5,900000000.0,900000000.0,3055000000.0,3.3944,2.14720833333333,2.145,2.15,2.1675,0.28
2019-02-25,TB1111,2039-06-21,3.25,400000000.0,400000000.0,1065000000.0,2.6625,2.51246875,2.51,2.515,2.5525,0.25
2019-02-27,TB1112,2029-04-21,3.25,500000000.0,500000000.0,2410000000.0,4.82,2.085475,2.08,2.0875,2.105,0.2
2019-03-04,TB1113,2023-04-21,5.5,400000000.0,400000000.0,2418000000.0,6.045,1.71671875,1.715,1.7175,1.7325,0.08
2019-03-08,TB1114,2030-05-21,2.5,900000000.0,900000000.0,3067000000.0,3.4077,2.06770833333333,2.065,2.07,2.0825,0.23
2019-03-18,TB1115,2029-04-21,3.25,600000000.0,600000000.0,2475000000.0,4.125,1.96925,1.9675,1.97,1.9825,0.08
2019-03-20,TB1116,2030-05-21,2.5,900000000.0,900000000.0,2725000000.0,3.0277,1.94594444444444,1.9425,1.9475,2.0,0.16
2019-03-25,TB1117,2024-04-21,2.75,500000000.0,500000000.0,2806000000.0,5.612,1.4465,1.445,1.4475,1.4625,0.1
2019-03-27,TB1118,2029-11-21,2.75,900000000.0,900000000.0,2527000000.0,2.8077,1.81578888888889,1.8125,1.8175,1.8275,0.17
2019-04-01,TB1119,2023-04-21,5.5,700000000.0,700000000.0,2790000000.0,3.9857,1.40639285714286,1.405,1.4075,1.425,0.11
2019-04-05,TB1120,2030-05-21,2.5,900000000.0,900000000.0,2730000000.0,3.0333,1.92466666666667,1.9225,1.925,1.94,0.03
2019-04-08,TB1121,2035-06-21,2.75,400000000.0,400000000.0,1287000000.0,3.2175,2.14446875,2.1425,2.145,2.165,0.05
2019-04-10,TB1122,2029-11-21,2.75,900000000.0,900000000.0,2615000000.0,2.9055,1.88643055555556,1.8825,1.8875,1.9,0.11
2019-04-15,TB1123,2030-05-21,2.5,800000000.0,800000000.0,2735000000.0,3.4187,1.9783125,1.975,1.98,2.0,0.17
2019-04-29,TB1124,2039-06-21,3.25,300000000.0,300000000.0,690000000.0,2.3,2.224,2.2175,2.2275,2.24,0.35
2019-05-01,TB1125,2030-05-21,2.5,900000000.0,900000000.0,2855000000.0,3.1722,1.82216666666667,1.82,1.8225,1.84,0.03
2019-05-08,TB1126,2029-11-21,2.75,900000000.0,900000000.0,3170000000.0,3.5222,1.76518055555556,1.7625,1.7675,1.78,0.23
2019-05-13,TB1127,2030-05-21,2.5,500000000.0,500000000.0,1880000000.0,3.76,1.74785,1.745,1.75,1.765,0.22
2019-05-15,TB1128,2024-04-21,2.75,900000000.0,900000000.0,2560000000.0,2.8444,1.30276388888889,1.2975,1.305,1.32,0.22
2019-05-29,TB1129,2031-06-21,1.5,3000000000.0,3000000000.0,10765000000.0,3.5883,1.60729166666667,1.6,1.6125,1.6475,0.52
2019-06-05,TB1130,2030-05-21,2.5,900000000.0,900000000.0,2404000000.0,2.6711,1.54772222222222,1.545,1.55,1.5625,0.23
2019-06-19,TB1131,2031-06-21,1.5,2000000000.0,2000000000.0,4860000000.0,2.43,1.430675,1.425,1.4325,1.445,0.18
2019-07-03,TB1132,2031-06-21,1.5,800000000.0,800000000.0,3455000000.0,4.3187,1.376109375,1.375,1.3775,1.39,0.14
2019-07-08,TB1133,2029-04-21,3.25,600000000.0,600000000.0,2105000000.0,3.5083,1.33341666666667,1.3275,1.335,1.3475,0.16
2019-07-10,TB1134,2030-05-21,2.5,800000000.0,800000000.0,2135000000.0,2.6687,1.36609375,1.3625,1.3675,1.3775,0.14
2019-07-15,TB1135,2041-05-21,2.75,400000000.0,400000000.0,707000000.0,1.7675,1.9943625,1.9875,1.9975,2.025,0.31
2019-07-17,TB1136,2031-06-21,1.5,1600000000.0,1600000000.0,3090000000.0,1.9312,1.48453125,1.48,1.4875,1.495,0.3
2019-08-02,TB1137,2029-04-21,3.25,800000000.0,800000000.0,2225000000.0,2.7812,1.089625,1.0875,1.09,1.1425,0.04
2019-08-07,TB1138,2031-06-21,1.5,800000000.0,800000000.0,2705000000.0,3.3812,1.05596875,1.0525,1.0575,1.0725,0.15
2019-08-12,TB1139,2039-06-21,3.25,400000000.0,400000000.0,969000000.0,2.4225,1.4105,1.4075,1.4125,1.45,0.2
2019-08-14,TB1140,2030-05-21,2.5,800000000.0,800000000.0,2950000000.0,3.6875,0.98684375,0.985,0.9875,1.0,0.07
2019-08-19,TB1141,2041-05-21,2.75,300000000.0,300000000.0,414000000.0,1.38,1.38196666666667,1.3775,1.3875,1.4025,0.55
2019-08-21,TB1142,2031-06-21,1.5,800000000.0,800000000.0,1972000000.0,2.465,0.975275,0.9725,0.9775,0.99,0.22
2019-08-26,TB1143,2029-11-21,2.75,400000000.0,400000000.0,1580000000.0,3.95,0.8840625,0.875,0.89,0.9075,0.59
2019-08-28,TB1144,2030-05-21,2.5,800000000.0,800000000.0,2160000000.0,2.7,0.8989375,0.8975,0.9,0.9125,0.11
2019-09-02,TB1145,2029-04-21,3.25,400000000.0,400000000.0,1729000000.0,4.3225,0.89606875,0.8925,0.8975,0.91,0.14
2019-09-04,TB1146,2031-06-21,1.5,800000000.0,800000000.0,3271000000.0,4.0887,0.963984375,0.96,0.965,0.985,0.1
2019-09-09,TB1147,2029-11-21,2.75,500000000.0,500000000.0,1880000000.0,3.76,1.0468,1.045,1.05,1.06,0.32
2019-09-11,TB1148,2030-05-21,2.5,800000000.0,800000000.0,2485000000.0,3.1062,1.14943125,1.145,1.1525,1.1725,0.31
2019-09-18,TB1149,2031-06-21,1.5,1200000000.0,1200000000.0,2451000000.0,2.0425,1.17788333333333,1.175,1.18,1.1975,0.21
2019-09-23,TB1150,2029-11-21,2.75,500000000.0,500000000.0,2000000000.0,4.0,1.00625,1.0025,1.0075,1.02,0.12
2019-09-25,TB1151,2030-05-21,2.5,800000000.0,800000000.0,2025000000.0,2.5312,0.9438125,0.94,0.945,1.0,0.12
2019-09-30,TB1152,2029-04-21,3.25,400000000.0,400000000.0,1815000000.0,4.5375,0.9509375,0.95,0.9525,0.99,0.16
2019-10-02,TB1153,2031-06-21,1.5,1200000000.0,1200000000.0,2587000000.0,2.1558,1.00537083333333,1.0,1.0075,1.04,0.21
2019-10-09,TB1154,2029-11-21,2.75,800000000.0,800000000.0,1820000000.0,2.275,0.8759375,0.8725,0.8775,0.8875,0.16
2019-10-14,TB1155,2041-05-21,2.75,300000000.0,300000000.0,602000000.0,2.0066,1.569875,1.565,1.5725,1.6075,0.26
2019-10-16,TB1156,2030-05-21,2.5,800000000.0,800000000.0,1735000000.0,2.1687,1.07421875,1.0725,1.0775,1.085,0.33
2019-10-23,TB1157,2029-11-21,2.75,800000000.0,800000000.0,2481000000.0,3.1012,1.1289375,1.125,1.13,1.145,0.11
2019-11-01,TB1158,2031-06-21,1.5,800000000.0,800000000.0,3090000000.0,3.8625,1.148921875,1.1475,1.15,1.1825,0.11
2019-11-04,TB1159,2024-04-21,2.75,400000000.0,400000000.0,1775000000.0,4.4375,0.85671875,0.855,0.8575,0.87,0.08
2019-11-06,TB1160,2030-05-21,2.5,800000000.0,800000000.0,2845000000.0,3.5562,1.2603125,1.2575,1.2625,1.2775,0.22
2019-11-11,TB1161,2029-11-21,2.75,500000000.0,500000000.0,2085000000.0,4.17,1.30245,1.3,1.3025,1.315,0.0
2019-11-13,TB1162,2031-06-21,1.5,800000000.0,800000000.0,2992000000.0,3.74,1.324859375,1.3225,1.3275,1.34,0.26
2019-11-18,TB1163,2028-05-21,2.25,500000000.0,500000000.0,2180000000.0,4.36,1.10975,1.1075,1.11,1.125,0.03
2019-11-20,TB1164,2030-05-21,2.5,800000000.0,800000000.0,3306000000.0,4.1325,1.119084375,1.1125,1.12,1.1325,0.09
2019-11-27,TB1165,2031-06-21,1.5,1200000000.0,1200000000.0,2905000000.0,2.4208,1.10422916666667,1.1,1.105,1.1175,0.08
2019-12-02,TB1166,2047-03-21,3,300000000.0,300000000.0,627000000.0,2.09,1.64935,1.645,1.6575,1.695,0.81
2019-12-04,TB1167,2029-04-21,3.25,800000000.0,800000000.0,2165000000.0,2.7062,1.086734375,1.08,1.09,1.105,0.33
2019-12-09,TB1168,2031-06-21,1.5,1200000000.0,1200000000.0,2421000000.0,2.0175,1.19915625,1.1975,1.2025,1.21,0.33
2019-12-11,TB1169,2024-04-21,2.75,500000000.0,500000000.0,1770000000.0,3.54,0.74925,0.7475,0.75,0.7725,0.08
2020-01-13,TB1170,2029-11-21,2.75,800000000.0,800000000.0,2200000000.0,2.75,1.226609375,1.225,1.2275,1.25,0.09
2020-01-15,TB1171,2024-04-21,2.75,400000000.0,400000000.0,2615000000.0,6.5375,0.848125,0.8475,0.85,0.88,0.19
2020-01-22,TB1172,2032-05-21,1.25,3500000000.0,3500000000.0,11517000000.0,3.2905,1.23941285714286,1.2275,1.245,1.2875,0.56
2020-02-05,TB1173,2032-05-21,1.25,2500000000.0,2500000000.0,7435000000.0,2.974,1.08916,1.0875,1.09,1.11,0.08
2020-02-12,TB1174,2030-05-21,2.5,1300000000.0,1300000000.0,3440000000.0,2.6461,1.06051923076923,1.0575,1.0625,1.085,0.2
2020-02-19,TBSYN19,2041-05-21,2.75,,2000000000.0,,,1.535,,,,
2020-02-24,TB1175,2033-04-21,4.5,400000000.0,400000000.0,1660000000.0,4.15,0.98321875,0.98,0.985,1.0025,0.18
2020-02-26,TB1176,2031-06-21,1.5,800000000.0,800000000.0,3075000000.0,3.8437,0.947421875,0.945,0.9475,0.965,0.01
2020-03-04,TB1177,2032-05-21,1.25,1200000000.0,1200000000.0,3241000000.0,2.7008,0.818508333333333,0.8125,0.8225,0.85,0.4
2020-03-11,TB1178,2031-06-21,1.5,1000000000.0,1000000000.0,2110000000.0,2.11,0.7873625,0.78,0.795,0.9275,0.76
2020-03-18,TB1179,2032-05-21,1.25,500000000.0,500000000.0,1798000000.0,3.596,1.2852,1.2825,1.29,1.38,0.48
2020-03-30,TB1180,2022-11-21,2.25,1000000000.0,1000000000.0,4165000000.0,4.165,0.2711125,0.27,0.275,0.3525,0.39
2020-04-03,TB1181,2030-05-21,2.5,600000000.0,600000000.0,2455000000.0,4.0916,0.8118125,0.8075,0.8125,0.85,0.07
2020-04-06,TB1182,2022-11-21,2.25,2000000000.0,2000000000.0,9465000000.0,4.7325,0.245,0.245,0.245,0.35,0.0
2020-04-07,TB1183,2031-06-21,1.5,1000000000.0,1000000000.0,4245000000.0,4.245,0.88475,0.8825,0.8875,0.945,0.27
2020-04-08,TB1184,2023-04-21,5.5,2000000000.0,2000000000.0,9790000000.0,4.895,0.248875,0.245,0.25,0.295,0.11
2020-04-15,TBSYN20,2024-11-21,0.25,,13000000000.0,,,0.47,,,,
2020-04-17,TB1185,2032-05-21,1.25,1000000000.0,1000000000.0,4097000000.0,4.097,0.985345,0.945,0.9875,1.0325,0.22
2020-04-20,TB1186,2022-11-21,2.25,3000000000.0,3000000000.0,12570000000.0,4.19,0.254416666666667,0.25,0.2575,0.3,0.31
2020-04-22,TB1187,2030-05-21,2.5,1500000000.0,1500000000.0,6435000000.0,4.29,0.845975,0.8425,0.8475,0.885,0.15
2020-04-24,TB1188,2023-04-21,5.5,1500000000.0,1500000000.0,10895000000.0,7.2633,0.260333333333333,0.255,0.2625,0.31,0.22
2020-04-28,TB1189,2032-05-21,1.25,2500000000.0,2500000000.0,8005000000.0,3.202,1.072175,1.065,1.0725,1.105,0.03
2020-05-01,TB1190,2024-11-21,0.25,3000000000.0,3000000000.0,14600000000.0,4.8666,0.386625,0.385,0.3875,0.41,0.09
2020-05-04,TB1191,2025-04-21,3.25,1500000000.0,1500000000.0,8150000000.0,5.4333,0.38875,0.385,0.395,0.42,0.63
2020-05-06,TB1192,2031-06-21,1.5,2500000000.0,2500000000.0,8810000000.0,3.524,0.9369,0.9325,0.9375,0.9875,0.06
2020-05-08,TB1193,2023-04-21,5.5,1500000000.0,1500000000.0,10235000000.0,6.8233,0.23475,0.23,0.2375,0.265,0.28
2020-05-13,TBSYN21,2030-12-21,1,,19000000000.0,,,1.025,,,,
2020-05-15,TB1194,2024-04-21,2.75,2000000000.0,2000000000.0,10755000000.0,5.3775,0.2818125,0.28,0.2825,0.315,0.07
2020-05-18,TB1195,2028-05-21,2.25,1000000000.0,1000000000.0,3960000000.0,3.96,0.7711375,0.77,0.7725,0.8,0.14
2020-05-20,TB1196,2032-05-21,1.25,2000000000.0,2000000000.0,7425000000.0,3.7125,1.06725,1.065,1.0675,1.0925,0.02
2020-05-22,TB1197,2024-11-21,0.25,2000000000.0,2000000000.0,9232000000.0,4.616,0.3575625,0.355,0.36,0.39,0.24
2020-05-25,TB1198,2022-11-21,2.25,2000000000.0,2000000000.0,9062000000.0,4.531,0.238375,0.235,0.24,0.28,0.16
2020-05-27,TB1199,2030-05-21,2.5,2000000000.0,2000000000.0,6775000000.0,3.3875,0.891875,0.8875,0.8925,0.915,0.06
2020-05-29,TB1200,2025-04-21,3.25,1000000000.0,1000000000.0,5692000000.0,5.692,0.3859375,0.3825,0.3875,0.415,0.16
2020-06-02,TB1201,2029-11-21,2.75,2000000000.0,2000000000.0,6635000000.0,3.3175,0.8691375,0.8675,0.8725,0.8975,0.34
2020-06-03,TB1202,2023-04-21,5.5,2000000000.0,2000000000.0,9222000000.0,4.611,0.249625,0.2475,0.25,0.28,0.04
2020-06-05,TB1203,2032-05-21,1.25,1000000000.0,1000000000.0,3725000000.0,3.725,1.17,1.17,1.17,1.195,0.0
2020-06-09,TB1204,2024-11-21,0.25,2000000000.0,2000000000.0,8070000000.0,4.035,0.38646875,0.385,0.3875,0.405,0.1
2020-06-10,TB1205,2030-12-21,1,2000000000.0,2000000000.0,6345000000.0,3.1725,1.07998125,1.075,1.0825,1.1075,0.25
2020-06-17,TB1206,2032-05-21,1.25,2000000000.0,2000000000.0,5440000000.0,2.72,1.009775,1.005,1.0125,1.0275,0.27
2020-06-19,TB1207,2025-04-21,3.25,2000000000.0,2000000000.0,10180000000.0,5.09,0.37065625,0.3675,0.3725,0.3975,0.18
2020-06-22,TB1208,2024-04-21,2.75,2000000000.0,2000000000.0,8943000000.0,4.4715,0.30031125,0.2975,0.3025,0.325,0.22
2020-06-24,TB1209,2029-04-21,3.25,2000000000.0,2000000000.0,6665000000.0,3.3325,0.845,0.845,0.845,0.875,0.0
2020-06-26,TB1210,2026-04-21,4.25,1000000000.0,1000000000.0,5920000000.0,5.92,0.479,0.4775,0.48,0.505,0.1
2020-07-01,TB1211,2028-11-21,2.75,2000000000.0,2000000000.0,7140000000.0,3.57,0.795875,0.7925,0.7975,0.83,0.16
2020-07-03,TB1212,2024-11-21,0.25,2000000000.0,2000000000.0,8975000000.0,4.4875,0.3654375,0.3625,0.3675,0.4,0.21
2020-07-08,TB1213,2030-05-21,2.5,2000000000.0,2000000000.0,7300000000.0,3.65,0.875925,0.8725,0.8775,0.9,0.16
2020-07-10,TB1214,2023-04-21,5.5,2000000000.0,2000000000.0,10164000000.0,5.082,0.25011875,0.2475,0.2525,0.2825,0.24
2020-07-14,TBSYN22,2025-11-21,0.25,,17000000000.0,,,0.495,,,,
2020-07-17,TB1215,2031-06-21,1.5,1000000000.0,1000000000.0,4490000000.0,4.49,0.9406625,0.9375,0.9425,0.965,0.18
2020-07-20,TB1216,2022-11-21,2.25,2000000000.0,2000000000.0,7805000000.0,3.9025,0.2651125,0.2625,0.2675,0.3,0.24
2020-07-22,TB1217,2029-11-21,2.75,2000000000.0,2000000000.0,6245000000.0,3.1225,0.83,0.83,0.83,0.8625,0.0
2020-07-28,TBSYN23,2051-06-21,1.75,,15000000000.0,,,1.94,,,,
2020-08-05,TB1218,2030-12-21,1,2000000000.0,2000000000.0,5656000000.0,2.828,0.8434625,0.84,0.845,0.86,0.15
2020-08-07,TB1219,2024-11-21,0.25,2000000000.0,2000000000.0,11245000000.0,5.6225,0.33834375,0.3375,0.34,0.365,0.17
2020-08-12,TB1220,2025-11-21,0.25,3000000000.0,3000000000.0,13050000000.0,4.35,0.4565,0.4525,0.46,0.5,0.35
2020-08-14,TB1221,2028-11-21,2.75,2000000000.0,2000000000.0,8765000000.0,4.3825,0.80985,0.805,0.8175,0.85,0.77
2020-08-17,TB1222,2035-06-21,2.75,800000000.0,800000000.0,2648000000.0,3.31,1.235703125,1.2325,1.2375,1.265,0.18
2020-08-19,TB1223,2030-12-21,1,1700000000.0,1700000000.0,7980000000.0,4.6941,0.911617647058824,0.91,0.9125,0.9375,0.09
2020-08-21,TB1224,2024-11-21,0.25,2000000000.0,2000000000.0,11525000000.0,5.7625,0.35178125,0.35,0.3525,0.385,0.07
2020-08-26,TBSYN24,2031-11-21,1,,21000000000.0,,,1.055,,,,
2020-08-31,TB1225,2030-05-21,2.5,2000000000.0,2000000000.0,12055000000.0,6.0275,0.97935625,0.9775,0.98,1.01,0.06
2020-09-02,TB1226,2025-11-21,0.25,2000000000.0,2000000000.0,10300000000.0,5.15,0.48125,0.4775,0.4825,0.51,0.12
2020-09-07,TB1227,2029-11-21,2.75,2000000000.0,2000000000.0,9690000000.0,4.845,0.9238125,0.9225,0.925,0.945,0.12
2020-09-16,TB1228,2031-06-21,1.5,2000000000.0,2000000000.0,9855000000.0,4.9275,0.9394875,0.9375,0.94,0.96,0.05
2020-09-18,TB1229,2024-11-21,0.25,2000000000.0,2000000000.0,13081000000.0,6.5405,0.30699875,0.305,0.3075,0.335,0.05
2020-09-23,TBSYN25,2026-09-21,0.5,,25000000000.0,,,0.47,,,,
2020-09-30,TB1230,2030-12-21,1,2000000000.0,2000000000.0,8305000000.0,4.1525,0.85,0.85,0.85,0.88,0.0
2020-10-02,TB1231,2039-06-21,3.25,500000000.0,500000000.0,1254000000.0,2.508,1.4339,1.425,1.4425,1.49,0.86
2020-10-07,TB1232,2031-11-21,1,2500000000.0,2500000000.0,9640000000.0,3.856,0.89746,0.8925,0.9,0.925,0.25
2020-10-09,TB1233,2025-11-21,0.25,1500000000.0,1500000000.0,9280000000.0,6.1866,0.314325,0.3125,0.3175,0.3425,0.32
2020-10-14,TB1234,2032-05-21,1.25,2500000000.0,2500000000.0,11106000000.0,4.4424,0.92409,0.92,0.925,0.9425,0.09
2020-10-16,TB1235,2024-11-21,0.25,1000000000.0,1000000000.0,7010000000.0,7.01,0.1895,0.1875,0.19,0.21,0.05
2020-10-21,TB1236,2030-12-21,1,2000000000.0,2000000000.0,12733000000.0,6.3665,0.76715625,0.765,0.7675,0.79,0.03
2020-10-23,TB1237,2026-09-21,0.5,1500000000.0,1500000000.0,6783000000.0,4.522,0.3937,0.3925,0.395,0.42,0.13
2020-10-26,TB1238,2028-11-21,2.75,1500000000.0,1500000000.0,6916000000.0,4.6106,0.62799,0.625,0.63,0.6625,0.2
2020-10-30,TB1239,2031-06-21,1.5,2000000000.0,2000000000.0,9435000000.0,4.7175,0.8498475,0.845,0.8525,0.875,0.27
2020-11-02,TB1240,2025-11-21,0.25,1500000000.0,1500000000.0,9410000000.0,6.2733,0.274511666666667,0.2725,0.275,0.2975,0.05
2020-11-06,TB1241,2030-12-21,1,2000000000.0,2000000000.0,10275000000.0,5.1375,0.74818125,0.7425,0.75,0.785,0.18
2020-11-11,TB1242,2031-11-21,1,2500000000.0,2500000000.0,10657000000.0,4.2628,1.021143,1.0175,1.0225,1.0575,0.14
2020-11-13,TB1243,2027-04-21,4.75,1000000000.0,1000000000.0,5697000000.0,5.697,0.44386,0.44,0.445,0.47,0.11
2020-11-17,TBSYN26,2041-05-21,2.75,,6000000000.0,,,1.7,,,,
2020-11-25,TB1244,2032-05-21,1.25,2000000000.0,2000000000.0,5047000000.0,2.5235,1.0446275,1.04,1.0475,1.065,0.29
2020-11-27,TB1245,2026-09-21,0.5,1500000000.0,1500000000.0,6045000000.0,4.03,0.39885,0.395,0.4025,0.43,0.37
2020-12-02,TB1246,2031-11-21,1,2000000000.0,2000000000.0,5390000000.0,2.695,1.06179375,1.06,1.065,1.09,0.32
2020-12-04,TB1247,2025-11-21,0.25,1500000000.0,1500000000.0,8945000000.0,5.9633,0.327591666666667,0.325,0.33,0.355,0.24
2020-12-07,TB1248,2030-12-21,1,2000000000.0,2000000000.0,4945000000.0,2.4725,1.06561875,1.06,1.0675,1.0925,0.19
2021-01-20,TB1249,2031-06-21,1.5,1800000000.0,1800000000.0,8755000000.0,4.8638,1.09372222222222,1.0925,1.095,1.13,0.13
2021-01-22,TB1250,2025-04-21,3.25,700000000.0,700000000.0,5170000000.0,7.3857,0.250892857142857,0.25,0.2525,0.2725,0.16
2021-01-29,TB1251,2024-11-21,0.25,2500000000.0,2500000000.0,11500000000.0,4.6,0.1793,0.1775,0.18,0.21,0.07
2021-02-03,TB1252,2030-12-21,1,1500000000.0,1500000000.0,8880000000.0,5.92,1.13,1.13,1.13,1.1675,0.0
2021-02-05,TB1253,2026-09-21,0.5,1000000000.0,1000000000.0,5700000000.0,5.7,0.543375,0.5425,0.545,0.57,0.16
2021-02-08,TB1254,2033-04-21,4.5,500000000.0,500000000.0,2435000000.0,4.87,1.3503,1.3475,1.3525,1.39,0.22
2021-02-10,TB1255,2031-11-21,1,1000000000.0,1000000000.0,5515000000.0,5.515,1.2719375,1.2675,1.275,1.3,0.31
2021-02-12,TB1256,2029-04-21,3.25,1000000000.0,1000000000.0,4775000000.0,4.775,0.92575,0.9225,0.9275,0.96,0.18
2021-02-15,TB1257,2041-05-21,2.75,400000000.0,400000000.0,1140000000.0,2.85,2.05109375,2.04,2.0575,2.105,0.64
2021-02-17,TB1258,2030-12-21,1,1500000000.0,1500000000.0,5935000000.0,3.9566,1.37133333333333,1.3675,1.375,1.4125,0.37
2021-02-19,TB1259,2025-11-21,0.25,600000000.0,600000000.0,4870000000.0,8.1166,0.453125,0.4525,0.455,0.475,0.19
2021-02-24,TB1260,2032-05-21,1.25,2000000000.0,2000000000.0,5165000000.0,2.5825,1.69005,1.6825,1.695,1.73,0.5
2021-03-05,TB1261,2031-06-21,1.5,1000000000.0,1000000000.0,3385000000.0,3.385,1.8377625,1.835,1.8425,1.89,0.47
2021-03-10,TB1262,2031-11-21,1,1000000000.0,1000000000.0,3300000000.0,3.3,1.7758875,1.7725,1.7775,1.8,0.16
2021-03-17,TB1263,2031-06-21,1.5,1000000000.0,1000000000.0,2820000000.0,2.82,1.7161,1.7125,1.7175,1.7325,0.14
2021-03-19,TB1264,2026-09-21,0.5,1000000000.0,1000000000.0,3485000000.0,3.485,0.957725,0.9525,0.9625,1.0025,0.48
2021-03-24,TB1265,2032-05-21,1.25,1200000000.0,1200000000.0,5060000000.0,4.2166,1.78338541666667,1.78,1.785,1.84,0.16
2021-03-26,TB1266,2024-11-21,0.25,800000000.0,800000000.0,3465000000.0,4.3312,0.25234375,0.25,0.2525,0.29,0.02
2021-03-31,TB1267,2031-11-21,1,2000000000.0,2000000000.0,4935000000.0,2.4675,1.83808125,1.8325,1.84,1.8875,0.19
2021-04-07,TB1268,2030-12-21,1,1200000000.0,1200000000.0,3040000000.0,2.5333,1.6635625,1.655,1.665,1.6875,0.14
2021-04-09,TB1269,2025-11-21,0.25,800000000.0,800000000.0,3340000000.0,4.175,0.561390625,0.5575,0.5625,0.585,0.11
2021-04-13,TBSYN27,2032-11-21,1.75,,14000000000.0,,,1.9,,,,
2021-04-21,TB1270,2030-05-21,2.5,1200000000.0,1200000000.0,5420000000.0,4.5166,1.52817708333333,1.5275,1.53,1.57,0.18
2021-04-23,TB1271,2025-04-21,3.25,800000000.0,800000000.0,2885000000.0,3.6062,0.46203125,0.46,0.465,0.51,0.3
2021-04-30,TB1272,2031-06-21,1.5,1000000000.0,1000000000.0,3326000000.0,3.326,1.6881875,1.685,1.69,1.7225,0.18
2021-05-05,TB1273,2031-11-21,1,1200000000.0,1200000000.0,4025000000.0,3.3541,1.74530208333333,1.7425,1.7475,1.7725,0.22
2021-05-07,TB1274,2024-11-21,0.25,800000000.0,800000000.0,3830000000.0,4.7875,0.297078125,0.295,0.3,0.315,0.29
2021-05-10,TB1275,2030-12-21,1,1000000000.0,1000000000.0,2456000000.0,2.456,1.5984125,1.595,1.6,1.62,0.16
2021-05-14,TB1276,2026-04-21,4.25,1000000000.0,1000000000.0,3955000000.0,3.955,0.714875,0.71,0.7175,0.735,0.26
2021-05-19,TB1277,2031-06-21,1.5,1200000000.0,1200000000.0,3395000000.0,2.8291,1.71561458333333,1.7125,1.7175,1.7325,0.19
2021-05-21,TB1278,2026-09-21,0.5,800000000.0,800000000.0,4155000000.0,5.1937,0.8325,0.8325,0.8325,0.85,0.0
2021-05-26,TB1279,2032-05-21,1.25,1000000000.0,1000000000.0,3660000000.0,3.66,1.6838125,1.6825,1.685,1.7,0.12
2021-05-28,TB1280,2027-04-21,4.75,1000000000.0,1000000000.0,2090000000.0,2.09,0.89475,0.89,0.8975,0.915,0.27
2021-06-04,TB1281,2025-11-21,0.25,1000000000.0,1000000000.0,3525000000.0,3.525,0.6190875,0.615,0.6225,0.6525,0.34
2021-06-09,TB1282,2031-11-21,1,1000000000.0,1000000000.0,2670000000.0,2.67,1.571275,1.5675,1.5725,1.595,0.12
2021-06-18,TB1283,2032-11-21,1.75,1000000000.0,1000000000.0,2575000000.0,2.575,1.69145,1.69,1.6925,1.705,0.1
2021-06-23,TB1284,2032-05-21,1.25,1000000000.0,1000000000.0,3830000000.0,3.83,1.6120375,1.605,1.615,1.64,0.3
2021-06-28,TB1285,2051-06-21,1.75,300000000.0,300000000.0,1057000000.0,3.5233,2.37175,2.365,2.375,2.44,0.32
2021-07-02,TB1286,2025-11-21,0.25,1000000000.0,1000000000.0,4170000000.0,4.17,0.6217125,0.62,0.625,0.655,0.33
2021-07-07,TB1287,2031-06-21,1.5,1000000000.0,1000000000.0,3670000000.0,3.67,1.33195,1.3275,1.335,1.365,0.3
2021-07-14,TB1288,2032-05-21,1.25,800000000.0,800000000.0,4257000000.0,5.3212,1.38775,1.385,1.39,1.425,0.22
2021-07-16,TB1289,2025-11-21,0.25,700000000.0,700000000.0,4602000000.0,6.5742,0.508035714285714,0.505,0.51,0.54,0.2
2021-07-21,TB1290,2030-12-21,1,800000000.0,800000000.0,4330000000.0,5.4125,1.123296875,1.12,1.125,1.16,0.17
2021-07-23,TB1291,2026-04-21,4.25,700000000.0,700000000.0,4620000000.0,6.6,0.512375,0.51,0.515,0.545,0.26
2021-07-26,TB1292,2031-11-21,1,800000000.0,800000000.0,4860000000.0,6.075,1.1879375,1.185,1.19,1.22,0.21
2021-07-30,TB1293,2027-11-21,2.75,700000000.0,700000000.0,3875000000.0,5.5357,0.731589285714286,0.73,0.7325,0.765,0.09
2021-08-04,TB1294,2032-11-21,1.75,800000000.0,800000000.0,4015000000.0,5.0187,1.217453125,1.215,1.22,1.245,0.25
2021-08-06,TB1295,2025-11-21,0.25,700000000.0,700000000.0,4180000000.0,5.9714,0.496517857142857,0.4925,0.4975,0.525,0.1
2021-08-11,TB1296,2039-06-21,3.25,300000000.0,300000000.0,931000000.0,3.1033,1.77233333333333,1.7675,1.775,1.8075,0.27
2021-08-13,TB1297,2027-04-21,4.75,1200000000.0,1200000000.0,4715000000.0,3.9291,0.703822916666667,0.6975,0.705,0.74,0.12
2021-08-18,TB1298,2031-06-21,1.5,800000000.0,800000000.0,2875000000.0,3.5937,1.08946875,1.0875,1.09,1.135,0.05
2021-08-20,TB1299,2025-04-21,3.25,700000000.0,700000000.0,5655000000.0,8.0785,0.269571428571429,0.2675,0.27,0.2975,0.04
2021-08-25,TB1300,2032-05-21,1.25,1000000000.0,1000000000.0,5235000000.0,5.235,1.204075,1.2025,1.205,1.25,0.09
2021-08-27,TB1301,2024-11-21,0.25,1000000000.0,1000000000.0,4785000000.0,4.785,0.259875,0.2575,0.2625,0.31,0.26
2021-09-01,TB1302,2031-11-21,1,1000000000.0,1000000000.0,5070000000.0,5.07,1.231875,1.23,1.2325,1.2725,0.06
2021-09-03,TB1303,2027-11-21,2.75,1000000000.0,1000000000.0,5675000000.0,5.675,0.7874625,0.785,0.7875,0.84,0.0
2021-09-06,TB1304,2032-11-21,1.75,1000000000.0,1000000000.0,3520000000.0,3.52,1.3219625,1.32,1.3225,1.3325,0.05
2021-09-08,TB1305,2026-09-21,0.5,1000000000.0,1000000000.0,6083000000.0,6.083,0.681,0.6775,0.6825,0.725,0.15
2021-09-17,TB1306,2033-04-21,4.5,1500000000.0,1500000000.0,5814000000.0,3.876,1.33939166666667,1.3375,1.3425,1.385,0.31
2021-09-22,TB1307,2026-04-21,4.25,1000000000.0,1000000000.0,6151000000.0,6.151,0.525,0.525,0.525,0.575,0.0
2021-09-24,TB1308,2031-06-21,1.5,1000000000.0,1000000000.0,4355000000.0,4.355,1.3348375,1.33,1.3375,1.395,0.27
2021-09-29,TB1309,2031-11-21,1,1000000000.0,1000000000.0,5340000000.0,5.34,1.495625,1.4925,1.4975,1.5425,0.19
2021-10-01,TB1310,2028-11-21,2.75,1000000000.0,1000000000.0,5298000000.0,5.298,1.142525,1.14,1.1475,1.1875,0.5
2021-10-06,TB1311,2032-11-21,1.75,1000000000.0,1000000000.0,5885000000.0,5.885,1.613675,1.61,1.615,1.655,0.13
2021-10-08,TB1312,2027-04-21,4.75,1000000000.0,1000000000.0,5795000000.0,5.795,0.99195,0.99,0.995,1.06,0.3
2021-10-13,TB1313,2032-05-21,1.25,1000000000.0,1000000000.0,5900000000.0,5.9,1.730525,1.7275,1.7325,1.775,0.2
2021-10-15,TB1314,2026-04-21,4.25,1000000000.0,1000000000.0,7520000000.0,7.52,0.8669125,0.865,0.8675,0.905,0.06
2021-10-20,TB1315,2033-04-21,4.5,1500000000.0,1500000000.0,4540000000.0,3.0266,1.8291,1.825,1.83,1.8975,0.09
2021-10-25,TB1316,2024-11-21,0.25,1000000000.0,1000000000.0,6615000000.0,6.615,0.7229375,0.72,0.725,0.7625,0.21
2021-10-29,TB1317,2032-11-21,1.75,1000000000.0,1000000000.0,4095000000.0,4.095,1.930225,1.92,1.94,2.0775,0.98
2021-11-03,TB1318,2031-11-21,1,1000000000.0,1000000000.0,3275000000.0,3.275,1.83905,1.835,1.8425,1.915,0.34
2021-11-05,TB1319,2025-04-21,3.25,1000000000.0,1000000000.0,3250000000.0,3.25,1.046775,1.0425,1.05,1.13,0.32
2021-11-10,TB1320,2031-06-21,1.5,1000000000.0,1000000000.0,2595000000.0,2.595,1.7001,1.6975,1.7025,1.7375,0.24
2021-11-12,TB1321,2025-11-21,0.25,1000000000.0,1000000000.0,6490000000.0,6.49,1.3045375,1.3025,1.3075,1.365,0.3
2021-11-17,TB1322,2032-05-21,1.25,1500000000.0,1500000000.0,3755000000.0,2.5033,1.90675833333333,1.905,1.91,1.94,0.32
2021-11-19,TB1323,2024-11-21,0.25,1000000000.0,1000000000.0,4740000000.0,4.74,0.95875,0.9575,0.96,1.01,0.12
2021-11-22,TB1324,2051-06-21,1.75,300000000.0,300000000.0,582000000.0,1.94,2.4794,2.4725,2.4825,2.5125,0.31
2021-11-24,TB1325,2032-11-21,1.75,1000000000.0,1000000000.0,3390000000.0,3.39,1.9690125,1.9675,1.97,2.0225,0.1
2021-11-26,TB1326,2025-11-21,0.25,1500000000.0,1500000000.0,3685000000.0,2.4566,1.30874166666667,1.3025,1.315,1.3825,0.63
2021-12-01,TB1327,2033-04-21,4.5,1000000000.0,1000000000.0,2755000000.0,2.755,1.74805,1.745,1.75,1.785,0.19
2021-12-03,TB1328,2024-04-21,2.75,1500000000.0,1500000000.0,3885000000.0,2.59,0.671808333333333,0.665,0.68,0.79,0.82
2021-12-06,TB1329,2024-11-21,0.25,1500000000.0,1500000000.0,5045000000.0,3.3633,0.8779,0.875,0.8825,0.99,0.46
2021-12-08,TB1330,2031-11-21,1,1000000000.0,1000000000.0,4483000000.0,4.483,1.6799625,1.6775,1.68,1.7875,0.0
2022-01-12,TB1331,2032-11-21,1.75,1000000000.0,1000000000.0,3655000000.0,3.655,1.8898125,1.8875,1.8925,1.94,0.27
2022-01-14,TB1332,2025-11-21,0.25,1000000000.0,1000000000.0,5280000000.0,5.28,1.3249875,1.3225,1.3275,1.3725,0.25
2022-01-19,TB1333,2035-06-21,2.75,500000000.0,500000000.0,1124000000.0,2.248,2.152605,2.15,2.155,2.17,0.24
2022-01-21,TB1334,2025-04-21,3.25,1500000000.0,1500000000.0,4415000000.0,2.9433,1.32983333333333,1.3275,1.33,1.3575,0.02
2022-01-24,TB1335,2026-09-21,0.5,1000000000.0,1000000000.0,4090000000.0,4.09,1.571975,1.5675,1.575,1.605,0.3
2022-01-28,TB1336,2032-05-21,1.25,1000000000.0,1000000000.0,2145000000.0,2.145,1.9536,1.95,1.9575,1.9775,0.39
2022-02-02,TB1337,2031-11-21,1,1000000000.0,1000000000.0,3225000000.0,3.225,1.926725,1.925,1.9275,1.98,0.08
2022-02-04,TB1338,2025-11-21,0.25,1000000000.0,1000000000.0,4340000000.0,4.34,1.50555,1.505,1.5075,1.565,0.2
2022-02-07,TB1339,2041-05-21,2.75,500000000.0,500000000.0,1072000000.0,2.144,2.48643,2.4825,2.49,2.5425,0.36
2022-02-09,TB1340,2032-11-21,1.75,1000000000.0,1000000000.0,3225000000.0,3.225,2.1434875,2.14,2.145,2.2,0.15
2022-02-11,TB1341,2024-11-21,0.25,1000000000.0,1000000000.0,4413000000.0,4.413,1.4898375,1.4875,1.4925,1.55,0.27
2022-02-14,TB1342,2028-11-21,2.75,500000000.0,500000000.0,1555000000.0,3.11,1.9903,1.9875,1.9925,2.0075,0.22
2022-02-16,TB1343,2033-04-21,4.5,1000000000.0,1000000000.0,3109000000.0,3.109,2.25921,2.255,2.26,2.305,0.08
2022-02-18,TB1344,2025-04-21,3.25,1000000000.0,1000000000.0,5505000000.0,5.505,1.5842625,1.5825,1.585,1.65,0.07
2022-02-21,TB1345,2035-06-21,2.75,500000000.0,500000000.0,1580000000.0,3.16,2.3456,2.3425,2.3475,2.38,0.19
2022-02-23,TB1346,2032-05-21,1.25,1000000000.0,1000000000.0,3365000000.0,3.365,2.2870125,2.28,2.29,2.35,0.3
2022-02-25,TB1347,2029-11-21,2.75,500000000.0,500000000.0,1885000000.0,3.77,2.16475,2.1625,2.165,2.19,0.02
2022-02-28,TB1348,2025-11-21,0.25,1000000000.0,1000000000.0,2605000000.0,2.605,1.715425,1.7125,1.7175,1.7375,0.21
2022-03-02,TB1349,2051-06-21,1.75,300000000.0,300000000.0,845000000.0,2.8166,2.629375,2.62,2.6325,2.6875,0.31
2022-03-04,TB1350,2031-06-21,1.5,1000000000.0,1000000000.0,3165000000.0,3.165,2.159675,2.1575,2.1625,2.2275,0.28
2022-03-07,TB1351,2024-11-21,0.25,1000000000.0,1000000000.0,4837000000.0,4.837,1.41475,1.41,1.4175,1.465,0.28
2022-03-09,TB1352,2032-11-21,1.75,1000000000.0,1000000000.0,2145000000.0,2.145,2.3369875,2.3325,2.34,2.3725,0.3
2022-03-16,TB1353,2032-05-21,1.25,1000000000.0,1000000000.0,3355000000.0,3.355,2.4911375,2.4875,2.4925,2.545,0.14
2022-03-18,TB1354,2026-04-21,4.25,1000000000.0,1000000000.0,2600000000.0,2.6,2.0958875,2.0925,2.1,2.12,0.41
2022-03-21,TB1355,2039-06-21,3.25,400000000.0,400000000.0,905000000.0,2.2625,2.85659375,2.8525,2.8575,2.905,0.09
2022-03-23,TB1356,2031-11-21,1,1000000000.0,1000000000.0,2670000000.0,2.67,2.75425,2.7525,2.7575,2.7775,0.32
2022-03-25,TB1357,2024-11-21,0.25,1000000000.0,1000000000.0,3990000000.0,3.99,2.0318,2.03,2.0325,2.06,0.07
2022-03-30,TB1358,2024-04-21,2.75,1500000000.0,1500000000.0,3557000000.0,2.3713,1.92146666666667,1.9025,1.93,1.9725,0.85
2022-04-01,TB1359,2051-06-21,1.75,300000000.0,300000000.0,604000000.0,2.0133,3.211875,3.205,3.2175,3.245,0.56
2022-04-06,TB1360,2030-05-21,2.5,500000000.0,500000000.0,1510000000.0,3.02,2.913625,2.91,2.915,2.935,0.14
2022-04-12,TBSYN28,2033-11-21,3,,15000000000.0,,,3.14,,,,
2022-04-29,TB1361,2026-09-21,0.5,1000000000.0,1000000000.0,4635000000.0,4.635,2.904,2.9025,2.91,2.975,0.6
2022-05-06,TB1362,2027-11-21,2.75,1000000000.0,1000000000.0,2525000000.0,2.525,3.2963125,3.2875,3.3,3.33,0.37
2022-05-11,TB1363,2051-06-21,1.75,400000000.0,400000000.0,831000000.0,2.0775,3.832625,3.825,3.835,3.885,0.24
2022-05-13,TB1364,2032-05-21,1.25,1000000000.0,1000000000.0,2320000000.0,2.32,3.3587625,3.3575,3.36,3.38,0.12
2022-05-18,TB1365,2032-11-21,1.75,800000000.0,800000000.0,2215000000.0,2.7687,3.494171875,3.4925,3.4975,3.5225,0.33
2022-05-20,TB1366,2027-04-21,4.75,700000000.0,700000000.0,2304000000.0,3.2914,2.975775,2.97,2.9775,3.0025,0.17
2022-05-25,TB1367,2051-06-21,1.75,300000000.0,300000000.0,830000000.0,2.7666,3.58566666666667,3.58,3.59,3.615,0.43
2022-05-27,TB1368,2031-06-21,1.5,800000000.0,800000000.0,2740000000.0,3.425,3.224390625,3.2225,3.2275,3.28,0.31
2022-06-01,TB1369,2025-04-21,3.25,1000000000.0,1000000000.0,3215000000.0,3.215,2.898775,2.89,2.905,2.97,0.62
2022-06-06,TB1370,2051-06-21,1.75,300000000.0,300000000.0,767000000.0,2.5566,3.79945833333333,3.79,3.8025,3.845,0.3
2022-06-08,TB1371,2026-09-21,0.5,800000000.0,800000000.0,2625000000.0,3.2812,3.2490625,3.245,3.255,3.2775,0.59
2022-06-17,TB1372,2032-05-21,1.25,1000000000.0,1000000000.0,2767000000.0,2.767,4.115,4.115,4.115,4.185,0.0
2022-06-22,TB1373,2025-04-21,3.25,1000000000.0,1000000000.0,3165000000.0,3.165,3.4785,3.475,3.48,3.52,0.15
2022-06-27,TB1374,2051-06-21,1.75,600000000.0,600000000.0,932000000.0,1.5533,3.83497916666667,3.825,3.845,3.9275,1.0
2022-07-06,TB1375,2033-04-21,4.5,800000000.0,800000000.0,1905000000.0,2.3812,3.443328125,3.44,3.445,3.4725,0.17
2022-07-08,TB1376,2024-11-21,0.25,700000000.0,700000000.0,3022000000.0,4.3171,2.80080357142857,2.8,2.805,2.8375,0.42
2022-07-13,TB1377,2032-11-21,1.75,800000000.0,800000000.0,2020000000.0,2.525,3.41504375,3.41,3.4175,3.45,0.25
2022-07-15,TB1378,2027-04-21,4.75,700000000.0,700000000.0,2795000000.0,3.9928,3.14535714285714,3.1425,3.1525,3.19,0.71
2022-07-20,TB1379,2032-05-21,1.25,800000000.0,800000000.0,2402000000.0,3.0025,3.54251875,3.5375,3.545,3.58,0.25
2022-07-22,TB1380,2026-09-21,0.5,700000000.0,700000000.0,2382000000.0,3.4028,3.21195357142857,3.205,3.215,3.24,0.3
2022-07-25,TB1381,2047-03-21,3,300000000.0,300000000.0,738000000.0,2.46,3.62179166666667,3.6175,3.625,3.6625,0.32
2022-07-29,TB1382,2033-11-21,3,1000000000.0,1000000000.0,2245000000.0,2.245,3.0913,3.0875,3.095,3.12,0.37
2022-08-03,TB1383,2032-11-21,1.75,800000000.0,800000000.0,1950000000.0,2.4375,3.0895,3.0875,3.09,3.12,0.05
2022-08-05,TB1384,2027-04-21,4.75,700000000.0,700000000.0,2198000000.0,3.14,2.852675,2.85,2.855,2.885,0.23
2022-08-08,TB1385,2037-04-21,3.75,300000000.0,300000000.0,665000000.0,2.2166,3.397375,3.3925,3.4,3.4225,0.26
2022-08-10,TB1386,2031-11-21,1,800000000.0,800000000.0,1825000000.0,2.2812,3.180125,3.175,3.1825,3.22,0.24
2022-08-12,TB1387,2026-09-21,0.5,700000000.0,700000000.0,1865000000.0,2.6642,3.17222857142857,3.17,3.175,3.2025,0.28
2022-08-17,TB1388,2032-05-21,1.25,800000000.0,800000000.0,2120000000.0,2.65,3.269078125,3.265,3.2725,3.3,0.34
2022-08-19,TB1389,2027-11-21,2.75,700000000.0,700000000.0,2390000000.0,3.4142,3.13175,3.13,3.14,3.17,0.83
2022-08-22,TB1390,2051-06-21,1.75,300000000.0,300000000.0,709000000.0,2.3633,3.875875,3.87,3.88,3.905,0.41
2022-08-24,TB1391,2033-11-21,3,800000000.0,800000000.0,2197000000.0,2.7462,3.684328125,3.68,3.6875,3.72,0.32
2022-08-26,TB1392,2029-04-21,3.25,700000000.0,700000000.0,2050000000.0,2.9285,3.44916071428571,3.4425,3.455,3.495,0.58
2022-08-31,TB1393,2032-11-21,1.75,1000000000.0,1000000000.0,2710000000.0,2.71,3.6085625,3.6025,3.6125,3.63,0.39
2022-09-02,TB1394,2025-11-21,0.25,500000000.0,500000000.0,1850000000.0,3.7,3.32105,3.315,3.3225,3.3475,0.14
2022-09-05,TB1395,2051-06-21,1.75,300000000.0,300000000.0,760000000.0,2.5333,3.89733333333333,3.8925,3.9,3.93,0.27
2022-09-07,TB1396,2033-04-21,4.5,800000000.0,800000000.0,3290000000.0,4.1125,3.73984375,3.735,3.7425,3.795,0.27
2022-09-16,TB1397,2032-05-21,1.25,800000000.0,800000000.0,1986000000.0,2.4825,3.679021875,3.675,3.6825,3.6925,0.35
2022-09-19,TB1398,2026-09-21,0.5,700000000.0,700000000.0,2247000000.0,3.21,3.4555,3.45,3.46,3.505,0.45
2022-09-21,TB1399,2033-04-21,4.5,800000000.0,800000000.0,1965000000.0,2.4562,3.72704375,3.7225,3.73,3.755,0.3
2022-09-28,TB1400,2033-11-21,3,800000000.0,800000000.0,2245000000.0,2.8062,4.122015625,4.1175,4.125,4.145,0.3
2022-09-30,TB1401,2028-11-21,2.75,700000000.0,700000000.0,1920000000.0,2.7428,3.78930357142857,3.785,3.7925,3.805,0.32
2022-10-05,TB1402,2032-05-21,1.25,800000000.0,800000000.0,2255000000.0,2.8187,3.682875,3.675,3.685,3.7125,0.21
2022-10-07,TB1403,2025-11-21,0.25,700000000.0,700000000.0,2125000000.0,3.0357,3.43033928571429,3.4275,3.4325,3.4475,0.22
2022-10-12,TB1404,2032-11-21,1.75,800000000.0,800000000.0,2555000000.0,3.1937,4.00290625,4.0,4.005,4.04,0.21
2022-10-14,TB1405,2027-04-21,4.75,700000000.0,700000000.0,2275000000.0,3.25,3.67467857142857,3.6675,3.68,3.715,0.53
2022-10-19,TB1406,2029-04-21,3.25,800000000.0,800000000.0,2245000000.0,2.8062,3.74259375,3.7375,3.745,3.7725,0.24
2022-10-21,TB1407,2025-04-21,3.25,700000000.0,700000000.0,2695000000.0,3.85,3.60696428571429,3.6025,3.61,3.645,0.3
2022-10-24,TB1408,2051-06-21,1.75,300000000.0,300000000.0,461000000.0,1.5366,4.55758333333333,4.545,4.57,4.585,1.24
2022-10-28,TB1409,2032-11-21,1.75,800000000.0,800000000.0,1905000000.0,2.3812,3.751953125,3.7475,3.7575,3.77,0.55
2022-11-02,TB1410,2028-11-21,2.75,800000000.0,800000000.0,2505000000.0,3.1312,3.49321875,3.485,3.5,3.52,0.68
2022-11-08,TBSYN29,2034-05-21,3.75,,14000000000.0,,,4.145,,,,
2022-11-16,TB1411,2033-11-21,3,900000000.0,900000000.0,1910000000.0,2.1222,3.73265277777778,3.7275,3.735,3.7575,0.23
2022-11-18,TB1412,2029-11-21,2.75,700000000.0,700000000.0,3018000000.0,4.3114,3.53185,3.525,3.535,3.56,0.32
2022-11-23,TB1413,2032-05-21,1.25,900000000.0,900000000.0,2655000000.0,2.95,3.52525555555556,3.5225,3.53,3.5425,0.47
2022-11-25,TB1414,2025-04-21,3.25,700000000.0,700000000.0,3317000000.0,4.7385,3.17492857142857,3.17,3.1775,3.2075,0.26
2022-11-28,TB1415,2047-03-21,3,300000000.0,300000000.0,899000000.0,2.9966,4.00184166666667,3.995,4.0075,4.0625,0.57
2022-11-30,TB1416,2033-04-21,4.5,700000000.0,700000000.0,2350000000.0,3.3571,3.62132142857143,3.62,3.6225,3.665,0.12
2022-12-02,TB1417,2026-09-21,0.5,600000000.0,600000000.0,2720000000.0,4.5333,3.06125,3.0575,3.065,3.11,0.38
2022-12-07,TB1418,2033-11-21,3,900000000.0,900000000.0,2500000000.0,2.7777,3.39027777777778,3.3875,3.3925,3.4125,0.22
2022-12-09,TB1419,2025-11-21,0.25,700000000.0,700000000.0,3481000000.0,4.9728,3.045,3.045,3.045,3.085,0.0
2023-01-30,TB1420,2041-05-21,2.75,300000000.0,300000000.0,885000000.0,2.95,3.9341,3.9275,3.9375,4.0075,0.34
2023-02-01,TB1421,2034-05-21,3.75,700000000.0,700000000.0,3582000000.0,5.1171,3.59107142857143,3.59,3.5925,3.645,0.14
2023-02-03,TB1422,2029-04-21,3.25,500000000.0,500000000.0,1890000000.0,3.78,3.1922,3.185,3.1975,3.23,0.53
2023-02-08,TB1423,2033-11-21,3,1000000000.0,1000000000.0,3525000000.0,3.525,3.6853875,3.68,3.6875,3.76,0.21
2023-02-10,TB1424,2028-05-21,2.25,500000000.0,500000000.0,2850000000.0,5.7,3.518825,3.5125,3.525,3.585,0.62
2023-02-13,TB1425,2051-06-21,1.75,300000000.0,300000000.0,908000000.0,3.0266,4.178625,4.175,4.18,4.24,0.14
2023-02-15,TB1426,2033-04-21,4.5,700000000.0,700000000.0,3135000000.0,4.4785,3.81058928571429,3.8075,3.8125,3.875,0.19
2023-02-17,TB1427,2026-04-21,4.25,500000000.0,500000000.0,2110000000.0,4.22,3.454975,3.4525,3.46,3.4825,0.5
2023-02-22,TB1428,2034-05-21,3.75,900000000.0,900000000.0,2365000000.0,2.6277,3.97130555555556,3.9675,3.9725,4.0125,0.12
2023-02-24,TB1429,2029-11-21,2.75,600000000.0,600000000.0,1975000000.0,3.2916,3.761,3.7575,3.7625,3.7925,0.15
2023-02-27,TB1430,2047-03-21,3,300000000.0,300000000.0,654000000.0,2.18,4.21765833333333,4.2125,4.225,4.265,0.73
2023-03-01,TB1431,2032-11-21,1.75,1200000000.0,1200000000.0,3345000000.0,2.7875,3.8926875,3.8875,3.895,3.935,0.23
2023-03-06,TB1432,2026-09-21,0.5,500000000.0,500000000.0,2620000000.0,5.24,3.561175,3.56,3.5625,3.63,0.13
2023-03-08,TB1433,2035-06-21,2.75,500000000.0,500000000.0,2260000000.0,4.52,3.818375,3.815,3.82,3.885,0.16
2023-03-17,TB1434,2034-05-21,3.75,1000000000.0,1000000000.0,3100000000.0,3.1,3.474125,3.465,3.4775,3.51,0.34
2023-03-22,TB1435,2033-11-21,3,700000000.0,700000000.0,2707000000.0,3.8671,3.34908928571429,3.345,3.3525,3.405,0.34
2023-03-24,TB1436,2026-04-21,4.25,500000000.0,500000000.0,2485000000.0,4.97,2.8595,2.8575,2.8625,2.8925,0.3
2023-03-29,TB1437,2034-05-21,3.75,800000000.0,800000000.0,3025000000.0,3.7812,3.3864375,3.3825,3.39,3.4575,0.36
2023-03-31,TB1438,2025-11-21,0.25,500000000.0,500000000.0,3815000000.0,7.63,2.89,2.8875,2.8925,2.96,0.25
2023-04-05,TB1439,2035-06-21,2.75,800000000.0,800000000.0,1815000000.0,2.2687,3.343203125,3.34,3.3475,3.375,0.43
2023-04-12,TB1440,2029-04-21,3.25,800000000.0,800000000.0,1896000000.0,2.37,3.028171875,3.025,3.0325,3.075,0.43
2023-04-19,TBSYN30,2034-12-21,3.5,,14000000000.0,,,3.635,,,,
2023-05-03,TB1441,2033-04-21,4.5,800000000.0,800000000.0,3285000000.0,4.1062,3.361734375,3.3575,3.365,3.47,0.33
2023-05-10,TB1442,2029-04-21,3.25,800000000.0,800000000.0,2670000000.0,3.3375,3.21975,3.215,3.2225,3.26,0.28
2023-05-17,TB1443,2035-06-21,2.75,700000000.0,700000000.0,2565000000.0,3.6642,3.56408928571429,3.56,3.5675,3.635,0.34
2023-05-24,TB1444,2034-12-21,3.5,800000000.0,800000000.0,2900000000.0,3.625,3.7226875,3.7175,3.725,3.78,0.23
2023-05-31,TB1445,2051-06-21,1.75,300000000.0,300000000.0,685000000.0,2.2833,4.10581666666667,4.0975,4.1125,4.19,0.67
2023-06-02,TB1446,2026-04-21,4.25,500000000.0,500000000.0,2565000000.0,5.13,3.353,3.3525,3.3575,3.38,0.45
2023-06-07,TB1447,2034-05-21,3.75,700000000.0,700000000.0,2990000000.0,4.2714,3.84751785714286,3.8425,3.85,3.9,0.25
2023-06-21,TB1448,2034-12-21,3.5,700000000.0,700000000.0,2673000000.0,3.8185,3.99841071428571,3.995,4.0,4.065,0.16
2023-06-28,TB1449,2051-06-21,1.75,300000000.0,300000000.0,661000000.0,2.2033,4.161675,4.155,4.1675,4.1975,0.58
2023-07-05,TB1450,2033-11-21,3,700000000.0,700000000.0,3295000000.0,4.7071,3.99126785714286,3.99,3.995,4.06,0.37
2023-07-12,TB1451,2028-05-21,2.25,700000000.0,700000000.0,2525000000.0,3.6071,4.07108928571429,4.0675,4.0725,4.095,0.14
2023-07-19,TB1452,2034-12-21,3.5,800000000.0,800000000.0,2815000000.0,3.5187,3.9425625,3.94,3.945,3.97,0.24
2023-07-28,TB1453,2033-04-21,4.5,700000000.0,700000000.0,2590000000.0,3.7,4.037125,4.035,4.04,4.0675,0.29
2023-08-02,TB1454,2034-05-21,3.75,700000000.0,700000000.0,2090000000.0,2.9857,4.0135,4.01,4.015,4.05,0.15
2023-08-09,TB1455,2035-06-21,2.75,700000000.0,700000000.0,2112000000.0,3.0171,4.02903928571429,4.025,4.0325,4.05,0.35
2023-08-16,TB 1456,2041-05-21,2.75,500000000.0,500000000.0,1050000000.0,2.1,4.513925,4.5075,4.5175,4.57,0.36
2023-08-23,TB1457,2033-11-21,3,700000000.0,700000000.0,2890000000.0,4.1285,4.21717857142857,4.215,4.22,4.265,0.28
2023-08-30,TB1458,2028-11-21,2.75,700000000.0,700000000.0,2277000000.0,3.2528,3.83308928571429,3.8275,3.835,3.875,0.19
2023-09-06,TB1459,2034-12-21,3.5,700000000.0,700000000.0,2941000000.0,4.2014,4.19557142857143,4.1925,4.1975,4.225,0.19
2023-09-20,TB1460,2035-06-21,2.75,800000000.0,800000000.0,2675000000.0,3.3437,4.26278125,4.26,4.265,4.295,0.22
2023-09-29,TB1461,2028-05-21,2.25,800000000.0,800000000.0,2770000000.0,3.4625,4.112640625,4.11,4.115,4.1375,0.24
2023-10-04,TB1462,2035-06-21,2.75,800000000.0,800000000.0,2565000000.0,3.2062,4.67178125,4.67,4.6725,4.705,0.07
2023-10-11,TB1463,2027-11-21,2.75,800000000.0,800000000.0,2415000000.0,3.0187,3.964375,3.96,3.9675,3.99,0.31
2023-10-17,TBSYN31,2054-06-21,4.75,,8000000000.0,,,4.93,,,,
2023-10-27,TB1464,2026-09-21,0.5,800000000.0,800000000.0,3225000000.0,4.0312,4.287734375,4.285,4.29,4.315,0.23
2023-11-01,TB1465,2033-04-21,4.5,800000000.0,800000000.0,3045000000.0,3.8062,4.952125,4.95,4.9525,5.0,0.04
2023-11-08,TB1466,2035-06-21,2.75,800000000.0,800000000.0,2555000000.0,3.1937,4.635671875,4.6325,4.6375,4.6575,0.18
2023-11-15,TB1467,2028-05-21,2.25,800000000.0,800000000.0,3100000000.0,3.875,4.211640625,4.21,4.215,4.235,0.34
2023-11-22,TB1468,2034-12-21,3.5,800000000.0,800000000.0,2700000000.0,3.375,4.447875,4.445,4.45,4.4875,0.21
2023-11-29,TB1469,2035-06-21,2.75,800000000.0,800000000.0,2615000000.0,3.2687,4.481828125,4.48,4.485,4.505,0.32
2023-12-06,TB1470,2037-04-21,3.75,700000000.0,700000000.0,2040000000.0,2.9142,4.39810714285714,4.395,4.4,4.43,0.19
2024-01-17,TB1471,2034-12-21,3.5,800000000.0,800000000.0,2541000000.0,3.1762,4.231146875,4.2275,4.2325,4.26,0.14
2024-01-24,TB1472,2033-11-21,3,800000000.0,800000000.0,2375000000.0,2.9687,4.24090625,4.2375,4.2425,4.265,0.16
2024-02-02,TB1473,2034-05-21,3.75,800000000.0,800000000.0,2490000000.0,3.1125,3.979046875,3.975,3.98,3.995,0.1
2024-02-07,TB1474,2028-11-21,2.75,800000000.0,800000000.0,2695000000.0,3.3687,3.6846875,3.68,3.6875,3.715,0.28
2024-02-14,TB1475,2030-12-21,1,800000000.0,800000000.0,2170000000.0,2.7125,4.0855625,4.08,4.0875,4.1125,0.19
2024-02-21,TB1476,2037-04-21,3.75,800000000.0,800000000.0,2230000000.0,2.7875,4.28715625,4.2825,4.29,4.3075,0.28
2024-03-01,TB1477,2034-05-21,3.75,800000000.0,800000000.0,2915000000.0,3.6437,4.12615625,4.1225,4.1275,4.185,0.13
2024-03-06,TB1478,2029-11-21,2.75,800000000.0,800000000.0,2060000000.0,2.575,3.73846875,3.735,3.74,3.78,0.15
2024-03-20,TB1479,2035-06-21,2.75,800000000.0,800000000.0,2275000000.0,2.8437,4.12221875,4.1175,4.1225,4.145,0.03
2024-03-27,TB1480,2033-04-21,4.5,800000000.0,800000000.0,2485000000.0,3.1062,4.009984375,4.005,4.0125,4.0675,0.25
2024-04-03,TB1481,2041-05-21,2.75,300000000.0,300000000.0,990000000.0,3.3,4.39033333333333,4.385,4.3925,4.42,0.22
2024-04-05,TB1482,2030-05-21,2.5,800000000.0,800000000.0,2415000000.0,3.0187,3.835421875,3.8325,3.8375,3.86,0.21
2024-04-10,TB1483,2027-04-21,4.75,800000000.0,800000000.0,3070000000.0,3.8375,3.6738125,3.6725,3.675,3.705,0.12
2024-04-17,TB1484,2033-11-21,3,800000000.0,800000000.0,2125000000.0,2.6562,4.35575,4.3525,4.3575,4.375,0.18
2024-04-22,TB1485,2026-09-21,0.5,800000000.0,800000000.0,3010000000.0,3.7625,3.89653125,3.89,3.8975,3.955,0.1
2024-05-01,TB1486,2034-05-21,3.75,800000000.0,800000000.0,3185000000.0,3.9812,4.468078125,4.465,4.47,4.53,0.19
2024-05-08,TB1487,2029-04-21,3.25,800000000.0,800000000.0,3300000000.0,4.125,3.948640625,3.9425,3.95,4.0,0.14
2024-05-15,TB1488,2035-06-21,2.75,800000000.0,800000000.0,2340000000.0,2.925,4.351625,4.3225,4.36,4.385,0.84
2024-05-22,TB1489,2054-06-21,4.75,300000000.0,300000000.0,847000000.0,2.8233,4.595125,4.59,4.5975,4.6475,0.24
2024-05-24,TB1490,2028-11-21,2.75,900000000.0,900000000.0,2210000000.0,2.4555,3.97297222222222,3.965,3.9775,3.99,0.45
2024-05-29,TB1491,2031-06-21,1.5,600000000.0,600000000.0,1910000000.0,3.1833,4.21489583333333,4.2125,4.2175,4.24,0.26
2024-05-31,TB1492,2029-11-21,2.75,700000000.0,700000000.0,2260000000.0,3.2285,4.10785714285714,4.105,4.11,4.13,0.21
2024-06-04,Green Bond/TBSYN32,2034-06-21,4.25,7000000000.0,7000000000.0,7000000000.0,1.0,4.295,4.295,4.295,4.295,0.0
2024-06-19,TB1493,2035-06-21,2.75,800000000.0,800000000.0,1770000000.0,2.2125,4.18159375,4.1775,4.185,4.2025,0.34
2024-06-21,TB1494,2031-06-21,1.5,700000000.0,700000000.0,2095000000.0,2.9928,4.09544642857143,4.095,4.0975,4.12,0.21
2024-06-24,TB1495,2029-04-21,3.25,900000000.0,900000000.0,3120000000.0,3.4666,3.93886111111111,3.935,3.94,3.99,0.11
2024-06-26,TB1496,2034-12-21,3.5,600000000.0,600000000.0,2535000000.0,4.225,4.22347916666667,4.22,4.225,4.28,0.15
2024-07-03,TB1497,2037-04-21,3.75,600000000.0,600000000.0,2285000000.0,3.8083,4.51089583333333,4.5075,4.5125,4.595,0.16
2024-07-05,TB1498,2028-05-21,2.25,900000000.0,900000000.0,3670000000.0,4.0777,4.13833333333333,4.1375,4.14,4.205,0.17
2024-07-10,TB1499,2034-05-21,3.75,700000000.0,700000000.0,2320000000.0,3.3142,4.37083928571429,4.3675,4.3725,4.395,0.17
2024-07-12,TB1500,2029-11-21,2.75,800000000.0,800000000.0,2480000000.0,3.1,4.093828125,4.0875,4.1,4.1175,0.62
2024-07-15,TB1501,2051-06-21,1.75,300000000.0,300000000.0,1005000000.0,3.35,4.74304166666667,4.7375,4.7475,4.8475,0.45
2024-07-17,TB1502,2033-11-21,3,500000000.0,500000000.0,2130000000.0,4.26,4.215075,4.2125,4.2175,4.26,0.24
2024-07-19,TB1503,2027-11-21,2.75,700000000.0,700000000.0,3075000000.0,4.3928,3.97973214285714,3.9775,3.9825,4.03,0.28
2024-07-24,TBSYN33,2035-12-21,4.25,,11500000000.0,,,4.425,,,,
2024-07-29,TB1504,2028-11-21,2.75,900000000.0,900000000.0,3995000000.0,4.4388,3.93194444444444,3.9225,3.935,3.995,0.31
2024-08-02,TB1505,2034-05-21,3.75,600000000.0,600000000.0,1520000000.0,2.5333,4.0001875,3.995,4.005,4.025,0.48
2024-08-07,TB1506,2035-06-21,2.75,800000000.0,800000000.0,2705000000.0,3.3812,4.12178125,4.115,4.125,4.185,0.32
2024-08-09,TB1507,2027-04-21,4.75,700000000.0,700000000.0,2375000000.0,3.3928,3.66228571428571,3.6575,3.665,3.7,0.27
2024-08-14,TB1508,2034-12-21,3.5,800000000.0,800000000.0,2190000000.0,2.7375,3.98178125,3.9775,3.985,4.015,0.32
2024-08-16,TB1509,2028-05-21,2.25,700000000.0,700000000.0,2680000000.0,3.8285,3.57253571428571,3.57,3.575,3.65,0.25
2024-08-21,TB1510,2033-11-21,3,800000000.0,800000000.0,2705000000.0,3.3812,3.872453125,3.865,3.875,3.93,0.25
2024-08-23,TB1511,2028-11-21,2.75,700000000.0,700000000.0,2960000000.0,4.2285,3.55103571428571,3.545,3.5525,3.63,0.15
2024-08-28,TB1512,2034-12-21,3.5,800000000.0,800000000.0,1850000000.0,2.3125,3.9148125,3.91,3.9175,3.9375,0.27
2024-08-30,TB1513,2029-11-21,2.75,700000000.0,700000000.0,2565000000.0,3.6642,3.63678571428571,3.635,3.6375,3.6525,0.07
2024-09-04,TB1514,2035-12-21,4.25,1200000000.0,1200000000.0,4330000000.0,3.6083,3.98920833333333,3.9875,3.9925,4.025,0.33
2024-09-11,TB1515,2027-11-21,2.75,1000000000.0,1000000000.0,2870000000.0,2.87,3.471375,3.4675,3.4725,3.4875,0.11
2024-09-18,TB1516,2037-04-21,3.75,1000000000.0,1000000000.0,2540000000.0,2.54,3.9565625,3.955,3.9575,3.98,0.09
2024-09-20,TB1517,2029-04-21,3.25,500000000.0,500000000.0,1760000000.0,3.52,3.530825,3.5275,3.5325,3.5475,0.17
2024-09-25,TB1518,2034-05-21,3.75,1000000000.0,1000000000.0,2458000000.0,2.458,3.909525,3.9075,3.9125,3.9225,0.3
2024-09-27,TB1519,2028-05-21,2.25,500000000.0,500000000.0,1770000000.0,3.54,3.503825,3.5025,3.505,3.52,0.12
2024-10-02,TB1520,2035-06-21,2.75,800000000.0,800000000.0,3005000000.0,3.7562,3.984890625,3.9825,3.9875,4.035,0.26
2024-10-04,TB1521,2027-11-21,2.75,700000000.0,700000000.0,3130000000.0,4.4714,3.57821428571429,3.5725,3.58,3.65,0.18
2024-10-09,TB1522,2039-06-21,3.25,500000000.0,500000000.0,1360000000.0,2.72,4.3927,4.39,4.395,4.41,0.23
2024-10-11,TB1523,2028-11-21,2.75,1000000000.0,1000000000.0,3090000000.0,3.09,3.783075,3.7775,3.7875,3.8,0.44
2024-10-14,TB1524,2051-06-21,1.75,300000000.0,300000000.0,945000000.0,3.15,4.82536666666667,4.82,4.8275,4.855,0.21
2024-10-16,TB1525,2034-05-21,3.75,700000000.0,700000000.0,2524000000.0,3.6057,4.18130714285714,4.1775,4.1825,4.23,0.12
2024-10-18,TB1526,2027-04-21,4.75,500000000.0,500000000.0,3215000000.0,6.43,3.854225,3.85,3.8575,3.91,0.33
2024-10-21,TB1527,2029-04-21,3.25,700000000.0,700000000.0,3324000000.0,4.7485,3.88763571428571,3.8825,3.89,3.95,0.24
2024-10-23,TB1528,2035-12-21,4.25,800000000.0,800000000.0,2130000000.0,2.6625,4.465671875,4.4625,4.4675,4.4775,0.18
2024-10-25,Green Bond/TB1529,2034-06-21,4.25,300000000.0,300000000.0,1360000000.0,4.5333,4.39645833333333,4.3925,4.3975,4.415,0.1
2024-10-28,TB1530,2028-11-21,2.75,700000000.0,700000000.0,3165000000.0,4.5214,3.96294642857143,3.96,3.965,4.015,0.21
2024-11-01,TB1531,2034-12-21,3.5,800000000.0,800000000.0,2570000000.0,3.2125,4.549921875,4.5475,4.5525,4.575,0.26
2024-11-04,TB1532,2027-11-21,2.75,700000000.0,700000000.0,2480000000.0,3.5428,4.03126785714286,4.03,4.0325,4.05,0.12
2024-11-08,TB1533,2035-06-21,2.75,800000000.0,800000000.0,2605000000.0,3.2562,4.591296875,4.59,4.595,4.61,0.37
2024-11-13,TB1534,2030-05-21,2.5,800000000.0,800000000.0,2935000000.0,3.6687,4.33171875,4.33,4.3325,4.355,0.08
2024-11-15,TB1535,2027-04-21,4.75,700000000.0,700000000.0,3262000000.0,4.66,4.18741071428571,4.185,4.19,4.21,0.26
2024-11-18,TB1536,2041-05-21,2.75,300000000.0,300000000.0,1000000000.0,3.3333,4.875875,4.87,4.88,4.9025,0.41
2024-11-20,TB1537,2035-12-21,4.25,800000000.0,800000000.0,2400000000.0,3.0,4.598265625,4.595,4.6,4.62,0.17
2024-11-22,TB1538,2028-11-21,2.75,700000000.0,700000000.0,2885000000.0,4.1214,4.11892857142857,4.115,4.12,4.145,0.11
2024-11-27,TB1539,2034-12-21,3.5,800000000.0,800000000.0,2270000000.0,2.8375,4.432859375,4.43,4.435,4.46,0.21
2024-11-29,TB1540,2031-06-21,1.5,700000000.0,700000000.0,2660000000.0,3.8,4.16257142857143,4.16,4.165,4.18,0.24
2024-12-02,Green Bond/TB1541,2034-06-21,4.25,300000000.0,300000000.0,1280000000.0,4.2666,4.27658333333333,4.27,4.28,4.2925,0.34
2024-12-04,TB1542,2029-04-21,3.25,700000000.0,700000000.0,2950000000.0,4.2142,3.95580357142857,3.95,3.9575,3.98,0.17
2024-12-06,TB1543,2037-04-21,3.75,800000000.0,800000000.0,2575000000.0,3.2187,4.345859375,4.345,4.3475,4.36,0.16
2024-12-09,TB1544,2029-11-21,2.75,1000000000.0,1000000000.0,3785000000.0,3.785,3.840875,3.8375,3.8425,3.8625,0.16
2024-12-18,TB1545,2035-06-21,2.75,800000000.0,800000000.0,2511000000.0,3.1387,4.325953125,4.3225,4.3275,4.35,0.15
2024-12-20,TB1546,2028-05-21,2.25,700000000.0,700000000.0,2750000000.0,3.9285,3.97848214285714,3.9775,3.98,4.0125,0.15
2025-01-15,TB1547,2034-12-21,3.5,800000000.0,800000000.0,2310000000.0,2.8875,4.637828125,4.635,4.64,4.665,0.22
2025-01-17,TB1548,2027-11-21,2.75,700000000.0,700000000.0,2645000000.0,3.7785,3.91557142857143,3.915,3.9175,3.965,0.19
2025-01-20,Green Bond/TB1549,2034-06-21,4.25,300000000.0,300000000.0,1555000000.0,5.1833,4.46933333333333,4.465,4.4725,4.49,0.32
2025-01-22,TB1550,2035-06-21,2.75,800000000.0,800000000.0,3200000000.0,4.0,4.4684375,4.465,4.47,4.535,0.16
2025-01-24,TB1551,2031-06-21,1.5,700000000.0,700000000.0,2460000000.0,3.5142,4.20573214285714,4.2025,4.2075,4.2275,0.18
2025-01-28,TB1552,2054-06-21,4.75,300000000.0,300000000.0,1095000000.0,3.65,4.9405,4.9325,4.945,5.03,0.45
2025-01-31,TB1553,2030-05-21,2.5,800000000.0,800000000.0,3525000000.0,4.4062,3.95471875,3.95,3.9575,4.0,0.28
2025-02-05,TBSYN34,2036-03-21,4.25,,15000000000.0,,,4.46,,,,
2025-02-12,TB1554,2041-05-21,2.75,400000000.0,400000000.0,1515000000.0,3.7875,4.7553125,4.75,4.7575,4.82,0.22
2025-02-14,TB1555,2031-06-21,1.5,700000000.0,700000000.0,3195000000.0,4.5642,4.125875,4.125,4.1275,4.17,0.16
2025-02-19,TB1556,2035-06-21,2.75,800000000.0,800000000.0,3315000000.0,4.1437,4.560703125,4.5575,4.5625,4.62,0.18
2025-02-21,TB1557,2030-05-21,2.5,700000000.0,700000000.0,3317000000.0,4.7385,4.09883928571429,4.0975,4.1,4.155,0.12
2025-02-24,Green Bond/TB1558,2034-06-21,4.25,300000000.0,300000000.0,1615000000.0,5.3833,4.42941666666667,4.425,4.4325,4.4475,0.31
2025-02-26,TB1559,2037-04-21,3.75,800000000.0,800000000.0,2935000000.0,3.6687,4.4665625,4.465,4.4675,4.4825,0.09
2025-02-28,TB1560,2032-11-21,1.75,700000000.0,700000000.0,2435000000.0,3.4785,4.195875,4.1925,4.1975,4.215,0.16
2025-03-05,TB1561,2036-03-21,4.25,800000000.0,800000000.0,2695000000.0,3.3687,4.4074375,4.405,4.41,4.4225,0.26
2025-03-07,TB1562,2030-12-21,1,700000000.0,700000000.0,3245000000.0,4.6357,4.046875,4.045,4.0475,4.075,0.06
2025-03-11,TB1563,2041-05-21,2.75,300000000.0,300000000.0,975000000.0,3.25,4.70525,4.7025,4.7075,4.7225,0.22
2025-03-12,TB1564,2034-12-21,3.5,800000000.0,800000000.0,2535000000.0,3.1687,4.4519375,4.45,4.4525,4.4625,0.06
2025-03-19,TB1565,2035-12-21,4.25,800000000.0,800000000.0,2825000000.0,3.5312,4.4535,4.4525,4.455,4.5525,0.15
2025-03-21,TB1566,2029-11-21,2.75,700000000.0,700000000.0,2890000000.0,4.1285,3.85510714285714,3.85,3.8575,3.8875,0.24
2025-03-24,TB1567,2054-06-21,4.75,300000000.0,300000000.0,812000000.0,2.7066,4.98745,4.9775,4.9925,5.03,0.5
2025-03-26,TB1568,2034-12-21,3.5,800000000.0,800000000.0,2980000000.0,3.725,4.463984375,4.4625,4.465,4.48,0.1
2025-03-28,TB1569,2032-05-21,1.25,700000000.0,700000000.0,3114000000.0,4.4485,4.23491071428571,4.2325,4.2375,4.2625,0.26
2025-03-31,TB1570,2028-05-21,2.25,600000000.0,600000000.0,2655000000.0,4.425,3.6498125,3.645,3.6525,3.67,0.27
2025-04-02,TB1571,2034-05-21,3.75,800000000.0,800000000.0,3130000000.0,3.9125,4.32596875,4.325,4.3275,4.355,0.15
2025-04-04,TB1572,2031-11-21,1,600000000.0,600000000.0,2640000000.0,4.4,3.89591666666667,3.89,3.9,3.94,0.41
2025-04-08,Green Bond/TB1573,2034-06-21,4.25,400000000.0,400000000.0,1955000000.0,4.8875,4.17253125,4.17,4.175,4.2,0.25
2025-04-09,TB1574,2028-11-21,2.75,1000000000.0,1000000000.0,4555000000.0,4.555,3.2952,3.2825,3.3,3.35,0.48
2025-04-11,TB1575,2035-06-21,2.75,600000000.0,600000000.0,2410000000.0,4.0166,4.40627083333333,4.4025,4.41,4.46,0.37
2025-04-16,TB1576,2034-12-21,3.5,1000000000.0,1000000000.0,3990000000.0,3.99,4.2878,4.285,4.29,4.3425,0.22
2025-04-23,TB1577,2029-04-21,3.25,1000000000.0,1000000000.0,3220000000.0,3.22,3.4302375,3.425,3.4325,3.48,0.23
2025-05-02,TB1578,2035-06-21,2.75,1200000000.0,1200000000.0,3300000000.0,2.75,4.24567708333333,4.2425,4.2475,4.2675,0.18
2025-05-06,TB1579,2054-06-21,4.75,300000000.0,300000000.0,745000000.0,2.4833,4.96329166666667,4.955,4.97,5.0025,0.67
2025-05-07,TB1580,2037-04-21,3.75,1000000000.0,1000000000.0,4640000000.0,4.64,4.389925,4.3875,4.39,4.415,0.01
2025-05-09,TB1581,2029-11-21,2.75,700000000.0,700000000.0,3790000000.0,5.4142,3.55071428571429,3.55,3.5525,3.5875,0.18
2025-05-14,TB1582,2034-12-21,3.5,1200000000.0,1200000000.0,3805000000.0,3.1708,4.43488541666667,4.4325,4.4375,4.46,0.26
2025-05-16,TB1583,2030-05-21,2.5,800000000.0,800000000.0,3485000000.0,4.3562,3.775890625,3.77,3.78,3.84,0.41
2025-05-21,TB1584,2035-12-21,4.25,1200000000.0,1200000000.0,3725000000.0,3.1041,4.42551041666667,4.4225,4.4275,4.45,0.2
2025-05-23,TB1585,2028-11-21,2.75,800000000.0,800000000.0,3990000000.0,4.9875,3.485859375,3.4825,3.4875,3.515,0.16
2025-05-27,Green Bond/TB1586,2034-06-21,4.25,400000000.0,400000000.0,2065000000.0,5.1625,4.21625,4.215,4.2175,4.235,0.13
2025-05-30,TB1587,2036-03-21,4.25,1200000000.0,1200000000.0,3095000000.0,2.5791,4.3305625,4.3275,4.3325,4.35,0.19
2025-06-03,TB1588,2037-04-21,3.75,1200000000.0,1200000000.0,2370000000.0,1.975,4.38771875,4.385,4.39,4.4125,0.23
2025-06-06,TB1589,2031-06-21,1.5,800000000.0,800000000.0,1980000000.0,2.475,3.753890625,3.745,3.7575,3.7925,0.36
2025-06-11,TB1590,2032-11-21,1.75,1000000000.0,1000000000.0,3210000000.0,3.21,4.0080375,4.005,4.01,4.045,0.2
2025-06-17,TB1591,2054-06-21,4.75,300000000.0,300000000.0,853000000.0,2.8433,4.94970833333333,4.94,4.955,5.0025,0.53
2025-06-18,TB1592,2035-06-21,2.75,900000000.0,900000000.0,3100000000.0,3.4444,4.24129166666667,4.2375,4.2425,4.2675,0.12
2025-06-20,TB1593,2030-12-21,1,800000000.0,800000000.0,2775000000.0,3.4687,3.61453125,3.6125,3.6175,3.64,0.3
2025-06-23,TB1594,2032-11-21,1.75,1000000000.0,1000000000.0,3355000000.0,3.355,3.9441125,3.94,3.9475,3.9825,0.34
2025-06-25,TB1595,2034-12-21,3.5,1000000000.0,1000000000.0,3735000000.0,3.735,4.0895125,4.0875,4.0925,4.1225,0.3
2025-07-02,TB1596,2035-06-21,2.75,1200000000.0,1200000000.0,4035000000.0,3.3625,4.13804166666667,4.135,4.14,4.1575,0.2
2025-07-04,TB1597,2028-05-21,2.25,1000000000.0,1000000000.0,3955000000.0,3.955,3.3071375,3.3025,3.31,3.34,0.29
2025-07-09,TB1598,2035-12-21,4.25,1200000000.0,1200000000.0,3180000000.0,2.65,4.34425,4.3425,4.3475,4.3625,0.33
2025-07-11,TB1599,2029-11-21,2.75,1000000000.0,1000000000.0,3460000000.0,3.46,3.551225,3.5475,3.555,3.58,0.38
2025-07-15,TB1600,2054-06-21,4.75,300000000.0,300000000.0,964000000.0,3.2133,5.05266666666667,5.0475,5.055,5.0875,0.23
2025-07-16,TB1601,2036-03-21,4.25,800000000.0,800000000.0,3200000000.0,4.0,4.4475625,4.445,4.45,4.4725,0.24
2025-07-18,TB1602,2031-11-21,1,1100000000.0,1100000000.0,3870000000.0,3.5181,3.85982954545455,3.8575,3.8625,3.885,0.27
2025-07-23,TBSYN35,2036-10-21,4.25,,16000000000.0,,,4.36,,,,
2025-07-29,TB1603,2028-05-21,2.25,1000000000.0,1000000000.0,3330000000.0,3.33,3.4184125,3.415,3.4225,3.445,0.41
2025-08-01,TB1604,2035-06-21,2.75,1200000000.0,1200000000.0,3955000000.0,3.2958,4.29527083333333,4.2925,4.2975,4.33,0.22
2025-08-05,Green Bond/TB1605,2034-06-21,4.25,300000000.0,300000000.0,1478000000.0,4.9266,4.088875,4.0875,4.09,4.1125,0.11
2025-08-06,TB1606,2036-03-21,4.25,900000000.0,900000000.0,2980000000.0,3.3111,4.25694444444444,4.255,4.26,4.2875,0.31
2025-08-08,TB1607,2033-11-21,3,1000000000.0,1000000000.0,3285000000.0,3.285,4.0742,4.0725,4.075,4.1075,0.08
2025-08-13,TB1608,2035-12-21,4.25,1200000000.0,1200000000.0,3890000000.0,3.2416,4.2775625,4.2725,4.28,4.2975,0.24
2025-08-15,TB1609,2029-11-21,2.75,1000000000.0,1000000000.0,3690000000.0,3.69,3.462375,3.46,3.4625,3.4975,0.01
2025-08-20,TB1610,2032-05-21,1.25,1500000000.0,1500000000.0,4390000000.0,2.9266,3.92405,3.92,3.925,3.9575,0.1
2025-08-22,TB1611,2054-06-21,4.75,300000000.0,300000000.0,900000000.0,3.0,5.05604166666667,5.0475,5.06,5.0925,0.4
2025-08-27,TB1612,2035-06-21,2.75,1200000000.0,1200000000.0,4215000000.0,3.5125,4.32284375,4.32,4.325,4.355,0.22
2025-08-29,TB1613,2028-11-21,2.75,1000000000.0,1000000000.0,4115000000.0,4.115,3.384,3.3825,3.385,3.425,0.1
2025-09-02,Green Bond/TB1614,2034-06-21,4.25,300000000.0,300000000.0,1465000000.0,4.8833,4.22491666666667,4.2225,4.2275,4.255,0.26
2025-09-03,TB1615,2036-03-21,4.25,1000000000.0,1000000000.0,3260000000.0,3.26,4.4148,4.41,4.4175,4.4325,0.27
2025-09-05,TB1616,2031-06-21,1.5,900000000.0,900000000.0,3625000000.0,4.0277,3.79368055555556,3.79,3.795,3.82,0.13
2025-09-10,TB1617,2031-11-21,1,1000000000.0,1000000000.0,3888000000.0,3.888,3.8314875,3.83,3.835,3.865,0.35
2025-09-17,TB1618,2035-12-21,4.25,1200000000.0,1200000000.0,2590000000.0,2.1583,4.23842708333333,4.235,4.24,4.255,0.16
2025-09-19,TB1619,2030-12-21,1,1000000000.0,1000000000.0,4235000000.0,4.235,3.64165,3.6375,3.645,3.73,0.34
2025-09-23,TB1620,2054-06-21,4.75,300000000.0,300000000.0,1005000000.0,3.35,5.01408333333333,5.005,5.0175,5.065,0.34
2025-09-24,TB1621,2033-11-21,3,1000000000.0,1000000000.0,3205000000.0,3.205,4.09115,4.0875,4.095,4.1375,0.38
2025-09-26,TB1622,2029-11-21,2.75,900000000.0,900000000.0,5370000000.0,5.9666,3.66791666666667,3.6675,3.67,3.71,0.21
2025-10-01,TB1623,2034-12-21,3.5,1200000000.0,1200000000.0,2524000000.0,2.1033,4.28683333333333,4.285,4.2875,4.3075,0.07
2025-10-03,TB1624,2032-05-21,1.25,1000000000.0,1000000000.0,3385000000.0,3.385,3.943125,3.94,3.945,3.9775,0.19
2025-10-08,TB1625,2036-03-21,4.25,1200000000.0,1200000000.0,4190000000.0,3.4916,4.37877083333333,4.375,4.38,4.4025,0.12
2025-10-14,TB1626,2039-06-21,3.25,400000000.0,400000000.0,1305000000.0,3.2625,4.5113125,4.5075,4.5125,4.525,0.12
2025-10-15,TB1627,2035-12-21,4.25,800000000.0,800000000.0,2700000000.0,3.375,4.243578125,4.2425,4.245,4.26,0.14
2025-10-17,TB1628,2030-12-21,1,800000000.0,800000000.0,2210000000.0,2.7625,3.52540625,3.5225,3.5275,3.545,0.21
2025-10-21,TB1629,2054-06-21,4.75,300000000.0,300000000.0,1216000000.0,4.0533,4.82129166666667,4.8175,4.825,4.845,0.37
2025-10-22,TB1630,2035-06-21,2.75,900000000.0,900000000.0,2615000000.0,2.9055,4.10465277777778,4.1025,4.105,4.12,0.03
2025-10-24,TB1631,2029-11-21,2.75,800000000.0,800000000.0,3000000000.0,3.75,3.4685625,3.465,3.4725,3.4975,0.39
2025-10-28,TB1632,2037-04-21,3.75,1200000000.0,1200000000.0,3415000000.0,2.8458,4.26778125,4.265,4.27,4.2875,0.22
2025-10-31,TB1633,2029-04-21,3.25,800000000.0,800000000.0,3150000000.0,3.9375,3.6320625,3.63,3.635,3.655,0.29
2025-11-05,TB1634,2036-03-21,4.25,1200000000.0,1200000000.0,4220000000.0,3.5166,4.34565625,4.3425,4.3475,4.3625,0.18
2025-11-07,TB1635,2033-11-21,3,800000000.0,800000000.0,3944000000.0,4.93,4.15915625,4.1575,4.16,4.195,0.08
2025-11-12,TB1636,2035-12-21,4.25,1200000000.0,1200000000.0,4185000000.0,3.4875,4.36432291666667,4.3625,4.365,4.3875,0.07
2025-11-14,TB1637,2032-11-21,1.75,800000000.0,800000000.0,3280000000.0,4.1,4.198703125,4.195,4.2,4.2375,0.13
2025-11-18,TB1638,2054-06-21,4.75,300000000.0,300000000.0,855000000.0,2.85,5.06029166666667,5.0525,5.0625,5.0825,0.22
2025-11-19,TB1639,2035-06-21,2.75,1000000000.0,1000000000.0,3645000000.0,3.645,4.414375,4.4125,4.415,4.4375,0.06
2025-11-21,TB1640,2032-05-21,1.25,700000000.0,700000000.0,2462000000.0,3.5171,4.10707142857143,4.105,4.1075,4.12,0.04
2025-11-25,Green Bond/TB1641,2034-06-21,4.25,400000000.0,400000000.0,1815000000.0,4.5375,4.31684375,4.315,4.32,4.335,0.32
2025-11-26,TB1642,2029-11-21,2.75,700000000.0,700000000.0,2570000000.0,3.6714,3.83907142857143,3.835,3.84,3.86,0.09
2025-11-28,TB1643,2037-04-21,3.75,900000000.0,900000000.0,3144000000.0,3.4933,4.58330555555556,4.58,4.585,4.6,0.17
2025-12-03,TB1644,2035-12-21,4.25,1000000000.0,1000000000.0,2355000000.0,2.355,4.632,4.63,4.6325,4.645,0.05
2025-12-05,TB1645,2028-11-21,2.75,1000000000.0,1000000000.0,3320000000.0,3.32,4.025225,4.02,4.0275,4.045,0.23
2025-12-08,TB1646,2054-06-21,4.75,300000000.0,300000000.0,1030000000.0,3.4333,5.25125,5.2475,5.2525,5.3025,0.13
2025-12-10,TB1647,2030-12-21,1,1000000000.0,1000000000.0,2663000000.0,2.663,4.353155,4.35,4.355,4.395,0.18
2025-12-17,TB1648,2036-10-21,4.25,1000000000.0,1000000000.0,3710000000.0,3.71,4.7726625,4.77,4.775,4.795,0.23
2026-01-13,TB1649,2054-06-21,4.75,300000000.0,300000000.0,703000000.0,2.3433,5.19526666666667,5.1875,5.2,5.23,0.47
2026-01-14,TB1650,2036-10-21,4.25,1000000000.0,1000000000.0,3195000000.0,3.195,4.7622625,4.76,4.765,4.785,0.27
2026-01-16,TB1651,2029-04-21,3.25,700000000.0,700000000.0,3165000000.0,4.5214,4.109875,4.1025,4.1125,4.135,0.26
2026-01-21,TBSYN36,2037-10-21,4.75,,15000000000.0,,,4.87,,,,
2026-01-27,TB1652,2031-06-21,1.5,1000000000.0,1000000000.0,3455000000.0,3.455,4.438225,4.435,4.44,4.485,0.18
2026-01-30,TB1653,2036-03-21,4.25,1000000000.0,1000000000.0,3335000000.0,3.335,4.8038875,4.8,4.805,4.82,0.11
2026-02-04,TB1654,2036-10-21,4.25,1200000000.0,1200000000.0,4470000000.0,3.725,4.90121875,4.8975,4.9025,4.95,0.13
2026-02-06,TB1655,2030-12-21,1,800000000.0,800000000.0,3315000000.0,4.1437,4.364140625,4.3625,4.365,4.3875,0.09
2026-02-10,TB1656,2041-05-21,2.75,300000000.0,300000000.0,1485000000.0,4.95,5.07166666666667,5.07,5.0725,5.1125,0.08
2026-02-11,TB1657,2037-04-21,3.75,700000000.0,700000000.0,2900000000.0,4.1428,4.83419642857143,4.8325,4.835,4.8625,0.08
2026-02-13,TB1658,2030-05-21,2.5,1000000000.0,1000000000.0,3435000000.0,3.435,4.28875,4.2875,4.29,4.3175,0.12
2026-02-18,TB1659,2036-10-21,4.25,1200000000.0,1200000000.0,4685000000.0,3.9041,4.74391666666667,4.7425,4.745,4.775,0.11
2026-02-20,TB1660,2029-04-21,3.25,800000000.0,800000000.0,3115000000.0,3.8937,4.30140625,4.3,4.3025,4.32,0.11
2026-02-24,TB1661,2036-03-21,4.25,1200000000.0,1200000000.0,3255000000.0,2.7125,4.69686458333333,4.6925,4.7,4.715,0.31
2026-02-27,TB1662,2028-11-21,2.75,800000000.0,800000000.0,3090000000.0,3.8625,4.18490625,4.1825,4.1875,4.225,0.26
2026-03-03,TB1663,2047-03-21,3,300000000.0,300000000.0,1415000000.0,4.7166,5.13779166666667,5.135,5.14,5.21,0.22
2026-03-04,TB1664,2037-10-21,4.75,900000000.0,900000000.0,3365000000.0,3.7388,4.85733333333333,4.855,4.8575,4.89,0.02
2026-03-06,TB1665,2031-06-21,1.5,800000000.0,800000000.0,3220000000.0,4.025,4.4886875,4.485,4.49,4.535,0.13
2026-03-11,TB1666,2036-10-21,4.25,1000000000.0,1000000000.0,3870000000.0,3.87,4.9002125,4.8975,4.9025,4.94,0.23
2026-03-18,TB1667,2036-03-21,4.25,1000000000.0,1000000000.0,4145000000.0,4.145,4.9121875,4.91,4.9125,4.95,0.03
2026-03-24,TB1668,2037-04-21,3.75,1000000000.0,1000000000.0,3665000000.0,3.665,5.0650125,5.0625,5.0675,5.11,0.25
2026-03-27,TB1669,2031-11-21,1,1000000000.0,1000000000.0,4244000000.0,4.244,4.830875,4.8275,4.8325,4.895,0.16
2026-03-31,TB1670,2037-10-21,4.75,1000000000.0,1000000000.0,3430000000.0,3.43,5.0864875,5.0725,5.09,5.1375,0.35
2026-04-08,TB1671,2051-06-21,1.75,400000000.0,400000000.0,1229000000.0,3.0725,5.3126375,5.305,5.3175,5.3575,0.49
2026-04-10,TB1672,2030-12-21,1,1000000000.0,1000000000.0,3290000000.0,3.29,4.627825,4.625,4.63,4.67,0.22
2026-04-15,TB1673,2036-10-21,4.25,1000000000.0,1000000000.0,3450000000.0,3.45,4.929775,4.9275,4.9325,4.98,0.27
2026-04-17,TB1674,2031-06-21,1.5,1000000000.0,1000000000.0,3785000000.0,3.785,4.701225,4.6975,4.7025,4.75,0.13
2026-04-22,TB1675,2037-04-21,3.75,1000000000.0,1000000000.0,3625000000.0,3.625,4.988375,4.9875,4.99,5.015,0.16
2026-04-24,TB1676,2030-05-21,2.5,1000000000.0,1000000000.0,3821000000.0,3.821,4.6947325,4.6925,4.6975,4.74,0.28
2026-04-28,TB1677,2035-12-21,4.25,1000000000.0,1000000000.0,3305000000.0,3.305,5.01845,5.0175,5.02,5.055,0.15
2026-05-01,TB1678,2033-04-21,4.5,1000000000.0,1000000000.0,3565000000.0,3.565,4.860775,4.8575,4.865,4.91,0.42
2026-05-06,TB1679,2036-03-21,4.25,1000000000.0,1000000000.0,3862000000.0,3.862,4.9735375,4.97,4.975,5.02,0.15
2026-05-08,TB1680,2032-05-21,1.25,1000000000.0,1000000000.0,4015000000.0,4.015,4.740625,4.7375,4.7425,4.8,0.19
2026-05-13,TB1681,2054-06-21,4.75,300000000.0,300000000.0,1224000000.0,4.08,5.497925,5.495,5.5025,5.55,0.46
2026-05-15,TB1682,2030-12-21,1,1000000000.0,1000000000.0,3690000000.0,3.69,4.704925,4.7025,4.7075,4.755,0.26
2026-05-20,TBSYN37,2036-06-21,5,,7500000000.0,,,5.065,,,,
2026-05-29,TB1683,2029-11-21,2.75,1000000000.0,1000000000.0,3455000000.0,3.455,4.46925,4.4675,4.4725,4.52,0.33
2026-06-03,TB1684,2033-11-21,3,1000000000.0,1000000000.0,4275000000.0,4.275,4.7699625,4.7675,4.7725,4.815,0.25
2026-06-10,TB1685,2037-10-21,4.75,1000000000.0,1000000000.0,4245000000.0,4.245,4.9566375,4.9525,4.96,5.0,0.34
2026-06-17,TB1686,2054-06-21,4.75,300000000.0,300000000.0,739000000.0,2.4633,5.30404166666667,5.3,5.3075,5.325,0.35
2026-06-19,TB1687,2032-05-21,1.25,700000000.0,700000000.0,3925000000.0,5.6071,4.52089285714286,4.52,4.5225,4.565,0.16
2026-06-23,TB1688,2036-10-21,4.25,1000000000.0,1000000000.0,3775000000.0,3.775,4.8204,4.8175,4.8225,4.855,0.21
2026-07-01,TB1689,2035-12-21,4.25,800000000.0,800000000.0,3470000000.0,4.3375,4.748046875,4.745,4.75,4.7875,0.2
2026-07-03,TB1690,2031-06-21,1.5,700000000.0,700000000.0,3520000000.0,5.0285,4.44294642857143,4.44,4.445,4.495,0.21
2026-07-08,TB1691,2036-03-21,4.25,900000000.0,900000000.0,4095000000.0,4.55,4.87451388888889,4.8725,4.875,4.9175,0.05
2026-07-10,TB1692,2032-11-21,1.75,900000000.0,900000000.0,2845000000.0,3.1611,4.61888888888889,4.615,4.6225,4.635,0.36
2026-07-14,TB1693,2036-06-21,5,400000000.0,400000000.0,1630000000.0,4.075,4.92078125,4.92,4.9225,4.935,0.17
2026-07-15,TB1694,2033-04-21,4.5,700000000.0,700000000.0,3000000000.0,4.2857,4.66196428571429,4.6575,4.665,4.71,0.3
2026-07-17,TB1695,2030-05-21,2.5,700000000.0,700000000.0,2425000000.0,3.4642,4.49371428571429,4.4925,4.4975,4.525,0.38
2026-07-22,TB1696,2035-06-21,2.75,900000000.0,900000000.0,3935000000.0,4.3722,4.94570833333333,4.9425,4.9475,4.99,0.18
2026-07-24,TB1697,2029-04-21,3.25,900000000.0,900000000.0,3200000000.0,3.5555,4.67520833333333,4.6725,4.6775,4.695,0.23
2026-07-27,TB1698,2047-03-21,3,300000000.0,300000000.0,967000000.0,3.2233,5.431875,5.425,5.435,5.46,0.31
2026-07-28,TB1699,2036-10-21,4.25,800000000.0,800000000.0,3760000000.0,4.7,5.03453125,5.0325,5.035,5.07,0.05
2026-07-31,TB1700,2028-11-21,2.75,900000000.0,900000000.0,3890000000.0,4.3222,4.49466666666667,4.4925,4.495,4.53,0.03
2026-08-05,TB1701,2037-04-21,3.75,1000000000.0,1000000000.0,3025000000.0,3.025,4.973825,4.97,4.975,4.99,0.12
2026-08-07,TB1702,2031-06-21,1.5,1000000000.0,1000000000.0,4070000000.0,4.07,4.58775,4.5825,4.59,4.63,0.23
2026-08-12,TB1703,2036-03-21,4.25,1000000000.0,1000000000.0,4734000000.0,4.734,4.992275,4.99,4.995,5.03,0.27
2026-08-14,TB1704,2032-11-21,1.75,1000000000.0,1000000000.0,3750000000.0,3.75,4.686775,4.685,4.69,4.73,0.32
2026-08-18,TBSYN38,2038-05-21,5,,13000000000.0,,,5.17,,,,
2026-08-25,TB1705,2031-11-21,1,1200000000.0,1200000000.0,4355000000.0,3.6291,4.63104166666667,4.6275,4.6325,4.68,0.15
2026-08-28,TB1706,2035-12-21,4.25,800000000.0,800000000.0,3100000000.0,3.875,5.05390625,5.0525,5.055,5.095,0.11
2026-09-01,TB1707,2054-06-21,4.75,300000000.0,300000000.0,1105000000.0,3.6833,5.665725,5.6575,5.67,5.715,0.43
2026-09-02,TB1708,2032-05-21,1.25,900000000.0,900000000.0,3785000000.0,4.2055,4.89488888888889,4.89,4.8975,4.945,0.26
2026-09-04,TB1709,2037-10-21,4.75,800000000.0,800000000.0,2565000000.0,3.2062,5.21334375,5.21,5.215,5.225,0.17
2026-09-08,TB1710,2036-06-21,5,400000000.0,400000000.0,2305000000.0,5.7625,5.1874125,5.185,5.19,5.215,0.26
2026-09-09,TB1711,2034-05-21,3.75,800000000.0,800000000.0,3570000000.0,4.4625,5.0671875,5.0625,5.07,5.11,0.28
