date,tender,maturity,coupon,offered,allotted,bids,coverage,wa_yield,low_yield,high_yield,highest_bid_yield,tail_bp
1989-06-07,22/89,1989-09-06,,,200000000.0,,,17.208,,,,
1989-06-14,23/89,1989-09-13,,,300000000.0,,,17.271,,,,
1989-06-14,23/89,1989-12-13,,,200000000.0,,,17.372,,,,
1989-06-21,24/89,1989-09-20,,,500000000.0,,,17.451,,,,
1989-06-21,24/89,1989-12-20,,,301000000.0,,,17.471,,,,
1989-07-05,26/89,1989-10-04,,,300000000.0,,,16.889,,,,
1989-07-12,27/89,1990-01-10,,,500000000.0,,,16.747,,,,
1989-07-12,27/89,1989-10-11,,,600000000.0,,,16.827,,,,
1989-07-19,28/89,1989-10-18,,,600000000.0,,,16.999,,,,
1989-07-19,28/89,1990-01-17,,,400000000.0,,,16.938,,,,
1989-07-26,29/89,1989-10-25,,,600000000.0,,,16.76,,,,
1989-07-26,29/89,1990-01-24,,,500000000.0,,,16.844,,,,
1989-08-02,30/89,1989-11-01,,,400000000.0,,,16.607,,,,
1989-08-02,30/89,1990-01-31,,,100000000.0,,,16.57,,,,
1989-08-09,31/89,1989-11-08,,,400000000.0,,,16.315,,,,
1989-08-09,31/89,1990-02-07,,,200000000.0,,,16.372,,,,
1989-08-16,32/89,1989-11-15,,,500000000.0,,,16.34,,,,
1989-08-16,32/89,1990-02-14,,,200000000.0,,,16.38,,,,
1989-08-23,33/89,1989-11-22,,,500000000.0,,,16.743,,,,
1989-08-23,33/89,1990-02-21,,,200250000.0,,,16.598,,,,
1989-08-30,34/89,1989-11-29,,,400000000.0,,,16.965,,,,
1989-08-30,34/89,1990-02-28,,,400000000.0,,,16.871,,,,
1989-09-06,35/89,1989-12-06,,,300000000.0,,,16.944,,,,
1989-09-13,36/89,1989-12-13,,,400000000.0,,,16.978,,,,
1989-09-13,36/89,1990-03-14,,,199470000.0,,,16.835,,,,
1989-09-20,37/89,1989-12-20,,,500000000.0,,,17.424,,,,
1989-09-20,37/89,1990-03-21,,,400000000.0,,,17.319,,,,
1989-09-27,38/89,1989-12-27,,,600000000.0,,,17.457,,,,
1989-09-27,38/89,1990-03-28,,,400000000.0,,,17.459,,,,
1989-10-04,39/89,1990-01-03,,,400000000.0,,,17.424,,,,
1989-10-04,39/89,1990-04-04,,,200000000.0,,,17.392,,,,
1989-10-11,40/89,1990-01-10,,,700000000.0,,,17.583,,,,
1989-10-11,40/89,1990-04-11,,,400000000.0,,,17.477,,,,
1989-10-18,41/89,1990-01-17,,,600000000.0,,,17.614,,,,
1989-10-18,41/89,1990-04-18,,,400000000.0,,,17.472,,,,
1989-10-25,42/89,1990-01-24,,,500000000.0,,,17.912,,,,
1989-10-25,42/89,1990-04-25,,,500000000.0,,,17.754,,,,
1989-11-01,43/89,1990-01-31,,,400000000.0,,,17.834,,,,
1989-11-01,43/89,1990-05-02,,,300100000.0,,,17.57,,,,
1989-11-08,44/89,1990-02-07,,,501000000.0,,,17.819,,,,
1989-11-08,44/89,1990-05-09,,,399800000.0,,,17.421,,,,
1989-11-15,45/89,1990-05-16,,,300000000.0,,,17.369,,,,
1989-11-15,45/89,1990-02-14,,,300000000.0,,,17.777,,,,
1989-11-22,46/89,1990-02-21,,,501000000.0,,,17.834,,,,
1989-11-22,46/89,1990-05-23,,,500000000.0,,,17.381,,,,
1989-11-29,47/89,1990-02-28,,,400000000.0,,,17.653,,,,
1989-11-29,47/89,1990-05-30,,,500000000.0,,,17.143,,,,
1989-12-06,48/89,1990-03-07,,,200000000.0,,,17.559,,,,
1989-12-06,48/89,1990-06-06,,,300000000.0,,,17.073,,,,
1989-12-13,49/89,1990-03-14,,,400000000.0,,,17.409,,,,
1989-12-13,49/89,1990-06-13,,,500000000.0,,,16.934,,,,
1989-12-20,50/89,1990-03-21,,,500000000.0,,,17.22,,,,
1989-12-20,50/89,1990-06-20,,,500000000.0,,,16.698,,,,
1989-12-27,51/89,1990-03-28,,,500000000.0,,,17.029,,,,
1989-12-27,51/89,1990-06-27,,,500000000.0,,,16.45,,,,
1990-01-03,01/90,1990-04-04,,,700000000.0,,,17.241,,,,
1990-01-03,01/90,1990-07-04,,,300000000.0,,,16.428,,,,
1990-01-10,02/90,1990-04-11,,,700000000.0,,,17.329,,,,
1990-01-10,02/90,1990-07-11,,,500000000.0,,,16.43,,,,
1990-01-17,03/90,1990-04-18,,,701000000.0,,,17.283,,,,
1990-01-17,03/90,1990-07-18,,,500300000.0,,,16.451,,,,
1990-01-24,04/90,1990-04-25,,,700000000.0,,,16.269,,,,
1990-01-24,04/90,1990-07-25,,,500000000.0,,,15.749,,,,
1990-01-31,05/90,1990-05-02,,,600000000.0,,,15.998,,,,
1990-01-31,05/90,1990-08-01,,,400000000.0,,,15.532,,,,
1990-02-07,06/90,1990-05-09,,,500000000.0,,,15.66,,,,
1990-02-07,06/90,1990-08-08,,,200000000.0,,,15.26,,,,
1990-02-14,07/90,1990-05-16,,,501000000.0,,,15.77,,,,
1990-02-14,07/90,1990-08-15,,,200000000.0,,,15.366,,,,
1990-02-21,08/90,1990-05-23,,,501000000.0,,,15.962,,,,
1990-02-21,08/90,1990-08-22,,,200250000.0,,,15.484,,,,
1990-02-28,09/90,1990-05-30,,,501000000.0,,,15.976,,,,
1990-02-28,09/90,1990-08-29,,,200000000.0,,,15.519,,,,
1990-03-07,10/90,1990-06-06,,,500000000.0,,,15.971,,,,
1990-03-14,11/90,1990-06-13,,,500000000.0,,,15.789,,,,
1990-03-14,11/90,1990-09-12,,,100100000.0,,,15.399,,,,
1990-03-21,12/90,1990-06-20,,,400000000.0,,,15.31,,,,
1990-04-11,13/90,1990-07-11,,,300000000.0,,,14.561,,,,
1990-04-18,14/90,1990-07-18,,,500000000.0,,,14.651,,,,
1990-04-18,14/90,1990-10-17,,,100000000.0,,,14.52,,,,
1990-04-24,15/90,1990-07-24,,,400000000.0,,,14.704,,,,
1990-04-24,15/90,1990-10-23,,,100360000.0,,,14.61,,,,
1990-05-16,16/90,1990-08-15,,,600000000.0,,,14.935,,,,
1990-05-16,16/90,1990-11-14,,,200200000.0,,,14.786,,,,
1990-05-23,17/90,1990-08-22,,,700000000.0,,,14.876,,,,
1990-05-23,17/90,1990-11-21,,,300310000.0,,,14.759,,,,
1990-05-30,18/90,1990-08-29,,,399500000.0,,,14.771,,,,
1990-05-30,18/90,1990-11-28,,,100000000.0,,,14.725,,,,
1990-06-13,19/90,1990-09-12,,,301100000.0,,,14.689,,,,
1990-06-27,20/90,1990-09-26,,,400200000.0,,,14.754,,,,
1990-07-04,21/90,1990-10-03,,,400000000.0,,,14.754,,,,
1990-07-11,22/90,1990-10-10,,,699000000.0,,,14.704,,,,
1990-07-11,22/90,1991-01-09,,,299400000.0,,,14.546,,,,
1990-07-18,23/90,1990-10-17,,,600000000.0,,,14.615,,,,
1990-07-18,23/90,1991-01-16,,,300000000.0,,,14.442,,,,
1990-07-25,24/90,1990-10-24,,,600165000.0,,,14.606,,,,
1990-07-25,24/90,1991-01-23,,,300000000.0,,,14.419,,,,
1990-08-01,25/90,1990-10-31,,,400000000.0,,,14.572,,,,
1990-08-01,25/90,1991-01-30,,,100000000.0,,,14.395,,,,
1990-08-08,26/90,1990-11-07,,,699000000.0,,,13.895,,,,
1990-08-08,26/90,1991-02-06,,,300000000.0,,,13.815,,,,
1990-08-15,27/90,1990-11-14,,,700200000.0,,,13.812,,,,
1990-08-15,27/90,1991-02-13,,,400000000.0,,,13.698,,,,
1990-08-22,28/90,1990-11-21,,,699000000.0,,,13.682,,,,
1990-08-22,28/90,1991-02-20,,,500250000.0,,,13.563,,,,
1990-08-29,29/90,1990-11-28,,,399800000.0,,,13.545,,,,
1990-08-29,29/90,1991-02-27,,,200000000.0,,,13.45,,,,
1990-09-05,30/90,1990-12-05,,,200000000.0,,,13.492,,,,
1990-09-12,31/90,1990-12-12,,,400000000.0,,,13.157,,,,
1990-09-12,31/90,1991-03-13,,,200000000.0,,,13.027,,,,
1990-09-19,32/90,1990-12-19,,,399000000.0,,,13.234,,,,
1990-09-19,32/90,1991-03-20,,,200000000.0,,,13.082,,,,
1990-09-26,33/90,1990-12-26,,,600000000.0,,,13.356,,,,
1990-09-26,33/90,1991-03-27,,,300000000.0,,,13.17,,,,
1990-10-03,34/90,1991-01-02,,,401000000.0,,,13.249,,,,
1990-10-03,34/90,1991-04-03,,,100000000.0,,,13.0,,,,
1990-10-10,35/90,1991-01-09,,,600000000.0,,,13.282,,,,
1990-10-10,35/90,1991-04-10,,,400000000.0,,,13.128,,,,
1990-10-17,36/90,1991-01-16,,,600000000.0,,,12.735,,,,
1990-10-17,36/90,1991-04-17,,,300000000.0,,,12.577,,,,
1990-10-24,37/90,1991-01-23,,,699135000.0,,,12.747,,,,
1990-10-24,37/90,1991-04-24,,,400000000.0,,,12.541,,,,
1990-10-31,38/90,1991-01-30,,,699000000.0,,,12.656,,,,
1990-10-31,38/90,1991-05-01,,,301000000.0,,,12.425,,,,
1990-11-07,39/90,1991-02-06,,,699000000.0,,,12.05,,,,
1990-11-07,39/90,1991-05-08,,,400000000.0,,,11.976,,,,
1990-11-14,40/90,1991-02-13,,,700000000.0,,,12.24,,,,
1990-11-14,40/90,1991-05-15,,,400230000.0,,,12.092,,,,
1990-11-21,41/90,1991-02-20,,,701000000.0,,,12.315,,,,
1990-11-21,41/90,1991-05-22,,,400000000.0,,,12.13,,,,
1990-11-28,42/90,1991-02-27,,,600300000.0,,,12.281,,,,
1990-11-28,42/90,1991-05-29,,,299600000.0,,,12.125,,,,
1990-12-05,43/90,1991-03-06,,,300000000.0,,,12.13,,,,
1990-12-05,43/90,1991-06-05,,,200500000.0,,,12.097,,,,
1990-12-12,44/90,1991-03-13,,,300000000.0,,,12.011,,,,
1990-12-19,45/90,1991-03-20,,,300500000.0,,,11.835,,,,
1990-12-19,45/90,1991-06-19,,,200000000.0,,,11.767,,,,
1990-12-27,46/90,1991-03-28,,,501000000.0,,,11.835,,,,
1990-12-27,46/90,1991-06-27,,,300265000.0,,,11.786,,,,
1991-01-02,01/91,1991-04-03,,,700000000.0,,,11.818,,,,
1991-01-02,01/91,1991-07-03,,,300000000.0,,,11.752,,,,
1991-01-09,02/91,1991-04-10,,,700000000.0,,,11.796,,,,
1991-01-09,02/91,1991-07-10,,,398100000.0,,,11.686,,,,
1991-01-16,03/91,1991-04-17,,,700000000.0,,,11.742,,,,
1991-01-16,03/91,1991-07-17,,,300000000.0,,,11.683,,,,
1991-01-23,04/91,1991-07-24,,,300200000.0,,,11.63,,,,
1991-01-23,04/91,1991-04-24,,,700000000.0,,,11.766,,,,
1991-01-30,05/91,1991-05-01,,,701000000.0,,,11.764,,,,
1991-01-30,05/91,1991-07-31,,,399000000.0,,,11.621,,,,
1991-02-06,06/91,1991-05-08,,,699300000.0,,,11.545,,,,
1991-02-06,06/91,1991-08-07,,,499000000.0,,,11.405,,,,
1991-02-13,07/91,1991-05-15,,,702000000.0,,,11.519,,,,
1991-02-13,07/91,1991-08-14,,,500100000.0,,,11.392,,,,
1991-02-20,08/91,1991-05-22,,,699000000.0,,,11.537,,,,
1991-02-20,08/91,1991-08-21,,,501300000.0,,,11.325,,,,
1991-02-27,09/91,1991-05-29,,,399200000.0,,,11.509,,,,
1991-02-27,09/91,1991-08-28,,,300000000.0,,,11.269,,,,
1991-03-06,10/91,1991-06-05,,,300000000.0,,,11.26,,,,
1991-03-06,10/91,1991-09-04,,,100000000.0,,,11.12,,,,
1991-03-13,11/91,1991-06-12,,,600000000.0,,,11.309,,,,
1991-03-13,11/91,1991-09-11,,,100000000.0,,,11.17,,,,
1991-03-20,12/91,1991-06-19,,,700100000.0,,,11.4,,,,
1991-03-20,12/91,1991-09-18,,,199160000.0,,,11.262,,,,
1991-03-27,13/91,1991-06-26,,,300000000.0,,,11.37,,,,
1991-03-27,13/91,1991-09-25,,,100000000.0,,,11.276,,,,
1991-04-10,14/91,1991-07-10,,,499610000.0,,,11.2,,,,
1991-04-10,14/91,1991-10-09,,,200000000.0,,,11.079,,,,
1991-04-17,15/91,1991-07-17,,,400000000.0,,,11.074,,,,
1991-04-17,15/91,1991-10-16,,,200000000.0,,,10.919,,,,
1991-04-24,16/91,1991-07-24,,,700000000.0,,,11.051,,,,
1991-04-24,16/91,1991-10-23,,,300000000.0,,,10.854,,,,
1991-05-01,17/91,1991-07-31,,,600000000.0,,,11.033,,,,
1991-05-01,17/91,1991-10-30,,,300000000.0,,,10.81,,,,
1991-05-08,18/91,1991-08-07,,,700500000.0,,,10.926,,,,
1991-05-08,18/91,1991-11-06,,,499000000.0,,,10.773,,,,
1991-05-15,19/91,1991-08-14,,,699940000.0,,,10.639,,,,
1991-05-15,19/91,1991-11-13,,,500000000.0,,,10.567,,,,
1991-05-22,20/91,1991-08-21,,,400110000.0,,,10.165,,,,
1991-05-22,20/91,1991-11-20,,,201000000.0,,,10.107,,,,
1991-06-12,21/91,1991-09-11,,,300000000.0,,,9.892,,,,
1991-06-19,22/91,1991-09-18,,,300000000.0,,,10.019,,,,
1991-06-19,22/91,1991-12-18,,,200000000.0,,,10.06,,,,
1991-06-26,23/91,1991-09-25,,,400200000.0,,,10.105,,,,
1991-06-26,23/91,1991-12-25,,,199300000.0,,,10.192,,,,
1991-07-03,24/91,1991-10-02,,,400000000.0,,,9.987,,,,
1991-07-03,24/91,1992-01-01,,,100000000.0,,,10.019,,,,
1991-07-17,25/91,1991-10-16,,,300000000.0,,,10.063,,,,
1991-07-17,25/91,1992-01-15,,,100200000.0,,,10.01,,,,
1991-07-24,26/91,1991-10-23,,,300000000.0,,,9.929,,,,
1991-07-24,26/91,1992-01-22,,,100000000.0,,,9.881,,,,
1991-07-31,27/91,1991-10-30,,,700000000.0,,,9.896,,,,
1991-07-31,27/91,1992-01-29,,,400000000.0,,,9.926,,,,
1991-08-07,28/91,1991-11-06,,,999200000.0,,,9.879,,,,
1991-08-07,28/91,1992-02-05,,,500000000.0,,,9.912,,,,
1991-08-14,29/91,1991-11-13,,,901000000.0,,,9.916,,,,
1991-08-14,29/91,1992-02-12,,,500000000.0,,,9.952,,,,
1991-08-21,30/91,1991-11-20,,,901530000.0,,,10.043,,,,
1991-08-21,30/91,1992-02-19,,,399330000.0,,,10.006,,,,
1991-08-28,31/91,1991-11-27,,,601000000.0,,,10.101,,,,
1991-08-28,31/91,1992-02-26,,,200100000.0,,,10.047,,,,
1991-09-11,32/91,1991-12-11,,,500000000.0,,,9.401,,,,
1991-09-11,32/91,1992-03-11,,,200000000.0,,,9.52,,,,
1991-09-18,33/91,1991-12-18,,,700500000.0,,,9.476,,,,
1991-09-18,33/91,1992-03-18,,,300000000.0,,,9.502,,,,
1991-09-25,34/91,1991-12-25,,,399500000.0,,,9.462,,,,
1991-09-25,34/91,1992-03-25,,,300800000.0,,,9.432,,,,
1991-10-02,35/91,1992-01-01,,,399330000.0,,,9.325,,,,
1991-10-02,35/91,1992-04-01,,,300180000.0,,,9.259,,,,
1991-10-16,36/91,1992-01-15,,,500000000.0,,,8.935,,,,
1991-10-16,36/91,1992-04-15,,,501000000.0,,,8.864,,,,
1991-10-23,37/91,1992-04-22,,,499000000.0,,,8.664,,,,
1991-10-23,37/91,1992-01-22,,,400000000.0,,,8.711,,,,
1991-10-30,38/91,1992-01-29,,,500000000.0,,,8.501,,,,
1991-10-30,38/91,1992-04-29,,,600000000.0,,,8.461,,,,
1991-11-06,39/91,1992-02-05,,,700000000.0,,,8.335,,,,
1991-11-06,39/91,1992-05-06,,,601000000.0,,,8.258,,,,
1991-11-13,40/91,1991-12-18,,,300000000.0,,,8.338,,,,
1991-11-13,40/91,1992-02-12,,,300000000.0,,,8.269,,,,
1991-11-13,40/91,1992-05-13,,,299100000.0,,,8.274,,,,
1991-11-20,41/91,1992-02-19,,,799500000.0,,,8.26,,,,
1991-11-20,41/91,1992-05-20,,,501000000.0,,,8.177,,,,
1991-11-27,42/91,1992-01-01,,,300000000.0,,,8.315,,,,
1991-11-27,42/91,1992-02-26,,,401500000.0,,,8.167,,,,
1991-11-27,42/91,1992-05-27,,,300000000.0,,,8.027,,,,
1991-12-04,43/91,1992-03-04,,,399400000.0,,,8.079,,,,
1991-12-04,43/91,1992-06-03,,,301000000.0,,,7.979,,,,
1991-12-11,44/91,1992-01-15,,,499000000.0,,,8.174,,,,
1991-12-11,44/91,1992-03-11,,,699700000.0,,,7.808,,,,
1991-12-11,44/91,1992-06-10,,,401000000.0,,,7.543,,,,
1991-12-18,45/91,1992-01-22,,,301000000.0,,,8.223,,,,
1991-12-18,45/91,1992-03-18,,,299700000.0,,,7.815,,,,
1991-12-18,45/91,1992-06-17,,,300000000.0,,,7.499,,,,
1991-12-24,46/91,1992-03-24,,,700000000.0,,,7.519,,,,
1991-12-24,46/91,1992-06-23,,,500000000.0,,,7.26,,,,
1991-12-31,47/91,1992-03-31,,,400000000.0,,,7.365,,,,
1991-12-31,47/91,1992-06-30,,,100000000.0,,,7.13,,,,
1992-01-08,01/92,1992-04-08,,,600000000.0,,,7.183,,,,
1992-01-08,01/92,1992-07-08,,,400000000.0,,,7.045,,,,
1992-01-15,02/92,1992-04-15,,,400400000.0,,,7.35,,,,
1992-01-15,02/92,1992-07-15,,,300000000.0,,,7.286,,,,
1992-01-22,03/92,1992-04-22,,,598000000.0,,,7.457,,,,
1992-01-22,03/92,1992-07-22,,,399000000.0,,,7.401,,,,
1992-01-29,04/92,1992-03-04,,,300000000.0,,,7.47,,,,
1992-01-29,04/92,1992-04-29,,,500200000.0,,,7.504,,,,
1992-01-29,04/92,1992-07-29,,,400000000.0,,,7.494,,,,
1992-02-05,05/92,1992-05-06,,,700100000.0,,,7.49,,,,
1992-02-05,05/92,1992-08-05,,,499000000.0,,,7.497,,,,
1992-02-12,06/92,1992-03-18,,,501000000.0,,,7.442,,,,
1992-02-12,06/92,1992-05-13,,,498200000.0,,,7.428,,,,
1992-02-12,06/92,1992-08-12,,,399000000.0,,,7.399,,,,
1992-02-19,07/92,1992-03-25,,,299000000.0,,,7.426,,,,
1992-02-19,07/92,1992-05-20,,,801100000.0,,,7.45,,,,
1992-02-19,07/92,1992-08-19,,,501150000.0,,,7.421,,,,
1992-02-26,08/92,1992-04-01,,,400000000.0,,,7.438,,,,
1992-02-26,08/92,1992-05-27,,,301100000.0,,,7.408,,,,
1992-02-26,08/92,1992-08-26,,,300200000.0,,,7.41,,,,
1992-03-04,09/92,1992-04-08,,,500000000.0,,,7.411,,,,
1992-03-04,09/92,1992-06-03,,,499000000.0,,,7.383,,,,
1992-03-04,09/92,1992-09-02,,,399600000.0,,,7.384,,,,
1992-03-11,10/92,1992-04-15,,,200000000.0,,,7.393,,,,
1992-03-11,10/92,1992-06-10,,,398500000.0,,,7.371,,,,
1992-03-18,11/92,1992-06-17,,,398500000.0,,,7.329,,,,
1992-03-18,11/92,1992-09-16,,,200000000.0,,,7.334,,,,
1992-03-25,12/92,1992-04-29,,,401000000.0,,,7.32,,,,
1992-03-25,12/92,1992-06-24,,,399000000.0,,,7.343,,,,
1992-03-25,12/92,1992-09-23,,,299500000.0,,,7.356,,,,
1992-04-22,13/92,1992-07-22,,,600000000.0,,,6.953,,,,
1992-04-22,13/92,1992-10-21,,,401000000.0,,,6.927,,,,
1992-04-29,14/92,1992-06-03,,,500000000.0,,,6.68,,,,
1992-04-29,14/92,1992-07-29,,,601000000.0,,,6.559,,,,
1992-04-29,14/92,1992-10-28,,,400000000.0,,,6.572,,,,
1992-05-06,15/92,1992-08-05,,,599500000.0,,,6.453,,,,
1992-05-06,15/92,1992-11-04,,,501000000.0,,,6.484,,,,
1992-05-13,16/92,1992-06-17,,,500000000.0,,,6.447,,,,
1992-05-13,16/92,1992-08-12,,,602000000.0,,,6.443,,,,
1992-05-13,16/92,1992-11-11,,,399000000.0,,,6.463,,,,
1992-05-20,17/92,1992-06-24,,,400000000.0,,,6.425,,,,
1992-05-20,17/92,1992-08-19,,,502500000.0,,,6.402,,,,
1992-05-20,17/92,1992-11-18,,,500000000.0,,,6.353,,,,
1992-05-27,18/92,1992-07-01,,,400000000.0,,,6.39,,,,
1992-05-27,18/92,1992-08-26,,,500000000.0,,,6.378,,,,
1992-05-27,18/92,1992-11-25,,,499000000.0,,,6.309,,,,
1992-06-03,19/92,1992-09-02,,,500000000.0,,,6.32,,,,
1992-06-03,19/92,1992-12-02,,,301000000.0,,,6.251,,,,
1992-06-10,20/92,1992-09-09,,,199200000.0,,,6.219,,,,
1992-06-10,20/92,1992-12-09,,,200000000.0,,,6.189,,,,
1992-06-17,21/92,1992-09-16,,,301000000.0,,,6.118,,,,
1992-06-17,21/92,1992-12-16,,,200000000.0,,,5.982,,,,
1992-06-24,22/92,1992-09-23,,,901000000.0,,,6.17,,,,
1992-06-24,22/92,1992-12-23,,,701000000.0,,,6.014,,,,
1992-07-01,23/92,1992-09-30,,,400000000.0,,,5.802,,,,
1992-07-01,23/92,1992-12-30,,,300000000.0,,,5.726,,,,
1992-07-08,24/92,1992-08-12,,,200000000.0,,,5.693,,,,
1992-07-08,24/92,1992-10-07,,,501000000.0,,,5.646,,,,
1992-07-08,24/92,1993-01-06,,,500000000.0,,,5.57,,,,
1992-07-15,25/92,1992-10-14,,,400700000.0,,,5.541,,,,
1992-07-15,25/92,1993-01-13,,,300000000.0,,,5.417,,,,
1992-07-22,26/92,1992-10-21,,,801000000.0,,,5.538,,,,
1992-07-22,26/92,1993-01-20,,,400000000.0,,,5.426,,,,
1992-07-29,27/92,1992-09-02,,,200000000.0,,,5.44,,,,
1992-07-29,27/92,1992-10-28,,,200000000.0,,,5.28,,,,
1992-08-12,28/92,1992-11-11,,,300000000.0,,,5.29,,,,
1992-08-19,29/92,1992-11-18,,,701000000.0,,,5.383,,,,
1992-08-19,29/92,1993-02-17,,,500150000.0,,,5.377,,,,
1992-08-26,30/92,1992-09-30,,,400000000.0,,,5.709,,,,
1992-08-26,30/92,1992-11-25,,,698300000.0,,,5.775,,,,
1992-08-26,30/92,1993-02-24,,,400000000.0,,,5.82,,,,
1992-09-02,31/92,1992-12-02,,,400500000.0,,,5.67,,,,
1992-09-09,32/92,1992-12-09,,,300000000.0,,,5.629,,,,
1992-09-09,32/92,1993-03-10,,,200000000.0,,,5.736,,,,
1992-09-16,33/92,1992-12-16,,,300000000.0,,,5.523,,,,
1992-09-16,33/92,1993-03-17,,,200000000.0,,,5.629,,,,
1992-09-23,34/92,1992-12-23,,,799000000.0,,,5.612,,,,
1992-09-23,34/92,1993-03-24,,,500000000.0,,,5.722,,,,
1992-09-30,35/92,1992-11-04,,,300000000.0,,,5.48,,,,
1992-09-30,35/92,1992-12-30,,,300000000.0,,,5.619,,,,
1992-09-30,35/92,1993-03-31,,,300000000.0,,,5.812,,,,
1992-10-07,36/92,1992-11-11,,,300000000.0,,,5.48,,,,
1992-10-07,36/92,1993-01-06,,,500200000.0,,,5.534,,,,
1992-10-07,36/92,1993-04-07,,,201000000.0,,,5.73,,,,
1992-10-14,37/92,1993-01-13,,,400500000.0,,,5.501,,,,
1992-10-14,37/92,1993-04-14,,,300000000.0,,,5.663,,,,
1992-10-21,38/92,1993-01-20,,,801600000.0,,,5.548,,,,
1992-10-21,38/92,1993-04-21,,,500000000.0,,,5.665,,,,
1992-10-28,39/92,1992-12-02,,,400000000.0,,,5.564,,,,
1992-10-28,39/92,1993-01-27,,,499000000.0,,,5.586,,,,
1992-10-28,39/92,1993-04-28,,,401000000.0,,,5.717,,,,
1992-11-04,40/92,1993-02-03,,,500000000.0,,,5.627,,,,
1992-11-11,41/92,1993-02-10,,,998800000.0,,,5.742,,,,
1992-11-11,41/92,1993-05-12,,,601000000.0,,,5.794,,,,
1992-11-18,42/92,1993-02-17,,,801000000.0,,,5.78,,,,
1992-11-18,42/92,1993-05-19,,,500000000.0,,,5.843,,,,
1992-11-25,43/92,1993-02-24,,,1001000000.0,,,5.758,,,,
1992-11-25,43/92,1993-05-26,,,499000000.0,,,5.819,,,,
1992-12-02,44/92,1993-03-03,,,800500000.0,,,5.776,,,,
1992-12-02,44/92,1993-06-02,,,399000000.0,,,5.868,,,,
1992-12-09,45/92,1993-01-13,,,300000000.0,,,5.656,,,,
1992-12-09,45/92,1993-03-10,,,701000000.0,,,5.777,,,,
1992-12-09,45/92,1993-06-09,,,500000000.0,,,5.853,,,,
1992-12-16,46/92,1993-01-20,,,400000000.0,,,5.665,,,,
1992-12-16,46/92,1993-03-17,,,602000000.0,,,5.749,,,,
1992-12-23,47/92,1993-03-24,,,1100000000.0,,,5.779,,,,
1992-12-23,47/92,1993-06-23,,,601000000.0,,,5.793,,,,
1992-12-30,48/92,1993-02-03,,,300000000.0,,,5.668,,,,
1992-12-30,48/92,1993-03-31,,,698000000.0,,,5.789,,,,
1992-12-30,48/92,1993-06-30,,,300000000.0,,,5.833,,,,
1993-01-06,01/93,1993-02-10,,,301000000.0,,,5.69,,,,
1993-01-06,01/93,1993-04-07,,,600000000.0,,,5.778,,,,
1993-01-06,01/93,1993-07-07,,,300000000.0,,,5.826,,,,
1993-01-13,02/93,1993-04-14,,,301000000.0,,,5.758,,,,
1993-01-20,03/93,1993-04-21,,,600000000.0,,,5.731,,,,
1993-01-27,04/93,1993-04-28,,,801000000.0,,,5.725,,,,
1993-01-27,04/93,1993-07-28,,,500000000.0,,,5.752,,,,
1993-02-03,05/93,1993-05-05,,,500000000.0,,,5.7,,,,
1993-02-10,06/93,1993-03-17,,,300000000.0,,,5.682,,,,
1993-02-10,06/93,1993-05-12,,,400000000.0,,,5.723,,,,
1993-02-10,06/93,1993-08-11,,,299000000.0,,,5.793,,,,
1993-02-17,07/93,1993-03-24,,,400000000.0,,,5.679,,,,
1993-02-17,07/93,1993-05-19,,,502000000.0,,,5.707,,,,
1993-02-17,07/93,1993-08-18,,,200000000.0,,,5.766,,,,
1993-02-24,08/93,1993-05-26,,,699000000.0,,,5.673,,,,
1993-02-24,08/93,1993-08-25,,,300000000.0,,,5.69,,,,
1993-03-03,09/93,1993-06-02,,,399000000.0,,,5.341,,,,
1993-03-17,10/93,1993-06-16,,,899000000.0,,,5.116,,,,
1993-03-17,10/93,1993-09-15,,,500000000.0,,,5.104,,,,
1993-03-24,11/93,1993-06-23,,,1001000000.0,,,5.18,,,,
1993-03-24,11/93,1993-09-22,,,599150000.0,,,5.207,,,,
1993-03-31,12/93,1993-06-30,,,500000000.0,,,5.09,,,,
1993-04-07,13/93,1993-07-07,,,500000000.0,,,5.078,,,,
1993-04-14,14/93,1993-07-14,,,301000000.0,,,5.06,,,,
1993-04-21,15/93,1993-07-21,,,300000000.0,,,5.04,,,,
1993-04-28,16/93,1993-06-02,,,301000000.0,,,5.116,,,,
1993-04-28,16/93,1993-07-28,,,599000000.0,,,5.045,,,,
1993-04-28,16/93,1993-10-27,,,300000000.0,,,5.051,,,,
1993-05-05,17/93,1993-08-04,,,500000000.0,,,5.065,,,,
1993-05-05,17/93,1993-11-03,,,399000000.0,,,5.107,,,,
1993-05-12,18/93,1993-08-11,,,900000000.0,,,5.031,,,,
1993-05-12,18/93,1993-11-10,,,400320000.0,,,5.013,,,,
1993-05-19,19/93,1993-06-23,,,300000000.0,,,5.13,,,,
1993-05-19,19/93,1993-08-18,,,701000000.0,,,5.088,,,,
1993-05-19,19/93,1993-11-17,,,399700000.0,,,5.075,,,,
1993-05-26,20/93,1993-08-25,,,1100140000.0,,,5.105,,,,
1993-05-26,20/93,1993-11-24,,,500000000.0,,,5.097,,,,
1993-06-02,21/93,1993-09-01,,,500000000.0,,,5.153,,,,
1993-06-09,22/93,1993-09-08,,,801000000.0,,,5.145,,,,
1993-06-16,23/93,1993-07-21,,,200000000.0,,,5.09,,,,
1993-06-16,23/93,1993-09-15,,,699500000.0,,,5.098,,,,
1993-06-16,23/93,1993-12-15,,,200000000.0,,,5.07,,,,
1993-06-23,24/93,1993-07-28,,,400000000.0,,,5.102,,,,
1993-06-23,24/93,1993-09-22,,,700000000.0,,,5.083,,,,
1993-06-23,24/93,1993-12-22,,,401000000.0,,,5.071,,,,
1993-06-30,25/93,1993-09-29,,,601000000.0,,,5.08,,,,
1993-06-30,25/93,1993-12-29,,,300000000.0,,,5.059,,,,
1993-07-07,26/93,1993-10-06,,,700000000.0,,,5.04,,,,
1993-07-07,26/93,1994-01-05,,,399000000.0,,,5.005,,,,
1993-07-14,27/93,1993-10-13,,,301000000.0,,,5.01,,,,
1993-07-28,28/93,1993-09-01,,,300000000.0,,,4.8,,,,
1993-07-28,28/93,1993-10-27,,,400000000.0,,,4.79,,,,
1993-07-28,28/93,1994-01-26,,,300000000.0,,,4.815,,,,
1993-08-18,29/93,1993-11-17,,,500000000.0,,,4.595,,,,
1993-08-25,30/93,1993-11-24,,,500000000.0,,,4.648,,,,
1993-08-25,30/93,1994-02-23,,,401000000.0,,,4.683,,,,
1993-09-01,31/93,1993-12-01,,,501000000.0,,,4.61,,,,
1993-09-01,31/93,1994-03-02,,,401000000.0,,,4.64,,,,
1993-09-08,32/93,1993-12-08,,,700000000.0,,,4.716,,,,
1993-09-08,32/93,1994-03-09,,,400000000.0,,,4.749,,,,
1993-09-15,33/93,1993-10-20,,,300000000.0,,,4.682,,,,
1993-09-15,33/93,1993-12-15,,,600000000.0,,,4.731,,,,
1993-09-15,33/93,1994-03-16,,,300000000.0,,,4.762,,,,
1993-09-22,34/93,1993-10-27,,,301000000.0,,,4.697,,,,
1993-09-22,34/93,1993-12-22,,,601000000.0,,,4.73,,,,
1993-09-22,34/93,1994-03-23,,,400160000.0,,,4.794,,,,
1993-09-29,35/93,1993-11-03,,,200000000.0,,,4.695,,,,
1993-09-29,35/93,1993-12-29,,,500000000.0,,,4.756,,,,
1993-09-29,35/93,1994-03-30,,,199000000.0,,,4.835,,,,
1993-10-06,36/93,1993-11-10,,,299000000.0,,,4.71,,,,
1993-10-06,36/93,1994-01-05,,,801000000.0,,,4.745,,,,
1993-10-13,37/93,1993-11-17,,,200000000.0,,,4.688,,,,
1993-10-13,37/93,1994-01-12,,,300000000.0,,,4.675,,,,
1993-10-20,38/93,1994-01-19,,,300000000.0,,,4.675,,,,
1993-10-27,39/93,1993-12-01,,,299000000.0,,,4.672,,,,
1993-10-27,39/93,1994-01-26,,,300000000.0,,,4.65,,,,
1993-11-10,40/93,1994-02-09,,,300000000.0,,,4.62,,,,
1993-11-17,41/93,1994-02-16,,,499000000.0,,,4.663,,,,
1993-11-17,41/93,1994-05-18,,,200000000.0,,,4.664,,,,
1993-11-24,42/93,1994-02-23,,,799000000.0,,,4.695,,,,
1993-11-24,42/93,1994-05-25,,,400000000.0,,,4.714,,,,
1993-12-01,43/93,1994-03-02,,,400000000.0,,,4.717,,,,
1993-12-01,43/93,1994-06-01,,,300000000.0,,,4.749,,,,
1993-12-08,44/93,1994-03-09,,,799000000.0,,,4.721,,,,
1993-12-08,44/93,1994-06-08,,,501000000.0,,,4.744,,,,
1993-12-15,45/93,1994-03-16,,,702000000.0,,,4.721,,,,
1993-12-15,45/93,1994-06-15,,,400000000.0,,,4.763,,,,
1993-12-22,46/93,1994-03-23,,,899000000.0,,,4.73,,,,
1993-12-22,46/93,1994-06-22,,,401000000.0,,,4.759,,,,
1993-12-29,47/93,1994-03-30,,,798000000.0,,,4.741,,,,
1993-12-29,47/93,1994-06-29,,,400000000.0,,,4.773,,,,
1994-01-05,01/94,1994-02-09,,,200000000.0,,,4.665,,,,
1994-01-05,01/94,1994-04-06,,,600000000.0,,,4.737,,,,
1994-01-05,01/94,1994-07-06,,,400000000.0,,,4.781,,,,
1994-01-12,02/94,1994-02-16,,,200000000.0,,,4.669,,,,
1994-01-12,02/94,1994-04-13,,,700000000.0,,,4.718,,,,
1994-01-12,02/94,1994-07-13,,,300000000.0,,,4.75,,,,
1994-01-25,03/94,1994-03-01,,,200000000.0,,,4.663,,,,
1994-01-25,03/94,1994-04-26,,,300000000.0,,,4.669,,,,
1994-01-25,03/94,1994-07-26,,,300000000.0,,,4.722,,,,
1994-02-02,04/94,1994-05-04,,,501000000.0,,,4.674,,,,
1994-02-02,04/94,1994-08-03,,,300000000.0,,,4.7,,,,
1994-02-09,05/94,1994-05-11,,,499000000.0,,,4.69,,,,
1994-02-09,05/94,1994-08-10,,,300000000.0,,,4.718,,,,
1994-02-16,06/94,1994-05-18,,,700000000.0,,,4.696,,,,
1994-02-16,06/94,1994-08-17,,,400000000.0,,,4.725,,,,
1994-02-23,07/94,1994-05-25,,,699000000.0,,,4.709,,,,
1994-02-23,07/94,1994-08-24,,,600000000.0,,,4.752,,,,
1994-03-01,08/94,1994-05-31,,,401000000.0,,,4.743,,,,
1994-03-08,09/94,1994-04-12,,,300000000.0,,,4.71,,,,
1994-03-08,09/94,1994-06-07,,,699000000.0,,,4.742,,,,
1994-03-08,09/94,1994-09-06,,,400000000.0,,,4.84,,,,
1994-03-15,10/94,1994-04-19,,,301000000.0,,,4.727,,,,
1994-03-15,10/94,1994-06-14,,,600000000.0,,,4.733,,,,
1994-03-15,10/94,1994-09-13,,,300000000.0,,,4.875,,,,
1994-03-22,11/94,1994-04-26,,,400000000.0,,,4.744,,,,
1994-03-22,11/94,1994-06-21,,,1198000000.0,,,4.776,,,,
1994-03-29,12/94,1994-05-03,,,200000000.0,,,4.73,,,,
1994-03-29,12/94,1994-06-28,,,300180000.0,,,4.73,,,,
1994-04-05,13/94,1994-07-05,,,500000000.0,,,4.73,,,,
1994-04-12,14/94,1994-07-12,,,500000000.0,,,4.71,,,,
1994-04-19,15/94,1994-07-19,,,300000000.0,,,4.7,,,,
1994-04-19,15/94,1994-10-18,,,200000000.0,,,4.925,,,,
1994-04-26,16/94,1994-05-31,,,199000000.0,,,4.692,,,,
1994-04-26,16/94,1994-07-26,,,600000000.0,,,4.709,,,,
1994-05-03,17/94,1994-08-02,,,600000000.0,,,4.732,,,,
1994-05-10,18/94,1994-06-14,,,200000000.0,,,4.689,,,,
1994-05-10,18/94,1994-08-09,,,600000000.0,,,4.752,,,,
1994-05-17,19/94,1994-08-16,,,798000000.0,,,4.75,,,,
1994-05-17,19/94,1994-11-15,,,200000000.0,,,4.907,,,,
1994-05-24,20/94,1994-06-28,,,299000000.0,,,4.69,,,,
1994-05-24,20/94,1994-08-23,,,999000000.0,,,4.785,,,,
1994-05-24,20/94,1994-11-22,,,200000000.0,,,4.963,,,,
1994-05-31,21/94,1994-08-30,,,699000000.0,,,4.78,,,,
1994-06-07,22/94,1994-09-06,,,501000000.0,,,4.772,,,,
1994-06-14,23/94,1994-07-19,,,300000000.0,,,4.699,,,,
1994-06-14,23/94,1994-09-13,,,500000000.0,,,4.804,,,,
1994-06-21,24/94,1994-07-26,,,700000000.0,,,4.807,,,,
1994-06-21,24/94,1994-09-20,,,700000000.0,,,5.143,,,,
1994-06-28,25/94,1994-09-27,,,700000000.0,,,5.4,,,,
1994-06-28,25/94,1994-12-27,,,200000000.0,,,6.029,,,,
1994-07-05,26/94,1994-08-09,,,400000000.0,,,4.954,,,,
1994-07-05,26/94,1994-10-04,,,1000000000.0,,,5.549,,,,
1994-07-12,27/94,1994-08-16,,,200000000.0,,,4.903,,,,
1994-07-12,27/94,1994-10-11,,,700000000.0,,,5.402,,,,
1994-07-12,27/94,1995-01-10,,,200000000.0,,,6.021,,,,
1994-07-19,28/94,1994-08-23,,,200000000.0,,,4.819,,,,
1994-07-19,28/94,1994-10-18,,,700000000.0,,,5.1,,,,
1994-07-19,28/94,1995-01-17,,,200000000.0,,,5.7,,,,
1994-07-26,29/94,1994-10-25,,,1001000000.0,,,5.459,,,,
1994-07-26,29/94,1995-01-24,,,300000000.0,,,6.0,,,,
1994-08-02,30/94,1994-11-01,,,1001000000.0,,,5.347,,,,
1994-08-02,30/94,1995-01-31,,,500000000.0,,,5.862,,,,
1994-08-09,31/94,1994-11-08,,,1100000000.0,,,5.444,,,,
1994-08-09,31/94,1995-02-07,,,300000000.0,,,6.0,,,,
1994-08-16,32/94,1994-11-15,,,1000000000.0,,,5.628,,,,
1994-08-16,32/94,1995-02-14,,,399000000.0,,,6.15,,,,
1994-08-23,33/94,1994-09-27,,,200000000.0,,,5.455,,,,
1994-08-23,33/94,1994-11-22,,,799500000.0,,,5.589,,,,
1994-08-23,33/94,1995-02-21,,,400000000.0,,,6.039,,,,
1994-08-30,34/94,1994-10-04,,,199000000.0,,,5.475,,,,
1994-08-30,34/94,1994-11-29,,,1000000000.0,,,5.632,,,,
1994-08-30,34/94,1995-02-28,,,301000000.0,,,6.098,,,,
1994-09-06,35/94,1994-10-11,,,200000000.0,,,5.477,,,,
1994-09-06,35/94,1994-12-06,,,1001000000.0,,,5.664,,,,
1994-09-06,35/94,1995-03-07,,,400000000.0,,,6.125,,,,
1994-09-13,36/94,1994-10-18,,,300000000.0,,,5.46,,,,
1994-09-13,36/94,1994-12-13,,,599000000.0,,,5.778,,,,
1994-09-13,36/94,1995-03-14,,,502000000.0,,,6.302,,,,
1994-09-20,37/94,1994-10-25,,,200000000.0,,,5.475,,,,
1994-09-20,37/94,1994-12-20,,,700000000.0,,,5.78,,,,
1994-09-20,37/94,1995-03-21,,,500000000.0,,,6.36,,,,
1994-09-27,38/94,1994-11-01,,,300000000.0,,,5.573,,,,
1994-09-27,38/94,1994-12-27,,,801000000.0,,,5.997,,,,
1994-09-27,38/94,1995-03-28,,,200000000.0,,,6.55,,,,
1994-10-04,39/94,1995-01-03,,,999000000.0,,,6.349,,,,
1994-10-04,39/94,1995-04-04,,,300000000.0,,,6.74,,,,
1994-10-11,40/94,1994-11-15,,,200000000.0,,,5.888,,,,
1994-10-11,40/94,1995-01-10,,,1100000000.0,,,6.285,,,,
1994-10-11,40/94,1995-04-11,,,300000000.0,,,6.708,,,,
1994-10-18,41/94,1995-01-17,,,1001000000.0,,,6.309,,,,
1994-10-18,41/94,1995-04-18,,,400000000.0,,,6.735,,,,
1994-10-25,42/94,1994-11-29,,,400000000.0,,,6.492,,,,
1994-10-25,42/94,1995-01-24,,,800500000.0,,,6.693,,,,
1994-10-25,42/94,1995-04-25,,,400000000.0,,,7.118,,,,
1994-10-31,43/94,1994-12-05,,,400000000.0,,,6.47,,,,
1994-10-31,43/94,1995-01-30,,,500000000.0,,,6.818,,,,
1994-11-08,44/94,1994-12-13,,,400000000.0,,,6.45,,,,
1994-11-15,45/94,1994-12-20,,,200300000.0,,,6.524,,,,
1994-11-15,45/94,1995-02-14,,,599000000.0,,,7.113,,,,
1994-11-15,45/94,1995-05-16,,,200000000.0,,,7.745,,,,
1994-11-22,46/94,1994-12-27,,,300000000.0,,,6.823,,,,
1994-11-22,46/94,1995-02-21,,,600000000.0,,,7.349,,,,
1994-11-22,46/94,1995-05-23,,,300000000.0,,,8.078,,,,
1994-11-29,47/94,1995-01-03,,,200000000.0,,,6.83,,,,
1994-11-29,47/94,1995-02-28,,,900000000.0,,,7.355,,,,
1994-11-29,47/94,1995-05-30,,,300000000.0,,,8.063,,,,
1994-12-06,48/94,1995-03-07,,,1001000000.0,,,7.965,,,,
1994-12-06,48/94,1995-06-06,,,400000000.0,,,8.775,,,,
1994-12-13,49/94,1995-01-17,,,200000000.0,,,6.938,,,,
1994-12-13,49/94,1995-03-14,,,1101000000.0,,,7.617,,,,
1994-12-13,49/94,1995-06-13,,,200000000.0,,,8.425,,,,
1994-12-20,50/94,1995-01-24,,,300000000.0,,,7.47,,,,
1994-12-20,50/94,1995-03-21,,,999000000.0,,,8.115,,,,
1994-12-20,50/94,1995-06-20,,,299000000.0,,,8.973,,,,
1994-12-28,51/94,1995-02-01,,,300000000.0,,,7.48,,,,
1994-12-28,51/94,1995-03-29,,,900000000.0,,,8.187,,,,
1994-12-28,51/94,1995-06-28,,,200000000.0,,,9.07,,,,
1995-01-03,01/95,1995-02-07,,,300000000.0,,,7.608,,,,
1995-01-03,01/95,1995-04-04,,,398000000.0,,,8.471,,,,
1995-01-03,01/95,1995-07-04,,,200000000.0,,,9.309,,,,
1995-01-10,02/95,1995-04-11,,,601000000.0,,,8.37,,,,
1995-01-10,02/95,1995-07-11,,,400000000.0,,,9.234,,,,
1995-01-17,03/95,1995-04-18,,,600000000.0,,,8.243,,,,
1995-01-17,03/95,1995-07-18,,,200000000.0,,,9.03,,,,
1995-01-24,04/95,1995-04-25,,,601000000.0,,,8.483,,,,
1995-01-24,04/95,1995-07-25,,,300000000.0,,,9.11,,,,
1995-01-31,05/95,1995-05-02,,,600000000.0,,,8.325,,,,
1995-01-31,05/95,1995-08-01,,,300000000.0,,,9.001,,,,
1995-02-07,06/95,1995-05-09,,,800000000.0,,,8.081,,,,
1995-02-07,06/95,1995-08-08,,,300000000.0,,,8.791,,,,
1995-02-14,07/95,1995-05-16,,,900000000.0,,,8.289,,,,
1995-02-14,07/95,1995-08-15,,,301000000.0,,,8.865,,,,
1995-02-21,08/95,1995-05-23,,,599000000.0,,,8.122,,,,
1995-02-21,08/95,1995-08-22,,,300000000.0,,,8.67,,,,
1995-02-28,09/95,1995-04-04,,,301000000.0,,,7.597,,,,
1995-02-28,09/95,1995-05-30,,,500000000.0,,,7.906,,,,
1995-02-28,09/95,1995-08-29,,,200000000.0,,,8.26,,,,
1995-03-07,10/95,1995-04-11,,,300000000.0,,,7.642,,,,
1995-03-07,10/95,1995-06-06,,,399000000.0,,,8.126,,,,
1995-03-07,10/95,1995-09-05,,,300000000.0,,,8.716,,,,
1995-03-14,11/95,1995-04-18,,,200000000.0,,,7.595,,,,
1995-03-14,11/95,1995-06-13,,,400000000.0,,,8.095,,,,
1995-03-21,12/95,1995-04-25,,,200000000.0,,,7.63,,,,
1995-03-21,12/95,1995-06-20,,,400000000.0,,,8.075,,,,
1995-03-28,13/95,1995-06-27,,,400000000.0,,,7.87,,,,
1995-03-28,13/95,1995-09-26,,,200000000.0,,,8.396,,,,
1995-04-04,14/95,1995-07-04,,,500000000.0,,,7.73,,,,
1995-04-04,14/95,1995-10-03,,,300000000.0,,,8.12,,,,
1995-04-11,15/95,1995-07-11,,,600000000.0,,,7.763,,,,
1995-04-11,15/95,1995-10-10,,,300000000.0,,,8.15,,,,
1995-04-18,16/95,1995-05-23,,,200000000.0,,,7.503,,,,
1995-04-18,16/95,1995-07-18,,,399000000.0,,,7.723,,,,
1995-04-18,16/95,1995-10-17,,,300000000.0,,,8.046,,,,
1995-04-26,17/95,1995-07-26,,,400000000.0,,,7.965,,,,
1995-04-26,17/95,1995-10-25,,,300000000.0,,,8.45,,,,
1995-05-02,18/95,1995-08-01,,,400000000.0,,,7.765,,,,
1995-05-02,18/95,1995-10-31,,,300000000.0,,,8.128,,,,
1995-05-09,19/95,1995-08-08,,,401000000.0,,,7.594,,,,
1995-05-09,19/95,1995-11-07,,,300000000.0,,,7.792,,,,
1995-05-16,20/95,1995-08-15,,,500000000.0,,,7.553,,,,
1995-05-16,20/95,1995-11-14,,,300000000.0,,,7.66,,,,
1995-05-23,21/95,1995-08-22,,,500000000.0,,,7.533,,,,
1995-05-23,21/95,1995-11-21,,,200000000.0,,,7.67,,,,
1995-05-30,22/95,1995-08-29,,,599000000.0,,,7.474,,,,
1995-05-30,22/95,1995-11-28,,,300000000.0,,,7.508,,,,
1995-06-06,23/95,1995-09-05,,,499000000.0,,,7.403,,,,
1995-06-06,23/95,1995-12-05,,,400000000.0,,,7.352,,,,
1995-06-13,24/95,1995-09-12,,,599000000.0,,,7.487,,,,
1995-06-13,24/95,1995-12-12,,,300000000.0,,,7.509,,,,
1995-06-20,25/95,1995-07-25,,,300000000.0,,,7.425,,,,
1995-06-20,25/95,1995-09-19,,,600000000.0,,,7.497,,,,
1995-06-27,26/95,1995-08-01,,,400000000.0,,,7.443,,,,
1995-06-27,26/95,1995-09-26,,,501000000.0,,,7.496,,,,
1995-07-04,27/95,1995-08-08,,,500000000.0,,,7.473,,,,
1995-07-04,27/95,1995-10-03,,,201000000.0,,,7.507,,,,
1995-07-04,27/95,1996-01-02,,,200000000.0,,,7.535,,,,
1995-07-11,28/95,1995-08-15,,,500000000.0,,,7.44,,,,
1995-07-11,28/95,1995-10-10,,,200000000.0,,,7.429,,,,
1995-07-11,28/95,1996-01-09,,,300000000.0,,,7.348,,,,
1995-07-18,29/95,1995-08-22,,,300000000.0,,,7.452,,,,
1995-07-18,29/95,1995-10-17,,,300000000.0,,,7.435,,,,
1995-07-18,29/95,1996-01-16,,,200000000.0,,,7.435,,,,
1995-07-25,30/95,1995-08-29,,,299000000.0,,,7.437,,,,
1995-07-25,30/95,1995-10-24,,,401000000.0,,,7.449,,,,
1995-07-25,30/95,1996-01-23,,,300000000.0,,,7.448,,,,
1995-08-01,31/95,1995-10-31,,,600000000.0,,,7.493,,,,
1995-08-01,31/95,1996-01-30,,,400000000.0,,,7.544,,,,
1995-08-08,32/95,1995-11-07,,,598000000.0,,,7.489,,,,
1995-08-08,32/95,1996-02-06,,,500000000.0,,,7.559,,,,
1995-08-15,33/95,1995-11-14,,,599000000.0,,,7.495,,,,
1995-08-15,33/95,1996-02-13,,,400000000.0,,,7.609,,,,
1995-08-23,34/95,1995-11-22,,,699000000.0,,,7.495,,,,
1995-08-23,34/95,1996-02-21,,,501000000.0,,,7.62,,,,
1995-08-30,35/95,1995-11-29,,,799000000.0,,,7.491,,,,
1995-08-30,35/95,1996-02-28,,,400000000.0,,,7.574,,,,
1995-09-06,36/95,1995-12-06,,,800000000.0,,,7.472,,,,
1995-09-06,36/95,1996-03-06,,,500000000.0,,,7.484,,,,
1995-09-13,37/95,1995-10-18,,,400000000.0,,,7.424,,,,
1995-09-13,37/95,1995-12-13,,,599000000.0,,,7.466,,,,
1995-09-13,37/95,1996-03-13,,,500000000.0,,,7.482,,,,
1995-09-20,38/95,1995-10-25,,,400000000.0,,,7.428,,,,
1995-09-20,38/95,1995-12-20,,,498000000.0,,,7.441,,,,
1995-09-20,38/95,1996-03-20,,,400000000.0,,,7.421,,,,
1995-09-27,39/95,1995-11-01,,,501000000.0,,,7.438,,,,
1995-09-27,39/95,1995-12-27,,,601000000.0,,,7.476,,,,
1995-09-27,39/95,1996-03-27,,,500000000.0,,,7.479,,,,
1995-10-04,40/95,1996-01-03,,,501000000.0,,,7.432,,,,
1995-10-04,40/95,1996-04-03,,,600000000.0,,,7.423,,,,
1995-10-11,41/95,1996-01-10,,,501000000.0,,,7.443,,,,
1995-10-11,41/95,1996-04-10,,,601000000.0,,,7.438,,,,
1995-10-18,42/95,1996-01-17,,,300000000.0,,,7.398,,,,
1995-10-18,42/95,1996-04-17,,,400000000.0,,,7.328,,,,
1995-10-25,43/95,1996-01-24,,,401000000.0,,,7.474,,,,
1995-10-25,43/95,1996-04-24,,,499000000.0,,,7.501,,,,
1995-11-01,44/95,1995-12-06,,,400000000.0,,,7.442,,,,
1995-11-01,44/95,1996-01-31,,,500000000.0,,,7.484,,,,
1995-11-01,44/95,1996-05-01,,,401000000.0,,,7.538,,,,
1995-11-08,45/95,1995-12-13,,,400000000.0,,,7.437,,,,
1995-11-08,45/95,1996-02-07,,,501000000.0,,,7.467,,,,
1995-11-08,45/95,1996-05-08,,,603000000.0,,,7.544,,,,
1995-11-15,46/95,1996-02-14,,,300000000.0,,,7.396,,,,
1995-11-15,46/95,1996-05-15,,,500000000.0,,,7.383,,,,
1995-11-22,47/95,1996-02-21,,,501000000.0,,,7.39,,,,
1995-11-22,47/95,1996-05-22,,,600000000.0,,,7.335,,,,
1995-11-29,48/95,1996-01-03,,,300000000.0,,,7.382,,,,
1995-11-29,48/95,1996-02-28,,,500000000.0,,,7.334,,,,
1995-11-29,48/95,1996-05-29,,,500000000.0,,,7.27,,,,
1995-12-06,49/95,1996-03-06,,,300000000.0,,,7.335,,,,
1995-12-06,49/95,1996-06-05,,,300000000.0,,,7.305,,,,
1995-12-13,50/95,1996-03-13,,,201000000.0,,,7.298,,,,
1995-12-13,50/95,1996-06-12,,,400000000.0,,,7.295,,,,
1995-12-20,51/95,1996-01-24,,,400000000.0,,,7.352,,,,
1995-12-20,51/95,1996-03-20,,,400000000.0,,,7.263,,,,
1995-12-20,51/95,1996-06-19,,,500000000.0,,,7.231,,,,
1996-01-03,01/96,1996-04-03,,,500000000.0,,,7.252,,,,
1996-01-03,01/96,1996-07-03,,,599000000.0,,,7.226,,,,
1996-01-10,02/96,1996-04-10,,,699000000.0,,,7.282,,,,
1996-01-10,02/96,1996-07-10,,,399000000.0,,,7.274,,,,
1996-01-17,03/96,1996-04-17,,,500000000.0,,,7.295,,,,
1996-01-17,03/96,1996-07-17,,,501000000.0,,,7.322,,,,
1996-01-24,04/96,1996-04-24,,,500000000.0,,,7.344,,,,
1996-01-24,04/96,1996-07-24,,,699000000.0,,,7.363,,,,
1996-01-31,05/96,1996-03-06,,,401000000.0,,,7.382,,,,
1996-01-31,05/96,1996-05-01,,,501000000.0,,,7.353,,,,
1996-01-31,05/96,1996-07-31,,,500000000.0,,,7.336,,,,
1996-02-07,06/96,1996-03-13,,,301000000.0,,,7.38,,,,
1996-02-07,06/96,1996-05-08,,,597000000.0,,,7.382,,,,
1996-02-07,06/96,1996-08-07,,,600000000.0,,,7.361,,,,
1996-02-14,07/96,1996-05-15,,,399000000.0,,,7.379,,,,
1996-02-14,07/96,1996-08-14,,,601000000.0,,,7.365,,,,
1996-02-21,08/96,1996-05-22,,,497000000.0,,,7.449,,,,
1996-02-21,08/96,1996-08-21,,,700000000.0,,,7.509,,,,
1996-02-28,09/96,1996-04-03,,,301000000.0,,,7.436,,,,
1996-02-28,09/96,1996-05-29,,,300000000.0,,,7.449,,,,
1996-02-28,09/96,1996-08-28,,,200000000.0,,,7.543,,,,
1996-03-06,10/96,1996-04-10,,,200000000.0,,,7.406,,,,
1996-03-06,10/96,1996-06-05,,,300000000.0,,,7.437,,,,
1996-03-06,10/96,1996-09-04,,,300000000.0,,,7.499,,,,
1996-03-13,11/96,1996-06-12,,,299000000.0,,,7.444,,,,
1996-03-13,11/96,1996-09-11,,,200000000.0,,,7.505,,,,
1996-03-20,12/96,1996-06-19,,,300000000.0,,,7.407,,,,
1996-03-20,12/96,1996-09-18,,,200000000.0,,,7.478,,,,
1996-03-27,13/96,1996-05-01,,,301000000.0,,,7.395,,,,
1996-03-27,13/96,1996-06-26,,,600000000.0,,,7.403,,,,
1996-03-27,13/96,1996-09-25,,,600000000.0,,,7.527,,,,
1996-04-03,14/96,1996-05-08,,,401000000.0,,,7.385,,,,
1996-04-03,14/96,1996-07-03,,,399000000.0,,,7.397,,,,
1996-04-03,14/96,1996-10-02,,,599000000.0,,,7.553,,,,
1996-04-10,15/96,1996-05-15,,,300000000.0,,,7.38,,,,
1996-04-10,15/96,1996-07-10,,,300000000.0,,,7.35,,,,
1996-04-10,15/96,1996-10-09,,,300000000.0,,,7.594,,,,
1996-04-17,16/96,1996-05-22,,,400000000.0,,,7.369,,,,
1996-04-17,16/96,1996-07-17,,,699000000.0,,,7.392,,,,
1996-04-17,16/96,1996-10-16,,,499000000.0,,,7.595,,,,
1996-04-24,17/96,1996-07-24,,,200000000.0,,,7.35,,,,
1996-04-24,17/96,1996-10-23,,,300000000.0,,,7.502,,,,
1996-05-01,18/96,1996-06-05,,,600000000.0,,,7.37,,,,
1996-05-01,18/96,1996-07-31,,,200000000.0,,,7.355,,,,
1996-05-01,18/96,1996-10-30,,,300000000.0,,,7.532,,,,
1996-05-08,19/96,1996-06-12,,,399000000.0,,,7.369,,,,
1996-05-08,19/96,1996-08-07,,,700000000.0,,,7.369,,,,
1996-05-08,19/96,1996-11-06,,,401000000.0,,,7.541,,,,
1996-05-15,20/96,1996-06-19,,,400000000.0,,,7.369,,,,
1996-05-15,20/96,1996-08-14,,,601000000.0,,,7.387,,,,
1996-05-15,20/96,1996-11-13,,,500000000.0,,,7.506,,,,
1996-05-22,21/96,1996-11-20,,,300000000.0,,,7.47,,,,
1996-05-29,22/96,1996-08-28,,,200000000.0,,,7.388,,,,
1996-05-29,22/96,1996-11-27,,,200000000.0,,,7.549,,,,
1996-06-05,23/96,1996-09-04,,,200000000.0,,,7.31,,,,
1996-06-05,23/96,1996-12-04,,,200000000.0,,,7.49,,,,
1996-06-12,24/96,1996-12-11,,,200000000.0,,,7.465,,,,
1996-06-12,24/96,1996-09-11,,,200000000.0,,,7.324,,,,
1996-06-19,25/96,1996-09-18,,,200000000.0,,,7.349,,,,
1996-06-19,25/96,1996-12-18,,,301000000.0,,,7.449,,,,
1996-06-26,26/96,1996-07-31,,,200000000.0,,,7.22,,,,
1996-06-26,26/96,1996-09-25,,,200000000.0,,,7.387,,,,
1996-06-26,26/96,1996-12-25,,,300000000.0,,,7.44,,,,
1996-07-03,27/96,1996-10-02,,,399250000.0,,,7.402,,,,
1996-07-03,27/96,1997-01-01,,,400000000.0,,,7.47,,,,
1996-07-10,28/96,1996-10-09,,,499000000.0,,,7.411,,,,
1996-07-10,28/96,1997-01-08,,,500000000.0,,,7.498,,,,
1996-07-17,29/96,1996-08-21,,,800000000.0,,,7.42,,,,
1996-07-17,29/96,1996-10-16,,,401245000.0,,,7.44,,,,
1996-07-17,29/96,1997-01-15,,,401000000.0,,,7.514,,,,
1996-07-24,30/96,1996-08-28,,,300000000.0,,,7.41,,,,
1996-07-24,30/96,1996-10-23,,,200000000.0,,,7.418,,,,
1996-07-24,30/96,1997-01-22,,,200000000.0,,,7.462,,,,
1996-07-31,31/96,1996-09-04,,,600000000.0,,,6.922,,,,
1996-07-31,31/96,1996-10-30,,,400500000.0,,,6.925,,,,
1996-07-31,31/96,1997-01-29,,,401000000.0,,,6.949,,,,
1996-08-07,32/96,1996-09-11,,,400000000.0,,,6.891,,,,
1996-08-14,33/96,1996-11-13,,,300000000.0,,,6.797,,,,
1996-08-14,33/96,1997-02-12,,,400000000.0,,,6.732,,,,
1996-08-21,34/96,1996-09-25,,,200000000.0,,,6.88,,,,
1996-08-21,34/96,1996-11-20,,,399000000.0,,,6.781,,,,
1996-08-21,34/96,1997-02-19,,,800000000.0,,,6.706,,,,
1996-08-28,35/96,1996-11-27,,,200000000.0,,,6.78,,,,
1996-08-28,35/96,1997-02-26,,,300000000.0,,,6.73,,,,
1996-09-11,36/96,1996-12-11,,,500000000.0,,,6.792,,,,
1996-09-11,36/96,1997-03-12,,,300000000.0,,,6.767,,,,
1996-09-18,37/96,1996-10-23,,,200000000.0,,,6.852,,,,
1996-09-18,37/96,1996-12-18,,,400000000.0,,,6.796,,,,
1996-09-18,37/96,1997-03-19,,,700000000.0,,,6.747,,,,
1996-09-25,38/96,1996-10-30,,,200000000.0,,,6.886,,,,
1996-09-25,38/96,1996-12-25,,,200000000.0,,,6.759,,,,
1996-09-25,38/96,1997-03-26,,,500000000.0,,,6.688,,,,
1996-10-02,39/96,1996-11-06,,,200000000.0,,,6.867,,,,
1996-10-02,39/96,1997-01-01,,,500000000.0,,,6.736,,,,
1996-10-02,39/96,1997-04-02,,,600000000.0,,,6.688,,,,
1996-10-09,40/96,1997-01-08,,,401000000.0,,,6.693,,,,
1996-10-09,40/96,1997-04-09,,,401000000.0,,,6.619,,,,
1996-10-16,41/96,1996-11-20,,,601000000.0,,,6.813,,,,
1996-10-16,41/96,1997-01-15,,,300000000.0,,,6.61,,,,
1996-10-16,41/96,1997-04-16,,,400000000.0,,,6.54,,,,
1996-10-30,42/96,1996-12-04,,,800000000.0,,,6.683,,,,
1996-10-30,42/96,1997-01-29,,,300000000.0,,,6.527,,,,
1996-10-30,42/96,1997-04-30,,,301000000.0,,,6.502,,,,
1996-11-06,43/96,1996-12-11,,,601000000.0,,,6.408,,,,
1996-11-06,43/96,1997-02-05,,,200000000.0,,,6.365,,,,
1996-11-06,43/96,1997-05-07,,,300000000.0,,,6.339,,,,
1996-11-13,44/96,1996-12-18,,,499000000.0,,,6.401,,,,
1996-11-13,44/96,1997-02-12,,,399000000.0,,,6.357,,,,
1996-11-13,44/96,1997-05-14,,,400000000.0,,,6.305,,,,
1996-11-20,45/96,1997-05-21,,,300000000.0,,,6.285,,,,
1996-11-27,46/96,1997-02-26,,,300000000.0,,,6.3,,,,
1996-12-11,47/96,1997-01-15,,,200000000.0,,,5.9,,,,
1996-12-11,47/96,1997-03-12,,,199000000.0,,,5.86,,,,
1996-12-11,47/96,1997-06-11,,,299000000.0,,,5.836,,,,
1996-12-18,48/96,1997-01-22,,,500000000.0,,,5.9,,,,
1996-12-18,48/96,1997-03-19,,,301000000.0,,,5.865,,,,
1996-12-18,48/96,1997-06-18,,,500000000.0,,,5.854,,,,
1996-12-31,49/96,1997-02-04,,,200000000.0,,,5.895,,,,
1996-12-31,49/96,1997-04-01,,,200000000.0,,,5.825,,,,
1996-12-31,49/96,1997-07-01,,,400000000.0,,,5.807,,,,
1997-01-08,01/97,1997-02-12,,,200000000.0,,,5.87,,,,
1997-01-08,01/97,1997-04-09,,,599000000.0,,,5.807,,,,
1997-01-08,01/97,1997-07-09,,,401000000.0,,,5.788,,,,
1997-01-15,02/97,1997-02-19,,,300000000.0,,,5.829,,,,
1997-01-15,02/97,1997-04-16,,,201000000.0,,,5.666,,,,
1997-01-15,02/97,1997-07-16,,,300000000.0,,,5.632,,,,
1997-01-22,03/97,1997-02-26,,,200000000.0,,,5.795,,,,
1997-01-22,03/97,1997-04-23,,,300000000.0,,,5.656,,,,
1997-01-29,04/97,1997-03-05,,,701000000.0,,,5.805,,,,
1997-01-29,04/97,1997-04-30,,,300000000.0,,,5.637,,,,
1997-01-29,04/97,1997-07-30,,,300000000.0,,,5.615,,,,
1997-02-05,05/97,1997-03-12,,,400000000.0,,,5.738,,,,
1997-02-05,05/97,1997-05-07,,,300000000.0,,,5.605,,,,
1997-02-05,05/97,1997-08-06,,,400000000.0,,,5.593,,,,
1997-02-12,06/97,1997-05-14,,,300000000.0,,,5.803,,,,
1997-02-12,06/97,1997-08-13,,,499000000.0,,,5.795,,,,
1997-02-19,07/97,1997-03-26,,,400000000.0,,,5.891,,,,
1997-02-19,07/97,1997-05-21,,,600000000.0,,,5.885,,,,
1997-02-19,07/97,1997-08-20,,,600000000.0,,,5.885,,,,
1997-02-26,08/97,1997-05-28,,,300000000.0,,,5.894,,,,
1997-03-12,09/97,1997-06-11,,,299000000.0,,,5.913,,,,
1997-03-12,09/97,1997-09-10,,,300000000.0,,,5.943,,,,
1997-03-19,10/97,1997-04-23,,,600000000.0,,,5.903,,,,
1997-03-19,10/97,1997-06-18,,,500000000.0,,,5.926,,,,
1997-03-19,10/97,1997-09-17,,,300000000.0,,,5.946,,,,
1997-03-26,11/97,1997-04-30,,,300000000.0,,,5.91,,,,
1997-03-26,11/97,1997-06-25,,,400000000.0,,,5.93,,,,
1997-03-26,11/97,1997-09-24,,,301000000.0,,,5.972,,,,
1997-04-02,12/97,1997-05-07,,,300000000.0,,,5.919,,,,
1997-04-02,12/97,1997-07-02,,,400000000.0,,,5.931,,,,
1997-04-02,12/97,1997-10-01,,,399000000.0,,,5.974,,,,
1997-04-09,13/97,1997-07-09,,,298000000.0,,,5.921,,,,
1997-04-16,14/97,1997-07-16,,,400000000.0,,,5.832,,,,
1997-04-16,14/97,1997-10-15,,,301000000.0,,,5.858,,,,
1997-04-23,15/97,1997-07-23,,,300000000.0,,,5.805,,,,
1997-04-30,16/97,1997-06-04,,,800000000.0,,,5.856,,,,
1997-04-30,16/97,1997-07-30,,,300000000.0,,,5.8,,,,
1997-04-30,16/97,1997-10-29,,,400000000.0,,,5.805,,,,
1997-05-07,17/97,1997-06-11,,,601000000.0,,,5.876,,,,
1997-05-07,17/97,1997-08-06,,,300000000.0,,,5.813,,,,
1997-05-07,17/97,1997-11-05,,,300000000.0,,,5.847,,,,
1997-05-14,18/97,1997-06-18,,,699000000.0,,,5.88,,,,
1997-05-14,18/97,1997-08-13,,,300000000.0,,,5.849,,,,
1997-05-14,18/97,1997-11-12,,,500000000.0,,,5.83,,,,
1997-05-21,19/97,1997-08-20,,,400000000.0,,,5.86,,,,
1997-05-21,19/97,1997-11-19,,,200000000.0,,,5.805,,,,
1997-05-28,20/97,1997-07-02,,,601000000.0,,,5.38,,,,
1997-05-28,20/97,1997-08-27,,,200000000.0,,,5.33,,,,
1997-06-18,21/97,1997-12-17,,,401000000.0,,,5.216,,,,
1997-06-18,21/97,1997-07-23,,,300000000.0,,,5.355,,,,
1997-06-18,21/97,1997-09-17,,,301000000.0,,,5.256,,,,
1997-06-25,22/97,1997-07-30,,,600000000.0,,,5.313,,,,
1997-06-25,22/97,1997-09-24,,,601000000.0,,,5.23,,,,
1997-07-09,23/97,1997-10-08,,,700000000.0,,,5.16,,,,
1997-07-09,23/97,1998-01-07,,,300000000.0,,,5.113,,,,
1997-07-16,24/97,1997-08-20,,,400000000.0,,,5.304,,,,
1997-07-16,24/97,1997-10-15,,,499000000.0,,,5.188,,,,
1997-07-16,24/97,1998-01-14,,,299000000.0,,,5.143,,,,
1997-07-23,25/97,1997-08-27,,,300000000.0,,,5.2,,,,
1997-07-23,25/97,1997-10-22,,,400000000.0,,,5.09,,,,
1997-07-23,25/97,1998-01-21,,,400000000.0,,,5.05,,,,
1997-07-30,26/97,1997-09-03,,,1100000000.0,,,4.935,,,,
1997-07-30,26/97,1997-10-29,,,300000000.0,,,4.87,,,,
1997-07-30,26/97,1998-01-28,,,300000000.0,,,4.85,,,,
1997-08-06,27/97,1997-09-10,,,400000000.0,,,4.93,,,,
1997-08-06,27/97,1998-02-04,,,401000000.0,,,4.838,,,,
1997-08-13,28/97,1997-09-17,,,200000000.0,,,4.91,,,,
1997-08-13,28/97,1997-11-12,,,800000000.0,,,4.884,,,,
1997-08-13,28/97,1998-02-11,,,200000000.0,,,4.851,,,,
1997-08-20,29/97,1997-11-19,,,999000000.0,,,4.867,,,,
1997-08-20,29/97,1998-02-18,,,400000000.0,,,4.812,,,,
1997-08-27,30/97,1997-11-26,,,400000000.0,,,4.863,,,,
1997-08-27,30/97,1998-02-25,,,501000000.0,,,4.842,,,,
1997-09-10,31/97,1997-12-10,,,499000000.0,,,4.817,,,,
1997-09-10,31/97,1998-03-11,,,199000000.0,,,4.817,,,,
1997-09-17,32/97,1997-10-22,,,400000000.0,,,4.828,,,,
1997-09-17,32/97,1997-12-17,,,800000000.0,,,4.674,,,,
1997-09-17,32/97,1998-03-18,,,601000000.0,,,4.628,,,,
1997-09-24,33/97,1997-10-29,,,699000000.0,,,4.809,,,,
1997-09-24,33/97,1997-12-24,,,400000000.0,,,4.649,,,,
1997-09-24,33/97,1998-03-25,,,400000000.0,,,4.584,,,,
1997-10-01,34/97,1997-11-05,,,900000000.0,,,4.81,,,,
1997-10-01,34/97,1997-12-31,,,200000000.0,,,4.659,,,,
1997-10-01,34/97,1998-04-01,,,500000000.0,,,4.607,,,,
1997-10-08,35/97,1997-11-12,,,500000000.0,,,4.839,,,,
1997-10-08,35/97,1998-01-07,,,600000000.0,,,4.781,,,,
1997-10-08,35/97,1998-04-08,,,600000000.0,,,4.768,,,,
1997-10-15,36/97,1997-11-19,,,200000000.0,,,4.88,,,,
1997-10-15,36/97,1998-01-14,,,500000000.0,,,4.795,,,,
1997-10-15,36/97,1998-04-15,,,500000000.0,,,4.815,,,,
1997-10-29,37/97,1997-12-03,,,600000000.0,,,4.932,,,,
1997-11-05,38/97,1997-12-10,,,400000000.0,,,4.906,,,,
1997-11-05,38/97,1998-02-04,,,300000000.0,,,4.87,,,,
1997-11-05,38/97,1998-05-06,,,200000000.0,,,4.835,,,,
1997-11-12,39/97,1997-12-17,,,300000000.0,,,4.899,,,,
1997-11-12,39/97,1998-02-11,,,400000000.0,,,4.894,,,,
1997-11-12,39/97,1998-05-13,,,400000000.0,,,4.891,,,,
1997-11-19,40/97,1998-02-18,,,400000000.0,,,4.915,,,,
1997-11-19,40/97,1998-05-20,,,599000000.0,,,4.929,,,,
1997-12-03,41/97,1998-03-04,,,500000000.0,,,4.985,,,,
1997-12-03,41/97,1998-06-03,,,500000000.0,,,5.01,,,,
1997-12-10,42/97,1998-03-11,,,500000000.0,,,4.975,,,,
1997-12-10,42/97,1998-06-10,,,500000000.0,,,4.989,,,,
1997-12-17,43/97,1998-01-21,,,901000000.0,,,4.974,,,,
1997-12-17,43/97,1998-03-18,,,500000000.0,,,4.998,,,,
1997-12-17,43/97,1998-06-17,,,400000000.0,,,5.01,,,,
1997-12-23,44/97,1998-01-27,,,400000000.0,,,4.985,,,,
1997-12-23,44/97,1998-03-24,,,400000000.0,,,4.98,,,,
1997-12-23,44/97,1998-06-23,,,300000000.0,,,5.0,,,,
1998-01-07,01/98,1998-07-08,,,500000000.0,,,4.865,,,,
1998-01-07,01/98,1998-04-08,,,800000000.0,,,4.896,,,,
1998-01-14,02/98,1998-02-18,,,300000000.0,,,4.937,,,,
1998-01-14,02/98,1998-04-15,,,701000000.0,,,4.893,,,,
1998-01-14,02/98,1998-07-15,,,500000000.0,,,4.895,,,,
1998-01-21,03/98,1998-02-25,,,300000000.0,,,4.932,,,,
1998-01-28,04/98,1998-03-04,,,701000000.0,,,4.945,,,,
1998-01-28,04/98,1998-04-29,,,400000000.0,,,4.96,,,,
1998-02-04,05/98,1998-03-11,,,700000000.0,,,4.974,,,,
1998-02-04,05/98,1998-05-06,,,700000000.0,,,4.946,,,,
1998-02-04,05/98,1998-08-05,,,400000000.0,,,4.888,,,,
1998-02-11,06/98,1998-03-18,,,400000000.0,,,4.95,,,,
1998-02-11,06/98,1998-05-13,,,700000000.0,,,4.899,,,,
1998-02-11,06/98,1998-08-12,,,600000000.0,,,4.883,,,,
1998-02-18,07/98,1998-03-25,,,600000000.0,,,4.959,,,,
1998-02-18,07/98,1998-05-20,,,699000000.0,,,4.933,,,,
1998-02-18,07/98,1998-08-19,,,400000000.0,,,4.892,,,,
1998-03-11,08/98,1998-04-15,,,299000000.0,,,4.951,,,,
1998-03-11,08/98,1998-06-10,,,500000000.0,,,4.91,,,,
1998-03-11,08/98,1998-09-09,,,401000000.0,,,4.87,,,,
1998-03-18,09/98,1998-04-22,,,800000000.0,,,4.94,,,,
1998-03-18,09/98,1998-06-17,,,400000000.0,,,4.899,,,,
1998-03-18,09/98,1998-09-16,,,300000000.0,,,4.837,,,,
1998-03-25,10/98,1998-04-29,,,400000000.0,,,4.93,,,,
1998-04-01,11/98,1998-07-01,,,500000000.0,,,4.827,,,,
1998-04-08,12/98,1998-07-08,,,400000000.0,,,4.785,,,,
1998-04-15,13/98,1998-05-20,,,400000000.0,,,4.895,,,,
1998-04-15,13/98,1998-07-15,,,500000000.0,,,4.817,,,,
1998-04-15,13/98,1998-10-14,,,400000000.0,,,4.775,,,,
1998-04-22,14/98,1998-05-27,,,500000000.0,,,4.904,,,,
1998-04-22,14/98,1998-07-22,,,502000000.0,,,4.837,,,,
1998-04-29,15/98,1998-06-03,,,600000000.0,,,4.921,,,,
1998-04-29,15/98,1998-07-29,,,301000000.0,,,4.848,,,,
1998-05-06,16/98,1998-06-10,,,700000000.0,,,4.92,,,,
1998-05-13,17/98,1998-06-17,,,699000000.0,,,4.923,,,,
1998-05-13,17/98,1998-08-12,,,301000000.0,,,4.852,,,,
1998-05-13,17/98,1998-11-11,,,300000000.0,,,4.82,,,,
1998-05-20,18/98,1998-06-24,,,300000000.0,,,4.909,,,,
1998-05-20,18/98,1998-11-18,,,600000000.0,,,4.841,,,,
1998-05-27,19/98,1998-07-01,,,300000000.0,,,4.903,,,,
1998-05-27,19/98,1998-11-25,,,400000000.0,,,4.836,,,,
1998-06-17,20/98,1998-09-16,,,500000000.0,,,5.111,,,,
1998-06-24,21/98,1998-09-23,,,500000000.0,,,5.0,,,,
1998-06-24,21/98,1998-12-23,,,500000000.0,,,5.137,,,,
1998-07-01,22/98,1998-08-05,,,500000000.0,,,4.899,,,,
1998-07-01,22/98,1998-09-30,,,400000000.0,,,4.966,,,,
1998-07-01,22/98,1998-12-30,,,500000000.0,,,4.992,,,,
1998-07-08,23/98,1998-10-07,,,400000000.0,,,4.945,,,,
1998-07-08,23/98,1999-01-06,,,400000000.0,,,4.995,,,,
1998-07-15,24/98,1998-10-14,,,500000000.0,,,4.947,,,,
1998-07-15,24/98,1999-01-13,,,700000000.0,,,4.996,,,,
1998-07-15,24/98,1998-08-19,,,300000000.0,,,4.87,,,,
1998-07-22,25/98,1998-08-26,,,400000000.0,,,4.86,,,,
1998-07-22,25/98,1999-01-20,,,400000000.0,,,4.997,,,,
1998-07-29,26/98,1998-09-02,,,800000000.0,,,4.893,,,,
1998-08-05,27/98,1998-09-09,,,601000000.0,,,4.905,,,,
1998-08-05,27/98,1998-11-04,,,600000000.0,,,4.911,,,,
1998-08-05,27/98,1999-02-03,,,400000000.0,,,4.91,,,,
1998-08-12,28/98,1998-09-16,,,299000000.0,,,4.944,,,,
1998-08-12,28/98,1998-11-11,,,801000000.0,,,4.95,,,,
1998-08-12,28/98,1999-02-10,,,495000000.0,,,4.992,,,,
1998-08-19,29/98,1998-09-23,,,299000000.0,,,4.949,,,,
1998-08-19,29/98,1998-11-18,,,800000000.0,,,4.935,,,,
1998-08-19,29/98,1999-02-17,,,300000000.0,,,4.98,,,,
1998-09-09,30/98,1998-12-09,,,800000000.0,,,4.933,,,,
1998-09-09,30/98,1999-03-10,,,501000000.0,,,4.926,,,,
1998-09-16,31/98,1998-10-21,,,800000000.0,,,4.939,,,,
1998-09-16,31/98,1998-12-16,,,700000000.0,,,4.859,,,,
1998-09-16,31/98,1999-03-17,,,300000000.0,,,4.767,,,,
1998-09-23,32/98,1998-10-28,,,299000000.0,,,4.955,,,,
1998-09-23,32/98,1999-03-24,,,300000000.0,,,4.84,,,,
1998-09-30,33/98,1998-11-04,,,800000000.0,,,4.974,,,,
1998-09-30,33/98,1998-12-30,,,299000000.0,,,4.888,,,,
1998-09-30,33/98,1999-03-31,,,400000000.0,,,4.68,,,,
1998-10-07,34/98,1998-11-11,,,400000000.0,,,4.905,,,,
1998-10-07,34/98,1999-01-06,,,500000000.0,,,4.808,,,,
1998-10-07,34/98,1999-04-07,,,600000000.0,,,4.7,,,,
1998-10-14,35/98,1998-11-18,,,801000000.0,,,4.9,,,,
1998-10-14,35/98,1999-01-13,,,300000000.0,,,4.777,,,,
1998-10-14,35/98,1999-04-14,,,601000000.0,,,4.632,,,,
1998-10-21,36/98,1998-11-25,,,500000000.0,,,4.929,,,,
1998-11-04,37/98,1998-12-09,,,698000000.0,,,4.865,,,,
1998-11-04,37/98,1999-05-05,,,300000000.0,,,4.61,,,,
1998-11-11,38/98,1998-12-16,,,700000000.0,,,4.88,,,,
1998-11-11,38/98,1999-05-12,,,300000000.0,,,4.7,,,,
1998-11-25,39/98,1999-02-24,,,400000000.0,,,4.7,,,,
1998-11-25,39/98,1999-05-26,,,300000000.0,,,4.65,,,,
1998-12-16,40/98,1999-01-20,,,800000000.0,,,4.674,,,,
1998-12-16,40/98,1999-03-17,,,300000000.0,,,4.633,,,,
1998-12-16,40/98,1999-06-16,,,700000000.0,,,4.551,,,,
1998-12-23,41/98,1999-01-27,,,801000000.0,,,4.713,,,,
1998-12-23,41/98,1999-03-24,,,400000000.0,,,4.675,,,,
1998-12-23,41/98,1999-06-23,,,699000000.0,,,4.637,,,,
1999-01-06,01/99,1999-02-10,,,400000000.0,,,4.67,,,,
1999-01-06,01/99,1999-04-07,,,900000000.0,,,4.644,,,,
1999-01-06,01/99,1999-07-07,,,300000000.0,,,4.619,,,,
1999-01-13,02/99,1999-02-17,,,500000000.0,,,4.714,,,,
1999-01-13,02/99,1999-04-14,,,602000000.0,,,4.693,,,,
1999-01-13,02/99,1999-07-14,,,599000000.0,,,4.694,,,,
1999-01-20,03/99,1999-04-21,,,301000000.0,,,4.687,,,,
1999-01-27,04/99,1999-03-03,,,500000000.0,,,4.685,,,,
1999-02-03,05/99,1999-03-10,,,401000000.0,,,4.694,,,,
1999-02-03,05/99,1999-05-05,,,900000000.0,,,4.659,,,,
1999-02-10,06/99,1999-03-17,,,597000000.0,,,4.689,,,,
1999-02-10,06/99,1999-05-12,,,797000000.0,,,4.682,,,,
1999-02-10,06/99,1999-08-11,,,600000000.0,,,4.68,,,,
1999-02-17,07/99,1999-03-24,,,599000000.0,,,4.694,,,,
1999-02-17,07/99,1999-05-19,,,400000000.0,,,4.675,,,,
1999-02-17,07/99,1999-08-18,,,600000000.0,,,4.685,,,,
1999-03-10,08/99,1999-06-09,,,700000000.0,,,4.675,,,,
1999-03-17,09/99,1999-04-21,,,600000000.0,,,4.671,,,,
1999-03-17,09/99,1999-06-16,,,301000000.0,,,4.649,,,,
1999-03-24,10/99,1999-04-28,,,900000000.0,,,4.676,,,,
1999-03-24,10/99,1999-09-22,,,500000000.0,,,4.668,,,,
1999-04-14,11/99,1999-05-19,,,901000000.0,,,4.659,,,,
1999-04-14,11/99,1999-10-13,,,300000000.0,,,4.59,,,,
1999-04-28,12/99,1999-06-02,,,600000000.0,,,4.669,,,,
1999-05-12,13/99,1999-06-16,,,900000000.0,,,4.685,,,,
1999-05-12,13/99,1999-11-10,,,500000000.0,,,4.695,,,,
1999-05-19,14/99,1999-06-23,,,801000000.0,,,4.688,,,,
1999-05-19,14/99,1999-08-18,,,300000000.0,,,4.72,,,,
1999-06-16,15/99,1999-07-21,,,901000000.0,,,4.675,,,,
1999-06-16,15/99,1999-09-15,,,601000000.0,,,4.691,,,,
1999-06-23,16/99,1999-07-28,,,700000000.0,,,4.65,,,,
1999-06-23,16/99,1999-09-22,,,600000000.0,,,4.7,,,,
1999-06-30,17/99,1999-09-29,,,701000000.0,,,4.705,,,,
1999-07-07,18/99,1999-08-11,,,400000000.0,,,4.677,,,,
1999-07-07,18/99,1999-10-06,,,900000000.0,,,4.743,,,,
1999-07-07,18/99,2000-01-05,,,400000000.0,,,4.695,,,,
1999-07-28,19/99,1999-09-01,,,300000000.0,,,4.679,,,,
1999-07-28,19/99,2000-01-26,,,799000000.0,,,4.685,,,,
1999-08-04,20/99,1999-09-08,,,800000000.0,,,4.76,,,,
1999-08-04,20/99,1999-11-03,,,400000000.0,,,4.739,,,,
1999-08-04,20/99,2000-02-02,,,701000000.0,,,4.692,,,,
1999-08-11,21/99,1999-09-15,,,400000000.0,,,4.772,,,,
1999-08-11,21/99,1999-11-10,,,700000000.0,,,4.763,,,,
1999-08-11,21/99,2000-02-09,,,700000000.0,,,4.715,,,,
1999-08-25,22/99,1999-11-24,,,300000000.0,,,4.73,,,,
1999-08-25,22/99,2000-02-23,,,300000000.0,,,4.71,,,,
1999-09-08,23/99,1999-10-13,,,299000000.0,,,4.745,,,,
1999-09-08,23/99,1999-12-08,,,400000000.0,,,4.763,,,,
1999-09-15,24/99,1999-10-20,,,300000000.0,,,4.763,,,,
1999-09-15,24/99,1999-12-15,,,500000000.0,,,4.827,,,,
1999-09-15,24/99,2000-03-15,,,600000000.0,,,4.828,,,,
1999-09-29,25/99,1999-11-03,,,599000000.0,,,4.767,,,,
1999-10-06,26/99,2000-01-05,,,300000000.0,,,4.8,,,,
1999-10-13,27/99,1999-11-17,,,300000000.0,,,4.798,,,,
1999-10-13,27/99,2000-01-12,,,300000000.0,,,4.87,,,,
1999-11-03,28/99,1999-12-08,,,501000000.0,,,4.983,,,,
1999-11-03,28/99,2000-02-02,,,500000000.0,,,4.991,,,,
1999-11-03,28/99,2000-05-03,,,500000000.0,,,5.047,,,,
1999-11-10,29/99,1999-12-15,,,699000000.0,,,4.969,,,,
1999-11-10,29/99,2000-02-09,,,300000000.0,,,4.975,,,,
1999-11-10,29/99,2000-05-10,,,500000000.0,,,5.034,,,,
1999-11-17,30/99,2000-02-16,,,700000000.0,,,5.024,,,,
1999-11-24,31/99,1999-12-29,,,300000000.0,,,4.979,,,,
1999-11-24,31/99,2000-02-23,,,701000000.0,,,5.078,,,,
1999-11-24,31/99,2000-05-24,,,400000000.0,,,5.17,,,,
2000-01-05,01/00,2000-02-09,,,500000000.0,,,4.99,,,,
2000-01-05,01/00,2000-04-05,,,400000000.0,,,5.33,,,,
2000-01-12,02/00,2000-02-16,,,899000000.0,,,5.143,,,,
2000-01-12,02/00,2000-04-12,,,300000000.0,,,5.42,,,,
2000-01-25,03/00,2000-02-29,,,499000000.0,,,5.384,,,,
2000-01-25,03/00,2000-04-25,,,400000000.0,,,5.49,,,,
2000-02-02,04/00,2000-03-08,,,500000000.0,,,5.45,,,,
2000-02-02,04/00,2000-05-03,,,599000000.0,,,5.749,,,,
2000-02-02,04/00,2000-08-02,,,400000000.0,,,6.055,,,,
2000-02-09,05/00,2000-03-15,,,500000000.0,,,5.468,,,,
2000-02-09,05/00,2000-05-10,,,600000000.0,,,5.729,,,,
2000-02-09,05/00,2000-08-09,,,500000000.0,,,6.014,,,,
2000-02-16,06/00,2000-03-22,,,400000000.0,,,5.469,,,,
2000-02-16,06/00,2000-05-17,,,599000000.0,,,5.682,,,,
2000-02-16,06/00,2000-08-16,,,500000000.0,,,5.985,,,,
2000-02-23,07/00,2000-03-29,,,300000000.0,,,5.46,,,,
2000-02-23,07/00,2000-05-24,,,400000000.0,,,5.65,,,,
2000-02-23,07/00,2000-08-23,,,301000000.0,,,5.95,,,,
2000-03-08,08/00,2000-04-12,,,300000000.0,,,5.449,,,,
2000-03-08,08/00,2000-06-07,,,300000000.0,,,5.645,,,,
2000-03-08,08/00,2000-09-06,,,300000000.0,,,5.92,,,,
2000-03-15,09/00,2000-04-19,,,600000000.0,,,5.449,,,,
2000-03-15,09/00,2000-06-14,,,500000000.0,,,5.62,,,,
2000-03-15,09/00,2000-09-13,,,400000000.0,,,5.879,,,,
2000-04-05,10/00,2000-05-10,,,300000000.0,,,5.655,,,,
2000-04-05,10/00,2000-07-05,,,400000000.0,,,5.845,,,,
2000-04-12,11/00,2000-05-17,,,600000000.0,,,5.753,,,,
2000-04-12,11/00,2000-07-12,,,400000000.0,,,5.848,,,,
2000-04-12,11/00,2000-10-11,,,400000000.0,,,6.082,,,,
2000-04-19,12/00,2000-05-24,,,301000000.0,,,5.781,,,,
2000-04-19,12/00,2000-10-18,,,400000000.0,,,5.805,,,,
2000-05-10,13/00,2000-06-14,,,300000000.0,,,5.883,,,,
2000-05-10,13/00,2000-08-09,,,300000000.0,,,5.995,,,,
2000-05-17,14/00,2000-06-21,,,300000000.0,,,5.897,,,,
2000-05-17,14/00,2000-08-16,,,200000000.0,,,6.047,,,,
2000-05-24,15/00,2000-06-28,,,300000000.0,,,5.85,,,,
2000-05-24,15/00,2000-08-23,,,299000000.0,,,5.95,,,,
2000-06-07,16/00,2000-07-12,,,300000000.0,,,5.823,,,,
2000-06-07,16/00,2000-09-06,,,300000000.0,,,5.858,,,,
2000-07-12,17/00,2000-10-23,,700000000.0,701000000.0,2715000000.0,3.879,5.912,5.86,5.97,6.13,5.8
2000-07-26,18/00,2000-10-23,,400000000.0,400000000.0,2009000000.0,5.023,5.951,5.92,5.97,6.23,1.9
2000-07-26,18/00,2001-01-22,,400000000.0,400000000.0,1819000000.0,4.548,6.033,5.95,6.1,6.28,6.7
2000-08-02,19/00,2000-10-23,,300000000.0,300000000.0,1064000000.0,3.547,6.251,6.2,6.28,6.35,2.9
2000-08-09,20/00,2000-10-23,,400000000.0,400000000.0,1304000000.0,3.26,6.281,6.2,6.3,6.35,1.9
2000-08-09,20/00,2001-01-22,,300000000.0,300000000.0,999000000.0,3.33,6.388,6.35,6.4,6.45,1.2
2000-08-16,21/00,2000-10-23,,300000000.0,300000000.0,1419000000.0,4.73,6.346,6.2,6.39,6.5,4.4
2000-08-16,21/00,2001-01-22,,300000000.0,300000000.0,1460000000.0,4.867,6.499,6.48,6.5,6.5,0.1
2000-09-06,22/00,2000-10-23,,400000000.0,400000000.0,1534000000.0,3.835,6.285,6.25,6.3,6.38,1.5
2000-09-06,22/00,2001-01-22,,300000000.0,300000000.0,1139000000.0,3.797,6.41,6.36,6.43,6.5,2.0
2000-09-13,23/00,2000-10-23,,500000000.0,500000000.0,1269000000.0,2.538,6.289,6.26,6.29,6.35,0.1
2000-09-13,23/00,2001-01-22,,500000000.0,500000000.0,1002000000.0,2.004,6.463,6.41,6.49,6.57,2.7
2000-09-13,23/00,2001-04-23,,500000000.0,500000000.0,2139000000.0,4.278,6.587,6.55,6.6,6.69,1.3
2000-10-04,24/00,2001-01-22,,400000000.0,401000000.0,2334000000.0,5.835,6.373,6.36,6.38,6.48,0.7
2000-10-04,24/00,2001-04-23,,400000000.0,400000000.0,2729000000.0,6.823,6.454,6.44,6.47,6.54,1.6
2000-10-25,25/00,2001-01-22,,300000000.0,301000000.0,1278000000.0,4.26,6.215,6.15,6.25,6.28,3.5
2000-10-25,25/00,2001-04-23,,300000000.0,300000000.0,1150000000.0,3.833,6.281,6.25,6.29,6.38,0.9
2000-11-15,26/00,2001-01-22,,300000000.0,300000000.0,2050000000.0,6.833,6.213,6.21,6.22,6.29,0.7
2000-11-15,26/00,2001-04-23,,300000000.0,299000000.0,1620000000.0,5.4,6.248,6.24,6.25,6.32,0.2
2000-12-13,27/00,2001-01-22,,400000000.0,401000000.0,1295000000.0,3.238,6.171,6.14,6.19,6.23,1.9
2000-12-13,27/00,2001-04-23,,200000000.0,200000000.0,1255000000.0,6.275,6.053,6.05,6.06,6.18,0.7
2001-01-10,01/01,2001-04-23,,300000000.0,300000000.0,2475000000.0,8.25,5.801,5.78,5.82,5.91,1.9
2001-01-10,01/02,2001-07-23,,400000000.0,400000000.0,1910000000.0,4.775,5.569,5.55,5.59,5.72,2.1
2001-01-17,02/01,2001-04-23,,500000000.0,500000000.0,2455800000.0,4.912,5.791,5.76,5.81,5.94,1.9
2001-01-31,03/01,2001-04-23,,200000000.0,201000000.0,1253000000.0,6.265,5.674,5.67,5.68,5.78,0.6
2001-01-31,03/01,2001-07-23,,300000000.0,300000000.0,1420000000.0,4.733,5.404,5.4,5.42,5.48,1.6
2001-02-14,04/01,2001-07-23,,300000000.0,300000000.0,990000000.0,3.3,5.392,5.34,5.43,5.47,3.8
2001-02-28,05/01,2001-04-23,,200000000.0,200000000.0,1376000000.0,6.88,5.503,5.48,5.52,5.59,1.7
2001-02-28,05/01,2001-07-23,,300000000.0,300000000.0,1395000000.0,4.65,5.253,5.22,5.27,5.37,1.7
2001-03-14,06/01,2001-04-23,,200000000.0,200000000.0,1105000000.0,5.525,5.282,5.27,5.29,5.35,0.8
2001-03-14,06/01,2001-07-23,,300000000.0,300000000.0,1855000000.0,6.183,4.92,4.92,4.92,5.09,0.0
2001-03-28,07/01,2001-07-23,,500000000.0,500500000.0,2660000000.0,5.32,5.003,4.99,5.01,5.09,0.7
2001-04-04,08/01,2001-07-23,,500000000.0,500000000.0,1782000000.0,3.564,4.757,4.68,4.79,4.83,3.3
2001-04-11,09/01,2001-10-22,,500000000.0,500000000.0,2595000000.0,5.19,4.729,4.67,4.74,4.85,1.1
2001-05-02,10/01,2001-10-22,,500000000.0,499000000.0,3251000000.0,6.502,4.721,4.7,4.73,4.81,0.9
2001-05-16,11/01,2001-07-23,,300000000.0,300000000.0,2085000000.0,6.95,4.8,4.78,4.81,4.9,1.0
2001-05-16,11/01,2001-10-22,,200000000.0,200000000.0,1845000000.0,9.225,4.774,4.76,4.8,4.85,2.6
2001-05-30,12/01,2001-07-23,,200000000.0,200000000.0,1367000000.0,6.835,4.79,4.79,4.79,4.95,0.0
2001-05-30,12/01,2001-10-22,,300000000.0,301000000.0,1648000000.0,5.493,4.827,4.79,4.84,4.96,1.3
2001-06-13,13/01,2001-10-22,,500000000.0,500000000.0,2310000000.0,4.62,4.896,4.87,4.9,4.96,0.4
2001-07-04,14/01,2001-10-22,,300000000.0,300000000.0,1903000000.0,6.343,4.935,4.92,4.94,4.94,0.5
2001-07-04,14/01,2002-01-22,,200000000.0,200000000.0,1058000000.0,5.29,4.95,4.95,4.95,5.05,0.0
2001-07-18,15/01,2001-10-22,,200000000.0,201000000.0,1297000000.0,6.485,4.91,4.88,4.93,5.01,2.0
2001-07-18,15/01,2002-01-22,,300000000.0,300000000.0,1392000000.0,4.64,4.938,4.93,4.95,5.02,1.2
2001-08-01,16/01,2002-01-22,,500000000.0,499590000.0,2424590000.0,4.849,4.932,4.78,4.95,5.0,1.8
2001-08-22,17/01,2001-10-22,,300000000.0,300000000.0,2108000000.0,7.027,4.869,4.83,4.88,4.95,1.1
2001-08-22,17/01,2002-01-22,,200000000.0,200000000.0,1565000000.0,7.825,4.809,4.78,4.82,4.86,1.1
2001-09-05,18/01,2001-10-22,,200000000.0,200000000.0,730000000.0,3.65,4.65,4.65,4.65,4.72,0.0
2001-09-05,18/01,2002-01-22,,300000000.0,300000000.0,1763000000.0,5.877,4.664,4.65,4.67,4.72,0.6
2001-09-26,19/01,2002-01-22,,500000000.0,501500000.0,2726000000.0,5.452,4.299,4.25,4.31,4.5,1.1
2001-10-03,20/01,2002-01-22,,500000000.0,500000000.0,2125000000.0,4.25,4.299,4.28,4.3,4.4,0.1
2001-10-10,21/01,2002-04-23,,500000000.0,499000000.0,1520000000.0,3.04,4.1621,4.11,4.18,4.25,1.79
2001-10-24,22/01,2002-01-22,,300000000.0,300000000.0,1047000000.0,3.49,4.1817,4.17,4.19,4.26,0.83
2001-10-24,22/01,2002-04-23,,200000000.0,201000000.0,445000000.0,2.225,4.1314,4.09,4.15,4.2,1.86
2001-11-07,23/01,2002-04-23,,500000000.0,501000000.0,1455000000.0,2.91,4.021,3.97,4.04,4.09,1.9
2001-11-21,24/01,2002-01-22,,200000000.0,200000000.0,775000000.0,3.875,4.22,4.22,4.22,4.34,0.0
2001-11-21,24/01,2002-04-23,,300000000.0,300000000.0,809000000.0,2.697,4.2093,4.16,4.25,4.3,4.07
2001-12-05,25/01,2002-04-23,,500000000.0,501000000.0,1395000000.0,2.79,4.1501,4.12,4.17,4.23,1.99
2001-12-12,26/01,2002-04-23,,500000000.0,500000000.0,1380000000.0,2.76,4.1601,4.08,4.2,4.23,3.99
2002-01-09,01/02,2002-04-23,,200000000.0,201000000.0,1045000000.0,5.225,4.1503,4.14,4.16,4.21,0.97
2002-01-09,01/02,2002-07-23,,300000000.0,300000000.0,1410000000.0,4.7,4.1522,4.13,4.17,4.22,1.78
2002-01-30,02/02,2002-07-23,,500000000.0,500000000.0,940000000.0,1.88,4.233,4.17,4.3,4.33,6.7
2002-02-06,03/02,2002-04-23,,500000000.0,500000000.0,1435000000.0,2.87,4.191,4.17,4.2,4.3,0.9
2002-02-13,04/02,2002-04-23,,500000000.0,500000000.0,1900000000.0,3.8,4.25,4.25,4.25,4.28,0.0
2002-02-13,04/02,2002-07-23,,500000000.0,500500000.0,2293500000.0,4.587,4.266,4.24,4.28,4.4,1.4
2002-02-27,05/02,2002-07-23,,300000000.0,300000000.0,1007000000.0,3.357,4.3364,4.26,4.35,4.4,1.36
2002-03-13,06/02,2002-07-23,,400000000.0,401000000.0,1785000000.0,4.463,4.3765,4.35,4.38,4.45,0.35
2002-03-27,07/02,2002-07-23,,500000000.0,499500000.0,1817500000.0,3.635,4.6377,4.42,4.64,4.73,0.23
2002-04-03,08/02,2002-10-22,,500000000.0,500000000.0,1280000000.0,2.56,4.878,4.84,4.89,4.91,1.2
2002-04-10,09/02,2002-07-23,,800000000.0,800000000.0,3140000000.0,3.925,4.4979,4.47,4.51,4.65,1.21
2002-04-10,09/02,2002-10-22,,400000000.0,400000000.0,1890000000.0,4.725,4.7675,4.68,4.78,4.9,1.25
2002-08-28,10/02,2002-10-22,,1000000000.0,999000000.0,3800000000.0,3.8,4.8525,4.82,4.87,5.0,1.75
2002-09-04,11/02,2002-10-22,,1000000000.0,999000000.0,2901000000.0,2.901,4.7446,4.7,4.76,4.85,1.54
2002-09-11,12/02,2002-10-22,,1000000000.0,998000000.0,3536000000.0,3.536,4.7704,4.73,4.79,4.83,1.96
2002-09-17,13/02,2002-10-22,,1000000000.0,1000000000.0,1542000000.0,1.542,4.8574,4.8,4.9,4.92,4.26
2002-09-25,14/02,2002-11-21,,1000000000.0,1001000000.0,3819000000.0,3.819,4.853,4.77,4.87,4.97,1.7
2002-10-02,15/02,2002-11-21,,500000000.0,500000000.0,2456000000.0,4.912,4.8386,4.8,4.84,4.93,0.14
2002-10-02,15/02,2003-01-22,,500000000.0,500000000.0,2704000000.0,5.408,4.8542,4.83,4.86,4.97,0.58
2002-10-09,16/02,2003-01-22,,700000000.0,700000000.0,3555000000.0,5.079,4.8,4.8,4.8,4.9,0.0
2002-11-06,17/02,2003-01-22,,400000000.0,400400000.0,3208400000.0,8.021,4.7465,4.68,4.75,4.85,0.35
2002-11-06,17/02,2003-02-27,,600000000.0,600000000.0,3415000000.0,5.692,4.7626,4.72,4.77,4.83,0.74
2002-11-13,18/02,2003-01-22,,200000000.0,200000000.0,1375000000.0,6.875,4.7102,4.66,4.72,4.8,0.98
2002-11-13,18/02,2003-02-27,,400000000.0,400000000.0,1826000000.0,4.565,4.7023,4.68,4.71,4.77,0.77
2002-11-13,18/02,2003-03-13,,400000000.0,400000000.0,1824000000.0,4.56,4.6851,4.66,4.69,4.76,0.49
2002-11-20,19/02,2003-02-27,,300000000.0,300000000.0,2947000000.0,9.823,4.7104,4.69,4.72,4.78,0.96
2002-11-20,19/02,2003-03-13,,400000000.0,400000000.0,2901000000.0,7.253,4.7105,4.69,4.72,4.77,0.95
2002-11-20,19/02,2003-03-27,,300000000.0,300000000.0,2661000000.0,8.87,4.7183,4.68,4.72,4.79,0.17
2002-11-27,20/02,2003-02-27,,200000000.0,200000000.0,1765000000.0,8.825,4.7258,4.7,4.74,4.8,1.42
2002-11-27,20/02,2003-03-13,,300000000.0,300000000.0,2295000000.0,7.65,4.7278,4.71,4.73,4.8,0.22
2002-11-27,20/02,2003-03-27,,300000000.0,300000000.0,2335000000.0,7.783,4.7278,4.71,4.73,4.8,0.22
2002-12-04,21/02,2003-03-13,,200000000.0,200000000.0,1605000000.0,8.025,4.7293,4.72,4.73,4.84,0.07
2002-12-04,21/02,2003-03-27,,300000000.0,300000000.0,2260000000.0,7.533,4.735,4.72,4.74,4.8,0.5
2002-12-04,21/02,2003-04-10,,300000000.0,300000000.0,1865000000.0,6.217,4.7468,4.72,4.76,4.8,1.32
2002-12-11,22/02,2003-03-27,,200000000.0,200000000.0,1640000000.0,8.2,4.74,4.74,4.74,4.8,0.0
2002-12-11,22/02,2003-04-10,,400000000.0,400000000.0,2591000000.0,6.478,4.7424,4.7,4.75,4.8,0.76
2002-12-18,23/02,2003-03-13,,200000000.0,200000000.0,870000000.0,4.35,4.74,4.74,4.74,4.8,0.0
2002-12-18,23/02,2003-03-27,,200000000.0,200000000.0,1095000000.0,5.475,4.74,4.74,4.74,4.81,0.0
2003-01-08,01/03,2003-04-10,,200000000.0,199000000.0,1773000000.0,8.865,4.7185,4.71,4.72,4.77,0.15
2003-01-08,01/03,2003-04-24,,200000000.0,200000000.0,1341000000.0,6.705,4.726,4.72,4.73,4.77,0.4
2003-01-22,02/03,2003-04-24,,300000000.0,299000000.0,1842000000.0,6.14,4.7001,4.65,4.71,4.75,0.99
2003-01-29,03/03,2003-04-24,,300000000.0,299000000.0,2672000000.0,8.907,4.6959,4.69,4.7,4.77,0.41
2003-02-05,04/03,2003-04-24,,300000000.0,300000000.0,2337000000.0,7.79,4.6879,4.66,4.69,4.76,0.21
2003-10-01,05/03,2003-11-06,,800000000.0,800000000.0,4241000000.0,5.301,4.7564,4.74,4.77,4.83,1.36
2003-10-08,06/03,2003-11-06,,300000000.0,300000000.0,2205000000.0,7.35,4.75,4.75,4.75,4.79,0.0
2009-03-05,01/09,2009-04-17,,300000000.0,300000000.0,2154000000.0,7.2,3.184,3.14,3.19,3.37,0.6
2009-03-05,01/09,2009-06-05,,500000000.0,500000000.0,4463000000.0,8.9,3.061,2.85,3.12,3.37,5.9
2009-03-05,01/09,2009-09-04,,300000000.0,300000000.0,2866000000.0,9.6,2.924,2.62,2.97,3.17,4.6
2009-03-12,02/09,2009-06-12,,600000000.0,600000000.0,4850000000.0,8.1,2.7708,2.76,2.81,3.11,3.92
2009-03-12,02/09,2009-09-11,,500000000.0,500000000.0,4566000000.0,9.1,2.6765,2.6,2.71,2.97,3.35
2009-03-19,03/09,2009-06-19,,300000000.0,300000000.0,2624000000.0,8.8,2.6643,2.61,2.71,2.95,4.57
2009-03-19,03/09,2009-09-18,,300000000.0,300000000.0,2082000000.0,6.9,2.5955,2.5,2.62,2.85,2.45
2009-03-26,04/09,2009-06-26,,300000000.0,300000000.0,1982000000.0,6.61,2.856,2.8,2.88,3.18,2.4
2009-03-26,04/09,2009-09-25,,300000000.0,300000000.0,1730000000.0,5.77,2.8192,2.78,2.84,3.03,2.08
2009-04-02,05/09,2009-07-03,,300000000.0,300000000.0,1514000000.0,5.05,2.7797,2.77,2.79,3.1,1.03
2009-04-02,05/09,2009-10-02,,300000000.0,300000000.0,1380000000.0,4.6,2.7052,2.69,2.73,3.05,2.48
2009-04-16,06/09,2009-07-17,,300000000.0,300000000.0,1084000000.0,3.61,2.7383,2.73,2.75,3.05,1.17
2009-04-16,06/09,2009-10-16,,300000000.0,300000000.0,857000000.0,2.86,2.64,2.63,2.65,3.05,1.0
2009-04-16,06/09,2010-01-15,,300000000.0,300000000.0,400000000.0,1.33,2.8375,2.75,2.85,2.85,1.25
2009-04-23,07/09,2009-07-24,,600000000.0,600000000.0,2506000000.0,4.2,2.758,2.75,2.77,3.0,1.2
2009-04-23,07/09,2009-10-23,,600000000.0,600000000.0,1752000000.0,2.9,2.7588,2.74,2.78,2.95,2.12
2009-04-23,07/09,2010-01-22,,300000000.0,300000000.0,1645000000.0,5.5,2.83,2.8,2.84,3.0,1.0
2009-04-30,08/09,2009-07-31,,600000000.0,600000000.0,2093000000.0,3.5,2.7574,2.75,2.77,2.98,1.26
2009-04-30,08/09,2009-10-30,,600000000.0,600000000.0,2505000000.0,4.2,2.7271,2.68,2.78,3.0,5.29
2009-04-30,08/09,2010-01-29,,300000000.0,300000000.0,1425000000.0,4.8,2.7683,2.74,2.85,2.9,8.17
2009-05-07,09/09,2009-08-07,,600000000.0,600000000.0,1284000000.0,2.1,2.84,2.79,2.99,3.0,15.0
2009-05-07,09/09,2009-11-06,,600000000.0,600000000.0,1720000000.0,2.9,2.921,2.77,2.98,3.07,5.9
2009-05-07,09/09,2010-02-05,,300000000.0,300000000.0,1520000000.0,5.1,2.926,2.86,2.95,3.05,2.4
2009-05-14,10/09,2009-08-14,,600000000.0,601000000.0,2122000000.0,3.5,2.9875,2.95,3.0,3.13,1.25
2009-05-14,10/09,2009-11-13,,600000000.0,600000000.0,1670000000.0,2.8,3.0288,3.0,3.03,3.14,0.12
2009-05-14,10/09,2010-02-12,,300000000.0,300000000.0,1000000000.0,3.3,3.01,3.0,3.02,3.12,1.0
2009-05-21,11/09,2009-08-21,,600000000.0,600000000.0,2770000000.0,4.6,3.007,2.97,3.03,3.15,2.3
2009-05-21,11/09,2009-11-20,,600000000.0,600000000.0,2825000000.0,4.7,3.02,3.02,3.02,3.18,0.0
2009-05-21,11/09,2010-02-19,,300000000.0,300000000.0,1450000000.0,4.8,3.065,3.06,3.08,3.15,1.5
2009-05-28,12/09,2009-08-28,,600000000.0,600000000.0,2770000000.0,4.6,3.0475,3.01,3.07,3.2,2.25
2009-05-28,12/09,2009-11-27,,600000000.0,600000000.0,2640000000.0,4.4,3.06,3.06,3.06,3.22,0.0
2009-05-28,12/09,2010-02-26,,300000000.0,300000000.0,1700000000.0,5.7,3.08,3.08,3.08,3.2,0.0
2009-06-04,13/09,2009-09-04,,600000000.0,600000000.0,3497000000.0,5.8,3.0575,3.01,3.08,3.22,2.25
2009-06-04,13/09,2009-12-04,,600000000.0,600000000.0,3050000000.0,5.1,3.1017,3.05,3.12,3.21,1.83
2009-06-04,13/09,2010-03-05,,300000000.0,300000000.0,1350000000.0,4.5,3.13,3.12,3.14,3.25,1.0
2009-06-11,14/09,2009-07-24,,600000000.0,600000000.0,2763000000.0,4.6,3.0627,3.04,3.09,3.26,2.73
2009-06-11,14/09,2009-09-25,,600000000.0,600000000.0,3052000000.0,5.1,3.1092,3.07,3.12,3.27,1.08
2009-06-11,14/09,2010-01-22,,300000000.0,300000000.0,1100000000.0,3.7,3.21,3.2,3.22,3.3,1.0
2009-06-18,15/09,2009-07-24,,600000000.0,600000000.0,1510000000.0,2.5,3.069,3.06,3.08,3.25,1.1
2009-06-18,15/09,2009-09-25,,300000000.0,300000000.0,2285000000.0,7.6,3.095,3.09,3.1,3.28,0.5
2009-06-25,16/09,2009-07-24,,600000000.0,600000000.0,5368000000.0,9.0,3.0283,3.02,3.03,3.25,0.17
2009-06-25,16/09,2009-09-25,,299000000.0,299000000.0,3225000000.0,10.8,3.0366,2.99,3.06,3.25,2.34
2009-07-02,17/09,2009-10-23,,600000000.0,600000000.0,4120000000.0,6.9,3.0475,3.01,3.07,3.15,2.25
2009-07-02,17/09,2010-01-22,,300000000.0,300000000.0,2090000000.0,7.0,3.1537,3.1,3.17,3.25,1.63
2009-07-16,18/09,2009-10-23,,500000000.0,500000000.0,2104000000.0,4.2,3.0826,3.04,3.09,3.25,0.74
2009-07-16,18/09,2010-01-22,,300000000.0,300000000.0,1096000000.0,3.7,3.1817,3.15,3.19,3.35,0.83
2009-07-23,19/09,2009-10-23,,600000000.0,600000000.0,3984000000.0,6.6,3.0591,3.05,3.07,3.25,1.09
2009-07-23,19/09,2010-01-22,,300000000.0,300000000.0,1120000000.0,3.7,3.19,3.19,3.19,3.35,0.0
2009-08-06,20/09,2009-11-27,,300000000.0,300000000.0,1490000000.0,5.0,3.177,3.16,3.24,3.35,6.3
2009-08-06,20/09,2010-01-22,,300000000.0,300000000.0,1480000000.0,4.9,3.3477,3.33,3.37,3.47,2.23
2009-08-20,21/09,2009-11-27,,300000000.0,300000000.0,2972000000.0,9.9,3.14,3.14,3.14,3.3,0.0
2009-08-20,21/09,2010-01-22,,300000000.0,300000000.0,1377000000.0,4.6,3.3655,3.33,3.39,3.58,2.45
2009-09-03,22/09,2009-10-23,,300000000.0,300000000.0,2190000000.0,7.3,3.07,3.07,3.07,3.27,0.0
2009-09-17,23/09,2009-10-23,,299000000.0,299000000.0,1855000000.0,6.2,3.0366,3.03,3.05,3.18,1.34
2009-10-01,24/09,2010-01-08,,300000000.0,300000000.0,1300000000.0,4.3,3.2333,3.22,3.27,3.85,3.67
2009-10-01,24/09,2010-04-09,,300000000.0,300000000.0,1300000000.0,4.3,3.645,3.62,3.66,3.4,1.5
2009-10-15,25/09,2010-01-22,,300000000.0,300000000.0,890000000.0,3.0,3.5515,3.52,3.58,3.82,2.85
2009-10-22,26/09,2010-01-08,,600000000.0,600000000.0,2911000000.0,4.9,3.5434,3.51,3.57,4.0,2.66
2009-10-22,26/09,2010-04-23,,300000000.0,300000000.0,1450000000.0,4.8,4.0783,4.05,4.1,4.41,2.17
2009-10-29,27/09,2009-12-18,,600000000.0,600000000.0,2095000000.0,3.5,3.5449,3.47,3.64,3.79,9.51
2009-10-29,27/09,2010-02-12,,400000000.0,400000000.0,1240000000.0,3.1,3.8012,3.72,3.89,4.0,8.88
2009-11-12,28/09,2010-02-26,,600000000.0,600000000.0,3440000000.0,5.7,3.7593,3.73,3.77,3.93,1.07
2009-11-19,29/09,2010-02-26,,600000000.0,600000000.0,3190000000.0,5.32,3.6857,3.66,3.73,4.02,4.43
2009-11-26,30/09,2010-02-26,,600000000.0,600000000.0,1965000000.0,3.28,3.7925,3.75,3.81,3.92,1.75
2009-11-26,30/09,2010-05-21,,600000000.0,600000000.0,2640000000.0,4.4,4.1342,4.09,4.14,4.3,0.58
2009-12-03,31/09,2010-03-12,,600000000.0,600000000.0,3505000000.0,5.84,3.802,3.78,3.81,4.05,0.8
2009-12-10,32/09,2010-02-12,,300000000.0,300000000.0,1390000000.0,4.63,3.79,3.79,3.79,4.08,0.0
2009-12-10,32/09,2010-04-23,,300000000.0,300000000.0,1385000000.0,4.62,3.931,3.86,3.95,4.14,1.9
2009-12-17,33/09,2010-03-12,,300000000.0,300000000.0,511000000.0,1.7,3.8755,3.73,3.98,3.98,10.45
2009-12-17,33/09,2010-05-21,,600000000.0,600000000.0,1980000000.0,3.3,3.9963,3.97,4.01,4.25,1.37
2010-01-14,01/10,2010-03-12,,400000000.0,400000000.0,2113000000.0,5.28,3.8333,3.8,3.89,4.18,5.67
2010-01-14,01/10,2010-04-23,,600000000.0,600000000.0,2830000000.0,4.72,3.9555,3.88,4.05,4.27,9.45
2010-01-21,02/10,2010-02-26,,300000000.0,300000000.0,410000000.0,1.37,3.864,3.78,3.89,3.89,2.6
2010-01-21,02/10,2010-03-26,,800000000.0,800000000.0,2830000000.0,3.54,3.8784,3.85,3.92,4.1,4.16
2010-01-21,02/10,2010-05-21,,600000000.0,600000000.0,3490000000.0,5.82,3.948,3.88,4.05,4.23,10.2
2010-01-28,03/10,2010-05-07,,600000000.0,600000000.0,4512000000.0,7.52,3.9185,3.88,4.0,4.25,8.15
2010-02-04,04/10,2010-04-23,,500000000.0,500000000.0,2574000000.0,5.15,3.7964,3.78,3.82,4.03,2.36
2010-02-11,05/10,2010-05-07,,600000000.0,600000000.0,2888000000.0,4.81,3.7949,3.75,3.86,4.05,6.51
2010-02-11,05/10,2010-06-11,,300000000.0,300000000.0,1740000000.0,5.8,3.8197,3.79,3.9,4.14,8.03
2010-02-18,06/10,2010-05-07,,600000000.0,600000000.0,2771000000.0,4.62,3.8399,3.78,3.88,4.1,4.01
2010-02-18,06/10,2010-06-11,,300000000.0,300000000.0,1440000000.0,4.8,3.903,3.86,3.95,4.05,4.7
2010-02-25,07/10,2010-04-23,,600000000.0,600000000.0,3173000000.0,5.29,3.8522,3.8,3.9,4.09,4.78
2010-02-25,07/10,2010-05-21,,600000000.0,600000000.0,3195000000.0,5.32,3.8991,3.83,3.95,4.15,5.09
2010-02-25,07/10,2010-07-23,,300000000.0,300000000.0,1771000000.0,5.9,4.0241,3.97,4.06,4.25,3.59
2010-03-04,08/10,2010-06-11,,600000000.0,600000000.0,2258000000.0,3.76,3.9728,3.94,4.06,4.18,8.72
2010-03-11,09/10,2010-06-11,,600000000.0,600000000.0,1940000000.0,3.23,4.1044,4.05,4.16,4.24,5.56
2010-03-11,09/10,2010-07-23,,300000000.0,300000000.0,1285000000.0,4.28,4.2062,4.01,4.23,4.35,2.38
2010-03-18,10/10,2010-06-11,,600000000.0,600000000.0,2465000000.0,4.11,4.1753,4.04,4.19,4.4,1.47
2010-03-25,11/10,2010-06-25,,600000000.0,600000000.0,2040000000.0,3.4,4.2108,4.17,4.24,4.3,2.92
2010-03-25,11/10,2010-08-13,,300000000.0,300000000.0,705000000.0,2.35,4.3472,4.2,4.37,4.39,2.28
2010-04-08,12/10,2010-07-23,,600000000.0,600000000.0,2340000000.0,3.9,4.4224,4.35,4.44,4.6,1.76
2010-04-08,12/10,2010-08-13,,300000000.0,300000000.0,1355000000.0,4.52,4.44,4.44,4.44,4.65,0.0
2010-04-15,13/10,2010-07-23,,400000000.0,400000000.0,2121000000.0,5.3,4.447,4.4,4.46,4.64,1.3
2010-04-22,14/10,2010-07-23,,600000000.0,600000000.0,2700000000.0,4.5,4.3978,4.37,4.41,4.52,1.22
2010-04-22,14/10,2010-08-13,,600000000.0,600000000.0,2300000000.0,3.83,4.4875,4.45,4.52,4.71,3.25
2010-04-22,14/10,2010-09-10,,300000000.0,300000000.0,1596000000.0,5.32,4.5655,4.35,4.58,4.77,1.45
2010-04-29,15/10,2010-08-13,,400000000.0,400000000.0,1350000000.0,3.4,4.5662,4.55,4.58,4.65,1.38
2010-05-06,16/10,2010-08-13,,600000000.0,600000000.0,2210000000.0,3.68,4.5922,4.57,4.62,4.68,2.78
2010-05-06,16/10,2010-11-26,,600000000.0,600000000.0,1415000000.0,2.34,4.7938,4.73,4.83,5.23,3.62
2010-05-13,17/10,2010-09-24,,400000000.0,400000000.0,2320000000.0,5.8,4.5775,4.56,4.63,4.83,5.25
2010-05-20,18/10,2010-08-13,,600000000.0,600000000.0,3509000000.0,5.85,4.5213,4.5,4.55,4.69,2.87
2010-05-20,18/10,2010-09-24,,600000000.0,600000000.0,2915000000.0,4.86,4.5496,4.54,4.55,4.7,0.04
2010-05-20,18/10,2010-11-26,,300000000.0,300000000.0,1340000000.0,4.47,4.6652,4.62,4.68,4.8,1.48
2010-05-27,19/10,2010-09-24,,400000000.0,400000000.0,2795000000.0,6.99,4.4,4.4,4.4,4.75,0.0
2010-06-03,20/10,2010-09-10,,600000000.0,600000000.0,4099000000.0,6.83,4.5271,4.45,4.55,4.71,2.29
2010-06-10,21/10,2010-09-24,,600000000.0,600000000.0,3505000000.0,5.84,4.5179,4.5,4.55,4.9,3.21
2010-06-10,21/10,2010-12-17,,600000000.0,600000000.0,2770000000.0,4.62,4.666,4.6,4.71,5.02,4.4
2010-06-17,22/10,2010-09-24,,600000000.0,600000000.0,3150000000.0,5.25,4.5642,4.5,4.59,4.8,2.58
2010-06-17,22/10,2010-11-26,,600000000.0,600000000.0,1930000000.0,3.22,4.71,4.6,4.75,4.86,4.0
2010-06-24,23/10,2010-10-22,,400000000.0,400000000.0,1648000000.0,4.12,4.5728,4.54,4.64,4.86,6.72
2010-07-08,24/10,2010-10-22,,300000000.0,300000000.0,1498000000.0,4.99,4.5999,4.55,4.63,4.76,3.01
2010-07-15,25/10,2010-10-22,,500000000.0,500000000.0,1240000000.0,2.48,4.6164,4.55,4.7,4.96,8.36
2010-07-22,26/10,2010-10-22,,500000000.0,500000000.0,2270000000.0,4.54,4.5985,4.59,4.62,4.77,2.15
2010-07-29,27/10,2010-10-22,,500000000.0,500000000.0,2785000000.0,5.57,4.5462,4.52,4.55,4.76,0.38
2010-08-05,28/10,2010-11-12,,500000000.0,500000000.0,3820000000.0,7.64,4.544,4.53,4.55,4.8,0.6
2010-08-12,29/10,2010-10-22,,1000000000.0,1000000000.0,3705000000.0,3.7,4.5005,4.43,4.51,4.69,0.95
2010-08-12,29/10,2010-11-12,,600000000.0,600000000.0,4015000000.0,6.69,4.5,4.49,4.51,4.7,1.0
2010-08-12,29/10,2011-01-21,,300000000.0,300000000.0,1962000000.0,6.54,4.623,4.57,4.65,4.78,2.7
2010-08-19,30/10,2010-10-22,,1000000000.0,1000000000.0,3838000000.0,3.84,4.5159,4.49,4.54,4.63,2.41
2010-08-19,30/10,2010-11-26,,800000000.0,800000000.0,4960000000.0,6.2,4.4864,4.48,4.5,4.7,1.36
2010-08-26,31/10,2010-11-12,,1000000000.0,1000000000.0,4140000000.0,4.14,4.495,4.45,4.52,4.6,2.5
2010-08-26,31/10,2010-12-17,,800000000.0,800000000.0,3045000000.0,3.81,4.5184,4.48,4.54,4.65,2.16
2010-09-02,32/10,2010-10-22,,1000000000.0,1000000000.0,1680000000.0,1.68,4.5923,4.53,4.6,4.63,0.77
2010-09-02,32/10,2010-11-26,,600000000.0,600000000.0,1275000000.0,2.12,4.5656,4.48,4.61,4.68,4.44
2010-09-02,32/10,2011-01-21,,300000000.0,300000000.0,1195000000.0,3.98,4.566,4.53,4.6,4.75,3.4
2010-09-09,33/10,2010-10-22,,300000000.0,300000000.0,1500000000.0,5.0,4.5833,4.55,4.6,4.85,1.67
2010-09-09,33/10,2010-12-17,,600000000.0,600000000.0,3205000000.0,5.34,4.6292,4.59,4.65,4.88,2.08
2010-09-09,33/10,2011-02-11,,600000000.0,600000000.0,3245000000.0,5.41,4.6546,4.61,4.68,5.0,2.54
2010-09-16,34/10,2010-11-12,,600000000.0,600000000.0,2080000000.0,3.47,4.6499,4.6,4.68,4.92,3.01
2010-09-16,34/10,2010-12-03,,600000000.0,600000000.0,2240000000.0,3.73,4.66,4.57,4.69,4.94,3.0
2010-09-23,35/10,2010-12-03,,600000000.0,600000000.0,2400000000.0,4.0,4.7405,4.69,4.81,4.95,6.95
2010-09-23,35/10,2011-01-21,,1000000000.0,1000000000.0,3315000000.0,3.32,4.815,4.77,4.92,5.05,10.5
2010-09-23,35/10,2011-02-11,,600000000.0,600000000.0,1815000000.0,3.02,4.9354,4.83,5.02,5.05,8.46
2010-09-30,36/10,2010-12-03,,300000000.0,300000000.0,1955000000.0,6.52,4.794,4.78,4.8,5.09,0.6
2010-09-30,36/10,2011-01-21,,600000000.0,600000000.0,2620000000.0,4.37,4.9027,4.84,4.92,5.19,1.73
2010-10-07,37/10,2011-01-21,,600000000.0,600000000.0,4753000000.0,7.92,4.6707,4.65,4.7,4.97,2.93
2010-10-14,38/10,2011-01-21,,1000000000.0,1000000000.0,6000000000.0,6.0,4.6796,4.65,4.7,5.11,2.04
2010-10-21,39/10,2011-02-25,,1000000000.0,1000000000.0,6808000000.0,6.81,4.6867,4.66,4.7,4.97,1.33
2010-10-28,40/10,2011-01-21,,1000000000.0,1000000000.0,6485000000.0,6.48,4.64,4.61,4.66,4.8,2.0
2010-10-28,40/10,2011-02-25,,600000000.0,600000000.0,3980000000.0,6.63,4.675,4.67,4.68,4.9,0.5
2010-11-04,41/10,2011-01-21,,1000000000.0,1000000000.0,5710000000.0,5.71,4.83,4.78,4.84,4.99,1.0
2010-11-04,41/10,2011-02-25,,600000000.0,600000000.0,4213000000.0,7.02,4.8593,4.82,4.88,5.01,2.07
2010-11-11,42/10,2011-01-21,,1000000000.0,1000000000.0,3295000000.0,3.3,4.859,4.82,4.89,4.99,3.1
2010-11-11,42/10,2011-02-11,,600000000.0,600000000.0,3067000000.0,5.11,4.8572,4.84,4.9,5.01,4.28
2010-11-11,42/10,2011-04-29,,600000000.0,600000000.0,3070000000.0,5.12,4.9633,4.93,4.99,5.15,2.67
2010-11-18,43/10,2011-02-25,,1000000000.0,1000000000.0,5080000000.0,5.08,4.8644,4.84,4.88,5.06,1.56
2010-11-18,43/10,2011-03-25,,600000000.0,600000000.0,3725000000.0,6.21,4.9191,4.9,4.93,5.13,1.09
2010-11-25,44/10,2011-01-21,,300000000.0,300000000.0,1650000000.0,5.5,4.826,4.8,4.85,4.97,2.4
2010-11-25,44/10,2011-02-25,,1000000000.0,1000000000.0,4415000000.0,4.42,4.8643,4.84,4.88,5.0,1.57
2010-11-25,44/10,2011-04-29,,600000000.0,600000000.0,3459000000.0,5.76,4.9216,4.88,4.94,5.15,1.84
2010-12-02,45/10,2011-02-11,,1000000000.0,1000000000.0,4467000000.0,4.47,4.8252,4.78,4.84,4.9,1.48
2010-12-02,45/10,2011-03-25,,300000000.0,300000000.0,2555000000.0,8.52,4.8317,4.83,4.84,4.95,0.83
2010-12-09,46/10,2011-02-11,,600000000.0,600000000.0,2820000000.0,4.7,4.8263,4.81,4.84,4.95,1.37
2010-12-09,46/10,2011-04-29,,600000000.0,600000000.0,2915000000.0,4.86,4.8702,4.84,4.89,5.0,1.98
2010-12-16,47/10,2011-02-11,,500000000.0,500000000.0,3435000000.0,6.87,4.82,4.8,4.83,5.01,1.0
2011-01-13,01/11,2011-03-11,,800000000.0,800000000.0,3455000000.0,4.32,4.8036,4.76,4.82,4.99,1.64
2011-01-13,01/11,2011-04-29,,1000000000.0,1000000000.0,4712000000.0,4.71,4.837,4.79,4.86,5.12,2.3
2011-01-20,02/11,2011-03-25,,1000000000.0,1000000000.0,6058000000.0,6.06,4.7922,4.77,4.8,4.95,0.78
2011-01-20,02/11,2011-05-27,,1000000000.0,1000000000.0,6487000000.0,6.49,4.8075,4.79,4.83,5.0,2.25
2011-01-27,03/11,2011-03-25,,800000000.0,800000000.0,5030000000.0,6.29,4.7756,4.74,4.79,4.9,1.44
2011-01-27,03/11,2011-04-29,,1200000000.0,1200000000.0,5515000000.0,4.6,4.8162,4.79,4.83,4.94,1.38
2011-02-03,04/11,2011-03-25,,1000000000.0,1000000000.0,4645000000.0,4.64,4.8169,4.8,4.83,5.0,1.31
2011-02-03,04/11,2011-04-29,,1000000000.0,1000000000.0,5210000000.0,5.21,4.8222,4.79,4.84,5.0,1.78
2011-02-03,04/11,2011-05-27,,1000000000.0,1000000000.0,5345000000.0,5.34,4.8171,4.8,4.85,4.95,3.29
2011-02-10,05/11,2011-04-29,,1000000000.0,1000000000.0,6569000000.0,6.57,4.8116,4.79,4.82,4.9,0.84
2011-02-10,05/11,2011-05-13,,800000000.0,800000000.0,6250000000.0,7.81,4.8072,4.79,4.82,4.93,1.28
2011-02-17,06/11,2011-05-13,,600000000.0,600000000.0,5260000000.0,8.77,4.8088,4.8,4.82,4.91,1.12
2011-02-24,07/11,2011-04-29,,1000000000.0,1000000000.0,6692000000.0,6.69,4.7807,4.76,4.79,4.9,0.93
2011-02-24,07/11,2011-07-22,,600000000.0,600000000.0,7063000000.0,11.77,4.8326,4.82,4.84,5.0,0.74
2011-03-03,08/11,2011-05-27,,500000000.0,500000000.0,5320000000.0,10.64,4.7534,4.73,4.76,4.92,0.66
2011-03-10,09/11,2011-09-09,,300000000.0,300000000.0,3521000000.0,11.74,4.7483,4.74,4.75,5.12,0.17
2011-03-17,10/11,2011-05-27,,600000000.0,600000000.0,5505000000.0,9.18,4.6701,4.63,4.69,4.82,1.99
2011-03-24,11/11,2011-06-10,,900000000.0,900000000.0,4902000000.0,5.45,4.7037,4.67,4.73,4.87,2.63
2011-03-24,11/11,2011-09-09,,600000000.0,600000000.0,3745000000.0,6.24,4.7466,4.71,4.77,5.0,2.34
2011-03-31,12/11,2011-07-22,,800000000.0,800000000.0,4559000000.0,5.7,4.7447,4.71,4.78,4.94,3.53
2011-04-07,13/11,2011-06-10,,300000000.0,300000000.0,2990000000.0,9.97,4.7553,4.74,4.77,4.85,1.47
2011-04-14,14/11,2011-07-22,,500000000.0,500000000.0,4117000000.0,8.23,4.7807,4.77,4.79,4.95,0.93
2011-04-28,15/11,2011-07-22,,1000000000.0,1000000000.0,4713000000.0,4.71,4.7345,4.7,4.75,4.92,1.55
2011-04-28,15/11,2011-08-12,,1000000000.0,1000000000.0,4882000000.0,4.88,4.7501,4.72,4.78,4.96,2.99
2011-05-05,16/11,2011-07-22,,1000000000.0,1000000000.0,6231000000.0,6.23,4.7296,4.71,4.75,5.0,2.04
2011-05-12,17/11,2011-07-22,,600000000.0,600000000.0,4709000000.0,7.85,4.7441,4.73,4.76,5.0,1.59
2011-05-12,17/11,2011-08-12,,600000000.0,600000000.0,4378000000.0,7.3,4.8096,4.76,4.84,5.05,3.04
2011-05-19,18/11,2011-07-22,,1000000000.0,1000000000.0,6205000000.0,6.2,4.751,4.73,4.76,5.0,0.9
2011-05-19,18/11,2011-08-12,,600000000.0,600000000.0,4514000000.0,7.52,4.7797,4.76,4.81,4.87,3.03
2011-05-26,19/11,2011-07-22,,1000000000.0,1000000000.0,5087000000.0,5.09,4.751,4.69,4.78,4.9,2.9
2011-05-26,19/11,2011-08-12,,1000000000.0,1000000000.0,5692000000.0,5.69,4.765,4.74,4.78,4.95,1.5
2011-06-02,20/11,2011-09-09,,500000000.0,500000000.0,2949000000.0,5.9,4.8011,4.72,4.82,5.0,1.89
2011-06-09,21/11,2011-07-22,,500000000.0,500000000.0,2935000000.0,5.87,4.7472,4.73,4.75,5.0,0.28
2011-06-09,21/11,2011-08-12,,500000000.0,500000000.0,3141000000.0,6.28,4.7458,4.71,4.76,5.0,1.42
2011-06-16,22/11,2011-07-22,,500000000.0,500000000.0,4104000000.0,8.21,4.706,4.7,4.71,4.85,0.4
2011-06-16,22/11,2011-08-12,,1000000000.0,1000000000.0,7359000000.0,7.36,4.7064,4.7,4.71,4.95,0.36
2011-06-23,23/11,2011-08-12,,1000000000.0,1000000000.0,5041000000.0,5.04,4.7137,4.68,4.75,4.95,3.63
2011-06-23,23/11,2011-09-09,,1000000000.0,1000000000.0,5665000000.0,5.66,4.7308,4.69,4.76,5.0,2.92
2011-06-23,23/11,2011-10-21,,500000000.0,500000000.0,3036000000.0,6.07,4.7315,4.7,4.75,5.0,1.85
2011-07-07,24/11,2011-09-09,,500000000.0,500000000.0,2043000000.0,4.09,4.7083,4.68,4.72,4.82,1.17
2011-07-14,25/11,2011-09-09,,500000000.0,500000000.0,2450000000.0,4.9,4.6829,4.66,4.71,4.78,2.71
2011-07-14,25/11,2011-10-21,,800000000.0,800000000.0,3435000000.0,4.29,4.6493,4.62,4.69,4.83,4.07
2011-07-21,26/11,2011-10-21,,1000000000.0,1000000000.0,6510000000.0,6.51,4.6352,4.63,4.64,4.81,0.48
2011-07-21,26/11,2011-11-11,,1000000000.0,1000000000.0,5704000000.0,5.7,4.6354,4.63,4.65,4.83,1.46
2011-07-28,27/11,2011-10-21,,500000000.0,500000000.0,4291000000.0,8.58,4.64,4.64,4.64,5.0,0.0
2011-08-04,28/11,2011-10-21,,500000000.0,500000000.0,2179000000.0,4.36,4.5644,4.44,4.58,4.9,1.56
2011-08-04,28/11,2011-11-11,,300000000.0,300000000.0,1595000000.0,5.32,4.5477,4.49,4.58,4.74,3.23
2011-08-11,29/11,2011-10-21,,1000000000.0,1000000000.0,4215000000.0,4.22,4.1715,4.1,4.25,4.7,7.85
2011-08-11,29/11,2011-11-11,,1000000000.0,1000000000.0,4441000000.0,4.44,3.9886,3.95,4.1,4.75,11.14
2011-08-18,30/11,2011-10-21,,1000000000.0,1000000000.0,4810000000.0,4.81,4.3347,4.25,4.44,4.8,10.53
2011-08-25,31/11,2011-10-21,,600000000.0,600000000.0,3828000000.0,6.38,4.359,4.25,4.39,4.75,3.1
2011-08-25,31/11,2011-11-11,,1000000000.0,1000000000.0,5535000000.0,5.54,4.3114,4.28,4.35,4.75,3.86
2011-09-01,32/11,2011-11-11,,1000000000.0,1000000000.0,2822000000.0,2.82,4.4924,4.3,4.52,4.75,2.76
2011-09-01,32/11,2011-12-16,,500000000.0,500000000.0,1840000000.0,3.68,4.3549,4.27,4.4,4.75,4.51
2011-09-08,33/11,2011-11-11,,1000000000.0,1000000000.0,2363000000.0,2.36,4.4722,4.42,4.55,4.75,7.78
2011-09-08,33/11,2011-12-16,,500000000.0,500000000.0,1113000000.0,2.23,4.3769,4.32,4.44,4.7,6.31
2011-09-15,34/11,2011-11-11,,1000000000.0,1000000000.0,1922000000.0,1.92,4.5494,4.36,4.7,4.85,15.06
2011-09-22,35/11,2011-12-16,,500000000.0,500000000.0,3049000000.0,6.1,4.4679,4.28,4.59,4.8,12.21
2011-09-29,36/11,2011-12-16,,500000000.0,500000000.0,2429000000.0,4.86,4.594,4.36,4.67,4.8,7.6
2011-10-06,37/11,2011-12-16,,500000000.0,500000000.0,2116000000.0,4.23,4.6459,4.63,4.66,4.8,1.41
2011-10-06,37/11,2012-02-03,,500000000.0,500000000.0,1970000000.0,3.94,4.5152,4.44,4.57,4.75,5.48
2011-10-13,38/11,2011-12-16,,500000000.0,500000000.0,2265000000.0,4.53,4.6726,4.62,4.7,4.82,2.74
2011-10-13,38/11,2012-02-03,,500000000.0,500000000.0,2275000000.0,4.55,4.5785,4.5,4.6,4.8,2.15
2011-10-20,39/11,2012-02-03,,1000000000.0,1000000000.0,5421000000.0,5.42,4.5699,4.53,4.61,4.75,4.01
2011-10-20,39/11,2012-03-09,,1000000000.0,1000000000.0,5420000000.0,5.42,4.5228,4.45,4.56,4.75,3.72
2011-10-27,40/11,2012-02-03,,1000000000.0,1000000000.0,4269000000.0,4.27,4.4691,4.34,4.52,4.78,5.09
2011-11-03,41/11,2012-02-03,,1000000000.0,1000000000.0,5831000000.0,5.83,4.382,4.35,4.39,4.67,0.8
2011-11-10,42/11,2012-02-24,,1000000000.0,1000000000.0,3558000000.0,3.56,4.2191,4.12,4.26,4.67,4.09
2011-11-10,42/11,2012-03-09,,1000000000.0,1000000000.0,3051000000.0,3.05,4.1684,4.13,4.24,4.61,7.16
2011-11-17,43/11,2012-02-24,,500000000.0,500000000.0,4101000000.0,8.2,4.186,4.18,4.19,4.57,0.4
2011-11-24,44/11,2012-03-09,,500000000.0,500000000.0,3185000000.0,6.37,4.0352,4.0,4.04,4.56,0.48
2011-12-01,45/11,2012-02-24,,500000000.0,500000000.0,2611000000.0,5.22,4.1227,4.07,4.16,4.55,3.73
2011-12-08,46/11,2012-03-09,,1000000000.0,1000000000.0,3470000000.0,3.47,4.0286,3.99,4.07,4.59,4.14
2011-12-15,47/11,2012-02-24,,1000000000.0,1000000000.0,3123000000.0,3.12,4.0656,4.0,4.15,4.25,8.44
2011-12-15,47/11,2012-03-09,,1000000000.0,1000000000.0,2420000000.0,2.42,4.0332,3.95,4.1,4.17,6.68
2011-12-15,47/11,2012-04-27,,1000000000.0,1000000000.0,2295000000.0,2.3,3.8631,3.79,3.95,4.1,8.69
2012-02-02,01/12,2012-04-27,,1000000000.0,1000000000.0,3584000000.0,3.58,3.9319,3.87,3.95,4.25,1.81
2012-02-02,01/12,2012-05-11,,1000000000.0,1000000000.0,3864000000.0,3.86,3.897,3.81,3.94,4.25,4.3
2012-02-09,02/12,2012-05-11,,1000000000.0,1000000000.0,2293000000.0,2.29,4.1316,4.05,4.2,4.36,6.84
2012-02-09,02/12,2012-06-08,,600000000.0,600000000.0,1980000000.0,3.3,4.126,4.05,4.15,4.32,2.4
2012-02-16,03/12,2012-04-27,,1000000000.0,1000000000.0,2231000000.0,2.23,4.1736,4.12,4.2,4.37,2.64
2012-02-16,03/12,2012-05-11,,1000000000.0,1000000000.0,2988000000.0,2.99,4.1598,4.11,4.18,4.34,2.02
2012-02-23,04/12,2012-04-27,,1000000000.0,1000000000.0,2560000000.0,2.56,4.1976,4.17,4.22,4.43,2.24
2012-02-23,04/12,2012-05-11,,1000000000.0,1000000000.0,3505000000.0,3.5,4.1738,4.14,4.2,4.41,2.62
2012-02-23,04/12,2012-06-08,,1000000000.0,1000000000.0,2950000000.0,2.95,4.1839,4.15,4.2,4.37,1.61
2012-03-01,05/12,2012-05-11,,1000000000.0,1000000000.0,2725000000.0,2.72,4.2308,4.17,4.25,4.39,1.92
2012-03-01,05/12,2012-06-08,,1000000000.0,1000000000.0,3338000000.0,3.34,4.2162,4.14,4.25,4.36,3.38
2012-03-08,06/12,2012-05-11,,1000000000.0,1000000000.0,3138000000.0,3.14,4.2074,4.18,4.23,4.34,2.26
2012-03-08,06/12,2012-07-27,,1000000000.0,1000000000.0,4148000000.0,4.15,4.1649,4.12,4.19,4.3,2.51
2012-03-15,07/12,2012-06-08,,500000000.0,500000000.0,3268000000.0,6.54,4.2181,4.21,4.22,4.37,0.19
2012-03-22,08/12,2012-06-08,,500000000.0,500000000.0,3289000000.0,6.58,4.1964,4.19,4.21,4.37,1.36
2012-03-29,09/12,2012-06-08,,500000000.0,500000000.0,3105000000.0,6.21,4.153,4.15,4.16,4.41,0.7
2012-03-29,09/12,2012-07-27,,500000000.0,500000000.0,3745000000.0,7.49,4.065,4.06,4.07,4.33,0.5
2012-04-12,10/12,2012-07-27,,500000000.0,500000000.0,3215000000.0,6.43,4.0172,3.96,4.04,4.21,2.28
2012-04-19,11/12,2012-07-27,,500000000.0,500000000.0,3700000000.0,7.4,3.942,3.9,3.95,4.15,0.8
2012-04-26,12/12,2012-07-27,,1000000000.0,1000000000.0,2957000000.0,2.96,3.8134,3.75,3.85,4.1,3.66
2012-04-26,12/12,2012-08-10,,1000000000.0,1000000000.0,3147000000.0,3.15,3.8125,3.75,3.86,4.1,4.75
2012-05-03,13/12,2012-07-27,,1000000000.0,1000000000.0,5585000000.0,5.58,3.6403,3.61,3.66,3.92,1.97
2012-05-10,14/12,2012-07-27,,1000000000.0,1000000000.0,4518000000.0,4.52,3.4768,3.4,3.5,3.67,2.32
2012-05-10,14/12,2012-09-07,,1000000000.0,1000000000.0,5391000000.0,5.39,3.4123,3.38,3.43,3.6,1.77
2012-05-17,15/12,2012-07-27,,500000000.0,500000000.0,3625000000.0,7.25,3.4732,3.46,3.48,3.75,0.68
2012-05-24,16/12,2012-08-10,,500000000.0,500000000.0,3366000000.0,6.73,3.2508,3.2,3.28,3.7,2.92
2012-05-31,17/12,2012-08-10,,500000000.0,500000000.0,3320000000.0,6.64,3.166,3.1,3.21,3.5,4.4
2012-06-07,18/12,2012-09-07,,1000000000.0,1000000000.0,3623000000.0,3.62,3.1702,3.13,3.2,3.45,2.98
2012-06-07,18/12,2012-10-26,,1000000000.0,1000000000.0,3612000000.0,3.61,3.0304,2.99,3.07,3.25,3.96
2012-06-14,19/12,2012-09-07,,500000000.0,500000000.0,2608000000.0,5.22,3.2197,3.2,3.25,3.4,3.03
2012-06-21,20/12,2012-09-07,,500000000.0,500000000.0,1978000000.0,3.96,3.353,3.28,3.39,3.5,3.7
2012-06-28,21/12,2012-09-07,,500000000.0,500000000.0,3405000000.0,6.81,3.3895,3.33,3.4,3.55,1.05
2012-07-05,22/12,2012-09-07,,500000000.0,500000000.0,3617000000.0,7.23,3.4738,3.4,3.48,3.65,0.62
2012-07-12,23/12,2012-10-26,,500000000.0,500000000.0,2910000000.0,5.82,3.3565,3.32,3.37,3.48,1.35
2012-07-19,24/12,2012-10-26,,500000000.0,500000000.0,4413000000.0,8.83,3.3338,3.33,3.35,3.55,1.62
2012-07-26,25/12,2012-10-26,,1000000000.0,1000000000.0,5646000000.0,5.65,3.181,3.18,3.19,3.5,0.9
2012-07-26,25/12,2012-11-09,,1000000000.0,1000000000.0,4144000000.0,4.14,3.2283,3.19,3.25,3.4,2.17
2012-08-02,26/12,2012-10-26,,1000000000.0,1000000000.0,4199000000.0,4.2,3.3215,3.1,3.35,3.5,2.85
2012-08-02,26/12,2012-11-09,,1000000000.0,1000000000.0,4425000000.0,4.42,3.3057,3.2,3.34,3.5,3.43
2012-08-09,27/12,2012-10-26,,1000000000.0,1000000000.0,3468000000.0,3.47,3.4008,3.34,3.45,3.57,4.92
2012-08-09,27/12,2012-12-14,,1000000000.0,1000000000.0,2615000000.0,2.62,3.3586,3.31,3.38,3.5,2.14
2012-08-16,28/12,2012-10-26,,1000000000.0,1000000000.0,4570000000.0,4.57,3.4932,3.47,3.5,3.64,0.68
2012-08-23,29/12,2012-11-09,,1000000000.0,1000000000.0,3750000000.0,3.75,3.4867,3.47,3.49,3.62,0.33
2012-08-30,30/12,2012-11-09,,500000000.0,500000000.0,3245000000.0,6.49,3.4881,3.48,3.49,3.62,0.19
2012-08-30,30/12,2012-12-14,,500000000.0,500000000.0,3540000000.0,7.08,3.416,3.4,3.42,3.55,0.4
2012-09-06,31/12,2012-11-09,,1000000000.0,1000000000.0,4380000000.0,4.38,3.4205,3.36,3.45,3.55,2.95
2012-09-06,31/12,2013-01-25,,1000000000.0,1000000000.0,4329000000.0,4.33,3.282,3.25,3.3,3.48,1.8
2012-09-13,32/12,2012-12-14,,500000000.0,500000000.0,3546000000.0,7.09,3.3957,3.32,3.41,3.56,1.43
2012-09-13,32/12,2013-01-25,,500000000.0,500000000.0,2615000000.0,5.23,3.338,3.33,3.35,3.49,1.2
2012-09-20,33/12,2012-12-14,,500000000.0,500000000.0,1255000000.0,2.51,3.3542,3.34,3.36,3.42,0.58
2012-09-20,33/12,2013-01-25,,500000000.0,500000000.0,1990000000.0,3.98,3.2788,3.26,3.29,3.4,1.12
2012-09-27,34/12,2013-01-25,,500000000.0,500000000.0,2310000000.0,4.62,3.2171,3.18,3.25,3.44,3.29
2012-09-27,34/12,2013-02-08,,500000000.0,500000000.0,1823000000.0,3.65,3.2197,3.2,3.24,3.42,2.03
2012-10-04,35/12,2012-12-14,,500000000.0,500000000.0,2828000000.0,5.66,3.188,3.17,3.2,3.33,1.2
2012-10-04,35/12,2013-01-25,,500000000.0,500000000.0,3115000000.0,6.23,3.1482,3.11,3.15,3.26,0.18
2012-10-11,36/12,2013-01-25,,500000000.0,500000000.0,2885000000.0,5.77,3.096,3.08,3.11,3.2,1.4
2012-10-11,36/12,2013-02-08,,500000000.0,500000000.0,2786000000.0,5.57,3.1117,3.1,3.12,3.2,0.83
2012-10-18,37/12,2013-01-25,,1000000000.0,1000000000.0,4095000000.0,4.1,3.1101,3.1,3.13,3.22,1.99
2012-10-18,37/12,2013-02-08,,500000000.0,500000000.0,3107000000.0,6.21,3.1041,3.09,3.12,3.22,1.59
2012-10-25,38/12,2013-02-08,,1000000000.0,1000000000.0,5041000000.0,5.04,3.0419,3.01,3.07,3.19,2.81
2012-10-25,38/12,2013-03-22,,1000000000.0,1000000000.0,5298000000.0,5.3,3.0202,2.98,3.05,3.16,2.98
2012-11-01,39/12,2013-01-25,,500000000.0,500000000.0,3530000000.0,7.06,3.0401,3.01,3.06,3.24,1.99
2012-11-08,40/12,2013-02-08,,1000000000.0,1000000000.0,5503000000.0,5.5,3.1219,3.09,3.15,3.25,2.81
2012-11-08,40/12,2013-04-12,,1000000000.0,1000000000.0,5685000000.0,5.68,3.05,3.0,3.08,3.22,3.0
2012-11-15,41/12,2013-01-25,,500000000.0,500000000.0,2717000000.0,5.434,3.1166,3.0,3.14,3.29,2.34
2012-11-15,41/12,2013-03-22,,500000000.0,500000000.0,3505000000.0,7.01,3.0413,2.96,3.06,3.24,1.87
2012-11-22,42/12,2013-03-22,,1000000000.0,1000000000.0,4226000000.0,4.226,3.0784,3.04,3.09,3.25,1.16
2012-11-22,42/12,2013-04-12,,1000000000.0,1000000000.0,4025000000.0,4.025,3.0608,3.03,3.09,3.25,2.92
2012-11-29,43/12,2013-02-08,,1000000000.0,1000000000.0,4000000000.0,4.0,3.139,3.07,3.16,3.29,2.1
2012-11-29,43/12,2013-03-22,,1000000000.0,1000000000.0,4461000000.0,4.461,3.0955,3.03,3.11,3.28,1.45
2012-12-06,44/12,2013-02-08,,1000000000.0,1000000000.0,3440000000.0,3.44,3.062,3.05,3.07,3.23,0.8
2012-12-06,44/12,2013-04-12,,1000000000.0,1000000000.0,5020000000.0,5.02,2.958,2.95,2.99,3.14,3.2
2012-12-13,45/12,2013-02-08,,1000000000.0,1000000000.0,2188000000.0,2.188,3.0524,3.02,3.08,3.14,2.76
2012-12-13,45/12,2013-03-22,,1000000000.0,1000000000.0,2726000000.0,2.726,2.9963,2.94,3.02,3.12,2.37
2012-12-13,45/12,2013-05-24,,1000000000.0,1000000000.0,2833000000.0,2.833,2.944,2.88,2.96,3.11,1.6
2012-12-20,46/12,2013-04-12,,1000000000.0,1000000000.0,4940000000.0,4.94,2.9744,2.96,2.98,3.19,0.56
2013-01-10,01/13,2013-03-22,,500000000.0,500000000.0,3100000000.0,6.2,2.963,2.94,2.99,3.06,2.7
2013-01-17,02/13,2013-04-12,,1000000000.0,1000000000.0,5785000000.0,5.785,2.9614,2.94,2.98,3.03,1.86
2013-01-24,03/13,2013-04-12,,1000000000.0,1000000000.0,6580000000.0,6.58,2.8957,2.87,2.91,3.06,1.43
2013-01-24,03/13,2013-05-24,,1000000000.0,1000000000.0,4519000000.0,4.519,2.8763,2.8,2.89,3.04,1.37
2013-01-31,04/13,2013-05-24,,1000000000.0,1000000000.0,5410000000.0,5.41,2.898,2.86,2.91,2.97,1.2
2013-02-07,05/13,2013-05-24,,1000000000.0,1000000000.0,6465000000.0,6.466,2.877,2.84,2.89,2.95,1.3
2013-02-07,05/13,2013-06-07,,500000000.0,500000000.0,2928000000.0,5.854,2.8802,2.84,2.89,2.98,0.98
2013-02-14,06/13,2013-05-24,,1000000000.0,1000000000.0,5595000000.0,5.595,2.9172,2.88,2.93,3.1,1.28
2013-02-21,07/13,2013-05-24,,1000000000.0,1000000000.0,6490000000.0,6.49,2.9055,2.9,2.91,2.99,0.45
2013-02-28,08/13,2013-06-07,,1000000000.0,1000000000.0,5244000000.0,5.244,2.8675,2.83,2.88,3.0,1.25
2013-03-07,09/13,2013-06-07,,1000000000.0,1000000000.0,3805000000.0,3.805,2.9422,2.91,2.95,3.03,0.78
2013-03-14,10/13,2013-06-07,,1000000000.0,1000000000.0,4133000000.0,4.133,2.9701,2.92,2.98,3.08,0.99
2013-03-21,11/13,2013-05-24,,500000000.0,500000000.0,2551000000.0,5.102,2.954,2.92,2.97,3.05,1.6
2013-03-21,11/13,2013-06-07,,1000000000.0,1000000000.0,4780000000.0,4.78,2.943,2.92,2.96,3.04,1.7
2013-04-04,12/13,2013-06-07,,1000000000.0,1000000000.0,7873000000.0,7.873,2.9474,2.93,2.96,3.06,1.26
2013-04-11,13/13,2013-07-26,,1000000000.0,1000000000.0,6497000000.0,6.497,2.8977,2.88,2.92,3.09,2.23
2013-04-11,13/13,2013-08-23,,500000000.0,500000000.0,4016000000.0,8.032,2.894,2.85,2.91,3.09,1.6
2013-04-18,14/13,2013-07-26,,1000000000.0,1000000000.0,5536000000.0,5.536,2.8441,2.83,2.85,2.99,0.59
2013-05-02,15/13,2013-07-26,,500000000.0,500000000.0,2881000000.0,5.762,2.7891,2.78,2.79,2.91,0.09
2013-05-09,16/13,2013-07-26,,500000000.0,500000000.0,3270000000.0,6.54,2.632,2.61,2.64,2.79,0.8
2013-05-16,17/13,2013-07-26,,500000000.0,500000000.0,3601000000.0,7.202,2.5935,2.54,2.62,2.79,2.65
2013-05-23,18/13,2013-08-23,,500000000.0,500000000.0,3956000000.0,7.912,2.5249,2.49,2.55,2.81,2.51
2013-06-06,19/13,2013-09-27,,1000000000.0,1000000000.0,5815000000.0,5.815,2.4944,2.43,2.53,2.61,3.56
2013-07-18,20/13,2013-10-25,,1000000000.0,1000000000.0,6266000000.0,6.266,2.4824,2.44,2.5,2.75,1.76
2013-07-25,21/13,2013-10-25,,1000000000.0,1000000000.0,5295000000.0,5.295,2.3805,2.37,2.4,2.64,1.95
2013-07-25,21/13,2013-11-08,,1000000000.0,1000000000.0,4406000000.0,4.406,2.3969,2.37,2.4,2.65,0.31
2013-08-01,22/13,2013-10-25,,500000000.0,500000000.0,2253000000.0,4.506,2.3413,2.31,2.35,2.5,0.87
2013-08-08,23/13,2013-11-08,,500000000.0,500000000.0,1830000000.0,3.66,2.346,2.31,2.35,2.5,0.4
2013-08-15,24/13,2013-10-25,,500000000.0,500000000.0,2356000000.0,4.712,2.3539,2.3,2.36,2.6,0.61
2013-08-22,25/13,2013-11-08,,1000000000.0,1000000000.0,4739000000.0,4.739,2.3483,2.32,2.37,2.44,2.17
2013-09-26,26/13,2014-01-24,,500000000.0,500000000.0,2704000000.0,5.408,2.3539,2.28,2.38,2.59,2.61
2013-09-26,26/13,2014-02-21,,500000000.0,500000000.0,3106000000.0,6.212,2.3506,2.29,2.37,2.58,1.94
2013-10-03,27/13,2014-01-24,,500000000.0,500000000.0,1940000000.0,3.88,2.3856,2.36,2.4,2.47,1.44
2013-10-10,28/13,2014-01-24,,500000000.0,500000000.0,1940000000.0,3.88,2.4086,2.35,2.42,2.58,1.14
2013-10-17,29/13,2014-02-21,,1000000000.0,1000000000.0,2935000000.0,2.935,2.4602,2.43,2.47,2.64,0.98
2013-10-24,30/13,2014-01-24,,1000000000.0,1000000000.0,3132000000.0,3.132,2.4484,2.41,2.48,2.61,3.16
2013-10-24,30/13,2014-02-21,,500000000.0,500000000.0,2310000000.0,4.62,2.4599,2.42,2.48,2.62,2.01
2013-10-31,31/13,2014-01-24,,1000000000.0,1000000000.0,2992000000.0,2.992,2.4688,2.45,2.47,2.58,0.12
2013-11-07,32/13,2014-01-24,,1000000000.0,1000000000.0,2895000000.0,2.895,2.4755,2.43,2.49,2.6,1.45
2013-11-07,32/13,2014-03-07,,500000000.0,500000000.0,1781000000.0,3.562,2.4831,2.45,2.5,2.6,1.69
2013-11-14,33/13,2014-01-24,,500000000.0,500000000.0,1141000000.0,2.28,2.4799,2.46,2.5,2.6,2.01
2013-11-14,33/13,2014-03-07,,500000000.0,500000000.0,1465000000.0,2.93,2.4765,2.46,2.49,2.6,1.35
2013-11-21,34/13,2014-01-24,,500000000.0,500000000.0,1250000000.0,2.5,2.511,2.49,2.52,2.57,0.9
2013-11-21,34/13,2014-03-07,,500000000.0,500000000.0,1465000000.0,2.93,2.4996,2.48,2.51,2.58,1.04
2014-05-08,01/14,2014-08-08,,500000000.0,500000000.0,2515000000.0,5.03,2.4814,2.45,2.5,2.68,1.86
2014-05-08,01/14,2014-10-24,,500000000.0,500000000.0,2046000000.0,4.092,2.4709,2.32,2.51,2.7,3.91
2014-05-15,02/14,2014-08-08,,500000000.0,500000000.0,1460000000.0,2.92,2.5104,2.48,2.52,2.69,0.96
2014-05-15,02/14,2014-10-24,,500000000.0,500000000.0,1305000000.0,2.61,2.5107,2.48,2.52,2.71,0.93
2014-05-22,03/14,2014-08-08,,500000000.0,500000000.0,1525000000.0,3.05,2.5302,2.51,2.55,2.69,1.98
2014-05-22,03/14,2014-10-24,,500000000.0,500000000.0,1425000000.0,2.85,2.5367,2.51,2.55,2.69,1.33
2014-05-29,04/14,2014-08-08,,500000000.0,500000000.0,1229000000.0,2.458,2.5588,2.55,2.57,2.69,1.12
2014-05-29,04/14,2014-10-24,,500000000.0,500000000.0,1169000000.0,2.338,2.5622,2.55,2.57,2.71,0.78
2014-06-12,05/15,2014-08-08,,500000000.0,500000000.0,2847000000.0,5.694,2.4706,2.41,2.53,2.67,5.94
2014-06-26,06/14,2014-10-24,,500000000.0,500000000.0,2340000000.0,4.68,2.4979,2.45,2.52,2.72,2.21
2014-07-03,07/14,2014-12-05,,500000000.0,500000000.0,1380000000.0,2.76,2.532,2.48,2.56,2.7,2.8
2014-07-17,08/14,2014-12-05,,500000000.0,500000000.0,1841000000.0,3.682,2.5398,2.47,2.56,2.65,2.02
2014-07-31,09/14,2014-12-05,,500000000.0,500000000.0,2090000000.0,4.18,2.5393,2.52,2.55,2.63,1.07
2014-08-14,10/14,2015-01-23,,500000000.0,500000000.0,2620000000.0,5.24,2.5069,2.48,2.52,2.61,1.31
2014-08-21,11/14,2015-01-23,,500000000.0,500000000.0,2277000000.0,4.554,2.48,2.48,2.48,2.64,0.0
2014-08-28,12/14,2015-01-23,,500000000.0,500000000.0,2185000000.0,4.37,2.49,2.49,2.49,2.63,0.0
2014-09-04,13/14,2014-12-05,,500000000.0,500000000.0,1390000000.0,2.78,2.5329,2.5,2.55,2.63,1.71
2014-09-04,13/14,2015-01-23,,500000000.0,500000000.0,1400000000.0,2.8,2.5249,2.49,2.54,2.65,1.51
2014-09-11,14/14,2015-01-23,,500000000.0,500000000.0,1112000000.0,2.224,2.55084,2.51,2.56,2.65,0.92
2014-09-18,15/14,2015-01-23,,500000000.0,500000000.0,750000000.0,1.5,2.573,2.56,2.59,2.59,1.7
2014-10-02,16/14,2015-02-27,,500000000.0,500000000.0,1385000000.0,2.77,2.56976,2.55,2.59,2.73,2.02
2014-10-09,17/14,2015-02-27,,500000000.0,500000000.0,1672000000.0,3.344,2.56408,2.54,2.57,2.72,0.59
2014-10-23,18/14,2015-02-27,,500000000.0,500000000.0,2390000000.0,4.78,2.497,2.45,2.5,2.74,0.3
2014-10-30,19/14,2015-02-27,,500000000.0,500000000.0,2065000000.0,4.13,2.4894,2.4,2.5,2.6,1.06
2014-11-06,20/14,2015-02-27,,500000000.0,500000000.0,1545000000.0,3.09,2.50892,2.45,2.52,2.74,1.11
2014-11-13,21/14,2015-02-27,,500000000.0,500000000.0,1265000000.0,2.53,2.5461,2.5,2.56,2.79,1.39
2014-11-27,22/14,2015-02-27,,500000000.0,500000000.0,2860000000.0,5.72,2.4991,2.48,2.5,2.75,0.09
2014-12-04,23/14,2015-02-27,,500000000.0,500000000.0,2025000000.0,4.05,2.464,2.44,2.48,2.53,1.6
2014-12-04,23/14,2015-04-24,,500000000.0,500000000.0,2835000000.0,5.67,2.44,2.44,2.44,2.54,0.0
2014-12-11,24/14,2015-04-24,,500000000.0,500000000.0,2726000000.0,5.452,2.40264,2.39,2.42,2.69,1.74
2015-01-22,01/15,2015-04-24,,1000000000.0,1000000000.0,2535000000.0,2.535,2.382,2.34,2.41,2.55,2.8
2015-01-22,01/15,2015-06-12,,500000000.0,500000000.0,1393000000.0,2.786,2.35238,2.3,2.37,2.5,1.76
2015-01-29,02/15,2015-04-24,,500000000.0,500000000.0,1399000000.0,2.798,2.349,2.23,2.37,2.55,2.1
2015-02-05,03/15,2015-04-24,,500000000.0,500000000.0,1230000000.0,2.46,2.2327,2.15,2.25,2.4,1.73
2015-02-12,04/15,2015-04-24,,500000000.0,500000000.0,1775000000.0,3.55,2.177,2.17,2.19,2.4,1.3
2015-02-19,05/15,2015-06-12,,500000000.0,500000000.0,2420000000.0,4.84,2.0784,2.04,2.1,2.3,2.16
2015-02-26,06/15,2015-06-12,,1000000000.0,1000000000.0,2574000000.0,2.574,2.0827,2.05,2.1,2.25,1.73
2015-03-05,07/15,2015-06-12,,500000000.0,500000000.0,1565000000.0,3.13,2.1224,2.08,2.14,2.25,1.76
2015-03-12,08/15,2015-06-12,,500000000.0,500000000.0,2195000000.0,4.39,2.131,2.1,2.15,2.25,1.9
2015-03-19,09/15,2015-06-12,,500000000.0,500000000.0,1850000000.0,3.7,2.1445,2.1,2.16,2.25,1.55
2015-04-09,10/15,2015-08-07,,500000000.0,500000000.0,1618000000.0,3.236,1.9947,1.97,2.02,2.18,2.53
2015-04-16,11/15,2015-08-07,,500000000.0,500000000.0,1840000000.0,3.68,1.9986,1.97,2.05,2.15,5.14
2015-04-23,12/15,2015-08-07,,500000000.0,500000000.0,2337000000.0,4.674,2.0563,2.02,2.1,2.25,4.37
2015-04-30,13/15,2015-08-07,,500000000.0,500000000.0,1631000000.0,3.262,2.06452,2.03,2.09,2.15,2.55
2015-05-07,14/15,2015-08-07,,500000000.0,500000000.0,1634000000.0,3.268,2.02596,2.0,2.04,2.11,1.4
2015-05-14,15/15,2015-08-07,,500000000.0,500000000.0,1495000000.0,2.99,2.0331,1.99,2.05,2.14,1.69
2015-05-21,16/15,2015-08-07,,500000000.0,500000000.0,2115000000.0,4.23,2.02458,2.02,2.03,2.17,0.54
2015-05-28,17/15,2015-10-23,,500000000.0,500000000.0,1770000000.0,3.54,2.0066,1.99,2.02,2.1,1.34
2015-06-04,18/15,2015-10-23,,500000000.0,500000000.0,1795000000.0,3.59,2.003,1.99,2.01,2.12,0.7
2015-06-11,19/15,2015-10-23,,500000000.0,500000000.0,1654000000.0,3.308,2.00052,1.97,2.01,2.06,0.95
2015-06-18,20/15,2015-10-23,,500000000.0,500000000.0,1413000000.0,2.826,1.99274,1.98,2.0,2.09,0.73
2015-06-25,21/15,2015-10-23,,500000000.0,500000000.0,1535000000.0,3.07,2.0054,1.99,2.02,2.09,1.46
2015-07-02,22/15,2015-10-23,,500000000.0,500000000.0,1915000000.0,3.83,2.0088,1.99,2.02,2.06,1.12
2015-07-09,23/15,2015-10-23,,500000000.0,500000000.0,1505000000.0,3.01,1.99,1.97,2.0,2.05,1.0
2015-07-16,24/15,2015-10-23,,500000000.0,500000000.0,1860000000.0,3.72,2.0098,1.99,2.02,2.07,1.02
2015-07-23,25/15,2015-12-11,,500000000.0,500000000.0,1935000000.0,3.87,1.9961,1.98,2.01,2.08,1.39
2015-07-30,26/15,2015-12-11,,500000000.0,500000000.0,1570000000.0,3.14,1.98766,1.95,2.01,2.05,2.23
2015-08-06,27/15,2015-12-11,,500000000.0,500000000.0,1999000000.0,3.998,1.99374,1.97,2.01,2.1,1.63
2015-08-13,28/15,2015-12-11,,500000000.0,500000000.0,1944000000.0,3.888,1.99392,1.96,2.0,2.05,0.61
2015-08-20,29/15,2015-12-11,,500000000.0,500000000.0,1874000000.0,3.748,1.99786,1.97,2.0,2.1,0.21
2015-08-27,30/15,2015-12-11,,500000000.0,500000000.0,1830000000.0,3.66,1.9908,1.97,2.0,2.04,0.92
2015-09-03,31/15,2015-12-11,,500000000.0,500000000.0,1361000000.0,2.722,2.00346,1.98,2.02,2.09,1.65
2015-09-10,32/15,2015-12-11,,500000000.0,500000000.0,1586000000.0,3.172,2.0302,2.0,2.04,2.09,0.98
2015-09-17,33/15,2015-12-11,,500000000.0,500000000.0,1873000000.0,3.746,2.03824,1.98,2.06,2.12,2.18
2015-09-24,34/15,2016-02-26,,500000000.0,500000000.0,1456000000.0,2.912,2.01438,1.98,2.04,2.13,2.56
2015-10-01,35/15,2016-02-26,,500000000.0,500000000.0,990000000.0,1.98,2.0324,2.0,2.05,2.12,1.76
2015-10-22,36/15,2016-02-26,,500000000.0,500000000.0,2010000000.0,4.02,1.94222,1.89,1.97,2.07,2.78
2015-10-29,37/15,2016-02-26,,500000000.0,500000000.0,1195000000.0,2.39,1.852,1.81,1.88,2.0,2.8
2015-11-05,38/15,2016-02-26,,500000000.0,500000000.0,1015000000.0,2.03,2.0081,1.96,2.05,2.1,4.19
2015-11-12,39/15,2016-02-26,,500000000.0,500000000.0,1880000000.0,3.76,2.029,2.01,2.05,2.15,2.1
2015-11-19,40/15,2016-02-26,,500000000.0,500000000.0,1465000000.0,2.93,2.0675,2.03,2.09,2.19,2.25
2015-11-26,41/15,2016-02-26,,500000000.0,500000000.0,1467000000.0,2.934,2.0671,2.04,2.08,2.15,1.29
2015-12-03,42/15,2016-04-22,,500000000.0,500000000.0,1807000000.0,3.614,2.04796,2.02,2.07,2.25,2.2
2015-12-10,43/15,2016-04-22,,500000000.0,500000000.0,1350000000.0,2.7,2.01228,1.99,2.03,2.16,1.77
2015-12-17,44/15,2016-04-22,,500000000.0,500000000.0,1950000000.0,3.9,2.06088,2.02,2.1,2.19,3.91
2016-01-14,01/16,2016-04-22,,500000000.0,500000000.0,1325000000.0,2.65,2.028,1.99,2.05,2.16,2.2
2016-01-21,02/16,2016-04-22,,500000000.0,500000000.0,1720000000.0,3.44,2.0142,1.97,2.05,2.13,3.58
2016-01-28,03/16,2016-04-22,,500000000.0,500000000.0,1805000000.0,3.61,2.04188,1.94,2.07,2.12,2.81
2016-02-04,04/16,2016-04-22,,500000000.0,500000000.0,1375000000.0,2.75,2.0725,2.05,2.09,2.18,1.75
2016-02-18,05/16,2016-06-03,,500000000.0,500000000.0,1812000000.0,3.624,2.012,2.0,2.02,2.19,0.8
2016-02-25,06/16,2016-06-03,,500000000.0,500000000.0,1901000000.0,3.802,2.01424,1.99,2.03,2.13,1.58
2016-03-03,07/16,2016-06-03,,500000000.0,500000000.0,1454000000.0,2.908,2.04298,2.02,2.06,2.13,1.7
2016-03-17,08/16,2016-08-26,,500000000.0,500000000.0,1849000000.0,3.698,2.02412,1.99,2.05,2.2,2.59
2016-03-31,09/16,2016-08-26,,500000000.0,500000000.0,1030000000.0,2.06,2.0722,2.03,2.09,2.17,1.78
2016-04-07,10/16,2016-08-26,,500000000.0,500000000.0,1050000000.0,2.1,2.0732,2.05,2.09,2.15,1.68
2016-04-14,11/16,2016-08-26,,500000000.0,500000000.0,1080000000.0,2.16,2.0886,2.05,2.11,2.17,2.14
2016-04-21,12/16,2016-07-29,,500000000.0,500000000.0,1150000000.0,2.3,2.0725,2.02,2.1,2.12,2.75
2016-05-12,13/16,2016-07-29,,500000000.0,500000000.0,1437000000.0,2.874,1.77064,1.68,1.82,1.88,4.94
2016-05-26,14/16,2016-08-26,,500000000.0,500000000.0,1415000000.0,2.83,1.7529,1.73,1.77,1.84,1.71
2016-06-02,15/16,2016-08-26,,500000000.0,500000000.0,1371000000.0,2.742,1.76366,1.75,1.78,1.89,1.63
2016-06-09,16/16,2016-10-28,,500000000.0,500000000.0,1978000000.0,3.956,1.7614,1.71,1.78,1.92,1.86
2016-06-23,17/16,2016-10-28,,500000000.0,500000000.0,2171000000.0,4.342,1.72766,1.7,1.75,1.98,2.23
2016-07-07,18/16,2016-10-28,,500000000.0,500000000.0,1510000000.0,3.02,1.7093,1.65,1.75,1.9,4.07
2016-07-21,19/16,2016-10-28,,500000000.0,500000000.0,1566000000.0,3.132,1.734,1.7,1.75,1.86,1.6
2016-07-28,20/16,2016-12-09,,500000000.0,500000000.0,1855000000.0,3.71,1.6408,1.63,1.65,1.76,0.92
2016-08-11,21/16,2016-12-09,,500000000.0,500000000.0,1684000000.0,3.368,1.5321,1.5,1.6,1.76,6.79
2016-08-25,22/16,2016-12-09,,500000000.0,500000000.0,1422000000.0,2.844,1.54332,1.5,1.58,1.75,3.67
2016-09-08,23/16,2016-12-09,,500000000.0,500000000.0,1970000000.0,3.94,1.5606,1.52,1.59,1.8,2.94
2016-09-22,24/16,2017-02-24,,500000000.0,500000000.0,1458000000.0,2.916,1.58838,1.55,1.61,1.75,2.16
2016-10-06,25/16,2017-02-24,,500000000.0,500000000.0,1365000000.0,2.73,1.6186,1.59,1.66,1.8,4.14
2016-10-20,26/16,2017-02-24,,500000000.0,500000000.0,2130000000.0,4.26,1.6391,1.62,1.65,1.88,1.09
2016-10-27,27/16,2017-02-24,,500000000.0,500000000.0,1738000000.0,3.476,1.62036,1.58,1.63,1.72,0.96
2016-11-10,28/16,2017-02-24,,500000000.0,500000000.0,930000000.0,1.86,1.6392,1.59,1.68,1.78,4.08
2016-11-24,29/16,2017-04-28,,500000000.0,500000000.0,1760000000.0,3.52,1.6486,1.62,1.67,1.84,2.14
2016-12-08,30/16,2017-04-28,,500000000.0,500000000.0,2194000000.0,4.388,1.59534,1.57,1.62,1.83,2.47
2017-01-19,01/17,2017-04-28,,500000000.0,500000000.0,1734000000.0,3.468,1.62264,1.6,1.65,1.83,2.74
2017-02-02,02/17,2017-04-28,,500000000.0,500000000.0,983000000.0,1.966,1.663,1.61,1.69,1.85,2.7
2017-02-16,03/17,2017-06-23,,500000000.0,500000000.0,1670000000.0,3.34,1.5687,1.52,1.6,1.83,3.13
2017-02-23,04/17,2017-06-23,,500000000.0,500000000.0,1905000000.0,3.81,1.55608,1.5,1.58,1.8,2.39
2017-03-09,05/17,2017-06-23,,500000000.0,500000000.0,2094000000.0,4.188,1.5414,1.51,1.57,1.8,2.86
2017-03-23,06/17,2017-06-23,,500000000.0,500000000.0,1955000000.0,3.91,1.56122,1.54,1.58,1.8,1.88
2017-04-06,07/17,2017-08-25,,500000000.0,500000000.0,2015000000.0,4.03,1.5522,1.53,1.57,1.7,1.78
2017-04-20,08/17,2017-08-25,,500000000.0,500000000.0,1703000000.0,3.406,1.551,1.53,1.57,1.8,1.9
2017-04-27,09/17,2017-08-25,,500000000.0,500000000.0,1714000000.0,3.428,1.53596,1.45,1.55,1.8,1.4
2017-05-11,10/17,2017-08-25,,500000000.0,500000000.0,1305000000.0,2.61,1.5871,1.55,1.61,1.8,2.29
2017-05-25,11/17,2017-08-25,,500000000.0,500000000.0,1055000000.0,2.11,1.5929,1.58,1.61,1.69,1.71
2017-06-08,12/17,2017-10-27,,500000000.0,500000000.0,1845000000.0,3.69,1.6242,1.58,1.66,1.81,3.58
2017-06-22,13/17,2017-10-27,,500000000.0,500000000.0,2005000000.0,4.01,1.61,1.58,1.62,1.75,1.0
2017-07-06,14/17,2017-10-27,,500000000.0,500000000.0,1671000000.0,3.342,1.6224,1.59,1.64,1.7,1.76
2017-07-20,15/17,2017-10-27,,500000000.0,500000000.0,1594000000.0,3.188,1.63564,1.6,1.66,1.72,2.44
2017-08-03,16/17,2017-10-27,,500000000.0,500000000.0,1330000000.0,2.66,1.6703,1.64,1.69,1.73,1.97
2017-08-17,17/17,2017-12-08,,500000000.0,500000000.0,1625000000.0,3.25,1.6501,1.63,1.69,1.8,3.99
2017-08-24,18/17,2017-12-08,,500000000.0,500000000.0,2288000000.0,4.576,1.6605,1.62,1.68,1.75,1.95
2017-09-07,19/17,2017-12-08,,500000000.0,500000000.0,2105000000.0,4.21,1.663,1.64,1.68,1.77,1.7
2017-09-21,20/17,2017-12-08,,500000000.0,500000000.0,1650000000.0,3.3,1.7081,1.7,1.72,1.8,1.19
2017-10-05,21/17,2017-12-08,,500000000.0,500000000.0,1970000000.0,3.94,1.7124,1.69,1.72,1.76,0.76
2017-10-19,22/17,2018-02-23,,500000000.0,500000000.0,2990000000.0,5.98,1.7198,1.7,1.74,1.81,2.02
2017-10-26,23/17,2018-02-23,,1000000000.0,1000000000.0,3741000000.0,3.741,1.72622,1.7,1.75,1.8,2.38
2017-11-09,24/17,2018-02-23,,500000000.0,500000000.0,1926000000.0,3.852,1.71734,1.67,1.73,1.78,1.27
2017-11-23,25/17,2018-02-23,,500000000.0,500000000.0,2230000000.0,4.46,1.7244,1.7,1.73,1.77,0.56
2017-12-07,26/17,2018-04-27,,1000000000.0,1000000000.0,3560000000.0,3.56,1.72415,1.71,1.75,1.85,2.58
2018-01-25,01/18,2018-04-27,,500000000.0,500000000.0,2575000000.0,5.15,1.6774,1.67,1.69,1.8,1.26
2018-02-08,02/18,2018-04-27,,500000000.0,500000000.0,2210000000.0,4.42,1.6869,1.66,1.71,1.76,2.31
2018-02-22,03/18,2018-06-22,,500000000.0,500000000.0,3030000000.0,6.06,1.69238,1.65,1.71,1.87,1.76
2018-03-08,04/18,2018-06-22,,500000000.0,500000000.0,1673000000.0,3.346,1.68298,1.64,1.71,1.95,2.7
2018-03-22,05/18,2018-06-22,,500000000.0,500000000.0,1886000000.0,3.772,1.73542,1.71,1.77,2.5,3.46
2018-04-05,06/18,2018-06-22,,500000000.0,500000000.0,1264000000.0,2.528,1.9444,1.83,1.98,2.02,3.56
2018-04-19,07/18,2018-06-22,,500000000.0,500000000.0,2719000000.0,5.438,1.96658,1.95,1.98,2.1,1.34
2018-04-26,08/18,2018-08-24,,500000000.0,500000000.0,2266000000.0,4.532,1.93,1.9,1.97,2.1,4.0
2018-05-10,09/18,2018-08-24,,500000000.0,500000000.0,3315000000.0,6.63,1.8894,1.85,1.9,1.99,1.06
2018-05-24,10/18,2018-08-24,,500000000.0,500000000.0,2637000000.0,5.274,1.83718,1.8,1.85,1.95,1.28
2018-06-07,11/18,2018-08-24,,500000000.0,500000000.0,1426000000.0,2.852,1.88086,1.84,1.92,2.07,3.91
2018-06-21,12/18,2018-10-12,,500000000.0,500000000.0,2595000000.0,5.19,1.8993,1.8,1.95,2.14,5.07
2018-07-05,13/18,2018-10-12,,500000000.0,500000000.0,2010000000.0,4.02,1.85108,1.8,1.87,2.06,1.89
2018-07-19,14/18,2018-10-12,,500000000.0,500000000.0,2440000000.0,4.88,1.9708,1.95,1.99,2.25,1.92
2018-08-02,15/18,2018-10-12,,500000000.0,500000000.0,2400000000.0,4.8,1.9438,1.92,1.95,2.1,0.62
2018-08-16,16/18,2018-10-12,,500000000.0,500000000.0,2130000000.0,4.26,1.9073,1.89,1.91,2.15,0.27
2018-08-23,17/18,2018-12-07,,500000000.0,500000000.0,2300000000.0,4.6,1.91674,1.89,1.94,2.02,2.33
2018-09-06,18/18,2018-12-07,,500000000.0,500000000.0,3002000000.0,6.004,1.91402,1.88,1.93,2.02,1.6
2018-09-20,19/18,2018-12-07,,500000000.0,500000000.0,2235000000.0,4.47,1.9092,1.9,1.91,2.2,0.08
2018-10-04,20/18,2018-12-07,,500000000.0,500000000.0,2860000000.0,5.72,1.862,1.86,1.87,1.98,0.8
2018-10-11,21/18,2019-02-22,,500000000.0,500000000.0,2795000000.0,5.59,1.83426,1.8,1.86,2.02,2.57
2018-10-25,22/18,2019-02-22,,500000000.0,500000000.0,2500000000.0,5.0,1.81292,1.78,1.83,2.0,1.71
2018-11-08,23/18,2019-02-22,,500000000.0,500000000.0,2255000000.0,4.51,1.853,1.8,1.87,1.99,1.7
2018-11-22,24/18,2019-02-22,,500000000.0,500000000.0,1410000000.0,2.82,1.9299,1.87,1.95,2.0,2.01
2018-12-06,25/18,2019-04-12,,500000000.0,500000000.0,2443000000.0,4.886,1.86322,1.82,1.9,2.08,3.68
2018-12-20,26/18,2019-04-12,,500000000.0,500000000.0,2050000000.0,4.1,1.86,1.8,1.95,2.25,9.0
2019-01-17,01/19,2019-04-12,,500000000.0,500000000.0,1826000000.0,3.652,1.96026,1.86,2.0,2.12,3.97
2019-01-31,02/19,2019-04-12,,500000000.0,500000000.0,1891000000.0,3.782,2.01146,1.97,2.04,2.11,2.85
2019-02-14,03/19,2019-04-12,,500000000.0,500000000.0,2170000000.0,4.34,1.9478,1.9,1.98,2.12,3.22
2019-02-21,04/19,2019-06-21,,500000000.0,500000000.0,2660000000.0,5.32,1.89828,1.85,1.92,2.07,2.17
2019-03-07,05/19,2019-06-21,,500000000.0,500000000.0,2571000000.0,5.142,1.8082,1.75,1.83,2.0,2.18
2019-03-21,06/19,2019-06-21,,500000000.0,500000000.0,2208000000.0,4.416,1.72908,1.67,1.75,1.85,2.09
2019-04-04,07/19,2019-06-21,,500000000.0,500000000.0,2172000000.0,4.344,1.71354,1.67,1.74,1.95,2.65
2019-04-11,08/19,2019-08-23,,500000000.0,500000000.0,2550000000.0,5.1,1.68652,1.63,1.7,1.82,1.35
2019-05-02,09/19,2019-08-23,,500000000.0,500000000.0,2420000000.0,4.84,1.5634,1.55,1.59,1.8,2.66
2019-05-16,10/19,2019-08-23,,500000000.0,500000000.0,1958000000.0,3.916,1.55486,1.5,1.6,1.73,4.51
2019-05-30,11/19,2019-08-23,,500000000.0,500000000.0,2206000000.0,4.412,1.40944,1.29,1.42,1.63,1.06
2019-06-13,12/19,2019-08-23,,500000000.0,500000000.0,2313000000.0,4.626,1.3498,1.34,1.35,1.55,0.02
2019-06-20,13/19,2019-10-25,,500000000.0,500000000.0,2492000000.0,4.984,1.19136,1.18,1.23,1.4,3.86
2019-07-04,14/19,2019-10-25,,500000000.0,500000000.0,2493000000.0,4.986,1.10102,1.04,1.12,1.26,1.9
2019-07-18,15/19,2019-10-25,,500000000.0,500000000.0,1615000000.0,3.23,1.1035,1.08,1.12,1.19,1.65
2019-07-25,16/19,2019-10-25,,500000000.0,500000000.0,1950000000.0,3.9,1.0592,1.04,1.06,1.35,0.08
2019-08-01,17/19,2019-10-25,,500000000.0,500000000.0,2481000000.0,4.962,1.03134,0.9,1.05,1.21,1.87
2019-08-08,18/19,2020-02-21,,500000000.0,500000000.0,2140000000.0,4.28,0.9184,0.88,0.95,1.1,3.16
2019-08-08,18/19,2019-11-22,,500000000.0,500000000.0,2020000000.0,4.04,1.0031,0.96,1.03,1.11,2.69
2019-08-15,19/19,2019-11-22,,1000000000.0,1000000000.0,3310000000.0,3.31,0.98745,0.95,1.01,1.23,2.25
2019-08-22,20/19,2020-02-21,,500000000.0,500000000.0,1685000000.0,3.37,0.957,0.92,0.98,1.11,2.3
2019-08-22,20/19,2019-11-22,,500000000.0,500000000.0,1895000000.0,3.79,1.006,0.98,1.02,1.19,1.4
2019-08-29,21/19,2019-11-22,,1000000000.0,1000000000.0,2216000000.0,2.216,1.00108,0.97,1.05,1.15,4.89
2019-09-05,22/19,2019-11-22,,500000000.0,500000000.0,1522000000.0,3.044,1.02,1.02,1.02,1.25,0.0
2019-09-05,22/19,2020-02-21,,500000000.0,500000000.0,1245000000.0,2.49,1.0204,0.98,1.03,1.1,0.96
2019-09-12,23/19,2019-11-22,,1000000000.0,1000000000.0,2906000000.0,2.906,1.06662,1.01,1.09,1.2,2.34
2019-09-19,24/19,2019-11-22,,500000000.0,500000000.0,1103000000.0,2.206,1.067,0.98,1.11,1.25,4.3
2019-09-19,24/19,2020-02-21,,500000000.0,500000000.0,2029000000.0,4.058,1.0059,0.98,1.05,1.2,4.41
2019-09-26,25/19,2019-11-22,,500000000.0,500000000.0,1580000000.0,3.16,1.0635,0.99,1.08,1.3,1.65
2019-09-26,25/19,2020-02-21,,500000000.0,500000000.0,1700000000.0,3.4,1.019,1.0,1.04,1.21,2.1
2019-10-03,26/19,2019-11-22,,750000000.0,750000000.0,2110000000.0,2.8133,0.922266666666667,0.88,0.95,1.06,2.77
2019-10-03,26/19,2020-02-21,,750000000.0,750000000.0,3445000000.0,4.5933,0.9122,0.85,0.94,1.1,2.78
2019-10-10,27/19,2020-01-24,,1000000000.0,1000000000.0,2544000000.0,2.544,0.88248,0.83,0.91,1.0,2.75
2019-10-10,27/19,2020-04-24,,500000000.0,500000000.0,2166000000.0,4.332,0.9004,0.89,0.91,1.0,0.96
2019-10-17,28/19,2020-01-24,,500000000.0,500000000.0,1950000000.0,3.9,0.8655,0.85,0.87,1.0,0.45
2019-10-17,28/19,2020-04-24,,500000000.0,500000000.0,2459000000.0,4.918,0.88442,0.85,0.9,1.05,1.56
2019-10-24,29/19,2020-01-24,,1000000000.0,936000000.0,936000000.0,0.936,0.926271367521368,0.86,0.97,0.97,4.37
2019-10-24,29/19,2020-04-24,,500000000.0,500000000.0,2514000000.0,5.028,0.8766,0.85,0.9,0.99,2.34
2019-10-31,30/19,2020-02-21,,500000000.0,500000000.0,2324000000.0,4.648,0.9297,0.85,0.95,1.15,2.03
2019-10-31,30/19,2020-04-24,,500000000.0,500000000.0,1677000000.0,3.354,0.94076,0.9,0.96,1.07,1.92
2019-11-07,31/19,2020-02-21,,500000000.0,500000000.0,2011000000.0,4.022,0.9458,0.91,0.97,1.1,2.42
2019-11-07,31/19,2020-04-24,,500000000.0,500000000.0,1677000000.0,3.354,0.96458,0.9,0.98,1.1,1.54
2019-11-14,32/19,2020-02-21,,500000000.0,500000000.0,1951000000.0,3.902,0.95696,0.92,0.97,1.05,1.3
2019-11-14,32/19,2020-05-22,,500000000.0,500000000.0,2384000000.0,4.768,0.9863,0.95,1.0,1.1,1.37
2019-11-21,33/19,2020-02-21,,500000000.0,500000000.0,2931000000.0,5.862,0.9,0.9,0.9,1.1,0.0
2019-11-21,33/19,2020-05-22,,500000000.0,500000000.0,2737000000.0,5.474,0.93382,0.9,0.95,1.1,1.62
2019-11-28,34/19,2020-02-21,,500000000.0,500000000.0,1905000000.0,3.81,0.9313,0.9,0.95,1.15,1.87
2019-11-28,34/19,2020-05-22,,500000000.0,500000000.0,2428000000.0,4.856,0.9158,0.89,0.93,1.16,1.42
2019-12-05,35/19,2020-02-21,,750000000.0,750000000.0,2675000000.0,3.5666,0.96,0.94,0.97,1.53,1.0
2019-12-05,35/19,2020-05-22,,750000000.0,750000000.0,2920000000.0,3.8933,0.9356,0.89,0.95,1.19,1.44
2019-12-12,36/19,2020-04-24,,750000000.0,750000000.0,2195000000.0,2.9266,0.971,0.92,1.0,1.3,2.9
2019-12-12,36/19,2020-06-26,,750000000.0,750000000.0,2257000000.0,3.0093,0.980213333333333,0.93,1.0,1.33,1.98
2019-12-19,37/19,2020-04-24,,500000000.0,500000000.0,1355000000.0,2.71,0.9911,0.97,1.01,1.2,1.89
2019-12-19,37/19,2020-06-26,,500000000.0,500000000.0,1971000000.0,3.942,1.00586,0.96,1.02,1.2,1.41
2020-01-16,01/20,2020-04-24,,750000000.0,750000000.0,2627000000.0,3.5026,0.92268,0.89,0.95,1.04,2.73
2020-01-16,01/20,2020-06-26,,750000000.0,750000000.0,3344000000.0,4.4586,0.946666666666667,0.93,0.95,1.05,0.33
2020-01-23,02/20,2020-04-24,,750000000.0,750000000.0,2780000000.0,3.7066,0.895493333333333,0.86,0.92,1.1,2.45
2020-01-23,02/20,2020-07-24,,750000000.0,750000000.0,3991000000.0,5.3213,0.901186666666667,0.89,0.91,1.1,0.88
2020-01-30,03/20,2020-04-24,,750000000.0,750000000.0,2882000000.0,3.8426,0.918746666666667,0.89,0.94,1.1,2.13
2020-01-30,03/20,2020-07-24,,750000000.0,750000000.0,3706000000.0,4.9413,0.910333333333333,0.88,0.93,1.1,1.97
2020-02-06,04/20,2020-05-22,,500000000.0,500000000.0,1675000000.0,3.35,0.9536,0.91,0.97,1.05,1.64
2020-02-06,04/20,2020-07-24,,500000000.0,500000000.0,1998000000.0,3.996,0.95634,0.91,0.98,1.13,2.37
2020-02-13,05/20,2020-05-22,,500000000.0,500000000.0,2440000000.0,4.88,0.9626,0.93,0.97,1.1,0.74
2020-02-13,05/20,2020-08-21,,500000000.0,500000000.0,2590000000.0,5.18,0.9601,0.94,0.97,1.15,0.99
2020-02-20,06/20,2020-05-22,,500000000.0,500000000.0,2255000000.0,4.51,0.93146,0.9,0.95,1.0,1.85
2020-02-20,06/20,2020-08-21,,500000000.0,500000000.0,2763000000.0,5.526,0.92984,0.9,0.94,0.99,1.02
2020-02-27,07/20,2020-08-21,,500000000.0,500000000.0,3797000000.0,7.594,0.867,0.8,0.88,1.0,1.3
2020-03-05,08/20,2020-08-21,,1000000000.0,1000000000.0,5808000000.0,5.808,0.5776,0.55,0.58,0.75,0.24
2020-03-12,09/20,2020-06-26,,500000000.0,500000000.0,1375000000.0,2.75,0.5841,0.53,0.68,0.85,9.59
2020-03-12,09/20,2020-08-21,,1000000000.0,1000000000.0,3305000000.0,3.305,0.6177,0.56,0.65,1.0,3.23
2020-03-19,10/20,2020-06-26,,750000000.0,750000000.0,2201000000.0,2.9346,0.605693333333333,0.45,0.68,0.85,7.43
2020-03-19,10/20,2020-09-25,,750000000.0,750000000.0,2515000000.0,3.3533,0.639533333333333,0.5,0.7,0.85,6.05
2020-03-26,11/20,2020-06-26,,1000000000.0,1000000000.0,4880000000.0,4.88,0.4362,0.39,0.45,0.85,1.38
2020-03-26,11/20,2020-09-25,,1000000000.0,1000000000.0,5944000000.0,5.944,0.44875,0.4,0.45,0.81,0.13
2020-04-02,12/20,2020-12-11,,500000000.0,500000000.0,2334000000.0,4.668,0.30662,0.23,0.39,0.7,8.34
2020-04-02,12/20,2020-07-24,,1000000000.0,1000000000.0,5096000000.0,5.096,0.255,0.22,0.28,0.7,2.5
2020-04-02,12/20,2020-09-25,,1000000000.0,1000000000.0,4510000000.0,4.51,0.28455,0.25,0.34,0.7,5.54
2020-04-09,13/20,2020-12-11,,750000000.0,750000000.0,2875000000.0,3.8333,0.279533333333333,0.24,0.3,0.6,2.05
2020-04-09,13/20,2021-03-26,,500000000.0,500000000.0,2430000000.0,4.86,0.3172,0.27,0.34,0.6,2.28
2020-04-09,13/20,2020-07-24,,1250000000.0,1250000000.0,4658000000.0,3.7264,0.18204,0.17,0.21,0.6,2.8
2020-04-09,13/20,2020-09-25,,1500000000.0,1500000000.0,4035000000.0,2.69,0.2357,0.2,0.27,0.6,3.43
2020-04-16,14/20,2020-12-11,,1500000000.0,1500000000.0,4330000000.0,2.8866,0.248633333333333,0.19,0.3,0.41,5.14
2020-04-16,14/20,2020-07-24,,1750000000.0,1750000000.0,5092000000.0,2.9097,0.178137142857143,0.09,0.2,0.45,2.19
2020-04-16,14/20,2020-10-23,,1750000000.0,1750000000.0,4555000000.0,2.6028,0.221685714285714,0.18,0.27,0.39,4.83
2020-04-23,15/20,2020-12-11,,750000000.0,750000000.0,4354000000.0,5.8053,0.243866666666667,0.22,0.26,0.47,1.61
2020-04-23,15/20,2021-03-26,,750000000.0,750000000.0,4262000000.0,5.6826,0.272626666666667,0.24,0.29,0.5,1.74
2020-04-23,15/20,2020-07-24,,2000000000.0,2000000000.0,7197000000.0,3.5985,0.173045,0.14,0.19,0.5,1.7
2020-04-23,15/20,2020-10-23,,1500000000.0,1500000000.0,4765000000.0,3.1766,0.229966666666667,0.19,0.26,0.5,3.0
2020-04-30,16/20,2021-02-26,,1000000000.0,1000000000.0,3670000000.0,3.67,0.257,0.24,0.28,0.4,2.3
2020-04-30,16/20,2020-07-24,,2000000000.0,2000000000.0,6406000000.0,3.203,0.171885,0.16,0.18,0.4,0.81
2020-04-30,16/20,2020-10-23,,2000000000.0,2000000000.0,6470000000.0,3.235,0.2187,0.2,0.24,0.4,2.13
2020-05-07,17/20,2021-02-26,,1000000000.0,1000000000.0,3120000000.0,3.12,0.26775,0.23,0.28,0.4,1.23
2020-05-07,17/20,2020-08-21,,2500000000.0,2500000000.0,6551000000.0,2.6204,0.183044,0.16,0.19,0.35,0.7
2020-05-07,17/20,2020-10-23,,1500000000.0,1500000000.0,5388000000.0,3.592,0.2203,0.2,0.23,0.35,0.97
2020-05-14,18/20,2021-03-26,,1000000000.0,1000000000.0,1965000000.0,1.965,0.29715,0.25,0.33,0.45,3.28
2020-05-14,18/20,2020-08-21,,1500000000.0,1500000000.0,4232000000.0,2.8213,0.196533333333333,0.17,0.22,0.38,2.35
2020-05-14,18/20,2020-09-25,,1500000000.0,1500000000.0,3935000000.0,2.6233,0.207333333333333,0.18,0.23,0.38,2.27
2020-05-14,18/20,2020-11-27,,1000000000.0,1000000000.0,2718000000.0,2.718,0.23255,0.2,0.25,0.41,1.74
2020-05-21,19/20,2020-11-27,,1000000000.0,1000000000.0,4485000000.0,4.485,0.22797,0.2,0.23,0.35,0.2
2020-05-21,19/20,2020-08-21,,1500000000.0,1500000000.0,5554000000.0,3.7026,0.1939,0.17,0.2,0.4,0.61
2020-05-21,19/20,2020-09-25,,1500000000.0,1500000000.0,5140000000.0,3.4266,0.206033333333333,0.18,0.22,0.31,1.4
2020-05-28,20/20,2020-11-27,,1500000000.0,1500000000.0,4236000000.0,2.824,0.220193333333333,0.2,0.23,0.35,0.98
2020-05-28,20/20,2021-02-26,,1000000000.0,1000000000.0,3865000000.0,3.865,0.26155,0.24,0.27,0.37,0.85
2020-05-28,20/20,2020-08-21,,1500000000.0,1500000000.0,5364000000.0,3.576,0.189066666666667,0.17,0.2,0.33,1.09
2020-06-04,21/20,2020-11-27,,1000000000.0,1000000000.0,3911000000.0,3.911,0.21084,0.19,0.22,0.34,0.92
2020-06-04,21/20,2021-03-26,,500000000.0,500000000.0,3600000000.0,7.2,0.257,0.25,0.26,0.37,0.3
2020-06-04,21/20,2020-09-25,,1500000000.0,1500000000.0,6608000000.0,4.4053,0.191046666666667,0.18,0.2,0.33,0.9
2020-06-11,22/20,2021-04-23,,500000000.0,500000000.0,2870000000.0,5.74,0.2595,0.25,0.27,0.4,1.05
2020-06-11,22/20,2020-09-25,,1500000000.0,1500000000.0,5445000000.0,3.63,0.192333333333333,0.18,0.2,0.3,0.77
2020-06-11,22/20,2020-10-23,,1000000000.0,1000000000.0,4215000000.0,4.215,0.2024,0.19,0.21,0.3,0.76
2020-06-18,23/20,2020-12-11,,1000000000.0,1000000000.0,4713000000.0,4.713,0.21602,0.2,0.22,0.4,0.4
2020-06-18,23/20,2021-04-23,,500000000.0,500000000.0,2887000000.0,5.774,0.25416,0.24,0.26,0.45,0.58
2020-06-18,23/20,2020-09-25,,1500000000.0,1500000000.0,5230000000.0,3.4866,0.192666666666667,0.18,0.2,0.4,0.73
2020-06-25,24/20,2020-11-27,,1000000000.0,1000000000.0,4888000000.0,4.888,0.20487,0.2,0.21,0.35,0.51
2020-06-25,24/20,2021-04-23,,500000000.0,500000000.0,3160000000.0,6.32,0.2532,0.24,0.26,0.4,0.68
2020-06-25,24/20,2020-09-25,,1500000000.0,1500000000.0,6095000000.0,4.0633,0.189533333333333,0.18,0.2,0.35,1.05
2020-07-02,25/20,2020-12-11,,1000000000.0,1000000000.0,4657000000.0,4.657,0.20813,0.2,0.21,0.35,0.19
2020-07-02,25/20,2021-04-23,,500000000.0,500000000.0,2885000000.0,5.77,0.2503,0.24,0.26,0.4,0.97
2020-07-02,25/20,2020-10-23,,1500000000.0,1500000000.0,6960000000.0,4.64,0.189,0.18,0.19,0.27,0.1
2020-07-09,26/20,2020-12-11,,1000000000.0,1000000000.0,5612000000.0,5.612,0.20475,0.19,0.21,0.35,0.53
2020-07-09,26/20,2021-05-21,,500000000.0,500000000.0,3660000000.0,7.32,0.249,0.24,0.25,0.32,0.1
2020-07-09,26/20,2020-10-23,,1500000000.0,1500000000.0,7390000000.0,4.9266,0.1825,0.18,0.19,0.35,0.75
2020-07-16,27/20,2020-12-11,,1000000000.0,1000000000.0,5500000000.0,5.5,0.1945,0.19,0.2,0.28,0.55
2020-07-16,27/20,2021-05-21,,500000000.0,500000000.0,2625000000.0,5.25,0.248,0.24,0.25,0.31,0.2
2020-07-16,27/20,2020-10-23,,1500000000.0,1500000000.0,9005000000.0,6.0033,0.18,0.18,0.18,0.3,0.0
2020-07-23,28/20,2021-02-26,,1000000000.0,1000000000.0,5891000000.0,5.891,0.21483,0.2,0.22,0.3,0.52
2020-07-23,28/20,2020-11-13,,2000000000.0,2000000000.0,12251000000.0,6.1255,0.17415,0.16,0.18,0.25,0.58
2020-07-30,29/20,2021-02-26,,1000000000.0,1000000000.0,5406000000.0,5.406,0.20655,0.18,0.21,0.33,0.34
2020-07-30,29/20,2020-11-13,,2000000000.0,2000000000.0,10247000000.0,5.1235,0.163045,0.13,0.17,0.3,0.7
2020-08-06,30/20,2021-03-26,,1000000000.0,1000000000.0,6805000000.0,6.805,0.19325,0.19,0.2,0.3,0.68
2020-08-06,30/20,2020-11-13,,2000000000.0,2000000000.0,10864000000.0,5.432,0.15537,0.14,0.16,0.21,0.46
2020-08-13,31/20,2021-04-23,,1000000000.0,1000000000.0,6015000000.0,6.015,0.193,0.19,0.2,0.25,0.7
2020-08-13,31/20,2020-11-13,,2000000000.0,2000000000.0,9400000000.0,4.7,0.1481,0.13,0.15,0.21,0.19
2020-08-20,32/20,2021-06-25,,1000000000.0,1000000000.0,7277000000.0,7.277,0.196265,0.185,0.205,0.265,0.87
2020-08-20,32/20,2020-11-13,,2000000000.0,2000000000.0,10434000000.0,5.217,0.1374525,0.13,0.145,0.19,0.75
2020-08-27,33/20,2020-11-27,,2000000000.0,2000000000.0,9369000000.0,4.6845,0.1352525,0.12,0.14,0.25,0.47
2020-08-27,33/20,2021-06-25,,1000000000.0,1000000000.0,5780000000.0,5.78,0.188825,0.17,0.195,0.25,0.62
2020-09-03,34/20,2020-11-27,,2000000000.0,2000000000.0,8682000000.0,4.341,0.1334275,0.125,0.14,0.2,0.66
2020-09-03,34/20,2021-05-21,,1000000000.0,1000000000.0,6096000000.0,6.096,0.17643,0.17,0.18,0.25,0.36
2020-09-10,35/20,2020-12-11,,2000000000.0,2000000000.0,9171000000.0,4.5855,0.1330625,0.125,0.135,0.2,0.19
2020-09-10,35/20,2021-05-21,,1000000000.0,1000000000.0,5925000000.0,5.925,0.16925,0.165,0.17,0.22,0.08
2020-09-17,36/20,2021-01-29,,2000000000.0,2000000000.0,8433000000.0,4.2165,0.1332975,0.125,0.135,0.2,0.17
2020-09-17,36/20,2021-06-25,,1000000000.0,1000000000.0,5745000000.0,5.745,0.160975,0.155,0.165,0.25,0.4
2020-09-24,37/20,2021-01-29,,2000000000.0,2000000000.0,10570000000.0,5.285,0.1,0.1,0.1,0.18,0.0
2020-09-24,37/20,2021-07-23,,1000000000.0,1000000000.0,4432000000.0,4.432,0.121115,0.105,0.13,0.18,0.89
2020-10-01,38/20,2021-01-29,,2000000000.0,2000000000.0,10287000000.0,5.1435,0.0982275,0.085,0.11,0.165,1.18
2020-10-01,38/20,2021-07-23,,500000000.0,500000000.0,2896000000.0,5.792,0.11527,0.105,0.125,0.185,0.97
2020-10-08,39/20,2021-01-29,,2000000000.0,2000000000.0,7740000000.0,3.87,0.1003375,0.09,0.11,0.16,0.97
2020-10-08,39/20,2021-04-23,,500000000.0,500000000.0,3005000000.0,6.01,0.106,0.1,0.11,0.16,0.4
2020-10-15,40/20,2021-01-29,,2000000000.0,2000000000.0,6437000000.0,3.2185,0.10648,0.085,0.12,0.16,1.35
2020-10-15,40/20,2021-05-21,,500000000.0,500000000.0,2615000000.0,5.23,0.10975,0.105,0.115,0.15,0.53
2020-10-22,41/20,2021-02-26,,1500000000.0,1500000000.0,8858000000.0,5.9053,0.0733333333333333,0.06,0.075,0.15,0.17
2020-10-22,41/20,2021-05-21,,1000000000.0,1000000000.0,5139000000.0,5.139,0.08725,0.08,0.095,0.155,0.78
2020-10-29,42/20,2021-02-26,,1000000000.0,1000000000.0,4946000000.0,4.946,0.06702,0.055,0.07,0.125,0.3
2020-10-29,42/20,2021-04-23,,1000000000.0,1000000000.0,4194000000.0,4.194,0.07768,0.06,0.085,0.13,0.73
2020-11-05,43/20,2021-02-26,,1000000000.0,1000000000.0,7085000000.0,7.085,0.040075,0.03,0.045,0.1,0.49
2020-11-05,43/20,2021-05-21,,1000000000.0,1000000000.0,5825000000.0,5.825,0.046325,0.03,0.05,0.11,0.37
2020-11-12,44/20,2021-03-26,,1000000000.0,1000000000.0,6443000000.0,6.443,0.02485,0.02,0.025,0.1,0.02
2020-11-12,44/20,2021-06-25,,1000000000.0,1000000000.0,4760000000.0,4.76,0.044825,0.035,0.05,0.1,0.52
2020-11-19,45/20,2021-04-23,,1000000000.0,1000000000.0,5837000000.0,5.837,0.024665,0.02,0.03,0.1,0.53
2020-11-19,45/20,2021-06-25,,1000000000.0,1000000000.0,4445000000.0,4.445,0.03705,0.03,0.04,0.1,0.3
2020-11-26,46/20,2021-03-26,,1000000000.0,1000000000.0,6458000000.0,6.458,0.01727,0.01,0.02,0.08,0.27
2020-11-26,46/20,2021-07-23,,1000000000.0,1000000000.0,6294000000.0,6.294,0.02731,0.02,0.03,0.08,0.27
2020-12-03,47/20,2021-03-26,,1500000000.0,1500000000.0,5859000000.0,3.906,0.0144633333333333,0.01,0.02,0.07,0.55
2020-12-03,47/20,2021-06-25,,500000000.0,500000000.0,2825000000.0,5.65,0.02325,0.02,0.025,0.07,0.18
2020-12-10,48/20,2021-03-26,,1500000000.0,1500000000.0,8207000000.0,5.4713,0.00994333333333333,-0.01,0.015,0.07,0.51
2020-12-10,48/20,2021-07-23,,500000000.0,500000000.0,2860000000.0,5.72,0.0188,0.01,0.025,0.07,0.62
2021-01-14,01/21,2021-04-23,,750000000.0,750000000.0,5050000000.0,6.7333,0.00885333333333333,-0.005,0.02,0.1,1.11
2021-01-14,01/21,2021-07-23,,750000000.0,750000000.0,3460000000.0,4.6133,0.0134,-0.005,0.02,0.1,0.66
2021-01-21,02/21,2021-05-21,,750000000.0,750000000.0,5533000000.0,7.3773,0.0102,0.0,0.015,0.09,0.48
2021-01-21,02/21,2021-07-23,,750000000.0,750000000.0,3566000000.0,4.7546,0.01718,0.01,0.02,0.09,0.28
2021-01-28,03/21,2021-05-21,,750000000.0,750000000.0,5387000000.0,7.1826,0.0048,-0.005,0.01,0.1,0.52
2021-01-28,03/21,2021-08-27,,750000000.0,750000000.0,4086000000.0,5.448,0.0125533333333333,0.0,0.02,0.1,0.74
2021-02-04,04/21,2021-04-23,,1000000000.0,1000000000.0,6153000000.0,6.153,0.008245,0.0,0.01,0.09,0.18
2021-02-04,04/21,2021-08-27,,500000000.0,500000000.0,3859000000.0,7.718,0.01056,0.0,0.015,0.09,0.44
2021-02-11,05/21,2021-05-21,,1000000000.0,1000000000.0,5770000000.0,5.77,0.00785,0.0,0.01,0.07,0.22
2021-02-11,05/21,2021-08-27,,500000000.0,500000000.0,3190000000.0,6.38,0.0104,0.005,0.015,0.07,0.46
2021-02-18,06/21,2021-06-25,,500000000.0,500000000.0,3639000000.0,7.278,0.00351,0.0,0.01,0.1,0.65
2021-02-18,06/21,2021-08-27,,500000000.0,500000000.0,2673000000.0,5.346,0.01237,0.01,0.015,0.1,0.26
2021-02-25,07/21,2021-06-25,,500000000.0,500000000.0,2494000000.0,4.988,0.01136,0.01,0.015,0.09,0.36
2021-02-25,07/21,2021-08-27,,500000000.0,500000000.0,2621000000.0,5.242,0.01625,0.005,0.03,0.12,1.37
2021-03-04,08/21,2021-08-27,,1000000000.0,1000000000.0,3425000000.0,3.425,0.0449,0.02,0.06,0.15,1.51
2021-03-04,08/21,2021-06-25,,1000000000.0,1000000000.0,3305000000.0,3.305,0.0348,0.01,0.045,0.15,1.02
2021-03-11,09/21,2021-09-24,,1000000000.0,1000000000.0,8440000000.0,8.44,0.0425,0.025,0.045,0.14,0.25
2021-03-18,10/21,2021-09-24,,500000000.0,500000000.0,4583000000.0,9.166,0.0356,0.03,0.04,0.12,0.44
2021-03-18,10/21,2021-06-25,,500000000.0,500000000.0,4397000000.0,8.794,0.0271,0.02,0.03,0.1,0.29
2021-03-25,11/21,2021-09-24,,500000000.0,500000000.0,3305000000.0,6.61,0.03185,0.025,0.035,0.11,0.32
2021-03-25,11/21,2021-07-23,,500000000.0,500000000.0,3455000000.0,6.91,0.02995,0.02,0.035,0.1,0.51
2021-04-01,12/21,2021-09-24,,500000000.0,500000000.0,3235000000.0,6.47,0.0345,0.03,0.04,0.1,0.55
2021-04-01,12/21,2021-07-23,,500000000.0,500000000.0,2962000000.0,5.924,0.02978,0.025,0.035,0.085,0.52
2021-04-08,13/21,2021-09-24,,500000000.0,500000000.0,3490000000.0,6.98,0.035,0.03,0.04,0.11,0.5
2021-04-08,13/21,2021-07-23,,500000000.0,500000000.0,3580000000.0,7.16,0.0335,0.03,0.035,0.095,0.15
2021-04-15,14/21,2021-09-24,,500000000.0,500000000.0,4115000000.0,8.23,0.035,0.035,0.035,0.11,0.0
2021-04-15,14/21,2021-07-23,,500000000.0,500000000.0,3280000000.0,6.56,0.03205,0.03,0.035,0.09,0.3
2021-04-22,15/21,2021-08-27,,500000000.0,500000000.0,3742000000.0,7.484,0.025,0.025,0.025,0.1,0.0
2021-04-22,15/21,2021-06-25,,500000000.0,500000000.0,3350000000.0,6.7,0.02904,0.025,0.03,0.09,0.1
2021-05-06,16/21,2021-08-27,,1000000000.0,1000000000.0,6925000000.0,6.925,0.027125,0.02,0.03,0.09,0.29
2021-05-13,17/21,2021-08-27,,500000000.0,500000000.0,3698000000.0,7.396,0.02366,0.015,0.03,0.085,0.63
2021-05-13,17/21,2021-10-22,,500000000.0,500000000.0,4805000000.0,9.61,0.02605,0.02,0.03,0.1,0.39
2021-05-20,18/21,2021-08-27,,1000000000.0,1000000000.0,8229000000.0,8.229,0.012195,0.01,0.015,0.07,0.28
2021-05-20,18/21,2021-10-22,,1000000000.0,1000000000.0,7679000000.0,7.679,0.01,0.01,0.01,0.1,0.0
2021-05-27,19/21,2021-10-22,,800000000.0,800000000.0,6133000000.0,7.6662,0.00365,0.0,0.01,0.08,0.64
2021-05-27,19/21,2021-07-23,,1200000000.0,1200000000.0,9260000000.0,7.7166,0.00514583333333333,-0.005,0.01,0.075,0.49
2021-06-03,20/21,2021-09-24,,1000000000.0,1000000000.0,7998000000.0,7.998,0.001515,-0.005,0.005,0.1,0.35
2021-06-03,20/21,2021-11-26,,500000000.0,500000000.0,3995000000.0,7.99,0.00235,0.0,0.005,0.07,0.27
2021-06-10,21/21,2021-09-24,,1000000000.0,1000000000.0,8656000000.0,8.656,-0.0034,-0.01,0.0,0.1,0.34
2021-06-17,22/21,2021-09-24,,1000000000.0,1000000000.0,6128000000.0,6.128,-0.00528,-0.015,0.0,0.05,0.53
2021-06-17,22/21,2021-10-22,,500000000.0,500000000.0,3430000000.0,6.86,-0.01125,-0.015,-0.005,0.05,0.62
2021-06-24,23/21,2021-08-27,,1000000000.0,1000000000.0,6395000000.0,6.395,-0.003975,-0.01,0.0,0.1,0.4
2021-06-24,23/21,2021-09-24,,1500000000.0,1500000000.0,8422000000.0,5.6146,-0.00145666666666667,-0.01,0.0,0.1,0.15
2021-06-24,23/21,2021-10-22,,500000000.0,500000000.0,3535000000.0,7.07,-0.0002,-0.01,0.0,0.1,0.02
2021-07-01,24/21,2021-09-24,,1500000000.0,1500000000.0,5473000000.0,3.6486,0.00446333333333333,-0.02,0.015,0.1,1.05
2021-07-01,24/21,2021-10-22,,500000000.0,500000000.0,2500000000.0,5.0,0.00185,0.0,0.005,0.1,0.32
2021-07-08,25/21,2021-09-24,,1500000000.0,1500000000.0,7717000000.0,5.1446,0.00496666666666667,-0.005,0.015,0.1,1.0
2021-07-08,25/21,2021-11-26,,500000000.0,500000000.0,2355000000.0,4.71,0.0113,-0.005,0.015,0.1,0.37
2021-07-15,26/21,2021-10-22,,1500000000.0,1500000000.0,10688000000.0,7.1253,0.00396666666666667,0.0,0.01,0.1,0.6
2021-07-15,26/21,2022-01-21,,500000000.0,500000000.0,3526000000.0,7.052,0.00999,0.0,0.015,0.1,0.5
2021-07-22,27/21,2021-10-22,,1500000000.0,1500000000.0,9620000000.0,6.4133,0.00432666666666667,-0.01,0.01,0.1,0.57
2021-07-22,27/21,2022-01-21,,500000000.0,500000000.0,3862000000.0,7.724,0.00145,-0.01,0.005,0.1,0.36
2021-07-29,28/21,2021-10-22,,1500000000.0,1500000000.0,9245000000.0,6.1633,0.00283,0.0,0.01,0.1,0.72
2021-07-29,28/21,2022-02-25,,500000000.0,500000000.0,3190000000.0,6.38,0.0,0.0,0.0,0.1,0.0
2021-08-05,29/21,2021-10-22,,1500000000.0,1500000000.0,10980000000.0,7.32,-0.00016,-0.01,0.005,0.1,0.52
2021-08-05,29/21,2022-02-25,,500000000.0,500000000.0,4115000000.0,8.23,-0.00205,-0.005,0.0,0.1,0.21
2021-08-12,30/21,2021-11-26,,1500000000.0,1500000000.0,9867000000.0,6.578,-0.00225,-0.005,0.0,0.1,0.22
2021-08-12,30/21,2022-02-25,,500000000.0,500000000.0,3940000000.0,7.88,-0.0025,-0.005,0.0,0.1,0.25
2021-08-19,31/21,2021-11-26,,1500000000.0,1500000000.0,10789000000.0,7.1926,-0.00723333333333333,-0.01,0.0,0.1,0.72
2021-08-19,31/21,2022-02-25,,500000000.0,500000000.0,3818000000.0,7.636,-0.00235,-0.005,0.0,0.1,0.24
2021-08-26,32/21,2021-11-26,,1000000000.0,1000000000.0,8570000000.0,8.57,-0.00853,-0.015,-0.005,0.1,0.35
2021-08-26,32/21,2022-02-25,,1000000000.0,1000000000.0,6875000000.0,6.875,-0.004045,-0.01,0.0,0.1,0.4
2021-09-02,33/21,2021-11-26,,1000000000.0,1000000000.0,8488000000.0,8.488,-0.0104,-0.015,-0.01,0.1,0.04
2021-09-02,33/21,2022-03-25,,1000000000.0,1000000000.0,6980000000.0,6.98,-0.0044,-0.01,0.0,0.1,0.44
2021-09-09,34/21,2021-11-26,,1000000000.0,1000000000.0,7089000000.0,7.089,-0.00919,-0.015,0.0,0.1,0.92
2021-09-09,34/21,2022-03-25,,1000000000.0,1000000000.0,5624000000.0,5.624,-0.00536,-0.01,-0.005,0.1,0.04
2021-09-16,35/21,2021-11-26,,1000000000.0,1000000000.0,7322000000.0,7.322,-0.00886,-0.015,-0.005,0.05,0.39
2021-09-16,35/21,2022-03-25,,1000000000.0,1000000000.0,5485000000.0,5.485,-0.00715,-0.015,-0.005,0.05,0.21
2021-09-23,36/21,2021-11-26,,1000000000.0,1000000000.0,6677000000.0,6.677,-0.00853,-0.015,0.0,0.05,0.85
2021-09-23,36/21,2022-03-25,,1000000000.0,1000000000.0,4931000000.0,4.931,-0.014155,-0.015,-0.005,0.05,0.92
2021-09-30,37/21,2021-11-26,,1000000000.0,1000000000.0,5376000000.0,5.376,-0.005715,-0.01,0.0,0.04,0.57
2021-09-30,37/21,2022-03-25,,1000000000.0,1000000000.0,4525000000.0,4.525,-0.006775,-0.01,0.0,0.045,0.68
2021-10-07,38/21,2022-01-21,,1000000000.0,1000000000.0,4683000000.0,4.683,-0.00605,-0.01,-0.005,0.1,0.1
2021-10-07,38/21,2022-04-22,,1000000000.0,1000000000.0,3785000000.0,3.785,-0.000925,-0.005,0.0,0.1,0.09
2021-10-14,39/21,2022-01-21,,1000000000.0,1000000000.0,5555000000.0,5.555,-0.0052,-0.02,0.0,0.06,0.52
2021-10-14,39/21,2022-04-22,,1000000000.0,1000000000.0,3697000000.0,3.697,0.0,0.0,0.0,0.06,0.0
2021-10-21,40/21,2022-01-21,,1000000000.0,1000000000.0,5424000000.0,5.424,-0.00694,-0.01,0.0,0.12,0.69
2021-10-21,40/21,2022-04-22,,1000000000.0,1000000000.0,3370000000.0,3.37,0.009615,-0.005,0.03,0.12,2.04
2021-10-28,41/21,2022-02-25,,1000000000.0,1000000000.0,3675000000.0,3.675,0.0115,0.0,0.03,0.25,1.85
2021-10-28,41/21,2022-04-22,,1000000000.0,1000000000.0,2851000000.0,2.851,0.073585,0.03,0.1,0.5,2.64
2021-11-04,42/21,2022-02-25,,1000000000.0,1000000000.0,3205000000.0,3.205,0.035625,0.03,0.04,0.15,0.44
2021-11-04,42/21,2022-04-22,,1000000000.0,1000000000.0,3360000000.0,3.36,0.087625,0.08,0.095,0.2,0.74
2021-11-11,43/21,2022-02-11,,1000000000.0,1000000000.0,4216000000.0,4.216,0.03249,0.02,0.04,0.11,0.75
2021-11-11,43/21,2022-04-22,,1000000000.0,1000000000.0,4909000000.0,4.909,0.08176,0.07,0.085,0.16,0.32
2021-11-18,44/21,2022-02-11,,1500000000.0,1500000000.0,6125000000.0,4.0833,0.033,0.02,0.04,0.12,0.7
2021-11-18,44/21,2022-03-25,,500000000.0,500000000.0,3170000000.0,6.34,0.05,0.05,0.05,0.13,0.0
2021-11-25,45/21,2022-01-21,,2000000000.0,2000000000.0,7170000000.0,3.585,0.0320625,0.005,0.04,0.2,0.79
2021-11-25,45/21,2022-02-25,,1500000000.0,1500000000.0,7025000000.0,4.6833,0.0321833333333333,0.01,0.04,0.18,0.78
2021-11-25,45/21,2022-03-25,,1500000000.0,1500000000.0,6534000000.0,4.356,0.04335,0.0,0.05,0.25,0.67
2021-12-02,46/21,2022-02-11,,2000000000.0,2000000000.0,7343000000.0,3.6715,0.029645,0.015,0.04,0.2,1.04
2021-12-02,46/21,2022-03-11,,3000000000.0,3000000000.0,6960000000.0,2.32,0.0520166666666667,0.035,0.065,0.25,1.3
2021-12-09,47/21,2022-02-11,,1000000000.0,1000000000.0,6368000000.0,6.368,0.018645,-0.005,0.03,0.15,1.14
2021-12-09,47/21,2022-03-11,,1000000000.0,1000000000.0,5580000000.0,5.58,0.04055,0.005,0.05,0.145,0.95
2022-01-13,01/22,2022-05-13,,1000000000.0,1000000000.0,5698000000.0,5.698,0.06024,0.03,0.07,0.25,0.98
2022-01-20,02/22,2022-07-22,,1000000000.0,1000000000.0,4318000000.0,4.318,0.13025,0.09,0.14,0.4,0.98
2022-01-27,03/22,2022-04-22,,1000000000.0,1000000000.0,4439000000.0,4.439,0.06686,0.05,0.08,0.25,1.31
2022-01-27,03/22,2022-05-13,,1000000000.0,1000000000.0,3735000000.0,3.735,0.08835,0.055,0.105,0.26,1.66
2022-02-03,04/22,2022-05-13,,1000000000.0,1000000000.0,5308000000.0,5.308,0.0596,0.04,0.075,0.14,1.54
2022-02-03,04/22,2022-06-10,,1000000000.0,1000000000.0,5863000000.0,5.863,0.07542,0.06,0.09,0.21,1.46
2022-02-10,05/22,2022-05-13,,1000000000.0,1000000000.0,4265000000.0,4.265,0.06095,0.05,0.07,0.15,0.91
2022-02-10,05/22,2022-06-10,,1000000000.0,1000000000.0,4510000000.0,4.51,0.07765,0.05,0.09,0.16,1.23
2022-02-17,06/22,2022-05-27,,750000000.0,750000000.0,3709000000.0,4.9453,0.0590933333333333,0.03,0.07,0.135,1.09
2022-02-17,06/22,2022-06-24,,750000000.0,750000000.0,3279000000.0,4.372,0.0781066666666667,0.06,0.09,0.16,1.19
2022-02-24,07/22,2022-06-24,,1000000000.0,1000000000.0,3150000000.0,3.15,0.083025,0.055,0.1,0.16,1.7
2022-02-24,07/22,2022-05-27,,1000000000.0,1000000000.0,4652000000.0,4.652,0.058715,0.04,0.065,0.14,0.63
2022-03-03,08/22,2022-07-08,,1000000000.0,1000000000.0,2895000000.0,2.895,0.10625,0.07,0.13,0.21,2.38
2022-03-03,08/22,2022-06-10,,1000000000.0,1000000000.0,3715000000.0,3.715,0.0788,0.065,0.09,0.19,1.12
2022-03-10,09/22,2022-06-24,,1500000000.0,1500000000.0,6050000000.0,4.0333,0.123583333333333,0.1,0.14,0.22,1.64
2022-03-10,09/22,2022-07-22,,1000000000.0,1000000000.0,2640000000.0,2.64,0.169625,0.15,0.19,0.27,2.04
2022-03-17,10/22,2022-07-08,,1000000000.0,1000000000.0,5150000000.0,5.15,0.1455,0.1,0.155,0.26,0.95
2022-03-17,10/22,2022-05-27,,1500000000.0,1500000000.0,7756000000.0,5.1706,0.0862733333333333,0.05,0.09,0.25,0.37
2022-03-24,11/22,2022-08-12,,1000000000.0,1000000000.0,4480000000.0,4.48,0.2555,0.23,0.27,0.45,1.45
2022-03-24,11/22,2022-06-10,,1500000000.0,1500000000.0,8212000000.0,5.4746,0.0825733333333333,0.05,0.09,0.25,0.74
2022-03-31,12/22,2022-06-24,,1000000000.0,1000000000.0,6847000000.0,6.847,0.11,0.1,0.13,0.3,2.0
2022-03-31,12/22,2022-08-12,,1000000000.0,1000000000.0,4965000000.0,4.965,0.2823,0.27,0.285,0.5,0.27
2022-04-07,13/22,2022-07-08,,1000000000.0,1000000000.0,4520000000.0,4.52,0.21275,0.2,0.215,0.46,0.23
2022-04-07,13/22,2022-08-12,,1000000000.0,1000000000.0,3225000000.0,3.225,0.34345,0.32,0.345,0.56,0.15
2022-04-14,14/22,2022-07-22,,1000000000.0,1000000000.0,5125000000.0,5.125,0.25825,0.23,0.275,0.455,1.68
2022-04-14,14/22,2022-08-12,,500000000.0,500000000.0,3240000000.0,6.48,0.3517,0.33,0.365,0.51,1.33
2022-04-21,15/22,2022-07-22,,1000000000.0,1000000000.0,5557000000.0,5.557,0.2758,0.24,0.3,0.46,2.42
2022-04-21,15/22,2022-08-12,,500000000.0,500000000.0,3200000000.0,6.4,0.3349,0.32,0.4,0.53,6.51
2022-04-28,16/22,2022-07-22,,500000000.0,500000000.0,3000000000.0,6.0,0.54,0.54,0.54,0.75,0.0
2022-04-28,16/22,2022-08-12,,500000000.0,500000000.0,2420000000.0,4.84,0.6596,0.65,0.66,0.95,0.04
2022-05-12,17/22,2022-07-22,,1500000000.0,1500000000.0,5560000000.0,3.7066,0.59855,0.55,0.62,0.86,2.14
2022-05-19,18/22,2022-08-12,,1000000000.0,1000000000.0,5515000000.0,5.515,0.73982,0.6,0.76,0.95,2.02
2022-05-19,18/22,2022-08-26,,500000000.0,500000000.0,2970000000.0,5.94,0.846,0.79,0.855,1.05,0.9
2022-05-26,19/22,2022-08-26,,1000000000.0,1000000000.0,5377000000.0,5.377,0.856845,0.805,0.86,1.12,0.32
2022-05-26,19/22,2022-09-23,,500000000.0,500000000.0,3125000000.0,6.25,1.00475,0.965,1.01,1.37,0.52
2022-06-02,20/22,2022-07-08,,1000000000.0,1000000000.0,2880000000.0,2.88,0.63255,0.54,0.67,1.01,3.75
2022-06-02,20/22,2022-08-26,,1000000000.0,1000000000.0,2170000000.0,2.17,0.9722,0.955,0.985,1.31,1.28
2022-06-09,21/22,2022-08-26,,1500000000.0,1500000000.0,5120000000.0,3.4133,1.20893333333333,1.175,1.225,1.62,1.61
2022-06-09,21/22,2022-09-23,,1000000000.0,1000000000.0,4730000000.0,4.73,1.3955,1.39,1.4,1.82,0.45
2022-06-16,22/22,2022-08-26,,1000000000.0,1000000000.0,3575000000.0,3.575,1.40615,1.4,1.415,1.97,0.89
2022-06-16,22/22,2022-09-23,,1000000000.0,1000000000.0,3690000000.0,3.69,1.632475,1.59,1.64,2.17,0.75
2022-06-23,23/22,2022-08-26,,500000000.0,500000000.0,2050000000.0,4.1,1.3545,1.31,1.38,1.75,2.55
2022-06-23,23/22,2022-10-07,,1500000000.0,1500000000.0,4425000000.0,2.95,1.63166666666667,1.58,1.65,2.05,1.83
2022-06-30,24/22,2022-09-09,,1000000000.0,1000000000.0,3500000000.0,3.5,1.47,1.47,1.47,1.94,0.0
2022-06-30,24/22,2022-10-07,,1500000000.0,1500000000.0,4705000000.0,3.1366,1.655,1.655,1.655,1.99,0.0
2022-07-07,25/22,2022-10-07,,1500000000.0,1500000000.0,5140000000.0,3.4266,1.75066666666667,1.725,1.755,2.07,0.43
2022-07-07,25/22,2022-11-25,,1000000000.0,1000000000.0,4800000000.0,4.8,2.021625,1.96,2.025,2.37,0.34
2022-07-14,26/22,2022-09-09,,1000000000.0,1000000000.0,4506000000.0,4.506,1.65702,1.61,1.69,2.28,3.3
2022-07-14,26/22,2022-10-21,,1000000000.0,1000000000.0,4345000000.0,4.345,1.96745,1.85,1.99,2.48,2.26
2022-07-14,26/22,2022-11-25,,500000000.0,500000000.0,2835000000.0,5.67,2.1429,2.06,2.19,2.63,4.71
2022-07-21,27/22,2022-09-09,,1000000000.0,1000000000.0,5965000000.0,5.965,1.74075,1.62,1.77,2.09,2.92
2022-07-21,27/22,2022-10-21,,1000000000.0,1000000000.0,5320000000.0,5.32,2.11435,2.04,2.12,2.44,0.57
2022-07-21,27/22,2022-11-25,,500000000.0,500000000.0,2624000000.0,5.248,2.38087,2.325,2.39,2.72,0.91
2022-07-28,28/22,2022-09-09,,1000000000.0,1000000000.0,4955000000.0,4.955,1.745,1.69,1.77,1.9,2.5
2022-07-28,28/22,2022-11-11,,1000000000.0,1000000000.0,4401000000.0,4.401,2.1573,2.145,2.16,2.32,0.27
2022-08-04,29/22,2022-11-11,,1000000000.0,1000000000.0,4810000000.0,4.81,2.180175,2.15,2.195,2.42,1.48
2022-08-04,29/22,2022-12-16,,1000000000.0,1000000000.0,4280000000.0,4.28,2.37775,2.33,2.385,2.57,0.72
2022-08-11,30/22,2022-11-11,,1000000000.0,1000000000.0,6220000000.0,6.22,2.265325,2.15,2.285,2.39,1.97
2022-08-11,30/22,2022-12-16,,1000000000.0,1000000000.0,5480000000.0,5.48,2.47945,2.33,2.51,2.55,3.05
2022-08-18,31/22,2022-10-21,,1000000000.0,1000000000.0,4605000000.0,4.605,2.13775,2.03,2.14,2.35,0.23
2022-08-18,31/22,2022-11-25,,1000000000.0,1000000000.0,4310000000.0,4.31,2.3797,2.35,2.38,2.48,0.03
2022-08-18,31/22,2023-01-27,,500000000.0,500000000.0,2250000000.0,4.5,2.6995,2.67,2.71,2.85,1.05
2022-08-25,32/22,2022-10-21,,1000000000.0,1000000000.0,4908000000.0,4.908,2.233765,2.17,2.25,2.385,1.62
2022-08-25,32/22,2022-11-25,,1000000000.0,1000000000.0,4225000000.0,4.225,2.44214,2.4,2.46,2.63,1.79
2022-08-25,32/22,2023-01-27,,500000000.0,500000000.0,2922000000.0,5.844,2.76245,2.72,2.775,2.88,1.26
2022-09-01,33/22,2022-11-11,,1000000000.0,1000000000.0,5280000000.0,5.28,2.3825,2.38,2.385,2.56,0.25
2022-09-01,33/22,2022-12-16,,500000000.0,500000000.0,3448000000.0,6.896,2.62142,2.61,2.625,2.745,0.36
2022-09-01,33/22,2023-02-10,,500000000.0,500000000.0,2375000000.0,4.75,2.88805,2.88,2.89,3.01,0.2
2022-09-08,34/22,2022-11-11,,500000000.0,500000000.0,3630000000.0,7.26,2.395,2.39,2.4,3.04,0.5
2022-09-08,34/22,2023-01-27,,1000000000.0,1000000000.0,5096000000.0,5.096,2.84354,2.81,2.865,3.19,2.15
2022-09-08,34/22,2023-02-10,,500000000.0,500000000.0,3030000000.0,6.06,2.8679,2.85,2.87,3.24,0.21
2022-09-15,35/22,2023-01-27,,1000000000.0,1000000000.0,4840000000.0,4.84,2.96522,2.93,2.97,3.11,0.48
2022-09-15,35/22,2023-02-24,,500000000.0,500000000.0,3110000000.0,6.22,3.0447,3.02,3.055,3.18,1.03
2022-09-29,36/22,2022-11-25,,500000000.0,500000000.0,2570000000.0,5.14,2.8219,2.77,2.83,2.96,0.81
2022-09-29,36/22,2023-01-27,,1500000000.0,1500000000.0,3115000000.0,2.0766,3.10933333333333,3.085,3.15,3.205,4.07
2022-09-29,36/22,2023-03-10,,500000000.0,500000000.0,1903000000.0,3.806,3.218,3.2,3.22,3.325,0.2
2022-10-06,37/22,2022-12-16,,500000000.0,500000000.0,3420000000.0,6.84,2.645,2.64,2.65,2.95,0.5
2022-10-06,37/22,2023-02-10,,1500000000.0,1500000000.0,3050000000.0,2.0333,2.86116666666667,2.82,2.875,3.08,1.38
2022-10-06,37/22,2023-03-10,,1000000000.0,1000000000.0,2255000000.0,2.255,2.93105,2.83,2.94,3.12,0.9
2022-10-13,38/22,2023-01-27,,500000000.0,500000000.0,2984000000.0,5.968,2.82164,2.75,2.84,3.05,1.84
2022-10-13,38/22,2023-02-10,,1000000000.0,1000000000.0,4830000000.0,4.83,2.854875,2.8,2.86,3.05,0.51
2022-10-13,38/22,2023-03-24,,500000000.0,500000000.0,2655000000.0,5.31,2.9628,2.94,2.97,3.2,0.72
2022-10-20,39/22,2023-01-27,,500000000.0,500000000.0,2138000000.0,4.276,2.91172,2.8,2.94,3.15,2.83
2022-10-20,39/22,2023-02-10,,1000000000.0,1000000000.0,4170000000.0,4.17,2.95275,2.85,2.97,3.15,1.73
2022-10-20,39/22,2023-03-24,,500000000.0,500000000.0,2625000000.0,5.25,3.0838,3.025,3.1,3.3,1.62
2022-10-27,40/22,2023-04-14,,500000000.0,500000000.0,2265000000.0,4.53,3.209,3.195,3.21,3.315,0.1
2022-10-27,40/22,2023-02-10,,1000000000.0,1000000000.0,4728000000.0,4.728,3.0008,2.96,3.02,3.125,1.92
2022-10-27,40/22,2023-02-24,,500000000.0,500000000.0,2535000000.0,5.07,3.0588,3.04,3.06,3.15,0.12
2022-11-03,41/22,2023-04-14,,500000000.0,500000000.0,1335000000.0,2.67,3.18675,3.17,3.19,3.45,0.32
2022-11-03,41/22,2023-02-10,,1000000000.0,1000000000.0,2790000000.0,2.79,2.9861,2.975,2.99,3.25,0.39
2022-11-03,41/22,2023-02-24,,500000000.0,500000000.0,1630000000.0,3.26,3.03335,3.03,3.035,3.25,0.17
2022-11-10,42/22,2023-05-12,,500000000.0,500000000.0,2450000000.0,4.9,3.2466,3.23,3.25,3.4,0.34
2022-11-10,42/22,2023-02-24,,1000000000.0,1000000000.0,3776000000.0,3.776,3.01013,2.96,3.03,3.22,1.99
2022-11-10,42/22,2023-03-24,,500000000.0,500000000.0,1980000000.0,3.96,3.09535,3.06,3.11,3.3,1.47
2022-11-17,43/22,2023-05-12,,500000000.0,500000000.0,2950000000.0,5.9,3.20565,3.19,3.21,3.4,0.44
2022-11-17,43/22,2023-02-24,,1000000000.0,1000000000.0,2595000000.0,2.595,3.01485,2.98,3.02,3.25,0.51
2022-11-17,43/22,2023-03-10,,1000000000.0,1000000000.0,2570000000.0,2.57,3.0487,3.03,3.055,3.28,0.63
2022-11-24,44/22,2023-05-26,,1000000000.0,1000000000.0,3210000000.0,3.21,3.2949,3.23,3.315,3.46,2.01
2022-11-24,44/22,2023-02-24,,500000000.0,500000000.0,2540000000.0,5.08,3.0179,2.99,3.04,3.15,2.21
2022-11-24,44/22,2023-03-10,,1000000000.0,1000000000.0,3856000000.0,3.856,3.06556,3.02,3.095,3.19,2.94
2022-12-01,45/22,2023-05-26,,500000000.0,500000000.0,2985000000.0,5.97,3.196,3.18,3.2,3.4,0.4
2022-12-01,45/22,2023-03-10,,1000000000.0,1000000000.0,5192000000.0,5.192,3.041175,3.02,3.05,3.25,0.88
2022-12-01,45/22,2023-03-24,,1000000000.0,1000000000.0,4400000000.0,4.4,3.06525,3.06,3.07,3.3,0.48
2022-12-08,46/22,2023-03-24,,1000000000.0,1000000000.0,5182000000.0,5.182,3.09785,3.06,3.12,3.3,2.21
2022-12-08,46/22,2023-05-12,,1000000000.0,1000000000.0,3845000000.0,3.845,3.22345,3.18,3.23,3.4,0.65
2023-01-12,01/23,2023-03-24,,1000000000.0,1000000000.0,5090000000.0,5.09,3.19,3.16,3.21,3.35,2.0
2023-01-12,01/23,2023-05-26,,1000000000.0,1000000000.0,4040000000.0,4.04,3.3575,3.29,3.37,3.55,1.25
2023-01-12,01/23,2023-06-09,,1000000000.0,1000000000.0,3685000000.0,3.685,3.40035,3.395,3.41,3.6,0.97
2023-01-19,02/23,2023-03-24,,1000000000.0,1000000000.0,4733000000.0,4.733,3.1966,3.17,3.22,3.34,2.34
2023-01-19,02/23,2023-05-26,,1000000000.0,1000000000.0,4155000000.0,4.155,3.3349,3.32,3.35,3.49,1.51
2023-01-19,02/23,2023-06-23,,1000000000.0,1000000000.0,3234000000.0,3.234,3.39886,3.39,3.42,3.55,2.11
2023-02-02,03/23,2023-05-12,,1000000000.0,1000000000.0,6480000000.0,6.48,3.3682,3.3,3.4,3.6,3.18
2023-02-02,03/23,2023-06-09,,1000000000.0,1000000000.0,4695000000.0,4.695,3.4578,3.3,3.475,3.65,1.72
2023-02-02,03/23,2023-07-07,,500000000.0,500000000.0,2650000000.0,5.3,3.513,3.495,3.52,3.7,0.7
2023-02-09,04/23,2023-05-12,,500000000.0,500000000.0,4856000000.0,9.712,3.453,3.45,3.46,3.75,0.7
2023-02-09,04/23,2023-06-09,,1000000000.0,1000000000.0,5646000000.0,5.646,3.5868,3.54,3.59,3.8,0.32
2023-02-09,04/23,2023-07-07,,500000000.0,500000000.0,3890000000.0,7.78,3.637,3.62,3.65,3.85,1.3
2023-02-16,05/23,2023-05-26,,500000000.0,500000000.0,4335000000.0,8.67,3.547,3.52,3.55,3.8,0.3
2023-02-16,05/23,2023-06-23,,1000000000.0,1000000000.0,5900000000.0,5.9,3.666975,3.63,3.69,3.85,2.3
2023-02-16,05/23,2023-08-11,,500000000.0,500000000.0,3250000000.0,6.5,3.799,3.78,3.81,4.0,1.1
2023-02-23,06/23,2023-05-26,,1000000000.0,1000000000.0,5001000000.0,5.001,3.573835,3.53,3.645,3.8,7.12
2023-02-23,06/23,2023-07-21,,1000000000.0,1000000000.0,5375000000.0,5.375,3.7634,3.73,3.78,3.915,1.66
2023-02-23,06/23,2023-08-11,,500000000.0,500000000.0,2931000000.0,5.862,3.84436,3.8,3.87,3.95,2.56
2023-03-02,07/23,2023-05-26,,1000000000.0,1000000000.0,5279000000.0,5.279,3.63721,3.53,3.67,3.88,3.28
2023-03-02,07/23,2023-07-21,,1000000000.0,1000000000.0,4682000000.0,4.682,3.80241,3.77,3.84,4.04,3.76
2023-03-02,07/23,2023-08-11,,1000000000.0,1000000000.0,4068000000.0,4.068,3.86953,3.81,3.9,4.07,3.05
2023-03-09,08/23,2023-05-26,,1000000000.0,1000000000.0,6910000000.0,6.91,3.66864,3.62,3.68,3.87,1.14
2023-03-09,08/23,2023-07-21,,1000000000.0,1000000000.0,5758000000.0,5.758,3.76794,3.74,3.78,3.95,1.21
2023-03-09,08/23,2023-09-08,,1000000000.0,1000000000.0,6177000000.0,6.177,3.8715,3.85,3.88,4.03,0.85
2023-03-16,09/23,2023-05-26,,1000000000.0,1000000000.0,6346000000.0,6.346,3.54644,3.5,3.56,3.815,1.36
2023-03-16,09/23,2023-07-21,,1000000000.0,1000000000.0,4550000000.0,4.55,3.55225,3.45,3.595,3.83,4.28
2023-03-16,09/23,2023-09-08,,500000000.0,500000000.0,2231000000.0,4.462,3.52,3.5,3.545,3.775,2.5
2023-03-23,10/23,2023-06-09,,1000000000.0,1000000000.0,8048000000.0,8.048,3.5465,3.53,3.55,3.705,0.35
2023-03-23,10/23,2023-08-11,,1000000000.0,1000000000.0,5465000000.0,5.465,3.5524,3.515,3.575,3.68,2.26
2023-03-23,10/23,2023-09-08,,500000000.0,500000000.0,2896000000.0,5.792,3.53728,3.47,3.58,3.655,4.27
2023-03-30,11/23,2023-06-09,,1000000000.0,1000000000.0,6090000000.0,6.09,3.6072,3.54,3.64,3.715,3.28
2023-03-30,11/23,2023-07-07,,1000000000.0,1000000000.0,5735000000.0,5.735,3.61455,3.5,3.64,3.72,2.55
2023-03-30,11/23,2023-09-08,,500000000.0,500000000.0,3445000000.0,6.89,3.61925,3.6,3.63,3.71,1.07
2023-04-06,12/23,2023-06-09,,1000000000.0,1000000000.0,5700000000.0,5.7,3.5929,3.54,3.61,3.72,1.71
2023-04-06,12/23,2023-07-07,,500000000.0,500000000.0,2590000000.0,5.18,3.6052,3.57,3.62,3.69,1.48
2023-04-06,12/23,2023-08-25,,500000000.0,500000000.0,2940000000.0,5.88,3.6129,3.59,3.62,3.74,0.71
2023-04-13,13/23,2023-06-09,,1000000000.0,1000000000.0,5800000000.0,5.8,3.60935,3.56,3.62,3.74,1.07
2023-04-13,13/23,2023-08-25,,1000000000.0,1000000000.0,5550000000.0,5.55,3.636,3.61,3.64,3.79,0.4
2023-04-13,13/23,2023-09-08,,500000000.0,500000000.0,3210000000.0,6.42,3.6416,3.62,3.65,3.84,0.84
2023-04-20,14/23,2023-06-23,,1000000000.0,1000000000.0,6195000000.0,6.195,3.63697,3.58,3.67,3.78,3.3
2023-04-20,14/23,2023-08-25,,500000000.0,500000000.0,4172000000.0,8.344,3.68958,3.66,3.7,3.84,1.04
2023-04-27,15/23,2023-06-23,,1000000000.0,1000000000.0,4833000000.0,4.833,3.59036,3.565,3.61,3.74,1.96
2023-04-27,15/23,2023-09-08,,500000000.0,500000000.0,2795000000.0,5.59,3.6053,3.595,3.62,3.79,1.47
2023-05-04,16/23,2023-07-21,,1000000000.0,1000000000.0,5280000000.0,5.28,3.798725,3.79,3.82,3.98,2.13
2023-05-04,16/23,2023-09-22,,500000000.0,500000000.0,3375000000.0,6.75,3.84875,3.835,3.86,4.0,1.12
2023-05-11,17/23,2023-08-25,,1000000000.0,1000000000.0,6502000000.0,6.502,3.82807,3.8,3.85,3.96,2.19
2023-05-18,18/23,2023-09-22,,1000000000.0,1000000000.0,6316000000.0,6.316,3.90742,3.81,3.92,4.05,1.26
2023-05-25,19/23,2023-08-11,,1000000000.0,1000000000.0,7023000000.0,7.023,3.778125,3.76,3.835,4.05,5.69
2023-06-01,20/23,2023-09-08,,1000000000.0,1000000000.0,5684000000.0,5.684,3.95596,3.77,3.985,4.2,2.9
2023-06-08,21/23,2023-08-25,,1000000000.0,1000000000.0,6919000000.0,6.919,4.08144,4.05,4.11,4.4,2.86
2023-06-15,22/23,2023-08-25,,500000000.0,500000000.0,4125000000.0,8.25,4.1165,4.09,4.13,4.4,1.35
2023-06-15,22/23,2023-09-22,,1000000000.0,1000000000.0,6166000000.0,6.166,4.22339,4.19,4.24,4.45,1.66
2023-06-22,23/23,2023-09-08,,1000000000.0,1000000000.0,6690000000.0,6.69,4.1917,4.15,4.23,4.45,3.83
2023-06-22,23/23,2023-10-13,,1000000000.0,1000000000.0,7346000000.0,7.346,4.256195,4.22,4.285,4.52,2.88
2023-06-29,24/23,2023-09-22,,500000000.0,500000000.0,3075000000.0,6.15,4.23255,4.185,4.25,4.43,1.75
2023-06-29,24/23,2023-10-13,,1000000000.0,1000000000.0,2767000000.0,2.767,4.24508,4.205,4.29,4.45,4.49
2023-07-06,25/23,2023-10-13,,1000000000.0,1000000000.0,5545000000.0,5.545,4.20981,4.17,4.25,4.43,4.02
2023-07-06,25/23,2023-10-27,,1000000000.0,1000000000.0,5666000000.0,5.666,4.22162,4.2,4.25,4.45,2.84
2023-07-13,26/23,2023-10-13,,1000000000.0,1000000000.0,4750000000.0,4.75,4.198475,4.17,4.2,4.35,0.15
2023-07-13,26/23,2023-11-10,,1000000000.0,1000000000.0,4250000000.0,4.25,4.2167,4.2,4.23,4.41,1.33
2023-07-20,27/23,2023-10-27,,1000000000.0,1000000000.0,5375000000.0,5.375,4.1795,4.16,4.19,4.35,1.05
2023-07-20,27/23,2023-11-10,,1000000000.0,1000000000.0,5005000000.0,5.005,4.1988,4.16,4.21,4.37,1.12
2023-07-27,28/23,2023-10-27,,1000000000.0,1000000000.0,5450000000.0,5.45,4.17715,4.13,4.19,4.35,1.29
2023-07-27,28/23,2023-11-24,,1000000000.0,1000000000.0,5520000000.0,5.52,4.2017,4.16,4.215,4.38,1.33
2023-08-03,29/23,2023-11-10,,1000000000.0,1000000000.0,4240000000.0,4.24,4.1012,4.07,4.11,4.35,0.88
2023-08-03,29/23,2023-11-24,,1000000000.0,1000000000.0,4215000000.0,4.215,4.11815,4.08,4.135,4.35,1.68
2023-08-10,30/23,2023-11-10,,1000000000.0,1000000000.0,5009000000.0,5.009,4.1085,4.08,4.12,4.3,1.15
2023-08-10,30/23,2023-12-15,,1000000000.0,1000000000.0,5035000000.0,5.035,4.135325,4.1,4.155,4.3,1.97
2023-08-17,31/23,2023-11-24,,1000000000.0,1000000000.0,3781000000.0,3.781,4.13595,4.09,4.14,4.28,0.4
2023-08-17,31/23,2023-12-15,,1000000000.0,1000000000.0,3845000000.0,3.845,4.1596,4.145,4.165,4.3,0.54
2023-08-24,32/23,2024-01-19,,1000000000.0,1000000000.0,3965000000.0,3.965,4.13935,4.1,4.16,4.3,2.06
2023-08-24,32/23,2023-11-24,,1000000000.0,1000000000.0,4131000000.0,4.131,4.0998,4.05,4.12,4.25,2.02
2023-08-31,33/23,2024-01-19,,1000000000.0,1000000000.0,3597000000.0,3.597,4.146825,4.11,4.155,4.255,0.82
2023-08-31,33/23,2023-12-15,,1000000000.0,1000000000.0,4006000000.0,4.006,4.124885,4.095,4.135,4.25,1.01
2023-09-07,34/23,2024-01-19,,1000000000.0,1000000000.0,5147000000.0,5.147,4.13892,4.11,4.15,4.25,1.11
2023-09-07,34/23,2023-10-27,,1000000000.0,1000000000.0,3859000000.0,3.859,4.07009,4.035,4.09,4.25,1.99
2023-09-14,35/23,2024-01-19,,1000000000.0,1000000000.0,4350000000.0,4.35,4.14629,4.12,4.155,4.25,0.87
2023-09-14,35/23,2023-12-15,,500000000.0,500000000.0,3225000000.0,6.45,4.12689,4.09,4.13,4.25,0.31
2023-09-21,36/23,2024-02-09,,1000000000.0,1000000000.0,3791000000.0,3.791,4.198685,4.18,4.215,4.315,1.63
2023-09-21,36/23,2023-11-24,,1000000000.0,1000000000.0,3775000000.0,3.775,4.119015,4.07,4.125,4.25,0.6
2023-09-28,37/23,2024-02-09,,1000000000.0,1000000000.0,4216000000.0,4.216,4.20491,4.185,4.205,4.315,0.01
2023-09-28,37/23,2023-12-15,,1000000000.0,1000000000.0,4840000000.0,4.84,4.135355,4.12,4.15,4.3,1.46
2023-10-05,38/23,2024-01-19,,1000000000.0,1000000000.0,4900000000.0,4.9,4.1537,4.135,4.155,4.35,0.13
2023-10-05,38/23,2024-02-23,,1000000000.0,1000000000.0,4717000000.0,4.717,4.183325,4.155,4.19,4.35,0.67
2023-10-12,39/23,2023-12-15,,1000000000.0,1000000000.0,5218000000.0,5.218,4.106475,4.095,4.11,4.25,0.35
2023-10-12,39/23,2024-02-23,,1000000000.0,1000000000.0,4124000000.0,4.124,4.150035,4.1,4.16,4.3,1.0
2023-10-19,40/23,2024-01-19,,500000000.0,500000000.0,3375000000.0,6.75,4.1545,4.12,4.19,4.35,3.55
2023-10-19,40/23,2024-03-08,,1000000000.0,1000000000.0,4450000000.0,4.45,4.233575,4.21,4.235,4.4,0.14
2023-10-26,41/23,2024-02-09,,1000000000.0,1000000000.0,5187000000.0,5.187,4.2545,4.2,4.27,4.55,1.55
2023-10-26,41/23,2024-03-08,,1000000000.0,1000000000.0,4918000000.0,4.918,4.2848,4.24,4.3,4.55,1.52
2023-11-02,42/23,2024-02-09,,1000000000.0,1000000000.0,3435000000.0,3.435,4.285275,4.27,4.29,4.5,0.47
2023-11-02,42/23,2024-03-22,,1000000000.0,1000000000.0,2420000000.0,2.42,4.3354,4.31,4.34,4.6,0.46
2023-11-09,43/23,2024-02-23,,1000000000.0,1000000000.0,3775000000.0,3.775,4.353025,4.32,4.37,4.5,1.7
2023-11-09,43/23,2024-03-22,,1000000000.0,1000000000.0,3710000000.0,3.71,4.36945,4.35,4.39,4.55,2.06
2023-11-16,44/23,2024-03-08,,1000000000.0,1000000000.0,3270000000.0,3.27,4.371275,4.34,4.38,4.455,0.87
2023-11-16,44/23,2024-04-12,,1000000000.0,1000000000.0,3162000000.0,3.162,4.39601,4.35,4.405,4.49,0.9
2023-11-23,45/23,2024-02-23,,1000000000.0,1000000000.0,6017000000.0,6.017,4.31517,4.3,4.34,4.55,2.48
2023-11-23,45/23,2024-04-12,,1000000000.0,1000000000.0,4430000000.0,4.43,4.40585,4.36,4.42,4.55,1.41
2023-11-30,46/23,2024-03-08,,1000000000.0,1000000000.0,4135000000.0,4.135,4.363375,4.33,4.375,4.5,1.16
2023-11-30,46/23,2024-04-12,,1000000000.0,1000000000.0,4275000000.0,4.275,4.38895,4.375,4.39,4.52,0.1
2023-12-07,47/23,2024-02-23,,1000000000.0,1000000000.0,3990000000.0,3.99,4.344,4.3,4.35,4.45,0.6
2023-12-07,47/23,2024-05-10,,1000000000.0,1000000000.0,3585000000.0,3.585,4.357375,4.33,4.365,4.455,0.76
2023-12-14,48/23,2024-03-22,,1000000000.0,1000000000.0,3719000000.0,3.719,4.3237,4.3,4.345,4.47,2.13
2023-12-14,48/23,2024-05-10,,1000000000.0,1000000000.0,3801000000.0,3.801,4.32553,4.31,4.34,4.46,1.45
2024-01-11,01/24,2024-04-12,,1000000000.0,1000000000.0,6193000000.0,6.193,4.326445,4.3,4.335,4.55,0.86
2024-01-11,01/24,2024-05-24,,1000000000.0,1000000000.0,4785000000.0,4.785,4.331475,4.31,4.34,4.54,0.85
2024-01-18,02/24,2024-03-22,,1000000000.0,1000000000.0,6846000000.0,6.846,4.31782,4.27,4.33,4.45,1.22
2024-01-18,02/24,2024-05-24,,1000000000.0,1000000000.0,5845000000.0,5.845,4.323075,4.3,4.335,4.45,1.19
2024-01-25,03/24,2024-04-12,,1000000000.0,1000000000.0,5285000000.0,5.285,4.328075,4.315,4.33,4.445,0.19
2024-01-25,03/24,2024-06-07,,1000000000.0,1000000000.0,4976000000.0,4.976,4.325055,4.3,4.33,4.445,0.49
2024-02-01,04/24,2024-05-10,,1000000000.0,1000000000.0,3840000000.0,3.84,4.295125,4.25,4.3,4.4,0.49
2024-02-01,04/24,2024-06-07,,1000000000.0,1000000000.0,3570000000.0,3.57,4.27945,4.265,4.28,4.4,0.06
2024-02-08,05/24,2024-04-12,,1000000000.0,1000000000.0,3668000000.0,3.668,4.30507,4.27,4.32,4.45,1.49
2024-02-08,05/24,2024-06-21,,1000000000.0,1000000000.0,4182000000.0,4.182,4.30738,4.27,4.315,4.45,0.76
2024-02-15,06/24,2024-05-10,,1000000000.0,1000000000.0,4455000000.0,4.455,4.31973,4.3,4.325,4.405,0.53
2024-02-15,06/24,2024-06-21,,1000000000.0,1000000000.0,3700000000.0,3.7,4.3213,4.31,4.325,4.42,0.37
2024-02-22,07/24,2024-05-24,,1000000000.0,1000000000.0,6440000000.0,6.44,4.30275,4.28,4.31,4.385,0.72
2024-02-22,07/24,2024-07-12,,1000000000.0,1000000000.0,5265000000.0,5.265,4.3037,4.275,4.31,4.385,0.63
2024-02-29,08/24,2024-05-10,,1000000000.0,1000000000.0,5133000000.0,5.133,4.31123,4.28,4.32,4.4,0.88
2024-02-29,08/24,2024-07-12,,1000000000.0,1000000000.0,4775000000.0,4.775,4.306475,4.29,4.31,4.39,0.35
2024-03-07,09/24,2024-05-24,,1000000000.0,1000000000.0,7735000000.0,7.735,4.29983,4.29,4.305,4.4,0.52
2024-03-07,09/24,2024-07-26,,1000000000.0,1000000000.0,6857000000.0,6.857,4.28788,4.27,4.29,4.4,0.21
2024-03-14,10/24,2024-06-07,,1000000000.0,1000000000.0,5350000000.0,5.35,4.29585,4.29,4.3,4.4,0.42
2024-03-14,10/24,2024-07-12,,1000000000.0,1000000000.0,3665000000.0,3.665,4.29425,4.28,4.3,4.4,0.57
2024-03-21,11/24,2024-05-24,,1000000000.0,1000000000.0,5276000000.0,5.276,4.303655,4.29,4.31,4.4,0.63
2024-03-21,11/24,2024-07-26,,1000000000.0,1000000000.0,5514000000.0,5.514,4.28911,4.28,4.29,4.42,0.09
2024-03-28,12/24,2024-06-07,,1000000000.0,1000000000.0,2975000000.0,2.975,4.32125,4.31,4.325,4.37,0.38
2024-03-28,12/24,2024-08-09,,1000000000.0,1000000000.0,3320000000.0,3.32,4.311875,4.28,4.315,4.35,0.31
2024-04-04,13/24,2024-06-21,,1000000000.0,1000000000.0,4210000000.0,4.21,4.32265,4.3,4.33,4.415,0.73
2024-04-04,13/24,2024-08-09,,1000000000.0,1000000000.0,4470000000.0,4.47,4.31805,4.3,4.33,4.42,1.19
2024-04-11,14/24,2024-07-12,,1000000000.0,1000000000.0,4151000000.0,4.151,4.30977,4.29,4.32,4.4,1.02
2024-04-11,14/24,2024-08-23,,1000000000.0,1000000000.0,3751000000.0,3.751,4.314025,4.3,4.315,4.4,0.1
2024-04-18,15/24,2024-06-21,,1000000000.0,1000000000.0,4074000000.0,4.074,4.31121,4.27,4.32,4.4,0.88
2024-04-18,15/24,2024-08-23,,1000000000.0,1000000000.0,3580000000.0,3.58,4.32,4.29,4.33,4.4,1.0
2024-05-02,16/24,2024-07-26,,1000000000.0,1000000000.0,3701000000.0,3.701,4.35987,4.315,4.37,4.435,1.01
2024-05-02,16/24,2024-09-13,,1000000000.0,1000000000.0,3720000000.0,3.72,4.38855,4.36,4.395,4.49,0.64
2024-05-09,17/24,2024-07-12,,1000000000.0,1000000000.0,4146000000.0,4.146,4.31967,4.295,4.33,4.43,1.03
2024-05-09,17/24,2024-09-13,,1000000000.0,1000000000.0,3491000000.0,3.491,4.366955,4.335,4.38,4.45,1.3
2024-05-16,18/24,2024-07-26,,1000000000.0,1000000000.0,3250000000.0,3.25,4.3403,4.315,4.345,4.425,0.47
2024-05-16,18/24,2024-09-27,,1000000000.0,1000000000.0,3120000000.0,3.12,4.362675,4.335,4.365,4.445,0.23
2024-05-23,19/24,2024-08-09,,1000000000.0,1000000000.0,3254000000.0,3.254,4.31671,4.3,4.34,4.45,2.33
2024-05-23,19/24,2024-09-27,,1000000000.0,1000000000.0,3115000000.0,3.115,4.354845,4.325,4.37,4.45,1.52
2024-05-30,20/24,2024-08-09,,1000000000.0,1000000000.0,3895000000.0,3.895,4.346875,4.32,4.35,4.55,0.31
2024-05-30,20/24,2024-09-27,,1000000000.0,1000000000.0,3596000000.0,3.596,4.378395,4.3,4.38,4.55,0.16
2024-06-06,21/24,2024-08-23,,1000000000.0,1000000000.0,4085000000.0,4.085,4.32601,4.31,4.34,4.5,1.4
2024-06-06,21/24,2024-10-11,,1000000000.0,1000000000.0,3275000000.0,3.275,4.35535,4.32,4.365,4.5,0.97
2024-06-13,22/24,2024-08-23,,1000000000.0,1000000000.0,3450000000.0,3.45,4.342375,4.32,4.345,4.5,0.26
2024-06-13,22/24,2024-09-27,,1000000000.0,1000000000.0,3210000000.0,3.21,4.36085,4.33,4.365,4.5,0.42
2024-06-20,23/24,2024-09-13,,1000000000.0,1000000000.0,4028000000.0,4.028,4.35069,4.32,4.355,4.65,0.43
2024-06-20,23/24,2024-10-11,,1000000000.0,1000000000.0,3913000000.0,3.913,4.366785,4.34,4.375,4.65,0.82
2024-06-27,24/24,2024-09-13,,1000000000.0,1000000000.0,4385000000.0,4.385,4.404395,4.4,4.405,4.62,0.06
2024-06-27,24/24,2024-11-08,,1000000000.0,1000000000.0,4305000000.0,4.305,4.4569,4.42,4.46,4.62,0.31
2024-07-04,25/24,2024-08-23,,1000000000.0,1000000000.0,3428000000.0,3.428,4.36978,4.35,4.38,4.49,1.02
2024-07-04,25/24,2024-11-08,,1000000000.0,1000000000.0,3185000000.0,3.185,4.44235,4.42,4.45,4.535,0.76
2024-07-11,26/24,2024-11-22,,1000000000.0,1000000000.0,3865000000.0,3.865,4.4409,4.415,4.45,4.65,0.91
2024-07-11,26/24,2024-09-13,,1000000000.0,1000000000.0,4498000000.0,4.498,4.37911,4.365,4.39,4.6,1.09
2024-07-18,27/24,2024-11-22,,1000000000.0,1000000000.0,3270000000.0,3.27,4.397375,4.34,4.425,4.7,2.76
2024-07-18,27/24,2024-09-27,,1000000000.0,1000000000.0,3870000000.0,3.87,4.398,4.365,4.405,4.65,0.7
2024-07-25,28/24,2024-12-13,,1000000000.0,1000000000.0,4065000000.0,4.065,4.45035,4.42,4.46,4.55,0.96
2024-07-25,28/24,2024-10-11,,1000000000.0,1000000000.0,3640000000.0,3.64,4.42965,4.4,4.445,4.55,1.54
2024-08-01,29/24,2024-12-13,,1000000000.0,1000000000.0,2630000000.0,2.63,4.35975,4.315,4.365,4.5,0.53
2024-08-01,29/24,2024-09-27,,1000000000.0,1000000000.0,2711000000.0,2.711,4.37166,4.33,4.38,4.485,0.83
2024-08-08,30/24,2025-01-31,,1000000000.0,1000000000.0,2793000000.0,2.793,4.3213,4.27,4.345,4.45,2.37
2024-08-08,30/24,2024-11-08,,1000000000.0,1000000000.0,3695000000.0,3.695,4.34185,4.32,4.36,4.45,1.82
2024-08-15,31/24,2024-12-13,,1000000000.0,1000000000.0,1970000000.0,1.97,4.33025,4.3,4.365,4.45,3.47
2024-08-15,31/24,2024-10-11,,1000000000.0,1000000000.0,2525000000.0,2.525,4.344625,4.33,4.385,4.45,4.04
2024-08-22,32/24,2024-11-08,,1000000000.0,1000000000.0,4285000000.0,4.285,4.357625,4.32,4.37,4.45,1.24
2024-08-22,32/24,2025-01-31,,1000000000.0,1000000000.0,3550000000.0,3.55,4.322125,4.25,4.345,4.45,2.29
2024-08-29,33/24,2024-11-22,,1000000000.0,1000000000.0,2982000000.0,2.982,4.35781,4.34,4.37,4.45,1.22
2024-08-29,33/24,2025-02-14,,1000000000.0,1000000000.0,2885000000.0,2.885,4.337875,4.31,4.35,4.45,1.21
2024-09-05,34/24,2024-11-08,,1000000000.0,1000000000.0,3532000000.0,3.532,4.36574,4.33,4.37,4.435,0.43
2024-09-05,34/24,2024-12-13,,1000000000.0,1000000000.0,3210000000.0,3.21,4.3627,4.31,4.37,4.43,0.73
2024-09-12,35/24,2024-11-22,,1000000000.0,1000000000.0,1792000000.0,1.792,4.35883,4.33,4.37,4.45,1.12
2024-09-12,35/24,2025-02-14,,1000000000.0,1000000000.0,2147000000.0,2.147,4.37068,4.28,4.4,4.45,2.93
2024-09-19,36/24,2024-12-13,,1000000000.0,1000000000.0,3030000000.0,3.03,4.369175,4.32,4.385,4.45,1.58
2024-09-19,36/24,2025-02-28,,1000000000.0,1000000000.0,3545000000.0,3.545,4.338825,4.25,4.36,4.45,2.12
2024-09-26,37/24,2025-01-31,,1000000000.0,1000000000.0,3106000000.0,3.106,4.378795,4.335,4.395,4.45,1.62
2024-09-26,37/24,2025-02-28,,1000000000.0,1000000000.0,3487000000.0,3.487,4.350775,4.32,4.375,4.45,2.42
2024-10-03,38/24,2024-12-13,,1000000000.0,1000000000.0,3265000000.0,3.265,4.3987,4.38,4.41,4.49,1.13
2024-10-03,38/24,2025-03-14,,1000000000.0,1000000000.0,2670000000.0,2.67,4.37505,4.33,4.39,4.43,1.49
2024-10-10,39/24,2025-01-31,,1000000000.0,1000000000.0,3865000000.0,3.865,4.4093,4.36,4.43,4.475,2.07
2024-10-10,39/24,2025-03-14,,1000000000.0,1000000000.0,3611000000.0,3.611,4.40016,4.36,4.42,4.46,1.98
2024-10-17,40/24,2025-02-14,,1000000000.0,1000000000.0,3680000000.0,3.68,4.39915,4.37,4.405,4.64,0.59
2024-10-17,40/24,2025-03-28,,1000000000.0,1000000000.0,2960000000.0,2.96,4.3984,4.35,4.41,4.47,1.16
2024-10-24,41/24,2025-01-31,,1000000000.0,1000000000.0,4175000000.0,4.175,4.41905,4.39,4.43,4.53,1.09
2024-10-24,41/24,2025-03-28,,1000000000.0,1000000000.0,4604000000.0,4.604,4.399035,4.375,4.42,4.555,2.1
2024-10-31,42/24,2025-01-31,,1000000000.0,1000000000.0,3300000000.0,3.3,4.42195,4.4,4.43,4.5,0.8
2024-10-31,42/24,2025-03-14,,1000000000.0,1000000000.0,2810000000.0,2.81,4.422475,4.395,4.435,4.5,1.25
2024-11-07,43/24,2025-02-14,,1000000000.0,1000000000.0,3235000000.0,3.235,4.40654,4.37,4.41,4.5,0.35
2024-11-07,43/24,2025-03-28,,1000000000.0,1000000000.0,2749000000.0,2.749,4.408255,4.37,4.425,4.5,1.67
2024-11-14,44/24,2025-01-31,,1000000000.0,1000000000.0,4113000000.0,4.113,4.39238,4.38,4.43,4.505,3.76
2024-11-14,44/24,2025-04-11,,1000000000.0,1000000000.0,3765000000.0,3.765,4.4115,4.38,4.43,4.5,1.85
2024-11-21,45/24,2025-02-14,,1000000000.0,1000000000.0,4390000000.0,4.39,4.40033,4.37,4.415,4.51,1.47
2024-11-21,45/24,2025-04-11,,1000000000.0,1000000000.0,4102000000.0,4.102,4.41405,4.38,4.42,4.51,0.6
2024-11-28,46/24,2025-02-28,,1000000000.0,1000000000.0,3785000000.0,3.785,4.39535,4.38,4.41,4.5,1.47
2024-11-28,46/24,2025-04-11,,1000000000.0,1000000000.0,3355000000.0,3.355,4.40745,4.39,4.42,4.5,1.26
2024-12-05,47/24,2025-03-14,,1000000000.0,1000000000.0,4555000000.0,4.555,4.378175,4.36,4.395,4.45,1.68
2024-12-05,47/24,2025-05-09,,1000000000.0,1000000000.0,5030000000.0,5.03,4.3668,4.335,4.38,4.45,1.32
2024-12-12,48/24,2025-03-28,,1000000000.0,1000000000.0,4483000000.0,4.483,4.3697,4.34,4.38,4.43,1.03
2024-12-12,48/24,2025-05-09,,1000000000.0,1000000000.0,4385000000.0,4.385,4.340825,4.315,4.36,4.43,1.92
2024-12-19,49/24,2025-03-14,,1000000000.0,1000000000.0,5580000000.0,5.58,4.3744,4.355,4.385,4.46,1.06
2024-12-19,49/24,2025-05-09,,1000000000.0,1000000000.0,4630000000.0,4.63,4.34605,4.33,4.35,4.45,0.39
2025-01-16,01/25,2025-04-11,,1000000000.0,1000000000.0,3184000000.0,3.184,4.31515,4.28,4.365,4.45,4.99
2025-01-16,01/25,2025-05-23,,1000000000.0,1000000000.0,3891000000.0,3.891,4.23,4.23,4.23,4.4,0.0
2025-01-16,01/25,2025-07-25,,1000000000.0,1000000000.0,2715000000.0,2.715,4.2495,4.2,4.28,4.4,3.05
2025-01-23,02/25,2025-05-09,,1500000000.0,1500000000.0,3186000000.0,2.124,4.29629333333333,4.24,4.34,4.43,4.37
2025-01-23,02/25,2025-06-13,,1500000000.0,1500000000.0,4275000000.0,2.85,4.2648,4.21,4.28,4.43,1.52
2025-01-30,03/25,2025-04-11,,1000000000.0,1000000000.0,3808000000.0,3.808,4.24929,4.23,4.26,4.4,1.07
2025-01-30,03/25,2025-05-23,,1000000000.0,1000000000.0,3696000000.0,3.696,4.187545,4.18,4.21,4.35,2.25
2025-01-30,03/25,2025-06-13,,1500000000.0,1500000000.0,3785000000.0,2.5233,4.16546666666667,4.15,4.205,4.35,3.95
2025-02-06,04/25,2025-05-23,,1500000000.0,1500000000.0,4185000000.0,2.79,4.18096666666667,4.135,4.22,4.35,3.9
2025-02-06,04/25,2025-06-13,,1500000000.0,1500000000.0,3600000000.0,2.4,4.17016666666667,4.12,4.215,4.35,4.48
2025-02-06,04/25,2025-07-25,,1000000000.0,1000000000.0,2765000000.0,2.765,4.13325,4.05,4.17,4.35,3.67
2025-02-13,05/25,2025-05-09,,2000000000.0,2000000000.0,5817000000.0,2.9085,4.1984225,4.16,4.22,4.415,2.16
2025-02-13,05/25,2025-06-27,,2000000000.0,2000000000.0,5692000000.0,2.846,4.15875,4.12,4.18,4.38,2.12
2025-02-20,06/25,2025-05-23,,2000000000.0,2000000000.0,6131000000.0,3.0655,4.1539225,4.13,4.165,4.27,1.11
2025-02-20,06/25,2025-07-11,,1000000000.0,1000000000.0,3580000000.0,3.58,4.1221,4.075,4.14,4.22,1.79
2025-02-27,07/25,2025-05-09,,1000000000.0,1000000000.0,4452000000.0,4.452,4.15178,4.125,4.16,4.25,0.82
2025-02-27,07/25,2025-06-27,,2000000000.0,2000000000.0,7520000000.0,3.76,4.1353,4.11,4.15,4.26,1.47
2025-03-06,08/25,2025-05-23,,2000000000.0,2000000000.0,6355000000.0,3.1775,4.15405,4.13,4.16,4.27,0.6
2025-03-06,08/25,2025-07-11,,1000000000.0,1000000000.0,4350000000.0,4.35,4.121725,4.1,4.125,4.245,0.33
2025-03-13,09/25,2025-06-13,,2000000000.0,2000000000.0,6072000000.0,3.036,4.1312225,4.11,4.135,4.25,0.38
2025-03-13,09/25,2025-07-25,,2000000000.0,2000000000.0,5995000000.0,2.9975,4.11845,4.1,4.13,4.22,1.15
2025-03-20,10/25,2025-05-23,,2000000000.0,2000000000.0,5324000000.0,2.662,4.15467,4.13,4.165,4.3,1.03
2025-03-20,10/25,2025-08-08,,1000000000.0,1000000000.0,4560000000.0,4.56,4.1126,4.1,4.12,4.24,0.74
2025-03-27,11/25,2025-06-13,,2000000000.0,2000000000.0,6360000000.0,3.18,4.1268125,4.11,4.14,4.255,1.32
2025-03-27,11/25,2025-08-08,,1000000000.0,1000000000.0,4300000000.0,4.3,4.105175,4.085,4.11,4.185,0.48
2025-04-03,12/25,2025-06-27,,2000000000.0,2000000000.0,7200000000.0,3.6,4.1167625,4.08,4.15,4.25,3.32
2025-04-03,12/25,2025-08-08,,1000000000.0,1000000000.0,4585000000.0,4.585,4.067375,4.04,4.09,4.21,2.26
2025-04-10,13/25,2025-06-27,,1000000000.0,1000000000.0,5621000000.0,5.621,3.9759,3.92,4.03,4.21,5.41
2025-04-10,13/25,2025-08-22,,1000000000.0,1000000000.0,3635000000.0,3.635,3.90275,3.865,3.925,4.14,2.22
2025-04-17,14/25,2025-06-27,,1000000000.0,1000000000.0,4320000000.0,4.32,4.006905,3.97,4.03,4.105,2.31
2025-04-17,14/25,2025-08-22,,1000000000.0,1000000000.0,3415000000.0,3.415,3.888575,3.84,3.905,3.98,1.64
2025-04-24,15/25,2025-07-11,,1000000000.0,1000000000.0,5147000000.0,5.147,3.98241,3.9,4.02,4.1,3.76
2025-04-24,15/25,2025-09-12,,1000000000.0,1000000000.0,3186000000.0,3.186,3.85321,3.79,3.88,4.0,2.68
2025-05-01,16/25,2025-07-11,,1000000000.0,1000000000.0,2672000000.0,2.672,3.98275,3.95,4.01,4.1,2.72
2025-05-01,16/25,2025-09-12,,1000000000.0,1000000000.0,2510000000.0,2.51,3.870725,3.85,3.885,3.95,1.43
2025-05-08,17/25,2025-07-25,,1000000000.0,1000000000.0,5250000000.0,5.25,3.936715,3.91,3.945,4.05,0.83
2025-05-08,17/25,2025-09-12,,1000000000.0,1000000000.0,4572000000.0,4.572,3.81995,3.8,3.85,3.96,3.01
2025-05-15,18/25,2025-07-25,,1000000000.0,1000000000.0,5903000000.0,5.903,3.940165,3.9,3.945,4.05,0.48
2025-05-15,18/25,2025-09-26,,1000000000.0,1000000000.0,4341000000.0,4.341,3.859895,3.83,3.875,3.95,1.51
2025-05-22,19/25,2025-08-08,,1000000000.0,1000000000.0,6731000000.0,6.731,3.8374,3.83,3.84,3.96,0.26
2025-05-22,19/25,2025-09-26,,1000000000.0,1000000000.0,4615000000.0,4.615,3.7546,3.74,3.755,3.875,0.04
2025-05-29,20/25,2025-08-08,,1000000000.0,1000000000.0,5577000000.0,5.577,3.83408,3.82,3.84,3.97,0.59
2025-05-29,20/25,2025-09-12,,1000000000.0,1000000000.0,4234000000.0,4.234,3.74473,3.73,3.775,3.88,3.03
2025-06-05,21/25,2025-08-22,,1000000000.0,1000000000.0,5039000000.0,5.039,3.75197,3.73,3.77,3.88,1.8
2025-06-05,21/25,2025-10-10,,1000000000.0,1000000000.0,3535000000.0,3.535,3.662525,3.64,3.675,3.8,1.25
2025-06-12,22/25,2025-08-22,,2000000000.0,2000000000.0,7175000000.0,3.5875,3.7628075,3.73,3.78,3.875,1.72
2025-06-12,22/25,2025-10-10,,1000000000.0,1000000000.0,4441000000.0,4.441,3.66484,3.65,3.68,3.785,1.52
2025-06-19,23/25,2025-09-12,,2000000000.0,2000000000.0,6168000000.0,3.084,3.711155,3.67,3.73,3.835,1.88
2025-06-19,23/25,2025-10-24,,1000000000.0,1000000000.0,4490000000.0,4.49,3.65045,3.6,3.66,3.75,0.95
2025-06-26,24/25,2025-09-12,,1000000000.0,1000000000.0,5321000000.0,5.321,3.64951,3.625,3.66,3.725,1.05
2025-06-26,24/25,2025-10-24,,1000000000.0,1000000000.0,4807000000.0,4.807,3.5825,3.5,3.59,3.7,0.75
2025-07-03,25/25,2025-09-12,,2000000000.0,2000000000.0,6291000000.0,3.1455,3.608345,3.55,3.63,3.71,2.17
2025-07-03,25/25,2025-11-07,,1000000000.0,1000000000.0,3940000000.0,3.94,3.539375,3.5,3.55,3.65,1.06
2025-07-10,26/25,2025-09-26,,1000000000.0,1000000000.0,4165000000.0,4.165,3.778905,3.7,3.79,3.87,1.11
2025-07-10,26/25,2025-11-07,,1000000000.0,1000000000.0,5226000000.0,5.226,3.735255,3.65,3.745,3.82,0.97
2025-07-17,27/25,2025-09-26,,1000000000.0,1000000000.0,4681000000.0,4.681,3.758045,3.73,3.775,3.895,1.7
2025-07-17,27/25,2025-11-07,,1000000000.0,1000000000.0,6035000000.0,6.035,3.72925,3.71,3.73,3.85,0.08
2025-07-24,28/25,2025-10-10,,1000000000.0,1000000000.0,5917000000.0,5.917,3.6935,3.66,3.7,3.85,0.65
2025-07-24,28/25,2025-12-12,,1000000000.0,1000000000.0,5204000000.0,5.204,3.61421,3.57,3.63,3.75,1.58
2025-07-31,29/25,2025-10-10,,1000000000.0,1000000000.0,3986000000.0,3.986,3.670295,3.65,3.695,3.82,2.47
2025-07-31,29/25,2025-12-12,,1000000000.0,1000000000.0,3235000000.0,3.235,3.61285,3.6,3.62,3.725,0.72
2025-08-07,30/25,2025-10-10,,1000000000.0,1000000000.0,4778000000.0,4.778,3.66464,3.6,3.68,3.81,1.54
2025-08-07,30/25,2025-12-12,,1000000000.0,1000000000.0,4848000000.0,4.848,3.586,3.55,3.6,3.72,1.4
2025-08-14,31/25,2025-10-24,,1000000000.0,1000000000.0,4898000000.0,4.898,3.61624,3.6,3.62,3.77,0.38
2025-08-14,31/25,2025-12-12,,1000000000.0,1000000000.0,3953000000.0,3.953,3.55157,3.535,3.56,3.67,0.84
2025-08-21,32/25,2025-10-24,,1000000000.0,1000000000.0,5338000000.0,5.338,3.60622,3.58,3.615,3.73,0.88
2025-08-21,32/25,2026-01-30,,1000000000.0,1000000000.0,4837000000.0,4.837,3.50027,3.48,3.505,3.6,0.47
2025-08-28,33/25,2025-10-24,,1000000000.0,1000000000.0,5155000000.0,5.155,3.592715,3.565,3.62,3.745,2.73
2025-08-28,33/25,2026-01-30,,1000000000.0,1000000000.0,4746000000.0,4.746,3.503945,3.49,3.51,3.595,0.61
2025-09-04,34/25,2025-11-07,,1000000000.0,1000000000.0,4589000000.0,4.589,3.612415,3.6,3.62,3.715,0.76
2025-09-04,34/25,2026-02-13,,1000000000.0,1000000000.0,3713000000.0,3.713,3.52634,3.5,3.53,3.66,0.37
2025-09-11,35/25,2025-11-07,,1000000000.0,1000000000.0,4871000000.0,4.871,3.601175,3.55,3.615,3.67,1.38
2025-09-11,35/25,2026-02-13,,1000000000.0,1000000000.0,4143000000.0,4.143,3.50513,3.46,3.51,3.58,0.49
2025-09-18,36/25,2025-12-12,,1000000000.0,1000000000.0,4220000000.0,4.22,3.5381,3.52,3.55,3.65,1.19
2025-09-18,36/25,2026-02-13,,1000000000.0,1000000000.0,3981000000.0,3.981,3.49539,3.48,3.5,3.63,0.46
2025-09-25,37/25,2025-12-12,,1000000000.0,1000000000.0,4349000000.0,4.349,3.58158,3.51,3.6,3.68,1.84
2025-09-25,37/25,2026-01-30,,1000000000.0,1000000000.0,3363000000.0,3.363,3.586025,3.48,3.59,3.68,0.4
2025-10-02,38/25,2025-12-12,,1000000000.0,1000000000.0,3240000000.0,3.24,3.605475,3.59,3.61,3.7,0.45
2025-10-02,38/25,2026-02-13,,1000000000.0,1000000000.0,3146000000.0,3.146,3.586075,3.57,3.59,3.66,0.39
2025-10-09,39/25,2026-01-30,,1000000000.0,1000000000.0,3399000000.0,3.399,3.57723,3.55,3.58,3.66,0.28
2025-10-09,39/25,2026-02-27,,1000000000.0,1000000000.0,3467000000.0,3.467,3.567455,3.54,3.575,3.69,0.75
2025-10-16,40/25,2026-01-30,,1000000000.0,1000000000.0,3571000000.0,3.571,3.57394,3.55,3.58,3.66,0.61
2025-10-16,40/25,2026-02-27,,1000000000.0,1000000000.0,3460000000.0,3.46,3.5656,3.535,3.575,3.65,0.94
2025-10-23,41/25,2026-01-30,,1000000000.0,1000000000.0,3835000000.0,3.835,3.49334,3.47,3.495,3.65,0.17
2025-10-23,41/25,2026-02-27,,1000000000.0,1000000000.0,3638000000.0,3.638,3.47367,3.46,3.475,3.65,0.13
2025-10-30,42/25,2026-02-13,,2000000000.0,2000000000.0,6698000000.0,3.349,3.6416375,3.6,3.65,3.76,0.84
2025-10-30,42/25,2026-03-13,,1000000000.0,1000000000.0,3699000000.0,3.699,3.635575,3.54,3.645,3.725,0.94
2025-11-06,43/25,2026-02-13,,1500000000.0,1500000000.0,5004000000.0,3.336,3.63767,3.6,3.655,3.78,1.73
2025-11-06,43/25,2026-03-13,,1500000000.0,1500000000.0,4507000000.0,3.0046,3.64430333333333,3.58,3.655,3.785,1.07
2025-11-06,43/25,2026-03-27,,1000000000.0,1000000000.0,3718000000.0,3.718,3.63934,3.58,3.655,3.77,1.57
2025-11-13,44/25,2026-02-13,,1500000000.0,1500000000.0,4853000000.0,3.2353,3.64605,3.62,3.655,3.73,0.9
2025-11-13,44/25,2026-03-13,,1500000000.0,1500000000.0,4308000000.0,2.872,3.65563333333333,3.65,3.66,3.75,0.44
2025-11-13,44/25,2026-03-27,,1000000000.0,1000000000.0,3244000000.0,3.244,3.65363,3.64,3.655,3.755,0.14
2025-11-20,45/25,2026-02-27,,2000000000.0,2000000000.0,4898000000.0,2.449,3.6586325,3.63,3.665,3.73,0.64
2025-11-20,45/25,2026-03-27,,2000000000.0,2000000000.0,4454000000.0,2.227,3.6646075,3.61,3.67,3.725,0.54
2025-11-20,45/25,2026-04-10,,1000000000.0,1000000000.0,3183000000.0,3.183,3.663875,3.6,3.675,3.755,1.11
2025-11-27,46/25,2026-02-27,,1500000000.0,1500000000.0,4942000000.0,3.2946,3.66160666666667,3.64,3.67,3.75,0.84
2025-11-27,46/25,2026-03-27,,1500000000.0,1500000000.0,4105000000.0,2.7366,3.67696666666667,3.655,3.68,3.77,0.3
2025-11-27,46/25,2026-04-10,,1000000000.0,1000000000.0,2905000000.0,2.905,3.681175,3.665,3.685,3.79,0.38
2025-12-04,47/25,2026-02-27,,1500000000.0,1500000000.0,5560000000.0,3.7066,3.66545,3.63,3.675,3.85,0.95
2025-12-04,47/25,2026-04-10,,1500000000.0,1500000000.0,4126000000.0,2.7506,3.69498666666667,3.65,3.7,3.9,0.5
2025-12-04,47/25,2026-05-08,,1000000000.0,1000000000.0,3120000000.0,3.12,3.71185,3.695,3.72,3.9,0.82
2025-12-11,48/25,2026-03-13,,2000000000.0,2000000000.0,5126000000.0,2.563,3.70577,3.67,3.71,3.9,0.42
2025-12-11,48/25,2026-04-10,,2000000000.0,2000000000.0,5510000000.0,2.755,3.7383625,3.705,3.74,3.95,0.16
2025-12-11,48/25,2026-05-08,,1000000000.0,1000000000.0,3197000000.0,3.197,3.75684,3.725,3.76,3.95,0.32
2025-12-18,49/25,2026-03-13,,1500000000.0,1500000000.0,3870000000.0,2.58,3.71205,3.67,3.72,3.9,0.8
2025-12-18,49/25,2026-05-08,,1500000000.0,1500000000.0,4330000000.0,2.8866,3.77586666666667,3.73,3.78,3.95,0.41
2025-12-18,49/25,2026-05-22,,1000000000.0,1000000000.0,3635000000.0,3.635,3.786225,3.76,3.8,3.95,1.38
2026-01-15,01/26,2026-04-10,,2000000000.0,2000000000.0,5370000000.0,2.685,3.7332625,3.7,3.735,3.9,0.17
2026-01-15,01/26,2026-05-22,,2000000000.0,2000000000.0,5115000000.0,2.5575,3.77825,3.72,3.78,3.95,0.17
2026-01-15,01/26,2026-07-24,,1000000000.0,1000000000.0,3453000000.0,3.453,3.835365,3.81,3.855,4.05,1.96
2026-01-22,02/26,2026-05-08,,2000000000.0,2000000000.0,5255000000.0,2.6275,3.774475,3.745,3.78,3.92,0.55
2026-01-22,02/26,2026-06-12,,1000000000.0,1000000000.0,3170000000.0,3.17,3.8212,3.795,3.835,3.95,1.38
2026-01-22,02/26,2026-07-24,,1000000000.0,1000000000.0,2860000000.0,2.86,3.871375,3.835,3.88,3.97,0.86
2026-01-29,03/26,2026-05-08,,1000000000.0,1000000000.0,4219000000.0,4.219,3.86097,3.84,3.875,4.015,1.4
2026-01-29,03/26,2026-06-12,,2000000000.0,2000000000.0,4323000000.0,2.1615,3.943625,3.87,3.955,4.055,1.14
2026-01-29,03/26,2026-08-21,,1000000000.0,1000000000.0,2837000000.0,2.837,4.03003,3.99,4.04,4.11,1.0
2026-02-05,04/26,2026-05-22,,1000000000.0,1000000000.0,3305000000.0,3.305,3.998375,3.975,4.005,4.105,0.66
2026-02-05,04/26,2026-06-12,,1000000000.0,1000000000.0,3375000000.0,3.375,4.045975,4.03,4.05,4.17,0.4
2026-02-05,04/26,2026-08-21,,1000000000.0,1000000000.0,2910000000.0,2.91,4.143825,4.12,4.155,4.265,1.12
2026-02-12,05/26,2026-05-22,,2000000000.0,2000000000.0,6365000000.0,3.1825,3.99825,3.92,4.005,4.135,0.67
2026-02-12,05/26,2026-06-26,,1000000000.0,1000000000.0,3618000000.0,3.618,4.06005,4.02,4.07,4.18,0.99
2026-02-12,05/26,2026-09-11,,1000000000.0,1000000000.0,4085000000.0,4.085,4.161875,4.12,4.17,4.28,0.81
2026-02-19,06/26,2026-05-22,,1000000000.0,1000000000.0,4485000000.0,4.485,3.992775,3.985,3.995,4.085,0.22
2026-02-19,06/26,2026-06-26,,1000000000.0,1000000000.0,3380000000.0,3.38,4.05825,4.03,4.065,4.145,0.68
2026-02-19,06/26,2026-09-11,,1000000000.0,1000000000.0,3895000000.0,3.895,4.152975,4.13,4.17,4.29,1.7
2026-02-26,07/26,2026-05-22,,1000000000.0,1000000000.0,4449000000.0,4.449,3.99229,3.98,3.995,4.27,0.27
2026-02-26,07/26,2026-06-26,,1000000000.0,1000000000.0,3599000000.0,3.599,4.0698,4.03,4.07,4.3,0.02
2026-02-26,07/26,2026-08-07,,1000000000.0,1000000000.0,4533000000.0,4.533,4.1274,4.12,4.13,4.35,0.26
2026-03-05,08/26,2026-06-12,,1000000000.0,1000000000.0,5065000000.0,5.065,4.0563,4.03,4.065,4.25,0.87
2026-03-05,08/26,2026-08-07,,1000000000.0,1000000000.0,4676000000.0,4.676,4.142315,4.11,4.155,4.275,1.27
2026-03-12,09/26,2026-06-12,,1000000000.0,1000000000.0,4561000000.0,4.561,4.162415,4.13,4.175,4.35,1.26
2026-03-12,09/26,2026-07-10,,1000000000.0,1000000000.0,4792000000.0,4.792,4.216265,4.19,4.225,4.35,0.87
2026-03-19,10/26,2026-06-12,,1000000000.0,1000000000.0,4997000000.0,4.997,4.2444,4.13,4.25,4.38,0.56
2026-03-19,10/26,2026-07-10,,1000000000.0,1000000000.0,4085000000.0,4.085,4.297975,4.28,4.305,4.445,0.7
2026-03-26,11/26,2026-06-26,,1000000000.0,1000000000.0,4567000000.0,4.567,4.276215,4.2,4.28,4.465,0.38
2026-03-26,11/26,2026-07-24,,1000000000.0,1000000000.0,4311000000.0,4.311,4.326445,4.3,4.33,4.515,0.36
2026-04-02,12/26,2026-06-26,,1000000000.0,1000000000.0,1772000000.0,1.772,4.3062,4.26,4.31,4.39,0.38
2026-04-02,12/26,2026-07-24,,1000000000.0,1000000000.0,2740000000.0,2.74,4.3519,4.3,4.355,4.45,0.31
2026-04-09,13/26,2026-06-26,,1000000000.0,1000000000.0,2975000000.0,2.975,4.28912,4.25,4.29,4.36,0.09
2026-04-09,13/26,2026-07-24,,1000000000.0,1000000000.0,2547000000.0,2.547,4.33612,4.3,4.34,4.405,0.39
2026-04-16,14/26,2026-07-10,,1000000000.0,1000000000.0,5015000000.0,5.015,4.32526,4.25,4.33,4.44,0.47
2026-04-16,14/26,2026-08-21,,1000000000.0,1000000000.0,4530000000.0,4.53,4.38579,4.36,4.395,4.53,0.92
2026-04-23,15/26,2026-07-10,,2000000000.0,2000000000.0,6986000000.0,3.493,4.3440975,4.3,4.345,4.51,0.09
2026-04-23,15/26,2026-08-21,,1000000000.0,1000000000.0,4543000000.0,4.543,4.401315,4.2,4.42,4.55,1.87
2026-04-30,16/26,2026-07-24,,1000000000.0,1000000000.0,5016000000.0,5.016,4.372185,4.35,4.39,4.535,1.78
2026-04-30,16/26,2026-09-11,,1000000000.0,1000000000.0,3700000000.0,3.7,4.47615,4.46,4.48,4.645,0.39
2026-05-07,17/26,2026-07-24,,1000000000.0,1000000000.0,4235000000.0,4.235,4.425495,4.39,4.435,4.58,0.95
2026-05-07,17/26,2026-09-11,,1000000000.0,1000000000.0,4121000000.0,4.121,4.49854,4.48,4.5,4.64,0.15
2026-05-14,18/26,2026-08-07,,1000000000.0,1000000000.0,4414000000.0,4.414,4.449955,4.44,4.455,4.6,0.5
2026-05-14,18/26,2026-09-25,,1000000000.0,1000000000.0,3780000000.0,3.78,4.529675,4.52,4.53,4.65,0.03
2026-05-21,19/26,2026-08-07,,1000000000.0,1000000000.0,5177000000.0,5.177,4.419115,4.3,4.44,4.55,2.09
2026-05-21,19/26,2026-09-25,,1000000000.0,1000000000.0,4560000000.0,4.56,4.512075,4.5,4.52,4.57,0.79
2026-05-28,20/26,2026-08-21,,1000000000.0,1000000000.0,4744000000.0,4.744,4.433635,4.425,4.44,4.53,0.64
2026-05-28,20/26,2026-10-09,,1000000000.0,1000000000.0,4130000000.0,4.13,4.49535,4.48,4.505,4.57,0.96
2026-06-04,21/26,2026-08-21,,1000000000.0,1000000000.0,3635000000.0,3.635,4.44167,4.41,4.45,4.49,0.83
2026-06-04,21/26,2026-10-09,,1000000000.0,1000000000.0,3603000000.0,3.603,4.50328,4.495,4.505,4.55,0.17
2026-06-11,22/26,2026-09-11,,1000000000.0,1000000000.0,4013000000.0,4.013,4.447855,4.41,4.455,4.55,0.71
2026-06-11,22/26,2026-10-23,,1000000000.0,1000000000.0,3410000000.0,3.41,4.48234,4.45,4.495,4.585,1.27
2026-06-18,23/26,2026-09-11,,1000000000.0,1000000000.0,4626000000.0,4.626,4.44745,4.44,4.45,4.52,0.26
2026-06-18,23/26,2026-10-23,,1000000000.0,1000000000.0,4715000000.0,4.715,4.4791,4.46,4.49,4.57,1.09
2026-06-25,24/26,2026-09-11,,1000000000.0,1000000000.0,3899000000.0,3.899,4.443435,4.41,4.45,4.55,0.66
2026-06-25,24/26,2026-10-23,,1000000000.0,1000000000.0,3966000000.0,3.966,4.48114,4.45,4.485,4.58,0.39
2026-07-02,25/26,2026-09-25,,1000000000.0,1000000000.0,4420000000.0,4.42,4.43807,4.42,4.445,4.53,0.69
2026-07-02,25/26,2026-11-13,,500000000.0,500000000.0,2585000000.0,5.17,4.48253,4.44,4.485,4.575,0.25
2026-07-02,25/26,2027-02-26,,500000000.0,500000000.0,2255000000.0,4.51,4.5642,4.5,4.57,4.645,0.58
2026-07-09,26/26,2026-10-09,,1000000000.0,1000000000.0,4522000000.0,4.522,4.449995,4.42,4.455,4.545,0.5
2026-07-09,26/26,2026-11-13,,500000000.0,500000000.0,2588000000.0,5.176,4.48225,4.44,4.485,4.55,0.28
2026-07-09,26/26,2027-02-26,,500000000.0,500000000.0,1900000000.0,3.8,4.57735,4.505,4.595,4.64,1.76
2026-07-16,27/26,2026-10-23,,1000000000.0,1000000000.0,4240000000.0,4.24,4.4465,4.43,4.46,4.55,1.35
2026-07-16,27/26,2026-11-27,,500000000.0,500000000.0,2495000000.0,4.99,4.48205,4.45,4.5,4.55,1.79
2026-07-16,27/26,2027-02-26,,500000000.0,500000000.0,3220000000.0,6.44,4.52875,4.49,4.57,4.635,4.13
2026-07-23,28/26,2026-10-23,,500000000.0,500000000.0,4024000000.0,8.048,4.44678,4.43,4.45,4.55,0.32
2026-07-23,28/26,2026-11-27,,500000000.0,500000000.0,3474000000.0,6.948,4.47686,4.46,4.49,4.85,1.31
2026-07-23,28/26,2027-03-12,,1000000000.0,1000000000.0,4358000000.0,4.358,4.600055,4.55,4.62,4.7,1.99
2026-07-30,29/26,2026-10-23,,500000000.0,500000000.0,2070000000.0,4.14,4.4114,4.39,4.425,4.51,1.36
2026-07-30,29/26,2026-11-27,,1000000000.0,1000000000.0,2985000000.0,2.985,4.44975,4.42,4.46,4.55,1.03
2026-07-30,29/26,2027-03-12,,500000000.0,500000000.0,1765000000.0,3.53,4.5442,4.5,4.57,4.67,2.58
2026-08-06,30/26,2026-11-13,,1000000000.0,1000000000.0,4696000000.0,4.696,4.432365,4.4,4.44,4.53,0.76
2026-08-06,30/26,2027-03-12,,1000000000.0,1000000000.0,3354000000.0,3.354,4.55423,4.53,4.57,4.65,1.58
2026-08-13,31/26,2026-11-13,,1000000000.0,1000000000.0,4178000000.0,4.178,4.437695,4.41,4.44,4.565,0.23
2026-08-13,31/26,2026-12-18,,1000000000.0,1000000000.0,4050000000.0,4.05,4.4799,4.475,4.48,4.59,0.01
2026-08-13,31/26,2027-04-09,,1000000000.0,1000000000.0,3610000000.0,3.61,4.60385,4.565,4.615,4.695,1.11
2026-08-20,32/26,2026-11-13,,1500000000.0,1500000000.0,4877000000.0,3.2513,4.43941333333333,4.4,4.45,4.545,1.06
2026-08-20,32/36,2026-12-18,,1500000000.0,1500000000.0,5492000000.0,3.6613,4.48601,4.45,4.49,4.62,0.4
2026-08-20,32/26,2027-04-09,,1000000000.0,1000000000.0,3204000000.0,3.204,4.612615,4.53,4.62,4.725,0.74
2026-08-27,33/26,2026-11-13,,2500000000.0,2500000000.0,6000000000.0,2.4,4.49346,4.45,4.495,4.65,0.15
2026-08-27,33/26,2027-01-22,,1500000000.0,1500000000.0,4482000000.0,2.988,4.60872666666667,4.57,4.61,4.75,0.13
2026-08-27,33/26,2027-02-26,,1000000000.0,1000000000.0,4085000000.0,4.085,4.662325,4.62,4.67,4.79,0.77
2026-08-27,33/26,2027-05-14,,1000000000.0,1000000000.0,3865000000.0,3.865,4.753275,4.72,4.765,4.87,1.17
2026-09-03,34/26,2026-11-27,,2000000000.0,2000000000.0,5309000000.0,2.6545,4.5723625,4.55,4.575,4.7,0.26
2026-09-03,34/26,2027-01-22,,1000000000.0,1000000000.0,3150000000.0,3.15,4.667975,4.64,4.67,4.8,0.2
2026-09-03,34/26,2027-05-14,,1000000000.0,1000000000.0,3905000000.0,3.905,4.816515,4.795,4.84,5.05,2.35
