"nid","list_date","title","plazo","denominacion","auction","maturity","settlement","nominal_bid","nominal_alloc","nominal_2nd","cash_alloc","cash_2nd","btc","avg_yield","marginal_yield"
"30467","2022-01-05","Subasta de Bonos a 3 años","3 AÑOS","B 0,00%","2022-01-05","2024-05-31","2022-01-11","2975.01","1390.00","0.00","1402.98","0.00","2.14","-0.392","-0.383"
"30468","2022-01-05","Subasta de Bonos a 5 años","5 AÑOS","O 0,00% (7A)","2022-01-05","2028-01-31","2022-01-11","2817.03","1700.03","0.00","1687.21","0.00","1.66","0.122","0.129"
"30471","2022-01-05","Subasta de Obligaciones a 15 años","15 AÑOS","O 0,85%","2022-01-05","2037-07-30","2022-01-11","2597.12","2032.12","0.00","1983.14","0.00","1.28","1.042","1.047"
"30475","2022-01-05","Subasta de Obligaciones €i a 10 años","","O€i 0,65%","2022-01-05","2027-11-30","2022-01-11","1109.01","558.00","0.00","695.32","0.00","1.99","-1.704","-1.695"
"30538","2022-01-11","Subasta de Letras a 6 meses","6 MESES","","2022-01-11","2022-07-08","2022-01-14","2737.99","1141.50","139.35","1144.68","139.74","2.40","-0.574","-0.566"
"30539","2022-01-11","Subasta de Letras a 12 meses","12 MESES","","2022-01-11","2023-01-13","2022-01-14","5927.52","4375.59","637.00","4399.20","640.33","1.35","-0.534","-0.515"
"30628","2022-01-18","Subasta de Letras a 3 meses","3 MESES","","2022-01-18","2022-04-08","2022-01-21","1716.79","540.30","0.00","541.02","0.00","3.18","-0.627","-0.600"
"30629","2022-01-18","Subasta de Letras a 9 meses","9 MESES","","2022-01-18","2022-10-07","2022-01-21","3646.49","1540.00","0.00","1546.22","0.00","2.37","-0.562","-0.557"
"30632","2022-01-20","Subasta de Bonos a 5 años","5 AÑOS","B 0,00%","2022-01-20","2027-01-31","2022-01-25","3517.02","2157.02","457.24","2147.26","455.09","1.63","0.088","0.093"
"30635","2022-01-20","Subasta de Obligaciones a 15 años","15 AÑOS","O 1,20% (VR 18a 9m)","2022-01-20","2040-10-31","2022-01-25","2042.26","1177.26","241.11","1178.03","241.04","1.73","1.210","1.218"
"30787","2022-02-03","Subasta de Bonos a 3 años","3 AÑOS","B 0,00%","2022-02-03","2025-05-31","2022-02-08","3678.01","2763.00","0.00","2763.04","0.00","1.33","-0.003","0.009"
"30789","2022-02-03","Subasta de Obligaciones a 10 años","10 AÑOS","O 0,70%","2022-02-03","2032-04-30","2022-02-08","3485.43","2240.43","0.00","2207.33","0.00","1.56","0.852","0.858"
"30790","2022-02-03","Subasta de Obligaciones a 15 años","15 AÑOS","O 4,20% (VR 15a)","2022-02-03","2037-01-31","2022-02-08","1427.24","571.24","0.00","820.41","0.00","2.50","1.043","1.046"
"30793","2022-02-03","Subasta de Obligaciones €i a 10 años","","O€i 0,65%","2022-02-03","2027-11-30","2022-02-08","1054.00","525.00","0.00","650.78","0.00","2.01","-1.567","-1.550"
"30917","2022-02-08","Subasta de Letras a 6 meses","6 MESES","","2022-02-08","2022-08-12","2022-02-11","4721.49","950.59","178.69","952.84","179.11","4.97","-0.470","-0.464"
"30918","2022-02-08","Subasta de Letras a 12 meses","12 MESES","","2022-02-08","2023-02-10","2022-02-11","7646.80","4896.35","742.63","4913.11","745.11","1.56","-0.341","-0.330"
"30946","2022-02-15","Subasta de Letras a 3 meses","3 MESES","","2022-02-15","2022-05-06","2022-02-18","3416.50","500.00","29.13","500.66","29.16","6.83","-0.619","-0.614"
"30947","2022-02-15","Subasta de Letras a 9 meses","9 MESES","","2022-02-15","2022-11-11","2022-02-18","4778.50","1400.30","214.17","1405.41","214.95","3.41","-0.495","-0.491"
"31015","2022-02-17","Subasta de Bonos a 5 años","5 AÑOS","B 0,00%","2022-02-17","2027-01-31","2022-02-22","3612.05","2391.05","433.69","2323.02","421.12","1.51","0.581","0.597"
"31017","2022-02-17","Subasta de Obligaciones a 10 años","10 AÑOS","O 0,70%","2022-02-17","2032-04-30","2022-02-22","3244.33","2138.33","446.01","2030.86","423.18","1.52","1.232","1.245"
"31159","2022-03-01","Subasta de Letras a 6 meses","6 MESES","","2022-03-01","2022-09-09","2022-03-04","2829.12","897.63","81.42","900.31","81.66","3.15","-0.572","-0.560"
"31160","2022-03-01","Subasta de Letras a 12 meses","12 MESES","","2022-03-01","2023-03-10","2022-03-04","6957.42","4350.91","721.75","4372.17","725.23","1.60","-0.478","-0.465"
"31163","2022-03-03","Subasta de Bonos a 3 años","3 AÑOS","B 0,00%","2022-03-03","2025-05-31","2022-03-08","2616.00","1996.00","397.52","1991.26","396.32","1.31","0.065","0.092"
"31164","2022-03-03","Subasta de Bonos a 5 años","5 AÑOS","O 0,80% (7A)","2022-03-03","2029-07-30","2022-03-08","2773.16","2068.16","435.58","2087.42","439.28","1.34","0.664","0.681"
"31167","2022-03-03","Subasta de Obligaciones a 15 años","15 AÑOS","O 1,00% (20A)","2022-03-03","2042-07-30","2022-03-08","1411.75","1001.73","214.38","922.97","196.95","1.41","1.471","1.492"
"31169","2022-03-03","Subasta de Obligaciones €i a 15 años","","O€i 0,70%","2022-03-03","2033-11-30","2022-03-08","968.00","553.00","107.26","727.03","140.85","1.75","-1.036","-1.020"
"31246","2022-03-08","Subasta de Letras a 3 meses","3 MESES","","2022-03-08","2022-06-10","2022-03-11","2137.64","629.14","0.00","630.23","0.00","3.40","-0.692","-0.678"
"31247","2022-03-08","Subasta de Letras a 9 meses","9 MESES","","2022-03-08","2022-12-09","2022-03-11","4626.58","1315.08","0.00","1320.59","0.00","3.52","-0.557","-0.544"
"31275","2022-03-17","Subasta de Bonos a 3 años","3 AÑOS","B 0,00%","2022-03-17","2025-05-31","2022-03-22","3523.23","2083.23","426.58","2060.37","421.84","1.69","0.342","0.349"
"31276","2022-03-17","Subasta de Bonos a 5 años","5 AÑOS","O 1,40% (VR 6a 4m)","2022-03-17","2028-07-30","2022-03-22","2401.78","1028.75","8.27","1078.30","8.67","2.33","0.764","0.770"
"31279","2022-03-17","Subasta de Obligaciones a 10 años","10 AÑOS","O 0,70%","2022-03-17","2032-04-30","2022-03-22","3754.72","2489.72","0.00","2349.83","0.00","1.51","1.307","1.313"
"31430","2022-04-05","Subasta de Letras a 6 meses","6 MESES","","2022-04-05","2022-10-07","2022-04-08","2931.28","938.40","31.11","940.99","31.19","3.12","-0.550","-0.542"
"31431","2022-04-05","Subasta de Letras a 12 meses","12 MESES","","2022-04-05","2023-04-14","2022-04-08","7287.17","4161.71","616.08","4173.86","617.85","1.75","-0.288","-0.277"
"31439","2022-04-07","Subasta de Obligaciones €i a 15 años","","O€i 0,70%","2022-04-07","2033-11-30","2022-04-12","945.03","530.00","0.00","685.28","0.00","1.78","-0.852","-0.829"
"31441","2022-04-07","Subasta de Obligaciones a 10 años","10 AÑOS","O 0,70%","2022-04-07","2032-04-30","2022-04-12","5325.98","2325.98","0.00","2135.97","0.00","2.29","1.601","1.607"
"31443","2022-04-07","Subasta de Bonos a 5 años","5 AÑOS","O 1,50% (VR 5a)","2022-04-07","2027-04-30","2022-04-12","2557.40","1507.40","0.00","1568.19","0.00","1.70","0.965","0.977"
"31444","2022-04-07","Subasta de Bonos a 5 años","5 AÑOS","O 0,80% (7A)","2022-04-07","2029-07-30","2022-04-12","2211.12","1205.12","0.00","1169.89","0.00","1.83","1.227","1.245"
"31527","2022-04-19","Subasta de Letras a 3 meses","3 MESES","","2022-04-19","2022-07-08","2022-04-22","1845.49","459.00","0.00","459.64","0.00","4.02","-0.657","-0.652"
"31528","2022-04-19","Subasta de Letras a 9 meses","9 MESES","","2022-04-19","2023-01-13","2022-04-22","4071.50","1500.00","0.00","1504.45","0.00","2.71","-0.412","-0.385"
"31532","2022-04-21","Subasta de Bonos a 3 años","3 AÑOS","B 0,00%","2022-04-21","2025-05-31","2022-04-26","3246.13","2381.13","0.00","2319.41","0.00","1.36","0.845","0.863"
"31534","2022-04-21","Subasta de Obligaciones a 10 años","10 AÑOS","O 5,75% (VR 10a 3m)","2022-04-21","2032-07-30","2022-04-26","1904.60","1459.60","0.00","2066.55","0.00","1.30","1.737","1.757"
"31535","2022-04-21","Subasta de Obligaciones a 30 años","30 AÑOS","O 2,70% (VR 26a 6m)","2022-04-21","2048-10-31","2022-04-26","2315.11","1700.11","58.48","1858.14","63.82","1.36","2.289","2.302"
"31803","2022-05-03","Subasta de Letras a 6 meses","6 MESES","","2022-05-03","2022-11-11","2022-05-06","2013.60","1183.60","58.94","1185.72","59.03","1.70","-0.351","-0.310"
"31804","2022-05-03","Subasta de Letras a 12 meses","12 MESES","","2022-05-03","2023-05-12","2022-05-06","6043.09","3828.09","735.59","3824.69","734.81","1.58","0.078","0.103"
"31807","2022-05-05","Subasta de Bonos a 5 años","5 AÑOS","B 0,00%","2022-05-05","2027-01-31","2022-05-10","3788.16","2740.16","0.00","2566.65","0.00","1.38","1.387","1.407"
"31808","2022-05-05","Subasta de Bonos a 5 años","5 AÑOS","O 0,80% (7A)","2022-05-05","2029-07-30","2022-05-10","1829.60","1049.60","0.00","987.51","0.00","1.74","1.694","1.706"
"31811","2022-05-05","Subasta de Obligaciones a 50 años","50 AÑOS","O 1,45%","2022-05-05","2071-10-31","2022-05-10","1974.89","1242.29","0.001","790.21","0.0006","1.59","2.851","2.889"
"31813","2022-05-05","Subasta de Obligaciones €i a 15 años","","O€i 0,70%","2022-05-05","2033-11-30","2022-05-10","939.08","574.00","0.00","719.33","0.00","1.64","-0.456","-0.437"
"31889","2022-05-10","Subasta de Letras a 3 meses","3 MESES","","2022-05-10","2022-08-12","2022-05-13","1646.53","405.60","0.00","406.10","0.00","4.06","-0.491","-0.478"
"31890","2022-05-10","Subasta de Letras a 9 meses","9 MESES","","2022-05-10","2023-02-10","2022-05-13","3766.80","1470.00","155.82","1470.96","155.92","2.56","-0.094","-0.081"
"31913","2022-05-19","Subasta de Bonos a 3 años","3 AÑOS","B 0,00%","2022-05-19","2025-05-31","2022-05-24","2517.34","1352.34","0.00","1310.88","0.00","1.86","1.030","1.043"
"31914","2022-05-19","Subasta de Bonos a 5 años","5 AÑOS","O 0,80% (VR 5a 2m)","2022-05-19","2027-07-30","2022-05-24","1526.80","1116.80","0.00","1091.29","0.00","1.37","1.383","1.404"
"31917","2022-05-19","Subasta de Obligaciones a 10 años","10 AÑOS","O 0,70%","2022-05-19","2032-04-30","2022-05-24","2517.82","1987.82","0.00","1749.66","0.00","1.27","2.046","2.067"
"31918","2022-05-19","Subasta de Obligaciones a 15 años","15 AÑOS","O 1,00% (20A)","2022-05-19","2042-07-30","2022-05-24","1420.09","1020.09","0.00","799.68","0.00","1.39","2.403","2.418"
"32050","2022-06-02","Subasta de Bonos a 3 años","3 AÑOS","O 4,65% (VR 3a 2m)","2022-06-02","2025-07-30","2022-06-07","1971.36","1286.36","0.00","1474.12","0.00","1.53","1.182","1.202"
"32051","2022-06-02","Subasta de Bonos a 5 años","5 AÑOS","O 0,80% (7A)","2022-06-02","2029-07-30","2022-06-07","2364.85","1564.85","0.00","1452.14","0.00","1.51","1.913","1.930"
"32054","2022-06-02","Subasta de Obligaciones a 10 años","10 AÑOS","O 0,10% (VR 8a 11m)","2022-06-02","2031-04-30","2022-06-07","2465.63","1240.63","0.00","1036.58","0.00","1.99","2.149","2.159"
"32056","2022-06-02","Subasta de Obligaciones €i a 10 años","","O€i 0,65%","2022-06-02","2027-11-30","2022-06-07","1338.04","670.00","0.00","833.18","0.00","2.00","-0.958","-0.945"
"32122","2022-06-07","Subasta de Letras a 6 meses","6 MESES","","2022-06-07","2022-12-09","2022-06-10","2382.63","872.63","24.88","872.92","24.89","2.73","-0.078","-0.055"
"32123","2022-06-07","Subasta de Letras a 12 meses","12 MESES","","2022-06-07","2023-06-09","2022-06-10","5339.93","4054.93","693.04","4035.11","689.52","1.32","0.479","0.504"
"32213","2022-06-14","Subasta de Letras a 3 meses","3 MESES","","2022-06-14","2022-09-09","2022-06-17","1649.11","364.10","9.00","364.42","9.01","4.53","-0.387","-0.350"
"32214","2022-06-14","Subasta de Letras a 9 meses","9 MESES","","2022-06-14","2023-03-10","2022-06-17","2481.51","1431.51","234.16","1424.82","233.02","1.73","0.623","0.660"
"32217","2022-06-16","Subasta de Bonos a 5 años","5 AÑOS","B 0,00%","2022-06-16","2027-01-31","2022-06-21","3331.60","2206.55","455.18","1982.14","408.57","1.51","2.345","2.367"
"32219","2022-06-16","Subasta de Obligaciones a 10 años","10 AÑOS","O 1,95% (VR 8a 1m)","2022-06-16","2030-07-30","2022-06-21","1648.50","1013.49","203.81","977.10","196.39","1.63","2.684","2.697"
"32220","2022-06-16","Subasta de Obligaciones a 15 años","15 AÑOS","O 0,85%","2022-06-16","2037-07-30","2022-06-21","1986.45","1291.45","278.65","933.61","201.27","1.54","3.260","3.273"
"32373","2022-07-05","Subasta de Letras a 6 meses","6 MESES","","2022-07-05","2023-01-13","2022-07-08","3184.04","1149.04","129.77","1148.27","129.68","2.77","0.117","0.134"
"32374","2022-07-05","Subasta de Letras a 12 meses","12 MESES","","2022-07-05","2023-07-07","2022-07-08","7770.95","4184.94","696.44","4155.85","691.53","1.86","0.687","0.702"
"32377","2022-07-07","Subasta de Bonos a 3 años","3 AÑOS","O 5,90% (VR 4a 1m)","2022-07-07","2026-07-30","2022-07-12","3122.07","1174.06","59.11","1451.24","73.02","2.66","1.299","1.327"
"32379","2022-07-07","Subasta de Obligaciones a 10 años","10 AÑOS","O 2,55%","2022-07-07","2032-10-31","2022-07-12","3283.43","2263.23","36.47","2286.50","36.80","1.45","2.454","2.468"
"32380","2022-07-07","Subasta de Obligaciones a 30 años","30 AÑOS","O 1,90%","2022-07-07","2052-10-31","2022-07-12","1858.63","1293.63","240.66","980.15","181.70","1.44","3.192","3.217"
"32383","2022-07-07","Subasta de Obligaciones €i a 10 años","","O€i 1,00% (VR 8a 5m)","2022-07-07","2030-11-30","2022-07-12","1120.07","470.07","43.09","587.48","53.80","2.38","0.002","0.020"
"32460","2022-07-12","Subasta de Letras a 3 meses","3 MESES","","2022-07-12","2022-10-07","2022-07-15","2161.50","355.00","0.00","355.17","0.00","6.09","-0.210","-0.198"
"32461","2022-07-12","Subasta de Letras a 9 meses","9 MESES","","2022-07-12","2023-04-14","2022-07-15","4278.90","1478.84","0.00","1473.53","0.00","2.89","0.468","0.484"
"32481","2022-07-21","Subasta de Bonos a 3 años","3 AÑOS","B 0,00%","2022-07-21","2025-05-31","2022-07-26","2175.90","1130.86","233.02","1086.23","223.73","1.92","1.416","1.437"
"32482","2022-07-21","Subasta de Bonos a 5 años","5 AÑOS","B 0,00%","2022-07-21","2027-01-31","2022-07-26","2685.24","1535.01","324.70","1418.48","299.79","1.75","1.754","1.780"
"32485","2022-07-21","Subasta de Obligaciones a 10 años","10 AÑOS","O 2,55%","2022-07-21","2032-10-31","2022-07-26","3791.74","2394.72","504.81","2403.79","506.27","1.58","2.535","2.550"
"32625","2022-08-04","Subasta de Bonos a 3 años","3 AÑOS","O 1,30% (VR 4a 3m)","2022-08-04","2026-10-31","2022-08-09","2077.97","1025.88","207.22","1046.00","211.19","2.03","1.061","1.075"
"32626","2022-08-04","Subasta de Bonos a 5 años","5 AÑOS","O 0,80% (7A)","2022-08-04","2029-07-30","2022-08-09","2800.14","1755.14","373.11","1668.45","354.49","1.60","1.552","1.564"
"32629","2022-08-04","Subasta de Obligaciones a 10 años","10 AÑOS","O 2,55%","2022-08-04","2032-10-31","2022-08-09","3057.77","1786.69","47.16","1886.21","49.76","1.71","1.982","1.991"
"32631","2022-08-04","Subasta de Obligaciones €i a 15 años","","O€i 0,70%","2022-08-04","2033-11-30","2022-08-09","1027.16","582.00","120.77","725.66","150.39","1.76","-0.112","-0.096"
"32697","2022-08-09","Subasta de Letras a 6 meses","6 MESES","","2022-08-09","2023-02-10","2022-08-12","3694.60","814.60","168.80","812.73","168.40","4.54","0.449","0.465"
"32698","2022-08-09","Subasta de Letras a 12 meses","12 MESES","","2022-08-09","2023-08-11","2022-08-12","6284.08","4000.00","754.30","3968.47","748.29","1.57","0.781","0.795"
"32713","2022-08-16","Subasta de Letras a 3 meses","3 MESES","","2022-08-16","2022-11-11","2022-08-19","1935.03","365.03","0.00","364.91","0.00","5.30","0.138","0.145"
"32714","2022-08-16","Subasta de Letras a 9 meses","9 MESES","","2022-08-16","2023-05-12","2022-08-19","4457.88","1337.87","0.00","1331.96","0.00","3.33","0.597","0.618"
"32796","2022-09-01","Subasta de Bonos a 3 años","3 AÑOS","B 0,00%","2022-09-01","2025-05-31","2022-09-06","3301.98","1700.98","334.00","1619.37","317.93","1.94","1.808","1.817"
"32798","2022-09-01","Subasta de Obligaciones a 10 años","10 AÑOS","O 2,55%","2022-09-01","2032-10-31","2022-09-06","2933.13","1667.13","341.53","1638.03","335.42","1.76","2.813","2.822"
"32799","2022-09-01","Subasta de Obligaciones a 30 años","30 AÑOS","O 1,90%","2022-09-01","2052-10-31","2022-09-06","2432.08","1587.08","118.40","1174.21","87.44","1.53","3.334","3.346"
"32802","2022-09-01","Subasta de Obligaciones €i a 15 años","","O€i 0,70%","2022-09-01","2033-11-30","2022-09-06","965.05","415.05","81.37","481.92","94.43","2.33","0.607","0.616"
"32867","2022-09-06","Subasta de Letras a 6 meses","6 MESES","","2022-09-06","2023-03-10","2022-09-09","2159.50","784.50","14.13","781.06","14.06","2.75","0.868","0.880"
"32868","2022-09-06","Subasta de Letras a 12 meses","12 MESES","","2022-09-06","2023-09-08","2022-09-09","6266.02","3866.02","276.22","3811.57","272.30","1.62","1.408","1.423"
"32892","2022-11-17","Subasta de Bonos a 3 años","3 AÑOS","B 0,00%","2022-11-17","2025-05-31","2022-11-22","3323.56","1400.00","243.91","1320.15","229.96","2.37","2.351","2.359"
"32894","2022-11-03","Subasta de Obligaciones €i a 10 años","","O€i 1,00% (VR 8a 1m)","2022-11-03","2030-11-30","2022-11-08","859.05","454.05","85.69","555.73","104.77","1.89","0.583","0.601"
"32896","2022-11-15","Subasta de Letras a 3 meses","3 MESES","","2022-11-15","2023-02-10","2022-11-18","1747.92","462.85","19.78","461.37","19.72","3.78","1.369","1.387"
"32897","2022-11-15","Subasta de Letras a 9 meses","9 MESES","","2022-11-15","2023-08-11","2022-11-18","3142.05","1500.00","210.07","1474.17","206.43","2.09","2.363","2.387"
"32900","2022-11-17","Subasta de Obligaciones a 10 años","10 AÑOS","O 0,70% (VR 9a 11m)","2022-11-17","2032-04-30","2022-11-22","2922.22","1662.08","1.00","1369.97","0.82","1.76","2.901","2.909"
"32901","2022-11-17","Subasta de Obligaciones a 15 años","15 AÑOS","O 5,15% (VR 21a 11m)","2022-11-17","2044-10-31","2022-11-22","1683.82","873.82","173.14","1125.43","222.90","1.93","3.301","3.307"
"33179","2022-10-20","Subasta de Bonos a 3 años","3 AÑOS","B 0,00%","2022-10-20","2025-05-31","2022-10-25","3620.37","348.34","[1]","1634.11","325.17","2.07","2.663","2.679"
"33180","2022-10-20","Subasta de Bonos a 3 años","3 AÑOS","O 1,95% (VR 3a 6m)","2022-10-20","2026-04-30","2022-10-25","2333.27","1218.27","246.45","1200.41","242.65","1.92","2.669","2.700"
"33181","2022-10-20","Subasta de Bonos a 5 años","5 AÑOS","O 0,80% (7A)","2022-10-20","2029-07-30","2022-10-25","4563.50","2458.50","524.88","2102.37","448.66","1.86","3.247","3.258"
"33185","2022-11-03","Subasta de Bonos a 5 años","5 AÑOS","B 0,00%","2022-11-03","2027-01-31","2022-11-08","3288.38","1498.38","0.00","1340.14","0.00","2.19","2.667","2.677"
"33187","2022-10-06","Subasta de Obligaciones €i a 10 años","","O€i 1,00% (VR 8a 2m)","2022-10-06","2030-11-30","2022-10-11","1270.32","505.32","0.00","608.97","0.00","2.51","0.688","0.702"
"33189","2022-10-04","Subasta de Letras a 6 meses","6 MESES","","2022-10-04","2023-04-14","2022-10-07","3950.92","780.91","[1]","774.59","[1]","5.06","1.553","1.559"
"33190","2022-10-04","Subasta de Letras a 12 meses","12 MESES","","2022-10-04","2023-10-06","2022-10-07","6674.48","3499.44","[1]","3431.05","[1]","1.91","1.962","1.980"
"33193","2022-10-11","Subasta de Letras a 3 meses","3 MESES","","2022-10-11","2023-01-13","2022-10-14","1951.20","451.09","0.00","450.11","0.00","4.33","0.853","0.880"
"33194","2022-10-11","Subasta de Letras a 9 meses","9 MESES","","2022-10-11","2023-07-07","2022-10-14","2713.67","1513.65","36.62","1491.67","36.09","1.79","1.983","2.014"
"33197","2022-11-08","Subasta de Letras a 6 meses","6 MESES","","2022-11-08","2023-05-12","2022-11-11","2204.32","674.31","59.18","667.53","58.58","3.27","2.003","2.040"
"33198","2022-11-08","Subasta de Letras a 12 meses","12 MESES","","2022-11-08","2023-11-10","2022-11-11","5564.32","3659.29","632.71","3567.50","616.72","1.52","2.537","2.565"
"33201","2022-10-06","Subasta de Obligaciones a 10 años","10 AÑOS","O 2,55%","2022-10-06","2032-10-31","2022-10-11","3108.32","2183.16","0.00","2075.61","0.00","1.42","3.225","3.236"
"33202","2022-10-06","Subasta de Obligaciones a 30 años","30 AÑOS","O 1,00% (VR 28a 1m)","2022-10-06","2050-10-31","2022-10-11","2443.21","1568.21","0.00","876.02","0.00","1.56","3.565","3.578"
"33205","2022-11-03","Subasta de Obligaciones a 10 años","10 AÑOS","O 2,55%","2022-11-03","2032-10-31","2022-11-08","3032.70","1432.00","109.19","1341.38","102.25","2.12","3.306","3.313"
"33206","2022-11-03","Subasta de Obligaciones a 15 años","15 AÑOS","O 1,00% BV (VR 19a 9m)","2022-11-03","2042-07-30","2022-11-08","1368.21","823.21","147.70","527.71","94.51","1.66","3.586","3.601"
"33435","2022-09-13","Subasta de Letras a 3 meses","3 MESES","","2022-09-13","2022-12-09","2022-09-16","2355.01","376.00","9.31","375.36","9.29","6.26","0.707","0.735"
"33437","2022-09-13","Subasta de Letras a 9 meses","9 MESES","","2022-09-13","2023-06-09","2022-09-16","2212.36","1562.36","3.00","1547.23","2.97","1.42","1.308","1.350"
"33442","2022-09-15","Subasta de Bonos a 5 años","5 AÑOS","O 0,50% (VR 7a 7m)","2022-09-15","2030-04-30","2022-09-20","2719.21","1246.21","0.00","1076.39","0.00","2.18","2.510","2.527"
"33443","2022-09-15","Subasta de Bonos a 5 años","5 AÑOS","B 0,00%","2022-09-15","2027-01-31","2022-09-20","3824.94","2064.92","0.00","1875.08","0.00","1.85","2.228","2.242"
"33444","2022-09-15","Subasta de Bonos a 3 años","3 AÑOS","O 2,15% (VR 3a 1m)","2022-09-15","2025-10-31","2022-09-20","2414.05","863.04","0.00","886.43","0.00","2.80","1.875","1.888"
"33445","2022-10-06","Subasta de Bonos a 5 años","5 AÑOS","O 6,00% (VR 6a 4m)","2022-10-06","2029-01-31","2022-10-11","2791.62","1151.24","0.00","1421.02","0.00","2.42","2.632","2.643"
"33447","2022-09-15","Subasta de Bonos a 3 años","3 AÑOS","O 2,15% (VR 3a 1m)","2022-09-15","2025-10-31","2022-09-20","2414.05","863.04","0.00","886.43","0.00","2.80","1.875","1.888"
"33578","2022-12-01","Subasta de Bonos a 5 años","5 AÑOS","O 1,45% (VR 4a 11m)","2022-12-01","2027-10-31","2022-12-06","2087.05","1056.80","215.18","1012.06","205.94","1.97","2.396","2.418"
"33580","2022-12-01","Subasta de Obligaciones a 10 años","10 AÑOS","O 0,10% (VR 8a 5m)","2022-12-01","2031-04-30","2022-12-06","2383.01","1065.90","170.76","863.32","138.25","2.24","2.660","2.669"
"33581","2022-12-01","Subasta de Obligaciones a 15 años","15 AÑOS","O 0,85%","2022-12-01","2037-07-30","2022-12-06","2110.61","1369.58","269.59","1010.03","198.50","1.54","3.132","3.151"
"33647","2022-12-07","Subasta de Letras a 6 meses","6 MESES","","2022-12-07","2023-06-09","2022-12-09","2349.31","778.92","23.05","770.92","22.81","3.02","2.041","2.092"
"33648","2022-12-07","Subasta de Letras a 12 meses","12 MESES","","2022-12-07","2023-12-08","2022-12-09","4539.78","2997.40","510.72","2924.79","498.26","1.51","2.449","2.474"
"33664","2022-12-13","Subasta de Letras a 3 meses","3 MESES","","2022-12-13","2023-03-10","2022-12-16","1157.88","138.81","0.00","138.29","0.00","8.34","1.617","1.645"
"33665","2022-12-13","Subasta de Letras a 9 meses","9 MESES","","2022-12-13","2023-09-08","2022-12-16","2458.23","1040.00","66.24","1022.09","65.10","2.36","2.366","2.380"
"33746","2023-01-10","Subasta de Letras a 6 meses","6 MESES","","2023-01-10","2023-07-07","2023-01-13","2715.59","970.49","153.31","958.44","151.40","2.80","2.584","2.599"
"33747","2023-01-10","Subasta de Letras a 12 meses","12 MESES","","2023-01-10","2024-01-12","2023-01-13","7077.80","3923.35","797.35","3808.25","773.90","1.80","2.983","2.998"
"33750","2023-01-17","Subasta de Letras a 3 meses","3 MESES","","2023-01-17","2023-04-14","2023-01-20","2025.34","520.11","32.75","517.47","32.58","3.89","2.182","2.198"
"33751","2023-01-17","Subasta de Letras a 9 meses","9 MESES","","2023-01-17","2023-10-06","2023-01-20","5797.86","1532.69","305.88","1502.05","299.75","3.78","2.830","2.839"
"33832","2023-01-12","Subasta de Obligaciones €i a 15 años","","O€i 0,70%","2023-01-12","2033-11-30","2023-01-17","1064.31","507.30","0.00","581.13","0.00","2.10","1.018","1.032"
"33834","2023-01-12","Subasta de Obligaciones a 30 años","30 AÑOS","O 2,90% (VR 23a 9m)","2023-01-12","2046-10-31","2023-01-17","2330.32","1475.31","0.00","1358.24","0.00","1.58","3.426","3.439"
"33837","2023-01-12","Subasta de Bonos a 5 años","5 AÑOS","0,80%(7A)","2023-01-12","2029-07-30","2023-01-17","4563.54","2088.34","0.00","1839.39","0.00","2.19","2.889","2.897"
"33841","2023-01-19","Subasta de Bonos a 5 años","5 AÑOS","O 0,00%(VR 5a)","2023-01-19","2028-01-31","2023-01-24","4362.16","2345.50","0.00","2059.21","0.00","1.86","2.623","2.633"
"33842","2023-01-19","Subasta de Bonos a 5 años","5 AÑOS","O 0,50%(VR 7a 3m)","2023-01-19","2030-04-30","2023-01-24","2705.55","1590.52","0.00","1367.75","0.00","1.70","2.701","2.723"
"33845","2023-01-19","Subasta de Obligaciones a 15 años","15 AÑOS","O 4,90% (VR 17a 6m)","2023-01-19","2040-07-30","2023-01-24","2121.38","1401.36","0.00","1748.72","0.00","1.51","3.203","3.220"
"34059","2023-02-02","Subasta de Obligaciones €i a 10 años","","O€i 1,00% (VR 7a 10m)","2023-02-02","2030-11-30","2023-02-07","1080.39","505.38","106.331","614.06","129.140","2.14","0.876","0.886"
"34061","2023-02-02","Subasta de Bonos a 3 años","3 AÑOS","B 2,80%","2023-02-02","2026-05-31","2023-02-07","5580.03","2400.00","526.928","2394.66","525.663","2.33","2.919","2.928"
"34062","2023-02-02","Subasta de Bonos a 5 años","5 AÑOS","O 1,40% (VR 5a 3m)","2023-02-02","2028-04-30","2023-02-07","3376.24","1611.20","354.955","1513.50","333.338","2.10","2.887","2.896"
"34065","2023-02-02","Subasta de Obligaciones a 15 años","15 AÑOS","O 3,45% (20A)","2023-02-02","2043-07-30","2023-02-07","3657.80","1982.78","31.288","1950.59","30.769","1.84","3.649","3.654"
"34131","2023-02-07","Subasta de Letras a 6 meses","6 MESES","","2023-02-07","2023-08-11","2023-02-10","2327.09","1062.76","0.00","1048.54","0.00","2.19","2.675","2.693"
"34132","2023-02-07","Subasta de Letras a 12 meses","12 MESES","","2023-02-07","2024-02-09","2023-02-10","7863.71","4000.00","0.00","3888.95","0.00","1.97","2.813","2.839"
"34149","2023-02-14","Subasta de Letras a 3 meses","3 MESES","","2023-02-14","2023-05-12","2023-02-17","2204.13","508.96","0.00","506.00","0.00","4.33","2.494","2.520"
"34150","2023-02-14","Subasta de Letras a 9 meses","9 MESES","","2023-02-14","2023-11-10","2023-02-17","4161.11","1450.22","0.00","1419.23","0.00","2.87","2.938","2.973"
"34153","2023-02-16","Subasta de Obligaciones a 10 años","10 AÑOS","O 2,55% (VR 9a 8m)","2023-02-16","2032-10-31","2023-02-21","3719.51","2031.16","390.47","1906.09","366.26","1.83","3.399","3.407"
"34155","2023-02-16","Subasta de Bonos a 5 años","5 AÑOS","O 0,80% (VR 4a 5m)","2023-02-16","2027-07-30","2023-02-21","2666.37","1351.32","27.44","1231.71","24.96","1.97","3.069","3.087"
"34156","2023-02-16","Subasta de Bonos a 5 años","5 AÑOS","O 0,80% (7A)","2023-02-16","2029-07-30","2023-02-21","4580.46","2600.43","55.64","2253.02","48.19","1.76","3.206","3.212"
"34305","2023-03-02","Subasta de Bonos a 3 años","3 AÑOS","O 2,80%","2023-03-02","2026-05-31","2023-03-07","4329.32","2139.27","437.31","2106.28","430.49","2.02","3.433","3.441"
"34306","2023-03-02","Subasta de Bonos a 5 años","5 AÑOS","O 0,80% (7A)","2023-03-02","2029-07-30","2023-03-07","2770.05","1475.05","294.99","1255.59","251.04","1.88","3.520","3.527"
"34378","2023-03-07","Subasta de Letras a 6 meses","6 MESES","","2023-03-07","2023-09-08","2023-03-10","2720.31","903.75","0.00","889.64","0.00","3.01","3.114","3.164"
"34379","2023-03-07","Subasta de Letras a 12 meses","12 MESES","","2023-03-07","2024-03-08","2023-03-10","5974.85","4034.75","0.00","3903.96","0.00","1.48","3.295","3.335"
"34402","2023-03-02","Subasta de Obligaciones €i a 15 años","","O€i 0,70%","2023-03-02","2033-11-30","2023-03-07","977.19","502.18","96.03","564.93","107.93","1.95","1.164","1.176"
"34406","2023-03-14","Subasta de Letras a 3 meses","3 MESES","","2023-03-14","2023-06-09","2023-03-17","1748.85","553.16","40.40","549.76","40.15","3.16","2.638","2.670"
"34407","2023-03-14","Subasta de Letras a 9 meses","9 MESES","","2023-03-14","2023-12-08","2023-03-17","4350.83","1300.00","255.14","1271.57","249.54","3.35","3.021","3.034"
"34410","2023-03-16","Subasta de Bonos a 5 años","5 AÑOS","O 0,00% (VR 4a 10m)","2023-03-16","2028-01-31","2023-03-21","4019.70","2479.49","481.28","2148.66","416.93","1.62","2.983","2.993"
"34412","2023-03-16","Subasta de Obligaciones a 10 años","10 AÑOS","O 3,15%","2023-03-16","2033-04-30","2023-03-21","3440.62","2165.52","435.81","2134.97","429.23","1.59","3.361","3.376"
"34413","2023-03-16","Subasta de Obligaciones a 30 años","30 AÑOS","O 1,90%","2023-03-16","2052-10-31","2023-03-21","2608.23","1653.21","324.66","1109.58","217.55","1.58","3.810","3.821"
"34563","2023-04-11","Subasta de Letras a 6 meses","6 MESES","","2023-04-11","2023-10-06","2023-04-14","2947.81","803.29","6.80","791.76","6.70","3.67","2.994","3.005"
"34564","2023-04-11","Subasta de Letras a 12 meses","12 MESES","","2023-04-11","2024-04-12","2023-04-14","5299.25","4037.07","0.00","3912.79","0.00","1.31","3.128","3.169"
"34567","2023-04-13","Subasta de Bonos a 3 años","3 AÑOS","B 2,80%","2023-04-13","2026-05-31","2023-04-18","3286.49","2505.87","0.00","2507.87","0.00","1.31","3.004","3.022"
"34569","2023-04-13","Subasta de Obligaciones a 10 años","10 AÑOS","O 3,15%","2023-04-13","2033-04-30","2023-04-18","3499.77","2539.67","0.00","2501.78","0.00","1.38","3.401","3.416"
"34570","2023-04-13","Subasta de Obligaciones a 15 años","15 AÑOS","O 1,00% (VR 19a 3m)","2023-04-13","2042-07-30","2023-04-18","2206.23","1441.23","0.00","906.13","0.00","1.53","3.802","3.812"
"34573","2023-04-13","Subasta de Obligaciones €i a 15 años","","O€i 0,70%","2023-04-13","2033-11-30","2023-04-18","934.27","479.27","0.00","547.32","0.00","1.95","1.055","1.065"
"34662","2023-04-18","Subasta de Letras a 3 meses","3 MESES","","2023-04-18","2023-07-07","2023-04-21","1983.96","463.36","15.19","460.48","15.09","4.28","2.917","2.940"
"34663","2023-04-18","Subasta de Letras a 9 meses","9 MESES","","2023-04-18","2024-01-12","2023-04-21","3383.49","1522.00","0.00","1487.08","0.00","2.22","3.169","3.199"
"34666","2023-04-20","Subasta de Bonos a 5 años","5 AÑOS","0 0,80% (7A)","2023-04-20","2029-07-30","2023-04-25","3428.35","2276.24","303.09","1976.94","263.05","1.51","3.257","3.272"
"34668","2023-04-20","Subasta de Obligaciones a 10 años","10 AÑOS","O 3,15%","2023-04-20","2033-04-30","2023-04-25","3811.71","2756.62","515.66","2692.97","503.39","1.38","3.509","3.520"
"34669","2023-04-20","Subasta de Obligaciones a 30 años","30 AÑOS","O 2,70% (VR 25a 6m)","2023-04-20","2048-10-31","2023-04-25","1792.58","1392.55","79.82","1137.80","65.08","1.29","3.926","3.940"
"34820","2023-05-04","Subasta de Obligaciones a 15 años","15 AÑOS","O 1,20% (VR 17a 6m)","2023-05-04","2040-10-31","2023-05-09","2236.64","1771.64","0.00","1209.97","0.00","1.26","3.751","3.770"
"34822","2023-05-04","Subasta de Bonos €i a 5 años","","O€i 0,65% (VR 4a 7m)","2023-05-04","2027-11-30","2023-05-09","1124.26","559.26","92.80","676.06","112.11","2.01","0.652","0.671"
"34824","2023-05-04","Subasta de Bonos a 3 años","3 AÑOS","B 2,80%","2023-05-04","2026-05-31","2023-05-09","3982.79","2431.44","171.64","2442.08","172.36","1.64","2.941","2.949"
"34825","2023-05-04","Subasta de Bonos a 5 años","5 AÑOS","O 0,00% (VR 4a 9m)","2023-05-04","2028-01-31","2023-05-09","3339.38","2174.32","0.00","1897.05","0.00","1.54","2.922","2.937"
"34893","2023-05-09","Subasta de Letras a 6 meses","6 MESES","","2023-05-09","2023-11-10","2023-05-12","3305.81","900.12","0.00","886.07","0.00","3.67","3.129","3.143"
"34894","2023-05-09","Subasta de Letras a 12 meses","12 MESES","","2023-05-09","2024-05-10","2023-05-12","5505.50","3854.32","0.00","3732.63","0.00","1.43","3.216","3.247"
"34910","2023-05-16","Subasta de Letras a 3 meses","3 MESES","","2023-05-16","2023-08-11","2023-05-19","1906.27","401.09","19.51","398.23","19.37","4.75","3.061","3.090"
"34911","2023-05-16","Subasta de Letras a 9 meses","9 MESES","","2023-05-16","2024-02-09","2023-05-19","4312.94","1596.49","23.90","1559.42","23.34","2.70","3.212","3.222"
"34914","2023-05-18","Subasta de Obligaciones a 15 años","15 AÑOS","O 3,45% (20A)","2023-05-18","2043-07-30","2023-05-23","2618.64","2118.64","323.30","2007.93","305.94","1.24","3.991","4.007"
"34922","2023-05-18","Subasta de Bonos a 3 años","3 AÑOS","B 0,00%(VR 2a)","2023-05-18","2025-05-31","2023-05-23","2918.28","1603.28","289.80","1508.45","272.56","1.82","3.046","3.071"
"34923","2023-05-18","Subasta de Bonos a 5 años","5 AÑOS","B 0,00%","2023-05-18","2027-01-31","2023-05-23","2241.85","1306.85","38.42","1170.25","34.39","1.72","3.027","3.043"
"34924","2023-05-18","Subasta de Bonos a 5 años","5 AÑOS","O 1,40% (VR 5a 2m)","2023-05-18","2028-07-30","2023-05-23","2452.20","1482.19","4.06","1380.65","3.78","1.65","3.086","3.097"
"35073","2023-06-01","Subasta de Bonos a 3 años","3 AÑOS","B 2,80%","2023-06-01","2026-05-31","2023-06-06","4481.93","2206.80","0.00","2191.99","0.00","2.03","3.049","3.058"
"35074","2023-06-01","Subasta de Bonos a 5 años","5 AÑOS","O 0,80% (7A)","2023-06-01","2029-07-30","2023-06-06","3766.32","2076.14","0.00","1828.83","0.00","1.81","3.076","3.082"
"35077","2023-06-01","Subasta de Obligaciones a 30 años","30 AÑOS","O 1,90%","2023-06-01","2052-10-31","2023-06-06","3003.23","1737.19","258.27","1136.87","168.86","1.73","3.978","3.985"
"35079","2023-06-01","Subasta de Obligaciones €i a 15 años","","O€i 0,70%","2023-06-01","2033-11-30","2023-06-06","924.25","514.21","96.19","591.47","110.56","1.80","1.131","1.141"
"35145","2023-05-16","Subasta de Letras a 3 meses","3 MESES","","2023-05-16","2023-08-11","2023-05-19","1906.27","401.09","[1]","398.23","[1]","4.75","3.061","3.090"
"35146","2023-05-16","Subasta de Letras a 9 meses","9 MESES","","2023-05-16","2024-02-09","2023-05-19","4312.94","1596.49","23.90","1559.42","23.34","2.70","3.212","3.222"
"35149","2023-06-06","Subasta de Letras a 6 meses","6 MESES","","2023-06-06","2023-12-08","2023-06-09","3240.41","979.31","0.00","962.88","0.00","3.31","3.372","3.392"
"35150","2023-06-06","Subasta de Letras a 12 meses","12 MESES","","2023-06-06","2024-06-07","2023-06-09","6075.57","3985.50","192.25","3850.98","185.74","1.52","3.445","3.468"
"35170","2023-06-13","Subasta de Letras a 3 meses","3 MESES","","2023-06-13","2023-09-08","2023-06-16","2112.02","529.74","0.00","525.75","0.00","3.99","3.255","3.263"
"35171","2023-06-13","Subasta de Letras a 9 meses","9 MESES","","2023-06-13","2024-03-08","2023-06-16","3231.25","1540.22","0.00","1501.71","0.00","2.10","3.462","3.490"
"35239","2023-06-15","Subasta de Bonos a 3 años","3 AÑOS","B 2,80%","2023-06-15","2026-05-31","2023-06-20","4022.36","2032.31","0.00","2009.89","0.00","1.98","3.246","3.260"
"35240","2023-06-15","Subasta de Bonos a 5 años","5 AÑOS","O 5,15% (VR 5a 4m)","2023-06-15","2028-10-31","2023-06-20","2517.60","1337.55","285.41","1508.65","321.77","1.88","3.184","3.197"
"35243","2023-06-15","Subasta de Obligaciones a 15 años","15 AÑOS","O 3,90%","2023-06-15","2039-07-30","2023-06-20","2891.41","1581.11","332.98","1610.42","339.00","1.83","3.842","3.847"
"35390","2023-07-04","Subasta de Letras a 6 meses","6 MESES","","2023-07-04","2024-01-12","2023-07-07","2615.94","1030.73","0.00","1011.58","0.00","2.54","3.599","3.629"
"35391","2023-07-04","Subasta de Letras a 12 meses","12 MESES","","2023-07-04","2024-07-05","2023-07-07","5512.93","4237.78","595.14","4081.62","573.10","1.30","3.775","3.804"
"35396","2023-07-06","Subasta de Obligaciones €i a 5 años","","O€i 0,65% (VR 4a 5m)","2023-07-06","2027-11-30","2023-07-11","860.78","525.76","0.00","632.49","0.00","1.64","1.092","1.111"
"35398","2023-07-06","Subasta de Obligaciones a 10 años","10 AÑOS","O 3,55%","2023-07-06","2033-10-31","2023-07-11","4115.59","2790.46","0.00","2796.37","0.00","1.47","3.554","3.562"
"35399","2023-07-06","Subasta de Obligaciones a 50 años","50 AÑOS","O 1,45%","2023-07-06","2071-10-31","2023-07-11","1990.98","1585.98","0.00","766.22","0.00","1.26","3.874","3.904"
"35402","2023-07-06","Subasta de Bonos a 5 años","5 AÑOS","O 0,80% (7A)","2023-07-06","2029-07-30","2023-07-11","3051.39","2126.38","0.00","1851.64","0.00","1.44","3.330","3.343"
"35484","2023-07-11","Subasta de Letras a 3 meses","3 MESES","","2023-07-11","2023-10-06","2023-07-14","1855.42","459.32","0.00","455.59","0.00","4.04","3.500","3.531"
"35485","2023-07-11","Subasta de Letras a 9 meses","9 MESES","","2023-07-11","2024-04-12","2023-07-14","2876.15","1521.07","204.38","1478.52","198.64","1.89","3.788","3.810"
"35503","2023-07-20","Subasta de Bonos a 3 años","3 AÑOS","B 2,80%","2023-07-20","2026-05-31","2023-07-25","3635.98","1685.83","339.11","1669.84","335.86","2.16","3.303","3.310"
"35504","2023-07-20","Subasta de Bonos a 5 años","5 AÑOS","O 1,40% (VR 4a 9m)","2023-07-20","2028-04-30","2023-07-25","2661.54","1676.53","330.59","1554.34","306.36","1.59","3.137","3.151"
"35507","2023-07-20","Subasta de Obligaciones a 15 años","15 AÑOS","O 3,90%","2023-07-20","2039-07-30","2023-07-25","2225.94","1575.66","10.02","1632.29","10.37","1.41","3.726","3.739"
"35508","2023-07-20","Subasta de Obligaciones a 30 años","30 AÑOS","O 1,00% (VR 27a 3m)","2023-07-20","2050-10-31","2023-07-25","2578.65","1501.64","9.28","813.34","5.02","1.72","3.755","3.762"
"35643","2023-08-03","Subasta de Bonos a 5 años","5 AÑOS","O 0,60% (VR 6a 3m)","2023-08-03","2029-10-31","2023-08-08","2528.12","1553.12","0.00","1328.64","0.00","1.63","3.281","3.295"
"35648","2023-08-03","Subasta de Obligaciones a 10 años","10 AÑOS","O 3,55%","2023-08-03","2033-10-31","2023-08-08","3402.61","2252.49","0.00","2253.53","0.00","1.51","3.605","3.613"
"35650","2023-08-03","Subasta de Bonos €i a 5 añoos","","O€i 0,65% (VR 4a 4m)","2023-08-03","2027-11-30","2023-08-08","1058.21","535.20","97.89","651.02","119.03","1.98","0.866","0.879"
"35780","2023-08-08","Subasta de Letras a 6 meses","6 MESES","","2023-08-08","2024-02-09","2023-08-11","2734.21","1003.52","152.30","985.35","149.53","2.72","3.639","3.665"
"35781","2023-08-08","Subasta de Letras a 12 meses","12 MESES","","2023-08-08","2024-08-09","2023-08-11","6630.96","3835.28","803.11","3697.96","774.29","1.73","3.664","3.682"
"35863","2023-08-16","Subasta de Letras a 3 meses","3 MESES","","2023-08-16","2023-11-10","2023-08-18","1889.43","523.04","0.00","518.79","0.00","3.61","3.507","3.535"
"35864","2023-08-16","Subasta de Letras a 9 meses","9 MESES","","2023-08-16","2024-05-10","2023-08-18","3462.47","1524.98","0.00","1484.48","0.00","2.27","3.687","3.700"
"35946","2023-09-05","Subasta de Letras a 6 meses","6 MESES","","2023-09-05","2024-03-08","2023-09-08","2774.83","1124.55","0.00","1104.10","0.00","2.47","3.654","3.679"
"35947","2023-09-05","Subasta de Letras a 12 meses","12 MESES","","2023-09-05","2024-09-06","2023-09-08","6213.04","3816.43","0.00","3679.72","0.00","1.63","3.670","3.680"
"35950","2023-09-07","Subasta de Bonos a 3 años","3 AÑOS","O 1,30% (VR 3a 2m)","2023-09-07","2026-10-31","2023-09-12","3468.22","1944.21","386.62","1851.30","368.06","1.78","3.304","3.315"
"35952","2023-09-07","Subasta de Obligaciones a 10 años","10 AÑOS","O 3,55%","2023-09-07","2033-10-31","2023-09-12","4488.03","2598.01","373.20","2595.99","372.79","1.73","3.663","3.668"
"35953","2023-09-07","Subasta de Obligaciones a 30 años","30 AÑOS","O 1,90%","2023-09-07","2052-10-31","2023-09-12","3710.36","1902.36","389.85","1208.46","247.44","1.95","4.187","4.193"
"35956","2023-09-07","Subasta de Obligaciones €i a 10 años","","O€i 1,00% (VR 7a 3m)","2023-09-07","2030-11-30","2023-09-12","927.66","482.66","78.31","595.47","96.56","1.92","1.025","1.035"
"36034","2023-09-12","Subasta de Letras a 3 meses","3 MESES","","2023-09-12","2023-12-08","2023-09-15","2231.40","550.25","0.00","545.84","0.00","4.06","3.452","3.490"
"36035","2023-09-12","Subasta de Letras a 9 meses","9 MESES","","2023-09-12","2024-06-07","2023-09-15","3428.35","1763.01","0.00","1715.74","0.00","1.94","3.724","3.737"
"36051","2023-09-21","Subasta de Bonos a 3 años","3 AÑOS","B 2,80%","2023-09-21","2026-05-31","2023-09-26","4277.79","2587.66","243.79","2563.06","241.44","1.65","3.527","3.533"
"36052","2023-09-21","Subasta de Bonos a 5 años","5 AÑOS","O 0,00% (VR 4a 4m)","2023-09-21","2028-01-31","2023-09-26","4368.48","1983.47","0.00","1713.08","0.00","2.20","3.426","3.430"
"36055","2023-09-21","Subasta de Obligaciones a 10 años","10 AÑOS","O 0,50% (VR 8a 1m)","2023-09-21","2031-10-31","2023-09-26","2962.73","1732.57","0.00","1369.54","0.00","1.71","3.591","3.598"
"36189","2023-10-03","Subasta de Letras a 6 meses","6 MESES","","2023-10-03","2024-04-12","2023-10-06","2818.01","1037.64","27.25","1017.22","26.71","2.72","3.823","3.830"
"36190","2023-10-03","Subasta de Letras a 12 meses","12 MESES","","2023-10-03","2024-10-04","2023-10-06","6340.45","3535.20","728.22","3402.09","700.76","1.79","3.862","3.876"
"36195","2023-10-05","Subasta de Obligaciones a 10 años","10 AÑOS","O 2,35% (VR 9a 10m)","2023-10-05","2033-07-30","2023-10-10","2999.46","1288.44","278.65","1126.10","243.49","2.33","3.980","3.985"
"36196","2023-10-05","Subasta de Obligaciones a 15 años","15 AÑOS","O 1,00% BV (VR 18a 10m)","2023-10-05","2042-07-30","2023-10-10","2494.19","1604.18","319.91","907.52","180.85","1.55","4.479","4.486"
"36283","2023-10-17","Subasta de Letras a 3 meses","3 MESES","","2023-10-17","2024-01-12","2023-10-20","2130.08","559.40","0.00","554.78","0.00","3.81","3.556","3.590"
"36284","2023-10-17","Subasta de Letras a 9 meses","9 MESES","","2023-10-17","2024-07-05","2023-10-20","3268.61","1478.15","0.00","1438.72","0.00","2.21","3.802","3.818"
"36289","2023-10-19","Subasta de Bonos a 3 años","3 AÑOS","O 2,15% (VR 2a)","2023-10-19","2025-10-31","2023-10-24","2755.99","1025.75","217.41","1020.60","216.27","2.69","3.508","3.521"
"36290","2023-10-19","Subasta de Bonos a 5 años","5 AÑOS","O 0,80% (7A)","2023-10-19","2029-07-30","2023-10-24","4256.18","2221.17","472.01","1898.20","403.33","1.92","3.679","3.683"
"36293","2023-10-19","Subasta de Obligaciones a 10 años","10 AÑOS","O 3,55%","2023-10-19","2033-10-31","2023-10-24","3578.68","1668.66","359.65","1619.88","349.01","2.14","4.067","4.074"
"36450","2023-11-02","Subasta de Bonos a 5 años","5 AÑOS","B 3,50%","2023-11-02","2029-05-31","2023-11-07","4494.89","2400.00","53.12","2426.27","53.69","1.87","3.334","3.339"
"36454","2023-11-02","Subasta de Obligaciones €i a 10 años","","O€i 0,70% (VR 10a 1m)","2023-11-02","2033-11-30","2023-11-07","824.34","479.34","98.74","540.10","111.12","1.72","1.533","1.550"
"36458","2023-11-02","Subasta de Obligaciones a 10 años","10 AÑOS","O 0,70% (VR 8a 6m)","2023-11-02","2032-04-30","2023-11-07","2663.31","1337.29","286.25","1064.35","227.74","1.99","3.582","3.589"
"36459","2023-11-02","Subasta de Obligaciones a 30 años","30 AÑOS","O 1,90%","2023-11-02","2052-10-31","2023-11-07","2296.42","1666.25","361.09","979.06","211.92","1.38","4.465","4.473"
"36527","2023-11-07","Subasta de Letras a 6 meses","6 MESES","","2023-11-07","2024-05-10","2023-11-10","2736.34","1002.68","39.85","984.16","39.11","2.73","3.709","3.747"
"36528","2023-11-07","Subasta de Letras a 12 meses","12 MESES","","2023-11-07","2024-11-08","2023-11-10","6519.90","3269.64","483.71","3154.35","466.58","1.99","3.606","3.630"
"36547","2023-11-14","Subasta de Letras a 3 meses","3 MESES","","2023-11-14","2024-02-09","2023-11-17","1687.35","502.09","5.01","497.95","4.97","3.36","3.552","3.580"
"36548","2023-11-14","Subasta de Letras a 9 meses","9 MESES","","2023-11-14","2024-08-09","2023-11-17","3270.28","1473.98","84.83","1434.83","82.57","2.22","3.686","3.705"
"36555","2023-11-16","Subasta de Bonos a 3 años","3 AÑOS","B 2,80%","2023-11-16","2026-05-31","2023-11-21","4092.88","847.35","165.93","849.43","166.33","4.83","3.245","3.249"
"36557","2023-11-16","Subasta de Obligaciones a 10 años","10 AÑOS","O 3,55%","2023-11-16","2033-10-31","2023-11-21","3398.11","1577.29","301.39","1572.29","300.34","2.15","3.610","3.616"
"36558","2023-11-16","Subasta de Obligaciones a 15 años","15 AÑOS","O 3,45% (20A)","2023-11-16","2043-07-30","2023-11-21","2580.24","1924.40","373.98","1769.68","343.69","1.34","4.132","4.139"
"36705","2023-12-05","Subasta de Letras a 6 meses","6 MESES","","2023-12-05","2024-06-07","2023-12-08","2777.09","1159.52","0.00","1138.70","0.00","2.40","3.617","3.620"
"36706","2023-12-05","Subasta de Letras a 12 meses","12 MESES","","2023-12-05","2024-12-06","2023-12-08","5432.91","2817.80","412.87","2726.42","399.44","1.93","3.305","3.327"
"36709","2023-12-07","Subasta de Bonos a 5 años","5 AÑOS","O 0,60% (VR 5a 11m)","2023-12-07","2029-10-31","2023-12-12","2608.45","1198.28","0.00","1055.83","0.00","2.18","2.831","2.838"
"36711","2023-12-07","Subasta de Obligaciones €i a 10 años","","O€i 0,70% (VR 10a)","2023-12-07","2033-11-30","2023-12-12","890.20","505.20","0.00","585.79","0.00","1.76","1.199","1.213"
"36715","2023-12-07","Subasta de Obligaciones a 15 años","15 AÑOS","O 3,90%","2023-12-07","2039-07-30","2023-12-12","2999.57","1726.90","0.00","1814.34","0.00","1.74","3.589","3.593"
"36793","2023-12-12","Subasta de Letras a 3 meses","3 MESES","","2023-12-12","2024-03-08","2023-12-15","1643.98","398.89","1.59","395.57","1.58","4.12","3.580","3.620"
"36794","2023-12-12","Subasta de Letras a 9 meses","9 MESES","","2023-12-12","2024-09-06","2023-12-15","3273.90","1343.10","118.36","1309.30","115.37","2.44","3.485","3.510"
"36877","2024-01-04","Subasta de Bonos a 3 años","3 AÑOS","B 2,50","2024-01-04","2027-05-31","2024-01-09","3694.23","2679.13","0.00","2671.99","0.00","1.38","2.582","2.592"
"36878","2024-01-04","Subasta de Bonos a 5 años","5 AÑOS","B 3,50","2024-01-04","2029-05-31","2024-01-09","3586.22","2155.78","0.00","2268.49","0.00","1.66","2.621","2.628"
"36881","2024-01-04","Subasta de Obligaciones a 30 años","30 AÑOS","O 1,90%","2024-01-04","2052-10-31","2024-01-09","2517.80","1457.76","0.00","1003.84","0.00","1.73","3.693","3.698"
"36885","2024-01-04","Subasta de Bonos €i a 5 años","","O€i 0,65% (VR 3a 11m)","2024-01-04","2027-11-30","2024-01-09","1564.20","599.20","0.00","734.38","0.00","2.61","0.830","0.836"
"36955","2024-01-09","Subasta de Letras a 6 meses","6 MESES","","2024-01-09","2024-07-05","2024-01-12","2572.66","1036.65","0.01","1018.84","0.01","2.48","3.580","3.635"
"36956","2024-01-09","Subasta de Letras a 12 meses","12 MESES","","2024-01-09","2025-01-10","2024-01-12","6151.33","4019.46","0.02","3889.65","0.02","1.53","3.293","3.314"
"36975","2024-01-16","Subasta de Letras a 3 meses","3 MESES","","2024-01-16","2024-04-12","2024-01-19","1658.03","502.41","0.00","498.32","0.00","3.30","3.506","3.538"
"36976","2024-01-16","Subasta de Letras a 9 meses","9 MESES","","2024-01-16","2024-10-04","2024-01-19","2915.97","1495.36","0.00","1458.80","0.00","1.95","3.478","3.492"
"37045","2024-01-18","Subasta de Bonos a 3 años","3 AÑOS","B 2,50%","2024-01-18","2027-05-31","2024-01-23","3743.36","2293.24","395.13","2273.72","391.65","1.63","2.799","2.811"
"37046","2024-01-18","Subasta de Bonos a 5 años","5 AÑOS","O 1,25% (VR 6a 9m)","2024-01-18","2030-10-31","2024-01-23","2923.75","1648.57","334.25","1482.88","300.56","1.77","2.954","2.961"
"37049","2024-01-18","Subasta de Obligaciones a 15 años","15 AÑOS","O 3,90%","2024-01-18","2039-07-30","2024-01-23","3383.06","2323.05","487.87","2439.03","511.93","1.46","3.630","3.637"
"37329","2024-02-01","Subasta de Obligaciones a 10 años","10 AÑOS","O 3,25%","2024-02-01","2034-04-30","2024-02-06","4447.81","2527.47","0.00","2548.85","0.00","1.76","3.170","3.173"
"37331","2024-02-01","Subasta de Bonos a 5 años","5 AÑOS","O 1,45% (VR 5a 3m)","2024-02-01","2029-04-30","2024-02-06","2897.08","1751.08","0.00","1665.74","0.00","1.65","2.690","2.698"
"37332","2024-02-01","Subasta de Bonos a 5 años","5 AÑOS","O 0,10% (VR 7a 3m)","2024-02-01","2031-04-30","2024-02-06","2489.95","1774.95","0.00","1459.36","0.00","1.40","2.868","2.880"
"37335","2024-02-01","Subasta de Obligaciones €i a 15 años","","O€i 2,05%","2024-02-01","2039-11-30","2024-02-06","946.13","516.13","0.00","577.41","0.00","1.83","1.518","1.530"
"37402","2024-02-06","Subasta de Letras a 6 meses","6 MESES","","2024-02-06","2024-08-09","2024-02-09","2650.28","985.04","27.00","967.12","26.51","2.69","3.653","3.688"
"37403","2024-02-06","Subasta de Letras a 12 meses","12 MESES","","2024-02-06","2025-02-07","2024-02-09","6585.14","4050.00","35.00","3917.32","33.85","1.63","3.342","3.359"
"37652","2024-02-13","Subasta de Letras a 3 meses","3 MESES","","2024-02-13","2024-05-10","2024-02-16","2210.91","440.88","0.00","437.09","0.00","5.01","3.703","3.740"
"37653","2024-02-13","Subasta de Letras a 9 meses","9 MESES","","2024-02-13","2024-11-08","2024-02-16","4050.52","1595.41","51.00","1555.34","49.71","2.54","3.483","3.504"
"37656","2024-02-15","Subasta de Bonos a 3 años","3 AÑOS","O 2,50%","2024-02-15","2027-05-31","2024-02-20","3212.27","1862.22","0.00","1845.92","0.00","1.72","2.875","2.883"
"37657","2024-02-15","Subasta de Bonos a 5 años","5 AÑOS","O 3,50%","2024-02-15","2029-05-31","2024-02-20","3565.77","2185.70","0.00","2279.42","0.00","1.63","2.873","2.879"
"37660","2024-02-15","Subasta de Obligaciones a 10 años","10 AÑOS","O 2,35% (VR 9a 5m)","2024-02-15","2033-07-30","2024-02-20","3427.98","1847.82","0.00","1753.97","0.00","1.86","3.139","3.144"
"37810","2024-03-05","Subasta de Letras a 6 meses","6 MESES","","2024-03-05","2024-09-06","2024-03-08","3102.22","1231.85","38.00","1209.22","37.30","2.52","3.702","3.715"
"37811","2024-03-05","Subasta de Letras a 12 meses","12 MESES","","2024-03-05","2025-03-07","2024-03-08","6546.10","3885.88","746.46","3752.70","720.83","1.68","3.508","3.516"
"37818","2024-03-07","Subasta de Obligaciones a 10 años","10 AÑOS","O 3,25%","2024-03-07","2034-04-30","2024-03-12","5104.19","2300.00","480.38","2327.92","486.10","2.22","3.162","3.166"
"37820","2024-03-07","Subasta de Obligaciones €i a 15 años","","O€i 2,05%","2024-03-07","2039-11-30","2024-03-12","1200.35","510.35","103.16","582.49","117.70","2.35","1.381","1.385"
"37822","2024-03-07","Subasta de Bonos a 5 años","5 AÑOS","O 0,50% (VR 7a 8m)","2024-03-07","2031-10-31","2024-03-12","4224.87","2049.85","409.64","1712.44","342.13","2.06","2.965","2.970"
"37823","2024-03-07","Subasta de Bonos a 5 años","5 AÑOS","O 3,50%","2024-03-07","2029-05-31","2024-03-12","3059.19","1708.09","370.06","1785.65","386.79","1.79","2.857","2.862"
"37906","2024-03-12","Subasta de Letras a 3 meses","3 MESES","","2024-03-12","2024-06-07","2024-03-15","1866.78","536.27","24.27","531.77","24.06","3.48","3.626","3.653"
"37907","2024-03-12","Subasta de Letras a 9 meses","9 MESES","","2024-03-12","2024-12-06","2024-03-15","2940.71","1455.34","50.72","1418.02","49.41","2.02","3.555","3.578"
"37926","2024-03-21","Subasta de Bonos a 3 años","3 AÑOS","B 2,50%","2024-03-21","2027-05-31","2024-03-26","6721.33","2900.00","615.28","2880.72","611.16","2.32","2.896","2.899"
"37928","2024-03-21","Subasta de Obligaciones a 10 años","10 AÑOS","O 5,75% (VR 8a 4m)","2024-03-21","2032-07-30","2024-03-26","2635.30","1460.12","318.14","1810.03","394.14","1.80","2.976","2.987"
"37929","2024-03-21","Subasta de Obligaciones a 30 años","30 AÑOS","O 3,45% (20A)","2024-03-21","2043-07-30","2024-03-26","3240.72","1705.50","361.09","1696.87","359.18","1.90","3.650","3.652"
"38071","2024-04-04","Subasta de Bonos a 5 años","5 AÑOS","B 3,50%","2024-04-04","2029-05-31","2024-04-09","3775.62","2185.52","0.00","2290.56","0.00","1.73","2.848","2.853"
"38073","2024-04-04","Subasta de Obligaciones a 10 años","10 AÑOS","O 3,25%","2024-04-04","2034-04-30","2024-04-09","3857.17","2132.17","0.00","2157.89","0.00","1.81","3.191","3.196"
"38074","2024-04-04","Subasta de Obligaciones a 15 años","15 AÑOS","O 3,90%","2024-04-04","2039-07-30","2024-04-09","2725.18","1745.18","0.00","1866.78","0.00","1.56","3.531","3.536"
"38147","2024-04-09","Subasta de Letras a 6 meses","6 MESES","","2024-04-09","2024-10-04","2024-04-12","3412.53","1310.10","166.42","1287.44","163.54","2.60","3.621","3.623"
"38148","2024-04-09","Subasta de Letras a 12 meses","12 MESES","","2024-04-09","2025-04-11","2024-04-12","6915.79","3921.83","0.00","3790.13","0.00","1.76","3.423","3.449"
"38167","2024-04-16","Subasta de Letras a 3 meses","3 MESES","","2024-04-16","2024-07-05","2024-04-19","2039.97","490.60","11.34","486.85","11.26","4.16","3.597","3.632"
"38168","2024-04-16","Subasta de Letras a 9 meses","9 MESES","","2024-04-16","2025-01-10","2024-04-19","3420.38","1560.06","58.10","1520.60","56.63","2.19","3.507","3.519"
"38173","2024-04-18","Subasta de Bonos a 3 años","3 AÑOS","B 2,50%","2024-04-18","2027-05-31","2024-04-23","3780.04","1500.00","0.00","1489.35","0.00","2.52","2.986","2.992"
"38174","2024-04-18","Subasta de Bonos a 5 años","5 AÑOS","O 1,95% (VR 6a 3m)","2024-04-18","2030-07-30","2024-04-23","3128.15","1533.15","0.00","1468.24","0.00","2.04","2.950","2.956"
"38177","2024-04-18","Subasta de Obligaciones a 10 años","10 AÑOS","O 3,25%","2024-04-18","2034-04-30","2024-04-23","3824.83","2074.69","0.00","2091.86","0.00","1.84","3.251","3.255"
"38178","2024-04-18","Subasta de Obligaciones a 50 años","50 AÑOS","O 3,45% (VR 42a 3m)","2024-04-18","2066-07-30","2024-04-23","1824.95","1034.95","0.00","971.51","0.00","1.76","3.865","3.876"
"38394","2024-05-07","Subasta de Letras a 6 meses","6 MESES","","2024-05-07","2024-11-08","2024-05-10","3082.43","1373.97","0.00","1349.78","0.00","2.24","3.543","3.554"
"38395","2024-05-07","Subasta de Letras a 12 meses","12 MESES","","2024-05-07","2025-05-09","2024-05-10","6610.55","4079.60","0.00","3943.42","0.00","1.62","3.405","3.424"
"38398","2024-05-09","Subasta de Bonos a 5 años","5 AÑOS","B 3,50%","2024-05-09","2029-05-31","2024-05-14","3802.90","2407.88","0.00","2515.94","0.00","1.58","2.974","2.981"
"38400","2024-05-09","Subasta de Obligaciones a 10 años","10 AÑOS","O 0,70% (VR 8a)","2024-05-09","2032-04-30","2024-05-14","3147.60","1457.60","24.81","1214.24","20.66","2.16","3.100","3.106"
"38401","2024-05-09","Subasta de Obligaciones a 15 años","15 AÑOS","O 3,90%","2024-05-09","2039-07-30","2024-05-14","3818.34","1911.25","189.58","2032.69","201.54","2.00","3.611","3.618"
"38404","2024-05-09","Subasta de Obligaciones €i a 10 años","","O€i 0,70% (VR 9a 7m)","2024-05-09","2033-11-30","2024-05-14","1240.18","470.18","0.00","556.84","0.00","2.64","1.042","1.049"
"38484","2024-05-14","Subasta de Letras a 3 meses","3 MESES","","2024-05-14","2024-08-09","2024-05-17","1682.09","346.74","16.30","343.86","16.17","4.85","3.584","3.630"
"38485","2024-05-14","Subasta de Letras a 9 meses","9 MESES","","2024-05-14","2025-02-07","2024-05-17","3294.27","1563.23","101.25","1524.57","98.74","2.11","3.427","3.439"
"38493","2024-05-16","Subasta de Bonos a 3 años","3 AÑOS","B 2,50%","2024-05-16","2027-05-31","2024-05-21","4170.27","1850.00","0.00","1842.43","0.00","2.25","2.959","2.965"
"38494","2024-05-16","Subasta de Bonos a 5 años","5 AÑOS","B 3,50%","2024-05-16","2029-05-31","2024-05-21","4144.41","1750.00","0.00","1837.62","0.00","2.37","2.877","2.883"
"38652","2024-06-04","Subasta de Letras a 6 meses","6 MESES","","2024-06-04","2024-12-06","2024-06-07","3223.87","1355.00","0.00","1332.32","0.00","2.38","3.367","3.370"
"38653","2024-06-04","Subasta de Letras a 12 meses","12 MESES","","2024-06-04","2025-06-06","2024-06-07","6585.77","3780.05","617.88","3653.82","597.21","1.74","3.407","3.423"
"38722","2024-06-06","Subasta de Bonos a 3 años","3 AÑOS","B 2,50%","2024-06-06","2027-05-31","2024-06-11","3579.75","1979.73","0.00","1951.12","0.00","1.81","3.039","3.051"
"38723","2024-06-06","Subasta de Bonos a 5 años","5 AÑOS","O 0,10% (VR 6a 11m)","2024-06-06","2031-04-30","2024-06-11","3446.26","2001.17","0.00","1644.64","0.00","1.72","3.003","3.007"
"38726","2024-06-06","Subasta de Obligaciones a 30 años","30 AÑOS","O 4,00%","2024-06-06","2054-10-31","2024-06-11","2878.63","1883.53","0.00","1956.12","0.00","1.53","3.853","3.860"
"38728","2024-06-06","Subasta de Obligaciones €i a 15 años","","O€i 2,05%","2024-06-06","2039-11-30","2024-06-11","995.46","510.46","0.00","591.30","0.00","1.95","1.392","1.399"
"38807","2024-06-11","Subasta de Letras a 3 meses","3 MESES","","2024-06-11","2024-09-06","2024-06-14","1911.22","500.00","0.00","496.08","0.00","3.82","3.374","3.400"
"38808","2024-06-11","Subasta de Letras a 9 meses","9 MESES","","2024-06-11","2025-03-07","2024-06-14","3080.92","1500.00","170.01","1462.25","165.73","2.05","3.488","3.500"
"38832","2024-06-20","Subasta de Bonos a 5 años","5 AÑOS","O 0,70% (VR 7a 10m)","2024-06-20","2032-04-30","2024-06-25","2391.39","1041.37","218.63","869.41","182.51","2.30","3.119","3.121"
"38833","2024-06-20","Subasta de Bonos a 5 años","5 AÑOS","B 3,50%","2024-06-20","2029-05-31","2024-06-25","3466.41","2351.39","493.03","2410.14","505.21","1.47","2.997","3.005"
"38836","2024-06-20","Subasta de Obligaciones a 10 años","10 AÑOS","O 3,45%","2024-06-20","2034-10-31","2024-06-25","3533.82","2078.79","435.68","2101.34","440.26","1.70","3.345","3.351"
"38979","2024-07-02","Subasta de Letras a 6 meses","6 MESES","","2024-07-02","2025-01-10","2024-07-05","2678.89","1347.81","0.00","1324.01","0.00","1.99","3.411","3.456"
"38980","2024-07-02","Subasta de Letras a 12 meses","12 MESES","","2024-07-02","2025-07-04","2024-07-05","6438.45","3650.21","205.80","3529.52","198.98","1.76","3.372","3.392"
"38983","2024-07-04","Subasta de Bonos a 3 años","3 AÑOS","B 2,50%","2024-07-04","2027-05-31","2024-07-09","3511.26","1731.25","344.30","1708.91","339.82","2.03","3.067","3.073"
"38984","2024-07-04","Subasta de Bonos a 5 años","5 AÑOS","O 3,10% (7A)","2024-07-04","2031-07-30","2024-07-09","4578.67","2578.45","549.47","2573.13","548.26","1.78","3.132","3.135"
"38987","2024-07-04","Subasta de Obligaciones €i a 10 años","","O€i 0,70% (VR 9a 5m)","2024-07-04","2033-11-30","2024-07-09","1364.15","520.15","106.76","614.16","126.01","2.62","1.212","1.218"
"38989","2024-07-04","Subasta de Obligaciones a 10 años","10 AÑOS","O 1,85% (VR 11a 1m)","2024-07-04","2035-07-30","2024-07-09","3473.86","1596.81","332.74","1397.23","291.08","2.18","3.416","3.420"
"39069","2024-07-09","Subasta de Letras a 3 meses","3 MESES","","2024-07-09","2024-10-04","2024-07-12","1688.77","743.22","68.91","737.54","68.38","2.27","3.293","3.325"
"39070","2024-07-09","Subasta de Letras a 9 meses","9 MESES","","2024-07-09","2025-04-11","2024-07-12","3103.69","1288.31","116.75","1255.82","113.80","2.41","3.407","3.419"
"39086","2024-07-18","Subasta de Bonos a 5 años","5 AÑOS","O 1,25% (VR 6a 3m)","2024-07-18","2030-10-31","2024-07-23","3046.00","2015.88","0.00","1846.94","0.00","1.51","2.888","2.898"
"39088","2024-07-18","Subasta de Obligaciones a 10 años","10 AÑOS","O 3,45%","2024-07-18","2034-10-31","2024-07-23","3680.58","2660.54","0.00","2731.45","0.00","1.38","3.192","3.198"
"39089","2024-07-18","Subasta de Obligaciones a 15 años","15 AÑOS","O 0,85% (VR 13a)","2024-07-18","2037-07-30","2024-07-23","2451.03","1771.02","0.00","1317.49","0.00","1.38","3.394","3.408"
"39224","2024-08-01","Subasta de Bonos a 3 años","3 AÑOS","B 2,50%","2024-08-01","2027-05-31","2024-08-06","3127.35","1830.23","399.59","1828.56","399.19","1.71","2.701","2.706"
"39226","2024-08-01","Subasta de Bonos €i a 5 años","","O€i 0,65% (VR 3a 4m)","2024-08-01","2027-11-30","2024-08-06","1519.24","766.20","119.72","956.02","149.36","1.98","0.892","0.899"
"39228","2024-08-01","Subasta de Obligaciones a 10 años","10 AÑOS","O 3,45%","2024-08-01","2034-10-31","2024-08-06","4312.28","2862.26","609.52","2963.36","630.92","1.51","3.107","3.112"
"39229","2024-08-01","Subasta de Obligaciones a 15 años","15 AÑOS","O 5,15% (VR 20a 3m)","2024-08-01","2044-10-31","2024-08-06","2035.86","1175.82","252.96","1486.81","319.64","1.73","3.566","3.573"
"39301","2024-08-06","Subasta de Letras a 6 meses","6 MESES","","2024-08-06","2025-02-07","2024-08-09","2770.77","1256.74","0.00","1236.40","0.00","2.20","3.252","3.267"
"39302","2024-08-06","Subasta de Letras a 12 meses","12 MESES","","2024-08-06","2025-08-08","2024-08-09","5901.36","3930.28","669.38","3815.94","649.83","1.50","2.954","2.975"
"39318","2024-08-13","Subasta de Letras a 3 meses","3 MESES","","2024-08-13","2024-11-08","2024-08-16","1496.16","490.76","9.28","487.13","9.21","3.05","3.190","3.215"
"39319","2024-08-13","Subasta de Letras a 9 meses","9 MESES","","2024-08-13","2025-05-09","2024-08-16","2683.43","1702.96","108.07","1664.34","105.61","1.58","3.137","3.150"
"39402","2024-09-03","Subasta de Letras a 6 meses","6 MESES","","2024-09-03","2025-03-07","2024-09-06","2936.98","1284.44","223.11","1263.74","219.52","2.29","3.238","3.242"
"39403","2024-09-03","Subasta de Letras a 12 meses","12 MESES","","2024-09-03","2025-09-05","2024-09-06","5377.38","4079.88","800.54","3961.33","777.20","1.32","2.954","2.970"
"39406","2024-09-05","Subasta de Bonos a 3 años","3 AÑOS","B 2,50%","2024-09-05","2027-05-31","2024-09-10","4196.73","1300.00","281.27","1307.89","282.96","3.23","2.531","2.535"
"39407","2024-09-05","Subasta de Bonos a 5 años","5 AÑOS","B 3,50%","2024-09-05","2029-05-31","2024-09-10","4102.65","1500.00","183.32","1575.04","192.49","2.74","2.580","2.582"
"39410","2024-09-05","Subasta de Obligaciones a 10 años","10 AÑOS","O 3,45%","2024-09-05","2034-10-31","2024-09-10","6665.63","3227.59","0.00","3370.93","0.00","2.07","3.040","3.042"
"39412","2024-09-05","Subasta de Bonos €i a 5 años","","O€i 1,00% (VR 6a 3m)","2024-09-05","2030-11-30","2024-09-10","1203.15","535.10","0.00","681.07","0.00","2.25","0.908","0.919"
"39494","2024-09-10","Subasta de Letras a 3 meses","3 MESES","","2024-09-10","2024-12-06","2024-09-13","1740.30","693.15","0.00","688.60","0.00","2.51","2.822","2.860"
"39495","2024-09-10","Subasta de Letras a 9 meses","9 MESES","","2024-09-10","2025-06-06","2024-09-13","3146.01","1440.50","145.84","1409.10","142.65","2.18","3.009","3.027"
"39511","2024-09-19","Subasta de Bonos a 3 años","3 AÑOS","O 5,15% (VR 4a 1m)","2024-09-19","2028-10-31","2024-09-24","2879.24","1404.13","293.69","1614.31","337.51","2.05","2.463","2.478"
"39512","2024-09-19","Subasta de Bonos a 5 años","5 AÑOS","O 3,10% (7A)","2024-09-19","2031-07-30","2024-09-24","3799.30","2384.29","507.25","2455.24","522.11","1.59","2.692","2.701"
"39782","2024-10-01","Subasta de Letras a 6 meses","6 MESES","","2024-10-01","2025-04-11","2024-10-04","3118.12","1447.49","0.00","1425.94","0.00","2.15","2.869","2.919"
"39783","2024-10-01","Subasta de Letras a 12 meses","12 MESES","","2024-10-01","2025-10-10","2024-10-04","5375.16","3344.36","319.17","3257.44","310.84","1.61","2.579","2.598"
"39786","2024-10-03","Subasta de Bonos a 3 años","3 AÑOS","B 2,50%","2024-10-03","2027-05-31","2024-10-08","4049.16","1854.13","0.00","1880.90","0.00","2.18","2.277","2.280"
"39787","2024-10-03","Subasta de Bonos a 5 años","5 AÑOS","O 1,45% (VR 4a 7m)","2024-10-03","2029-04-30","2024-10-08","3906.71","1500.00","0.00","1449.95","0.00","2.60","2.378","2.382"
"39790","2024-10-03","Subasta de Obligaciones a 15 años","15 AÑOS","O 4,70% (VR 16a 10m)","2024-10-03","2041-07-30","2024-10-08","2583.38","1188.35","0.00","1401.35","0.00","2.17","3.356","3.359"
"39792","2024-10-03","Subasta de Obligaciones €i a 15 años","","O€i 2,05%","2024-10-03","2039-11-30","2024-10-08","1220.17","512.17","100.42","607.95","119.13","2.38","1.297","1.304"
"39872","2024-10-08","Subasta de Letras a 3 meses","3 MESES","","2024-10-08","2025-01-10","2024-10-11","1554.06","468.98","0.00","465.38","0.00","3.31","3.054","3.067"
"39873","2024-10-08","Subasta de Letras a 9 meses","9 MESES","","2024-10-08","2025-07-04","2024-10-11","2931.92","1416.45","0.00","1387.31","0.00","2.07","2.839","2.848"
"39891","2024-10-17","Subasta de Bonos a 5 años","5 AÑOS","O 3,10% (7A)","2024-10-17","2031-07-30","2024-10-22","2686.23","1226.21","254.70","1268.81","263.49","2.19","2.646","2.651"
"39893","2024-10-17","Subasta de Obligaciones a 10 años","10 AÑOS","O 3,45%","2024-10-17","2034-10-31","2024-10-22","4317.23","2487.17","459.85","2632.30","486.56","1.74","2.921","2.925"
"39894","2024-10-17","Subasta de Obligaciones a 30 años","30 AÑOS","O 2,70% (VR 24a)","2024-10-17","2048-10-31","2024-10-22","2622.50","1402.49","0.00","1257.00","0.00","1.87","3.507","3.515"
"40043","2024-11-05","Subasta de Letras a 6 meses","6 MESES","","2024-11-05","2025-05-09","2024-11-08","3395.33","1516.65","321.43","1495.08","316.81","2.24","2.840","2.882"
"40044","2024-11-05","Subasta de Letras a 12 meses","12 MESES","","2024-11-05","2025-11-07","2024-11-08","5352.30","3440.20","649.39","3351.39","632.56","1.56","2.610","2.631"
"40049","2024-11-07","Subasta de Bonos a 5 años","5 AÑOS","B 2,70%","2024-11-07","2030-01-31","2024-11-12","4065.57","2385.48","517.29","2379.77","515.95","1.70","2.749","2.755"
"40051","2024-11-07","Subasta de Obligaciones €i a 10 años","","O€i 0,70% (VR 9a 1m)","2024-11-07","2033-11-30","2024-11-12","1091.13","495.13","92.38","594.82","110.93","2.20","1.104","1.112"
"40053","2024-11-07","Subasta de Obligaciones a 30 años","30 AÑOS","O 4,00%","2024-11-07","2054-10-31","2024-11-12","2852.13","1612.13","338.014","1648.47","345.45","1.77","3.877","3.881"
"40133","2024-11-12","Subasta de Letras a 3 meses","3 MESES","","2024-11-12","2025-02-07","2024-11-15","2153.14","997.29","10.75","991.01","10.68","2.16","2.716","2.739"
"40134","2024-11-12","Subasta de Letras a 9 meses","9 MESES","","2024-11-12","2025-08-08","2024-11-15","2923.02","842.96","173.52","826.53","170.12","3.47","2.681","2.699"
"40160","2024-11-21","Subasta de Bonos a 5 años","5 AÑOS","O 3,10% (7A)","2024-11-21","2031-07-30","2024-11-26","3520.06","1375.00","293.56","1416.08","302.31","2.56","2.768","2.771"
"40162","2024-11-21","Subasta de Obligaciones a 15 años","15 AÑOS","O 1,00% BV (VR 17a 8m)","2024-11-21","2042-07-30","2024-11-26","2083.34","1545.34","313.86","1056.29","214.21","1.35","3.442","3.454"
"40163","2024-11-21","Subasta de Obligaciones a 15 años","15 AÑOS","O 4,20% (VR 12a 2m)","2024-11-21","2037-01-31","2024-11-26","2370.04","1160.98","248.13","1317.73","281.55","2.04","3.187","3.191"
"40430","2024-12-03","Subasta de Letras a 6 meses","6 MESES","","2024-12-03","2025-06-06","2024-12-06","3393.73","1984.21","0.00","1958.86","0.00","1.71","2.552","2.585"
"40431","2024-12-03","Subasta de Letras a 12 meses","12 MESES","","2024-12-03","2025-12-05","2024-12-06","5221.03","2800.00","0.00","2738.66","0.00","1.86","2.207","2.228"
"40434","2024-12-05","Subasta de Bonos a 5 años","5 AÑOS","B 2,70%","2024-12-05","2030-01-31","2024-12-10","2670.97","1310.95","0.00","1334.60","0.00","2.04","2.365","2.372"
"40436","2024-12-05","Subasta de Obligaciones a 10 años","10 AÑOS","O 3,45%","2024-12-05","2034-10-31","2024-12-10","2940.04","1136.03","0.00","1208.86","0.00","2.59","2.743","2.747"
"40515","2024-12-10","Subasta de Letras a 3 meses","3 MESES","","2024-12-10","2025-03-07","2024-12-13","2101.60","1041.29","0.00","1035.08","0.00","2.02","2.567","2.580"
"40516","2024-12-10","Subasta de Letras a 9 meses","9 MESES","","2024-12-10","2025-09-05","2024-12-13","3056.63","1541.12","25.06","1514.57","24.63","1.98","2.366","2.384"
"40600","2025-01-07","Subasta de Letras a 6 meses","6 MESES","","2025-01-07","2025-07-04","2025-01-10","3538.63","2025.96","0.00","2001.22","0.00","1.75","2.535","2.557"
"40601","2025-01-07","Subasta de Letras a 12 meses","12 MESES","","2025-01-07","2026-01-16","2025-01-10","5745.53","4179.23","0.00","4079.47","0.00","1.37","2.367","2.384"
"40604","2025-01-09","Subasta de Bonos a 3 años","3 AÑOS","B 2,40%","2025-01-09","2028-05-31","2025-01-14","3905.68","2595.68","0.00","2580.18","0.00","1.50","2.586","2.596"
"40605","2025-01-09","Subasta de Bonos a 5 años","5 AÑOS","O 3,10% (7A)","2025-01-09","2031-07-30","2025-01-14","4140.49","2600.46","0.00","2668.01","0.00","1.59","2.897","2.901"
"40608","2025-01-09","Subasta de Obligaciones a 15 años","15 AÑOS","O 2,90% (VR 21a 10m)","2025-01-09","2046-10-31","2025-01-14","2233.65","1025.65","0.00","908.73","0.00","2.18","3.710","3.713"
"40610","2025-01-09","Subasta de Obligaciones €i a 15 años","","O€i 2,05%","2025-01-09","2039-11-30","2025-01-14","1027.59","515.09","0.00","585.23","0.00","1.99","1.536","1.542"
"40691","2025-01-14","Subasta de Letras a 3 meses","3 MESES","","2025-01-14","2025-04-11","2025-01-17","1814.58","814.36","0.00","809.64","0.00","2.23","2.493","2.516"
"40692","2025-01-14","Subasta de Letras a 9 meses","9 MESES","","2025-01-14","2025-10-10","2025-01-17","3560.73","1725.70","268.67","1694.53","263.80","2.06","2.485","2.495"
"40697","2025-01-16","Subasta de Bonos a 5 años","5 AÑOS","B 2,70%","2025-01-16","2030-01-31","2025-01-21","3778.32","2493.12","531.8","2498.50","532.81","1.52","2.763","2.770"
"40699","2025-01-16","Subasta de Obligaciones a 15 años","15 AÑOS","O 0,85% (VR 12a 6m)","2025-01-16","2037-07-30","2025-01-21","3181.77","2145.75","454.74","1594.22","337.78","1.48","3.452","3.455"
"40700","2025-01-16","Subasta de Obligaciones a 30 años","30 AÑOS","O 1,00% (VR 25a 9m)","2025-01-16","2050-10-31","2025-01-21","2356.39","1351.39","284.36","750.30","157.76","1.74","3.727","3.732"
"40921","2025-02-04","Subasta de Letras a 6 meses","6 MESES","","2025-02-04","2025-08-08","2025-02-07","3541.61","1916.38","55.10","1893.77","54.45","1.85","2.355","2.376"
"40922","2025-02-04","Subasta de Letras a 12 meses","12 MESES","","2025-02-04","2026-02-06","2025-02-07","6101.18","3900.00","453.36","3814.14","443.34","1.56","2.221","2.235"
"40925","2025-02-06","Subasta de Bonos a 3 años","3 AÑOS","B 2,40%","2025-02-06","2028-05-31","2025-02-11","4237.05","2586.96","554.41","2592.67","555.58","1.64","2.388","2.393"
"40926","2025-02-06","Subasta de Bonos a 5 años","5 AÑOS","O 3,10% (7A)","2025-02-06","2031-07-30","2025-02-11","3405.49","1737.40","371.60","1806.19","366.24","1.96","2.705","2.709"
"40929","2025-02-06","Subasta de Obligaciones €i a 10 años","","O€i 1,15%","2025-02-06","2036-11-30","2025-02-11","1265.30","570.30","118.52","576.35","119.73","2.22","1.230","1.235"
"40931","2025-02-06","Subasta de Obligaciones a 30 años","30 AÑOS","O 4,00%","2025-02-06","2054-10-31","2025-02-11","3442.38","1867.37","396.81","1990.73","422.91","1.84","3.691","3.693"
"41027","2025-02-11","Subasta de Letras a 3 meses","3 MESES","","2025-02-11","2025-05-09","2025-02-14","2305.68","1100.00","77.76","1093.79","77.32","2.10","2.431","2.445"
"41028","2025-02-11","Subasta de Letras a 9 meses","9 MESES","","2025-02-11","2025-11-07","2025-02-14","3733.80","1450.00","0.00","1426.27","0.00","2.58","2.248","2.257"
"41048","2025-02-20","Subasta de Bonos a 3 años","3 AÑOS","B 2,40%","2025-02-20","2028-05-31","2025-02-25","3625.33","1825.30","388.81","1825.38","388.77","1.99","2.487","2.493"
"41049","2025-02-20","Subasta de Bonos a 5 años","5 AÑOS","O 2,70%","2025-02-20","2030-01-31","2025-02-25","4142.34","2182.30","458.38","2187.89","459.48","1.90","2.682","2.687"
"41052","2025-02-20","Subasta de Obligaciones a 10 años","10 AÑOS","O 3,55% (VR 8a 8m)","2025-02-20","2033-10-31","2025-02-25","3790.70","1475.70","314.65","1546.34","329.66","2.57","3.062","3.065"
"41257","2025-03-04","Subasta de Letras a 6 meses","6 MESES","","2025-03-04","2025-09-05","2025-03-07","4619.29","2181.62","0.00","2156.97","0.00","2.12","2.255","2.275"
"41258","2025-03-04","Subasta de Letras a 12 meses","12 MESES","","2025-03-04","2026-03-06","2025-03-07","6223.27","4300.00","0.00","4207.34","0.00","1.45","2.173","2.189"
"41263","2025-03-06","Subasta de Bonos a 5 años","5 AÑOS","O 3,10% (7A)","2025-03-06","2031-07-30","2025-03-11","4412.45","2532.45","540.47","2584.21","551.28","1.74","3.067","3.080"
"41265","2025-03-06","Subasta de Obligaciones a 10 años","10 AÑOS","O 3,15%","2025-03-06","2035-04-30","2025-03-11","5224.04","2774.04","582.88","2698.82","566.74","1.88","3.507","3.522"
"41267","2025-03-06","Subasta de Obligaciones €i a 10 años","","O€i 0,70% (VR 8a 9m)","2025-03-06","2033-11-30","2025-03-11","1169.14","514.14","0.00","608.02","0.00","2.27","1.271","1.280"
"41348","2025-03-11","Subasta de Letras a 3 meses","3 MESES","","2025-03-11","2025-06-06","2025-03-14","2202.47","862.04","62.51","857.31","62.16","2.55","2.359","2.379"
"41349","2025-03-11","Subasta de Letras a 9 meses","9 MESES","","2025-03-11","2025-12-05","2025-03-14","3344.51","1524.41","102.42","1499.22","100.72","2.19","2.269","2.281"
"41452","2025-03-20","Subasta de Bonos a 5 años","5 AÑOS","O 0,50% (VR 5a 1m)","2025-03-20","2030-04-30","2025-03-25","3378.60","1698.57","317.64","1525.99","285.27","1.99","2.757","2.766"
"41454","2025-03-20","Subasta de Obligaciones a 10 años","10 AÑOS","O 3,15%","2025-03-20","2035-04-30","2025-03-25","4898.83","3188.59","0.00","3140.81","0.00","1.54","3.382","3.388"
"41666","2025-04-03","Subasta de Bonos a 3 años","3 AÑOS","O 2,40%","2025-04-03","2028-05-31","2025-04-08","4084.88","3099.76","662.12","3126.75","667.75","1.32","2.292","2.301"
"41667","2025-04-03","Subasta de Bonos a 5 años","5 AÑOS","O 3,10% (7A)","2025-04-03","2031-07-30","2025-04-08","3359.63","1664.54","358.78","1727.44","372.23","2.02","2.809","2.816"
"41670","2025-04-03","Subasta de Bonos €i a 5 añoos","","O€i 1,00% (VR 5a 8m)","2025-04-03","2030-11-30","2025-04-08","1786.19","600.18","[1]","770.13","[1]","2.98","0.700","0.706"
"41672","2025-04-03","Subasta de Obligaciones a 15 años","15 AÑOS","O 3,90% (VR 14a 4m)","2025-04-03","2039-07-30","2025-04-08","3526.44","1483.59","311.19","1562.74","327.71","2.38","3.655","3.659"
"41747","2025-04-08","Subasta de Letras a 6 meses","6 MESES","","2025-04-08","2025-10-10","2025-04-11","4208.20","1812.50","0.00","1793.32","0.00","2.32","2.115","2.119"
"41748","2025-04-08","Subasta de Letras a 12 meses","12 MESES","","2025-04-08","2026-04-10","2025-04-11","6471.70","4013.79","0.00","3933.72","0.00","1.61","2.007","2.023"
"41752","2025-04-10","Subasta de Bonos a 3 años","3 AÑOS","B 3,50% (VR 4a 1m)","2025-04-10","2029-05-31","2025-04-15","3184.36","2849.28","609.18","3050.48","651.95","1.12","2.462","2.477"
"41753","2025-04-10","Subasta de Bonos a 5 años","5 AÑOS","O 2,55% (VR 7a 6m)","2025-04-10","2032-10-31","2025-04-15","2993.23","1638.23","355.44","1606.02","348.30","1.83","3.014","3.023"
"41756","2025-04-10","Subasta de Obligaciones a 10 años","10 AÑOS","O 3,15%","2025-04-10","2035-04-30","2025-04-15","3749.62","1969.61","414.25","1949.21","409.85","1.90","3.349","3.354"
"41837","2025-04-22","Subasta de Letras a 3 meses","3 MESES","","2025-04-22","2025-07-04","2025-04-25","2866.66","875.87","94.56","872.30","94.17","3.27","2.100","2.119"
"41838","2025-04-22","Subasta de Letras a 9 meses","9 MESES","","2025-04-22","2026-01-16","2025-04-25","3069.86","1848.58","0.00","1822.69","0.00","1.66","1.919","1.927"
"41920","2025-05-06","Subasta de Letras a 6 meses","6 MESES","","2025-05-06","2025-11-07","2025-05-09","4101.56","1692.28","125.02","1675.83","123.80","2.42","1.937","1.954"
"41921","2025-05-06","Subasta de Letras a 12 meses","12 MESES","","2025-05-06","2026-05-08","2025-05-09","6233.53","4075.29","635.16","3998.78","623.18","1.53","1.886","1.900"
"41924","2025-05-08","Subasta de Bonos a 3 años","3 AÑOS","B 2,40%","2025-05-08","2028-05-31","2025-05-13","3922.10","2257.03","0.00","2295.27","0.00","1.74","2.086","2.093"
"41925","2025-05-08","Subasta de Bonos a 5 años","5 AÑOS","B 2,70%","2025-05-08","2030-01-31","2025-05-13","4047.56","2277.27","0.00","2326.77","0.00","1.78","2.375","2.380"
"41928","2025-05-08","Subasta de Bonos €i a 5 años","","O€i 1,00% (VR 5a 7m)","2025-05-08","2030-11-30","2025-05-13","1453.18","672.18","0.00","867.06","0.00","2.16","0.721","0.729"
"41930","2025-05-08","Subasta de Obligaciones a 30 años","30 AÑOS","O 4,00%","2025-05-08","2054-10-31","2025-05-13","2677.55","1632.35","0.00","1673.38","0.00","1.64","3.974","3.982"
"42010","2025-05-13","Subasta de Letras a 3 meses","3 MESES","","2025-05-13","2025-08-08","2025-05-16","2589.14","1028.78","0.00","1024.05","0.00","2.52","1.976","1.989"
"42011","2025-05-13","Subasta de Letras a 9 meses","9 MESES","","2025-05-13","2026-02-06","2025-05-16","3160.28","1710.27","205.75","1685.30","202.74","1.85","2.000","2.013"
"42031","2025-05-22","Subasta de Obligaciones a 15 años","15 AÑOS","O 1,00% BV (VR 17a 2m)","2025-05-22","2042-07-30","2025-05-27","2861.73","1646.73","352.26","1078.53","230.55","1.74","3.847","3.853"
"42033","2025-05-22","Subasta de Bonos a 3 años","3 AÑOS","O 5,15% (VR 3a 5m)","2025-05-22","2028-10-31","2025-05-27","2677.48","1820.84","383.07","2046.04","430.34","1.47","2.251","2.264"
"42034","2025-05-22","Subasta de Bonos a 5 años","5 AÑOS","O 3,10% (7A)","2025-05-22","2031-07-30","2025-05-27","4498.87","2753.64","590.32","2877.59","616.77","1.63","2.750","2.755"
"42175","2025-06-03","Subasta de Letras a 6 meses","6 MESES","","2025-06-03","2025-12-05","2025-06-06","3751.94","1853.14","65.00","1835.56","64.38","2.02","1.890","1.915"
"42176","2025-06-03","Subasta de Letras a 12 meses","12 MESES","","2025-06-03","2026-06-05","2025-06-06","5682.78","3926.87","236.00","3853.45","231.57","1.45","1.878","1.893"
"42251","2025-06-05","Subasta de Obligaciones €i a 15 años","","O€i 2,05%","2025-06-05","2039-11-30","2025-06-10","1072.50","535.50","112.00","607.98","127.06","2.00","1.678","1.686"
"42253","2025-06-05","Subasta de Bonos a 3 años","3 AÑOS","B 2,40%","2025-06-05","2028-05-31","2025-06-10","3879.24","2000.00","0.00","2017.28","0.00","1.94","2.118","2.124"
"42254","2025-06-05","Subasta de Bonos a 5 años","5 AÑOS","O 0,70% (VR 6a 11m)","2025-06-05","2032-04-30","2025-06-10","3417.98","1442.98","0.00","1263.11","0.00","2.37","2.720","2.722"
"42255","2025-06-05","Subasta de Bonos a 5 años","5 AÑOS","B 2,70%","2025-06-05","2030-01-31","2025-06-10","3449.73","2044.54","0.00","2091.75","0.00","1.69","2.386","2.390"
"42351","2025-06-10","Subasta de Letras a 3 meses","3 MESES","","2025-06-10","2025-09-05","2025-06-13","2465.09","853.99","0.00","850.26","0.00","2.89","1.873","1.890"
"42352","2025-06-10","Subasta de Letras a 9 meses","9 MESES","","2025-06-10","2026-03-06","2025-06-13","3711.85","1625.78","130.13","1602.81","128.28","2.28","1.934","1.947"
"42375","2025-06-19","Subasta de Obligaciones a 10 años","10 AÑOS","O 3,20%","2025-06-19","2035-10-31","2025-06-24","3889.74","2249.68","0.00","2251.77","0.00","1.73","3.208","3.213"
"42377","2025-06-19","Subasta de Bonos a 5 años","5 AÑOS","O 3,15% (VR 7a 10m)","2025-06-19","2033-04-30","2025-06-24","2842.58","1427.58","0.00","1458.22","0.00","1.99","2.904","2.912"
"42378","2025-06-19","Subasta de Bonos a 5 años","5 AÑOS","O 1,95% (VR 5a 1m)","2025-06-19","2030-07-30","2025-06-24","3972.71","1867.67","33.51","1851.06","33.20","2.13","2.506","2.513"
"42518","2025-07-01","Subasta de Letras a 6 meses","6 MESES","","2025-07-01","2026-01-16","2025-07-04","4004.89","1292.78","0.00","1279.69","0.00","3.10","1.872","1.896"
"42519","2025-07-01","Subasta de Letras a 12 meses","12 MESES","","2025-07-01","2026-07-10","2025-07-04","7006.25","4087.00","415.40","4008.25","407.36","1.71","1.900","1.914"
"42522","2025-07-03","Subasta de Bonos a 3 años","3 AÑOS","B 2,40%","2025-07-03","2028-05-31","2025-07-08","4119.20","2159.10","456.56","2178.81","460.66","1.91","2.159","2.165"
"42524","2025-07-03","Subasta de Obligaciones €i a 10 años","","O€i 1,15%","2025-07-03","2036-11-30","2025-07-08","1575.44","735.44","12.40","739.29","12.46","2.14","1.470","1.478"
"42526","2025-07-03","Subasta de Obligaciones a 10 años","10 AÑOS","O 3,15% (VR 9a 10m)","2025-07-03","2035-04-30","2025-07-08","4047.30","2132.29","172.80","2142.17","173.56","1.90","3.163","3.167"
"42527","2025-07-03","Subasta de Obligaciones a 15 años","15 AÑOS","O 3,50%","2025-07-03","2041-01-31","2025-07-08","2958.68","1758.38","26.08","1743.87","25.85","1.68","3.671","3.676"
"42608","2025-07-08","Subasta de Letras a 3 meses","3 MESES","","2025-07-08","2025-10-10","2025-07-11","2101.31","834.07","0.00","830.07","0.00","2.52","1.905","1.914"
"42609","2025-07-08","Subasta de Letras a 9 meses","9 MESES","","2025-07-08","2026-04-10","2025-07-11","3509.19","1965.89","0.00","1937.82","0.00","1.79","1.905","1.920"
"42628","2025-07-17","Subasta de Bonos a 5 años","5 AÑOS","B 2,70%","2025-07-17","2030-01-31","2025-07-22","3391.14","1746.06","367.43","1784.31","375.36","1.94","2.479","2.488"
"42630","2025-07-17","Subasta de Obligaciones a 10 años","10 AÑOS","O 3,20%","2025-07-17","2035-10-31","2025-07-22","4726.88","2391.81","505.71","2380.66","503.23","1.98","3.303","3.306"
"42631","2025-07-17","Subasta de Obligaciones a 30 años","30 AÑOS","O 2,70% (VR 23a 3m)","2025-07-17","2048-10-31","2025-07-22","2480.87","1545.84","320.91","1281.57","265.84","1.60","3.965","3.972"
"42769","2025-08-05","Subasta de Letras a 6 meses","6 MESES","","2025-08-05","2026-02-06","2025-08-08","3121.96","1552.29","102.45","1537.23","101.45","2.01","1.932","1.950"
"42770","2025-08-05","Subasta de Letras a 12 meses","12 MESES","","2025-08-05","2026-08-07","2025-08-08","5116.77","4032.75","351.53","3954.78","344.70","1.27","1.945","1.958"
"42775","2025-08-07","Subasta de Obligaciones a 10 años","10 AÑOS","O 3,20%","2025-08-07","2035-10-31","2025-08-12","3392.31","1602.06","0.00","1611.70","0.00","2.12","3.199","3.205"
"42776","2025-08-07","Subasta de Obligaciones a 15 años","15 AÑOS","O 3,45% (20A)","2025-08-07","2043-07-30","2025-08-12","2626.29","1221.29","0.00","1173.98","0.00","2.15","3.758","3.762"
"42779","2025-08-07","Subasta de Obligaciones €i a 10 años","","O€i 1,00% (VR 5a 4m)","2025-08-07","2030-11-30","2025-08-12","1386.25","490.25","0.00","636.88","0.00","2.83","0.810","0.818"
"42781","2025-08-07","Subasta de Bonos a 3 años","3 AÑOS","B 2,40%","2025-08-07","2028-05-31","2025-08-12","3746.96","1675.00","0.00","1693.43","0.00","2.24","2.166","2.171"
"42860","2025-08-12","Subasta de Letras a 3 meses","3 MESES","","2025-08-12","2025-11-07","2025-08-15","2086.62","900.00","30.65","895.96","30.51","2.32","1.929","1.940"
"42861","2025-08-12","Subasta de Letras a 9 meses","9 MESES","","2025-08-12","2026-05-08","2025-08-15","3477.91","1624.81","147.19","1601.59","145.08","2.14","1.959","1.969"
"42956","2025-09-02","Subasta de Letras a 6 meses","6 MESES","","2025-09-02","2026-03-06","2025-09-05","3412.98","1594.07","62.59","1578.40","61.97","2.14","1.958","1.976"
"42957","2025-09-02","Subasta de Letras a 12 meses","12 MESES","","2025-09-02","2026-09-04","2025-09-05","6497.36","4174.20","617.59","4091.82","605.37","1.56","1.986","1.996"
"42960","2025-09-04","Subasta de Bonos a 3 años","3 AÑOS","O 1,40% (VR 2a 11m)","2025-09-04","2028-07-30","2025-09-09","3270.13","1555.11","323.83","1522.78","317.06","2.10","2.204","2.209"
"42961","2025-09-04","Subasta de Bonos a 5 años","5 AÑOS","O 3,10% (7A)","2025-09-04","2031-07-30","2025-09-09","3994.05","1918.82","409.14","1962.97","418.51","2.08","2.734","2.737"
"42966","2025-09-04","Subasta de Obligaciones a 10 años","10 AÑOS","O 4,20% (VR 11a 5m)","2025-09-04","2037-01-31","2025-09-09","2835.27","1480.15","306.87","1623.93","336.61","1.92","3.425","3.428"
"43046","2025-09-09","Subasta de Letras a 3 meses","3 MESES","","2025-09-09","2025-12-05","2025-09-12","2248.75","922.79","19.53","918.70","19.45","2.44","1.909","1.920"
"43047","2025-09-09","Subasta de Letras a 9 meses","9 MESES","","2025-09-09","2026-06-05","2025-09-12","2818.93","1603.63","41.81","1580.60","41.21","1.76","1.968","1.979"
"43066","2025-09-18","Subasta de Bonos a 3 años","3 AÑOS","B 2,40%","2025-09-18","2028-05-31","2025-09-23","3964.66","2079.53","0.00","2105.10","0.00","1.91","2.212","2.217"
"43068","2025-09-18","Subasta de Obligaciones a 10 años","10 AÑOS","O 3,20%","2025-09-18","2035-10-31","2025-09-23","3811.53","1976.48","0.00","1990.38","0.00","1.93","3.230","3.234"
"43069","2025-09-18","Subasta de Obligaciones a 30 años","30 AÑOS","O 4,00%","2025-09-18","2054-10-31","2025-09-23","2727.34","1380.33","0.00","1411.95","0.00","1.98","4.074","4.078"
"43207","2025-10-02","Subasta de Bonos a 5 años","5 AÑOS","O 3,00% (7A)","2025-10-02","2033-01-31","2025-10-07","4629.24","2834.14","0.00","2848.40","0.00","1.63","2.922","2.929"
"43208","2025-10-02","Subasta de Bonos a 5 años","5 AÑOS","B 2,70%","2025-10-02","2030-01-31","2025-10-07","3682.33","1447.16","17.75","1486.34","18.23","2.54","2.483","2.491"
"43211","2025-10-02","Subasta de Obligaciones a 15 años","15 AÑOS","O 1,00% BV (VR 16a 10m)","2025-10-02","2042-07-30","2025-10-07","2462.89","1057.89","0.00","702.74","0.00","2.33","3.739","3.745"
"43213","2025-10-02","Subasta de Obligaciones €i a 10 años","","O€i 1,15%","2025-10-02","2036-11-30","2025-10-07","1277.59","591.59","0.00","597.54","0.00","2.16","1.490","1.494"
"43289","2025-10-07","Subasta de Letras a 6 meses","6 MESES","","2025-10-07","2026-04-10","2025-10-10","3742.22","1812.02","81.28","1794.39","80.48","2.07","1.937","1.958"
"43290","2025-10-07","Subasta de Letras a 12 meses","12 MESES","","2025-10-07","2026-10-09","2025-10-10","6048.46","3820.10","629.60","3743.95","616.99","1.58","2.006","2.021"
"43306","2025-10-14","Subasta de Letras a 3 meses","3 MESES","","2025-10-14","2026-01-16","2025-10-17","2010.62","884.99","0.00","880.71","0.00","2.27","1.918","1.928"
"43307","2025-10-14","Subasta de Letras a 9 meses","9 MESES","","2025-10-14","2026-07-10","2025-10-17","2952.71","1350.00","0.00","1330.70","0.00","2.19","1.960","1.966"
"43310","2025-10-16","Subasta de Bonos a 5 años","5 AÑOS","O 2,55% (VR 7a)","2025-10-16","2032-10-31","2025-10-21","2398.91","1233.90","0.00","1251.24","0.00","1.94","2.716","2.727"
"43311","2025-10-16","Subasta de Bonos a 5 años","5 AÑOS","O 1,25% (VR 5a)","2025-10-16","2030-10-31","2025-10-21","2293.95","1133.87","0.00","1084.27","0.00","2.02","2.443","2.448"
"43314","2025-10-16","Subasta de Obligaciones a 10 años","10 AÑOS","O 3,20%","2025-10-16","2035-10-31","2025-10-21","3532.49","2074.33","0.00","2119.57","0.00","1.70","3.085","3.090"
"43473","2025-11-04","Subasta de Letras a 6 meses","6 MESES","","2025-11-04","2026-05-08","2025-11-07","2829.72","1428.39","53.23","1414.45","52.71","1.98","1.944","1.962"
"43474","2025-11-04","Subasta de Letras a 12 meses","12 MESES","","2025-11-04","2026-11-06","2025-11-07","5399.49","3600.00","86.80","3528.79","85.08","1.50","1.990","2.003"
"43477","2025-11-06","Subasta de Bonos a 5 años","5 AÑOS","O 3,00% (7A)","2025-11-06","2033-01-31","2025-11-11","3745.19","1815.16","0.00","1838.04","0.00","2.06","2.848","2.853"
"43479","2025-11-06","Subasta de Obligaciones a 10 años","10 AÑOS","O 1,85% (VR 9a 9m)","2025-11-06","2035-07-30","2025-11-11","3171.74","1208.24","0.00","1088.36","0.00","2.63","3.111","3.115"
"43480","2025-11-06","Subasta de Obligaciones a 15 años","15 AÑOS","O 3,50%","2025-11-06","2041-01-31","2025-11-11","3031.46","1480.43","0.00","1495.95","0.00","2.05","3.616","3.621"
"43483","2025-11-06","Subasta de Obligaciones €i a 10 años","","O€i 1,15%","2025-11-06","2036-11-30","2025-11-11","1268.98","533.98","0.00","546.33","0.00","2.38","1.392","1.397"
"43565","2025-11-11","Subasta de Letras a 3 meses","3 MESES","","2025-11-11","2026-02-06","2025-11-14","2019.26","706.40","0.00","703.26","0.00","2.86","1.908","1.926"
"43566","2025-11-11","Subasta de Letras a 9 meses","9 MESES","","2025-11-11","2026-08-07","2025-11-14","3464.72","1612.15","0.00","1589.03","0.00","2.15","1.965","1.976"
"43585","2025-11-20","Subasta de Bonos a 5 años","5 AÑOS","O 3,00% (7A)","2025-11-20","2033-01-31","2025-11-25","3393.36","1453.15","309.76","1469.57","313.17","2.34","2.885","2.891"
"43587","2025-11-20","Subasta de Obligaciones a 10 años","10 AÑOS","O 3,20%","2025-11-20","2035-10-31","2025-11-25","4321.70","2246.54","455.33","2251.26","456.15","1.92","3.199","3.204"
"43588","2025-11-20","Subasta de Obligaciones a 30 años","30 AÑOS","O 4,00%","2025-11-20","2054-10-31","2025-11-25","2386.37","1221.35","7.11","1216.38","7.08","1.95","4.038","4.043"
"43724","2025-12-02","Subasta de Letras a 6 meses","6 MESES","","2025-12-02","2026-06-05","2025-12-05","3190.45","1469.60","206.12","1455.34","204.09","2.17","1.931","1.968"
"43725","2025-12-02","Subasta de Letras a 12 meses","12 MESES","","2025-12-02","2026-12-04","2025-12-05","5517.31","3506.70","655.88","3437.31","642.85","1.57","1.990","2.004"
"43728","2025-12-04","Subasta de Bonos a 5 años","5 AÑOS","B 2,70%","2025-12-04","2030-01-31","2025-12-09","2909.39","1479.32","0.00","1526.44","0.00","1.97","2.471","2.480"
"43730","2025-12-04","Subasta de Obligaciones €i a 10 años","","O€i 1,15%","2025-12-04","2036-11-30","2025-12-09","1265.66","480.66","0.00","483.59","0.00","2.63","1.463","1.469"
"43732","2025-12-04","Subasta de Obligaciones a 10 años","10 AÑOS","O 0,85% (VR 11a 8m)","2025-12-04","2037-07-30","2025-12-09","2505.80","1400.80","0.00","1064.55","0.00","1.79","3.414","3.422"
"43876","2025-12-09","Subasta de Letras a 3 meses","3 MESES","","2025-12-09","2026-03-06","2025-12-12","1751.43","816.18","0.00","812.43","0.00","2.15","1.974","1.999"
"43877","2025-12-09","Subasta de Letras a 9 meses","9 MESES","","2025-12-09","2026-09-04","2025-12-12","2641.37","1436.37","0.00","1415.41","0.00","1.84","1.999","2.016"
"43960","2026-01-08","Subasta de Bonos a 5 años","5 AÑOS","O 3,00% (7A)","2026-01-08","2033-01-31","2026-01-13","4177.29","2012.28","447.02","2036.06","452.21","2.08","2.938","2.943"
"43961","2026-01-08","Subasta de Bonos a 5 años","5 AÑOS","B 2,70%","2026-01-08","2030-01-31","2026-01-13","6219.03","2813.87","611.67","2906.40","631.73","2.21","2.508","2.512"
"43964","2026-01-08","Subasta de Obligaciones a 15 años","15 AÑOS","O 3,45% (20A)","2026-01-08","2043-07-30","2026-01-13","2724.46","1458.37","314.39","1415.21","304.83","1.87","3.806","3.814"
"43966","2026-01-08","Subasta de Obligaciones €i a 10 años","","O€i 1,15%","2026-01-08","2036-11-30","2026-01-13","1376.10","726.10","158.07","728.52","158.48","1.90","1.508","1.517"
"44035","2026-01-13","Subasta de Letras a 6 meses","6 MESES","","2026-01-13","2026-07-10","2026-01-16","3909.30","1948.14","41.81","1929.51","41.40","2.01","1.981","2.002"
"44036","2026-01-13","Subasta de Letras a 12 meses","12 MESES","","2026-01-13","2027-01-15","2026-01-16","6294.50","4129.09","355.33","4045.75","348.12","1.52","2.032","2.048"
"44044","2026-01-15","Subasta de Bonos a 3 años","3 AÑOS","O 2,35%","2026-01-15","2029-03-31","2026-01-20","4895.97","3250.95","623.03","3251.05","622.97","1.51","2.342","2.348"
"44046","2026-01-15","Subasta de Obligaciones a 15 años","15 AÑOS","O 3,50%","2026-01-15","2041-01-31","2026-01-20","3050.77","1505.77","322.86","1522.57","326.25","2.03","3.670","3.678"
"44128","2026-01-20","Subasta de Letras a 3 meses","3 MESES","","2026-01-20","2026-04-10","2026-01-23","2257.23","975.94","0.00","971.86","0.00","2.31","1.954","1.978"
"44129","2026-01-20","Subasta de Letras a 9 meses","9 MESES","","2026-01-20","2026-10-09","2026-01-23","3471.04","2026.04","0.00","1997.28","0.00","1.71","1.998","2.008"
"44347","2026-02-03","Subasta de Letras a 6 meses","6 MESES","","2026-02-03","2026-08-07","2026-02-06","3341.76","1809.64","0.00","1791.73","0.00","1.85","1.973","1.985"
"44348","2026-02-03","Subasta de Letras a 12 meses","12 MESES","","2026-02-03","2027-02-05","2026-02-06","5975.07","4324.72","78.00","4237.63","76.42","1.38","2.028","2.039"
"44351","2026-02-05","Subasta de Bonos a 3 años","3 AÑOS","O 2,35%","2026-02-05","2029-03-31","2026-02-10","3701.89","1531.82","307.81","1533.94","308.21","2.42","2.341","2.346"
"44352","2026-02-05","Subasta de Bonos a 5 años","5 AÑOS","O 3,00% (7A)","2026-02-05","2033-01-31","2026-02-10","4292.86","2367.47","508.78","2383.18","512.03","1.81","2.905","2.910"
"44355","2026-02-05","Subasta de Obligaciones a 10 años","10 AÑOS","O 3,20% (VR 9a 9m)","2026-02-05","2035-10-31","2026-02-10","4694.50","1939.44","4.65","1952.70","4.68","2.42","3.223","3.226"
"44359","2026-02-05","Subasta de Obligaciones €i a 10 años","","O€i 0,70% (VR 7a 10m)","2026-02-05","2033-11-30","2026-02-10","1541.69","645.66","10.00","792.81","12.27","2.39","1.078","1.085"
"44439","2026-02-10","Subasta de Letras a 3 meses","3 MESES","","2026-02-10","2026-05-08","2026-02-13","2121.79","1045.38","0.00","1040.66","0.00","2.03","1.939","1.947"
"44440","2026-02-10","Subasta de Letras a 9 meses","9 MESES","","2026-02-10","2026-11-06","2026-02-13","3424.91","1974.88","0.00","1945.87","0.00","1.73","2.015","2.022"
"44458","2026-02-19","Subasta de Bonos a 3 años","3 AÑOS","B 3,50% (VR 3a 3m)","2026-02-19","2029-05-31","2026-02-24","3463.67","1200.00","222.95","1276.59","237.15","2.89","2.273","2.278"
"44459","2026-02-19","Subasta de Bonos a 5 años","5 AÑOS","B 2,60%","2026-02-19","2031-05-31","2026-02-24","5060.19","2600.00","568.30","2602.44","568.70","1.95","2.577","2.584"
"44462","2026-02-19","Subasta de Obligaciones a 10 años","10 AÑOS","O 3,30%","2026-02-19","2036-04-30","2026-02-24","4110.20","1630.12","306.32","1652.75","310.51","2.52","3.167","3.170"
"44671","2026-03-03","Subasta de Letras a 6 meses","6 MESES","","2026-03-03","2026-09-04","2026-03-06","3797.45","1707.18","0.00","1689.54","0.00","2.22","2.059","2.077"
"44672","2026-03-03","Subasta de Letras a 12 meses","12 MESES","","2026-03-03","2027-03-05","2026-03-06","7192.66","4227.34","0.00","4138.32","0.00","1.70","2.121","2.137"
"44675","2026-03-05","Subasta de Bonos a 3 años","3 AÑOS","B 2,35%","2026-03-05","2029-03-31","2026-03-10","4026.35","1800.00","0.00","1802.70","0.00","2.24","2.398","2.404"
"44676","2026-03-05","Subasta de Bonos a 5 años","5 AÑOS","O 3,00% (7A)","2026-03-05","2033-01-31","2026-03-10","4304.94","2334.93","0.00","2362.16","0.00","1.84","2.859","2.863"
"44679","2026-03-05","Subasta de Obligaciones €i a 10 años","","O€i 1,15%","2026-03-05","2036-11-30","2026-03-10","1238.06","592.06","105.72","607.18","108.34","2.09","1.292","1.301"
"44681","2026-03-05","Subasta de Obligaciones a 15 años","15 AÑOS","O 3,50%","2026-03-05","2041-01-31","2026-03-10","2580.47","1210.40","0.00","1200.05","0.00","2.13","3.605","3.609"
"44763","2026-03-10","Subasta de Letras a 3 meses","3 MESES","","2026-03-10","2026-06-05","2026-03-13","1780.03","984.78","0.00","980.28","0.00","1.81","1.964","1.981"
"44764","2026-03-10","Subasta de Letras a 9 meses","9 MESES","","2026-03-10","2026-12-04","2026-03-13","3194.69","2014.58","0.00","1982.84","0.00","1.59","2.164","2.175"
"44782","2026-03-19","Subasta de Bonos a 5 años","5 AÑOS","O 2,55% (VR 6a 7m)","2026-03-19","2032-10-31","2026-03-24","2772.91","945.91","0.00","925.66","0.00","2.93","3.079","3.087"
"44783","2026-03-19","Subasta de Bonos a 5 años","5 AÑOS","B 2,60%","2026-03-19","2031-05-31","2026-03-24","4710.97","2633.97","0.00","2596.78","0.00","1.79","2.934","2.943"
"44786","2026-03-19","Subasta de Obligaciones a 10 años","10 AÑOS","O 3,30%","2026-03-19","2036-04-30","2026-03-24","4446.01","1970.94","0.00","1951.24","0.00","2.26","3.476","3.484"
"44927","2026-04-07","Subasta de Letras a 6 meses","6 MESES","","2026-04-07","2026-10-09","2026-04-10","3326.06","2050.56","427.67","2026.25","422.56","1.62","2.362","2.391"
"44928","2026-04-07","Subasta de Letras a 12 meses","12 MESES","","2026-04-07","2027-04-09","2026-04-10","5328.85","4388.70","909.09","4275.29","885.45","1.21","2.611","2.640"
"44931","2026-04-09","Subasta de Bonos a 3 años","3 AÑOS","B 2,35%","2026-04-09","2029-03-31","2026-04-14","3932.61","1932.58","0.00","1912.94","0.00","2.03","2.734","2.737"
"44932","2026-04-09","Subasta de Bonos a 5 años","5 AÑOS","B 2,60%","2026-04-09","2031-05-31","2026-04-14","3770.75","2083.72","0.00","2059.62","0.00","1.81","2.915","2.923"
"44935","2026-04-09","Subasta de Obligaciones a 10 años","10 AÑOS","O 3,30%","2026-04-09","2036-04-30","2026-04-14","3601.21","1761.14","0.00","1753.24","0.00","2.04","3.435","3.440"
"44937","2026-04-09","Subasta de Obligaciones €i a 10 años","","O€i 1,15%","2026-04-09","2036-11-30","2026-04-14","1267.10","676.06","0.00","691.23","0.00","1.87","1.320","1.328"
"45022","2026-04-14","Subasta de Letras a 3 meses","3 MESES","","2026-04-14","2026-07-10","2026-04-17","2388.44","998.40","129.74","993.50","129.10","2.39","2.111","2.123"
"45023","2026-04-14","Subasta de Letras a 9 meses","9 MESES","","2026-04-14","2027-01-15","2026-04-17","3533.39","1718.25","250.12","1686.72","245.52","2.06","2.461","2.471"
"45026","2026-04-16","Subasta de Bonos a 5 años","5 AÑOS","O 3,00 % (7A)","2026-04-16","2033-01-31","2026-04-21","4345.46","2222.41","445.44","2222.24","445.35","1.96","3.107","3.111"
"45027","2026-04-16","Subasta de Bonos a 5 años","5 AÑOS","O 3,10% (VR 5a 3m)","2026-04-16","2031-07-30","2026-04-21","4512.58","2020.57","387.07","2084.04","399.15","2.23","2.911","2.917"
"45030","2026-04-16","Subasta de Obligaciones a 15 años","15 AÑOS","O 3,50%","2026-04-16","2041-01-31","2026-04-21","3082.40","1410.13","277.31","1366.44","268.57","2.19","3.845","3.851"
"45184","2026-05-05","Subasta de Letras a 6 meses","6 MESES","","2026-05-05","2026-11-06","2026-05-08","4396.17","2033.70","408.26","2009.66","403.39","2.16","2.357","2.389"
"45185","2026-05-05","Subasta de Letras a 12 meses","12 MESES","","2026-05-05","2027-05-07","2026-05-08","7190.37","4429.26","812.68","4313.94","791.46","1.62","2.635","2.651"
"45191","2026-05-07","Subasta de Obligaciones a 15 años","15 AÑOS","O 5,15% (VR 18a 6m)","2026-05-07","2044-10-31","2026-05-12","2185.52","1069.37","0.00","1277.33","0.00","2.04","3.863","3.869"
"45194","2026-05-07","Subasta de Obligaciones €i a 15 años","","O€i 2,05%","2026-05-07","2039-11-30","2026-05-12","1407.92","702.92","143.69","824.40","168.36","2.00","1.492","1.502"
"45279","2026-05-12","Subasta de Letras a 3 meses","3 MESES","","2026-05-12","2026-08-07","2026-05-15","2487.67","826.85","24.95","822.71","24.82","3.01","2.154","2.163"
"45280","2026-05-12","Subasta de Letras a 9 meses","9 MESES","","2026-05-12","2027-02-05","2026-05-15","4135.89","1685.71","298.13","1654.92","292.68","2.45","2.514","2.521"
"45296","2026-05-21","Subasta de Bonos a 5 años","5 AÑOS","O 3,00% (7A)","2026-05-21","2033-01-31","2026-05-26","4072.24","2200.23","451.01","2199.15","450.69","1.85","3.164","3.169"
"45297","2026-05-21","Subasta de Bonos a 5 años","5 AÑOS","O 2,60 %","2026-05-21","2031-05-31","2026-05-26","4715.15","2585.14","537.89","2558.73","532.30","1.82","2.959","2.964"
"45300","2026-05-21","Subasta de Obligaciones a 30 años","30 AÑOS","O 1,00% (VR 24a 5m)","2026-05-21","2050-10-31","2026-05-26","2322.30","1269.78","261.88","674.19","138.93","1.83","4.115","4.122"
"45590","2026-06-02","Subasta de Letras a 6 meses","6 MESES","","2026-06-02","2026-12-04","2026-06-05","4622.43","1981.63","0.00","1958.03","0.00","2.33","2.376","2.398"
"45591","2026-06-02","Subasta de Letras a 12 meses","12 MESES","","2026-06-02","2027-06-04","2026-06-05","7675.02","4500.00","0.00","4386.69","0.00","1.71","2.543","2.567"
"45661","2026-06-04","Subasta de Bonos a 3 años","3 AÑOS","B 2,35%","2026-06-04","2029-03-31","2026-06-09","4543.66","1840.61","0.00","1827.65","0.00","2.47","2.772","2.775"
"45662","2026-06-04","Subasta de Bonos a 5 años","5 AÑOS","O 3,10 % (VR 5a 2m)","2026-06-04","2031-07-30","2026-06-09","4303.35","1581.70","0.00","1635.07","0.00","2.72","2.947","2.949"
"45665","2026-06-04","Subasta de Obligaciones €i a 15 años","","O€i 2,05%","2026-06-04","2039-11-30","2026-06-09","1072.57","592.57","0.00","697.08","0.00","1.81","1.570","1.577"
"45667","2026-06-04","Subasta de Obligaciones a 15 años","15 AÑOS","O 3,50%","2026-06-04","2041-01-31","2026-06-09","3280.53","1550.00","0.00","1514.97","0.00","2.12","3.813","3.817"
"45750","2026-06-09","Subasta de Letras a 3 meses","3 MESES","","2026-06-09","2026-09-04","2026-06-12","2668.95","663.78","0.00","660.33","0.00","4.02","2.239","2.244"
"45751","2026-06-09","Subasta de Letras a 9 meses","9 MESES","","2026-06-09","2027-03-05","2026-06-12","4328.56","2298.35","0.00","2256.33","0.00","1.88","2.518","2.524"
"45768","2026-06-18","Subasta de Bonos a 5 años","5 AÑOS","O 3,00% (7A)","2026-06-18","2033-01-31","2026-06-23","3583.79","1953.70","0.00","1972.54","0.00","1.83","3.032","3.038"
"45770","2026-06-18","Subasta de Obligaciones a 10 años","10 AÑOS","O 3,40%","2026-06-18","2036-10-31","2026-06-23","4774.12","2552.08","0.00","2560.44","0.00","1.87","3.383","3.386"
"45771","2026-06-18","Subasta de Obligaciones a 15 años","15 AÑOS","O 4,90% (VR 14a 1m)","2026-06-18","2040-07-30","2026-06-23","2583.65","1326.60","0.00","1567.17","0.00","1.95","3.635","3.641"
"45911","2026-07-02","Subasta de Bonos a 5 años","5 AÑOS","O 2,60%","2026-07-02","2031-05-31","2026-07-07","3557.75","1984.58","145.23","1968.25","144.01","1.79","2.835","2.840"
"45913","2026-07-02","Subasta de Obligaciones a 10 años","10 AÑOS","O 3,40%","2026-07-02","2036-10-31","2026-07-07","4009.91","2213.81","0.00","2221.65","0.00","1.81","3.395","3.399"
"45986","2026-07-07","Subasta de Letras a 6 meses","6 MESES","","2026-07-07","2027-01-15","2026-07-10","3983.20","1576.00","0.00","1556.43","0.00","2.53","2.385","2.409"
"45987","2026-07-07","Subasta de Letras a 12 meses","12 MESES","","2026-07-07","2027-07-09","2026-07-10","6159.49","4040.97","0.00","3940.90","0.00","1.52","2.500","2.523"
"46007","2026-07-14","Subasta de Letras a 3 meses","3 MESES","","2026-07-14","2026-10-09","2026-07-17","2076.78","896.56","133.67","891.63","132.94","2.32","2.366","2.376"
"46008","2026-07-14","Subasta de Letras a 9 meses","9 MESES","","2026-07-14","2027-04-09","2026-07-17","3629.95","1229.88","185.44","1206.46","181.91","2.95","2.623","2.630"
"46012","2026-07-16","Subasta de Bonos a 3 años","3 AÑOS","O 2,35%","2026-07-16","2029-03-31","2026-07-21","5365.29","2610.27","0.00","2593.69","0.00","2.06","2.867","2.871"
"46013","2026-07-16","Subasta de Bonos a 5 años","5 AÑOS","O 3,55% (VR 7a 3m)","2026-07-16","2033-10-31","2026-07-21","3508.93","1771.89","236.72","1845.45","246.49","1.98","3.297","3.301"
"46016","2026-07-16","Subasta de Obligaciones a 30 años","30 AÑOS","O 3,95%","2026-07-16","2056-10-31","2026-07-21","3057.73","1591.73","322.68","1525.68","309.13","1.92","4.286","4.290"
"46172","2026-08-04","Subasta de Letras a 6 meses","6 MESES","","2026-08-04","2027-02-05","2026-08-07","4209.26","1865.55","344.96","1842.23","340.64","2.26","2.496","2.512"
"46173","2026-08-04","Subasta de Letras a 12 meses","12 MESES","","2026-08-04","2027-08-06","2026-08-07","6870.19","4350.00","807.27","4235.61","785.98","1.58","2.663","2.679"
"46176","2026-08-06","Subasta de Bonos a 5 años","5 AÑOS","O 3,00% (7A)","2026-08-06","2033-01-31","2026-08-11","3402.01","1565.01","0.00","1572.37","0.00","2.17","3.188","3.191"
"46177","2026-08-06","Subasta de Bonos a 5 años","5 AÑOS","B 2,60%","2026-08-06","2031-05-31","2026-08-11","4265.36","1849.86","0.00","1825.76","0.00","2.31","3.005","3.008"
"46180","2026-08-06","Subasta de Obligaciones a 10 años","10 AÑOS","O 3,40%","2026-08-06","2036-10-31","2026-08-11","4530.57","1900.00","0.00","1889.26","0.00","2.38","3.542","3.545"
"46184","2026-08-06","Subasta de Obligaciones €i a 15 años","","O€i 2,05%","2026-08-06","2039-11-30","2026-08-11","1344.92","727.92","142.36","851.20","166.34","1.85","1.715","1.724"
"46265","2026-08-11","Subasta de Letras a 3 meses","3 MESES","","2026-08-11","2026-11-06","2026-08-14","2438.08","867.81","17.71","862.99","17.61","2.81","2.387","2.399"
"46266","2026-08-11","Subasta de Letras a 9 meses","9 MESES","","2026-08-11","2027-05-07","2026-08-14","3555.06","1204.63","140.32","1181.84","137.66","2.95","2.605","2.615"
"46355","2026-09-03","Subasta de Bonos a 3 años","3 AÑOS","B 2,35%","2026-09-03","2029-03-31","2026-09-08","4593.29","2063.28","433.87","2047.42","430.48","2.23","3.079","3.085"
"46356","2026-09-03","Subasta de Bonos a 5 años","5 AÑOS","B 2,60%","2026-09-03","2031-05-31","2026-09-08","3555.31","1575.31","332.88","1541.53","325.69","2.26","3.255","3.260"
"46359","2026-09-03","Subasta de Obligaciones a 10 años","10 AÑOS","O 3,30% (VR 9a 8m)","2026-09-03","2036-04-30","2026-09-08","4576.04","1996.03","415.35","1949.81","405.71","2.29","3.736","3.737"
"46442","2026-09-08","Subasta de Letras a 9 meses","9 MESES","","2026-09-08","2027-06-04","2026-09-11","3950.92","1475.89","0.00","1446.18","0.00","2.68","2.776","2.783"
