date,maturity,coupon,face
2003-06-30,2003-07-15,5.25,47.408
2003-06-30,2003-07-15,6.5,2.904
2003-06-30,2003-07-15,5.25,-74.091
2003-06-30,2003-07-15,6.5,-4.422
2003-06-30,2003-08-15,9.5,5289.518
2003-06-30,2004-02-15,5.25,66.57
2003-06-30,2004-02-15,5.25,-53.849
2003-06-30,2004-05-15,5.4,18.532
2003-06-30,2004-05-15,5.4,-33.131
2003-06-30,2004-09-15,9.0,4951.649
2003-06-30,2005-07-15,6.0,-97.062
2003-06-30,2005-07-15,7.0,-28.819
2003-06-30,2005-07-15,6.0,49.373
2003-06-30,2005-07-15,7.0,17.866
2003-06-30,2005-07-15,7.5,5502.387
2003-06-30,2006-02-15,10.0,1143.171
2003-06-30,2006-11-15,6.75,6102.852
2003-06-30,2007-10-15,10.0,2906.302
2003-06-30,2008-08-15,8.75,4494.005
2003-06-30,2009-09-15,7.5,5709.049
2003-06-30,2011-06-15,5.75,5796.687
2003-06-30,2013-05-15,6.5,4800.4
2003-06-30,2015-04-15,6.25,3200.0
2003-07-31,2003-08-15,9.5,5289.518
2003-07-31,2004-02-15,5.25,66.57
2003-07-31,2004-02-15,5.25,-53.849
2003-07-31,2004-05-15,5.4,18.532
2003-07-31,2004-05-15,5.4,-33.131
2003-07-31,2004-09-15,9.0,4951.649
2003-07-31,2005-07-15,6.0,-97.062
2003-07-31,2005-07-15,7.0,-28.819
2003-07-31,2005-07-15,6.0,49.373
2003-07-31,2005-07-15,7.0,17.866
2003-07-31,2005-07-15,7.5,5502.387
2003-07-31,2006-02-15,10.0,1143.171
2003-07-31,2006-11-15,6.75,6102.852
2003-07-31,2007-10-15,10.0,2906.302
2003-07-31,2008-08-15,8.75,4494.005
2003-07-31,2009-09-15,7.5,5709.049
2003-07-31,2011-06-15,5.75,5796.687
2003-07-31,2013-05-15,6.5,4800.4
2003-07-31,2015-04-15,6.25,3499.0
2003-08-31,2004-02-15,5.25,66.57
2003-08-31,2004-02-15,5.25,-53.849
2003-08-31,2004-05-15,5.4,18.532
2003-08-31,2004-05-15,5.4,-33.131
2003-08-31,2004-09-15,9.0,4951.649
2003-08-31,2005-07-15,6.0,-97.062
2003-08-31,2005-07-15,7.0,-28.819
2003-08-31,2005-07-15,6.0,49.367
2003-08-31,2005-07-15,7.0,17.852
2003-08-31,2005-07-15,7.5,5502.387
2003-08-31,2006-02-15,10.0,1143.171
2003-08-31,2006-11-15,6.75,6102.852
2003-08-31,2007-10-15,10.0,2906.302
2003-08-31,2008-08-15,8.75,4494.005
2003-08-31,2009-09-15,7.5,5709.049
2003-08-31,2011-06-15,5.75,5796.687
2003-08-31,2013-05-15,6.5,4800.4
2003-08-31,2015-04-15,6.25,3499.0
2003-09-30,2004-02-15,5.25,66.57
2003-09-30,2004-02-15,5.25,-53.849
2003-09-30,2004-05-15,5.4,18.532
2003-09-30,2004-05-15,5.4,-33.131
2003-09-30,2004-09-15,9.0,4951.649
2003-09-30,2005-07-15,6.0,-97.062
2003-09-30,2005-07-15,7.0,-28.819
2003-09-30,2005-07-15,6.0,49.367
2003-09-30,2005-07-15,7.0,17.852
2003-09-30,2005-07-15,7.5,5502.387
2003-09-30,2006-02-15,10.0,1143.171
2003-09-30,2006-11-15,6.75,6102.852
2003-09-30,2007-10-15,10.0,2906.302
2003-09-30,2008-08-15,8.75,4494.005
2003-09-30,2009-09-15,7.5,5709.049
2003-09-30,2011-06-15,5.75,5796.687
2003-09-30,2013-05-15,6.5,4800.4
2003-09-30,2015-04-15,6.25,3798.0
2003-10-31,2004-02-15,5.25,66.57
2003-10-31,2004-02-15,5.25,-53.849
2003-10-31,2004-05-15,5.4,18.532
2003-10-31,2004-05-15,5.4,-33.131
2003-10-31,2004-09-15,9.0,4951.649
2003-10-31,2005-07-15,6.0,-97.062
2003-10-31,2005-07-15,7.0,-28.819
2003-10-31,2005-07-15,6.0,49.367
2003-10-31,2005-07-15,7.0,17.852
2003-10-31,2005-07-15,7.5,5502.387
2003-10-31,2006-02-15,10.0,1143.171
2003-10-31,2006-11-15,6.75,6102.852
2003-10-31,2007-10-15,10.0,2906.302
2003-10-31,2008-08-15,8.75,4494.005
2003-10-31,2009-09-15,7.5,5709.049
2003-10-31,2011-06-15,5.75,5796.687
2003-10-31,2013-05-15,6.5,4800.4
2003-10-31,2015-04-15,6.25,3798.0
2003-11-30,2004-02-15,5.25,66.57
2003-11-30,2004-02-15,5.25,-53.849
2003-11-30,2004-05-15,5.4,18.51
2003-11-30,2004-05-15,5.4,-33.131
2003-11-30,2004-09-15,9.0,4951.649
2003-11-30,2005-07-15,6.0,-97.062
2003-11-30,2005-07-15,7.0,-28.819
2003-11-30,2005-07-15,6.0,43.916
2003-11-30,2005-07-15,7.0,14.427
2003-11-30,2005-07-15,7.5,5502.387
2003-11-30,2006-02-15,10.0,1143.171
2003-11-30,2006-11-15,6.75,6102.852
2003-11-30,2007-10-15,10.0,2906.302
2003-11-30,2008-08-15,8.75,4494.005
2003-11-30,2009-09-15,7.5,5709.049
2003-11-30,2011-06-15,5.75,5796.687
2003-11-30,2013-05-15,6.5,4800.4
2003-11-30,2015-04-15,6.25,4097.0
2003-12-31,2004-02-15,5.25,66.57
2003-12-31,2004-02-15,5.25,-53.849
2003-12-31,2004-05-15,5.4,18.51
2003-12-31,2004-05-15,5.4,-33.131
2003-12-31,2004-09-15,9.0,4951.649
2003-12-31,2005-07-15,6.0,-97.062
2003-12-31,2005-07-15,7.0,-28.819
2003-12-31,2005-07-15,6.0,43.916
2003-12-31,2005-07-15,7.0,14.427
2003-12-31,2005-07-15,7.5,5502.387
2003-12-31,2006-02-15,10.0,1143.171
2003-12-31,2006-11-15,6.75,6102.852
2003-12-31,2007-10-15,10.0,2906.302
2003-12-31,2008-08-15,8.75,4494.005
2003-12-31,2009-09-15,7.5,5709.049
2003-12-31,2011-06-15,5.75,5796.687
2003-12-31,2013-05-15,6.5,4800.4
2003-12-31,2015-04-15,6.25,4097.0
2004-01-31,2004-02-15,5.25,66.57
2004-01-31,2004-02-15,5.25,-53.849
2004-01-31,2004-05-15,5.4,18.51
2004-01-31,2004-05-15,5.4,-33.131
2004-01-31,2004-09-15,9.0,4951.649
2004-01-31,2005-07-15,6.0,-97.062
2004-01-31,2005-07-15,7.0,-28.819
2004-01-31,2005-07-15,6.0,43.916
2004-01-31,2005-07-15,7.0,14.427
2004-01-31,2005-07-15,7.5,5502.387
2004-01-31,2006-02-15,10.0,1143.171
2004-01-31,2006-11-15,6.75,6102.852
2004-01-31,2007-10-15,10.0,2906.302
2004-01-31,2008-08-15,8.75,4494.005
2004-01-31,2009-09-15,7.5,5709.049
2004-01-31,2011-06-15,5.75,5796.687
2004-01-31,2013-05-15,6.5,4800.4
2004-01-31,2015-04-15,6.25,4397.0
2004-02-29,2004-05-15,5.4,18.51
2004-02-29,2004-05-15,5.4,-33.131
2004-02-29,2004-09-15,9.0,4951.649
2004-02-29,2005-07-15,6.0,-97.062
2004-02-29,2005-07-15,7.0,-28.819
2004-02-29,2005-07-15,6.0,43.916
2004-02-29,2005-07-15,7.0,14.427
2004-02-29,2005-07-15,7.5,5502.387
2004-02-29,2006-02-15,10.0,1143.171
2004-02-29,2006-11-15,6.75,6102.852
2004-02-29,2007-10-15,10.0,2906.302
2004-02-29,2008-08-15,8.75,4494.005
2004-02-29,2009-09-15,7.5,5709.049
2004-02-29,2011-06-15,5.75,5796.687
2004-02-29,2013-05-15,6.5,4800.4
2004-02-29,2015-04-15,6.25,4397.0
2004-03-31,2004-05-15,5.4,18.51
2004-03-31,2004-05-15,5.4,-33.131
2004-03-31,2004-09-15,9.0,4951.649
2004-03-31,2005-07-15,6.0,-97.062
2004-03-31,2005-07-15,7.0,-28.819
2004-03-31,2005-07-15,6.0,43.916
2004-03-31,2005-07-15,7.0,14.419
2004-03-31,2005-07-15,7.5,5502.387
2004-03-31,2006-02-15,10.0,1143.171
2004-03-31,2006-11-15,6.75,6102.852
2004-03-31,2007-10-15,10.0,2906.302
2004-03-31,2008-08-15,8.75,4494.005
2004-03-31,2009-09-15,7.5,5709.049
2004-03-31,2011-06-15,5.75,5796.687
2004-03-31,2013-05-15,6.5,4800.4
2004-03-31,2015-04-15,6.25,4696.0
2004-04-30,2004-05-15,5.4,18.51
2004-04-30,2004-05-15,5.4,-33.131
2004-04-30,2004-09-15,9.0,4951.649
2004-04-30,2005-07-15,6.0,-97.062
2004-04-30,2005-07-15,7.0,-28.819
2004-04-30,2005-07-15,6.0,43.916
2004-04-30,2005-07-15,7.0,14.419
2004-04-30,2005-07-15,7.5,5502.387
2004-04-30,2006-02-15,10.0,1143.171
2004-04-30,2006-11-15,6.75,6102.852
2004-04-30,2007-10-15,10.0,2906.302
2004-04-30,2008-08-15,8.75,4494.005
2004-04-30,2009-09-15,7.5,5709.049
2004-04-30,2011-06-15,5.75,5796.687
2004-04-30,2013-05-15,6.5,4800.4
2004-04-30,2015-04-15,6.25,4696.0
2004-05-31,2004-09-15,9.0,4951.649
2004-05-31,2005-07-15,6.0,-97.062
2004-05-31,2005-07-15,7.0,-28.819
2004-05-31,2005-07-15,6.0,43.916
2004-05-31,2005-07-15,7.0,14.419
2004-05-31,2005-07-15,7.5,5502.387
2004-05-31,2006-02-15,10.0,1143.171
2004-05-31,2006-11-15,6.75,6102.852
2004-05-31,2007-10-15,10.0,2906.302
2004-05-31,2008-08-15,8.75,4794.005
2004-05-31,2009-09-15,7.5,5709.049
2004-05-31,2011-06-15,5.75,5796.687
2004-05-31,2013-05-15,6.5,4800.4
2004-05-31,2015-04-15,6.25,4998.0
2004-06-30,2004-09-15,9.0,4951.649
2004-06-30,2005-07-15,6.0,-97.062
2004-06-30,2005-07-15,7.0,-28.819
2004-06-30,2005-07-15,6.0,43.916
2004-06-30,2005-07-15,7.0,14.394
2004-06-30,2005-07-15,7.5,5502.387
2004-06-30,2006-02-15,10.0,1143.171
2004-06-30,2006-11-15,6.75,6102.852
2004-06-30,2007-10-15,10.0,2906.302
2004-06-30,2008-08-15,8.75,5094.005
2004-06-30,2009-09-15,7.5,5709.049
2004-06-30,2011-06-15,5.75,5796.687
2004-06-30,2013-05-15,6.5,4800.4
2004-06-30,2015-04-15,6.25,4998.0
2004-06-30,2017-02-15,6.0,800.0
2004-07-31,2004-09-15,9.0,4951.649
2004-07-31,2005-07-15,6.0,-97.062
2004-07-31,2005-07-15,7.0,-28.819
2004-07-31,2005-07-15,6.0,43.916
2004-07-31,2005-07-15,7.0,14.394
2004-07-31,2005-07-15,7.5,5502.387
2004-07-31,2006-02-15,10.0,1143.171
2004-07-31,2006-11-15,6.75,6102.852
2004-07-31,2007-10-15,10.0,2906.302
2004-07-31,2008-08-15,8.75,5094.005
2004-07-31,2009-09-15,7.5,5709.049
2004-07-31,2011-06-15,5.75,5796.687
2004-07-31,2013-05-15,6.5,4800.4
2004-07-31,2015-04-15,6.25,4998.0
2004-07-31,2017-02-15,6.0,1800.0
2004-08-31,2004-09-15,9.0,4951.649
2004-08-31,2005-07-15,6.0,-97.062
2004-08-31,2005-07-15,7.0,-28.819
2004-08-31,2005-07-15,6.0,43.916
2004-08-31,2005-07-15,7.0,14.394
2004-08-31,2005-07-15,7.5,5502.387
2004-08-31,2006-02-15,10.0,1143.171
2004-08-31,2006-11-15,6.75,6102.852
2004-08-31,2007-10-15,10.0,2906.302
2004-08-31,2008-08-15,8.75,5094.005
2004-08-31,2009-09-15,7.5,5709.049
2004-08-31,2011-06-15,5.75,5796.687
2004-08-31,2013-05-15,6.5,4800.4
2004-08-31,2015-04-15,6.25,4998.0
2004-08-31,2017-02-15,6.0,2199.0
2004-09-30,2005-07-15,6.0,-97.062
2004-09-30,2005-07-15,7.0,-28.819
2004-09-30,2005-07-15,6.0,43.897
2004-09-30,2005-07-15,7.0,14.371
2004-09-30,2005-07-15,7.5,5502.387
2004-09-30,2006-02-15,10.0,1143.171
2004-09-30,2006-11-15,6.75,6102.852
2004-09-30,2007-10-15,10.0,2906.302
2004-09-30,2008-08-15,8.75,5094.005
2004-09-30,2009-09-15,7.5,5709.049
2004-09-30,2011-06-15,5.75,5796.687
2004-09-30,2013-05-15,6.5,4800.4
2004-09-30,2015-04-15,6.25,4998.0
2004-09-30,2017-02-15,6.0,2597.0
2004-10-31,2005-07-15,6.0,-97.062
2004-10-31,2005-07-15,7.0,-28.819
2004-10-31,2005-07-15,6.0,43.897
2004-10-31,2005-07-15,7.0,14.371
2004-10-31,2005-07-15,7.5,5502.387
2004-10-31,2006-02-15,10.0,1143.171
2004-10-31,2006-11-15,6.75,6102.852
2004-10-31,2007-10-15,10.0,2906.302
2004-10-31,2008-08-15,8.75,5094.005
2004-10-31,2009-09-15,7.5,5709.049
2004-10-31,2011-06-15,5.75,5796.687
2004-10-31,2013-05-15,6.5,4800.4
2004-10-31,2015-04-15,6.25,4998.0
2004-10-31,2017-02-15,6.0,2898.0
2004-11-30,2005-07-15,6.0,-97.062
2004-11-30,2005-07-15,7.0,-28.819
2004-11-30,2005-07-15,6.0,43.897
2004-11-30,2005-07-15,7.0,14.371
2004-11-30,2005-07-15,7.5,5502.387
2004-11-30,2006-02-15,10.0,1143.171
2004-11-30,2006-11-15,6.75,6102.852
2004-11-30,2007-10-15,10.0,2906.302
2004-11-30,2008-08-15,8.75,5094.005
2004-11-30,2009-09-15,7.5,5709.049
2004-11-30,2011-06-15,5.75,5796.687
2004-11-30,2013-05-15,6.5,4800.4
2004-11-30,2015-04-15,6.25,4998.0
2004-11-30,2017-02-15,6.0,3197.0
2004-12-31,2005-07-15,6.0,-97.062
2004-12-31,2005-07-15,7.0,-28.819
2004-12-31,2005-07-15,6.0,43.896
2004-12-31,2005-07-15,7.0,14.35
2004-12-31,2005-07-15,7.5,5502.387
2004-12-31,2006-02-15,10.0,1143.171
2004-12-31,2006-11-15,6.75,6102.852
2004-12-31,2007-10-15,10.0,2906.302
2004-12-31,2008-08-15,8.75,5094.005
2004-12-31,2009-09-15,7.5,5709.049
2004-12-31,2011-06-15,5.75,5796.687
2004-12-31,2013-05-15,6.5,4800.4
2004-12-31,2015-04-15,6.25,4998.0
2004-12-31,2017-02-15,6.0,3197.0
2005-01-31,2005-07-15,6.0,-97.062
2005-01-31,2005-07-15,7.0,-28.819
2005-01-31,2005-07-15,6.0,43.896
2005-01-31,2005-07-15,7.0,14.35
2005-01-31,2005-07-15,7.5,5502.387
2005-01-31,2006-02-15,10.0,1143.171
2005-01-31,2006-11-15,6.75,6102.852
2005-01-31,2007-10-15,10.0,2906.302
2005-01-31,2008-08-15,8.75,5094.005
2005-01-31,2009-09-15,7.5,5709.049
2005-01-31,2010-08-15,5.25,799.0
2005-01-31,2011-06-15,5.75,5796.687
2005-01-31,2013-05-15,6.5,4800.4
2005-01-31,2015-04-15,6.25,4998.0
2005-01-31,2017-02-15,6.0,3197.0
2005-02-28,2005-07-15,6.0,-97.062
2005-02-28,2005-07-15,7.0,-28.819
2005-02-28,2005-07-15,6.0,43.896
2005-02-28,2005-07-15,7.0,14.35
2005-02-28,2005-07-15,7.5,5502.387
2005-02-28,2006-02-15,10.0,1143.171
2005-02-28,2006-11-15,6.75,6102.852
2005-02-28,2007-10-15,10.0,2906.302
2005-02-28,2008-08-15,8.75,5094.005
2005-02-28,2009-09-15,7.5,5709.049
2005-02-28,2010-08-15,5.25,1801.0
2005-02-28,2011-06-15,5.75,5796.687
2005-02-28,2013-05-15,6.5,4800.4
2005-02-28,2015-04-15,6.25,4998.0
2005-02-28,2017-02-15,6.0,3197.0
2005-03-31,2005-07-15,6.0,-97.062
2005-03-31,2005-07-15,7.0,-28.819
2005-03-31,2005-07-15,6.0,43.894
2005-03-31,2005-07-15,7.0,14.323
2005-03-31,2005-07-15,7.5,5502.387
2005-03-31,2006-02-15,10.0,1143.171
2005-03-31,2006-11-15,6.75,6102.852
2005-03-31,2007-10-15,10.0,2906.302
2005-03-31,2008-08-15,8.75,5094.005
2005-03-31,2009-09-15,7.5,5709.049
2005-03-31,2010-08-15,5.25,2201.0
2005-03-31,2011-06-15,5.75,5796.687
2005-03-31,2013-05-15,6.5,4800.4
2005-03-31,2015-04-15,6.25,4998.0
2005-03-31,2017-02-15,6.0,3197.0
2005-04-30,2005-07-15,6.0,-97.062
2005-04-30,2005-07-15,7.0,-28.819
2005-04-30,2005-07-15,6.0,43.894
2005-04-30,2005-07-15,7.0,14.323
2005-04-30,2005-07-15,7.5,5502.387
2005-04-30,2006-02-15,10.0,1143.171
2005-04-30,2006-11-15,6.75,6102.852
2005-04-30,2007-10-15,10.0,2906.302
2005-04-30,2008-08-15,8.75,5094.005
2005-04-30,2009-09-15,7.5,5709.049
2005-04-30,2010-08-15,5.25,2600.0
2005-04-30,2011-06-15,5.75,5796.687
2005-04-30,2013-05-15,6.5,4800.4
2005-04-30,2015-04-15,6.25,4998.0
2005-04-30,2017-02-15,6.0,3197.0
2005-05-31,2005-07-15,6.0,-97.062
2005-05-31,2005-07-15,7.0,-28.819
2005-05-31,2005-07-15,6.0,43.894
2005-05-31,2005-07-15,7.0,14.323
2005-05-31,2005-07-15,7.5,5502.387
2005-05-31,2006-02-15,10.0,1143.171
2005-05-31,2006-11-15,6.75,6102.852
2005-05-31,2007-10-15,10.0,2906.302
2005-05-31,2008-08-15,8.75,5094.005
2005-05-31,2009-09-15,7.5,5709.049
2005-05-31,2010-08-15,5.25,2899.0
2005-05-31,2011-06-15,5.75,5796.687
2005-05-31,2013-05-15,6.5,4800.4
2005-05-31,2015-04-15,6.25,4998.0
2005-05-31,2017-02-15,6.0,3197.0
2005-06-30,2005-07-15,6.0,-97.062
2005-06-30,2005-07-15,7.0,-28.819
2005-06-30,2005-07-15,6.0,43.884
2005-06-30,2005-07-15,7.0,14.321
2005-06-30,2005-07-15,7.5,5502.387
2005-06-30,2006-02-15,10.0,1143.171
2005-06-30,2006-11-15,6.75,6102.852
2005-06-30,2007-10-15,10.0,2906.302
2005-06-30,2008-08-15,8.75,5094.005
2005-06-30,2009-09-15,7.5,5709.049
2005-06-30,2010-08-15,5.25,3200.5
2005-06-30,2011-06-15,5.75,5796.687
2005-06-30,2013-05-15,6.5,4800.4
2005-06-30,2015-04-15,6.25,4998.0
2005-06-30,2017-02-15,6.0,3197.0
2005-07-31,2006-02-15,10.0,1143.171
2005-07-31,2006-11-15,6.75,6102.852
2005-07-31,2007-10-15,10.0,2906.302
2005-07-31,2008-08-15,8.75,5094.005
2005-07-31,2009-09-15,7.5,5709.049
2005-07-31,2010-08-15,5.25,4000.5
2005-07-31,2011-06-15,5.75,5796.687
2005-07-31,2013-05-15,6.5,4800.4
2005-07-31,2015-04-15,6.25,4998.0
2005-07-31,2017-02-15,6.0,3597.0
2005-08-31,2006-02-15,10.0,1143.171
2005-08-31,2006-11-15,6.75,6102.852
2005-08-31,2007-10-15,10.0,2906.302
2005-08-31,2008-08-15,8.75,5094.005
2005-08-31,2009-09-15,7.5,5709.049
2005-08-31,2010-08-15,5.25,4400.5
2005-08-31,2011-06-15,5.75,5796.687
2005-08-31,2013-05-15,6.5,4800.4
2005-08-31,2015-04-15,6.25,4998.0
2005-08-31,2017-02-15,6.0,3996.0
2005-09-30,2006-02-15,10.0,1143.171
2005-09-30,2006-11-15,6.75,6102.852
2005-09-30,2007-10-15,10.0,2906.302
2005-09-30,2008-08-15,8.75,5094.005
2005-09-30,2009-09-15,7.5,5709.049
2005-09-30,2010-08-15,5.25,4701.5
2005-09-30,2011-06-15,5.75,5796.687
2005-09-30,2013-05-15,6.5,4800.4
2005-09-30,2015-04-15,6.25,4998.0
2005-09-30,2017-02-15,6.0,3996.0
2005-10-31,2006-02-15,10.0,1143.171
2005-10-31,2006-11-15,6.75,6102.852
2005-10-31,2007-10-15,10.0,2906.302
2005-10-31,2008-08-15,8.75,5094.005
2005-10-31,2009-09-15,7.5,5709.049
2005-10-31,2010-08-15,5.25,4701.5
2005-10-31,2011-06-15,5.75,5796.687
2005-10-31,2013-05-15,6.5,4800.4
2005-10-31,2015-04-15,6.25,4998.0
2005-10-31,2017-02-15,6.0,4396.0
2005-11-30,2006-02-15,10.0,1143.171
2005-11-30,2006-11-15,6.75,6102.852
2005-11-30,2007-10-15,10.0,2906.302
2005-11-30,2008-08-15,8.75,5094.005
2005-11-30,2009-09-15,7.5,5709.049
2005-11-30,2010-08-15,5.25,5001.5
2005-11-30,2011-06-15,5.75,5796.687
2005-11-30,2013-05-15,6.5,4800.4
2005-11-30,2015-04-15,6.25,4998.0
2005-11-30,2017-02-15,6.0,4396.0
2005-12-31,2006-02-15,10.0,1143.171
2005-12-31,2006-11-15,6.75,6102.852
2005-12-31,2007-10-15,10.0,2906.302
2005-12-31,2008-08-15,8.75,5094.005
2005-12-31,2009-09-15,7.5,5709.049
2005-12-31,2010-08-15,5.25,5001.5
2005-12-31,2011-06-15,5.75,5796.687
2005-12-31,2013-05-15,6.5,4800.4
2005-12-31,2015-04-15,6.25,4998.0
2005-12-31,2017-02-15,6.0,4995.0
2006-01-31,2006-02-15,10.0,1143.171
2006-01-31,2006-11-15,6.75,6102.852
2006-01-31,2007-10-15,10.0,2906.302
2006-01-31,2008-08-15,8.75,5094.005
2006-01-31,2009-09-15,7.5,5709.049
2006-01-31,2010-08-15,5.25,5001.5
2006-01-31,2011-06-15,5.75,5796.687
2006-01-31,2013-05-15,6.5,4800.4
2006-01-31,2015-04-15,6.25,4998.0
2006-01-31,2017-02-15,6.0,4995.0
2006-01-31,2019-03-15,5.25,799.5
2006-02-28,2006-11-15,6.75,6102.852
2006-02-28,2007-10-15,10.0,2906.302
2006-02-28,2008-08-15,8.75,5094.005
2006-02-28,2009-09-15,7.5,5709.049
2006-02-28,2010-08-15,5.25,5001.5
2006-02-28,2011-06-15,5.75,5796.687
2006-02-28,2013-05-15,6.5,4800.4
2006-02-28,2015-04-15,6.25,4998.0
2006-02-28,2017-02-15,6.0,4995.0
2006-02-28,2019-03-15,5.25,1397.5
2006-03-31,2006-11-15,6.75,6102.852
2006-03-31,2007-10-15,10.0,2906.302
2006-03-31,2008-08-15,8.75,5094.005
2006-03-31,2009-09-15,7.5,5709.049
2006-03-31,2010-08-15,5.25,5001.5
2006-03-31,2011-06-15,5.75,5796.687
2006-03-31,2013-05-15,6.5,4800.4
2006-03-31,2015-04-15,6.25,4998.0
2006-03-31,2017-02-15,6.0,4995.0
2006-03-31,2019-03-15,5.25,1798.5
2006-04-30,2006-11-15,6.75,6102.852
2006-04-30,2007-10-15,10.0,2906.302
2006-04-30,2008-08-15,8.75,5094.005
2006-04-30,2009-09-15,7.5,5709.049
2006-04-30,2010-08-15,5.25,5001.5
2006-04-30,2011-06-15,5.75,5796.687
2006-04-30,2013-05-15,6.5,4800.4
2006-04-30,2015-04-15,6.25,4998.0
2006-04-30,2017-02-15,6.0,4995.0
2006-04-30,2019-03-15,5.25,2198.5
2006-05-31,2006-11-15,6.75,6102.852
2006-05-31,2007-10-15,10.0,2906.302
2006-05-31,2008-08-15,8.75,5094.005
2006-05-31,2009-09-15,7.5,5709.049
2006-05-31,2010-08-15,5.25,5001.5
2006-05-31,2011-06-15,5.75,5796.687
2006-05-31,2013-05-15,6.5,4800.4
2006-05-31,2015-04-15,6.25,4998.0
2006-05-31,2017-02-15,6.0,4995.0
2006-05-31,2019-03-15,5.25,2599.5
2006-06-30,2006-11-15,6.75,6102.852
2006-06-30,2007-10-15,10.0,2906.302
2006-06-30,2008-08-15,8.75,5094.005
2006-06-30,2009-09-15,7.5,5709.049
2006-06-30,2010-08-15,5.25,5001.5
2006-06-30,2011-06-15,5.75,5796.687
2006-06-30,2013-05-15,6.5,4800.4
2006-06-30,2015-04-15,6.25,4998.0
2006-06-30,2017-02-15,6.0,4995.0
2006-06-30,2019-03-15,5.25,2599.5
2006-07-31,2006-11-15,6.75,6102.852
2006-07-31,2007-10-15,10.0,2906.302
2006-07-31,2008-08-15,8.75,5094.005
2006-07-31,2009-09-15,7.5,5709.049
2006-07-31,2010-08-15,5.25,5001.5
2006-07-31,2011-06-15,5.75,5796.687
2006-07-31,2013-05-15,6.5,4800.4
2006-07-31,2015-04-15,6.25,4998.0
2006-07-31,2017-02-15,6.0,4995.0
2006-07-31,2019-03-15,5.25,2999.5
2006-08-31,2006-11-15,6.75,6102.852
2006-08-31,2007-10-15,10.0,2906.302
2006-08-31,2008-08-15,8.75,5094.005
2006-08-31,2009-09-15,7.5,5709.049
2006-08-31,2010-08-15,5.25,5001.5
2006-08-31,2011-06-15,5.75,5796.687
2006-08-31,2013-05-15,6.5,4800.4
2006-08-31,2015-04-15,6.25,4998.0
2006-08-31,2017-02-15,6.0,4995.0
2006-08-31,2019-03-15,5.25,3399.5
2006-09-30,2006-11-15,6.75,6102.852
2006-09-30,2007-10-15,10.0,2906.302
2006-09-30,2008-08-15,8.75,5094.005
2006-09-30,2009-09-15,7.5,5709.049
2006-09-30,2010-08-15,5.25,5001.5
2006-09-30,2011-06-15,5.75,5796.687
2006-09-30,2013-05-15,6.5,4800.4
2006-09-30,2015-04-15,6.25,4998.0
2006-09-30,2017-02-15,6.0,4995.0
2006-09-30,2019-03-15,5.25,3798.5
2006-10-31,2006-11-15,6.75,6102.852
2006-10-31,2007-10-15,10.0,2906.302
2006-10-31,2008-08-15,8.75,5094.005
2006-10-31,2009-09-15,7.5,5709.049
2006-10-31,2010-08-15,5.25,5001.5
2006-10-31,2011-06-15,5.75,5796.687
2006-10-31,2013-05-15,6.5,4800.4
2006-10-31,2015-04-15,6.25,4998.0
2006-10-31,2017-02-15,6.0,4995.0
2006-10-31,2019-03-15,5.25,4598.5
2006-11-30,2007-10-15,10.0,2906.302
2006-11-30,2008-08-15,8.75,5094.005
2006-11-30,2009-09-15,7.5,5709.049
2006-11-30,2010-08-15,5.25,5001.5
2006-11-30,2011-06-15,5.75,5796.687
2006-11-30,2013-05-15,6.5,4800.4
2006-11-30,2015-04-15,6.25,4998.0
2006-11-30,2017-02-15,6.0,4995.0
2006-11-30,2019-03-15,5.25,4996.5
2006-12-31,2007-10-15,10.0,2906.302
2006-12-31,2008-08-15,8.75,5094.005
2006-12-31,2009-09-15,7.5,5709.049
2006-12-31,2010-08-15,5.25,5001.5
2006-12-31,2011-06-15,5.75,5796.687
2006-12-31,2012-04-15,5.75,800.0
2006-12-31,2013-05-15,6.5,4800.4
2006-12-31,2015-04-15,6.25,4998.0
2006-12-31,2017-02-15,6.0,4995.0
2006-12-31,2019-03-15,5.25,4996.5
2007-01-31,2007-10-15,10.0,2906.302
2007-01-31,2008-08-15,8.75,5094.005
2007-01-31,2009-09-15,7.5,5709.049
2007-01-31,2010-08-15,5.25,5001.5
2007-01-31,2011-06-15,5.75,5796.687
2007-01-31,2012-04-15,5.75,1400.0
2007-01-31,2013-05-15,6.5,4800.4
2007-01-31,2015-04-15,6.25,4998.0
2007-01-31,2017-02-15,6.0,4995.0
2007-01-31,2019-03-15,5.25,4996.5
2007-02-28,2007-10-15,10.0,2906.302
2007-02-28,2008-08-15,8.75,5094.005
2007-02-28,2009-09-15,7.5,5709.049
2007-02-28,2010-08-15,5.25,5001.5
2007-02-28,2011-06-15,5.75,5796.687
2007-02-28,2012-04-15,5.75,1801.0
2007-02-28,2013-05-15,6.5,4800.4
2007-02-28,2015-04-15,6.25,4998.0
2007-02-28,2017-02-15,6.0,4995.0
2007-02-28,2019-03-15,5.25,4996.5
2007-03-31,2007-10-15,10.0,2906.302
2007-03-31,2008-08-15,8.75,5094.005
2007-03-31,2009-09-15,7.5,5709.049
2007-03-31,2010-08-15,5.25,5001.5
2007-03-31,2011-06-15,5.75,5796.687
2007-03-31,2012-04-15,5.75,2201.0
2007-03-31,2013-05-15,6.5,4800.4
2007-03-31,2015-04-15,6.25,4998.0
2007-03-31,2017-02-15,6.0,4995.0
2007-03-31,2019-03-15,5.25,4996.5
2007-04-30,2007-10-15,10.0,2906.302
2007-04-30,2008-08-15,8.75,5094.005
2007-04-30,2009-09-15,7.5,5709.049
2007-04-30,2010-08-15,5.25,5001.5
2007-04-30,2011-06-15,5.75,5796.687
2007-04-30,2012-04-15,5.75,2602.0
2007-04-30,2013-05-15,6.5,4800.4
2007-04-30,2015-04-15,6.25,4998.0
2007-04-30,2017-02-15,6.0,4995.0
2007-04-30,2019-03-15,5.25,4996.5
2007-05-31,2007-10-15,10.0,2906.302
2007-05-31,2008-08-15,8.75,5094.005
2007-05-31,2009-09-15,7.5,5709.049
2007-05-31,2010-08-15,5.25,5001.5
2007-05-31,2011-06-15,5.75,5796.687
2007-05-31,2012-04-15,5.75,2902.0
2007-05-31,2013-05-15,6.5,4800.4
2007-05-31,2015-04-15,6.25,4998.0
2007-05-31,2017-02-15,6.0,4995.0
2007-05-31,2019-03-15,5.25,4996.5
2007-06-30,2007-10-15,10.0,2906.302
2007-06-30,2008-08-15,8.75,5094.005
2007-06-30,2009-09-15,7.5,5709.049
2007-06-30,2010-08-15,5.25,5001.5
2007-06-30,2011-06-15,5.75,5796.687
2007-06-30,2012-04-15,5.75,2902.0
2007-06-30,2013-05-15,6.5,4800.4
2007-06-30,2015-04-15,6.25,4998.0
2007-06-30,2017-02-15,6.0,4995.0
2007-06-30,2019-03-15,5.25,4996.5
2007-07-31,2007-10-15,10.0,2906.302
2007-07-31,2008-08-15,8.75,5094.005
2007-07-31,2009-09-15,7.5,5709.049
2007-07-31,2010-08-15,5.25,5001.5
2007-07-31,2011-06-15,5.75,5796.687
2007-07-31,2012-04-15,5.75,2902.0
2007-07-31,2013-05-15,6.5,4800.4
2007-07-31,2015-04-15,6.25,4998.0
2007-07-31,2017-02-15,6.0,4995.0
2007-07-31,2019-03-15,5.25,4996.5
2007-08-31,2007-10-15,10.0,2906.302
2007-08-31,2008-08-15,8.75,5094.005
2007-08-31,2009-09-15,7.5,5709.049
2007-08-31,2010-08-15,5.25,5001.5
2007-08-31,2011-06-15,5.75,5796.687
2007-08-31,2012-04-15,5.75,3703.0
2007-08-31,2013-05-15,6.5,4800.4
2007-08-31,2015-04-15,6.25,4998.0
2007-08-31,2017-02-15,6.0,4995.0
2007-08-31,2019-03-15,5.25,4996.5
2007-09-30,2007-10-15,10.0,2906.302
2007-09-30,2008-08-15,8.75,5094.005
2007-09-30,2009-09-15,7.5,5709.049
2007-09-30,2010-08-15,5.25,5001.5
2007-09-30,2011-06-15,5.75,5796.687
2007-09-30,2012-04-15,5.75,3703.0
2007-09-30,2013-05-15,6.5,4800.4
2007-09-30,2015-04-15,6.25,4998.0
2007-09-30,2017-02-15,6.0,4995.0
2007-09-30,2019-03-15,5.25,4996.5
2007-09-30,2021-05-15,5.75,1400.0
2007-10-31,2008-08-15,8.75,5094.005
2007-10-31,2009-09-15,7.5,5709.049
2007-10-31,2010-08-15,5.25,5001.5
2007-10-31,2011-06-15,5.75,5796.687
2007-10-31,2012-04-15,5.75,3703.0
2007-10-31,2013-05-15,6.5,4800.4
2007-10-31,2015-04-15,6.25,4998.0
2007-10-31,2017-02-15,6.0,4995.0
2007-10-31,2019-03-15,5.25,4996.5
2007-10-31,2021-05-15,5.75,1801.0
2007-11-30,2008-08-15,8.75,5094.005
2007-11-30,2009-09-15,7.5,5709.049
2007-11-30,2010-08-15,5.25,5001.5
2007-11-30,2011-06-15,5.75,5796.687
2007-11-30,2012-04-15,5.75,4403.0
2007-11-30,2013-05-15,6.5,4800.4
2007-11-30,2015-04-15,6.25,4998.0
2007-11-30,2017-02-15,6.0,4995.0
2007-11-30,2019-03-15,5.25,4996.5
2007-11-30,2021-05-15,5.75,1801.0
2007-12-31,2008-08-15,8.75,5094.005
2007-12-31,2009-09-15,7.5,5709.049
2007-12-31,2010-08-15,5.25,5001.5
2007-12-31,2011-06-15,5.75,5796.687
2007-12-31,2012-04-15,5.75,4403.0
2007-12-31,2013-05-15,6.5,4800.4
2007-12-31,2015-04-15,6.25,4998.0
2007-12-31,2017-02-15,6.0,4995.0
2007-12-31,2019-03-15,5.25,4996.5
2007-12-31,2021-05-15,5.75,2201.0
2008-01-31,2008-08-15,8.75,5094.005
2008-01-31,2009-09-15,7.5,5709.049
2008-01-31,2010-08-15,5.25,5001.5
2008-01-31,2011-06-15,5.75,5796.687
2008-01-31,2012-04-15,5.75,4703.0
2008-01-31,2013-05-15,6.5,4800.4
2008-01-31,2015-04-15,6.25,4998.0
2008-01-31,2017-02-15,6.0,4995.0
2008-01-31,2019-03-15,5.25,4996.5
2008-01-31,2021-05-15,5.75,2201.0
2008-02-29,2008-08-15,8.75,5094.005
2008-02-29,2009-09-15,7.5,5709.049
2008-02-29,2010-08-15,5.25,5001.5
2008-02-29,2011-06-15,5.75,5796.687
2008-02-29,2012-04-15,5.75,4703.0
2008-02-29,2013-05-15,6.5,4800.4
2008-02-29,2015-04-15,6.25,4998.0
2008-02-29,2017-02-15,6.0,4995.0
2008-02-29,2019-03-15,5.25,4996.5
2008-02-29,2021-05-15,5.75,2600.0
2008-03-31,2008-08-15,8.75,5094.005
2008-03-31,2009-09-15,7.5,5709.049
2008-03-31,2010-08-15,5.25,5001.5
2008-03-31,2011-06-15,5.75,5796.687
2008-03-31,2012-04-15,5.75,4703.0
2008-03-31,2013-05-15,6.5,4800.4
2008-03-31,2015-04-15,6.25,4998.0
2008-03-31,2017-02-15,6.0,4995.0
2008-03-31,2019-03-15,5.25,4996.5
2008-03-31,2021-05-15,5.75,2600.0
2008-04-30,2008-08-15,8.75,5094.005
2008-04-30,2009-09-15,7.5,5709.049
2008-04-30,2010-08-15,5.25,5001.5
2008-04-30,2011-06-15,5.75,5796.687
2008-04-30,2012-04-15,5.75,5003.0
2008-04-30,2013-05-15,6.5,4800.4
2008-04-30,2015-04-15,6.25,4998.0
2008-04-30,2017-02-15,6.0,4995.0
2008-04-30,2019-03-15,5.25,4996.5
2008-04-30,2021-05-15,5.75,2600.0
2008-05-31,2008-08-15,8.75,5094.005
2008-05-31,2009-09-15,7.5,5709.049
2008-05-31,2010-08-15,5.25,5001.5
2008-05-31,2011-06-15,5.75,5796.687
2008-05-31,2012-04-15,5.75,5003.0
2008-05-31,2013-05-15,6.5,4800.4
2008-05-31,2015-04-15,6.25,4998.0
2008-05-31,2017-02-15,6.0,4995.0
2008-05-31,2019-03-15,5.25,4996.5
2008-05-31,2021-05-15,5.75,2600.0
2008-06-30,2008-08-15,8.75,5094.005
2008-06-30,2009-09-15,7.5,5709.049
2008-06-30,2010-08-15,5.25,5001.5
2008-06-30,2011-06-15,5.75,5796.687
2008-06-30,2012-04-15,5.75,5003.0
2008-06-30,2013-05-15,6.5,4800.4
2008-06-30,2015-04-15,6.25,4998.0
2008-06-30,2017-02-15,6.0,4995.0
2008-06-30,2019-03-15,5.25,4996.5
2008-06-30,2021-05-15,5.75,3001.0
2008-07-31,2008-08-15,8.75,5094.005
2008-07-31,2009-09-15,7.5,5709.049
2008-07-31,2010-08-15,5.25,5001.5
2008-07-31,2011-06-15,5.75,5796.687
2008-07-31,2012-04-15,5.75,5003.0
2008-07-31,2013-05-15,6.5,4800.4
2008-07-31,2014-06-15,6.25,750.0
2008-07-31,2015-04-15,6.25,4998.0
2008-07-31,2017-02-15,6.0,4995.0
2008-07-31,2019-03-15,5.25,4996.5
2008-07-31,2021-05-15,5.75,3001.0
2008-08-31,2009-09-15,7.5,5709.049
2008-08-31,2010-08-15,5.25,5001.5
2008-08-31,2011-06-15,5.75,6098.687
2008-08-31,2012-04-15,5.75,5152.0
2008-08-31,2013-05-15,6.5,5099.4
2008-08-31,2014-06-15,6.25,1350.0
2008-08-31,2015-04-15,6.25,4998.0
2008-08-31,2017-02-15,6.0,4995.0
2008-08-31,2019-03-15,5.25,4996.5
2008-08-31,2021-05-15,5.75,3001.0
2008-09-30,2009-09-15,7.5,5709.049
2008-09-30,2010-08-15,5.25,5001.5
2008-09-30,2011-06-15,5.75,6098.687
2008-09-30,2012-04-15,5.75,5152.0
2008-09-30,2013-05-15,6.5,5399.4
2008-09-30,2014-06-15,6.25,1350.0
2008-09-30,2015-04-15,6.25,5298.0
2008-09-30,2017-02-15,6.0,5147.0
2008-09-30,2019-03-15,5.25,4996.5
2008-09-30,2021-05-15,5.75,3802.0
2008-10-31,2009-09-15,7.5,6009.049
2008-10-31,2010-08-15,5.25,5602.5
2008-10-31,2011-06-15,5.75,6098.687
2008-10-31,2012-04-15,5.75,5152.0
2008-10-31,2013-05-15,6.5,5399.4
2008-10-31,2014-06-15,6.25,1800.0
2008-10-31,2015-04-15,6.25,5298.0
2008-10-31,2017-02-15,6.0,5448.0
2008-10-31,2019-03-15,5.25,4996.5
2008-10-31,2021-05-15,5.75,4201.0
2008-11-30,2009-09-15,7.5,6009.049
2008-11-30,2010-08-15,5.25,5602.5
2008-11-30,2011-06-15,5.75,6098.687
2008-11-30,2012-04-15,5.75,5152.0
2008-11-30,2013-05-15,6.5,5599.4
2008-11-30,2014-06-15,6.25,1800.0
2008-11-30,2015-04-15,6.25,5597.0
2008-11-30,2017-02-15,6.0,5747.0
2008-11-30,2019-03-15,5.25,4996.5
2008-11-30,2021-05-15,5.75,4201.0
2008-12-31,2009-09-15,7.5,6009.049
2008-12-31,2010-08-15,5.25,5602.5
2008-12-31,2011-06-15,5.75,6098.687
2008-12-31,2012-04-15,5.75,5152.0
2008-12-31,2013-05-15,6.5,5898.4
2008-12-31,2014-06-15,6.25,2200.0
2008-12-31,2015-04-15,6.25,5897.0
2008-12-31,2017-02-15,6.0,5747.0
2008-12-31,2019-03-15,5.25,4996.5
2008-12-31,2021-05-15,5.75,4201.0
2009-01-31,2009-09-15,7.5,6009.049
2009-01-31,2010-08-15,5.25,5602.5
2009-01-31,2011-06-15,5.75,6398.687
2009-01-31,2012-04-15,5.75,5152.0
2009-01-31,2013-05-15,6.5,5898.4
2009-01-31,2014-06-15,6.25,2601.0
2009-01-31,2015-04-15,6.25,6047.0
2009-01-31,2017-02-15,6.0,5747.0
2009-01-31,2019-03-15,5.25,4996.5
2009-01-31,2021-05-15,5.75,4600.0
2009-02-28,2009-09-15,7.5,6009.049
2009-02-28,2010-08-15,5.25,5602.5
2009-02-28,2011-06-15,5.75,6997.687
2009-02-28,2012-04-15,5.75,5752.0
2009-02-28,2013-05-15,6.5,6499.4
2009-02-28,2014-06-15,6.25,3202.0
2009-02-28,2015-04-15,6.25,6648.0
2009-02-28,2017-02-15,6.0,5747.0
2009-02-28,2019-03-15,5.25,4996.5
2009-02-28,2021-05-15,5.75,4600.0
2009-03-31,2009-09-15,7.5,6009.049
2009-03-31,2010-08-15,5.25,6202.5
2009-03-31,2011-06-15,5.75,7698.687
2009-03-31,2012-04-15,5.75,6352.0
2009-03-31,2013-05-15,6.5,7099.4
2009-03-31,2014-06-15,6.25,4401.0
2009-03-31,2015-04-15,6.25,6648.0
2009-03-31,2017-02-15,6.0,6348.0
2009-03-31,2019-03-15,5.25,4996.5
2009-03-31,2021-05-15,5.75,5601.0
2009-04-30,2009-09-15,7.5,6009.049
2009-04-30,2010-08-15,5.25,6202.5
2009-04-30,2011-06-15,5.75,8399.687
2009-04-30,2012-04-15,5.75,7052.0
2009-04-30,2013-05-15,6.5,7698.4
2009-04-30,2014-06-15,6.25,4401.0
2009-04-30,2015-04-15,6.25,6648.0
2009-04-30,2017-02-15,6.0,7648.0
2009-04-30,2019-03-15,5.25,6296.5
2009-04-30,2021-05-15,5.75,6301.0
2009-05-31,2009-09-15,7.5,6009.049
2009-05-31,2010-08-15,5.25,6902.5
2009-05-31,2011-06-15,5.75,9099.687
2009-05-31,2012-04-15,5.75,7753.0
2009-05-31,2013-05-15,6.5,7698.4
2009-05-31,2014-06-15,6.25,4401.0
2009-05-31,2015-04-15,6.25,6648.0
2009-05-31,2017-02-15,6.0,8348.0
2009-05-31,2019-03-15,5.25,6998.5
2009-05-31,2020-04-15,4.5,2148.0
2009-05-31,2021-05-15,5.75,6301.0
2009-06-30,2009-09-15,7.5,6009.049
2009-06-30,2010-08-15,5.25,7603.5
2009-06-30,2011-06-15,5.75,9798.687
2009-06-30,2012-04-15,5.75,9151.0
2009-06-30,2013-05-15,6.5,8398.4
2009-06-30,2014-06-15,6.25,4401.0
2009-06-30,2015-04-15,6.25,7147.0
2009-06-30,2017-02-15,6.0,9048.0
2009-06-30,2019-03-15,5.25,8397.5
2009-06-30,2020-04-15,4.5,2148.0
2009-06-30,2021-05-15,5.75,6301.0
2009-07-31,2009-09-15,7.5,6009.049
2009-07-31,2010-08-15,5.25,7603.5
2009-07-31,2011-06-15,5.75,10498.687
2009-07-31,2012-04-15,5.75,9851.0
2009-07-31,2013-05-15,6.5,9897.4
2009-07-31,2014-06-15,6.25,5101.0
2009-07-31,2015-04-15,6.25,7147.0
2009-07-31,2017-02-15,6.0,9048.0
2009-07-31,2019-03-15,5.25,8397.5
2009-07-31,2020-04-15,4.5,2148.0
2009-07-31,2021-05-15,5.75,6800.0
2009-08-31,2009-09-15,7.5,6009.049
2009-08-31,2010-08-15,5.25,7603.5
2009-08-31,2011-06-15,5.75,10498.687
2009-08-31,2012-04-15,5.75,10551.0
2009-08-31,2013-05-15,6.5,10699.4
2009-08-31,2014-06-15,6.25,6600.0
2009-08-31,2015-04-15,6.25,8148.0
2009-08-31,2017-02-15,6.0,9547.0
2009-08-31,2019-03-15,5.25,8397.5
2009-08-31,2020-04-15,4.5,2647.0
2009-08-31,2021-05-15,5.75,7300.0
2009-09-30,2010-08-15,5.25,7603.5
2009-09-30,2011-06-15,5.75,10498.687
2009-09-30,2012-04-15,5.75,11252.0
2009-09-30,2013-05-15,6.5,12097.4
2009-09-30,2014-06-15,6.25,7300.0
2009-09-30,2015-04-15,6.25,8648.0
2009-09-30,2017-02-15,6.0,10047.0
2009-09-30,2019-03-15,5.25,8397.5
2009-09-30,2020-04-15,4.5,3149.0
2009-09-30,2021-05-15,5.75,7300.0
2009-10-31,2010-08-15,5.25,7603.5
2009-10-31,2011-06-15,5.75,10498.687
2009-10-31,2012-04-15,5.75,11954.0
2009-10-31,2013-05-15,6.5,12097.4
2009-10-31,2014-06-15,6.25,7998.0
2009-10-31,2015-04-15,6.25,8648.0
2009-10-31,2017-02-15,6.0,10747.0
2009-10-31,2019-03-15,5.25,8397.5
2009-10-31,2020-04-15,4.5,3649.0
2009-10-31,2021-05-15,5.75,7300.0
2009-11-30,2010-08-15,5.25,7603.5
2009-11-30,2011-06-15,5.75,10498.687
2009-11-30,2012-04-15,5.75,12654.0
2009-11-30,2013-05-15,6.5,12698.4
2009-11-30,2014-06-15,6.25,9199.0
2009-11-30,2015-04-15,6.25,9348.0
2009-11-30,2017-02-15,6.0,10747.0
2009-11-30,2019-03-15,5.25,8397.5
2009-11-30,2020-04-15,4.5,4747.0
2009-11-30,2021-05-15,5.75,8300.0
2009-12-31,2010-08-15,5.25,7603.5
2009-12-31,2011-06-15,5.75,10498.687
2009-12-31,2012-04-15,5.75,13355.0
2009-12-31,2013-05-15,6.5,13398.4
2009-12-31,2014-06-15,6.25,9899.0
2009-12-31,2015-04-15,6.25,9348.0
2009-12-31,2017-02-15,6.0,11248.0
2009-12-31,2019-03-15,5.25,8397.5
2009-12-31,2020-04-15,4.5,4747.0
2009-12-31,2021-05-15,5.75,8300.0
2010-01-31,2010-08-15,5.25,7603.5
2010-01-31,2011-06-15,5.75,10498.687
2010-01-31,2012-04-15,5.75,14055.0
2010-01-31,2013-05-15,6.5,13398.4
2010-01-31,2014-06-15,6.25,9899.0
2010-01-31,2015-04-15,6.25,10048.0
2010-01-31,2017-02-15,6.0,11248.0
2010-01-31,2019-03-15,5.25,8897.5
2010-01-31,2020-04-15,4.5,5247.0
2010-01-31,2021-05-15,5.75,8300.0
2010-02-28,2010-08-15,5.25,7603.5
2010-02-28,2011-06-15,5.75,10498.687
2010-02-28,2012-04-15,5.75,14055.0
2010-02-28,2012-11-15,4.75,1250.0
2010-02-28,2013-05-15,6.5,14798.4
2010-02-28,2014-06-15,6.25,9899.0
2010-02-28,2015-04-15,6.25,10748.0
2010-02-28,2017-02-15,6.0,11248.0
2010-02-28,2019-03-15,5.25,9397.5
2010-02-28,2020-04-15,4.5,6247.0
2010-02-28,2021-05-15,5.75,8800.0
2010-03-31,2010-08-15,5.25,7603.5
2010-03-31,2011-06-15,5.75,10498.687
2010-03-31,2012-04-15,5.75,14055.0
2010-03-31,2012-11-15,4.75,3250.0
2010-03-31,2013-05-15,6.5,15498.4
2010-03-31,2014-06-15,6.25,11299.0
2010-03-31,2015-04-15,6.25,11248.0
2010-03-31,2017-02-15,6.0,11248.0
2010-03-31,2019-03-15,5.25,9897.5
2010-03-31,2020-04-15,4.5,6747.0
2010-03-31,2021-05-15,5.75,9100.0
2010-04-30,2010-08-15,5.25,7603.5
2010-04-30,2011-06-15,5.75,10498.687
2010-04-30,2012-04-15,5.75,14055.0
2010-04-30,2012-11-15,4.75,4000.0
2010-04-30,2013-05-15,6.5,15498.4
2010-04-30,2014-06-15,6.25,11299.0
2010-04-30,2015-04-15,6.25,11248.0
2010-04-30,2017-02-15,6.0,11748.0
2010-04-30,2019-03-15,5.25,10397.5
2010-04-30,2020-04-15,4.5,7447.0
2010-04-30,2021-05-15,5.75,9600.0
2010-04-30,2022-07-15,5.75,1800.0
2010-05-31,2010-08-15,5.25,7603.5
2010-05-31,2011-06-15,5.75,11198.687
2010-05-31,2012-04-15,5.75,14055.0
2010-05-31,2012-11-15,4.75,5400.0
2010-05-31,2013-05-15,6.5,15498.4
2010-05-31,2013-12-15,5.5,2250.0
2010-05-31,2014-06-15,6.25,11299.0
2010-05-31,2015-04-15,6.25,11248.0
2010-05-31,2017-02-15,6.0,12248.0
2010-05-31,2019-03-15,5.25,10397.5
2010-05-31,2020-04-15,4.5,7947.0
2010-05-31,2021-05-15,5.75,9600.0
2010-05-31,2022-07-15,5.75,2300.0
2010-06-30,2010-08-15,5.25,7603.5
2010-06-30,2011-06-15,5.75,11198.687
2010-06-30,2012-04-15,5.75,14055.0
2010-06-30,2012-11-15,4.75,5400.0
2010-06-30,2013-05-15,6.5,15498.4
2010-06-30,2013-12-15,5.5,3700.0
2010-06-30,2014-06-15,6.25,11299.0
2010-06-30,2015-04-15,6.25,11948.0
2010-06-30,2017-02-15,6.0,12748.0
2010-06-30,2019-03-15,5.25,10897.5
2010-06-30,2020-04-15,4.5,7947.0
2010-06-30,2021-05-15,5.75,9600.0
2010-06-30,2022-07-15,5.75,2800.0
2010-07-31,2010-08-15,5.25,7503.5
2010-07-31,2011-06-15,5.75,11198.687
2010-07-31,2012-04-15,5.75,14055.0
2010-07-31,2012-11-15,4.75,6100.0
2010-07-31,2013-05-15,6.5,15498.4
2010-07-31,2013-12-15,5.5,3700.0
2010-07-31,2014-06-15,6.25,11299.0
2010-07-31,2015-04-15,6.25,12648.0
2010-07-31,2016-06-15,4.75,1800.0
2010-07-31,2017-02-15,6.0,12748.0
2010-07-31,2019-03-15,5.25,10897.5
2010-07-31,2020-04-15,4.5,8447.0
2010-07-31,2021-05-15,5.75,10100.0
2010-07-31,2022-07-15,5.75,2800.0
2010-08-31,2011-06-15,5.75,11198.687
2010-08-31,2012-04-15,5.75,14055.0
2010-08-31,2012-11-15,4.75,6100.0
2010-08-31,2013-05-15,6.5,15498.4
2010-08-31,2013-12-15,5.5,4400.0
2010-08-31,2014-06-15,6.25,11299.0
2010-08-31,2015-04-15,6.25,12648.0
2010-08-31,2016-06-15,4.75,3200.0
2010-08-31,2017-02-15,6.0,13248.0
2010-08-31,2019-03-15,5.25,11397.5
2010-08-31,2020-04-15,4.5,9447.0
2010-08-31,2021-05-15,5.75,10100.0
2010-08-31,2022-07-15,5.75,3300.0
2010-09-30,2011-06-15,5.75,11198.687
2010-09-30,2012-04-15,5.75,14055.0
2010-09-30,2012-11-15,4.75,6100.0
2010-09-30,2013-05-15,6.5,15498.4
2010-09-30,2013-12-15,5.5,5100.0
2010-09-30,2014-06-15,6.25,11299.0
2010-09-30,2014-10-21,4.5,1250.0
2010-09-30,2015-04-15,6.25,13348.0
2010-09-30,2016-06-15,4.75,4600.0
2010-09-30,2017-02-15,6.0,13248.0
2010-09-30,2019-03-15,5.25,11397.5
2010-09-30,2020-04-15,4.5,9947.0
2010-09-30,2021-05-15,5.75,10100.0
2010-09-30,2022-07-15,5.75,4300.0
2010-10-31,2011-06-15,5.75,11198.687
2010-10-31,2012-04-15,5.75,14055.0
2010-10-31,2012-11-15,4.75,6800.0
2010-10-31,2013-05-15,6.5,16198.4
2010-10-31,2013-12-15,5.5,5100.0
2010-10-31,2014-06-15,6.25,11299.0
2010-10-31,2014-10-21,4.5,2100.0
2010-10-31,2015-04-15,6.25,13348.0
2010-10-31,2016-06-15,4.75,5300.0
2010-10-31,2017-02-15,6.0,13748.0
2010-10-31,2019-03-15,5.25,11897.5
2010-10-31,2020-04-15,4.5,10447.0
2010-10-31,2021-05-15,5.75,10100.0
2010-10-31,2022-07-15,5.75,4800.0
2010-11-30,2011-06-15,5.75,11198.687
2010-11-30,2012-04-15,5.75,14055.0
2010-11-30,2012-11-15,4.75,6800.0
2010-11-30,2013-05-15,6.5,16198.4
2010-11-30,2013-12-15,5.5,5800.0
2010-11-30,2014-06-15,6.25,11299.0
2010-11-30,2014-10-21,4.5,3500.0
2010-11-30,2015-04-15,6.25,13348.0
2010-11-30,2016-06-15,4.75,6000.0
2010-11-30,2017-02-15,6.0,13748.0
2010-11-30,2018-01-21,5.5,850.0
2010-11-30,2019-03-15,5.25,11897.5
2010-11-30,2020-04-15,4.5,11447.0
2010-11-30,2021-05-15,5.75,10100.0
2010-11-30,2022-07-15,5.75,5300.0
2010-12-31,2011-06-15,5.75,11198.687
2010-12-31,2012-04-15,5.75,14055.0
2010-12-31,2012-11-15,4.75,7500.0
2010-12-31,2013-05-15,6.5,16198.4
2010-12-31,2013-12-15,5.5,6500.0
2010-12-31,2014-06-15,6.25,11299.0
2010-12-31,2014-10-21,4.5,3500.0
2010-12-31,2015-04-15,6.25,13348.0
2010-12-31,2016-06-15,4.75,6000.0
2010-12-31,2017-02-15,6.0,13748.0
2010-12-31,2018-01-21,5.5,1500.0
2010-12-31,2019-03-15,5.25,11897.5
2010-12-31,2020-04-15,4.5,11947.0
2010-12-31,2021-05-15,5.75,10100.0
2010-12-31,2022-07-15,5.75,5300.0
2011-01-31,2011-06-15,5.75,11198.687
2011-01-31,2012-04-15,5.75,14055.0
2011-01-31,2012-11-15,4.75,8200.0
2011-01-31,2013-05-15,6.5,16198.4
2011-01-31,2013-12-15,5.5,7200.0
2011-01-31,2014-06-15,6.25,11299.0
2011-01-31,2014-10-21,4.5,4200.0
2011-01-31,2015-04-15,6.25,13348.0
2011-01-31,2016-06-15,4.75,6700.0
2011-01-31,2017-02-15,6.0,13748.0
2011-01-31,2018-01-21,5.5,1500.0
2011-01-31,2019-03-15,5.25,11897.5
2011-01-31,2020-04-15,4.5,11947.0
2011-01-31,2021-05-15,5.75,10100.0
2011-01-31,2022-07-15,5.75,5300.0
2011-02-28,2011-06-15,5.75,11198.687
2011-02-28,2012-04-15,5.75,14055.0
2011-02-28,2012-11-15,4.75,8900.0
2011-02-28,2013-05-15,6.5,16198.4
2011-02-28,2013-12-15,5.5,8600.0
2011-02-28,2014-06-15,6.25,11299.0
2011-02-28,2014-10-21,4.5,4900.0
2011-02-28,2015-04-15,6.25,13348.0
2011-02-28,2016-06-15,4.75,6700.0
2011-02-28,2017-02-15,6.0,13748.0
2011-02-28,2018-01-21,5.5,2500.0
2011-02-28,2019-03-15,5.25,11897.5
2011-02-28,2020-04-15,4.5,12447.0
2011-02-28,2021-05-15,5.75,10100.0
2011-02-28,2022-07-15,5.75,5800.0
2011-03-31,2011-06-15,5.75,11198.687
2011-03-31,2012-04-15,5.75,14055.0
2011-03-31,2012-11-15,4.75,8900.0
2011-03-31,2013-05-15,6.5,16698.4
2011-03-31,2013-12-15,5.5,9300.0
2011-03-31,2014-06-15,6.25,11299.0
2011-03-31,2014-10-21,4.5,6300.0
2011-03-31,2015-04-15,6.25,13348.0
2011-03-31,2016-06-15,4.75,7400.0
2011-03-31,2017-02-15,6.0,13748.0
2011-03-31,2018-01-21,5.5,3000.0
2011-03-31,2019-03-15,5.25,11897.5
2011-03-31,2020-04-15,4.5,12447.0
2011-03-31,2021-05-15,5.75,10600.0
2011-03-31,2022-07-15,5.75,6300.0
2011-04-30,2011-06-15,5.75,11198.687
2011-04-30,2012-04-15,5.75,14055.0
2011-04-30,2012-11-15,4.75,8900.0
2011-04-30,2013-05-15,6.5,16698.4
2011-04-30,2013-12-15,5.5,9300.0
2011-04-30,2014-06-15,6.25,11299.0
2011-04-30,2014-10-21,4.5,7700.0
2011-04-30,2015-04-15,6.25,13348.0
2011-04-30,2016-06-15,4.75,8100.0
2011-04-30,2017-02-15,6.0,13748.0
2011-04-30,2018-01-21,5.5,3500.0
2011-04-30,2019-03-15,5.25,11897.5
2011-04-30,2020-04-15,4.5,12947.0
2011-04-30,2021-05-15,5.75,11300.0
2011-04-30,2022-07-15,5.75,6800.0
2011-05-31,2011-06-15,5.75,11198.687
2011-05-31,2012-04-15,5.75,14055.0
2011-05-31,2012-11-15,4.75,8900.0
2011-05-31,2013-05-15,6.5,16698.4
2011-05-31,2013-12-15,5.5,9300.0
2011-05-31,2014-06-15,6.25,11899.0
2011-05-31,2014-10-21,4.5,8450.0
2011-05-31,2015-04-15,6.25,13348.0
2011-05-31,2016-06-15,4.75,8800.0
2011-05-31,2017-02-15,6.0,13748.0
2011-05-31,2018-01-21,5.5,3500.0
2011-05-31,2019-03-15,5.25,12497.5
2011-05-31,2020-04-15,4.5,13547.0
2011-05-31,2021-05-15,5.75,12050.0
2011-05-31,2022-07-15,5.75,7400.0
2011-05-31,2023-04-21,5.5,1000.0
2011-06-30,2012-04-15,5.75,14055.0
2011-06-30,2012-11-15,4.75,8900.0
2011-06-30,2013-05-15,6.5,16698.4
2011-06-30,2013-12-15,5.5,9300.0
2011-06-30,2014-06-15,6.25,11899.0
2011-06-30,2014-10-21,4.5,8450.0
2011-06-30,2015-04-15,6.25,14098.0
2011-06-30,2016-06-15,4.75,10300.0
2011-06-30,2017-02-15,6.0,14498.0
2011-06-30,2018-01-21,5.5,3500.0
2011-06-30,2019-03-15,5.25,13247.5
2011-06-30,2020-04-15,4.5,14297.0
2011-06-30,2021-05-15,5.75,12800.0
2011-06-30,2022-07-15,5.75,7400.0
2011-06-30,2023-04-21,5.5,1800.0
2011-07-31,2012-04-15,5.75,14055.0
2011-07-31,2012-11-15,4.75,8900.0
2011-07-31,2013-05-15,6.5,16698.4
2011-07-31,2013-12-15,5.5,9300.0
2011-07-31,2014-06-15,6.25,11899.0
2011-07-31,2014-10-21,4.5,9150.0
2011-07-31,2015-04-15,6.25,14098.0
2011-07-31,2015-10-21,4.75,1250.0
2011-07-31,2016-06-15,4.75,11000.0
2011-07-31,2017-02-15,6.0,14498.0
2011-07-31,2018-01-21,5.5,4200.0
2011-07-31,2019-03-15,5.25,13947.5
2011-07-31,2020-04-15,4.5,14997.0
2011-07-31,2021-05-15,5.75,12800.0
2011-07-31,2022-07-15,5.75,7400.0
2011-07-31,2023-04-21,5.5,2500.0
2011-08-31,2012-04-15,5.75,14055.0
2011-08-31,2012-11-15,4.75,8900.0
2011-08-31,2013-05-15,6.5,16698.4
2011-08-31,2013-12-15,5.5,9300.0
2011-08-31,2014-06-15,6.25,11899.0
2011-08-31,2014-10-21,4.5,9850.0
2011-08-31,2015-04-15,6.25,14098.0
2011-08-31,2015-10-21,4.75,2250.0
2011-08-31,2016-06-15,4.75,11700.0
2011-08-31,2017-02-15,6.0,15198.0
2011-08-31,2018-01-21,5.5,5600.0
2011-08-31,2019-03-15,5.25,13947.5
2011-08-31,2020-04-15,4.5,15697.0
2011-08-31,2021-05-15,5.75,13500.0
2011-08-31,2022-07-15,5.75,7400.0
2011-08-31,2023-04-21,5.5,3200.0
2011-09-30,2012-04-15,5.75,14055.0
2011-09-30,2012-11-15,4.75,8900.0
2011-09-30,2013-05-15,6.5,16698.4
2011-09-30,2013-12-15,5.5,9300.0
2011-09-30,2014-06-15,6.25,11899.0
2011-09-30,2014-10-21,4.5,9850.0
2011-09-30,2015-04-15,6.25,14098.0
2011-09-30,2015-10-21,4.75,3000.0
2011-09-30,2016-06-15,4.75,11700.0
2011-09-30,2017-02-15,6.0,15198.0
2011-09-30,2017-07-21,4.25,2000.0
2011-09-30,2018-01-21,5.5,7000.0
2011-09-30,2019-03-15,5.25,13947.5
2011-09-30,2020-04-15,4.5,15697.0
2011-09-30,2021-05-15,5.75,13500.0
2011-09-30,2022-07-15,5.75,8800.0
2011-09-30,2023-04-21,5.5,3200.0
2011-10-31,2012-04-15,5.75,14055.0
2011-10-31,2012-11-15,4.75,8900.0
2011-10-31,2013-05-15,6.5,16698.4
2011-10-31,2013-12-15,5.5,9300.0
2011-10-31,2014-06-15,6.25,12599.0
2011-10-31,2014-10-21,4.5,10550.0
2011-10-31,2015-04-15,6.25,14098.0
2011-10-31,2015-10-21,4.75,3700.0
2011-10-31,2016-06-15,4.75,12400.0
2011-10-31,2017-02-15,6.0,15198.0
2011-10-31,2017-07-21,4.25,2700.0
2011-10-31,2018-01-21,5.5,7700.0
2011-10-31,2019-03-15,5.25,13947.5
2011-10-31,2020-04-15,4.5,15697.0
2011-10-31,2021-05-15,5.75,14350.0
2011-10-31,2022-07-15,5.75,8800.0
2011-10-31,2023-04-21,5.5,3200.0
2011-10-31,2027-04-21,4.75,3260.0
2011-11-30,2012-04-15,5.75,14055.0
2011-11-30,2012-11-15,4.75,8900.0
2011-11-30,2013-05-15,6.5,16698.4
2011-11-30,2013-12-15,5.5,9300.0
2011-11-30,2014-06-15,6.25,13299.0
2011-11-30,2014-10-21,4.5,11300.0
2011-11-30,2015-04-15,6.25,14098.0
2011-11-30,2015-10-21,4.75,3700.0
2011-11-30,2016-06-15,4.75,13100.0
2011-11-30,2017-02-15,6.0,15198.0
2011-11-30,2017-07-21,4.25,3400.0
2011-11-30,2018-01-21,5.5,8400.0
2011-11-30,2019-03-15,5.25,14647.5
2011-11-30,2020-04-15,4.5,16397.0
2011-11-30,2021-05-15,5.75,15000.0
2011-11-30,2022-07-15,5.75,8800.0
2011-11-30,2023-04-21,5.5,3900.0
2011-11-30,2027-04-21,4.75,3260.0
2011-12-31,2012-04-15,5.75,14055.0
2011-12-31,2012-11-15,4.75,8900.0
2011-12-31,2013-05-15,6.5,16698.4
2011-12-31,2013-12-15,5.5,9300.0
2011-12-31,2014-06-15,6.25,13299.0
2011-12-31,2014-10-21,4.5,11300.0
2011-12-31,2015-04-15,6.25,14098.0
2011-12-31,2015-10-21,4.75,4400.0
2011-12-31,2016-06-15,4.75,13100.0
2011-12-31,2017-02-15,6.0,15198.0
2011-12-31,2017-07-21,4.25,4100.0
2011-12-31,2018-01-21,5.5,8400.0
2011-12-31,2019-03-15,5.25,15347.5
2011-12-31,2020-04-15,4.5,16397.0
2011-12-31,2021-05-15,5.75,15000.0
2011-12-31,2022-07-15,5.75,8800.0
2011-12-31,2023-04-21,5.5,4600.0
2011-12-31,2027-04-21,4.75,3260.0
2012-01-31,2012-04-15,5.75,12305.0
2012-01-31,2012-11-15,4.75,8900.0
2012-01-31,2013-05-15,6.5,16698.4
2012-01-31,2013-12-15,5.5,9300.0
2012-01-31,2014-06-15,6.25,13299.0
2012-01-31,2014-10-21,4.5,11300.0
2012-01-31,2015-04-15,6.25,14098.0
2012-01-31,2015-10-21,4.75,4400.0
2012-01-31,2016-06-15,4.75,13100.0
2012-01-31,2017-02-15,6.0,15198.0
2012-01-31,2017-07-21,4.25,4100.0
2012-01-31,2018-01-21,5.5,8400.0
2012-01-31,2019-03-15,5.25,15347.5
2012-01-31,2020-04-15,4.5,16397.0
2012-01-31,2021-05-15,5.75,15000.0
2012-01-31,2022-07-15,5.75,8800.0
2012-01-31,2023-04-21,5.5,4600.0
2012-01-31,2027-04-21,4.75,3260.0
2012-02-29,2012-04-15,5.75,12255.0
2012-02-29,2012-11-15,4.75,8900.0
2012-02-29,2013-05-15,6.5,16698.4
2012-02-29,2013-12-15,5.5,9300.0
2012-02-29,2014-06-15,6.25,13299.0
2012-02-29,2014-10-21,4.5,11300.0
2012-02-29,2015-04-15,6.25,14098.0
2012-02-29,2015-10-21,4.75,5100.0
2012-02-29,2016-06-15,4.75,13800.0
2012-02-29,2017-02-15,6.0,15198.0
2012-02-29,2017-07-21,4.25,4800.0
2012-02-29,2018-01-21,5.5,9800.0
2012-02-29,2019-03-15,5.25,15347.5
2012-02-29,2020-04-15,4.5,16397.0
2012-02-29,2021-05-15,5.75,15700.0
2012-02-29,2022-07-15,5.75,9500.0
2012-02-29,2023-04-21,5.5,5300.0
2012-02-29,2027-04-21,4.75,3260.0
2012-03-31,2012-04-15,5.75,12255.0
2012-03-31,2012-11-15,4.75,8900.0
2012-03-31,2013-05-15,6.5,16698.4
2012-03-31,2013-12-15,5.5,9300.0
2012-03-31,2014-06-15,6.25,13299.0
2012-03-31,2014-10-21,4.5,12000.0
2012-03-31,2015-04-15,6.25,14098.0
2012-03-31,2015-10-21,4.75,5100.0
2012-03-31,2016-06-15,4.75,13800.0
2012-03-31,2017-02-15,6.0,15898.0
2012-03-31,2017-07-21,4.25,5500.0
2012-03-31,2018-01-21,5.5,9800.0
2012-03-31,2019-03-15,5.25,16047.5
2012-03-31,2020-04-15,4.5,16397.0
2012-03-31,2021-05-15,5.75,15700.0
2012-03-31,2022-07-15,5.75,10200.0
2012-03-31,2023-04-21,5.5,6000.0
2012-03-31,2027-04-21,4.75,3750.0
2012-04-30,2012-11-15,4.75,8900.0
2012-04-30,2013-05-15,6.5,16698.4
2012-04-30,2013-12-15,5.5,9300.0
2012-04-30,2014-06-15,6.25,13299.0
2012-04-30,2014-10-21,4.5,12000.0
2012-04-30,2015-04-15,6.25,14098.0
2012-04-30,2015-10-21,4.75,5800.0
2012-04-30,2016-06-15,4.75,13800.0
2012-04-30,2017-02-15,6.0,15898.0
2012-04-30,2017-07-21,4.25,6200.0
2012-04-30,2018-01-21,5.5,9800.0
2012-04-30,2019-03-15,5.25,16047.5
2012-04-30,2020-04-15,4.5,17097.0
2012-04-30,2021-05-15,5.75,15700.0
2012-04-30,2022-07-15,5.75,10900.0
2012-04-30,2023-04-21,5.5,6700.0
2012-04-30,2027-04-21,4.75,3750.0
2012-05-31,2012-11-15,4.75,8900.0
2012-05-31,2013-05-15,6.5,16698.4
2012-05-31,2013-12-15,5.5,9300.0
2012-05-31,2014-06-15,6.25,13299.0
2012-05-31,2014-10-21,4.5,12000.0
2012-05-31,2015-04-15,6.25,14098.0
2012-05-31,2015-10-21,4.75,6500.0
2012-05-31,2016-06-15,4.75,13800.0
2012-05-31,2017-02-15,6.0,15898.0
2012-05-31,2017-07-21,4.25,6900.0
2012-05-31,2018-01-21,5.5,10500.0
2012-05-31,2019-03-15,5.25,16047.5
2012-05-31,2020-04-15,4.5,17097.0
2012-05-31,2021-05-15,5.75,15700.0
2012-05-31,2022-07-15,5.75,12300.0
2012-05-31,2023-04-21,5.5,8100.0
2012-05-31,2027-04-21,4.75,3750.0
2012-06-30,2012-11-15,4.75,8900.0
2012-06-30,2013-05-15,6.5,16698.4
2012-06-30,2013-12-15,5.5,9300.0
2012-06-30,2014-06-15,6.25,13299.0
2012-06-30,2014-10-21,4.5,12000.0
2012-06-30,2015-04-15,6.25,14098.0
2012-06-30,2015-10-21,4.75,6500.0
2012-06-30,2016-06-15,4.75,13800.0
2012-06-30,2017-02-15,6.0,16598.0
2012-06-30,2017-07-21,4.25,6900.0
2012-06-30,2018-01-21,5.5,11200.0
2012-06-30,2019-03-15,5.25,16047.5
2012-06-30,2020-04-15,4.5,17097.0
2012-06-30,2021-05-15,5.75,16400.0
2012-06-30,2022-07-15,5.75,12300.0
2012-06-30,2023-04-21,5.5,8800.0
2012-06-30,2024-04-21,2.75,1000.0
2012-06-30,2027-04-21,4.75,4450.0
2012-07-31,2012-11-15,4.75,8900.0
2012-07-31,2013-05-15,6.5,16698.4
2012-07-31,2013-12-15,5.5,9300.0
2012-07-31,2014-06-15,6.25,13299.0
2012-07-31,2014-10-21,4.5,12000.0
2012-07-31,2015-04-15,6.25,14098.0
2012-07-31,2015-10-21,4.75,6500.0
2012-07-31,2016-06-15,4.75,13800.0
2012-07-31,2017-02-15,6.0,16598.0
2012-07-31,2017-07-21,4.25,7700.0
2012-07-31,2018-01-21,5.5,11200.0
2012-07-31,2019-03-15,5.25,16047.5
2012-07-31,2020-04-15,4.5,17097.0
2012-07-31,2021-05-15,5.75,16400.0
2012-07-31,2022-07-15,5.75,13100.0
2012-07-31,2023-04-21,5.5,8800.0
2012-07-31,2024-04-21,2.75,2000.0
2012-07-31,2027-04-21,4.75,4450.0
2012-08-31,2012-11-15,4.75,8900.0
2012-08-31,2013-05-15,6.5,16698.4
2012-08-31,2013-12-15,5.5,9300.0
2012-08-31,2014-06-15,6.25,13299.0
2012-08-31,2014-10-21,4.5,12000.0
2012-08-31,2015-04-15,6.25,14098.0
2012-08-31,2015-10-21,4.75,7500.0
2012-08-31,2016-06-15,4.75,14300.0
2012-08-31,2017-02-15,6.0,16598.0
2012-08-31,2017-07-21,4.25,7700.0
2012-08-31,2018-01-21,5.5,12000.0
2012-08-31,2019-03-15,5.25,16047.5
2012-08-31,2020-04-15,4.5,17097.0
2012-08-31,2021-05-15,5.75,16400.0
2012-08-31,2022-07-15,5.75,13600.0
2012-08-31,2023-04-21,5.5,10300.0
2012-08-31,2024-04-21,2.75,2500.0
2012-08-31,2027-04-21,4.75,4450.0
2012-09-30,2012-11-15,4.75,8900.0
2012-09-30,2013-05-15,6.5,16698.4
2012-09-30,2013-12-15,5.5,9300.0
2012-09-30,2014-06-15,6.25,13299.0
2012-09-30,2014-10-21,4.5,12000.0
2012-09-30,2015-04-15,6.25,14098.0
2012-09-30,2015-10-21,4.75,7500.0
2012-09-30,2016-06-15,4.75,14800.0
2012-09-30,2017-02-15,6.0,16598.0
2012-09-30,2017-07-21,4.25,8200.0
2012-09-30,2018-01-21,5.5,12000.0
2012-09-30,2019-03-15,5.25,16547.5
2012-09-30,2020-04-15,4.5,17097.0
2012-09-30,2021-05-15,5.75,16400.0
2012-09-30,2022-07-15,5.75,14100.0
2012-09-30,2023-04-21,5.5,11100.0
2012-09-30,2024-04-21,2.75,3300.0
2012-09-30,2027-04-21,4.75,4450.0
2012-10-31,2012-11-15,4.75,8900.0
2012-10-31,2013-05-15,6.5,16698.4
2012-10-31,2013-12-15,5.5,9300.0
2012-10-31,2014-06-15,6.25,13299.0
2012-10-31,2014-10-21,4.5,12000.0
2012-10-31,2015-04-15,6.25,14098.0
2012-10-31,2015-10-21,4.75,8000.0
2012-10-31,2016-06-15,4.75,14800.0
2012-10-31,2017-02-15,6.0,16598.0
2012-10-31,2017-07-21,4.25,8700.0
2012-10-31,2018-01-21,5.5,13000.0
2012-10-31,2019-03-15,5.25,16547.5
2012-10-31,2020-04-15,4.5,17597.0
2012-10-31,2021-05-15,5.75,16400.0
2012-10-31,2022-07-15,5.75,14100.0
2012-10-31,2023-04-21,5.5,11600.0
2012-10-31,2024-04-21,2.75,4100.0
2012-10-31,2027-04-21,4.75,4450.0
2012-10-31,2029-04-21,3.25,3260.0
2012-11-30,2013-05-15,6.5,16698.4
2012-11-30,2013-12-15,5.5,9300.0
2012-11-30,2014-06-15,6.25,13299.0
2012-11-30,2014-10-21,4.5,12000.0
2012-11-30,2015-04-15,6.25,14098.0
2012-11-30,2015-10-21,4.75,8600.0
2012-11-30,2016-06-15,4.75,14800.0
2012-11-30,2017-02-15,6.0,17198.0
2012-11-30,2017-07-21,4.25,9900.0
2012-11-30,2018-01-21,5.5,13000.0
2012-11-30,2019-03-15,5.25,16547.5
2012-11-30,2020-04-15,4.5,17597.0
2012-11-30,2021-05-15,5.75,16400.0
2012-11-30,2022-07-15,5.75,15300.0
2012-11-30,2023-04-21,5.5,12200.0
2012-11-30,2024-04-21,2.75,4100.0
2012-11-30,2027-04-21,4.75,5050.0
2012-11-30,2029-04-21,3.25,3260.0
2012-12-31,2013-05-15,6.5,16698.4
2012-12-31,2013-12-15,5.5,9300.0
2012-12-31,2014-06-15,6.25,13299.0
2012-12-31,2014-10-21,4.5,12000.0
2012-12-31,2015-04-15,6.25,14098.0
2012-12-31,2015-10-21,4.75,9200.0
2012-12-31,2016-06-15,4.75,15400.0
2012-12-31,2017-02-15,6.0,17198.0
2012-12-31,2017-07-21,4.25,10500.0
2012-12-31,2018-01-21,5.5,13000.0
2012-12-31,2019-03-15,5.25,16547.5
2012-12-31,2020-04-15,4.5,17597.0
2012-12-31,2021-05-15,5.75,16400.0
2012-12-31,2022-07-15,5.75,15300.0
2012-12-31,2023-04-21,5.5,12800.0
2012-12-31,2024-04-21,2.75,4900.0
2012-12-31,2027-04-21,4.75,5650.0
2012-12-31,2029-04-21,3.25,3260.0
2013-01-31,2013-05-15,6.5,16698.4
2013-01-31,2013-12-15,5.5,9300.0
2013-01-31,2014-06-15,6.25,13299.0
2013-01-31,2014-10-21,4.5,12000.0
2013-01-31,2015-04-15,6.25,14098.0
2013-01-31,2015-10-21,4.75,9200.0
2013-01-31,2016-06-15,4.75,15400.0
2013-01-31,2017-02-15,6.0,17198.0
2013-01-31,2017-07-21,4.25,10500.0
2013-01-31,2018-01-21,5.5,13000.0
2013-01-31,2019-03-15,5.25,16547.5
2013-01-31,2020-04-15,4.5,17597.0
2013-01-31,2021-05-15,5.75,16400.0
2013-01-31,2022-07-15,5.75,15300.0
2013-01-31,2023-04-21,5.5,12800.0
2013-01-31,2024-04-21,2.75,4900.0
2013-01-31,2027-04-21,4.75,5650.0
2013-01-31,2029-04-21,3.25,3260.0
2013-02-28,2013-05-15,6.5,16698.4
2013-02-28,2013-12-15,5.5,9300.0
2013-02-28,2014-06-15,6.25,13299.0
2013-02-28,2014-10-21,4.5,12000.0
2013-02-28,2015-04-15,6.25,14098.0
2013-02-28,2015-10-21,4.75,9800.0
2013-02-28,2016-06-15,4.75,15400.0
2013-02-28,2017-02-15,6.0,17198.0
2013-02-28,2017-07-21,4.25,11100.0
2013-02-28,2018-01-21,5.5,14200.0
2013-02-28,2019-03-15,5.25,16547.5
2013-02-28,2020-04-15,4.5,17597.0
2013-02-28,2021-05-15,5.75,16400.0
2013-02-28,2022-07-15,5.75,15300.0
2013-02-28,2023-04-21,5.5,14000.0
2013-02-28,2024-04-21,2.75,6100.0
2013-02-28,2027-04-21,4.75,5650.0
2013-02-28,2029-04-21,3.25,3260.0
2013-03-31,2013-05-15,6.5,16698.4
2013-03-31,2013-12-15,5.5,9300.0
2013-03-31,2014-06-15,6.25,13299.0
2013-03-31,2014-10-21,4.5,12000.0
2013-03-31,2015-04-15,6.25,14098.0
2013-03-31,2015-10-21,4.75,10400.0
2013-03-31,2016-06-15,4.75,16000.0
2013-03-31,2017-02-15,6.0,17198.0
2013-03-31,2017-07-21,4.25,11700.0
2013-03-31,2018-01-21,5.5,14200.0
2013-03-31,2019-03-15,5.25,16547.5
2013-03-31,2020-04-15,4.5,17597.0
2013-03-31,2021-05-15,5.75,16400.0
2013-03-31,2022-07-15,5.75,15300.0
2013-03-31,2023-04-21,5.5,15200.0
2013-03-31,2024-04-21,2.75,6700.0
2013-03-31,2027-04-21,4.75,6250.0
2013-03-31,2029-04-21,3.25,3260.0
2013-04-30,2013-05-15,6.5,16698.4
2013-04-30,2013-12-15,5.5,9300.0
2013-04-30,2014-06-15,6.25,13299.0
2013-04-30,2014-10-21,4.5,12000.0
2013-04-30,2015-04-15,6.25,14098.0
2013-04-30,2015-10-21,4.75,11000.0
2013-04-30,2016-06-15,4.75,16600.0
2013-04-30,2017-02-15,6.0,17198.0
2013-04-30,2017-07-21,4.25,11700.0
2013-04-30,2018-01-21,5.5,14800.0
2013-04-30,2019-03-15,5.25,16547.5
2013-04-30,2020-04-15,4.5,17597.0
2013-04-30,2021-05-15,5.75,16400.0
2013-04-30,2022-07-15,5.75,15900.0
2013-04-30,2023-04-21,5.5,15200.0
2013-04-30,2024-04-21,2.75,7300.0
2013-04-30,2027-04-21,4.75,6900.0
2013-04-30,2029-04-21,3.25,3900.0
2013-05-31,2013-12-15,5.5,9300.0
2013-05-31,2014-06-15,6.25,13299.0
2013-05-31,2014-10-21,4.5,12000.0
2013-05-31,2015-04-15,6.25,14098.0
2013-05-31,2015-10-21,4.75,11600.0
2013-05-31,2016-06-15,4.75,16600.0
2013-05-31,2017-02-15,6.0,17198.0
2013-05-31,2017-07-21,4.25,11700.0
2013-05-31,2018-01-21,5.5,15400.0
2013-05-31,2019-03-15,5.25,16547.5
2013-05-31,2020-04-15,4.5,17597.0
2013-05-31,2021-05-15,5.75,16400.0
2013-05-31,2022-07-15,5.75,15900.0
2013-05-31,2023-04-21,5.5,15200.0
2013-05-31,2024-04-21,2.75,8500.0
2013-05-31,2025-04-21,3.25,4000.0
2013-05-31,2027-04-21,4.75,8100.0
2013-05-31,2029-04-21,3.25,4500.0
2013-06-30,2013-12-15,5.5,9300.0
2013-06-30,2014-06-15,6.25,13299.0
2013-06-30,2014-10-21,4.5,12000.0
2013-06-30,2015-04-15,6.25,14798.0
2013-06-30,2015-10-21,4.75,11600.0
2013-06-30,2016-06-15,4.75,16600.0
2013-06-30,2017-02-15,6.0,17198.0
2013-06-30,2017-07-21,4.25,12400.0
2013-06-30,2018-01-21,5.5,16800.0
2013-06-30,2019-03-15,5.25,16547.5
2013-06-30,2020-04-15,4.5,17597.0
2013-06-30,2021-05-15,5.75,17100.0
2013-06-30,2022-07-15,5.75,15900.0
2013-06-30,2023-04-21,5.5,15900.0
2013-06-30,2024-04-21,2.75,8500.0
2013-06-30,2025-04-21,3.25,4000.0
2013-06-30,2027-04-21,4.75,8800.0
2013-06-30,2029-04-21,3.25,5200.0
2013-07-31,2013-12-15,5.5,9300.0
2013-07-31,2014-06-15,6.25,13299.0
2013-07-31,2014-10-21,4.5,12000.0
2013-07-31,2015-04-15,6.25,14798.0
2013-07-31,2015-10-21,4.75,11600.0
2013-07-31,2016-06-15,4.75,18000.0
2013-07-31,2017-02-15,6.0,17198.0
2013-07-31,2017-07-21,4.25,12400.0
2013-07-31,2018-01-21,5.5,17500.0
2013-07-31,2019-03-15,5.25,16547.5
2013-07-31,2020-04-15,4.5,17597.0
2013-07-31,2021-05-15,5.75,17100.0
2013-07-31,2022-07-15,5.75,15900.0
2013-07-31,2023-04-21,5.5,16600.0
2013-07-31,2024-04-21,2.75,9200.0
2013-07-31,2025-04-21,3.25,4000.0
2013-07-31,2027-04-21,4.75,9500.0
2013-07-31,2029-04-21,3.25,5900.0
2013-08-31,2013-12-15,5.5,9300.0
2013-08-31,2014-06-15,6.25,13299.0
2013-08-31,2014-10-21,4.5,12000.0
2013-08-31,2015-04-15,6.25,14798.0
2013-08-31,2015-10-21,4.75,12300.0
2013-08-31,2016-06-15,4.75,18000.0
2013-08-31,2017-02-15,6.0,17998.0
2013-08-31,2017-07-21,4.25,13100.0
2013-08-31,2018-01-21,5.5,18300.0
2013-08-31,2019-03-15,5.25,16547.5
2013-08-31,2020-04-15,4.5,17597.0
2013-08-31,2021-05-15,5.75,17100.0
2013-08-31,2022-07-15,5.75,15900.0
2013-08-31,2023-04-21,5.5,17400.0
2013-08-31,2024-04-21,2.75,9200.0
2013-08-31,2025-04-21,3.25,5800.0
2013-08-31,2027-04-21,4.75,10200.0
2013-08-31,2029-04-21,3.25,5900.0
2013-09-30,2013-12-15,5.5,9300.0
2013-09-30,2014-06-15,6.25,13299.0
2013-09-30,2014-10-21,4.5,12000.0
2013-09-30,2015-04-15,6.25,14798.0
2013-09-30,2015-10-21,4.75,13900.0
2013-09-30,2016-06-15,4.75,19600.0
2013-09-30,2017-02-15,6.0,17998.0
2013-09-30,2017-07-21,4.25,13900.0
2013-09-30,2018-01-21,5.5,19100.0
2013-09-30,2019-03-15,5.25,16547.5
2013-09-30,2020-04-15,4.5,17597.0
2013-09-30,2021-05-15,5.75,17900.0
2013-09-30,2022-07-15,5.75,15900.0
2013-09-30,2023-04-21,5.5,18200.0
2013-09-30,2024-04-21,2.75,10000.0
2013-09-30,2025-04-21,3.25,5800.0
2013-09-30,2027-04-21,4.75,10200.0
2013-09-30,2029-04-21,3.25,5900.0
2013-10-31,2013-12-15,5.5,7949.451
2013-10-31,2014-06-15,6.25,13299.0
2013-10-31,2014-10-21,4.5,12000.0
2013-10-31,2015-04-15,6.25,14798.0
2013-10-31,2015-10-21,4.75,13900.0
2013-10-31,2016-06-15,4.75,20400.0
2013-10-31,2017-02-15,6.0,17998.0
2013-10-31,2017-07-21,4.25,14700.0
2013-10-31,2018-01-21,5.5,19100.0
2013-10-31,2019-03-15,5.25,16547.5
2013-10-31,2020-04-15,4.5,18397.0
2013-10-31,2021-05-15,5.75,17900.0
2013-10-31,2022-07-15,5.75,16700.0
2013-10-31,2023-04-21,5.5,19000.0
2013-10-31,2024-04-21,2.75,11600.0
2013-10-31,2025-04-21,3.25,6600.0
2013-10-31,2027-04-21,4.75,10200.0
2013-10-31,2029-04-21,3.25,5900.0
2013-11-30,2013-12-15,5.5,7949.451
2013-11-30,2014-06-15,6.25,13299.0
2013-11-30,2014-10-21,4.5,12000.0
2013-11-30,2015-04-15,6.25,14798.0
2013-11-30,2015-10-21,4.75,13900.0
2013-11-30,2016-06-15,4.75,21200.0
2013-11-30,2017-02-15,6.0,18798.0
2013-11-30,2017-07-21,4.25,15700.0
2013-11-30,2018-01-21,5.5,19100.0
2013-11-30,2019-03-15,5.25,16547.5
2013-11-30,2020-04-15,4.5,18397.0
2013-11-30,2021-05-15,5.75,18700.0
2013-11-30,2022-07-15,5.75,16700.0
2013-11-30,2023-04-21,5.5,19800.0
2013-11-30,2024-04-21,2.75,11600.0
2013-11-30,2025-04-21,3.25,7400.0
2013-11-30,2027-04-21,4.75,10200.0
2013-11-30,2029-04-21,3.25,6500.0
2013-11-30,2033-04-21,4.5,5900.0
2013-12-31,2014-06-15,6.25,13299.0
2013-12-31,2014-10-21,4.5,12000.0
2013-12-31,2015-04-15,6.25,14798.0
2013-12-31,2015-10-21,4.75,13900.0
2013-12-31,2016-06-15,4.75,21200.0
2013-12-31,2017-02-15,6.0,19498.0
2013-12-31,2017-07-21,4.25,15700.0
2013-12-31,2018-01-21,5.5,19100.0
2013-12-31,2018-10-21,3.25,1500.0
2013-12-31,2019-03-15,5.25,17347.5
2013-12-31,2020-04-15,4.5,19197.0
2013-12-31,2021-05-15,5.75,18700.0
2013-12-31,2022-07-15,5.75,17500.0
2013-12-31,2023-04-21,5.5,19800.0
2013-12-31,2024-04-21,2.75,11600.0
2013-12-31,2025-04-21,3.25,8200.0
2013-12-31,2027-04-21,4.75,10200.0
2013-12-31,2029-04-21,3.25,6500.0
2013-12-31,2033-04-21,4.5,5900.0
2014-01-31,2014-06-15,6.25,13299.0
2014-01-31,2014-10-21,4.5,12000.0
2014-01-31,2015-04-15,6.25,14798.0
2014-01-31,2015-10-21,4.75,13900.0
2014-01-31,2016-06-15,4.75,21200.0
2014-01-31,2017-02-15,6.0,19498.0
2014-01-31,2017-07-21,4.25,15700.0
2014-01-31,2018-01-21,5.5,19100.0
2014-01-31,2018-10-21,3.25,3000.0
2014-01-31,2019-03-15,5.25,17347.5
2014-01-31,2020-04-15,4.5,19197.0
2014-01-31,2021-05-15,5.75,19500.0
2014-01-31,2022-07-15,5.75,17500.0
2014-01-31,2023-04-21,5.5,19800.0
2014-01-31,2024-04-21,2.75,11600.0
2014-01-31,2025-04-21,3.25,8200.0
2014-01-31,2027-04-21,4.75,11000.0
2014-01-31,2029-04-21,3.25,6500.0
2014-01-31,2033-04-21,4.5,5900.0
2014-02-28,2014-06-15,6.25,13299.0
2014-02-28,2014-10-21,4.5,12000.0
2014-02-28,2015-04-15,6.25,14798.0
2014-02-28,2015-10-21,4.75,13900.0
2014-02-28,2016-06-15,4.75,21200.0
2014-02-28,2017-02-15,6.0,20297.997
2014-02-28,2017-07-21,4.25,15700.0
2014-02-28,2018-01-21,5.5,19900.0
2014-02-28,2018-10-21,3.25,3000.0
2014-02-28,2019-03-15,5.25,18947.5
2014-02-28,2020-04-15,4.5,19197.0
2014-02-28,2021-05-15,5.75,19500.0
2014-02-28,2022-07-15,5.75,17500.0
2014-02-28,2023-04-21,5.5,19799.995
2014-02-28,2024-04-21,2.75,13200.0
2014-02-28,2025-04-21,3.25,9800.0
2014-02-28,2027-04-21,4.75,11000.0
2014-02-28,2029-04-21,3.25,6500.0
2014-02-28,2033-04-21,4.5,5900.0
2014-03-31,2014-06-15,6.25,13298.998
2014-03-31,2014-10-21,4.5,12000.0
2014-03-31,2015-04-15,6.25,14798.0
2014-03-31,2015-10-21,4.75,13900.0
2014-03-31,2016-06-15,4.75,21199.98
2014-03-31,2017-02-15,6.0,21097.997
2014-03-31,2017-07-21,4.25,16500.0
2014-03-31,2018-01-21,5.5,19900.0
2014-03-31,2018-10-21,3.25,4500.0
2014-03-31,2019-03-15,5.25,18947.265
2014-03-31,2020-04-15,4.5,19196.75
2014-03-31,2021-05-15,5.75,20299.999
2014-03-31,2022-07-15,5.75,17500.0
2014-03-31,2023-04-21,5.5,20599.98
2014-03-31,2024-04-21,2.75,13900.0
2014-03-31,2025-04-21,3.25,10500.0
2014-03-31,2026-04-21,4.25,7000.0
2014-03-31,2027-04-21,4.75,11000.0
2014-03-31,2029-04-21,3.25,6500.0
2014-03-31,2033-04-21,4.5,5900.0
2014-04-30,2014-06-15,6.25,13298.99
2014-04-30,2014-10-21,4.5,12000.0
2014-04-30,2015-04-15,6.25,14798.0
2014-04-30,2015-10-21,4.75,13899.935
2014-04-30,2016-06-15,4.75,21899.98
2014-04-30,2017-02-15,6.0,21096.16
2014-04-30,2017-07-21,4.25,17200.0
2014-04-30,2018-01-21,5.5,19900.0
2014-04-30,2018-10-21,3.25,5500.0
2014-04-30,2019-03-15,5.25,18947.265
2014-04-30,2020-04-15,4.5,19196.75
2014-04-30,2021-05-15,5.75,20999.998
2014-04-30,2022-07-15,5.75,17500.0
2014-04-30,2023-04-21,5.5,20599.976
2014-04-30,2024-04-21,2.75,13900.0
2014-04-30,2025-04-21,3.25,10500.0
2014-04-30,2026-04-21,4.25,7000.0
2014-04-30,2027-04-21,4.75,11700.0
2014-04-30,2029-04-21,3.25,6499.923
2014-04-30,2033-04-21,4.5,6600.0
2014-05-31,2014-06-15,6.25,13298.926
2014-05-31,2014-10-21,4.5,12000.0
2014-05-31,2015-04-15,6.25,14797.982
2014-05-31,2015-10-21,4.75,13899.935
2014-05-31,2016-06-15,4.75,21899.98
2014-05-31,2017-02-15,6.0,21096.11
2014-05-31,2017-07-21,4.25,17900.0
2014-05-31,2018-01-21,5.5,19900.0
2014-05-31,2018-10-21,3.25,6200.0
2014-05-31,2019-03-15,5.25,19647.265
2014-05-31,2020-04-15,4.5,19896.75
2014-05-31,2021-05-15,5.75,20999.296
2014-05-31,2022-07-15,5.75,17499.998
2014-05-31,2023-04-21,5.5,20599.901
2014-05-31,2024-04-21,2.75,14600.0
2014-05-31,2025-04-21,3.25,11200.0
2014-05-31,2026-04-21,4.25,8400.0
2014-05-31,2027-04-21,4.75,11700.0
2014-05-31,2029-04-21,3.25,6499.923
2014-05-31,2033-04-21,4.5,6600.0
2014-06-30,2014-10-21,4.5,12000.0
2014-06-30,2015-04-15,6.25,14797.082
2014-06-30,2015-10-21,4.75,13899.935
2014-06-30,2016-06-15,4.75,21899.98
2014-06-30,2017-02-15,6.0,21096.021
2014-06-30,2017-07-21,4.25,17900.0
2014-06-30,2018-01-21,5.5,19900.0
2014-06-30,2018-10-21,3.25,7600.0
2014-06-30,2019-03-15,5.25,20347.265
2014-06-30,2020-04-15,4.5,19896.75
2014-06-30,2021-05-15,5.75,20999.296
2014-06-30,2022-07-15,5.75,17499.998
2014-06-30,2023-04-21,5.5,20599.901
2014-06-30,2024-04-21,2.75,15300.0
2014-06-30,2025-04-21,3.25,11900.0
2014-06-30,2026-04-21,4.25,8400.0
2014-06-30,2027-04-21,4.75,12400.0
2014-06-30,2029-04-21,3.25,7199.923
2014-06-30,2033-04-21,4.5,7300.0
2014-07-31,2014-10-21,4.5,12000.0
2014-07-31,2015-04-15,6.25,14797.08
2014-07-31,2015-10-21,4.75,13899.935
2014-07-31,2016-06-15,4.75,21899.98
2014-07-31,2017-02-15,6.0,21096.021
2014-07-31,2017-07-21,4.25,17900.0
2014-07-31,2018-01-21,5.5,19900.0
2014-07-31,2018-10-21,3.25,8100.0
2014-07-31,2019-03-15,5.25,20347.265
2014-07-31,2019-10-21,2.75,1500.0
2014-07-31,2020-04-15,4.5,19896.75
2014-07-31,2021-05-15,5.75,20999.296
2014-07-31,2022-07-15,5.75,17499.983
2014-07-31,2023-04-21,5.5,20599.901
2014-07-31,2024-04-21,2.75,16000.0
2014-07-31,2025-04-21,3.25,12500.0
2014-07-31,2026-04-21,4.25,9600.0
2014-07-31,2027-04-21,4.75,12399.85
2014-07-31,2029-04-21,3.25,7199.923
2014-07-31,2033-04-21,4.5,7900.0
2014-08-31,2014-10-21,4.5,12000.0
2014-08-31,2015-04-15,6.25,14797.08
2014-08-31,2015-10-21,4.75,13899.935
2014-08-31,2016-06-15,4.75,21899.98
2014-08-31,2017-02-15,6.0,21096.021
2014-08-31,2017-07-21,4.25,18400.0
2014-08-31,2018-01-21,5.5,19900.0
2014-08-31,2018-10-21,3.25,8600.0
2014-08-31,2019-03-15,5.25,20347.265
2014-08-31,2019-10-21,2.75,3000.0
2014-08-31,2020-04-15,4.5,20396.75
2014-08-31,2021-05-15,5.75,20999.296
2014-08-31,2022-07-15,5.75,17499.983
2014-08-31,2023-04-21,5.5,20599.901
2014-08-31,2024-04-21,2.75,17400.0
2014-08-31,2025-04-21,3.25,13100.0
2014-08-31,2026-04-21,4.25,10300.0
2014-08-31,2027-04-21,4.75,12399.85
2014-08-31,2029-04-21,3.25,7199.923
2014-08-31,2033-04-21,4.5,7900.0
2014-09-30,2014-10-21,4.5,12000.0
2014-09-30,2015-04-15,6.25,14796.586
2014-09-30,2015-10-21,4.75,13899.935
2014-09-30,2016-06-15,4.75,21899.98
2014-09-30,2017-02-15,6.0,21095.908
2014-09-30,2017-07-21,4.25,18400.0
2014-09-30,2018-01-21,5.5,20500.0
2014-09-30,2018-10-21,3.25,9800.0
2014-09-30,2019-03-15,5.25,20347.265
2014-09-30,2019-10-21,2.75,4500.0
2014-09-30,2020-04-15,4.5,20396.75
2014-09-30,2021-05-15,5.75,21599.296
2014-09-30,2022-07-15,5.75,17499.983
2014-09-30,2023-04-21,5.5,20599.901
2014-09-30,2024-04-21,2.75,17400.0
2014-09-30,2025-04-21,3.25,13100.0
2014-09-30,2026-04-21,4.25,11500.0
2014-09-30,2027-04-21,4.75,12999.85
2014-09-30,2029-04-21,3.25,7799.923
2014-09-30,2033-04-21,4.5,7900.0
2014-10-31,2015-04-15,6.25,14796.572
2014-10-31,2015-10-21,4.75,13898.935
2014-10-31,2016-06-15,4.75,21899.98
2014-10-31,2017-02-15,6.0,21095.907
2014-10-31,2017-07-21,4.25,18900.0
2014-10-31,2018-01-21,5.5,20500.0
2014-10-31,2018-10-21,3.25,10300.0
2014-10-31,2019-03-15,5.25,20847.265
2014-10-31,2019-10-21,2.75,6000.0
2014-10-31,2020-04-15,4.5,20396.75
2014-10-31,2021-05-15,5.75,21599.296
2014-10-31,2022-07-15,5.75,17499.982
2014-10-31,2023-04-21,5.5,21299.9
2014-10-31,2024-04-21,2.75,18000.0
2014-10-31,2025-04-21,3.25,13100.0
2014-10-31,2026-04-21,4.25,12200.0
2014-10-31,2027-04-21,4.75,12999.85
2014-10-31,2029-04-21,3.25,7799.923
2014-10-31,2033-04-21,4.5,7900.0
2014-10-31,2037-04-21,3.75,7000.0
2014-11-30,2015-04-15,6.25,14796.572
2014-11-30,2015-10-21,4.75,13898.935
2014-11-30,2016-06-15,4.75,21899.98
2014-11-30,2017-02-15,6.0,21095.907
2014-11-30,2017-07-21,4.25,18899.742
2014-11-30,2018-01-21,5.5,20500.0
2014-11-30,2018-10-21,3.25,10900.0
2014-11-30,2019-03-15,5.25,20847.015
2014-11-30,2019-10-21,2.75,7100.0
2014-11-30,2020-04-15,4.5,20396.75
2014-11-30,2021-05-15,5.75,21599.296
2014-11-30,2022-07-15,5.75,17499.982
2014-11-30,2023-04-21,5.5,21299.9
2014-11-30,2024-04-21,2.75,18000.0
2014-11-30,2025-04-21,3.25,13800.0
2014-11-30,2026-04-21,4.25,12800.0
2014-11-30,2027-04-21,4.75,12999.85
2014-11-30,2029-04-21,3.25,8999.923
2014-11-30,2033-04-21,4.5,8500.0
2014-11-30,2037-04-21,3.75,7000.0
2014-12-31,2015-04-15,6.25,14796.572
2014-12-31,2015-10-21,4.75,13898.549
2014-12-31,2016-06-15,4.75,21899.95
2014-12-31,2017-02-15,6.0,21095.907
2014-12-31,2017-07-21,4.25,18899.742
2014-12-31,2018-01-21,5.5,20500.0
2014-12-31,2018-10-21,3.25,11400.0
2014-12-31,2019-03-15,5.25,20846.845
2014-12-31,2019-10-21,2.75,7600.0
2014-12-31,2020-04-15,4.5,20396.748
2014-12-31,2021-05-15,5.75,21599.196
2014-12-31,2022-07-15,5.75,17499.982
2014-12-31,2023-04-21,5.5,21299.9
2014-12-31,2024-04-21,2.75,19300.0
2014-12-31,2025-04-21,3.25,13800.0
2014-12-31,2026-04-21,4.25,13500.0
2014-12-31,2027-04-21,4.75,12999.85
2014-12-31,2029-04-21,3.25,8999.923
2014-12-31,2033-04-21,4.5,9100.0
2014-12-31,2037-04-21,3.75,7000.0
2015-01-31,2015-04-15,6.25,14796.524
2015-01-31,2015-10-21,4.75,13898.549
2015-01-31,2016-06-15,4.75,21899.95
2015-01-31,2017-02-15,6.0,21095.867
2015-01-31,2017-07-21,4.25,18899.742
2015-01-31,2018-01-21,5.5,20499.978
2015-01-31,2018-10-21,3.25,11400.0
2015-01-31,2019-03-15,5.25,20846.825
2015-01-31,2019-10-21,2.75,8300.0
2015-01-31,2020-04-15,4.5,20396.748
2015-01-31,2021-05-15,5.75,21599.136
2015-01-31,2022-07-15,5.75,17499.922
2015-01-31,2023-04-21,5.5,21299.9
2015-01-31,2024-04-21,2.75,19300.0
2015-01-31,2025-04-21,3.25,14500.0
2015-01-31,2026-04-21,4.25,13500.0
2015-01-31,2027-04-21,4.75,12999.85
2015-01-31,2029-04-21,3.25,9699.923
2015-01-31,2033-04-21,4.5,9800.0
2015-01-31,2037-04-21,3.75,7000.0
2015-02-28,2015-04-15,6.25,14796.469
2015-02-28,2015-10-21,4.75,13898.549
2015-02-28,2016-06-15,4.75,21899.95
2015-02-28,2017-02-15,6.0,21095.769
2015-02-28,2017-07-21,4.25,18899.742
2015-02-28,2018-01-21,5.5,20499.978
2015-02-28,2018-10-21,3.25,11400.0
2015-02-28,2019-03-15,5.25,21446.825
2015-02-28,2019-10-21,2.75,8900.0
2015-02-28,2020-04-15,4.5,20396.748
2015-02-28,2021-05-15,5.75,21599.086
2015-02-28,2022-07-15,5.75,17499.92
2015-02-28,2023-04-21,5.5,21299.9
2015-02-28,2024-04-21,2.75,20800.0
2015-02-28,2025-04-21,3.25,16100.0
2015-02-28,2026-04-21,4.25,14100.0
2015-02-28,2027-04-21,4.75,12999.85
2015-02-28,2029-04-21,3.25,9699.923
2015-02-28,2033-04-21,4.5,9800.0
2015-02-28,2037-04-21,3.75,7000.0
2015-03-31,2015-04-15,6.25,11323.606
2015-03-31,2015-10-21,4.75,13898.549
2015-03-31,2016-06-15,4.75,21899.95
2015-03-31,2017-02-15,6.0,21095.769
2015-03-31,2017-07-21,4.25,18899.742
2015-03-31,2018-01-21,5.5,20499.978
2015-03-31,2018-10-21,3.25,12100.0
2015-03-31,2019-03-15,5.25,21446.825
2015-03-31,2019-10-21,2.75,10300.0
2015-03-31,2020-04-15,4.5,20396.748
2015-03-31,2021-05-15,5.75,21599.081
2015-03-31,2022-07-15,5.75,18199.92
2015-03-31,2023-04-21,5.5,21299.9
2015-03-31,2024-04-21,2.75,21500.0
2015-03-31,2025-04-21,3.25,16800.0
2015-03-31,2026-04-21,4.25,14800.0
2015-03-31,2027-04-21,4.75,13699.85
2015-03-31,2029-04-21,3.25,9699.923
2015-03-31,2033-04-21,4.5,9800.0
2015-03-31,2035-06-21,2.75,4250.0
2015-03-31,2037-04-21,3.75,7000.0
2015-04-30,2015-10-21,4.75,13898.549
2015-04-30,2016-06-15,4.75,21899.95
2015-04-30,2017-02-15,6.0,21095.769
2015-04-30,2017-07-21,4.25,18899.742
2015-04-30,2018-01-21,5.5,20499.978
2015-04-30,2018-10-21,3.25,12100.0
2015-04-30,2019-03-15,5.25,21446.823
2015-04-30,2019-10-21,2.75,11000.0
2015-04-30,2020-04-15,4.5,20396.748
2015-04-30,2020-11-21,1.75,2000.0
2015-04-30,2021-05-15,5.75,21599.081
2015-04-30,2022-07-15,5.75,18199.92
2015-04-30,2023-04-21,5.5,21299.9
2015-04-30,2024-04-21,2.75,22200.0
2015-04-30,2025-04-21,3.25,16800.0
2015-04-30,2026-04-21,4.25,15500.0
2015-04-30,2027-04-21,4.75,14399.85
2015-04-30,2029-04-21,3.25,9699.923
2015-04-30,2033-04-21,4.5,9800.0
2015-04-30,2035-06-21,2.75,4250.0
2015-04-30,2037-04-21,3.75,7500.0
2015-05-31,2015-10-21,4.75,11398.549
2015-05-31,2016-06-15,4.75,21899.95
2015-05-31,2017-02-15,6.0,21095.769
2015-05-31,2017-07-21,4.25,18899.742
2015-05-31,2018-01-21,5.5,20499.978
2015-05-31,2018-10-21,3.25,13500.0
2015-05-31,2019-03-15,5.25,21446.823
2015-05-31,2019-10-21,2.75,11000.0
2015-05-31,2020-04-15,4.5,20396.748
2015-05-31,2020-11-21,1.75,3500.0
2015-05-31,2021-05-15,5.75,22299.08
2015-05-31,2022-07-15,5.75,18199.92
2015-05-31,2023-04-21,5.5,21299.9
2015-05-31,2024-04-21,2.75,22900.0
2015-05-31,2025-04-21,3.25,18200.0
2015-05-31,2026-04-21,4.25,16200.0
2015-05-31,2027-04-21,4.75,14399.85
2015-05-31,2029-04-21,3.25,9699.923
2015-05-31,2033-04-21,4.5,9800.0
2015-05-31,2035-06-21,2.75,4250.0
2015-05-31,2037-04-21,3.75,7500.0
2015-06-30,2015-10-21,4.75,11398.549
2015-06-30,2016-06-15,4.75,21899.95
2015-06-30,2017-02-15,6.0,21095.769
2015-06-30,2017-07-21,4.25,18899.742
2015-06-30,2018-01-21,5.5,20499.978
2015-06-30,2018-10-21,3.25,14200.0
2015-06-30,2019-03-15,5.25,22346.823
2015-06-30,2019-10-21,2.75,11700.0
2015-06-30,2020-04-15,4.5,20396.748
2015-06-30,2020-11-21,1.75,5000.0
2015-06-30,2021-05-15,5.75,22299.067
2015-06-30,2022-07-15,5.75,18199.92
2015-06-30,2023-04-21,5.5,21299.9
2015-06-30,2024-04-21,2.75,22900.0
2015-06-30,2025-04-21,3.25,19800.0
2015-06-30,2026-04-21,4.25,16900.0
2015-06-30,2027-04-21,4.75,15099.85
2015-06-30,2029-04-21,3.25,9699.923
2015-06-30,2033-04-21,4.5,9800.0
2015-06-30,2035-06-21,2.75,4250.0
2015-06-30,2037-04-21,3.75,7500.0
2015-07-31,2015-10-21,4.75,11398.549
2015-07-31,2016-06-15,4.75,21899.95
2015-07-31,2017-02-15,6.0,21095.769
2015-07-31,2017-07-21,4.25,18899.742
2015-07-31,2018-01-21,5.5,20499.978
2015-07-31,2018-10-21,3.25,14200.0
2015-07-31,2019-03-15,5.25,22346.823
2015-07-31,2019-10-21,2.75,11700.0
2015-07-31,2020-04-15,4.5,21196.748
2015-07-31,2020-11-21,1.75,5800.0
2015-07-31,2021-05-15,5.75,22299.067
2015-07-31,2022-07-15,5.75,18199.92
2015-07-31,2023-04-21,5.5,21299.9
2015-07-31,2024-04-21,2.75,22900.0
2015-07-31,2025-04-21,3.25,21600.0
2015-07-31,2026-04-21,4.25,17800.0
2015-07-31,2027-04-21,4.75,15999.85
2015-07-31,2029-04-21,3.25,10499.923
2015-07-31,2033-04-21,4.5,9800.0
2015-07-31,2035-06-21,2.75,4250.0
2015-07-31,2037-04-21,3.75,7500.0
2015-08-31,2015-10-21,4.75,11398.549
2015-08-31,2016-06-15,4.75,21899.95
2015-08-31,2017-02-15,6.0,21095.769
2015-08-31,2017-07-21,4.25,18899.742
2015-08-31,2018-01-21,5.5,20499.978
2015-08-31,2018-10-21,3.25,15000.0
2015-08-31,2019-03-15,5.25,22346.823
2015-08-31,2019-10-21,2.75,12900.0
2015-08-31,2020-04-15,4.5,21196.743
2015-08-31,2020-11-21,1.75,6600.0
2015-08-31,2021-05-15,5.75,22299.067
2015-08-31,2022-07-15,5.75,18999.92
2015-08-31,2023-04-21,5.5,21299.9
2015-08-31,2024-04-21,2.75,23800.0
2015-08-31,2025-04-21,3.25,22500.0
2015-08-31,2026-04-21,4.25,18700.0
2015-08-31,2027-04-21,4.75,16899.85
2015-08-31,2029-04-21,3.25,10499.923
2015-08-31,2033-04-21,4.5,9800.0
2015-08-31,2035-06-21,2.75,4250.0
2015-08-31,2037-04-21,3.75,8000.0
2015-09-30,2015-10-21,4.75,11398.549
2015-09-30,2016-06-15,4.75,21899.95
2015-09-30,2017-02-15,6.0,21095.769
2015-09-30,2017-07-21,4.25,18899.742
2015-09-30,2018-01-21,5.5,20499.978
2015-09-30,2018-10-21,3.25,16500.0
2015-09-30,2019-03-15,5.25,22346.703
2015-09-30,2019-10-21,2.75,14500.0
2015-09-30,2020-04-15,4.5,21196.743
2015-09-30,2020-11-21,1.75,7200.0
2015-09-30,2021-05-15,5.75,22299.067
2015-09-30,2022-07-15,5.75,18999.92
2015-09-30,2023-04-21,5.5,21299.9
2015-09-30,2024-04-21,2.75,23800.0
2015-09-30,2025-04-21,3.25,23400.0
2015-09-30,2026-04-21,4.25,20000.0
2015-09-30,2027-04-21,4.75,17799.75
2015-09-30,2029-04-21,3.25,10499.923
2015-09-30,2033-04-21,4.5,10100.0
2015-09-30,2035-06-21,2.75,4750.0
2015-09-30,2037-04-21,3.75,8000.0
2015-10-31,2016-06-15,4.75,21899.95
2015-10-31,2017-02-15,6.0,21095.769
2015-10-31,2017-07-21,4.25,18899.742
2015-10-31,2018-01-21,5.5,20499.978
2015-10-31,2018-10-21,3.25,17300.0
2015-10-31,2019-03-15,5.25,22346.703
2015-10-31,2019-10-21,2.75,16200.0
2015-10-31,2020-04-15,4.5,21196.743
2015-10-31,2020-11-21,1.75,8000.0
2015-10-31,2021-05-15,5.75,22299.067
2015-10-31,2022-07-15,5.75,18999.92
2015-10-31,2023-04-21,5.5,21299.9
2015-10-31,2024-04-21,2.75,23800.0
2015-10-31,2025-04-21,3.25,24300.0
2015-10-31,2026-04-21,4.25,20900.0
2015-10-31,2027-04-21,4.75,19499.65
2015-10-31,2029-04-21,3.25,10499.923
2015-10-31,2033-04-21,4.5,10100.0
2015-10-31,2035-06-21,2.75,4750.0
2015-10-31,2037-04-21,3.75,8000.0
2015-10-31,2039-06-21,3.25,4000.0
2015-11-30,2016-06-15,4.75,21899.95
2015-11-30,2017-02-15,6.0,21095.769
2015-11-30,2017-07-21,4.25,18899.742
2015-11-30,2018-01-21,5.5,20499.978
2015-11-30,2018-10-21,3.25,17300.0
2015-11-30,2019-03-15,5.25,22346.703
2015-11-30,2019-10-21,2.75,17000.0
2015-11-30,2020-04-15,4.5,21796.743
2015-11-30,2020-11-21,1.75,8800.0
2015-11-30,2021-05-15,5.75,22299.065
2015-11-30,2022-07-15,5.75,19799.92
2015-11-30,2023-04-21,5.5,21299.9
2015-11-30,2024-04-21,2.75,24700.0
2015-11-30,2025-04-21,3.25,25200.0
2015-11-30,2026-04-21,4.25,21700.0
2015-11-30,2027-04-21,4.75,20199.65
2015-11-30,2029-04-21,3.25,10499.923
2015-11-30,2033-04-21,4.5,10100.0
2015-11-30,2035-06-21,2.75,5050.0
2015-11-30,2037-04-21,3.75,8500.0
2015-11-30,2039-06-21,3.25,4000.0
2015-12-31,2016-06-15,4.75,18899.95
2015-12-31,2017-02-15,6.0,21095.765
2015-12-31,2017-07-21,4.25,18899.742
2015-12-31,2018-01-21,5.5,20499.978
2015-12-31,2018-10-21,3.25,17300.0
2015-12-31,2019-03-15,5.25,22346.7
2015-12-31,2019-10-21,2.75,17800.0
2015-12-31,2020-04-15,4.5,21796.743
2015-12-31,2020-11-21,1.75,10200.0
2015-12-31,2021-05-15,5.75,22299.065
2015-12-31,2022-07-15,5.75,19799.92
2015-12-31,2023-04-21,5.5,21299.9
2015-12-31,2024-04-21,2.75,24700.0
2015-12-31,2025-04-21,3.25,25200.0
2015-12-31,2026-04-21,4.25,22600.0
2015-12-31,2027-04-21,4.75,20999.65
2015-12-31,2029-04-21,3.25,10499.923
2015-12-31,2033-04-21,4.5,10400.0
2015-12-31,2035-06-21,2.75,5050.0
2015-12-31,2037-04-21,3.75,8500.0
2015-12-31,2039-06-21,3.25,4000.0
2016-01-31,2016-06-15,4.75,18899.95
2016-01-31,2017-02-15,6.0,21095.765
2016-01-31,2017-07-21,4.25,18899.742
2016-01-31,2018-01-21,5.5,20499.978
2016-01-31,2018-10-21,3.25,17300.0
2016-01-31,2019-03-15,5.25,22346.7
2016-01-31,2019-10-21,2.75,17800.0
2016-01-31,2020-04-15,4.5,22596.743
2016-01-31,2020-11-21,1.75,10200.0
2016-01-31,2021-05-15,5.75,22299.062
2016-01-31,2022-07-15,5.75,20599.92
2016-01-31,2023-04-21,5.5,21299.9
2016-01-31,2024-04-21,2.75,24700.0
2016-01-31,2025-04-21,3.25,25200.0
2016-01-31,2026-04-21,4.25,23500.0
2016-01-31,2027-04-21,4.75,20999.65
2016-01-31,2027-11-21,2.75,4600.0
2016-01-31,2029-04-21,3.25,10499.923
2016-01-31,2033-04-21,4.5,10400.0
2016-01-31,2035-06-21,2.75,5050.0
2016-01-31,2037-04-21,3.75,8500.0
2016-01-31,2039-06-21,3.25,4000.0
2016-02-29,2016-06-15,4.75,15899.95
2016-02-29,2017-02-15,6.0,21095.765
2016-02-29,2017-07-21,4.25,18899.742
2016-02-29,2018-01-21,5.5,20499.978
2016-02-29,2018-10-21,3.25,18100.0
2016-02-29,2019-03-15,5.25,22946.7
2016-02-29,2019-10-21,2.75,18600.0
2016-02-29,2020-04-15,4.5,22596.743
2016-02-29,2020-11-21,1.75,10200.0
2016-02-29,2021-05-15,5.75,22299.062
2016-02-29,2022-07-15,5.75,20599.92
2016-02-29,2023-04-21,5.5,21299.9
2016-02-29,2024-04-21,2.75,24700.0
2016-02-29,2025-04-21,3.25,26100.0
2016-02-29,2026-04-21,4.25,25000.0
2016-02-29,2027-04-21,4.75,22799.65
2016-02-29,2027-11-21,2.75,4600.0
2016-02-29,2029-04-21,3.25,10999.923
2016-02-29,2033-04-21,4.5,10400.0
2016-02-29,2035-06-21,2.75,5050.0
2016-02-29,2037-04-21,3.75,8500.0
2016-02-29,2039-06-21,3.25,4000.0
2016-03-31,2016-06-15,4.75,15899.95
2016-03-31,2017-02-15,6.0,21095.718
2016-03-31,2017-07-21,4.25,18899.742
2016-03-31,2018-01-21,5.5,20499.978
2016-03-31,2018-10-21,3.25,18100.0
2016-03-31,2019-03-15,5.25,22946.7
2016-03-31,2019-10-21,2.75,19900.0
2016-03-31,2020-04-15,4.5,22596.743
2016-03-31,2020-11-21,1.75,11000.0
2016-03-31,2021-05-15,5.75,22299.062
2016-03-31,2022-07-15,5.75,21399.92
2016-03-31,2023-04-21,5.5,21299.9
2016-03-31,2024-04-21,2.75,24700.0
2016-03-31,2025-04-21,3.25,26100.0
2016-03-31,2026-04-21,4.25,26600.0
2016-03-31,2027-04-21,4.75,22799.65
2016-03-31,2027-11-21,2.75,6400.0
2016-03-31,2029-04-21,3.25,11499.923
2016-03-31,2033-04-21,4.5,10400.0
2016-03-31,2035-06-21,2.75,5550.0
2016-03-31,2037-04-21,3.75,8500.0
2016-03-31,2039-06-21,3.25,4000.0
2016-04-30,2016-06-15,4.75,15899.95
2016-04-30,2017-02-15,6.0,21095.706
2016-04-30,2017-07-21,4.25,18899.742
2016-04-30,2018-01-21,5.5,20499.978
2016-04-30,2018-10-21,3.25,18100.0
2016-04-30,2019-03-15,5.25,22946.694
2016-04-30,2019-10-21,2.75,20700.0
2016-04-30,2020-04-15,4.5,23396.743
2016-04-30,2020-11-21,1.75,12600.0
2016-04-30,2021-05-15,5.75,22299.062
2016-04-30,2022-07-15,5.75,21399.92
2016-04-30,2023-04-21,5.5,21299.9
2016-04-30,2024-04-21,2.75,24700.0
2016-04-30,2025-04-21,3.25,26100.0
2016-04-30,2026-04-21,4.25,27500.0
2016-04-30,2027-04-21,4.75,23699.65
2016-04-30,2027-11-21,2.75,8500.0
2016-04-30,2029-04-21,3.25,11499.923
2016-04-30,2033-04-21,4.5,10400.0
2016-04-30,2035-06-21,2.75,5550.0
2016-04-30,2037-04-21,3.75,8500.0
2016-04-30,2039-06-21,3.25,4000.0
2016-05-31,2016-06-15,4.75,15899.95
2016-05-31,2017-02-15,6.0,21095.706
2016-05-31,2017-07-21,4.25,18899.742
2016-05-31,2018-01-21,5.5,20499.978
2016-05-31,2018-10-21,3.25,18100.0
2016-05-31,2019-03-15,5.25,22946.694
2016-05-31,2019-10-21,2.75,21700.0
2016-05-31,2020-04-15,4.5,23396.743
2016-05-31,2020-11-21,1.75,14300.0
2016-05-31,2021-05-15,5.75,23299.012
2016-05-31,2022-07-15,5.75,21399.92
2016-05-31,2023-04-21,5.5,21299.9
2016-05-31,2024-04-21,2.75,24700.0
2016-05-31,2025-04-21,3.25,26100.0
2016-05-31,2026-04-21,4.25,28200.0
2016-05-31,2027-04-21,4.75,24599.65
2016-05-31,2027-11-21,2.75,9400.0
2016-05-31,2028-05-21,2.25,7000.0
2016-05-31,2029-04-21,3.25,11499.923
2016-05-31,2033-04-21,4.5,10700.0
2016-05-31,2035-06-21,2.75,5550.0
2016-05-31,2037-04-21,3.75,8500.0
2016-05-31,2039-06-21,3.25,4000.0
2016-06-30,2017-02-15,6.0,11828.305
2016-06-30,2017-07-21,4.25,18899.742
2016-06-30,2018-01-21,5.5,20499.978
2016-06-30,2018-10-21,3.25,18100.0
2016-06-30,2019-03-15,5.25,22946.694
2016-06-30,2019-10-21,2.75,21700.0
2016-06-30,2020-04-15,4.5,23396.736
2016-06-30,2020-11-21,1.75,16200.0
2016-06-30,2021-05-15,5.75,24999.012
2016-06-30,2022-07-15,5.75,21399.907
2016-06-30,2023-04-21,5.5,21299.9
2016-06-30,2024-04-21,2.75,24700.0
2016-06-30,2025-04-21,3.25,26100.0
2016-06-30,2026-04-21,4.25,29100.0
2016-06-30,2027-04-21,4.75,25599.586
2016-06-30,2027-11-21,2.75,10400.0
2016-06-30,2028-05-21,2.25,7000.0
2016-06-30,2029-04-21,3.25,11999.923
2016-06-30,2033-04-21,4.5,10700.0
2016-06-30,2035-06-21,2.75,5550.0
2016-06-30,2037-04-21,3.75,8800.0
2016-06-30,2039-06-21,3.25,4000.0
2016-07-31,2017-02-15,6.0,11828.305
2016-07-31,2017-07-21,4.25,18899.742
2016-07-31,2018-01-21,5.5,20499.978
2016-07-31,2018-10-21,3.25,18100.0
2016-07-31,2019-03-15,5.25,22946.694
2016-07-31,2019-10-21,2.75,21700.0
2016-07-31,2020-04-15,4.5,23996.736
2016-07-31,2020-11-21,1.75,17000.0
2016-07-31,2021-05-15,5.75,25599.012
2016-07-31,2022-07-15,5.75,21399.907
2016-07-31,2023-04-21,5.5,22299.9
2016-07-31,2024-04-21,2.75,24700.0
2016-07-31,2025-04-21,3.25,26100.0
2016-07-31,2026-04-21,4.25,29100.0
2016-07-31,2027-04-21,4.75,25599.586
2016-07-31,2027-11-21,2.75,12400.0
2016-07-31,2028-05-21,2.25,7700.0
2016-07-31,2029-04-21,3.25,12799.923
2016-07-31,2033-04-21,4.5,10700.0
2016-07-31,2035-06-21,2.75,6250.0
2016-07-31,2037-04-21,3.75,9300.0
2016-07-31,2039-06-21,3.25,4000.0
2016-08-31,2017-02-15,6.0,11828.305
2016-08-31,2017-07-21,4.25,14520.572
2016-08-31,2018-01-21,5.5,20499.978
2016-08-31,2018-10-21,3.25,18100.0
2016-08-31,2019-03-15,5.25,22946.694
2016-08-31,2019-10-21,2.75,21700.0
2016-08-31,2020-04-15,4.5,23996.736
2016-08-31,2020-11-21,1.75,17900.0
2016-08-31,2021-05-15,5.75,25599.012
2016-08-31,2022-07-15,5.75,22399.907
2016-08-31,2023-04-21,5.5,23199.9
2016-08-31,2024-04-21,2.75,25500.0
2016-08-31,2025-04-21,3.25,26100.0
2016-08-31,2026-04-21,4.25,30000.0
2016-08-31,2027-04-21,4.75,26599.586
2016-08-31,2027-11-21,2.75,14300.0
2016-08-31,2028-05-21,2.25,8400.0
2016-08-31,2029-04-21,3.25,12799.923
2016-08-31,2033-04-21,4.5,11100.0
2016-08-31,2035-06-21,2.75,6250.0
2016-08-31,2037-04-21,3.75,9300.0
2016-08-31,2039-06-21,3.25,4000.0
2016-09-30,2017-02-15,6.0,11828.305
2016-09-30,2017-07-21,4.25,14520.572
2016-09-30,2018-01-21,5.5,20499.978
2016-09-30,2018-10-21,3.25,17700.0
2016-09-30,2019-03-15,5.25,22946.694
2016-09-30,2019-10-21,2.75,22600.0
2016-09-30,2020-04-15,4.5,24896.736
2016-09-30,2020-11-21,1.75,17900.0
2016-09-30,2021-05-15,5.75,26599.012
2016-09-30,2022-07-15,5.75,22399.907
2016-09-30,2023-04-21,5.5,23199.9
2016-09-30,2024-04-21,2.75,25500.0
2016-09-30,2025-04-21,3.25,26100.0
2016-09-30,2026-04-21,4.25,31000.0
2016-09-30,2027-04-21,4.75,27599.586
2016-09-30,2027-11-21,2.75,15200.0
2016-09-30,2028-05-21,2.25,10100.0
2016-09-30,2029-04-21,3.25,13199.923
2016-09-30,2033-04-21,4.5,11100.0
2016-09-30,2035-06-21,2.75,6250.0
2016-09-30,2037-04-21,3.75,9300.0
2016-09-30,2039-06-21,3.25,4000.0
2016-10-31,2017-02-15,6.0,11828.305
2016-10-31,2017-07-21,4.25,14520.572
2016-10-31,2018-01-21,5.5,20199.978
2016-10-31,2018-10-21,3.25,17700.0
2016-10-31,2019-03-15,5.25,22946.594
2016-10-31,2019-10-21,2.75,22600.0
2016-10-31,2020-04-15,4.5,24896.736
2016-10-31,2020-11-21,1.75,18800.0
2016-10-31,2021-05-15,5.75,27499.012
2016-10-31,2022-07-15,5.75,22699.905
2016-10-31,2023-04-21,5.5,23199.9
2016-10-31,2024-04-21,2.75,25500.0
2016-10-31,2025-04-21,3.25,27000.0
2016-10-31,2026-04-21,4.25,31000.0
2016-10-31,2027-04-21,4.75,27599.586
2016-10-31,2027-11-21,2.75,16200.0
2016-10-31,2028-05-21,2.25,11000.0
2016-10-31,2029-04-21,3.25,13199.923
2016-10-31,2033-04-21,4.5,11100.0
2016-10-31,2035-06-21,2.75,6250.0
2016-10-31,2037-04-21,3.75,9300.0
2016-10-31,2039-06-21,3.25,4000.0
2016-10-31,2047-03-21,3.0,7600.0
2016-11-30,2017-02-15,6.0,11828.305
2016-11-30,2017-07-21,4.25,14520.572
2016-11-30,2018-01-21,5.5,19859.978
2016-11-30,2018-10-21,3.25,17440.0
2016-11-30,2019-03-15,5.25,22946.594
2016-11-30,2019-10-21,2.75,23500.0
2016-11-30,2020-04-15,4.5,25696.736
2016-11-30,2020-11-21,1.75,20200.0
2016-11-30,2021-05-15,5.75,27499.012
2016-11-30,2022-07-15,5.75,22699.905
2016-11-30,2023-04-21,5.5,24099.9
2016-11-30,2024-04-21,2.75,25500.0
2016-11-30,2025-04-21,3.25,27900.0
2016-11-30,2026-04-21,4.25,31000.0
2016-11-30,2027-04-21,4.75,28499.586
2016-11-30,2027-11-21,2.75,17200.0
2016-11-30,2028-05-21,2.25,12900.0
2016-11-30,2029-04-21,3.25,13199.923
2016-11-30,2033-04-21,4.5,11100.0
2016-11-30,2035-06-21,2.75,6250.0
2016-11-30,2037-04-21,3.75,9300.0
2016-11-30,2039-06-21,3.25,4000.0
2016-11-30,2047-03-21,3.0,7600.0
2016-12-31,2017-02-15,6.0,11828.305
2016-12-31,2017-07-21,4.25,14520.572
2016-12-31,2018-01-21,5.5,19859.978
2016-12-31,2018-10-21,3.25,17440.0
2016-12-31,2019-03-15,5.25,22946.594
2016-12-31,2019-10-21,2.75,24400.0
2016-12-31,2020-04-15,4.5,25696.736
2016-12-31,2020-11-21,1.75,21100.0
2016-12-31,2021-05-15,5.75,28099.012
2016-12-31,2022-07-15,5.75,22699.905
2016-12-31,2023-04-21,5.5,24099.9
2016-12-31,2024-04-21,2.75,25500.0
2016-12-31,2025-04-21,3.25,27900.0
2016-12-31,2026-04-21,4.25,31900.0
2016-12-31,2027-04-21,4.75,28499.586
2016-12-31,2027-11-21,2.75,18100.0
2016-12-31,2028-05-21,2.25,13700.0
2016-12-31,2029-04-21,3.25,13199.923
2016-12-31,2033-04-21,4.5,11100.0
2016-12-31,2035-06-21,2.75,6250.0
2016-12-31,2037-04-21,3.75,9300.0
2016-12-31,2039-06-21,3.25,4000.0
2016-12-31,2047-03-21,3.0,7600.0
2017-01-31,2017-02-15,6.0,11828.305
2017-01-31,2017-07-21,4.25,13865.572
2017-01-31,2018-01-21,5.5,17447.728
2017-01-31,2018-10-21,3.25,17340.0
2017-01-31,2019-03-15,5.25,22546.594
2017-01-31,2019-10-21,2.75,24400.0
2017-01-31,2020-04-15,4.5,26196.736
2017-01-31,2020-11-21,1.75,21700.0
2017-01-31,2021-05-15,5.75,28099.012
2017-01-31,2021-12-21,2.0,9300.0
2017-01-31,2022-07-15,5.75,22699.905
2017-01-31,2023-04-21,5.5,24099.9
2017-01-31,2024-04-21,2.75,25500.0
2017-01-31,2025-04-21,3.25,27900.0
2017-01-31,2026-04-21,4.25,31900.0
2017-01-31,2027-04-21,4.75,28499.586
2017-01-31,2027-11-21,2.75,19100.0
2017-01-31,2028-05-21,2.25,14400.0
2017-01-31,2029-04-21,3.25,13799.923
2017-01-31,2033-04-21,4.5,11100.0
2017-01-31,2035-06-21,2.75,6250.0
2017-01-31,2037-04-21,3.75,9300.0
2017-01-31,2039-06-21,3.25,4000.0
2017-01-31,2047-03-21,3.0,7600.0
2017-02-28,2017-07-21,4.25,13865.572
2017-02-28,2018-01-21,5.5,17447.728
2017-02-28,2018-10-21,3.25,17340.0
2017-02-28,2019-03-15,5.25,22546.594
2017-02-28,2019-10-21,2.75,24400.0
2017-02-28,2020-04-15,4.5,26796.736
2017-02-28,2020-11-21,1.75,22300.0
2017-02-28,2021-05-15,5.75,28099.012
2017-02-28,2021-12-21,2.0,9300.0
2017-02-28,2022-07-15,5.75,23299.905
2017-02-28,2023-04-21,5.5,24099.9
2017-02-28,2024-04-21,2.75,25500.0
2017-02-28,2025-04-21,3.25,27900.0
2017-02-28,2026-04-21,4.25,32400.0
2017-02-28,2027-04-21,4.75,28499.586
2017-02-28,2027-11-21,2.75,19900.0
2017-02-28,2028-05-21,2.25,14400.0
2017-02-28,2029-04-21,3.25,14599.923
2017-02-28,2033-04-21,4.5,11400.0
2017-02-28,2035-06-21,2.75,6250.0
2017-02-28,2037-04-21,3.75,9300.0
2017-02-28,2039-06-21,3.25,4000.0
2017-02-28,2047-03-21,3.0,7600.0
2017-03-31,2017-07-21,4.25,13865.572
2017-03-31,2018-01-21,5.5,17447.728
2017-03-31,2018-10-21,3.25,16806.0
2017-03-31,2019-03-15,5.25,21980.594
2017-03-31,2019-10-21,2.75,24400.0
2017-03-31,2020-04-15,4.5,26796.736
2017-03-31,2020-11-21,1.75,23700.0
2017-03-31,2021-05-15,5.75,28699.012
2017-03-31,2021-12-21,2.0,9300.0
2017-03-31,2022-07-15,5.75,23299.905
2017-03-31,2023-04-21,5.5,24099.9
2017-03-31,2024-04-21,2.75,25500.0
2017-03-31,2025-04-21,3.25,27900.0
2017-03-31,2026-04-21,4.25,32400.0
2017-03-31,2027-04-21,4.75,28499.586
2017-03-31,2027-11-21,2.75,20700.0
2017-03-31,2028-05-21,2.25,16000.0
2017-03-31,2028-11-21,2.75,11000.0
2017-03-31,2029-04-21,3.25,15299.923
2017-03-31,2033-04-21,4.5,11400.0
2017-03-31,2035-06-21,2.75,6250.0
2017-03-31,2037-04-21,3.75,9900.0
2017-03-31,2039-06-21,3.25,4000.0
2017-03-31,2047-03-21,3.0,8100.0
2017-04-30,2017-07-21,4.25,13865.572
2017-04-30,2018-01-21,5.5,17447.728
2017-04-30,2018-10-21,3.25,16613.0
2017-04-30,2019-03-15,5.25,21773.594
2017-04-30,2019-10-21,2.75,24400.0
2017-04-30,2020-04-15,4.5,26796.736
2017-04-30,2020-11-21,1.75,24500.0
2017-04-30,2021-05-15,5.75,29299.002
2017-04-30,2021-12-21,2.0,10500.0
2017-04-30,2022-07-15,5.75,23299.905
2017-04-30,2023-04-21,5.5,24099.9
2017-04-30,2024-04-21,2.75,25500.0
2017-04-30,2025-04-21,3.25,27900.0
2017-04-30,2026-04-21,4.25,32400.0
2017-04-30,2027-04-21,4.75,28499.566
2017-04-30,2027-11-21,2.75,21500.0
2017-04-30,2028-05-21,2.25,16000.0
2017-04-30,2028-11-21,2.75,11800.0
2017-04-30,2029-04-21,3.25,15299.923
2017-04-30,2033-04-21,4.5,12100.0
2017-04-30,2035-06-21,2.75,6250.0
2017-04-30,2037-04-21,3.75,9900.0
2017-04-30,2039-06-21,3.25,4000.0
2017-04-30,2047-03-21,3.0,8100.0
2017-05-31,2017-07-21,4.25,13865.572
2017-05-31,2018-01-21,5.5,17447.728
2017-05-31,2018-10-21,3.25,16352.0
2017-05-31,2019-03-15,5.25,21233.484
2017-05-31,2019-10-21,2.75,24400.0
2017-05-31,2020-04-15,4.5,27396.736
2017-05-31,2020-11-21,1.75,25100.0
2017-05-31,2021-05-15,5.75,29299.002
2017-05-31,2021-12-21,2.0,12200.0
2017-05-31,2022-07-15,5.75,24099.905
2017-05-31,2023-04-21,5.5,24099.9
2017-05-31,2024-04-21,2.75,25500.0
2017-05-31,2025-04-21,3.25,27900.0
2017-05-31,2026-04-21,4.25,32400.0
2017-05-31,2027-04-21,4.75,28499.566
2017-05-31,2027-11-21,2.75,22300.0
2017-05-31,2028-05-21,2.25,16000.0
2017-05-31,2028-11-21,2.75,12400.0
2017-05-31,2029-04-21,3.25,16099.923
2017-05-31,2033-04-21,4.5,12600.0
2017-05-31,2035-06-21,2.75,6550.0
2017-05-31,2037-04-21,3.75,10400.0
2017-05-31,2039-06-21,3.25,4000.0
2017-05-31,2047-03-21,3.0,8100.0
2017-06-30,2017-07-21,4.25,13865.572
2017-06-30,2018-01-21,5.5,17302.728
2017-06-30,2018-10-21,3.25,15797.0
2017-06-30,2019-03-15,5.25,21133.484
2017-06-30,2019-10-21,2.75,24400.0
2017-06-30,2020-04-15,4.5,27996.725
2017-06-30,2020-11-21,1.75,25700.0
2017-06-30,2021-05-15,5.75,29299.002
2017-06-30,2021-12-21,2.0,12800.0
2017-06-30,2022-07-15,5.75,24099.905
2017-06-30,2023-04-21,5.5,24099.9
2017-06-30,2024-04-21,2.75,25500.0
2017-06-30,2025-04-21,3.25,27900.0
2017-06-30,2026-04-21,4.25,32400.0
2017-06-30,2027-04-21,4.75,28499.566
2017-06-30,2027-11-21,2.75,23100.0
2017-06-30,2028-05-21,2.25,17600.0
2017-06-30,2028-11-21,2.75,14000.0
2017-06-30,2029-04-21,3.25,16499.923
2017-06-30,2033-04-21,4.5,12600.0
2017-06-30,2035-06-21,2.75,6550.0
2017-06-30,2037-04-21,3.75,10800.0
2017-06-30,2039-06-21,3.25,4000.0
2017-06-30,2047-03-21,3.0,8100.0
2017-07-31,2018-01-21,5.5,17302.728
2017-07-31,2018-10-21,3.25,15567.0
2017-07-31,2019-03-15,5.25,20863.484
2017-07-31,2019-10-21,2.75,24400.0
2017-07-31,2020-04-15,4.5,27996.725
2017-07-31,2020-11-21,1.75,25700.0
2017-07-31,2021-05-15,5.75,29299.002
2017-07-31,2021-12-21,2.0,13900.0
2017-07-31,2022-07-15,5.75,24099.905
2017-07-31,2023-04-21,5.5,24099.9
2017-07-31,2024-04-21,2.75,25500.0
2017-07-31,2025-04-21,3.25,27900.0
2017-07-31,2026-04-21,4.25,32400.0
2017-07-31,2027-04-21,4.75,28499.566
2017-07-31,2027-11-21,2.75,23100.0
2017-07-31,2028-05-21,2.25,17600.0
2017-07-31,2028-11-21,2.75,14900.0
2017-07-31,2029-04-21,3.25,17299.923
2017-07-31,2033-04-21,4.5,12600.0
2017-07-31,2035-06-21,2.75,6550.0
2017-07-31,2037-04-21,3.75,10800.0
2017-07-31,2039-06-21,3.25,6300.0
2017-07-31,2047-03-21,3.0,8100.0
2017-08-31,2018-01-21,5.5,17302.728
2017-08-31,2018-10-21,3.25,14847.0
2017-08-31,2019-03-15,5.25,20683.484
2017-08-31,2019-10-21,2.75,24400.0
2017-08-31,2020-04-15,4.5,27996.725
2017-08-31,2020-11-21,1.75,26800.0
2017-08-31,2021-05-15,5.75,29299.002
2017-08-31,2021-12-21,2.0,14400.0
2017-08-31,2022-07-15,5.75,24599.905
2017-08-31,2023-04-21,5.5,24099.9
2017-08-31,2024-04-21,2.75,25500.0
2017-08-31,2025-04-21,3.25,27900.0
2017-08-31,2026-04-21,4.25,32400.0
2017-08-31,2027-04-21,4.75,28499.566
2017-08-31,2027-11-21,2.75,24000.0
2017-08-31,2028-05-21,2.25,18800.0
2017-08-31,2028-11-21,2.75,16600.0
2017-08-31,2029-04-21,3.25,18199.923
2017-08-31,2033-04-21,4.5,12600.0
2017-08-31,2035-06-21,2.75,6950.0
2017-08-31,2037-04-21,3.75,10800.0
2017-08-31,2039-06-21,3.25,6300.0
2017-08-31,2047-03-21,3.0,8100.0
2017-09-30,2018-01-21,5.5,13802.728
2017-09-30,2018-10-21,3.25,14331.0
2017-09-30,2019-03-15,5.25,20255.484
2017-09-30,2019-10-21,2.75,23444.0
2017-09-30,2020-04-15,4.5,27996.725
2017-09-30,2020-11-21,1.75,26800.0
2017-09-30,2021-05-15,5.75,29799.002
2017-09-30,2021-12-21,2.0,15500.0
2017-09-30,2022-07-15,5.75,24599.905
2017-09-30,2023-04-21,5.5,24099.9
2017-09-30,2024-04-21,2.75,25500.0
2017-09-30,2025-04-21,3.25,27900.0
2017-09-30,2026-04-21,4.25,32400.0
2017-09-30,2027-04-21,4.75,28499.566
2017-09-30,2027-11-21,2.75,25600.0
2017-09-30,2028-05-21,2.25,20500.0
2017-09-30,2028-11-21,2.75,17500.0
2017-09-30,2029-04-21,3.25,18899.923
2017-09-30,2033-04-21,4.5,13100.0
2017-09-30,2035-06-21,2.75,6950.0
2017-09-30,2037-04-21,3.75,10800.0
2017-09-30,2039-06-21,3.25,6300.0
2017-09-30,2047-03-21,3.0,8100.0
2017-10-31,2018-01-21,5.5,10914.742
2017-10-31,2018-10-21,3.25,14169.0
2017-10-31,2019-03-15,5.25,19811.484
2017-10-31,2019-10-21,2.75,22450.0
2017-10-31,2020-04-15,4.5,27996.725
2017-10-31,2020-11-21,1.75,26800.0
2017-10-31,2021-05-15,5.75,29799.002
2017-10-31,2021-12-21,2.0,15500.0
2017-10-31,2022-07-15,5.75,24599.905
2017-10-31,2022-11-21,2.25,3500.0
2017-10-31,2023-04-21,5.5,24099.9
2017-10-31,2024-04-21,2.75,25500.0
2017-10-31,2025-04-21,3.25,27900.0
2017-10-31,2026-04-21,4.25,32400.0
2017-10-31,2027-04-21,4.75,29199.566
2017-10-31,2027-11-21,2.75,26300.0
2017-10-31,2028-05-21,2.25,21200.0
2017-10-31,2028-11-21,2.75,19300.0
2017-10-31,2029-04-21,3.25,18899.923
2017-10-31,2033-04-21,4.5,13100.0
2017-10-31,2035-06-21,2.75,6950.0
2017-10-31,2037-04-21,3.75,10800.0
2017-10-31,2039-06-21,3.25,6300.0
2017-10-31,2047-03-21,3.0,10200.0
2017-11-30,2018-01-21,5.5,10914.742
2017-11-30,2018-10-21,3.25,13612.0
2017-11-30,2019-03-15,5.25,19338.439
2017-11-30,2019-10-21,2.75,22180.0
2017-11-30,2020-04-15,4.5,27996.725
2017-11-30,2020-11-21,1.75,26800.0
2017-11-30,2021-05-15,5.75,29798.84
2017-11-30,2021-12-21,2.0,16500.0
2017-11-30,2022-07-15,5.75,24599.82
2017-11-30,2022-11-21,2.25,5000.0
2017-11-30,2023-04-21,5.5,24099.9
2017-11-30,2024-04-21,2.75,25500.0
2017-11-30,2025-04-21,3.25,27900.0
2017-11-30,2026-04-21,4.25,32400.0
2017-11-30,2027-04-21,4.75,29199.566
2017-11-30,2027-11-21,2.75,27200.0
2017-11-30,2028-05-21,2.25,23000.0
2017-11-30,2028-11-21,2.75,20300.0
2017-11-30,2029-04-21,3.25,19799.923
2017-11-30,2033-04-21,4.5,13500.0
2017-11-30,2035-06-21,2.75,6950.0
2017-11-30,2037-04-21,3.75,11200.0
2017-11-30,2039-06-21,3.25,6300.0
2017-11-30,2047-03-21,3.0,10200.0
2017-12-31,2018-01-21,5.5,10914.742
2017-12-31,2018-10-21,3.25,12997.0
2017-12-31,2019-03-15,5.25,19053.439
2017-12-31,2019-10-21,2.75,22180.0
2017-12-31,2020-04-15,4.5,27996.725
2017-12-31,2020-11-21,1.75,26800.0
2017-12-31,2021-05-15,5.75,29798.84
2017-12-31,2021-12-21,2.0,17000.0
2017-12-31,2022-07-15,5.75,24599.82
2017-12-31,2022-11-21,2.25,7000.0
2017-12-31,2023-04-21,5.5,24099.9
2017-12-31,2024-04-21,2.75,25500.0
2017-12-31,2025-04-21,3.25,27900.0
2017-12-31,2026-04-21,4.25,32400.0
2017-12-31,2027-04-21,4.75,29199.566
2017-12-31,2027-11-21,2.75,27200.0
2017-12-31,2028-05-21,2.25,23900.0
2017-12-31,2028-11-21,2.75,21200.0
2017-12-31,2029-04-21,3.25,20199.923
2017-12-31,2033-04-21,4.5,13500.0
2017-12-31,2035-06-21,2.75,6950.0
2017-12-31,2037-04-21,3.75,11200.0
2017-12-31,2039-06-21,3.25,6300.0
2017-12-31,2047-03-21,3.0,10700.0
2018-01-31,2018-10-21,3.25,12975.0
2018-01-31,2019-03-15,5.25,17249.439
2018-01-31,2019-10-21,2.75,21015.0
2018-01-31,2020-04-15,4.5,27996.725
2018-01-31,2020-11-21,1.75,26800.0
2018-01-31,2021-05-15,5.75,29798.684
2018-01-31,2021-12-21,2.0,17000.0
2018-01-31,2022-07-15,5.75,24599.82
2018-01-31,2022-11-21,2.25,7000.0
2018-01-31,2023-04-21,5.5,24099.9
2018-01-31,2024-04-21,2.75,25500.0
2018-01-31,2025-04-21,3.25,27900.0
2018-01-31,2026-04-21,4.25,32400.0
2018-01-31,2027-04-21,4.75,29199.566
2018-01-31,2027-11-21,2.75,27200.0
2018-01-31,2028-05-21,2.25,23900.0
2018-01-31,2028-11-21,2.75,21200.0
2018-01-31,2029-04-21,3.25,20199.923
2018-01-31,2029-11-21,2.75,9600.0
2018-01-31,2033-04-21,4.5,13500.0
2018-01-31,2035-06-21,2.75,6950.0
2018-01-31,2037-04-21,3.75,11200.0
2018-01-31,2039-06-21,3.25,6300.0
2018-01-31,2047-03-21,3.0,10700.0
2018-02-28,2018-10-21,3.25,12975.0
2018-02-28,2019-03-15,5.25,16757.439
2018-02-28,2019-10-21,2.75,20707.0
2018-02-28,2020-04-15,4.5,27996.725
2018-02-28,2020-11-21,1.75,26800.0
2018-02-28,2021-05-15,5.75,30198.684
2018-02-28,2021-12-21,2.0,17400.0
2018-02-28,2022-07-15,5.75,24999.82
2018-02-28,2022-11-21,2.25,7000.0
2018-02-28,2023-04-21,5.5,24099.9
2018-02-28,2024-04-21,2.75,25500.0
2018-02-28,2025-04-21,3.25,27900.0
2018-02-28,2026-04-21,4.25,32400.0
2018-02-28,2027-04-21,4.75,29199.566
2018-02-28,2027-11-21,2.75,27600.0
2018-02-28,2028-05-21,2.25,24500.0
2018-02-28,2028-11-21,2.75,22400.0
2018-02-28,2029-04-21,3.25,20199.923
2018-02-28,2029-11-21,2.75,9600.0
2018-02-28,2033-04-21,4.5,13900.0
2018-02-28,2035-06-21,2.75,6950.0
2018-02-28,2037-04-21,3.75,11200.0
2018-02-28,2039-06-21,3.25,6300.0
2018-02-28,2047-03-21,3.0,11200.0
2018-03-31,2018-10-21,3.25,12975.0
2018-03-31,2019-03-15,5.25,16399.424
2018-03-31,2019-10-21,2.75,20707.0
2018-03-31,2020-04-15,4.5,27554.725
2018-03-31,2020-11-21,1.75,26800.0
2018-03-31,2021-05-15,5.75,30198.595
2018-03-31,2021-12-21,2.0,17400.0
2018-03-31,2022-07-15,5.75,24999.82
2018-03-31,2022-11-21,2.25,9000.0
2018-03-31,2023-04-21,5.5,24099.9
2018-03-31,2024-04-21,2.75,25500.0
2018-03-31,2025-04-21,3.25,27900.0
2018-03-31,2026-04-21,4.25,32400.0
2018-03-31,2027-04-21,4.75,29699.566
2018-03-31,2027-11-21,2.75,27600.0
2018-03-31,2028-05-21,2.25,25300.0
2018-03-31,2028-11-21,2.75,22900.0
2018-03-31,2029-04-21,3.25,20699.923
2018-03-31,2029-11-21,2.75,9600.0
2018-03-31,2033-04-21,4.5,13900.0
2018-03-31,2035-06-21,2.75,6950.0
2018-03-31,2037-04-21,3.75,11200.0
2018-03-31,2039-06-21,3.25,6300.0
2018-03-31,2047-03-21,3.0,11200.0
2018-04-30,2018-10-21,3.25,12975.0
2018-04-30,2019-03-15,5.25,16399.424
2018-04-30,2019-10-21,2.75,19988.0
2018-04-30,2020-04-15,4.5,27173.722
2018-04-30,2020-11-21,1.75,26800.0
2018-04-30,2021-05-15,5.75,30198.595
2018-04-30,2021-12-21,2.0,17800.0
2018-04-30,2022-07-15,5.75,24999.82
2018-04-30,2022-11-21,2.25,10000.0
2018-04-30,2023-04-21,5.5,24099.9
2018-04-30,2024-04-21,2.75,25500.0
2018-04-30,2025-04-21,3.25,27900.0
2018-04-30,2026-04-21,4.25,32400.0
2018-04-30,2027-04-21,4.75,29699.566
2018-04-30,2027-11-21,2.75,28000.0
2018-04-30,2028-05-21,2.25,25900.0
2018-04-30,2028-11-21,2.75,23500.0
2018-04-30,2029-04-21,3.25,21699.923
2018-04-30,2029-11-21,2.75,9600.0
2018-04-30,2033-04-21,4.5,13900.0
2018-04-30,2035-06-21,2.75,6950.0
2018-04-30,2037-04-21,3.75,11200.0
2018-04-30,2039-06-21,3.25,6300.0
2018-04-30,2047-03-21,3.0,11800.0
2018-05-31,2018-10-21,3.25,12975.0
2018-05-31,2019-03-15,5.25,16210.424
2018-05-31,2019-10-21,2.75,19505.0
2018-05-31,2020-04-15,4.5,27045.722
2018-05-31,2020-11-21,1.75,26800.0
2018-05-31,2021-05-15,5.75,30198.595
2018-05-31,2021-12-21,2.0,17800.0
2018-05-31,2022-07-15,5.75,24999.82
2018-05-31,2022-11-21,2.25,10900.0
2018-05-31,2023-04-21,5.5,24099.9
2018-05-31,2024-04-21,2.75,25500.0
2018-05-31,2025-04-21,3.25,27900.0
2018-05-31,2026-04-21,4.25,32400.0
2018-05-31,2027-04-21,4.75,29699.566
2018-05-31,2027-11-21,2.75,28000.0
2018-05-31,2028-05-21,2.25,26300.0
2018-05-31,2028-11-21,2.75,23500.0
2018-05-31,2029-04-21,3.25,22699.923
2018-05-31,2029-11-21,2.75,10700.0
2018-05-31,2033-04-21,4.5,13900.0
2018-05-31,2035-06-21,2.75,6950.0
2018-05-31,2037-04-21,3.75,11200.0
2018-05-31,2039-06-21,3.25,8000.0
2018-05-31,2047-03-21,3.0,12200.0
2018-06-30,2018-10-21,3.25,12975.0
2018-06-30,2019-03-15,5.25,16210.424
2018-06-30,2019-10-21,2.75,18308.0
2018-06-30,2020-04-15,4.5,26642.721
2018-06-30,2020-11-21,1.75,26800.0
2018-06-30,2021-05-15,5.75,30198.58
2018-06-30,2021-12-21,2.0,17800.0
2018-06-30,2022-07-15,5.75,24999.82
2018-06-30,2022-11-21,2.25,11600.0
2018-06-30,2023-04-21,5.5,24099.9
2018-06-30,2024-04-21,2.75,25500.0
2018-06-30,2025-04-21,3.25,27900.0
2018-06-30,2026-04-21,4.25,32400.0
2018-06-30,2027-04-21,4.75,29699.566
2018-06-30,2027-11-21,2.75,28000.0
2018-06-30,2028-05-21,2.25,26300.0
2018-06-30,2028-11-21,2.75,23500.0
2018-06-30,2029-04-21,3.25,22699.923
2018-06-30,2029-11-21,2.75,11500.0
2018-06-30,2030-05-21,2.5,3500.0
2018-06-30,2033-04-21,4.5,13900.0
2018-06-30,2035-06-21,2.75,6950.0
2018-06-30,2037-04-21,3.75,11200.0
2018-06-30,2039-06-21,3.25,8000.0
2018-06-30,2047-03-21,3.0,12500.0
2018-07-31,2018-10-21,3.25,9625.2
2018-07-31,2019-03-15,5.25,16210.285
2018-07-31,2019-10-21,2.75,17206.318
2018-07-31,2020-04-15,4.5,25395.716
2018-07-31,2020-11-21,1.75,26800.0
2018-07-31,2021-05-15,5.75,30198.58
2018-07-31,2021-12-21,2.0,17800.0
2018-07-31,2022-07-15,5.75,24999.82
2018-07-31,2022-11-21,2.25,11900.0
2018-07-31,2023-04-21,5.5,24099.82
2018-07-31,2024-04-21,2.75,25500.0
2018-07-31,2025-04-21,3.25,27900.0
2018-07-31,2026-04-21,4.25,32400.0
2018-07-31,2027-04-21,4.75,29699.566
2018-07-31,2027-11-21,2.75,28000.0
2018-07-31,2028-05-21,2.25,26300.0
2018-07-31,2028-11-21,2.75,23500.0
2018-07-31,2029-04-21,3.25,22699.803
2018-07-31,2029-11-21,2.75,12300.0
2018-07-31,2030-05-21,2.5,3500.0
2018-07-31,2033-04-21,4.5,13900.0
2018-07-31,2035-06-21,2.75,6950.0
2018-07-31,2037-04-21,3.75,11200.0
2018-07-31,2039-06-21,3.25,8000.0
2018-07-31,2041-05-21,2.75,3600.0
2018-07-31,2047-03-21,3.0,12500.0
2018-08-31,2018-10-21,3.25,9625.2
2018-08-31,2019-03-15,5.25,13210.237
2018-08-31,2019-10-21,2.75,16531.318
2018-08-31,2020-04-15,4.5,25170.716
2018-08-31,2020-11-21,1.75,26800.0
2018-08-31,2021-05-15,5.75,30198.491
2018-08-31,2021-12-21,2.0,17800.0
2018-08-31,2022-07-15,5.75,24999.82
2018-08-31,2022-11-21,2.25,13900.0
2018-08-31,2023-04-21,5.5,24099.82
2018-08-31,2024-04-21,2.75,25500.0
2018-08-31,2025-04-21,3.25,27900.0
2018-08-31,2026-04-21,4.25,32400.0
2018-08-31,2027-04-21,4.75,29699.566
2018-08-31,2027-11-21,2.75,28000.0
2018-08-31,2028-05-21,2.25,26800.0
2018-08-31,2028-11-21,2.75,23500.0
2018-08-31,2029-04-21,3.25,22699.803
2018-08-31,2029-11-21,2.75,14300.0
2018-08-31,2030-05-21,2.5,4500.0
2018-08-31,2033-04-21,4.5,13900.0
2018-08-31,2035-06-21,2.75,6950.0
2018-08-31,2037-04-21,3.75,11600.0
2018-08-31,2039-06-21,3.25,8000.0
2018-08-31,2041-05-21,2.75,3600.0
2018-08-31,2047-03-21,3.0,12500.0
2018-09-30,2018-10-21,3.25,9625.2
2018-09-30,2019-03-15,5.25,13210.237
2018-09-30,2019-10-21,2.75,15732.318
2018-09-30,2020-04-15,4.5,24569.716
2018-09-30,2020-11-21,1.75,26800.0
2018-09-30,2021-05-15,5.75,30198.491
2018-09-30,2021-12-21,2.0,17800.0
2018-09-30,2022-07-15,5.75,24999.82
2018-09-30,2022-11-21,2.25,14500.0
2018-09-30,2023-04-21,5.5,24099.82
2018-09-30,2024-04-21,2.75,25500.0
2018-09-30,2025-04-21,3.25,27900.0
2018-09-30,2026-04-21,4.25,32400.0
2018-09-30,2027-04-21,4.75,29699.566
2018-09-30,2027-11-21,2.75,28000.0
2018-09-30,2028-05-21,2.25,27800.0
2018-09-30,2028-11-21,2.75,23500.0
2018-09-30,2029-04-21,3.25,22699.803
2018-09-30,2029-11-21,2.75,15100.0
2018-09-30,2030-05-21,2.5,7000.0
2018-09-30,2033-04-21,4.5,13900.0
2018-09-30,2035-06-21,2.75,6950.0
2018-09-30,2037-04-21,3.75,11600.0
2018-09-30,2039-06-21,3.25,8000.0
2018-09-30,2041-05-21,2.75,3600.0
2018-09-30,2047-03-21,3.0,12500.0
2018-10-31,2019-03-15,5.25,13210.237
2018-10-31,2019-10-21,2.75,14932.318
2018-10-31,2020-04-15,4.5,24569.716
2018-10-31,2020-11-21,1.75,26600.0
2018-10-31,2021-05-15,5.75,30198.489
2018-10-31,2021-12-21,2.0,17800.0
2018-10-31,2022-07-15,5.75,24999.82
2018-10-31,2022-11-21,2.25,15500.0
2018-10-31,2023-04-21,5.5,24099.82
2018-10-31,2024-04-21,2.75,25500.0
2018-10-31,2025-04-21,3.25,27900.0
2018-10-31,2026-04-21,4.25,32400.0
2018-10-31,2027-04-21,4.75,29699.566
2018-10-31,2027-11-21,2.75,28000.0
2018-10-31,2028-05-21,2.25,27800.0
2018-10-31,2028-11-21,2.75,24000.0
2018-10-31,2029-04-21,3.25,23199.803
2018-10-31,2029-11-21,2.75,16100.0
2018-10-31,2030-05-21,2.5,9000.0
2018-10-31,2033-04-21,4.5,13900.0
2018-10-31,2035-06-21,2.75,6950.0
2018-10-31,2037-04-21,3.75,11600.0
2018-10-31,2039-06-21,3.25,8000.0
2018-10-31,2041-05-21,2.75,3600.0
2018-10-31,2047-03-21,3.0,12500.0
2018-11-30,2019-03-15,5.25,13210.237
2018-11-30,2019-10-21,2.75,14932.318
2018-11-30,2020-04-15,4.5,23618.716
2018-11-30,2020-11-21,1.75,25451.0
2018-11-30,2021-05-15,5.75,30198.489
2018-11-30,2021-12-21,2.0,17800.0
2018-11-30,2022-07-15,5.75,24999.82
2018-11-30,2022-11-21,2.25,16500.0
2018-11-30,2023-04-21,5.5,24099.82
2018-11-30,2024-04-21,2.75,25500.0
2018-11-30,2025-04-21,3.25,27900.0
2018-11-30,2026-04-21,4.25,32400.0
2018-11-30,2027-04-21,4.75,29699.566
2018-11-30,2027-11-21,2.75,28000.0
2018-11-30,2028-05-21,2.25,27800.0
2018-11-30,2028-11-21,2.75,25600.0
2018-11-30,2029-04-21,3.25,25199.803
2018-11-30,2029-11-21,2.75,17100.0
2018-11-30,2030-05-21,2.5,10000.0
2018-11-30,2033-04-21,4.5,13900.0
2018-11-30,2035-06-21,2.75,6950.0
2018-11-30,2037-04-21,3.75,11600.0
2018-11-30,2039-06-21,3.25,8000.0
2018-11-30,2041-05-21,2.75,3600.0
2018-11-30,2047-03-21,3.0,13000.0
2018-12-31,2019-03-15,5.25,13210.237
2018-12-31,2019-10-21,2.75,14932.318
2018-12-31,2020-04-15,4.5,23313.716
2018-12-31,2020-11-21,1.75,25056.0
2018-12-31,2021-05-15,5.75,30198.489
2018-12-31,2021-12-21,2.0,17800.0
2018-12-31,2022-07-15,5.75,24999.82
2018-12-31,2022-11-21,2.25,16500.0
2018-12-31,2023-04-21,5.5,24099.82
2018-12-31,2024-04-21,2.75,25500.0
2018-12-31,2025-04-21,3.25,27900.0
2018-12-31,2026-04-21,4.25,32400.0
2018-12-31,2027-04-21,4.75,29699.566
2018-12-31,2027-11-21,2.75,28000.0
2018-12-31,2028-05-21,2.25,27800.0
2018-12-31,2028-11-21,2.75,25600.0
2018-12-31,2029-04-21,3.25,25899.803
2018-12-31,2029-11-21,2.75,18100.0
2018-12-31,2030-05-21,2.5,11000.0
2018-12-31,2033-04-21,4.5,13900.0
2018-12-31,2035-06-21,2.75,6950.0
2018-12-31,2037-04-21,3.75,11600.0
2018-12-31,2039-06-21,3.25,8000.0
2018-12-31,2041-05-21,2.75,3600.0
2018-12-31,2047-03-21,3.0,13000.0
2019-01-31,2019-03-15,5.25,13210.237
2019-01-31,2019-10-21,2.75,14932.318
2019-01-31,2020-04-15,4.5,22485.716
2019-01-31,2020-11-21,1.75,24184.0
2019-01-31,2021-05-15,5.75,30198.489
2019-01-31,2021-12-21,2.0,17800.0
2019-01-31,2022-07-15,5.75,24999.82
2019-01-31,2022-11-21,2.25,16500.0
2019-01-31,2023-04-21,5.5,24099.82
2019-01-31,2024-04-21,2.75,26200.0
2019-01-31,2025-04-21,3.25,27900.0
2019-01-31,2026-04-21,4.25,32400.0
2019-01-31,2027-04-21,4.75,29699.566
2019-01-31,2027-11-21,2.75,28000.0
2019-01-31,2028-05-21,2.25,27800.0
2019-01-31,2028-11-21,2.75,25600.0
2019-01-31,2029-04-21,3.25,25899.803
2019-01-31,2029-11-21,2.75,19000.0
2019-01-31,2030-05-21,2.5,12000.0
2019-01-31,2033-04-21,4.5,13900.0
2019-01-31,2035-06-21,2.75,6950.0
2019-01-31,2037-04-21,3.75,11600.0
2019-01-31,2039-06-21,3.25,8000.0
2019-01-31,2041-05-21,2.75,3600.0
2019-01-31,2047-03-21,3.0,13000.0
2019-02-28,2019-03-15,5.25,13210.237
2019-02-28,2019-10-21,2.75,14932.318
2019-02-28,2020-04-15,4.5,21995.716
2019-02-28,2020-11-21,1.75,23874.0
2019-02-28,2021-05-15,5.75,30198.489
2019-02-28,2021-12-21,2.0,17800.0
2019-02-28,2022-07-15,5.75,24999.82
2019-02-28,2022-11-21,2.25,16500.0
2019-02-28,2023-04-21,5.5,24099.82
2019-02-28,2024-04-21,2.75,26200.0
2019-02-28,2025-04-21,3.25,27900.0
2019-02-28,2026-04-21,4.25,32400.0
2019-02-28,2027-04-21,4.75,29699.566
2019-02-28,2027-11-21,2.75,28000.0
2019-02-28,2028-05-21,2.25,28200.0
2019-02-28,2028-11-21,2.75,25600.0
2019-02-28,2029-04-21,3.25,25899.803
2019-02-28,2029-11-21,2.75,19900.0
2019-02-28,2030-05-21,2.5,13800.0
2019-02-28,2033-04-21,4.5,13900.0
2019-02-28,2035-06-21,2.75,7350.0
2019-02-28,2037-04-21,3.75,12000.0
2019-02-28,2039-06-21,3.25,8400.0
2019-02-28,2041-05-21,2.75,3600.0
2019-02-28,2047-03-21,3.0,13000.0
2019-03-31,2019-10-21,2.75,14932.318
2019-03-31,2020-04-15,4.5,21682.716
2019-03-31,2020-11-21,1.75,23302.0
2019-03-31,2021-05-15,5.75,29583.474
2019-03-31,2021-12-21,2.0,17800.0
2019-03-31,2022-07-15,5.75,24999.82
2019-03-31,2022-11-21,2.25,16500.0
2019-03-31,2023-04-21,5.5,24499.82
2019-03-31,2024-04-21,2.75,26700.0
2019-03-31,2025-04-21,3.25,27900.0
2019-03-31,2026-04-21,4.25,32400.0
2019-03-31,2027-04-21,4.75,29699.566
2019-03-31,2027-11-21,2.75,28000.0
2019-03-31,2028-05-21,2.25,28200.0
2019-03-31,2028-11-21,2.75,25600.0
2019-03-31,2029-04-21,3.25,26999.803
2019-03-31,2029-11-21,2.75,20800.0
2019-03-31,2030-05-21,2.5,15600.0
2019-03-31,2033-04-21,4.5,13900.0
2019-03-31,2035-06-21,2.75,7350.0
2019-03-31,2037-04-21,3.75,12000.0
2019-03-31,2039-06-21,3.25,8400.0
2019-03-31,2041-05-21,2.75,3600.0
2019-03-31,2047-03-21,3.0,13000.0
2019-04-30,2019-10-21,2.75,14932.318
2019-04-30,2020-04-15,4.5,19798.716
2019-04-30,2020-11-21,1.75,23052.0
2019-04-30,2021-05-15,5.75,29017.474
2019-04-30,2021-12-21,2.0,17800.0
2019-04-30,2022-07-15,5.75,24999.82
2019-04-30,2022-11-21,2.25,16500.0
2019-04-30,2023-04-21,5.5,25199.82
2019-04-30,2024-04-21,2.75,26700.0
2019-04-30,2025-04-21,3.25,27900.0
2019-04-30,2026-04-21,4.25,32400.0
2019-04-30,2027-04-21,4.75,29699.566
2019-04-30,2027-11-21,2.75,28000.0
2019-04-30,2028-05-21,2.25,28200.0
2019-04-30,2028-11-21,2.75,25600.0
2019-04-30,2029-04-21,3.25,26999.803
2019-04-30,2029-11-21,2.75,21700.0
2019-04-30,2030-05-21,2.5,17300.0
2019-04-30,2033-04-21,4.5,13900.0
2019-04-30,2035-06-21,2.75,7750.0
2019-04-30,2037-04-21,3.75,12000.0
2019-04-30,2039-06-21,3.25,8700.0
2019-04-30,2041-05-21,2.75,3600.0
2019-04-30,2047-03-21,3.0,13000.0
2019-05-31,2019-10-21,2.75,14932.318
2019-05-31,2020-04-15,4.5,19698.716
2019-05-31,2020-11-21,1.75,22152.0
2019-05-31,2021-05-15,5.75,29017.474
2019-05-31,2021-12-21,2.0,17800.0
2019-05-31,2022-07-15,5.75,24999.82
2019-05-31,2022-11-21,2.25,16500.0
2019-05-31,2023-04-21,5.5,25199.82
2019-05-31,2024-04-21,2.75,27600.0
2019-05-31,2025-04-21,3.25,27900.0
2019-05-31,2026-04-21,4.25,32400.0
2019-05-31,2027-04-21,4.75,29699.566
2019-05-31,2027-11-21,2.75,28000.0
2019-05-31,2028-05-21,2.25,28200.0
2019-05-31,2028-11-21,2.75,25600.0
2019-05-31,2029-04-21,3.25,26999.803
2019-05-31,2029-11-21,2.75,22600.0
2019-05-31,2030-05-21,2.5,18700.0
2019-05-31,2031-06-21,1.5,3000.0
2019-05-31,2033-04-21,4.5,13900.0
2019-05-31,2035-06-21,2.75,7750.0
2019-05-31,2037-04-21,3.75,12000.0
2019-05-31,2039-06-21,3.25,8700.0
2019-05-31,2041-05-21,2.75,3600.0
2019-05-31,2047-03-21,3.0,13000.0
2019-06-30,2019-10-21,2.75,14932.318
2019-06-30,2020-04-15,4.5,19361.716
2019-06-30,2020-11-21,1.75,21889.0
2019-06-30,2021-05-15,5.75,29017.464
2019-06-30,2021-12-21,2.0,17800.0
2019-06-30,2022-07-15,5.75,24999.709
2019-06-30,2022-11-21,2.25,16500.0
2019-06-30,2023-04-21,5.5,25199.709
2019-06-30,2024-04-21,2.75,27600.0
2019-06-30,2025-04-21,3.25,27900.0
2019-06-30,2026-04-21,4.25,32400.0
2019-06-30,2027-04-21,4.75,29699.566
2019-06-30,2027-11-21,2.75,28000.0
2019-06-30,2028-05-21,2.25,28200.0
2019-06-30,2028-11-21,2.75,25600.0
2019-06-30,2029-04-21,3.25,26999.803
2019-06-30,2029-11-21,2.75,22600.0
2019-06-30,2030-05-21,2.5,19600.0
2019-06-30,2031-06-21,1.5,5000.0
2019-06-30,2033-04-21,4.5,13900.0
2019-06-30,2035-06-21,2.75,7750.0
2019-06-30,2037-04-21,3.75,12000.0
2019-06-30,2039-06-21,3.25,8700.0
2019-06-30,2041-05-21,2.75,3600.0
2019-06-30,2047-03-21,3.0,13000.0
2019-07-31,2019-10-21,2.75,14932.318
2019-07-31,2020-04-15,4.5,19361.716
2019-07-31,2020-11-21,1.75,21441.0
2019-07-31,2021-05-15,5.75,28465.464
2019-07-31,2021-12-21,2.0,17800.0
2019-07-31,2022-07-15,5.75,24999.709
2019-07-31,2022-11-21,2.25,16500.0
2019-07-31,2023-04-21,5.5,25199.709
2019-07-31,2024-04-21,2.75,27600.0
2019-07-31,2025-04-21,3.25,27900.0
2019-07-31,2026-04-21,4.25,32400.0
2019-07-31,2027-04-21,4.75,29699.566
2019-07-31,2027-11-21,2.75,28000.0
2019-07-31,2028-05-21,2.25,28200.0
2019-07-31,2028-11-21,2.75,25600.0
2019-07-31,2029-04-21,3.25,27599.803
2019-07-31,2029-11-21,2.75,22600.0
2019-07-31,2030-05-21,2.5,20400.0
2019-07-31,2031-06-21,1.5,7400.0
2019-07-31,2033-04-21,4.5,13900.0
2019-07-31,2035-06-21,2.75,7750.0
2019-07-31,2037-04-21,3.75,12000.0
2019-07-31,2039-06-21,3.25,8700.0
2019-07-31,2041-05-21,2.75,4000.0
2019-07-31,2047-03-21,3.0,13000.0
2019-08-31,2019-10-21,2.75,14932.318
2019-08-31,2020-04-15,4.5,19361.716
2019-08-31,2020-11-21,1.75,20919.0
2019-08-31,2021-05-15,5.75,27587.464
2019-08-31,2021-12-21,2.0,17800.0
2019-08-31,2022-07-15,5.75,24999.709
2019-08-31,2022-11-21,2.25,16500.0
2019-08-31,2023-04-21,5.5,25199.709
2019-08-31,2024-04-21,2.75,27600.0
2019-08-31,2025-04-21,3.25,27900.0
2019-08-31,2026-04-21,4.25,32400.0
2019-08-31,2027-04-21,4.75,29699.566
2019-08-31,2027-11-21,2.75,28000.0
2019-08-31,2028-05-21,2.25,28200.0
2019-08-31,2028-11-21,2.75,25600.0
2019-08-31,2029-04-21,3.25,28399.803
2019-08-31,2029-11-21,2.75,23000.0
2019-08-31,2030-05-21,2.5,22000.0
2019-08-31,2031-06-21,1.5,9000.0
2019-08-31,2033-04-21,4.5,13900.0
2019-08-31,2035-06-21,2.75,7750.0
2019-08-31,2037-04-21,3.75,12000.0
2019-08-31,2039-06-21,3.25,9100.0
2019-08-31,2041-05-21,2.75,4300.0
2019-08-31,2047-03-21,3.0,13000.0
2019-09-30,2019-10-21,2.75,14932.318
2019-09-30,2020-04-15,4.5,19361.716
2019-09-30,2020-11-21,1.75,19786.0
2019-09-30,2021-05-15,5.75,26920.464
2019-09-30,2021-12-21,2.0,17800.0
2019-09-30,2022-07-15,5.75,24999.709
2019-09-30,2022-11-21,2.25,16500.0
2019-09-30,2023-04-21,5.5,25199.709
2019-09-30,2024-04-21,2.75,27600.0
2019-09-30,2025-04-21,3.25,27900.0
2019-09-30,2026-04-21,4.25,32400.0
2019-09-30,2027-04-21,4.75,29699.566
2019-09-30,2027-11-21,2.75,28000.0
2019-09-30,2028-05-21,2.25,28200.0
2019-09-30,2028-11-21,2.75,25600.0
2019-09-30,2029-04-21,3.25,28799.803
2019-09-30,2029-11-21,2.75,24000.0
2019-09-30,2030-05-21,2.5,23600.0
2019-09-30,2031-06-21,1.5,11000.0
2019-09-30,2033-04-21,4.5,13900.0
2019-09-30,2035-06-21,2.75,7750.0
2019-09-30,2037-04-21,3.75,12000.0
2019-09-30,2039-06-21,3.25,9100.0
2019-09-30,2041-05-21,2.75,4300.0
2019-09-30,2047-03-21,3.0,13000.0
2019-10-31,2020-04-15,4.5,19361.716
2019-10-31,2020-11-21,1.75,19179.0
2019-10-31,2021-05-15,5.75,26827.464
2019-10-31,2021-12-21,2.0,17800.0
2019-10-31,2022-07-15,5.75,24999.709
2019-10-31,2022-11-21,2.25,16500.0
2019-10-31,2023-04-21,5.5,25199.709
2019-10-31,2024-04-21,2.75,27600.0
2019-10-31,2025-04-21,3.25,27900.0
2019-10-31,2026-04-21,4.25,32400.0
2019-10-31,2027-04-21,4.75,29699.566
2019-10-31,2027-11-21,2.75,28000.0
2019-10-31,2028-05-21,2.25,28200.0
2019-10-31,2028-11-21,2.75,25600.0
2019-10-31,2029-04-21,3.25,29199.803
2019-10-31,2029-11-21,2.75,25600.0
2019-10-31,2030-05-21,2.5,24400.0
2019-10-31,2031-06-21,1.5,12200.0
2019-10-31,2033-04-21,4.5,13900.0
2019-10-31,2035-06-21,2.75,7750.0
2019-10-31,2037-04-21,3.75,12000.0
2019-10-31,2039-06-21,3.25,9100.0
2019-10-31,2041-05-21,2.75,4600.0
2019-10-31,2047-03-21,3.0,13000.0
2019-11-30,2020-04-15,4.5,19361.716
2019-11-30,2020-11-21,1.75,18121.0
2019-11-30,2021-05-15,5.75,26485.464
2019-11-30,2021-12-21,2.0,17800.0
2019-11-30,2022-07-15,5.75,24999.709
2019-11-30,2022-11-21,2.25,16500.0
2019-11-30,2023-04-21,5.5,25199.709
2019-11-30,2024-04-21,2.75,28000.0
2019-11-30,2025-04-21,3.25,27900.0
2019-11-30,2026-04-21,4.25,32400.0
2019-11-30,2027-04-21,4.75,29699.566
2019-11-30,2027-11-21,2.75,28000.0
2019-11-30,2028-05-21,2.25,28700.0
2019-11-30,2028-11-21,2.75,25600.0
2019-11-30,2029-04-21,3.25,29199.803
2019-11-30,2029-11-21,2.75,26100.0
2019-11-30,2030-05-21,2.5,26000.0
2019-11-30,2031-06-21,1.5,15000.0
2019-11-30,2033-04-21,4.5,13900.0
2019-11-30,2035-06-21,2.75,7750.0
2019-11-30,2037-04-21,3.75,12000.0
2019-11-30,2039-06-21,3.25,9100.0
2019-11-30,2041-05-21,2.75,4600.0
2019-11-30,2047-03-21,3.0,13000.0
2019-12-31,2020-04-15,4.5,19361.716
2019-12-31,2020-11-21,1.75,17821.0
2019-12-31,2021-05-15,5.75,26485.324
2019-12-31,2021-12-21,2.0,17800.0
2019-12-31,2022-07-15,5.75,24999.709
2019-12-31,2022-11-21,2.25,16500.0
2019-12-31,2023-04-21,5.5,25199.709
2019-12-31,2024-04-21,2.75,28500.0
2019-12-31,2025-04-21,3.25,27900.0
2019-12-31,2026-04-21,4.25,32400.0
2019-12-31,2027-04-21,4.75,29699.566
2019-12-31,2027-11-21,2.75,28000.0
2019-12-31,2028-05-21,2.25,28700.0
2019-12-31,2028-11-21,2.75,25600.0
2019-12-31,2029-04-21,3.25,29999.803
2019-12-31,2029-11-21,2.75,26100.0
2019-12-31,2030-05-21,2.5,26000.0
2019-12-31,2031-06-21,1.5,16200.0
2019-12-31,2033-04-21,4.5,13900.0
2019-12-31,2035-06-21,2.75,7750.0
2019-12-31,2037-04-21,3.75,12000.0
2019-12-31,2039-06-21,3.25,9100.0
2019-12-31,2041-05-21,2.75,4600.0
2019-12-31,2047-03-21,3.0,13300.0
2020-01-31,2020-04-15,4.5,19361.716
2020-01-31,2020-11-21,1.75,17721.0
2020-01-31,2021-05-15,5.75,26384.324
2020-01-31,2021-12-21,2.0,17501.0
2020-01-31,2022-07-15,5.75,24999.709
2020-01-31,2022-11-21,2.25,16500.0
2020-01-31,2023-04-21,5.5,25199.709
2020-01-31,2024-04-21,2.75,28900.0
2020-01-31,2025-04-21,3.25,27900.0
2020-01-31,2026-04-21,4.25,32400.0
2020-01-31,2027-04-21,4.75,29699.566
2020-01-31,2027-11-21,2.75,28000.0
2020-01-31,2028-05-21,2.25,28700.0
2020-01-31,2028-11-21,2.75,25600.0
2020-01-31,2029-04-21,3.25,29999.803
2020-01-31,2029-11-21,2.75,26900.0
2020-01-31,2030-05-21,2.5,26000.0
2020-01-31,2031-06-21,1.5,16200.0
2020-01-31,2032-05-21,1.25,3500.0
2020-01-31,2033-04-21,4.5,13900.0
2020-01-31,2035-06-21,2.75,7750.0
2020-01-31,2037-04-21,3.75,12000.0
2020-01-31,2039-06-21,3.25,9100.0
2020-01-31,2041-05-21,2.75,4600.0
2020-01-31,2047-03-21,3.0,13300.0
2020-02-29,2020-04-15,4.5,19361.716
2020-02-29,2020-11-21,1.75,17721.0
2020-02-29,2021-05-15,5.75,26095.324
2020-02-29,2021-12-21,2.0,16890.0
2020-02-29,2022-07-15,5.75,24999.708
2020-02-29,2022-11-21,2.25,16500.0
2020-02-29,2023-04-21,5.5,25199.708
2020-02-29,2024-04-21,2.75,28900.0
2020-02-29,2025-04-21,3.25,27900.0
2020-02-29,2026-04-21,4.25,32400.0
2020-02-29,2027-04-21,4.75,29699.566
2020-02-29,2027-11-21,2.75,28000.0
2020-02-29,2028-05-21,2.25,28700.0
2020-02-29,2028-11-21,2.75,25600.0
2020-02-29,2029-04-21,3.25,29999.803
2020-02-29,2029-11-21,2.75,26900.0
2020-02-29,2030-05-21,2.5,27300.0
2020-02-29,2031-06-21,1.5,17000.0
2020-02-29,2032-05-21,1.25,6000.0
2020-02-29,2033-04-21,4.5,14300.0
2020-02-29,2035-06-21,2.75,7750.0
2020-02-29,2037-04-21,3.75,12000.0
2020-02-29,2039-06-21,3.25,9100.0
2020-02-29,2041-05-21,2.75,6600.0
2020-02-29,2047-03-21,3.0,13300.0
2020-03-31,2020-04-15,4.5,19361.716
2020-03-31,2020-11-21,1.75,17721.0
2020-03-31,2021-05-15,5.75,25824.324
2020-03-31,2021-12-21,2.0,16398.0
2020-03-31,2022-07-15,5.75,24762.708
2020-03-31,2022-11-21,2.25,16500.0
2020-03-31,2023-04-21,5.5,25199.708
2020-03-31,2024-04-21,2.75,28900.0
2020-03-31,2025-04-21,3.25,27900.0
2020-03-31,2026-04-21,4.25,32400.0
2020-03-31,2027-04-21,4.75,29699.566
2020-03-31,2027-11-21,2.75,28000.0
2020-03-31,2028-05-21,2.25,28700.0
2020-03-31,2028-11-21,2.75,25600.0
2020-03-31,2029-04-21,3.25,29999.803
2020-03-31,2029-11-21,2.75,26900.0
2020-03-31,2030-05-21,2.5,27300.0
2020-03-31,2031-06-21,1.5,18000.0
2020-03-31,2032-05-21,1.25,7700.0
2020-03-31,2033-04-21,4.5,14300.0
2020-03-31,2035-06-21,2.75,7750.0
2020-03-31,2037-04-21,3.75,12000.0
2020-03-31,2039-06-21,3.25,9100.0
2020-03-31,2041-05-21,2.75,6600.0
2020-03-31,2047-03-21,3.0,13300.0
2020-04-30,2020-11-21,1.75,17721.0
2020-04-30,2021-05-15,5.75,25824.324
2020-04-30,2021-12-21,2.0,16398.0
2020-04-30,2022-07-15,5.75,24762.708
2020-04-30,2022-11-21,2.25,22500.0
2020-04-30,2023-04-21,5.5,28699.708
2020-04-30,2024-04-21,2.75,28900.0
2020-04-30,2024-11-21,0.25,13000.0
2020-04-30,2025-04-21,3.25,27900.0
2020-04-30,2026-04-21,4.25,32400.0
2020-04-30,2027-04-21,4.75,29699.566
2020-04-30,2027-11-21,2.75,28000.0
2020-04-30,2028-05-21,2.25,28700.0
2020-04-30,2028-11-21,2.75,25600.0
2020-04-30,2029-04-21,3.25,29999.803
2020-04-30,2029-11-21,2.75,26900.0
2020-04-30,2030-05-21,2.5,29400.0
2020-04-30,2031-06-21,1.5,19000.0
2020-04-30,2032-05-21,1.25,11200.0
2020-04-30,2033-04-21,4.5,14300.0
2020-04-30,2035-06-21,2.75,7750.0
2020-04-30,2037-04-21,3.75,12000.0
2020-04-30,2039-06-21,3.25,9100.0
2020-04-30,2041-05-21,2.75,6600.0
2020-04-30,2047-03-21,3.0,13300.0
2020-05-31,2020-11-21,1.75,17721.0
2020-05-31,2021-05-15,5.75,25824.324
2020-05-31,2021-12-21,2.0,16398.0
2020-05-31,2022-07-15,5.75,24762.708
2020-05-31,2022-11-21,2.25,24500.0
2020-05-31,2023-04-21,5.5,30199.708
2020-05-31,2024-04-21,2.75,30900.0
2020-05-31,2024-11-21,0.25,18000.0
2020-05-31,2025-04-21,3.25,29400.0
2020-05-31,2026-04-21,4.25,32400.0
2020-05-31,2027-04-21,4.75,29699.566
2020-05-31,2027-11-21,2.75,28000.0
2020-05-31,2028-05-21,2.25,29700.0
2020-05-31,2028-11-21,2.75,25600.0
2020-05-31,2029-04-21,3.25,29999.803
2020-05-31,2029-11-21,2.75,26900.0
2020-05-31,2030-05-21,2.5,31400.0
2020-05-31,2030-12-21,1.0,19000.0
2020-05-31,2031-06-21,1.5,21500.0
2020-05-31,2032-05-21,1.25,13200.0
2020-05-31,2033-04-21,4.5,14300.0
2020-05-31,2035-06-21,2.75,7750.0
2020-05-31,2037-04-21,3.75,12000.0
2020-05-31,2039-06-21,3.25,9100.0
2020-05-31,2041-05-21,2.75,6600.0
2020-05-31,2047-03-21,3.0,13300.0
2020-06-30,2020-11-21,1.75,17721.0
2020-06-30,2021-05-15,5.75,25824.324
2020-06-30,2021-12-21,2.0,16398.0
2020-06-30,2022-07-15,5.75,24762.708
2020-06-30,2022-11-21,2.25,24500.0
2020-06-30,2023-04-21,5.5,32199.708
2020-06-30,2024-04-21,2.75,32900.0
2020-06-30,2024-11-21,0.25,20000.0
2020-06-30,2025-04-21,3.25,32400.0
2020-06-30,2026-04-21,4.25,33400.0
2020-06-30,2027-04-21,4.75,29699.566
2020-06-30,2027-11-21,2.75,28000.0
2020-06-30,2028-05-21,2.25,29700.0
2020-06-30,2028-11-21,2.75,25600.0
2020-06-30,2029-04-21,3.25,31999.803
2020-06-30,2029-11-21,2.75,28900.0
2020-06-30,2030-05-21,2.5,31400.0
2020-06-30,2030-12-21,1.0,21000.0
2020-06-30,2031-06-21,1.5,21500.0
2020-06-30,2032-05-21,1.25,16200.0
2020-06-30,2033-04-21,4.5,14300.0
2020-06-30,2035-06-21,2.75,7750.0
2020-06-30,2037-04-21,3.75,12000.0
2020-06-30,2039-06-21,3.25,9100.0
2020-06-30,2041-05-21,2.75,6600.0
2020-06-30,2047-03-21,3.0,13300.0
2020-07-31,2020-11-21,1.75,17721.0
2020-07-31,2021-05-15,5.75,25824.324
2020-07-31,2021-12-21,2.0,16398.0
2020-07-31,2022-07-15,5.75,24762.708
2020-07-31,2022-11-21,2.25,26500.0
2020-07-31,2023-04-21,5.5,34199.708
2020-07-31,2024-04-21,2.75,32900.0
2020-07-31,2024-11-21,0.25,22000.0
2020-07-31,2025-04-21,3.25,32400.0
2020-07-31,2025-11-21,0.25,17000.0
2020-07-31,2026-04-21,4.25,33400.0
2020-07-31,2027-04-21,4.75,29699.566
2020-07-31,2027-11-21,2.75,28000.0
2020-07-31,2028-05-21,2.25,29700.0
2020-07-31,2028-11-21,2.75,27600.0
2020-07-31,2029-04-21,3.25,31999.803
2020-07-31,2029-11-21,2.75,30900.0
2020-07-31,2030-05-21,2.5,33400.0
2020-07-31,2030-12-21,1.0,21000.0
2020-07-31,2031-06-21,1.5,22500.0
2020-07-31,2032-05-21,1.25,16200.0
2020-07-31,2033-04-21,4.5,14300.0
2020-07-31,2035-06-21,2.75,7750.0
2020-07-31,2037-04-21,3.75,12000.0
2020-07-31,2039-06-21,3.25,9100.0
2020-07-31,2041-05-21,2.75,6600.0
2020-07-31,2047-03-21,3.0,13300.0
2020-08-31,2020-11-21,1.75,17721.0
2020-08-31,2021-05-15,5.75,25824.324
2020-08-31,2021-12-21,2.0,16398.0
2020-08-31,2022-07-15,5.75,24762.708
2020-08-31,2022-11-21,2.25,26500.0
2020-08-31,2023-04-21,5.5,34199.708
2020-08-31,2024-04-21,2.75,32900.0
2020-08-31,2024-11-21,0.25,26000.0
2020-08-31,2025-04-21,3.25,32400.0
2020-08-31,2025-11-21,0.25,20000.0
2020-08-31,2026-04-21,4.25,33400.0
2020-08-31,2027-04-21,4.75,29699.566
2020-08-31,2027-11-21,2.75,28000.0
2020-08-31,2028-05-21,2.25,29700.0
2020-08-31,2028-11-21,2.75,29600.0
2020-08-31,2029-04-21,3.25,31999.803
2020-08-31,2029-11-21,2.75,30900.0
2020-08-31,2030-05-21,2.5,33400.0
2020-08-31,2030-12-21,1.0,24700.0
2020-08-31,2031-06-21,1.5,22500.0
2020-08-31,2032-05-21,1.25,16200.0
2020-08-31,2033-04-21,4.5,14300.0
2020-08-31,2035-06-21,2.75,8550.0
2020-08-31,2037-04-21,3.75,12000.0
2020-08-31,2039-06-21,3.25,9100.0
2020-08-31,2041-05-21,2.75,6600.0
2020-08-31,2047-03-21,3.0,13300.0
2020-08-31,2051-06-21,1.75,15000.0
2020-09-30,2020-11-21,1.75,17721.0
2020-09-30,2021-05-15,5.75,25824.324
2020-09-30,2021-12-21,2.0,16398.0
2020-09-30,2022-07-15,5.75,24762.708
2020-09-30,2022-11-21,2.25,26500.0
2020-09-30,2023-04-21,5.5,34199.708
2020-09-30,2024-04-21,2.75,32900.0
2020-09-30,2024-11-21,0.25,28000.0
2020-09-30,2025-04-21,3.25,32400.0
2020-09-30,2025-11-21,0.25,22000.0
2020-09-30,2026-04-21,4.25,33400.0
2020-09-30,2026-09-21,0.5,25000.0
2020-09-30,2027-04-21,4.75,29699.566
2020-09-30,2027-11-21,2.75,28000.0
2020-09-30,2028-05-21,2.25,29700.0
2020-09-30,2028-11-21,2.75,29600.0
2020-09-30,2029-04-21,3.25,31999.803
2020-09-30,2029-11-21,2.75,32900.0
2020-09-30,2030-05-21,2.5,35400.0
2020-09-30,2030-12-21,1.0,24700.0
2020-09-30,2031-06-21,1.5,24500.0
2020-09-30,2031-11-21,1.0,21000.0
2020-09-30,2032-05-21,1.25,16200.0
2020-09-30,2033-04-21,4.5,14300.0
2020-09-30,2035-06-21,2.75,8550.0
2020-09-30,2037-04-21,3.75,12000.0
2020-09-30,2039-06-21,3.25,9100.0
2020-09-30,2041-05-21,2.75,6600.0
2020-09-30,2047-03-21,3.0,13300.0
2020-09-30,2051-06-21,1.75,15000.0
2020-10-31,2020-11-21,1.75,17721.0
2020-10-31,2021-05-15,5.75,25824.324
2020-10-31,2021-12-21,2.0,16398.0
2020-10-31,2022-07-15,5.75,24762.708
2020-10-31,2022-11-21,2.25,26500.0
2020-10-31,2023-04-21,5.5,34199.708
2020-10-31,2024-04-21,2.75,32900.0
2020-10-31,2024-11-21,0.25,29000.0
2020-10-31,2025-04-21,3.25,32400.0
2020-10-31,2025-11-21,0.25,23500.0
2020-10-31,2026-04-21,4.25,33400.0
2020-10-31,2026-09-21,0.5,26500.0
2020-10-31,2027-04-21,4.75,29699.566
2020-10-31,2027-11-21,2.75,28000.0
2020-10-31,2028-05-21,2.25,29700.0
2020-10-31,2028-11-21,2.75,31100.0
2020-10-31,2029-04-21,3.25,31999.803
2020-10-31,2029-11-21,2.75,32900.0
2020-10-31,2030-05-21,2.5,35400.0
2020-10-31,2030-12-21,1.0,28700.0
2020-10-31,2031-06-21,1.5,24500.0
2020-10-31,2031-11-21,1.0,23500.0
2020-10-31,2032-05-21,1.25,18700.0
2020-10-31,2033-04-21,4.5,14300.0
2020-10-31,2035-06-21,2.75,8550.0
2020-10-31,2037-04-21,3.75,12000.0
2020-10-31,2039-06-21,3.25,9600.0
2020-10-31,2041-05-21,2.75,6600.0
2020-10-31,2047-03-21,3.0,13300.0
2020-10-31,2051-06-21,1.75,15000.0
2020-11-30,2021-05-15,5.75,25824.324
2020-11-30,2021-12-21,2.0,16398.0
2020-11-30,2022-07-15,5.75,24762.708
2020-11-30,2022-11-21,2.25,26500.0
2020-11-30,2023-04-21,5.5,34199.708
2020-11-30,2024-04-21,2.75,32900.0
2020-11-30,2024-11-21,0.25,29000.0
2020-11-30,2025-04-21,3.25,32400.0
2020-11-30,2025-11-21,0.25,25000.0
2020-11-30,2026-04-21,4.25,33400.0
2020-11-30,2026-09-21,0.5,26500.0
2020-11-30,2027-04-21,4.75,30699.566
2020-11-30,2027-11-21,2.75,28000.0
2020-11-30,2028-05-21,2.25,29700.0
2020-11-30,2028-11-21,2.75,31100.0
2020-11-30,2029-04-21,3.25,31999.803
2020-11-30,2029-11-21,2.75,32900.0
2020-11-30,2030-05-21,2.5,35400.0
2020-11-30,2030-12-21,1.0,30700.0
2020-11-30,2031-06-21,1.5,26500.0
2020-11-30,2031-11-21,1.0,26000.0
2020-11-30,2032-05-21,1.25,20700.0
2020-11-30,2033-04-21,4.5,14300.0
2020-11-30,2035-06-21,2.75,8550.0
2020-11-30,2037-04-21,3.75,12000.0
2020-11-30,2039-06-21,3.25,9600.0
2020-11-30,2041-05-21,2.75,12600.0
2020-11-30,2047-03-21,3.0,13300.0
2020-11-30,2051-06-21,1.75,15000.0
2020-12-31,2021-05-15,5.75,25824.324
2020-12-31,2021-12-21,2.0,16398.0
2020-12-31,2022-07-15,5.75,24762.708
2020-12-31,2022-11-21,2.25,26500.0
2020-12-31,2023-04-21,5.5,34199.708
2020-12-31,2024-04-21,2.75,32900.0
2020-12-31,2024-11-21,0.25,29000.0
2020-12-31,2025-04-21,3.25,32400.0
2020-12-31,2025-11-21,0.25,26500.0
2020-12-31,2026-04-21,4.25,33400.0
2020-12-31,2026-09-21,0.5,28000.0
2020-12-31,2027-04-21,4.75,30699.566
2020-12-31,2027-11-21,2.75,28000.0
2020-12-31,2028-05-21,2.25,29700.0
2020-12-31,2028-11-21,2.75,31100.0
2020-12-31,2029-04-21,3.25,31999.803
2020-12-31,2029-11-21,2.75,32900.0
2020-12-31,2030-05-21,2.5,35400.0
2020-12-31,2030-12-21,1.0,32700.0
2020-12-31,2031-06-21,1.5,26500.0
2020-12-31,2031-11-21,1.0,28000.0
2020-12-31,2032-05-21,1.25,20700.0
2020-12-31,2033-04-21,4.5,14300.0
2020-12-31,2035-06-21,2.75,8550.0
2020-12-31,2037-04-21,3.75,12000.0
2020-12-31,2039-06-21,3.25,9600.0
2020-12-31,2041-05-21,2.75,12600.0
2020-12-31,2047-03-21,3.0,13300.0
2020-12-31,2051-06-21,1.75,15000.0
2021-01-31,2021-05-15,5.75,25823.805
2021-01-31,2021-12-21,2.0,16398.0
2021-01-31,2022-07-15,5.75,24762.708
2021-01-31,2022-11-21,2.25,26500.0
2021-01-31,2023-04-21,5.5,34199.708
2021-01-31,2024-04-21,2.75,32900.0
2021-01-31,2024-11-21,0.25,29000.0
2021-01-31,2025-04-21,3.25,33100.0
2021-01-31,2025-11-21,0.25,26500.0
2021-01-31,2026-04-21,4.25,33400.0
2021-01-31,2026-09-21,0.5,28000.0
2021-01-31,2027-04-21,4.75,30699.566
2021-01-31,2027-11-21,2.75,28000.0
2021-01-31,2028-05-21,2.25,29700.0
2021-01-31,2028-11-21,2.75,31100.0
2021-01-31,2029-04-21,3.25,31999.803
2021-01-31,2029-11-21,2.75,32900.0
2021-01-31,2030-05-21,2.5,35400.0
2021-01-31,2030-12-21,1.0,32700.0
2021-01-31,2031-06-21,1.5,28300.0
2021-01-31,2031-11-21,1.0,28000.0
2021-01-31,2032-05-21,1.25,20700.0
2021-01-31,2033-04-21,4.5,14300.0
2021-01-31,2035-06-21,2.75,8550.0
2021-01-31,2037-04-21,3.75,12000.0
2021-01-31,2039-06-21,3.25,9600.0
2021-01-31,2041-05-21,2.75,12600.0
2021-01-31,2047-03-21,3.0,13300.0
2021-01-31,2051-06-21,1.75,15000.0
2021-02-28,2021-05-15,5.75,25823.805
2021-02-28,2021-12-21,2.0,16398.0
2021-02-28,2022-07-15,5.75,24762.708
2021-02-28,2022-11-21,2.25,26500.0
2021-02-28,2023-04-21,5.5,34199.708
2021-02-28,2024-04-21,2.75,32900.0
2021-02-28,2024-11-21,0.25,31500.0
2021-02-28,2025-04-21,3.25,33100.0
2021-02-28,2025-11-21,0.25,27100.0
2021-02-28,2026-04-21,4.25,33400.0
2021-02-28,2026-09-21,0.5,29000.0
2021-02-28,2027-04-21,4.75,30699.566
2021-02-28,2027-11-21,2.75,28000.0
2021-02-28,2028-05-21,2.25,29700.0
2021-02-28,2028-11-21,2.75,31100.0
2021-02-28,2029-04-21,3.25,32999.803
2021-02-28,2029-11-21,2.75,32900.0
2021-02-28,2030-05-21,2.5,35400.0
2021-02-28,2030-12-21,1.0,35700.0
2021-02-28,2031-06-21,1.5,28300.0
2021-02-28,2031-11-21,1.0,29000.0
2021-02-28,2032-05-21,1.25,22700.0
2021-02-28,2033-04-21,4.5,14800.0
2021-02-28,2035-06-21,2.75,8550.0
2021-02-28,2037-04-21,3.75,12000.0
2021-02-28,2039-06-21,3.25,9600.0
2021-02-28,2041-05-21,2.75,13000.0
2021-02-28,2047-03-21,3.0,13300.0
2021-02-28,2051-06-21,1.75,15000.0
2021-03-31,2021-05-15,5.75,25823.805
2021-03-31,2021-12-21,2.0,16398.0
2021-03-31,2022-07-15,5.75,24762.708
2021-03-31,2022-11-21,2.25,26500.0
2021-03-31,2023-04-21,5.5,34199.708
2021-03-31,2024-04-21,2.75,32900.0
2021-03-31,2024-11-21,0.25,32300.0
2021-03-31,2025-04-21,3.25,33100.0
2021-03-31,2025-11-21,0.25,27100.0
2021-03-31,2026-04-21,4.25,33400.0
2021-03-31,2026-09-21,0.5,30000.0
2021-03-31,2027-04-21,4.75,30699.566
2021-03-31,2027-11-21,2.75,28000.0
2021-03-31,2028-05-21,2.25,29700.0
2021-03-31,2028-11-21,2.75,31100.0
2021-03-31,2029-04-21,3.25,32999.803
2021-03-31,2029-11-21,2.75,32900.0
2021-03-31,2030-05-21,2.5,35400.0
2021-03-31,2030-12-21,1.0,35700.0
2021-03-31,2031-06-21,1.5,30300.0
2021-03-31,2031-11-21,1.0,30000.0
2021-03-31,2032-05-21,1.25,23900.0
2021-03-31,2033-04-21,4.5,14800.0
2021-03-31,2035-06-21,2.75,8550.0
2021-03-31,2037-04-21,3.75,12000.0
2021-03-31,2039-06-21,3.25,9600.0
2021-03-31,2041-05-21,2.75,13000.0
2021-03-31,2047-03-21,3.0,13300.0
2021-03-31,2051-06-21,1.75,15000.0
2021-04-30,2021-05-15,5.75,25823.805
2021-04-30,2021-12-21,2.0,16398.0
2021-04-30,2022-07-15,5.75,24762.708
2021-04-30,2022-11-21,2.25,26500.0
2021-04-30,2023-04-21,5.5,34199.708
2021-04-30,2024-04-21,2.75,32900.0
2021-04-30,2024-11-21,0.25,32300.0
2021-04-30,2025-04-21,3.25,33900.0
2021-04-30,2025-11-21,0.25,27900.0
2021-04-30,2026-04-21,4.25,33400.0
2021-04-30,2026-09-21,0.5,30000.0
2021-04-30,2027-04-21,4.75,30699.566
2021-04-30,2027-11-21,2.75,28000.0
2021-04-30,2028-05-21,2.25,29700.0
2021-04-30,2028-11-21,2.75,31100.0
2021-04-30,2029-04-21,3.25,32999.803
2021-04-30,2029-11-21,2.75,32900.0
2021-04-30,2030-05-21,2.5,36600.0
2021-04-30,2030-12-21,1.0,36900.0
2021-04-30,2031-06-21,1.5,30300.0
2021-04-30,2031-11-21,1.0,32000.0
2021-04-30,2032-05-21,1.25,23900.0
2021-04-30,2032-11-21,1.75,14000.0
2021-04-30,2033-04-21,4.5,14800.0
2021-04-30,2035-06-21,2.75,8550.0
2021-04-30,2037-04-21,3.75,12000.0
2021-04-30,2039-06-21,3.25,9600.0
2021-04-30,2041-05-21,2.75,13000.0
2021-04-30,2047-03-21,3.0,13300.0
2021-04-30,2051-06-21,1.75,15000.0
2021-05-31,2021-12-21,2.0,16398.0
2021-05-31,2022-07-15,5.75,24762.708
2021-05-31,2022-11-21,2.25,26500.0
2021-05-31,2023-04-21,5.5,34199.708
2021-05-31,2024-04-21,2.75,32900.0
2021-05-31,2024-11-21,0.25,33100.0
2021-05-31,2025-04-21,3.25,33900.0
2021-05-31,2025-11-21,0.25,27900.0
2021-05-31,2026-04-21,4.25,34400.0
2021-05-31,2026-09-21,0.5,30800.0
2021-05-31,2027-04-21,4.75,30699.566
2021-05-31,2027-11-21,2.75,28000.0
2021-05-31,2028-05-21,2.25,29700.0
2021-05-31,2028-11-21,2.75,31100.0
2021-05-31,2029-04-21,3.25,32999.803
2021-05-31,2029-11-21,2.75,32900.0
2021-05-31,2030-05-21,2.5,36600.0
2021-05-31,2030-12-21,1.0,37900.0
2021-05-31,2031-06-21,1.5,32500.0
2021-05-31,2031-11-21,1.0,33200.0
2021-05-31,2032-05-21,1.25,24900.0
2021-05-31,2032-11-21,1.75,14000.0
2021-05-31,2033-04-21,4.5,14800.0
2021-05-31,2035-06-21,2.75,8550.0
2021-05-31,2037-04-21,3.75,12000.0
2021-05-31,2039-06-21,3.25,9600.0
2021-05-31,2041-05-21,2.75,13000.0
2021-05-31,2047-03-21,3.0,13300.0
2021-05-31,2051-06-21,1.75,15000.0
2021-06-30,2021-12-21,2.0,16398.0
2021-06-30,2022-07-15,5.75,24762.698
2021-06-30,2022-11-21,2.25,26500.0
2021-06-30,2023-04-21,5.5,34199.708
2021-06-30,2024-04-21,2.75,32900.0
2021-06-30,2024-11-21,0.25,33100.0
2021-06-30,2025-04-21,3.25,33900.0
2021-06-30,2025-11-21,0.25,28900.0
2021-06-30,2026-04-21,4.25,34400.0
2021-06-30,2026-09-21,0.5,30800.0
2021-06-30,2027-04-21,4.75,31699.566
2021-06-30,2027-11-21,2.75,28000.0
2021-06-30,2028-05-21,2.25,29700.0
2021-06-30,2028-11-21,2.75,31100.0
2021-06-30,2029-04-21,3.25,32999.803
2021-06-30,2029-11-21,2.75,32900.0
2021-06-30,2030-05-21,2.5,36600.0
2021-06-30,2030-12-21,1.0,37900.0
2021-06-30,2031-06-21,1.5,32500.0
2021-06-30,2031-11-21,1.0,34200.0
2021-06-30,2032-05-21,1.25,25900.0
2021-06-30,2032-11-21,1.75,15000.0
2021-06-30,2033-04-21,4.5,14800.0
2021-06-30,2035-06-21,2.75,8550.0
2021-06-30,2037-04-21,3.75,12000.0
2021-06-30,2039-06-21,3.25,9600.0
2021-06-30,2041-05-21,2.75,13000.0
2021-06-30,2047-03-21,3.0,13300.0
2021-06-30,2051-06-21,1.75,15300.0
2021-07-31,2021-12-21,2.0,16398.0
2021-07-31,2022-07-15,5.75,24762.698
2021-07-31,2022-11-21,2.25,26500.0
2021-07-31,2023-04-21,5.5,34199.708
2021-07-31,2024-04-21,2.75,32900.0
2021-07-31,2024-11-21,0.25,33100.0
2021-07-31,2025-04-21,3.25,33900.0
2021-07-31,2025-11-21,0.25,30600.0
2021-07-31,2026-04-21,4.25,35100.0
2021-07-31,2026-09-21,0.5,30800.0
2021-07-31,2027-04-21,4.75,31699.566
2021-07-31,2027-11-21,2.75,28000.0
2021-07-31,2028-05-21,2.25,29700.0
2021-07-31,2028-11-21,2.75,31100.0
2021-07-31,2029-04-21,3.25,32999.803
2021-07-31,2029-11-21,2.75,32900.0
2021-07-31,2030-05-21,2.5,36600.0
2021-07-31,2030-12-21,1.0,38700.0
2021-07-31,2031-06-21,1.5,33500.0
2021-07-31,2031-11-21,1.0,35000.0
2021-07-31,2032-05-21,1.25,26700.0
2021-07-31,2032-11-21,1.75,15000.0
2021-07-31,2033-04-21,4.5,14800.0
2021-07-31,2035-06-21,2.75,8550.0
2021-07-31,2037-04-21,3.75,12000.0
2021-07-31,2039-06-21,3.25,9600.0
2021-07-31,2041-05-21,2.75,13000.0
2021-07-31,2047-03-21,3.0,13300.0
2021-07-31,2051-06-21,1.75,15300.0
2021-08-31,2021-12-21,2.0,16398.0
2021-08-31,2022-07-15,5.75,24762.698
2021-08-31,2022-11-21,2.25,26500.0
2021-08-31,2023-04-21,5.5,34199.708
2021-08-31,2024-04-21,2.75,32900.0
2021-08-31,2024-11-21,0.25,34100.0
2021-08-31,2025-04-21,3.25,34600.0
2021-08-31,2025-11-21,0.25,31300.0
2021-08-31,2026-04-21,4.25,35100.0
2021-08-31,2026-09-21,0.5,30800.0
2021-08-31,2027-04-21,4.75,32899.566
2021-08-31,2027-11-21,2.75,28700.0
2021-08-31,2028-05-21,2.25,29700.0
2021-08-31,2028-11-21,2.75,31100.0
2021-08-31,2029-04-21,3.25,32999.803
2021-08-31,2029-11-21,2.75,32900.0
2021-08-31,2030-05-21,2.5,36600.0
2021-08-31,2030-12-21,1.0,38700.0
2021-08-31,2031-06-21,1.5,34300.0
2021-08-31,2031-11-21,1.0,35000.0
2021-08-31,2032-05-21,1.25,27700.0
2021-08-31,2032-11-21,1.75,15800.0
2021-08-31,2033-04-21,4.5,14800.0
2021-08-31,2035-06-21,2.75,8550.0
2021-08-31,2037-04-21,3.75,12000.0
2021-08-31,2039-06-21,3.25,9900.0
2021-08-31,2041-05-21,2.75,13000.0
2021-08-31,2047-03-21,3.0,13300.0
2021-08-31,2051-06-21,1.75,15300.0
2021-09-30,2021-12-21,2.0,16398.0
2021-09-30,2022-07-15,5.75,24762.698
2021-09-30,2022-11-21,2.25,26500.0
2021-09-30,2023-04-21,5.5,34199.708
2021-09-30,2024-04-21,2.75,32900.0
2021-09-30,2024-11-21,0.25,34100.0
2021-09-30,2025-04-21,3.25,34600.0
2021-09-30,2025-11-21,0.25,31300.0
2021-09-30,2026-04-21,4.25,36100.0
2021-09-30,2026-09-21,0.5,31800.0
2021-09-30,2027-04-21,4.75,32899.566
2021-09-30,2027-11-21,2.75,29700.0
2021-09-30,2028-05-21,2.25,29700.0
2021-09-30,2028-11-21,2.75,31100.0
2021-09-30,2029-04-21,3.25,32999.803
2021-09-30,2029-11-21,2.75,32900.0
2021-09-30,2030-05-21,2.5,36600.0
2021-09-30,2030-12-21,1.0,38700.0
2021-09-30,2031-06-21,1.5,35300.0
2021-09-30,2031-11-21,1.0,36000.0
2021-09-30,2032-05-21,1.25,27700.0
2021-09-30,2032-11-21,1.75,16800.0
2021-09-30,2033-04-21,4.5,16300.0
2021-09-30,2035-06-21,2.75,8550.0
2021-09-30,2037-04-21,3.75,12000.0
2021-09-30,2039-06-21,3.25,9900.0
2021-09-30,2041-05-21,2.75,13000.0
2021-09-30,2047-03-21,3.0,13300.0
2021-09-30,2051-06-21,1.75,15300.0
2021-10-31,2021-12-21,2.0,16398.0
2021-10-31,2022-07-15,5.75,24762.673
2021-10-31,2022-11-21,2.25,26500.0
2021-10-31,2023-04-21,5.5,34199.708
2021-10-31,2024-04-21,2.75,32900.0
2021-10-31,2024-11-21,0.25,35100.0
2021-10-31,2025-04-21,3.25,34600.0
2021-10-31,2025-11-21,0.25,31300.0
2021-10-31,2026-04-21,4.25,37100.0
2021-10-31,2026-09-21,0.5,31800.0
2021-10-31,2027-04-21,4.75,33899.566
2021-10-31,2027-11-21,2.75,29700.0
2021-10-31,2028-05-21,2.25,29700.0
2021-10-31,2028-11-21,2.75,32100.0
2021-10-31,2029-04-21,3.25,32999.803
2021-10-31,2029-11-21,2.75,32900.0
2021-10-31,2030-05-21,2.5,36600.0
2021-10-31,2030-12-21,1.0,38700.0
2021-10-31,2031-06-21,1.5,35300.0
2021-10-31,2031-11-21,1.0,37000.0
2021-10-31,2032-05-21,1.25,28700.0
2021-10-31,2032-11-21,1.75,17800.0
2021-10-31,2033-04-21,4.5,17800.0
2021-10-31,2035-06-21,2.75,8550.0
2021-10-31,2037-04-21,3.75,12000.0
2021-10-31,2039-06-21,3.25,9900.0
2021-10-31,2041-05-21,2.75,13000.0
2021-10-31,2047-03-21,3.0,13300.0
2021-10-31,2051-06-21,1.75,15300.0
2021-11-30,2021-12-21,2.0,16398.0
2021-11-30,2022-07-15,5.75,24762.673
2021-11-30,2022-11-21,2.25,26500.0
2021-11-30,2023-04-21,5.5,34199.708
2021-11-30,2024-04-21,2.75,32900.0
2021-11-30,2024-11-21,0.25,36100.0
2021-11-30,2025-04-21,3.25,35600.0
2021-11-30,2025-11-21,0.25,33800.0
2021-11-30,2026-04-21,4.25,37100.0
2021-11-30,2026-09-21,0.5,31800.0
2021-11-30,2027-04-21,4.75,33899.566
2021-11-30,2027-11-21,2.75,29700.0
2021-11-30,2028-05-21,2.25,29700.0
2021-11-30,2028-11-21,2.75,32100.0
2021-11-30,2029-04-21,3.25,32999.803
2021-11-30,2029-11-21,2.75,32900.0
2021-11-30,2030-05-21,2.5,36600.0
2021-11-30,2030-12-21,1.0,38700.0
2021-11-30,2031-06-21,1.5,36300.0
2021-11-30,2031-11-21,1.0,38000.0
2021-11-30,2032-05-21,1.25,30200.0
2021-11-30,2032-11-21,1.75,19800.0
2021-11-30,2033-04-21,4.5,17800.0
2021-11-30,2035-06-21,2.75,8550.0
2021-11-30,2037-04-21,3.75,12000.0
2021-11-30,2039-06-21,3.25,9900.0
2021-11-30,2041-05-21,2.75,13000.0
2021-11-30,2047-03-21,3.0,13300.0
2021-11-30,2051-06-21,1.75,15600.0
2021-12-31,2022-07-15,5.75,24762.673
2021-12-31,2022-11-21,2.25,26500.0
2021-12-31,2023-04-21,5.5,34199.708
2021-12-31,2024-04-21,2.75,34400.0
2021-12-31,2024-11-21,0.25,37600.0
2021-12-31,2025-04-21,3.25,35600.0
2021-12-31,2025-11-21,0.25,33800.0
2021-12-31,2026-04-21,4.25,37100.0
2021-12-31,2026-09-21,0.5,31800.0
2021-12-31,2027-04-21,4.75,33899.566
2021-12-31,2027-11-21,2.75,29700.0
2021-12-31,2028-05-21,2.25,29700.0
2021-12-31,2028-11-21,2.75,32100.0
2021-12-31,2029-04-21,3.25,32999.803
2021-12-31,2029-11-21,2.75,32900.0
2021-12-31,2030-05-21,2.5,36600.0
2021-12-31,2030-12-21,1.0,38700.0
2021-12-31,2031-06-21,1.5,36300.0
2021-12-31,2031-11-21,1.0,39000.0
2021-12-31,2032-05-21,1.25,30200.0
2021-12-31,2032-11-21,1.75,19800.0
2021-12-31,2033-04-21,4.5,18800.0
2021-12-31,2035-06-21,2.75,8550.0
2021-12-31,2037-04-21,3.75,12000.0
2021-12-31,2039-06-21,3.25,9900.0
2021-12-31,2041-05-21,2.75,13000.0
2021-12-31,2047-03-21,3.0,13300.0
2021-12-31,2051-06-21,1.75,15600.0
2022-01-31,2022-07-15,5.75,24762.673
2022-01-31,2022-11-21,2.25,26500.0
2022-01-31,2023-04-21,5.5,34199.708
2022-01-31,2024-04-21,2.75,34400.0
2022-01-31,2024-11-21,0.25,37600.0
2022-01-31,2025-04-21,3.25,37100.0
2022-01-31,2025-11-21,0.25,34800.0
2022-01-31,2026-04-21,4.25,37100.0
2022-01-31,2026-09-21,0.5,32800.0
2022-01-31,2027-04-21,4.75,33899.566
2022-01-31,2027-11-21,2.75,29700.0
2022-01-31,2028-05-21,2.25,29700.0
2022-01-31,2028-11-21,2.75,32100.0
2022-01-31,2029-04-21,3.25,32999.803
2022-01-31,2029-11-21,2.75,32900.0
2022-01-31,2030-05-21,2.5,36600.0
2022-01-31,2030-12-21,1.0,38700.0
2022-01-31,2031-06-21,1.5,36300.0
2022-01-31,2031-11-21,1.0,39000.0
2022-01-31,2032-05-21,1.25,30200.0
2022-01-31,2032-11-21,1.75,20800.0
2022-01-31,2033-04-21,4.5,18800.0
2022-01-31,2035-06-21,2.75,9050.0
2022-01-31,2037-04-21,3.75,12000.0
2022-01-31,2039-06-21,3.25,9900.0
2022-01-31,2041-05-21,2.75,13000.0
2022-01-31,2047-03-21,3.0,13300.0
2022-01-31,2051-06-21,1.75,15600.0
2022-02-28,2022-07-15,5.75,24762.673
2022-02-28,2022-11-21,2.25,26500.0
2022-02-28,2023-04-21,5.5,34199.708
2022-02-28,2024-04-21,2.75,34400.0
2022-02-28,2024-11-21,0.25,38600.0
2022-02-28,2025-04-21,3.25,38100.0
2022-02-28,2025-11-21,0.25,35800.0
2022-02-28,2026-04-21,4.25,37100.0
2022-02-28,2026-09-21,0.5,32800.0
2022-02-28,2027-04-21,4.75,33899.566
2022-02-28,2027-11-21,2.75,29700.0
2022-02-28,2028-05-21,2.25,29700.0
2022-02-28,2028-11-21,2.75,32600.0
2022-02-28,2029-04-21,3.25,32999.803
2022-02-28,2029-11-21,2.75,32900.0
2022-02-28,2030-05-21,2.5,36600.0
2022-02-28,2030-12-21,1.0,38700.0
2022-02-28,2031-06-21,1.5,36300.0
2022-02-28,2031-11-21,1.0,40000.0
2022-02-28,2032-05-21,1.25,32200.0
2022-02-28,2032-11-21,1.75,21800.0
2022-02-28,2033-04-21,4.5,19800.0
2022-02-28,2035-06-21,2.75,9550.0
2022-02-28,2037-04-21,3.75,12000.0
2022-02-28,2039-06-21,3.25,9900.0
2022-02-28,2041-05-21,2.75,13500.0
2022-02-28,2047-03-21,3.0,13300.0
2022-02-28,2051-06-21,1.75,15600.0
2022-03-31,2022-07-15,5.75,24762.673
2022-03-31,2022-11-21,2.25,26500.0
2022-03-31,2023-04-21,5.5,34199.708
2022-03-31,2024-04-21,2.75,34400.0
2022-03-31,2024-11-21,0.25,40600.0
2022-03-31,2025-04-21,3.25,38100.0
2022-03-31,2025-11-21,0.25,36800.0
2022-03-31,2026-04-21,4.25,38100.0
2022-03-31,2026-09-21,0.5,32800.0
2022-03-31,2027-04-21,4.75,33899.566
2022-03-31,2027-11-21,2.75,29700.0
2022-03-31,2028-05-21,2.25,29700.0
2022-03-31,2028-11-21,2.75,32600.0
2022-03-31,2029-04-21,3.25,32999.803
2022-03-31,2029-11-21,2.75,33400.0
2022-03-31,2030-05-21,2.5,36600.0
2022-03-31,2030-12-21,1.0,38700.0
2022-03-31,2031-06-21,1.5,37300.0
2022-03-31,2031-11-21,1.0,41000.0
2022-03-31,2032-05-21,1.25,33200.0
2022-03-31,2032-11-21,1.75,22800.0
2022-03-31,2033-04-21,4.5,19800.0
2022-03-31,2035-06-21,2.75,9550.0
2022-03-31,2037-04-21,3.75,12000.0
2022-03-31,2039-06-21,3.25,10300.0
2022-03-31,2041-05-21,2.75,13500.0
2022-03-31,2047-03-21,3.0,13300.0
2022-03-31,2051-06-21,1.75,15900.0
2022-04-30,2022-07-15,5.75,24762.673
2022-04-30,2022-11-21,2.25,26500.0
2022-04-30,2023-04-21,5.5,34199.708
2022-04-30,2024-04-21,2.75,35900.0
2022-04-30,2024-11-21,0.25,40600.0
2022-04-30,2025-04-21,3.25,38100.0
2022-04-30,2025-11-21,0.25,36800.0
2022-04-30,2026-04-21,4.25,38100.0
2022-04-30,2026-09-21,0.5,32800.0
2022-04-30,2027-04-21,4.75,33899.566
2022-04-30,2027-11-21,2.75,29700.0
2022-04-30,2028-05-21,2.25,29700.0
2022-04-30,2028-11-21,2.75,32600.0
2022-04-30,2029-04-21,3.25,32999.803
2022-04-30,2029-11-21,2.75,33400.0
2022-04-30,2030-05-21,2.5,37100.0
2022-04-30,2030-12-21,1.0,38700.0
2022-04-30,2031-06-21,1.5,37300.0
2022-04-30,2031-11-21,1.0,41000.0
2022-04-30,2032-05-21,1.25,33200.0
2022-04-30,2032-11-21,1.75,22800.0
2022-04-30,2033-04-21,4.5,19800.0
2022-04-30,2033-11-21,3.0,15000.0
2022-04-30,2035-06-21,2.75,9550.0
2022-04-30,2037-04-21,3.75,12000.0
2022-04-30,2039-06-21,3.25,10300.0
2022-04-30,2041-05-21,2.75,13500.0
2022-04-30,2047-03-21,3.0,13300.0
2022-04-30,2051-06-21,1.75,16200.0
2022-05-31,2022-07-15,5.75,24762.673
2022-05-31,2022-11-21,2.25,26500.0
2022-05-31,2023-04-21,5.5,34199.708
2022-05-31,2024-04-21,2.75,35900.0
2022-05-31,2024-11-21,0.25,40600.0
2022-05-31,2025-04-21,3.25,38100.0
2022-05-31,2025-11-21,0.25,36800.0
2022-05-31,2026-04-21,4.25,38100.0
2022-05-31,2026-09-21,0.5,33800.0
2022-05-31,2027-04-21,4.75,34599.566
2022-05-31,2027-11-21,2.75,30700.0
2022-05-31,2028-05-21,2.25,29700.0
2022-05-31,2028-11-21,2.75,32600.0
2022-05-31,2029-04-21,3.25,32999.803
2022-05-31,2029-11-21,2.75,33400.0
2022-05-31,2030-05-21,2.5,37100.0
2022-05-31,2030-12-21,1.0,38700.0
2022-05-31,2031-06-21,1.5,38100.0
2022-05-31,2031-11-21,1.0,41000.0
2022-05-31,2032-05-21,1.25,34200.0
2022-05-31,2032-11-21,1.75,23600.0
2022-05-31,2033-04-21,4.5,19800.0
2022-05-31,2033-11-21,3.0,15000.0
2022-05-31,2035-06-21,2.75,9550.0
2022-05-31,2037-04-21,3.75,12000.0
2022-05-31,2039-06-21,3.25,10300.0
2022-05-31,2041-05-21,2.75,13500.0
2022-05-31,2047-03-21,3.0,13300.0
2022-05-31,2051-06-21,1.75,16900.0
2022-06-30,2022-07-15,5.75,24762.673
2022-06-30,2022-11-21,2.25,26500.0
2022-06-30,2023-04-21,5.5,34199.708
2022-06-30,2024-04-21,2.75,35900.0
2022-06-30,2024-11-21,0.25,40600.0
2022-06-30,2025-04-21,3.25,40100.0
2022-06-30,2025-11-21,0.25,36800.0
2022-06-30,2026-04-21,4.25,38100.0
2022-06-30,2026-09-21,0.5,34600.0
2022-06-30,2027-04-21,4.75,34599.566
2022-06-30,2027-11-21,2.75,30700.0
2022-06-30,2028-05-21,2.25,29700.0
2022-06-30,2028-11-21,2.75,32600.0
2022-06-30,2029-04-21,3.25,32999.803
2022-06-30,2029-11-21,2.75,33400.0
2022-06-30,2030-05-21,2.5,37100.0
2022-06-30,2030-12-21,1.0,38700.0
2022-06-30,2031-06-21,1.5,38100.0
2022-06-30,2031-11-21,1.0,41000.0
2022-06-30,2032-05-21,1.25,35200.0
2022-06-30,2032-11-21,1.75,23600.0
2022-06-30,2033-04-21,4.5,19800.0
2022-06-30,2033-11-21,3.0,15000.0
2022-06-30,2035-06-21,2.75,9550.0
2022-06-30,2037-04-21,3.75,12000.0
2022-06-30,2039-06-21,3.25,10300.0
2022-06-30,2041-05-21,2.75,13500.0
2022-06-30,2047-03-21,3.0,13300.0
2022-06-30,2051-06-21,1.75,17800.0
2022-07-31,2022-11-21,2.25,26500.0
2022-07-31,2023-04-21,5.5,34199.708
2022-07-31,2024-04-21,2.75,35900.0
2022-07-31,2024-11-21,0.25,41300.0
2022-07-31,2025-04-21,3.25,40100.0
2022-07-31,2025-11-21,0.25,36800.0
2022-07-31,2026-04-21,4.25,38100.0
2022-07-31,2026-09-21,0.5,35300.0
2022-07-31,2027-04-21,4.75,35299.566
2022-07-31,2027-11-21,2.75,30700.0
2022-07-31,2028-05-21,2.25,29700.0
2022-07-31,2028-11-21,2.75,32600.0
2022-07-31,2029-04-21,3.25,32999.803
2022-07-31,2029-11-21,2.75,33400.0
2022-07-31,2030-05-21,2.5,37100.0
2022-07-31,2030-12-21,1.0,38700.0
2022-07-31,2031-06-21,1.5,38100.0
2022-07-31,2031-11-21,1.0,41000.0
2022-07-31,2032-05-21,1.25,36000.0
2022-07-31,2032-11-21,1.75,24400.0
2022-07-31,2033-04-21,4.5,20600.0
2022-07-31,2033-11-21,3.0,15000.0
2022-07-31,2035-06-21,2.75,9550.0
2022-07-31,2037-04-21,3.75,12000.0
2022-07-31,2039-06-21,3.25,10300.0
2022-07-31,2041-05-21,2.75,13500.0
2022-07-31,2047-03-21,3.0,13600.0
2022-07-31,2051-06-21,1.75,17800.0
2022-08-31,2022-11-21,2.25,26500.0
2022-08-31,2023-04-21,5.5,34199.708
2022-08-31,2024-04-21,2.75,35900.0
2022-08-31,2024-11-21,0.25,41300.0
2022-08-31,2025-04-21,3.25,40100.0
2022-08-31,2025-11-21,0.25,36800.0
2022-08-31,2026-04-21,4.25,38100.0
2022-08-31,2026-09-21,0.5,36000.0
2022-08-31,2027-04-21,4.75,35999.566
2022-08-31,2027-11-21,2.75,31400.0
2022-08-31,2028-05-21,2.25,29700.0
2022-08-31,2028-11-21,2.75,32600.0
2022-08-31,2029-04-21,3.25,33699.803
2022-08-31,2029-11-21,2.75,33400.0
2022-08-31,2030-05-21,2.5,37100.0
2022-08-31,2030-12-21,1.0,38700.0
2022-08-31,2031-06-21,1.5,38100.0
2022-08-31,2031-11-21,1.0,41800.0
2022-08-31,2032-05-21,1.25,36800.0
2022-08-31,2032-11-21,1.75,25200.0
2022-08-31,2033-04-21,4.5,20600.0
2022-08-31,2033-11-21,3.0,16800.0
2022-08-31,2035-06-21,2.75,9550.0
2022-08-31,2037-04-21,3.75,12300.0
2022-08-31,2039-06-21,3.25,10300.0
2022-08-31,2041-05-21,2.75,13500.0
2022-08-31,2047-03-21,3.0,13600.0
2022-08-31,2051-06-21,1.75,18100.0
2022-09-30,2022-11-21,2.25,26500.0
2022-09-30,2023-04-21,5.5,34199.708
2022-09-30,2024-04-21,2.75,35900.0
2022-09-30,2024-11-21,0.25,41300.0
2022-09-30,2025-04-21,3.25,40100.0
2022-09-30,2025-11-21,0.25,37300.0
2022-09-30,2026-04-21,4.25,38100.0
2022-09-30,2026-09-21,0.5,36700.0
2022-09-30,2027-04-21,4.75,35999.566
2022-09-30,2027-11-21,2.75,31400.0
2022-09-30,2028-05-21,2.25,29700.0
2022-09-30,2028-11-21,2.75,32600.0
2022-09-30,2029-04-21,3.25,33699.803
2022-09-30,2029-11-21,2.75,33400.0
2022-09-30,2030-05-21,2.5,37100.0
2022-09-30,2030-12-21,1.0,38700.0
2022-09-30,2031-06-21,1.5,38100.0
2022-09-30,2031-11-21,1.0,41800.0
2022-09-30,2032-05-21,1.25,37600.0
2022-09-30,2032-11-21,1.75,26200.0
2022-09-30,2033-04-21,4.5,22200.0
2022-09-30,2033-11-21,3.0,17600.0
2022-09-30,2035-06-21,2.75,9550.0
2022-09-30,2037-04-21,3.75,12300.0
2022-09-30,2039-06-21,3.25,10300.0
2022-09-30,2041-05-21,2.75,13500.0
2022-09-30,2047-03-21,3.0,13600.0
2022-09-30,2051-06-21,1.75,18400.0
2022-10-31,2022-11-21,2.25,26500.0
2022-10-31,2023-04-21,5.5,34199.708
2022-10-31,2024-04-21,2.75,35900.0
2022-10-31,2024-11-21,0.25,41300.0
2022-10-31,2025-04-21,3.25,40800.0
2022-10-31,2025-11-21,0.25,38000.0
2022-10-31,2026-04-21,4.25,38100.0
2022-10-31,2026-09-21,0.5,36700.0
2022-10-31,2027-04-21,4.75,36699.566
2022-10-31,2027-11-21,2.75,31400.0
2022-10-31,2028-05-21,2.25,29700.0
2022-10-31,2028-11-21,2.75,33300.0
2022-10-31,2029-04-21,3.25,34499.803
2022-10-31,2029-11-21,2.75,33400.0
2022-10-31,2030-05-21,2.5,37100.0
2022-10-31,2030-12-21,1.0,38700.0
2022-10-31,2031-06-21,1.5,38100.0
2022-10-31,2031-11-21,1.0,41800.0
2022-10-31,2032-05-21,1.25,38400.0
2022-10-31,2032-11-21,1.75,27000.0
2022-10-31,2033-04-21,4.5,22200.0
2022-10-31,2033-11-21,3.0,17600.0
2022-10-31,2035-06-21,2.75,9550.0
2022-10-31,2037-04-21,3.75,12300.0
2022-10-31,2039-06-21,3.25,10300.0
2022-10-31,2041-05-21,2.75,13500.0
2022-10-31,2047-03-21,3.0,13600.0
2022-10-31,2051-06-21,1.75,18700.0
2022-11-30,2023-04-21,5.5,34199.708
2022-11-30,2024-04-21,2.75,35900.0
2022-11-30,2024-11-21,0.25,41300.0
2022-11-30,2025-04-21,3.25,41500.0
2022-11-30,2025-11-21,0.25,38000.0
2022-11-30,2026-04-21,4.25,38100.0
2022-11-30,2026-09-21,0.5,36700.0
2022-11-30,2027-04-21,4.75,36699.566
2022-11-30,2027-11-21,2.75,31400.0
2022-11-30,2028-05-21,2.25,29700.0
2022-11-30,2028-11-21,2.75,34100.0
2022-11-30,2029-04-21,3.25,34499.803
2022-11-30,2029-11-21,2.75,34100.0
2022-11-30,2030-05-21,2.5,37100.0
2022-11-30,2030-12-21,1.0,38700.0
2022-11-30,2031-06-21,1.5,38100.0
2022-11-30,2031-11-21,1.0,41800.0
2022-11-30,2032-05-21,1.25,39300.0
2022-11-30,2032-11-21,1.75,27800.0
2022-11-30,2033-04-21,4.5,22200.0
2022-11-30,2033-11-21,3.0,18500.0
2022-11-30,2034-05-21,3.75,14000.0
2022-11-30,2035-06-21,2.75,9550.0
2022-11-30,2037-04-21,3.75,12300.0
2022-11-30,2039-06-21,3.25,10300.0
2022-11-30,2041-05-21,2.75,13500.0
2022-11-30,2047-03-21,3.0,13900.0
2022-11-30,2051-06-21,1.75,18700.0
2022-12-31,2023-04-21,5.5,34199.708
2022-12-31,2024-04-21,2.75,35900.0
2022-12-31,2024-11-21,0.25,41300.0
2022-12-31,2025-04-21,3.25,41500.0
2022-12-31,2025-11-21,0.25,38700.0
2022-12-31,2026-04-21,4.25,38100.0
2022-12-31,2026-09-21,0.5,37300.0
2022-12-31,2027-04-21,4.75,36699.566
2022-12-31,2027-11-21,2.75,31400.0
2022-12-31,2028-05-21,2.25,29700.0
2022-12-31,2028-11-21,2.75,34100.0
2022-12-31,2029-04-21,3.25,34499.803
2022-12-31,2029-11-21,2.75,34100.0
2022-12-31,2030-05-21,2.5,37100.0
2022-12-31,2030-12-21,1.0,38700.0
2022-12-31,2031-06-21,1.5,38100.0
2022-12-31,2031-11-21,1.0,41800.0
2022-12-31,2032-05-21,1.25,39300.0
2022-12-31,2032-11-21,1.75,27800.0
2022-12-31,2033-04-21,4.5,22900.0
2022-12-31,2033-11-21,3.0,19400.0
2022-12-31,2034-05-21,3.75,14000.0
2022-12-31,2035-06-21,2.75,9550.0
2022-12-31,2037-04-21,3.75,12300.0
2022-12-31,2039-06-21,3.25,10300.0
2022-12-31,2041-05-21,2.75,13500.0
2022-12-31,2047-03-21,3.0,13900.0
2022-12-31,2051-06-21,1.75,18700.0
2023-01-31,2023-04-21,5.5,34199.708
2023-01-31,2024-04-21,2.75,35900.0
2023-01-31,2024-11-21,0.25,41300.0
2023-01-31,2025-04-21,3.25,41500.0
2023-01-31,2025-11-21,0.25,38700.0
2023-01-31,2026-04-21,4.25,38100.0
2023-01-31,2026-09-21,0.5,37300.0
2023-01-31,2027-04-21,4.75,36699.566
2023-01-31,2027-11-21,2.75,31400.0
2023-01-31,2028-05-21,2.25,29700.0
2023-01-31,2028-11-21,2.75,34100.0
2023-01-31,2029-04-21,3.25,34499.803
2023-01-31,2029-11-21,2.75,34100.0
2023-01-31,2030-05-21,2.5,37100.0
2023-01-31,2030-12-21,1.0,38700.0
2023-01-31,2031-06-21,1.5,38100.0
2023-01-31,2031-11-21,1.0,41800.0
2023-01-31,2032-05-21,1.25,39300.0
2023-01-31,2032-11-21,1.75,27800.0
2023-01-31,2033-04-21,4.5,22900.0
2023-01-31,2033-11-21,3.0,19400.0
2023-01-31,2034-05-21,3.75,14000.0
2023-01-31,2035-06-21,2.75,9550.0
2023-01-31,2037-04-21,3.75,12300.0
2023-01-31,2039-06-21,3.25,10300.0
2023-01-31,2041-05-21,2.75,13500.0
2023-01-31,2047-03-21,3.0,13900.0
2023-01-31,2051-06-21,1.75,18700.0
2023-02-28,2023-04-21,5.5,34199.708
2023-02-28,2024-04-21,2.75,35900.0
2023-02-28,2024-11-21,0.25,41300.0
2023-02-28,2025-04-21,3.25,41500.0
2023-02-28,2025-11-21,0.25,38700.0
2023-02-28,2026-04-21,4.25,38600.0
2023-02-28,2026-09-21,0.5,37300.0
2023-02-28,2027-04-21,4.75,36699.566
2023-02-28,2027-11-21,2.75,31400.0
2023-02-28,2028-05-21,2.25,30200.0
2023-02-28,2028-11-21,2.75,34100.0
2023-02-28,2029-04-21,3.25,34999.803
2023-02-28,2029-11-21,2.75,34700.0
2023-02-28,2030-05-21,2.5,37100.0
2023-02-28,2030-12-21,1.0,38700.0
2023-02-28,2031-06-21,1.5,38100.0
2023-02-28,2031-11-21,1.0,41800.0
2023-02-28,2032-05-21,1.25,39300.0
2023-02-28,2032-11-21,1.75,27800.0
2023-02-28,2033-04-21,4.5,23600.0
2023-02-28,2033-11-21,3.0,20400.0
2023-02-28,2034-05-21,3.75,15600.0
2023-02-28,2035-06-21,2.75,9550.0
2023-02-28,2037-04-21,3.75,12300.0
2023-02-28,2039-06-21,3.25,10300.0
2023-02-28,2041-05-21,2.75,13800.0
2023-02-28,2047-03-21,3.0,13900.0
2023-02-28,2051-06-21,1.75,19000.0
2023-03-31,2023-04-21,5.5,34199.708
2023-03-31,2024-04-21,2.75,35900.0
2023-03-31,2024-11-21,0.25,41300.0
2023-03-31,2025-04-21,3.25,41500.0
2023-03-31,2025-11-21,0.25,38700.0
2023-03-31,2026-04-21,4.25,39100.0
2023-03-31,2026-09-21,0.5,37800.0
2023-03-31,2027-04-21,4.75,36699.566
2023-03-31,2027-11-21,2.75,31400.0
2023-03-31,2028-05-21,2.25,30200.0
2023-03-31,2028-11-21,2.75,34100.0
2023-03-31,2029-04-21,3.25,34999.803
2023-03-31,2029-11-21,2.75,34700.0
2023-03-31,2030-05-21,2.5,37100.0
2023-03-31,2030-12-21,1.0,38700.0
2023-03-31,2031-06-21,1.5,38100.0
2023-03-31,2031-11-21,1.0,41800.0
2023-03-31,2032-05-21,1.25,39300.0
2023-03-31,2032-11-21,1.75,29000.0
2023-03-31,2033-04-21,4.5,23600.0
2023-03-31,2033-11-21,3.0,21100.0
2023-03-31,2034-05-21,3.75,17400.0
2023-03-31,2035-06-21,2.75,10050.0
2023-03-31,2037-04-21,3.75,12300.0
2023-03-31,2039-06-21,3.25,10300.0
2023-03-31,2041-05-21,2.75,13800.0
2023-03-31,2047-03-21,3.0,14200.0
2023-03-31,2051-06-21,1.75,19000.0
2023-04-30,2024-04-21,2.75,35900.0
2023-04-30,2024-11-21,0.25,41300.0
2023-04-30,2025-04-21,3.25,41500.0
2023-04-30,2025-11-21,0.25,39200.0
2023-04-30,2026-04-21,4.25,39100.0
2023-04-30,2026-09-21,0.5,37800.0
2023-04-30,2027-04-21,4.75,36699.566
2023-04-30,2027-11-21,2.75,31400.0
2023-04-30,2028-05-21,2.25,30200.0
2023-04-30,2028-11-21,2.75,34100.0
2023-04-30,2029-04-21,3.25,35799.803
2023-04-30,2029-11-21,2.75,34700.0
2023-04-30,2030-05-21,2.5,37100.0
2023-04-30,2030-12-21,1.0,38700.0
2023-04-30,2031-06-21,1.5,38100.0
2023-04-30,2031-11-21,1.0,41800.0
2023-04-30,2032-05-21,1.25,39300.0
2023-04-30,2032-11-21,1.75,29000.0
2023-04-30,2033-04-21,4.5,23600.0
2023-04-30,2033-11-21,3.0,21100.0
2023-04-30,2034-05-21,3.75,17400.0
2023-04-30,2034-12-21,3.5,14000.0
2023-04-30,2035-06-21,2.75,10850.0
2023-04-30,2037-04-21,3.75,12300.0
2023-04-30,2039-06-21,3.25,10300.0
2023-04-30,2041-05-21,2.75,13800.0
2023-04-30,2047-03-21,3.0,14200.0
2023-04-30,2051-06-21,1.75,19000.0
2023-05-31,2024-04-21,2.75,35900.0
2023-05-31,2024-11-21,0.25,41300.0
2023-05-31,2025-04-21,3.25,41500.0
2023-05-31,2025-11-21,0.25,39200.0
2023-05-31,2026-04-21,4.25,39100.0
2023-05-31,2026-09-21,0.5,37800.0
2023-05-31,2027-04-21,4.75,36699.566
2023-05-31,2027-11-21,2.75,31400.0
2023-05-31,2028-05-21,2.25,30200.0
2023-05-31,2028-11-21,2.75,34100.0
2023-05-31,2029-04-21,3.25,36599.803
2023-05-31,2029-11-21,2.75,34700.0
2023-05-31,2030-05-21,2.5,37100.0
2023-05-31,2030-12-21,1.0,38700.0
2023-05-31,2031-06-21,1.5,38100.0
2023-05-31,2031-11-21,1.0,41800.0
2023-05-31,2032-05-21,1.25,39300.0
2023-05-31,2032-11-21,1.75,29000.0
2023-05-31,2033-04-21,4.5,24400.0
2023-05-31,2033-11-21,3.0,21100.0
2023-05-31,2034-05-21,3.75,17400.0
2023-05-31,2034-12-21,3.5,14800.0
2023-05-31,2035-06-21,2.75,11550.0
2023-05-31,2037-04-21,3.75,12300.0
2023-05-31,2039-06-21,3.25,10300.0
2023-05-31,2041-05-21,2.75,13800.0
2023-05-31,2047-03-21,3.0,14200.0
2023-05-31,2051-06-21,1.75,19000.0
2023-06-30,2024-04-21,2.75,35900.0
2023-06-30,2024-11-21,0.25,41300.0
2023-06-30,2025-04-21,3.25,41500.0
2023-06-30,2025-11-21,0.25,39200.0
2023-06-30,2026-04-21,4.25,39600.0
2023-06-30,2026-09-21,0.5,37800.0
2023-06-30,2027-04-21,4.75,36699.566
2023-06-30,2027-11-21,2.75,31400.0
2023-06-30,2028-05-21,2.25,30200.0
2023-06-30,2028-11-21,2.75,34100.0
2023-06-30,2029-04-21,3.25,36599.803
2023-06-30,2029-11-21,2.75,34700.0
2023-06-30,2030-05-21,2.5,37100.0
2023-06-30,2030-12-21,1.0,38700.0
2023-06-30,2031-06-21,1.5,38100.0
2023-06-30,2031-11-21,1.0,41800.0
2023-06-30,2032-05-21,1.25,39300.0
2023-06-30,2032-11-21,1.75,29000.0
2023-06-30,2033-04-21,4.5,24400.0
2023-06-30,2033-11-21,3.0,21100.0
2023-06-30,2034-05-21,3.75,18100.0
2023-06-30,2034-12-21,3.5,15500.0
2023-06-30,2035-06-21,2.75,11550.0
2023-06-30,2037-04-21,3.75,12300.0
2023-06-30,2039-06-21,3.25,10300.0
2023-06-30,2041-05-21,2.75,13800.0
2023-06-30,2047-03-21,3.0,14200.0
2023-06-30,2051-06-21,1.75,19600.0
2023-07-31,2024-04-21,2.75,35900.0
2023-07-31,2024-11-21,0.25,41300.0
2023-07-31,2025-04-21,3.25,41500.0
2023-07-31,2025-11-21,0.25,39200.0
2023-07-31,2026-04-21,4.25,39600.0
2023-07-31,2026-09-21,0.5,37800.0
2023-07-31,2027-04-21,4.75,36699.566
2023-07-31,2027-11-21,2.75,31400.0
2023-07-31,2028-05-21,2.25,30900.0
2023-07-31,2028-11-21,2.75,34100.0
2023-07-31,2029-04-21,3.25,36599.803
2023-07-31,2029-11-21,2.75,34700.0
2023-07-31,2030-05-21,2.5,37100.0
2023-07-31,2030-12-21,1.0,38700.0
2023-07-31,2031-06-21,1.5,38100.0
2023-07-31,2031-11-21,1.0,41800.0
2023-07-31,2032-05-21,1.25,39300.0
2023-07-31,2032-11-21,1.75,29000.0
2023-07-31,2033-04-21,4.5,24400.0
2023-07-31,2033-11-21,3.0,21800.0
2023-07-31,2034-05-21,3.75,18100.0
2023-07-31,2034-12-21,3.5,16300.0
2023-07-31,2035-06-21,2.75,11550.0
2023-07-31,2037-04-21,3.75,12300.0
2023-07-31,2039-06-21,3.25,10300.0
2023-07-31,2041-05-21,2.75,13800.0
2023-07-31,2047-03-21,3.0,14200.0
2023-07-31,2051-06-21,1.75,19600.0
2023-08-31,2024-04-21,2.75,35900.0
2023-08-31,2024-11-21,0.25,41300.0
2023-08-31,2025-04-21,3.25,41500.0
2023-08-31,2025-11-21,0.25,39200.0
2023-08-31,2026-04-21,4.25,39600.0
2023-08-31,2026-09-21,0.5,37800.0
2023-08-31,2027-04-21,4.75,36699.566
2023-08-31,2027-11-21,2.75,31400.0
2023-08-31,2028-05-21,2.25,30900.0
2023-08-31,2028-11-21,2.75,34100.0
2023-08-31,2029-04-21,3.25,36599.803
2023-08-31,2029-11-21,2.75,34700.0
2023-08-31,2030-05-21,2.5,37100.0
2023-08-31,2030-12-21,1.0,38700.0
2023-08-31,2031-06-21,1.5,38100.0
2023-08-31,2031-11-21,1.0,41800.0
2023-08-31,2032-05-21,1.25,39300.0
2023-08-31,2032-11-21,1.75,29000.0
2023-08-31,2033-04-21,4.5,25100.0
2023-08-31,2033-11-21,3.0,22500.0
2023-08-31,2034-05-21,3.75,18800.0
2023-08-31,2034-12-21,3.5,16300.0
2023-08-31,2035-06-21,2.75,12250.0
2023-08-31,2037-04-21,3.75,12300.0
2023-08-31,2039-06-21,3.25,10300.0
2023-08-31,2041-05-21,2.75,14300.0
2023-08-31,2047-03-21,3.0,14200.0
2023-08-31,2051-06-21,1.75,19600.0
2023-09-30,2024-04-21,2.75,35900.0
2023-09-30,2024-11-21,0.25,41300.0
2023-09-30,2025-04-21,3.25,41500.0
2023-09-30,2025-11-21,0.25,39200.0
2023-09-30,2026-04-21,4.25,39600.0
2023-09-30,2026-09-21,0.5,37800.0
2023-09-30,2027-04-21,4.75,36699.566
2023-09-30,2027-11-21,2.75,31400.0
2023-09-30,2028-05-21,2.25,30900.0
2023-09-30,2028-11-21,2.75,34800.0
2023-09-30,2029-04-21,3.25,36599.803
2023-09-30,2029-11-21,2.75,34700.0
2023-09-30,2030-05-21,2.5,37100.0
2023-09-30,2030-12-21,1.0,38700.0
2023-09-30,2031-06-21,1.5,38100.0
2023-09-30,2031-11-21,1.0,41800.0
2023-09-30,2032-05-21,1.25,39300.0
2023-09-30,2032-11-21,1.75,29000.0
2023-09-30,2033-04-21,4.5,25100.0
2023-09-30,2033-11-21,3.0,22500.0
2023-09-30,2034-05-21,3.75,18800.0
2023-09-30,2034-12-21,3.5,17000.0
2023-09-30,2035-06-21,2.75,13050.0
2023-09-30,2037-04-21,3.75,12300.0
2023-09-30,2039-06-21,3.25,10300.0
2023-09-30,2041-05-21,2.75,14300.0
2023-09-30,2047-03-21,3.0,14200.0
2023-09-30,2051-06-21,1.75,19600.0
2023-10-31,2024-04-21,2.75,35900.0
2023-10-31,2024-11-21,0.25,41300.0
2023-10-31,2025-04-21,3.25,41500.0
2023-10-31,2025-11-21,0.25,39200.0
2023-10-31,2026-04-21,4.25,39600.0
2023-10-31,2026-09-21,0.5,38600.0
2023-10-31,2027-04-21,4.75,36699.566
2023-10-31,2027-11-21,2.75,32200.0
2023-10-31,2028-05-21,2.25,31700.0
2023-10-31,2028-11-21,2.75,34800.0
2023-10-31,2029-04-21,3.25,36599.803
2023-10-31,2029-11-21,2.75,34700.0
2023-10-31,2030-05-21,2.5,37100.0
2023-10-31,2030-12-21,1.0,38700.0
2023-10-31,2031-06-21,1.5,38100.0
2023-10-31,2031-11-21,1.0,41800.0
2023-10-31,2032-05-21,1.25,39300.0
2023-10-31,2032-11-21,1.75,29000.0
2023-10-31,2033-04-21,4.5,25100.0
2023-10-31,2033-11-21,3.0,22500.0
2023-10-31,2034-05-21,3.75,18800.0
2023-10-31,2034-12-21,3.5,17000.0
2023-10-31,2035-06-21,2.75,13850.0
2023-10-31,2037-04-21,3.75,12300.0
2023-10-31,2039-06-21,3.25,10300.0
2023-10-31,2041-05-21,2.75,14300.0
2023-10-31,2047-03-21,3.0,14200.0
2023-10-31,2051-06-21,1.75,19600.0
2023-10-31,2054-06-21,4.75,8000.0
2023-11-30,2024-04-21,2.75,35900.0
2023-11-30,2024-11-21,0.25,41300.0
2023-11-30,2025-04-21,3.25,41500.0
2023-11-30,2025-11-21,0.25,39200.0
2023-11-30,2026-04-21,4.25,39600.0
2023-11-30,2026-09-21,0.5,38600.0
2023-11-30,2027-04-21,4.75,36699.566
2023-11-30,2027-11-21,2.75,32200.0
2023-11-30,2028-05-21,2.25,32500.0
2023-11-30,2028-11-21,2.75,34800.0
2023-11-30,2029-04-21,3.25,36599.803
2023-11-30,2029-11-21,2.75,34700.0
2023-11-30,2030-05-21,2.5,37100.0
2023-11-30,2030-12-21,1.0,38700.0
2023-11-30,2031-06-21,1.5,38100.0
2023-11-30,2031-11-21,1.0,41800.0
2023-11-30,2032-05-21,1.25,39300.0
2023-11-30,2032-11-21,1.75,29000.0
2023-11-30,2033-04-21,4.5,25900.0
2023-11-30,2033-11-21,3.0,22500.0
2023-11-30,2034-05-21,3.75,18800.0
2023-11-30,2034-12-21,3.5,17800.0
2023-11-30,2035-06-21,2.75,14650.0
2023-11-30,2037-04-21,3.75,12300.0
2023-11-30,2039-06-21,3.25,10300.0
2023-11-30,2041-05-21,2.75,14300.0
2023-11-30,2047-03-21,3.0,14200.0
2023-11-30,2051-06-21,1.75,19600.0
2023-11-30,2054-06-21,4.75,8000.0
2023-12-31,2024-04-21,2.75,35900.0
2023-12-31,2024-11-21,0.25,41300.0
2023-12-31,2025-04-21,3.25,41500.0
2023-12-31,2025-11-21,0.25,39200.0
2023-12-31,2026-04-21,4.25,39600.0
2023-12-31,2026-09-21,0.5,38600.0
2023-12-31,2027-04-21,4.75,36699.566
2023-12-31,2027-11-21,2.75,32200.0
2023-12-31,2028-05-21,2.25,32500.0
2023-12-31,2028-11-21,2.75,34800.0
2023-12-31,2029-04-21,3.25,36599.803
2023-12-31,2029-11-21,2.75,34700.0
2023-12-31,2030-05-21,2.5,37100.0
2023-12-31,2030-12-21,1.0,38700.0
2023-12-31,2031-06-21,1.5,38100.0
2023-12-31,2031-11-21,1.0,41800.0
2023-12-31,2032-05-21,1.25,39300.0
2023-12-31,2032-11-21,1.75,29000.0
2023-12-31,2033-04-21,4.5,25900.0
2023-12-31,2033-11-21,3.0,22500.0
2023-12-31,2034-05-21,3.75,18800.0
2023-12-31,2034-12-21,3.5,17800.0
2023-12-31,2035-06-21,2.75,15450.0
2023-12-31,2037-04-21,3.75,13000.0
2023-12-31,2039-06-21,3.25,10300.0
2023-12-31,2041-05-21,2.75,14300.0
2023-12-31,2047-03-21,3.0,14200.0
2023-12-31,2051-06-21,1.75,19600.0
2023-12-31,2054-06-21,4.75,8000.0
2024-01-31,2024-04-21,2.75,35900.0
2024-01-31,2024-11-21,0.25,41300.0
2024-01-31,2025-04-21,3.25,41500.0
2024-01-31,2025-11-21,0.25,39200.0
2024-01-31,2026-04-21,4.25,39600.0
2024-01-31,2026-09-21,0.5,38600.0
2024-01-31,2027-04-21,4.75,36699.566
2024-01-31,2027-11-21,2.75,32200.0
2024-01-31,2028-05-21,2.25,32500.0
2024-01-31,2028-11-21,2.75,34800.0
2024-01-31,2029-04-21,3.25,36599.803
2024-01-31,2029-11-21,2.75,34700.0
2024-01-31,2030-05-21,2.5,37100.0
2024-01-31,2030-12-21,1.0,38700.0
2024-01-31,2031-06-21,1.5,38100.0
2024-01-31,2031-11-21,1.0,41800.0
2024-01-31,2032-05-21,1.25,39300.0
2024-01-31,2032-11-21,1.75,29000.0
2024-01-31,2033-04-21,4.5,25900.0
2024-01-31,2033-11-21,3.0,23300.0
2024-01-31,2034-05-21,3.75,18800.0
2024-01-31,2034-12-21,3.5,18600.0
2024-01-31,2035-06-21,2.75,15450.0
2024-01-31,2037-04-21,3.75,13000.0
2024-01-31,2039-06-21,3.25,10300.0
2024-01-31,2041-05-21,2.75,14300.0
2024-01-31,2047-03-21,3.0,14200.0
2024-01-31,2051-06-21,1.75,19600.0
2024-01-31,2054-06-21,4.75,8000.0
2024-02-29,2024-04-21,2.75,35900.0
2024-02-29,2024-11-21,0.25,41300.0
2024-02-29,2025-04-21,3.25,41500.0
2024-02-29,2025-11-21,0.25,39200.0
2024-02-29,2026-04-21,4.25,39600.0
2024-02-29,2026-09-21,0.5,38600.0
2024-02-29,2027-04-21,4.75,36699.566
2024-02-29,2027-11-21,2.75,32200.0
2024-02-29,2028-05-21,2.25,32500.0
2024-02-29,2028-11-21,2.75,35600.0
2024-02-29,2029-04-21,3.25,36599.803
2024-02-29,2029-11-21,2.75,34700.0
2024-02-29,2030-05-21,2.5,37100.0
2024-02-29,2030-12-21,1.0,39500.0
2024-02-29,2031-06-21,1.5,38100.0
2024-02-29,2031-11-21,1.0,41800.0
2024-02-29,2032-05-21,1.25,39300.0
2024-02-29,2032-11-21,1.75,29000.0
2024-02-29,2033-04-21,4.5,25900.0
2024-02-29,2033-11-21,3.0,23300.0
2024-02-29,2034-05-21,3.75,19600.0
2024-02-29,2034-12-21,3.5,18600.0
2024-02-29,2035-06-21,2.75,15450.0
2024-02-29,2037-04-21,3.75,13800.0
2024-02-29,2039-06-21,3.25,10300.0
2024-02-29,2041-05-21,2.75,14300.0
2024-02-29,2047-03-21,3.0,14200.0
2024-02-29,2051-06-21,1.75,19600.0
2024-02-29,2054-06-21,4.75,8000.0
2024-03-31,2024-04-21,2.75,35900.0
2024-03-31,2024-11-21,0.25,41300.0
2024-03-31,2025-04-21,3.25,41500.0
2024-03-31,2025-11-21,0.25,39200.0
2024-03-31,2026-04-21,4.25,39600.0
2024-03-31,2026-09-21,0.5,38600.0
2024-03-31,2027-04-21,4.75,36699.566
2024-03-31,2027-11-21,2.75,32200.0
2024-03-31,2028-05-21,2.25,32500.0
2024-03-31,2028-11-21,2.75,35600.0
2024-03-31,2029-04-21,3.25,36599.803
2024-03-31,2029-11-21,2.75,35500.0
2024-03-31,2030-05-21,2.5,37100.0
2024-03-31,2030-12-21,1.0,39500.0
2024-03-31,2031-06-21,1.5,38100.0
2024-03-31,2031-11-21,1.0,41800.0
2024-03-31,2032-05-21,1.25,39300.0
2024-03-31,2032-11-21,1.75,29000.0
2024-03-31,2033-04-21,4.5,25900.0
2024-03-31,2033-11-21,3.0,23300.0
2024-03-31,2034-05-21,3.75,20400.0
2024-03-31,2034-12-21,3.5,18600.0
2024-03-31,2035-06-21,2.75,16250.0
2024-03-31,2037-04-21,3.75,13800.0
2024-03-31,2039-06-21,3.25,10300.0
2024-03-31,2041-05-21,2.75,14300.0
2024-03-31,2047-03-21,3.0,14200.0
2024-03-31,2051-06-21,1.75,19600.0
2024-03-31,2054-06-21,4.75,8000.0
2024-04-30,2024-11-21,0.25,41300.0
2024-04-30,2025-04-21,3.25,41500.0
2024-04-30,2025-11-21,0.25,39200.0
2024-04-30,2026-04-21,4.25,39600.0
2024-04-30,2026-09-21,0.5,39400.0
2024-04-30,2027-04-21,4.75,37499.566
2024-04-30,2027-11-21,2.75,32200.0
2024-04-30,2028-05-21,2.25,32500.0
2024-04-30,2028-11-21,2.75,35600.0
2024-04-30,2029-04-21,3.25,36599.803
2024-04-30,2029-11-21,2.75,35500.0
2024-04-30,2030-05-21,2.5,37900.0
2024-04-30,2030-12-21,1.0,39500.0
2024-04-30,2031-06-21,1.5,38100.0
2024-04-30,2031-11-21,1.0,41800.0
2024-04-30,2032-05-21,1.25,39300.0
2024-04-30,2032-11-21,1.75,29000.0
2024-04-30,2033-04-21,4.5,26700.0
2024-04-30,2033-11-21,3.0,24100.0
2024-04-30,2034-05-21,3.75,20400.0
2024-04-30,2034-12-21,3.5,18600.0
2024-04-30,2035-06-21,2.75,16250.0
2024-04-30,2037-04-21,3.75,13800.0
2024-04-30,2039-06-21,3.25,10300.0
2024-04-30,2041-05-21,2.75,14600.0
2024-04-30,2047-03-21,3.0,14200.0
2024-04-30,2051-06-21,1.75,19600.0
2024-04-30,2054-06-21,4.75,8000.0
2024-05-31,2024-11-21,0.25,41300.0
2024-05-31,2025-04-21,3.25,41500.0
2024-05-31,2025-11-21,0.25,39200.0
2024-05-31,2026-04-21,4.25,39600.0
2024-05-31,2026-09-21,0.5,39400.0
2024-05-31,2027-04-21,4.75,37499.566
2024-05-31,2027-11-21,2.75,32200.0
2024-05-31,2028-05-21,2.25,32500.0
2024-05-31,2028-11-21,2.75,36500.0
2024-05-31,2029-04-21,3.25,37399.786
2024-05-31,2029-11-21,2.75,35500.0
2024-05-31,2030-05-21,2.5,37900.0
2024-05-31,2030-12-21,1.0,39500.0
2024-05-31,2031-06-21,1.5,38700.0
2024-05-31,2031-11-21,1.0,41800.0
2024-05-31,2032-05-21,1.25,39300.0
2024-05-31,2032-11-21,1.75,29000.0
2024-05-31,2033-04-21,4.5,26700.0
2024-05-31,2033-11-21,3.0,24100.0
2024-05-31,2034-05-21,3.75,21200.0
2024-05-31,2034-12-21,3.5,18600.0
2024-05-31,2035-06-21,2.75,17050.0
2024-05-31,2037-04-21,3.75,13800.0
2024-05-31,2039-06-21,3.25,10300.0
2024-05-31,2041-05-21,2.75,14600.0
2024-05-31,2047-03-21,3.0,14200.0
2024-05-31,2051-06-21,1.75,19600.0
2024-05-31,2054-06-21,4.75,8300.0
2024-06-30,2024-11-21,0.25,41300.0
2024-06-30,2025-04-21,3.25,41500.0
2024-06-30,2025-11-21,0.25,39200.0
2024-06-30,2026-04-21,4.25,39600.0
2024-06-30,2026-09-21,0.5,39400.0
2024-06-30,2027-04-21,4.75,37499.566
2024-06-30,2027-11-21,2.75,32200.0
2024-06-30,2028-05-21,2.25,32500.0
2024-06-30,2028-11-21,2.75,36500.0
2024-06-30,2029-04-21,3.25,38299.786
2024-06-30,2029-11-21,2.75,36200.0
2024-06-30,2030-05-21,2.5,37900.0
2024-06-30,2030-12-21,1.0,39500.0
2024-06-30,2031-06-21,1.5,39400.0
2024-06-30,2031-11-21,1.0,41800.0
2024-06-30,2032-05-21,1.25,39300.0
2024-06-30,2032-11-21,1.75,29000.0
2024-06-30,2033-04-21,4.5,26700.0
2024-06-30,2033-11-21,3.0,24100.0
2024-06-30,2034-05-21,3.75,21200.0
2024-06-30,2034-06-21,4.25,7000.0
2024-06-30,2034-12-21,3.5,19200.0
2024-06-30,2035-06-21,2.75,17850.0
2024-06-30,2037-04-21,3.75,13800.0
2024-06-30,2039-06-21,3.25,10300.0
2024-06-30,2041-05-21,2.75,14600.0
2024-06-30,2047-03-21,3.0,14200.0
2024-06-30,2051-06-21,1.75,19600.0
2024-06-30,2054-06-21,4.75,8300.0
2024-07-31,2024-11-21,0.25,41300.0
2024-07-31,2025-04-21,3.25,41500.0
2024-07-31,2025-11-21,0.25,39200.0
2024-07-31,2026-04-21,4.25,39600.0
2024-07-31,2026-09-21,0.5,39400.0
2024-07-31,2027-04-21,4.75,37499.566
2024-07-31,2027-11-21,2.75,32900.0
2024-07-31,2028-05-21,2.25,33400.0
2024-07-31,2028-11-21,2.75,37400.0
2024-07-31,2029-04-21,3.25,38299.786
2024-07-31,2029-11-21,2.75,37000.0
2024-07-31,2030-05-21,2.5,37900.0
2024-07-31,2030-12-21,1.0,39500.0
2024-07-31,2031-06-21,1.5,39400.0
2024-07-31,2031-11-21,1.0,41800.0
2024-07-31,2032-05-21,1.25,39300.0
2024-07-31,2032-11-21,1.75,29000.0
2024-07-31,2033-04-21,4.5,26700.0
2024-07-31,2033-11-21,3.0,24600.0
2024-07-31,2034-05-21,3.75,21900.0
2024-07-31,2034-06-21,4.25,7000.0
2024-07-31,2034-12-21,3.5,19200.0
2024-07-31,2035-06-21,2.75,17850.0
2024-07-31,2035-12-21,4.25,11500.0
2024-07-31,2037-04-21,3.75,14400.0
2024-07-31,2039-06-21,3.25,10300.0
2024-07-31,2041-05-21,2.75,14600.0
2024-07-31,2047-03-21,3.0,14200.0
2024-07-31,2051-06-21,1.75,19900.0
2024-07-31,2054-06-21,4.75,8300.0
2024-08-31,2024-11-21,0.25,41300.0
2024-08-31,2025-04-21,3.25,41500.0
2024-08-31,2025-11-21,0.25,39200.0
2024-08-31,2026-04-21,4.25,39600.0
2024-08-31,2026-09-21,0.5,39400.0
2024-08-31,2027-04-21,4.75,38199.566
2024-08-31,2027-11-21,2.75,32900.0
2024-08-31,2028-05-21,2.25,34100.0
2024-08-31,2028-11-21,2.75,38100.0
2024-08-31,2029-04-21,3.25,38299.786
2024-08-31,2029-11-21,2.75,37000.0
2024-08-31,2030-05-21,2.5,37900.0
2024-08-31,2030-12-21,1.0,39500.0
2024-08-31,2031-06-21,1.5,39400.0
2024-08-31,2031-11-21,1.0,41800.0
2024-08-31,2032-05-21,1.25,39300.0
2024-08-31,2032-11-21,1.75,29000.0
2024-08-31,2033-04-21,4.5,26700.0
2024-08-31,2033-11-21,3.0,25400.0
2024-08-31,2034-05-21,3.75,22500.0
2024-08-31,2034-06-21,4.25,7000.0
2024-08-31,2034-12-21,3.5,20800.0
2024-08-31,2035-06-21,2.75,18650.0
2024-08-31,2035-12-21,4.25,11500.0
2024-08-31,2037-04-21,3.75,14400.0
2024-08-31,2039-06-21,3.25,10300.0
2024-08-31,2041-05-21,2.75,14600.0
2024-08-31,2047-03-21,3.0,14200.0
2024-08-31,2051-06-21,1.75,19900.0
2024-08-31,2054-06-21,4.75,8300.0
2024-09-30,2024-11-21,0.25,41300.0
2024-09-30,2025-04-21,3.25,41500.0
2024-09-30,2025-11-21,0.25,39200.0
2024-09-30,2026-04-21,4.25,39600.0
2024-09-30,2026-09-21,0.5,39400.0
2024-09-30,2027-04-21,4.75,38199.566
2024-09-30,2027-11-21,2.75,33900.0
2024-09-30,2028-05-21,2.25,34100.0
2024-09-30,2028-11-21,2.75,38100.0
2024-09-30,2029-04-21,3.25,38799.786
2024-09-30,2029-11-21,2.75,37700.0
2024-09-30,2030-05-21,2.5,37900.0
2024-09-30,2030-12-21,1.0,39500.0
2024-09-30,2031-06-21,1.5,39400.0
2024-09-30,2031-11-21,1.0,41800.0
2024-09-30,2032-05-21,1.25,39300.0
2024-09-30,2032-11-21,1.75,29000.0
2024-09-30,2033-04-21,4.5,26700.0
2024-09-30,2033-11-21,3.0,25400.0
2024-09-30,2034-05-21,3.75,23500.0
2024-09-30,2034-06-21,4.25,7000.0
2024-09-30,2034-12-21,3.5,20800.0
2024-09-30,2035-06-21,2.75,18650.0
2024-09-30,2035-12-21,4.25,12700.0
2024-09-30,2037-04-21,3.75,15400.0
2024-09-30,2039-06-21,3.25,10300.0
2024-09-30,2041-05-21,2.75,14600.0
2024-09-30,2047-03-21,3.0,14200.0
2024-09-30,2051-06-21,1.75,19900.0
2024-09-30,2054-06-21,4.75,8300.0
2024-10-31,2024-11-21,0.25,41300.0
2024-10-31,2025-04-21,3.25,41500.0
2024-10-31,2025-11-21,0.25,39200.0
2024-10-31,2026-04-21,4.25,39600.0
2024-10-31,2026-09-21,0.5,39400.0
2024-10-31,2027-04-21,4.75,38699.566
2024-10-31,2027-11-21,2.75,34600.0
2024-10-31,2028-05-21,2.25,34600.0
2024-10-31,2028-11-21,2.75,39800.0
2024-10-31,2029-04-21,3.25,39499.786
2024-10-31,2029-11-21,2.75,37700.0
2024-10-31,2030-05-21,2.5,37900.0
2024-10-31,2030-12-21,1.0,39500.0
2024-10-31,2031-06-21,1.5,39400.0
2024-10-31,2031-11-21,1.0,41800.0
2024-10-31,2032-05-21,1.25,39300.0
2024-10-31,2032-11-21,1.75,29000.0
2024-10-31,2033-04-21,4.5,26700.0
2024-10-31,2033-11-21,3.0,25400.0
2024-10-31,2034-05-21,3.75,24200.0
2024-10-31,2034-06-21,4.25,7300.0
2024-10-31,2034-12-21,3.5,20800.0
2024-10-31,2035-06-21,2.75,19450.0
2024-10-31,2035-12-21,4.25,13500.0
2024-10-31,2037-04-21,3.75,15400.0
2024-10-31,2039-06-21,3.25,10800.0
2024-10-31,2041-05-21,2.75,14600.0
2024-10-31,2047-03-21,3.0,14200.0
2024-10-31,2051-06-21,1.75,20200.0
2024-10-31,2054-06-21,4.75,8300.0
2024-11-30,2025-04-21,3.25,41500.0
2024-11-30,2025-11-21,0.25,39200.0
2024-11-30,2026-04-21,4.25,39600.0
2024-11-30,2026-09-21,0.5,39400.0
2024-11-30,2027-04-21,4.75,39399.566
2024-11-30,2027-11-21,2.75,35300.0
2024-11-30,2028-05-21,2.25,34600.0
2024-11-30,2028-11-21,2.75,40500.0
2024-11-30,2029-04-21,3.25,39499.786
2024-11-30,2029-11-21,2.75,37700.0
2024-11-30,2030-05-21,2.5,38700.0
2024-11-30,2030-12-21,1.0,39500.0
2024-11-30,2031-06-21,1.5,39400.0
2024-11-30,2031-11-21,1.0,41800.0
2024-11-30,2032-05-21,1.25,39300.0
2024-11-30,2032-11-21,1.75,29000.0
2024-11-30,2033-04-21,4.5,26700.0
2024-11-30,2033-11-21,3.0,25400.0
2024-11-30,2034-05-21,3.75,24200.0
2024-11-30,2034-06-21,4.25,7300.0
2024-11-30,2034-12-21,3.5,22400.0
2024-11-30,2035-06-21,2.75,20250.0
2024-11-30,2035-12-21,4.25,14300.0
2024-11-30,2037-04-21,3.75,15400.0
2024-11-30,2039-06-21,3.25,10800.0
2024-11-30,2041-05-21,2.75,14900.0
2024-11-30,2047-03-21,3.0,14200.0
2024-11-30,2051-06-21,1.75,20200.0
2024-11-30,2054-06-21,4.75,8300.0
2024-12-31,2025-04-21,3.25,41500.0
2024-12-31,2025-11-21,0.25,39200.0
2024-12-31,2026-04-21,4.25,39600.0
2024-12-31,2026-09-21,0.5,39400.0
2024-12-31,2027-04-21,4.75,39399.566
2024-12-31,2027-11-21,2.75,35300.0
2024-12-31,2028-05-21,2.25,35300.0
2024-12-31,2028-11-21,2.75,40500.0
2024-12-31,2029-04-21,3.25,40199.786
2024-12-31,2029-11-21,2.75,38700.0
2024-12-31,2030-05-21,2.5,38700.0
2024-12-31,2030-12-21,1.0,39500.0
2024-12-31,2031-06-21,1.5,40100.0
2024-12-31,2031-11-21,1.0,41800.0
2024-12-31,2032-05-21,1.25,39300.0
2024-12-31,2032-11-21,1.75,29000.0
2024-12-31,2033-04-21,4.5,26700.0
2024-12-31,2033-11-21,3.0,25400.0
2024-12-31,2034-05-21,3.75,24200.0
2024-12-31,2034-06-21,4.25,7600.0
2024-12-31,2034-12-21,3.5,22400.0
2024-12-31,2035-06-21,2.75,21050.0
2024-12-31,2035-12-21,4.25,14300.0
2024-12-31,2037-04-21,3.75,16200.0
2024-12-31,2039-06-21,3.25,10800.0
2024-12-31,2041-05-21,2.75,14900.0
2024-12-31,2047-03-21,3.0,14200.0
2024-12-31,2051-06-21,1.75,20200.0
2024-12-31,2054-06-21,4.75,8300.0
2025-01-31,2025-04-21,3.25,41500.0
2025-01-31,2025-11-21,0.25,39200.0
2025-01-31,2026-04-21,4.25,39600.0
2025-01-31,2026-09-21,0.5,39400.0
2025-01-31,2027-04-21,4.75,39399.566
2025-01-31,2027-11-21,2.75,36000.0
2025-01-31,2028-05-21,2.25,35300.0
2025-01-31,2028-11-21,2.75,40500.0
2025-01-31,2029-04-21,3.25,40199.786
2025-01-31,2029-11-21,2.75,38700.0
2025-01-31,2030-05-21,2.5,38700.0
2025-01-31,2030-12-21,1.0,39500.0
2025-01-31,2031-06-21,1.5,40800.0
2025-01-31,2031-11-21,1.0,41800.0
2025-01-31,2032-05-21,1.25,39300.0
2025-01-31,2032-11-21,1.75,29000.0
2025-01-31,2033-04-21,4.5,26700.0
2025-01-31,2033-11-21,3.0,25400.0
2025-01-31,2034-05-21,3.75,24200.0
2025-01-31,2034-06-21,4.25,7900.0
2025-01-31,2034-12-21,3.5,23200.0
2025-01-31,2035-06-21,2.75,21850.0
2025-01-31,2035-12-21,4.25,14300.0
2025-01-31,2037-04-21,3.75,16200.0
2025-01-31,2039-06-21,3.25,10800.0
2025-01-31,2041-05-21,2.75,14900.0
2025-01-31,2047-03-21,3.0,14200.0
2025-01-31,2051-06-21,1.75,20200.0
2025-01-31,2054-06-21,4.75,8600.0
2025-02-28,2025-04-21,3.25,41500.0
2025-02-28,2025-11-21,0.25,39200.0
2025-02-28,2026-04-21,4.25,39600.0
2025-02-28,2026-09-21,0.5,39400.0
2025-02-28,2027-04-21,4.75,39399.566
2025-02-28,2027-11-21,2.75,36000.0
2025-02-28,2028-05-21,2.25,35300.0
2025-02-28,2028-11-21,2.75,40500.0
2025-02-28,2029-04-21,3.25,40199.786
2025-02-28,2029-11-21,2.75,38700.0
2025-02-28,2030-05-21,2.5,40200.0
2025-02-28,2030-12-21,1.0,39500.0
2025-02-28,2031-06-21,1.5,41500.0
2025-02-28,2031-11-21,1.0,41800.0
2025-02-28,2032-05-21,1.25,39300.0
2025-02-28,2032-11-21,1.75,29000.0
2025-02-28,2033-04-21,4.5,26700.0
2025-02-28,2033-11-21,3.0,25400.0
2025-02-28,2034-05-21,3.75,24200.0
2025-02-28,2034-06-21,4.25,8200.0
2025-02-28,2034-12-21,3.5,23200.0
2025-02-28,2035-06-21,2.75,22650.0
2025-02-28,2035-12-21,4.25,14300.0
2025-02-28,2036-03-21,4.25,15000.0
2025-02-28,2037-04-21,3.75,17000.0
2025-02-28,2039-06-21,3.25,10800.0
2025-02-28,2041-05-21,2.75,15300.0
2025-02-28,2047-03-21,3.0,14200.0
2025-02-28,2051-06-21,1.75,20200.0
2025-02-28,2054-06-21,4.75,8600.0
2025-03-31,2025-04-21,3.25,41500.0
2025-03-31,2025-11-21,0.25,39200.0
2025-03-31,2026-04-21,4.25,39600.0
2025-03-31,2026-09-21,0.5,39400.0
2025-03-31,2027-04-21,4.75,39399.566
2025-03-31,2027-11-21,2.75,36000.0
2025-03-31,2028-05-21,2.25,35300.0
2025-03-31,2028-11-21,2.75,40500.0
2025-03-31,2029-04-21,3.25,40199.786
2025-03-31,2029-11-21,2.75,39400.0
2025-03-31,2030-05-21,2.5,40200.0
2025-03-31,2030-12-21,1.0,40200.0
2025-03-31,2031-06-21,1.5,41500.0
2025-03-31,2031-11-21,1.0,41800.0
2025-03-31,2032-05-21,1.25,39300.0
2025-03-31,2032-11-21,1.75,29700.0
2025-03-31,2033-04-21,4.5,26700.0
2025-03-31,2033-11-21,3.0,25400.0
2025-03-31,2034-05-21,3.75,24200.0
2025-03-31,2034-06-21,4.25,8200.0
2025-03-31,2034-12-21,3.5,24800.0
2025-03-31,2035-06-21,2.75,22650.0
2025-03-31,2035-12-21,4.25,15100.0
2025-03-31,2036-03-21,4.25,15800.0
2025-03-31,2037-04-21,3.75,17000.0
2025-03-31,2039-06-21,3.25,10800.0
2025-03-31,2041-05-21,2.75,15600.0
2025-03-31,2047-03-21,3.0,14200.0
2025-03-31,2051-06-21,1.75,20200.0
2025-03-31,2054-06-21,4.75,8900.0
2025-04-30,2025-11-21,0.25,39200.0
2025-04-30,2026-04-21,4.25,39600.0
2025-04-30,2026-09-21,0.5,39400.0
2025-04-30,2027-04-21,4.75,39399.566
2025-04-30,2027-11-21,2.75,36000.0
2025-04-30,2028-05-21,2.25,35900.0
2025-04-30,2028-11-21,2.75,41500.0
2025-04-30,2029-04-21,3.25,41199.786
2025-04-30,2029-11-21,2.75,39400.0
2025-04-30,2030-05-21,2.5,40200.0
2025-04-30,2030-12-21,1.0,40200.0
2025-04-30,2031-06-21,1.5,41500.0
2025-04-30,2031-11-21,1.0,42400.0
2025-04-30,2032-05-21,1.25,40000.0
2025-04-30,2032-11-21,1.75,29700.0
2025-04-30,2033-04-21,4.5,26700.0
2025-04-30,2033-11-21,3.0,25400.0
2025-04-30,2034-05-21,3.75,25000.0
2025-04-30,2034-06-21,4.25,8600.0
2025-04-30,2034-12-21,3.5,25800.0
2025-04-30,2035-06-21,2.75,23250.0
2025-04-30,2035-12-21,4.25,15100.0
2025-04-30,2036-03-21,4.25,15800.0
2025-04-30,2037-04-21,3.75,17000.0
2025-04-30,2039-06-21,3.25,10800.0
2025-04-30,2041-05-21,2.75,15600.0
2025-04-30,2047-03-21,3.0,14200.0
2025-04-30,2051-06-21,1.75,20200.0
2025-04-30,2054-06-21,4.75,8900.0
2025-05-31,2025-11-21,0.25,39200.0
2025-05-31,2026-04-21,4.25,39600.0
2025-05-31,2026-09-21,0.5,39400.0
2025-05-31,2027-04-21,4.75,39399.548
2025-05-31,2027-11-21,2.75,36000.0
2025-05-31,2028-05-21,2.25,35900.0
2025-05-31,2028-11-21,2.75,42300.0
2025-05-31,2029-04-21,3.25,41199.786
2025-05-31,2029-11-21,2.75,40100.0
2025-05-31,2030-05-21,2.5,41000.0
2025-05-31,2030-12-21,1.0,40200.0
2025-05-31,2031-06-21,1.5,41500.0
2025-05-31,2031-11-21,1.0,42400.0
2025-05-31,2032-05-21,1.25,40000.0
2025-05-31,2032-11-21,1.75,29700.0
2025-05-31,2033-04-21,4.5,26700.0
2025-05-31,2033-11-21,3.0,25400.0
2025-05-31,2034-05-21,3.75,25000.0
2025-05-31,2034-06-21,4.25,9000.0
2025-05-31,2034-12-21,3.5,27000.0
2025-05-31,2035-06-21,2.75,24450.0
2025-05-31,2035-12-21,4.25,16300.0
2025-05-31,2036-03-21,4.25,15800.0
2025-05-31,2037-04-21,3.75,18000.0
2025-05-31,2039-06-21,3.25,10800.0
2025-05-31,2041-05-21,2.75,15600.0
2025-05-31,2047-03-21,3.0,14200.0
2025-05-31,2051-06-21,1.75,20200.0
2025-05-31,2054-06-21,4.75,9200.0
2025-06-30,2025-11-21,0.25,39200.0
2025-06-30,2026-04-21,4.25,39600.0
2025-06-30,2026-09-21,0.5,39400.0
2025-06-30,2027-04-21,4.75,39399.548
2025-06-30,2027-11-21,2.75,36000.0
2025-06-30,2028-05-21,2.25,35900.0
2025-06-30,2028-11-21,2.75,42300.0
2025-06-30,2029-04-21,3.25,41199.786
2025-06-30,2029-11-21,2.75,40100.0
2025-06-30,2030-05-21,2.5,41000.0
2025-06-30,2030-12-21,1.0,41000.0
2025-06-30,2031-06-21,1.5,42300.0
2025-06-30,2031-11-21,1.0,42400.0
2025-06-30,2032-05-21,1.25,40000.0
2025-06-30,2032-11-21,1.75,31700.0
2025-06-30,2033-04-21,4.5,26700.0
2025-06-30,2033-11-21,3.0,25400.0
2025-06-30,2034-05-21,3.75,25000.0
2025-06-30,2034-06-21,4.25,9000.0
2025-06-30,2034-12-21,3.5,28000.0
2025-06-30,2035-06-21,2.75,25350.0
2025-06-30,2035-12-21,4.25,16300.0
2025-06-30,2036-03-21,4.25,17000.0
2025-06-30,2037-04-21,3.75,19200.0
2025-06-30,2039-06-21,3.25,10800.0
2025-06-30,2041-05-21,2.75,15600.0
2025-06-30,2047-03-21,3.0,14200.0
2025-06-30,2051-06-21,1.75,20200.0
2025-06-30,2054-06-21,4.75,9500.0
2025-07-31,2025-11-21,0.25,39200.0
2025-07-31,2026-04-21,4.25,39600.0
2025-07-31,2026-09-21,0.5,39400.0
2025-07-31,2027-04-21,4.75,39399.548
2025-07-31,2027-11-21,2.75,36000.0
2025-07-31,2028-05-21,2.25,37900.0
2025-07-31,2028-11-21,2.75,42300.0
2025-07-31,2029-04-21,3.25,41199.786
2025-07-31,2029-11-21,2.75,41100.0
2025-07-31,2030-05-21,2.5,41000.0
2025-07-31,2030-12-21,1.0,41000.0
2025-07-31,2031-06-21,1.5,42300.0
2025-07-31,2031-11-21,1.0,43500.0
2025-07-31,2032-05-21,1.25,40000.0
2025-07-31,2032-11-21,1.75,31700.0
2025-07-31,2033-04-21,4.5,26700.0
2025-07-31,2033-11-21,3.0,25400.0
2025-07-31,2034-05-21,3.75,25000.0
2025-07-31,2034-06-21,4.25,9000.0
2025-07-31,2034-12-21,3.5,28000.0
2025-07-31,2035-06-21,2.75,26550.0
2025-07-31,2035-12-21,4.25,17500.0
2025-07-31,2036-03-21,4.25,17800.0
2025-07-31,2036-10-21,4.25,16000.0
2025-07-31,2037-04-21,3.75,19200.0
2025-07-31,2039-06-21,3.25,10800.0
2025-07-31,2041-05-21,2.75,15600.0
2025-07-31,2047-03-21,3.0,14200.0
2025-07-31,2051-06-21,1.75,20200.0
2025-07-31,2054-06-21,4.75,9800.0
2025-08-31,2025-11-21,0.25,39200.0
2025-08-31,2026-04-21,4.25,39600.0
2025-08-31,2026-09-21,0.5,39400.0
2025-08-31,2027-04-21,4.75,39399.548
2025-08-31,2027-11-21,2.75,36000.0
2025-08-31,2028-05-21,2.25,37900.0
2025-08-31,2028-11-21,2.75,42300.0
2025-08-31,2029-04-21,3.25,41199.786
2025-08-31,2029-11-21,2.75,42100.0
2025-08-31,2030-05-21,2.5,41000.0
2025-08-31,2030-12-21,1.0,41000.0
2025-08-31,2031-06-21,1.5,42300.0
2025-08-31,2031-11-21,1.0,43500.0
2025-08-31,2032-05-21,1.25,41500.0
2025-08-31,2032-11-21,1.75,31700.0
2025-08-31,2033-04-21,4.5,26700.0
2025-08-31,2033-11-21,3.0,26400.0
2025-08-31,2034-05-21,3.75,25000.0
2025-08-31,2034-06-21,4.25,9300.0
2025-08-31,2034-12-21,3.5,28000.0
2025-08-31,2035-06-21,2.75,28950.0
2025-08-31,2035-12-21,4.25,18700.0
2025-08-31,2036-03-21,4.25,18700.0
2025-08-31,2036-10-21,4.25,16000.0
2025-08-31,2037-04-21,3.75,19200.0
2025-08-31,2039-06-21,3.25,10800.0
2025-08-31,2041-05-21,2.75,15600.0
2025-08-31,2047-03-21,3.0,14200.0
2025-08-31,2051-06-21,1.75,20200.0
2025-08-31,2054-06-21,4.75,10100.0
2025-09-30,2025-11-21,0.25,39200.0
2025-09-30,2026-04-21,4.25,39600.0
2025-09-30,2026-09-21,0.5,39400.0
2025-09-30,2027-04-21,4.75,39399.548
2025-09-30,2027-11-21,2.75,36000.0
2025-09-30,2028-05-21,2.25,37900.0
2025-09-30,2028-11-21,2.75,43300.0
2025-09-30,2029-04-21,3.25,41199.786
2025-09-30,2029-11-21,2.75,43000.0
2025-09-30,2030-05-21,2.5,41000.0
2025-09-30,2030-12-21,1.0,42000.0
2025-09-30,2031-06-21,1.5,43200.0
2025-09-30,2031-11-21,1.0,44500.0
2025-09-30,2032-05-21,1.25,41500.0
2025-09-30,2032-11-21,1.75,31700.0
2025-09-30,2033-04-21,4.5,26700.0
2025-09-30,2033-11-21,3.0,27400.0
2025-09-30,2034-05-21,3.75,25000.0
2025-09-30,2034-06-21,4.25,9600.0
2025-09-30,2034-12-21,3.5,28000.0
2025-09-30,2035-06-21,2.75,28950.0
2025-09-30,2035-12-21,4.25,19900.0
2025-09-30,2036-03-21,4.25,19700.0
2025-09-30,2036-10-21,4.25,16000.0
2025-09-30,2037-04-21,3.75,19200.0
2025-09-30,2039-06-21,3.25,10800.0
2025-09-30,2041-05-21,2.75,15600.0
2025-09-30,2047-03-21,3.0,14200.0
2025-09-30,2051-06-21,1.75,20200.0
2025-09-30,2054-06-21,4.75,10400.0
2025-10-31,2025-11-21,0.25,39200.0
2025-10-31,2026-04-21,4.25,39600.0
2025-10-31,2026-09-21,0.5,39400.0
2025-10-31,2027-04-21,4.75,39399.548
2025-10-31,2027-11-21,2.75,36000.0
2025-10-31,2028-05-21,2.25,37900.0
2025-10-31,2028-11-21,2.75,43300.0
2025-10-31,2029-04-21,3.25,41199.786
2025-10-31,2029-11-21,2.75,43800.0
2025-10-31,2030-05-21,2.5,41000.0
2025-10-31,2030-12-21,1.0,42800.0
2025-10-31,2031-06-21,1.5,43200.0
2025-10-31,2031-11-21,1.0,44500.0
2025-10-31,2032-05-21,1.25,42500.0
2025-10-31,2032-11-21,1.75,31700.0
2025-10-31,2033-04-21,4.5,26700.0
2025-10-31,2033-11-21,3.0,27400.0
2025-10-31,2034-05-21,3.75,25000.0
2025-10-31,2034-06-21,4.25,9600.0
2025-10-31,2034-12-21,3.5,29200.0
2025-10-31,2035-06-21,2.75,29850.0
2025-10-31,2035-12-21,4.25,20700.0
2025-10-31,2036-03-21,4.25,20900.0
2025-10-31,2036-10-21,4.25,16000.0
2025-10-31,2037-04-21,3.75,20400.0
2025-10-31,2039-06-21,3.25,11200.0
2025-10-31,2041-05-21,2.75,15600.0
2025-10-31,2047-03-21,3.0,14200.0
2025-10-31,2051-06-21,1.75,20200.0
2025-10-31,2054-06-21,4.75,10700.0
2025-11-30,2026-04-21,4.25,39600.0
2025-11-30,2026-09-21,0.5,39400.0
2025-11-30,2027-04-21,4.75,39399.548
2025-11-30,2027-11-21,2.75,36000.0
2025-11-30,2028-05-21,2.25,37900.0
2025-11-30,2028-11-21,2.75,43300.0
2025-11-30,2029-04-21,3.25,41999.786
2025-11-30,2029-11-21,2.75,44500.0
2025-11-30,2030-05-21,2.5,41000.0
2025-11-30,2030-12-21,1.0,42800.0
2025-11-30,2031-06-21,1.5,43200.0
2025-11-30,2031-11-21,1.0,44500.0
2025-11-30,2032-05-21,1.25,43200.0
2025-11-30,2032-11-21,1.75,32500.0
2025-11-30,2033-04-21,4.5,26700.0
2025-11-30,2033-11-21,3.0,28200.0
2025-11-30,2034-05-21,3.75,25000.0
2025-11-30,2034-06-21,4.25,10000.0
2025-11-30,2034-12-21,3.5,29200.0
2025-11-30,2035-06-21,2.75,30850.0
2025-11-30,2035-12-21,4.25,21900.0
2025-11-30,2036-03-21,4.25,22100.0
2025-11-30,2036-10-21,4.25,16000.0
2025-11-30,2037-04-21,3.75,20400.0
2025-11-30,2039-06-21,3.25,11200.0
2025-11-30,2041-05-21,2.75,15600.0
2025-11-30,2047-03-21,3.0,14200.0
2025-11-30,2051-06-21,1.75,20200.0
2025-11-30,2054-06-21,4.75,11000.0
2025-12-31,2026-04-21,4.25,39600.0
2025-12-31,2026-09-21,0.5,39400.0
2025-12-31,2027-04-21,4.75,39399.548
2025-12-31,2027-11-21,2.75,36000.0
2025-12-31,2028-05-21,2.25,37900.0
2025-12-31,2028-11-21,2.75,44300.0
2025-12-31,2029-04-21,3.25,41999.786
2025-12-31,2029-11-21,2.75,44500.0
2025-12-31,2030-05-21,2.5,41000.0
2025-12-31,2030-12-21,1.0,43800.0
2025-12-31,2031-06-21,1.5,43200.0
2025-12-31,2031-11-21,1.0,44500.0
2025-12-31,2032-05-21,1.25,43200.0
2025-12-31,2032-11-21,1.75,32500.0
2025-12-31,2033-04-21,4.5,26700.0
2025-12-31,2033-11-21,3.0,28200.0
2025-12-31,2034-05-21,3.75,25000.0
2025-12-31,2034-06-21,4.25,10000.0
2025-12-31,2034-12-21,3.5,29200.0
2025-12-31,2035-06-21,2.75,30850.0
2025-12-31,2035-12-21,4.25,22900.0
2025-12-31,2036-03-21,4.25,22100.0
2025-12-31,2036-10-21,4.25,17000.0
2025-12-31,2037-04-21,3.75,21300.0
2025-12-31,2039-06-21,3.25,11200.0
2025-12-31,2041-05-21,2.75,15600.0
2025-12-31,2047-03-21,3.0,14200.0
2025-12-31,2051-06-21,1.75,20200.0
2025-12-31,2054-06-21,4.75,11300.0
2026-01-31,2026-04-21,4.25,39600.0
2026-01-31,2026-09-21,0.5,39400.0
2026-01-31,2027-04-21,4.75,39399.548
2026-01-31,2027-11-21,2.75,36000.0
2026-01-31,2028-05-21,2.25,37900.0
2026-01-31,2028-11-21,2.75,44300.0
2026-01-31,2029-04-21,3.25,42699.786
2026-01-31,2029-11-21,2.75,44500.0
2026-01-31,2030-05-21,2.5,41000.0
2026-01-31,2030-12-21,1.0,43800.0
2026-01-31,2031-06-21,1.5,44200.0
2026-01-31,2031-11-21,1.0,44500.0
2026-01-31,2032-05-21,1.25,43200.0
2026-01-31,2032-11-21,1.75,32500.0
2026-01-31,2033-04-21,4.5,26700.0
2026-01-31,2033-11-21,3.0,28200.0
2026-01-31,2034-05-21,3.75,25000.0
2026-01-31,2034-06-21,4.25,10000.0
2026-01-31,2034-12-21,3.5,29200.0
2026-01-31,2035-06-21,2.75,30850.0
2026-01-31,2035-12-21,4.25,22900.0
2026-01-31,2036-03-21,4.25,22100.0
2026-01-31,2036-10-21,4.25,18000.0
2026-01-31,2037-04-21,3.75,21300.0
2026-01-31,2037-10-21,4.75,15000.0
2026-01-31,2039-06-21,3.25,11200.0
2026-01-31,2041-05-21,2.75,15600.0
2026-01-31,2047-03-21,3.0,14200.0
2026-01-31,2051-06-21,1.75,20200.0
2026-01-31,2054-06-21,4.75,11600.0
2026-02-28,2026-04-21,4.25,39600.0
2026-02-28,2026-09-21,0.5,39400.0
2026-02-28,2027-04-21,4.75,39399.548
2026-02-28,2027-11-21,2.75,36000.0
2026-02-28,2028-05-21,2.25,37900.0
2026-02-28,2028-11-21,2.75,44300.0
2026-02-28,2029-04-21,3.25,43499.786
2026-02-28,2029-11-21,2.75,44500.0
2026-02-28,2030-05-21,2.5,42000.0
2026-02-28,2030-12-21,1.0,44600.0
2026-02-28,2031-06-21,1.5,44200.0
2026-02-28,2031-11-21,1.0,44500.0
2026-02-28,2032-05-21,1.25,43200.0
2026-02-28,2032-11-21,1.75,32500.0
2026-02-28,2033-04-21,4.5,26700.0
2026-02-28,2033-11-21,3.0,28200.0
2026-02-28,2034-05-21,3.75,25000.0
2026-02-28,2034-06-21,4.25,10000.0
2026-02-28,2034-12-21,3.5,29200.0
2026-02-28,2035-06-21,2.75,30850.0
2026-02-28,2035-12-21,4.25,22900.0
2026-02-28,2036-03-21,4.25,24300.0
2026-02-28,2036-10-21,4.25,20400.0
2026-02-28,2037-04-21,3.75,22000.0
2026-02-28,2037-10-21,4.75,15000.0
2026-02-28,2039-06-21,3.25,11200.0
2026-02-28,2041-05-21,2.75,15900.0
2026-02-28,2047-03-21,3.0,14200.0
2026-02-28,2051-06-21,1.75,20200.0
2026-02-28,2054-06-21,4.75,11600.0
2026-03-31,2026-04-21,4.25,39600.0
2026-03-31,2026-09-21,0.5,39400.0
2026-03-31,2027-04-21,4.75,39399.548
2026-03-31,2027-11-21,2.75,36000.0
2026-03-31,2028-05-21,2.25,37900.0
2026-03-31,2028-11-21,2.75,45100.0
2026-03-31,2029-04-21,3.25,43499.786
2026-03-31,2029-11-21,2.75,44500.0
2026-03-31,2030-05-21,2.5,42000.0
2026-03-31,2030-12-21,1.0,44600.0
2026-03-31,2031-06-21,1.5,45000.0
2026-03-31,2031-11-21,1.0,45500.0
2026-03-31,2032-05-21,1.25,43200.0
2026-03-31,2032-11-21,1.75,32500.0
2026-03-31,2033-04-21,4.5,26700.0
2026-03-31,2033-11-21,3.0,28200.0
2026-03-31,2034-05-21,3.75,25000.0
2026-03-31,2034-06-21,4.25,10000.0
2026-03-31,2034-12-21,3.5,29200.0
2026-03-31,2035-06-21,2.75,30850.0
2026-03-31,2035-12-21,4.25,22900.0
2026-03-31,2036-03-21,4.25,25300.0
2026-03-31,2036-10-21,4.25,21400.0
2026-03-31,2037-04-21,3.75,23000.0
2026-03-31,2037-10-21,4.75,15900.0
2026-03-31,2039-06-21,3.25,11200.0
2026-03-31,2041-05-21,2.75,15900.0
2026-03-31,2047-03-21,3.0,14500.0
2026-03-31,2051-06-21,1.75,20200.0
2026-03-31,2054-06-21,4.75,11600.0
2026-04-30,2026-09-21,0.5,39400.0
2026-04-30,2027-04-21,4.75,39399.548
2026-04-30,2027-11-21,2.75,36000.0
2026-04-30,2028-05-21,2.25,37900.0
2026-04-30,2028-11-21,2.75,45100.0
2026-04-30,2029-04-21,3.25,43499.786
2026-04-30,2029-11-21,2.75,44500.0
2026-04-30,2030-05-21,2.5,43000.0
2026-04-30,2030-12-21,1.0,45600.0
2026-04-30,2031-06-21,1.5,46000.0
2026-04-30,2031-11-21,1.0,45500.0
2026-04-30,2032-05-21,1.25,43200.0
2026-04-30,2032-11-21,1.75,32500.0
2026-04-30,2033-04-21,4.5,26700.0
2026-04-30,2033-11-21,3.0,28200.0
2026-04-30,2034-05-21,3.75,25000.0
2026-04-30,2034-06-21,4.25,10000.0
2026-04-30,2034-12-21,3.5,29200.0
2026-04-30,2035-06-21,2.75,30850.0
2026-04-30,2035-12-21,4.25,23900.0
2026-04-30,2036-03-21,4.25,25300.0
2026-04-30,2036-10-21,4.25,22400.0
2026-04-30,2037-04-21,3.75,24000.0
2026-04-30,2037-10-21,4.75,16900.0
2026-04-30,2039-06-21,3.25,11200.0
2026-04-30,2041-05-21,2.75,15900.0
2026-04-30,2047-03-21,3.0,14500.0
2026-04-30,2051-06-21,1.75,20600.0
2026-04-30,2054-06-21,4.75,11600.0
2026-05-31,2026-09-21,0.5,39400.0
2026-05-31,2027-04-21,4.75,39399.488
2026-05-31,2027-11-21,2.75,36000.0
2026-05-31,2028-05-21,2.25,37900.0
2026-05-31,2028-11-21,2.75,45100.0
2026-05-31,2029-04-21,3.25,43499.786
2026-05-31,2029-11-21,2.75,44500.0
2026-05-31,2030-05-21,2.5,43000.0
2026-05-31,2030-12-21,1.0,46600.0
2026-05-31,2031-06-21,1.5,46000.0
2026-05-31,2031-11-21,1.0,45500.0
2026-05-31,2032-05-21,1.25,44200.0
2026-05-31,2032-11-21,1.75,32500.0
2026-05-31,2033-04-21,4.5,27700.0
2026-05-31,2033-11-21,3.0,28200.0
2026-05-31,2034-05-21,3.75,25000.0
2026-05-31,2034-06-21,4.25,10000.0
2026-05-31,2034-12-21,3.5,29200.0
2026-05-31,2035-06-21,2.75,30850.0
2026-05-31,2035-12-21,4.25,23900.0
2026-05-31,2036-03-21,4.25,26300.0
2026-05-31,2036-06-21,5.0,7500.0
2026-05-31,2036-10-21,4.25,22400.0
2026-05-31,2037-04-21,3.75,24000.0
2026-05-31,2037-10-21,4.75,16900.0
2026-05-31,2039-06-21,3.25,11200.0
2026-05-31,2041-05-21,2.75,15900.0
2026-05-31,2047-03-21,3.0,14500.0
2026-05-31,2051-06-21,1.75,20600.0
2026-05-31,2054-06-21,4.75,11900.0
2026-06-30,2026-09-21,0.5,39400.0
2026-06-30,2027-04-21,4.75,39399.488
2026-06-30,2027-11-21,2.75,36000.0
2026-06-30,2028-05-21,2.25,37900.0
2026-06-30,2028-11-21,2.75,45100.0
2026-06-30,2029-04-21,3.25,43499.786
2026-06-30,2029-11-21,2.75,45500.0
2026-06-30,2030-05-21,2.5,43000.0
2026-06-30,2030-12-21,1.0,46600.0
2026-06-30,2031-06-21,1.5,46000.0
2026-06-30,2031-11-21,1.0,45500.0
2026-06-30,2032-05-21,1.25,44900.0
2026-06-30,2032-11-21,1.75,32500.0
2026-06-30,2033-04-21,4.5,27700.0
2026-06-30,2033-11-21,3.0,29200.0
2026-06-30,2034-05-21,3.75,25000.0
2026-06-30,2034-06-21,4.25,10000.0
2026-06-30,2034-12-21,3.5,29200.0
2026-06-30,2035-06-21,2.75,30850.0
2026-06-30,2035-12-21,4.25,23900.0
2026-06-30,2036-03-21,4.25,26300.0
2026-06-30,2036-06-21,5.0,7500.0
2026-06-30,2036-10-21,4.25,23400.0
2026-06-30,2037-04-21,3.75,24000.0
2026-06-30,2037-10-21,4.75,17900.0
2026-06-30,2039-06-21,3.25,11200.0
2026-06-30,2041-05-21,2.75,15900.0
2026-06-30,2047-03-21,3.0,14500.0
2026-06-30,2051-06-21,1.75,20600.0
2026-06-30,2054-06-21,4.75,12200.0
2026-07-31,2026-09-21,0.5,39400.0
2026-07-31,2027-04-21,4.75,39399.488
2026-07-31,2027-11-21,2.75,36000.0
2026-07-31,2028-05-21,2.25,37900.0
2026-07-31,2028-11-21,2.75,45100.0
2026-07-31,2029-04-21,3.25,44399.786
2026-07-31,2029-11-21,2.75,45500.0
2026-07-31,2030-05-21,2.5,43700.0
2026-07-31,2030-12-21,1.0,46600.0
2026-07-31,2031-06-21,1.5,46700.0
2026-07-31,2031-11-21,1.0,45500.0
2026-07-31,2032-05-21,1.25,44900.0
2026-07-31,2032-11-21,1.75,33400.0
2026-07-31,2033-04-21,4.5,28400.0
2026-07-31,2033-11-21,3.0,29200.0
2026-07-31,2034-05-21,3.75,25000.0
2026-07-31,2034-06-21,4.25,10000.0
2026-07-31,2034-12-21,3.5,29200.0
2026-07-31,2035-06-21,2.75,31750.0
2026-07-31,2035-12-21,4.25,24700.0
2026-07-31,2036-03-21,4.25,27200.0
2026-07-31,2036-06-21,5.0,7900.0
2026-07-31,2036-10-21,4.25,24200.0
2026-07-31,2037-04-21,3.75,24000.0
2026-07-31,2037-10-21,4.75,17900.0
2026-07-31,2039-06-21,3.25,11200.0
2026-07-31,2041-05-21,2.75,15900.0
2026-07-31,2047-03-21,3.0,14800.0
2026-07-31,2051-06-21,1.75,20600.0
2026-07-31,2054-06-21,4.75,12200.0
2026-08-31,2026-09-21,0.5,39400.0
2026-08-31,2027-04-21,4.75,39399.488
2026-08-31,2027-11-21,2.75,36000.0
2026-08-31,2028-05-21,2.25,37900.0
2026-08-31,2028-11-21,2.75,46000.0
2026-08-31,2029-04-21,3.25,44399.786
2026-08-31,2029-11-21,2.75,45500.0
2026-08-31,2030-05-21,2.5,43700.0
2026-08-31,2030-12-21,1.0,46600.0
2026-08-31,2031-06-21,1.5,47700.0
2026-08-31,2031-11-21,1.0,46700.0
2026-08-31,2032-05-21,1.25,44900.0
2026-08-31,2032-11-21,1.75,34400.0
2026-08-31,2033-04-21,4.5,28400.0
2026-08-31,2033-11-21,3.0,29200.0
2026-08-31,2034-05-21,3.75,25000.0
2026-08-31,2034-06-21,4.25,10000.0
2026-08-31,2034-12-21,3.5,29200.0
2026-08-31,2035-06-21,2.75,31750.0
2026-08-31,2035-12-21,4.25,24700.0
2026-08-31,2036-03-21,4.25,28200.0
2026-08-31,2036-06-21,5.0,7900.0
2026-08-31,2036-10-21,4.25,24200.0
2026-08-31,2037-04-21,3.75,25000.0
2026-08-31,2037-10-21,4.75,17900.0
2026-08-31,2038-05-21,5.0,13000.0
2026-08-31,2039-06-21,3.25,11200.0
2026-08-31,2041-05-21,2.75,15900.0
2026-08-31,2047-03-21,3.0,14800.0
2026-08-31,2051-06-21,1.75,20600.0
2026-08-31,2054-06-21,4.75,12200.0
