KEY,FREQ,REF_AREA,BS_REP_SECTOR,BS_ITEM,COUNT_AREA,CURRENCY_TRANS,TIME_PERIOD,OBS_VALUE,OBS_STATUS,OBS_CONF,OBS_PRE_BREAK,OBS_COM,TIME_FORMAT,BREAKS,COLLECTION,COMPILING_ORG,DISS_ORG,PUBL_ECB,PUBL_MU,PUBL_PUBLIC,AGG_EQUN,COMPILATION,COVERAGE,DECIMALS,SOURCE_AGENCY,TITLE,TITLE_COMPL,UNIT,UNIT_MULT
ILM.W.U2.C.A070100.U2.EUR,W,U2,C,A070100,U2,EUR,2014-W38,194537,A,F,,,P7D,,E,,,,,,,,,0,,Securities held for monetary policy purposes - Eurosystem,"Euro area (changing composition), Eurosystem reporting sector - Securities held for monetary policy purposes, Euro - Euro area (changing composition) counterpart",EUR,6
ILM.W.U2.C.A070100.U2.EUR,W,U2,C,A070100,U2,EUR,2014-W39,194513,A,F,,,P7D,,E,,,,,,,,,0,,Securities held for monetary policy purposes - Eurosystem,"Euro area (changing composition), Eurosystem reporting sector - Securities held for monetary policy purposes, Euro - Euro area (changing composition) counterpart",EUR,6
ILM.W.U2.C.A070100.U2.EUR,W,U2,C,A070100,U2,EUR,2014-W40,194627,A,F,,,P7D,,E,,,,,,,,,0,,Securities held for monetary policy purposes - Eurosystem,"Euro area (changing composition), Eurosystem reporting sector - Securities held for monetary policy purposes, Euro - Euro area (changing composition) counterpart",EUR,6
ILM.W.U2.C.A070100.U2.EUR,W,U2,C,A070100,U2,EUR,2014-W41,194046,A,F,,,P7D,,E,,,,,,,,,0,,Securities held for monetary policy purposes - Eurosystem,"Euro area (changing composition), Eurosystem reporting sector - Securities held for monetary policy purposes, Euro - Euro area (changing composition) counterpart",EUR,6
ILM.W.U2.C.A070100.U2.EUR,W,U2,C,A070100,U2,EUR,2014-W42,191240,A,F,,,P7D,,E,,,,,,,,,0,,Securities held for monetary policy purposes - Eurosystem,"Euro area (changing composition), Eurosystem reporting sector - Securities held for monetary policy purposes, Euro - Euro area (changing composition) counterpart",EUR,6
ILM.W.U2.C.A070100.U2.EUR,W,U2,C,A070100,U2,EUR,2014-W43,192350,A,F,,,P7D,,E,,,,,,,,,0,,Securities held for monetary policy purposes - Eurosystem,"Euro area (changing composition), Eurosystem reporting sector - Securities held for monetary policy purposes, Euro - Euro area (changing composition) counterpart",EUR,6
ILM.W.U2.C.A070100.U2.EUR,W,U2,C,A070100,U2,EUR,2014-W44,192933,A,F,,,P7D,,E,,,,,,,,,0,,Securities held for monetary policy purposes - Eurosystem,"Euro area (changing composition), Eurosystem reporting sector - Securities held for monetary policy purposes, Euro - Euro area (changing composition) counterpart",EUR,6
ILM.W.U2.C.A070100.U2.EUR,W,U2,C,A070100,U2,EUR,2014-W45,195562,A,F,,,P7D,,E,,,,,,,,,0,,Securities held for monetary policy purposes - Eurosystem,"Euro area (changing composition), Eurosystem reporting sector - Securities held for monetary policy purposes, Euro - Euro area (changing composition) counterpart",EUR,6
ILM.W.U2.C.A070100.U2.EUR,W,U2,C,A070100,U2,EUR,2014-W46,198048,A,F,,,P7D,,E,,,,,,,,,0,,Securities held for monetary policy purposes - Eurosystem,"Euro area (changing composition), Eurosystem reporting sector - Securities held for monetary policy purposes, Euro - Euro area (changing composition) counterpart",EUR,6
ILM.W.U2.C.A070100.U2.EUR,W,U2,C,A070100,U2,EUR,2014-W47,198964,A,F,,,P7D,,E,,,,,,,,,0,,Securities held for monetary policy purposes - Eurosystem,"Euro area (changing composition), Eurosystem reporting sector - Securities held for monetary policy purposes, Euro - Euro area (changing composition) counterpart",EUR,6
ILM.W.U2.C.A070100.U2.EUR,W,U2,C,A070100,U2,EUR,2014-W48,204161,A,F,,,P7D,,E,,,,,,,,,0,,Securities held for monetary policy purposes - Eurosystem,"Euro area (changing composition), Eurosystem reporting sector - Securities held for monetary policy purposes, Euro - Euro area (changing composition) counterpart",EUR,6
ILM.W.U2.C.A070100.U2.EUR,W,U2,C,A070100,U2,EUR,2014-W49,207520,A,F,,,P7D,,E,,,,,,,,,0,,Securities held for monetary policy purposes - Eurosystem,"Euro area (changing composition), Eurosystem reporting sector - Securities held for monetary policy purposes, Euro - Euro area (changing composition) counterpart",EUR,6
ILM.W.U2.C.A070100.U2.EUR,W,U2,C,A070100,U2,EUR,2014-W50,211536,A,F,,,P7D,,E,,,,,,,,,0,,Securities held for monetary policy purposes - Eurosystem,"Euro area (changing composition), Eurosystem reporting sector - Securities held for monetary policy purposes, Euro - Euro area (changing composition) counterpart",EUR,6
ILM.W.U2.C.A070100.U2.EUR,W,U2,C,A070100,U2,EUR,2014-W51,215514,A,F,,,P7D,,E,,,,,,,,,0,,Securities held for monetary policy purposes - Eurosystem,"Euro area (changing composition), Eurosystem reporting sector - Securities held for monetary policy purposes, Euro - Euro area (changing composition) counterpart",EUR,6
ILM.W.U2.C.A070100.U2.EUR,W,U2,C,A070100,U2,EUR,2014-W52,216901,A,F,,,P7D,,E,,,,,,,,,0,,Securities held for monetary policy purposes - Eurosystem,"Euro area (changing composition), Eurosystem reporting sector - Securities held for monetary policy purposes, Euro - Euro area (changing composition) counterpart",EUR,6
ILM.W.U2.C.A070100.U2.EUR,W,U2,C,A070100,U2,EUR,2015-W01,217242,A,F,,,P7D,,E,,,,,,,,,0,,Securities held for monetary policy purposes - Eurosystem,"Euro area (changing composition), Eurosystem reporting sector - Securities held for monetary policy purposes, Euro - Euro area (changing composition) counterpart",EUR,6
ILM.W.U2.C.A070100.U2.EUR,W,U2,C,A070100,U2,EUR,2015-W02,218949,A,F,,,P7D,,E,,,,,,,,,0,,Securities held for monetary policy purposes - Eurosystem,"Euro area (changing composition), Eurosystem reporting sector - Securities held for monetary policy purposes, Euro - Euro area (changing composition) counterpart",EUR,6
ILM.W.U2.C.A070100.U2.EUR,W,U2,C,A070100,U2,EUR,2015-W03,220715,A,F,,,P7D,,E,,,,,,,,,0,,Securities held for monetary policy purposes - Eurosystem,"Euro area (changing composition), Eurosystem reporting sector - Securities held for monetary policy purposes, Euro - Euro area (changing composition) counterpart",EUR,6
ILM.W.U2.C.A070100.U2.EUR,W,U2,C,A070100,U2,EUR,2015-W04,224661,A,F,,,P7D,,E,,,,,,,,,0,,Securities held for monetary policy purposes - Eurosystem,"Euro area (changing composition), Eurosystem reporting sector - Securities held for monetary policy purposes, Euro - Euro area (changing composition) counterpart",EUR,6
ILM.W.U2.C.A070100.U2.EUR,W,U2,C,A070100,U2,EUR,2015-W05,227107,A,F,,,P7D,,E,,,,,,,,,0,,Securities held for monetary policy purposes - Eurosystem,"Euro area (changing composition), Eurosystem reporting sector - Securities held for monetary policy purposes, Euro - Euro area (changing composition) counterpart",EUR,6
ILM.W.U2.C.A070100.U2.EUR,W,U2,C,A070100,U2,EUR,2015-W06,226599,A,F,,,P7D,,E,,,,,,,,,0,,Securities held for monetary policy purposes - Eurosystem,"Euro area (changing composition), Eurosystem reporting sector - Securities held for monetary policy purposes, Euro - Euro area (changing composition) counterpart",EUR,6
ILM.W.U2.C.A070100.U2.EUR,W,U2,C,A070100,U2,EUR,2015-W07,229385,A,F,,,P7D,,E,,,,,,,,,0,,Securities held for monetary policy purposes - Eurosystem,"Euro area (changing composition), Eurosystem reporting sector - Securities held for monetary policy purposes, Euro - Euro area (changing composition) counterpart",EUR,6
ILM.W.U2.C.A070100.U2.EUR,W,U2,C,A070100,U2,EUR,2015-W08,231525,A,F,,,P7D,,E,,,,,,,,,0,,Securities held for monetary policy purposes - Eurosystem,"Euro area (changing composition), Eurosystem reporting sector - Securities held for monetary policy purposes, Euro - Euro area (changing composition) counterpart",EUR,6
ILM.W.U2.C.A070100.U2.EUR,W,U2,C,A070100,U2,EUR,2015-W09,234176,A,F,,,P7D,,E,,,,,,,,,0,,Securities held for monetary policy purposes - Eurosystem,"Euro area (changing composition), Eurosystem reporting sector - Securities held for monetary policy purposes, Euro - Euro area (changing composition) counterpart",EUR,6
ILM.W.U2.C.A070100.U2.EUR,W,U2,C,A070100,U2,EUR,2015-W10,237136,A,F,,,P7D,,E,,,,,,,,,0,,Securities held for monetary policy purposes - Eurosystem,"Euro area (changing composition), Eurosystem reporting sector - Securities held for monetary policy purposes, Euro - Euro area (changing composition) counterpart",EUR,6
ILM.W.U2.C.A070100.U2.EUR,W,U2,C,A070100,U2,EUR,2015-W11,249377,A,F,,,P7D,,E,,,,,,,,,0,,Securities held for monetary policy purposes - Eurosystem,"Euro area (changing composition), Eurosystem reporting sector - Securities held for monetary policy purposes, Euro - Euro area (changing composition) counterpart",EUR,6
ILM.W.U2.C.A070100.U2.EUR,W,U2,C,A070100,U2,EUR,2015-W12,268838,A,F,,,P7D,,E,,,,,,,,,0,,Securities held for monetary policy purposes - Eurosystem,"Euro area (changing composition), Eurosystem reporting sector - Securities held for monetary policy purposes, Euro - Euro area (changing composition) counterpart",EUR,6
ILM.W.U2.C.A070100.U2.EUR,W,U2,C,A070100,U2,EUR,2015-W13,287014,A,F,,,P7D,,E,,,,,,,,,0,,Securities held for monetary policy purposes - Eurosystem,"Euro area (changing composition), Eurosystem reporting sector - Securities held for monetary policy purposes, Euro - Euro area (changing composition) counterpart",EUR,6
ILM.W.U2.C.A070100.U2.EUR,W,U2,C,A070100,U2,EUR,2015-W14,300731,A,F,,,P7D,,E,,,,,,,,,0,,Securities held for monetary policy purposes - Eurosystem,"Euro area (changing composition), Eurosystem reporting sector - Securities held for monetary policy purposes, Euro - Euro area (changing composition) counterpart",EUR,6
ILM.W.U2.C.A070100.U2.EUR,W,U2,C,A070100,U2,EUR,2015-W15,312738,A,F,,,P7D,,E,,,,,,,,,0,,Securities held for monetary policy purposes - Eurosystem,"Euro area (changing composition), Eurosystem reporting sector - Securities held for monetary policy purposes, Euro - Euro area (changing composition) counterpart",EUR,6
ILM.W.U2.C.A070100.U2.EUR,W,U2,C,A070100,U2,EUR,2015-W16,324958,A,F,,,P7D,,E,,,,,,,,,0,,Securities held for monetary policy purposes - Eurosystem,"Euro area (changing composition), Eurosystem reporting sector - Securities held for monetary policy purposes, Euro - Euro area (changing composition) counterpart",EUR,6
ILM.W.U2.C.A070100.U2.EUR,W,U2,C,A070100,U2,EUR,2015-W17,339786,A,F,,,P7D,,E,,,,,,,,,0,,Securities held for monetary policy purposes - Eurosystem,"Euro area (changing composition), Eurosystem reporting sector - Securities held for monetary policy purposes, Euro - Euro area (changing composition) counterpart",EUR,6
ILM.W.U2.C.A070100.U2.EUR,W,U2,C,A070100,U2,EUR,2015-W18,350843,A,F,,,P7D,,E,,,,,,,,,0,,Securities held for monetary policy purposes - Eurosystem,"Euro area (changing composition), Eurosystem reporting sector - Securities held for monetary policy purposes, Euro - Euro area (changing composition) counterpart",EUR,6
ILM.W.U2.C.A070100.U2.EUR,W,U2,C,A070100,U2,EUR,2015-W19,367221,A,F,,,P7D,,E,,,,,,,,,0,,Securities held for monetary policy purposes - Eurosystem,"Euro area (changing composition), Eurosystem reporting sector - Securities held for monetary policy purposes, Euro - Euro area (changing composition) counterpart",EUR,6
ILM.W.U2.C.A070100.U2.EUR,W,U2,C,A070100,U2,EUR,2015-W20,384003,A,F,,,P7D,,E,,,,,,,,,0,,Securities held for monetary policy purposes - Eurosystem,"Euro area (changing composition), Eurosystem reporting sector - Securities held for monetary policy purposes, Euro - Euro area (changing composition) counterpart",EUR,6
ILM.W.U2.C.A070100.U2.EUR,W,U2,C,A070100,U2,EUR,2015-W21,397968,A,F,,,P7D,,E,,,,,,,,,0,,Securities held for monetary policy purposes - Eurosystem,"Euro area (changing composition), Eurosystem reporting sector - Securities held for monetary policy purposes, Euro - Euro area (changing composition) counterpart",EUR,6
ILM.W.U2.C.A070100.U2.EUR,W,U2,C,A070100,U2,EUR,2015-W22,413509,A,F,,,P7D,,E,,,,,,,,,0,,Securities held for monetary policy purposes - Eurosystem,"Euro area (changing composition), Eurosystem reporting sector - Securities held for monetary policy purposes, Euro - Euro area (changing composition) counterpart",EUR,6
ILM.W.U2.C.A070100.U2.EUR,W,U2,C,A070100,U2,EUR,2015-W23,428880,A,F,,,P7D,,E,,,,,,,,,0,,Securities held for monetary policy purposes - Eurosystem,"Euro area (changing composition), Eurosystem reporting sector - Securities held for monetary policy purposes, Euro - Euro area (changing composition) counterpart",EUR,6
ILM.W.U2.C.A070100.U2.EUR,W,U2,C,A070100,U2,EUR,2015-W24,442214,A,F,,,P7D,,E,,,,,,,,,0,,Securities held for monetary policy purposes - Eurosystem,"Euro area (changing composition), Eurosystem reporting sector - Securities held for monetary policy purposes, Euro - Euro area (changing composition) counterpart",EUR,6
ILM.W.U2.C.A070100.U2.EUR,W,U2,C,A070100,U2,EUR,2015-W25,451233,A,F,,,P7D,,E,,,,,,,,,0,,Securities held for monetary policy purposes - Eurosystem,"Euro area (changing composition), Eurosystem reporting sector - Securities held for monetary policy purposes, Euro - Euro area (changing composition) counterpart",EUR,6
ILM.W.U2.C.A070100.U2.EUR,W,U2,C,A070100,U2,EUR,2015-W26,465142,A,F,,,P7D,,E,,,,,,,,,0,,Securities held for monetary policy purposes - Eurosystem,"Euro area (changing composition), Eurosystem reporting sector - Securities held for monetary policy purposes, Euro - Euro area (changing composition) counterpart",EUR,6
ILM.W.U2.C.A070100.U2.EUR,W,U2,C,A070100,U2,EUR,2015-W27,477615,A,F,,,P7D,,E,,,,,,,,,0,,Securities held for monetary policy purposes - Eurosystem,"Euro area (changing composition), Eurosystem reporting sector - Securities held for monetary policy purposes, Euro - Euro area (changing composition) counterpart",EUR,6
ILM.W.U2.C.A070100.U2.EUR,W,U2,C,A070100,U2,EUR,2015-W28,491914,A,F,,,P7D,,E,,,,,,,,,0,,Securities held for monetary policy purposes - Eurosystem,"Euro area (changing composition), Eurosystem reporting sector - Securities held for monetary policy purposes, Euro - Euro area (changing composition) counterpart",EUR,6
ILM.W.U2.C.A070100.U2.EUR,W,U2,C,A070100,U2,EUR,2015-W29,505178,A,F,,,P7D,,E,,,,,,,,,0,,Securities held for monetary policy purposes - Eurosystem,"Euro area (changing composition), Eurosystem reporting sector - Securities held for monetary policy purposes, Euro - Euro area (changing composition) counterpart",EUR,6
ILM.W.U2.C.A070100.U2.EUR,W,U2,C,A070100,U2,EUR,2015-W30,514659,A,F,,,P7D,,E,,,,,,,,,0,,Securities held for monetary policy purposes - Eurosystem,"Euro area (changing composition), Eurosystem reporting sector - Securities held for monetary policy purposes, Euro - Euro area (changing composition) counterpart",EUR,6
ILM.W.U2.C.A070100.U2.EUR,W,U2,C,A070100,U2,EUR,2015-W31,528270,A,F,,,P7D,,E,,,,,,,,,0,,Securities held for monetary policy purposes - Eurosystem,"Euro area (changing composition), Eurosystem reporting sector - Securities held for monetary policy purposes, Euro - Euro area (changing composition) counterpart",EUR,6
ILM.W.U2.C.A070100.U2.EUR,W,U2,C,A070100,U2,EUR,2015-W32,540894,A,F,,,P7D,,E,,,,,,,,,0,,Securities held for monetary policy purposes - Eurosystem,"Euro area (changing composition), Eurosystem reporting sector - Securities held for monetary policy purposes, Euro - Euro area (changing composition) counterpart",EUR,6
ILM.W.U2.C.A070100.U2.EUR,W,U2,C,A070100,U2,EUR,2015-W33,552817,A,F,,,P7D,,E,,,,,,,,,0,,Securities held for monetary policy purposes - Eurosystem,"Euro area (changing composition), Eurosystem reporting sector - Securities held for monetary policy purposes, Euro - Euro area (changing composition) counterpart",EUR,6
ILM.W.U2.C.A070100.U2.EUR,W,U2,C,A070100,U2,EUR,2015-W34,560849,A,F,,,P7D,,E,,,,,,,,,0,,Securities held for monetary policy purposes - Eurosystem,"Euro area (changing composition), Eurosystem reporting sector - Securities held for monetary policy purposes, Euro - Euro area (changing composition) counterpart",EUR,6
ILM.W.U2.C.A070100.U2.EUR,W,U2,C,A070100,U2,EUR,2015-W35,572456,A,F,,,P7D,,E,,,,,,,,,0,,Securities held for monetary policy purposes - Eurosystem,"Euro area (changing composition), Eurosystem reporting sector - Securities held for monetary policy purposes, Euro - Euro area (changing composition) counterpart",EUR,6
ILM.W.U2.C.A070100.U2.EUR,W,U2,C,A070100,U2,EUR,2015-W36,585593,A,F,,,P7D,,E,,,,,,,,,0,,Securities held for monetary policy purposes - Eurosystem,"Euro area (changing composition), Eurosystem reporting sector - Securities held for monetary policy purposes, Euro - Euro area (changing composition) counterpart",EUR,6
ILM.W.U2.C.A070100.U2.EUR,W,U2,C,A070100,U2,EUR,2015-W37,602827,A,F,,,P7D,,E,,,,,,,,,0,,Securities held for monetary policy purposes - Eurosystem,"Euro area (changing composition), Eurosystem reporting sector - Securities held for monetary policy purposes, Euro - Euro area (changing composition) counterpart",EUR,6
ILM.W.U2.C.A070100.U2.EUR,W,U2,C,A070100,U2,EUR,2015-W38,617219,A,F,,,P7D,,E,,,,,,,,,0,,Securities held for monetary policy purposes - Eurosystem,"Euro area (changing composition), Eurosystem reporting sector - Securities held for monetary policy purposes, Euro - Euro area (changing composition) counterpart",EUR,6
ILM.W.U2.C.A070100.U2.EUR,W,U2,C,A070100,U2,EUR,2015-W39,631112,A,F,,,P7D,,E,,,,,,,,,0,,Securities held for monetary policy purposes - Eurosystem,"Euro area (changing composition), Eurosystem reporting sector - Securities held for monetary policy purposes, Euro - Euro area (changing composition) counterpart",EUR,6
ILM.W.U2.C.A070100.U2.EUR,W,U2,C,A070100,U2,EUR,2015-W40,642538,A,F,,,P7D,,E,,,,,,,,,0,,Securities held for monetary policy purposes - Eurosystem,"Euro area (changing composition), Eurosystem reporting sector - Securities held for monetary policy purposes, Euro - Euro area (changing composition) counterpart",EUR,6
ILM.W.U2.C.A070100.U2.EUR,W,U2,C,A070100,U2,EUR,2015-W41,656749,A,F,,,P7D,,E,,,,,,,,,0,,Securities held for monetary policy purposes - Eurosystem,"Euro area (changing composition), Eurosystem reporting sector - Securities held for monetary policy purposes, Euro - Euro area (changing composition) counterpart",EUR,6
ILM.W.U2.C.A070100.U2.EUR,W,U2,C,A070100,U2,EUR,2015-W42,668936,A,F,,,P7D,,E,,,,,,,,,0,,Securities held for monetary policy purposes - Eurosystem,"Euro area (changing composition), Eurosystem reporting sector - Securities held for monetary policy purposes, Euro - Euro area (changing composition) counterpart",EUR,6
ILM.W.U2.C.A070100.U2.EUR,W,U2,C,A070100,U2,EUR,2015-W43,683174,A,F,,,P7D,,E,,,,,,,,,0,,Securities held for monetary policy purposes - Eurosystem,"Euro area (changing composition), Eurosystem reporting sector - Securities held for monetary policy purposes, Euro - Euro area (changing composition) counterpart",EUR,6
ILM.W.U2.C.A070100.U2.EUR,W,U2,C,A070100,U2,EUR,2015-W44,695668,A,F,,,P7D,,E,,,,,,,,,0,,Securities held for monetary policy purposes - Eurosystem,"Euro area (changing composition), Eurosystem reporting sector - Securities held for monetary policy purposes, Euro - Euro area (changing composition) counterpart",EUR,6
ILM.W.U2.C.A070100.U2.EUR,W,U2,C,A070100,U2,EUR,2015-W45,707696,A,F,,,P7D,,E,,,,,,,,,0,,Securities held for monetary policy purposes - Eurosystem,"Euro area (changing composition), Eurosystem reporting sector - Securities held for monetary policy purposes, Euro - Euro area (changing composition) counterpart",EUR,6
ILM.W.U2.C.A070100.U2.EUR,W,U2,C,A070100,U2,EUR,2015-W46,721944,A,F,,,P7D,,E,,,,,,,,,0,,Securities held for monetary policy purposes - Eurosystem,"Euro area (changing composition), Eurosystem reporting sector - Securities held for monetary policy purposes, Euro - Euro area (changing composition) counterpart",EUR,6
ILM.W.U2.C.A070100.U2.EUR,W,U2,C,A070100,U2,EUR,2015-W47,736102,A,F,,,P7D,,E,,,,,,,,,0,,Securities held for monetary policy purposes - Eurosystem,"Euro area (changing composition), Eurosystem reporting sector - Securities held for monetary policy purposes, Euro - Euro area (changing composition) counterpart",EUR,6
ILM.W.U2.C.A070100.U2.EUR,W,U2,C,A070100,U2,EUR,2015-W48,752209,A,F,,,P7D,,E,,,,,,,,,0,,Securities held for monetary policy purposes - Eurosystem,"Euro area (changing composition), Eurosystem reporting sector - Securities held for monetary policy purposes, Euro - Euro area (changing composition) counterpart",EUR,6
ILM.W.U2.C.A070100.U2.EUR,W,U2,C,A070100,U2,EUR,2015-W49,770737,A,F,,,P7D,,E,,,,,,,,,0,,Securities held for monetary policy purposes - Eurosystem,"Euro area (changing composition), Eurosystem reporting sector - Securities held for monetary policy purposes, Euro - Euro area (changing composition) counterpart",EUR,6
ILM.W.U2.C.A070100.U2.EUR,W,U2,C,A070100,U2,EUR,2015-W50,786331,A,F,,,P7D,,E,,,,,,,,,0,,Securities held for monetary policy purposes - Eurosystem,"Euro area (changing composition), Eurosystem reporting sector - Securities held for monetary policy purposes, Euro - Euro area (changing composition) counterpart",EUR,6
ILM.W.U2.C.A070100.U2.EUR,W,U2,C,A070100,U2,EUR,2015-W51,798576,A,F,,,P7D,,E,,,,,,,,,0,,Securities held for monetary policy purposes - Eurosystem,"Euro area (changing composition), Eurosystem reporting sector - Securities held for monetary policy purposes, Euro - Euro area (changing composition) counterpart",EUR,6
ILM.W.U2.C.A070100.U2.EUR,W,U2,C,A070100,U2,EUR,2015-W52,805280,A,F,,,P7D,,E,,,,,,,,,0,,Securities held for monetary policy purposes - Eurosystem,"Euro area (changing composition), Eurosystem reporting sector - Securities held for monetary policy purposes, Euro - Euro area (changing composition) counterpart",EUR,6
ILM.W.U2.C.A070100.U2.EUR,W,U2,C,A070100,U2,EUR,2015-W53,803135,A,F,,,P7D,,E,,,,,,,,,0,,Securities held for monetary policy purposes - Eurosystem,"Euro area (changing composition), Eurosystem reporting sector - Securities held for monetary policy purposes, Euro - Euro area (changing composition) counterpart",EUR,6
ILM.W.U2.C.A070100.U2.EUR,W,U2,C,A070100,U2,EUR,2016-W01,812441,A,F,,,P7D,,E,,,,,,,,,0,,Securities held for monetary policy purposes - Eurosystem,"Euro area (changing composition), Eurosystem reporting sector - Securities held for monetary policy purposes, Euro - Euro area (changing composition) counterpart",EUR,6
ILM.W.U2.C.A070100.U2.EUR,W,U2,C,A070100,U2,EUR,2016-W02,829717,A,F,,,P7D,,E,,,,,,,,,0,,Securities held for monetary policy purposes - Eurosystem,"Euro area (changing composition), Eurosystem reporting sector - Securities held for monetary policy purposes, Euro - Euro area (changing composition) counterpart",EUR,6
ILM.W.U2.C.A070100.U2.EUR,W,U2,C,A070100,U2,EUR,2016-W03,846725,A,F,,,P7D,,E,,,,,,,,,0,,Securities held for monetary policy purposes - Eurosystem,"Euro area (changing composition), Eurosystem reporting sector - Securities held for monetary policy purposes, Euro - Euro area (changing composition) counterpart",EUR,6
ILM.W.U2.C.A070100.U2.EUR,W,U2,C,A070100,U2,EUR,2016-W04,864341,A,F,,,P7D,,E,,,,,,,,,0,,Securities held for monetary policy purposes - Eurosystem,"Euro area (changing composition), Eurosystem reporting sector - Securities held for monetary policy purposes, Euro - Euro area (changing composition) counterpart",EUR,6
ILM.W.U2.C.A070100.U2.EUR,W,U2,C,A070100,U2,EUR,2016-W05,878871,A,F,,,P7D,,E,,,,,,,,,0,,Securities held for monetary policy purposes - Eurosystem,"Euro area (changing composition), Eurosystem reporting sector - Securities held for monetary policy purposes, Euro - Euro area (changing composition) counterpart",EUR,6
ILM.W.U2.C.A070100.U2.EUR,W,U2,C,A070100,U2,EUR,2016-W06,893897,A,F,,,P7D,,E,,,,,,,,,0,,Securities held for monetary policy purposes - Eurosystem,"Euro area (changing composition), Eurosystem reporting sector - Securities held for monetary policy purposes, Euro - Euro area (changing composition) counterpart",EUR,6
ILM.W.U2.C.A070100.U2.EUR,W,U2,C,A070100,U2,EUR,2016-W07,907625,A,F,,,P7D,,E,,,,,,,,,0,,Securities held for monetary policy purposes - Eurosystem,"Euro area (changing composition), Eurosystem reporting sector - Securities held for monetary policy purposes, Euro - Euro area (changing composition) counterpart",EUR,6
ILM.W.U2.C.A070100.U2.EUR,W,U2,C,A070100,U2,EUR,2016-W08,921426,A,F,,,P7D,,E,,,,,,,,,0,,Securities held for monetary policy purposes - Eurosystem,"Euro area (changing composition), Eurosystem reporting sector - Securities held for monetary policy purposes, Euro - Euro area (changing composition) counterpart",EUR,6
ILM.W.U2.C.A070100.U2.EUR,W,U2,C,A070100,U2,EUR,2016-W09,936769,A,F,,,P7D,,E,,,,,,,,,0,,Securities held for monetary policy purposes - Eurosystem,"Euro area (changing composition), Eurosystem reporting sector - Securities held for monetary policy purposes, Euro - Euro area (changing composition) counterpart",EUR,6
ILM.W.U2.C.A070100.U2.EUR,W,U2,C,A070100,U2,EUR,2016-W10,950980,A,F,,,P7D,,E,,,,,,,,,0,,Securities held for monetary policy purposes - Eurosystem,"Euro area (changing composition), Eurosystem reporting sector - Securities held for monetary policy purposes, Euro - Euro area (changing composition) counterpart",EUR,6
ILM.W.U2.C.A070100.U2.EUR,W,U2,C,A070100,U2,EUR,2016-W11,965222,A,F,,,P7D,,E,,,,,,,,,0,,Securities held for monetary policy purposes - Eurosystem,"Euro area (changing composition), Eurosystem reporting sector - Securities held for monetary policy purposes, Euro - Euro area (changing composition) counterpart",EUR,6
ILM.W.U2.C.A070100.U2.EUR,W,U2,C,A070100,U2,EUR,2016-W12,977742,A,F,,,P7D,,E,,,,,,,,,0,,Securities held for monetary policy purposes - Eurosystem,"Euro area (changing composition), Eurosystem reporting sector - Securities held for monetary policy purposes, Euro - Euro area (changing composition) counterpart",EUR,6
ILM.W.U2.C.A070100.U2.EUR,W,U2,C,A070100,U2,EUR,2016-W13,986154,A,F,,,P7D,,E,,,,,,,,,0,,Securities held for monetary policy purposes - Eurosystem,"Euro area (changing composition), Eurosystem reporting sector - Securities held for monetary policy purposes, Euro - Euro area (changing composition) counterpart",EUR,6
ILM.W.U2.C.A070100.U2.EUR,W,U2,C,A070100,U2,EUR,2016-W14,1006109,A,F,,,P7D,,E,,,,,,,,,0,,Securities held for monetary policy purposes - Eurosystem,"Euro area (changing composition), Eurosystem reporting sector - Securities held for monetary policy purposes, Euro - Euro area (changing composition) counterpart",EUR,6
ILM.W.U2.C.A070100.U2.EUR,W,U2,C,A070100,U2,EUR,2016-W15,1022251,A,F,,,P7D,,E,,,,,,,,,0,,Securities held for monetary policy purposes - Eurosystem,"Euro area (changing composition), Eurosystem reporting sector - Securities held for monetary policy purposes, Euro - Euro area (changing composition) counterpart",EUR,6
ILM.W.U2.C.A070100.U2.EUR,W,U2,C,A070100,U2,EUR,2016-W16,1041474,A,F,,,P7D,,E,,,,,,,,,0,,Securities held for monetary policy purposes - Eurosystem,"Euro area (changing composition), Eurosystem reporting sector - Securities held for monetary policy purposes, Euro - Euro area (changing composition) counterpart",EUR,6
ILM.W.U2.C.A070100.U2.EUR,W,U2,C,A070100,U2,EUR,2016-W17,1060027,A,F,,,P7D,,E,,,,,,,,,0,,Securities held for monetary policy purposes - Eurosystem,"Euro area (changing composition), Eurosystem reporting sector - Securities held for monetary policy purposes, Euro - Euro area (changing composition) counterpart",EUR,6
ILM.W.U2.C.A070100.U2.EUR,W,U2,C,A070100,U2,EUR,2016-W18,1077704,A,F,,,P7D,,E,,,,,,,,,0,,Securities held for monetary policy purposes - Eurosystem,"Euro area (changing composition), Eurosystem reporting sector - Securities held for monetary policy purposes, Euro - Euro area (changing composition) counterpart",EUR,6
ILM.W.U2.C.A070100.U2.EUR,W,U2,C,A070100,U2,EUR,2016-W19,1095963,A,F,,,P7D,,E,,,,,,,,,0,,Securities held for monetary policy purposes - Eurosystem,"Euro area (changing composition), Eurosystem reporting sector - Securities held for monetary policy purposes, Euro - Euro area (changing composition) counterpart",EUR,6
ILM.W.U2.C.A070100.U2.EUR,W,U2,C,A070100,U2,EUR,2016-W20,1113808,A,F,,,P7D,,E,,,,,,,,,0,,Securities held for monetary policy purposes - Eurosystem,"Euro area (changing composition), Eurosystem reporting sector - Securities held for monetary policy purposes, Euro - Euro area (changing composition) counterpart",EUR,6
ILM.W.U2.C.A070100.U2.EUR,W,U2,C,A070100,U2,EUR,2016-W21,1133738,A,F,,,P7D,,E,,,,,,,,,0,,Securities held for monetary policy purposes - Eurosystem,"Euro area (changing composition), Eurosystem reporting sector - Securities held for monetary policy purposes, Euro - Euro area (changing composition) counterpart",EUR,6
ILM.W.U2.C.A070100.U2.EUR,W,U2,C,A070100,U2,EUR,2016-W22,1152366,A,F,,,P7D,,E,,,,,,,,,0,,Securities held for monetary policy purposes - Eurosystem,"Euro area (changing composition), Eurosystem reporting sector - Securities held for monetary policy purposes, Euro - Euro area (changing composition) counterpart",EUR,6
ILM.W.U2.C.A070100.U2.EUR,W,U2,C,A070100,U2,EUR,2016-W23,1171262,A,F,,,P7D,,E,,,,,,,,,0,,Securities held for monetary policy purposes - Eurosystem,"Euro area (changing composition), Eurosystem reporting sector - Securities held for monetary policy purposes, Euro - Euro area (changing composition) counterpart",EUR,6
ILM.W.U2.C.A070100.U2.EUR,W,U2,C,A070100,U2,EUR,2016-W24,1191446,A,F,,,P7D,,E,,,,,,,,,0,,Securities held for monetary policy purposes - Eurosystem,"Euro area (changing composition), Eurosystem reporting sector - Securities held for monetary policy purposes, Euro - Euro area (changing composition) counterpart",EUR,6
ILM.W.U2.C.A070100.U2.EUR,W,U2,C,A070100,U2,EUR,2016-W25,1212942,A,F,,,P7D,,E,,,,,,,,,0,,Securities held for monetary policy purposes - Eurosystem,"Euro area (changing composition), Eurosystem reporting sector - Securities held for monetary policy purposes, Euro - Euro area (changing composition) counterpart",EUR,6
ILM.W.U2.C.A070100.U2.EUR,W,U2,C,A070100,U2,EUR,2016-W26,1225579,A,F,,,P7D,,E,,,,,,,,,0,,Securities held for monetary policy purposes - Eurosystem,"Euro area (changing composition), Eurosystem reporting sector - Securities held for monetary policy purposes, Euro - Euro area (changing composition) counterpart",EUR,6
ILM.W.U2.C.A070100.U2.EUR,W,U2,C,A070100,U2,EUR,2016-W27,1243698,A,F,,,P7D,,E,,,,,,,,,0,,Securities held for monetary policy purposes - Eurosystem,"Euro area (changing composition), Eurosystem reporting sector - Securities held for monetary policy purposes, Euro - Euro area (changing composition) counterpart",EUR,6
ILM.W.U2.C.A070100.U2.EUR,W,U2,C,A070100,U2,EUR,2016-W28,1263617,A,F,,,P7D,,E,,,,,,,,,0,,Securities held for monetary policy purposes - Eurosystem,"Euro area (changing composition), Eurosystem reporting sector - Securities held for monetary policy purposes, Euro - Euro area (changing composition) counterpart",EUR,6
ILM.W.U2.C.A070100.U2.EUR,W,U2,C,A070100,U2,EUR,2016-W29,1281420,A,F,,,P7D,,E,,,,,,,,,0,,Securities held for monetary policy purposes - Eurosystem,"Euro area (changing composition), Eurosystem reporting sector - Securities held for monetary policy purposes, Euro - Euro area (changing composition) counterpart",EUR,6
ILM.W.U2.C.A070100.U2.EUR,W,U2,C,A070100,U2,EUR,2016-W30,1298808,A,F,,,P7D,,E,,,,,,,,,0,,Securities held for monetary policy purposes - Eurosystem,"Euro area (changing composition), Eurosystem reporting sector - Securities held for monetary policy purposes, Euro - Euro area (changing composition) counterpart",EUR,6
ILM.W.U2.C.A070100.U2.EUR,W,U2,C,A070100,U2,EUR,2016-W31,1312349,A,F,,,P7D,,E,,,,,,,,,0,,Securities held for monetary policy purposes - Eurosystem,"Euro area (changing composition), Eurosystem reporting sector - Securities held for monetary policy purposes, Euro - Euro area (changing composition) counterpart",EUR,6
ILM.W.U2.C.A070100.U2.EUR,W,U2,C,A070100,U2,EUR,2016-W32,1325615,A,F,,,P7D,,E,,,,,,,,,0,,Securities held for monetary policy purposes - Eurosystem,"Euro area (changing composition), Eurosystem reporting sector - Securities held for monetary policy purposes, Euro - Euro area (changing composition) counterpart",EUR,6
ILM.W.U2.C.A070100.U2.EUR,W,U2,C,A070100,U2,EUR,2016-W33,1339256,A,F,,,P7D,,E,,,,,,,,,0,,Securities held for monetary policy purposes - Eurosystem,"Euro area (changing composition), Eurosystem reporting sector - Securities held for monetary policy purposes, Euro - Euro area (changing composition) counterpart",EUR,6
ILM.W.U2.C.A070100.U2.EUR,W,U2,C,A070100,U2,EUR,2016-W34,1351823,A,F,,,P7D,,E,,,,,,,,,0,,Securities held for monetary policy purposes - Eurosystem,"Euro area (changing composition), Eurosystem reporting sector - Securities held for monetary policy purposes, Euro - Euro area (changing composition) counterpart",EUR,6
ILM.W.U2.C.A070100.U2.EUR,W,U2,C,A070100,U2,EUR,2016-W35,1365578,A,F,,,P7D,,E,,,,,,,,,0,,Securities held for monetary policy purposes - Eurosystem,"Euro area (changing composition), Eurosystem reporting sector - Securities held for monetary policy purposes, Euro - Euro area (changing composition) counterpart",EUR,6
ILM.W.U2.C.A070100.U2.EUR,W,U2,C,A070100,U2,EUR,2016-W36,1385178,A,F,,,P7D,,E,,,,,,,,,0,,Securities held for monetary policy purposes - Eurosystem,"Euro area (changing composition), Eurosystem reporting sector - Securities held for monetary policy purposes, Euro - Euro area (changing composition) counterpart",EUR,6
ILM.W.U2.C.A070100.U2.EUR,W,U2,C,A070100,U2,EUR,2016-W37,1402157,A,F,,,P7D,,E,,,,,,,,,0,,Securities held for monetary policy purposes - Eurosystem,"Euro area (changing composition), Eurosystem reporting sector - Securities held for monetary policy purposes, Euro - Euro area (changing composition) counterpart",EUR,6
ILM.W.U2.C.A070100.U2.EUR,W,U2,C,A070100,U2,EUR,2016-W38,1420301,A,F,,,P7D,,E,,,,,,,,,0,,Securities held for monetary policy purposes - Eurosystem,"Euro area (changing composition), Eurosystem reporting sector - Securities held for monetary policy purposes, Euro - Euro area (changing composition) counterpart",EUR,6
ILM.W.U2.C.A070100.U2.EUR,W,U2,C,A070100,U2,EUR,2016-W39,1434785,A,F,,,P7D,,E,,,,,,,,,0,,Securities held for monetary policy purposes - Eurosystem,"Euro area (changing composition), Eurosystem reporting sector - Securities held for monetary policy purposes, Euro - Euro area (changing composition) counterpart",EUR,6
ILM.W.U2.C.A070100.U2.EUR,W,U2,C,A070100,U2,EUR,2016-W40,1454899,A,F,,,P7D,,E,,,,,,,,,0,,Securities held for monetary policy purposes - Eurosystem,"Euro area (changing composition), Eurosystem reporting sector - Securities held for monetary policy purposes, Euro - Euro area (changing composition) counterpart",EUR,6
ILM.W.U2.C.A070100.U2.EUR,W,U2,C,A070100,U2,EUR,2016-W41,1475741,A,F,,,P7D,,E,,,,,,,,,0,,Securities held for monetary policy purposes - Eurosystem,"Euro area (changing composition), Eurosystem reporting sector - Securities held for monetary policy purposes, Euro - Euro area (changing composition) counterpart",EUR,6
ILM.W.U2.C.A070100.U2.EUR,W,U2,C,A070100,U2,EUR,2016-W42,1492707,A,F,,,P7D,,E,,,,,,,,,0,,Securities held for monetary policy purposes - Eurosystem,"Euro area (changing composition), Eurosystem reporting sector - Securities held for monetary policy purposes, Euro - Euro area (changing composition) counterpart",EUR,6
ILM.W.U2.C.A070100.U2.EUR,W,U2,C,A070100,U2,EUR,2016-W43,1512957,A,F,,,P7D,,E,,,,,,,,,0,,Securities held for monetary policy purposes - Eurosystem,"Euro area (changing composition), Eurosystem reporting sector - Securities held for monetary policy purposes, Euro - Euro area (changing composition) counterpart",EUR,6
ILM.W.U2.C.A070100.U2.EUR,W,U2,C,A070100,U2,EUR,2016-W44,1531423,A,F,,,P7D,,E,,,,,,,,,0,,Securities held for monetary policy purposes - Eurosystem,"Euro area (changing composition), Eurosystem reporting sector - Securities held for monetary policy purposes, Euro - Euro area (changing composition) counterpart",EUR,6
ILM.W.U2.C.A070100.U2.EUR,W,U2,C,A070100,U2,EUR,2016-W45,1551104,A,F,,,P7D,,E,,,,,,,,,0,,Securities held for monetary policy purposes - Eurosystem,"Euro area (changing composition), Eurosystem reporting sector - Securities held for monetary policy purposes, Euro - Euro area (changing composition) counterpart",EUR,6
ILM.W.U2.C.A070100.U2.EUR,W,U2,C,A070100,U2,EUR,2016-W46,1572271,A,F,,,P7D,,E,,,,,,,,,0,,Securities held for monetary policy purposes - Eurosystem,"Euro area (changing composition), Eurosystem reporting sector - Securities held for monetary policy purposes, Euro - Euro area (changing composition) counterpart",EUR,6
ILM.W.U2.C.A070100.U2.EUR,W,U2,C,A070100,U2,EUR,2016-W47,1590085,A,F,,,P7D,,E,,,,,,,,,0,,Securities held for monetary policy purposes - Eurosystem,"Euro area (changing composition), Eurosystem reporting sector - Securities held for monetary policy purposes, Euro - Euro area (changing composition) counterpart",EUR,6
ILM.W.U2.C.A070100.U2.EUR,W,U2,C,A070100,U2,EUR,2016-W48,1608093,A,F,,,P7D,,E,,,,,,,,,0,,Securities held for monetary policy purposes - Eurosystem,"Euro area (changing composition), Eurosystem reporting sector - Securities held for monetary policy purposes, Euro - Euro area (changing composition) counterpart",EUR,6
ILM.W.U2.C.A070100.U2.EUR,W,U2,C,A070100,U2,EUR,2016-W49,1626513,A,F,,,P7D,,E,,,,,,,,,0,,Securities held for monetary policy purposes - Eurosystem,"Euro area (changing composition), Eurosystem reporting sector - Securities held for monetary policy purposes, Euro - Euro area (changing composition) counterpart",EUR,6
ILM.W.U2.C.A070100.U2.EUR,W,U2,C,A070100,U2,EUR,2016-W50,1643986,A,F,,,P7D,,E,,,,,,,,,0,,Securities held for monetary policy purposes - Eurosystem,"Euro area (changing composition), Eurosystem reporting sector - Securities held for monetary policy purposes, Euro - Euro area (changing composition) counterpart",EUR,6
ILM.W.U2.C.A070100.U2.EUR,W,U2,C,A070100,U2,EUR,2016-W51,1659471,A,F,,,P7D,,E,,,,,,,,,0,,Securities held for monetary policy purposes - Eurosystem,"Euro area (changing composition), Eurosystem reporting sector - Securities held for monetary policy purposes, Euro - Euro area (changing composition) counterpart",EUR,6
ILM.W.U2.C.A070100.U2.EUR,W,U2,C,A070100,U2,EUR,2016-W52,1654026,A,F,,,P7D,,E,,,,,,,,,0,,Securities held for monetary policy purposes - Eurosystem,"Euro area (changing composition), Eurosystem reporting sector - Securities held for monetary policy purposes, Euro - Euro area (changing composition) counterpart",EUR,6
ILM.W.U2.C.A070100.U2.EUR,W,U2,C,A070100,U2,EUR,2017-W01,1666075,A,F,,,P7D,,E,,,,,,,,,0,,Securities held for monetary policy purposes - Eurosystem,"Euro area (changing composition), Eurosystem reporting sector - Securities held for monetary policy purposes, Euro - Euro area (changing composition) counterpart",EUR,6
ILM.W.U2.C.A070100.U2.EUR,W,U2,C,A070100,U2,EUR,2017-W02,1690230,A,F,,,P7D,,E,,,,,,,,,0,,Securities held for monetary policy purposes - Eurosystem,"Euro area (changing composition), Eurosystem reporting sector - Securities held for monetary policy purposes, Euro - Euro area (changing composition) counterpart",EUR,6
ILM.W.U2.C.A070100.U2.EUR,W,U2,C,A070100,U2,EUR,2017-W03,1710899,A,F,,,P7D,,E,,,,,,,,,0,,Securities held for monetary policy purposes - Eurosystem,"Euro area (changing composition), Eurosystem reporting sector - Securities held for monetary policy purposes, Euro - Euro area (changing composition) counterpart",EUR,6
ILM.W.U2.C.A070100.U2.EUR,W,U2,C,A070100,U2,EUR,2017-W04,1730309,A,F,,,P7D,,E,,,,,,,,,0,,Securities held for monetary policy purposes - Eurosystem,"Euro area (changing composition), Eurosystem reporting sector - Securities held for monetary policy purposes, Euro - Euro area (changing composition) counterpart",EUR,6
ILM.W.U2.C.A070100.U2.EUR,W,U2,C,A070100,U2,EUR,2017-W05,1748644,A,F,,,P7D,,E,,,,,,,,,0,,Securities held for monetary policy purposes - Eurosystem,"Euro area (changing composition), Eurosystem reporting sector - Securities held for monetary policy purposes, Euro - Euro area (changing composition) counterpart",EUR,6
ILM.W.U2.C.A070100.U2.EUR,W,U2,C,A070100,U2,EUR,2017-W06,1768715,A,F,,,P7D,,E,,,,,,,,,0,,Securities held for monetary policy purposes - Eurosystem,"Euro area (changing composition), Eurosystem reporting sector - Securities held for monetary policy purposes, Euro - Euro area (changing composition) counterpart",EUR,6
ILM.W.U2.C.A070100.U2.EUR,W,U2,C,A070100,U2,EUR,2017-W07,1787932,A,F,,,P7D,,E,,,,,,,,,0,,Securities held for monetary policy purposes - Eurosystem,"Euro area (changing composition), Eurosystem reporting sector - Securities held for monetary policy purposes, Euro - Euro area (changing composition) counterpart",EUR,6
ILM.W.U2.C.A070100.U2.EUR,W,U2,C,A070100,U2,EUR,2017-W08,1807064,A,F,,,P7D,,E,,,,,,,,,0,,Securities held for monetary policy purposes - Eurosystem,"Euro area (changing composition), Eurosystem reporting sector - Securities held for monetary policy purposes, Euro - Euro area (changing composition) counterpart",EUR,6
ILM.W.U2.C.A070100.U2.EUR,W,U2,C,A070100,U2,EUR,2017-W09,1825861,A,F,,,P7D,,E,,,,,,,,,0,,Securities held for monetary policy purposes - Eurosystem,"Euro area (changing composition), Eurosystem reporting sector - Securities held for monetary policy purposes, Euro - Euro area (changing composition) counterpart",EUR,6
ILM.W.U2.C.A070100.U2.EUR,W,U2,C,A070100,U2,EUR,2017-W10,1844165,A,F,,,P7D,,E,,,,,,,,,0,,Securities held for monetary policy purposes - Eurosystem,"Euro area (changing composition), Eurosystem reporting sector - Securities held for monetary policy purposes, Euro - Euro area (changing composition) counterpart",EUR,6
ILM.W.U2.C.A070100.U2.EUR,W,U2,C,A070100,U2,EUR,2017-W11,1862925,A,F,,,P7D,,E,,,,,,,,,0,,Securities held for monetary policy purposes - Eurosystem,"Euro area (changing composition), Eurosystem reporting sector - Securities held for monetary policy purposes, Euro - Euro area (changing composition) counterpart",EUR,6
ILM.W.U2.C.A070100.U2.EUR,W,U2,C,A070100,U2,EUR,2017-W12,1878700,A,F,,,P7D,,E,,,,,,,,,0,,Securities held for monetary policy purposes - Eurosystem,"Euro area (changing composition), Eurosystem reporting sector - Securities held for monetary policy purposes, Euro - Euro area (changing composition) counterpart",EUR,6
ILM.W.U2.C.A070100.U2.EUR,W,U2,C,A070100,U2,EUR,2017-W13,1887124,A,F,,,P7D,,E,,,,,,,,,0,,Securities held for monetary policy purposes - Eurosystem,"Euro area (changing composition), Eurosystem reporting sector - Securities held for monetary policy purposes, Euro - Euro area (changing composition) counterpart",EUR,6
ILM.W.U2.C.A070100.U2.EUR,W,U2,C,A070100,U2,EUR,2017-W14,1906327,A,F,,,P7D,,E,,,,,,,,,0,,Securities held for monetary policy purposes - Eurosystem,"Euro area (changing composition), Eurosystem reporting sector - Securities held for monetary policy purposes, Euro - Euro area (changing composition) counterpart",EUR,6
ILM.W.U2.C.A070100.U2.EUR,W,U2,C,A070100,U2,EUR,2017-W15,1921362,A,F,,,P7D,,E,,,,,,,,,0,,Securities held for monetary policy purposes - Eurosystem,"Euro area (changing composition), Eurosystem reporting sector - Securities held for monetary policy purposes, Euro - Euro area (changing composition) counterpart",EUR,6
ILM.W.U2.C.A070100.U2.EUR,W,U2,C,A070100,U2,EUR,2017-W16,1933023,A,F,,,P7D,,E,,,,,,,,,0,,Securities held for monetary policy purposes - Eurosystem,"Euro area (changing composition), Eurosystem reporting sector - Securities held for monetary policy purposes, Euro - Euro area (changing composition) counterpart",EUR,6
ILM.W.U2.C.A070100.U2.EUR,W,U2,C,A070100,U2,EUR,2017-W17,1946923,A,F,,,P7D,,E,,,,,,,,,0,,Securities held for monetary policy purposes - Eurosystem,"Euro area (changing composition), Eurosystem reporting sector - Securities held for monetary policy purposes, Euro - Euro area (changing composition) counterpart",EUR,6
ILM.W.U2.C.A070100.U2.EUR,W,U2,C,A070100,U2,EUR,2017-W18,1959900,A,F,,,P7D,,E,,,,,,,,,0,,Securities held for monetary policy purposes - Eurosystem,"Euro area (changing composition), Eurosystem reporting sector - Securities held for monetary policy purposes, Euro - Euro area (changing composition) counterpart",EUR,6
ILM.W.U2.C.A070100.U2.EUR,W,U2,C,A070100,U2,EUR,2017-W19,1974698,A,F,,,P7D,,E,,,,,,,,,0,,Securities held for monetary policy purposes - Eurosystem,"Euro area (changing composition), Eurosystem reporting sector - Securities held for monetary policy purposes, Euro - Euro area (changing composition) counterpart",EUR,6
ILM.W.U2.C.A070100.U2.EUR,W,U2,C,A070100,U2,EUR,2017-W20,1988983,A,F,,,P7D,,E,,,,,,,,,0,,Securities held for monetary policy purposes - Eurosystem,"Euro area (changing composition), Eurosystem reporting sector - Securities held for monetary policy purposes, Euro - Euro area (changing composition) counterpart",EUR,6
ILM.W.U2.C.A070100.U2.EUR,W,U2,C,A070100,U2,EUR,2017-W21,2002444,A,F,,,P7D,,E,,,,,,,,,0,,Securities held for monetary policy purposes - Eurosystem,"Euro area (changing composition), Eurosystem reporting sector - Securities held for monetary policy purposes, Euro - Euro area (changing composition) counterpart",EUR,6
ILM.W.U2.C.A070100.U2.EUR,W,U2,C,A070100,U2,EUR,2017-W22,2015162,A,F,,,P7D,,E,,,,,,,,,0,,Securities held for monetary policy purposes - Eurosystem,"Euro area (changing composition), Eurosystem reporting sector - Securities held for monetary policy purposes, Euro - Euro area (changing composition) counterpart",EUR,6
ILM.W.U2.C.A070100.U2.EUR,W,U2,C,A070100,U2,EUR,2017-W23,2029766,A,F,,,P7D,,E,,,,,,,,,0,,Securities held for monetary policy purposes - Eurosystem,"Euro area (changing composition), Eurosystem reporting sector - Securities held for monetary policy purposes, Euro - Euro area (changing composition) counterpart",EUR,6
ILM.W.U2.C.A070100.U2.EUR,W,U2,C,A070100,U2,EUR,2017-W24,2044997,A,F,,,P7D,,E,,,,,,,,,0,,Securities held for monetary policy purposes - Eurosystem,"Euro area (changing composition), Eurosystem reporting sector - Securities held for monetary policy purposes, Euro - Euro area (changing composition) counterpart",EUR,6
ILM.W.U2.C.A070100.U2.EUR,W,U2,C,A070100,U2,EUR,2017-W25,2058411,A,F,,,P7D,,E,,,,,,,,,0,,Securities held for monetary policy purposes - Eurosystem,"Euro area (changing composition), Eurosystem reporting sector - Securities held for monetary policy purposes, Euro - Euro area (changing composition) counterpart",EUR,6
ILM.W.U2.C.A070100.U2.EUR,W,U2,C,A070100,U2,EUR,2017-W26,2064420,A,F,,,P7D,,E,,,,,,,,,0,,Securities held for monetary policy purposes - Eurosystem,"Euro area (changing composition), Eurosystem reporting sector - Securities held for monetary policy purposes, Euro - Euro area (changing composition) counterpart",EUR,6
ILM.W.U2.C.A070100.U2.EUR,W,U2,C,A070100,U2,EUR,2017-W27,2081270,A,F,,,P7D,,E,,,,,,,,,0,,Securities held for monetary policy purposes - Eurosystem,"Euro area (changing composition), Eurosystem reporting sector - Securities held for monetary policy purposes, Euro - Euro area (changing composition) counterpart",EUR,6
ILM.W.U2.C.A070100.U2.EUR,W,U2,C,A070100,U2,EUR,2017-W28,2097455,A,F,,,P7D,,E,,,,,,,,,0,,Securities held for monetary policy purposes - Eurosystem,"Euro area (changing composition), Eurosystem reporting sector - Securities held for monetary policy purposes, Euro - Euro area (changing composition) counterpart",EUR,6
ILM.W.U2.C.A070100.U2.EUR,W,U2,C,A070100,U2,EUR,2017-W29,2108287,A,F,,,P7D,,E,,,,,,,,,0,,Securities held for monetary policy purposes - Eurosystem,"Euro area (changing composition), Eurosystem reporting sector - Securities held for monetary policy purposes, Euro - Euro area (changing composition) counterpart",EUR,6
ILM.W.U2.C.A070100.U2.EUR,W,U2,C,A070100,U2,EUR,2017-W30,2119172,A,F,,,P7D,,E,,,,,,,,,0,,Securities held for monetary policy purposes - Eurosystem,"Euro area (changing composition), Eurosystem reporting sector - Securities held for monetary policy purposes, Euro - Euro area (changing composition) counterpart",EUR,6
ILM.W.U2.C.A070100.U2.EUR,W,U2,C,A070100,U2,EUR,2017-W31,2128219,A,F,,,P7D,,E,,,,,,,,,0,,Securities held for monetary policy purposes - Eurosystem,"Euro area (changing composition), Eurosystem reporting sector - Securities held for monetary policy purposes, Euro - Euro area (changing composition) counterpart",EUR,6
ILM.W.U2.C.A070100.U2.EUR,W,U2,C,A070100,U2,EUR,2017-W32,2139682,A,F,,,P7D,,E,,,,,,,,,0,,Securities held for monetary policy purposes - Eurosystem,"Euro area (changing composition), Eurosystem reporting sector - Securities held for monetary policy purposes, Euro - Euro area (changing composition) counterpart",EUR,6
ILM.W.U2.C.A070100.U2.EUR,W,U2,C,A070100,U2,EUR,2017-W33,2149310,A,F,,,P7D,,E,,,,,,,,,0,,Securities held for monetary policy purposes - Eurosystem,"Euro area (changing composition), Eurosystem reporting sector - Securities held for monetary policy purposes, Euro - Euro area (changing composition) counterpart",EUR,6
ILM.W.U2.C.A070100.U2.EUR,W,U2,C,A070100,U2,EUR,2017-W34,2160064,A,F,,,P7D,,E,,,,,,,,,0,,Securities held for monetary policy purposes - Eurosystem,"Euro area (changing composition), Eurosystem reporting sector - Securities held for monetary policy purposes, Euro - Euro area (changing composition) counterpart",EUR,6
ILM.W.U2.C.A070100.U2.EUR,W,U2,C,A070100,U2,EUR,2017-W35,2170371,A,F,,,P7D,,E,,,,,,,,,0,,Securities held for monetary policy purposes - Eurosystem,"Euro area (changing composition), Eurosystem reporting sector - Securities held for monetary policy purposes, Euro - Euro area (changing composition) counterpart",EUR,6
ILM.W.U2.C.A070100.U2.EUR,W,U2,C,A070100,U2,EUR,2017-W36,2185932,A,F,,,P7D,,E,,,,,,,,,0,,Securities held for monetary policy purposes - Eurosystem,"Euro area (changing composition), Eurosystem reporting sector - Securities held for monetary policy purposes, Euro - Euro area (changing composition) counterpart",EUR,6
ILM.W.U2.C.A070100.U2.EUR,W,U2,C,A070100,U2,EUR,2017-W37,2199978,A,F,,,P7D,,E,,,,,,,,,0,,Securities held for monetary policy purposes - Eurosystem,"Euro area (changing composition), Eurosystem reporting sector - Securities held for monetary policy purposes, Euro - Euro area (changing composition) counterpart",EUR,6
ILM.W.U2.C.A070100.U2.EUR,W,U2,C,A070100,U2,EUR,2017-W38,2214147,A,F,,,P7D,,E,,,,,,,,,0,,Securities held for monetary policy purposes - Eurosystem,"Euro area (changing composition), Eurosystem reporting sector - Securities held for monetary policy purposes, Euro - Euro area (changing composition) counterpart",EUR,6
ILM.W.U2.C.A070100.U2.EUR,W,U2,C,A070100,U2,EUR,2017-W39,2221315,A,F,,,P7D,,E,,,,,,,,,0,,Securities held for monetary policy purposes - Eurosystem,"Euro area (changing composition), Eurosystem reporting sector - Securities held for monetary policy purposes, Euro - Euro area (changing composition) counterpart",EUR,6
ILM.W.U2.C.A070100.U2.EUR,W,U2,C,A070100,U2,EUR,2017-W40,2238883,A,F,,,P7D,,E,,,,,,,,,0,,Securities held for monetary policy purposes - Eurosystem,"Euro area (changing composition), Eurosystem reporting sector - Securities held for monetary policy purposes, Euro - Euro area (changing composition) counterpart",EUR,6
ILM.W.U2.C.A070100.U2.EUR,W,U2,C,A070100,U2,EUR,2017-W41,2254350,A,F,,,P7D,,E,,,,,,,,,0,,Securities held for monetary policy purposes - Eurosystem,"Euro area (changing composition), Eurosystem reporting sector - Securities held for monetary policy purposes, Euro - Euro area (changing composition) counterpart",EUR,6
ILM.W.U2.C.A070100.U2.EUR,W,U2,C,A070100,U2,EUR,2017-W42,2265105,A,F,,,P7D,,E,,,,,,,,,0,,Securities held for monetary policy purposes - Eurosystem,"Euro area (changing composition), Eurosystem reporting sector - Securities held for monetary policy purposes, Euro - Euro area (changing composition) counterpart",EUR,6
ILM.W.U2.C.A070100.U2.EUR,W,U2,C,A070100,U2,EUR,2017-W43,2278409,A,F,,,P7D,,E,,,,,,,,,0,,Securities held for monetary policy purposes - Eurosystem,"Euro area (changing composition), Eurosystem reporting sector - Securities held for monetary policy purposes, Euro - Euro area (changing composition) counterpart",EUR,6
ILM.W.U2.C.A070100.U2.EUR,W,U2,C,A070100,U2,EUR,2017-W44,2287661,A,F,,,P7D,,E,,,,,,,,,0,,Securities held for monetary policy purposes - Eurosystem,"Euro area (changing composition), Eurosystem reporting sector - Securities held for monetary policy purposes, Euro - Euro area (changing composition) counterpart",EUR,6
ILM.W.U2.C.A070100.U2.EUR,W,U2,C,A070100,U2,EUR,2017-W45,2303228,A,F,,,P7D,,E,,,,,,,,,0,,Securities held for monetary policy purposes - Eurosystem,"Euro area (changing composition), Eurosystem reporting sector - Securities held for monetary policy purposes, Euro - Euro area (changing composition) counterpart",EUR,6
ILM.W.U2.C.A070100.U2.EUR,W,U2,C,A070100,U2,EUR,2017-W46,2318320,A,F,,,P7D,,E,,,,,,,,,0,,Securities held for monetary policy purposes - Eurosystem,"Euro area (changing composition), Eurosystem reporting sector - Securities held for monetary policy purposes, Euro - Euro area (changing composition) counterpart",EUR,6
ILM.W.U2.C.A070100.U2.EUR,W,U2,C,A070100,U2,EUR,2017-W47,2333350,A,F,,,P7D,,E,,,,,,,,,0,,Securities held for monetary policy purposes - Eurosystem,"Euro area (changing composition), Eurosystem reporting sector - Securities held for monetary policy purposes, Euro - Euro area (changing composition) counterpart",EUR,6
ILM.W.U2.C.A070100.U2.EUR,W,U2,C,A070100,U2,EUR,2017-W48,2347324,A,F,,,P7D,,E,,,,,,,,,0,,Securities held for monetary policy purposes - Eurosystem,"Euro area (changing composition), Eurosystem reporting sector - Securities held for monetary policy purposes, Euro - Euro area (changing composition) counterpart",EUR,6
ILM.W.U2.C.A070100.U2.EUR,W,U2,C,A070100,U2,EUR,2017-W49,2364818,A,F,,,P7D,,E,,,,,,,,,0,,Securities held for monetary policy purposes - Eurosystem,"Euro area (changing composition), Eurosystem reporting sector - Securities held for monetary policy purposes, Euro - Euro area (changing composition) counterpart",EUR,6
ILM.W.U2.C.A070100.U2.EUR,W,U2,C,A070100,U2,EUR,2017-W50,2380326,A,F,,,P7D,,E,,,,,,,,,0,,Securities held for monetary policy purposes - Eurosystem,"Euro area (changing composition), Eurosystem reporting sector - Securities held for monetary policy purposes, Euro - Euro area (changing composition) counterpart",EUR,6
ILM.W.U2.C.A070100.U2.EUR,W,U2,C,A070100,U2,EUR,2017-W51,2393334,A,F,,,P7D,,E,,,,,,,,,0,,Securities held for monetary policy purposes - Eurosystem,"Euro area (changing composition), Eurosystem reporting sector - Securities held for monetary policy purposes, Euro - Euro area (changing composition) counterpart",EUR,6
ILM.W.U2.C.A070100.U2.EUR,W,U2,C,A070100,U2,EUR,2017-W52,2386012,A,F,,,P7D,,E,,,,,,,,,0,,Securities held for monetary policy purposes - Eurosystem,"Euro area (changing composition), Eurosystem reporting sector - Securities held for monetary policy purposes, Euro - Euro area (changing composition) counterpart",EUR,6
ILM.W.U2.C.A070100.U2.EUR,W,U2,C,A070100,U2,EUR,2018-W01,2388915,A,F,,,P7D,,E,,,,,,,,,0,,Securities held for monetary policy purposes - Eurosystem,"Euro area (changing composition), Eurosystem reporting sector - Securities held for monetary policy purposes, Euro - Euro area (changing composition) counterpart",EUR,6
ILM.W.U2.C.A070100.U2.EUR,W,U2,C,A070100,U2,EUR,2018-W02,2399017,A,F,,,P7D,,E,,,,,,,,,0,,Securities held for monetary policy purposes - Eurosystem,"Euro area (changing composition), Eurosystem reporting sector - Securities held for monetary policy purposes, Euro - Euro area (changing composition) counterpart",EUR,6
ILM.W.U2.C.A070100.U2.EUR,W,U2,C,A070100,U2,EUR,2018-W03,2406628,A,F,,,P7D,,E,,,,,,,,,0,,Securities held for monetary policy purposes - Eurosystem,"Euro area (changing composition), Eurosystem reporting sector - Securities held for monetary policy purposes, Euro - Euro area (changing composition) counterpart",EUR,6
ILM.W.U2.C.A070100.U2.EUR,W,U2,C,A070100,U2,EUR,2018-W04,2415324,A,F,,,P7D,,E,,,,,,,,,0,,Securities held for monetary policy purposes - Eurosystem,"Euro area (changing composition), Eurosystem reporting sector - Securities held for monetary policy purposes, Euro - Euro area (changing composition) counterpart",EUR,6
ILM.W.U2.C.A070100.U2.EUR,W,U2,C,A070100,U2,EUR,2018-W05,2416126,A,F,,,P7D,,E,,,,,,,,,0,,Securities held for monetary policy purposes - Eurosystem,"Euro area (changing composition), Eurosystem reporting sector - Securities held for monetary policy purposes, Euro - Euro area (changing composition) counterpart",EUR,6
ILM.W.U2.C.A070100.U2.EUR,W,U2,C,A070100,U2,EUR,2018-W06,2425198,A,F,,,P7D,,E,,,,,,,,,0,,Securities held for monetary policy purposes - Eurosystem,"Euro area (changing composition), Eurosystem reporting sector - Securities held for monetary policy purposes, Euro - Euro area (changing composition) counterpart",EUR,6
ILM.W.U2.C.A070100.U2.EUR,W,U2,C,A070100,U2,EUR,2018-W07,2433277,A,F,,,P7D,,E,,,,,,,,,0,,Securities held for monetary policy purposes - Eurosystem,"Euro area (changing composition), Eurosystem reporting sector - Securities held for monetary policy purposes, Euro - Euro area (changing composition) counterpart",EUR,6
ILM.W.U2.C.A070100.U2.EUR,W,U2,C,A070100,U2,EUR,2018-W08,2438395,A,F,,,P7D,,E,,,,,,,,,0,,Securities held for monetary policy purposes - Eurosystem,"Euro area (changing composition), Eurosystem reporting sector - Securities held for monetary policy purposes, Euro - Euro area (changing composition) counterpart",EUR,6
ILM.W.U2.C.A070100.U2.EUR,W,U2,C,A070100,U2,EUR,2018-W09,2445234,A,F,,,P7D,,E,,,,,,,,,0,,Securities held for monetary policy purposes - Eurosystem,"Euro area (changing composition), Eurosystem reporting sector - Securities held for monetary policy purposes, Euro - Euro area (changing composition) counterpart",EUR,6
ILM.W.U2.C.A070100.U2.EUR,W,U2,C,A070100,U2,EUR,2018-W10,2454607,A,F,,,P7D,,E,,,,,,,,,0,,Securities held for monetary policy purposes - Eurosystem,"Euro area (changing composition), Eurosystem reporting sector - Securities held for monetary policy purposes, Euro - Euro area (changing composition) counterpart",EUR,6
ILM.W.U2.C.A070100.U2.EUR,W,U2,C,A070100,U2,EUR,2018-W11,2460994,A,F,,,P7D,,E,,,,,,,,,0,,Securities held for monetary policy purposes - Eurosystem,"Euro area (changing composition), Eurosystem reporting sector - Securities held for monetary policy purposes, Euro - Euro area (changing composition) counterpart",EUR,6
ILM.W.U2.C.A070100.U2.EUR,W,U2,C,A070100,U2,EUR,2018-W12,2468611,A,F,,,P7D,,E,,,,,,,,,0,,Securities held for monetary policy purposes - Eurosystem,"Euro area (changing composition), Eurosystem reporting sector - Securities held for monetary policy purposes, Euro - Euro area (changing composition) counterpart",EUR,6
ILM.W.U2.C.A070100.U2.EUR,W,U2,C,A070100,U2,EUR,2018-W13,2464610,A,F,,,P7D,,E,,,,,,,,,0,,Securities held for monetary policy purposes - Eurosystem,"Euro area (changing composition), Eurosystem reporting sector - Securities held for monetary policy purposes, Euro - Euro area (changing composition) counterpart",EUR,6
ILM.W.U2.C.A070100.U2.EUR,W,U2,C,A070100,U2,EUR,2018-W14,2474480,A,F,,,P7D,,E,,,,,,,,,0,,Securities held for monetary policy purposes - Eurosystem,"Euro area (changing composition), Eurosystem reporting sector - Securities held for monetary policy purposes, Euro - Euro area (changing composition) counterpart",EUR,6
ILM.W.U2.C.A070100.U2.EUR,W,U2,C,A070100,U2,EUR,2018-W15,2486293,A,F,,,P7D,,E,,,,,,,,,0,,Securities held for monetary policy purposes - Eurosystem,"Euro area (changing composition), Eurosystem reporting sector - Securities held for monetary policy purposes, Euro - Euro area (changing composition) counterpart",EUR,6
ILM.W.U2.C.A070100.U2.EUR,W,U2,C,A070100,U2,EUR,2018-W16,2485606,A,F,,,P7D,,E,,,,,,,,,0,,Securities held for monetary policy purposes - Eurosystem,"Euro area (changing composition), Eurosystem reporting sector - Securities held for monetary policy purposes, Euro - Euro area (changing composition) counterpart",EUR,6
ILM.W.U2.C.A070100.U2.EUR,W,U2,C,A070100,U2,EUR,2018-W17,2496574,A,F,,,P7D,,E,,,,,,,,,0,,Securities held for monetary policy purposes - Eurosystem,"Euro area (changing composition), Eurosystem reporting sector - Securities held for monetary policy purposes, Euro - Euro area (changing composition) counterpart",EUR,6
ILM.W.U2.C.A070100.U2.EUR,W,U2,C,A070100,U2,EUR,2018-W18,2499384,A,F,,,P7D,,E,,,,,,,,,0,,Securities held for monetary policy purposes - Eurosystem,"Euro area (changing composition), Eurosystem reporting sector - Securities held for monetary policy purposes, Euro - Euro area (changing composition) counterpart",EUR,6
ILM.W.U2.C.A070100.U2.EUR,W,U2,C,A070100,U2,EUR,2018-W19,2509021,A,F,,,P7D,,E,,,,,,,,,0,,Securities held for monetary policy purposes - Eurosystem,"Euro area (changing composition), Eurosystem reporting sector - Securities held for monetary policy purposes, Euro - Euro area (changing composition) counterpart",EUR,6
ILM.W.U2.C.A070100.U2.EUR,W,U2,C,A070100,U2,EUR,2018-W20,2514154,A,F,,,P7D,,E,,,,,,,,,0,,Securities held for monetary policy purposes - Eurosystem,"Euro area (changing composition), Eurosystem reporting sector - Securities held for monetary policy purposes, Euro - Euro area (changing composition) counterpart",EUR,6
ILM.W.U2.C.A070100.U2.EUR,W,U2,C,A070100,U2,EUR,2018-W21,2517779,A,F,,,P7D,,E,,,,,,,,,0,,Securities held for monetary policy purposes - Eurosystem,"Euro area (changing composition), Eurosystem reporting sector - Securities held for monetary policy purposes, Euro - Euro area (changing composition) counterpart",EUR,6
ILM.W.U2.C.A070100.U2.EUR,W,U2,C,A070100,U2,EUR,2018-W22,2523969,A,F,,,P7D,,E,,,,,,,,,0,,Securities held for monetary policy purposes - Eurosystem,"Euro area (changing composition), Eurosystem reporting sector - Securities held for monetary policy purposes, Euro - Euro area (changing composition) counterpart",EUR,6
ILM.W.U2.C.A070100.U2.EUR,W,U2,C,A070100,U2,EUR,2018-W23,2533067,A,F,,,P7D,,E,,,,,,,,,0,,Securities held for monetary policy purposes - Eurosystem,"Euro area (changing composition), Eurosystem reporting sector - Securities held for monetary policy purposes, Euro - Euro area (changing composition) counterpart",EUR,6
ILM.W.U2.C.A070100.U2.EUR,W,U2,C,A070100,U2,EUR,2018-W24,2535091,A,F,,,P7D,,E,,,,,,,,,0,,Securities held for monetary policy purposes - Eurosystem,"Euro area (changing composition), Eurosystem reporting sector - Securities held for monetary policy purposes, Euro - Euro area (changing composition) counterpart",EUR,6
ILM.W.U2.C.A070100.U2.EUR,W,U2,C,A070100,U2,EUR,2018-W25,2543957,A,F,,,P7D,,E,,,,,,,,,0,,Securities held for monetary policy purposes - Eurosystem,"Euro area (changing composition), Eurosystem reporting sector - Securities held for monetary policy purposes, Euro - Euro area (changing composition) counterpart",EUR,6
ILM.W.U2.C.A070100.U2.EUR,W,U2,C,A070100,U2,EUR,2018-W26,2546980,A,F,,,P7D,,E,,,,,,,,,0,,Securities held for monetary policy purposes - Eurosystem,"Euro area (changing composition), Eurosystem reporting sector - Securities held for monetary policy purposes, Euro - Euro area (changing composition) counterpart",EUR,6
ILM.W.U2.C.A070100.U2.EUR,W,U2,C,A070100,U2,EUR,2018-W27,2551793,A,F,,,P7D,,E,,,,,,,,,0,,Securities held for monetary policy purposes - Eurosystem,"Euro area (changing composition), Eurosystem reporting sector - Securities held for monetary policy purposes, Euro - Euro area (changing composition) counterpart",EUR,6
ILM.W.U2.C.A070100.U2.EUR,W,U2,C,A070100,U2,EUR,2018-W28,2562986,A,F,,,P7D,,E,,,,,,,,,0,,Securities held for monetary policy purposes - Eurosystem,"Euro area (changing composition), Eurosystem reporting sector - Securities held for monetary policy purposes, Euro - Euro area (changing composition) counterpart",EUR,6
ILM.W.U2.C.A070100.U2.EUR,W,U2,C,A070100,U2,EUR,2018-W29,2568593,A,F,,,P7D,,E,,,,,,,,,0,,Securities held for monetary policy purposes - Eurosystem,"Euro area (changing composition), Eurosystem reporting sector - Securities held for monetary policy purposes, Euro - Euro area (changing composition) counterpart",EUR,6
ILM.W.U2.C.A070100.U2.EUR,W,U2,C,A070100,U2,EUR,2018-W30,2577221,A,F,,,P7D,,E,,,,,,,,,0,,Securities held for monetary policy purposes - Eurosystem,"Euro area (changing composition), Eurosystem reporting sector - Securities held for monetary policy purposes, Euro - Euro area (changing composition) counterpart",EUR,6
ILM.W.U2.C.A070100.U2.EUR,W,U2,C,A070100,U2,EUR,2018-W31,2572435,A,F,,,P7D,,E,,,,,,,,,0,,Securities held for monetary policy purposes - Eurosystem,"Euro area (changing composition), Eurosystem reporting sector - Securities held for monetary policy purposes, Euro - Euro area (changing composition) counterpart",EUR,6
ILM.W.U2.C.A070100.U2.EUR,W,U2,C,A070100,U2,EUR,2018-W32,2579153,A,F,,,P7D,,E,,,,,,,,,0,,Securities held for monetary policy purposes - Eurosystem,"Euro area (changing composition), Eurosystem reporting sector - Securities held for monetary policy purposes, Euro - Euro area (changing composition) counterpart",EUR,6
ILM.W.U2.C.A070100.U2.EUR,W,U2,C,A070100,U2,EUR,2018-W33,2583469,A,F,,,P7D,,E,,,,,,,,,0,,Securities held for monetary policy purposes - Eurosystem,"Euro area (changing composition), Eurosystem reporting sector - Securities held for monetary policy purposes, Euro - Euro area (changing composition) counterpart",EUR,6
ILM.W.U2.C.A070100.U2.EUR,W,U2,C,A070100,U2,EUR,2018-W34,2588351,A,F,,,P7D,,E,,,,,,,,,0,,Securities held for monetary policy purposes - Eurosystem,"Euro area (changing composition), Eurosystem reporting sector - Securities held for monetary policy purposes, Euro - Euro area (changing composition) counterpart",EUR,6
ILM.W.U2.C.A070100.U2.EUR,W,U2,C,A070100,U2,EUR,2018-W35,2593049,A,F,,,P7D,,E,,,,,,,,,0,,Securities held for monetary policy purposes - Eurosystem,"Euro area (changing composition), Eurosystem reporting sector - Securities held for monetary policy purposes, Euro - Euro area (changing composition) counterpart",EUR,6
ILM.W.U2.C.A070100.U2.EUR,W,U2,C,A070100,U2,EUR,2018-W36,2602571,A,F,,,P7D,,E,,,,,,,,,0,,Securities held for monetary policy purposes - Eurosystem,"Euro area (changing composition), Eurosystem reporting sector - Securities held for monetary policy purposes, Euro - Euro area (changing composition) counterpart",EUR,6
ILM.W.U2.C.A070100.U2.EUR,W,U2,C,A070100,U2,EUR,2018-W37,2607657,A,F,,,P7D,,E,,,,,,,,,0,,Securities held for monetary policy purposes - Eurosystem,"Euro area (changing composition), Eurosystem reporting sector - Securities held for monetary policy purposes, Euro - Euro area (changing composition) counterpart",EUR,6
ILM.W.U2.C.A070100.U2.EUR,W,U2,C,A070100,U2,EUR,2018-W38,2613631,A,F,,,P7D,,E,,,,,,,,,0,,Securities held for monetary policy purposes - Eurosystem,"Euro area (changing composition), Eurosystem reporting sector - Securities held for monetary policy purposes, Euro - Euro area (changing composition) counterpart",EUR,6
ILM.W.U2.C.A070100.U2.EUR,W,U2,C,A070100,U2,EUR,2018-W39,2615124,A,F,,,P7D,,E,,,,,,,,,0,,Securities held for monetary policy purposes - Eurosystem,"Euro area (changing composition), Eurosystem reporting sector - Securities held for monetary policy purposes, Euro - Euro area (changing composition) counterpart",EUR,6
ILM.W.U2.C.A070100.U2.EUR,W,U2,C,A070100,U2,EUR,2018-W40,2623229,A,F,,,P7D,,E,,,,,,,,,0,,Securities held for monetary policy purposes - Eurosystem,"Euro area (changing composition), Eurosystem reporting sector - Securities held for monetary policy purposes, Euro - Euro area (changing composition) counterpart",EUR,6
ILM.W.U2.C.A070100.U2.EUR,W,U2,C,A070100,U2,EUR,2018-W41,2625893,A,F,,,P7D,,E,,,,,,,,,0,,Securities held for monetary policy purposes - Eurosystem,"Euro area (changing composition), Eurosystem reporting sector - Securities held for monetary policy purposes, Euro - Euro area (changing composition) counterpart",EUR,6
ILM.W.U2.C.A070100.U2.EUR,W,U2,C,A070100,U2,EUR,2018-W42,2626227,A,F,,,P7D,,E,,,,,,,,,0,,Securities held for monetary policy purposes - Eurosystem,"Euro area (changing composition), Eurosystem reporting sector - Securities held for monetary policy purposes, Euro - Euro area (changing composition) counterpart",EUR,6
ILM.W.U2.C.A070100.U2.EUR,W,U2,C,A070100,U2,EUR,2018-W43,2629962,A,F,,,P7D,,E,,,,,,,,,0,,Securities held for monetary policy purposes - Eurosystem,"Euro area (changing composition), Eurosystem reporting sector - Securities held for monetary policy purposes, Euro - Euro area (changing composition) counterpart",EUR,6
ILM.W.U2.C.A070100.U2.EUR,W,U2,C,A070100,U2,EUR,2018-W44,2629858,A,F,,,P7D,,E,,,,,,,,,0,,Securities held for monetary policy purposes - Eurosystem,"Euro area (changing composition), Eurosystem reporting sector - Securities held for monetary policy purposes, Euro - Euro area (changing composition) counterpart",EUR,6
ILM.W.U2.C.A070100.U2.EUR,W,U2,C,A070100,U2,EUR,2018-W45,2634336,A,F,,,P7D,,E,,,,,,,,,0,,Securities held for monetary policy purposes - Eurosystem,"Euro area (changing composition), Eurosystem reporting sector - Securities held for monetary policy purposes, Euro - Euro area (changing composition) counterpart",EUR,6
ILM.W.U2.C.A070100.U2.EUR,W,U2,C,A070100,U2,EUR,2018-W46,2639503,A,F,,,P7D,,E,,,,,,,,,0,,Securities held for monetary policy purposes - Eurosystem,"Euro area (changing composition), Eurosystem reporting sector - Securities held for monetary policy purposes, Euro - Euro area (changing composition) counterpart",EUR,6
ILM.W.U2.C.A070100.U2.EUR,W,U2,C,A070100,U2,EUR,2018-W47,2642902,A,F,,,P7D,,E,,,,,,,,,0,,Securities held for monetary policy purposes - Eurosystem,"Euro area (changing composition), Eurosystem reporting sector - Securities held for monetary policy purposes, Euro - Euro area (changing composition) counterpart",EUR,6
ILM.W.U2.C.A070100.U2.EUR,W,U2,C,A070100,U2,EUR,2018-W48,2643765,A,F,,,P7D,,E,,,,,,,,,0,,Securities held for monetary policy purposes - Eurosystem,"Euro area (changing composition), Eurosystem reporting sector - Securities held for monetary policy purposes, Euro - Euro area (changing composition) counterpart",EUR,6
ILM.W.U2.C.A070100.U2.EUR,W,U2,C,A070100,U2,EUR,2018-W49,2650757,A,F,,,P7D,,E,,,,,,,,,0,,Securities held for monetary policy purposes - Eurosystem,"Euro area (changing composition), Eurosystem reporting sector - Securities held for monetary policy purposes, Euro - Euro area (changing composition) counterpart",EUR,6
ILM.W.U2.C.A070100.U2.EUR,W,U2,C,A070100,U2,EUR,2018-W50,2655604,A,F,,,P7D,,E,,,,,,,,,0,,Securities held for monetary policy purposes - Eurosystem,"Euro area (changing composition), Eurosystem reporting sector - Securities held for monetary policy purposes, Euro - Euro area (changing composition) counterpart",EUR,6
ILM.W.U2.C.A070100.U2.EUR,W,U2,C,A070100,U2,EUR,2018-W51,2659986,A,F,,,P7D,,E,,,,,,,,,0,,Securities held for monetary policy purposes - Eurosystem,"Euro area (changing composition), Eurosystem reporting sector - Securities held for monetary policy purposes, Euro - Euro area (changing composition) counterpart",EUR,6
ILM.W.U2.C.A070100.U2.EUR,W,U2,C,A070100,U2,EUR,2018-W52,2658536,A,F,,,P7D,,E,,,,,,,,,0,,Securities held for monetary policy purposes - Eurosystem,"Euro area (changing composition), Eurosystem reporting sector - Securities held for monetary policy purposes, Euro - Euro area (changing composition) counterpart",EUR,6
ILM.W.U2.C.A070100.U2.EUR,W,U2,C,A070100,U2,EUR,2019-W01,2645735,A,F,,,P7D,,E,,,,,,,,,0,,Securities held for monetary policy purposes - Eurosystem,"Euro area (changing composition), Eurosystem reporting sector - Securities held for monetary policy purposes, Euro - Euro area (changing composition) counterpart",EUR,6
ILM.W.U2.C.A070100.U2.EUR,W,U2,C,A070100,U2,EUR,2019-W02,2651270,A,F,,,P7D,,E,,,,,,,,,0,,Securities held for monetary policy purposes - Eurosystem,"Euro area (changing composition), Eurosystem reporting sector - Securities held for monetary policy purposes, Euro - Euro area (changing composition) counterpart",EUR,6
ILM.W.U2.C.A070100.U2.EUR,W,U2,C,A070100,U2,EUR,2019-W03,2651190,A,F,,,P7D,,E,,,,,,,,,0,,Securities held for monetary policy purposes - Eurosystem,"Euro area (changing composition), Eurosystem reporting sector - Securities held for monetary policy purposes, Euro - Euro area (changing composition) counterpart",EUR,6
ILM.W.U2.C.A070100.U2.EUR,W,U2,C,A070100,U2,EUR,2019-W04,2651869,A,F,,,P7D,,E,,,,,,,,,0,,Securities held for monetary policy purposes - Eurosystem,"Euro area (changing composition), Eurosystem reporting sector - Securities held for monetary policy purposes, Euro - Euro area (changing composition) counterpart",EUR,6
ILM.W.U2.C.A070100.U2.EUR,W,U2,C,A070100,U2,EUR,2019-W05,2644529,A,F,,,P7D,,E,,,,,,,,,0,,Securities held for monetary policy purposes - Eurosystem,"Euro area (changing composition), Eurosystem reporting sector - Securities held for monetary policy purposes, Euro - Euro area (changing composition) counterpart",EUR,6
ILM.W.U2.C.A070100.U2.EUR,W,U2,C,A070100,U2,EUR,2019-W06,2646756,A,F,,,P7D,,E,,,,,,,,,0,,Securities held for monetary policy purposes - Eurosystem,"Euro area (changing composition), Eurosystem reporting sector - Securities held for monetary policy purposes, Euro - Euro area (changing composition) counterpart",EUR,6
ILM.W.U2.C.A070100.U2.EUR,W,U2,C,A070100,U2,EUR,2019-W07,2649520,A,F,,,P7D,,E,,,,,,,,,0,,Securities held for monetary policy purposes - Eurosystem,"Euro area (changing composition), Eurosystem reporting sector - Securities held for monetary policy purposes, Euro - Euro area (changing composition) counterpart",EUR,6
ILM.W.U2.C.A070100.U2.EUR,W,U2,C,A070100,U2,EUR,2019-W08,2646301,A,F,,,P7D,,E,,,,,,,,,0,,Securities held for monetary policy purposes - Eurosystem,"Euro area (changing composition), Eurosystem reporting sector - Securities held for monetary policy purposes, Euro - Euro area (changing composition) counterpart",EUR,6
ILM.W.U2.C.A070100.U2.EUR,W,U2,C,A070100,U2,EUR,2019-W09,2639725,A,F,,,P7D,,E,,,,,,,,,0,,Securities held for monetary policy purposes - Eurosystem,"Euro area (changing composition), Eurosystem reporting sector - Securities held for monetary policy purposes, Euro - Euro area (changing composition) counterpart",EUR,6
ILM.W.U2.C.A070100.U2.EUR,W,U2,C,A070100,U2,EUR,2019-W10,2643158,A,F,,,P7D,,E,,,,,,,,,0,,Securities held for monetary policy purposes - Eurosystem,"Euro area (changing composition), Eurosystem reporting sector - Securities held for monetary policy purposes, Euro - Euro area (changing composition) counterpart",EUR,6
ILM.W.U2.C.A070100.U2.EUR,W,U2,C,A070100,U2,EUR,2019-W11,2639074,A,F,,,P7D,,E,,,,,,,,,0,,Securities held for monetary policy purposes - Eurosystem,"Euro area (changing composition), Eurosystem reporting sector - Securities held for monetary policy purposes, Euro - Euro area (changing composition) counterpart",EUR,6
ILM.W.U2.C.A070100.U2.EUR,W,U2,C,A070100,U2,EUR,2019-W12,2637125,A,F,,,P7D,,E,,,,,,,,,0,,Securities held for monetary policy purposes - Eurosystem,"Euro area (changing composition), Eurosystem reporting sector - Securities held for monetary policy purposes, Euro - Euro area (changing composition) counterpart",EUR,6
ILM.W.U2.C.A070100.U2.EUR,W,U2,C,A070100,U2,EUR,2019-W13,2629673,A,F,,,P7D,,E,,,,,,,,,0,,Securities held for monetary policy purposes - Eurosystem,"Euro area (changing composition), Eurosystem reporting sector - Securities held for monetary policy purposes, Euro - Euro area (changing composition) counterpart",EUR,6
ILM.W.U2.C.A070100.U2.EUR,W,U2,C,A070100,U2,EUR,2019-W14,2634894.06316176,A,F,,,P7D,,E,,,,,,,,,0,,Securities held for monetary policy purposes - Eurosystem,"Euro area (changing composition), Eurosystem reporting sector - Securities held for monetary policy purposes, Euro - Euro area (changing composition) counterpart",EUR,6
ILM.W.U2.C.A070100.U2.EUR,W,U2,C,A070100,U2,EUR,2019-W15,2634919,A,F,,,P7D,,E,,,,,,,,,0,,Securities held for monetary policy purposes - Eurosystem,"Euro area (changing composition), Eurosystem reporting sector - Securities held for monetary policy purposes, Euro - Euro area (changing composition) counterpart",EUR,6
ILM.W.U2.C.A070100.U2.EUR,W,U2,C,A070100,U2,EUR,2019-W16,2635755,A,F,,,P7D,,E,,,,,,,,,0,,Securities held for monetary policy purposes - Eurosystem,"Euro area (changing composition), Eurosystem reporting sector - Securities held for monetary policy purposes, Euro - Euro area (changing composition) counterpart",EUR,6
ILM.W.U2.C.A070100.U2.EUR,W,U2,C,A070100,U2,EUR,2019-W17,2633675,A,F,,,P7D,,E,,,,,,,,,0,,Securities held for monetary policy purposes - Eurosystem,"Euro area (changing composition), Eurosystem reporting sector - Securities held for monetary policy purposes, Euro - Euro area (changing composition) counterpart",EUR,6
ILM.W.U2.C.A070100.U2.EUR,W,U2,C,A070100,U2,EUR,2019-W18,2624806,A,F,,,P7D,,E,,,,,,,,,0,,Securities held for monetary policy purposes - Eurosystem,"Euro area (changing composition), Eurosystem reporting sector - Securities held for monetary policy purposes, Euro - Euro area (changing composition) counterpart",EUR,6
ILM.W.U2.C.A070100.U2.EUR,W,U2,C,A070100,U2,EUR,2019-W19,2628052,A,F,,,P7D,,E,,,,,,,,,0,,Securities held for monetary policy purposes - Eurosystem,"Euro area (changing composition), Eurosystem reporting sector - Securities held for monetary policy purposes, Euro - Euro area (changing composition) counterpart",EUR,6
ILM.W.U2.C.A070100.U2.EUR,W,U2,C,A070100,U2,EUR,2019-W20,2631216,A,F,,,P7D,,E,,,,,,,,,0,,Securities held for monetary policy purposes - Eurosystem,"Euro area (changing composition), Eurosystem reporting sector - Securities held for monetary policy purposes, Euro - Euro area (changing composition) counterpart",EUR,6
ILM.W.U2.C.A070100.U2.EUR,W,U2,C,A070100,U2,EUR,2019-W21,2634330,A,F,,,P7D,,E,,,,,,,,,0,,Securities held for monetary policy purposes - Eurosystem,"Euro area (changing composition), Eurosystem reporting sector - Securities held for monetary policy purposes, Euro - Euro area (changing composition) counterpart",EUR,6
ILM.W.U2.C.A070100.U2.EUR,W,U2,C,A070100,U2,EUR,2019-W22,2628857,A,F,,,P7D,,E,,,,,,,,,0,,Securities held for monetary policy purposes - Eurosystem,"Euro area (changing composition), Eurosystem reporting sector - Securities held for monetary policy purposes, Euro - Euro area (changing composition) counterpart",EUR,6
ILM.W.U2.C.A070100.U2.EUR,W,U2,C,A070100,U2,EUR,2019-W23,2629978,A,F,,,P7D,,E,,,,,,,,,0,,Securities held for monetary policy purposes - Eurosystem,"Euro area (changing composition), Eurosystem reporting sector - Securities held for monetary policy purposes, Euro - Euro area (changing composition) counterpart",EUR,6
ILM.W.U2.C.A070100.U2.EUR,W,U2,C,A070100,U2,EUR,2019-W24,2624913,A,F,,,P7D,,E,,,,,,,,,0,,Securities held for monetary policy purposes - Eurosystem,"Euro area (changing composition), Eurosystem reporting sector - Securities held for monetary policy purposes, Euro - Euro area (changing composition) counterpart",EUR,6
ILM.W.U2.C.A070100.U2.EUR,W,U2,C,A070100,U2,EUR,2019-W25,2624956,A,F,,,P7D,,E,,,,,,,,,0,,Securities held for monetary policy purposes - Eurosystem,"Euro area (changing composition), Eurosystem reporting sector - Securities held for monetary policy purposes, Euro - Euro area (changing composition) counterpart",EUR,6
ILM.W.U2.C.A070100.U2.EUR,W,U2,C,A070100,U2,EUR,2019-W26,2620288,A,F,,,P7D,,E,,,,,,,,,0,,Securities held for monetary policy purposes - Eurosystem,"Euro area (changing composition), Eurosystem reporting sector - Securities held for monetary policy purposes, Euro - Euro area (changing composition) counterpart",EUR,6
ILM.W.U2.C.A070100.U2.EUR,W,U2,C,A070100,U2,EUR,2019-W27,2615580,A,F,,,P7D,,E,,,,,,,,,0,,Securities held for monetary policy purposes - Eurosystem,"Euro area (changing composition), Eurosystem reporting sector - Securities held for monetary policy purposes, Euro - Euro area (changing composition) counterpart",EUR,6
ILM.W.U2.C.A070100.U2.EUR,W,U2,C,A070100,U2,EUR,2019-W28,2619880,A,F,,,P7D,,E,,,,,,,,,0,,Securities held for monetary policy purposes - Eurosystem,"Euro area (changing composition), Eurosystem reporting sector - Securities held for monetary policy purposes, Euro - Euro area (changing composition) counterpart",EUR,6
ILM.W.U2.C.A070100.U2.EUR,W,U2,C,A070100,U2,EUR,2019-W29,2616050,A,F,,,P7D,,E,,,,,,,,,0,,Securities held for monetary policy purposes - Eurosystem,"Euro area (changing composition), Eurosystem reporting sector - Securities held for monetary policy purposes, Euro - Euro area (changing composition) counterpart",EUR,6
ILM.W.U2.C.A070100.U2.EUR,W,U2,C,A070100,U2,EUR,2019-W30,2617913,A,F,,,P7D,,E,,,,,,,,,0,,Securities held for monetary policy purposes - Eurosystem,"Euro area (changing composition), Eurosystem reporting sector - Securities held for monetary policy purposes, Euro - Euro area (changing composition) counterpart",EUR,6
ILM.W.U2.C.A070100.U2.EUR,W,U2,C,A070100,U2,EUR,2019-W31,2610542,A,F,,,P7D,,E,,,,,,,,,0,,Securities held for monetary policy purposes - Eurosystem,"Euro area (changing composition), Eurosystem reporting sector - Securities held for monetary policy purposes, Euro - Euro area (changing composition) counterpart",EUR,6
ILM.W.U2.C.A070100.U2.EUR,W,U2,C,A070100,U2,EUR,2019-W32,2612247,A,F,,,P7D,,E,,,,,,,,,0,,Securities held for monetary policy purposes - Eurosystem,"Euro area (changing composition), Eurosystem reporting sector - Securities held for monetary policy purposes, Euro - Euro area (changing composition) counterpart",EUR,6
ILM.W.U2.C.A070100.U2.EUR,W,U2,C,A070100,U2,EUR,2019-W33,2612969,A,F,,,P7D,,E,,,,,,,,,0,,Securities held for monetary policy purposes - Eurosystem,"Euro area (changing composition), Eurosystem reporting sector - Securities held for monetary policy purposes, Euro - Euro area (changing composition) counterpart",EUR,6
ILM.W.U2.C.A070100.U2.EUR,W,U2,C,A070100,U2,EUR,2019-W34,2613726,A,F,,,P7D,,E,,,,,,,,,0,,Securities held for monetary policy purposes - Eurosystem,"Euro area (changing composition), Eurosystem reporting sector - Securities held for monetary policy purposes, Euro - Euro area (changing composition) counterpart",EUR,6
ILM.W.U2.C.A070100.U2.EUR,W,U2,C,A070100,U2,EUR,2019-W35,2614240,A,F,,,P7D,,E,,,,,,,,,0,,Securities held for monetary policy purposes - Eurosystem,"Euro area (changing composition), Eurosystem reporting sector - Securities held for monetary policy purposes, Euro - Euro area (changing composition) counterpart",EUR,6
ILM.W.U2.C.A070100.U2.EUR,W,U2,C,A070100,U2,EUR,2019-W36,2612631,A,F,,,P7D,,E,,,,,,,,,0,,Securities held for monetary policy purposes - Eurosystem,"Euro area (changing composition), Eurosystem reporting sector - Securities held for monetary policy purposes, Euro - Euro area (changing composition) counterpart",EUR,6
ILM.W.U2.C.A070100.U2.EUR,W,U2,C,A070100,U2,EUR,2019-W37,2611076,A,F,,,P7D,,E,,,,,,,,,0,,Securities held for monetary policy purposes - Eurosystem,"Euro area (changing composition), Eurosystem reporting sector - Securities held for monetary policy purposes, Euro - Euro area (changing composition) counterpart",EUR,6
ILM.W.U2.C.A070100.U2.EUR,W,U2,C,A070100,U2,EUR,2019-W38,2609934,A,F,,,P7D,,E,,,,,,,,,0,,Securities held for monetary policy purposes - Eurosystem,"Euro area (changing composition), Eurosystem reporting sector - Securities held for monetary policy purposes, Euro - Euro area (changing composition) counterpart",EUR,6
ILM.W.U2.C.A070100.U2.EUR,W,U2,C,A070100,U2,EUR,2019-W39,2612426,A,F,,,P7D,,E,,,,,,,,,0,,Securities held for monetary policy purposes - Eurosystem,"Euro area (changing composition), Eurosystem reporting sector - Securities held for monetary policy purposes, Euro - Euro area (changing composition) counterpart",EUR,6
ILM.W.U2.C.A070100.U2.EUR,W,U2,C,A070100,U2,EUR,2019-W40,2609146,A,F,,,P7D,,E,,,,,,,,,0,,Securities held for monetary policy purposes - Eurosystem,"Euro area (changing composition), Eurosystem reporting sector - Securities held for monetary policy purposes, Euro - Euro area (changing composition) counterpart",EUR,6
ILM.W.U2.C.A070100.U2.EUR,W,U2,C,A070100,U2,EUR,2019-W41,2609919,A,F,,,P7D,,E,,,,,,,,,0,,Securities held for monetary policy purposes - Eurosystem,"Euro area (changing composition), Eurosystem reporting sector - Securities held for monetary policy purposes, Euro - Euro area (changing composition) counterpart",EUR,6
ILM.W.U2.C.A070100.U2.EUR,W,U2,C,A070100,U2,EUR,2019-W42,2606529,A,F,,,P7D,,E,,,,,,,,,0,,Securities held for monetary policy purposes - Eurosystem,"Euro area (changing composition), Eurosystem reporting sector - Securities held for monetary policy purposes, Euro - Euro area (changing composition) counterpart",EUR,6
ILM.W.U2.C.A070100.U2.EUR,W,U2,C,A070100,U2,EUR,2019-W43,2604680,A,F,,,P7D,,E,,,,,,,,,0,,Securities held for monetary policy purposes - Eurosystem,"Euro area (changing composition), Eurosystem reporting sector - Securities held for monetary policy purposes, Euro - Euro area (changing composition) counterpart",EUR,6
ILM.W.U2.C.A070100.U2.EUR,W,U2,C,A070100,U2,EUR,2019-W44,2601954,A,F,,,P7D,,E,,,,,,,,,0,,Securities held for monetary policy purposes - Eurosystem,"Euro area (changing composition), Eurosystem reporting sector - Securities held for monetary policy purposes, Euro - Euro area (changing composition) counterpart",EUR,6
ILM.W.U2.C.A070100.U2.EUR,W,U2,C,A070100,U2,EUR,2019-W45,2610949,A,F,,,P7D,,E,,,,,,,,,0,,Securities held for monetary policy purposes - Eurosystem,"Euro area (changing composition), Eurosystem reporting sector - Securities held for monetary policy purposes, Euro - Euro area (changing composition) counterpart",EUR,6
ILM.W.U2.C.A070100.U2.EUR,W,U2,C,A070100,U2,EUR,2019-W46,2615318,A,F,,,P7D,,E,,,,,,,,,0,,Securities held for monetary policy purposes - Eurosystem,"Euro area (changing composition), Eurosystem reporting sector - Securities held for monetary policy purposes, Euro - Euro area (changing composition) counterpart",EUR,6
ILM.W.U2.C.A070100.U2.EUR,W,U2,C,A070100,U2,EUR,2019-W47,2621921,A,F,,,P7D,,E,,,,,,,,,0,,Securities held for monetary policy purposes - Eurosystem,"Euro area (changing composition), Eurosystem reporting sector - Securities held for monetary policy purposes, Euro - Euro area (changing composition) counterpart",EUR,6
ILM.W.U2.C.A070100.U2.EUR,W,U2,C,A070100,U2,EUR,2019-W48,2623998,A,F,,,P7D,,E,,,,,,,,,0,,Securities held for monetary policy purposes - Eurosystem,"Euro area (changing composition), Eurosystem reporting sector - Securities held for monetary policy purposes, Euro - Euro area (changing composition) counterpart",EUR,6
ILM.W.U2.C.A070100.U2.EUR,W,U2,C,A070100,U2,EUR,2019-W49,2627046,A,F,,,P7D,,E,,,,,,,,,0,,Securities held for monetary policy purposes - Eurosystem,"Euro area (changing composition), Eurosystem reporting sector - Securities held for monetary policy purposes, Euro - Euro area (changing composition) counterpart",EUR,6
ILM.W.U2.C.A070100.U2.EUR,W,U2,C,A070100,U2,EUR,2019-W50,2631985,A,F,,,P7D,,E,,,,,,,,,0,,Securities held for monetary policy purposes - Eurosystem,"Euro area (changing composition), Eurosystem reporting sector - Securities held for monetary policy purposes, Euro - Euro area (changing composition) counterpart",EUR,6
ILM.W.U2.C.A070100.U2.EUR,W,U2,C,A070100,U2,EUR,2019-W51,2639401,A,F,,,P7D,,E,,,,,,,,,0,,Securities held for monetary policy purposes - Eurosystem,"Euro area (changing composition), Eurosystem reporting sector - Securities held for monetary policy purposes, Euro - Euro area (changing composition) counterpart",EUR,6
ILM.W.U2.C.A070100.U2.EUR,W,U2,C,A070100,U2,EUR,2019-W52,2639190,A,F,,,P7D,,E,,,,,,,,,0,,Securities held for monetary policy purposes - Eurosystem,"Euro area (changing composition), Eurosystem reporting sector - Securities held for monetary policy purposes, Euro - Euro area (changing composition) counterpart",EUR,6
ILM.W.U2.C.A070100.U2.EUR,W,U2,C,A070100,U2,EUR,2020-W01,2631887,A,F,,,P7D,,E,,,,,,,,,0,,Securities held for monetary policy purposes - Eurosystem,"Euro area (changing composition), Eurosystem reporting sector - Securities held for monetary policy purposes, Euro - Euro area (changing composition) counterpart",EUR,6
ILM.W.U2.C.A070100.U2.EUR,W,U2,C,A070100,U2,EUR,2020-W02,2636985,A,F,,,P7D,,E,,,,,,,,,0,,Securities held for monetary policy purposes - Eurosystem,"Euro area (changing composition), Eurosystem reporting sector - Securities held for monetary policy purposes, Euro - Euro area (changing composition) counterpart",EUR,6
ILM.W.U2.C.A070100.U2.EUR,W,U2,C,A070100,U2,EUR,2020-W03,2641405,A,F,,,P7D,,E,,,,,,,,,0,,Securities held for monetary policy purposes - Eurosystem,"Euro area (changing composition), Eurosystem reporting sector - Securities held for monetary policy purposes, Euro - Euro area (changing composition) counterpart",EUR,6
ILM.W.U2.C.A070100.U2.EUR,W,U2,C,A070100,U2,EUR,2020-W04,2649279,A,F,,,P7D,,E,,,,,,,,,0,,Securities held for monetary policy purposes - Eurosystem,"Euro area (changing composition), Eurosystem reporting sector - Securities held for monetary policy purposes, Euro - Euro area (changing composition) counterpart",EUR,6
ILM.W.U2.C.A070100.U2.EUR,W,U2,C,A070100,U2,EUR,2020-W05,2652191,A,F,,,P7D,,E,,,,,,,,,0,,Securities held for monetary policy purposes - Eurosystem,"Euro area (changing composition), Eurosystem reporting sector - Securities held for monetary policy purposes, Euro - Euro area (changing composition) counterpart",EUR,6
ILM.W.U2.C.A070100.U2.EUR,W,U2,C,A070100,U2,EUR,2020-W06,2655269,A,F,,,P7D,,E,,,,,,,,,0,,Securities held for monetary policy purposes - Eurosystem,"Euro area (changing composition), Eurosystem reporting sector - Securities held for monetary policy purposes, Euro - Euro area (changing composition) counterpart",EUR,6
ILM.W.U2.C.A070100.U2.EUR,W,U2,C,A070100,U2,EUR,2020-W07,2663057,A,F,,,P7D,,E,,,,,,,,,0,,Securities held for monetary policy purposes - Eurosystem,"Euro area (changing composition), Eurosystem reporting sector - Securities held for monetary policy purposes, Euro - Euro area (changing composition) counterpart",EUR,6
ILM.W.U2.C.A070100.U2.EUR,W,U2,C,A070100,U2,EUR,2020-W08,2669508,A,F,,,P7D,,E,,,,,,,,,0,,Securities held for monetary policy purposes - Eurosystem,"Euro area (changing composition), Eurosystem reporting sector - Securities held for monetary policy purposes, Euro - Euro area (changing composition) counterpart",EUR,6
ILM.W.U2.C.A070100.U2.EUR,W,U2,C,A070100,U2,EUR,2020-W09,2671935,A,F,,,P7D,,E,,,,,,,,,0,,Securities held for monetary policy purposes - Eurosystem,"Euro area (changing composition), Eurosystem reporting sector - Securities held for monetary policy purposes, Euro - Euro area (changing composition) counterpart",EUR,6
ILM.W.U2.C.A070100.U2.EUR,W,U2,C,A070100,U2,EUR,2020-W10,2674724,A,F,,,P7D,,E,,,,,,,,,0,,Securities held for monetary policy purposes - Eurosystem,"Euro area (changing composition), Eurosystem reporting sector - Securities held for monetary policy purposes, Euro - Euro area (changing composition) counterpart",EUR,6
ILM.W.U2.C.A070100.U2.EUR,W,U2,C,A070100,U2,EUR,2020-W11,2680011,A,F,,,P7D,,E,,,,,,,,,0,,Securities held for monetary policy purposes - Eurosystem,"Euro area (changing composition), Eurosystem reporting sector - Securities held for monetary policy purposes, Euro - Euro area (changing composition) counterpart",EUR,6
ILM.W.U2.C.A070100.U2.EUR,W,U2,C,A070100,U2,EUR,2020-W12,2697393,A,F,,,P7D,,E,,,,,,,,,0,,Securities held for monetary policy purposes - Eurosystem,"Euro area (changing composition), Eurosystem reporting sector - Securities held for monetary policy purposes, Euro - Euro area (changing composition) counterpart",EUR,6
ILM.W.U2.C.A070100.U2.EUR,W,U2,C,A070100,U2,EUR,2020-W13,2721018,A,F,,,P7D,,E,,,,,,,,,0,,Securities held for monetary policy purposes - Eurosystem,"Euro area (changing composition), Eurosystem reporting sector - Securities held for monetary policy purposes, Euro - Euro area (changing composition) counterpart",EUR,6
ILM.W.U2.C.A070100.U2.EUR,W,U2,C,A070100,U2,EUR,2020-W14,2754993,A,F,,,P7D,,E,,,,,,,,,0,,Securities held for monetary policy purposes - Eurosystem,"Euro area (changing composition), Eurosystem reporting sector - Securities held for monetary policy purposes, Euro - Euro area (changing composition) counterpart",EUR,6
ILM.W.U2.C.A070100.U2.EUR,W,U2,C,A070100,U2,EUR,2020-W15,2791798,A,F,,,P7D,,E,,,,,,,,,0,,Securities held for monetary policy purposes - Eurosystem,"Euro area (changing composition), Eurosystem reporting sector - Securities held for monetary policy purposes, Euro - Euro area (changing composition) counterpart",EUR,6
ILM.W.U2.C.A070100.U2.EUR,W,U2,C,A070100,U2,EUR,2020-W16,2812311,A,F,,,P7D,,E,,,,,,,,,0,,Securities held for monetary policy purposes - Eurosystem,"Euro area (changing composition), Eurosystem reporting sector - Securities held for monetary policy purposes, Euro - Euro area (changing composition) counterpart",EUR,6
ILM.W.U2.C.A070100.U2.EUR,W,U2,C,A070100,U2,EUR,2020-W17,2846776,A,F,,,P7D,,E,,,,,,,,,0,,Securities held for monetary policy purposes - Eurosystem,"Euro area (changing composition), Eurosystem reporting sector - Securities held for monetary policy purposes, Euro - Euro area (changing composition) counterpart",EUR,6
ILM.W.U2.C.A070100.U2.EUR,W,U2,C,A070100,U2,EUR,2020-W18,2865929,A,F,,,P7D,,E,,,,,,,,,0,,Securities held for monetary policy purposes - Eurosystem,"Euro area (changing composition), Eurosystem reporting sector - Securities held for monetary policy purposes, Euro - Euro area (changing composition) counterpart",EUR,6
ILM.W.U2.C.A070100.U2.EUR,W,U2,C,A070100,U2,EUR,2020-W19,2910758,A,F,,,P7D,,E,,,,,,,,,0,,Securities held for monetary policy purposes - Eurosystem,"Euro area (changing composition), Eurosystem reporting sector - Securities held for monetary policy purposes, Euro - Euro area (changing composition) counterpart",EUR,6
ILM.W.U2.C.A070100.U2.EUR,W,U2,C,A070100,U2,EUR,2020-W20,2954087,A,F,,,P7D,,E,,,,,,,,,0,,Securities held for monetary policy purposes - Eurosystem,"Euro area (changing composition), Eurosystem reporting sector - Securities held for monetary policy purposes, Euro - Euro area (changing composition) counterpart",EUR,6
ILM.W.U2.C.A070100.U2.EUR,W,U2,C,A070100,U2,EUR,2020-W21,2995536,A,F,,,P7D,,E,,,,,,,,,0,,Securities held for monetary policy purposes - Eurosystem,"Euro area (changing composition), Eurosystem reporting sector - Securities held for monetary policy purposes, Euro - Euro area (changing composition) counterpart",EUR,6
ILM.W.U2.C.A070100.U2.EUR,W,U2,C,A070100,U2,EUR,2020-W22,3019918,A,F,,,P7D,,E,,,,,,,,,0,,Securities held for monetary policy purposes - Eurosystem,"Euro area (changing composition), Eurosystem reporting sector - Securities held for monetary policy purposes, Euro - Euro area (changing composition) counterpart",EUR,6
ILM.W.U2.C.A070100.U2.EUR,W,U2,C,A070100,U2,EUR,2020-W23,3058835,A,F,,,P7D,,E,,,,,,,,,0,,Securities held for monetary policy purposes - Eurosystem,"Euro area (changing composition), Eurosystem reporting sector - Securities held for monetary policy purposes, Euro - Euro area (changing composition) counterpart",EUR,6
ILM.W.U2.C.A070100.U2.EUR,W,U2,C,A070100,U2,EUR,2020-W24,3094934,A,F,,,P7D,,E,,,,,,,,,0,,Securities held for monetary policy purposes - Eurosystem,"Euro area (changing composition), Eurosystem reporting sector - Securities held for monetary policy purposes, Euro - Euro area (changing composition) counterpart",EUR,6
ILM.W.U2.C.A070100.U2.EUR,W,U2,C,A070100,U2,EUR,2020-W25,3123202,A,F,,,P7D,,E,,,,,,,,,0,,Securities held for monetary policy purposes - Eurosystem,"Euro area (changing composition), Eurosystem reporting sector - Securities held for monetary policy purposes, Euro - Euro area (changing composition) counterpart",EUR,6
ILM.W.U2.C.A070100.U2.EUR,W,U2,C,A070100,U2,EUR,2020-W26,3162462,A,F,,,P7D,,E,,,,,,,,,0,,Securities held for monetary policy purposes - Eurosystem,"Euro area (changing composition), Eurosystem reporting sector - Securities held for monetary policy purposes, Euro - Euro area (changing composition) counterpart",EUR,6
ILM.W.U2.C.A070100.U2.EUR,W,U2,C,A070100,U2,EUR,2020-W27,3188411,A,F,,,P7D,,E,,,,,,,,,0,,Securities held for monetary policy purposes - Eurosystem,"Euro area (changing composition), Eurosystem reporting sector - Securities held for monetary policy purposes, Euro - Euro area (changing composition) counterpart",EUR,6
ILM.W.U2.C.A070100.U2.EUR,W,U2,C,A070100,U2,EUR,2020-W28,3213480,A,F,,,P7D,,E,,,,,,,,,0,,Securities held for monetary policy purposes - Eurosystem,"Euro area (changing composition), Eurosystem reporting sector - Securities held for monetary policy purposes, Euro - Euro area (changing composition) counterpart",EUR,6
ILM.W.U2.C.A070100.U2.EUR,W,U2,C,A070100,U2,EUR,2020-W29,3232470,A,F,,,P7D,,E,,,,,,,,,0,,Securities held for monetary policy purposes - Eurosystem,"Euro area (changing composition), Eurosystem reporting sector - Securities held for monetary policy purposes, Euro - Euro area (changing composition) counterpart",EUR,6
ILM.W.U2.C.A070100.U2.EUR,W,U2,C,A070100,U2,EUR,2020-W30,3259653,A,F,,,P7D,,E,,,,,,,,,0,,Securities held for monetary policy purposes - Eurosystem,"Euro area (changing composition), Eurosystem reporting sector - Securities held for monetary policy purposes, Euro - Euro area (changing composition) counterpart",EUR,6
ILM.W.U2.C.A070100.U2.EUR,W,U2,C,A070100,U2,EUR,2020-W31,3274697,A,F,,,P7D,,E,,,,,,,,,0,,Securities held for monetary policy purposes - Eurosystem,"Euro area (changing composition), Eurosystem reporting sector - Securities held for monetary policy purposes, Euro - Euro area (changing composition) counterpart",EUR,6
ILM.W.U2.C.A070100.U2.EUR,W,U2,C,A070100,U2,EUR,2020-W32,3296161,A,F,,,P7D,,E,,,,,,,,,0,,Securities held for monetary policy purposes - Eurosystem,"Euro area (changing composition), Eurosystem reporting sector - Securities held for monetary policy purposes, Euro - Euro area (changing composition) counterpart",EUR,6
ILM.W.U2.C.A070100.U2.EUR,W,U2,C,A070100,U2,EUR,2020-W33,3316087,A,F,,,P7D,,E,,,,,,,,,0,,Securities held for monetary policy purposes - Eurosystem,"Euro area (changing composition), Eurosystem reporting sector - Securities held for monetary policy purposes, Euro - Euro area (changing composition) counterpart",EUR,6
ILM.W.U2.C.A070100.U2.EUR,W,U2,C,A070100,U2,EUR,2020-W34,3335266,A,F,,,P7D,,E,,,,,,,,,0,,Securities held for monetary policy purposes - Eurosystem,"Euro area (changing composition), Eurosystem reporting sector - Securities held for monetary policy purposes, Euro - Euro area (changing composition) counterpart",EUR,6
ILM.W.U2.C.A070100.U2.EUR,W,U2,C,A070100,U2,EUR,2020-W35,3351231,A,F,,,P7D,,E,,,,,,,,,0,,Securities held for monetary policy purposes - Eurosystem,"Euro area (changing composition), Eurosystem reporting sector - Securities held for monetary policy purposes, Euro - Euro area (changing composition) counterpart",EUR,6
ILM.W.U2.C.A070100.U2.EUR,W,U2,C,A070100,U2,EUR,2020-W36,3366167,A,F,,,P7D,,E,,,,,,,,,0,,Securities held for monetary policy purposes - Eurosystem,"Euro area (changing composition), Eurosystem reporting sector - Securities held for monetary policy purposes, Euro - Euro area (changing composition) counterpart",EUR,6
ILM.W.U2.C.A070100.U2.EUR,W,U2,C,A070100,U2,EUR,2020-W37,3388232,A,F,,,P7D,,E,,,,,,,,,0,,Securities held for monetary policy purposes - Eurosystem,"Euro area (changing composition), Eurosystem reporting sector - Securities held for monetary policy purposes, Euro - Euro area (changing composition) counterpart",EUR,6
ILM.W.U2.C.A070100.U2.EUR,W,U2,C,A070100,U2,EUR,2020-W38,3412980,A,F,,,P7D,,E,,,,,,,,,0,,Securities held for monetary policy purposes - Eurosystem,"Euro area (changing composition), Eurosystem reporting sector - Securities held for monetary policy purposes, Euro - Euro area (changing composition) counterpart",EUR,6
ILM.W.U2.C.A070100.U2.EUR,W,U2,C,A070100,U2,EUR,2020-W39,3442496,A,F,,,P7D,,E,,,,,,,,,0,,Securities held for monetary policy purposes - Eurosystem,"Euro area (changing composition), Eurosystem reporting sector - Securities held for monetary policy purposes, Euro - Euro area (changing composition) counterpart",EUR,6
ILM.W.U2.C.A070100.U2.EUR,W,U2,C,A070100,U2,EUR,2020-W40,3454455,A,F,,,P7D,,E,,,,,,,,,0,,Securities held for monetary policy purposes - Eurosystem,"Euro area (changing composition), Eurosystem reporting sector - Securities held for monetary policy purposes, Euro - Euro area (changing composition) counterpart",EUR,6
ILM.W.U2.C.A070100.U2.EUR,W,U2,C,A070100,U2,EUR,2020-W41,3478639,A,F,,,P7D,,E,,,,,,,,,0,,Securities held for monetary policy purposes - Eurosystem,"Euro area (changing composition), Eurosystem reporting sector - Securities held for monetary policy purposes, Euro - Euro area (changing composition) counterpart",EUR,6
ILM.W.U2.C.A070100.U2.EUR,W,U2,C,A070100,U2,EUR,2020-W42,3494890,A,F,,,P7D,,E,,,,,,,,,0,,Securities held for monetary policy purposes - Eurosystem,"Euro area (changing composition), Eurosystem reporting sector - Securities held for monetary policy purposes, Euro - Euro area (changing composition) counterpart",EUR,6
ILM.W.U2.C.A070100.U2.EUR,W,U2,C,A070100,U2,EUR,2020-W43,3519144,A,F,,,P7D,,E,,,,,,,,,0,,Securities held for monetary policy purposes - Eurosystem,"Euro area (changing composition), Eurosystem reporting sector - Securities held for monetary policy purposes, Euro - Euro area (changing composition) counterpart",EUR,6
ILM.W.U2.C.A070100.U2.EUR,W,U2,C,A070100,U2,EUR,2020-W44,3529936,A,F,,,P7D,,E,,,,,,,,,0,,Securities held for monetary policy purposes - Eurosystem,"Euro area (changing composition), Eurosystem reporting sector - Securities held for monetary policy purposes, Euro - Euro area (changing composition) counterpart",EUR,6
ILM.W.U2.C.A070100.U2.EUR,W,U2,C,A070100,U2,EUR,2020-W45,3546190,A,F,,,P7D,,E,,,,,,,,,0,,Securities held for monetary policy purposes - Eurosystem,"Euro area (changing composition), Eurosystem reporting sector - Securities held for monetary policy purposes, Euro - Euro area (changing composition) counterpart",EUR,6
ILM.W.U2.C.A070100.U2.EUR,W,U2,C,A070100,U2,EUR,2020-W46,3576021,A,F,,,P7D,,E,,,,,,,,,0,,Securities held for monetary policy purposes - Eurosystem,"Euro area (changing composition), Eurosystem reporting sector - Securities held for monetary policy purposes, Euro - Euro area (changing composition) counterpart",EUR,6
ILM.W.U2.C.A070100.U2.EUR,W,U2,C,A070100,U2,EUR,2020-W47,3607763,A,F,,,P7D,,E,,,,,,,,,0,,Securities held for monetary policy purposes - Eurosystem,"Euro area (changing composition), Eurosystem reporting sector - Securities held for monetary policy purposes, Euro - Euro area (changing composition) counterpart",EUR,6
ILM.W.U2.C.A070100.U2.EUR,W,U2,C,A070100,U2,EUR,2020-W48,3622512,A,F,,,P7D,,E,,,,,,,,,0,,Securities held for monetary policy purposes - Eurosystem,"Euro area (changing composition), Eurosystem reporting sector - Securities held for monetary policy purposes, Euro - Euro area (changing composition) counterpart",EUR,6
ILM.W.U2.C.A070100.U2.EUR,W,U2,C,A070100,U2,EUR,2020-W49,3654374,A,F,,,P7D,,E,,,,,,,,,0,,Securities held for monetary policy purposes - Eurosystem,"Euro area (changing composition), Eurosystem reporting sector - Securities held for monetary policy purposes, Euro - Euro area (changing composition) counterpart",EUR,6
ILM.W.U2.C.A070100.U2.EUR,W,U2,C,A070100,U2,EUR,2020-W50,3681075,A,F,,,P7D,,E,,,,,,,,,0,,Securities held for monetary policy purposes - Eurosystem,"Euro area (changing composition), Eurosystem reporting sector - Securities held for monetary policy purposes, Euro - Euro area (changing composition) counterpart",EUR,6
ILM.W.U2.C.A070100.U2.EUR,W,U2,C,A070100,U2,EUR,2020-W51,3699982,A,F,,,P7D,,E,,,,,,,,,0,,Securities held for monetary policy purposes - Eurosystem,"Euro area (changing composition), Eurosystem reporting sector - Securities held for monetary policy purposes, Euro - Euro area (changing composition) counterpart",EUR,6
ILM.W.U2.C.A070100.U2.EUR,W,U2,C,A070100,U2,EUR,2020-W52,3704857,A,F,,,P7D,,E,,,,,,,,,0,,Securities held for monetary policy purposes - Eurosystem,"Euro area (changing composition), Eurosystem reporting sector - Securities held for monetary policy purposes, Euro - Euro area (changing composition) counterpart",EUR,6
ILM.W.U2.C.A070100.U2.EUR,W,U2,C,A070100,U2,EUR,2020-W53,3694642,A,F,,,P7D,,E,,,,,,,,,0,,Securities held for monetary policy purposes - Eurosystem,"Euro area (changing composition), Eurosystem reporting sector - Securities held for monetary policy purposes, Euro - Euro area (changing composition) counterpart",EUR,6
ILM.W.U2.C.A070100.U2.EUR,W,U2,C,A070100,U2,EUR,2021-W01,3703448,A,F,,,P7D,,E,,,,,,,,,0,,Securities held for monetary policy purposes - Eurosystem,"Euro area (changing composition), Eurosystem reporting sector - Securities held for monetary policy purposes, Euro - Euro area (changing composition) counterpart",EUR,6
ILM.W.U2.C.A070100.U2.EUR,W,U2,C,A070100,U2,EUR,2021-W02,3729380,A,F,,,P7D,,E,,,,,,,,,0,,Securities held for monetary policy purposes - Eurosystem,"Euro area (changing composition), Eurosystem reporting sector - Securities held for monetary policy purposes, Euro - Euro area (changing composition) counterpart",EUR,6
ILM.W.U2.C.A070100.U2.EUR,W,U2,C,A070100,U2,EUR,2021-W03,3746143,A,F,,,P7D,,E,,,,,,,,,0,,Securities held for monetary policy purposes - Eurosystem,"Euro area (changing composition), Eurosystem reporting sector - Securities held for monetary policy purposes, Euro - Euro area (changing composition) counterpart",EUR,6
ILM.W.U2.C.A070100.U2.EUR,W,U2,C,A070100,U2,EUR,2021-W04,3765333,A,F,,,P7D,,E,,,,,,,,,0,,Securities held for monetary policy purposes - Eurosystem,"Euro area (changing composition), Eurosystem reporting sector - Securities held for monetary policy purposes, Euro - Euro area (changing composition) counterpart",EUR,6
ILM.W.U2.C.A070100.U2.EUR,W,U2,C,A070100,U2,EUR,2021-W05,3784107,A,F,,,P7D,,E,,,,,,,,,0,,Securities held for monetary policy purposes - Eurosystem,"Euro area (changing composition), Eurosystem reporting sector - Securities held for monetary policy purposes, Euro - Euro area (changing composition) counterpart",EUR,6
ILM.W.U2.C.A070100.U2.EUR,W,U2,C,A070100,U2,EUR,2021-W06,3809129,A,F,,,P7D,,E,,,,,,,,,0,,Securities held for monetary policy purposes - Eurosystem,"Euro area (changing composition), Eurosystem reporting sector - Securities held for monetary policy purposes, Euro - Euro area (changing composition) counterpart",EUR,6
ILM.W.U2.C.A070100.U2.EUR,W,U2,C,A070100,U2,EUR,2021-W07,3832402,A,F,,,P7D,,E,,,,,,,,,0,,Securities held for monetary policy purposes - Eurosystem,"Euro area (changing composition), Eurosystem reporting sector - Securities held for monetary policy purposes, Euro - Euro area (changing composition) counterpart",EUR,6
ILM.W.U2.C.A070100.U2.EUR,W,U2,C,A070100,U2,EUR,2021-W08,3846077,A,F,,,P7D,,E,,,,,,,,,0,,Securities held for monetary policy purposes - Eurosystem,"Euro area (changing composition), Eurosystem reporting sector - Securities held for monetary policy purposes, Euro - Euro area (changing composition) counterpart",EUR,6
ILM.W.U2.C.A070100.U2.EUR,W,U2,C,A070100,U2,EUR,2021-W09,3858454,A,F,,,P7D,,E,,,,,,,,,0,,Securities held for monetary policy purposes - Eurosystem,"Euro area (changing composition), Eurosystem reporting sector - Securities held for monetary policy purposes, Euro - Euro area (changing composition) counterpart",EUR,6
ILM.W.U2.C.A070100.U2.EUR,W,U2,C,A070100,U2,EUR,2021-W10,3877756,A,F,,,P7D,,E,,,,,,,,,0,,Securities held for monetary policy purposes - Eurosystem,"Euro area (changing composition), Eurosystem reporting sector - Securities held for monetary policy purposes, Euro - Euro area (changing composition) counterpart",EUR,6
ILM.W.U2.C.A070100.U2.EUR,W,U2,C,A070100,U2,EUR,2021-W11,3906430,A,F,,,P7D,,E,,,,,,,,,0,,Securities held for monetary policy purposes - Eurosystem,"Euro area (changing composition), Eurosystem reporting sector - Securities held for monetary policy purposes, Euro - Euro area (changing composition) counterpart",EUR,6
ILM.W.U2.C.A070100.U2.EUR,W,U2,C,A070100,U2,EUR,2021-W12,3930425,A,F,,,P7D,,E,,,,,,,,,0,,Securities held for monetary policy purposes - Eurosystem,"Euro area (changing composition), Eurosystem reporting sector - Securities held for monetary policy purposes, Euro - Euro area (changing composition) counterpart",EUR,6
ILM.W.U2.C.A070100.U2.EUR,W,U2,C,A070100,U2,EUR,2021-W13,3936654,A,F,,,P7D,,E,,,,,,,,,0,,Securities held for monetary policy purposes - Eurosystem,"Euro area (changing composition), Eurosystem reporting sector - Securities held for monetary policy purposes, Euro - Euro area (changing composition) counterpart",EUR,6
ILM.W.U2.C.A070100.U2.EUR,W,U2,C,A070100,U2,EUR,2021-W14,3956817,A,F,,,P7D,,E,,,,,,,,,0,,Securities held for monetary policy purposes - Eurosystem,"Euro area (changing composition), Eurosystem reporting sector - Securities held for monetary policy purposes, Euro - Euro area (changing composition) counterpart",EUR,6
ILM.W.U2.C.A070100.U2.EUR,W,U2,C,A070100,U2,EUR,2021-W15,3973107,A,F,,,P7D,,E,,,,,,,,,0,,Securities held for monetary policy purposes - Eurosystem,"Euro area (changing composition), Eurosystem reporting sector - Securities held for monetary policy purposes, Euro - Euro area (changing composition) counterpart",EUR,6
ILM.W.U2.C.A070100.U2.EUR,W,U2,C,A070100,U2,EUR,2021-W16,4005087,A,F,,,P7D,,E,,,,,,,,,0,,Securities held for monetary policy purposes - Eurosystem,"Euro area (changing composition), Eurosystem reporting sector - Securities held for monetary policy purposes, Euro - Euro area (changing composition) counterpart",EUR,6
ILM.W.U2.C.A070100.U2.EUR,W,U2,C,A070100,U2,EUR,2021-W17,4019929,A,F,,,P7D,,E,,,,,,,,,0,,Securities held for monetary policy purposes - Eurosystem,"Euro area (changing composition), Eurosystem reporting sector - Securities held for monetary policy purposes, Euro - Euro area (changing composition) counterpart",EUR,6
ILM.W.U2.C.A070100.U2.EUR,W,U2,C,A070100,U2,EUR,2021-W18,4044095,A,F,,,P7D,,E,,,,,,,,,0,,Securities held for monetary policy purposes - Eurosystem,"Euro area (changing composition), Eurosystem reporting sector - Securities held for monetary policy purposes, Euro - Euro area (changing composition) counterpart",EUR,6
ILM.W.U2.C.A070100.U2.EUR,W,U2,C,A070100,U2,EUR,2021-W19,4072703,A,F,,,P7D,,E,,,,,,,,,0,,Securities held for monetary policy purposes - Eurosystem,"Euro area (changing composition), Eurosystem reporting sector - Securities held for monetary policy purposes, Euro - Euro area (changing composition) counterpart",EUR,6
ILM.W.U2.C.A070100.U2.EUR,W,U2,C,A070100,U2,EUR,2021-W20,4101165,A,F,,,P7D,,E,,,,,,,,,0,,Securities held for monetary policy purposes - Eurosystem,"Euro area (changing composition), Eurosystem reporting sector - Securities held for monetary policy purposes, Euro - Euro area (changing composition) counterpart",EUR,6
ILM.W.U2.C.A070100.U2.EUR,W,U2,C,A070100,U2,EUR,2021-W21,4116490,A,F,,,P7D,,E,,,,,,,,,0,,Securities held for monetary policy purposes - Eurosystem,"Euro area (changing composition), Eurosystem reporting sector - Securities held for monetary policy purposes, Euro - Euro area (changing composition) counterpart",EUR,6
ILM.W.U2.C.A070100.U2.EUR,W,U2,C,A070100,U2,EUR,2021-W22,4140463,A,F,,,P7D,,E,,,,,,,,,0,,Securities held for monetary policy purposes - Eurosystem,"Euro area (changing composition), Eurosystem reporting sector - Securities held for monetary policy purposes, Euro - Euro area (changing composition) counterpart",EUR,6
ILM.W.U2.C.A070100.U2.EUR,W,U2,C,A070100,U2,EUR,2021-W23,4154017,A,F,,,P7D,,E,,,,,,,,,0,,Securities held for monetary policy purposes - Eurosystem,"Euro area (changing composition), Eurosystem reporting sector - Securities held for monetary policy purposes, Euro - Euro area (changing composition) counterpart",EUR,6
ILM.W.U2.C.A070100.U2.EUR,W,U2,C,A070100,U2,EUR,2021-W24,4182576,A,F,,,P7D,,E,,,,,,,,,0,,Securities held for monetary policy purposes - Eurosystem,"Euro area (changing composition), Eurosystem reporting sector - Securities held for monetary policy purposes, Euro - Euro area (changing composition) counterpart",EUR,6
ILM.W.U2.C.A070100.U2.EUR,W,U2,C,A070100,U2,EUR,2021-W25,4214475,A,F,,,P7D,,E,,,,,,,,,0,,Securities held for monetary policy purposes - Eurosystem,"Euro area (changing composition), Eurosystem reporting sector - Securities held for monetary policy purposes, Euro - Euro area (changing composition) counterpart",EUR,6
ILM.W.U2.C.A070100.U2.EUR,W,U2,C,A070100,U2,EUR,2021-W26,4228233,A,F,,,P7D,,E,,,,,,,,,0,,Securities held for monetary policy purposes - Eurosystem,"Euro area (changing composition), Eurosystem reporting sector - Securities held for monetary policy purposes, Euro - Euro area (changing composition) counterpart",EUR,6
ILM.W.U2.C.A070100.U2.EUR,W,U2,C,A070100,U2,EUR,2021-W27,4252282,A,F,,,P7D,,E,,,,,,,,,0,,Securities held for monetary policy purposes - Eurosystem,"Euro area (changing composition), Eurosystem reporting sector - Securities held for monetary policy purposes, Euro - Euro area (changing composition) counterpart",EUR,6
ILM.W.U2.C.A070100.U2.EUR,W,U2,C,A070100,U2,EUR,2021-W28,4280153,A,F,,,P7D,,E,,,,,,,,,0,,Securities held for monetary policy purposes - Eurosystem,"Euro area (changing composition), Eurosystem reporting sector - Securities held for monetary policy purposes, Euro - Euro area (changing composition) counterpart",EUR,6
ILM.W.U2.C.A070100.U2.EUR,W,U2,C,A070100,U2,EUR,2021-W29,4312960,A,F,,,P7D,,E,,,,,,,,,0,,Securities held for monetary policy purposes - Eurosystem,"Euro area (changing composition), Eurosystem reporting sector - Securities held for monetary policy purposes, Euro - Euro area (changing composition) counterpart",EUR,6
ILM.W.U2.C.A070100.U2.EUR,W,U2,C,A070100,U2,EUR,2021-W30,4321959,A,F,,,P7D,,E,,,,,,,,,0,,Securities held for monetary policy purposes - Eurosystem,"Euro area (changing composition), Eurosystem reporting sector - Securities held for monetary policy purposes, Euro - Euro area (changing composition) counterpart",EUR,6
ILM.W.U2.C.A070100.U2.EUR,W,U2,C,A070100,U2,EUR,2021-W31,4341141.147,A,F,,,P7D,,E,,,,,,,,,0,,Securities held for monetary policy purposes - Eurosystem,"Euro area (changing composition), Eurosystem reporting sector - Securities held for monetary policy purposes, Euro - Euro area (changing composition) counterpart",EUR,6
ILM.W.U2.C.A070100.U2.EUR,W,U2,C,A070100,U2,EUR,2021-W32,4363925,A,F,,,P7D,,E,,,,,,,,,0,,Securities held for monetary policy purposes - Eurosystem,"Euro area (changing composition), Eurosystem reporting sector - Securities held for monetary policy purposes, Euro - Euro area (changing composition) counterpart",EUR,6
ILM.W.U2.C.A070100.U2.EUR,W,U2,C,A070100,U2,EUR,2021-W33,4384639,A,F,,,P7D,,E,,,,,,,,,0,,Securities held for monetary policy purposes - Eurosystem,"Euro area (changing composition), Eurosystem reporting sector - Securities held for monetary policy purposes, Euro - Euro area (changing composition) counterpart",EUR,6
ILM.W.U2.C.A070100.U2.EUR,W,U2,C,A070100,U2,EUR,2021-W34,4398485,A,F,,,P7D,,E,,,,,,,,,0,,Securities held for monetary policy purposes - Eurosystem,"Euro area (changing composition), Eurosystem reporting sector - Securities held for monetary policy purposes, Euro - Euro area (changing composition) counterpart",EUR,6
ILM.W.U2.C.A070100.U2.EUR,W,U2,C,A070100,U2,EUR,2021-W35,4412844,A,F,,,P7D,,E,,,,,,,,,0,,Securities held for monetary policy purposes - Eurosystem,"Euro area (changing composition), Eurosystem reporting sector - Securities held for monetary policy purposes, Euro - Euro area (changing composition) counterpart",EUR,6
ILM.W.U2.C.A070100.U2.EUR,W,U2,C,A070100,U2,EUR,2021-W36,4430684,A,F,,,P7D,,E,,,,,,,,,0,,Securities held for monetary policy purposes - Eurosystem,"Euro area (changing composition), Eurosystem reporting sector - Securities held for monetary policy purposes, Euro - Euro area (changing composition) counterpart",EUR,6
ILM.W.U2.C.A070100.U2.EUR,W,U2,C,A070100,U2,EUR,2021-W37,4452228,A,F,,,P7D,,E,,,,,,,,,0,,Securities held for monetary policy purposes - Eurosystem,"Euro area (changing composition), Eurosystem reporting sector - Securities held for monetary policy purposes, Euro - Euro area (changing composition) counterpart",EUR,6
ILM.W.U2.C.A070100.U2.EUR,W,U2,C,A070100,U2,EUR,2021-W38,4478650,A,F,,,P7D,,E,,,,,,,,,0,,Securities held for monetary policy purposes - Eurosystem,"Euro area (changing composition), Eurosystem reporting sector - Securities held for monetary policy purposes, Euro - Euro area (changing composition) counterpart",EUR,6
ILM.W.U2.C.A070100.U2.EUR,W,U2,C,A070100,U2,EUR,2021-W39,4484193,A,F,,,P7D,,E,,,,,,,,,0,,Securities held for monetary policy purposes - Eurosystem,"Euro area (changing composition), Eurosystem reporting sector - Securities held for monetary policy purposes, Euro - Euro area (changing composition) counterpart",EUR,6
ILM.W.U2.C.A070100.U2.EUR,W,U2,C,A070100,U2,EUR,2021-W40,4507603,A,F,,,P7D,,E,,,,,,,,,0,,Securities held for monetary policy purposes - Eurosystem,"Euro area (changing composition), Eurosystem reporting sector - Securities held for monetary policy purposes, Euro - Euro area (changing composition) counterpart",EUR,6
ILM.W.U2.C.A070100.U2.EUR,W,U2,C,A070100,U2,EUR,2021-W41,4532573,A,F,,,P7D,,E,,,,,,,,,0,,Securities held for monetary policy purposes - Eurosystem,"Euro area (changing composition), Eurosystem reporting sector - Securities held for monetary policy purposes, Euro - Euro area (changing composition) counterpart",EUR,6
ILM.W.U2.C.A070100.U2.EUR,W,U2,C,A070100,U2,EUR,2021-W42,4560739,A,F,,,P7D,,E,,,,,,,,,0,,Securities held for monetary policy purposes - Eurosystem,"Euro area (changing composition), Eurosystem reporting sector - Securities held for monetary policy purposes, Euro - Euro area (changing composition) counterpart",EUR,6
ILM.W.U2.C.A070100.U2.EUR,W,U2,C,A070100,U2,EUR,2021-W43,4568264,A,F,,,P7D,,E,,,,,,,,,0,,Securities held for monetary policy purposes - Eurosystem,"Euro area (changing composition), Eurosystem reporting sector - Securities held for monetary policy purposes, Euro - Euro area (changing composition) counterpart",EUR,6
ILM.W.U2.C.A070100.U2.EUR,W,U2,C,A070100,U2,EUR,2021-W44,4586612,A,F,,,P7D,,E,,,,,,,,,0,,Securities held for monetary policy purposes - Eurosystem,"Euro area (changing composition), Eurosystem reporting sector - Securities held for monetary policy purposes, Euro - Euro area (changing composition) counterpart",EUR,6
ILM.W.U2.C.A070100.U2.EUR,W,U2,C,A070100,U2,EUR,2021-W45,4611120,A,F,,,P7D,,E,,,,,,,,,0,,Securities held for monetary policy purposes - Eurosystem,"Euro area (changing composition), Eurosystem reporting sector - Securities held for monetary policy purposes, Euro - Euro area (changing composition) counterpart",EUR,6
ILM.W.U2.C.A070100.U2.EUR,W,U2,C,A070100,U2,EUR,2021-W46,4640364,A,F,,,P7D,,E,,,,,,,,,0,,Securities held for monetary policy purposes - Eurosystem,"Euro area (changing composition), Eurosystem reporting sector - Securities held for monetary policy purposes, Euro - Euro area (changing composition) counterpart",EUR,6
ILM.W.U2.C.A070100.U2.EUR,W,U2,C,A070100,U2,EUR,2021-W47,4662532,A,F,,,P7D,,E,,,,,,,,,0,,Securities held for monetary policy purposes - Eurosystem,"Euro area (changing composition), Eurosystem reporting sector - Securities held for monetary policy purposes, Euro - Euro area (changing composition) counterpart",EUR,6
ILM.W.U2.C.A070100.U2.EUR,W,U2,C,A070100,U2,EUR,2021-W48,4675984,A,F,,,P7D,,E,,,,,,,,,0,,Securities held for monetary policy purposes - Eurosystem,"Euro area (changing composition), Eurosystem reporting sector - Securities held for monetary policy purposes, Euro - Euro area (changing composition) counterpart",EUR,6
ILM.W.U2.C.A070100.U2.EUR,W,U2,C,A070100,U2,EUR,2021-W49,4699883,A,F,,,P7D,,E,,,,,,,,,0,,Securities held for monetary policy purposes - Eurosystem,"Euro area (changing composition), Eurosystem reporting sector - Securities held for monetary policy purposes, Euro - Euro area (changing composition) counterpart",EUR,6
ILM.W.U2.C.A070100.U2.EUR,W,U2,C,A070100,U2,EUR,2021-W50,4713719,A,F,,,P7D,,E,,,,,,,,,0,,Securities held for monetary policy purposes - Eurosystem,"Euro area (changing composition), Eurosystem reporting sector - Securities held for monetary policy purposes, Euro - Euro area (changing composition) counterpart",EUR,6
ILM.W.U2.C.A070100.U2.EUR,W,U2,C,A070100,U2,EUR,2021-W51,4723797,A,F,,,P7D,,E,,,,,,,,,0,,Securities held for monetary policy purposes - Eurosystem,"Euro area (changing composition), Eurosystem reporting sector - Securities held for monetary policy purposes, Euro - Euro area (changing composition) counterpart",EUR,6
ILM.W.U2.C.A070100.U2.EUR,W,U2,C,A070100,U2,EUR,2021-W52,4713478,A,F,,,P7D,,E,,,,,,,,,0,,Securities held for monetary policy purposes - Eurosystem,"Euro area (changing composition), Eurosystem reporting sector - Securities held for monetary policy purposes, Euro - Euro area (changing composition) counterpart",EUR,6
ILM.W.U2.C.A070100.U2.EUR,W,U2,C,A070100,U2,EUR,2022-W01,4723123,A,F,,,P7D,,E,,,,,,,,,0,,Securities held for monetary policy purposes - Eurosystem,"Euro area (changing composition), Eurosystem reporting sector - Securities held for monetary policy purposes, Euro - Euro area (changing composition) counterpart",EUR,6
ILM.W.U2.C.A070100.U2.EUR,W,U2,C,A070100,U2,EUR,2022-W02,4748670,A,F,,,P7D,,E,,,,,,,,,0,,Securities held for monetary policy purposes - Eurosystem,"Euro area (changing composition), Eurosystem reporting sector - Securities held for monetary policy purposes, Euro - Euro area (changing composition) counterpart",EUR,6
ILM.W.U2.C.A070100.U2.EUR,W,U2,C,A070100,U2,EUR,2022-W03,4761333,A,F,,,P7D,,E,,,,,,,,,0,,Securities held for monetary policy purposes - Eurosystem,"Euro area (changing composition), Eurosystem reporting sector - Securities held for monetary policy purposes, Euro - Euro area (changing composition) counterpart",EUR,6
ILM.W.U2.C.A070100.U2.EUR,W,U2,C,A070100,U2,EUR,2022-W04,4783364,A,F,,,P7D,,E,,,,,,,,,0,,Securities held for monetary policy purposes - Eurosystem,"Euro area (changing composition), Eurosystem reporting sector - Securities held for monetary policy purposes, Euro - Euro area (changing composition) counterpart",EUR,6
ILM.W.U2.C.A070100.U2.EUR,W,U2,C,A070100,U2,EUR,2022-W05,4800273,A,F,,,P7D,,E,,,,,,,,,0,,Securities held for monetary policy purposes - Eurosystem,"Euro area (changing composition), Eurosystem reporting sector - Securities held for monetary policy purposes, Euro - Euro area (changing composition) counterpart",EUR,6
ILM.W.U2.C.A070100.U2.EUR,W,U2,C,A070100,U2,EUR,2022-W06,4820172,A,F,,,P7D,,E,,,,,,,,,0,,Securities held for monetary policy purposes - Eurosystem,"Euro area (changing composition), Eurosystem reporting sector - Securities held for monetary policy purposes, Euro - Euro area (changing composition) counterpart",EUR,6
ILM.W.U2.C.A070100.U2.EUR,W,U2,C,A070100,U2,EUR,2022-W07,4836866,A,F,,,P7D,,E,,,,,,,,,0,,Securities held for monetary policy purposes - Eurosystem,"Euro area (changing composition), Eurosystem reporting sector - Securities held for monetary policy purposes, Euro - Euro area (changing composition) counterpart",EUR,6
ILM.W.U2.C.A070100.U2.EUR,W,U2,C,A070100,U2,EUR,2022-W08,4839449,A,F,,,P7D,,E,,,,,,,,,0,,Securities held for monetary policy purposes - Eurosystem,"Euro area (changing composition), Eurosystem reporting sector - Securities held for monetary policy purposes, Euro - Euro area (changing composition) counterpart",EUR,6
ILM.W.U2.C.A070100.U2.EUR,W,U2,C,A070100,U2,EUR,2022-W09,4848748,A,F,,,P7D,,E,,,,,,,,,0,,Securities held for monetary policy purposes - Eurosystem,"Euro area (changing composition), Eurosystem reporting sector - Securities held for monetary policy purposes, Euro - Euro area (changing composition) counterpart",EUR,6
ILM.W.U2.C.A070100.U2.EUR,W,U2,C,A070100,U2,EUR,2022-W10,4862394,A,F,,,P7D,,E,,,,,,,,,0,,Securities held for monetary policy purposes - Eurosystem,"Euro area (changing composition), Eurosystem reporting sector - Securities held for monetary policy purposes, Euro - Euro area (changing composition) counterpart",EUR,6
ILM.W.U2.C.A070100.U2.EUR,W,U2,C,A070100,U2,EUR,2022-W11,4873057,A,F,,,P7D,,E,,,,,,,,,0,,Securities held for monetary policy purposes - Eurosystem,"Euro area (changing composition), Eurosystem reporting sector - Securities held for monetary policy purposes, Euro - Euro area (changing composition) counterpart",EUR,6
ILM.W.U2.C.A070100.U2.EUR,W,U2,C,A070100,U2,EUR,2022-W12,4883686,A,F,,,P7D,,E,,,,,,,,,0,,Securities held for monetary policy purposes - Eurosystem,"Euro area (changing composition), Eurosystem reporting sector - Securities held for monetary policy purposes, Euro - Euro area (changing composition) counterpart",EUR,6
ILM.W.U2.C.A070100.U2.EUR,W,U2,C,A070100,U2,EUR,2022-W13,4877500,A,F,,,P7D,,E,,,,,,,,,0,,Securities held for monetary policy purposes - Eurosystem,"Euro area (changing composition), Eurosystem reporting sector - Securities held for monetary policy purposes, Euro - Euro area (changing composition) counterpart",EUR,6
ILM.W.U2.C.A070100.U2.EUR,W,U2,C,A070100,U2,EUR,2022-W14,4892628,A,F,,,P7D,,E,,,,,,,,,0,,Securities held for monetary policy purposes - Eurosystem,"Euro area (changing composition), Eurosystem reporting sector - Securities held for monetary policy purposes, Euro - Euro area (changing composition) counterpart",EUR,6
ILM.W.U2.C.A070100.U2.EUR,W,U2,C,A070100,U2,EUR,2022-W15,4914121,A,F,,,P7D,,E,,,,,,,,,0,,Securities held for monetary policy purposes - Eurosystem,"Euro area (changing composition), Eurosystem reporting sector - Securities held for monetary policy purposes, Euro - Euro area (changing composition) counterpart",EUR,6
ILM.W.U2.C.A070100.U2.EUR,W,U2,C,A070100,U2,EUR,2022-W16,4915320,A,F,,,P7D,,E,,,,,,,,,0,,Securities held for monetary policy purposes - Eurosystem,"Euro area (changing composition), Eurosystem reporting sector - Securities held for monetary policy purposes, Euro - Euro area (changing composition) counterpart",EUR,6
ILM.W.U2.C.A070100.U2.EUR,W,U2,C,A070100,U2,EUR,2022-W17,4919153,A,F,,,P7D,,E,,,,,,,,,0,,Securities held for monetary policy purposes - Eurosystem,"Euro area (changing composition), Eurosystem reporting sector - Securities held for monetary policy purposes, Euro - Euro area (changing composition) counterpart",EUR,6
ILM.W.U2.C.A070100.U2.EUR,W,U2,C,A070100,U2,EUR,2022-W18,4927793,A,F,,,P7D,,E,,,,,,,,,0,,Securities held for monetary policy purposes - Eurosystem,"Euro area (changing composition), Eurosystem reporting sector - Securities held for monetary policy purposes, Euro - Euro area (changing composition) counterpart",EUR,6
ILM.W.U2.C.A070100.U2.EUR,W,U2,C,A070100,U2,EUR,2022-W19,4940617,A,F,,,P7D,,E,,,,,,,,,0,,Securities held for monetary policy purposes - Eurosystem,"Euro area (changing composition), Eurosystem reporting sector - Securities held for monetary policy purposes, Euro - Euro area (changing composition) counterpart",EUR,6
ILM.W.U2.C.A070100.U2.EUR,W,U2,C,A070100,U2,EUR,2022-W20,4949440,A,F,,,P7D,,E,,,,,,,,,0,,Securities held for monetary policy purposes - Eurosystem,"Euro area (changing composition), Eurosystem reporting sector - Securities held for monetary policy purposes, Euro - Euro area (changing composition) counterpart",EUR,6
ILM.W.U2.C.A070100.U2.EUR,W,U2,C,A070100,U2,EUR,2022-W21,4952651,A,F,,,P7D,,E,,,,,,,,,0,,Securities held for monetary policy purposes - Eurosystem,"Euro area (changing composition), Eurosystem reporting sector - Securities held for monetary policy purposes, Euro - Euro area (changing composition) counterpart",EUR,6
ILM.W.U2.C.A070100.U2.EUR,W,U2,C,A070100,U2,EUR,2022-W22,4954460,A,F,,,P7D,,E,,,,,,,,,0,,Securities held for monetary policy purposes - Eurosystem,"Euro area (changing composition), Eurosystem reporting sector - Securities held for monetary policy purposes, Euro - Euro area (changing composition) counterpart",EUR,6
ILM.W.U2.C.A070100.U2.EUR,W,U2,C,A070100,U2,EUR,2022-W23,4956140,A,F,,,P7D,,E,,,,,,,,,0,,Securities held for monetary policy purposes - Eurosystem,"Euro area (changing composition), Eurosystem reporting sector - Securities held for monetary policy purposes, Euro - Euro area (changing composition) counterpart",EUR,6
ILM.W.U2.C.A070100.U2.EUR,W,U2,C,A070100,U2,EUR,2022-W24,4959185,A,F,,,P7D,,E,,,,,,,,,0,,Securities held for monetary policy purposes - Eurosystem,"Euro area (changing composition), Eurosystem reporting sector - Securities held for monetary policy purposes, Euro - Euro area (changing composition) counterpart",EUR,6
ILM.W.U2.C.A070100.U2.EUR,W,U2,C,A070100,U2,EUR,2022-W25,4963708,A,F,,,P7D,,E,,,,,,,,,0,,Securities held for monetary policy purposes - Eurosystem,"Euro area (changing composition), Eurosystem reporting sector - Securities held for monetary policy purposes, Euro - Euro area (changing composition) counterpart",EUR,6
ILM.W.U2.C.A070100.U2.EUR,W,U2,C,A070100,U2,EUR,2022-W26,4963479,A,F,,,P7D,,E,,,,,,,,,0,,Securities held for monetary policy purposes - Eurosystem,"Euro area (changing composition), Eurosystem reporting sector - Securities held for monetary policy purposes, Euro - Euro area (changing composition) counterpart",EUR,6
ILM.W.U2.C.A070100.U2.EUR,W,U2,C,A070100,U2,EUR,2022-W27,4956883,A,F,,,P7D,,E,,,,,,,,,0,,Securities held for monetary policy purposes - Eurosystem,"Euro area (changing composition), Eurosystem reporting sector - Securities held for monetary policy purposes, Euro - Euro area (changing composition) counterpart",EUR,6
ILM.W.U2.C.A070100.U2.EUR,W,U2,C,A070100,U2,EUR,2022-W28,4953862,A,F,,,P7D,,E,,,,,,,,,0,,Securities held for monetary policy purposes - Eurosystem,"Euro area (changing composition), Eurosystem reporting sector - Securities held for monetary policy purposes, Euro - Euro area (changing composition) counterpart",EUR,6
ILM.W.U2.C.A070100.U2.EUR,W,U2,C,A070100,U2,EUR,2022-W29,4956687,A,F,,,P7D,,E,,,,,,,,,0,,Securities held for monetary policy purposes - Eurosystem,"Euro area (changing composition), Eurosystem reporting sector - Securities held for monetary policy purposes, Euro - Euro area (changing composition) counterpart",EUR,6
ILM.W.U2.C.A070100.U2.EUR,W,U2,C,A070100,U2,EUR,2022-W30,4958861,A,F,,,P7D,,E,,,,,,,,,0,,Securities held for monetary policy purposes - Eurosystem,"Euro area (changing composition), Eurosystem reporting sector - Securities held for monetary policy purposes, Euro - Euro area (changing composition) counterpart",EUR,6
ILM.W.U2.C.A070100.U2.EUR,W,U2,C,A070100,U2,EUR,2022-W31,4952164,A,F,,,P7D,,E,,,,,,,,,0,,Securities held for monetary policy purposes - Eurosystem,"Euro area (changing composition), Eurosystem reporting sector - Securities held for monetary policy purposes, Euro - Euro area (changing composition) counterpart",EUR,6
ILM.W.U2.C.A070100.U2.EUR,W,U2,C,A070100,U2,EUR,2022-W32,4953355,A,F,,,P7D,,E,,,,,,,,,0,,Securities held for monetary policy purposes - Eurosystem,"Euro area (changing composition), Eurosystem reporting sector - Securities held for monetary policy purposes, Euro - Euro area (changing composition) counterpart",EUR,6
ILM.W.U2.C.A070100.U2.EUR,W,U2,C,A070100,U2,EUR,2022-W33,4956661,A,F,,,P7D,,E,,,,,,,,,0,,Securities held for monetary policy purposes - Eurosystem,"Euro area (changing composition), Eurosystem reporting sector - Securities held for monetary policy purposes, Euro - Euro area (changing composition) counterpart",EUR,6
ILM.W.U2.C.A070100.U2.EUR,W,U2,C,A070100,U2,EUR,2022-W34,4955485,A,F,,,P7D,,E,,,,,,,,,0,,Securities held for monetary policy purposes - Eurosystem,"Euro area (changing composition), Eurosystem reporting sector - Securities held for monetary policy purposes, Euro - Euro area (changing composition) counterpart",EUR,6
ILM.W.U2.C.A070100.U2.EUR,W,U2,C,A070100,U2,EUR,2022-W35,4956492,A,F,,,P7D,,E,,,,,,,,,0,,Securities held for monetary policy purposes - Eurosystem,"Euro area (changing composition), Eurosystem reporting sector - Securities held for monetary policy purposes, Euro - Euro area (changing composition) counterpart",EUR,6
ILM.W.U2.C.A070100.U2.EUR,W,U2,C,A070100,U2,EUR,2022-W36,4955256,A,F,,,P7D,,E,,,,,,,,,0,,Securities held for monetary policy purposes - Eurosystem,"Euro area (changing composition), Eurosystem reporting sector - Securities held for monetary policy purposes, Euro - Euro area (changing composition) counterpart",EUR,6
ILM.W.U2.C.A070100.U2.EUR,W,U2,C,A070100,U2,EUR,2022-W37,4945694,A,F,,,P7D,,E,,,,,,,,,0,,Securities held for monetary policy purposes - Eurosystem,"Euro area (changing composition), Eurosystem reporting sector - Securities held for monetary policy purposes, Euro - Euro area (changing composition) counterpart",EUR,6
ILM.W.U2.C.A070100.U2.EUR,W,U2,C,A070100,U2,EUR,2022-W38,4949864,A,F,,,P7D,,E,,,,,,,,,0,,Securities held for monetary policy purposes - Eurosystem,"Euro area (changing composition), Eurosystem reporting sector - Securities held for monetary policy purposes, Euro - Euro area (changing composition) counterpart",EUR,6
ILM.W.U2.C.A070100.U2.EUR,W,U2,C,A070100,U2,EUR,2022-W39,4943021,A,F,,,P7D,,E,,,,,,,,,0,,Securities held for monetary policy purposes - Eurosystem,"Euro area (changing composition), Eurosystem reporting sector - Securities held for monetary policy purposes, Euro - Euro area (changing composition) counterpart",EUR,6
ILM.W.U2.C.A070100.U2.EUR,W,U2,C,A070100,U2,EUR,2022-W40,4943640,A,F,,,P7D,,E,,,,,,,,,0,,Securities held for monetary policy purposes - Eurosystem,"Euro area (changing composition), Eurosystem reporting sector - Securities held for monetary policy purposes, Euro - Euro area (changing composition) counterpart",EUR,6
ILM.W.U2.C.A070100.U2.EUR,W,U2,C,A070100,U2,EUR,2022-W41,4953312,A,F,,,P7D,,E,,,,,,,,,0,,Securities held for monetary policy purposes - Eurosystem,"Euro area (changing composition), Eurosystem reporting sector - Securities held for monetary policy purposes, Euro - Euro area (changing composition) counterpart",EUR,6
ILM.W.U2.C.A070100.U2.EUR,W,U2,C,A070100,U2,EUR,2022-W42,4950956,A,F,,,P7D,,E,,,,,,,,,0,,Securities held for monetary policy purposes - Eurosystem,"Euro area (changing composition), Eurosystem reporting sector - Securities held for monetary policy purposes, Euro - Euro area (changing composition) counterpart",EUR,6
ILM.W.U2.C.A070100.U2.EUR,W,U2,C,A070100,U2,EUR,2022-W43,4946862,A,F,,,P7D,,E,,,,,,,,,0,,Securities held for monetary policy purposes - Eurosystem,"Euro area (changing composition), Eurosystem reporting sector - Securities held for monetary policy purposes, Euro - Euro area (changing composition) counterpart",EUR,6
ILM.W.U2.C.A070100.U2.EUR,W,U2,C,A070100,U2,EUR,2022-W44,4942053,A,F,,,P7D,,E,,,,,,,,,0,,Securities held for monetary policy purposes - Eurosystem,"Euro area (changing composition), Eurosystem reporting sector - Securities held for monetary policy purposes, Euro - Euro area (changing composition) counterpart",EUR,6
ILM.W.U2.C.A070100.U2.EUR,W,U2,C,A070100,U2,EUR,2022-W45,4945131,A,F,,,P7D,,E,,,,,,,,,0,,Securities held for monetary policy purposes - Eurosystem,"Euro area (changing composition), Eurosystem reporting sector - Securities held for monetary policy purposes, Euro - Euro area (changing composition) counterpart",EUR,6
ILM.W.U2.C.A070100.U2.EUR,W,U2,C,A070100,U2,EUR,2022-W46,4949814,A,F,,,P7D,,E,,,,,,,,,0,,Securities held for monetary policy purposes - Eurosystem,"Euro area (changing composition), Eurosystem reporting sector - Securities held for monetary policy purposes, Euro - Euro area (changing composition) counterpart",EUR,6
ILM.W.U2.C.A070100.U2.EUR,W,U2,C,A070100,U2,EUR,2022-W47,4944304,A,F,,,P7D,,E,,,,,,,,,0,,Securities held for monetary policy purposes - Eurosystem,"Euro area (changing composition), Eurosystem reporting sector - Securities held for monetary policy purposes, Euro - Euro area (changing composition) counterpart",EUR,6
ILM.W.U2.C.A070100.U2.EUR,W,U2,C,A070100,U2,EUR,2022-W48,4946337,A,F,,,P7D,,E,,,,,,,,,0,,Securities held for monetary policy purposes - Eurosystem,"Euro area (changing composition), Eurosystem reporting sector - Securities held for monetary policy purposes, Euro - Euro area (changing composition) counterpart",EUR,6
ILM.W.U2.C.A070100.U2.EUR,W,U2,C,A070100,U2,EUR,2022-W49,4952318,A,F,,,P7D,,E,,,,,,,,,0,,Securities held for monetary policy purposes - Eurosystem,"Euro area (changing composition), Eurosystem reporting sector - Securities held for monetary policy purposes, Euro - Euro area (changing composition) counterpart",EUR,6
ILM.W.U2.C.A070100.U2.EUR,W,U2,C,A070100,U2,EUR,2022-W50,4940790,A,F,,,P7D,,E,,,,,,,,,0,,Securities held for monetary policy purposes - Eurosystem,"Euro area (changing composition), Eurosystem reporting sector - Securities held for monetary policy purposes, Euro - Euro area (changing composition) counterpart",EUR,6
ILM.W.U2.C.A070100.U2.EUR,W,U2,C,A070100,U2,EUR,2022-W51,4944054,A,F,,,P7D,,E,,,,,,,,,0,,Securities held for monetary policy purposes - Eurosystem,"Euro area (changing composition), Eurosystem reporting sector - Securities held for monetary policy purposes, Euro - Euro area (changing composition) counterpart",EUR,6
ILM.W.U2.C.A070100.U2.EUR,W,U2,C,A070100,U2,EUR,2022-W52,4937199,A,F,,,P7D,,E,,,,,,,,,0,,Securities held for monetary policy purposes - Eurosystem,"Euro area (changing composition), Eurosystem reporting sector - Securities held for monetary policy purposes, Euro - Euro area (changing composition) counterpart",EUR,6
ILM.W.U2.C.A070100.U2.EUR,W,U2,C,A070100,U2,EUR,2023-W01,4942284,A,F,,,P7D,,E,,,,,,,,,0,,Securities held for monetary policy purposes - Eurosystem,"Euro area (changing composition), Eurosystem reporting sector - Securities held for monetary policy purposes, Euro - Euro area (changing composition) counterpart",EUR,6
ILM.W.U2.C.A070100.U2.EUR,W,U2,C,A070100,U2,EUR,2023-W02,4949719,A,F,,,P7D,,E,,,,,,,,,0,,Securities held for monetary policy purposes - Eurosystem,"Euro area (changing composition), Eurosystem reporting sector - Securities held for monetary policy purposes, Euro - Euro area (changing composition) counterpart",EUR,6
ILM.W.U2.C.A070100.U2.EUR,W,U2,C,A070100,U2,EUR,2023-W03,4938351,A,F,,,P7D,,E,,,,,,,,,0,,Securities held for monetary policy purposes - Eurosystem,"Euro area (changing composition), Eurosystem reporting sector - Securities held for monetary policy purposes, Euro - Euro area (changing composition) counterpart",EUR,6
ILM.W.U2.C.A070100.U2.EUR,W,U2,C,A070100,U2,EUR,2023-W04,4945147,A,F,,,P7D,,E,,,,,,,,,0,,Securities held for monetary policy purposes - Eurosystem,"Euro area (changing composition), Eurosystem reporting sector - Securities held for monetary policy purposes, Euro - Euro area (changing composition) counterpart",EUR,6
ILM.W.U2.C.A070100.U2.EUR,W,U2,C,A070100,U2,EUR,2023-W05,4940606,A,F,,,P7D,,E,,,,,,,,,0,,Securities held for monetary policy purposes - Eurosystem,"Euro area (changing composition), Eurosystem reporting sector - Securities held for monetary policy purposes, Euro - Euro area (changing composition) counterpart",EUR,6
ILM.W.U2.C.A070100.U2.EUR,W,U2,C,A070100,U2,EUR,2023-W06,4945207,A,F,,,P7D,,E,,,,,,,,,0,,Securities held for monetary policy purposes - Eurosystem,"Euro area (changing composition), Eurosystem reporting sector - Securities held for monetary policy purposes, Euro - Euro area (changing composition) counterpart",EUR,6
ILM.W.U2.C.A070100.U2.EUR,W,U2,C,A070100,U2,EUR,2023-W07,4942562,A,F,,,P7D,,E,,,,,,,,,0,,Securities held for monetary policy purposes - Eurosystem,"Euro area (changing composition), Eurosystem reporting sector - Securities held for monetary policy purposes, Euro - Euro area (changing composition) counterpart",EUR,6
ILM.W.U2.C.A070100.U2.EUR,W,U2,C,A070100,U2,EUR,2023-W08,4942856,A,F,,,P7D,,E,,,,,,,,,0,,Securities held for monetary policy purposes - Eurosystem,"Euro area (changing composition), Eurosystem reporting sector - Securities held for monetary policy purposes, Euro - Euro area (changing composition) counterpart",EUR,6
ILM.W.U2.C.A070100.U2.EUR,W,U2,C,A070100,U2,EUR,2023-W09,4937643,A,F,,,P7D,,E,,,,,,,,,0,,Securities held for monetary policy purposes - Eurosystem,"Euro area (changing composition), Eurosystem reporting sector - Securities held for monetary policy purposes, Euro - Euro area (changing composition) counterpart",EUR,6
ILM.W.U2.C.A070100.U2.EUR,W,U2,C,A070100,U2,EUR,2023-W10,4936352,A,F,,,P7D,,E,,,,,,,,,0,,Securities held for monetary policy purposes - Eurosystem,"Euro area (changing composition), Eurosystem reporting sector - Securities held for monetary policy purposes, Euro - Euro area (changing composition) counterpart",EUR,6
ILM.W.U2.C.A070100.U2.EUR,W,U2,C,A070100,U2,EUR,2023-W11,4930103,A,F,,,P7D,,E,,,,,,,,,0,,Securities held for monetary policy purposes - Eurosystem,"Euro area (changing composition), Eurosystem reporting sector - Securities held for monetary policy purposes, Euro - Euro area (changing composition) counterpart",EUR,6
ILM.W.U2.C.A070100.U2.EUR,W,U2,C,A070100,U2,EUR,2023-W12,4928183,A,F,,,P7D,,E,,,,,,,,,0,,Securities held for monetary policy purposes - Eurosystem,"Euro area (changing composition), Eurosystem reporting sector - Securities held for monetary policy purposes, Euro - Euro area (changing composition) counterpart",EUR,6
ILM.W.U2.C.A070100.U2.EUR,W,U2,C,A070100,U2,EUR,2023-W13,4909661,A,F,,,P7D,,E,,,,,,,,,0,,Securities held for monetary policy purposes - Eurosystem,"Euro area (changing composition), Eurosystem reporting sector - Securities held for monetary policy purposes, Euro - Euro area (changing composition) counterpart",EUR,6
ILM.W.U2.C.A070100.U2.EUR,W,U2,C,A070100,U2,EUR,2023-W14,4914784,A,F,,,P7D,,E,,,,,,,,,0,,Securities held for monetary policy purposes - Eurosystem,"Euro area (changing composition), Eurosystem reporting sector - Securities held for monetary policy purposes, Euro - Euro area (changing composition) counterpart",EUR,6
ILM.W.U2.C.A070100.U2.EUR,W,U2,C,A070100,U2,EUR,2023-W15,4905057,A,F,,,P7D,,E,,,,,,,,,0,,Securities held for monetary policy purposes - Eurosystem,"Euro area (changing composition), Eurosystem reporting sector - Securities held for monetary policy purposes, Euro - Euro area (changing composition) counterpart",EUR,6
ILM.W.U2.C.A070100.U2.EUR,W,U2,C,A070100,U2,EUR,2023-W16,4894980,A,F,,,P7D,,E,,,,,,,,,0,,Securities held for monetary policy purposes - Eurosystem,"Euro area (changing composition), Eurosystem reporting sector - Securities held for monetary policy purposes, Euro - Euro area (changing composition) counterpart",EUR,6
ILM.W.U2.C.A070100.U2.EUR,W,U2,C,A070100,U2,EUR,2023-W17,4895702,A,F,,,P7D,,E,,,,,,,,,0,,Securities held for monetary policy purposes - Eurosystem,"Euro area (changing composition), Eurosystem reporting sector - Securities held for monetary policy purposes, Euro - Euro area (changing composition) counterpart",EUR,6
ILM.W.U2.C.A070100.U2.EUR,W,U2,C,A070100,U2,EUR,2023-W18,4892472,A,F,,,P7D,,E,,,,,,,,,0,,Securities held for monetary policy purposes - Eurosystem,"Euro area (changing composition), Eurosystem reporting sector - Securities held for monetary policy purposes, Euro - Euro area (changing composition) counterpart",EUR,6
ILM.W.U2.C.A070100.U2.EUR,W,U2,C,A070100,U2,EUR,2023-W19,4900131,A,F,,,P7D,,E,,,,,,,,,0,,Securities held for monetary policy purposes - Eurosystem,"Euro area (changing composition), Eurosystem reporting sector - Securities held for monetary policy purposes, Euro - Euro area (changing composition) counterpart",EUR,6
ILM.W.U2.C.A070100.U2.EUR,W,U2,C,A070100,U2,EUR,2023-W20,4895189,A,F,,,P7D,,E,,,,,,,,,0,,Securities held for monetary policy purposes - Eurosystem,"Euro area (changing composition), Eurosystem reporting sector - Securities held for monetary policy purposes, Euro - Euro area (changing composition) counterpart",EUR,6
ILM.W.U2.C.A070100.U2.EUR,W,U2,C,A070100,U2,EUR,2023-W21,4879321,A,F,,,P7D,,E,,,,,,,,,0,,Securities held for monetary policy purposes - Eurosystem,"Euro area (changing composition), Eurosystem reporting sector - Securities held for monetary policy purposes, Euro - Euro area (changing composition) counterpart",EUR,6
ILM.W.U2.C.A070100.U2.EUR,W,U2,C,A070100,U2,EUR,2023-W22,4881088,A,F,,,P7D,,E,,,,,,,,,0,,Securities held for monetary policy purposes - Eurosystem,"Euro area (changing composition), Eurosystem reporting sector - Securities held for monetary policy purposes, Euro - Euro area (changing composition) counterpart",EUR,6
ILM.W.U2.C.A070100.U2.EUR,W,U2,C,A070100,U2,EUR,2023-W23,4880154,A,F,,,P7D,,E,,,,,,,,,0,,Securities held for monetary policy purposes - Eurosystem,"Euro area (changing composition), Eurosystem reporting sector - Securities held for monetary policy purposes, Euro - Euro area (changing composition) counterpart",EUR,6
ILM.W.U2.C.A070100.U2.EUR,W,U2,C,A070100,U2,EUR,2023-W24,4867787,A,F,,,P7D,,E,,,,,,,,,0,,Securities held for monetary policy purposes - Eurosystem,"Euro area (changing composition), Eurosystem reporting sector - Securities held for monetary policy purposes, Euro - Euro area (changing composition) counterpart",EUR,6
ILM.W.U2.C.A070100.U2.EUR,W,U2,C,A070100,U2,EUR,2023-W25,4866224,A,F,,,P7D,,E,,,,,,,,,0,,Securities held for monetary policy purposes - Eurosystem,"Euro area (changing composition), Eurosystem reporting sector - Securities held for monetary policy purposes, Euro - Euro area (changing composition) counterpart",EUR,6
ILM.W.U2.C.A070100.U2.EUR,W,U2,C,A070100,U2,EUR,2023-W26,4858893,A,F,,,P7D,,E,,,,,,,,,0,,Securities held for monetary policy purposes - Eurosystem,"Euro area (changing composition), Eurosystem reporting sector - Securities held for monetary policy purposes, Euro - Euro area (changing composition) counterpart",EUR,6
ILM.W.U2.C.A070100.U2.EUR,W,U2,C,A070100,U2,EUR,2023-W27,4860145,A,F,,,P7D,,E,,,,,,,,,0,,Securities held for monetary policy purposes - Eurosystem,"Euro area (changing composition), Eurosystem reporting sector - Securities held for monetary policy purposes, Euro - Euro area (changing composition) counterpart",EUR,6
ILM.W.U2.C.A070100.U2.EUR,W,U2,C,A070100,U2,EUR,2023-W28,4860563,A,F,,,P7D,,E,,,,,,,,,0,,Securities held for monetary policy purposes - Eurosystem,"Euro area (changing composition), Eurosystem reporting sector - Securities held for monetary policy purposes, Euro - Euro area (changing composition) counterpart",EUR,6
ILM.W.U2.C.A070100.U2.EUR,W,U2,C,A070100,U2,EUR,2023-W29,4841785,A,F,,,P7D,,E,,,,,,,,,0,,Securities held for monetary policy purposes - Eurosystem,"Euro area (changing composition), Eurosystem reporting sector - Securities held for monetary policy purposes, Euro - Euro area (changing composition) counterpart",EUR,6
ILM.W.U2.C.A070100.U2.EUR,W,U2,C,A070100,U2,EUR,2023-W30,4837338,A,F,,,P7D,,E,,,,,,,,,0,,Securities held for monetary policy purposes - Eurosystem,"Euro area (changing composition), Eurosystem reporting sector - Securities held for monetary policy purposes, Euro - Euro area (changing composition) counterpart",EUR,6
ILM.W.U2.C.A070100.U2.EUR,W,U2,C,A070100,U2,EUR,2023-W31,4822370,A,F,,,P7D,,E,,,,,,,,,0,,Securities held for monetary policy purposes - Eurosystem,"Euro area (changing composition), Eurosystem reporting sector - Securities held for monetary policy purposes, Euro - Euro area (changing composition) counterpart",EUR,6
ILM.W.U2.C.A070100.U2.EUR,W,U2,C,A070100,U2,EUR,2023-W32,4824719,A,F,,,P7D,,E,,,,,,,,,0,,Securities held for monetary policy purposes - Eurosystem,"Euro area (changing composition), Eurosystem reporting sector - Securities held for monetary policy purposes, Euro - Euro area (changing composition) counterpart",EUR,6
ILM.W.U2.C.A070100.U2.EUR,W,U2,C,A070100,U2,EUR,2023-W33,4808763,A,F,,,P7D,,E,,,,,,,,,0,,Securities held for monetary policy purposes - Eurosystem,"Euro area (changing composition), Eurosystem reporting sector - Securities held for monetary policy purposes, Euro - Euro area (changing composition) counterpart",EUR,6
ILM.W.U2.C.A070100.U2.EUR,W,U2,C,A070100,U2,EUR,2023-W34,4808251,A,F,,,P7D,,E,,,,,,,,,0,,Securities held for monetary policy purposes - Eurosystem,"Euro area (changing composition), Eurosystem reporting sector - Securities held for monetary policy purposes, Euro - Euro area (changing composition) counterpart",EUR,6
ILM.W.U2.C.A070100.U2.EUR,W,U2,C,A070100,U2,EUR,2023-W35,4809518,A,F,,,P7D,,E,,,,,,,,,0,,Securities held for monetary policy purposes - Eurosystem,"Euro area (changing composition), Eurosystem reporting sector - Securities held for monetary policy purposes, Euro - Euro area (changing composition) counterpart",EUR,6
ILM.W.U2.C.A070100.U2.EUR,W,U2,C,A070100,U2,EUR,2023-W36,4810228,A,F,,,P7D,,E,,,,,,,,,0,,Securities held for monetary policy purposes - Eurosystem,"Euro area (changing composition), Eurosystem reporting sector - Securities held for monetary policy purposes, Euro - Euro area (changing composition) counterpart",EUR,6
ILM.W.U2.C.A070100.U2.EUR,W,U2,C,A070100,U2,EUR,2023-W37,4793209,A,F,,,P7D,,E,,,,,,,,,0,,Securities held for monetary policy purposes - Eurosystem,"Euro area (changing composition), Eurosystem reporting sector - Securities held for monetary policy purposes, Euro - Euro area (changing composition) counterpart",EUR,6
ILM.W.U2.C.A070100.U2.EUR,W,U2,C,A070100,U2,EUR,2023-W38,4789176,A,F,,,P7D,,E,,,,,,,,,0,,Securities held for monetary policy purposes - Eurosystem,"Euro area (changing composition), Eurosystem reporting sector - Securities held for monetary policy purposes, Euro - Euro area (changing composition) counterpart",EUR,6
ILM.W.U2.C.A070100.U2.EUR,W,U2,C,A070100,U2,EUR,2023-W39,4779822,A,F,,,P7D,,E,,,,,,,,,0,,Securities held for monetary policy purposes - Eurosystem,"Euro area (changing composition), Eurosystem reporting sector - Securities held for monetary policy purposes, Euro - Euro area (changing composition) counterpart",EUR,6
ILM.W.U2.C.A070100.U2.EUR,W,U2,C,A070100,U2,EUR,2023-W40,4777790,A,F,,,P7D,,E,,,,,,,,,0,,Securities held for monetary policy purposes - Eurosystem,"Euro area (changing composition), Eurosystem reporting sector - Securities held for monetary policy purposes, Euro - Euro area (changing composition) counterpart",EUR,6
ILM.W.U2.C.A070100.U2.EUR,W,U2,C,A070100,U2,EUR,2023-W41,4772883,A,F,,,P7D,,E,,,,,,,,,0,,Securities held for monetary policy purposes - Eurosystem,"Euro area (changing composition), Eurosystem reporting sector - Securities held for monetary policy purposes, Euro - Euro area (changing composition) counterpart",EUR,6
ILM.W.U2.C.A070100.U2.EUR,W,U2,C,A070100,U2,EUR,2023-W42,4753997,A,F,,,P7D,,E,,,,,,,,,0,,Securities held for monetary policy purposes - Eurosystem,"Euro area (changing composition), Eurosystem reporting sector - Securities held for monetary policy purposes, Euro - Euro area (changing composition) counterpart",EUR,6
ILM.W.U2.C.A070100.U2.EUR,W,U2,C,A070100,U2,EUR,2023-W43,4734630,A,F,,,P7D,,E,,,,,,,,,0,,Securities held for monetary policy purposes - Eurosystem,"Euro area (changing composition), Eurosystem reporting sector - Securities held for monetary policy purposes, Euro - Euro area (changing composition) counterpart",EUR,6
ILM.W.U2.C.A070100.U2.EUR,W,U2,C,A070100,U2,EUR,2023-W44,4724581,A,F,,,P7D,,E,,,,,,,,,0,,Securities held for monetary policy purposes - Eurosystem,"Euro area (changing composition), Eurosystem reporting sector - Securities held for monetary policy purposes, Euro - Euro area (changing composition) counterpart",EUR,6
ILM.W.U2.C.A070100.U2.EUR,W,U2,C,A070100,U2,EUR,2023-W45,4721702,A,F,,,P7D,,E,,,,,,,,,0,,Securities held for monetary policy purposes - Eurosystem,"Euro area (changing composition), Eurosystem reporting sector - Securities held for monetary policy purposes, Euro - Euro area (changing composition) counterpart",EUR,6
ILM.W.U2.C.A070100.U2.EUR,W,U2,C,A070100,U2,EUR,2023-W46,4720859,A,F,,,P7D,,E,,,,,,,,,0,,Securities held for monetary policy purposes - Eurosystem,"Euro area (changing composition), Eurosystem reporting sector - Securities held for monetary policy purposes, Euro - Euro area (changing composition) counterpart",EUR,6
ILM.W.U2.C.A070100.U2.EUR,W,U2,C,A070100,U2,EUR,2023-W47,4715691,A,F,,,P7D,,E,,,,,,,,,0,,Securities held for monetary policy purposes - Eurosystem,"Euro area (changing composition), Eurosystem reporting sector - Securities held for monetary policy purposes, Euro - Euro area (changing composition) counterpart",EUR,6
ILM.W.U2.C.A070100.U2.EUR,W,U2,C,A070100,U2,EUR,2023-W48,4709408,A,F,,,P7D,,E,,,,,,,,,0,,Securities held for monetary policy purposes - Eurosystem,"Euro area (changing composition), Eurosystem reporting sector - Securities held for monetary policy purposes, Euro - Euro area (changing composition) counterpart",EUR,6
ILM.W.U2.C.A070100.U2.EUR,W,U2,C,A070100,U2,EUR,2023-W49,4710483,A,F,,,P7D,,E,,,,,,,,,0,,Securities held for monetary policy purposes - Eurosystem,"Euro area (changing composition), Eurosystem reporting sector - Securities held for monetary policy purposes, Euro - Euro area (changing composition) counterpart",EUR,6
ILM.W.U2.C.A070100.U2.EUR,W,U2,C,A070100,U2,EUR,2023-W50,4701403,A,F,,,P7D,,E,,,,,,,,,0,,Securities held for monetary policy purposes - Eurosystem,"Euro area (changing composition), Eurosystem reporting sector - Securities held for monetary policy purposes, Euro - Euro area (changing composition) counterpart",EUR,6
ILM.W.U2.C.A070100.U2.EUR,W,U2,C,A070100,U2,EUR,2023-W51,4701284,A,F,,,P7D,,E,,,,,,,,,0,,Securities held for monetary policy purposes - Eurosystem,"Euro area (changing composition), Eurosystem reporting sector - Securities held for monetary policy purposes, Euro - Euro area (changing composition) counterpart",EUR,6
ILM.W.U2.C.A070100.U2.EUR,W,U2,C,A070100,U2,EUR,2023-W52,4694347,A,F,,,P7D,,E,,,,,,,,,0,,Securities held for monetary policy purposes - Eurosystem,"Euro area (changing composition), Eurosystem reporting sector - Securities held for monetary policy purposes, Euro - Euro area (changing composition) counterpart",EUR,6
ILM.W.U2.C.A070100.U2.EUR,W,U2,C,A070100,U2,EUR,2024-W01,4690974,A,F,,,P7D,,E,,,,,,,,,0,,Securities held for monetary policy purposes - Eurosystem,"Euro area (changing composition), Eurosystem reporting sector - Securities held for monetary policy purposes, Euro - Euro area (changing composition) counterpart",EUR,6
ILM.W.U2.C.A070100.U2.EUR,W,U2,C,A070100,U2,EUR,2024-W02,4693319,A,F,,,P7D,,E,,,,,,,,,0,,Securities held for monetary policy purposes - Eurosystem,"Euro area (changing composition), Eurosystem reporting sector - Securities held for monetary policy purposes, Euro - Euro area (changing composition) counterpart",EUR,6
ILM.W.U2.C.A070100.U2.EUR,W,U2,C,A070100,U2,EUR,2024-W03,4671229,A,F,,,P7D,,E,,,,,,,,,0,,Securities held for monetary policy purposes - Eurosystem,"Euro area (changing composition), Eurosystem reporting sector - Securities held for monetary policy purposes, Euro - Euro area (changing composition) counterpart",EUR,6
ILM.W.U2.C.A070100.U2.EUR,W,U2,C,A070100,U2,EUR,2024-W04,4673400,A,F,,,P7D,,E,,,,,,,,,0,,Securities held for monetary policy purposes - Eurosystem,"Euro area (changing composition), Eurosystem reporting sector - Securities held for monetary policy purposes, Euro - Euro area (changing composition) counterpart",EUR,6
ILM.W.U2.C.A070100.U2.EUR,W,U2,C,A070100,U2,EUR,2024-W05,4661851,A,F,,,P7D,,E,,,,,,,,,0,,Securities held for monetary policy purposes - Eurosystem,"Euro area (changing composition), Eurosystem reporting sector - Securities held for monetary policy purposes, Euro - Euro area (changing composition) counterpart",EUR,6
ILM.W.U2.C.A070100.U2.EUR,W,U2,C,A070100,U2,EUR,2024-W06,4663933,A,F,,,P7D,,E,,,,,,,,,0,,Securities held for monetary policy purposes - Eurosystem,"Euro area (changing composition), Eurosystem reporting sector - Securities held for monetary policy purposes, Euro - Euro area (changing composition) counterpart",EUR,6
ILM.W.U2.C.A070100.U2.EUR,W,U2,C,A070100,U2,EUR,2024-W07,4646704,A,F,,,P7D,,E,,,,,,,,,0,,Securities held for monetary policy purposes - Eurosystem,"Euro area (changing composition), Eurosystem reporting sector - Securities held for monetary policy purposes, Euro - Euro area (changing composition) counterpart",EUR,6
ILM.W.U2.C.A070100.U2.EUR,W,U2,C,A070100,U2,EUR,2024-W08,4644638,A,F,,,P7D,,E,,,,,,,,,0,,Securities held for monetary policy purposes - Eurosystem,"Euro area (changing composition), Eurosystem reporting sector - Securities held for monetary policy purposes, Euro - Euro area (changing composition) counterpart",EUR,6
ILM.W.U2.C.A070100.U2.EUR,W,U2,C,A070100,U2,EUR,2024-W09,4628664,A,F,,,P7D,,E,,,,,,,,,0,,Securities held for monetary policy purposes - Eurosystem,"Euro area (changing composition), Eurosystem reporting sector - Securities held for monetary policy purposes, Euro - Euro area (changing composition) counterpart",EUR,6
ILM.W.U2.C.A070100.U2.EUR,W,U2,C,A070100,U2,EUR,2024-W10,4630121,A,F,,,P7D,,E,,,,,,,,,0,,Securities held for monetary policy purposes - Eurosystem,"Euro area (changing composition), Eurosystem reporting sector - Securities held for monetary policy purposes, Euro - Euro area (changing composition) counterpart",EUR,6
ILM.W.U2.C.A070100.U2.EUR,W,U2,C,A070100,U2,EUR,2024-W11,4624733,A,F,,,P7D,,E,,,,,,,,,0,,Securities held for monetary policy purposes - Eurosystem,"Euro area (changing composition), Eurosystem reporting sector - Securities held for monetary policy purposes, Euro - Euro area (changing composition) counterpart",EUR,6
ILM.W.U2.C.A070100.U2.EUR,W,U2,C,A070100,U2,EUR,2024-W12,4618051,A,F,,,P7D,,E,,,,,,,,,0,,Securities held for monetary policy purposes - Eurosystem,"Euro area (changing composition), Eurosystem reporting sector - Securities held for monetary policy purposes, Euro - Euro area (changing composition) counterpart",EUR,6
ILM.W.U2.C.A070100.U2.EUR,W,U2,C,A070100,U2,EUR,2024-W13,4595027,A,F,,,P7D,,E,,,,,,,,,0,,Securities held for monetary policy purposes - Eurosystem,"Euro area (changing composition), Eurosystem reporting sector - Securities held for monetary policy purposes, Euro - Euro area (changing composition) counterpart",EUR,6
ILM.W.U2.C.A070100.U2.EUR,W,U2,C,A070100,U2,EUR,2024-W14,4579409,A,F,,,P7D,,E,,,,,,,,,0,,Securities held for monetary policy purposes - Eurosystem,"Euro area (changing composition), Eurosystem reporting sector - Securities held for monetary policy purposes, Euro - Euro area (changing composition) counterpart",EUR,6
ILM.W.U2.C.A070100.U2.EUR,W,U2,C,A070100,U2,EUR,2024-W15,4582783,A,F,,,P7D,,E,,,,,,,,,0,,Securities held for monetary policy purposes - Eurosystem,"Euro area (changing composition), Eurosystem reporting sector - Securities held for monetary policy purposes, Euro - Euro area (changing composition) counterpart",EUR,6
ILM.W.U2.C.A070100.U2.EUR,W,U2,C,A070100,U2,EUR,2024-W16,4571440,A,F,,,P7D,,E,,,,,,,,,0,,Securities held for monetary policy purposes - Eurosystem,"Euro area (changing composition), Eurosystem reporting sector - Securities held for monetary policy purposes, Euro - Euro area (changing composition) counterpart",EUR,6
ILM.W.U2.C.A070100.U2.EUR,W,U2,C,A070100,U2,EUR,2024-W17,4572595,A,F,,,P7D,,E,,,,,,,,,0,,Securities held for monetary policy purposes - Eurosystem,"Euro area (changing composition), Eurosystem reporting sector - Securities held for monetary policy purposes, Euro - Euro area (changing composition) counterpart",EUR,6
ILM.W.U2.C.A070100.U2.EUR,W,U2,C,A070100,U2,EUR,2024-W18,4562201,A,F,,,P7D,,E,,,,,,,,,0,,Securities held for monetary policy purposes - Eurosystem,"Euro area (changing composition), Eurosystem reporting sector - Securities held for monetary policy purposes, Euro - Euro area (changing composition) counterpart",EUR,6
ILM.W.U2.C.A070100.U2.EUR,W,U2,C,A070100,U2,EUR,2024-W19,4566627,A,F,,,P7D,,E,,,,,,,,,0,,Securities held for monetary policy purposes - Eurosystem,"Euro area (changing composition), Eurosystem reporting sector - Securities held for monetary policy purposes, Euro - Euro area (changing composition) counterpart",EUR,6
ILM.W.U2.C.A070100.U2.EUR,W,U2,C,A070100,U2,EUR,2024-W20,4547173,A,F,,,P7D,,E,,,,,,,,,0,,Securities held for monetary policy purposes - Eurosystem,"Euro area (changing composition), Eurosystem reporting sector - Securities held for monetary policy purposes, Euro - Euro area (changing composition) counterpart",EUR,6
ILM.W.U2.C.A070100.U2.EUR,W,U2,C,A070100,U2,EUR,2024-W21,4548182,A,F,,,P7D,,E,,,,,,,,,0,,Securities held for monetary policy purposes - Eurosystem,"Euro area (changing composition), Eurosystem reporting sector - Securities held for monetary policy purposes, Euro - Euro area (changing composition) counterpart",EUR,6
ILM.W.U2.C.A070100.U2.EUR,W,U2,C,A070100,U2,EUR,2024-W22,4522378,A,F,,,P7D,,E,,,,,,,,,0,,Securities held for monetary policy purposes - Eurosystem,"Euro area (changing composition), Eurosystem reporting sector - Securities held for monetary policy purposes, Euro - Euro area (changing composition) counterpart",EUR,6
ILM.W.U2.C.A070100.U2.EUR,W,U2,C,A070100,U2,EUR,2024-W23,4521375,A,F,,,P7D,,E,,,,,,,,,0,,Securities held for monetary policy purposes - Eurosystem,"Euro area (changing composition), Eurosystem reporting sector - Securities held for monetary policy purposes, Euro - Euro area (changing composition) counterpart",EUR,6
ILM.W.U2.C.A070100.U2.EUR,W,U2,C,A070100,U2,EUR,2024-W24,4513289,A,F,,,P7D,,E,,,,,,,,,0,,Securities held for monetary policy purposes - Eurosystem,"Euro area (changing composition), Eurosystem reporting sector - Securities held for monetary policy purposes, Euro - Euro area (changing composition) counterpart",EUR,6
ILM.W.U2.C.A070100.U2.EUR,W,U2,C,A070100,U2,EUR,2024-W25,4510518,A,F,,,P7D,,E,,,,,,,,,0,,Securities held for monetary policy purposes - Eurosystem,"Euro area (changing composition), Eurosystem reporting sector - Securities held for monetary policy purposes, Euro - Euro area (changing composition) counterpart",EUR,6
ILM.W.U2.C.A070100.U2.EUR,W,U2,C,A070100,U2,EUR,2024-W26,4496026,A,F,,,P7D,,E,,,,,,,,,0,,Securities held for monetary policy purposes - Eurosystem,"Euro area (changing composition), Eurosystem reporting sector - Securities held for monetary policy purposes, Euro - Euro area (changing composition) counterpart",EUR,6
ILM.W.U2.C.A070100.U2.EUR,W,U2,C,A070100,U2,EUR,2024-W27,4489036,A,F,,,P7D,,E,,,,,,,,,0,,Securities held for monetary policy purposes - Eurosystem,"Euro area (changing composition), Eurosystem reporting sector - Securities held for monetary policy purposes, Euro - Euro area (changing composition) counterpart",EUR,6
ILM.W.U2.C.A070100.U2.EUR,W,U2,C,A070100,U2,EUR,2024-W28,4488704,A,F,,,P7D,,E,,,,,,,,,0,,Securities held for monetary policy purposes - Eurosystem,"Euro area (changing composition), Eurosystem reporting sector - Securities held for monetary policy purposes, Euro - Euro area (changing composition) counterpart",EUR,6
ILM.W.U2.C.A070100.U2.EUR,W,U2,C,A070100,U2,EUR,2024-W29,4472526,A,F,,,P7D,,E,,,,,,,,,0,,Securities held for monetary policy purposes - Eurosystem,"Euro area (changing composition), Eurosystem reporting sector - Securities held for monetary policy purposes, Euro - Euro area (changing composition) counterpart",EUR,6
ILM.W.U2.C.A070100.U2.EUR,W,U2,C,A070100,U2,EUR,2024-W30,4465521,A,F,,,P7D,,E,,,,,,,,,0,,Securities held for monetary policy purposes - Eurosystem,"Euro area (changing composition), Eurosystem reporting sector - Securities held for monetary policy purposes, Euro - Euro area (changing composition) counterpart",EUR,6
ILM.W.U2.C.A070100.U2.EUR,W,U2,C,A070100,U2,EUR,2024-W31,4454845,A,F,,,P7D,,E,,,,,,,,,0,,Securities held for monetary policy purposes - Eurosystem,"Euro area (changing composition), Eurosystem reporting sector - Securities held for monetary policy purposes, Euro - Euro area (changing composition) counterpart",EUR,6
ILM.W.U2.C.A070100.U2.EUR,W,U2,C,A070100,U2,EUR,2024-W32,4455303,A,F,,,P7D,,E,,,,,,,,,0,,Securities held for monetary policy purposes - Eurosystem,"Euro area (changing composition), Eurosystem reporting sector - Securities held for monetary policy purposes, Euro - Euro area (changing composition) counterpart",EUR,6
ILM.W.U2.C.A070100.U2.EUR,W,U2,C,A070100,U2,EUR,2024-W33,4438940,A,F,,,P7D,,E,,,,,,,,,0,,Securities held for monetary policy purposes - Eurosystem,"Euro area (changing composition), Eurosystem reporting sector - Securities held for monetary policy purposes, Euro - Euro area (changing composition) counterpart",EUR,6
ILM.W.U2.C.A070100.U2.EUR,W,U2,C,A070100,U2,EUR,2024-W34,4438581,A,F,,,P7D,,E,,,,,,,,,0,,Securities held for monetary policy purposes - Eurosystem,"Euro area (changing composition), Eurosystem reporting sector - Securities held for monetary policy purposes, Euro - Euro area (changing composition) counterpart",EUR,6
ILM.W.U2.C.A070100.U2.EUR,W,U2,C,A070100,U2,EUR,2024-W35,4436308,A,F,,,P7D,,E,,,,,,,,,0,,Securities held for monetary policy purposes - Eurosystem,"Euro area (changing composition), Eurosystem reporting sector - Securities held for monetary policy purposes, Euro - Euro area (changing composition) counterpart",EUR,6
ILM.W.U2.C.A070100.U2.EUR,W,U2,C,A070100,U2,EUR,2024-W36,4427918,A,F,,,P7D,,E,,,,,,,,,0,,Securities held for monetary policy purposes - Eurosystem,"Euro area (changing composition), Eurosystem reporting sector - Securities held for monetary policy purposes, Euro - Euro area (changing composition) counterpart",EUR,6
ILM.W.U2.C.A070100.U2.EUR,W,U2,C,A070100,U2,EUR,2024-W37,4418727,A,F,,,P7D,,E,,,,,,,,,0,,Securities held for monetary policy purposes - Eurosystem,"Euro area (changing composition), Eurosystem reporting sector - Securities held for monetary policy purposes, Euro - Euro area (changing composition) counterpart",EUR,6
ILM.W.U2.C.A070100.U2.EUR,W,U2,C,A070100,U2,EUR,2024-W38,4408168,A,F,,,P7D,,E,,,,,,,,,0,,Securities held for monetary policy purposes - Eurosystem,"Euro area (changing composition), Eurosystem reporting sector - Securities held for monetary policy purposes, Euro - Euro area (changing composition) counterpart",EUR,6
ILM.W.U2.C.A070100.U2.EUR,W,U2,C,A070100,U2,EUR,2024-W39,4407710,A,F,,,P7D,,E,,,,,,,,,0,,Securities held for monetary policy purposes - Eurosystem,"Euro area (changing composition), Eurosystem reporting sector - Securities held for monetary policy purposes, Euro - Euro area (changing composition) counterpart",EUR,6
ILM.W.U2.C.A070100.U2.EUR,W,U2,C,A070100,U2,EUR,2024-W40,4396911,A,F,,,P7D,,E,,,,,,,,,0,,Securities held for monetary policy purposes - Eurosystem,"Euro area (changing composition), Eurosystem reporting sector - Securities held for monetary policy purposes, Euro - Euro area (changing composition) counterpart",EUR,6
ILM.W.U2.C.A070100.U2.EUR,W,U2,C,A070100,U2,EUR,2024-W41,4393831,A,F,,,P7D,,E,,,,,,,,,0,,Securities held for monetary policy purposes - Eurosystem,"Euro area (changing composition), Eurosystem reporting sector - Securities held for monetary policy purposes, Euro - Euro area (changing composition) counterpart",EUR,6
ILM.W.U2.C.A070100.U2.EUR,W,U2,C,A070100,U2,EUR,2024-W42,4374870,A,F,,,P7D,,E,,,,,,,,,0,,Securities held for monetary policy purposes - Eurosystem,"Euro area (changing composition), Eurosystem reporting sector - Securities held for monetary policy purposes, Euro - Euro area (changing composition) counterpart",EUR,6
ILM.W.U2.C.A070100.U2.EUR,W,U2,C,A070100,U2,EUR,2024-W43,4365067,A,F,,,P7D,,E,,,,,,,,,0,,Securities held for monetary policy purposes - Eurosystem,"Euro area (changing composition), Eurosystem reporting sector - Securities held for monetary policy purposes, Euro - Euro area (changing composition) counterpart",EUR,6
ILM.W.U2.C.A070100.U2.EUR,W,U2,C,A070100,U2,EUR,2024-W44,4354613,A,F,,,P7D,,E,,,,,,,,,0,,Securities held for monetary policy purposes - Eurosystem,"Euro area (changing composition), Eurosystem reporting sector - Securities held for monetary policy purposes, Euro - Euro area (changing composition) counterpart",EUR,6
ILM.W.U2.C.A070100.U2.EUR,W,U2,C,A070100,U2,EUR,2024-W45,4353777,A,F,,,P7D,,E,,,,,,,,,0,,Securities held for monetary policy purposes - Eurosystem,"Euro area (changing composition), Eurosystem reporting sector - Securities held for monetary policy purposes, Euro - Euro area (changing composition) counterpart",EUR,6
ILM.W.U2.C.A070100.U2.EUR,W,U2,C,A070100,U2,EUR,2024-W46,4341391,A,F,,,P7D,,E,,,,,,,,,0,,Securities held for monetary policy purposes - Eurosystem,"Euro area (changing composition), Eurosystem reporting sector - Securities held for monetary policy purposes, Euro - Euro area (changing composition) counterpart",EUR,6
ILM.W.U2.C.A070100.U2.EUR,W,U2,C,A070100,U2,EUR,2024-W47,4340724,A,F,,,P7D,,E,,,,,,,,,0,,Securities held for monetary policy purposes - Eurosystem,"Euro area (changing composition), Eurosystem reporting sector - Securities held for monetary policy purposes, Euro - Euro area (changing composition) counterpart",EUR,6
ILM.W.U2.C.A070100.U2.EUR,W,U2,C,A070100,U2,EUR,2024-W48,4318939,A,F,,,P7D,,E,,,,,,,,,0,,Securities held for monetary policy purposes - Eurosystem,"Euro area (changing composition), Eurosystem reporting sector - Securities held for monetary policy purposes, Euro - Euro area (changing composition) counterpart",EUR,6
ILM.W.U2.C.A070100.U2.EUR,W,U2,C,A070100,U2,EUR,2024-W49,4304637,A,F,,,P7D,,E,,,,,,,,,0,,Securities held for monetary policy purposes - Eurosystem,"Euro area (changing composition), Eurosystem reporting sector - Securities held for monetary policy purposes, Euro - Euro area (changing composition) counterpart",EUR,6
ILM.W.U2.C.A070100.U2.EUR,W,U2,C,A070100,U2,EUR,2024-W50,4298731,A,F,,,P7D,,E,,,,,,,,,0,,Securities held for monetary policy purposes - Eurosystem,"Euro area (changing composition), Eurosystem reporting sector - Securities held for monetary policy purposes, Euro - Euro area (changing composition) counterpart",EUR,6
ILM.W.U2.C.A070100.U2.EUR,W,U2,C,A070100,U2,EUR,2024-W51,4290627,A,F,,,P7D,,E,,,,,,,,,0,,Securities held for monetary policy purposes - Eurosystem,"Euro area (changing composition), Eurosystem reporting sector - Securities held for monetary policy purposes, Euro - Euro area (changing composition) counterpart",EUR,6
ILM.W.U2.C.A070100.U2.EUR,W,U2,C,A070100,U2,EUR,2024-W52,4290493,A,F,,,P7D,,E,,,,,,,,,0,,Securities held for monetary policy purposes - Eurosystem,"Euro area (changing composition), Eurosystem reporting sector - Securities held for monetary policy purposes, Euro - Euro area (changing composition) counterpart",EUR,6
ILM.W.U2.C.A070100.U2.EUR,W,U2,C,A070100,U2,EUR,2025-W01,4283247,A,F,,,P7D,,E,,,,,,,,,0,,Securities held for monetary policy purposes - Eurosystem,"Euro area (changing composition), Eurosystem reporting sector - Securities held for monetary policy purposes, Euro - Euro area (changing composition) counterpart",EUR,6
ILM.W.U2.C.A070100.U2.EUR,W,U2,C,A070100,U2,EUR,2025-W02,4282057,A,F,,,P7D,,E,,,,,,,,,0,,Securities held for monetary policy purposes - Eurosystem,"Euro area (changing composition), Eurosystem reporting sector - Securities held for monetary policy purposes, Euro - Euro area (changing composition) counterpart",EUR,6
ILM.W.U2.C.A070100.U2.EUR,W,U2,C,A070100,U2,EUR,2025-W03,4268113,A,F,,,P7D,,E,,,,,,,,,0,,Securities held for monetary policy purposes - Eurosystem,"Euro area (changing composition), Eurosystem reporting sector - Securities held for monetary policy purposes, Euro - Euro area (changing composition) counterpart",EUR,6
ILM.W.U2.C.A070100.U2.EUR,W,U2,C,A070100,U2,EUR,2025-W04,4262155,A,F,,,P7D,,E,,,,,,,,,0,,Securities held for monetary policy purposes - Eurosystem,"Euro area (changing composition), Eurosystem reporting sector - Securities held for monetary policy purposes, Euro - Euro area (changing composition) counterpart",EUR,6
ILM.W.U2.C.A070100.U2.EUR,W,U2,C,A070100,U2,EUR,2025-W05,4248076,A,F,,,P7D,,E,,,,,,,,,0,,Securities held for monetary policy purposes - Eurosystem,"Euro area (changing composition), Eurosystem reporting sector - Securities held for monetary policy purposes, Euro - Euro area (changing composition) counterpart",EUR,6
ILM.W.U2.C.A070100.U2.EUR,W,U2,C,A070100,U2,EUR,2025-W06,4234956,A,F,,,P7D,,E,,,,,,,,,0,,Securities held for monetary policy purposes - Eurosystem,"Euro area (changing composition), Eurosystem reporting sector - Securities held for monetary policy purposes, Euro - Euro area (changing composition) counterpart",EUR,6
ILM.W.U2.C.A070100.U2.EUR,W,U2,C,A070100,U2,EUR,2025-W07,4230050,A,,,,P7D,,E,,,,,,,,,0,,Securities held for monetary policy purposes - Eurosystem,"Euro area (changing composition), Eurosystem reporting sector - Securities held for monetary policy purposes, Euro - Euro area (changing composition) counterpart",EUR,6
ILM.W.U2.C.A070100.U2.EUR,W,U2,C,A070100,U2,EUR,2025-W08,4201898,A,F,,,P7D,,E,,,,,,,,,0,,Securities held for monetary policy purposes - Eurosystem,"Euro area (changing composition), Eurosystem reporting sector - Securities held for monetary policy purposes, Euro - Euro area (changing composition) counterpart",EUR,6
ILM.W.U2.C.A070100.U2.EUR,W,U2,C,A070100,U2,EUR,2025-W09,4189899,A,F,,,P7D,,E,,,,,,,,,0,,Securities held for monetary policy purposes - Eurosystem,"Euro area (changing composition), Eurosystem reporting sector - Securities held for monetary policy purposes, Euro - Euro area (changing composition) counterpart",EUR,6
ILM.W.U2.C.A070100.U2.EUR,W,U2,C,A070100,U2,EUR,2025-W10,4173292,A,F,,,P7D,,E,,,,,,,,,0,,Securities held for monetary policy purposes - Eurosystem,"Euro area (changing composition), Eurosystem reporting sector - Securities held for monetary policy purposes, Euro - Euro area (changing composition) counterpart",EUR,6
ILM.W.U2.C.A070100.U2.EUR,W,U2,C,A070100,U2,EUR,2025-W11,4158570,A,F,,,P7D,,E,,,,,,,,,0,,Securities held for monetary policy purposes - Eurosystem,"Euro area (changing composition), Eurosystem reporting sector - Securities held for monetary policy purposes, Euro - Euro area (changing composition) counterpart",EUR,6
ILM.W.U2.C.A070100.U2.EUR,W,U2,C,A070100,U2,EUR,2025-W12,4154468,A,F,,,P7D,,E,,,,,,,,,0,,Securities held for monetary policy purposes - Eurosystem,"Euro area (changing composition), Eurosystem reporting sector - Securities held for monetary policy purposes, Euro - Euro area (changing composition) counterpart",EUR,6
ILM.W.U2.C.A070100.U2.EUR,W,U2,C,A070100,U2,EUR,2025-W13,4126364,A,F,,,P7D,,E,,,,,,,,,0,,Securities held for monetary policy purposes - Eurosystem,"Euro area (changing composition), Eurosystem reporting sector - Securities held for monetary policy purposes, Euro - Euro area (changing composition) counterpart",EUR,6
ILM.W.U2.C.A070100.U2.EUR,W,U2,C,A070100,U2,EUR,2025-W14,4111101,A,F,,,P7D,,E,,,,,,,,,0,,Securities held for monetary policy purposes - Eurosystem,"Euro area (changing composition), Eurosystem reporting sector - Securities held for monetary policy purposes, Euro - Euro area (changing composition) counterpart",EUR,6
ILM.W.U2.C.A070100.U2.EUR,W,U2,C,A070100,U2,EUR,2025-W15,4095410,A,F,,,P7D,,E,,,,,,,,,0,,Securities held for monetary policy purposes - Eurosystem,"Euro area (changing composition), Eurosystem reporting sector - Securities held for monetary policy purposes, Euro - Euro area (changing composition) counterpart",EUR,6
ILM.W.U2.C.A070100.U2.EUR,W,U2,C,A070100,U2,EUR,2025-W16,4086226,A,F,,,P7D,,E,,,,,,,,,0,,Securities held for monetary policy purposes - Eurosystem,"Euro area (changing composition), Eurosystem reporting sector - Securities held for monetary policy purposes, Euro - Euro area (changing composition) counterpart",EUR,6
ILM.W.U2.C.A070100.U2.EUR,W,U2,C,A070100,U2,EUR,2025-W17,4077138,A,F,,,P7D,,E,,,,,,,,,0,,Securities held for monetary policy purposes - Eurosystem,"Euro area (changing composition), Eurosystem reporting sector - Securities held for monetary policy purposes, Euro - Euro area (changing composition) counterpart",EUR,6
ILM.W.U2.C.A070100.U2.EUR,W,U2,C,A070100,U2,EUR,2025-W18,4061787,A,F,,,P7D,,E,,,,,,,,,0,,Securities held for monetary policy purposes - Eurosystem,"Euro area (changing composition), Eurosystem reporting sector - Securities held for monetary policy purposes, Euro - Euro area (changing composition) counterpart",EUR,6
ILM.W.U2.C.A070100.U2.EUR,W,U2,C,A070100,U2,EUR,2025-W19,4057781,A,F,,,P7D,,E,,,,,,,,,0,,Securities held for monetary policy purposes - Eurosystem,"Euro area (changing composition), Eurosystem reporting sector - Securities held for monetary policy purposes, Euro - Euro area (changing composition) counterpart",EUR,6
ILM.W.U2.C.A070100.U2.EUR,W,U2,C,A070100,U2,EUR,2025-W20,4047387,A,F,,,P7D,,E,,,,,,,,,0,,Securities held for monetary policy purposes - Eurosystem,"Euro area (changing composition), Eurosystem reporting sector - Securities held for monetary policy purposes, Euro - Euro area (changing composition) counterpart",EUR,6
ILM.W.U2.C.A070100.U2.EUR,W,U2,C,A070100,U2,EUR,2025-W21,4043924,A,F,,,P7D,,E,,,,,,,,,0,,Securities held for monetary policy purposes - Eurosystem,"Euro area (changing composition), Eurosystem reporting sector - Securities held for monetary policy purposes, Euro - Euro area (changing composition) counterpart",EUR,6
ILM.W.U2.C.A070100.U2.EUR,W,U2,C,A070100,U2,EUR,2025-W22,4019720,A,F,,,P7D,,E,,,,,,,,,0,,Securities held for monetary policy purposes - Eurosystem,"Euro area (changing composition), Eurosystem reporting sector - Securities held for monetary policy purposes, Euro - Euro area (changing composition) counterpart",EUR,6
ILM.W.U2.C.A070100.U2.EUR,W,U2,C,A070100,U2,EUR,2025-W23,4005093,A,F,,,P7D,,E,,,,,,,,,0,,Securities held for monetary policy purposes - Eurosystem,"Euro area (changing composition), Eurosystem reporting sector - Securities held for monetary policy purposes, Euro - Euro area (changing composition) counterpart",EUR,6
ILM.W.U2.C.A070100.U2.EUR,W,U2,C,A070100,U2,EUR,2025-W24,3999533,A,F,,,P7D,,E,,,,,,,,,0,,Securities held for monetary policy purposes - Eurosystem,"Euro area (changing composition), Eurosystem reporting sector - Securities held for monetary policy purposes, Euro - Euro area (changing composition) counterpart",EUR,6
ILM.W.U2.C.A070100.U2.EUR,W,U2,C,A070100,U2,EUR,2025-W25,3997331,A,F,,,P7D,,E,,,,,,,,,0,,Securities held for monetary policy purposes - Eurosystem,"Euro area (changing composition), Eurosystem reporting sector - Securities held for monetary policy purposes, Euro - Euro area (changing composition) counterpart",EUR,6
ILM.W.U2.C.A070100.U2.EUR,W,U2,C,A070100,U2,EUR,2025-W26,3984686,A,F,,,P7D,,E,,,,,,,,,0,,Securities held for monetary policy purposes - Eurosystem,"Euro area (changing composition), Eurosystem reporting sector - Securities held for monetary policy purposes, Euro - Euro area (changing composition) counterpart",EUR,6
ILM.W.U2.C.A070100.U2.EUR,W,U2,C,A070100,U2,EUR,2025-W27,3959471,A,F,,,P7D,,E,,,,,,,,,0,,Securities held for monetary policy purposes - Eurosystem,"Euro area (changing composition), Eurosystem reporting sector - Securities held for monetary policy purposes, Euro - Euro area (changing composition) counterpart",EUR,6
ILM.W.U2.C.A070100.U2.EUR,W,U2,C,A070100,U2,EUR,2025-W28,3956439,A,F,,,P7D,,E,,,,,,,,,0,,Securities held for monetary policy purposes - Eurosystem,"Euro area (changing composition), Eurosystem reporting sector - Securities held for monetary policy purposes, Euro - Euro area (changing composition) counterpart",EUR,6
ILM.W.U2.C.A070100.U2.EUR,W,U2,C,A070100,U2,EUR,2025-W29,3941504,A,F,,,P7D,,E,,,,,,,,,0,,Securities held for monetary policy purposes - Eurosystem,"Euro area (changing composition), Eurosystem reporting sector - Securities held for monetary policy purposes, Euro - Euro area (changing composition) counterpart",EUR,6
ILM.W.U2.C.A070100.U2.EUR,W,U2,C,A070100,U2,EUR,2025-W30,3940858,A,F,,,P7D,,E,,,,,,,,,0,,Securities held for monetary policy purposes - Eurosystem,"Euro area (changing composition), Eurosystem reporting sector - Securities held for monetary policy purposes, Euro - Euro area (changing composition) counterpart",EUR,6
ILM.W.U2.C.A070100.U2.EUR,W,U2,C,A070100,U2,EUR,2025-W31,3928867,A,F,,,P7D,,E,,,,,,,,,0,,Securities held for monetary policy purposes - Eurosystem,"Euro area (changing composition), Eurosystem reporting sector - Securities held for monetary policy purposes, Euro - Euro area (changing composition) counterpart",EUR,6
ILM.W.U2.C.A070100.U2.EUR,W,U2,C,A070100,U2,EUR,2025-W32,3928215,A,F,,,P7D,,E,,,,,,,,,0,,Securities held for monetary policy purposes - Eurosystem,"Euro area (changing composition), Eurosystem reporting sector - Securities held for monetary policy purposes, Euro - Euro area (changing composition) counterpart",EUR,6
ILM.W.U2.C.A070100.U2.EUR,W,U2,C,A070100,U2,EUR,2025-W33,3907319,A,F,,,P7D,,E,,,,,,,,,0,,Securities held for monetary policy purposes - Eurosystem,"Euro area (changing composition), Eurosystem reporting sector - Securities held for monetary policy purposes, Euro - Euro area (changing composition) counterpart",EUR,6
ILM.W.U2.C.A070100.U2.EUR,W,U2,C,A070100,U2,EUR,2025-W34,3906493,A,F,,,P7D,,E,,,,,,,,,0,,Securities held for monetary policy purposes - Eurosystem,"Euro area (changing composition), Eurosystem reporting sector - Securities held for monetary policy purposes, Euro - Euro area (changing composition) counterpart",EUR,6
ILM.W.U2.C.A070100.U2.EUR,W,U2,C,A070100,U2,EUR,2025-W35,3905140,A,F,,,P7D,,E,,,,,,,,,0,,Securities held for monetary policy purposes - Eurosystem,"Euro area (changing composition), Eurosystem reporting sector - Securities held for monetary policy purposes, Euro - Euro area (changing composition) counterpart",EUR,6
ILM.W.U2.C.A070100.U2.EUR,W,U2,C,A070100,U2,EUR,2025-W36,3902801,A,F,,,P7D,,E,,,,,,,,,0,,Securities held for monetary policy purposes - Eurosystem,"Euro area (changing composition), Eurosystem reporting sector - Securities held for monetary policy purposes, Euro - Euro area (changing composition) counterpart",EUR,6
ILM.W.U2.C.A070100.U2.EUR,W,U2,C,A070100,U2,EUR,2025-W37,3898541,A,F,,,P7D,,E,,,,,,,,,0,,Securities held for monetary policy purposes - Eurosystem,"Euro area (changing composition), Eurosystem reporting sector - Securities held for monetary policy purposes, Euro - Euro area (changing composition) counterpart",EUR,6
ILM.W.U2.C.A070100.U2.EUR,W,U2,C,A070100,U2,EUR,2025-W38,3880196,A,F,,,P7D,,E,,,,,,,,,0,,Securities held for monetary policy purposes - Eurosystem,"Euro area (changing composition), Eurosystem reporting sector - Securities held for monetary policy purposes, Euro - Euro area (changing composition) counterpart",EUR,6
ILM.W.U2.C.A070100.U2.EUR,W,U2,C,A070100,U2,EUR,2025-W39,3873498,A,F,,,P7D,,E,,,,,,,,,0,,Securities held for monetary policy purposes - Eurosystem,"Euro area (changing composition), Eurosystem reporting sector - Securities held for monetary policy purposes, Euro - Euro area (changing composition) counterpart",EUR,6
ILM.W.U2.C.A070100.U2.EUR,W,U2,C,A070100,U2,EUR,2025-W40,3865561,A,F,,,P7D,,E,,,,,,,,,0,,Securities held for monetary policy purposes - Eurosystem,"Euro area (changing composition), Eurosystem reporting sector - Securities held for monetary policy purposes, Euro - Euro area (changing composition) counterpart",EUR,6
ILM.W.U2.C.A070100.U2.EUR,W,U2,C,A070100,U2,EUR,2025-W41,3852610,A,F,,,P7D,,E,,,,,,,,,0,,Securities held for monetary policy purposes - Eurosystem,"Euro area (changing composition), Eurosystem reporting sector - Securities held for monetary policy purposes, Euro - Euro area (changing composition) counterpart",EUR,6
ILM.W.U2.C.A070100.U2.EUR,W,U2,C,A070100,U2,EUR,2025-W42,3838489,A,F,,,P7D,,E,,,,,,,,,0,,Securities held for monetary policy purposes - Eurosystem,"Euro area (changing composition), Eurosystem reporting sector - Securities held for monetary policy purposes, Euro - Euro area (changing composition) counterpart",EUR,6
ILM.W.U2.C.A070100.U2.EUR,W,U2,C,A070100,U2,EUR,2025-W43,3831374,A,F,,,P7D,,E,,,,,,,,,0,,Securities held for monetary policy purposes - Eurosystem,"Euro area (changing composition), Eurosystem reporting sector - Securities held for monetary policy purposes, Euro - Euro area (changing composition) counterpart",EUR,6
ILM.W.U2.C.A070100.U2.EUR,W,U2,C,A070100,U2,EUR,2025-W44,3807737,A,F,,,P7D,,E,,,,,,,,,0,,Securities held for monetary policy purposes - Eurosystem,"Euro area (changing composition), Eurosystem reporting sector - Securities held for monetary policy purposes, Euro - Euro area (changing composition) counterpart",EUR,6
ILM.W.U2.C.A070100.U2.EUR,W,U2,C,A070100,U2,EUR,2025-W45,3801976,A,F,,,P7D,,E,,,,,,,,,0,,Securities held for monetary policy purposes - Eurosystem,"Euro area (changing composition), Eurosystem reporting sector - Securities held for monetary policy purposes, Euro - Euro area (changing composition) counterpart",EUR,6
ILM.W.U2.C.A070100.U2.EUR,W,U2,C,A070100,U2,EUR,2025-W46,3800465,A,F,,,P7D,,E,,,,,,,,,0,,Securities held for monetary policy purposes - Eurosystem,"Euro area (changing composition), Eurosystem reporting sector - Securities held for monetary policy purposes, Euro - Euro area (changing composition) counterpart",EUR,6
ILM.W.U2.C.A070100.U2.EUR,W,U2,C,A070100,U2,EUR,2025-W47,3789161,A,F,,,P7D,,E,,,,,,,,,0,,Securities held for monetary policy purposes - Eurosystem,"Euro area (changing composition), Eurosystem reporting sector - Securities held for monetary policy purposes, Euro - Euro area (changing composition) counterpart",EUR,6
ILM.W.U2.C.A070100.U2.EUR,W,U2,C,A070100,U2,EUR,2025-W48,3769203,A,F,,,P7D,,E,,,,,,,,,0,,Securities held for monetary policy purposes - Eurosystem,"Euro area (changing composition), Eurosystem reporting sector - Securities held for monetary policy purposes, Euro - Euro area (changing composition) counterpart",EUR,6
ILM.W.U2.C.A070100.U2.EUR,W,U2,C,A070100,U2,EUR,2025-W49,3756998,A,F,,,P7D,,E,,,,,,,,,0,,Securities held for monetary policy purposes - Eurosystem,"Euro area (changing composition), Eurosystem reporting sector - Securities held for monetary policy purposes, Euro - Euro area (changing composition) counterpart",EUR,6
ILM.W.U2.C.A070100.U2.EUR,W,U2,C,A070100,U2,EUR,2025-W50,3755184,A,F,,,P7D,,E,,,,,,,,,0,,Securities held for monetary policy purposes - Eurosystem,"Euro area (changing composition), Eurosystem reporting sector - Securities held for monetary policy purposes, Euro - Euro area (changing composition) counterpart",EUR,6
ILM.W.U2.C.A070100.U2.EUR,W,U2,C,A070100,U2,EUR,2025-W51,3751628,A,F,,,P7D,,E,,,,,,,,,0,,Securities held for monetary policy purposes - Eurosystem,"Euro area (changing composition), Eurosystem reporting sector - Securities held for monetary policy purposes, Euro - Euro area (changing composition) counterpart",EUR,6
ILM.W.U2.C.A070100.U2.EUR,W,U2,C,A070100,U2,EUR,2025-W52,3751532,A,F,,,P7D,,E,,,,,,,,,0,,Securities held for monetary policy purposes - Eurosystem,"Euro area (changing composition), Eurosystem reporting sector - Securities held for monetary policy purposes, Euro - Euro area (changing composition) counterpart",EUR,6
ILM.W.U2.C.A070100.U2.EUR,W,U2,C,A070100,U2,EUR,2026-W01,3745462,A,F,,,P7D,,E,,,,,,,,,0,,Securities held for monetary policy purposes - Eurosystem,"Euro area (changing composition), Eurosystem reporting sector - Securities held for monetary policy purposes, Euro - Euro area (changing composition) counterpart",EUR,6
ILM.W.U2.C.A070100.U2.EUR,W,U2,C,A070100,U2,EUR,2026-W02,3742929,A,F,,,P7D,,E,,,,,,,,,0,,Securities held for monetary policy purposes - Eurosystem,"Euro area (changing composition), Eurosystem reporting sector - Securities held for monetary policy purposes, Euro - Euro area (changing composition) counterpart",EUR,6
ILM.W.U2.C.A070100.U2.EUR,W,U2,C,A070100,U2,EUR,2026-W03,3728859,A,F,,,P7D,,E,,,,,,,,,0,,Securities held for monetary policy purposes - Eurosystem,"Euro area (changing composition), Eurosystem reporting sector - Securities held for monetary policy purposes, Euro - Euro area (changing composition) counterpart",EUR,6
ILM.W.U2.C.A070100.U2.EUR,W,U2,C,A070100,U2,EUR,2026-W04,3726607,A,F,,,P7D,,E,,,,,,,,,0,,Securities held for monetary policy purposes - Eurosystem,"Euro area (changing composition), Eurosystem reporting sector - Securities held for monetary policy purposes, Euro - Euro area (changing composition) counterpart",EUR,6
ILM.W.U2.C.A070100.U2.EUR,W,U2,C,A070100,U2,EUR,2026-W05,3721394,A,F,,,P7D,,E,,,,,,,,,0,,Securities held for monetary policy purposes - Eurosystem,"Euro area (changing composition), Eurosystem reporting sector - Securities held for monetary policy purposes, Euro - Euro area (changing composition) counterpart",EUR,6
ILM.W.U2.C.A070100.U2.EUR,W,U2,C,A070100,U2,EUR,2026-W06,3701793,A,F,,,P7D,,E,,,,,,,,,0,,Securities held for monetary policy purposes - Eurosystem,"Euro area (changing composition), Eurosystem reporting sector - Securities held for monetary policy purposes, Euro - Euro area (changing composition) counterpart",EUR,6
ILM.W.U2.C.A070100.U2.EUR,W,U2,C,A070100,U2,EUR,2026-W07,3696125,A,F,,,P7D,,E,,,,,,,,,0,,Securities held for monetary policy purposes - Eurosystem,"Euro area (changing composition), Eurosystem reporting sector - Securities held for monetary policy purposes, Euro - Euro area (changing composition) counterpart",EUR,6
ILM.W.U2.C.A070100.U2.EUR,W,U2,C,A070100,U2,EUR,2026-W08,3679391,A,F,,,P7D,,E,,,,,,,,,0,,Securities held for monetary policy purposes - Eurosystem,"Euro area (changing composition), Eurosystem reporting sector - Securities held for monetary policy purposes, Euro - Euro area (changing composition) counterpart",EUR,6
ILM.W.U2.C.A070100.U2.EUR,W,U2,C,A070100,U2,EUR,2026-W09,3655897,A,F,,,P7D,,E,,,,,,,,,0,,Securities held for monetary policy purposes - Eurosystem,"Euro area (changing composition), Eurosystem reporting sector - Securities held for monetary policy purposes, Euro - Euro area (changing composition) counterpart",EUR,6
ILM.W.U2.C.A070100.U2.EUR,W,U2,C,A070100,U2,EUR,2026-W10,3633485,A,F,,,P7D,,E,,,,,,,,,0,,Securities held for monetary policy purposes - Eurosystem,"Euro area (changing composition), Eurosystem reporting sector - Securities held for monetary policy purposes, Euro - Euro area (changing composition) counterpart",EUR,6
ILM.W.U2.C.A070100.U2.EUR,W,U2,C,A070100,U2,EUR,2026-W11,3626495,A,F,,,P7D,,E,,,,,,,,,0,,Securities held for monetary policy purposes - Eurosystem,"Euro area (changing composition), Eurosystem reporting sector - Securities held for monetary policy purposes, Euro - Euro area (changing composition) counterpart",EUR,6
ILM.W.U2.C.A070100.U2.EUR,W,U2,C,A070100,U2,EUR,2026-W12,3615748,A,F,,,P7D,,E,,,,,,,,,0,,Securities held for monetary policy purposes - Eurosystem,"Euro area (changing composition), Eurosystem reporting sector - Securities held for monetary policy purposes, Euro - Euro area (changing composition) counterpart",EUR,6
ILM.W.U2.C.A070100.U2.EUR,W,U2,C,A070100,U2,EUR,2026-W13,3612034,A,F,,,P7D,,E,,,,,,,,,0,,Securities held for monetary policy purposes - Eurosystem,"Euro area (changing composition), Eurosystem reporting sector - Securities held for monetary policy purposes, Euro - Euro area (changing composition) counterpart",EUR,6
ILM.W.U2.C.A070100.U2.EUR,W,U2,C,A070100,U2,EUR,2026-W14,3591431,A,F,,,P7D,,E,,,,,,,,,0,,Securities held for monetary policy purposes - Eurosystem,"Euro area (changing composition), Eurosystem reporting sector - Securities held for monetary policy purposes, Euro - Euro area (changing composition) counterpart",EUR,6
ILM.W.U2.C.A070100.U2.EUR,W,U2,C,A070100,U2,EUR,2026-W15,3577486,A,F,,,P7D,,E,,,,,,,,,0,,Securities held for monetary policy purposes - Eurosystem,"Euro area (changing composition), Eurosystem reporting sector - Securities held for monetary policy purposes, Euro - Euro area (changing composition) counterpart",EUR,6
ILM.W.U2.C.A070100.U2.EUR,W,U2,C,A070100,U2,EUR,2026-W16,3548942,A,F,,,P7D,,E,,,,,,,,,0,,Securities held for monetary policy purposes - Eurosystem,"Euro area (changing composition), Eurosystem reporting sector - Securities held for monetary policy purposes, Euro - Euro area (changing composition) counterpart",EUR,6
ILM.W.U2.C.A070100.U2.EUR,W,U2,C,A070100,U2,EUR,2026-W17,3546939,A,F,,,P7D,,E,,,,,,,,,0,,Securities held for monetary policy purposes - Eurosystem,"Euro area (changing composition), Eurosystem reporting sector - Securities held for monetary policy purposes, Euro - Euro area (changing composition) counterpart",EUR,6
ILM.W.U2.C.A070100.U2.EUR,W,U2,C,A070100,U2,EUR,2026-W18,3522230,A,F,,,P7D,,E,,,,,,,,,0,,Securities held for monetary policy purposes - Eurosystem,"Euro area (changing composition), Eurosystem reporting sector - Securities held for monetary policy purposes, Euro - Euro area (changing composition) counterpart",EUR,6
ILM.W.U2.C.A070100.U2.EUR,W,U2,C,A070100,U2,EUR,2026-W19,3520408,A,F,,,P7D,,E,,,,,,,,,0,,Securities held for monetary policy purposes - Eurosystem,"Euro area (changing composition), Eurosystem reporting sector - Securities held for monetary policy purposes, Euro - Euro area (changing composition) counterpart",EUR,6
ILM.W.U2.C.A070100.U2.EUR,W,U2,C,A070100,U2,EUR,2026-W20,3511043,A,F,,,P7D,,E,,,,,,,,,0,,Securities held for monetary policy purposes - Eurosystem,"Euro area (changing composition), Eurosystem reporting sector - Securities held for monetary policy purposes, Euro - Euro area (changing composition) counterpart",EUR,6
ILM.W.U2.C.A070100.U2.EUR,W,U2,C,A070100,U2,EUR,2026-W21,3506061,A,F,,,P7D,,E,,,,,,,,,0,,Securities held for monetary policy purposes - Eurosystem,"Euro area (changing composition), Eurosystem reporting sector - Securities held for monetary policy purposes, Euro - Euro area (changing composition) counterpart",EUR,6
ILM.W.U2.C.A070100.U2.EUR,W,U2,C,A070100,U2,EUR,2026-W22,3479464,A,F,,,P7D,,E,,,,,,,,,0,,Securities held for monetary policy purposes - Eurosystem,"Euro area (changing composition), Eurosystem reporting sector - Securities held for monetary policy purposes, Euro - Euro area (changing composition) counterpart",EUR,6
ILM.W.U2.C.A070100.U2.EUR,W,U2,C,A070100,U2,EUR,2026-W23,3462780,A,F,,,P7D,,E,,,,,,,,,0,,Securities held for monetary policy purposes - Eurosystem,"Euro area (changing composition), Eurosystem reporting sector - Securities held for monetary policy purposes, Euro - Euro area (changing composition) counterpart",EUR,6
ILM.W.U2.C.A070100.U2.EUR,W,U2,C,A070100,U2,EUR,2026-W24,3459349,A,F,,,P7D,,E,,,,,,,,,0,,Securities held for monetary policy purposes - Eurosystem,"Euro area (changing composition), Eurosystem reporting sector - Securities held for monetary policy purposes, Euro - Euro area (changing composition) counterpart",EUR,6
ILM.W.U2.C.A070100.U2.EUR,W,U2,C,A070100,U2,EUR,2026-W25,3453467,A,F,,,P7D,,E,,,,,,,,,0,,Securities held for monetary policy purposes - Eurosystem,"Euro area (changing composition), Eurosystem reporting sector - Securities held for monetary policy purposes, Euro - Euro area (changing composition) counterpart",EUR,6
ILM.W.U2.C.A070100.U2.EUR,W,U2,C,A070100,U2,EUR,2026-W26,3443206,A,F,,,P7D,,E,,,,,,,,,0,,Securities held for monetary policy purposes - Eurosystem,"Euro area (changing composition), Eurosystem reporting sector - Securities held for monetary policy purposes, Euro - Euro area (changing composition) counterpart",EUR,6
ILM.W.U2.C.A070100.U2.EUR,W,U2,C,A070100,U2,EUR,2026-W27,3439589,A,F,,,P7D,,E,,,,,,,,,0,,Securities held for monetary policy purposes - Eurosystem,"Euro area (changing composition), Eurosystem reporting sector - Securities held for monetary policy purposes, Euro - Euro area (changing composition) counterpart",EUR,6
ILM.W.U2.C.A070100.U2.EUR,W,U2,C,A070100,U2,EUR,2026-W28,3427410,A,F,,,P7D,,E,,,,,,,,,0,,Securities held for monetary policy purposes - Eurosystem,"Euro area (changing composition), Eurosystem reporting sector - Securities held for monetary policy purposes, Euro - Euro area (changing composition) counterpart",EUR,6
ILM.W.U2.C.A070100.U2.EUR,W,U2,C,A070100,U2,EUR,2026-W29,3408962,A,F,,,P7D,,E,,,,,,,,,0,,Securities held for monetary policy purposes - Eurosystem,"Euro area (changing composition), Eurosystem reporting sector - Securities held for monetary policy purposes, Euro - Euro area (changing composition) counterpart",EUR,6
ILM.W.U2.C.A070100.U2.EUR,W,U2,C,A070100,U2,EUR,2026-W30,3398732,A,F,,,P7D,,E,,,,,,,,,0,,Securities held for monetary policy purposes - Eurosystem,"Euro area (changing composition), Eurosystem reporting sector - Securities held for monetary policy purposes, Euro - Euro area (changing composition) counterpart",EUR,6
ILM.W.U2.C.A070100.U2.EUR,W,U2,C,A070100,U2,EUR,2026-W31,3387967,A,F,,,P7D,,E,,,,,,,,,0,,Securities held for monetary policy purposes - Eurosystem,"Euro area (changing composition), Eurosystem reporting sector - Securities held for monetary policy purposes, Euro - Euro area (changing composition) counterpart",EUR,6
ILM.W.U2.C.A070100.U2.EUR,W,U2,C,A070100,U2,EUR,2026-W32,3381432,A,F,,,P7D,,E,,,,,,,,,0,,Securities held for monetary policy purposes - Eurosystem,"Euro area (changing composition), Eurosystem reporting sector - Securities held for monetary policy purposes, Euro - Euro area (changing composition) counterpart",EUR,6
ILM.W.U2.C.A070100.U2.EUR,W,U2,C,A070100,U2,EUR,2026-W33,3381231,A,F,,,P7D,,E,,,,,,,,,0,,Securities held for monetary policy purposes - Eurosystem,"Euro area (changing composition), Eurosystem reporting sector - Securities held for monetary policy purposes, Euro - Euro area (changing composition) counterpart",EUR,6
ILM.W.U2.C.A070100.U2.EUR,W,U2,C,A070100,U2,EUR,2026-W34,3365834,A,F,,,P7D,,E,,,,,,,,,0,,Securities held for monetary policy purposes - Eurosystem,"Euro area (changing composition), Eurosystem reporting sector - Securities held for monetary policy purposes, Euro - Euro area (changing composition) counterpart",EUR,6
ILM.W.U2.C.A070100.U2.EUR,W,U2,C,A070100,U2,EUR,2026-W35,3363311,A,F,,,P7D,,E,,,,,,,,,0,,Securities held for monetary policy purposes - Eurosystem,"Euro area (changing composition), Eurosystem reporting sector - Securities held for monetary policy purposes, Euro - Euro area (changing composition) counterpart",EUR,6
ILM.W.U2.C.A070100.U2.EUR,W,U2,C,A070100,U2,EUR,2026-W36,3360736,A,F,,,P7D,,E,,,,,,,,,0,,Securities held for monetary policy purposes - Eurosystem,"Euro area (changing composition), Eurosystem reporting sector - Securities held for monetary policy purposes, Euro - Euro area (changing composition) counterpart",EUR,6
