KEY,FREQ,REF_AREA,BS_REP_SECTOR,BS_ITEM,COUNT_AREA,CURRENCY_TRANS,TIME_PERIOD,OBS_VALUE,OBS_STATUS,OBS_CONF,OBS_PRE_BREAK,OBS_COM,TIME_FORMAT,BREAKS,COLLECTION,COMPILING_ORG,DISS_ORG,PUBL_ECB,PUBL_MU,PUBL_PUBLIC,AGG_EQUN,COMPILATION,COVERAGE,DECIMALS,SOURCE_AGENCY,TITLE,TITLE_COMPL,UNIT,UNIT_MULT
ILM.W.U2.C.A070200.U2.EUR,W,U2,C,A070200,U2,EUR,2014-W38,366858,A,F,,,P7D,,E,,,,,,,,,0,,Other securities - Eurosystem,"Euro area (changing composition), Eurosystem reporting sector - Other securities, Euro - Euro area (changing composition) counterpart",EUR,6
ILM.W.U2.C.A070200.U2.EUR,W,U2,C,A070200,U2,EUR,2014-W39,367335,A,F,,,P7D,,E,,,,,,,,,0,,Other securities - Eurosystem,"Euro area (changing composition), Eurosystem reporting sector - Other securities, Euro - Euro area (changing composition) counterpart",EUR,6
ILM.W.U2.C.A070200.U2.EUR,W,U2,C,A070200,U2,EUR,2014-W40,367224,A,F,,,P7D,,E,,,,,,,,,0,,Other securities - Eurosystem,"Euro area (changing composition), Eurosystem reporting sector - Other securities, Euro - Euro area (changing composition) counterpart",EUR,6
ILM.W.U2.C.A070200.U2.EUR,W,U2,C,A070200,U2,EUR,2014-W41,367047,A,F,,,P7D,,E,,,,,,,,,0,,Other securities - Eurosystem,"Euro area (changing composition), Eurosystem reporting sector - Other securities, Euro - Euro area (changing composition) counterpart",EUR,6
ILM.W.U2.C.A070200.U2.EUR,W,U2,C,A070200,U2,EUR,2014-W42,367850,A,F,,,P7D,,E,,,,,,,,,0,,Other securities - Eurosystem,"Euro area (changing composition), Eurosystem reporting sector - Other securities, Euro - Euro area (changing composition) counterpart",EUR,6
ILM.W.U2.C.A070200.U2.EUR,W,U2,C,A070200,U2,EUR,2014-W43,368826,A,F,,,P7D,,E,,,,,,,,,0,,Other securities - Eurosystem,"Euro area (changing composition), Eurosystem reporting sector - Other securities, Euro - Euro area (changing composition) counterpart",EUR,6
ILM.W.U2.C.A070200.U2.EUR,W,U2,C,A070200,U2,EUR,2014-W44,364154,A,F,,,P7D,,E,,,,,,,,,0,,Other securities - Eurosystem,"Euro area (changing composition), Eurosystem reporting sector - Other securities, Euro - Euro area (changing composition) counterpart",EUR,6
ILM.W.U2.C.A070200.U2.EUR,W,U2,C,A070200,U2,EUR,2014-W45,364985,A,F,,,P7D,,E,,,,,,,,,0,,Other securities - Eurosystem,"Euro area (changing composition), Eurosystem reporting sector - Other securities, Euro - Euro area (changing composition) counterpart",EUR,6
ILM.W.U2.C.A070200.U2.EUR,W,U2,C,A070200,U2,EUR,2014-W46,364989,A,F,,,P7D,,E,,,,,,,,,0,,Other securities - Eurosystem,"Euro area (changing composition), Eurosystem reporting sector - Other securities, Euro - Euro area (changing composition) counterpart",EUR,6
ILM.W.U2.C.A070200.U2.EUR,W,U2,C,A070200,U2,EUR,2014-W47,364477,A,F,,,P7D,,E,,,,,,,,,0,,Other securities - Eurosystem,"Euro area (changing composition), Eurosystem reporting sector - Other securities, Euro - Euro area (changing composition) counterpart",EUR,6
ILM.W.U2.C.A070200.U2.EUR,W,U2,C,A070200,U2,EUR,2014-W48,366082,A,F,,,P7D,,E,,,,,,,,,0,,Other securities - Eurosystem,"Euro area (changing composition), Eurosystem reporting sector - Other securities, Euro - Euro area (changing composition) counterpart",EUR,6
ILM.W.U2.C.A070200.U2.EUR,W,U2,C,A070200,U2,EUR,2014-W49,367243,A,F,,,P7D,,E,,,,,,,,,0,,Other securities - Eurosystem,"Euro area (changing composition), Eurosystem reporting sector - Other securities, Euro - Euro area (changing composition) counterpart",EUR,6
ILM.W.U2.C.A070200.U2.EUR,W,U2,C,A070200,U2,EUR,2014-W50,368364,A,F,,,P7D,,E,,,,,,,,,0,,Other securities - Eurosystem,"Euro area (changing composition), Eurosystem reporting sector - Other securities, Euro - Euro area (changing composition) counterpart",EUR,6
ILM.W.U2.C.A070200.U2.EUR,W,U2,C,A070200,U2,EUR,2014-W51,370377,A,F,,,P7D,,E,,,,,,,,,0,,Other securities - Eurosystem,"Euro area (changing composition), Eurosystem reporting sector - Other securities, Euro - Euro area (changing composition) counterpart",EUR,6
ILM.W.U2.C.A070200.U2.EUR,W,U2,C,A070200,U2,EUR,2014-W52,370618,A,F,,,P7D,,E,,,,,,,,,0,,Other securities - Eurosystem,"Euro area (changing composition), Eurosystem reporting sector - Other securities, Euro - Euro area (changing composition) counterpart",EUR,6
ILM.W.U2.C.A070200.U2.EUR,W,U2,C,A070200,U2,EUR,2015-W01,375171,A,F,,,P7D,,E,,,,,,,,,0,,Other securities - Eurosystem,"Euro area (changing composition), Eurosystem reporting sector - Other securities, Euro - Euro area (changing composition) counterpart",EUR,6
ILM.W.U2.C.A070200.U2.EUR,W,U2,C,A070200,U2,EUR,2015-W02,374257,A,F,,,P7D,,E,,,,,,,,,0,,Other securities - Eurosystem,"Euro area (changing composition), Eurosystem reporting sector - Other securities, Euro - Euro area (changing composition) counterpart",EUR,6
ILM.W.U2.C.A070200.U2.EUR,W,U2,C,A070200,U2,EUR,2015-W03,373908,A,F,,,P7D,,E,,,,,,,,,0,,Other securities - Eurosystem,"Euro area (changing composition), Eurosystem reporting sector - Other securities, Euro - Euro area (changing composition) counterpart",EUR,6
ILM.W.U2.C.A070200.U2.EUR,W,U2,C,A070200,U2,EUR,2015-W04,374893,A,F,,,P7D,,E,,,,,,,,,0,,Other securities - Eurosystem,"Euro area (changing composition), Eurosystem reporting sector - Other securities, Euro - Euro area (changing composition) counterpart",EUR,6
ILM.W.U2.C.A070200.U2.EUR,W,U2,C,A070200,U2,EUR,2015-W05,376251,A,F,,,P7D,,E,,,,,,,,,0,,Other securities - Eurosystem,"Euro area (changing composition), Eurosystem reporting sector - Other securities, Euro - Euro area (changing composition) counterpart",EUR,6
ILM.W.U2.C.A070200.U2.EUR,W,U2,C,A070200,U2,EUR,2015-W06,374386,A,F,,,P7D,,E,,,,,,,,,0,,Other securities - Eurosystem,"Euro area (changing composition), Eurosystem reporting sector - Other securities, Euro - Euro area (changing composition) counterpart",EUR,6
ILM.W.U2.C.A070200.U2.EUR,W,U2,C,A070200,U2,EUR,2015-W07,377102,A,F,,,P7D,,E,,,,,,,,,0,,Other securities - Eurosystem,"Euro area (changing composition), Eurosystem reporting sector - Other securities, Euro - Euro area (changing composition) counterpart",EUR,6
ILM.W.U2.C.A070200.U2.EUR,W,U2,C,A070200,U2,EUR,2015-W08,378609,A,F,,,P7D,,E,,,,,,,,,0,,Other securities - Eurosystem,"Euro area (changing composition), Eurosystem reporting sector - Other securities, Euro - Euro area (changing composition) counterpart",EUR,6
ILM.W.U2.C.A070200.U2.EUR,W,U2,C,A070200,U2,EUR,2015-W09,377409,A,F,,,P7D,,E,,,,,,,,,0,,Other securities - Eurosystem,"Euro area (changing composition), Eurosystem reporting sector - Other securities, Euro - Euro area (changing composition) counterpart",EUR,6
ILM.W.U2.C.A070200.U2.EUR,W,U2,C,A070200,U2,EUR,2015-W10,376745,A,F,,,P7D,,E,,,,,,,,,0,,Other securities - Eurosystem,"Euro area (changing composition), Eurosystem reporting sector - Other securities, Euro - Euro area (changing composition) counterpart",EUR,6
ILM.W.U2.C.A070200.U2.EUR,W,U2,C,A070200,U2,EUR,2015-W11,374631,A,F,,,P7D,,E,,,,,,,,,0,,Other securities - Eurosystem,"Euro area (changing composition), Eurosystem reporting sector - Other securities, Euro - Euro area (changing composition) counterpart",EUR,6
ILM.W.U2.C.A070200.U2.EUR,W,U2,C,A070200,U2,EUR,2015-W12,374586,A,F,,,P7D,,E,,,,,,,,,0,,Other securities - Eurosystem,"Euro area (changing composition), Eurosystem reporting sector - Other securities, Euro - Euro area (changing composition) counterpart",EUR,6
ILM.W.U2.C.A070200.U2.EUR,W,U2,C,A070200,U2,EUR,2015-W13,375609,A,F,,,P7D,,E,,,,,,,,,0,,Other securities - Eurosystem,"Euro area (changing composition), Eurosystem reporting sector - Other securities, Euro - Euro area (changing composition) counterpart",EUR,6
ILM.W.U2.C.A070200.U2.EUR,W,U2,C,A070200,U2,EUR,2015-W14,378607,A,F,,,P7D,,E,,,,,,,,,0,,Other securities - Eurosystem,"Euro area (changing composition), Eurosystem reporting sector - Other securities, Euro - Euro area (changing composition) counterpart",EUR,6
ILM.W.U2.C.A070200.U2.EUR,W,U2,C,A070200,U2,EUR,2015-W15,378103,A,F,,,P7D,,E,,,,,,,,,0,,Other securities - Eurosystem,"Euro area (changing composition), Eurosystem reporting sector - Other securities, Euro - Euro area (changing composition) counterpart",EUR,6
ILM.W.U2.C.A070200.U2.EUR,W,U2,C,A070200,U2,EUR,2015-W16,376829,A,F,,,P7D,,E,,,,,,,,,0,,Other securities - Eurosystem,"Euro area (changing composition), Eurosystem reporting sector - Other securities, Euro - Euro area (changing composition) counterpart",EUR,6
ILM.W.U2.C.A070200.U2.EUR,W,U2,C,A070200,U2,EUR,2015-W17,377737,A,F,,,P7D,,E,,,,,,,,,0,,Other securities - Eurosystem,"Euro area (changing composition), Eurosystem reporting sector - Other securities, Euro - Euro area (changing composition) counterpart",EUR,6
ILM.W.U2.C.A070200.U2.EUR,W,U2,C,A070200,U2,EUR,2015-W18,374062,A,F,,,P7D,,E,,,,,,,,,0,,Other securities - Eurosystem,"Euro area (changing composition), Eurosystem reporting sector - Other securities, Euro - Euro area (changing composition) counterpart",EUR,6
ILM.W.U2.C.A070200.U2.EUR,W,U2,C,A070200,U2,EUR,2015-W19,375066,A,F,,,P7D,,E,,,,,,,,,0,,Other securities - Eurosystem,"Euro area (changing composition), Eurosystem reporting sector - Other securities, Euro - Euro area (changing composition) counterpart",EUR,6
ILM.W.U2.C.A070200.U2.EUR,W,U2,C,A070200,U2,EUR,2015-W20,373857,A,F,,,P7D,,E,,,,,,,,,0,,Other securities - Eurosystem,"Euro area (changing composition), Eurosystem reporting sector - Other securities, Euro - Euro area (changing composition) counterpart",EUR,6
ILM.W.U2.C.A070200.U2.EUR,W,U2,C,A070200,U2,EUR,2015-W21,373757,A,F,,,P7D,,E,,,,,,,,,0,,Other securities - Eurosystem,"Euro area (changing composition), Eurosystem reporting sector - Other securities, Euro - Euro area (changing composition) counterpart",EUR,6
ILM.W.U2.C.A070200.U2.EUR,W,U2,C,A070200,U2,EUR,2015-W22,373444,A,F,,,P7D,,E,,,,,,,,,0,,Other securities - Eurosystem,"Euro area (changing composition), Eurosystem reporting sector - Other securities, Euro - Euro area (changing composition) counterpart",EUR,6
ILM.W.U2.C.A070200.U2.EUR,W,U2,C,A070200,U2,EUR,2015-W23,373931,A,F,,,P7D,,E,,,,,,,,,0,,Other securities - Eurosystem,"Euro area (changing composition), Eurosystem reporting sector - Other securities, Euro - Euro area (changing composition) counterpart",EUR,6
ILM.W.U2.C.A070200.U2.EUR,W,U2,C,A070200,U2,EUR,2015-W24,374658,A,F,,,P7D,,E,,,,,,,,,0,,Other securities - Eurosystem,"Euro area (changing composition), Eurosystem reporting sector - Other securities, Euro - Euro area (changing composition) counterpart",EUR,6
ILM.W.U2.C.A070200.U2.EUR,W,U2,C,A070200,U2,EUR,2015-W25,373650,A,F,,,P7D,,E,,,,,,,,,0,,Other securities - Eurosystem,"Euro area (changing composition), Eurosystem reporting sector - Other securities, Euro - Euro area (changing composition) counterpart",EUR,6
ILM.W.U2.C.A070200.U2.EUR,W,U2,C,A070200,U2,EUR,2015-W26,374094,A,F,,,P7D,,E,,,,,,,,,0,,Other securities - Eurosystem,"Euro area (changing composition), Eurosystem reporting sector - Other securities, Euro - Euro area (changing composition) counterpart",EUR,6
ILM.W.U2.C.A070200.U2.EUR,W,U2,C,A070200,U2,EUR,2015-W27,367489,A,F,,,P7D,,E,,,,,,,,,0,,Other securities - Eurosystem,"Euro area (changing composition), Eurosystem reporting sector - Other securities, Euro - Euro area (changing composition) counterpart",EUR,6
ILM.W.U2.C.A070200.U2.EUR,W,U2,C,A070200,U2,EUR,2015-W28,365551,A,F,,,P7D,,E,,,,,,,,,0,,Other securities - Eurosystem,"Euro area (changing composition), Eurosystem reporting sector - Other securities, Euro - Euro area (changing composition) counterpart",EUR,6
ILM.W.U2.C.A070200.U2.EUR,W,U2,C,A070200,U2,EUR,2015-W29,361039,A,F,,,P7D,,E,,,,,,,,,0,,Other securities - Eurosystem,"Euro area (changing composition), Eurosystem reporting sector - Other securities, Euro - Euro area (changing composition) counterpart",EUR,6
ILM.W.U2.C.A070200.U2.EUR,W,U2,C,A070200,U2,EUR,2015-W30,360528,A,F,,,P7D,,E,,,,,,,,,0,,Other securities - Eurosystem,"Euro area (changing composition), Eurosystem reporting sector - Other securities, Euro - Euro area (changing composition) counterpart",EUR,6
ILM.W.U2.C.A070200.U2.EUR,W,U2,C,A070200,U2,EUR,2015-W31,359957,A,F,,,P7D,,E,,,,,,,,,0,,Other securities - Eurosystem,"Euro area (changing composition), Eurosystem reporting sector - Other securities, Euro - Euro area (changing composition) counterpart",EUR,6
ILM.W.U2.C.A070200.U2.EUR,W,U2,C,A070200,U2,EUR,2015-W32,358297,A,F,,,P7D,,E,,,,,,,,,0,,Other securities - Eurosystem,"Euro area (changing composition), Eurosystem reporting sector - Other securities, Euro - Euro area (changing composition) counterpart",EUR,6
ILM.W.U2.C.A070200.U2.EUR,W,U2,C,A070200,U2,EUR,2015-W33,359071,A,F,,,P7D,,E,,,,,,,,,0,,Other securities - Eurosystem,"Euro area (changing composition), Eurosystem reporting sector - Other securities, Euro - Euro area (changing composition) counterpart",EUR,6
ILM.W.U2.C.A070200.U2.EUR,W,U2,C,A070200,U2,EUR,2015-W34,358166,A,F,,,P7D,,E,,,,,,,,,0,,Other securities - Eurosystem,"Euro area (changing composition), Eurosystem reporting sector - Other securities, Euro - Euro area (changing composition) counterpart",EUR,6
ILM.W.U2.C.A070200.U2.EUR,W,U2,C,A070200,U2,EUR,2015-W35,359227,A,F,,,P7D,,E,,,,,,,,,0,,Other securities - Eurosystem,"Euro area (changing composition), Eurosystem reporting sector - Other securities, Euro - Euro area (changing composition) counterpart",EUR,6
ILM.W.U2.C.A070200.U2.EUR,W,U2,C,A070200,U2,EUR,2015-W36,359545,A,F,,,P7D,,E,,,,,,,,,0,,Other securities - Eurosystem,"Euro area (changing composition), Eurosystem reporting sector - Other securities, Euro - Euro area (changing composition) counterpart",EUR,6
ILM.W.U2.C.A070200.U2.EUR,W,U2,C,A070200,U2,EUR,2015-W37,358257,A,F,,,P7D,,E,,,,,,,,,0,,Other securities - Eurosystem,"Euro area (changing composition), Eurosystem reporting sector - Other securities, Euro - Euro area (changing composition) counterpart",EUR,6
ILM.W.U2.C.A070200.U2.EUR,W,U2,C,A070200,U2,EUR,2015-W38,358291,A,F,,,P7D,,E,,,,,,,,,0,,Other securities - Eurosystem,"Euro area (changing composition), Eurosystem reporting sector - Other securities, Euro - Euro area (changing composition) counterpart",EUR,6
ILM.W.U2.C.A070200.U2.EUR,W,U2,C,A070200,U2,EUR,2015-W39,358880,A,F,,,P7D,,E,,,,,,,,,0,,Other securities - Eurosystem,"Euro area (changing composition), Eurosystem reporting sector - Other securities, Euro - Euro area (changing composition) counterpart",EUR,6
ILM.W.U2.C.A070200.U2.EUR,W,U2,C,A070200,U2,EUR,2015-W40,359122,A,F,,,P7D,,E,,,,,,,,,0,,Other securities - Eurosystem,"Euro area (changing composition), Eurosystem reporting sector - Other securities, Euro - Euro area (changing composition) counterpart",EUR,6
ILM.W.U2.C.A070200.U2.EUR,W,U2,C,A070200,U2,EUR,2015-W41,359195,A,F,,,P7D,,E,,,,,,,,,0,,Other securities - Eurosystem,"Euro area (changing composition), Eurosystem reporting sector - Other securities, Euro - Euro area (changing composition) counterpart",EUR,6
ILM.W.U2.C.A070200.U2.EUR,W,U2,C,A070200,U2,EUR,2015-W42,359147,A,F,,,P7D,,E,,,,,,,,,0,,Other securities - Eurosystem,"Euro area (changing composition), Eurosystem reporting sector - Other securities, Euro - Euro area (changing composition) counterpart",EUR,6
ILM.W.U2.C.A070200.U2.EUR,W,U2,C,A070200,U2,EUR,2015-W43,360155,A,F,,,P7D,,E,,,,,,,,,0,,Other securities - Eurosystem,"Euro area (changing composition), Eurosystem reporting sector - Other securities, Euro - Euro area (changing composition) counterpart",EUR,6
ILM.W.U2.C.A070200.U2.EUR,W,U2,C,A070200,U2,EUR,2015-W44,358123,A,F,,,P7D,,E,,,,,,,,,0,,Other securities - Eurosystem,"Euro area (changing composition), Eurosystem reporting sector - Other securities, Euro - Euro area (changing composition) counterpart",EUR,6
ILM.W.U2.C.A070200.U2.EUR,W,U2,C,A070200,U2,EUR,2015-W45,357873,A,F,,,P7D,,E,,,,,,,,,0,,Other securities - Eurosystem,"Euro area (changing composition), Eurosystem reporting sector - Other securities, Euro - Euro area (changing composition) counterpart",EUR,6
ILM.W.U2.C.A070200.U2.EUR,W,U2,C,A070200,U2,EUR,2015-W46,358227,A,F,,,P7D,,E,,,,,,,,,0,,Other securities - Eurosystem,"Euro area (changing composition), Eurosystem reporting sector - Other securities, Euro - Euro area (changing composition) counterpart",EUR,6
ILM.W.U2.C.A070200.U2.EUR,W,U2,C,A070200,U2,EUR,2015-W47,358581,A,F,,,P7D,,E,,,,,,,,,0,,Other securities - Eurosystem,"Euro area (changing composition), Eurosystem reporting sector - Other securities, Euro - Euro area (changing composition) counterpart",EUR,6
ILM.W.U2.C.A070200.U2.EUR,W,U2,C,A070200,U2,EUR,2015-W48,359011,A,F,,,P7D,,E,,,,,,,,,0,,Other securities - Eurosystem,"Euro area (changing composition), Eurosystem reporting sector - Other securities, Euro - Euro area (changing composition) counterpart",EUR,6
ILM.W.U2.C.A070200.U2.EUR,W,U2,C,A070200,U2,EUR,2015-W49,358246,A,F,,,P7D,,E,,,,,,,,,0,,Other securities - Eurosystem,"Euro area (changing composition), Eurosystem reporting sector - Other securities, Euro - Euro area (changing composition) counterpart",EUR,6
ILM.W.U2.C.A070200.U2.EUR,W,U2,C,A070200,U2,EUR,2015-W50,359111,A,F,,,P7D,,E,,,,,,,,,0,,Other securities - Eurosystem,"Euro area (changing composition), Eurosystem reporting sector - Other securities, Euro - Euro area (changing composition) counterpart",EUR,6
ILM.W.U2.C.A070200.U2.EUR,W,U2,C,A070200,U2,EUR,2015-W51,358664,A,F,,,P7D,,E,,,,,,,,,0,,Other securities - Eurosystem,"Euro area (changing composition), Eurosystem reporting sector - Other securities, Euro - Euro area (changing composition) counterpart",EUR,6
ILM.W.U2.C.A070200.U2.EUR,W,U2,C,A070200,U2,EUR,2015-W52,358066,A,F,,,P7D,,E,,,,,,,,,0,,Other securities - Eurosystem,"Euro area (changing composition), Eurosystem reporting sector - Other securities, Euro - Euro area (changing composition) counterpart",EUR,6
ILM.W.U2.C.A070200.U2.EUR,W,U2,C,A070200,U2,EUR,2015-W53,358023,A,F,,,P7D,,E,,,,,,,,,0,,Other securities - Eurosystem,"Euro area (changing composition), Eurosystem reporting sector - Other securities, Euro - Euro area (changing composition) counterpart",EUR,6
ILM.W.U2.C.A070200.U2.EUR,W,U2,C,A070200,U2,EUR,2016-W01,356671,A,F,,,P7D,,E,,,,,,,,,0,,Other securities - Eurosystem,"Euro area (changing composition), Eurosystem reporting sector - Other securities, Euro - Euro area (changing composition) counterpart",EUR,6
ILM.W.U2.C.A070200.U2.EUR,W,U2,C,A070200,U2,EUR,2016-W02,355715,A,F,,,P7D,,E,,,,,,,,,0,,Other securities - Eurosystem,"Euro area (changing composition), Eurosystem reporting sector - Other securities, Euro - Euro area (changing composition) counterpart",EUR,6
ILM.W.U2.C.A070200.U2.EUR,W,U2,C,A070200,U2,EUR,2016-W03,355367,A,F,,,P7D,,E,,,,,,,,,0,,Other securities - Eurosystem,"Euro area (changing composition), Eurosystem reporting sector - Other securities, Euro - Euro area (changing composition) counterpart",EUR,6
ILM.W.U2.C.A070200.U2.EUR,W,U2,C,A070200,U2,EUR,2016-W04,353808,A,F,,,P7D,,E,,,,,,,,,0,,Other securities - Eurosystem,"Euro area (changing composition), Eurosystem reporting sector - Other securities, Euro - Euro area (changing composition) counterpart",EUR,6
ILM.W.U2.C.A070200.U2.EUR,W,U2,C,A070200,U2,EUR,2016-W05,352750,A,F,,,P7D,,E,,,,,,,,,0,,Other securities - Eurosystem,"Euro area (changing composition), Eurosystem reporting sector - Other securities, Euro - Euro area (changing composition) counterpart",EUR,6
ILM.W.U2.C.A070200.U2.EUR,W,U2,C,A070200,U2,EUR,2016-W06,352164,A,F,,,P7D,,E,,,,,,,,,0,,Other securities - Eurosystem,"Euro area (changing composition), Eurosystem reporting sector - Other securities, Euro - Euro area (changing composition) counterpart",EUR,6
ILM.W.U2.C.A070200.U2.EUR,W,U2,C,A070200,U2,EUR,2016-W07,352333,A,F,,,P7D,,E,,,,,,,,,0,,Other securities - Eurosystem,"Euro area (changing composition), Eurosystem reporting sector - Other securities, Euro - Euro area (changing composition) counterpart",EUR,6
ILM.W.U2.C.A070200.U2.EUR,W,U2,C,A070200,U2,EUR,2016-W08,351325,A,F,,,P7D,,E,,,,,,,,,0,,Other securities - Eurosystem,"Euro area (changing composition), Eurosystem reporting sector - Other securities, Euro - Euro area (changing composition) counterpart",EUR,6
ILM.W.U2.C.A070200.U2.EUR,W,U2,C,A070200,U2,EUR,2016-W09,351442,A,F,,,P7D,,E,,,,,,,,,0,,Other securities - Eurosystem,"Euro area (changing composition), Eurosystem reporting sector - Other securities, Euro - Euro area (changing composition) counterpart",EUR,6
ILM.W.U2.C.A070200.U2.EUR,W,U2,C,A070200,U2,EUR,2016-W10,350483,A,F,,,P7D,,E,,,,,,,,,0,,Other securities - Eurosystem,"Euro area (changing composition), Eurosystem reporting sector - Other securities, Euro - Euro area (changing composition) counterpart",EUR,6
ILM.W.U2.C.A070200.U2.EUR,W,U2,C,A070200,U2,EUR,2016-W11,350161,A,F,,,P7D,,E,,,,,,,,,0,,Other securities - Eurosystem,"Euro area (changing composition), Eurosystem reporting sector - Other securities, Euro - Euro area (changing composition) counterpart",EUR,6
ILM.W.U2.C.A070200.U2.EUR,W,U2,C,A070200,U2,EUR,2016-W12,350066,A,F,,,P7D,,E,,,,,,,,,0,,Other securities - Eurosystem,"Euro area (changing composition), Eurosystem reporting sector - Other securities, Euro - Euro area (changing composition) counterpart",EUR,6
ILM.W.U2.C.A070200.U2.EUR,W,U2,C,A070200,U2,EUR,2016-W13,350713,A,F,,,P7D,,E,,,,,,,,,0,,Other securities - Eurosystem,"Euro area (changing composition), Eurosystem reporting sector - Other securities, Euro - Euro area (changing composition) counterpart",EUR,6
ILM.W.U2.C.A070200.U2.EUR,W,U2,C,A070200,U2,EUR,2016-W14,350237,A,F,,,P7D,,E,,,,,,,,,0,,Other securities - Eurosystem,"Euro area (changing composition), Eurosystem reporting sector - Other securities, Euro - Euro area (changing composition) counterpart",EUR,6
ILM.W.U2.C.A070200.U2.EUR,W,U2,C,A070200,U2,EUR,2016-W15,349016,A,F,,,P7D,,E,,,,,,,,,0,,Other securities - Eurosystem,"Euro area (changing composition), Eurosystem reporting sector - Other securities, Euro - Euro area (changing composition) counterpart",EUR,6
ILM.W.U2.C.A070200.U2.EUR,W,U2,C,A070200,U2,EUR,2016-W16,349333,A,F,,,P7D,,E,,,,,,,,,0,,Other securities - Eurosystem,"Euro area (changing composition), Eurosystem reporting sector - Other securities, Euro - Euro area (changing composition) counterpart",EUR,6
ILM.W.U2.C.A070200.U2.EUR,W,U2,C,A070200,U2,EUR,2016-W17,346308,A,F,,,P7D,,E,,,,,,,,,0,,Other securities - Eurosystem,"Euro area (changing composition), Eurosystem reporting sector - Other securities, Euro - Euro area (changing composition) counterpart",EUR,6
ILM.W.U2.C.A070200.U2.EUR,W,U2,C,A070200,U2,EUR,2016-W18,347706,A,F,,,P7D,,E,,,,,,,,,0,,Other securities - Eurosystem,"Euro area (changing composition), Eurosystem reporting sector - Other securities, Euro - Euro area (changing composition) counterpart",EUR,6
ILM.W.U2.C.A070200.U2.EUR,W,U2,C,A070200,U2,EUR,2016-W19,347010,A,F,,,P7D,,E,,,,,,,,,0,,Other securities - Eurosystem,"Euro area (changing composition), Eurosystem reporting sector - Other securities, Euro - Euro area (changing composition) counterpart",EUR,6
ILM.W.U2.C.A070200.U2.EUR,W,U2,C,A070200,U2,EUR,2016-W20,346931,A,F,,,P7D,,E,,,,,,,,,0,,Other securities - Eurosystem,"Euro area (changing composition), Eurosystem reporting sector - Other securities, Euro - Euro area (changing composition) counterpart",EUR,6
ILM.W.U2.C.A070200.U2.EUR,W,U2,C,A070200,U2,EUR,2016-W21,347133,A,F,,,P7D,,E,,,,,,,,,0,,Other securities - Eurosystem,"Euro area (changing composition), Eurosystem reporting sector - Other securities, Euro - Euro area (changing composition) counterpart",EUR,6
ILM.W.U2.C.A070200.U2.EUR,W,U2,C,A070200,U2,EUR,2016-W22,346988,A,F,,,P7D,,E,,,,,,,,,0,,Other securities - Eurosystem,"Euro area (changing composition), Eurosystem reporting sector - Other securities, Euro - Euro area (changing composition) counterpart",EUR,6
ILM.W.U2.C.A070200.U2.EUR,W,U2,C,A070200,U2,EUR,2016-W23,346064,A,F,,,P7D,,E,,,,,,,,,0,,Other securities - Eurosystem,"Euro area (changing composition), Eurosystem reporting sector - Other securities, Euro - Euro area (changing composition) counterpart",EUR,6
ILM.W.U2.C.A070200.U2.EUR,W,U2,C,A070200,U2,EUR,2016-W24,345561,A,F,,,P7D,,E,,,,,,,,,0,,Other securities - Eurosystem,"Euro area (changing composition), Eurosystem reporting sector - Other securities, Euro - Euro area (changing composition) counterpart",EUR,6
ILM.W.U2.C.A070200.U2.EUR,W,U2,C,A070200,U2,EUR,2016-W25,346051,A,F,,,P7D,,E,,,,,,,,,0,,Other securities - Eurosystem,"Euro area (changing composition), Eurosystem reporting sector - Other securities, Euro - Euro area (changing composition) counterpart",EUR,6
ILM.W.U2.C.A070200.U2.EUR,W,U2,C,A070200,U2,EUR,2016-W26,347843,A,F,,,P7D,,E,,,,,,,,,0,,Other securities - Eurosystem,"Euro area (changing composition), Eurosystem reporting sector - Other securities, Euro - Euro area (changing composition) counterpart",EUR,6
ILM.W.U2.C.A070200.U2.EUR,W,U2,C,A070200,U2,EUR,2016-W27,345284,A,F,,,P7D,,E,,,,,,,,,0,,Other securities - Eurosystem,"Euro area (changing composition), Eurosystem reporting sector - Other securities, Euro - Euro area (changing composition) counterpart",EUR,6
ILM.W.U2.C.A070200.U2.EUR,W,U2,C,A070200,U2,EUR,2016-W28,342269,A,F,,,P7D,,E,,,,,,,,,0,,Other securities - Eurosystem,"Euro area (changing composition), Eurosystem reporting sector - Other securities, Euro - Euro area (changing composition) counterpart",EUR,6
ILM.W.U2.C.A070200.U2.EUR,W,U2,C,A070200,U2,EUR,2016-W29,342297,A,F,,,P7D,,E,,,,,,,,,0,,Other securities - Eurosystem,"Euro area (changing composition), Eurosystem reporting sector - Other securities, Euro - Euro area (changing composition) counterpart",EUR,6
ILM.W.U2.C.A070200.U2.EUR,W,U2,C,A070200,U2,EUR,2016-W30,340574,A,F,,,P7D,,E,,,,,,,,,0,,Other securities - Eurosystem,"Euro area (changing composition), Eurosystem reporting sector - Other securities, Euro - Euro area (changing composition) counterpart",EUR,6
ILM.W.U2.C.A070200.U2.EUR,W,U2,C,A070200,U2,EUR,2016-W31,337640,A,F,,,P7D,,E,,,,,,,,,0,,Other securities - Eurosystem,"Euro area (changing composition), Eurosystem reporting sector - Other securities, Euro - Euro area (changing composition) counterpart",EUR,6
ILM.W.U2.C.A070200.U2.EUR,W,U2,C,A070200,U2,EUR,2016-W32,337601,A,F,,,P7D,,E,,,,,,,,,0,,Other securities - Eurosystem,"Euro area (changing composition), Eurosystem reporting sector - Other securities, Euro - Euro area (changing composition) counterpart",EUR,6
ILM.W.U2.C.A070200.U2.EUR,W,U2,C,A070200,U2,EUR,2016-W33,337215,A,F,,,P7D,,E,,,,,,,,,0,,Other securities - Eurosystem,"Euro area (changing composition), Eurosystem reporting sector - Other securities, Euro - Euro area (changing composition) counterpart",EUR,6
ILM.W.U2.C.A070200.U2.EUR,W,U2,C,A070200,U2,EUR,2016-W34,337157,A,F,,,P7D,,E,,,,,,,,,0,,Other securities - Eurosystem,"Euro area (changing composition), Eurosystem reporting sector - Other securities, Euro - Euro area (changing composition) counterpart",EUR,6
ILM.W.U2.C.A070200.U2.EUR,W,U2,C,A070200,U2,EUR,2016-W35,336647,A,F,,,P7D,,E,,,,,,,,,0,,Other securities - Eurosystem,"Euro area (changing composition), Eurosystem reporting sector - Other securities, Euro - Euro area (changing composition) counterpart",EUR,6
ILM.W.U2.C.A070200.U2.EUR,W,U2,C,A070200,U2,EUR,2016-W36,336197,A,F,,,P7D,,E,,,,,,,,,0,,Other securities - Eurosystem,"Euro area (changing composition), Eurosystem reporting sector - Other securities, Euro - Euro area (changing composition) counterpart",EUR,6
ILM.W.U2.C.A070200.U2.EUR,W,U2,C,A070200,U2,EUR,2016-W37,332675,A,F,,,P7D,,E,,,,,,,,,0,,Other securities - Eurosystem,"Euro area (changing composition), Eurosystem reporting sector - Other securities, Euro - Euro area (changing composition) counterpart",EUR,6
ILM.W.U2.C.A070200.U2.EUR,W,U2,C,A070200,U2,EUR,2016-W38,331273,A,F,,,P7D,,E,,,,,,,,,0,,Other securities - Eurosystem,"Euro area (changing composition), Eurosystem reporting sector - Other securities, Euro - Euro area (changing composition) counterpart",EUR,6
ILM.W.U2.C.A070200.U2.EUR,W,U2,C,A070200,U2,EUR,2016-W39,329286,A,F,,,P7D,,E,,,,,,,,,0,,Other securities - Eurosystem,"Euro area (changing composition), Eurosystem reporting sector - Other securities, Euro - Euro area (changing composition) counterpart",EUR,6
ILM.W.U2.C.A070200.U2.EUR,W,U2,C,A070200,U2,EUR,2016-W40,329553,A,F,,,P7D,,E,,,,,,,,,0,,Other securities - Eurosystem,"Euro area (changing composition), Eurosystem reporting sector - Other securities, Euro - Euro area (changing composition) counterpart",EUR,6
ILM.W.U2.C.A070200.U2.EUR,W,U2,C,A070200,U2,EUR,2016-W41,329386,A,F,,,P7D,,E,,,,,,,,,0,,Other securities - Eurosystem,"Euro area (changing composition), Eurosystem reporting sector - Other securities, Euro - Euro area (changing composition) counterpart",EUR,6
ILM.W.U2.C.A070200.U2.EUR,W,U2,C,A070200,U2,EUR,2016-W42,329295,A,F,,,P7D,,E,,,,,,,,,0,,Other securities - Eurosystem,"Euro area (changing composition), Eurosystem reporting sector - Other securities, Euro - Euro area (changing composition) counterpart",EUR,6
ILM.W.U2.C.A070200.U2.EUR,W,U2,C,A070200,U2,EUR,2016-W43,327472,A,F,,,P7D,,E,,,,,,,,,0,,Other securities - Eurosystem,"Euro area (changing composition), Eurosystem reporting sector - Other securities, Euro - Euro area (changing composition) counterpart",EUR,6
ILM.W.U2.C.A070200.U2.EUR,W,U2,C,A070200,U2,EUR,2016-W44,325147,A,F,,,P7D,,E,,,,,,,,,0,,Other securities - Eurosystem,"Euro area (changing composition), Eurosystem reporting sector - Other securities, Euro - Euro area (changing composition) counterpart",EUR,6
ILM.W.U2.C.A070200.U2.EUR,W,U2,C,A070200,U2,EUR,2016-W45,324541,A,F,,,P7D,,E,,,,,,,,,0,,Other securities - Eurosystem,"Euro area (changing composition), Eurosystem reporting sector - Other securities, Euro - Euro area (changing composition) counterpart",EUR,6
ILM.W.U2.C.A070200.U2.EUR,W,U2,C,A070200,U2,EUR,2016-W46,323272,A,F,,,P7D,,E,,,,,,,,,0,,Other securities - Eurosystem,"Euro area (changing composition), Eurosystem reporting sector - Other securities, Euro - Euro area (changing composition) counterpart",EUR,6
ILM.W.U2.C.A070200.U2.EUR,W,U2,C,A070200,U2,EUR,2016-W47,323814,A,F,,,P7D,,E,,,,,,,,,0,,Other securities - Eurosystem,"Euro area (changing composition), Eurosystem reporting sector - Other securities, Euro - Euro area (changing composition) counterpart",EUR,6
ILM.W.U2.C.A070200.U2.EUR,W,U2,C,A070200,U2,EUR,2016-W48,324174,A,F,,,P7D,,E,,,,,,,,,0,,Other securities - Eurosystem,"Euro area (changing composition), Eurosystem reporting sector - Other securities, Euro - Euro area (changing composition) counterpart",EUR,6
ILM.W.U2.C.A070200.U2.EUR,W,U2,C,A070200,U2,EUR,2016-W49,324075,A,F,,,P7D,,E,,,,,,,,,0,,Other securities - Eurosystem,"Euro area (changing composition), Eurosystem reporting sector - Other securities, Euro - Euro area (changing composition) counterpart",EUR,6
ILM.W.U2.C.A070200.U2.EUR,W,U2,C,A070200,U2,EUR,2016-W50,323117,A,F,,,P7D,,E,,,,,,,,,0,,Other securities - Eurosystem,"Euro area (changing composition), Eurosystem reporting sector - Other securities, Euro - Euro area (changing composition) counterpart",EUR,6
ILM.W.U2.C.A070200.U2.EUR,W,U2,C,A070200,U2,EUR,2016-W51,322869,A,F,,,P7D,,E,,,,,,,,,0,,Other securities - Eurosystem,"Euro area (changing composition), Eurosystem reporting sector - Other securities, Euro - Euro area (changing composition) counterpart",EUR,6
ILM.W.U2.C.A070200.U2.EUR,W,U2,C,A070200,U2,EUR,2016-W52,320873,A,F,,,P7D,,E,,,,,,,,,0,,Other securities - Eurosystem,"Euro area (changing composition), Eurosystem reporting sector - Other securities, Euro - Euro area (changing composition) counterpart",EUR,6
ILM.W.U2.C.A070200.U2.EUR,W,U2,C,A070200,U2,EUR,2017-W01,320901,A,F,,,P7D,,E,,,,,,,,,0,,Other securities - Eurosystem,"Euro area (changing composition), Eurosystem reporting sector - Other securities, Euro - Euro area (changing composition) counterpart",EUR,6
ILM.W.U2.C.A070200.U2.EUR,W,U2,C,A070200,U2,EUR,2017-W02,320122,A,F,,,P7D,,E,,,,,,,,,0,,Other securities - Eurosystem,"Euro area (changing composition), Eurosystem reporting sector - Other securities, Euro - Euro area (changing composition) counterpart",EUR,6
ILM.W.U2.C.A070200.U2.EUR,W,U2,C,A070200,U2,EUR,2017-W03,319531,A,F,,,P7D,,E,,,,,,,,,0,,Other securities - Eurosystem,"Euro area (changing composition), Eurosystem reporting sector - Other securities, Euro - Euro area (changing composition) counterpart",EUR,6
ILM.W.U2.C.A070200.U2.EUR,W,U2,C,A070200,U2,EUR,2017-W04,319447,A,F,,,P7D,,E,,,,,,,,,0,,Other securities - Eurosystem,"Euro area (changing composition), Eurosystem reporting sector - Other securities, Euro - Euro area (changing composition) counterpart",EUR,6
ILM.W.U2.C.A070200.U2.EUR,W,U2,C,A070200,U2,EUR,2017-W05,315371,A,F,,,P7D,,E,,,,,,,,,0,,Other securities - Eurosystem,"Euro area (changing composition), Eurosystem reporting sector - Other securities, Euro - Euro area (changing composition) counterpart",EUR,6
ILM.W.U2.C.A070200.U2.EUR,W,U2,C,A070200,U2,EUR,2017-W06,315222,A,F,,,P7D,,E,,,,,,,,,0,,Other securities - Eurosystem,"Euro area (changing composition), Eurosystem reporting sector - Other securities, Euro - Euro area (changing composition) counterpart",EUR,6
ILM.W.U2.C.A070200.U2.EUR,W,U2,C,A070200,U2,EUR,2017-W07,313829,A,F,,,P7D,,E,,,,,,,,,0,,Other securities - Eurosystem,"Euro area (changing composition), Eurosystem reporting sector - Other securities, Euro - Euro area (changing composition) counterpart",EUR,6
ILM.W.U2.C.A070200.U2.EUR,W,U2,C,A070200,U2,EUR,2017-W08,312526,A,F,,,P7D,,E,,,,,,,,,0,,Other securities - Eurosystem,"Euro area (changing composition), Eurosystem reporting sector - Other securities, Euro - Euro area (changing composition) counterpart",EUR,6
ILM.W.U2.C.A070200.U2.EUR,W,U2,C,A070200,U2,EUR,2017-W09,310635,A,F,,,P7D,,E,,,,,,,,,0,,Other securities - Eurosystem,"Euro area (changing composition), Eurosystem reporting sector - Other securities, Euro - Euro area (changing composition) counterpart",EUR,6
ILM.W.U2.C.A070200.U2.EUR,W,U2,C,A070200,U2,EUR,2017-W10,309634,A,F,,,P7D,,E,,,,,,,,,0,,Other securities - Eurosystem,"Euro area (changing composition), Eurosystem reporting sector - Other securities, Euro - Euro area (changing composition) counterpart",EUR,6
ILM.W.U2.C.A070200.U2.EUR,W,U2,C,A070200,U2,EUR,2017-W11,309949,A,F,,,P7D,,E,,,,,,,,,0,,Other securities - Eurosystem,"Euro area (changing composition), Eurosystem reporting sector - Other securities, Euro - Euro area (changing composition) counterpart",EUR,6
ILM.W.U2.C.A070200.U2.EUR,W,U2,C,A070200,U2,EUR,2017-W12,309843,A,F,,,P7D,,E,,,,,,,,,0,,Other securities - Eurosystem,"Euro area (changing composition), Eurosystem reporting sector - Other securities, Euro - Euro area (changing composition) counterpart",EUR,6
ILM.W.U2.C.A070200.U2.EUR,W,U2,C,A070200,U2,EUR,2017-W13,305713,A,F,,,P7D,,E,,,,,,,,,0,,Other securities - Eurosystem,"Euro area (changing composition), Eurosystem reporting sector - Other securities, Euro - Euro area (changing composition) counterpart",EUR,6
ILM.W.U2.C.A070200.U2.EUR,W,U2,C,A070200,U2,EUR,2017-W14,305003,A,F,,,P7D,,E,,,,,,,,,0,,Other securities - Eurosystem,"Euro area (changing composition), Eurosystem reporting sector - Other securities, Euro - Euro area (changing composition) counterpart",EUR,6
ILM.W.U2.C.A070200.U2.EUR,W,U2,C,A070200,U2,EUR,2017-W15,304525,A,F,,,P7D,,E,,,,,,,,,0,,Other securities - Eurosystem,"Euro area (changing composition), Eurosystem reporting sector - Other securities, Euro - Euro area (changing composition) counterpart",EUR,6
ILM.W.U2.C.A070200.U2.EUR,W,U2,C,A070200,U2,EUR,2017-W16,303190,A,F,,,P7D,,E,,,,,,,,,0,,Other securities - Eurosystem,"Euro area (changing composition), Eurosystem reporting sector - Other securities, Euro - Euro area (changing composition) counterpart",EUR,6
ILM.W.U2.C.A070200.U2.EUR,W,U2,C,A070200,U2,EUR,2017-W17,300499,A,F,,,P7D,,E,,,,,,,,,0,,Other securities - Eurosystem,"Euro area (changing composition), Eurosystem reporting sector - Other securities, Euro - Euro area (changing composition) counterpart",EUR,6
ILM.W.U2.C.A070200.U2.EUR,W,U2,C,A070200,U2,EUR,2017-W18,297626,A,F,,,P7D,,E,,,,,,,,,0,,Other securities - Eurosystem,"Euro area (changing composition), Eurosystem reporting sector - Other securities, Euro - Euro area (changing composition) counterpart",EUR,6
ILM.W.U2.C.A070200.U2.EUR,W,U2,C,A070200,U2,EUR,2017-W19,296750,A,F,,,P7D,,E,,,,,,,,,0,,Other securities - Eurosystem,"Euro area (changing composition), Eurosystem reporting sector - Other securities, Euro - Euro area (changing composition) counterpart",EUR,6
ILM.W.U2.C.A070200.U2.EUR,W,U2,C,A070200,U2,EUR,2017-W20,296192,A,F,,,P7D,,E,,,,,,,,,0,,Other securities - Eurosystem,"Euro area (changing composition), Eurosystem reporting sector - Other securities, Euro - Euro area (changing composition) counterpart",EUR,6
ILM.W.U2.C.A070200.U2.EUR,W,U2,C,A070200,U2,EUR,2017-W21,296704,A,F,,,P7D,,E,,,,,,,,,0,,Other securities - Eurosystem,"Euro area (changing composition), Eurosystem reporting sector - Other securities, Euro - Euro area (changing composition) counterpart",EUR,6
ILM.W.U2.C.A070200.U2.EUR,W,U2,C,A070200,U2,EUR,2017-W22,295835,A,F,,,P7D,,E,,,,,,,,,0,,Other securities - Eurosystem,"Euro area (changing composition), Eurosystem reporting sector - Other securities, Euro - Euro area (changing composition) counterpart",EUR,6
ILM.W.U2.C.A070200.U2.EUR,W,U2,C,A070200,U2,EUR,2017-W23,295869,A,F,,,P7D,,E,,,,,,,,,0,,Other securities - Eurosystem,"Euro area (changing composition), Eurosystem reporting sector - Other securities, Euro - Euro area (changing composition) counterpart",EUR,6
ILM.W.U2.C.A070200.U2.EUR,W,U2,C,A070200,U2,EUR,2017-W24,293702,A,F,,,P7D,,E,,,,,,,,,0,,Other securities - Eurosystem,"Euro area (changing composition), Eurosystem reporting sector - Other securities, Euro - Euro area (changing composition) counterpart",EUR,6
ILM.W.U2.C.A070200.U2.EUR,W,U2,C,A070200,U2,EUR,2017-W25,293673,A,F,,,P7D,,E,,,,,,,,,0,,Other securities - Eurosystem,"Euro area (changing composition), Eurosystem reporting sector - Other securities, Euro - Euro area (changing composition) counterpart",EUR,6
ILM.W.U2.C.A070200.U2.EUR,W,U2,C,A070200,U2,EUR,2017-W26,294190,A,F,,,P7D,,E,,,,,,,,,0,,Other securities - Eurosystem,"Euro area (changing composition), Eurosystem reporting sector - Other securities, Euro - Euro area (changing composition) counterpart",EUR,6
ILM.W.U2.C.A070200.U2.EUR,W,U2,C,A070200,U2,EUR,2017-W27,293149,A,F,,,P7D,,E,,,,,,,,,0,,Other securities - Eurosystem,"Euro area (changing composition), Eurosystem reporting sector - Other securities, Euro - Euro area (changing composition) counterpart",EUR,6
ILM.W.U2.C.A070200.U2.EUR,W,U2,C,A070200,U2,EUR,2017-W28,292910,A,F,,,P7D,,E,,,,,,,,,0,,Other securities - Eurosystem,"Euro area (changing composition), Eurosystem reporting sector - Other securities, Euro - Euro area (changing composition) counterpart",EUR,6
ILM.W.U2.C.A070200.U2.EUR,W,U2,C,A070200,U2,EUR,2017-W29,291680,A,F,,,P7D,,E,,,,,,,,,0,,Other securities - Eurosystem,"Euro area (changing composition), Eurosystem reporting sector - Other securities, Euro - Euro area (changing composition) counterpart",EUR,6
ILM.W.U2.C.A070200.U2.EUR,W,U2,C,A070200,U2,EUR,2017-W30,292141,A,F,,,P7D,,E,,,,,,,,,0,,Other securities - Eurosystem,"Euro area (changing composition), Eurosystem reporting sector - Other securities, Euro - Euro area (changing composition) counterpart",EUR,6
ILM.W.U2.C.A070200.U2.EUR,W,U2,C,A070200,U2,EUR,2017-W31,286559,A,F,,,P7D,,E,,,,,,,,,0,,Other securities - Eurosystem,"Euro area (changing composition), Eurosystem reporting sector - Other securities, Euro - Euro area (changing composition) counterpart",EUR,6
ILM.W.U2.C.A070200.U2.EUR,W,U2,C,A070200,U2,EUR,2017-W32,286314,A,F,,,P7D,,E,,,,,,,,,0,,Other securities - Eurosystem,"Euro area (changing composition), Eurosystem reporting sector - Other securities, Euro - Euro area (changing composition) counterpart",EUR,6
ILM.W.U2.C.A070200.U2.EUR,W,U2,C,A070200,U2,EUR,2017-W33,286120,A,F,,,P7D,,E,,,,,,,,,0,,Other securities - Eurosystem,"Euro area (changing composition), Eurosystem reporting sector - Other securities, Euro - Euro area (changing composition) counterpart",EUR,6
ILM.W.U2.C.A070200.U2.EUR,W,U2,C,A070200,U2,EUR,2017-W34,286090,A,F,,,P7D,,E,,,,,,,,,0,,Other securities - Eurosystem,"Euro area (changing composition), Eurosystem reporting sector - Other securities, Euro - Euro area (changing composition) counterpart",EUR,6
ILM.W.U2.C.A070200.U2.EUR,W,U2,C,A070200,U2,EUR,2017-W35,285750,A,F,,,P7D,,E,,,,,,,,,0,,Other securities - Eurosystem,"Euro area (changing composition), Eurosystem reporting sector - Other securities, Euro - Euro area (changing composition) counterpart",EUR,6
ILM.W.U2.C.A070200.U2.EUR,W,U2,C,A070200,U2,EUR,2017-W36,285812,A,F,,,P7D,,E,,,,,,,,,0,,Other securities - Eurosystem,"Euro area (changing composition), Eurosystem reporting sector - Other securities, Euro - Euro area (changing composition) counterpart",EUR,6
ILM.W.U2.C.A070200.U2.EUR,W,U2,C,A070200,U2,EUR,2017-W37,284162,A,F,,,P7D,,E,,,,,,,,,0,,Other securities - Eurosystem,"Euro area (changing composition), Eurosystem reporting sector - Other securities, Euro - Euro area (changing composition) counterpart",EUR,6
ILM.W.U2.C.A070200.U2.EUR,W,U2,C,A070200,U2,EUR,2017-W38,284348,A,F,,,P7D,,E,,,,,,,,,0,,Other securities - Eurosystem,"Euro area (changing composition), Eurosystem reporting sector - Other securities, Euro - Euro area (changing composition) counterpart",EUR,6
ILM.W.U2.C.A070200.U2.EUR,W,U2,C,A070200,U2,EUR,2017-W39,283115,A,F,,,P7D,,E,,,,,,,,,0,,Other securities - Eurosystem,"Euro area (changing composition), Eurosystem reporting sector - Other securities, Euro - Euro area (changing composition) counterpart",EUR,6
ILM.W.U2.C.A070200.U2.EUR,W,U2,C,A070200,U2,EUR,2017-W40,283011,A,F,,,P7D,,E,,,,,,,,,0,,Other securities - Eurosystem,"Euro area (changing composition), Eurosystem reporting sector - Other securities, Euro - Euro area (changing composition) counterpart",EUR,6
ILM.W.U2.C.A070200.U2.EUR,W,U2,C,A070200,U2,EUR,2017-W41,283231,A,F,,,P7D,,E,,,,,,,,,0,,Other securities - Eurosystem,"Euro area (changing composition), Eurosystem reporting sector - Other securities, Euro - Euro area (changing composition) counterpart",EUR,6
ILM.W.U2.C.A070200.U2.EUR,W,U2,C,A070200,U2,EUR,2017-W42,282297,A,F,,,P7D,,E,,,,,,,,,0,,Other securities - Eurosystem,"Euro area (changing composition), Eurosystem reporting sector - Other securities, Euro - Euro area (changing composition) counterpart",EUR,6
ILM.W.U2.C.A070200.U2.EUR,W,U2,C,A070200,U2,EUR,2017-W43,281611,A,F,,,P7D,,E,,,,,,,,,0,,Other securities - Eurosystem,"Euro area (changing composition), Eurosystem reporting sector - Other securities, Euro - Euro area (changing composition) counterpart",EUR,6
ILM.W.U2.C.A070200.U2.EUR,W,U2,C,A070200,U2,EUR,2017-W44,280434,A,F,,,P7D,,E,,,,,,,,,0,,Other securities - Eurosystem,"Euro area (changing composition), Eurosystem reporting sector - Other securities, Euro - Euro area (changing composition) counterpart",EUR,6
ILM.W.U2.C.A070200.U2.EUR,W,U2,C,A070200,U2,EUR,2017-W45,280662,A,F,,,P7D,,E,,,,,,,,,0,,Other securities - Eurosystem,"Euro area (changing composition), Eurosystem reporting sector - Other securities, Euro - Euro area (changing composition) counterpart",EUR,6
ILM.W.U2.C.A070200.U2.EUR,W,U2,C,A070200,U2,EUR,2017-W46,280688,A,F,,,P7D,,E,,,,,,,,,0,,Other securities - Eurosystem,"Euro area (changing composition), Eurosystem reporting sector - Other securities, Euro - Euro area (changing composition) counterpart",EUR,6
ILM.W.U2.C.A070200.U2.EUR,W,U2,C,A070200,U2,EUR,2017-W47,280616,A,F,,,P7D,,E,,,,,,,,,0,,Other securities - Eurosystem,"Euro area (changing composition), Eurosystem reporting sector - Other securities, Euro - Euro area (changing composition) counterpart",EUR,6
ILM.W.U2.C.A070200.U2.EUR,W,U2,C,A070200,U2,EUR,2017-W48,279926,A,F,,,P7D,,E,,,,,,,,,0,,Other securities - Eurosystem,"Euro area (changing composition), Eurosystem reporting sector - Other securities, Euro - Euro area (changing composition) counterpart",EUR,6
ILM.W.U2.C.A070200.U2.EUR,W,U2,C,A070200,U2,EUR,2017-W49,278260,A,F,,,P7D,,E,,,,,,,,,0,,Other securities - Eurosystem,"Euro area (changing composition), Eurosystem reporting sector - Other securities, Euro - Euro area (changing composition) counterpart",EUR,6
ILM.W.U2.C.A070200.U2.EUR,W,U2,C,A070200,U2,EUR,2017-W50,275467,A,F,,,P7D,,E,,,,,,,,,0,,Other securities - Eurosystem,"Euro area (changing composition), Eurosystem reporting sector - Other securities, Euro - Euro area (changing composition) counterpart",EUR,6
ILM.W.U2.C.A070200.U2.EUR,W,U2,C,A070200,U2,EUR,2017-W51,275012,A,F,,,P7D,,E,,,,,,,,,0,,Other securities - Eurosystem,"Euro area (changing composition), Eurosystem reporting sector - Other securities, Euro - Euro area (changing composition) counterpart",EUR,6
ILM.W.U2.C.A070200.U2.EUR,W,U2,C,A070200,U2,EUR,2017-W52,274714,A,F,,,P7D,,E,,,,,,,,,0,,Other securities - Eurosystem,"Euro area (changing composition), Eurosystem reporting sector - Other securities, Euro - Euro area (changing composition) counterpart",EUR,6
ILM.W.U2.C.A070200.U2.EUR,W,U2,C,A070200,U2,EUR,2018-W01,273528,A,F,,,P7D,,E,,,,,,,,,0,,Other securities - Eurosystem,"Euro area (changing composition), Eurosystem reporting sector - Other securities, Euro - Euro area (changing composition) counterpart",EUR,6
ILM.W.U2.C.A070200.U2.EUR,W,U2,C,A070200,U2,EUR,2018-W02,273882,A,F,,,P7D,,E,,,,,,,,,0,,Other securities - Eurosystem,"Euro area (changing composition), Eurosystem reporting sector - Other securities, Euro - Euro area (changing composition) counterpart",EUR,6
ILM.W.U2.C.A070200.U2.EUR,W,U2,C,A070200,U2,EUR,2018-W03,272667,A,F,,,P7D,,E,,,,,,,,,0,,Other securities - Eurosystem,"Euro area (changing composition), Eurosystem reporting sector - Other securities, Euro - Euro area (changing composition) counterpart",EUR,6
ILM.W.U2.C.A070200.U2.EUR,W,U2,C,A070200,U2,EUR,2018-W04,273400,A,F,,,P7D,,E,,,,,,,,,0,,Other securities - Eurosystem,"Euro area (changing composition), Eurosystem reporting sector - Other securities, Euro - Euro area (changing composition) counterpart",EUR,6
ILM.W.U2.C.A070200.U2.EUR,W,U2,C,A070200,U2,EUR,2018-W05,269135,A,F,,,P7D,,E,,,,,,,,,0,,Other securities - Eurosystem,"Euro area (changing composition), Eurosystem reporting sector - Other securities, Euro - Euro area (changing composition) counterpart",EUR,6
ILM.W.U2.C.A070200.U2.EUR,W,U2,C,A070200,U2,EUR,2018-W06,269711,A,F,,,P7D,,E,,,,,,,,,0,,Other securities - Eurosystem,"Euro area (changing composition), Eurosystem reporting sector - Other securities, Euro - Euro area (changing composition) counterpart",EUR,6
ILM.W.U2.C.A070200.U2.EUR,W,U2,C,A070200,U2,EUR,2018-W07,269688,A,F,,,P7D,,E,,,,,,,,,0,,Other securities - Eurosystem,"Euro area (changing composition), Eurosystem reporting sector - Other securities, Euro - Euro area (changing composition) counterpart",EUR,6
ILM.W.U2.C.A070200.U2.EUR,W,U2,C,A070200,U2,EUR,2018-W08,269972,A,F,,,P7D,,E,,,,,,,,,0,,Other securities - Eurosystem,"Euro area (changing composition), Eurosystem reporting sector - Other securities, Euro - Euro area (changing composition) counterpart",EUR,6
ILM.W.U2.C.A070200.U2.EUR,W,U2,C,A070200,U2,EUR,2018-W09,270369,A,F,,,P7D,,E,,,,,,,,,0,,Other securities - Eurosystem,"Euro area (changing composition), Eurosystem reporting sector - Other securities, Euro - Euro area (changing composition) counterpart",EUR,6
ILM.W.U2.C.A070200.U2.EUR,W,U2,C,A070200,U2,EUR,2018-W10,270460,A,F,,,P7D,,E,,,,,,,,,0,,Other securities - Eurosystem,"Euro area (changing composition), Eurosystem reporting sector - Other securities, Euro - Euro area (changing composition) counterpart",EUR,6
ILM.W.U2.C.A070200.U2.EUR,W,U2,C,A070200,U2,EUR,2018-W11,270179,A,F,,,P7D,,E,,,,,,,,,0,,Other securities - Eurosystem,"Euro area (changing composition), Eurosystem reporting sector - Other securities, Euro - Euro area (changing composition) counterpart",EUR,6
ILM.W.U2.C.A070200.U2.EUR,W,U2,C,A070200,U2,EUR,2018-W12,269424,A,F,,,P7D,,E,,,,,,,,,0,,Other securities - Eurosystem,"Euro area (changing composition), Eurosystem reporting sector - Other securities, Euro - Euro area (changing composition) counterpart",EUR,6
ILM.W.U2.C.A070200.U2.EUR,W,U2,C,A070200,U2,EUR,2018-W13,268069,A,F,,,P7D,,E,,,,,,,,,0,,Other securities - Eurosystem,"Euro area (changing composition), Eurosystem reporting sector - Other securities, Euro - Euro area (changing composition) counterpart",EUR,6
ILM.W.U2.C.A070200.U2.EUR,W,U2,C,A070200,U2,EUR,2018-W14,267951,A,F,,,P7D,,E,,,,,,,,,0,,Other securities - Eurosystem,"Euro area (changing composition), Eurosystem reporting sector - Other securities, Euro - Euro area (changing composition) counterpart",EUR,6
ILM.W.U2.C.A070200.U2.EUR,W,U2,C,A070200,U2,EUR,2018-W15,267412,A,F,,,P7D,,E,,,,,,,,,0,,Other securities - Eurosystem,"Euro area (changing composition), Eurosystem reporting sector - Other securities, Euro - Euro area (changing composition) counterpart",EUR,6
ILM.W.U2.C.A070200.U2.EUR,W,U2,C,A070200,U2,EUR,2018-W16,265881,A,F,,,P7D,,E,,,,,,,,,0,,Other securities - Eurosystem,"Euro area (changing composition), Eurosystem reporting sector - Other securities, Euro - Euro area (changing composition) counterpart",EUR,6
ILM.W.U2.C.A070200.U2.EUR,W,U2,C,A070200,U2,EUR,2018-W17,264183,A,F,,,P7D,,E,,,,,,,,,0,,Other securities - Eurosystem,"Euro area (changing composition), Eurosystem reporting sector - Other securities, Euro - Euro area (changing composition) counterpart",EUR,6
ILM.W.U2.C.A070200.U2.EUR,W,U2,C,A070200,U2,EUR,2018-W18,262828,A,F,,,P7D,,E,,,,,,,,,0,,Other securities - Eurosystem,"Euro area (changing composition), Eurosystem reporting sector - Other securities, Euro - Euro area (changing composition) counterpart",EUR,6
ILM.W.U2.C.A070200.U2.EUR,W,U2,C,A070200,U2,EUR,2018-W19,262646,A,F,,,P7D,,E,,,,,,,,,0,,Other securities - Eurosystem,"Euro area (changing composition), Eurosystem reporting sector - Other securities, Euro - Euro area (changing composition) counterpart",EUR,6
ILM.W.U2.C.A070200.U2.EUR,W,U2,C,A070200,U2,EUR,2018-W20,263699,A,F,,,P7D,,E,,,,,,,,,0,,Other securities - Eurosystem,"Euro area (changing composition), Eurosystem reporting sector - Other securities, Euro - Euro area (changing composition) counterpart",EUR,6
ILM.W.U2.C.A070200.U2.EUR,W,U2,C,A070200,U2,EUR,2018-W21,263294,A,F,,,P7D,,E,,,,,,,,,0,,Other securities - Eurosystem,"Euro area (changing composition), Eurosystem reporting sector - Other securities, Euro - Euro area (changing composition) counterpart",EUR,6
ILM.W.U2.C.A070200.U2.EUR,W,U2,C,A070200,U2,EUR,2018-W22,261287,A,F,,,P7D,,E,,,,,,,,,0,,Other securities - Eurosystem,"Euro area (changing composition), Eurosystem reporting sector - Other securities, Euro - Euro area (changing composition) counterpart",EUR,6
ILM.W.U2.C.A070200.U2.EUR,W,U2,C,A070200,U2,EUR,2018-W23,261656,A,F,,,P7D,,E,,,,,,,,,0,,Other securities - Eurosystem,"Euro area (changing composition), Eurosystem reporting sector - Other securities, Euro - Euro area (changing composition) counterpart",EUR,6
ILM.W.U2.C.A070200.U2.EUR,W,U2,C,A070200,U2,EUR,2018-W24,260411,A,F,,,P7D,,E,,,,,,,,,0,,Other securities - Eurosystem,"Euro area (changing composition), Eurosystem reporting sector - Other securities, Euro - Euro area (changing composition) counterpart",EUR,6
ILM.W.U2.C.A070200.U2.EUR,W,U2,C,A070200,U2,EUR,2018-W25,259731,A,F,,,P7D,,E,,,,,,,,,0,,Other securities - Eurosystem,"Euro area (changing composition), Eurosystem reporting sector - Other securities, Euro - Euro area (changing composition) counterpart",EUR,6
ILM.W.U2.C.A070200.U2.EUR,W,U2,C,A070200,U2,EUR,2018-W26,259110,A,F,,,P7D,,E,,,,,,,,,0,,Other securities - Eurosystem,"Euro area (changing composition), Eurosystem reporting sector - Other securities, Euro - Euro area (changing composition) counterpart",EUR,6
ILM.W.U2.C.A070200.U2.EUR,W,U2,C,A070200,U2,EUR,2018-W27,258877,A,F,,,P7D,,E,,,,,,,,,0,,Other securities - Eurosystem,"Euro area (changing composition), Eurosystem reporting sector - Other securities, Euro - Euro area (changing composition) counterpart",EUR,6
ILM.W.U2.C.A070200.U2.EUR,W,U2,C,A070200,U2,EUR,2018-W28,259137,A,F,,,P7D,,E,,,,,,,,,0,,Other securities - Eurosystem,"Euro area (changing composition), Eurosystem reporting sector - Other securities, Euro - Euro area (changing composition) counterpart",EUR,6
ILM.W.U2.C.A070200.U2.EUR,W,U2,C,A070200,U2,EUR,2018-W29,258791,A,F,,,P7D,,E,,,,,,,,,0,,Other securities - Eurosystem,"Euro area (changing composition), Eurosystem reporting sector - Other securities, Euro - Euro area (changing composition) counterpart",EUR,6
ILM.W.U2.C.A070200.U2.EUR,W,U2,C,A070200,U2,EUR,2018-W30,258195,A,F,,,P7D,,E,,,,,,,,,0,,Other securities - Eurosystem,"Euro area (changing composition), Eurosystem reporting sector - Other securities, Euro - Euro area (changing composition) counterpart",EUR,6
ILM.W.U2.C.A070200.U2.EUR,W,U2,C,A070200,U2,EUR,2018-W31,254970,A,F,,,P7D,,E,,,,,,,,,0,,Other securities - Eurosystem,"Euro area (changing composition), Eurosystem reporting sector - Other securities, Euro - Euro area (changing composition) counterpart",EUR,6
ILM.W.U2.C.A070200.U2.EUR,W,U2,C,A070200,U2,EUR,2018-W32,255030,A,F,,,P7D,,E,,,,,,,,,0,,Other securities - Eurosystem,"Euro area (changing composition), Eurosystem reporting sector - Other securities, Euro - Euro area (changing composition) counterpart",EUR,6
ILM.W.U2.C.A070200.U2.EUR,W,U2,C,A070200,U2,EUR,2018-W33,255203,A,F,,,P7D,,E,,,,,,,,,0,,Other securities - Eurosystem,"Euro area (changing composition), Eurosystem reporting sector - Other securities, Euro - Euro area (changing composition) counterpart",EUR,6
ILM.W.U2.C.A070200.U2.EUR,W,U2,C,A070200,U2,EUR,2018-W34,255216,A,F,,,P7D,,E,,,,,,,,,0,,Other securities - Eurosystem,"Euro area (changing composition), Eurosystem reporting sector - Other securities, Euro - Euro area (changing composition) counterpart",EUR,6
ILM.W.U2.C.A070200.U2.EUR,W,U2,C,A070200,U2,EUR,2018-W35,255495,A,F,,,P7D,,E,,,,,,,,,0,,Other securities - Eurosystem,"Euro area (changing composition), Eurosystem reporting sector - Other securities, Euro - Euro area (changing composition) counterpart",EUR,6
ILM.W.U2.C.A070200.U2.EUR,W,U2,C,A070200,U2,EUR,2018-W36,255496,A,F,,,P7D,,E,,,,,,,,,0,,Other securities - Eurosystem,"Euro area (changing composition), Eurosystem reporting sector - Other securities, Euro - Euro area (changing composition) counterpart",EUR,6
ILM.W.U2.C.A070200.U2.EUR,W,U2,C,A070200,U2,EUR,2018-W37,255502,A,F,,,P7D,,E,,,,,,,,,0,,Other securities - Eurosystem,"Euro area (changing composition), Eurosystem reporting sector - Other securities, Euro - Euro area (changing composition) counterpart",EUR,6
ILM.W.U2.C.A070200.U2.EUR,W,U2,C,A070200,U2,EUR,2018-W38,255089,A,F,,,P7D,,E,,,,,,,,,0,,Other securities - Eurosystem,"Euro area (changing composition), Eurosystem reporting sector - Other securities, Euro - Euro area (changing composition) counterpart",EUR,6
ILM.W.U2.C.A070200.U2.EUR,W,U2,C,A070200,U2,EUR,2018-W39,254077,A,F,,,P7D,,E,,,,,,,,,0,,Other securities - Eurosystem,"Euro area (changing composition), Eurosystem reporting sector - Other securities, Euro - Euro area (changing composition) counterpart",EUR,6
ILM.W.U2.C.A070200.U2.EUR,W,U2,C,A070200,U2,EUR,2018-W40,254240,A,F,,,P7D,,E,,,,,,,,,0,,Other securities - Eurosystem,"Euro area (changing composition), Eurosystem reporting sector - Other securities, Euro - Euro area (changing composition) counterpart",EUR,6
ILM.W.U2.C.A070200.U2.EUR,W,U2,C,A070200,U2,EUR,2018-W41,253647,A,F,,,P7D,,E,,,,,,,,,0,,Other securities - Eurosystem,"Euro area (changing composition), Eurosystem reporting sector - Other securities, Euro - Euro area (changing composition) counterpart",EUR,6
ILM.W.U2.C.A070200.U2.EUR,W,U2,C,A070200,U2,EUR,2018-W42,251117,A,F,,,P7D,,E,,,,,,,,,0,,Other securities - Eurosystem,"Euro area (changing composition), Eurosystem reporting sector - Other securities, Euro - Euro area (changing composition) counterpart",EUR,6
ILM.W.U2.C.A070200.U2.EUR,W,U2,C,A070200,U2,EUR,2018-W43,249790,A,F,,,P7D,,E,,,,,,,,,0,,Other securities - Eurosystem,"Euro area (changing composition), Eurosystem reporting sector - Other securities, Euro - Euro area (changing composition) counterpart",EUR,6
ILM.W.U2.C.A070200.U2.EUR,W,U2,C,A070200,U2,EUR,2018-W44,248804,A,F,,,P7D,,E,,,,,,,,,0,,Other securities - Eurosystem,"Euro area (changing composition), Eurosystem reporting sector - Other securities, Euro - Euro area (changing composition) counterpart",EUR,6
ILM.W.U2.C.A070200.U2.EUR,W,U2,C,A070200,U2,EUR,2018-W45,248968,A,F,,,P7D,,E,,,,,,,,,0,,Other securities - Eurosystem,"Euro area (changing composition), Eurosystem reporting sector - Other securities, Euro - Euro area (changing composition) counterpart",EUR,6
ILM.W.U2.C.A070200.U2.EUR,W,U2,C,A070200,U2,EUR,2018-W46,249168,A,F,,,P7D,,E,,,,,,,,,0,,Other securities - Eurosystem,"Euro area (changing composition), Eurosystem reporting sector - Other securities, Euro - Euro area (changing composition) counterpart",EUR,6
ILM.W.U2.C.A070200.U2.EUR,W,U2,C,A070200,U2,EUR,2018-W47,249511,A,F,,,P7D,,E,,,,,,,,,0,,Other securities - Eurosystem,"Euro area (changing composition), Eurosystem reporting sector - Other securities, Euro - Euro area (changing composition) counterpart",EUR,6
ILM.W.U2.C.A070200.U2.EUR,W,U2,C,A070200,U2,EUR,2018-W48,249062,A,F,,,P7D,,E,,,,,,,,,0,,Other securities - Eurosystem,"Euro area (changing composition), Eurosystem reporting sector - Other securities, Euro - Euro area (changing composition) counterpart",EUR,6
ILM.W.U2.C.A070200.U2.EUR,W,U2,C,A070200,U2,EUR,2018-W49,248320,A,F,,,P7D,,E,,,,,,,,,0,,Other securities - Eurosystem,"Euro area (changing composition), Eurosystem reporting sector - Other securities, Euro - Euro area (changing composition) counterpart",EUR,6
ILM.W.U2.C.A070200.U2.EUR,W,U2,C,A070200,U2,EUR,2018-W50,247854,A,F,,,P7D,,E,,,,,,,,,0,,Other securities - Eurosystem,"Euro area (changing composition), Eurosystem reporting sector - Other securities, Euro - Euro area (changing composition) counterpart",EUR,6
ILM.W.U2.C.A070200.U2.EUR,W,U2,C,A070200,U2,EUR,2018-W51,249020,A,F,,,P7D,,E,,,,,,,,,0,,Other securities - Eurosystem,"Euro area (changing composition), Eurosystem reporting sector - Other securities, Euro - Euro area (changing composition) counterpart",EUR,6
ILM.W.U2.C.A070200.U2.EUR,W,U2,C,A070200,U2,EUR,2018-W52,248908,A,F,,,P7D,,E,,,,,,,,,0,,Other securities - Eurosystem,"Euro area (changing composition), Eurosystem reporting sector - Other securities, Euro - Euro area (changing composition) counterpart",EUR,6
ILM.W.U2.C.A070200.U2.EUR,W,U2,C,A070200,U2,EUR,2019-W01,246719,A,F,,,P7D,,E,,,,,,,,,0,,Other securities - Eurosystem,"Euro area (changing composition), Eurosystem reporting sector - Other securities, Euro - Euro area (changing composition) counterpart",EUR,6
ILM.W.U2.C.A070200.U2.EUR,W,U2,C,A070200,U2,EUR,2019-W02,247157,A,F,,,P7D,,E,,,,,,,,,0,,Other securities - Eurosystem,"Euro area (changing composition), Eurosystem reporting sector - Other securities, Euro - Euro area (changing composition) counterpart",EUR,6
ILM.W.U2.C.A070200.U2.EUR,W,U2,C,A070200,U2,EUR,2019-W03,246839,A,F,,,P7D,,E,,,,,,,,,0,,Other securities - Eurosystem,"Euro area (changing composition), Eurosystem reporting sector - Other securities, Euro - Euro area (changing composition) counterpart",EUR,6
ILM.W.U2.C.A070200.U2.EUR,W,U2,C,A070200,U2,EUR,2019-W04,247255,A,F,,,P7D,,E,,,,,,,,,0,,Other securities - Eurosystem,"Euro area (changing composition), Eurosystem reporting sector - Other securities, Euro - Euro area (changing composition) counterpart",EUR,6
ILM.W.U2.C.A070200.U2.EUR,W,U2,C,A070200,U2,EUR,2019-W05,245696,A,F,,,P7D,,E,,,,,,,,,0,,Other securities - Eurosystem,"Euro area (changing composition), Eurosystem reporting sector - Other securities, Euro - Euro area (changing composition) counterpart",EUR,6
ILM.W.U2.C.A070200.U2.EUR,W,U2,C,A070200,U2,EUR,2019-W06,245912,A,F,,,P7D,,E,,,,,,,,,0,,Other securities - Eurosystem,"Euro area (changing composition), Eurosystem reporting sector - Other securities, Euro - Euro area (changing composition) counterpart",EUR,6
ILM.W.U2.C.A070200.U2.EUR,W,U2,C,A070200,U2,EUR,2019-W07,245788,A,F,,,P7D,,E,,,,,,,,,0,,Other securities - Eurosystem,"Euro area (changing composition), Eurosystem reporting sector - Other securities, Euro - Euro area (changing composition) counterpart",EUR,6
ILM.W.U2.C.A070200.U2.EUR,W,U2,C,A070200,U2,EUR,2019-W08,245408,A,F,,,P7D,,E,,,,,,,,,0,,Other securities - Eurosystem,"Euro area (changing composition), Eurosystem reporting sector - Other securities, Euro - Euro area (changing composition) counterpart",EUR,6
ILM.W.U2.C.A070200.U2.EUR,W,U2,C,A070200,U2,EUR,2019-W09,239620,A,F,,,P7D,,E,,,,,,,,,0,,Other securities - Eurosystem,"Euro area (changing composition), Eurosystem reporting sector - Other securities, Euro - Euro area (changing composition) counterpart",EUR,6
ILM.W.U2.C.A070200.U2.EUR,W,U2,C,A070200,U2,EUR,2019-W10,239972,A,F,,,P7D,,E,,,,,,,,,0,,Other securities - Eurosystem,"Euro area (changing composition), Eurosystem reporting sector - Other securities, Euro - Euro area (changing composition) counterpart",EUR,6
ILM.W.U2.C.A070200.U2.EUR,W,U2,C,A070200,U2,EUR,2019-W11,238995,A,F,,,P7D,,E,,,,,,,,,0,,Other securities - Eurosystem,"Euro area (changing composition), Eurosystem reporting sector - Other securities, Euro - Euro area (changing composition) counterpart",EUR,6
ILM.W.U2.C.A070200.U2.EUR,W,U2,C,A070200,U2,EUR,2019-W12,239880,A,F,,,P7D,,E,,,,,,,,,0,,Other securities - Eurosystem,"Euro area (changing composition), Eurosystem reporting sector - Other securities, Euro - Euro area (changing composition) counterpart",EUR,6
ILM.W.U2.C.A070200.U2.EUR,W,U2,C,A070200,U2,EUR,2019-W13,238808,A,F,,,P7D,,E,,,,,,,,,0,,Other securities - Eurosystem,"Euro area (changing composition), Eurosystem reporting sector - Other securities, Euro - Euro area (changing composition) counterpart",EUR,6
ILM.W.U2.C.A070200.U2.EUR,W,U2,C,A070200,U2,EUR,2019-W14,238610.2959504,A,F,,,P7D,,E,,,,,,,,,0,,Other securities - Eurosystem,"Euro area (changing composition), Eurosystem reporting sector - Other securities, Euro - Euro area (changing composition) counterpart",EUR,6
ILM.W.U2.C.A070200.U2.EUR,W,U2,C,A070200,U2,EUR,2019-W15,238101,A,F,,,P7D,,E,,,,,,,,,0,,Other securities - Eurosystem,"Euro area (changing composition), Eurosystem reporting sector - Other securities, Euro - Euro area (changing composition) counterpart",EUR,6
ILM.W.U2.C.A070200.U2.EUR,W,U2,C,A070200,U2,EUR,2019-W16,237844,A,F,,,P7D,,E,,,,,,,,,0,,Other securities - Eurosystem,"Euro area (changing composition), Eurosystem reporting sector - Other securities, Euro - Euro area (changing composition) counterpart",EUR,6
ILM.W.U2.C.A070200.U2.EUR,W,U2,C,A070200,U2,EUR,2019-W17,235732,A,F,,,P7D,,E,,,,,,,,,0,,Other securities - Eurosystem,"Euro area (changing composition), Eurosystem reporting sector - Other securities, Euro - Euro area (changing composition) counterpart",EUR,6
ILM.W.U2.C.A070200.U2.EUR,W,U2,C,A070200,U2,EUR,2019-W18,233086,A,F,,,P7D,,E,,,,,,,,,0,,Other securities - Eurosystem,"Euro area (changing composition), Eurosystem reporting sector - Other securities, Euro - Euro area (changing composition) counterpart",EUR,6
ILM.W.U2.C.A070200.U2.EUR,W,U2,C,A070200,U2,EUR,2019-W19,231461,A,F,,,P7D,,E,,,,,,,,,0,,Other securities - Eurosystem,"Euro area (changing composition), Eurosystem reporting sector - Other securities, Euro - Euro area (changing composition) counterpart",EUR,6
ILM.W.U2.C.A070200.U2.EUR,W,U2,C,A070200,U2,EUR,2019-W20,230836,A,F,,,P7D,,E,,,,,,,,,0,,Other securities - Eurosystem,"Euro area (changing composition), Eurosystem reporting sector - Other securities, Euro - Euro area (changing composition) counterpart",EUR,6
ILM.W.U2.C.A070200.U2.EUR,W,U2,C,A070200,U2,EUR,2019-W21,229670,A,F,,,P7D,,E,,,,,,,,,0,,Other securities - Eurosystem,"Euro area (changing composition), Eurosystem reporting sector - Other securities, Euro - Euro area (changing composition) counterpart",EUR,6
ILM.W.U2.C.A070200.U2.EUR,W,U2,C,A070200,U2,EUR,2019-W22,229673,A,F,,,P7D,,E,,,,,,,,,0,,Other securities - Eurosystem,"Euro area (changing composition), Eurosystem reporting sector - Other securities, Euro - Euro area (changing composition) counterpart",EUR,6
ILM.W.U2.C.A070200.U2.EUR,W,U2,C,A070200,U2,EUR,2019-W23,229551,A,F,,,P7D,,E,,,,,,,,,0,,Other securities - Eurosystem,"Euro area (changing composition), Eurosystem reporting sector - Other securities, Euro - Euro area (changing composition) counterpart",EUR,6
ILM.W.U2.C.A070200.U2.EUR,W,U2,C,A070200,U2,EUR,2019-W24,229247,A,F,,,P7D,,E,,,,,,,,,0,,Other securities - Eurosystem,"Euro area (changing composition), Eurosystem reporting sector - Other securities, Euro - Euro area (changing composition) counterpart",EUR,6
ILM.W.U2.C.A070200.U2.EUR,W,U2,C,A070200,U2,EUR,2019-W25,227893,A,F,,,P7D,,E,,,,,,,,,0,,Other securities - Eurosystem,"Euro area (changing composition), Eurosystem reporting sector - Other securities, Euro - Euro area (changing composition) counterpart",EUR,6
ILM.W.U2.C.A070200.U2.EUR,W,U2,C,A070200,U2,EUR,2019-W26,228815,A,F,,,P7D,,E,,,,,,,,,0,,Other securities - Eurosystem,"Euro area (changing composition), Eurosystem reporting sector - Other securities, Euro - Euro area (changing composition) counterpart",EUR,6
ILM.W.U2.C.A070200.U2.EUR,W,U2,C,A070200,U2,EUR,2019-W27,227993,A,F,,,P7D,,E,,,,,,,,,0,,Other securities - Eurosystem,"Euro area (changing composition), Eurosystem reporting sector - Other securities, Euro - Euro area (changing composition) counterpart",EUR,6
ILM.W.U2.C.A070200.U2.EUR,W,U2,C,A070200,U2,EUR,2019-W28,226874,A,F,,,P7D,,E,,,,,,,,,0,,Other securities - Eurosystem,"Euro area (changing composition), Eurosystem reporting sector - Other securities, Euro - Euro area (changing composition) counterpart",EUR,6
ILM.W.U2.C.A070200.U2.EUR,W,U2,C,A070200,U2,EUR,2019-W29,225814,A,F,,,P7D,,E,,,,,,,,,0,,Other securities - Eurosystem,"Euro area (changing composition), Eurosystem reporting sector - Other securities, Euro - Euro area (changing composition) counterpart",EUR,6
ILM.W.U2.C.A070200.U2.EUR,W,U2,C,A070200,U2,EUR,2019-W30,225450,A,F,,,P7D,,E,,,,,,,,,0,,Other securities - Eurosystem,"Euro area (changing composition), Eurosystem reporting sector - Other securities, Euro - Euro area (changing composition) counterpart",EUR,6
ILM.W.U2.C.A070200.U2.EUR,W,U2,C,A070200,U2,EUR,2019-W31,221942,A,F,,,P7D,,E,,,,,,,,,0,,Other securities - Eurosystem,"Euro area (changing composition), Eurosystem reporting sector - Other securities, Euro - Euro area (changing composition) counterpart",EUR,6
ILM.W.U2.C.A070200.U2.EUR,W,U2,C,A070200,U2,EUR,2019-W32,220955,A,F,,,P7D,,E,,,,,,,,,0,,Other securities - Eurosystem,"Euro area (changing composition), Eurosystem reporting sector - Other securities, Euro - Euro area (changing composition) counterpart",EUR,6
ILM.W.U2.C.A070200.U2.EUR,W,U2,C,A070200,U2,EUR,2019-W33,221150,A,F,,,P7D,,E,,,,,,,,,0,,Other securities - Eurosystem,"Euro area (changing composition), Eurosystem reporting sector - Other securities, Euro - Euro area (changing composition) counterpart",EUR,6
ILM.W.U2.C.A070200.U2.EUR,W,U2,C,A070200,U2,EUR,2019-W34,221733,A,F,,,P7D,,E,,,,,,,,,0,,Other securities - Eurosystem,"Euro area (changing composition), Eurosystem reporting sector - Other securities, Euro - Euro area (changing composition) counterpart",EUR,6
ILM.W.U2.C.A070200.U2.EUR,W,U2,C,A070200,U2,EUR,2019-W35,221293,A,F,,,P7D,,E,,,,,,,,,0,,Other securities - Eurosystem,"Euro area (changing composition), Eurosystem reporting sector - Other securities, Euro - Euro area (changing composition) counterpart",EUR,6
ILM.W.U2.C.A070200.U2.EUR,W,U2,C,A070200,U2,EUR,2019-W36,220325,A,F,,,P7D,,E,,,,,,,,,0,,Other securities - Eurosystem,"Euro area (changing composition), Eurosystem reporting sector - Other securities, Euro - Euro area (changing composition) counterpart",EUR,6
ILM.W.U2.C.A070200.U2.EUR,W,U2,C,A070200,U2,EUR,2019-W37,220854,A,F,,,P7D,,E,,,,,,,,,0,,Other securities - Eurosystem,"Euro area (changing composition), Eurosystem reporting sector - Other securities, Euro - Euro area (changing composition) counterpart",EUR,6
ILM.W.U2.C.A070200.U2.EUR,W,U2,C,A070200,U2,EUR,2019-W38,221277,A,F,,,P7D,,E,,,,,,,,,0,,Other securities - Eurosystem,"Euro area (changing composition), Eurosystem reporting sector - Other securities, Euro - Euro area (changing composition) counterpart",EUR,6
ILM.W.U2.C.A070200.U2.EUR,W,U2,C,A070200,U2,EUR,2019-W39,220899,A,F,,,P7D,,E,,,,,,,,,0,,Other securities - Eurosystem,"Euro area (changing composition), Eurosystem reporting sector - Other securities, Euro - Euro area (changing composition) counterpart",EUR,6
ILM.W.U2.C.A070200.U2.EUR,W,U2,C,A070200,U2,EUR,2019-W40,220685,A,F,,,P7D,,E,,,,,,,,,0,,Other securities - Eurosystem,"Euro area (changing composition), Eurosystem reporting sector - Other securities, Euro - Euro area (changing composition) counterpart",EUR,6
ILM.W.U2.C.A070200.U2.EUR,W,U2,C,A070200,U2,EUR,2019-W41,220732,A,F,,,P7D,,E,,,,,,,,,0,,Other securities - Eurosystem,"Euro area (changing composition), Eurosystem reporting sector - Other securities, Euro - Euro area (changing composition) counterpart",EUR,6
ILM.W.U2.C.A070200.U2.EUR,W,U2,C,A070200,U2,EUR,2019-W42,220768,A,F,,,P7D,,E,,,,,,,,,0,,Other securities - Eurosystem,"Euro area (changing composition), Eurosystem reporting sector - Other securities, Euro - Euro area (changing composition) counterpart",EUR,6
ILM.W.U2.C.A070200.U2.EUR,W,U2,C,A070200,U2,EUR,2019-W43,215692,A,F,,,P7D,,E,,,,,,,,,0,,Other securities - Eurosystem,"Euro area (changing composition), Eurosystem reporting sector - Other securities, Euro - Euro area (changing composition) counterpart",EUR,6
ILM.W.U2.C.A070200.U2.EUR,W,U2,C,A070200,U2,EUR,2019-W44,215136,A,F,,,P7D,,E,,,,,,,,,0,,Other securities - Eurosystem,"Euro area (changing composition), Eurosystem reporting sector - Other securities, Euro - Euro area (changing composition) counterpart",EUR,6
ILM.W.U2.C.A070200.U2.EUR,W,U2,C,A070200,U2,EUR,2019-W45,215442,A,F,,,P7D,,E,,,,,,,,,0,,Other securities - Eurosystem,"Euro area (changing composition), Eurosystem reporting sector - Other securities, Euro - Euro area (changing composition) counterpart",EUR,6
ILM.W.U2.C.A070200.U2.EUR,W,U2,C,A070200,U2,EUR,2019-W46,215949,A,F,,,P7D,,E,,,,,,,,,0,,Other securities - Eurosystem,"Euro area (changing composition), Eurosystem reporting sector - Other securities, Euro - Euro area (changing composition) counterpart",EUR,6
ILM.W.U2.C.A070200.U2.EUR,W,U2,C,A070200,U2,EUR,2019-W47,215629,A,F,,,P7D,,E,,,,,,,,,0,,Other securities - Eurosystem,"Euro area (changing composition), Eurosystem reporting sector - Other securities, Euro - Euro area (changing composition) counterpart",EUR,6
ILM.W.U2.C.A070200.U2.EUR,W,U2,C,A070200,U2,EUR,2019-W48,215278,A,F,,,P7D,,E,,,,,,,,,0,,Other securities - Eurosystem,"Euro area (changing composition), Eurosystem reporting sector - Other securities, Euro - Euro area (changing composition) counterpart",EUR,6
ILM.W.U2.C.A070200.U2.EUR,W,U2,C,A070200,U2,EUR,2019-W49,214679,A,F,,,P7D,,E,,,,,,,,,0,,Other securities - Eurosystem,"Euro area (changing composition), Eurosystem reporting sector - Other securities, Euro - Euro area (changing composition) counterpart",EUR,6
ILM.W.U2.C.A070200.U2.EUR,W,U2,C,A070200,U2,EUR,2019-W50,214667,A,F,,,P7D,,E,,,,,,,,,0,,Other securities - Eurosystem,"Euro area (changing composition), Eurosystem reporting sector - Other securities, Euro - Euro area (changing composition) counterpart",EUR,6
ILM.W.U2.C.A070200.U2.EUR,W,U2,C,A070200,U2,EUR,2019-W51,214818,A,F,,,P7D,,E,,,,,,,,,0,,Other securities - Eurosystem,"Euro area (changing composition), Eurosystem reporting sector - Other securities, Euro - Euro area (changing composition) counterpart",EUR,6
ILM.W.U2.C.A070200.U2.EUR,W,U2,C,A070200,U2,EUR,2019-W52,215086,A,F,,,P7D,,E,,,,,,,,,0,,Other securities - Eurosystem,"Euro area (changing composition), Eurosystem reporting sector - Other securities, Euro - Euro area (changing composition) counterpart",EUR,6
ILM.W.U2.C.A070200.U2.EUR,W,U2,C,A070200,U2,EUR,2020-W01,214834,A,F,,,P7D,,E,,,,,,,,,0,,Other securities - Eurosystem,"Euro area (changing composition), Eurosystem reporting sector - Other securities, Euro - Euro area (changing composition) counterpart",EUR,6
ILM.W.U2.C.A070200.U2.EUR,W,U2,C,A070200,U2,EUR,2020-W02,213726,A,F,,,P7D,,E,,,,,,,,,0,,Other securities - Eurosystem,"Euro area (changing composition), Eurosystem reporting sector - Other securities, Euro - Euro area (changing composition) counterpart",EUR,6
ILM.W.U2.C.A070200.U2.EUR,W,U2,C,A070200,U2,EUR,2020-W03,212052,A,F,,,P7D,,E,,,,,,,,,0,,Other securities - Eurosystem,"Euro area (changing composition), Eurosystem reporting sector - Other securities, Euro - Euro area (changing composition) counterpart",EUR,6
ILM.W.U2.C.A070200.U2.EUR,W,U2,C,A070200,U2,EUR,2020-W04,210913,A,F,,,P7D,,E,,,,,,,,,0,,Other securities - Eurosystem,"Euro area (changing composition), Eurosystem reporting sector - Other securities, Euro - Euro area (changing composition) counterpart",EUR,6
ILM.W.U2.C.A070200.U2.EUR,W,U2,C,A070200,U2,EUR,2020-W05,208374,A,F,,,P7D,,E,,,,,,,,,0,,Other securities - Eurosystem,"Euro area (changing composition), Eurosystem reporting sector - Other securities, Euro - Euro area (changing composition) counterpart",EUR,6
ILM.W.U2.C.A070200.U2.EUR,W,U2,C,A070200,U2,EUR,2020-W06,204488,A,F,,,P7D,,E,,,,,,,,,0,,Other securities - Eurosystem,"Euro area (changing composition), Eurosystem reporting sector - Other securities, Euro - Euro area (changing composition) counterpart",EUR,6
ILM.W.U2.C.A070200.U2.EUR,W,U2,C,A070200,U2,EUR,2020-W07,202470,A,F,,,P7D,,E,,,,,,,,,0,,Other securities - Eurosystem,"Euro area (changing composition), Eurosystem reporting sector - Other securities, Euro - Euro area (changing composition) counterpart",EUR,6
ILM.W.U2.C.A070200.U2.EUR,W,U2,C,A070200,U2,EUR,2020-W08,201356,A,F,,,P7D,,E,,,,,,,,,0,,Other securities - Eurosystem,"Euro area (changing composition), Eurosystem reporting sector - Other securities, Euro - Euro area (changing composition) counterpart",EUR,6
ILM.W.U2.C.A070200.U2.EUR,W,U2,C,A070200,U2,EUR,2020-W09,201344,A,F,,,P7D,,E,,,,,,,,,0,,Other securities - Eurosystem,"Euro area (changing composition), Eurosystem reporting sector - Other securities, Euro - Euro area (changing composition) counterpart",EUR,6
ILM.W.U2.C.A070200.U2.EUR,W,U2,C,A070200,U2,EUR,2020-W10,199801,A,F,,,P7D,,E,,,,,,,,,0,,Other securities - Eurosystem,"Euro area (changing composition), Eurosystem reporting sector - Other securities, Euro - Euro area (changing composition) counterpart",EUR,6
ILM.W.U2.C.A070200.U2.EUR,W,U2,C,A070200,U2,EUR,2020-W11,199812,A,F,,,P7D,,E,,,,,,,,,0,,Other securities - Eurosystem,"Euro area (changing composition), Eurosystem reporting sector - Other securities, Euro - Euro area (changing composition) counterpart",EUR,6
ILM.W.U2.C.A070200.U2.EUR,W,U2,C,A070200,U2,EUR,2020-W12,202239,A,F,,,P7D,,E,,,,,,,,,0,,Other securities - Eurosystem,"Euro area (changing composition), Eurosystem reporting sector - Other securities, Euro - Euro area (changing composition) counterpart",EUR,6
ILM.W.U2.C.A070200.U2.EUR,W,U2,C,A070200,U2,EUR,2020-W13,204679,A,F,,,P7D,,E,,,,,,,,,0,,Other securities - Eurosystem,"Euro area (changing composition), Eurosystem reporting sector - Other securities, Euro - Euro area (changing composition) counterpart",EUR,6
ILM.W.U2.C.A070200.U2.EUR,W,U2,C,A070200,U2,EUR,2020-W14,204706,A,F,,,P7D,,E,,,,,,,,,0,,Other securities - Eurosystem,"Euro area (changing composition), Eurosystem reporting sector - Other securities, Euro - Euro area (changing composition) counterpart",EUR,6
ILM.W.U2.C.A070200.U2.EUR,W,U2,C,A070200,U2,EUR,2020-W15,205629,A,F,,,P7D,,E,,,,,,,,,0,,Other securities - Eurosystem,"Euro area (changing composition), Eurosystem reporting sector - Other securities, Euro - Euro area (changing composition) counterpart",EUR,6
ILM.W.U2.C.A070200.U2.EUR,W,U2,C,A070200,U2,EUR,2020-W16,204924,A,F,,,P7D,,E,,,,,,,,,0,,Other securities - Eurosystem,"Euro area (changing composition), Eurosystem reporting sector - Other securities, Euro - Euro area (changing composition) counterpart",EUR,6
ILM.W.U2.C.A070200.U2.EUR,W,U2,C,A070200,U2,EUR,2020-W17,205614,A,F,,,P7D,,E,,,,,,,,,0,,Other securities - Eurosystem,"Euro area (changing composition), Eurosystem reporting sector - Other securities, Euro - Euro area (changing composition) counterpart",EUR,6
ILM.W.U2.C.A070200.U2.EUR,W,U2,C,A070200,U2,EUR,2020-W18,201958,A,F,,,P7D,,E,,,,,,,,,0,,Other securities - Eurosystem,"Euro area (changing composition), Eurosystem reporting sector - Other securities, Euro - Euro area (changing composition) counterpart",EUR,6
ILM.W.U2.C.A070200.U2.EUR,W,U2,C,A070200,U2,EUR,2020-W19,202689,A,F,,,P7D,,E,,,,,,,,,0,,Other securities - Eurosystem,"Euro area (changing composition), Eurosystem reporting sector - Other securities, Euro - Euro area (changing composition) counterpart",EUR,6
ILM.W.U2.C.A070200.U2.EUR,W,U2,C,A070200,U2,EUR,2020-W20,202399,A,F,,,P7D,,E,,,,,,,,,0,,Other securities - Eurosystem,"Euro area (changing composition), Eurosystem reporting sector - Other securities, Euro - Euro area (changing composition) counterpart",EUR,6
ILM.W.U2.C.A070200.U2.EUR,W,U2,C,A070200,U2,EUR,2020-W21,202369,A,F,,,P7D,,E,,,,,,,,,0,,Other securities - Eurosystem,"Euro area (changing composition), Eurosystem reporting sector - Other securities, Euro - Euro area (changing composition) counterpart",EUR,6
ILM.W.U2.C.A070200.U2.EUR,W,U2,C,A070200,U2,EUR,2020-W22,202727,A,F,,,P7D,,E,,,,,,,,,0,,Other securities - Eurosystem,"Euro area (changing composition), Eurosystem reporting sector - Other securities, Euro - Euro area (changing composition) counterpart",EUR,6
ILM.W.U2.C.A070200.U2.EUR,W,U2,C,A070200,U2,EUR,2020-W23,203261,A,F,,,P7D,,E,,,,,,,,,0,,Other securities - Eurosystem,"Euro area (changing composition), Eurosystem reporting sector - Other securities, Euro - Euro area (changing composition) counterpart",EUR,6
ILM.W.U2.C.A070200.U2.EUR,W,U2,C,A070200,U2,EUR,2020-W24,202999,A,F,,,P7D,,E,,,,,,,,,0,,Other securities - Eurosystem,"Euro area (changing composition), Eurosystem reporting sector - Other securities, Euro - Euro area (changing composition) counterpart",EUR,6
ILM.W.U2.C.A070200.U2.EUR,W,U2,C,A070200,U2,EUR,2020-W25,202672,A,F,,,P7D,,E,,,,,,,,,0,,Other securities - Eurosystem,"Euro area (changing composition), Eurosystem reporting sector - Other securities, Euro - Euro area (changing composition) counterpart",EUR,6
ILM.W.U2.C.A070200.U2.EUR,W,U2,C,A070200,U2,EUR,2020-W26,202680,A,F,,,P7D,,E,,,,,,,,,0,,Other securities - Eurosystem,"Euro area (changing composition), Eurosystem reporting sector - Other securities, Euro - Euro area (changing composition) counterpart",EUR,6
ILM.W.U2.C.A070200.U2.EUR,W,U2,C,A070200,U2,EUR,2020-W27,203479,A,F,,,P7D,,E,,,,,,,,,0,,Other securities - Eurosystem,"Euro area (changing composition), Eurosystem reporting sector - Other securities, Euro - Euro area (changing composition) counterpart",EUR,6
ILM.W.U2.C.A070200.U2.EUR,W,U2,C,A070200,U2,EUR,2020-W28,202751,A,F,,,P7D,,E,,,,,,,,,0,,Other securities - Eurosystem,"Euro area (changing composition), Eurosystem reporting sector - Other securities, Euro - Euro area (changing composition) counterpart",EUR,6
ILM.W.U2.C.A070200.U2.EUR,W,U2,C,A070200,U2,EUR,2020-W29,202727,A,F,,,P7D,,E,,,,,,,,,0,,Other securities - Eurosystem,"Euro area (changing composition), Eurosystem reporting sector - Other securities, Euro - Euro area (changing composition) counterpart",EUR,6
ILM.W.U2.C.A070200.U2.EUR,W,U2,C,A070200,U2,EUR,2020-W30,203182,A,F,,,P7D,,E,,,,,,,,,0,,Other securities - Eurosystem,"Euro area (changing composition), Eurosystem reporting sector - Other securities, Euro - Euro area (changing composition) counterpart",EUR,6
ILM.W.U2.C.A070200.U2.EUR,W,U2,C,A070200,U2,EUR,2020-W31,202848,A,F,,,P7D,,E,,,,,,,,,0,,Other securities - Eurosystem,"Euro area (changing composition), Eurosystem reporting sector - Other securities, Euro - Euro area (changing composition) counterpart",EUR,6
ILM.W.U2.C.A070200.U2.EUR,W,U2,C,A070200,U2,EUR,2020-W32,203171,A,F,,,P7D,,E,,,,,,,,,0,,Other securities - Eurosystem,"Euro area (changing composition), Eurosystem reporting sector - Other securities, Euro - Euro area (changing composition) counterpart",EUR,6
ILM.W.U2.C.A070200.U2.EUR,W,U2,C,A070200,U2,EUR,2020-W33,202050,A,F,,,P7D,,E,,,,,,,,,0,,Other securities - Eurosystem,"Euro area (changing composition), Eurosystem reporting sector - Other securities, Euro - Euro area (changing composition) counterpart",EUR,6
ILM.W.U2.C.A070200.U2.EUR,W,U2,C,A070200,U2,EUR,2020-W34,202410,A,F,,,P7D,,E,,,,,,,,,0,,Other securities - Eurosystem,"Euro area (changing composition), Eurosystem reporting sector - Other securities, Euro - Euro area (changing composition) counterpart",EUR,6
ILM.W.U2.C.A070200.U2.EUR,W,U2,C,A070200,U2,EUR,2020-W35,203079,A,F,,,P7D,,E,,,,,,,,,0,,Other securities - Eurosystem,"Euro area (changing composition), Eurosystem reporting sector - Other securities, Euro - Euro area (changing composition) counterpart",EUR,6
ILM.W.U2.C.A070200.U2.EUR,W,U2,C,A070200,U2,EUR,2020-W36,201759,A,F,,,P7D,,E,,,,,,,,,0,,Other securities - Eurosystem,"Euro area (changing composition), Eurosystem reporting sector - Other securities, Euro - Euro area (changing composition) counterpart",EUR,6
ILM.W.U2.C.A070200.U2.EUR,W,U2,C,A070200,U2,EUR,2020-W37,201072,A,F,,,P7D,,E,,,,,,,,,0,,Other securities - Eurosystem,"Euro area (changing composition), Eurosystem reporting sector - Other securities, Euro - Euro area (changing composition) counterpart",EUR,6
ILM.W.U2.C.A070200.U2.EUR,W,U2,C,A070200,U2,EUR,2020-W38,200815,A,F,,,P7D,,E,,,,,,,,,0,,Other securities - Eurosystem,"Euro area (changing composition), Eurosystem reporting sector - Other securities, Euro - Euro area (changing composition) counterpart",EUR,6
ILM.W.U2.C.A070200.U2.EUR,W,U2,C,A070200,U2,EUR,2020-W39,200757,A,F,,,P7D,,E,,,,,,,,,0,,Other securities - Eurosystem,"Euro area (changing composition), Eurosystem reporting sector - Other securities, Euro - Euro area (changing composition) counterpart",EUR,6
ILM.W.U2.C.A070200.U2.EUR,W,U2,C,A070200,U2,EUR,2020-W40,199848,A,F,,,P7D,,E,,,,,,,,,0,,Other securities - Eurosystem,"Euro area (changing composition), Eurosystem reporting sector - Other securities, Euro - Euro area (changing composition) counterpart",EUR,6
ILM.W.U2.C.A070200.U2.EUR,W,U2,C,A070200,U2,EUR,2020-W41,199715,A,F,,,P7D,,E,,,,,,,,,0,,Other securities - Eurosystem,"Euro area (changing composition), Eurosystem reporting sector - Other securities, Euro - Euro area (changing composition) counterpart",EUR,6
ILM.W.U2.C.A070200.U2.EUR,W,U2,C,A070200,U2,EUR,2020-W42,198660,A,F,,,P7D,,E,,,,,,,,,0,,Other securities - Eurosystem,"Euro area (changing composition), Eurosystem reporting sector - Other securities, Euro - Euro area (changing composition) counterpart",EUR,6
ILM.W.U2.C.A070200.U2.EUR,W,U2,C,A070200,U2,EUR,2020-W43,198349,A,F,,,P7D,,E,,,,,,,,,0,,Other securities - Eurosystem,"Euro area (changing composition), Eurosystem reporting sector - Other securities, Euro - Euro area (changing composition) counterpart",EUR,6
ILM.W.U2.C.A070200.U2.EUR,W,U2,C,A070200,U2,EUR,2020-W44,194007,A,F,,,P7D,,E,,,,,,,,,0,,Other securities - Eurosystem,"Euro area (changing composition), Eurosystem reporting sector - Other securities, Euro - Euro area (changing composition) counterpart",EUR,6
ILM.W.U2.C.A070200.U2.EUR,W,U2,C,A070200,U2,EUR,2020-W45,192559,A,F,,,P7D,,E,,,,,,,,,0,,Other securities - Eurosystem,"Euro area (changing composition), Eurosystem reporting sector - Other securities, Euro - Euro area (changing composition) counterpart",EUR,6
ILM.W.U2.C.A070200.U2.EUR,W,U2,C,A070200,U2,EUR,2020-W46,193232,A,F,,,P7D,,E,,,,,,,,,0,,Other securities - Eurosystem,"Euro area (changing composition), Eurosystem reporting sector - Other securities, Euro - Euro area (changing composition) counterpart",EUR,6
ILM.W.U2.C.A070200.U2.EUR,W,U2,C,A070200,U2,EUR,2020-W47,193235,A,F,,,P7D,,E,,,,,,,,,0,,Other securities - Eurosystem,"Euro area (changing composition), Eurosystem reporting sector - Other securities, Euro - Euro area (changing composition) counterpart",EUR,6
ILM.W.U2.C.A070200.U2.EUR,W,U2,C,A070200,U2,EUR,2020-W48,194083,A,F,,,P7D,,E,,,,,,,,,0,,Other securities - Eurosystem,"Euro area (changing composition), Eurosystem reporting sector - Other securities, Euro - Euro area (changing composition) counterpart",EUR,6
ILM.W.U2.C.A070200.U2.EUR,W,U2,C,A070200,U2,EUR,2020-W49,194443,A,F,,,P7D,,E,,,,,,,,,0,,Other securities - Eurosystem,"Euro area (changing composition), Eurosystem reporting sector - Other securities, Euro - Euro area (changing composition) counterpart",EUR,6
ILM.W.U2.C.A070200.U2.EUR,W,U2,C,A070200,U2,EUR,2020-W50,194459,A,F,,,P7D,,E,,,,,,,,,0,,Other securities - Eurosystem,"Euro area (changing composition), Eurosystem reporting sector - Other securities, Euro - Euro area (changing composition) counterpart",EUR,6
ILM.W.U2.C.A070200.U2.EUR,W,U2,C,A070200,U2,EUR,2020-W51,195623,A,F,,,P7D,,E,,,,,,,,,0,,Other securities - Eurosystem,"Euro area (changing composition), Eurosystem reporting sector - Other securities, Euro - Euro area (changing composition) counterpart",EUR,6
ILM.W.U2.C.A070200.U2.EUR,W,U2,C,A070200,U2,EUR,2020-W52,196004,A,F,,,P7D,,E,,,,,,,,,0,,Other securities - Eurosystem,"Euro area (changing composition), Eurosystem reporting sector - Other securities, Euro - Euro area (changing composition) counterpart",EUR,6
ILM.W.U2.C.A070200.U2.EUR,W,U2,C,A070200,U2,EUR,2020-W53,196274,A,F,,,P7D,,E,,,,,,,,,0,,Other securities - Eurosystem,"Euro area (changing composition), Eurosystem reporting sector - Other securities, Euro - Euro area (changing composition) counterpart",EUR,6
ILM.W.U2.C.A070200.U2.EUR,W,U2,C,A070200,U2,EUR,2021-W01,196309,A,F,,,P7D,,E,,,,,,,,,0,,Other securities - Eurosystem,"Euro area (changing composition), Eurosystem reporting sector - Other securities, Euro - Euro area (changing composition) counterpart",EUR,6
ILM.W.U2.C.A070200.U2.EUR,W,U2,C,A070200,U2,EUR,2021-W02,196494,A,F,,,P7D,,E,,,,,,,,,0,,Other securities - Eurosystem,"Euro area (changing composition), Eurosystem reporting sector - Other securities, Euro - Euro area (changing composition) counterpart",EUR,6
ILM.W.U2.C.A070200.U2.EUR,W,U2,C,A070200,U2,EUR,2021-W03,196446,A,F,,,P7D,,E,,,,,,,,,0,,Other securities - Eurosystem,"Euro area (changing composition), Eurosystem reporting sector - Other securities, Euro - Euro area (changing composition) counterpart",EUR,6
ILM.W.U2.C.A070200.U2.EUR,W,U2,C,A070200,U2,EUR,2021-W04,195346,A,F,,,P7D,,E,,,,,,,,,0,,Other securities - Eurosystem,"Euro area (changing composition), Eurosystem reporting sector - Other securities, Euro - Euro area (changing composition) counterpart",EUR,6
ILM.W.U2.C.A070200.U2.EUR,W,U2,C,A070200,U2,EUR,2021-W05,195347,A,F,,,P7D,,E,,,,,,,,,0,,Other securities - Eurosystem,"Euro area (changing composition), Eurosystem reporting sector - Other securities, Euro - Euro area (changing composition) counterpart",EUR,6
ILM.W.U2.C.A070200.U2.EUR,W,U2,C,A070200,U2,EUR,2021-W06,195509,A,F,,,P7D,,E,,,,,,,,,0,,Other securities - Eurosystem,"Euro area (changing composition), Eurosystem reporting sector - Other securities, Euro - Euro area (changing composition) counterpart",EUR,6
ILM.W.U2.C.A070200.U2.EUR,W,U2,C,A070200,U2,EUR,2021-W07,195864,A,F,,,P7D,,E,,,,,,,,,0,,Other securities - Eurosystem,"Euro area (changing composition), Eurosystem reporting sector - Other securities, Euro - Euro area (changing composition) counterpart",EUR,6
ILM.W.U2.C.A070200.U2.EUR,W,U2,C,A070200,U2,EUR,2021-W08,196004,A,F,,,P7D,,E,,,,,,,,,0,,Other securities - Eurosystem,"Euro area (changing composition), Eurosystem reporting sector - Other securities, Euro - Euro area (changing composition) counterpart",EUR,6
ILM.W.U2.C.A070200.U2.EUR,W,U2,C,A070200,U2,EUR,2021-W09,195050,A,F,,,P7D,,E,,,,,,,,,0,,Other securities - Eurosystem,"Euro area (changing composition), Eurosystem reporting sector - Other securities, Euro - Euro area (changing composition) counterpart",EUR,6
ILM.W.U2.C.A070200.U2.EUR,W,U2,C,A070200,U2,EUR,2021-W10,194316,A,F,,,P7D,,E,,,,,,,,,0,,Other securities - Eurosystem,"Euro area (changing composition), Eurosystem reporting sector - Other securities, Euro - Euro area (changing composition) counterpart",EUR,6
ILM.W.U2.C.A070200.U2.EUR,W,U2,C,A070200,U2,EUR,2021-W11,194143,A,F,,,P7D,,E,,,,,,,,,0,,Other securities - Eurosystem,"Euro area (changing composition), Eurosystem reporting sector - Other securities, Euro - Euro area (changing composition) counterpart",EUR,6
ILM.W.U2.C.A070200.U2.EUR,W,U2,C,A070200,U2,EUR,2021-W12,195280,A,F,,,P7D,,E,,,,,,,,,0,,Other securities - Eurosystem,"Euro area (changing composition), Eurosystem reporting sector - Other securities, Euro - Euro area (changing composition) counterpart",EUR,6
ILM.W.U2.C.A070200.U2.EUR,W,U2,C,A070200,U2,EUR,2021-W13,196118,A,F,,,P7D,,E,,,,,,,,,0,,Other securities - Eurosystem,"Euro area (changing composition), Eurosystem reporting sector - Other securities, Euro - Euro area (changing composition) counterpart",EUR,6
ILM.W.U2.C.A070200.U2.EUR,W,U2,C,A070200,U2,EUR,2021-W14,196546,A,F,,,P7D,,E,,,,,,,,,0,,Other securities - Eurosystem,"Euro area (changing composition), Eurosystem reporting sector - Other securities, Euro - Euro area (changing composition) counterpart",EUR,6
ILM.W.U2.C.A070200.U2.EUR,W,U2,C,A070200,U2,EUR,2021-W15,194764,A,F,,,P7D,,E,,,,,,,,,0,,Other securities - Eurosystem,"Euro area (changing composition), Eurosystem reporting sector - Other securities, Euro - Euro area (changing composition) counterpart",EUR,6
ILM.W.U2.C.A070200.U2.EUR,W,U2,C,A070200,U2,EUR,2021-W16,194389,A,F,,,P7D,,E,,,,,,,,,0,,Other securities - Eurosystem,"Euro area (changing composition), Eurosystem reporting sector - Other securities, Euro - Euro area (changing composition) counterpart",EUR,6
ILM.W.U2.C.A070200.U2.EUR,W,U2,C,A070200,U2,EUR,2021-W17,188052,A,F,,,P7D,,E,,,,,,,,,0,,Other securities - Eurosystem,"Euro area (changing composition), Eurosystem reporting sector - Other securities, Euro - Euro area (changing composition) counterpart",EUR,6
ILM.W.U2.C.A070200.U2.EUR,W,U2,C,A070200,U2,EUR,2021-W18,185951,A,F,,,P7D,,E,,,,,,,,,0,,Other securities - Eurosystem,"Euro area (changing composition), Eurosystem reporting sector - Other securities, Euro - Euro area (changing composition) counterpart",EUR,6
ILM.W.U2.C.A070200.U2.EUR,W,U2,C,A070200,U2,EUR,2021-W19,185790,A,F,,,P7D,,E,,,,,,,,,0,,Other securities - Eurosystem,"Euro area (changing composition), Eurosystem reporting sector - Other securities, Euro - Euro area (changing composition) counterpart",EUR,6
ILM.W.U2.C.A070200.U2.EUR,W,U2,C,A070200,U2,EUR,2021-W20,186269,A,F,,,P7D,,E,,,,,,,,,0,,Other securities - Eurosystem,"Euro area (changing composition), Eurosystem reporting sector - Other securities, Euro - Euro area (changing composition) counterpart",EUR,6
ILM.W.U2.C.A070200.U2.EUR,W,U2,C,A070200,U2,EUR,2021-W21,186372,A,F,,,P7D,,E,,,,,,,,,0,,Other securities - Eurosystem,"Euro area (changing composition), Eurosystem reporting sector - Other securities, Euro - Euro area (changing composition) counterpart",EUR,6
ILM.W.U2.C.A070200.U2.EUR,W,U2,C,A070200,U2,EUR,2021-W22,186578,A,F,,,P7D,,E,,,,,,,,,0,,Other securities - Eurosystem,"Euro area (changing composition), Eurosystem reporting sector - Other securities, Euro - Euro area (changing composition) counterpart",EUR,6
ILM.W.U2.C.A070200.U2.EUR,W,U2,C,A070200,U2,EUR,2021-W23,185820,A,F,,,P7D,,E,,,,,,,,,0,,Other securities - Eurosystem,"Euro area (changing composition), Eurosystem reporting sector - Other securities, Euro - Euro area (changing composition) counterpart",EUR,6
ILM.W.U2.C.A070200.U2.EUR,W,U2,C,A070200,U2,EUR,2021-W24,185806,A,F,,,P7D,,E,,,,,,,,,0,,Other securities - Eurosystem,"Euro area (changing composition), Eurosystem reporting sector - Other securities, Euro - Euro area (changing composition) counterpart",EUR,6
ILM.W.U2.C.A070200.U2.EUR,W,U2,C,A070200,U2,EUR,2021-W25,186003,A,F,,,P7D,,E,,,,,,,,,0,,Other securities - Eurosystem,"Euro area (changing composition), Eurosystem reporting sector - Other securities, Euro - Euro area (changing composition) counterpart",EUR,6
ILM.W.U2.C.A070200.U2.EUR,W,U2,C,A070200,U2,EUR,2021-W26,186223,A,F,,,P7D,,E,,,,,,,,,0,,Other securities - Eurosystem,"Euro area (changing composition), Eurosystem reporting sector - Other securities, Euro - Euro area (changing composition) counterpart",EUR,6
ILM.W.U2.C.A070200.U2.EUR,W,U2,C,A070200,U2,EUR,2021-W27,186227,A,F,,,P7D,,E,,,,,,,,,0,,Other securities - Eurosystem,"Euro area (changing composition), Eurosystem reporting sector - Other securities, Euro - Euro area (changing composition) counterpart",EUR,6
ILM.W.U2.C.A070200.U2.EUR,W,U2,C,A070200,U2,EUR,2021-W28,186557,A,F,,,P7D,,E,,,,,,,,,0,,Other securities - Eurosystem,"Euro area (changing composition), Eurosystem reporting sector - Other securities, Euro - Euro area (changing composition) counterpart",EUR,6
ILM.W.U2.C.A070200.U2.EUR,W,U2,C,A070200,U2,EUR,2021-W29,186445,A,F,,,P7D,,E,,,,,,,,,0,,Other securities - Eurosystem,"Euro area (changing composition), Eurosystem reporting sector - Other securities, Euro - Euro area (changing composition) counterpart",EUR,6
ILM.W.U2.C.A070200.U2.EUR,W,U2,C,A070200,U2,EUR,2021-W30,187074,A,F,,,P7D,,E,,,,,,,,,0,,Other securities - Eurosystem,"Euro area (changing composition), Eurosystem reporting sector - Other securities, Euro - Euro area (changing composition) counterpart",EUR,6
ILM.W.U2.C.A070200.U2.EUR,W,U2,C,A070200,U2,EUR,2021-W31,185785.7812,A,F,,,P7D,,E,,,,,,,,,0,,Other securities - Eurosystem,"Euro area (changing composition), Eurosystem reporting sector - Other securities, Euro - Euro area (changing composition) counterpart",EUR,6
ILM.W.U2.C.A070200.U2.EUR,W,U2,C,A070200,U2,EUR,2021-W32,185817,A,F,,,P7D,,E,,,,,,,,,0,,Other securities - Eurosystem,"Euro area (changing composition), Eurosystem reporting sector - Other securities, Euro - Euro area (changing composition) counterpart",EUR,6
ILM.W.U2.C.A070200.U2.EUR,W,U2,C,A070200,U2,EUR,2021-W33,186607,A,F,,,P7D,,E,,,,,,,,,0,,Other securities - Eurosystem,"Euro area (changing composition), Eurosystem reporting sector - Other securities, Euro - Euro area (changing composition) counterpart",EUR,6
ILM.W.U2.C.A070200.U2.EUR,W,U2,C,A070200,U2,EUR,2021-W34,186070,A,F,,,P7D,,E,,,,,,,,,0,,Other securities - Eurosystem,"Euro area (changing composition), Eurosystem reporting sector - Other securities, Euro - Euro area (changing composition) counterpart",EUR,6
ILM.W.U2.C.A070200.U2.EUR,W,U2,C,A070200,U2,EUR,2021-W35,183225,A,F,,,P7D,,E,,,,,,,,,0,,Other securities - Eurosystem,"Euro area (changing composition), Eurosystem reporting sector - Other securities, Euro - Euro area (changing composition) counterpart",EUR,6
ILM.W.U2.C.A070200.U2.EUR,W,U2,C,A070200,U2,EUR,2021-W36,182389,A,F,,,P7D,,E,,,,,,,,,0,,Other securities - Eurosystem,"Euro area (changing composition), Eurosystem reporting sector - Other securities, Euro - Euro area (changing composition) counterpart",EUR,6
ILM.W.U2.C.A070200.U2.EUR,W,U2,C,A070200,U2,EUR,2021-W37,181638,A,F,,,P7D,,E,,,,,,,,,0,,Other securities - Eurosystem,"Euro area (changing composition), Eurosystem reporting sector - Other securities, Euro - Euro area (changing composition) counterpart",EUR,6
ILM.W.U2.C.A070200.U2.EUR,W,U2,C,A070200,U2,EUR,2021-W38,182284,A,F,,,P7D,,E,,,,,,,,,0,,Other securities - Eurosystem,"Euro area (changing composition), Eurosystem reporting sector - Other securities, Euro - Euro area (changing composition) counterpart",EUR,6
ILM.W.U2.C.A070200.U2.EUR,W,U2,C,A070200,U2,EUR,2021-W39,182263,A,F,,,P7D,,E,,,,,,,,,0,,Other securities - Eurosystem,"Euro area (changing composition), Eurosystem reporting sector - Other securities, Euro - Euro area (changing composition) counterpart",EUR,6
ILM.W.U2.C.A070200.U2.EUR,W,U2,C,A070200,U2,EUR,2021-W40,182144,A,F,,,P7D,,E,,,,,,,,,0,,Other securities - Eurosystem,"Euro area (changing composition), Eurosystem reporting sector - Other securities, Euro - Euro area (changing composition) counterpart",EUR,6
ILM.W.U2.C.A070200.U2.EUR,W,U2,C,A070200,U2,EUR,2021-W41,181778,A,F,,,P7D,,E,,,,,,,,,0,,Other securities - Eurosystem,"Euro area (changing composition), Eurosystem reporting sector - Other securities, Euro - Euro area (changing composition) counterpart",EUR,6
ILM.W.U2.C.A070200.U2.EUR,W,U2,C,A070200,U2,EUR,2021-W42,182308,A,F,,,P7D,,E,,,,,,,,,0,,Other securities - Eurosystem,"Euro area (changing composition), Eurosystem reporting sector - Other securities, Euro - Euro area (changing composition) counterpart",EUR,6
ILM.W.U2.C.A070200.U2.EUR,W,U2,C,A070200,U2,EUR,2021-W43,177427,A,F,,,P7D,,E,,,,,,,,,0,,Other securities - Eurosystem,"Euro area (changing composition), Eurosystem reporting sector - Other securities, Euro - Euro area (changing composition) counterpart",EUR,6
ILM.W.U2.C.A070200.U2.EUR,W,U2,C,A070200,U2,EUR,2021-W44,178198,A,F,,,P7D,,E,,,,,,,,,0,,Other securities - Eurosystem,"Euro area (changing composition), Eurosystem reporting sector - Other securities, Euro - Euro area (changing composition) counterpart",EUR,6
ILM.W.U2.C.A070200.U2.EUR,W,U2,C,A070200,U2,EUR,2021-W45,177846,A,F,,,P7D,,E,,,,,,,,,0,,Other securities - Eurosystem,"Euro area (changing composition), Eurosystem reporting sector - Other securities, Euro - Euro area (changing composition) counterpart",EUR,6
ILM.W.U2.C.A070200.U2.EUR,W,U2,C,A070200,U2,EUR,2021-W46,178023,A,F,,,P7D,,E,,,,,,,,,0,,Other securities - Eurosystem,"Euro area (changing composition), Eurosystem reporting sector - Other securities, Euro - Euro area (changing composition) counterpart",EUR,6
ILM.W.U2.C.A070200.U2.EUR,W,U2,C,A070200,U2,EUR,2021-W47,176063,A,F,,,P7D,,E,,,,,,,,,0,,Other securities - Eurosystem,"Euro area (changing composition), Eurosystem reporting sector - Other securities, Euro - Euro area (changing composition) counterpart",EUR,6
ILM.W.U2.C.A070200.U2.EUR,W,U2,C,A070200,U2,EUR,2021-W48,174990,A,F,,,P7D,,E,,,,,,,,,0,,Other securities - Eurosystem,"Euro area (changing composition), Eurosystem reporting sector - Other securities, Euro - Euro area (changing composition) counterpart",EUR,6
ILM.W.U2.C.A070200.U2.EUR,W,U2,C,A070200,U2,EUR,2021-W49,174977,A,F,,,P7D,,E,,,,,,,,,0,,Other securities - Eurosystem,"Euro area (changing composition), Eurosystem reporting sector - Other securities, Euro - Euro area (changing composition) counterpart",EUR,6
ILM.W.U2.C.A070200.U2.EUR,W,U2,C,A070200,U2,EUR,2021-W50,172161,A,F,,,P7D,,E,,,,,,,,,0,,Other securities - Eurosystem,"Euro area (changing composition), Eurosystem reporting sector - Other securities, Euro - Euro area (changing composition) counterpart",EUR,6
ILM.W.U2.C.A070200.U2.EUR,W,U2,C,A070200,U2,EUR,2021-W51,172775,A,F,,,P7D,,E,,,,,,,,,0,,Other securities - Eurosystem,"Euro area (changing composition), Eurosystem reporting sector - Other securities, Euro - Euro area (changing composition) counterpart",EUR,6
ILM.W.U2.C.A070200.U2.EUR,W,U2,C,A070200,U2,EUR,2021-W52,173007,A,F,,,P7D,,E,,,,,,,,,0,,Other securities - Eurosystem,"Euro area (changing composition), Eurosystem reporting sector - Other securities, Euro - Euro area (changing composition) counterpart",EUR,6
ILM.W.U2.C.A070200.U2.EUR,W,U2,C,A070200,U2,EUR,2022-W01,172954,A,F,,,P7D,,E,,,,,,,,,0,,Other securities - Eurosystem,"Euro area (changing composition), Eurosystem reporting sector - Other securities, Euro - Euro area (changing composition) counterpart",EUR,6
ILM.W.U2.C.A070200.U2.EUR,W,U2,C,A070200,U2,EUR,2022-W02,172814,A,F,,,P7D,,E,,,,,,,,,0,,Other securities - Eurosystem,"Euro area (changing composition), Eurosystem reporting sector - Other securities, Euro - Euro area (changing composition) counterpart",EUR,6
ILM.W.U2.C.A070200.U2.EUR,W,U2,C,A070200,U2,EUR,2022-W03,173174,A,F,,,P7D,,E,,,,,,,,,0,,Other securities - Eurosystem,"Euro area (changing composition), Eurosystem reporting sector - Other securities, Euro - Euro area (changing composition) counterpart",EUR,6
ILM.W.U2.C.A070200.U2.EUR,W,U2,C,A070200,U2,EUR,2022-W04,172332,A,F,,,P7D,,E,,,,,,,,,0,,Other securities - Eurosystem,"Euro area (changing composition), Eurosystem reporting sector - Other securities, Euro - Euro area (changing composition) counterpart",EUR,6
ILM.W.U2.C.A070200.U2.EUR,W,U2,C,A070200,U2,EUR,2022-W05,169796,A,F,,,P7D,,E,,,,,,,,,0,,Other securities - Eurosystem,"Euro area (changing composition), Eurosystem reporting sector - Other securities, Euro - Euro area (changing composition) counterpart",EUR,6
ILM.W.U2.C.A070200.U2.EUR,W,U2,C,A070200,U2,EUR,2022-W06,170654,A,F,,,P7D,,E,,,,,,,,,0,,Other securities - Eurosystem,"Euro area (changing composition), Eurosystem reporting sector - Other securities, Euro - Euro area (changing composition) counterpart",EUR,6
ILM.W.U2.C.A070200.U2.EUR,W,U2,C,A070200,U2,EUR,2022-W07,171474,A,F,,,P7D,,E,,,,,,,,,0,,Other securities - Eurosystem,"Euro area (changing composition), Eurosystem reporting sector - Other securities, Euro - Euro area (changing composition) counterpart",EUR,6
ILM.W.U2.C.A070200.U2.EUR,W,U2,C,A070200,U2,EUR,2022-W08,171625,A,F,,,P7D,,E,,,,,,,,,0,,Other securities - Eurosystem,"Euro area (changing composition), Eurosystem reporting sector - Other securities, Euro - Euro area (changing composition) counterpart",EUR,6
ILM.W.U2.C.A070200.U2.EUR,W,U2,C,A070200,U2,EUR,2022-W09,169227,A,F,,,P7D,,E,,,,,,,,,0,,Other securities - Eurosystem,"Euro area (changing composition), Eurosystem reporting sector - Other securities, Euro - Euro area (changing composition) counterpart",EUR,6
ILM.W.U2.C.A070200.U2.EUR,W,U2,C,A070200,U2,EUR,2022-W10,169509,A,F,,,P7D,,E,,,,,,,,,0,,Other securities - Eurosystem,"Euro area (changing composition), Eurosystem reporting sector - Other securities, Euro - Euro area (changing composition) counterpart",EUR,6
ILM.W.U2.C.A070200.U2.EUR,W,U2,C,A070200,U2,EUR,2022-W11,169714,A,F,,,P7D,,E,,,,,,,,,0,,Other securities - Eurosystem,"Euro area (changing composition), Eurosystem reporting sector - Other securities, Euro - Euro area (changing composition) counterpart",EUR,6
ILM.W.U2.C.A070200.U2.EUR,W,U2,C,A070200,U2,EUR,2022-W12,170384,A,F,,,P7D,,E,,,,,,,,,0,,Other securities - Eurosystem,"Euro area (changing composition), Eurosystem reporting sector - Other securities, Euro - Euro area (changing composition) counterpart",EUR,6
ILM.W.U2.C.A070200.U2.EUR,W,U2,C,A070200,U2,EUR,2022-W13,168157,A,F,,,P7D,,E,,,,,,,,,0,,Other securities - Eurosystem,"Euro area (changing composition), Eurosystem reporting sector - Other securities, Euro - Euro area (changing composition) counterpart",EUR,6
ILM.W.U2.C.A070200.U2.EUR,W,U2,C,A070200,U2,EUR,2022-W14,168592,A,F,,,P7D,,E,,,,,,,,,0,,Other securities - Eurosystem,"Euro area (changing composition), Eurosystem reporting sector - Other securities, Euro - Euro area (changing composition) counterpart",EUR,6
ILM.W.U2.C.A070200.U2.EUR,W,U2,C,A070200,U2,EUR,2022-W15,168643,A,F,,,P7D,,E,,,,,,,,,0,,Other securities - Eurosystem,"Euro area (changing composition), Eurosystem reporting sector - Other securities, Euro - Euro area (changing composition) counterpart",EUR,6
ILM.W.U2.C.A070200.U2.EUR,W,U2,C,A070200,U2,EUR,2022-W16,166817,A,F,,,P7D,,E,,,,,,,,,0,,Other securities - Eurosystem,"Euro area (changing composition), Eurosystem reporting sector - Other securities, Euro - Euro area (changing composition) counterpart",EUR,6
ILM.W.U2.C.A070200.U2.EUR,W,U2,C,A070200,U2,EUR,2022-W17,164825,A,F,,,P7D,,E,,,,,,,,,0,,Other securities - Eurosystem,"Euro area (changing composition), Eurosystem reporting sector - Other securities, Euro - Euro area (changing composition) counterpart",EUR,6
ILM.W.U2.C.A070200.U2.EUR,W,U2,C,A070200,U2,EUR,2022-W18,164961,A,F,,,P7D,,E,,,,,,,,,0,,Other securities - Eurosystem,"Euro area (changing composition), Eurosystem reporting sector - Other securities, Euro - Euro area (changing composition) counterpart",EUR,6
ILM.W.U2.C.A070200.U2.EUR,W,U2,C,A070200,U2,EUR,2022-W19,165305,A,F,,,P7D,,E,,,,,,,,,0,,Other securities - Eurosystem,"Euro area (changing composition), Eurosystem reporting sector - Other securities, Euro - Euro area (changing composition) counterpart",EUR,6
ILM.W.U2.C.A070200.U2.EUR,W,U2,C,A070200,U2,EUR,2022-W20,165299,A,F,,,P7D,,E,,,,,,,,,0,,Other securities - Eurosystem,"Euro area (changing composition), Eurosystem reporting sector - Other securities, Euro - Euro area (changing composition) counterpart",EUR,6
ILM.W.U2.C.A070200.U2.EUR,W,U2,C,A070200,U2,EUR,2022-W21,164442,A,F,,,P7D,,E,,,,,,,,,0,,Other securities - Eurosystem,"Euro area (changing composition), Eurosystem reporting sector - Other securities, Euro - Euro area (changing composition) counterpart",EUR,6
ILM.W.U2.C.A070200.U2.EUR,W,U2,C,A070200,U2,EUR,2022-W22,164982,A,F,,,P7D,,E,,,,,,,,,0,,Other securities - Eurosystem,"Euro area (changing composition), Eurosystem reporting sector - Other securities, Euro - Euro area (changing composition) counterpart",EUR,6
ILM.W.U2.C.A070200.U2.EUR,W,U2,C,A070200,U2,EUR,2022-W23,165271,A,F,,,P7D,,E,,,,,,,,,0,,Other securities - Eurosystem,"Euro area (changing composition), Eurosystem reporting sector - Other securities, Euro - Euro area (changing composition) counterpart",EUR,6
ILM.W.U2.C.A070200.U2.EUR,W,U2,C,A070200,U2,EUR,2022-W24,165937,A,F,,,P7D,,E,,,,,,,,,0,,Other securities - Eurosystem,"Euro area (changing composition), Eurosystem reporting sector - Other securities, Euro - Euro area (changing composition) counterpart",EUR,6
ILM.W.U2.C.A070200.U2.EUR,W,U2,C,A070200,U2,EUR,2022-W25,166976,A,F,,,P7D,,E,,,,,,,,,0,,Other securities - Eurosystem,"Euro area (changing composition), Eurosystem reporting sector - Other securities, Euro - Euro area (changing composition) counterpart",EUR,6
ILM.W.U2.C.A070200.U2.EUR,W,U2,C,A070200,U2,EUR,2022-W26,165629,A,F,,,P7D,,E,,,,,,,,,0,,Other securities - Eurosystem,"Euro area (changing composition), Eurosystem reporting sector - Other securities, Euro - Euro area (changing composition) counterpart",EUR,6
ILM.W.U2.C.A070200.U2.EUR,W,U2,C,A070200,U2,EUR,2022-W27,166094,A,F,,,P7D,,E,,,,,,,,,0,,Other securities - Eurosystem,"Euro area (changing composition), Eurosystem reporting sector - Other securities, Euro - Euro area (changing composition) counterpart",EUR,6
ILM.W.U2.C.A070200.U2.EUR,W,U2,C,A070200,U2,EUR,2022-W28,165390,A,F,,,P7D,,E,,,,,,,,,0,,Other securities - Eurosystem,"Euro area (changing composition), Eurosystem reporting sector - Other securities, Euro - Euro area (changing composition) counterpart",EUR,6
ILM.W.U2.C.A070200.U2.EUR,W,U2,C,A070200,U2,EUR,2022-W29,166614,A,F,,,P7D,,E,,,,,,,,,0,,Other securities - Eurosystem,"Euro area (changing composition), Eurosystem reporting sector - Other securities, Euro - Euro area (changing composition) counterpart",EUR,6
ILM.W.U2.C.A070200.U2.EUR,W,U2,C,A070200,U2,EUR,2022-W30,166769,A,F,,,P7D,,E,,,,,,,,,0,,Other securities - Eurosystem,"Euro area (changing composition), Eurosystem reporting sector - Other securities, Euro - Euro area (changing composition) counterpart",EUR,6
ILM.W.U2.C.A070200.U2.EUR,W,U2,C,A070200,U2,EUR,2022-W31,165691,A,F,,,P7D,,E,,,,,,,,,0,,Other securities - Eurosystem,"Euro area (changing composition), Eurosystem reporting sector - Other securities, Euro - Euro area (changing composition) counterpart",EUR,6
ILM.W.U2.C.A070200.U2.EUR,W,U2,C,A070200,U2,EUR,2022-W32,166386,A,F,,,P7D,,E,,,,,,,,,0,,Other securities - Eurosystem,"Euro area (changing composition), Eurosystem reporting sector - Other securities, Euro - Euro area (changing composition) counterpart",EUR,6
ILM.W.U2.C.A070200.U2.EUR,W,U2,C,A070200,U2,EUR,2022-W33,167163,A,F,,,P7D,,E,,,,,,,,,0,,Other securities - Eurosystem,"Euro area (changing composition), Eurosystem reporting sector - Other securities, Euro - Euro area (changing composition) counterpart",EUR,6
ILM.W.U2.C.A070200.U2.EUR,W,U2,C,A070200,U2,EUR,2022-W34,167608,A,F,,,P7D,,E,,,,,,,,,0,,Other securities - Eurosystem,"Euro area (changing composition), Eurosystem reporting sector - Other securities, Euro - Euro area (changing composition) counterpart",EUR,6
ILM.W.U2.C.A070200.U2.EUR,W,U2,C,A070200,U2,EUR,2022-W35,165886,A,F,,,P7D,,E,,,,,,,,,0,,Other securities - Eurosystem,"Euro area (changing composition), Eurosystem reporting sector - Other securities, Euro - Euro area (changing composition) counterpart",EUR,6
ILM.W.U2.C.A070200.U2.EUR,W,U2,C,A070200,U2,EUR,2022-W36,166256,A,F,,,P7D,,E,,,,,,,,,0,,Other securities - Eurosystem,"Euro area (changing composition), Eurosystem reporting sector - Other securities, Euro - Euro area (changing composition) counterpart",EUR,6
ILM.W.U2.C.A070200.U2.EUR,W,U2,C,A070200,U2,EUR,2022-W37,166703,A,F,,,P7D,,E,,,,,,,,,0,,Other securities - Eurosystem,"Euro area (changing composition), Eurosystem reporting sector - Other securities, Euro - Euro area (changing composition) counterpart",EUR,6
ILM.W.U2.C.A070200.U2.EUR,W,U2,C,A070200,U2,EUR,2022-W38,167067,A,F,,,P7D,,E,,,,,,,,,0,,Other securities - Eurosystem,"Euro area (changing composition), Eurosystem reporting sector - Other securities, Euro - Euro area (changing composition) counterpart",EUR,6
ILM.W.U2.C.A070200.U2.EUR,W,U2,C,A070200,U2,EUR,2022-W39,166500,A,F,,,P7D,,E,,,,,,,,,0,,Other securities - Eurosystem,"Euro area (changing composition), Eurosystem reporting sector - Other securities, Euro - Euro area (changing composition) counterpart",EUR,6
ILM.W.U2.C.A070200.U2.EUR,W,U2,C,A070200,U2,EUR,2022-W40,166228,A,F,,,P7D,,E,,,,,,,,,0,,Other securities - Eurosystem,"Euro area (changing composition), Eurosystem reporting sector - Other securities, Euro - Euro area (changing composition) counterpart",EUR,6
ILM.W.U2.C.A070200.U2.EUR,W,U2,C,A070200,U2,EUR,2022-W41,166930,A,F,,,P7D,,E,,,,,,,,,0,,Other securities - Eurosystem,"Euro area (changing composition), Eurosystem reporting sector - Other securities, Euro - Euro area (changing composition) counterpart",EUR,6
ILM.W.U2.C.A070200.U2.EUR,W,U2,C,A070200,U2,EUR,2022-W42,167320,A,F,,,P7D,,E,,,,,,,,,0,,Other securities - Eurosystem,"Euro area (changing composition), Eurosystem reporting sector - Other securities, Euro - Euro area (changing composition) counterpart",EUR,6
ILM.W.U2.C.A070200.U2.EUR,W,U2,C,A070200,U2,EUR,2022-W43,164186,A,F,,,P7D,,E,,,,,,,,,0,,Other securities - Eurosystem,"Euro area (changing composition), Eurosystem reporting sector - Other securities, Euro - Euro area (changing composition) counterpart",EUR,6
ILM.W.U2.C.A070200.U2.EUR,W,U2,C,A070200,U2,EUR,2022-W44,162052,A,F,,,P7D,,E,,,,,,,,,0,,Other securities - Eurosystem,"Euro area (changing composition), Eurosystem reporting sector - Other securities, Euro - Euro area (changing composition) counterpart",EUR,6
ILM.W.U2.C.A070200.U2.EUR,W,U2,C,A070200,U2,EUR,2022-W45,163194,A,F,,,P7D,,E,,,,,,,,,0,,Other securities - Eurosystem,"Euro area (changing composition), Eurosystem reporting sector - Other securities, Euro - Euro area (changing composition) counterpart",EUR,6
ILM.W.U2.C.A070200.U2.EUR,W,U2,C,A070200,U2,EUR,2022-W46,163691,A,F,,,P7D,,E,,,,,,,,,0,,Other securities - Eurosystem,"Euro area (changing composition), Eurosystem reporting sector - Other securities, Euro - Euro area (changing composition) counterpart",EUR,6
ILM.W.U2.C.A070200.U2.EUR,W,U2,C,A070200,U2,EUR,2022-W47,164724,A,F,,,P7D,,E,,,,,,,,,0,,Other securities - Eurosystem,"Euro area (changing composition), Eurosystem reporting sector - Other securities, Euro - Euro area (changing composition) counterpart",EUR,6
ILM.W.U2.C.A070200.U2.EUR,W,U2,C,A070200,U2,EUR,2022-W48,165461,A,F,,,P7D,,E,,,,,,,,,0,,Other securities - Eurosystem,"Euro area (changing composition), Eurosystem reporting sector - Other securities, Euro - Euro area (changing composition) counterpart",EUR,6
ILM.W.U2.C.A070200.U2.EUR,W,U2,C,A070200,U2,EUR,2022-W49,165872,A,F,,,P7D,,E,,,,,,,,,0,,Other securities - Eurosystem,"Euro area (changing composition), Eurosystem reporting sector - Other securities, Euro - Euro area (changing composition) counterpart",EUR,6
ILM.W.U2.C.A070200.U2.EUR,W,U2,C,A070200,U2,EUR,2022-W50,165437,A,F,,,P7D,,E,,,,,,,,,0,,Other securities - Eurosystem,"Euro area (changing composition), Eurosystem reporting sector - Other securities, Euro - Euro area (changing composition) counterpart",EUR,6
ILM.W.U2.C.A070200.U2.EUR,W,U2,C,A070200,U2,EUR,2022-W51,165257,A,F,,,P7D,,E,,,,,,,,,0,,Other securities - Eurosystem,"Euro area (changing composition), Eurosystem reporting sector - Other securities, Euro - Euro area (changing composition) counterpart",EUR,6
ILM.W.U2.C.A070200.U2.EUR,W,U2,C,A070200,U2,EUR,2022-W52,164995,A,F,,,P7D,,E,,,,,,,,,0,,Other securities - Eurosystem,"Euro area (changing composition), Eurosystem reporting sector - Other securities, Euro - Euro area (changing composition) counterpart",EUR,6
ILM.W.U2.C.A070200.U2.EUR,W,U2,C,A070200,U2,EUR,2023-W01,181454,A,F,,,P7D,,E,,,,,,,,,0,,Other securities - Eurosystem,"Euro area (changing composition), Eurosystem reporting sector - Other securities, Euro - Euro area (changing composition) counterpart",EUR,6
ILM.W.U2.C.A070200.U2.EUR,W,U2,C,A070200,U2,EUR,2023-W02,179619,A,F,,,P7D,,E,,,,,,,,,0,,Other securities - Eurosystem,"Euro area (changing composition), Eurosystem reporting sector - Other securities, Euro - Euro area (changing composition) counterpart",EUR,6
ILM.W.U2.C.A070200.U2.EUR,W,U2,C,A070200,U2,EUR,2023-W03,178497,A,F,,,P7D,,E,,,,,,,,,0,,Other securities - Eurosystem,"Euro area (changing composition), Eurosystem reporting sector - Other securities, Euro - Euro area (changing composition) counterpart",EUR,6
ILM.W.U2.C.A070200.U2.EUR,W,U2,C,A070200,U2,EUR,2023-W04,178254,A,F,,,P7D,,E,,,,,,,,,0,,Other securities - Eurosystem,"Euro area (changing composition), Eurosystem reporting sector - Other securities, Euro - Euro area (changing composition) counterpart",EUR,6
ILM.W.U2.C.A070200.U2.EUR,W,U2,C,A070200,U2,EUR,2023-W05,175989,A,F,,,P7D,,E,,,,,,,,,0,,Other securities - Eurosystem,"Euro area (changing composition), Eurosystem reporting sector - Other securities, Euro - Euro area (changing composition) counterpart",EUR,6
ILM.W.U2.C.A070200.U2.EUR,W,U2,C,A070200,U2,EUR,2023-W06,176304,A,F,,,P7D,,E,,,,,,,,,0,,Other securities - Eurosystem,"Euro area (changing composition), Eurosystem reporting sector - Other securities, Euro - Euro area (changing composition) counterpart",EUR,6
ILM.W.U2.C.A070200.U2.EUR,W,U2,C,A070200,U2,EUR,2023-W07,176477,A,F,,,P7D,,E,,,,,,,,,0,,Other securities - Eurosystem,"Euro area (changing composition), Eurosystem reporting sector - Other securities, Euro - Euro area (changing composition) counterpart",EUR,6
ILM.W.U2.C.A070200.U2.EUR,W,U2,C,A070200,U2,EUR,2023-W08,178153,A,F,,,P7D,,E,,,,,,,,,0,,Other securities - Eurosystem,"Euro area (changing composition), Eurosystem reporting sector - Other securities, Euro - Euro area (changing composition) counterpart",EUR,6
ILM.W.U2.C.A070200.U2.EUR,W,U2,C,A070200,U2,EUR,2023-W09,178345,A,F,,,P7D,,E,,,,,,,,,0,,Other securities - Eurosystem,"Euro area (changing composition), Eurosystem reporting sector - Other securities, Euro - Euro area (changing composition) counterpart",EUR,6
ILM.W.U2.C.A070200.U2.EUR,W,U2,C,A070200,U2,EUR,2023-W10,178915,A,F,,,P7D,,E,,,,,,,,,0,,Other securities - Eurosystem,"Euro area (changing composition), Eurosystem reporting sector - Other securities, Euro - Euro area (changing composition) counterpart",EUR,6
ILM.W.U2.C.A070200.U2.EUR,W,U2,C,A070200,U2,EUR,2023-W11,178548,A,F,,,P7D,,E,,,,,,,,,0,,Other securities - Eurosystem,"Euro area (changing composition), Eurosystem reporting sector - Other securities, Euro - Euro area (changing composition) counterpart",EUR,6
ILM.W.U2.C.A070200.U2.EUR,W,U2,C,A070200,U2,EUR,2023-W12,178154,A,F,,,P7D,,E,,,,,,,,,0,,Other securities - Eurosystem,"Euro area (changing composition), Eurosystem reporting sector - Other securities, Euro - Euro area (changing composition) counterpart",EUR,6
ILM.W.U2.C.A070200.U2.EUR,W,U2,C,A070200,U2,EUR,2023-W13,177885,A,F,,,P7D,,E,,,,,,,,,0,,Other securities - Eurosystem,"Euro area (changing composition), Eurosystem reporting sector - Other securities, Euro - Euro area (changing composition) counterpart",EUR,6
ILM.W.U2.C.A070200.U2.EUR,W,U2,C,A070200,U2,EUR,2023-W14,178413,A,F,,,P7D,,E,,,,,,,,,0,,Other securities - Eurosystem,"Euro area (changing composition), Eurosystem reporting sector - Other securities, Euro - Euro area (changing composition) counterpart",EUR,6
ILM.W.U2.C.A070200.U2.EUR,W,U2,C,A070200,U2,EUR,2023-W15,178743,A,F,,,P7D,,E,,,,,,,,,0,,Other securities - Eurosystem,"Euro area (changing composition), Eurosystem reporting sector - Other securities, Euro - Euro area (changing composition) counterpart",EUR,6
ILM.W.U2.C.A070200.U2.EUR,W,U2,C,A070200,U2,EUR,2023-W16,180999,A,F,,,P7D,,E,,,,,,,,,0,,Other securities - Eurosystem,"Euro area (changing composition), Eurosystem reporting sector - Other securities, Euro - Euro area (changing composition) counterpart",EUR,6
ILM.W.U2.C.A070200.U2.EUR,W,U2,C,A070200,U2,EUR,2023-W17,182775,A,F,,,P7D,,E,,,,,,,,,0,,Other securities - Eurosystem,"Euro area (changing composition), Eurosystem reporting sector - Other securities, Euro - Euro area (changing composition) counterpart",EUR,6
ILM.W.U2.C.A070200.U2.EUR,W,U2,C,A070200,U2,EUR,2023-W18,180379,A,F,,,P7D,,E,,,,,,,,,0,,Other securities - Eurosystem,"Euro area (changing composition), Eurosystem reporting sector - Other securities, Euro - Euro area (changing composition) counterpart",EUR,6
ILM.W.U2.C.A070200.U2.EUR,W,U2,C,A070200,U2,EUR,2023-W19,181236,A,F,,,P7D,,E,,,,,,,,,0,,Other securities - Eurosystem,"Euro area (changing composition), Eurosystem reporting sector - Other securities, Euro - Euro area (changing composition) counterpart",EUR,6
ILM.W.U2.C.A070200.U2.EUR,W,U2,C,A070200,U2,EUR,2023-W20,181583,A,F,,,P7D,,E,,,,,,,,,0,,Other securities - Eurosystem,"Euro area (changing composition), Eurosystem reporting sector - Other securities, Euro - Euro area (changing composition) counterpart",EUR,6
ILM.W.U2.C.A070200.U2.EUR,W,U2,C,A070200,U2,EUR,2023-W21,184653,A,F,,,P7D,,E,,,,,,,,,0,,Other securities - Eurosystem,"Euro area (changing composition), Eurosystem reporting sector - Other securities, Euro - Euro area (changing composition) counterpart",EUR,6
ILM.W.U2.C.A070200.U2.EUR,W,U2,C,A070200,U2,EUR,2023-W22,186209,A,F,,,P7D,,E,,,,,,,,,0,,Other securities - Eurosystem,"Euro area (changing composition), Eurosystem reporting sector - Other securities, Euro - Euro area (changing composition) counterpart",EUR,6
ILM.W.U2.C.A070200.U2.EUR,W,U2,C,A070200,U2,EUR,2023-W23,186721,A,F,,,P7D,,E,,,,,,,,,0,,Other securities - Eurosystem,"Euro area (changing composition), Eurosystem reporting sector - Other securities, Euro - Euro area (changing composition) counterpart",EUR,6
ILM.W.U2.C.A070200.U2.EUR,W,U2,C,A070200,U2,EUR,2023-W24,186176,A,F,,,P7D,,E,,,,,,,,,0,,Other securities - Eurosystem,"Euro area (changing composition), Eurosystem reporting sector - Other securities, Euro - Euro area (changing composition) counterpart",EUR,6
ILM.W.U2.C.A070200.U2.EUR,W,U2,C,A070200,U2,EUR,2023-W25,186679,A,F,,,P7D,,E,,,,,,,,,0,,Other securities - Eurosystem,"Euro area (changing composition), Eurosystem reporting sector - Other securities, Euro - Euro area (changing composition) counterpart",EUR,6
ILM.W.U2.C.A070200.U2.EUR,W,U2,C,A070200,U2,EUR,2023-W26,186227,A,F,,,P7D,,E,,,,,,,,,0,,Other securities - Eurosystem,"Euro area (changing composition), Eurosystem reporting sector - Other securities, Euro - Euro area (changing composition) counterpart",EUR,6
ILM.W.U2.C.A070200.U2.EUR,W,U2,C,A070200,U2,EUR,2023-W27,187656,A,F,,,P7D,,E,,,,,,,,,0,,Other securities - Eurosystem,"Euro area (changing composition), Eurosystem reporting sector - Other securities, Euro - Euro area (changing composition) counterpart",EUR,6
ILM.W.U2.C.A070200.U2.EUR,W,U2,C,A070200,U2,EUR,2023-W28,189914,A,F,,,P7D,,E,,,,,,,,,0,,Other securities - Eurosystem,"Euro area (changing composition), Eurosystem reporting sector - Other securities, Euro - Euro area (changing composition) counterpart",EUR,6
ILM.W.U2.C.A070200.U2.EUR,W,U2,C,A070200,U2,EUR,2023-W29,189757,A,F,,,P7D,,E,,,,,,,,,0,,Other securities - Eurosystem,"Euro area (changing composition), Eurosystem reporting sector - Other securities, Euro - Euro area (changing composition) counterpart",EUR,6
ILM.W.U2.C.A070200.U2.EUR,W,U2,C,A070200,U2,EUR,2023-W30,189835,A,F,,,P7D,,E,,,,,,,,,0,,Other securities - Eurosystem,"Euro area (changing composition), Eurosystem reporting sector - Other securities, Euro - Euro area (changing composition) counterpart",EUR,6
ILM.W.U2.C.A070200.U2.EUR,W,U2,C,A070200,U2,EUR,2023-W31,189353,A,F,,,P7D,,E,,,,,,,,,0,,Other securities - Eurosystem,"Euro area (changing composition), Eurosystem reporting sector - Other securities, Euro - Euro area (changing composition) counterpart",EUR,6
ILM.W.U2.C.A070200.U2.EUR,W,U2,C,A070200,U2,EUR,2023-W32,189432,A,F,,,P7D,,E,,,,,,,,,0,,Other securities - Eurosystem,"Euro area (changing composition), Eurosystem reporting sector - Other securities, Euro - Euro area (changing composition) counterpart",EUR,6
ILM.W.U2.C.A070200.U2.EUR,W,U2,C,A070200,U2,EUR,2023-W33,190510,A,F,,,P7D,,E,,,,,,,,,0,,Other securities - Eurosystem,"Euro area (changing composition), Eurosystem reporting sector - Other securities, Euro - Euro area (changing composition) counterpart",EUR,6
ILM.W.U2.C.A070200.U2.EUR,W,U2,C,A070200,U2,EUR,2023-W34,191558,A,F,,,P7D,,E,,,,,,,,,0,,Other securities - Eurosystem,"Euro area (changing composition), Eurosystem reporting sector - Other securities, Euro - Euro area (changing composition) counterpart",EUR,6
ILM.W.U2.C.A070200.U2.EUR,W,U2,C,A070200,U2,EUR,2023-W35,192370,A,F,,,P7D,,E,,,,,,,,,0,,Other securities - Eurosystem,"Euro area (changing composition), Eurosystem reporting sector - Other securities, Euro - Euro area (changing composition) counterpart",EUR,6
ILM.W.U2.C.A070200.U2.EUR,W,U2,C,A070200,U2,EUR,2023-W36,192732,A,F,,,P7D,,E,,,,,,,,,0,,Other securities - Eurosystem,"Euro area (changing composition), Eurosystem reporting sector - Other securities, Euro - Euro area (changing composition) counterpart",EUR,6
ILM.W.U2.C.A070200.U2.EUR,W,U2,C,A070200,U2,EUR,2023-W37,192898,A,F,,,P7D,,E,,,,,,,,,0,,Other securities - Eurosystem,"Euro area (changing composition), Eurosystem reporting sector - Other securities, Euro - Euro area (changing composition) counterpart",EUR,6
ILM.W.U2.C.A070200.U2.EUR,W,U2,C,A070200,U2,EUR,2023-W38,195295,A,F,,,P7D,,E,,,,,,,,,0,,Other securities - Eurosystem,"Euro area (changing composition), Eurosystem reporting sector - Other securities, Euro - Euro area (changing composition) counterpart",EUR,6
ILM.W.U2.C.A070200.U2.EUR,W,U2,C,A070200,U2,EUR,2023-W39,196595,A,F,,,P7D,,E,,,,,,,,,0,,Other securities - Eurosystem,"Euro area (changing composition), Eurosystem reporting sector - Other securities, Euro - Euro area (changing composition) counterpart",EUR,6
ILM.W.U2.C.A070200.U2.EUR,W,U2,C,A070200,U2,EUR,2023-W40,199827,A,F,,,P7D,,E,,,,,,,,,0,,Other securities - Eurosystem,"Euro area (changing composition), Eurosystem reporting sector - Other securities, Euro - Euro area (changing composition) counterpart",EUR,6
ILM.W.U2.C.A070200.U2.EUR,W,U2,C,A070200,U2,EUR,2023-W41,201179,A,F,,,P7D,,E,,,,,,,,,0,,Other securities - Eurosystem,"Euro area (changing composition), Eurosystem reporting sector - Other securities, Euro - Euro area (changing composition) counterpart",EUR,6
ILM.W.U2.C.A070200.U2.EUR,W,U2,C,A070200,U2,EUR,2023-W42,203032,A,F,,,P7D,,E,,,,,,,,,0,,Other securities - Eurosystem,"Euro area (changing composition), Eurosystem reporting sector - Other securities, Euro - Euro area (changing composition) counterpart",EUR,6
ILM.W.U2.C.A070200.U2.EUR,W,U2,C,A070200,U2,EUR,2023-W43,202002,A,F,,,P7D,,E,,,,,,,,,0,,Other securities - Eurosystem,"Euro area (changing composition), Eurosystem reporting sector - Other securities, Euro - Euro area (changing composition) counterpart",EUR,6
ILM.W.U2.C.A070200.U2.EUR,W,U2,C,A070200,U2,EUR,2023-W44,200719,A,F,,,P7D,,E,,,,,,,,,0,,Other securities - Eurosystem,"Euro area (changing composition), Eurosystem reporting sector - Other securities, Euro - Euro area (changing composition) counterpart",EUR,6
ILM.W.U2.C.A070200.U2.EUR,W,U2,C,A070200,U2,EUR,2023-W45,200458,A,F,,,P7D,,E,,,,,,,,,0,,Other securities - Eurosystem,"Euro area (changing composition), Eurosystem reporting sector - Other securities, Euro - Euro area (changing composition) counterpart",EUR,6
ILM.W.U2.C.A070200.U2.EUR,W,U2,C,A070200,U2,EUR,2023-W46,201056,A,F,,,P7D,,E,,,,,,,,,0,,Other securities - Eurosystem,"Euro area (changing composition), Eurosystem reporting sector - Other securities, Euro - Euro area (changing composition) counterpart",EUR,6
ILM.W.U2.C.A070200.U2.EUR,W,U2,C,A070200,U2,EUR,2023-W47,201933,A,F,,,P7D,,E,,,,,,,,,0,,Other securities - Eurosystem,"Euro area (changing composition), Eurosystem reporting sector - Other securities, Euro - Euro area (changing composition) counterpart",EUR,6
ILM.W.U2.C.A070200.U2.EUR,W,U2,C,A070200,U2,EUR,2023-W48,201746,A,F,,,P7D,,E,,,,,,,,,0,,Other securities - Eurosystem,"Euro area (changing composition), Eurosystem reporting sector - Other securities, Euro - Euro area (changing composition) counterpart",EUR,6
ILM.W.U2.C.A070200.U2.EUR,W,U2,C,A070200,U2,EUR,2023-W49,203104,A,F,,,P7D,,E,,,,,,,,,0,,Other securities - Eurosystem,"Euro area (changing composition), Eurosystem reporting sector - Other securities, Euro - Euro area (changing composition) counterpart",EUR,6
ILM.W.U2.C.A070200.U2.EUR,W,U2,C,A070200,U2,EUR,2023-W50,204270,A,F,,,P7D,,E,,,,,,,,,0,,Other securities - Eurosystem,"Euro area (changing composition), Eurosystem reporting sector - Other securities, Euro - Euro area (changing composition) counterpart",EUR,6
ILM.W.U2.C.A070200.U2.EUR,W,U2,C,A070200,U2,EUR,2023-W51,202705,A,F,,,P7D,,E,,,,,,,,,0,,Other securities - Eurosystem,"Euro area (changing composition), Eurosystem reporting sector - Other securities, Euro - Euro area (changing composition) counterpart",EUR,6
ILM.W.U2.C.A070200.U2.EUR,W,U2,C,A070200,U2,EUR,2023-W52,204621,A,F,,,P7D,,E,,,,,,,,,0,,Other securities - Eurosystem,"Euro area (changing composition), Eurosystem reporting sector - Other securities, Euro - Euro area (changing composition) counterpart",EUR,6
ILM.W.U2.C.A070200.U2.EUR,W,U2,C,A070200,U2,EUR,2024-W01,204218,A,F,,,P7D,,E,,,,,,,,,0,,Other securities - Eurosystem,"Euro area (changing composition), Eurosystem reporting sector - Other securities, Euro - Euro area (changing composition) counterpart",EUR,6
ILM.W.U2.C.A070200.U2.EUR,W,U2,C,A070200,U2,EUR,2024-W02,204382,A,F,,,P7D,,E,,,,,,,,,0,,Other securities - Eurosystem,"Euro area (changing composition), Eurosystem reporting sector - Other securities, Euro - Euro area (changing composition) counterpart",EUR,6
ILM.W.U2.C.A070200.U2.EUR,W,U2,C,A070200,U2,EUR,2024-W03,205964,A,F,,,P7D,,E,,,,,,,,,0,,Other securities - Eurosystem,"Euro area (changing composition), Eurosystem reporting sector - Other securities, Euro - Euro area (changing composition) counterpart",EUR,6
ILM.W.U2.C.A070200.U2.EUR,W,U2,C,A070200,U2,EUR,2024-W04,207495,A,F,,,P7D,,E,,,,,,,,,0,,Other securities - Eurosystem,"Euro area (changing composition), Eurosystem reporting sector - Other securities, Euro - Euro area (changing composition) counterpart",EUR,6
ILM.W.U2.C.A070200.U2.EUR,W,U2,C,A070200,U2,EUR,2024-W05,204896,A,F,,,P7D,,E,,,,,,,,,0,,Other securities - Eurosystem,"Euro area (changing composition), Eurosystem reporting sector - Other securities, Euro - Euro area (changing composition) counterpart",EUR,6
ILM.W.U2.C.A070200.U2.EUR,W,U2,C,A070200,U2,EUR,2024-W06,202255,A,F,,,P7D,,E,,,,,,,,,0,,Other securities - Eurosystem,"Euro area (changing composition), Eurosystem reporting sector - Other securities, Euro - Euro area (changing composition) counterpart",EUR,6
ILM.W.U2.C.A070200.U2.EUR,W,U2,C,A070200,U2,EUR,2024-W07,201965,A,F,,,P7D,,E,,,,,,,,,0,,Other securities - Eurosystem,"Euro area (changing composition), Eurosystem reporting sector - Other securities, Euro - Euro area (changing composition) counterpart",EUR,6
ILM.W.U2.C.A070200.U2.EUR,W,U2,C,A070200,U2,EUR,2024-W08,202664,A,F,,,P7D,,E,,,,,,,,,0,,Other securities - Eurosystem,"Euro area (changing composition), Eurosystem reporting sector - Other securities, Euro - Euro area (changing composition) counterpart",EUR,6
ILM.W.U2.C.A070200.U2.EUR,W,U2,C,A070200,U2,EUR,2024-W09,201994,A,F,,,P7D,,E,,,,,,,,,0,,Other securities - Eurosystem,"Euro area (changing composition), Eurosystem reporting sector - Other securities, Euro - Euro area (changing composition) counterpart",EUR,6
ILM.W.U2.C.A070200.U2.EUR,W,U2,C,A070200,U2,EUR,2024-W10,202540,A,F,,,P7D,,E,,,,,,,,,0,,Other securities - Eurosystem,"Euro area (changing composition), Eurosystem reporting sector - Other securities, Euro - Euro area (changing composition) counterpart",EUR,6
ILM.W.U2.C.A070200.U2.EUR,W,U2,C,A070200,U2,EUR,2024-W11,204927,A,F,,,P7D,,E,,,,,,,,,0,,Other securities - Eurosystem,"Euro area (changing composition), Eurosystem reporting sector - Other securities, Euro - Euro area (changing composition) counterpart",EUR,6
ILM.W.U2.C.A070200.U2.EUR,W,U2,C,A070200,U2,EUR,2024-W12,206237,A,F,,,P7D,,E,,,,,,,,,0,,Other securities - Eurosystem,"Euro area (changing composition), Eurosystem reporting sector - Other securities, Euro - Euro area (changing composition) counterpart",EUR,6
ILM.W.U2.C.A070200.U2.EUR,W,U2,C,A070200,U2,EUR,2024-W13,207552,A,F,,,P7D,,E,,,,,,,,,0,,Other securities - Eurosystem,"Euro area (changing composition), Eurosystem reporting sector - Other securities, Euro - Euro area (changing composition) counterpart",EUR,6
ILM.W.U2.C.A070200.U2.EUR,W,U2,C,A070200,U2,EUR,2024-W14,209930,A,F,,,P7D,,E,,,,,,,,,0,,Other securities - Eurosystem,"Euro area (changing composition), Eurosystem reporting sector - Other securities, Euro - Euro area (changing composition) counterpart",EUR,6
ILM.W.U2.C.A070200.U2.EUR,W,U2,C,A070200,U2,EUR,2024-W15,212802,A,F,,,P7D,,E,,,,,,,,,0,,Other securities - Eurosystem,"Euro area (changing composition), Eurosystem reporting sector - Other securities, Euro - Euro area (changing composition) counterpart",EUR,6
ILM.W.U2.C.A070200.U2.EUR,W,U2,C,A070200,U2,EUR,2024-W16,214858,A,F,,,P7D,,E,,,,,,,,,0,,Other securities - Eurosystem,"Euro area (changing composition), Eurosystem reporting sector - Other securities, Euro - Euro area (changing composition) counterpart",EUR,6
ILM.W.U2.C.A070200.U2.EUR,W,U2,C,A070200,U2,EUR,2024-W17,215880,A,F,,,P7D,,E,,,,,,,,,0,,Other securities - Eurosystem,"Euro area (changing composition), Eurosystem reporting sector - Other securities, Euro - Euro area (changing composition) counterpart",EUR,6
ILM.W.U2.C.A070200.U2.EUR,W,U2,C,A070200,U2,EUR,2024-W18,215211,A,F,,,P7D,,E,,,,,,,,,0,,Other securities - Eurosystem,"Euro area (changing composition), Eurosystem reporting sector - Other securities, Euro - Euro area (changing composition) counterpart",EUR,6
ILM.W.U2.C.A070200.U2.EUR,W,U2,C,A070200,U2,EUR,2024-W19,215605,A,F,,,P7D,,E,,,,,,,,,0,,Other securities - Eurosystem,"Euro area (changing composition), Eurosystem reporting sector - Other securities, Euro - Euro area (changing composition) counterpart",EUR,6
ILM.W.U2.C.A070200.U2.EUR,W,U2,C,A070200,U2,EUR,2024-W20,216047,A,F,,,P7D,,E,,,,,,,,,0,,Other securities - Eurosystem,"Euro area (changing composition), Eurosystem reporting sector - Other securities, Euro - Euro area (changing composition) counterpart",EUR,6
ILM.W.U2.C.A070200.U2.EUR,W,U2,C,A070200,U2,EUR,2024-W21,217354,A,F,,,P7D,,E,,,,,,,,,0,,Other securities - Eurosystem,"Euro area (changing composition), Eurosystem reporting sector - Other securities, Euro - Euro area (changing composition) counterpart",EUR,6
ILM.W.U2.C.A070200.U2.EUR,W,U2,C,A070200,U2,EUR,2024-W22,217699,A,F,,,P7D,,E,,,,,,,,,0,,Other securities - Eurosystem,"Euro area (changing composition), Eurosystem reporting sector - Other securities, Euro - Euro area (changing composition) counterpart",EUR,6
ILM.W.U2.C.A070200.U2.EUR,W,U2,C,A070200,U2,EUR,2024-W23,218297,A,F,,,P7D,,E,,,,,,,,,0,,Other securities - Eurosystem,"Euro area (changing composition), Eurosystem reporting sector - Other securities, Euro - Euro area (changing composition) counterpart",EUR,6
ILM.W.U2.C.A070200.U2.EUR,W,U2,C,A070200,U2,EUR,2024-W24,219080,A,F,,,P7D,,E,,,,,,,,,0,,Other securities - Eurosystem,"Euro area (changing composition), Eurosystem reporting sector - Other securities, Euro - Euro area (changing composition) counterpart",EUR,6
ILM.W.U2.C.A070200.U2.EUR,W,U2,C,A070200,U2,EUR,2024-W25,219100,A,F,,,P7D,,E,,,,,,,,,0,,Other securities - Eurosystem,"Euro area (changing composition), Eurosystem reporting sector - Other securities, Euro - Euro area (changing composition) counterpart",EUR,6
ILM.W.U2.C.A070200.U2.EUR,W,U2,C,A070200,U2,EUR,2024-W26,218708,A,F,,,P7D,,E,,,,,,,,,0,,Other securities - Eurosystem,"Euro area (changing composition), Eurosystem reporting sector - Other securities, Euro - Euro area (changing composition) counterpart",EUR,6
ILM.W.U2.C.A070200.U2.EUR,W,U2,C,A070200,U2,EUR,2024-W27,218096,A,F,,,P7D,,E,,,,,,,,,0,,Other securities - Eurosystem,"Euro area (changing composition), Eurosystem reporting sector - Other securities, Euro - Euro area (changing composition) counterpart",EUR,6
ILM.W.U2.C.A070200.U2.EUR,W,U2,C,A070200,U2,EUR,2024-W28,218578,A,F,,,P7D,,E,,,,,,,,,0,,Other securities - Eurosystem,"Euro area (changing composition), Eurosystem reporting sector - Other securities, Euro - Euro area (changing composition) counterpart",EUR,6
ILM.W.U2.C.A070200.U2.EUR,W,U2,C,A070200,U2,EUR,2024-W29,219315,A,F,,,P7D,,E,,,,,,,,,0,,Other securities - Eurosystem,"Euro area (changing composition), Eurosystem reporting sector - Other securities, Euro - Euro area (changing composition) counterpart",EUR,6
ILM.W.U2.C.A070200.U2.EUR,W,U2,C,A070200,U2,EUR,2024-W30,220036,A,F,,,P7D,,E,,,,,,,,,0,,Other securities - Eurosystem,"Euro area (changing composition), Eurosystem reporting sector - Other securities, Euro - Euro area (changing composition) counterpart",EUR,6
ILM.W.U2.C.A070200.U2.EUR,W,U2,C,A070200,U2,EUR,2024-W31,220460,A,F,,,P7D,,E,,,,,,,,,0,,Other securities - Eurosystem,"Euro area (changing composition), Eurosystem reporting sector - Other securities, Euro - Euro area (changing composition) counterpart",EUR,6
ILM.W.U2.C.A070200.U2.EUR,W,U2,C,A070200,U2,EUR,2024-W32,220342,A,F,,,P7D,,E,,,,,,,,,0,,Other securities - Eurosystem,"Euro area (changing composition), Eurosystem reporting sector - Other securities, Euro - Euro area (changing composition) counterpart",EUR,6
ILM.W.U2.C.A070200.U2.EUR,W,U2,C,A070200,U2,EUR,2024-W33,219249,A,F,,,P7D,,E,,,,,,,,,0,,Other securities - Eurosystem,"Euro area (changing composition), Eurosystem reporting sector - Other securities, Euro - Euro area (changing composition) counterpart",EUR,6
ILM.W.U2.C.A070200.U2.EUR,W,U2,C,A070200,U2,EUR,2024-W34,219822,A,F,,,P7D,,E,,,,,,,,,0,,Other securities - Eurosystem,"Euro area (changing composition), Eurosystem reporting sector - Other securities, Euro - Euro area (changing composition) counterpart",EUR,6
ILM.W.U2.C.A070200.U2.EUR,W,U2,C,A070200,U2,EUR,2024-W35,220679,A,F,,,P7D,,E,,,,,,,,,0,,Other securities - Eurosystem,"Euro area (changing composition), Eurosystem reporting sector - Other securities, Euro - Euro area (changing composition) counterpart",EUR,6
ILM.W.U2.C.A070200.U2.EUR,W,U2,C,A070200,U2,EUR,2024-W36,221049,A,F,,,P7D,,E,,,,,,,,,0,,Other securities - Eurosystem,"Euro area (changing composition), Eurosystem reporting sector - Other securities, Euro - Euro area (changing composition) counterpart",EUR,6
ILM.W.U2.C.A070200.U2.EUR,W,U2,C,A070200,U2,EUR,2024-W37,222279,A,F,,,P7D,,E,,,,,,,,,0,,Other securities - Eurosystem,"Euro area (changing composition), Eurosystem reporting sector - Other securities, Euro - Euro area (changing composition) counterpart",EUR,6
ILM.W.U2.C.A070200.U2.EUR,W,U2,C,A070200,U2,EUR,2024-W38,223771,A,F,,,P7D,,E,,,,,,,,,0,,Other securities - Eurosystem,"Euro area (changing composition), Eurosystem reporting sector - Other securities, Euro - Euro area (changing composition) counterpart",EUR,6
ILM.W.U2.C.A070200.U2.EUR,W,U2,C,A070200,U2,EUR,2024-W39,225571,A,F,,,P7D,,E,,,,,,,,,0,,Other securities - Eurosystem,"Euro area (changing composition), Eurosystem reporting sector - Other securities, Euro - Euro area (changing composition) counterpart",EUR,6
ILM.W.U2.C.A070200.U2.EUR,W,U2,C,A070200,U2,EUR,2024-W40,227292,A,F,,,P7D,,E,,,,,,,,,0,,Other securities - Eurosystem,"Euro area (changing composition), Eurosystem reporting sector - Other securities, Euro - Euro area (changing composition) counterpart",EUR,6
ILM.W.U2.C.A070200.U2.EUR,W,U2,C,A070200,U2,EUR,2024-W41,228236,A,F,,,P7D,,E,,,,,,,,,0,,Other securities - Eurosystem,"Euro area (changing composition), Eurosystem reporting sector - Other securities, Euro - Euro area (changing composition) counterpart",EUR,6
ILM.W.U2.C.A070200.U2.EUR,W,U2,C,A070200,U2,EUR,2024-W42,228909,A,F,,,P7D,,E,,,,,,,,,0,,Other securities - Eurosystem,"Euro area (changing composition), Eurosystem reporting sector - Other securities, Euro - Euro area (changing composition) counterpart",EUR,6
ILM.W.U2.C.A070200.U2.EUR,W,U2,C,A070200,U2,EUR,2024-W43,230892,A,F,,,P7D,,E,,,,,,,,,0,,Other securities - Eurosystem,"Euro area (changing composition), Eurosystem reporting sector - Other securities, Euro - Euro area (changing composition) counterpart",EUR,6
ILM.W.U2.C.A070200.U2.EUR,W,U2,C,A070200,U2,EUR,2024-W44,230735,A,F,,,P7D,,E,,,,,,,,,0,,Other securities - Eurosystem,"Euro area (changing composition), Eurosystem reporting sector - Other securities, Euro - Euro area (changing composition) counterpart",EUR,6
ILM.W.U2.C.A070200.U2.EUR,W,U2,C,A070200,U2,EUR,2024-W45,233887,A,F,,,P7D,,E,,,,,,,,,0,,Other securities - Eurosystem,"Euro area (changing composition), Eurosystem reporting sector - Other securities, Euro - Euro area (changing composition) counterpart",EUR,6
ILM.W.U2.C.A070200.U2.EUR,W,U2,C,A070200,U2,EUR,2024-W46,235998,A,F,,,P7D,,E,,,,,,,,,0,,Other securities - Eurosystem,"Euro area (changing composition), Eurosystem reporting sector - Other securities, Euro - Euro area (changing composition) counterpart",EUR,6
ILM.W.U2.C.A070200.U2.EUR,W,U2,C,A070200,U2,EUR,2024-W47,239711,A,F,,,P7D,,E,,,,,,,,,0,,Other securities - Eurosystem,"Euro area (changing composition), Eurosystem reporting sector - Other securities, Euro - Euro area (changing composition) counterpart",EUR,6
ILM.W.U2.C.A070200.U2.EUR,W,U2,C,A070200,U2,EUR,2024-W48,240995,A,F,,,P7D,,E,,,,,,,,,0,,Other securities - Eurosystem,"Euro area (changing composition), Eurosystem reporting sector - Other securities, Euro - Euro area (changing composition) counterpart",EUR,6
ILM.W.U2.C.A070200.U2.EUR,W,U2,C,A070200,U2,EUR,2024-W49,241608,A,F,,,P7D,,E,,,,,,,,,0,,Other securities - Eurosystem,"Euro area (changing composition), Eurosystem reporting sector - Other securities, Euro - Euro area (changing composition) counterpart",EUR,6
ILM.W.U2.C.A070200.U2.EUR,W,U2,C,A070200,U2,EUR,2024-W50,247394,A,F,,,P7D,,E,,,,,,,,,0,,Other securities - Eurosystem,"Euro area (changing composition), Eurosystem reporting sector - Other securities, Euro - Euro area (changing composition) counterpart",EUR,6
ILM.W.U2.C.A070200.U2.EUR,W,U2,C,A070200,U2,EUR,2024-W51,249112,A,F,,,P7D,,E,,,,,,,,,0,,Other securities - Eurosystem,"Euro area (changing composition), Eurosystem reporting sector - Other securities, Euro - Euro area (changing composition) counterpart",EUR,6
ILM.W.U2.C.A070200.U2.EUR,W,U2,C,A070200,U2,EUR,2024-W52,249386,A,F,,,P7D,,E,,,,,,,,,0,,Other securities - Eurosystem,"Euro area (changing composition), Eurosystem reporting sector - Other securities, Euro - Euro area (changing composition) counterpart",EUR,6
ILM.W.U2.C.A070200.U2.EUR,W,U2,C,A070200,U2,EUR,2025-W01,249787,A,F,,,P7D,,E,,,,,,,,,0,,Other securities - Eurosystem,"Euro area (changing composition), Eurosystem reporting sector - Other securities, Euro - Euro area (changing composition) counterpart",EUR,6
ILM.W.U2.C.A070200.U2.EUR,W,U2,C,A070200,U2,EUR,2025-W02,251702,A,F,,,P7D,,E,,,,,,,,,0,,Other securities - Eurosystem,"Euro area (changing composition), Eurosystem reporting sector - Other securities, Euro - Euro area (changing composition) counterpart",EUR,6
ILM.W.U2.C.A070200.U2.EUR,W,U2,C,A070200,U2,EUR,2025-W03,256072,A,F,,,P7D,,E,,,,,,,,,0,,Other securities - Eurosystem,"Euro area (changing composition), Eurosystem reporting sector - Other securities, Euro - Euro area (changing composition) counterpart",EUR,6
ILM.W.U2.C.A070200.U2.EUR,W,U2,C,A070200,U2,EUR,2025-W04,261290,A,F,,,P7D,,E,,,,,,,,,0,,Other securities - Eurosystem,"Euro area (changing composition), Eurosystem reporting sector - Other securities, Euro - Euro area (changing composition) counterpart",EUR,6
ILM.W.U2.C.A070200.U2.EUR,W,U2,C,A070200,U2,EUR,2025-W05,262482,A,F,,,P7D,,E,,,,,,,,,0,,Other securities - Eurosystem,"Euro area (changing composition), Eurosystem reporting sector - Other securities, Euro - Euro area (changing composition) counterpart",EUR,6
ILM.W.U2.C.A070200.U2.EUR,W,U2,C,A070200,U2,EUR,2025-W06,263064,A,F,,,P7D,,E,,,,,,,,,0,,Other securities - Eurosystem,"Euro area (changing composition), Eurosystem reporting sector - Other securities, Euro - Euro area (changing composition) counterpart",EUR,6
ILM.W.U2.C.A070200.U2.EUR,W,U2,C,A070200,U2,EUR,2025-W07,266125,A,,,,P7D,,E,,,,,,,,,0,,Other securities - Eurosystem,"Euro area (changing composition), Eurosystem reporting sector - Other securities, Euro - Euro area (changing composition) counterpart",EUR,6
ILM.W.U2.C.A070200.U2.EUR,W,U2,C,A070200,U2,EUR,2025-W08,268216,A,F,,,P7D,,E,,,,,,,,,0,,Other securities - Eurosystem,"Euro area (changing composition), Eurosystem reporting sector - Other securities, Euro - Euro area (changing composition) counterpart",EUR,6
ILM.W.U2.C.A070200.U2.EUR,W,U2,C,A070200,U2,EUR,2025-W09,269335,A,F,,,P7D,,E,,,,,,,,,0,,Other securities - Eurosystem,"Euro area (changing composition), Eurosystem reporting sector - Other securities, Euro - Euro area (changing composition) counterpart",EUR,6
ILM.W.U2.C.A070200.U2.EUR,W,U2,C,A070200,U2,EUR,2025-W10,270917,A,F,,,P7D,,E,,,,,,,,,0,,Other securities - Eurosystem,"Euro area (changing composition), Eurosystem reporting sector - Other securities, Euro - Euro area (changing composition) counterpart",EUR,6
ILM.W.U2.C.A070200.U2.EUR,W,U2,C,A070200,U2,EUR,2025-W11,274521,A,F,,,P7D,,E,,,,,,,,,0,,Other securities - Eurosystem,"Euro area (changing composition), Eurosystem reporting sector - Other securities, Euro - Euro area (changing composition) counterpart",EUR,6
ILM.W.U2.C.A070200.U2.EUR,W,U2,C,A070200,U2,EUR,2025-W12,276641,A,F,,,P7D,,E,,,,,,,,,0,,Other securities - Eurosystem,"Euro area (changing composition), Eurosystem reporting sector - Other securities, Euro - Euro area (changing composition) counterpart",EUR,6
ILM.W.U2.C.A070200.U2.EUR,W,U2,C,A070200,U2,EUR,2025-W13,278781,A,F,,,P7D,,E,,,,,,,,,0,,Other securities - Eurosystem,"Euro area (changing composition), Eurosystem reporting sector - Other securities, Euro - Euro area (changing composition) counterpart",EUR,6
ILM.W.U2.C.A070200.U2.EUR,W,U2,C,A070200,U2,EUR,2025-W14,279580,A,F,,,P7D,,E,,,,,,,,,0,,Other securities - Eurosystem,"Euro area (changing composition), Eurosystem reporting sector - Other securities, Euro - Euro area (changing composition) counterpart",EUR,6
ILM.W.U2.C.A070200.U2.EUR,W,U2,C,A070200,U2,EUR,2025-W15,280917,A,F,,,P7D,,E,,,,,,,,,0,,Other securities - Eurosystem,"Euro area (changing composition), Eurosystem reporting sector - Other securities, Euro - Euro area (changing composition) counterpart",EUR,6
ILM.W.U2.C.A070200.U2.EUR,W,U2,C,A070200,U2,EUR,2025-W16,280677,A,F,,,P7D,,E,,,,,,,,,0,,Other securities - Eurosystem,"Euro area (changing composition), Eurosystem reporting sector - Other securities, Euro - Euro area (changing composition) counterpart",EUR,6
ILM.W.U2.C.A070200.U2.EUR,W,U2,C,A070200,U2,EUR,2025-W17,287076,A,F,,,P7D,,E,,,,,,,,,0,,Other securities - Eurosystem,"Euro area (changing composition), Eurosystem reporting sector - Other securities, Euro - Euro area (changing composition) counterpart",EUR,6
ILM.W.U2.C.A070200.U2.EUR,W,U2,C,A070200,U2,EUR,2025-W18,288701,A,F,,,P7D,,E,,,,,,,,,0,,Other securities - Eurosystem,"Euro area (changing composition), Eurosystem reporting sector - Other securities, Euro - Euro area (changing composition) counterpart",EUR,6
ILM.W.U2.C.A070200.U2.EUR,W,U2,C,A070200,U2,EUR,2025-W19,289682,A,F,,,P7D,,E,,,,,,,,,0,,Other securities - Eurosystem,"Euro area (changing composition), Eurosystem reporting sector - Other securities, Euro - Euro area (changing composition) counterpart",EUR,6
ILM.W.U2.C.A070200.U2.EUR,W,U2,C,A070200,U2,EUR,2025-W20,288973,A,F,,,P7D,,E,,,,,,,,,0,,Other securities - Eurosystem,"Euro area (changing composition), Eurosystem reporting sector - Other securities, Euro - Euro area (changing composition) counterpart",EUR,6
ILM.W.U2.C.A070200.U2.EUR,W,U2,C,A070200,U2,EUR,2025-W21,290654,A,F,,,P7D,,E,,,,,,,,,0,,Other securities - Eurosystem,"Euro area (changing composition), Eurosystem reporting sector - Other securities, Euro - Euro area (changing composition) counterpart",EUR,6
ILM.W.U2.C.A070200.U2.EUR,W,U2,C,A070200,U2,EUR,2025-W22,290903,A,F,,,P7D,,E,,,,,,,,,0,,Other securities - Eurosystem,"Euro area (changing composition), Eurosystem reporting sector - Other securities, Euro - Euro area (changing composition) counterpart",EUR,6
ILM.W.U2.C.A070200.U2.EUR,W,U2,C,A070200,U2,EUR,2025-W23,291128,A,F,,,P7D,,E,,,,,,,,,0,,Other securities - Eurosystem,"Euro area (changing composition), Eurosystem reporting sector - Other securities, Euro - Euro area (changing composition) counterpart",EUR,6
ILM.W.U2.C.A070200.U2.EUR,W,U2,C,A070200,U2,EUR,2025-W24,291111,A,F,,,P7D,,E,,,,,,,,,0,,Other securities - Eurosystem,"Euro area (changing composition), Eurosystem reporting sector - Other securities, Euro - Euro area (changing composition) counterpart",EUR,6
ILM.W.U2.C.A070200.U2.EUR,W,U2,C,A070200,U2,EUR,2025-W25,291537,A,F,,,P7D,,E,,,,,,,,,0,,Other securities - Eurosystem,"Euro area (changing composition), Eurosystem reporting sector - Other securities, Euro - Euro area (changing composition) counterpart",EUR,6
ILM.W.U2.C.A070200.U2.EUR,W,U2,C,A070200,U2,EUR,2025-W26,290784,A,F,,,P7D,,E,,,,,,,,,0,,Other securities - Eurosystem,"Euro area (changing composition), Eurosystem reporting sector - Other securities, Euro - Euro area (changing composition) counterpart",EUR,6
ILM.W.U2.C.A070200.U2.EUR,W,U2,C,A070200,U2,EUR,2025-W27,290882,A,F,,,P7D,,E,,,,,,,,,0,,Other securities - Eurosystem,"Euro area (changing composition), Eurosystem reporting sector - Other securities, Euro - Euro area (changing composition) counterpart",EUR,6
ILM.W.U2.C.A070200.U2.EUR,W,U2,C,A070200,U2,EUR,2025-W28,290979,A,F,,,P7D,,E,,,,,,,,,0,,Other securities - Eurosystem,"Euro area (changing composition), Eurosystem reporting sector - Other securities, Euro - Euro area (changing composition) counterpart",EUR,6
ILM.W.U2.C.A070200.U2.EUR,W,U2,C,A070200,U2,EUR,2025-W29,292729,A,F,,,P7D,,E,,,,,,,,,0,,Other securities - Eurosystem,"Euro area (changing composition), Eurosystem reporting sector - Other securities, Euro - Euro area (changing composition) counterpart",EUR,6
ILM.W.U2.C.A070200.U2.EUR,W,U2,C,A070200,U2,EUR,2025-W30,294556,A,F,,,P7D,,E,,,,,,,,,0,,Other securities - Eurosystem,"Euro area (changing composition), Eurosystem reporting sector - Other securities, Euro - Euro area (changing composition) counterpart",EUR,6
ILM.W.U2.C.A070200.U2.EUR,W,U2,C,A070200,U2,EUR,2025-W31,296468,A,F,,,P7D,,E,,,,,,,,,0,,Other securities - Eurosystem,"Euro area (changing composition), Eurosystem reporting sector - Other securities, Euro - Euro area (changing composition) counterpart",EUR,6
ILM.W.U2.C.A070200.U2.EUR,W,U2,C,A070200,U2,EUR,2025-W32,296933,A,F,,,P7D,,E,,,,,,,,,0,,Other securities - Eurosystem,"Euro area (changing composition), Eurosystem reporting sector - Other securities, Euro - Euro area (changing composition) counterpart",EUR,6
ILM.W.U2.C.A070200.U2.EUR,W,U2,C,A070200,U2,EUR,2025-W33,296757,A,F,,,P7D,,E,,,,,,,,,0,,Other securities - Eurosystem,"Euro area (changing composition), Eurosystem reporting sector - Other securities, Euro - Euro area (changing composition) counterpart",EUR,6
ILM.W.U2.C.A070200.U2.EUR,W,U2,C,A070200,U2,EUR,2025-W34,297718,A,F,,,P7D,,E,,,,,,,,,0,,Other securities - Eurosystem,"Euro area (changing composition), Eurosystem reporting sector - Other securities, Euro - Euro area (changing composition) counterpart",EUR,6
ILM.W.U2.C.A070200.U2.EUR,W,U2,C,A070200,U2,EUR,2025-W35,298385,A,F,,,P7D,,E,,,,,,,,,0,,Other securities - Eurosystem,"Euro area (changing composition), Eurosystem reporting sector - Other securities, Euro - Euro area (changing composition) counterpart",EUR,6
ILM.W.U2.C.A070200.U2.EUR,W,U2,C,A070200,U2,EUR,2025-W36,299095,A,F,,,P7D,,E,,,,,,,,,0,,Other securities - Eurosystem,"Euro area (changing composition), Eurosystem reporting sector - Other securities, Euro - Euro area (changing composition) counterpart",EUR,6
ILM.W.U2.C.A070200.U2.EUR,W,U2,C,A070200,U2,EUR,2025-W37,299782,A,F,,,P7D,,E,,,,,,,,,0,,Other securities - Eurosystem,"Euro area (changing composition), Eurosystem reporting sector - Other securities, Euro - Euro area (changing composition) counterpart",EUR,6
ILM.W.U2.C.A070200.U2.EUR,W,U2,C,A070200,U2,EUR,2025-W38,300753,A,F,,,P7D,,E,,,,,,,,,0,,Other securities - Eurosystem,"Euro area (changing composition), Eurosystem reporting sector - Other securities, Euro - Euro area (changing composition) counterpart",EUR,6
ILM.W.U2.C.A070200.U2.EUR,W,U2,C,A070200,U2,EUR,2025-W39,301350,A,F,,,P7D,,E,,,,,,,,,0,,Other securities - Eurosystem,"Euro area (changing composition), Eurosystem reporting sector - Other securities, Euro - Euro area (changing composition) counterpart",EUR,6
ILM.W.U2.C.A070200.U2.EUR,W,U2,C,A070200,U2,EUR,2025-W40,302685,A,F,,,P7D,,E,,,,,,,,,0,,Other securities - Eurosystem,"Euro area (changing composition), Eurosystem reporting sector - Other securities, Euro - Euro area (changing composition) counterpart",EUR,6
ILM.W.U2.C.A070200.U2.EUR,W,U2,C,A070200,U2,EUR,2025-W41,302902,A,F,,,P7D,,E,,,,,,,,,0,,Other securities - Eurosystem,"Euro area (changing composition), Eurosystem reporting sector - Other securities, Euro - Euro area (changing composition) counterpart",EUR,6
ILM.W.U2.C.A070200.U2.EUR,W,U2,C,A070200,U2,EUR,2025-W42,305445,A,F,,,P7D,,E,,,,,,,,,0,,Other securities - Eurosystem,"Euro area (changing composition), Eurosystem reporting sector - Other securities, Euro - Euro area (changing composition) counterpart",EUR,6
ILM.W.U2.C.A070200.U2.EUR,W,U2,C,A070200,U2,EUR,2025-W43,306604,A,F,,,P7D,,E,,,,,,,,,0,,Other securities - Eurosystem,"Euro area (changing composition), Eurosystem reporting sector - Other securities, Euro - Euro area (changing composition) counterpart",EUR,6
ILM.W.U2.C.A070200.U2.EUR,W,U2,C,A070200,U2,EUR,2025-W44,307659,A,F,,,P7D,,E,,,,,,,,,0,,Other securities - Eurosystem,"Euro area (changing composition), Eurosystem reporting sector - Other securities, Euro - Euro area (changing composition) counterpart",EUR,6
ILM.W.U2.C.A070200.U2.EUR,W,U2,C,A070200,U2,EUR,2025-W45,309742,A,F,,,P7D,,E,,,,,,,,,0,,Other securities - Eurosystem,"Euro area (changing composition), Eurosystem reporting sector - Other securities, Euro - Euro area (changing composition) counterpart",EUR,6
ILM.W.U2.C.A070200.U2.EUR,W,U2,C,A070200,U2,EUR,2025-W46,310860,A,F,,,P7D,,E,,,,,,,,,0,,Other securities - Eurosystem,"Euro area (changing composition), Eurosystem reporting sector - Other securities, Euro - Euro area (changing composition) counterpart",EUR,6
ILM.W.U2.C.A070200.U2.EUR,W,U2,C,A070200,U2,EUR,2025-W47,311555,A,F,,,P7D,,E,,,,,,,,,0,,Other securities - Eurosystem,"Euro area (changing composition), Eurosystem reporting sector - Other securities, Euro - Euro area (changing composition) counterpart",EUR,6
ILM.W.U2.C.A070200.U2.EUR,W,U2,C,A070200,U2,EUR,2025-W48,312945,A,F,,,P7D,,E,,,,,,,,,0,,Other securities - Eurosystem,"Euro area (changing composition), Eurosystem reporting sector - Other securities, Euro - Euro area (changing composition) counterpart",EUR,6
ILM.W.U2.C.A070200.U2.EUR,W,U2,C,A070200,U2,EUR,2025-W49,315385,A,F,,,P7D,,E,,,,,,,,,0,,Other securities - Eurosystem,"Euro area (changing composition), Eurosystem reporting sector - Other securities, Euro - Euro area (changing composition) counterpart",EUR,6
ILM.W.U2.C.A070200.U2.EUR,W,U2,C,A070200,U2,EUR,2025-W50,317643,A,F,,,P7D,,E,,,,,,,,,0,,Other securities - Eurosystem,"Euro area (changing composition), Eurosystem reporting sector - Other securities, Euro - Euro area (changing composition) counterpart",EUR,6
ILM.W.U2.C.A070200.U2.EUR,W,U2,C,A070200,U2,EUR,2025-W51,318701,A,F,,,P7D,,E,,,,,,,,,0,,Other securities - Eurosystem,"Euro area (changing composition), Eurosystem reporting sector - Other securities, Euro - Euro area (changing composition) counterpart",EUR,6
ILM.W.U2.C.A070200.U2.EUR,W,U2,C,A070200,U2,EUR,2025-W52,318653,A,F,,,P7D,,E,,,,,,,,,0,,Other securities - Eurosystem,"Euro area (changing composition), Eurosystem reporting sector - Other securities, Euro - Euro area (changing composition) counterpart",EUR,6
ILM.W.U2.C.A070200.U2.EUR,W,U2,C,A070200,U2,EUR,2026-W01,323252,A,F,,,P7D,,E,,,,,,,,,0,,Other securities - Eurosystem,"Euro area (changing composition), Eurosystem reporting sector - Other securities, Euro - Euro area (changing composition) counterpart",EUR,6
ILM.W.U2.C.A070200.U2.EUR,W,U2,C,A070200,U2,EUR,2026-W02,325416,A,F,,,P7D,,E,,,,,,,,,0,,Other securities - Eurosystem,"Euro area (changing composition), Eurosystem reporting sector - Other securities, Euro - Euro area (changing composition) counterpart",EUR,6
ILM.W.U2.C.A070200.U2.EUR,W,U2,C,A070200,U2,EUR,2026-W03,324078,A,F,,,P7D,,E,,,,,,,,,0,,Other securities - Eurosystem,"Euro area (changing composition), Eurosystem reporting sector - Other securities, Euro - Euro area (changing composition) counterpart",EUR,6
ILM.W.U2.C.A070200.U2.EUR,W,U2,C,A070200,U2,EUR,2026-W04,325267,A,F,,,P7D,,E,,,,,,,,,0,,Other securities - Eurosystem,"Euro area (changing composition), Eurosystem reporting sector - Other securities, Euro - Euro area (changing composition) counterpart",EUR,6
ILM.W.U2.C.A070200.U2.EUR,W,U2,C,A070200,U2,EUR,2026-W05,326216,A,F,,,P7D,,E,,,,,,,,,0,,Other securities - Eurosystem,"Euro area (changing composition), Eurosystem reporting sector - Other securities, Euro - Euro area (changing composition) counterpart",EUR,6
ILM.W.U2.C.A070200.U2.EUR,W,U2,C,A070200,U2,EUR,2026-W06,327335,A,F,,,P7D,,E,,,,,,,,,0,,Other securities - Eurosystem,"Euro area (changing composition), Eurosystem reporting sector - Other securities, Euro - Euro area (changing composition) counterpart",EUR,6
ILM.W.U2.C.A070200.U2.EUR,W,U2,C,A070200,U2,EUR,2026-W07,328086,A,F,,,P7D,,E,,,,,,,,,0,,Other securities - Eurosystem,"Euro area (changing composition), Eurosystem reporting sector - Other securities, Euro - Euro area (changing composition) counterpart",EUR,6
ILM.W.U2.C.A070200.U2.EUR,W,U2,C,A070200,U2,EUR,2026-W08,330666,A,F,,,P7D,,E,,,,,,,,,0,,Other securities - Eurosystem,"Euro area (changing composition), Eurosystem reporting sector - Other securities, Euro - Euro area (changing composition) counterpart",EUR,6
ILM.W.U2.C.A070200.U2.EUR,W,U2,C,A070200,U2,EUR,2026-W09,332615,A,F,,,P7D,,E,,,,,,,,,0,,Other securities - Eurosystem,"Euro area (changing composition), Eurosystem reporting sector - Other securities, Euro - Euro area (changing composition) counterpart",EUR,6
ILM.W.U2.C.A070200.U2.EUR,W,U2,C,A070200,U2,EUR,2026-W10,332191,A,F,,,P7D,,E,,,,,,,,,0,,Other securities - Eurosystem,"Euro area (changing composition), Eurosystem reporting sector - Other securities, Euro - Euro area (changing composition) counterpart",EUR,6
ILM.W.U2.C.A070200.U2.EUR,W,U2,C,A070200,U2,EUR,2026-W11,333709,A,F,,,P7D,,E,,,,,,,,,0,,Other securities - Eurosystem,"Euro area (changing composition), Eurosystem reporting sector - Other securities, Euro - Euro area (changing composition) counterpart",EUR,6
ILM.W.U2.C.A070200.U2.EUR,W,U2,C,A070200,U2,EUR,2026-W12,335586,A,F,,,P7D,,E,,,,,,,,,0,,Other securities - Eurosystem,"Euro area (changing composition), Eurosystem reporting sector - Other securities, Euro - Euro area (changing composition) counterpart",EUR,6
ILM.W.U2.C.A070200.U2.EUR,W,U2,C,A070200,U2,EUR,2026-W13,336838,A,F,,,P7D,,E,,,,,,,,,0,,Other securities - Eurosystem,"Euro area (changing composition), Eurosystem reporting sector - Other securities, Euro - Euro area (changing composition) counterpart",EUR,6
ILM.W.U2.C.A070200.U2.EUR,W,U2,C,A070200,U2,EUR,2026-W14,337322,A,F,,,P7D,,E,,,,,,,,,0,,Other securities - Eurosystem,"Euro area (changing composition), Eurosystem reporting sector - Other securities, Euro - Euro area (changing composition) counterpart",EUR,6
ILM.W.U2.C.A070200.U2.EUR,W,U2,C,A070200,U2,EUR,2026-W15,337225,A,F,,,P7D,,E,,,,,,,,,0,,Other securities - Eurosystem,"Euro area (changing composition), Eurosystem reporting sector - Other securities, Euro - Euro area (changing composition) counterpart",EUR,6
ILM.W.U2.C.A070200.U2.EUR,W,U2,C,A070200,U2,EUR,2026-W16,336911,A,F,,,P7D,,E,,,,,,,,,0,,Other securities - Eurosystem,"Euro area (changing composition), Eurosystem reporting sector - Other securities, Euro - Euro area (changing composition) counterpart",EUR,6
ILM.W.U2.C.A070200.U2.EUR,W,U2,C,A070200,U2,EUR,2026-W17,335261,A,F,,,P7D,,E,,,,,,,,,0,,Other securities - Eurosystem,"Euro area (changing composition), Eurosystem reporting sector - Other securities, Euro - Euro area (changing composition) counterpart",EUR,6
ILM.W.U2.C.A070200.U2.EUR,W,U2,C,A070200,U2,EUR,2026-W18,334635,A,F,,,P7D,,E,,,,,,,,,0,,Other securities - Eurosystem,"Euro area (changing composition), Eurosystem reporting sector - Other securities, Euro - Euro area (changing composition) counterpart",EUR,6
ILM.W.U2.C.A070200.U2.EUR,W,U2,C,A070200,U2,EUR,2026-W19,335159,A,F,,,P7D,,E,,,,,,,,,0,,Other securities - Eurosystem,"Euro area (changing composition), Eurosystem reporting sector - Other securities, Euro - Euro area (changing composition) counterpart",EUR,6
ILM.W.U2.C.A070200.U2.EUR,W,U2,C,A070200,U2,EUR,2026-W20,336639,A,F,,,P7D,,E,,,,,,,,,0,,Other securities - Eurosystem,"Euro area (changing composition), Eurosystem reporting sector - Other securities, Euro - Euro area (changing composition) counterpart",EUR,6
ILM.W.U2.C.A070200.U2.EUR,W,U2,C,A070200,U2,EUR,2026-W21,339616,A,F,,,P7D,,E,,,,,,,,,0,,Other securities - Eurosystem,"Euro area (changing composition), Eurosystem reporting sector - Other securities, Euro - Euro area (changing composition) counterpart",EUR,6
ILM.W.U2.C.A070200.U2.EUR,W,U2,C,A070200,U2,EUR,2026-W22,341320,A,F,,,P7D,,E,,,,,,,,,0,,Other securities - Eurosystem,"Euro area (changing composition), Eurosystem reporting sector - Other securities, Euro - Euro area (changing composition) counterpart",EUR,6
ILM.W.U2.C.A070200.U2.EUR,W,U2,C,A070200,U2,EUR,2026-W23,342363,A,F,,,P7D,,E,,,,,,,,,0,,Other securities - Eurosystem,"Euro area (changing composition), Eurosystem reporting sector - Other securities, Euro - Euro area (changing composition) counterpart",EUR,6
ILM.W.U2.C.A070200.U2.EUR,W,U2,C,A070200,U2,EUR,2026-W24,343800,A,F,,,P7D,,E,,,,,,,,,0,,Other securities - Eurosystem,"Euro area (changing composition), Eurosystem reporting sector - Other securities, Euro - Euro area (changing composition) counterpart",EUR,6
ILM.W.U2.C.A070200.U2.EUR,W,U2,C,A070200,U2,EUR,2026-W25,346362,A,F,,,P7D,,E,,,,,,,,,0,,Other securities - Eurosystem,"Euro area (changing composition), Eurosystem reporting sector - Other securities, Euro - Euro area (changing composition) counterpart",EUR,6
ILM.W.U2.C.A070200.U2.EUR,W,U2,C,A070200,U2,EUR,2026-W26,349384,A,F,,,P7D,,E,,,,,,,,,0,,Other securities - Eurosystem,"Euro area (changing composition), Eurosystem reporting sector - Other securities, Euro - Euro area (changing composition) counterpart",EUR,6
ILM.W.U2.C.A070200.U2.EUR,W,U2,C,A070200,U2,EUR,2026-W27,352082,A,F,,,P7D,,E,,,,,,,,,0,,Other securities - Eurosystem,"Euro area (changing composition), Eurosystem reporting sector - Other securities, Euro - Euro area (changing composition) counterpart",EUR,6
ILM.W.U2.C.A070200.U2.EUR,W,U2,C,A070200,U2,EUR,2026-W28,352919,A,F,,,P7D,,E,,,,,,,,,0,,Other securities - Eurosystem,"Euro area (changing composition), Eurosystem reporting sector - Other securities, Euro - Euro area (changing composition) counterpart",EUR,6
ILM.W.U2.C.A070200.U2.EUR,W,U2,C,A070200,U2,EUR,2026-W29,353483,A,F,,,P7D,,E,,,,,,,,,0,,Other securities - Eurosystem,"Euro area (changing composition), Eurosystem reporting sector - Other securities, Euro - Euro area (changing composition) counterpart",EUR,6
ILM.W.U2.C.A070200.U2.EUR,W,U2,C,A070200,U2,EUR,2026-W30,355884,A,F,,,P7D,,E,,,,,,,,,0,,Other securities - Eurosystem,"Euro area (changing composition), Eurosystem reporting sector - Other securities, Euro - Euro area (changing composition) counterpart",EUR,6
ILM.W.U2.C.A070200.U2.EUR,W,U2,C,A070200,U2,EUR,2026-W31,355193,A,F,,,P7D,,E,,,,,,,,,0,,Other securities - Eurosystem,"Euro area (changing composition), Eurosystem reporting sector - Other securities, Euro - Euro area (changing composition) counterpart",EUR,6
ILM.W.U2.C.A070200.U2.EUR,W,U2,C,A070200,U2,EUR,2026-W32,355867,A,F,,,P7D,,E,,,,,,,,,0,,Other securities - Eurosystem,"Euro area (changing composition), Eurosystem reporting sector - Other securities, Euro - Euro area (changing composition) counterpart",EUR,6
ILM.W.U2.C.A070200.U2.EUR,W,U2,C,A070200,U2,EUR,2026-W33,357756,A,F,,,P7D,,E,,,,,,,,,0,,Other securities - Eurosystem,"Euro area (changing composition), Eurosystem reporting sector - Other securities, Euro - Euro area (changing composition) counterpart",EUR,6
ILM.W.U2.C.A070200.U2.EUR,W,U2,C,A070200,U2,EUR,2026-W34,360195,A,F,,,P7D,,E,,,,,,,,,0,,Other securities - Eurosystem,"Euro area (changing composition), Eurosystem reporting sector - Other securities, Euro - Euro area (changing composition) counterpart",EUR,6
ILM.W.U2.C.A070200.U2.EUR,W,U2,C,A070200,U2,EUR,2026-W35,361447,A,F,,,P7D,,E,,,,,,,,,0,,Other securities - Eurosystem,"Euro area (changing composition), Eurosystem reporting sector - Other securities, Euro - Euro area (changing composition) counterpart",EUR,6
ILM.W.U2.C.A070200.U2.EUR,W,U2,C,A070200,U2,EUR,2026-W36,362960,A,F,,,P7D,,E,,,,,,,,,0,,Other securities - Eurosystem,"Euro area (changing composition), Eurosystem reporting sector - Other securities, Euro - Euro area (changing composition) counterpart",EUR,6
