KEY,FREQ,REF_AREA,BS_REP_SECTOR,BS_ITEM,COUNT_AREA,CURRENCY_TRANS,TIME_PERIOD,OBS_VALUE,OBS_STATUS,OBS_CONF,OBS_PRE_BREAK,OBS_COM,TIME_FORMAT,BREAKS,COLLECTION,COMPILING_ORG,DISS_ORG,PUBL_ECB,PUBL_MU,PUBL_PUBLIC,AGG_EQUN,COMPILATION,COVERAGE,DECIMALS,SOURCE_AGENCY,TITLE,TITLE_COMPL,UNIT,UNIT_MULT
ILM.W.U2.C.A050100.U2.EUR,W,U2,C,A050100,U2,EUR,2014-W38,105689,A,F,,,P7D,,E,,,,,,,,,0,,Main refinancing operation - Eurosystem,"Euro area (changing composition), Eurosystem reporting sector - Main refinancing operation, Euro - Euro area (changing composition) counterpart",EUR,6
ILM.W.U2.C.A050100.U2.EUR,W,U2,C,A050100,U2,EUR,2014-W39,90307,A,F,,,P7D,,E,,,,,,,,,0,,Main refinancing operation - Eurosystem,"Euro area (changing composition), Eurosystem reporting sector - Main refinancing operation, Euro - Euro area (changing composition) counterpart",EUR,6
ILM.W.U2.C.A050100.U2.EUR,W,U2,C,A050100,U2,EUR,2014-W40,89075,A,F,,,P7D,,E,,,,,,,,,0,,Main refinancing operation - Eurosystem,"Euro area (changing composition), Eurosystem reporting sector - Main refinancing operation, Euro - Euro area (changing composition) counterpart",EUR,6
ILM.W.U2.C.A050100.U2.EUR,W,U2,C,A050100,U2,EUR,2014-W41,84212,A,F,,,P7D,,E,,,,,,,,,0,,Main refinancing operation - Eurosystem,"Euro area (changing composition), Eurosystem reporting sector - Main refinancing operation, Euro - Euro area (changing composition) counterpart",EUR,6
ILM.W.U2.C.A050100.U2.EUR,W,U2,C,A050100,U2,EUR,2014-W42,82518,A,F,,,P7D,,E,,,,,,,,,0,,Main refinancing operation - Eurosystem,"Euro area (changing composition), Eurosystem reporting sector - Main refinancing operation, Euro - Euro area (changing composition) counterpart",EUR,6
ILM.W.U2.C.A050100.U2.EUR,W,U2,C,A050100,U2,EUR,2014-W43,92918,A,F,,,P7D,,E,,,,,,,,,0,,Main refinancing operation - Eurosystem,"Euro area (changing composition), Eurosystem reporting sector - Main refinancing operation, Euro - Euro area (changing composition) counterpart",EUR,6
ILM.W.U2.C.A050100.U2.EUR,W,U2,C,A050100,U2,EUR,2014-W44,118152,A,F,,,P7D,,E,,,,,,,,,0,,Main refinancing operation - Eurosystem,"Euro area (changing composition), Eurosystem reporting sector - Main refinancing operation, Euro - Euro area (changing composition) counterpart",EUR,6
ILM.W.U2.C.A050100.U2.EUR,W,U2,C,A050100,U2,EUR,2014-W45,98189,A,F,,,P7D,,E,,,,,,,,,0,,Main refinancing operation - Eurosystem,"Euro area (changing composition), Eurosystem reporting sector - Main refinancing operation, Euro - Euro area (changing composition) counterpart",EUR,6
ILM.W.U2.C.A050100.U2.EUR,W,U2,C,A050100,U2,EUR,2014-W46,98421,A,F,,,P7D,,E,,,,,,,,,0,,Main refinancing operation - Eurosystem,"Euro area (changing composition), Eurosystem reporting sector - Main refinancing operation, Euro - Euro area (changing composition) counterpart",EUR,6
ILM.W.U2.C.A050100.U2.EUR,W,U2,C,A050100,U2,EUR,2014-W47,102587,A,F,,,P7D,,E,,,,,,,,,0,,Main refinancing operation - Eurosystem,"Euro area (changing composition), Eurosystem reporting sector - Main refinancing operation, Euro - Euro area (changing composition) counterpart",EUR,6
ILM.W.U2.C.A050100.U2.EUR,W,U2,C,A050100,U2,EUR,2014-W48,114304,A,F,,,P7D,,E,,,,,,,,,0,,Main refinancing operation - Eurosystem,"Euro area (changing composition), Eurosystem reporting sector - Main refinancing operation, Euro - Euro area (changing composition) counterpart",EUR,6
ILM.W.U2.C.A050100.U2.EUR,W,U2,C,A050100,U2,EUR,2014-W49,98046,A,F,,,P7D,,E,,,,,,,,,0,,Main refinancing operation - Eurosystem,"Euro area (changing composition), Eurosystem reporting sector - Main refinancing operation, Euro - Euro area (changing composition) counterpart",EUR,6
ILM.W.U2.C.A050100.U2.EUR,W,U2,C,A050100,U2,EUR,2014-W50,105221,A,F,,,P7D,,E,,,,,,,,,0,,Main refinancing operation - Eurosystem,"Euro area (changing composition), Eurosystem reporting sector - Main refinancing operation, Euro - Euro area (changing composition) counterpart",EUR,6
ILM.W.U2.C.A050100.U2.EUR,W,U2,C,A050100,U2,EUR,2014-W51,99027,A,F,,,P7D,,E,,,,,,,,,0,,Main refinancing operation - Eurosystem,"Euro area (changing composition), Eurosystem reporting sector - Main refinancing operation, Euro - Euro area (changing composition) counterpart",EUR,6
ILM.W.U2.C.A050100.U2.EUR,W,U2,C,A050100,U2,EUR,2014-W52,119162,A,F,,,P7D,,E,,,,,,,,,0,,Main refinancing operation - Eurosystem,"Euro area (changing composition), Eurosystem reporting sector - Main refinancing operation, Euro - Euro area (changing composition) counterpart",EUR,6
ILM.W.U2.C.A050100.U2.EUR,W,U2,C,A050100,U2,EUR,2015-W01,156129,A,F,,,P7D,,E,,,,,,,,,0,,Main refinancing operation - Eurosystem,"Euro area (changing composition), Eurosystem reporting sector - Main refinancing operation, Euro - Euro area (changing composition) counterpart",EUR,6
ILM.W.U2.C.A050100.U2.EUR,W,U2,C,A050100,U2,EUR,2015-W02,112335,A,F,,,P7D,,E,,,,,,,,,0,,Main refinancing operation - Eurosystem,"Euro area (changing composition), Eurosystem reporting sector - Main refinancing operation, Euro - Euro area (changing composition) counterpart",EUR,6
ILM.W.U2.C.A050100.U2.EUR,W,U2,C,A050100,U2,EUR,2015-W03,113986,A,F,,,P7D,,E,,,,,,,,,0,,Main refinancing operation - Eurosystem,"Euro area (changing composition), Eurosystem reporting sector - Main refinancing operation, Euro - Euro area (changing composition) counterpart",EUR,6
ILM.W.U2.C.A050100.U2.EUR,W,U2,C,A050100,U2,EUR,2015-W04,125256,A,F,,,P7D,,E,,,,,,,,,0,,Main refinancing operation - Eurosystem,"Euro area (changing composition), Eurosystem reporting sector - Main refinancing operation, Euro - Euro area (changing composition) counterpart",EUR,6
ILM.W.U2.C.A050100.U2.EUR,W,U2,C,A050100,U2,EUR,2015-W05,163821,A,F,,,P7D,,E,,,,,,,,,0,,Main refinancing operation - Eurosystem,"Euro area (changing composition), Eurosystem reporting sector - Main refinancing operation, Euro - Euro area (changing composition) counterpart",EUR,6
ILM.W.U2.C.A050100.U2.EUR,W,U2,C,A050100,U2,EUR,2015-W06,151768,A,F,,,P7D,,E,,,,,,,,,0,,Main refinancing operation - Eurosystem,"Euro area (changing composition), Eurosystem reporting sector - Main refinancing operation, Euro - Euro area (changing composition) counterpart",EUR,6
ILM.W.U2.C.A050100.U2.EUR,W,U2,C,A050100,U2,EUR,2015-W07,104538,A,F,,,P7D,,E,,,,,,,,,0,,Main refinancing operation - Eurosystem,"Euro area (changing composition), Eurosystem reporting sector - Main refinancing operation, Euro - Euro area (changing composition) counterpart",EUR,6
ILM.W.U2.C.A050100.U2.EUR,W,U2,C,A050100,U2,EUR,2015-W08,122114,A,F,,,P7D,,E,,,,,,,,,0,,Main refinancing operation - Eurosystem,"Euro area (changing composition), Eurosystem reporting sector - Main refinancing operation, Euro - Euro area (changing composition) counterpart",EUR,6
ILM.W.U2.C.A050100.U2.EUR,W,U2,C,A050100,U2,EUR,2015-W09,165352,A,F,,,P7D,,E,,,,,,,,,0,,Main refinancing operation - Eurosystem,"Euro area (changing composition), Eurosystem reporting sector - Main refinancing operation, Euro - Euro area (changing composition) counterpart",EUR,6
ILM.W.U2.C.A050100.U2.EUR,W,U2,C,A050100,U2,EUR,2015-W10,147853,A,F,,,P7D,,E,,,,,,,,,0,,Main refinancing operation - Eurosystem,"Euro area (changing composition), Eurosystem reporting sector - Main refinancing operation, Euro - Euro area (changing composition) counterpart",EUR,6
ILM.W.U2.C.A050100.U2.EUR,W,U2,C,A050100,U2,EUR,2015-W11,141839,A,F,,,P7D,,E,,,,,,,,,0,,Main refinancing operation - Eurosystem,"Euro area (changing composition), Eurosystem reporting sector - Main refinancing operation, Euro - Euro area (changing composition) counterpart",EUR,6
ILM.W.U2.C.A050100.U2.EUR,W,U2,C,A050100,U2,EUR,2015-W12,142401,A,F,,,P7D,,E,,,,,,,,,0,,Main refinancing operation - Eurosystem,"Euro area (changing composition), Eurosystem reporting sector - Main refinancing operation, Euro - Euro area (changing composition) counterpart",EUR,6
ILM.W.U2.C.A050100.U2.EUR,W,U2,C,A050100,U2,EUR,2015-W13,120508,A,F,,,P7D,,E,,,,,,,,,0,,Main refinancing operation - Eurosystem,"Euro area (changing composition), Eurosystem reporting sector - Main refinancing operation, Euro - Euro area (changing composition) counterpart",EUR,6
ILM.W.U2.C.A050100.U2.EUR,W,U2,C,A050100,U2,EUR,2015-W14,103587,A,F,,,P7D,,E,,,,,,,,,0,,Main refinancing operation - Eurosystem,"Euro area (changing composition), Eurosystem reporting sector - Main refinancing operation, Euro - Euro area (changing composition) counterpart",EUR,6
ILM.W.U2.C.A050100.U2.EUR,W,U2,C,A050100,U2,EUR,2015-W15,108257,A,F,,,P7D,,E,,,,,,,,,0,,Main refinancing operation - Eurosystem,"Euro area (changing composition), Eurosystem reporting sector - Main refinancing operation, Euro - Euro area (changing composition) counterpart",EUR,6
ILM.W.U2.C.A050100.U2.EUR,W,U2,C,A050100,U2,EUR,2015-W16,96559,A,F,,,P7D,,E,,,,,,,,,0,,Main refinancing operation - Eurosystem,"Euro area (changing composition), Eurosystem reporting sector - Main refinancing operation, Euro - Euro area (changing composition) counterpart",EUR,6
ILM.W.U2.C.A050100.U2.EUR,W,U2,C,A050100,U2,EUR,2015-W17,95737,A,F,,,P7D,,E,,,,,,,,,0,,Main refinancing operation - Eurosystem,"Euro area (changing composition), Eurosystem reporting sector - Main refinancing operation, Euro - Euro area (changing composition) counterpart",EUR,6
ILM.W.U2.C.A050100.U2.EUR,W,U2,C,A050100,U2,EUR,2015-W18,108485,A,F,,,P7D,,E,,,,,,,,,0,,Main refinancing operation - Eurosystem,"Euro area (changing composition), Eurosystem reporting sector - Main refinancing operation, Euro - Euro area (changing composition) counterpart",EUR,6
ILM.W.U2.C.A050100.U2.EUR,W,U2,C,A050100,U2,EUR,2015-W19,95233,A,F,,,P7D,,E,,,,,,,,,0,,Main refinancing operation - Eurosystem,"Euro area (changing composition), Eurosystem reporting sector - Main refinancing operation, Euro - Euro area (changing composition) counterpart",EUR,6
ILM.W.U2.C.A050100.U2.EUR,W,U2,C,A050100,U2,EUR,2015-W20,90622,A,F,,,P7D,,E,,,,,,,,,0,,Main refinancing operation - Eurosystem,"Euro area (changing composition), Eurosystem reporting sector - Main refinancing operation, Euro - Euro area (changing composition) counterpart",EUR,6
ILM.W.U2.C.A050100.U2.EUR,W,U2,C,A050100,U2,EUR,2015-W21,88398,A,F,,,P7D,,E,,,,,,,,,0,,Main refinancing operation - Eurosystem,"Euro area (changing composition), Eurosystem reporting sector - Main refinancing operation, Euro - Euro area (changing composition) counterpart",EUR,6
ILM.W.U2.C.A050100.U2.EUR,W,U2,C,A050100,U2,EUR,2015-W22,100104,A,F,,,P7D,,E,,,,,,,,,0,,Main refinancing operation - Eurosystem,"Euro area (changing composition), Eurosystem reporting sector - Main refinancing operation, Euro - Euro area (changing composition) counterpart",EUR,6
ILM.W.U2.C.A050100.U2.EUR,W,U2,C,A050100,U2,EUR,2015-W23,92519,A,F,,,P7D,,E,,,,,,,,,0,,Main refinancing operation - Eurosystem,"Euro area (changing composition), Eurosystem reporting sector - Main refinancing operation, Euro - Euro area (changing composition) counterpart",EUR,6
ILM.W.U2.C.A050100.U2.EUR,W,U2,C,A050100,U2,EUR,2015-W24,90393,A,F,,,P7D,,E,,,,,,,,,0,,Main refinancing operation - Eurosystem,"Euro area (changing composition), Eurosystem reporting sector - Main refinancing operation, Euro - Euro area (changing composition) counterpart",EUR,6
ILM.W.U2.C.A050100.U2.EUR,W,U2,C,A050100,U2,EUR,2015-W25,89658,A,F,,,P7D,,E,,,,,,,,,0,,Main refinancing operation - Eurosystem,"Euro area (changing composition), Eurosystem reporting sector - Main refinancing operation, Euro - Euro area (changing composition) counterpart",EUR,6
ILM.W.U2.C.A050100.U2.EUR,W,U2,C,A050100,U2,EUR,2015-W26,88234,A,F,,,P7D,,E,,,,,,,,,0,,Main refinancing operation - Eurosystem,"Euro area (changing composition), Eurosystem reporting sector - Main refinancing operation, Euro - Euro area (changing composition) counterpart",EUR,6
ILM.W.U2.C.A050100.U2.EUR,W,U2,C,A050100,U2,EUR,2015-W27,76412,A,F,,,P7D,,E,,,,,,,,,0,,Main refinancing operation - Eurosystem,"Euro area (changing composition), Eurosystem reporting sector - Main refinancing operation, Euro - Euro area (changing composition) counterpart",EUR,6
ILM.W.U2.C.A050100.U2.EUR,W,U2,C,A050100,U2,EUR,2015-W28,74463,A,F,,,P7D,,E,,,,,,,,,0,,Main refinancing operation - Eurosystem,"Euro area (changing composition), Eurosystem reporting sector - Main refinancing operation, Euro - Euro area (changing composition) counterpart",EUR,6
ILM.W.U2.C.A050100.U2.EUR,W,U2,C,A050100,U2,EUR,2015-W29,75537,A,F,,,P7D,,E,,,,,,,,,0,,Main refinancing operation - Eurosystem,"Euro area (changing composition), Eurosystem reporting sector - Main refinancing operation, Euro - Euro area (changing composition) counterpart",EUR,6
ILM.W.U2.C.A050100.U2.EUR,W,U2,C,A050100,U2,EUR,2015-W30,75150,A,F,,,P7D,,E,,,,,,,,,0,,Main refinancing operation - Eurosystem,"Euro area (changing composition), Eurosystem reporting sector - Main refinancing operation, Euro - Euro area (changing composition) counterpart",EUR,6
ILM.W.U2.C.A050100.U2.EUR,W,U2,C,A050100,U2,EUR,2015-W31,79973,A,F,,,P7D,,E,,,,,,,,,0,,Main refinancing operation - Eurosystem,"Euro area (changing composition), Eurosystem reporting sector - Main refinancing operation, Euro - Euro area (changing composition) counterpart",EUR,6
ILM.W.U2.C.A050100.U2.EUR,W,U2,C,A050100,U2,EUR,2015-W32,71007,A,F,,,P7D,,E,,,,,,,,,0,,Main refinancing operation - Eurosystem,"Euro area (changing composition), Eurosystem reporting sector - Main refinancing operation, Euro - Euro area (changing composition) counterpart",EUR,6
ILM.W.U2.C.A050100.U2.EUR,W,U2,C,A050100,U2,EUR,2015-W33,69674,A,F,,,P7D,,E,,,,,,,,,0,,Main refinancing operation - Eurosystem,"Euro area (changing composition), Eurosystem reporting sector - Main refinancing operation, Euro - Euro area (changing composition) counterpart",EUR,6
ILM.W.U2.C.A050100.U2.EUR,W,U2,C,A050100,U2,EUR,2015-W34,69563,A,F,,,P7D,,E,,,,,,,,,0,,Main refinancing operation - Eurosystem,"Euro area (changing composition), Eurosystem reporting sector - Main refinancing operation, Euro - Euro area (changing composition) counterpart",EUR,6
ILM.W.U2.C.A050100.U2.EUR,W,U2,C,A050100,U2,EUR,2015-W35,70080,A,F,,,P7D,,E,,,,,,,,,0,,Main refinancing operation - Eurosystem,"Euro area (changing composition), Eurosystem reporting sector - Main refinancing operation, Euro - Euro area (changing composition) counterpart",EUR,6
ILM.W.U2.C.A050100.U2.EUR,W,U2,C,A050100,U2,EUR,2015-W36,71040,A,F,,,P7D,,E,,,,,,,,,0,,Main refinancing operation - Eurosystem,"Euro area (changing composition), Eurosystem reporting sector - Main refinancing operation, Euro - Euro area (changing composition) counterpart",EUR,6
ILM.W.U2.C.A050100.U2.EUR,W,U2,C,A050100,U2,EUR,2015-W37,70909,A,F,,,P7D,,E,,,,,,,,,0,,Main refinancing operation - Eurosystem,"Euro area (changing composition), Eurosystem reporting sector - Main refinancing operation, Euro - Euro area (changing composition) counterpart",EUR,6
ILM.W.U2.C.A050100.U2.EUR,W,U2,C,A050100,U2,EUR,2015-W38,70665,A,F,,,P7D,,E,,,,,,,,,0,,Main refinancing operation - Eurosystem,"Euro area (changing composition), Eurosystem reporting sector - Main refinancing operation, Euro - Euro area (changing composition) counterpart",EUR,6
ILM.W.U2.C.A050100.U2.EUR,W,U2,C,A050100,U2,EUR,2015-W39,71077,A,F,,,P7D,,E,,,,,,,,,0,,Main refinancing operation - Eurosystem,"Euro area (changing composition), Eurosystem reporting sector - Main refinancing operation, Euro - Euro area (changing composition) counterpart",EUR,6
ILM.W.U2.C.A050100.U2.EUR,W,U2,C,A050100,U2,EUR,2015-W40,72551,A,F,,,P7D,,E,,,,,,,,,0,,Main refinancing operation - Eurosystem,"Euro area (changing composition), Eurosystem reporting sector - Main refinancing operation, Euro - Euro area (changing composition) counterpart",EUR,6
ILM.W.U2.C.A050100.U2.EUR,W,U2,C,A050100,U2,EUR,2015-W41,70556,A,F,,,P7D,,E,,,,,,,,,0,,Main refinancing operation - Eurosystem,"Euro area (changing composition), Eurosystem reporting sector - Main refinancing operation, Euro - Euro area (changing composition) counterpart",EUR,6
ILM.W.U2.C.A050100.U2.EUR,W,U2,C,A050100,U2,EUR,2015-W42,69520,A,F,,,P7D,,E,,,,,,,,,0,,Main refinancing operation - Eurosystem,"Euro area (changing composition), Eurosystem reporting sector - Main refinancing operation, Euro - Euro area (changing composition) counterpart",EUR,6
ILM.W.U2.C.A050100.U2.EUR,W,U2,C,A050100,U2,EUR,2015-W43,65908,A,F,,,P7D,,E,,,,,,,,,0,,Main refinancing operation - Eurosystem,"Euro area (changing composition), Eurosystem reporting sector - Main refinancing operation, Euro - Euro area (changing composition) counterpart",EUR,6
ILM.W.U2.C.A050100.U2.EUR,W,U2,C,A050100,U2,EUR,2015-W44,68451,A,F,,,P7D,,E,,,,,,,,,0,,Main refinancing operation - Eurosystem,"Euro area (changing composition), Eurosystem reporting sector - Main refinancing operation, Euro - Euro area (changing composition) counterpart",EUR,6
ILM.W.U2.C.A050100.U2.EUR,W,U2,C,A050100,U2,EUR,2015-W45,61468,A,F,,,P7D,,E,,,,,,,,,0,,Main refinancing operation - Eurosystem,"Euro area (changing composition), Eurosystem reporting sector - Main refinancing operation, Euro - Euro area (changing composition) counterpart",EUR,6
ILM.W.U2.C.A050100.U2.EUR,W,U2,C,A050100,U2,EUR,2015-W46,62532,A,F,,,P7D,,E,,,,,,,,,0,,Main refinancing operation - Eurosystem,"Euro area (changing composition), Eurosystem reporting sector - Main refinancing operation, Euro - Euro area (changing composition) counterpart",EUR,6
ILM.W.U2.C.A050100.U2.EUR,W,U2,C,A050100,U2,EUR,2015-W47,60527,A,F,,,P7D,,E,,,,,,,,,0,,Main refinancing operation - Eurosystem,"Euro area (changing composition), Eurosystem reporting sector - Main refinancing operation, Euro - Euro area (changing composition) counterpart",EUR,6
ILM.W.U2.C.A050100.U2.EUR,W,U2,C,A050100,U2,EUR,2015-W48,73774,A,F,,,P7D,,E,,,,,,,,,0,,Main refinancing operation - Eurosystem,"Euro area (changing composition), Eurosystem reporting sector - Main refinancing operation, Euro - Euro area (changing composition) counterpart",EUR,6
ILM.W.U2.C.A050100.U2.EUR,W,U2,C,A050100,U2,EUR,2015-W49,69815,A,F,,,P7D,,E,,,,,,,,,0,,Main refinancing operation - Eurosystem,"Euro area (changing composition), Eurosystem reporting sector - Main refinancing operation, Euro - Euro area (changing composition) counterpart",EUR,6
ILM.W.U2.C.A050100.U2.EUR,W,U2,C,A050100,U2,EUR,2015-W50,69094,A,F,,,P7D,,E,,,,,,,,,0,,Main refinancing operation - Eurosystem,"Euro area (changing composition), Eurosystem reporting sector - Main refinancing operation, Euro - Euro area (changing composition) counterpart",EUR,6
ILM.W.U2.C.A050100.U2.EUR,W,U2,C,A050100,U2,EUR,2015-W51,68570,A,F,,,P7D,,E,,,,,,,,,0,,Main refinancing operation - Eurosystem,"Euro area (changing composition), Eurosystem reporting sector - Main refinancing operation, Euro - Euro area (changing composition) counterpart",EUR,6
ILM.W.U2.C.A050100.U2.EUR,W,U2,C,A050100,U2,EUR,2015-W52,72908,A,F,,,P7D,,E,,,,,,,,,0,,Main refinancing operation - Eurosystem,"Euro area (changing composition), Eurosystem reporting sector - Main refinancing operation, Euro - Euro area (changing composition) counterpart",EUR,6
ILM.W.U2.C.A050100.U2.EUR,W,U2,C,A050100,U2,EUR,2015-W53,88978,A,F,,,P7D,,E,,,,,,,,,0,,Main refinancing operation - Eurosystem,"Euro area (changing composition), Eurosystem reporting sector - Main refinancing operation, Euro - Euro area (changing composition) counterpart",EUR,6
ILM.W.U2.C.A050100.U2.EUR,W,U2,C,A050100,U2,EUR,2016-W01,70632,A,F,,,P7D,,E,,,,,,,,,0,,Main refinancing operation - Eurosystem,"Euro area (changing composition), Eurosystem reporting sector - Main refinancing operation, Euro - Euro area (changing composition) counterpart",EUR,6
ILM.W.U2.C.A050100.U2.EUR,W,U2,C,A050100,U2,EUR,2016-W02,65742,A,F,,,P7D,,E,,,,,,,,,0,,Main refinancing operation - Eurosystem,"Euro area (changing composition), Eurosystem reporting sector - Main refinancing operation, Euro - Euro area (changing composition) counterpart",EUR,6
ILM.W.U2.C.A050100.U2.EUR,W,U2,C,A050100,U2,EUR,2016-W03,65197,A,F,,,P7D,,E,,,,,,,,,0,,Main refinancing operation - Eurosystem,"Euro area (changing composition), Eurosystem reporting sector - Main refinancing operation, Euro - Euro area (changing composition) counterpart",EUR,6
ILM.W.U2.C.A050100.U2.EUR,W,U2,C,A050100,U2,EUR,2016-W04,68964,A,F,,,P7D,,E,,,,,,,,,0,,Main refinancing operation - Eurosystem,"Euro area (changing composition), Eurosystem reporting sector - Main refinancing operation, Euro - Euro area (changing composition) counterpart",EUR,6
ILM.W.U2.C.A050100.U2.EUR,W,U2,C,A050100,U2,EUR,2016-W05,61227,A,F,,,P7D,,E,,,,,,,,,0,,Main refinancing operation - Eurosystem,"Euro area (changing composition), Eurosystem reporting sector - Main refinancing operation, Euro - Euro area (changing composition) counterpart",EUR,6
ILM.W.U2.C.A050100.U2.EUR,W,U2,C,A050100,U2,EUR,2016-W06,60200,A,F,,,P7D,,E,,,,,,,,,0,,Main refinancing operation - Eurosystem,"Euro area (changing composition), Eurosystem reporting sector - Main refinancing operation, Euro - Euro area (changing composition) counterpart",EUR,6
ILM.W.U2.C.A050100.U2.EUR,W,U2,C,A050100,U2,EUR,2016-W07,61798,A,F,,,P7D,,E,,,,,,,,,0,,Main refinancing operation - Eurosystem,"Euro area (changing composition), Eurosystem reporting sector - Main refinancing operation, Euro - Euro area (changing composition) counterpart",EUR,6
ILM.W.U2.C.A050100.U2.EUR,W,U2,C,A050100,U2,EUR,2016-W08,65755,A,F,,,P7D,,E,,,,,,,,,0,,Main refinancing operation - Eurosystem,"Euro area (changing composition), Eurosystem reporting sector - Main refinancing operation, Euro - Euro area (changing composition) counterpart",EUR,6
ILM.W.U2.C.A050100.U2.EUR,W,U2,C,A050100,U2,EUR,2016-W09,61291,A,F,,,P7D,,E,,,,,,,,,0,,Main refinancing operation - Eurosystem,"Euro area (changing composition), Eurosystem reporting sector - Main refinancing operation, Euro - Euro area (changing composition) counterpart",EUR,6
ILM.W.U2.C.A050100.U2.EUR,W,U2,C,A050100,U2,EUR,2016-W10,60808,A,F,,,P7D,,E,,,,,,,,,0,,Main refinancing operation - Eurosystem,"Euro area (changing composition), Eurosystem reporting sector - Main refinancing operation, Euro - Euro area (changing composition) counterpart",EUR,6
ILM.W.U2.C.A050100.U2.EUR,W,U2,C,A050100,U2,EUR,2016-W11,59675,A,F,,,P7D,,E,,,,,,,,,0,,Main refinancing operation - Eurosystem,"Euro area (changing composition), Eurosystem reporting sector - Main refinancing operation, Euro - Euro area (changing composition) counterpart",EUR,6
ILM.W.U2.C.A050100.U2.EUR,W,U2,C,A050100,U2,EUR,2016-W12,60574,A,F,,,P7D,,E,,,,,,,,,0,,Main refinancing operation - Eurosystem,"Euro area (changing composition), Eurosystem reporting sector - Main refinancing operation, Euro - Euro area (changing composition) counterpart",EUR,6
ILM.W.U2.C.A050100.U2.EUR,W,U2,C,A050100,U2,EUR,2016-W13,62319,A,F,,,P7D,,E,,,,,,,,,0,,Main refinancing operation - Eurosystem,"Euro area (changing composition), Eurosystem reporting sector - Main refinancing operation, Euro - Euro area (changing composition) counterpart",EUR,6
ILM.W.U2.C.A050100.U2.EUR,W,U2,C,A050100,U2,EUR,2016-W14,56013,A,F,,,P7D,,E,,,,,,,,,0,,Main refinancing operation - Eurosystem,"Euro area (changing composition), Eurosystem reporting sector - Main refinancing operation, Euro - Euro area (changing composition) counterpart",EUR,6
ILM.W.U2.C.A050100.U2.EUR,W,U2,C,A050100,U2,EUR,2016-W15,55708,A,F,,,P7D,,E,,,,,,,,,0,,Main refinancing operation - Eurosystem,"Euro area (changing composition), Eurosystem reporting sector - Main refinancing operation, Euro - Euro area (changing composition) counterpart",EUR,6
ILM.W.U2.C.A050100.U2.EUR,W,U2,C,A050100,U2,EUR,2016-W16,54019,A,F,,,P7D,,E,,,,,,,,,0,,Main refinancing operation - Eurosystem,"Euro area (changing composition), Eurosystem reporting sector - Main refinancing operation, Euro - Euro area (changing composition) counterpart",EUR,6
ILM.W.U2.C.A050100.U2.EUR,W,U2,C,A050100,U2,EUR,2016-W17,56256,A,F,,,P7D,,E,,,,,,,,,0,,Main refinancing operation - Eurosystem,"Euro area (changing composition), Eurosystem reporting sector - Main refinancing operation, Euro - Euro area (changing composition) counterpart",EUR,6
ILM.W.U2.C.A050100.U2.EUR,W,U2,C,A050100,U2,EUR,2016-W18,53549,A,F,,,P7D,,E,,,,,,,,,0,,Main refinancing operation - Eurosystem,"Euro area (changing composition), Eurosystem reporting sector - Main refinancing operation, Euro - Euro area (changing composition) counterpart",EUR,6
ILM.W.U2.C.A050100.U2.EUR,W,U2,C,A050100,U2,EUR,2016-W19,51440,A,F,,,P7D,,E,,,,,,,,,0,,Main refinancing operation - Eurosystem,"Euro area (changing composition), Eurosystem reporting sector - Main refinancing operation, Euro - Euro area (changing composition) counterpart",EUR,6
ILM.W.U2.C.A050100.U2.EUR,W,U2,C,A050100,U2,EUR,2016-W20,49947,A,F,,,P7D,,E,,,,,,,,,0,,Main refinancing operation - Eurosystem,"Euro area (changing composition), Eurosystem reporting sector - Main refinancing operation, Euro - Euro area (changing composition) counterpart",EUR,6
ILM.W.U2.C.A050100.U2.EUR,W,U2,C,A050100,U2,EUR,2016-W21,60203,A,F,,,P7D,,E,,,,,,,,,0,,Main refinancing operation - Eurosystem,"Euro area (changing composition), Eurosystem reporting sector - Main refinancing operation, Euro - Euro area (changing composition) counterpart",EUR,6
ILM.W.U2.C.A050100.U2.EUR,W,U2,C,A050100,U2,EUR,2016-W22,51905,A,F,,,P7D,,E,,,,,,,,,0,,Main refinancing operation - Eurosystem,"Euro area (changing composition), Eurosystem reporting sector - Main refinancing operation, Euro - Euro area (changing composition) counterpart",EUR,6
ILM.W.U2.C.A050100.U2.EUR,W,U2,C,A050100,U2,EUR,2016-W23,50848,A,F,,,P7D,,E,,,,,,,,,0,,Main refinancing operation - Eurosystem,"Euro area (changing composition), Eurosystem reporting sector - Main refinancing operation, Euro - Euro area (changing composition) counterpart",EUR,6
ILM.W.U2.C.A050100.U2.EUR,W,U2,C,A050100,U2,EUR,2016-W24,49140,A,F,,,P7D,,E,,,,,,,,,0,,Main refinancing operation - Eurosystem,"Euro area (changing composition), Eurosystem reporting sector - Main refinancing operation, Euro - Euro area (changing composition) counterpart",EUR,6
ILM.W.U2.C.A050100.U2.EUR,W,U2,C,A050100,U2,EUR,2016-W25,49883,A,F,,,P7D,,E,,,,,,,,,0,,Main refinancing operation - Eurosystem,"Euro area (changing composition), Eurosystem reporting sector - Main refinancing operation, Euro - Euro area (changing composition) counterpart",EUR,6
ILM.W.U2.C.A050100.U2.EUR,W,U2,C,A050100,U2,EUR,2016-W26,53054,A,F,,,P7D,,E,,,,,,,,,0,,Main refinancing operation - Eurosystem,"Euro area (changing composition), Eurosystem reporting sector - Main refinancing operation, Euro - Euro area (changing composition) counterpart",EUR,6
ILM.W.U2.C.A050100.U2.EUR,W,U2,C,A050100,U2,EUR,2016-W27,44089,A,F,,,P7D,,E,,,,,,,,,0,,Main refinancing operation - Eurosystem,"Euro area (changing composition), Eurosystem reporting sector - Main refinancing operation, Euro - Euro area (changing composition) counterpart",EUR,6
ILM.W.U2.C.A050100.U2.EUR,W,U2,C,A050100,U2,EUR,2016-W28,42467,A,F,,,P7D,,E,,,,,,,,,0,,Main refinancing operation - Eurosystem,"Euro area (changing composition), Eurosystem reporting sector - Main refinancing operation, Euro - Euro area (changing composition) counterpart",EUR,6
ILM.W.U2.C.A050100.U2.EUR,W,U2,C,A050100,U2,EUR,2016-W29,43569,A,F,,,P7D,,E,,,,,,,,,0,,Main refinancing operation - Eurosystem,"Euro area (changing composition), Eurosystem reporting sector - Main refinancing operation, Euro - Euro area (changing composition) counterpart",EUR,6
ILM.W.U2.C.A050100.U2.EUR,W,U2,C,A050100,U2,EUR,2016-W30,49593,A,F,,,P7D,,E,,,,,,,,,0,,Main refinancing operation - Eurosystem,"Euro area (changing composition), Eurosystem reporting sector - Main refinancing operation, Euro - Euro area (changing composition) counterpart",EUR,6
ILM.W.U2.C.A050100.U2.EUR,W,U2,C,A050100,U2,EUR,2016-W31,42989,A,F,,,P7D,,E,,,,,,,,,0,,Main refinancing operation - Eurosystem,"Euro area (changing composition), Eurosystem reporting sector - Main refinancing operation, Euro - Euro area (changing composition) counterpart",EUR,6
ILM.W.U2.C.A050100.U2.EUR,W,U2,C,A050100,U2,EUR,2016-W32,41621,A,F,,,P7D,,E,,,,,,,,,0,,Main refinancing operation - Eurosystem,"Euro area (changing composition), Eurosystem reporting sector - Main refinancing operation, Euro - Euro area (changing composition) counterpart",EUR,6
ILM.W.U2.C.A050100.U2.EUR,W,U2,C,A050100,U2,EUR,2016-W33,41652,A,F,,,P7D,,E,,,,,,,,,0,,Main refinancing operation - Eurosystem,"Euro area (changing composition), Eurosystem reporting sector - Main refinancing operation, Euro - Euro area (changing composition) counterpart",EUR,6
ILM.W.U2.C.A050100.U2.EUR,W,U2,C,A050100,U2,EUR,2016-W34,42778,A,F,,,P7D,,E,,,,,,,,,0,,Main refinancing operation - Eurosystem,"Euro area (changing composition), Eurosystem reporting sector - Main refinancing operation, Euro - Euro area (changing composition) counterpart",EUR,6
ILM.W.U2.C.A050100.U2.EUR,W,U2,C,A050100,U2,EUR,2016-W35,43781,A,F,,,P7D,,E,,,,,,,,,0,,Main refinancing operation - Eurosystem,"Euro area (changing composition), Eurosystem reporting sector - Main refinancing operation, Euro - Euro area (changing composition) counterpart",EUR,6
ILM.W.U2.C.A050100.U2.EUR,W,U2,C,A050100,U2,EUR,2016-W36,41777,A,F,,,P7D,,E,,,,,,,,,0,,Main refinancing operation - Eurosystem,"Euro area (changing composition), Eurosystem reporting sector - Main refinancing operation, Euro - Euro area (changing composition) counterpart",EUR,6
ILM.W.U2.C.A050100.U2.EUR,W,U2,C,A050100,U2,EUR,2016-W37,41581,A,F,,,P7D,,E,,,,,,,,,0,,Main refinancing operation - Eurosystem,"Euro area (changing composition), Eurosystem reporting sector - Main refinancing operation, Euro - Euro area (changing composition) counterpart",EUR,6
ILM.W.U2.C.A050100.U2.EUR,W,U2,C,A050100,U2,EUR,2016-W38,43178,A,F,,,P7D,,E,,,,,,,,,0,,Main refinancing operation - Eurosystem,"Euro area (changing composition), Eurosystem reporting sector - Main refinancing operation, Euro - Euro area (changing composition) counterpart",EUR,6
ILM.W.U2.C.A050100.U2.EUR,W,U2,C,A050100,U2,EUR,2016-W39,38740,A,F,,,P7D,,E,,,,,,,,,0,,Main refinancing operation - Eurosystem,"Euro area (changing composition), Eurosystem reporting sector - Main refinancing operation, Euro - Euro area (changing composition) counterpart",EUR,6
ILM.W.U2.C.A050100.U2.EUR,W,U2,C,A050100,U2,EUR,2016-W40,34368,A,F,,,P7D,,E,,,,,,,,,0,,Main refinancing operation - Eurosystem,"Euro area (changing composition), Eurosystem reporting sector - Main refinancing operation, Euro - Euro area (changing composition) counterpart",EUR,6
ILM.W.U2.C.A050100.U2.EUR,W,U2,C,A050100,U2,EUR,2016-W41,32886,A,F,,,P7D,,E,,,,,,,,,0,,Main refinancing operation - Eurosystem,"Euro area (changing composition), Eurosystem reporting sector - Main refinancing operation, Euro - Euro area (changing composition) counterpart",EUR,6
ILM.W.U2.C.A050100.U2.EUR,W,U2,C,A050100,U2,EUR,2016-W42,33428,A,F,,,P7D,,E,,,,,,,,,0,,Main refinancing operation - Eurosystem,"Euro area (changing composition), Eurosystem reporting sector - Main refinancing operation, Euro - Euro area (changing composition) counterpart",EUR,6
ILM.W.U2.C.A050100.U2.EUR,W,U2,C,A050100,U2,EUR,2016-W43,36027,A,F,,,P7D,,E,,,,,,,,,0,,Main refinancing operation - Eurosystem,"Euro area (changing composition), Eurosystem reporting sector - Main refinancing operation, Euro - Euro area (changing composition) counterpart",EUR,6
ILM.W.U2.C.A050100.U2.EUR,W,U2,C,A050100,U2,EUR,2016-W44,32728,A,F,,,P7D,,E,,,,,,,,,0,,Main refinancing operation - Eurosystem,"Euro area (changing composition), Eurosystem reporting sector - Main refinancing operation, Euro - Euro area (changing composition) counterpart",EUR,6
ILM.W.U2.C.A050100.U2.EUR,W,U2,C,A050100,U2,EUR,2016-W45,31449,A,F,,,P7D,,E,,,,,,,,,0,,Main refinancing operation - Eurosystem,"Euro area (changing composition), Eurosystem reporting sector - Main refinancing operation, Euro - Euro area (changing composition) counterpart",EUR,6
ILM.W.U2.C.A050100.U2.EUR,W,U2,C,A050100,U2,EUR,2016-W46,32639,A,F,,,P7D,,E,,,,,,,,,0,,Main refinancing operation - Eurosystem,"Euro area (changing composition), Eurosystem reporting sector - Main refinancing operation, Euro - Euro area (changing composition) counterpart",EUR,6
ILM.W.U2.C.A050100.U2.EUR,W,U2,C,A050100,U2,EUR,2016-W47,33719,A,F,,,P7D,,E,,,,,,,,,0,,Main refinancing operation - Eurosystem,"Euro area (changing composition), Eurosystem reporting sector - Main refinancing operation, Euro - Euro area (changing composition) counterpart",EUR,6
ILM.W.U2.C.A050100.U2.EUR,W,U2,C,A050100,U2,EUR,2016-W48,35952,A,F,,,P7D,,E,,,,,,,,,0,,Main refinancing operation - Eurosystem,"Euro area (changing composition), Eurosystem reporting sector - Main refinancing operation, Euro - Euro area (changing composition) counterpart",EUR,6
ILM.W.U2.C.A050100.U2.EUR,W,U2,C,A050100,U2,EUR,2016-W49,35762,A,F,,,P7D,,E,,,,,,,,,0,,Main refinancing operation - Eurosystem,"Euro area (changing composition), Eurosystem reporting sector - Main refinancing operation, Euro - Euro area (changing composition) counterpart",EUR,6
ILM.W.U2.C.A050100.U2.EUR,W,U2,C,A050100,U2,EUR,2016-W50,36822,A,F,,,P7D,,E,,,,,,,,,0,,Main refinancing operation - Eurosystem,"Euro area (changing composition), Eurosystem reporting sector - Main refinancing operation, Euro - Euro area (changing composition) counterpart",EUR,6
ILM.W.U2.C.A050100.U2.EUR,W,U2,C,A050100,U2,EUR,2016-W51,32877,A,F,,,P7D,,E,,,,,,,,,0,,Main refinancing operation - Eurosystem,"Euro area (changing composition), Eurosystem reporting sector - Main refinancing operation, Euro - Euro area (changing composition) counterpart",EUR,6
ILM.W.U2.C.A050100.U2.EUR,W,U2,C,A050100,U2,EUR,2016-W52,39131,A,F,,,P7D,,E,,,,,,,,,0,,Main refinancing operation - Eurosystem,"Euro area (changing composition), Eurosystem reporting sector - Main refinancing operation, Euro - Euro area (changing composition) counterpart",EUR,6
ILM.W.U2.C.A050100.U2.EUR,W,U2,C,A050100,U2,EUR,2017-W01,34006,A,F,,,P7D,,E,,,,,,,,,0,,Main refinancing operation - Eurosystem,"Euro area (changing composition), Eurosystem reporting sector - Main refinancing operation, Euro - Euro area (changing composition) counterpart",EUR,6
ILM.W.U2.C.A050100.U2.EUR,W,U2,C,A050100,U2,EUR,2017-W02,32319,A,F,,,P7D,,E,,,,,,,,,0,,Main refinancing operation - Eurosystem,"Euro area (changing composition), Eurosystem reporting sector - Main refinancing operation, Euro - Euro area (changing composition) counterpart",EUR,6
ILM.W.U2.C.A050100.U2.EUR,W,U2,C,A050100,U2,EUR,2017-W03,32330,A,F,,,P7D,,E,,,,,,,,,0,,Main refinancing operation - Eurosystem,"Euro area (changing composition), Eurosystem reporting sector - Main refinancing operation, Euro - Euro area (changing composition) counterpart",EUR,6
ILM.W.U2.C.A050100.U2.EUR,W,U2,C,A050100,U2,EUR,2017-W04,33994,A,F,,,P7D,,E,,,,,,,,,0,,Main refinancing operation - Eurosystem,"Euro area (changing composition), Eurosystem reporting sector - Main refinancing operation, Euro - Euro area (changing composition) counterpart",EUR,6
ILM.W.U2.C.A050100.U2.EUR,W,U2,C,A050100,U2,EUR,2017-W05,31645,A,F,,,P7D,,E,,,,,,,,,0,,Main refinancing operation - Eurosystem,"Euro area (changing composition), Eurosystem reporting sector - Main refinancing operation, Euro - Euro area (changing composition) counterpart",EUR,6
ILM.W.U2.C.A050100.U2.EUR,W,U2,C,A050100,U2,EUR,2017-W06,29599,A,F,,,P7D,,E,,,,,,,,,0,,Main refinancing operation - Eurosystem,"Euro area (changing composition), Eurosystem reporting sector - Main refinancing operation, Euro - Euro area (changing composition) counterpart",EUR,6
ILM.W.U2.C.A050100.U2.EUR,W,U2,C,A050100,U2,EUR,2017-W07,28007,A,F,,,P7D,,E,,,,,,,,,0,,Main refinancing operation - Eurosystem,"Euro area (changing composition), Eurosystem reporting sector - Main refinancing operation, Euro - Euro area (changing composition) counterpart",EUR,6
ILM.W.U2.C.A050100.U2.EUR,W,U2,C,A050100,U2,EUR,2017-W08,30830,A,F,,,P7D,,E,,,,,,,,,0,,Main refinancing operation - Eurosystem,"Euro area (changing composition), Eurosystem reporting sector - Main refinancing operation, Euro - Euro area (changing composition) counterpart",EUR,6
ILM.W.U2.C.A050100.U2.EUR,W,U2,C,A050100,U2,EUR,2017-W09,25253,A,F,,,P7D,,E,,,,,,,,,0,,Main refinancing operation - Eurosystem,"Euro area (changing composition), Eurosystem reporting sector - Main refinancing operation, Euro - Euro area (changing composition) counterpart",EUR,6
ILM.W.U2.C.A050100.U2.EUR,W,U2,C,A050100,U2,EUR,2017-W10,23880,A,F,,,P7D,,E,,,,,,,,,0,,Main refinancing operation - Eurosystem,"Euro area (changing composition), Eurosystem reporting sector - Main refinancing operation, Euro - Euro area (changing composition) counterpart",EUR,6
ILM.W.U2.C.A050100.U2.EUR,W,U2,C,A050100,U2,EUR,2017-W11,26514,A,F,,,P7D,,E,,,,,,,,,0,,Main refinancing operation - Eurosystem,"Euro area (changing composition), Eurosystem reporting sector - Main refinancing operation, Euro - Euro area (changing composition) counterpart",EUR,6
ILM.W.U2.C.A050100.U2.EUR,W,U2,C,A050100,U2,EUR,2017-W12,32682,A,F,,,P7D,,E,,,,,,,,,0,,Main refinancing operation - Eurosystem,"Euro area (changing composition), Eurosystem reporting sector - Main refinancing operation, Euro - Euro area (changing composition) counterpart",EUR,6
ILM.W.U2.C.A050100.U2.EUR,W,U2,C,A050100,U2,EUR,2017-W13,14755,A,F,,,P7D,,E,,,,,,,,,0,,Main refinancing operation - Eurosystem,"Euro area (changing composition), Eurosystem reporting sector - Main refinancing operation, Euro - Euro area (changing composition) counterpart",EUR,6
ILM.W.U2.C.A050100.U2.EUR,W,U2,C,A050100,U2,EUR,2017-W14,13171,A,F,,,P7D,,E,,,,,,,,,0,,Main refinancing operation - Eurosystem,"Euro area (changing composition), Eurosystem reporting sector - Main refinancing operation, Euro - Euro area (changing composition) counterpart",EUR,6
ILM.W.U2.C.A050100.U2.EUR,W,U2,C,A050100,U2,EUR,2017-W15,13228,A,F,,,P7D,,E,,,,,,,,,0,,Main refinancing operation - Eurosystem,"Euro area (changing composition), Eurosystem reporting sector - Main refinancing operation, Euro - Euro area (changing composition) counterpart",EUR,6
ILM.W.U2.C.A050100.U2.EUR,W,U2,C,A050100,U2,EUR,2017-W16,14750,A,F,,,P7D,,E,,,,,,,,,0,,Main refinancing operation - Eurosystem,"Euro area (changing composition), Eurosystem reporting sector - Main refinancing operation, Euro - Euro area (changing composition) counterpart",EUR,6
ILM.W.U2.C.A050100.U2.EUR,W,U2,C,A050100,U2,EUR,2017-W17,14409,A,F,,,P7D,,E,,,,,,,,,0,,Main refinancing operation - Eurosystem,"Euro area (changing composition), Eurosystem reporting sector - Main refinancing operation, Euro - Euro area (changing composition) counterpart",EUR,6
ILM.W.U2.C.A050100.U2.EUR,W,U2,C,A050100,U2,EUR,2017-W18,14429,A,F,,,P7D,,E,,,,,,,,,0,,Main refinancing operation - Eurosystem,"Euro area (changing composition), Eurosystem reporting sector - Main refinancing operation, Euro - Euro area (changing composition) counterpart",EUR,6
ILM.W.U2.C.A050100.U2.EUR,W,U2,C,A050100,U2,EUR,2017-W19,13679,A,F,,,P7D,,E,,,,,,,,,0,,Main refinancing operation - Eurosystem,"Euro area (changing composition), Eurosystem reporting sector - Main refinancing operation, Euro - Euro area (changing composition) counterpart",EUR,6
ILM.W.U2.C.A050100.U2.EUR,W,U2,C,A050100,U2,EUR,2017-W20,13977,A,F,,,P7D,,E,,,,,,,,,0,,Main refinancing operation - Eurosystem,"Euro area (changing composition), Eurosystem reporting sector - Main refinancing operation, Euro - Euro area (changing composition) counterpart",EUR,6
ILM.W.U2.C.A050100.U2.EUR,W,U2,C,A050100,U2,EUR,2017-W21,15916,A,F,,,P7D,,E,,,,,,,,,0,,Main refinancing operation - Eurosystem,"Euro area (changing composition), Eurosystem reporting sector - Main refinancing operation, Euro - Euro area (changing composition) counterpart",EUR,6
ILM.W.U2.C.A050100.U2.EUR,W,U2,C,A050100,U2,EUR,2017-W22,12073,A,F,,,P7D,,E,,,,,,,,,0,,Main refinancing operation - Eurosystem,"Euro area (changing composition), Eurosystem reporting sector - Main refinancing operation, Euro - Euro area (changing composition) counterpart",EUR,6
ILM.W.U2.C.A050100.U2.EUR,W,U2,C,A050100,U2,EUR,2017-W23,12107,A,F,,,P7D,,E,,,,,,,,,0,,Main refinancing operation - Eurosystem,"Euro area (changing composition), Eurosystem reporting sector - Main refinancing operation, Euro - Euro area (changing composition) counterpart",EUR,6
ILM.W.U2.C.A050100.U2.EUR,W,U2,C,A050100,U2,EUR,2017-W24,11013,A,F,,,P7D,,E,,,,,,,,,0,,Main refinancing operation - Eurosystem,"Euro area (changing composition), Eurosystem reporting sector - Main refinancing operation, Euro - Euro area (changing composition) counterpart",EUR,6
ILM.W.U2.C.A050100.U2.EUR,W,U2,C,A050100,U2,EUR,2017-W25,11521,A,F,,,P7D,,E,,,,,,,,,0,,Main refinancing operation - Eurosystem,"Euro area (changing composition), Eurosystem reporting sector - Main refinancing operation, Euro - Euro area (changing composition) counterpart",EUR,6
ILM.W.U2.C.A050100.U2.EUR,W,U2,C,A050100,U2,EUR,2017-W26,11636,A,F,,,P7D,,E,,,,,,,,,0,,Main refinancing operation - Eurosystem,"Euro area (changing composition), Eurosystem reporting sector - Main refinancing operation, Euro - Euro area (changing composition) counterpart",EUR,6
ILM.W.U2.C.A050100.U2.EUR,W,U2,C,A050100,U2,EUR,2017-W27,8250,A,F,,,P7D,,E,,,,,,,,,0,,Main refinancing operation - Eurosystem,"Euro area (changing composition), Eurosystem reporting sector - Main refinancing operation, Euro - Euro area (changing composition) counterpart",EUR,6
ILM.W.U2.C.A050100.U2.EUR,W,U2,C,A050100,U2,EUR,2017-W28,7104,A,F,,,P7D,,E,,,,,,,,,0,,Main refinancing operation - Eurosystem,"Euro area (changing composition), Eurosystem reporting sector - Main refinancing operation, Euro - Euro area (changing composition) counterpart",EUR,6
ILM.W.U2.C.A050100.U2.EUR,W,U2,C,A050100,U2,EUR,2017-W29,6828,A,F,,,P7D,,E,,,,,,,,,0,,Main refinancing operation - Eurosystem,"Euro area (changing composition), Eurosystem reporting sector - Main refinancing operation, Euro - Euro area (changing composition) counterpart",EUR,6
ILM.W.U2.C.A050100.U2.EUR,W,U2,C,A050100,U2,EUR,2017-W30,7350,A,F,,,P7D,,E,,,,,,,,,0,,Main refinancing operation - Eurosystem,"Euro area (changing composition), Eurosystem reporting sector - Main refinancing operation, Euro - Euro area (changing composition) counterpart",EUR,6
ILM.W.U2.C.A050100.U2.EUR,W,U2,C,A050100,U2,EUR,2017-W31,4267,A,F,,,P7D,,E,,,,,,,,,0,,Main refinancing operation - Eurosystem,"Euro area (changing composition), Eurosystem reporting sector - Main refinancing operation, Euro - Euro area (changing composition) counterpart",EUR,6
ILM.W.U2.C.A050100.U2.EUR,W,U2,C,A050100,U2,EUR,2017-W32,4591,A,F,,,P7D,,E,,,,,,,,,0,,Main refinancing operation - Eurosystem,"Euro area (changing composition), Eurosystem reporting sector - Main refinancing operation, Euro - Euro area (changing composition) counterpart",EUR,6
ILM.W.U2.C.A050100.U2.EUR,W,U2,C,A050100,U2,EUR,2017-W33,4810,A,F,,,P7D,,E,,,,,,,,,0,,Main refinancing operation - Eurosystem,"Euro area (changing composition), Eurosystem reporting sector - Main refinancing operation, Euro - Euro area (changing composition) counterpart",EUR,6
ILM.W.U2.C.A050100.U2.EUR,W,U2,C,A050100,U2,EUR,2017-W34,7267,A,F,,,P7D,,E,,,,,,,,,0,,Main refinancing operation - Eurosystem,"Euro area (changing composition), Eurosystem reporting sector - Main refinancing operation, Euro - Euro area (changing composition) counterpart",EUR,6
ILM.W.U2.C.A050100.U2.EUR,W,U2,C,A050100,U2,EUR,2017-W35,5914,A,F,,,P7D,,E,,,,,,,,,0,,Main refinancing operation - Eurosystem,"Euro area (changing composition), Eurosystem reporting sector - Main refinancing operation, Euro - Euro area (changing composition) counterpart",EUR,6
ILM.W.U2.C.A050100.U2.EUR,W,U2,C,A050100,U2,EUR,2017-W36,4310,A,F,,,P7D,,E,,,,,,,,,0,,Main refinancing operation - Eurosystem,"Euro area (changing composition), Eurosystem reporting sector - Main refinancing operation, Euro - Euro area (changing composition) counterpart",EUR,6
ILM.W.U2.C.A050100.U2.EUR,W,U2,C,A050100,U2,EUR,2017-W37,3986,A,F,,,P7D,,E,,,,,,,,,0,,Main refinancing operation - Eurosystem,"Euro area (changing composition), Eurosystem reporting sector - Main refinancing operation, Euro - Euro area (changing composition) counterpart",EUR,6
ILM.W.U2.C.A050100.U2.EUR,W,U2,C,A050100,U2,EUR,2017-W38,5060,A,F,,,P7D,,E,,,,,,,,,0,,Main refinancing operation - Eurosystem,"Euro area (changing composition), Eurosystem reporting sector - Main refinancing operation, Euro - Euro area (changing composition) counterpart",EUR,6
ILM.W.U2.C.A050100.U2.EUR,W,U2,C,A050100,U2,EUR,2017-W39,4208,A,F,,,P7D,,E,,,,,,,,,0,,Main refinancing operation - Eurosystem,"Euro area (changing composition), Eurosystem reporting sector - Main refinancing operation, Euro - Euro area (changing composition) counterpart",EUR,6
ILM.W.U2.C.A050100.U2.EUR,W,U2,C,A050100,U2,EUR,2017-W40,3248,A,F,,,P7D,,E,,,,,,,,,0,,Main refinancing operation - Eurosystem,"Euro area (changing composition), Eurosystem reporting sector - Main refinancing operation, Euro - Euro area (changing composition) counterpart",EUR,6
ILM.W.U2.C.A050100.U2.EUR,W,U2,C,A050100,U2,EUR,2017-W41,21343,A,F,,,P7D,,E,,,,,,,,,0,,Main refinancing operation - Eurosystem,"Euro area (changing composition), Eurosystem reporting sector - Main refinancing operation, Euro - Euro area (changing composition) counterpart",EUR,6
ILM.W.U2.C.A050100.U2.EUR,W,U2,C,A050100,U2,EUR,2017-W42,3821,A,F,,,P7D,,E,,,,,,,,,0,,Main refinancing operation - Eurosystem,"Euro area (changing composition), Eurosystem reporting sector - Main refinancing operation, Euro - Euro area (changing composition) counterpart",EUR,6
ILM.W.U2.C.A050100.U2.EUR,W,U2,C,A050100,U2,EUR,2017-W43,5311,A,F,,,P7D,,E,,,,,,,,,0,,Main refinancing operation - Eurosystem,"Euro area (changing composition), Eurosystem reporting sector - Main refinancing operation, Euro - Euro area (changing composition) counterpart",EUR,6
ILM.W.U2.C.A050100.U2.EUR,W,U2,C,A050100,U2,EUR,2017-W44,2995,A,F,,,P7D,,E,,,,,,,,,0,,Main refinancing operation - Eurosystem,"Euro area (changing composition), Eurosystem reporting sector - Main refinancing operation, Euro - Euro area (changing composition) counterpart",EUR,6
ILM.W.U2.C.A050100.U2.EUR,W,U2,C,A050100,U2,EUR,2017-W45,2703,A,F,,,P7D,,E,,,,,,,,,0,,Main refinancing operation - Eurosystem,"Euro area (changing composition), Eurosystem reporting sector - Main refinancing operation, Euro - Euro area (changing composition) counterpart",EUR,6
ILM.W.U2.C.A050100.U2.EUR,W,U2,C,A050100,U2,EUR,2017-W46,2844,A,F,,,P7D,,E,,,,,,,,,0,,Main refinancing operation - Eurosystem,"Euro area (changing composition), Eurosystem reporting sector - Main refinancing operation, Euro - Euro area (changing composition) counterpart",EUR,6
ILM.W.U2.C.A050100.U2.EUR,W,U2,C,A050100,U2,EUR,2017-W47,2976,A,F,,,P7D,,E,,,,,,,,,0,,Main refinancing operation - Eurosystem,"Euro area (changing composition), Eurosystem reporting sector - Main refinancing operation, Euro - Euro area (changing composition) counterpart",EUR,6
ILM.W.U2.C.A050100.U2.EUR,W,U2,C,A050100,U2,EUR,2017-W48,4994,A,F,,,P7D,,E,,,,,,,,,0,,Main refinancing operation - Eurosystem,"Euro area (changing composition), Eurosystem reporting sector - Main refinancing operation, Euro - Euro area (changing composition) counterpart",EUR,6
ILM.W.U2.C.A050100.U2.EUR,W,U2,C,A050100,U2,EUR,2017-W49,2256,A,F,,,P7D,,E,,,,,,,,,0,,Main refinancing operation - Eurosystem,"Euro area (changing composition), Eurosystem reporting sector - Main refinancing operation, Euro - Euro area (changing composition) counterpart",EUR,6
ILM.W.U2.C.A050100.U2.EUR,W,U2,C,A050100,U2,EUR,2017-W50,1919,A,F,,,P7D,,E,,,,,,,,,0,,Main refinancing operation - Eurosystem,"Euro area (changing composition), Eurosystem reporting sector - Main refinancing operation, Euro - Euro area (changing composition) counterpart",EUR,6
ILM.W.U2.C.A050100.U2.EUR,W,U2,C,A050100,U2,EUR,2017-W51,3372,A,F,,,P7D,,E,,,,,,,,,0,,Main refinancing operation - Eurosystem,"Euro area (changing composition), Eurosystem reporting sector - Main refinancing operation, Euro - Euro area (changing composition) counterpart",EUR,6
ILM.W.U2.C.A050100.U2.EUR,W,U2,C,A050100,U2,EUR,2017-W52,3372,A,F,,,P7D,,E,,,,,,,,,0,,Main refinancing operation - Eurosystem,"Euro area (changing composition), Eurosystem reporting sector - Main refinancing operation, Euro - Euro area (changing composition) counterpart",EUR,6
ILM.W.U2.C.A050100.U2.EUR,W,U2,C,A050100,U2,EUR,2018-W01,2910,A,F,,,P7D,,E,,,,,,,,,0,,Main refinancing operation - Eurosystem,"Euro area (changing composition), Eurosystem reporting sector - Main refinancing operation, Euro - Euro area (changing composition) counterpart",EUR,6
ILM.W.U2.C.A050100.U2.EUR,W,U2,C,A050100,U2,EUR,2018-W02,3007,A,F,,,P7D,,E,,,,,,,,,0,,Main refinancing operation - Eurosystem,"Euro area (changing composition), Eurosystem reporting sector - Main refinancing operation, Euro - Euro area (changing composition) counterpart",EUR,6
ILM.W.U2.C.A050100.U2.EUR,W,U2,C,A050100,U2,EUR,2018-W03,2418,A,F,,,P7D,,E,,,,,,,,,0,,Main refinancing operation - Eurosystem,"Euro area (changing composition), Eurosystem reporting sector - Main refinancing operation, Euro - Euro area (changing composition) counterpart",EUR,6
ILM.W.U2.C.A050100.U2.EUR,W,U2,C,A050100,U2,EUR,2018-W04,2159,A,F,,,P7D,,E,,,,,,,,,0,,Main refinancing operation - Eurosystem,"Euro area (changing composition), Eurosystem reporting sector - Main refinancing operation, Euro - Euro area (changing composition) counterpart",EUR,6
ILM.W.U2.C.A050100.U2.EUR,W,U2,C,A050100,U2,EUR,2018-W05,1906,A,F,,,P7D,,E,,,,,,,,,0,,Main refinancing operation - Eurosystem,"Euro area (changing composition), Eurosystem reporting sector - Main refinancing operation, Euro - Euro area (changing composition) counterpart",EUR,6
ILM.W.U2.C.A050100.U2.EUR,W,U2,C,A050100,U2,EUR,2018-W06,1553,A,F,,,P7D,,E,,,,,,,,,0,,Main refinancing operation - Eurosystem,"Euro area (changing composition), Eurosystem reporting sector - Main refinancing operation, Euro - Euro area (changing composition) counterpart",EUR,6
ILM.W.U2.C.A050100.U2.EUR,W,U2,C,A050100,U2,EUR,2018-W07,1322,A,F,,,P7D,,E,,,,,,,,,0,,Main refinancing operation - Eurosystem,"Euro area (changing composition), Eurosystem reporting sector - Main refinancing operation, Euro - Euro area (changing composition) counterpart",EUR,6
ILM.W.U2.C.A050100.U2.EUR,W,U2,C,A050100,U2,EUR,2018-W08,1542,A,F,,,P7D,,E,,,,,,,,,0,,Main refinancing operation - Eurosystem,"Euro area (changing composition), Eurosystem reporting sector - Main refinancing operation, Euro - Euro area (changing composition) counterpart",EUR,6
ILM.W.U2.C.A050100.U2.EUR,W,U2,C,A050100,U2,EUR,2018-W09,1719,A,F,,,P7D,,E,,,,,,,,,0,,Main refinancing operation - Eurosystem,"Euro area (changing composition), Eurosystem reporting sector - Main refinancing operation, Euro - Euro area (changing composition) counterpart",EUR,6
ILM.W.U2.C.A050100.U2.EUR,W,U2,C,A050100,U2,EUR,2018-W10,1146,A,F,,,P7D,,E,,,,,,,,,0,,Main refinancing operation - Eurosystem,"Euro area (changing composition), Eurosystem reporting sector - Main refinancing operation, Euro - Euro area (changing composition) counterpart",EUR,6
ILM.W.U2.C.A050100.U2.EUR,W,U2,C,A050100,U2,EUR,2018-W11,1021,A,F,,,P7D,,E,,,,,,,,,0,,Main refinancing operation - Eurosystem,"Euro area (changing composition), Eurosystem reporting sector - Main refinancing operation, Euro - Euro area (changing composition) counterpart",EUR,6
ILM.W.U2.C.A050100.U2.EUR,W,U2,C,A050100,U2,EUR,2018-W12,1542,A,F,,,P7D,,E,,,,,,,,,0,,Main refinancing operation - Eurosystem,"Euro area (changing composition), Eurosystem reporting sector - Main refinancing operation, Euro - Euro area (changing composition) counterpart",EUR,6
ILM.W.U2.C.A050100.U2.EUR,W,U2,C,A050100,U2,EUR,2018-W13,2428,A,F,,,P7D,,E,,,,,,,,,0,,Main refinancing operation - Eurosystem,"Euro area (changing composition), Eurosystem reporting sector - Main refinancing operation, Euro - Euro area (changing composition) counterpart",EUR,6
ILM.W.U2.C.A050100.U2.EUR,W,U2,C,A050100,U2,EUR,2018-W14,2308,A,F,,,P7D,,E,,,,,,,,,0,,Main refinancing operation - Eurosystem,"Euro area (changing composition), Eurosystem reporting sector - Main refinancing operation, Euro - Euro area (changing composition) counterpart",EUR,6
ILM.W.U2.C.A050100.U2.EUR,W,U2,C,A050100,U2,EUR,2018-W15,1674,A,F,,,P7D,,E,,,,,,,,,0,,Main refinancing operation - Eurosystem,"Euro area (changing composition), Eurosystem reporting sector - Main refinancing operation, Euro - Euro area (changing composition) counterpart",EUR,6
ILM.W.U2.C.A050100.U2.EUR,W,U2,C,A050100,U2,EUR,2018-W16,1637,A,F,,,P7D,,E,,,,,,,,,0,,Main refinancing operation - Eurosystem,"Euro area (changing composition), Eurosystem reporting sector - Main refinancing operation, Euro - Euro area (changing composition) counterpart",EUR,6
ILM.W.U2.C.A050100.U2.EUR,W,U2,C,A050100,U2,EUR,2018-W17,2801,A,F,,,P7D,,E,,,,,,,,,0,,Main refinancing operation - Eurosystem,"Euro area (changing composition), Eurosystem reporting sector - Main refinancing operation, Euro - Euro area (changing composition) counterpart",EUR,6
ILM.W.U2.C.A050100.U2.EUR,W,U2,C,A050100,U2,EUR,2018-W18,2562,A,F,,,P7D,,E,,,,,,,,,0,,Main refinancing operation - Eurosystem,"Euro area (changing composition), Eurosystem reporting sector - Main refinancing operation, Euro - Euro area (changing composition) counterpart",EUR,6
ILM.W.U2.C.A050100.U2.EUR,W,U2,C,A050100,U2,EUR,2018-W19,2003,A,F,,,P7D,,E,,,,,,,,,0,,Main refinancing operation - Eurosystem,"Euro area (changing composition), Eurosystem reporting sector - Main refinancing operation, Euro - Euro area (changing composition) counterpart",EUR,6
ILM.W.U2.C.A050100.U2.EUR,W,U2,C,A050100,U2,EUR,2018-W20,2006,A,F,,,P7D,,E,,,,,,,,,0,,Main refinancing operation - Eurosystem,"Euro area (changing composition), Eurosystem reporting sector - Main refinancing operation, Euro - Euro area (changing composition) counterpart",EUR,6
ILM.W.U2.C.A050100.U2.EUR,W,U2,C,A050100,U2,EUR,2018-W21,2137,A,F,,,P7D,,E,,,,,,,,,0,,Main refinancing operation - Eurosystem,"Euro area (changing composition), Eurosystem reporting sector - Main refinancing operation, Euro - Euro area (changing composition) counterpart",EUR,6
ILM.W.U2.C.A050100.U2.EUR,W,U2,C,A050100,U2,EUR,2018-W22,1551,A,F,,,P7D,,E,,,,,,,,,0,,Main refinancing operation - Eurosystem,"Euro area (changing composition), Eurosystem reporting sector - Main refinancing operation, Euro - Euro area (changing composition) counterpart",EUR,6
ILM.W.U2.C.A050100.U2.EUR,W,U2,C,A050100,U2,EUR,2018-W23,1211,A,F,,,P7D,,E,,,,,,,,,0,,Main refinancing operation - Eurosystem,"Euro area (changing composition), Eurosystem reporting sector - Main refinancing operation, Euro - Euro area (changing composition) counterpart",EUR,6
ILM.W.U2.C.A050100.U2.EUR,W,U2,C,A050100,U2,EUR,2018-W24,1139,A,F,,,P7D,,E,,,,,,,,,0,,Main refinancing operation - Eurosystem,"Euro area (changing composition), Eurosystem reporting sector - Main refinancing operation, Euro - Euro area (changing composition) counterpart",EUR,6
ILM.W.U2.C.A050100.U2.EUR,W,U2,C,A050100,U2,EUR,2018-W25,1544,A,F,,,P7D,,E,,,,,,,,,0,,Main refinancing operation - Eurosystem,"Euro area (changing composition), Eurosystem reporting sector - Main refinancing operation, Euro - Euro area (changing composition) counterpart",EUR,6
ILM.W.U2.C.A050100.U2.EUR,W,U2,C,A050100,U2,EUR,2018-W26,2738,A,F,,,P7D,,E,,,,,,,,,0,,Main refinancing operation - Eurosystem,"Euro area (changing composition), Eurosystem reporting sector - Main refinancing operation, Euro - Euro area (changing composition) counterpart",EUR,6
ILM.W.U2.C.A050100.U2.EUR,W,U2,C,A050100,U2,EUR,2018-W27,2283,A,F,,,P7D,,E,,,,,,,,,0,,Main refinancing operation - Eurosystem,"Euro area (changing composition), Eurosystem reporting sector - Main refinancing operation, Euro - Euro area (changing composition) counterpart",EUR,6
ILM.W.U2.C.A050100.U2.EUR,W,U2,C,A050100,U2,EUR,2018-W28,1910,A,F,,,P7D,,E,,,,,,,,,0,,Main refinancing operation - Eurosystem,"Euro area (changing composition), Eurosystem reporting sector - Main refinancing operation, Euro - Euro area (changing composition) counterpart",EUR,6
ILM.W.U2.C.A050100.U2.EUR,W,U2,C,A050100,U2,EUR,2018-W29,1958,A,F,,,P7D,,E,,,,,,,,,0,,Main refinancing operation - Eurosystem,"Euro area (changing composition), Eurosystem reporting sector - Main refinancing operation, Euro - Euro area (changing composition) counterpart",EUR,6
ILM.W.U2.C.A050100.U2.EUR,W,U2,C,A050100,U2,EUR,2018-W30,1951,A,F,,,P7D,,E,,,,,,,,,0,,Main refinancing operation - Eurosystem,"Euro area (changing composition), Eurosystem reporting sector - Main refinancing operation, Euro - Euro area (changing composition) counterpart",EUR,6
ILM.W.U2.C.A050100.U2.EUR,W,U2,C,A050100,U2,EUR,2018-W31,2544,A,F,,,P7D,,E,,,,,,,,,0,,Main refinancing operation - Eurosystem,"Euro area (changing composition), Eurosystem reporting sector - Main refinancing operation, Euro - Euro area (changing composition) counterpart",EUR,6
ILM.W.U2.C.A050100.U2.EUR,W,U2,C,A050100,U2,EUR,2018-W32,2748,A,F,,,P7D,,E,,,,,,,,,0,,Main refinancing operation - Eurosystem,"Euro area (changing composition), Eurosystem reporting sector - Main refinancing operation, Euro - Euro area (changing composition) counterpart",EUR,6
ILM.W.U2.C.A050100.U2.EUR,W,U2,C,A050100,U2,EUR,2018-W33,2738,A,F,,,P7D,,E,,,,,,,,,0,,Main refinancing operation - Eurosystem,"Euro area (changing composition), Eurosystem reporting sector - Main refinancing operation, Euro - Euro area (changing composition) counterpart",EUR,6
ILM.W.U2.C.A050100.U2.EUR,W,U2,C,A050100,U2,EUR,2018-W34,2785,A,F,,,P7D,,E,,,,,,,,,0,,Main refinancing operation - Eurosystem,"Euro area (changing composition), Eurosystem reporting sector - Main refinancing operation, Euro - Euro area (changing composition) counterpart",EUR,6
ILM.W.U2.C.A050100.U2.EUR,W,U2,C,A050100,U2,EUR,2018-W35,2540,A,F,,,P7D,,E,,,,,,,,,0,,Main refinancing operation - Eurosystem,"Euro area (changing composition), Eurosystem reporting sector - Main refinancing operation, Euro - Euro area (changing composition) counterpart",EUR,6
ILM.W.U2.C.A050100.U2.EUR,W,U2,C,A050100,U2,EUR,2018-W36,3617,A,F,,,P7D,,E,,,,,,,,,0,,Main refinancing operation - Eurosystem,"Euro area (changing composition), Eurosystem reporting sector - Main refinancing operation, Euro - Euro area (changing composition) counterpart",EUR,6
ILM.W.U2.C.A050100.U2.EUR,W,U2,C,A050100,U2,EUR,2018-W37,4224,A,F,,,P7D,,E,,,,,,,,,0,,Main refinancing operation - Eurosystem,"Euro area (changing composition), Eurosystem reporting sector - Main refinancing operation, Euro - Euro area (changing composition) counterpart",EUR,6
ILM.W.U2.C.A050100.U2.EUR,W,U2,C,A050100,U2,EUR,2018-W38,4963,A,F,,,P7D,,E,,,,,,,,,0,,Main refinancing operation - Eurosystem,"Euro area (changing composition), Eurosystem reporting sector - Main refinancing operation, Euro - Euro area (changing composition) counterpart",EUR,6
ILM.W.U2.C.A050100.U2.EUR,W,U2,C,A050100,U2,EUR,2018-W39,6434,A,F,,,P7D,,E,,,,,,,,,0,,Main refinancing operation - Eurosystem,"Euro area (changing composition), Eurosystem reporting sector - Main refinancing operation, Euro - Euro area (changing composition) counterpart",EUR,6
ILM.W.U2.C.A050100.U2.EUR,W,U2,C,A050100,U2,EUR,2018-W40,7241,A,F,,,P7D,,E,,,,,,,,,0,,Main refinancing operation - Eurosystem,"Euro area (changing composition), Eurosystem reporting sector - Main refinancing operation, Euro - Euro area (changing composition) counterpart",EUR,6
ILM.W.U2.C.A050100.U2.EUR,W,U2,C,A050100,U2,EUR,2018-W41,7302,A,F,,,P7D,,E,,,,,,,,,0,,Main refinancing operation - Eurosystem,"Euro area (changing composition), Eurosystem reporting sector - Main refinancing operation, Euro - Euro area (changing composition) counterpart",EUR,6
ILM.W.U2.C.A050100.U2.EUR,W,U2,C,A050100,U2,EUR,2018-W42,7860,A,F,,,P7D,,E,,,,,,,,,0,,Main refinancing operation - Eurosystem,"Euro area (changing composition), Eurosystem reporting sector - Main refinancing operation, Euro - Euro area (changing composition) counterpart",EUR,6
ILM.W.U2.C.A050100.U2.EUR,W,U2,C,A050100,U2,EUR,2018-W43,7683,A,F,,,P7D,,E,,,,,,,,,0,,Main refinancing operation - Eurosystem,"Euro area (changing composition), Eurosystem reporting sector - Main refinancing operation, Euro - Euro area (changing composition) counterpart",EUR,6
ILM.W.U2.C.A050100.U2.EUR,W,U2,C,A050100,U2,EUR,2018-W44,8007,A,F,,,P7D,,E,,,,,,,,,0,,Main refinancing operation - Eurosystem,"Euro area (changing composition), Eurosystem reporting sector - Main refinancing operation, Euro - Euro area (changing composition) counterpart",EUR,6
ILM.W.U2.C.A050100.U2.EUR,W,U2,C,A050100,U2,EUR,2018-W45,6551,A,F,,,P7D,,E,,,,,,,,,0,,Main refinancing operation - Eurosystem,"Euro area (changing composition), Eurosystem reporting sector - Main refinancing operation, Euro - Euro area (changing composition) counterpart",EUR,6
ILM.W.U2.C.A050100.U2.EUR,W,U2,C,A050100,U2,EUR,2018-W46,6736,A,F,,,P7D,,E,,,,,,,,,0,,Main refinancing operation - Eurosystem,"Euro area (changing composition), Eurosystem reporting sector - Main refinancing operation, Euro - Euro area (changing composition) counterpart",EUR,6
ILM.W.U2.C.A050100.U2.EUR,W,U2,C,A050100,U2,EUR,2018-W47,6352,A,F,,,P7D,,E,,,,,,,,,0,,Main refinancing operation - Eurosystem,"Euro area (changing composition), Eurosystem reporting sector - Main refinancing operation, Euro - Euro area (changing composition) counterpart",EUR,6
ILM.W.U2.C.A050100.U2.EUR,W,U2,C,A050100,U2,EUR,2018-W48,6535,A,F,,,P7D,,E,,,,,,,,,0,,Main refinancing operation - Eurosystem,"Euro area (changing composition), Eurosystem reporting sector - Main refinancing operation, Euro - Euro area (changing composition) counterpart",EUR,6
ILM.W.U2.C.A050100.U2.EUR,W,U2,C,A050100,U2,EUR,2018-W49,6599,A,F,,,P7D,,E,,,,,,,,,0,,Main refinancing operation - Eurosystem,"Euro area (changing composition), Eurosystem reporting sector - Main refinancing operation, Euro - Euro area (changing composition) counterpart",EUR,6
ILM.W.U2.C.A050100.U2.EUR,W,U2,C,A050100,U2,EUR,2018-W50,7097,A,F,,,P7D,,E,,,,,,,,,0,,Main refinancing operation - Eurosystem,"Euro area (changing composition), Eurosystem reporting sector - Main refinancing operation, Euro - Euro area (changing composition) counterpart",EUR,6
ILM.W.U2.C.A050100.U2.EUR,W,U2,C,A050100,U2,EUR,2018-W51,9573,A,F,,,P7D,,E,,,,,,,,,0,,Main refinancing operation - Eurosystem,"Euro area (changing composition), Eurosystem reporting sector - Main refinancing operation, Euro - Euro area (changing composition) counterpart",EUR,6
ILM.W.U2.C.A050100.U2.EUR,W,U2,C,A050100,U2,EUR,2018-W52,9573,A,F,,,P7D,,E,,,,,,,,,0,,Main refinancing operation - Eurosystem,"Euro area (changing composition), Eurosystem reporting sector - Main refinancing operation, Euro - Euro area (changing composition) counterpart",EUR,6
ILM.W.U2.C.A050100.U2.EUR,W,U2,C,A050100,U2,EUR,2019-W01,8214,A,F,,,P7D,,E,,,,,,,,,0,,Main refinancing operation - Eurosystem,"Euro area (changing composition), Eurosystem reporting sector - Main refinancing operation, Euro - Euro area (changing composition) counterpart",EUR,6
ILM.W.U2.C.A050100.U2.EUR,W,U2,C,A050100,U2,EUR,2019-W02,7329,A,F,,,P7D,,E,,,,,,,,,0,,Main refinancing operation - Eurosystem,"Euro area (changing composition), Eurosystem reporting sector - Main refinancing operation, Euro - Euro area (changing composition) counterpart",EUR,6
ILM.W.U2.C.A050100.U2.EUR,W,U2,C,A050100,U2,EUR,2019-W03,6307,A,F,,,P7D,,E,,,,,,,,,0,,Main refinancing operation - Eurosystem,"Euro area (changing composition), Eurosystem reporting sector - Main refinancing operation, Euro - Euro area (changing composition) counterpart",EUR,6
ILM.W.U2.C.A050100.U2.EUR,W,U2,C,A050100,U2,EUR,2019-W04,6576,A,F,,,P7D,,E,,,,,,,,,0,,Main refinancing operation - Eurosystem,"Euro area (changing composition), Eurosystem reporting sector - Main refinancing operation, Euro - Euro area (changing composition) counterpart",EUR,6
ILM.W.U2.C.A050100.U2.EUR,W,U2,C,A050100,U2,EUR,2019-W05,6574,A,F,,,P7D,,E,,,,,,,,,0,,Main refinancing operation - Eurosystem,"Euro area (changing composition), Eurosystem reporting sector - Main refinancing operation, Euro - Euro area (changing composition) counterpart",EUR,6
ILM.W.U2.C.A050100.U2.EUR,W,U2,C,A050100,U2,EUR,2019-W06,5423,A,F,,,P7D,,E,,,,,,,,,0,,Main refinancing operation - Eurosystem,"Euro area (changing composition), Eurosystem reporting sector - Main refinancing operation, Euro - Euro area (changing composition) counterpart",EUR,6
ILM.W.U2.C.A050100.U2.EUR,W,U2,C,A050100,U2,EUR,2019-W07,5910,A,F,,,P7D,,E,,,,,,,,,0,,Main refinancing operation - Eurosystem,"Euro area (changing composition), Eurosystem reporting sector - Main refinancing operation, Euro - Euro area (changing composition) counterpart",EUR,6
ILM.W.U2.C.A050100.U2.EUR,W,U2,C,A050100,U2,EUR,2019-W08,5929,A,F,,,P7D,,E,,,,,,,,,0,,Main refinancing operation - Eurosystem,"Euro area (changing composition), Eurosystem reporting sector - Main refinancing operation, Euro - Euro area (changing composition) counterpart",EUR,6
ILM.W.U2.C.A050100.U2.EUR,W,U2,C,A050100,U2,EUR,2019-W09,6487,A,F,,,P7D,,E,,,,,,,,,0,,Main refinancing operation - Eurosystem,"Euro area (changing composition), Eurosystem reporting sector - Main refinancing operation, Euro - Euro area (changing composition) counterpart",EUR,6
ILM.W.U2.C.A050100.U2.EUR,W,U2,C,A050100,U2,EUR,2019-W10,5769,A,F,,,P7D,,E,,,,,,,,,0,,Main refinancing operation - Eurosystem,"Euro area (changing composition), Eurosystem reporting sector - Main refinancing operation, Euro - Euro area (changing composition) counterpart",EUR,6
ILM.W.U2.C.A050100.U2.EUR,W,U2,C,A050100,U2,EUR,2019-W11,6093,A,F,,,P7D,,E,,,,,,,,,0,,Main refinancing operation - Eurosystem,"Euro area (changing composition), Eurosystem reporting sector - Main refinancing operation, Euro - Euro area (changing composition) counterpart",EUR,6
ILM.W.U2.C.A050100.U2.EUR,W,U2,C,A050100,U2,EUR,2019-W12,5621,A,F,,,P7D,,E,,,,,,,,,0,,Main refinancing operation - Eurosystem,"Euro area (changing composition), Eurosystem reporting sector - Main refinancing operation, Euro - Euro area (changing composition) counterpart",EUR,6
ILM.W.U2.C.A050100.U2.EUR,W,U2,C,A050100,U2,EUR,2019-W13,6095,A,F,,,P7D,,E,,,,,,,,,0,,Main refinancing operation - Eurosystem,"Euro area (changing composition), Eurosystem reporting sector - Main refinancing operation, Euro - Euro area (changing composition) counterpart",EUR,6
ILM.W.U2.C.A050100.U2.EUR,W,U2,C,A050100,U2,EUR,2019-W14,5379,A,F,,,P7D,,E,,,,,,,,,0,,Main refinancing operation - Eurosystem,"Euro area (changing composition), Eurosystem reporting sector - Main refinancing operation, Euro - Euro area (changing composition) counterpart",EUR,6
ILM.W.U2.C.A050100.U2.EUR,W,U2,C,A050100,U2,EUR,2019-W15,5335,A,F,,,P7D,,E,,,,,,,,,0,,Main refinancing operation - Eurosystem,"Euro area (changing composition), Eurosystem reporting sector - Main refinancing operation, Euro - Euro area (changing composition) counterpart",EUR,6
ILM.W.U2.C.A050100.U2.EUR,W,U2,C,A050100,U2,EUR,2019-W16,5403,A,F,,,P7D,,E,,,,,,,,,0,,Main refinancing operation - Eurosystem,"Euro area (changing composition), Eurosystem reporting sector - Main refinancing operation, Euro - Euro area (changing composition) counterpart",EUR,6
ILM.W.U2.C.A050100.U2.EUR,W,U2,C,A050100,U2,EUR,2019-W17,5959,A,F,,,P7D,,E,,,,,,,,,0,,Main refinancing operation - Eurosystem,"Euro area (changing composition), Eurosystem reporting sector - Main refinancing operation, Euro - Euro area (changing composition) counterpart",EUR,6
ILM.W.U2.C.A050100.U2.EUR,W,U2,C,A050100,U2,EUR,2019-W18,5743,A,F,,,P7D,,E,,,,,,,,,0,,Main refinancing operation - Eurosystem,"Euro area (changing composition), Eurosystem reporting sector - Main refinancing operation, Euro - Euro area (changing composition) counterpart",EUR,6
ILM.W.U2.C.A050100.U2.EUR,W,U2,C,A050100,U2,EUR,2019-W19,5394,A,F,,,P7D,,E,,,,,,,,,0,,Main refinancing operation - Eurosystem,"Euro area (changing composition), Eurosystem reporting sector - Main refinancing operation, Euro - Euro area (changing composition) counterpart",EUR,6
ILM.W.U2.C.A050100.U2.EUR,W,U2,C,A050100,U2,EUR,2019-W20,5399,A,F,,,P7D,,E,,,,,,,,,0,,Main refinancing operation - Eurosystem,"Euro area (changing composition), Eurosystem reporting sector - Main refinancing operation, Euro - Euro area (changing composition) counterpart",EUR,6
ILM.W.U2.C.A050100.U2.EUR,W,U2,C,A050100,U2,EUR,2019-W21,4921,A,F,,,P7D,,E,,,,,,,,,0,,Main refinancing operation - Eurosystem,"Euro area (changing composition), Eurosystem reporting sector - Main refinancing operation, Euro - Euro area (changing composition) counterpart",EUR,6
ILM.W.U2.C.A050100.U2.EUR,W,U2,C,A050100,U2,EUR,2019-W22,6128,A,F,,,P7D,,E,,,,,,,,,0,,Main refinancing operation - Eurosystem,"Euro area (changing composition), Eurosystem reporting sector - Main refinancing operation, Euro - Euro area (changing composition) counterpart",EUR,6
ILM.W.U2.C.A050100.U2.EUR,W,U2,C,A050100,U2,EUR,2019-W23,5276,A,F,,,P7D,,E,,,,,,,,,0,,Main refinancing operation - Eurosystem,"Euro area (changing composition), Eurosystem reporting sector - Main refinancing operation, Euro - Euro area (changing composition) counterpart",EUR,6
ILM.W.U2.C.A050100.U2.EUR,W,U2,C,A050100,U2,EUR,2019-W24,5975,A,F,,,P7D,,E,,,,,,,,,0,,Main refinancing operation - Eurosystem,"Euro area (changing composition), Eurosystem reporting sector - Main refinancing operation, Euro - Euro area (changing composition) counterpart",EUR,6
ILM.W.U2.C.A050100.U2.EUR,W,U2,C,A050100,U2,EUR,2019-W25,6213,A,F,,,P7D,,E,,,,,,,,,0,,Main refinancing operation - Eurosystem,"Euro area (changing composition), Eurosystem reporting sector - Main refinancing operation, Euro - Euro area (changing composition) counterpart",EUR,6
ILM.W.U2.C.A050100.U2.EUR,W,U2,C,A050100,U2,EUR,2019-W26,6426,A,F,,,P7D,,E,,,,,,,,,0,,Main refinancing operation - Eurosystem,"Euro area (changing composition), Eurosystem reporting sector - Main refinancing operation, Euro - Euro area (changing composition) counterpart",EUR,6
ILM.W.U2.C.A050100.U2.EUR,W,U2,C,A050100,U2,EUR,2019-W27,5071,A,F,,,P7D,,E,,,,,,,,,0,,Main refinancing operation - Eurosystem,"Euro area (changing composition), Eurosystem reporting sector - Main refinancing operation, Euro - Euro area (changing composition) counterpart",EUR,6
ILM.W.U2.C.A050100.U2.EUR,W,U2,C,A050100,U2,EUR,2019-W28,2927,A,F,,,P7D,,E,,,,,,,,,0,,Main refinancing operation - Eurosystem,"Euro area (changing composition), Eurosystem reporting sector - Main refinancing operation, Euro - Euro area (changing composition) counterpart",EUR,6
ILM.W.U2.C.A050100.U2.EUR,W,U2,C,A050100,U2,EUR,2019-W29,2892,A,F,,,P7D,,E,,,,,,,,,0,,Main refinancing operation - Eurosystem,"Euro area (changing composition), Eurosystem reporting sector - Main refinancing operation, Euro - Euro area (changing composition) counterpart",EUR,6
ILM.W.U2.C.A050100.U2.EUR,W,U2,C,A050100,U2,EUR,2019-W30,2913,A,F,,,P7D,,E,,,,,,,,,0,,Main refinancing operation - Eurosystem,"Euro area (changing composition), Eurosystem reporting sector - Main refinancing operation, Euro - Euro area (changing composition) counterpart",EUR,6
ILM.W.U2.C.A050100.U2.EUR,W,U2,C,A050100,U2,EUR,2019-W31,3601,A,F,,,P7D,,E,,,,,,,,,0,,Main refinancing operation - Eurosystem,"Euro area (changing composition), Eurosystem reporting sector - Main refinancing operation, Euro - Euro area (changing composition) counterpart",EUR,6
ILM.W.U2.C.A050100.U2.EUR,W,U2,C,A050100,U2,EUR,2019-W32,3384,A,F,,,P7D,,E,,,,,,,,,0,,Main refinancing operation - Eurosystem,"Euro area (changing composition), Eurosystem reporting sector - Main refinancing operation, Euro - Euro area (changing composition) counterpart",EUR,6
ILM.W.U2.C.A050100.U2.EUR,W,U2,C,A050100,U2,EUR,2019-W33,2990,A,F,,,P7D,,E,,,,,,,,,0,,Main refinancing operation - Eurosystem,"Euro area (changing composition), Eurosystem reporting sector - Main refinancing operation, Euro - Euro area (changing composition) counterpart",EUR,6
ILM.W.U2.C.A050100.U2.EUR,W,U2,C,A050100,U2,EUR,2019-W34,2973,A,F,,,P7D,,E,,,,,,,,,0,,Main refinancing operation - Eurosystem,"Euro area (changing composition), Eurosystem reporting sector - Main refinancing operation, Euro - Euro area (changing composition) counterpart",EUR,6
ILM.W.U2.C.A050100.U2.EUR,W,U2,C,A050100,U2,EUR,2019-W35,3348,A,F,,,P7D,,E,,,,,,,,,0,,Main refinancing operation - Eurosystem,"Euro area (changing composition), Eurosystem reporting sector - Main refinancing operation, Euro - Euro area (changing composition) counterpart",EUR,6
ILM.W.U2.C.A050100.U2.EUR,W,U2,C,A050100,U2,EUR,2019-W36,2347,A,F,,,P7D,,E,,,,,,,,,0,,Main refinancing operation - Eurosystem,"Euro area (changing composition), Eurosystem reporting sector - Main refinancing operation, Euro - Euro area (changing composition) counterpart",EUR,6
ILM.W.U2.C.A050100.U2.EUR,W,U2,C,A050100,U2,EUR,2019-W37,2317,A,F,,,P7D,,E,,,,,,,,,0,,Main refinancing operation - Eurosystem,"Euro area (changing composition), Eurosystem reporting sector - Main refinancing operation, Euro - Euro area (changing composition) counterpart",EUR,6
ILM.W.U2.C.A050100.U2.EUR,W,U2,C,A050100,U2,EUR,2019-W38,2021,A,F,,,P7D,,E,,,,,,,,,0,,Main refinancing operation - Eurosystem,"Euro area (changing composition), Eurosystem reporting sector - Main refinancing operation, Euro - Euro area (changing composition) counterpart",EUR,6
ILM.W.U2.C.A050100.U2.EUR,W,U2,C,A050100,U2,EUR,2019-W39,2804,A,F,,,P7D,,E,,,,,,,,,0,,Main refinancing operation - Eurosystem,"Euro area (changing composition), Eurosystem reporting sector - Main refinancing operation, Euro - Euro area (changing composition) counterpart",EUR,6
ILM.W.U2.C.A050100.U2.EUR,W,U2,C,A050100,U2,EUR,2019-W40,1821,A,F,,,P7D,,E,,,,,,,,,0,,Main refinancing operation - Eurosystem,"Euro area (changing composition), Eurosystem reporting sector - Main refinancing operation, Euro - Euro area (changing composition) counterpart",EUR,6
ILM.W.U2.C.A050100.U2.EUR,W,U2,C,A050100,U2,EUR,2019-W41,2289,A,F,,,P7D,,E,,,,,,,,,0,,Main refinancing operation - Eurosystem,"Euro area (changing composition), Eurosystem reporting sector - Main refinancing operation, Euro - Euro area (changing composition) counterpart",EUR,6
ILM.W.U2.C.A050100.U2.EUR,W,U2,C,A050100,U2,EUR,2019-W42,1882,A,F,,,P7D,,E,,,,,,,,,0,,Main refinancing operation - Eurosystem,"Euro area (changing composition), Eurosystem reporting sector - Main refinancing operation, Euro - Euro area (changing composition) counterpart",EUR,6
ILM.W.U2.C.A050100.U2.EUR,W,U2,C,A050100,U2,EUR,2019-W43,1070,A,F,,,P7D,,E,,,,,,,,,0,,Main refinancing operation - Eurosystem,"Euro area (changing composition), Eurosystem reporting sector - Main refinancing operation, Euro - Euro area (changing composition) counterpart",EUR,6
ILM.W.U2.C.A050100.U2.EUR,W,U2,C,A050100,U2,EUR,2019-W44,2236,A,F,,,P7D,,E,,,,,,,,,0,,Main refinancing operation - Eurosystem,"Euro area (changing composition), Eurosystem reporting sector - Main refinancing operation, Euro - Euro area (changing composition) counterpart",EUR,6
ILM.W.U2.C.A050100.U2.EUR,W,U2,C,A050100,U2,EUR,2019-W45,1560,A,F,,,P7D,,E,,,,,,,,,0,,Main refinancing operation - Eurosystem,"Euro area (changing composition), Eurosystem reporting sector - Main refinancing operation, Euro - Euro area (changing composition) counterpart",EUR,6
ILM.W.U2.C.A050100.U2.EUR,W,U2,C,A050100,U2,EUR,2019-W46,1547,A,F,,,P7D,,E,,,,,,,,,0,,Main refinancing operation - Eurosystem,"Euro area (changing composition), Eurosystem reporting sector - Main refinancing operation, Euro - Euro area (changing composition) counterpart",EUR,6
ILM.W.U2.C.A050100.U2.EUR,W,U2,C,A050100,U2,EUR,2019-W47,1894,A,F,,,P7D,,E,,,,,,,,,0,,Main refinancing operation - Eurosystem,"Euro area (changing composition), Eurosystem reporting sector - Main refinancing operation, Euro - Euro area (changing composition) counterpart",EUR,6
ILM.W.U2.C.A050100.U2.EUR,W,U2,C,A050100,U2,EUR,2019-W48,2531,A,F,,,P7D,,E,,,,,,,,,0,,Main refinancing operation - Eurosystem,"Euro area (changing composition), Eurosystem reporting sector - Main refinancing operation, Euro - Euro area (changing composition) counterpart",EUR,6
ILM.W.U2.C.A050100.U2.EUR,W,U2,C,A050100,U2,EUR,2019-W49,1388,A,F,,,P7D,,E,,,,,,,,,0,,Main refinancing operation - Eurosystem,"Euro area (changing composition), Eurosystem reporting sector - Main refinancing operation, Euro - Euro area (changing composition) counterpart",EUR,6
ILM.W.U2.C.A050100.U2.EUR,W,U2,C,A050100,U2,EUR,2019-W50,1395,A,F,,,P7D,,E,,,,,,,,,0,,Main refinancing operation - Eurosystem,"Euro area (changing composition), Eurosystem reporting sector - Main refinancing operation, Euro - Euro area (changing composition) counterpart",EUR,6
ILM.W.U2.C.A050100.U2.EUR,W,U2,C,A050100,U2,EUR,2019-W51,2484,A,F,,,P7D,,E,,,,,,,,,0,,Main refinancing operation - Eurosystem,"Euro area (changing composition), Eurosystem reporting sector - Main refinancing operation, Euro - Euro area (changing composition) counterpart",EUR,6
ILM.W.U2.C.A050100.U2.EUR,W,U2,C,A050100,U2,EUR,2019-W52,7904,A,F,,,P7D,,E,,,,,,,,,0,,Main refinancing operation - Eurosystem,"Euro area (changing composition), Eurosystem reporting sector - Main refinancing operation, Euro - Euro area (changing composition) counterpart",EUR,6
ILM.W.U2.C.A050100.U2.EUR,W,U2,C,A050100,U2,EUR,2020-W01,1468,A,F,,,P7D,,E,,,,,,,,,0,,Main refinancing operation - Eurosystem,"Euro area (changing composition), Eurosystem reporting sector - Main refinancing operation, Euro - Euro area (changing composition) counterpart",EUR,6
ILM.W.U2.C.A050100.U2.EUR,W,U2,C,A050100,U2,EUR,2020-W02,1104,A,F,,,P7D,,E,,,,,,,,,0,,Main refinancing operation - Eurosystem,"Euro area (changing composition), Eurosystem reporting sector - Main refinancing operation, Euro - Euro area (changing composition) counterpart",EUR,6
ILM.W.U2.C.A050100.U2.EUR,W,U2,C,A050100,U2,EUR,2020-W03,821,A,F,,,P7D,,E,,,,,,,,,0,,Main refinancing operation - Eurosystem,"Euro area (changing composition), Eurosystem reporting sector - Main refinancing operation, Euro - Euro area (changing composition) counterpart",EUR,6
ILM.W.U2.C.A050100.U2.EUR,W,U2,C,A050100,U2,EUR,2020-W04,965,A,F,,,P7D,,E,,,,,,,,,0,,Main refinancing operation - Eurosystem,"Euro area (changing composition), Eurosystem reporting sector - Main refinancing operation, Euro - Euro area (changing composition) counterpart",EUR,6
ILM.W.U2.C.A050100.U2.EUR,W,U2,C,A050100,U2,EUR,2020-W05,1602,A,F,,,P7D,,E,,,,,,,,,0,,Main refinancing operation - Eurosystem,"Euro area (changing composition), Eurosystem reporting sector - Main refinancing operation, Euro - Euro area (changing composition) counterpart",EUR,6
ILM.W.U2.C.A050100.U2.EUR,W,U2,C,A050100,U2,EUR,2020-W06,842,A,F,,,P7D,,E,,,,,,,,,0,,Main refinancing operation - Eurosystem,"Euro area (changing composition), Eurosystem reporting sector - Main refinancing operation, Euro - Euro area (changing composition) counterpart",EUR,6
ILM.W.U2.C.A050100.U2.EUR,W,U2,C,A050100,U2,EUR,2020-W07,900,A,F,,,P7D,,E,,,,,,,,,0,,Main refinancing operation - Eurosystem,"Euro area (changing composition), Eurosystem reporting sector - Main refinancing operation, Euro - Euro area (changing composition) counterpart",EUR,6
ILM.W.U2.C.A050100.U2.EUR,W,U2,C,A050100,U2,EUR,2020-W08,1017,A,F,,,P7D,,E,,,,,,,,,0,,Main refinancing operation - Eurosystem,"Euro area (changing composition), Eurosystem reporting sector - Main refinancing operation, Euro - Euro area (changing composition) counterpart",EUR,6
ILM.W.U2.C.A050100.U2.EUR,W,U2,C,A050100,U2,EUR,2020-W09,1724,A,F,,,P7D,,E,,,,,,,,,0,,Main refinancing operation - Eurosystem,"Euro area (changing composition), Eurosystem reporting sector - Main refinancing operation, Euro - Euro area (changing composition) counterpart",EUR,6
ILM.W.U2.C.A050100.U2.EUR,W,U2,C,A050100,U2,EUR,2020-W10,1397,A,F,,,P7D,,E,,,,,,,,,0,,Main refinancing operation - Eurosystem,"Euro area (changing composition), Eurosystem reporting sector - Main refinancing operation, Euro - Euro area (changing composition) counterpart",EUR,6
ILM.W.U2.C.A050100.U2.EUR,W,U2,C,A050100,U2,EUR,2020-W11,2163,A,F,,,P7D,,E,,,,,,,,,0,,Main refinancing operation - Eurosystem,"Euro area (changing composition), Eurosystem reporting sector - Main refinancing operation, Euro - Euro area (changing composition) counterpart",EUR,6
ILM.W.U2.C.A050100.U2.EUR,W,U2,C,A050100,U2,EUR,2020-W12,1470,A,F,,,P7D,,E,,,,,,,,,0,,Main refinancing operation - Eurosystem,"Euro area (changing composition), Eurosystem reporting sector - Main refinancing operation, Euro - Euro area (changing composition) counterpart",EUR,6
ILM.W.U2.C.A050100.U2.EUR,W,U2,C,A050100,U2,EUR,2020-W13,1055,A,F,,,P7D,,E,,,,,,,,,0,,Main refinancing operation - Eurosystem,"Euro area (changing composition), Eurosystem reporting sector - Main refinancing operation, Euro - Euro area (changing composition) counterpart",EUR,6
ILM.W.U2.C.A050100.U2.EUR,W,U2,C,A050100,U2,EUR,2020-W14,444,A,F,,,P7D,,E,,,,,,,,,0,,Main refinancing operation - Eurosystem,"Euro area (changing composition), Eurosystem reporting sector - Main refinancing operation, Euro - Euro area (changing composition) counterpart",EUR,6
ILM.W.U2.C.A050100.U2.EUR,W,U2,C,A050100,U2,EUR,2020-W15,316,A,F,,,P7D,,E,,,,,,,,,0,,Main refinancing operation - Eurosystem,"Euro area (changing composition), Eurosystem reporting sector - Main refinancing operation, Euro - Euro area (changing composition) counterpart",EUR,6
ILM.W.U2.C.A050100.U2.EUR,W,U2,C,A050100,U2,EUR,2020-W16,224,A,F,,,P7D,,E,,,,,,,,,0,,Main refinancing operation - Eurosystem,"Euro area (changing composition), Eurosystem reporting sector - Main refinancing operation, Euro - Euro area (changing composition) counterpart",EUR,6
ILM.W.U2.C.A050100.U2.EUR,W,U2,C,A050100,U2,EUR,2020-W17,157,A,F,,,P7D,,E,,,,,,,,,0,,Main refinancing operation - Eurosystem,"Euro area (changing composition), Eurosystem reporting sector - Main refinancing operation, Euro - Euro area (changing composition) counterpart",EUR,6
ILM.W.U2.C.A050100.U2.EUR,W,U2,C,A050100,U2,EUR,2020-W18,266,A,F,,,P7D,,E,,,,,,,,,0,,Main refinancing operation - Eurosystem,"Euro area (changing composition), Eurosystem reporting sector - Main refinancing operation, Euro - Euro area (changing composition) counterpart",EUR,6
ILM.W.U2.C.A050100.U2.EUR,W,U2,C,A050100,U2,EUR,2020-W19,346,A,F,,,P7D,,E,,,,,,,,,0,,Main refinancing operation - Eurosystem,"Euro area (changing composition), Eurosystem reporting sector - Main refinancing operation, Euro - Euro area (changing composition) counterpart",EUR,6
ILM.W.U2.C.A050100.U2.EUR,W,U2,C,A050100,U2,EUR,2020-W20,266,A,F,,,P7D,,E,,,,,,,,,0,,Main refinancing operation - Eurosystem,"Euro area (changing composition), Eurosystem reporting sector - Main refinancing operation, Euro - Euro area (changing composition) counterpart",EUR,6
ILM.W.U2.C.A050100.U2.EUR,W,U2,C,A050100,U2,EUR,2020-W21,178,A,F,,,P7D,,E,,,,,,,,,0,,Main refinancing operation - Eurosystem,"Euro area (changing composition), Eurosystem reporting sector - Main refinancing operation, Euro - Euro area (changing composition) counterpart",EUR,6
ILM.W.U2.C.A050100.U2.EUR,W,U2,C,A050100,U2,EUR,2020-W22,451,A,F,,,P7D,,E,,,,,,,,,0,,Main refinancing operation - Eurosystem,"Euro area (changing composition), Eurosystem reporting sector - Main refinancing operation, Euro - Euro area (changing composition) counterpart",EUR,6
ILM.W.U2.C.A050100.U2.EUR,W,U2,C,A050100,U2,EUR,2020-W23,389,A,F,,,P7D,,E,,,,,,,,,0,,Main refinancing operation - Eurosystem,"Euro area (changing composition), Eurosystem reporting sector - Main refinancing operation, Euro - Euro area (changing composition) counterpart",EUR,6
ILM.W.U2.C.A050100.U2.EUR,W,U2,C,A050100,U2,EUR,2020-W24,439,A,F,,,P7D,,E,,,,,,,,,0,,Main refinancing operation - Eurosystem,"Euro area (changing composition), Eurosystem reporting sector - Main refinancing operation, Euro - Euro area (changing composition) counterpart",EUR,6
ILM.W.U2.C.A050100.U2.EUR,W,U2,C,A050100,U2,EUR,2020-W25,471,A,F,,,P7D,,E,,,,,,,,,0,,Main refinancing operation - Eurosystem,"Euro area (changing composition), Eurosystem reporting sector - Main refinancing operation, Euro - Euro area (changing composition) counterpart",EUR,6
ILM.W.U2.C.A050100.U2.EUR,W,U2,C,A050100,U2,EUR,2020-W26,670,A,F,,,P7D,,E,,,,,,,,,0,,Main refinancing operation - Eurosystem,"Euro area (changing composition), Eurosystem reporting sector - Main refinancing operation, Euro - Euro area (changing composition) counterpart",EUR,6
ILM.W.U2.C.A050100.U2.EUR,W,U2,C,A050100,U2,EUR,2020-W27,1372,A,F,,,P7D,,E,,,,,,,,,0,,Main refinancing operation - Eurosystem,"Euro area (changing composition), Eurosystem reporting sector - Main refinancing operation, Euro - Euro area (changing composition) counterpart",EUR,6
ILM.W.U2.C.A050100.U2.EUR,W,U2,C,A050100,U2,EUR,2020-W28,1090,A,F,,,P7D,,E,,,,,,,,,0,,Main refinancing operation - Eurosystem,"Euro area (changing composition), Eurosystem reporting sector - Main refinancing operation, Euro - Euro area (changing composition) counterpart",EUR,6
ILM.W.U2.C.A050100.U2.EUR,W,U2,C,A050100,U2,EUR,2020-W29,1026,A,F,,,P7D,,E,,,,,,,,,0,,Main refinancing operation - Eurosystem,"Euro area (changing composition), Eurosystem reporting sector - Main refinancing operation, Euro - Euro area (changing composition) counterpart",EUR,6
ILM.W.U2.C.A050100.U2.EUR,W,U2,C,A050100,U2,EUR,2020-W30,1125,A,F,,,P7D,,E,,,,,,,,,0,,Main refinancing operation - Eurosystem,"Euro area (changing composition), Eurosystem reporting sector - Main refinancing operation, Euro - Euro area (changing composition) counterpart",EUR,6
ILM.W.U2.C.A050100.U2.EUR,W,U2,C,A050100,U2,EUR,2020-W31,1144,A,F,,,P7D,,E,,,,,,,,,0,,Main refinancing operation - Eurosystem,"Euro area (changing composition), Eurosystem reporting sector - Main refinancing operation, Euro - Euro area (changing composition) counterpart",EUR,6
ILM.W.U2.C.A050100.U2.EUR,W,U2,C,A050100,U2,EUR,2020-W32,954,A,F,,,P7D,,E,,,,,,,,,0,,Main refinancing operation - Eurosystem,"Euro area (changing composition), Eurosystem reporting sector - Main refinancing operation, Euro - Euro area (changing composition) counterpart",EUR,6
ILM.W.U2.C.A050100.U2.EUR,W,U2,C,A050100,U2,EUR,2020-W33,1005,A,F,,,P7D,,E,,,,,,,,,0,,Main refinancing operation - Eurosystem,"Euro area (changing composition), Eurosystem reporting sector - Main refinancing operation, Euro - Euro area (changing composition) counterpart",EUR,6
ILM.W.U2.C.A050100.U2.EUR,W,U2,C,A050100,U2,EUR,2020-W34,1331,A,F,,,P7D,,E,,,,,,,,,0,,Main refinancing operation - Eurosystem,"Euro area (changing composition), Eurosystem reporting sector - Main refinancing operation, Euro - Euro area (changing composition) counterpart",EUR,6
ILM.W.U2.C.A050100.U2.EUR,W,U2,C,A050100,U2,EUR,2020-W35,1633,A,F,,,P7D,,E,,,,,,,,,0,,Main refinancing operation - Eurosystem,"Euro area (changing composition), Eurosystem reporting sector - Main refinancing operation, Euro - Euro area (changing composition) counterpart",EUR,6
ILM.W.U2.C.A050100.U2.EUR,W,U2,C,A050100,U2,EUR,2020-W36,1568,A,F,,,P7D,,E,,,,,,,,,0,,Main refinancing operation - Eurosystem,"Euro area (changing composition), Eurosystem reporting sector - Main refinancing operation, Euro - Euro area (changing composition) counterpart",EUR,6
ILM.W.U2.C.A050100.U2.EUR,W,U2,C,A050100,U2,EUR,2020-W37,1666,A,F,,,P7D,,E,,,,,,,,,0,,Main refinancing operation - Eurosystem,"Euro area (changing composition), Eurosystem reporting sector - Main refinancing operation, Euro - Euro area (changing composition) counterpart",EUR,6
ILM.W.U2.C.A050100.U2.EUR,W,U2,C,A050100,U2,EUR,2020-W38,1679,A,F,,,P7D,,E,,,,,,,,,0,,Main refinancing operation - Eurosystem,"Euro area (changing composition), Eurosystem reporting sector - Main refinancing operation, Euro - Euro area (changing composition) counterpart",EUR,6
ILM.W.U2.C.A050100.U2.EUR,W,U2,C,A050100,U2,EUR,2020-W39,1860,A,F,,,P7D,,E,,,,,,,,,0,,Main refinancing operation - Eurosystem,"Euro area (changing composition), Eurosystem reporting sector - Main refinancing operation, Euro - Euro area (changing composition) counterpart",EUR,6
ILM.W.U2.C.A050100.U2.EUR,W,U2,C,A050100,U2,EUR,2020-W40,1221,A,F,,,P7D,,E,,,,,,,,,0,,Main refinancing operation - Eurosystem,"Euro area (changing composition), Eurosystem reporting sector - Main refinancing operation, Euro - Euro area (changing composition) counterpart",EUR,6
ILM.W.U2.C.A050100.U2.EUR,W,U2,C,A050100,U2,EUR,2020-W41,1168,A,F,,,P7D,,E,,,,,,,,,0,,Main refinancing operation - Eurosystem,"Euro area (changing composition), Eurosystem reporting sector - Main refinancing operation, Euro - Euro area (changing composition) counterpart",EUR,6
ILM.W.U2.C.A050100.U2.EUR,W,U2,C,A050100,U2,EUR,2020-W42,1010,A,F,,,P7D,,E,,,,,,,,,0,,Main refinancing operation - Eurosystem,"Euro area (changing composition), Eurosystem reporting sector - Main refinancing operation, Euro - Euro area (changing composition) counterpart",EUR,6
ILM.W.U2.C.A050100.U2.EUR,W,U2,C,A050100,U2,EUR,2020-W43,1007,A,F,,,P7D,,E,,,,,,,,,0,,Main refinancing operation - Eurosystem,"Euro area (changing composition), Eurosystem reporting sector - Main refinancing operation, Euro - Euro area (changing composition) counterpart",EUR,6
ILM.W.U2.C.A050100.U2.EUR,W,U2,C,A050100,U2,EUR,2020-W44,1036,A,F,,,P7D,,E,,,,,,,,,0,,Main refinancing operation - Eurosystem,"Euro area (changing composition), Eurosystem reporting sector - Main refinancing operation, Euro - Euro area (changing composition) counterpart",EUR,6
ILM.W.U2.C.A050100.U2.EUR,W,U2,C,A050100,U2,EUR,2020-W45,925,A,F,,,P7D,,E,,,,,,,,,0,,Main refinancing operation - Eurosystem,"Euro area (changing composition), Eurosystem reporting sector - Main refinancing operation, Euro - Euro area (changing composition) counterpart",EUR,6
ILM.W.U2.C.A050100.U2.EUR,W,U2,C,A050100,U2,EUR,2020-W46,583,A,F,,,P7D,,E,,,,,,,,,0,,Main refinancing operation - Eurosystem,"Euro area (changing composition), Eurosystem reporting sector - Main refinancing operation, Euro - Euro area (changing composition) counterpart",EUR,6
ILM.W.U2.C.A050100.U2.EUR,W,U2,C,A050100,U2,EUR,2020-W47,470,A,F,,,P7D,,E,,,,,,,,,0,,Main refinancing operation - Eurosystem,"Euro area (changing composition), Eurosystem reporting sector - Main refinancing operation, Euro - Euro area (changing composition) counterpart",EUR,6
ILM.W.U2.C.A050100.U2.EUR,W,U2,C,A050100,U2,EUR,2020-W48,593,A,F,,,P7D,,E,,,,,,,,,0,,Main refinancing operation - Eurosystem,"Euro area (changing composition), Eurosystem reporting sector - Main refinancing operation, Euro - Euro area (changing composition) counterpart",EUR,6
ILM.W.U2.C.A050100.U2.EUR,W,U2,C,A050100,U2,EUR,2020-W49,256,A,F,,,P7D,,E,,,,,,,,,0,,Main refinancing operation - Eurosystem,"Euro area (changing composition), Eurosystem reporting sector - Main refinancing operation, Euro - Euro area (changing composition) counterpart",EUR,6
ILM.W.U2.C.A050100.U2.EUR,W,U2,C,A050100,U2,EUR,2020-W50,242,A,F,,,P7D,,E,,,,,,,,,0,,Main refinancing operation - Eurosystem,"Euro area (changing composition), Eurosystem reporting sector - Main refinancing operation, Euro - Euro area (changing composition) counterpart",EUR,6
ILM.W.U2.C.A050100.U2.EUR,W,U2,C,A050100,U2,EUR,2020-W51,344,A,F,,,P7D,,E,,,,,,,,,0,,Main refinancing operation - Eurosystem,"Euro area (changing composition), Eurosystem reporting sector - Main refinancing operation, Euro - Euro area (changing composition) counterpart",EUR,6
ILM.W.U2.C.A050100.U2.EUR,W,U2,C,A050100,U2,EUR,2020-W52,262,A,F,,,P7D,,E,,,,,,,,,0,,Main refinancing operation - Eurosystem,"Euro area (changing composition), Eurosystem reporting sector - Main refinancing operation, Euro - Euro area (changing composition) counterpart",EUR,6
ILM.W.U2.C.A050100.U2.EUR,W,U2,C,A050100,U2,EUR,2020-W53,468,A,F,,,P7D,,E,,,,,,,,,0,,Main refinancing operation - Eurosystem,"Euro area (changing composition), Eurosystem reporting sector - Main refinancing operation, Euro - Euro area (changing composition) counterpart",EUR,6
ILM.W.U2.C.A050100.U2.EUR,W,U2,C,A050100,U2,EUR,2021-W01,180,A,F,,,P7D,,E,,,,,,,,,0,,Main refinancing operation - Eurosystem,"Euro area (changing composition), Eurosystem reporting sector - Main refinancing operation, Euro - Euro area (changing composition) counterpart",EUR,6
ILM.W.U2.C.A050100.U2.EUR,W,U2,C,A050100,U2,EUR,2021-W02,521,A,F,,,P7D,,E,,,,,,,,,0,,Main refinancing operation - Eurosystem,"Euro area (changing composition), Eurosystem reporting sector - Main refinancing operation, Euro - Euro area (changing composition) counterpart",EUR,6
ILM.W.U2.C.A050100.U2.EUR,W,U2,C,A050100,U2,EUR,2021-W03,234,A,F,,,P7D,,E,,,,,,,,,0,,Main refinancing operation - Eurosystem,"Euro area (changing composition), Eurosystem reporting sector - Main refinancing operation, Euro - Euro area (changing composition) counterpart",EUR,6
ILM.W.U2.C.A050100.U2.EUR,W,U2,C,A050100,U2,EUR,2021-W04,236,A,F,,,P7D,,E,,,,,,,,,0,,Main refinancing operation - Eurosystem,"Euro area (changing composition), Eurosystem reporting sector - Main refinancing operation, Euro - Euro area (changing composition) counterpart",EUR,6
ILM.W.U2.C.A050100.U2.EUR,W,U2,C,A050100,U2,EUR,2021-W05,157,A,F,,,P7D,,E,,,,,,,,,0,,Main refinancing operation - Eurosystem,"Euro area (changing composition), Eurosystem reporting sector - Main refinancing operation, Euro - Euro area (changing composition) counterpart",EUR,6
ILM.W.U2.C.A050100.U2.EUR,W,U2,C,A050100,U2,EUR,2021-W06,427,A,F,,,P7D,,E,,,,,,,,,0,,Main refinancing operation - Eurosystem,"Euro area (changing composition), Eurosystem reporting sector - Main refinancing operation, Euro - Euro area (changing composition) counterpart",EUR,6
ILM.W.U2.C.A050100.U2.EUR,W,U2,C,A050100,U2,EUR,2021-W07,459,A,F,,,P7D,,E,,,,,,,,,0,,Main refinancing operation - Eurosystem,"Euro area (changing composition), Eurosystem reporting sector - Main refinancing operation, Euro - Euro area (changing composition) counterpart",EUR,6
ILM.W.U2.C.A050100.U2.EUR,W,U2,C,A050100,U2,EUR,2021-W08,622,A,F,,,P7D,,E,,,,,,,,,0,,Main refinancing operation - Eurosystem,"Euro area (changing composition), Eurosystem reporting sector - Main refinancing operation, Euro - Euro area (changing composition) counterpart",EUR,6
ILM.W.U2.C.A050100.U2.EUR,W,U2,C,A050100,U2,EUR,2021-W09,502,A,F,,,P7D,,E,,,,,,,,,0,,Main refinancing operation - Eurosystem,"Euro area (changing composition), Eurosystem reporting sector - Main refinancing operation, Euro - Euro area (changing composition) counterpart",EUR,6
ILM.W.U2.C.A050100.U2.EUR,W,U2,C,A050100,U2,EUR,2021-W10,692,A,F,,,P7D,,E,,,,,,,,,0,,Main refinancing operation - Eurosystem,"Euro area (changing composition), Eurosystem reporting sector - Main refinancing operation, Euro - Euro area (changing composition) counterpart",EUR,6
ILM.W.U2.C.A050100.U2.EUR,W,U2,C,A050100,U2,EUR,2021-W11,609,A,F,,,P7D,,E,,,,,,,,,0,,Main refinancing operation - Eurosystem,"Euro area (changing composition), Eurosystem reporting sector - Main refinancing operation, Euro - Euro area (changing composition) counterpart",EUR,6
ILM.W.U2.C.A050100.U2.EUR,W,U2,C,A050100,U2,EUR,2021-W12,271,A,F,,,P7D,,E,,,,,,,,,0,,Main refinancing operation - Eurosystem,"Euro area (changing composition), Eurosystem reporting sector - Main refinancing operation, Euro - Euro area (changing composition) counterpart",EUR,6
ILM.W.U2.C.A050100.U2.EUR,W,U2,C,A050100,U2,EUR,2021-W13,461,A,F,,,P7D,,E,,,,,,,,,0,,Main refinancing operation - Eurosystem,"Euro area (changing composition), Eurosystem reporting sector - Main refinancing operation, Euro - Euro area (changing composition) counterpart",EUR,6
ILM.W.U2.C.A050100.U2.EUR,W,U2,C,A050100,U2,EUR,2021-W14,190,A,F,,,P7D,,E,,,,,,,,,0,,Main refinancing operation - Eurosystem,"Euro area (changing composition), Eurosystem reporting sector - Main refinancing operation, Euro - Euro area (changing composition) counterpart",EUR,6
ILM.W.U2.C.A050100.U2.EUR,W,U2,C,A050100,U2,EUR,2021-W15,137,A,F,,,P7D,,E,,,,,,,,,0,,Main refinancing operation - Eurosystem,"Euro area (changing composition), Eurosystem reporting sector - Main refinancing operation, Euro - Euro area (changing composition) counterpart",EUR,6
ILM.W.U2.C.A050100.U2.EUR,W,U2,C,A050100,U2,EUR,2021-W16,126,A,F,,,P7D,,E,,,,,,,,,0,,Main refinancing operation - Eurosystem,"Euro area (changing composition), Eurosystem reporting sector - Main refinancing operation, Euro - Euro area (changing composition) counterpart",EUR,6
ILM.W.U2.C.A050100.U2.EUR,W,U2,C,A050100,U2,EUR,2021-W17,252,A,F,,,P7D,,E,,,,,,,,,0,,Main refinancing operation - Eurosystem,"Euro area (changing composition), Eurosystem reporting sector - Main refinancing operation, Euro - Euro area (changing composition) counterpart",EUR,6
ILM.W.U2.C.A050100.U2.EUR,W,U2,C,A050100,U2,EUR,2021-W18,72,A,F,,,P7D,,E,,,,,,,,,0,,Main refinancing operation - Eurosystem,"Euro area (changing composition), Eurosystem reporting sector - Main refinancing operation, Euro - Euro area (changing composition) counterpart",EUR,6
ILM.W.U2.C.A050100.U2.EUR,W,U2,C,A050100,U2,EUR,2021-W19,111,A,F,,,P7D,,E,,,,,,,,,0,,Main refinancing operation - Eurosystem,"Euro area (changing composition), Eurosystem reporting sector - Main refinancing operation, Euro - Euro area (changing composition) counterpart",EUR,6
ILM.W.U2.C.A050100.U2.EUR,W,U2,C,A050100,U2,EUR,2021-W20,117,A,F,,,P7D,,E,,,,,,,,,0,,Main refinancing operation - Eurosystem,"Euro area (changing composition), Eurosystem reporting sector - Main refinancing operation, Euro - Euro area (changing composition) counterpart",EUR,6
ILM.W.U2.C.A050100.U2.EUR,W,U2,C,A050100,U2,EUR,2021-W21,376,A,F,,,P7D,,E,,,,,,,,,0,,Main refinancing operation - Eurosystem,"Euro area (changing composition), Eurosystem reporting sector - Main refinancing operation, Euro - Euro area (changing composition) counterpart",EUR,6
ILM.W.U2.C.A050100.U2.EUR,W,U2,C,A050100,U2,EUR,2021-W22,197,A,F,,,P7D,,E,,,,,,,,,0,,Main refinancing operation - Eurosystem,"Euro area (changing composition), Eurosystem reporting sector - Main refinancing operation, Euro - Euro area (changing composition) counterpart",EUR,6
ILM.W.U2.C.A050100.U2.EUR,W,U2,C,A050100,U2,EUR,2021-W23,185,A,F,,,P7D,,E,,,,,,,,,0,,Main refinancing operation - Eurosystem,"Euro area (changing composition), Eurosystem reporting sector - Main refinancing operation, Euro - Euro area (changing composition) counterpart",EUR,6
ILM.W.U2.C.A050100.U2.EUR,W,U2,C,A050100,U2,EUR,2021-W24,124,A,F,,,P7D,,E,,,,,,,,,0,,Main refinancing operation - Eurosystem,"Euro area (changing composition), Eurosystem reporting sector - Main refinancing operation, Euro - Euro area (changing composition) counterpart",EUR,6
ILM.W.U2.C.A050100.U2.EUR,W,U2,C,A050100,U2,EUR,2021-W25,91,A,F,,,P7D,,E,,,,,,,,,0,,Main refinancing operation - Eurosystem,"Euro area (changing composition), Eurosystem reporting sector - Main refinancing operation, Euro - Euro area (changing composition) counterpart",EUR,6
ILM.W.U2.C.A050100.U2.EUR,W,U2,C,A050100,U2,EUR,2021-W26,85,A,F,,,P7D,,E,,,,,,,,,0,,Main refinancing operation - Eurosystem,"Euro area (changing composition), Eurosystem reporting sector - Main refinancing operation, Euro - Euro area (changing composition) counterpart",EUR,6
ILM.W.U2.C.A050100.U2.EUR,W,U2,C,A050100,U2,EUR,2021-W27,72,A,F,,,P7D,,E,,,,,,,,,0,,Main refinancing operation - Eurosystem,"Euro area (changing composition), Eurosystem reporting sector - Main refinancing operation, Euro - Euro area (changing composition) counterpart",EUR,6
ILM.W.U2.C.A050100.U2.EUR,W,U2,C,A050100,U2,EUR,2021-W28,42,A,F,,,P7D,,E,,,,,,,,,0,,Main refinancing operation - Eurosystem,"Euro area (changing composition), Eurosystem reporting sector - Main refinancing operation, Euro - Euro area (changing composition) counterpart",EUR,6
ILM.W.U2.C.A050100.U2.EUR,W,U2,C,A050100,U2,EUR,2021-W29,55,A,F,,,P7D,,E,,,,,,,,,0,,Main refinancing operation - Eurosystem,"Euro area (changing composition), Eurosystem reporting sector - Main refinancing operation, Euro - Euro area (changing composition) counterpart",EUR,6
ILM.W.U2.C.A050100.U2.EUR,W,U2,C,A050100,U2,EUR,2021-W30,96,A,F,,,P7D,,E,,,,,,,,,0,,Main refinancing operation - Eurosystem,"Euro area (changing composition), Eurosystem reporting sector - Main refinancing operation, Euro - Euro area (changing composition) counterpart",EUR,6
ILM.W.U2.C.A050100.U2.EUR,W,U2,C,A050100,U2,EUR,2021-W31,145,A,F,,,P7D,,E,,,,,,,,,0,,Main refinancing operation - Eurosystem,"Euro area (changing composition), Eurosystem reporting sector - Main refinancing operation, Euro - Euro area (changing composition) counterpart",EUR,6
ILM.W.U2.C.A050100.U2.EUR,W,U2,C,A050100,U2,EUR,2021-W32,180,A,F,,,P7D,,E,,,,,,,,,0,,Main refinancing operation - Eurosystem,"Euro area (changing composition), Eurosystem reporting sector - Main refinancing operation, Euro - Euro area (changing composition) counterpart",EUR,6
ILM.W.U2.C.A050100.U2.EUR,W,U2,C,A050100,U2,EUR,2021-W33,197,A,F,,,P7D,,E,,,,,,,,,0,,Main refinancing operation - Eurosystem,"Euro area (changing composition), Eurosystem reporting sector - Main refinancing operation, Euro - Euro area (changing composition) counterpart",EUR,6
ILM.W.U2.C.A050100.U2.EUR,W,U2,C,A050100,U2,EUR,2021-W34,112,A,F,,,P7D,,E,,,,,,,,,0,,Main refinancing operation - Eurosystem,"Euro area (changing composition), Eurosystem reporting sector - Main refinancing operation, Euro - Euro area (changing composition) counterpart",EUR,6
ILM.W.U2.C.A050100.U2.EUR,W,U2,C,A050100,U2,EUR,2021-W35,16,A,F,,,P7D,,E,,,,,,,,,0,,Main refinancing operation - Eurosystem,"Euro area (changing composition), Eurosystem reporting sector - Main refinancing operation, Euro - Euro area (changing composition) counterpart",EUR,6
ILM.W.U2.C.A050100.U2.EUR,W,U2,C,A050100,U2,EUR,2021-W36,319,A,F,,,P7D,,E,,,,,,,,,0,,Main refinancing operation - Eurosystem,"Euro area (changing composition), Eurosystem reporting sector - Main refinancing operation, Euro - Euro area (changing composition) counterpart",EUR,6
ILM.W.U2.C.A050100.U2.EUR,W,U2,C,A050100,U2,EUR,2021-W37,344,A,F,,,P7D,,E,,,,,,,,,0,,Main refinancing operation - Eurosystem,"Euro area (changing composition), Eurosystem reporting sector - Main refinancing operation, Euro - Euro area (changing composition) counterpart",EUR,6
ILM.W.U2.C.A050100.U2.EUR,W,U2,C,A050100,U2,EUR,2021-W38,44,A,F,,,P7D,,E,,,,,,,,,0,,Main refinancing operation - Eurosystem,"Euro area (changing composition), Eurosystem reporting sector - Main refinancing operation, Euro - Euro area (changing composition) counterpart",EUR,6
ILM.W.U2.C.A050100.U2.EUR,W,U2,C,A050100,U2,EUR,2021-W39,147,A,F,,,P7D,,E,,,,,,,,,0,,Main refinancing operation - Eurosystem,"Euro area (changing composition), Eurosystem reporting sector - Main refinancing operation, Euro - Euro area (changing composition) counterpart",EUR,6
ILM.W.U2.C.A050100.U2.EUR,W,U2,C,A050100,U2,EUR,2021-W40,232,A,F,,,P7D,,E,,,,,,,,,0,,Main refinancing operation - Eurosystem,"Euro area (changing composition), Eurosystem reporting sector - Main refinancing operation, Euro - Euro area (changing composition) counterpart",EUR,6
ILM.W.U2.C.A050100.U2.EUR,W,U2,C,A050100,U2,EUR,2021-W41,193,A,F,,,P7D,,E,,,,,,,,,0,,Main refinancing operation - Eurosystem,"Euro area (changing composition), Eurosystem reporting sector - Main refinancing operation, Euro - Euro area (changing composition) counterpart",EUR,6
ILM.W.U2.C.A050100.U2.EUR,W,U2,C,A050100,U2,EUR,2021-W42,63,A,F,,,P7D,,E,,,,,,,,,0,,Main refinancing operation - Eurosystem,"Euro area (changing composition), Eurosystem reporting sector - Main refinancing operation, Euro - Euro area (changing composition) counterpart",EUR,6
ILM.W.U2.C.A050100.U2.EUR,W,U2,C,A050100,U2,EUR,2021-W43,103,A,F,,,P7D,,E,,,,,,,,,0,,Main refinancing operation - Eurosystem,"Euro area (changing composition), Eurosystem reporting sector - Main refinancing operation, Euro - Euro area (changing composition) counterpart",EUR,6
ILM.W.U2.C.A050100.U2.EUR,W,U2,C,A050100,U2,EUR,2021-W44,68,A,F,,,P7D,,E,,,,,,,,,0,,Main refinancing operation - Eurosystem,"Euro area (changing composition), Eurosystem reporting sector - Main refinancing operation, Euro - Euro area (changing composition) counterpart",EUR,6
ILM.W.U2.C.A050100.U2.EUR,W,U2,C,A050100,U2,EUR,2021-W45,254,A,F,,,P7D,,E,,,,,,,,,0,,Main refinancing operation - Eurosystem,"Euro area (changing composition), Eurosystem reporting sector - Main refinancing operation, Euro - Euro area (changing composition) counterpart",EUR,6
ILM.W.U2.C.A050100.U2.EUR,W,U2,C,A050100,U2,EUR,2021-W46,172,A,F,,,P7D,,E,,,,,,,,,0,,Main refinancing operation - Eurosystem,"Euro area (changing composition), Eurosystem reporting sector - Main refinancing operation, Euro - Euro area (changing composition) counterpart",EUR,6
ILM.W.U2.C.A050100.U2.EUR,W,U2,C,A050100,U2,EUR,2021-W47,157,A,F,,,P7D,,E,,,,,,,,,0,,Main refinancing operation - Eurosystem,"Euro area (changing composition), Eurosystem reporting sector - Main refinancing operation, Euro - Euro area (changing composition) counterpart",EUR,6
ILM.W.U2.C.A050100.U2.EUR,W,U2,C,A050100,U2,EUR,2021-W48,200,A,F,,,P7D,,E,,,,,,,,,0,,Main refinancing operation - Eurosystem,"Euro area (changing composition), Eurosystem reporting sector - Main refinancing operation, Euro - Euro area (changing composition) counterpart",EUR,6
ILM.W.U2.C.A050100.U2.EUR,W,U2,C,A050100,U2,EUR,2021-W49,195,A,F,,,P7D,,E,,,,,,,,,0,,Main refinancing operation - Eurosystem,"Euro area (changing composition), Eurosystem reporting sector - Main refinancing operation, Euro - Euro area (changing composition) counterpart",EUR,6
ILM.W.U2.C.A050100.U2.EUR,W,U2,C,A050100,U2,EUR,2021-W50,97,A,F,,,P7D,,E,,,,,,,,,0,,Main refinancing operation - Eurosystem,"Euro area (changing composition), Eurosystem reporting sector - Main refinancing operation, Euro - Euro area (changing composition) counterpart",EUR,6
ILM.W.U2.C.A050100.U2.EUR,W,U2,C,A050100,U2,EUR,2021-W51,225,A,F,,,P7D,,E,,,,,,,,,0,,Main refinancing operation - Eurosystem,"Euro area (changing composition), Eurosystem reporting sector - Main refinancing operation, Euro - Euro area (changing composition) counterpart",EUR,6
ILM.W.U2.C.A050100.U2.EUR,W,U2,C,A050100,U2,EUR,2021-W52,386,A,F,,,P7D,,E,,,,,,,,,0,,Main refinancing operation - Eurosystem,"Euro area (changing composition), Eurosystem reporting sector - Main refinancing operation, Euro - Euro area (changing composition) counterpart",EUR,6
ILM.W.U2.C.A050100.U2.EUR,W,U2,C,A050100,U2,EUR,2022-W01,430,A,F,,,P7D,,E,,,,,,,,,0,,Main refinancing operation - Eurosystem,"Euro area (changing composition), Eurosystem reporting sector - Main refinancing operation, Euro - Euro area (changing composition) counterpart",EUR,6
ILM.W.U2.C.A050100.U2.EUR,W,U2,C,A050100,U2,EUR,2022-W02,379,A,F,,,P7D,,E,,,,,,,,,0,,Main refinancing operation - Eurosystem,"Euro area (changing composition), Eurosystem reporting sector - Main refinancing operation, Euro - Euro area (changing composition) counterpart",EUR,6
ILM.W.U2.C.A050100.U2.EUR,W,U2,C,A050100,U2,EUR,2022-W03,437,A,F,,,P7D,,E,,,,,,,,,0,,Main refinancing operation - Eurosystem,"Euro area (changing composition), Eurosystem reporting sector - Main refinancing operation, Euro - Euro area (changing composition) counterpart",EUR,6
ILM.W.U2.C.A050100.U2.EUR,W,U2,C,A050100,U2,EUR,2022-W04,198,A,F,,,P7D,,E,,,,,,,,,0,,Main refinancing operation - Eurosystem,"Euro area (changing composition), Eurosystem reporting sector - Main refinancing operation, Euro - Euro area (changing composition) counterpart",EUR,6
ILM.W.U2.C.A050100.U2.EUR,W,U2,C,A050100,U2,EUR,2022-W05,192,A,F,,,P7D,,E,,,,,,,,,0,,Main refinancing operation - Eurosystem,"Euro area (changing composition), Eurosystem reporting sector - Main refinancing operation, Euro - Euro area (changing composition) counterpart",EUR,6
ILM.W.U2.C.A050100.U2.EUR,W,U2,C,A050100,U2,EUR,2022-W06,231,A,F,,,P7D,,E,,,,,,,,,0,,Main refinancing operation - Eurosystem,"Euro area (changing composition), Eurosystem reporting sector - Main refinancing operation, Euro - Euro area (changing composition) counterpart",EUR,6
ILM.W.U2.C.A050100.U2.EUR,W,U2,C,A050100,U2,EUR,2022-W07,296,A,F,,,P7D,,E,,,,,,,,,0,,Main refinancing operation - Eurosystem,"Euro area (changing composition), Eurosystem reporting sector - Main refinancing operation, Euro - Euro area (changing composition) counterpart",EUR,6
ILM.W.U2.C.A050100.U2.EUR,W,U2,C,A050100,U2,EUR,2022-W08,436,A,F,,,P7D,,E,,,,,,,,,0,,Main refinancing operation - Eurosystem,"Euro area (changing composition), Eurosystem reporting sector - Main refinancing operation, Euro - Euro area (changing composition) counterpart",EUR,6
ILM.W.U2.C.A050100.U2.EUR,W,U2,C,A050100,U2,EUR,2022-W09,163,A,F,,,P7D,,E,,,,,,,,,0,,Main refinancing operation - Eurosystem,"Euro area (changing composition), Eurosystem reporting sector - Main refinancing operation, Euro - Euro area (changing composition) counterpart",EUR,6
ILM.W.U2.C.A050100.U2.EUR,W,U2,C,A050100,U2,EUR,2022-W10,294,A,F,,,P7D,,E,,,,,,,,,0,,Main refinancing operation - Eurosystem,"Euro area (changing composition), Eurosystem reporting sector - Main refinancing operation, Euro - Euro area (changing composition) counterpart",EUR,6
ILM.W.U2.C.A050100.U2.EUR,W,U2,C,A050100,U2,EUR,2022-W11,226,A,F,,,P7D,,E,,,,,,,,,0,,Main refinancing operation - Eurosystem,"Euro area (changing composition), Eurosystem reporting sector - Main refinancing operation, Euro - Euro area (changing composition) counterpart",EUR,6
ILM.W.U2.C.A050100.U2.EUR,W,U2,C,A050100,U2,EUR,2022-W12,204,A,F,,,P7D,,E,,,,,,,,,0,,Main refinancing operation - Eurosystem,"Euro area (changing composition), Eurosystem reporting sector - Main refinancing operation, Euro - Euro area (changing composition) counterpart",EUR,6
ILM.W.U2.C.A050100.U2.EUR,W,U2,C,A050100,U2,EUR,2022-W13,373,A,F,,,P7D,,E,,,,,,,,,0,,Main refinancing operation - Eurosystem,"Euro area (changing composition), Eurosystem reporting sector - Main refinancing operation, Euro - Euro area (changing composition) counterpart",EUR,6
ILM.W.U2.C.A050100.U2.EUR,W,U2,C,A050100,U2,EUR,2022-W14,408,A,F,,,P7D,,E,,,,,,,,,0,,Main refinancing operation - Eurosystem,"Euro area (changing composition), Eurosystem reporting sector - Main refinancing operation, Euro - Euro area (changing composition) counterpart",EUR,6
ILM.W.U2.C.A050100.U2.EUR,W,U2,C,A050100,U2,EUR,2022-W15,540,A,F,,,P7D,,E,,,,,,,,,0,,Main refinancing operation - Eurosystem,"Euro area (changing composition), Eurosystem reporting sector - Main refinancing operation, Euro - Euro area (changing composition) counterpart",EUR,6
ILM.W.U2.C.A050100.U2.EUR,W,U2,C,A050100,U2,EUR,2022-W16,474,A,F,,,P7D,,E,,,,,,,,,0,,Main refinancing operation - Eurosystem,"Euro area (changing composition), Eurosystem reporting sector - Main refinancing operation, Euro - Euro area (changing composition) counterpart",EUR,6
ILM.W.U2.C.A050100.U2.EUR,W,U2,C,A050100,U2,EUR,2022-W17,721,A,F,,,P7D,,E,,,,,,,,,0,,Main refinancing operation - Eurosystem,"Euro area (changing composition), Eurosystem reporting sector - Main refinancing operation, Euro - Euro area (changing composition) counterpart",EUR,6
ILM.W.U2.C.A050100.U2.EUR,W,U2,C,A050100,U2,EUR,2022-W18,549,A,F,,,P7D,,E,,,,,,,,,0,,Main refinancing operation - Eurosystem,"Euro area (changing composition), Eurosystem reporting sector - Main refinancing operation, Euro - Euro area (changing composition) counterpart",EUR,6
ILM.W.U2.C.A050100.U2.EUR,W,U2,C,A050100,U2,EUR,2022-W19,495,A,F,,,P7D,,E,,,,,,,,,0,,Main refinancing operation - Eurosystem,"Euro area (changing composition), Eurosystem reporting sector - Main refinancing operation, Euro - Euro area (changing composition) counterpart",EUR,6
ILM.W.U2.C.A050100.U2.EUR,W,U2,C,A050100,U2,EUR,2022-W20,319,A,F,,,P7D,,E,,,,,,,,,0,,Main refinancing operation - Eurosystem,"Euro area (changing composition), Eurosystem reporting sector - Main refinancing operation, Euro - Euro area (changing composition) counterpart",EUR,6
ILM.W.U2.C.A050100.U2.EUR,W,U2,C,A050100,U2,EUR,2022-W21,661,A,F,,,P7D,,E,,,,,,,,,0,,Main refinancing operation - Eurosystem,"Euro area (changing composition), Eurosystem reporting sector - Main refinancing operation, Euro - Euro area (changing composition) counterpart",EUR,6
ILM.W.U2.C.A050100.U2.EUR,W,U2,C,A050100,U2,EUR,2022-W22,410,A,F,,,P7D,,E,,,,,,,,,0,,Main refinancing operation - Eurosystem,"Euro area (changing composition), Eurosystem reporting sector - Main refinancing operation, Euro - Euro area (changing composition) counterpart",EUR,6
ILM.W.U2.C.A050100.U2.EUR,W,U2,C,A050100,U2,EUR,2022-W23,447,A,F,,,P7D,,E,,,,,,,,,0,,Main refinancing operation - Eurosystem,"Euro area (changing composition), Eurosystem reporting sector - Main refinancing operation, Euro - Euro area (changing composition) counterpart",EUR,6
ILM.W.U2.C.A050100.U2.EUR,W,U2,C,A050100,U2,EUR,2022-W24,669,A,F,,,P7D,,E,,,,,,,,,0,,Main refinancing operation - Eurosystem,"Euro area (changing composition), Eurosystem reporting sector - Main refinancing operation, Euro - Euro area (changing composition) counterpart",EUR,6
ILM.W.U2.C.A050100.U2.EUR,W,U2,C,A050100,U2,EUR,2022-W25,688,A,F,,,P7D,,E,,,,,,,,,0,,Main refinancing operation - Eurosystem,"Euro area (changing composition), Eurosystem reporting sector - Main refinancing operation, Euro - Euro area (changing composition) counterpart",EUR,6
ILM.W.U2.C.A050100.U2.EUR,W,U2,C,A050100,U2,EUR,2022-W26,1483,A,F,,,P7D,,E,,,,,,,,,0,,Main refinancing operation - Eurosystem,"Euro area (changing composition), Eurosystem reporting sector - Main refinancing operation, Euro - Euro area (changing composition) counterpart",EUR,6
ILM.W.U2.C.A050100.U2.EUR,W,U2,C,A050100,U2,EUR,2022-W27,1041,A,F,,,P7D,,E,,,,,,,,,0,,Main refinancing operation - Eurosystem,"Euro area (changing composition), Eurosystem reporting sector - Main refinancing operation, Euro - Euro area (changing composition) counterpart",EUR,6
ILM.W.U2.C.A050100.U2.EUR,W,U2,C,A050100,U2,EUR,2022-W28,916,A,F,,,P7D,,E,,,,,,,,,0,,Main refinancing operation - Eurosystem,"Euro area (changing composition), Eurosystem reporting sector - Main refinancing operation, Euro - Euro area (changing composition) counterpart",EUR,6
ILM.W.U2.C.A050100.U2.EUR,W,U2,C,A050100,U2,EUR,2022-W29,976,A,F,,,P7D,,E,,,,,,,,,0,,Main refinancing operation - Eurosystem,"Euro area (changing composition), Eurosystem reporting sector - Main refinancing operation, Euro - Euro area (changing composition) counterpart",EUR,6
ILM.W.U2.C.A050100.U2.EUR,W,U2,C,A050100,U2,EUR,2022-W30,1077,A,F,,,P7D,,E,,,,,,,,,0,,Main refinancing operation - Eurosystem,"Euro area (changing composition), Eurosystem reporting sector - Main refinancing operation, Euro - Euro area (changing composition) counterpart",EUR,6
ILM.W.U2.C.A050100.U2.EUR,W,U2,C,A050100,U2,EUR,2022-W31,864,A,F,,,P7D,,E,,,,,,,,,0,,Main refinancing operation - Eurosystem,"Euro area (changing composition), Eurosystem reporting sector - Main refinancing operation, Euro - Euro area (changing composition) counterpart",EUR,6
ILM.W.U2.C.A050100.U2.EUR,W,U2,C,A050100,U2,EUR,2022-W32,907,A,F,,,P7D,,E,,,,,,,,,0,,Main refinancing operation - Eurosystem,"Euro area (changing composition), Eurosystem reporting sector - Main refinancing operation, Euro - Euro area (changing composition) counterpart",EUR,6
ILM.W.U2.C.A050100.U2.EUR,W,U2,C,A050100,U2,EUR,2022-W33,823,A,F,,,P7D,,E,,,,,,,,,0,,Main refinancing operation - Eurosystem,"Euro area (changing composition), Eurosystem reporting sector - Main refinancing operation, Euro - Euro area (changing composition) counterpart",EUR,6
ILM.W.U2.C.A050100.U2.EUR,W,U2,C,A050100,U2,EUR,2022-W34,744,A,F,,,P7D,,E,,,,,,,,,0,,Main refinancing operation - Eurosystem,"Euro area (changing composition), Eurosystem reporting sector - Main refinancing operation, Euro - Euro area (changing composition) counterpart",EUR,6
ILM.W.U2.C.A050100.U2.EUR,W,U2,C,A050100,U2,EUR,2022-W35,3869,A,F,,,P7D,,E,,,,,,,,,0,,Main refinancing operation - Eurosystem,"Euro area (changing composition), Eurosystem reporting sector - Main refinancing operation, Euro - Euro area (changing composition) counterpart",EUR,6
ILM.W.U2.C.A050100.U2.EUR,W,U2,C,A050100,U2,EUR,2022-W36,3680,A,F,,,P7D,,E,,,,,,,,,0,,Main refinancing operation - Eurosystem,"Euro area (changing composition), Eurosystem reporting sector - Main refinancing operation, Euro - Euro area (changing composition) counterpart",EUR,6
ILM.W.U2.C.A050100.U2.EUR,W,U2,C,A050100,U2,EUR,2022-W37,3926,A,F,,,P7D,,E,,,,,,,,,0,,Main refinancing operation - Eurosystem,"Euro area (changing composition), Eurosystem reporting sector - Main refinancing operation, Euro - Euro area (changing composition) counterpart",EUR,6
ILM.W.U2.C.A050100.U2.EUR,W,U2,C,A050100,U2,EUR,2022-W38,3728,A,F,,,P7D,,E,,,,,,,,,0,,Main refinancing operation - Eurosystem,"Euro area (changing composition), Eurosystem reporting sector - Main refinancing operation, Euro - Euro area (changing composition) counterpart",EUR,6
ILM.W.U2.C.A050100.U2.EUR,W,U2,C,A050100,U2,EUR,2022-W39,4486,A,F,,,P7D,,E,,,,,,,,,0,,Main refinancing operation - Eurosystem,"Euro area (changing composition), Eurosystem reporting sector - Main refinancing operation, Euro - Euro area (changing composition) counterpart",EUR,6
ILM.W.U2.C.A050100.U2.EUR,W,U2,C,A050100,U2,EUR,2022-W40,3665,A,F,,,P7D,,E,,,,,,,,,0,,Main refinancing operation - Eurosystem,"Euro area (changing composition), Eurosystem reporting sector - Main refinancing operation, Euro - Euro area (changing composition) counterpart",EUR,6
ILM.W.U2.C.A050100.U2.EUR,W,U2,C,A050100,U2,EUR,2022-W41,3622,A,F,,,P7D,,E,,,,,,,,,0,,Main refinancing operation - Eurosystem,"Euro area (changing composition), Eurosystem reporting sector - Main refinancing operation, Euro - Euro area (changing composition) counterpart",EUR,6
ILM.W.U2.C.A050100.U2.EUR,W,U2,C,A050100,U2,EUR,2022-W42,3640,A,F,,,P7D,,E,,,,,,,,,0,,Main refinancing operation - Eurosystem,"Euro area (changing composition), Eurosystem reporting sector - Main refinancing operation, Euro - Euro area (changing composition) counterpart",EUR,6
ILM.W.U2.C.A050100.U2.EUR,W,U2,C,A050100,U2,EUR,2022-W43,4588,A,F,,,P7D,,E,,,,,,,,,0,,Main refinancing operation - Eurosystem,"Euro area (changing composition), Eurosystem reporting sector - Main refinancing operation, Euro - Euro area (changing composition) counterpart",EUR,6
ILM.W.U2.C.A050100.U2.EUR,W,U2,C,A050100,U2,EUR,2022-W44,3105,A,F,,,P7D,,E,,,,,,,,,0,,Main refinancing operation - Eurosystem,"Euro area (changing composition), Eurosystem reporting sector - Main refinancing operation, Euro - Euro area (changing composition) counterpart",EUR,6
ILM.W.U2.C.A050100.U2.EUR,W,U2,C,A050100,U2,EUR,2022-W45,1545,A,F,,,P7D,,E,,,,,,,,,0,,Main refinancing operation - Eurosystem,"Euro area (changing composition), Eurosystem reporting sector - Main refinancing operation, Euro - Euro area (changing composition) counterpart",EUR,6
ILM.W.U2.C.A050100.U2.EUR,W,U2,C,A050100,U2,EUR,2022-W46,1629,A,F,,,P7D,,E,,,,,,,,,0,,Main refinancing operation - Eurosystem,"Euro area (changing composition), Eurosystem reporting sector - Main refinancing operation, Euro - Euro area (changing composition) counterpart",EUR,6
ILM.W.U2.C.A050100.U2.EUR,W,U2,C,A050100,U2,EUR,2022-W47,1835,A,F,,,P7D,,E,,,,,,,,,0,,Main refinancing operation - Eurosystem,"Euro area (changing composition), Eurosystem reporting sector - Main refinancing operation, Euro - Euro area (changing composition) counterpart",EUR,6
ILM.W.U2.C.A050100.U2.EUR,W,U2,C,A050100,U2,EUR,2022-W48,2627,A,F,,,P7D,,E,,,,,,,,,0,,Main refinancing operation - Eurosystem,"Euro area (changing composition), Eurosystem reporting sector - Main refinancing operation, Euro - Euro area (changing composition) counterpart",EUR,6
ILM.W.U2.C.A050100.U2.EUR,W,U2,C,A050100,U2,EUR,2022-W49,1381,A,F,,,P7D,,E,,,,,,,,,0,,Main refinancing operation - Eurosystem,"Euro area (changing composition), Eurosystem reporting sector - Main refinancing operation, Euro - Euro area (changing composition) counterpart",EUR,6
ILM.W.U2.C.A050100.U2.EUR,W,U2,C,A050100,U2,EUR,2022-W50,1458,A,F,,,P7D,,E,,,,,,,,,0,,Main refinancing operation - Eurosystem,"Euro area (changing composition), Eurosystem reporting sector - Main refinancing operation, Euro - Euro area (changing composition) counterpart",EUR,6
ILM.W.U2.C.A050100.U2.EUR,W,U2,C,A050100,U2,EUR,2022-W51,1278,A,F,,,P7D,,E,,,,,,,,,0,,Main refinancing operation - Eurosystem,"Euro area (changing composition), Eurosystem reporting sector - Main refinancing operation, Euro - Euro area (changing composition) counterpart",EUR,6
ILM.W.U2.C.A050100.U2.EUR,W,U2,C,A050100,U2,EUR,2022-W52,2406,A,F,,,P7D,,E,,,,,,,,,0,,Main refinancing operation - Eurosystem,"Euro area (changing composition), Eurosystem reporting sector - Main refinancing operation, Euro - Euro area (changing composition) counterpart",EUR,6
ILM.W.U2.C.A050100.U2.EUR,W,U2,C,A050100,U2,EUR,2023-W01,1122,A,F,,,P7D,,E,,,,,,,,,0,,Main refinancing operation - Eurosystem,"Euro area (changing composition), Eurosystem reporting sector - Main refinancing operation, Euro - Euro area (changing composition) counterpart",EUR,6
ILM.W.U2.C.A050100.U2.EUR,W,U2,C,A050100,U2,EUR,2023-W02,955,A,F,,,P7D,,E,,,,,,,,,0,,Main refinancing operation - Eurosystem,"Euro area (changing composition), Eurosystem reporting sector - Main refinancing operation, Euro - Euro area (changing composition) counterpart",EUR,6
ILM.W.U2.C.A050100.U2.EUR,W,U2,C,A050100,U2,EUR,2023-W03,849,A,F,,,P7D,,E,,,,,,,,,0,,Main refinancing operation - Eurosystem,"Euro area (changing composition), Eurosystem reporting sector - Main refinancing operation, Euro - Euro area (changing composition) counterpart",EUR,6
ILM.W.U2.C.A050100.U2.EUR,W,U2,C,A050100,U2,EUR,2023-W04,1241,A,F,,,P7D,,E,,,,,,,,,0,,Main refinancing operation - Eurosystem,"Euro area (changing composition), Eurosystem reporting sector - Main refinancing operation, Euro - Euro area (changing composition) counterpart",EUR,6
ILM.W.U2.C.A050100.U2.EUR,W,U2,C,A050100,U2,EUR,2023-W05,784,A,F,,,P7D,,E,,,,,,,,,0,,Main refinancing operation - Eurosystem,"Euro area (changing composition), Eurosystem reporting sector - Main refinancing operation, Euro - Euro area (changing composition) counterpart",EUR,6
ILM.W.U2.C.A050100.U2.EUR,W,U2,C,A050100,U2,EUR,2023-W06,978,A,F,,,P7D,,E,,,,,,,,,0,,Main refinancing operation - Eurosystem,"Euro area (changing composition), Eurosystem reporting sector - Main refinancing operation, Euro - Euro area (changing composition) counterpart",EUR,6
ILM.W.U2.C.A050100.U2.EUR,W,U2,C,A050100,U2,EUR,2023-W07,797,A,F,,,P7D,,E,,,,,,,,,0,,Main refinancing operation - Eurosystem,"Euro area (changing composition), Eurosystem reporting sector - Main refinancing operation, Euro - Euro area (changing composition) counterpart",EUR,6
ILM.W.U2.C.A050100.U2.EUR,W,U2,C,A050100,U2,EUR,2023-W08,1223,A,F,,,P7D,,E,,,,,,,,,0,,Main refinancing operation - Eurosystem,"Euro area (changing composition), Eurosystem reporting sector - Main refinancing operation, Euro - Euro area (changing composition) counterpart",EUR,6
ILM.W.U2.C.A050100.U2.EUR,W,U2,C,A050100,U2,EUR,2023-W09,821,A,F,,,P7D,,E,,,,,,,,,0,,Main refinancing operation - Eurosystem,"Euro area (changing composition), Eurosystem reporting sector - Main refinancing operation, Euro - Euro area (changing composition) counterpart",EUR,6
ILM.W.U2.C.A050100.U2.EUR,W,U2,C,A050100,U2,EUR,2023-W10,851,A,F,,,P7D,,E,,,,,,,,,0,,Main refinancing operation - Eurosystem,"Euro area (changing composition), Eurosystem reporting sector - Main refinancing operation, Euro - Euro area (changing composition) counterpart",EUR,6
ILM.W.U2.C.A050100.U2.EUR,W,U2,C,A050100,U2,EUR,2023-W11,977,A,F,,,P7D,,E,,,,,,,,,0,,Main refinancing operation - Eurosystem,"Euro area (changing composition), Eurosystem reporting sector - Main refinancing operation, Euro - Euro area (changing composition) counterpart",EUR,6
ILM.W.U2.C.A050100.U2.EUR,W,U2,C,A050100,U2,EUR,2023-W12,974,A,F,,,P7D,,E,,,,,,,,,0,,Main refinancing operation - Eurosystem,"Euro area (changing composition), Eurosystem reporting sector - Main refinancing operation, Euro - Euro area (changing composition) counterpart",EUR,6
ILM.W.U2.C.A050100.U2.EUR,W,U2,C,A050100,U2,EUR,2023-W13,1710,A,F,,,P7D,,E,,,,,,,,,0,,Main refinancing operation - Eurosystem,"Euro area (changing composition), Eurosystem reporting sector - Main refinancing operation, Euro - Euro area (changing composition) counterpart",EUR,6
ILM.W.U2.C.A050100.U2.EUR,W,U2,C,A050100,U2,EUR,2023-W14,1167,A,F,,,P7D,,E,,,,,,,,,0,,Main refinancing operation - Eurosystem,"Euro area (changing composition), Eurosystem reporting sector - Main refinancing operation, Euro - Euro area (changing composition) counterpart",EUR,6
ILM.W.U2.C.A050100.U2.EUR,W,U2,C,A050100,U2,EUR,2023-W15,1622,A,F,,,P7D,,E,,,,,,,,,0,,Main refinancing operation - Eurosystem,"Euro area (changing composition), Eurosystem reporting sector - Main refinancing operation, Euro - Euro area (changing composition) counterpart",EUR,6
ILM.W.U2.C.A050100.U2.EUR,W,U2,C,A050100,U2,EUR,2023-W16,1535,A,F,,,P7D,,E,,,,,,,,,0,,Main refinancing operation - Eurosystem,"Euro area (changing composition), Eurosystem reporting sector - Main refinancing operation, Euro - Euro area (changing composition) counterpart",EUR,6
ILM.W.U2.C.A050100.U2.EUR,W,U2,C,A050100,U2,EUR,2023-W17,1933,A,F,,,P7D,,E,,,,,,,,,0,,Main refinancing operation - Eurosystem,"Euro area (changing composition), Eurosystem reporting sector - Main refinancing operation, Euro - Euro area (changing composition) counterpart",EUR,6
ILM.W.U2.C.A050100.U2.EUR,W,U2,C,A050100,U2,EUR,2023-W18,1176,A,F,,,P7D,,E,,,,,,,,,0,,Main refinancing operation - Eurosystem,"Euro area (changing composition), Eurosystem reporting sector - Main refinancing operation, Euro - Euro area (changing composition) counterpart",EUR,6
ILM.W.U2.C.A050100.U2.EUR,W,U2,C,A050100,U2,EUR,2023-W19,1327,A,F,,,P7D,,E,,,,,,,,,0,,Main refinancing operation - Eurosystem,"Euro area (changing composition), Eurosystem reporting sector - Main refinancing operation, Euro - Euro area (changing composition) counterpart",EUR,6
ILM.W.U2.C.A050100.U2.EUR,W,U2,C,A050100,U2,EUR,2023-W20,1410,A,F,,,P7D,,E,,,,,,,,,0,,Main refinancing operation - Eurosystem,"Euro area (changing composition), Eurosystem reporting sector - Main refinancing operation, Euro - Euro area (changing composition) counterpart",EUR,6
ILM.W.U2.C.A050100.U2.EUR,W,U2,C,A050100,U2,EUR,2023-W21,2003,A,F,,,P7D,,E,,,,,,,,,0,,Main refinancing operation - Eurosystem,"Euro area (changing composition), Eurosystem reporting sector - Main refinancing operation, Euro - Euro area (changing composition) counterpart",EUR,6
ILM.W.U2.C.A050100.U2.EUR,W,U2,C,A050100,U2,EUR,2023-W22,2549,A,F,,,P7D,,E,,,,,,,,,0,,Main refinancing operation - Eurosystem,"Euro area (changing composition), Eurosystem reporting sector - Main refinancing operation, Euro - Euro area (changing composition) counterpart",EUR,6
ILM.W.U2.C.A050100.U2.EUR,W,U2,C,A050100,U2,EUR,2023-W23,1326,A,F,,,P7D,,E,,,,,,,,,0,,Main refinancing operation - Eurosystem,"Euro area (changing composition), Eurosystem reporting sector - Main refinancing operation, Euro - Euro area (changing composition) counterpart",EUR,6
ILM.W.U2.C.A050100.U2.EUR,W,U2,C,A050100,U2,EUR,2023-W24,1162,A,F,,,P7D,,E,,,,,,,,,0,,Main refinancing operation - Eurosystem,"Euro area (changing composition), Eurosystem reporting sector - Main refinancing operation, Euro - Euro area (changing composition) counterpart",EUR,6
ILM.W.U2.C.A050100.U2.EUR,W,U2,C,A050100,U2,EUR,2023-W25,1244,A,F,,,P7D,,E,,,,,,,,,0,,Main refinancing operation - Eurosystem,"Euro area (changing composition), Eurosystem reporting sector - Main refinancing operation, Euro - Euro area (changing composition) counterpart",EUR,6
ILM.W.U2.C.A050100.U2.EUR,W,U2,C,A050100,U2,EUR,2023-W26,18559,A,F,,,P7D,,E,,,,,,,,,0,,Main refinancing operation - Eurosystem,"Euro area (changing composition), Eurosystem reporting sector - Main refinancing operation, Euro - Euro area (changing composition) counterpart",EUR,6
ILM.W.U2.C.A050100.U2.EUR,W,U2,C,A050100,U2,EUR,2023-W27,12536,A,F,,,P7D,,E,,,,,,,,,0,,Main refinancing operation - Eurosystem,"Euro area (changing composition), Eurosystem reporting sector - Main refinancing operation, Euro - Euro area (changing composition) counterpart",EUR,6
ILM.W.U2.C.A050100.U2.EUR,W,U2,C,A050100,U2,EUR,2023-W28,11833,A,F,,,P7D,,E,,,,,,,,,0,,Main refinancing operation - Eurosystem,"Euro area (changing composition), Eurosystem reporting sector - Main refinancing operation, Euro - Euro area (changing composition) counterpart",EUR,6
ILM.W.U2.C.A050100.U2.EUR,W,U2,C,A050100,U2,EUR,2023-W29,10025,A,F,,,P7D,,E,,,,,,,,,0,,Main refinancing operation - Eurosystem,"Euro area (changing composition), Eurosystem reporting sector - Main refinancing operation, Euro - Euro area (changing composition) counterpart",EUR,6
ILM.W.U2.C.A050100.U2.EUR,W,U2,C,A050100,U2,EUR,2023-W30,11036,A,F,,,P7D,,E,,,,,,,,,0,,Main refinancing operation - Eurosystem,"Euro area (changing composition), Eurosystem reporting sector - Main refinancing operation, Euro - Euro area (changing composition) counterpart",EUR,6
ILM.W.U2.C.A050100.U2.EUR,W,U2,C,A050100,U2,EUR,2023-W31,7367,A,F,,,P7D,,E,,,,,,,,,0,,Main refinancing operation - Eurosystem,"Euro area (changing composition), Eurosystem reporting sector - Main refinancing operation, Euro - Euro area (changing composition) counterpart",EUR,6
ILM.W.U2.C.A050100.U2.EUR,W,U2,C,A050100,U2,EUR,2023-W32,5691,A,F,,,P7D,,E,,,,,,,,,0,,Main refinancing operation - Eurosystem,"Euro area (changing composition), Eurosystem reporting sector - Main refinancing operation, Euro - Euro area (changing composition) counterpart",EUR,6
ILM.W.U2.C.A050100.U2.EUR,W,U2,C,A050100,U2,EUR,2023-W33,5152,A,F,,,P7D,,E,,,,,,,,,0,,Main refinancing operation - Eurosystem,"Euro area (changing composition), Eurosystem reporting sector - Main refinancing operation, Euro - Euro area (changing composition) counterpart",EUR,6
ILM.W.U2.C.A050100.U2.EUR,W,U2,C,A050100,U2,EUR,2023-W34,5891,A,F,,,P7D,,E,,,,,,,,,0,,Main refinancing operation - Eurosystem,"Euro area (changing composition), Eurosystem reporting sector - Main refinancing operation, Euro - Euro area (changing composition) counterpart",EUR,6
ILM.W.U2.C.A050100.U2.EUR,W,U2,C,A050100,U2,EUR,2023-W35,7036,A,F,,,P7D,,E,,,,,,,,,0,,Main refinancing operation - Eurosystem,"Euro area (changing composition), Eurosystem reporting sector - Main refinancing operation, Euro - Euro area (changing composition) counterpart",EUR,6
ILM.W.U2.C.A050100.U2.EUR,W,U2,C,A050100,U2,EUR,2023-W36,3946,A,F,,,P7D,,E,,,,,,,,,0,,Main refinancing operation - Eurosystem,"Euro area (changing composition), Eurosystem reporting sector - Main refinancing operation, Euro - Euro area (changing composition) counterpart",EUR,6
ILM.W.U2.C.A050100.U2.EUR,W,U2,C,A050100,U2,EUR,2023-W37,3966,A,F,,,P7D,,E,,,,,,,,,0,,Main refinancing operation - Eurosystem,"Euro area (changing composition), Eurosystem reporting sector - Main refinancing operation, Euro - Euro area (changing composition) counterpart",EUR,6
ILM.W.U2.C.A050100.U2.EUR,W,U2,C,A050100,U2,EUR,2023-W38,4033,A,F,,,P7D,,E,,,,,,,,,0,,Main refinancing operation - Eurosystem,"Euro area (changing composition), Eurosystem reporting sector - Main refinancing operation, Euro - Euro area (changing composition) counterpart",EUR,6
ILM.W.U2.C.A050100.U2.EUR,W,U2,C,A050100,U2,EUR,2023-W39,11351,A,F,,,P7D,,E,,,,,,,,,0,,Main refinancing operation - Eurosystem,"Euro area (changing composition), Eurosystem reporting sector - Main refinancing operation, Euro - Euro area (changing composition) counterpart",EUR,6
ILM.W.U2.C.A050100.U2.EUR,W,U2,C,A050100,U2,EUR,2023-W40,7797,A,F,,,P7D,,E,,,,,,,,,0,,Main refinancing operation - Eurosystem,"Euro area (changing composition), Eurosystem reporting sector - Main refinancing operation, Euro - Euro area (changing composition) counterpart",EUR,6
ILM.W.U2.C.A050100.U2.EUR,W,U2,C,A050100,U2,EUR,2023-W41,7498,A,F,,,P7D,,E,,,,,,,,,0,,Main refinancing operation - Eurosystem,"Euro area (changing composition), Eurosystem reporting sector - Main refinancing operation, Euro - Euro area (changing composition) counterpart",EUR,6
ILM.W.U2.C.A050100.U2.EUR,W,U2,C,A050100,U2,EUR,2023-W42,7677,A,F,,,P7D,,E,,,,,,,,,0,,Main refinancing operation - Eurosystem,"Euro area (changing composition), Eurosystem reporting sector - Main refinancing operation, Euro - Euro area (changing composition) counterpart",EUR,6
ILM.W.U2.C.A050100.U2.EUR,W,U2,C,A050100,U2,EUR,2023-W43,10490,A,F,,,P7D,,E,,,,,,,,,0,,Main refinancing operation - Eurosystem,"Euro area (changing composition), Eurosystem reporting sector - Main refinancing operation, Euro - Euro area (changing composition) counterpart",EUR,6
ILM.W.U2.C.A050100.U2.EUR,W,U2,C,A050100,U2,EUR,2023-W44,8127,A,F,,,P7D,,E,,,,,,,,,0,,Main refinancing operation - Eurosystem,"Euro area (changing composition), Eurosystem reporting sector - Main refinancing operation, Euro - Euro area (changing composition) counterpart",EUR,6
ILM.W.U2.C.A050100.U2.EUR,W,U2,C,A050100,U2,EUR,2023-W45,6850,A,F,,,P7D,,E,,,,,,,,,0,,Main refinancing operation - Eurosystem,"Euro area (changing composition), Eurosystem reporting sector - Main refinancing operation, Euro - Euro area (changing composition) counterpart",EUR,6
ILM.W.U2.C.A050100.U2.EUR,W,U2,C,A050100,U2,EUR,2023-W46,7105,A,F,,,P7D,,E,,,,,,,,,0,,Main refinancing operation - Eurosystem,"Euro area (changing composition), Eurosystem reporting sector - Main refinancing operation, Euro - Euro area (changing composition) counterpart",EUR,6
ILM.W.U2.C.A050100.U2.EUR,W,U2,C,A050100,U2,EUR,2023-W47,7335,A,F,,,P7D,,E,,,,,,,,,0,,Main refinancing operation - Eurosystem,"Euro area (changing composition), Eurosystem reporting sector - Main refinancing operation, Euro - Euro area (changing composition) counterpart",EUR,6
ILM.W.U2.C.A050100.U2.EUR,W,U2,C,A050100,U2,EUR,2023-W48,8472,A,F,,,P7D,,E,,,,,,,,,0,,Main refinancing operation - Eurosystem,"Euro area (changing composition), Eurosystem reporting sector - Main refinancing operation, Euro - Euro area (changing composition) counterpart",EUR,6
ILM.W.U2.C.A050100.U2.EUR,W,U2,C,A050100,U2,EUR,2023-W49,6508,A,F,,,P7D,,E,,,,,,,,,0,,Main refinancing operation - Eurosystem,"Euro area (changing composition), Eurosystem reporting sector - Main refinancing operation, Euro - Euro area (changing composition) counterpart",EUR,6
ILM.W.U2.C.A050100.U2.EUR,W,U2,C,A050100,U2,EUR,2023-W50,6478,A,F,,,P7D,,E,,,,,,,,,0,,Main refinancing operation - Eurosystem,"Euro area (changing composition), Eurosystem reporting sector - Main refinancing operation, Euro - Euro area (changing composition) counterpart",EUR,6
ILM.W.U2.C.A050100.U2.EUR,W,U2,C,A050100,U2,EUR,2023-W51,8391,A,F,,,P7D,,E,,,,,,,,,0,,Main refinancing operation - Eurosystem,"Euro area (changing composition), Eurosystem reporting sector - Main refinancing operation, Euro - Euro area (changing composition) counterpart",EUR,6
ILM.W.U2.C.A050100.U2.EUR,W,U2,C,A050100,U2,EUR,2023-W52,14085,A,F,,,P7D,,E,,,,,,,,,0,,Main refinancing operation - Eurosystem,"Euro area (changing composition), Eurosystem reporting sector - Main refinancing operation, Euro - Euro area (changing composition) counterpart",EUR,6
ILM.W.U2.C.A050100.U2.EUR,W,U2,C,A050100,U2,EUR,2024-W01,7375,A,F,,,P7D,,E,,,,,,,,,0,,Main refinancing operation - Eurosystem,"Euro area (changing composition), Eurosystem reporting sector - Main refinancing operation, Euro - Euro area (changing composition) counterpart",EUR,6
ILM.W.U2.C.A050100.U2.EUR,W,U2,C,A050100,U2,EUR,2024-W02,5960,A,F,,,P7D,,E,,,,,,,,,0,,Main refinancing operation - Eurosystem,"Euro area (changing composition), Eurosystem reporting sector - Main refinancing operation, Euro - Euro area (changing composition) counterpart",EUR,6
ILM.W.U2.C.A050100.U2.EUR,W,U2,C,A050100,U2,EUR,2024-W03,5864,A,F,,,P7D,,E,,,,,,,,,0,,Main refinancing operation - Eurosystem,"Euro area (changing composition), Eurosystem reporting sector - Main refinancing operation, Euro - Euro area (changing composition) counterpart",EUR,6
ILM.W.U2.C.A050100.U2.EUR,W,U2,C,A050100,U2,EUR,2024-W04,5649,A,F,,,P7D,,E,,,,,,,,,0,,Main refinancing operation - Eurosystem,"Euro area (changing composition), Eurosystem reporting sector - Main refinancing operation, Euro - Euro area (changing composition) counterpart",EUR,6
ILM.W.U2.C.A050100.U2.EUR,W,U2,C,A050100,U2,EUR,2024-W05,6377,A,F,,,P7D,,E,,,,,,,,,0,,Main refinancing operation - Eurosystem,"Euro area (changing composition), Eurosystem reporting sector - Main refinancing operation, Euro - Euro area (changing composition) counterpart",EUR,6
ILM.W.U2.C.A050100.U2.EUR,W,U2,C,A050100,U2,EUR,2024-W06,4740,A,F,,,P7D,,E,,,,,,,,,0,,Main refinancing operation - Eurosystem,"Euro area (changing composition), Eurosystem reporting sector - Main refinancing operation, Euro - Euro area (changing composition) counterpart",EUR,6
ILM.W.U2.C.A050100.U2.EUR,W,U2,C,A050100,U2,EUR,2024-W07,4310,A,F,,,P7D,,E,,,,,,,,,0,,Main refinancing operation - Eurosystem,"Euro area (changing composition), Eurosystem reporting sector - Main refinancing operation, Euro - Euro area (changing composition) counterpart",EUR,6
ILM.W.U2.C.A050100.U2.EUR,W,U2,C,A050100,U2,EUR,2024-W08,4509,A,F,,,P7D,,E,,,,,,,,,0,,Main refinancing operation - Eurosystem,"Euro area (changing composition), Eurosystem reporting sector - Main refinancing operation, Euro - Euro area (changing composition) counterpart",EUR,6
ILM.W.U2.C.A050100.U2.EUR,W,U2,C,A050100,U2,EUR,2024-W09,5344,A,F,,,P7D,,E,,,,,,,,,0,,Main refinancing operation - Eurosystem,"Euro area (changing composition), Eurosystem reporting sector - Main refinancing operation, Euro - Euro area (changing composition) counterpart",EUR,6
ILM.W.U2.C.A050100.U2.EUR,W,U2,C,A050100,U2,EUR,2024-W10,3571,A,F,,,P7D,,E,,,,,,,,,0,,Main refinancing operation - Eurosystem,"Euro area (changing composition), Eurosystem reporting sector - Main refinancing operation, Euro - Euro area (changing composition) counterpart",EUR,6
ILM.W.U2.C.A050100.U2.EUR,W,U2,C,A050100,U2,EUR,2024-W11,2375,A,F,,,P7D,,E,,,,,,,,,0,,Main refinancing operation - Eurosystem,"Euro area (changing composition), Eurosystem reporting sector - Main refinancing operation, Euro - Euro area (changing composition) counterpart",EUR,6
ILM.W.U2.C.A050100.U2.EUR,W,U2,C,A050100,U2,EUR,2024-W12,2004,A,F,,,P7D,,E,,,,,,,,,0,,Main refinancing operation - Eurosystem,"Euro area (changing composition), Eurosystem reporting sector - Main refinancing operation, Euro - Euro area (changing composition) counterpart",EUR,6
ILM.W.U2.C.A050100.U2.EUR,W,U2,C,A050100,U2,EUR,2024-W13,5912,A,F,,,P7D,,E,,,,,,,,,0,,Main refinancing operation - Eurosystem,"Euro area (changing composition), Eurosystem reporting sector - Main refinancing operation, Euro - Euro area (changing composition) counterpart",EUR,6
ILM.W.U2.C.A050100.U2.EUR,W,U2,C,A050100,U2,EUR,2024-W14,2195,A,F,,,P7D,,E,,,,,,,,,0,,Main refinancing operation - Eurosystem,"Euro area (changing composition), Eurosystem reporting sector - Main refinancing operation, Euro - Euro area (changing composition) counterpart",EUR,6
ILM.W.U2.C.A050100.U2.EUR,W,U2,C,A050100,U2,EUR,2024-W15,1382,A,F,,,P7D,,E,,,,,,,,,0,,Main refinancing operation - Eurosystem,"Euro area (changing composition), Eurosystem reporting sector - Main refinancing operation, Euro - Euro area (changing composition) counterpart",EUR,6
ILM.W.U2.C.A050100.U2.EUR,W,U2,C,A050100,U2,EUR,2024-W16,1577,A,F,,,P7D,,E,,,,,,,,,0,,Main refinancing operation - Eurosystem,"Euro area (changing composition), Eurosystem reporting sector - Main refinancing operation, Euro - Euro area (changing composition) counterpart",EUR,6
ILM.W.U2.C.A050100.U2.EUR,W,U2,C,A050100,U2,EUR,2024-W17,4455,A,F,,,P7D,,E,,,,,,,,,0,,Main refinancing operation - Eurosystem,"Euro area (changing composition), Eurosystem reporting sector - Main refinancing operation, Euro - Euro area (changing composition) counterpart",EUR,6
ILM.W.U2.C.A050100.U2.EUR,W,U2,C,A050100,U2,EUR,2024-W18,1953,A,F,,,P7D,,E,,,,,,,,,0,,Main refinancing operation - Eurosystem,"Euro area (changing composition), Eurosystem reporting sector - Main refinancing operation, Euro - Euro area (changing composition) counterpart",EUR,6
ILM.W.U2.C.A050100.U2.EUR,W,U2,C,A050100,U2,EUR,2024-W19,1694,A,F,,,P7D,,E,,,,,,,,,0,,Main refinancing operation - Eurosystem,"Euro area (changing composition), Eurosystem reporting sector - Main refinancing operation, Euro - Euro area (changing composition) counterpart",EUR,6
ILM.W.U2.C.A050100.U2.EUR,W,U2,C,A050100,U2,EUR,2024-W20,1207,A,F,,,P7D,,E,,,,,,,,,0,,Main refinancing operation - Eurosystem,"Euro area (changing composition), Eurosystem reporting sector - Main refinancing operation, Euro - Euro area (changing composition) counterpart",EUR,6
ILM.W.U2.C.A050100.U2.EUR,W,U2,C,A050100,U2,EUR,2024-W21,1327,A,F,,,P7D,,E,,,,,,,,,0,,Main refinancing operation - Eurosystem,"Euro area (changing composition), Eurosystem reporting sector - Main refinancing operation, Euro - Euro area (changing composition) counterpart",EUR,6
ILM.W.U2.C.A050100.U2.EUR,W,U2,C,A050100,U2,EUR,2024-W22,4902,A,F,,,P7D,,E,,,,,,,,,0,,Main refinancing operation - Eurosystem,"Euro area (changing composition), Eurosystem reporting sector - Main refinancing operation, Euro - Euro area (changing composition) counterpart",EUR,6
ILM.W.U2.C.A050100.U2.EUR,W,U2,C,A050100,U2,EUR,2024-W23,2327,A,F,,,P7D,,E,,,,,,,,,0,,Main refinancing operation - Eurosystem,"Euro area (changing composition), Eurosystem reporting sector - Main refinancing operation, Euro - Euro area (changing composition) counterpart",EUR,6
ILM.W.U2.C.A050100.U2.EUR,W,U2,C,A050100,U2,EUR,2024-W24,2178,A,F,,,P7D,,E,,,,,,,,,0,,Main refinancing operation - Eurosystem,"Euro area (changing composition), Eurosystem reporting sector - Main refinancing operation, Euro - Euro area (changing composition) counterpart",EUR,6
ILM.W.U2.C.A050100.U2.EUR,W,U2,C,A050100,U2,EUR,2024-W25,4258,A,F,,,P7D,,E,,,,,,,,,0,,Main refinancing operation - Eurosystem,"Euro area (changing composition), Eurosystem reporting sector - Main refinancing operation, Euro - Euro area (changing composition) counterpart",EUR,6
ILM.W.U2.C.A050100.U2.EUR,W,U2,C,A050100,U2,EUR,2024-W26,11078,A,F,,,P7D,,E,,,,,,,,,0,,Main refinancing operation - Eurosystem,"Euro area (changing composition), Eurosystem reporting sector - Main refinancing operation, Euro - Euro area (changing composition) counterpart",EUR,6
ILM.W.U2.C.A050100.U2.EUR,W,U2,C,A050100,U2,EUR,2024-W27,6704,A,F,,,P7D,,E,,,,,,,,,0,,Main refinancing operation - Eurosystem,"Euro area (changing composition), Eurosystem reporting sector - Main refinancing operation, Euro - Euro area (changing composition) counterpart",EUR,6
ILM.W.U2.C.A050100.U2.EUR,W,U2,C,A050100,U2,EUR,2024-W28,5334,A,F,,,P7D,,E,,,,,,,,,0,,Main refinancing operation - Eurosystem,"Euro area (changing composition), Eurosystem reporting sector - Main refinancing operation, Euro - Euro area (changing composition) counterpart",EUR,6
ILM.W.U2.C.A050100.U2.EUR,W,U2,C,A050100,U2,EUR,2024-W29,4687,A,F,,,P7D,,E,,,,,,,,,0,,Main refinancing operation - Eurosystem,"Euro area (changing composition), Eurosystem reporting sector - Main refinancing operation, Euro - Euro area (changing composition) counterpart",EUR,6
ILM.W.U2.C.A050100.U2.EUR,W,U2,C,A050100,U2,EUR,2024-W30,4392,A,F,,,P7D,,E,,,,,,,,,0,,Main refinancing operation - Eurosystem,"Euro area (changing composition), Eurosystem reporting sector - Main refinancing operation, Euro - Euro area (changing composition) counterpart",EUR,6
ILM.W.U2.C.A050100.U2.EUR,W,U2,C,A050100,U2,EUR,2024-W31,5475,A,F,,,P7D,,E,,,,,,,,,0,,Main refinancing operation - Eurosystem,"Euro area (changing composition), Eurosystem reporting sector - Main refinancing operation, Euro - Euro area (changing composition) counterpart",EUR,6
ILM.W.U2.C.A050100.U2.EUR,W,U2,C,A050100,U2,EUR,2024-W32,1762,A,F,,,P7D,,E,,,,,,,,,0,,Main refinancing operation - Eurosystem,"Euro area (changing composition), Eurosystem reporting sector - Main refinancing operation, Euro - Euro area (changing composition) counterpart",EUR,6
ILM.W.U2.C.A050100.U2.EUR,W,U2,C,A050100,U2,EUR,2024-W33,1866,A,F,,,P7D,,E,,,,,,,,,0,,Main refinancing operation - Eurosystem,"Euro area (changing composition), Eurosystem reporting sector - Main refinancing operation, Euro - Euro area (changing composition) counterpart",EUR,6
ILM.W.U2.C.A050100.U2.EUR,W,U2,C,A050100,U2,EUR,2024-W34,2868,A,F,,,P7D,,E,,,,,,,,,0,,Main refinancing operation - Eurosystem,"Euro area (changing composition), Eurosystem reporting sector - Main refinancing operation, Euro - Euro area (changing composition) counterpart",EUR,6
ILM.W.U2.C.A050100.U2.EUR,W,U2,C,A050100,U2,EUR,2024-W35,4016,A,F,,,P7D,,E,,,,,,,,,0,,Main refinancing operation - Eurosystem,"Euro area (changing composition), Eurosystem reporting sector - Main refinancing operation, Euro - Euro area (changing composition) counterpart",EUR,6
ILM.W.U2.C.A050100.U2.EUR,W,U2,C,A050100,U2,EUR,2024-W36,1829,A,F,,,P7D,,E,,,,,,,,,0,,Main refinancing operation - Eurosystem,"Euro area (changing composition), Eurosystem reporting sector - Main refinancing operation, Euro - Euro area (changing composition) counterpart",EUR,6
ILM.W.U2.C.A050100.U2.EUR,W,U2,C,A050100,U2,EUR,2024-W37,2053,A,F,,,P7D,,E,,,,,,,,,0,,Main refinancing operation - Eurosystem,"Euro area (changing composition), Eurosystem reporting sector - Main refinancing operation, Euro - Euro area (changing composition) counterpart",EUR,6
ILM.W.U2.C.A050100.U2.EUR,W,U2,C,A050100,U2,EUR,2024-W38,1935,A,F,,,P7D,,E,,,,,,,,,0,,Main refinancing operation - Eurosystem,"Euro area (changing composition), Eurosystem reporting sector - Main refinancing operation, Euro - Euro area (changing composition) counterpart",EUR,6
ILM.W.U2.C.A050100.U2.EUR,W,U2,C,A050100,U2,EUR,2024-W39,12448,A,F,,,P7D,,E,,,,,,,,,0,,Main refinancing operation - Eurosystem,"Euro area (changing composition), Eurosystem reporting sector - Main refinancing operation, Euro - Euro area (changing composition) counterpart",EUR,6
ILM.W.U2.C.A050100.U2.EUR,W,U2,C,A050100,U2,EUR,2024-W40,8146,A,F,,,P7D,,E,,,,,,,,,0,,Main refinancing operation - Eurosystem,"Euro area (changing composition), Eurosystem reporting sector - Main refinancing operation, Euro - Euro area (changing composition) counterpart",EUR,6
ILM.W.U2.C.A050100.U2.EUR,W,U2,C,A050100,U2,EUR,2024-W41,6840,A,F,,,P7D,,E,,,,,,,,,0,,Main refinancing operation - Eurosystem,"Euro area (changing composition), Eurosystem reporting sector - Main refinancing operation, Euro - Euro area (changing composition) counterpart",EUR,6
ILM.W.U2.C.A050100.U2.EUR,W,U2,C,A050100,U2,EUR,2024-W42,9563,A,F,,,P7D,,E,,,,,,,,,0,,Main refinancing operation - Eurosystem,"Euro area (changing composition), Eurosystem reporting sector - Main refinancing operation, Euro - Euro area (changing composition) counterpart",EUR,6
ILM.W.U2.C.A050100.U2.EUR,W,U2,C,A050100,U2,EUR,2024-W43,9957,A,F,,,P7D,,E,,,,,,,,,0,,Main refinancing operation - Eurosystem,"Euro area (changing composition), Eurosystem reporting sector - Main refinancing operation, Euro - Euro area (changing composition) counterpart",EUR,6
ILM.W.U2.C.A050100.U2.EUR,W,U2,C,A050100,U2,EUR,2024-W44,11417,A,F,,,P7D,,E,,,,,,,,,0,,Main refinancing operation - Eurosystem,"Euro area (changing composition), Eurosystem reporting sector - Main refinancing operation, Euro - Euro area (changing composition) counterpart",EUR,6
ILM.W.U2.C.A050100.U2.EUR,W,U2,C,A050100,U2,EUR,2024-W45,9886,A,F,,,P7D,,E,,,,,,,,,0,,Main refinancing operation - Eurosystem,"Euro area (changing composition), Eurosystem reporting sector - Main refinancing operation, Euro - Euro area (changing composition) counterpart",EUR,6
ILM.W.U2.C.A050100.U2.EUR,W,U2,C,A050100,U2,EUR,2024-W46,9188,A,F,,,P7D,,E,,,,,,,,,0,,Main refinancing operation - Eurosystem,"Euro area (changing composition), Eurosystem reporting sector - Main refinancing operation, Euro - Euro area (changing composition) counterpart",EUR,6
ILM.W.U2.C.A050100.U2.EUR,W,U2,C,A050100,U2,EUR,2024-W47,10383,A,F,,,P7D,,E,,,,,,,,,0,,Main refinancing operation - Eurosystem,"Euro area (changing composition), Eurosystem reporting sector - Main refinancing operation, Euro - Euro area (changing composition) counterpart",EUR,6
ILM.W.U2.C.A050100.U2.EUR,W,U2,C,A050100,U2,EUR,2024-W48,10444,A,F,,,P7D,,E,,,,,,,,,0,,Main refinancing operation - Eurosystem,"Euro area (changing composition), Eurosystem reporting sector - Main refinancing operation, Euro - Euro area (changing composition) counterpart",EUR,6
ILM.W.U2.C.A050100.U2.EUR,W,U2,C,A050100,U2,EUR,2024-W49,6663,A,F,,,P7D,,E,,,,,,,,,0,,Main refinancing operation - Eurosystem,"Euro area (changing composition), Eurosystem reporting sector - Main refinancing operation, Euro - Euro area (changing composition) counterpart",EUR,6
ILM.W.U2.C.A050100.U2.EUR,W,U2,C,A050100,U2,EUR,2024-W50,4872,A,F,,,P7D,,E,,,,,,,,,0,,Main refinancing operation - Eurosystem,"Euro area (changing composition), Eurosystem reporting sector - Main refinancing operation, Euro - Euro area (changing composition) counterpart",EUR,6
ILM.W.U2.C.A050100.U2.EUR,W,U2,C,A050100,U2,EUR,2024-W51,7952,A,F,,,P7D,,E,,,,,,,,,0,,Main refinancing operation - Eurosystem,"Euro area (changing composition), Eurosystem reporting sector - Main refinancing operation, Euro - Euro area (changing composition) counterpart",EUR,6
ILM.W.U2.C.A050100.U2.EUR,W,U2,C,A050100,U2,EUR,2024-W52,8880,A,F,,,P7D,,E,,,,,,,,,0,,Main refinancing operation - Eurosystem,"Euro area (changing composition), Eurosystem reporting sector - Main refinancing operation, Euro - Euro area (changing composition) counterpart",EUR,6
ILM.W.U2.C.A050100.U2.EUR,W,U2,C,A050100,U2,EUR,2025-W01,16979,A,F,,,P7D,,E,,,,,,,,,0,,Main refinancing operation - Eurosystem,"Euro area (changing composition), Eurosystem reporting sector - Main refinancing operation, Euro - Euro area (changing composition) counterpart",EUR,6
ILM.W.U2.C.A050100.U2.EUR,W,U2,C,A050100,U2,EUR,2025-W02,9984,A,F,,,P7D,,E,,,,,,,,,0,,Main refinancing operation - Eurosystem,"Euro area (changing composition), Eurosystem reporting sector - Main refinancing operation, Euro - Euro area (changing composition) counterpart",EUR,6
ILM.W.U2.C.A050100.U2.EUR,W,U2,C,A050100,U2,EUR,2025-W03,8039,A,F,,,P7D,,E,,,,,,,,,0,,Main refinancing operation - Eurosystem,"Euro area (changing composition), Eurosystem reporting sector - Main refinancing operation, Euro - Euro area (changing composition) counterpart",EUR,6
ILM.W.U2.C.A050100.U2.EUR,W,U2,C,A050100,U2,EUR,2025-W04,9096,A,F,,,P7D,,E,,,,,,,,,0,,Main refinancing operation - Eurosystem,"Euro area (changing composition), Eurosystem reporting sector - Main refinancing operation, Euro - Euro area (changing composition) counterpart",EUR,6
ILM.W.U2.C.A050100.U2.EUR,W,U2,C,A050100,U2,EUR,2025-W05,11859,A,F,,,P7D,,E,,,,,,,,,0,,Main refinancing operation - Eurosystem,"Euro area (changing composition), Eurosystem reporting sector - Main refinancing operation, Euro - Euro area (changing composition) counterpart",EUR,6
ILM.W.U2.C.A050100.U2.EUR,W,U2,C,A050100,U2,EUR,2025-W06,6950,A,F,,,P7D,,E,,,,,,,,,0,,Main refinancing operation - Eurosystem,"Euro area (changing composition), Eurosystem reporting sector - Main refinancing operation, Euro - Euro area (changing composition) counterpart",EUR,6
ILM.W.U2.C.A050100.U2.EUR,W,U2,C,A050100,U2,EUR,2025-W07,6174,A,,,,P7D,,E,,,,,,,,,0,,Main refinancing operation - Eurosystem,"Euro area (changing composition), Eurosystem reporting sector - Main refinancing operation, Euro - Euro area (changing composition) counterpart",EUR,6
ILM.W.U2.C.A050100.U2.EUR,W,U2,C,A050100,U2,EUR,2025-W08,8720,A,F,,,P7D,,E,,,,,,,,,0,,Main refinancing operation - Eurosystem,"Euro area (changing composition), Eurosystem reporting sector - Main refinancing operation, Euro - Euro area (changing composition) counterpart",EUR,6
ILM.W.U2.C.A050100.U2.EUR,W,U2,C,A050100,U2,EUR,2025-W09,12421,A,F,,,P7D,,E,,,,,,,,,0,,Main refinancing operation - Eurosystem,"Euro area (changing composition), Eurosystem reporting sector - Main refinancing operation, Euro - Euro area (changing composition) counterpart",EUR,6
ILM.W.U2.C.A050100.U2.EUR,W,U2,C,A050100,U2,EUR,2025-W10,7935,A,F,,,P7D,,E,,,,,,,,,0,,Main refinancing operation - Eurosystem,"Euro area (changing composition), Eurosystem reporting sector - Main refinancing operation, Euro - Euro area (changing composition) counterpart",EUR,6
ILM.W.U2.C.A050100.U2.EUR,W,U2,C,A050100,U2,EUR,2025-W11,6613,A,F,,,P7D,,E,,,,,,,,,0,,Main refinancing operation - Eurosystem,"Euro area (changing composition), Eurosystem reporting sector - Main refinancing operation, Euro - Euro area (changing composition) counterpart",EUR,6
ILM.W.U2.C.A050100.U2.EUR,W,U2,C,A050100,U2,EUR,2025-W12,8437,A,F,,,P7D,,E,,,,,,,,,0,,Main refinancing operation - Eurosystem,"Euro area (changing composition), Eurosystem reporting sector - Main refinancing operation, Euro - Euro area (changing composition) counterpart",EUR,6
ILM.W.U2.C.A050100.U2.EUR,W,U2,C,A050100,U2,EUR,2025-W13,14036,A,F,,,P7D,,E,,,,,,,,,0,,Main refinancing operation - Eurosystem,"Euro area (changing composition), Eurosystem reporting sector - Main refinancing operation, Euro - Euro area (changing composition) counterpart",EUR,6
ILM.W.U2.C.A050100.U2.EUR,W,U2,C,A050100,U2,EUR,2025-W14,9988,A,F,,,P7D,,E,,,,,,,,,0,,Main refinancing operation - Eurosystem,"Euro area (changing composition), Eurosystem reporting sector - Main refinancing operation, Euro - Euro area (changing composition) counterpart",EUR,6
ILM.W.U2.C.A050100.U2.EUR,W,U2,C,A050100,U2,EUR,2025-W15,8847,A,F,,,P7D,,E,,,,,,,,,0,,Main refinancing operation - Eurosystem,"Euro area (changing composition), Eurosystem reporting sector - Main refinancing operation, Euro - Euro area (changing composition) counterpart",EUR,6
ILM.W.U2.C.A050100.U2.EUR,W,U2,C,A050100,U2,EUR,2025-W16,11937,A,F,,,P7D,,E,,,,,,,,,0,,Main refinancing operation - Eurosystem,"Euro area (changing composition), Eurosystem reporting sector - Main refinancing operation, Euro - Euro area (changing composition) counterpart",EUR,6
ILM.W.U2.C.A050100.U2.EUR,W,U2,C,A050100,U2,EUR,2025-W17,14204,A,F,,,P7D,,E,,,,,,,,,0,,Main refinancing operation - Eurosystem,"Euro area (changing composition), Eurosystem reporting sector - Main refinancing operation, Euro - Euro area (changing composition) counterpart",EUR,6
ILM.W.U2.C.A050100.U2.EUR,W,U2,C,A050100,U2,EUR,2025-W18,15609,A,F,,,P7D,,E,,,,,,,,,0,,Main refinancing operation - Eurosystem,"Euro area (changing composition), Eurosystem reporting sector - Main refinancing operation, Euro - Euro area (changing composition) counterpart",EUR,6
ILM.W.U2.C.A050100.U2.EUR,W,U2,C,A050100,U2,EUR,2025-W19,10640,A,F,,,P7D,,E,,,,,,,,,0,,Main refinancing operation - Eurosystem,"Euro area (changing composition), Eurosystem reporting sector - Main refinancing operation, Euro - Euro area (changing composition) counterpart",EUR,6
ILM.W.U2.C.A050100.U2.EUR,W,U2,C,A050100,U2,EUR,2025-W20,9858,A,F,,,P7D,,E,,,,,,,,,0,,Main refinancing operation - Eurosystem,"Euro area (changing composition), Eurosystem reporting sector - Main refinancing operation, Euro - Euro area (changing composition) counterpart",EUR,6
ILM.W.U2.C.A050100.U2.EUR,W,U2,C,A050100,U2,EUR,2025-W21,10563,A,F,,,P7D,,E,,,,,,,,,0,,Main refinancing operation - Eurosystem,"Euro area (changing composition), Eurosystem reporting sector - Main refinancing operation, Euro - Euro area (changing composition) counterpart",EUR,6
ILM.W.U2.C.A050100.U2.EUR,W,U2,C,A050100,U2,EUR,2025-W22,10690,A,F,,,P7D,,E,,,,,,,,,0,,Main refinancing operation - Eurosystem,"Euro area (changing composition), Eurosystem reporting sector - Main refinancing operation, Euro - Euro area (changing composition) counterpart",EUR,6
ILM.W.U2.C.A050100.U2.EUR,W,U2,C,A050100,U2,EUR,2025-W23,7444,A,F,,,P7D,,E,,,,,,,,,0,,Main refinancing operation - Eurosystem,"Euro area (changing composition), Eurosystem reporting sector - Main refinancing operation, Euro - Euro area (changing composition) counterpart",EUR,6
ILM.W.U2.C.A050100.U2.EUR,W,U2,C,A050100,U2,EUR,2025-W24,6197,A,F,,,P7D,,E,,,,,,,,,0,,Main refinancing operation - Eurosystem,"Euro area (changing composition), Eurosystem reporting sector - Main refinancing operation, Euro - Euro area (changing composition) counterpart",EUR,6
ILM.W.U2.C.A050100.U2.EUR,W,U2,C,A050100,U2,EUR,2025-W25,8628,A,F,,,P7D,,E,,,,,,,,,0,,Main refinancing operation - Eurosystem,"Euro area (changing composition), Eurosystem reporting sector - Main refinancing operation, Euro - Euro area (changing composition) counterpart",EUR,6
ILM.W.U2.C.A050100.U2.EUR,W,U2,C,A050100,U2,EUR,2025-W26,13075,A,F,,,P7D,,E,,,,,,,,,0,,Main refinancing operation - Eurosystem,"Euro area (changing composition), Eurosystem reporting sector - Main refinancing operation, Euro - Euro area (changing composition) counterpart",EUR,6
ILM.W.U2.C.A050100.U2.EUR,W,U2,C,A050100,U2,EUR,2025-W27,7957,A,F,,,P7D,,E,,,,,,,,,0,,Main refinancing operation - Eurosystem,"Euro area (changing composition), Eurosystem reporting sector - Main refinancing operation, Euro - Euro area (changing composition) counterpart",EUR,6
ILM.W.U2.C.A050100.U2.EUR,W,U2,C,A050100,U2,EUR,2025-W28,6578,A,F,,,P7D,,E,,,,,,,,,0,,Main refinancing operation - Eurosystem,"Euro area (changing composition), Eurosystem reporting sector - Main refinancing operation, Euro - Euro area (changing composition) counterpart",EUR,6
ILM.W.U2.C.A050100.U2.EUR,W,U2,C,A050100,U2,EUR,2025-W29,7164,A,F,,,P7D,,E,,,,,,,,,0,,Main refinancing operation - Eurosystem,"Euro area (changing composition), Eurosystem reporting sector - Main refinancing operation, Euro - Euro area (changing composition) counterpart",EUR,6
ILM.W.U2.C.A050100.U2.EUR,W,U2,C,A050100,U2,EUR,2025-W30,6814,A,F,,,P7D,,E,,,,,,,,,0,,Main refinancing operation - Eurosystem,"Euro area (changing composition), Eurosystem reporting sector - Main refinancing operation, Euro - Euro area (changing composition) counterpart",EUR,6
ILM.W.U2.C.A050100.U2.EUR,W,U2,C,A050100,U2,EUR,2025-W31,10199,A,F,,,P7D,,E,,,,,,,,,0,,Main refinancing operation - Eurosystem,"Euro area (changing composition), Eurosystem reporting sector - Main refinancing operation, Euro - Euro area (changing composition) counterpart",EUR,6
ILM.W.U2.C.A050100.U2.EUR,W,U2,C,A050100,U2,EUR,2025-W32,6458,A,F,,,P7D,,E,,,,,,,,,0,,Main refinancing operation - Eurosystem,"Euro area (changing composition), Eurosystem reporting sector - Main refinancing operation, Euro - Euro area (changing composition) counterpart",EUR,6
ILM.W.U2.C.A050100.U2.EUR,W,U2,C,A050100,U2,EUR,2025-W33,6520,A,F,,,P7D,,E,,,,,,,,,0,,Main refinancing operation - Eurosystem,"Euro area (changing composition), Eurosystem reporting sector - Main refinancing operation, Euro - Euro area (changing composition) counterpart",EUR,6
ILM.W.U2.C.A050100.U2.EUR,W,U2,C,A050100,U2,EUR,2025-W34,7845,A,F,,,P7D,,E,,,,,,,,,0,,Main refinancing operation - Eurosystem,"Euro area (changing composition), Eurosystem reporting sector - Main refinancing operation, Euro - Euro area (changing composition) counterpart",EUR,6
ILM.W.U2.C.A050100.U2.EUR,W,U2,C,A050100,U2,EUR,2025-W35,10115,A,F,,,P7D,,E,,,,,,,,,0,,Main refinancing operation - Eurosystem,"Euro area (changing composition), Eurosystem reporting sector - Main refinancing operation, Euro - Euro area (changing composition) counterpart",EUR,6
ILM.W.U2.C.A050100.U2.EUR,W,U2,C,A050100,U2,EUR,2025-W36,7288,A,F,,,P7D,,E,,,,,,,,,0,,Main refinancing operation - Eurosystem,"Euro area (changing composition), Eurosystem reporting sector - Main refinancing operation, Euro - Euro area (changing composition) counterpart",EUR,6
ILM.W.U2.C.A050100.U2.EUR,W,U2,C,A050100,U2,EUR,2025-W37,7441,A,F,,,P7D,,E,,,,,,,,,0,,Main refinancing operation - Eurosystem,"Euro area (changing composition), Eurosystem reporting sector - Main refinancing operation, Euro - Euro area (changing composition) counterpart",EUR,6
ILM.W.U2.C.A050100.U2.EUR,W,U2,C,A050100,U2,EUR,2025-W38,8072,A,F,,,P7D,,E,,,,,,,,,0,,Main refinancing operation - Eurosystem,"Euro area (changing composition), Eurosystem reporting sector - Main refinancing operation, Euro - Euro area (changing composition) counterpart",EUR,6
ILM.W.U2.C.A050100.U2.EUR,W,U2,C,A050100,U2,EUR,2025-W39,12116,A,F,,,P7D,,E,,,,,,,,,0,,Main refinancing operation - Eurosystem,"Euro area (changing composition), Eurosystem reporting sector - Main refinancing operation, Euro - Euro area (changing composition) counterpart",EUR,6
ILM.W.U2.C.A050100.U2.EUR,W,U2,C,A050100,U2,EUR,2025-W40,8844,A,F,,,P7D,,E,,,,,,,,,0,,Main refinancing operation - Eurosystem,"Euro area (changing composition), Eurosystem reporting sector - Main refinancing operation, Euro - Euro area (changing composition) counterpart",EUR,6
ILM.W.U2.C.A050100.U2.EUR,W,U2,C,A050100,U2,EUR,2025-W41,8464,A,F,,,P7D,,E,,,,,,,,,0,,Main refinancing operation - Eurosystem,"Euro area (changing composition), Eurosystem reporting sector - Main refinancing operation, Euro - Euro area (changing composition) counterpart",EUR,6
ILM.W.U2.C.A050100.U2.EUR,W,U2,C,A050100,U2,EUR,2025-W42,8178,A,F,,,P7D,,E,,,,,,,,,0,,Main refinancing operation - Eurosystem,"Euro area (changing composition), Eurosystem reporting sector - Main refinancing operation, Euro - Euro area (changing composition) counterpart",EUR,6
ILM.W.U2.C.A050100.U2.EUR,W,U2,C,A050100,U2,EUR,2025-W43,11056,A,F,,,P7D,,E,,,,,,,,,0,,Main refinancing operation - Eurosystem,"Euro area (changing composition), Eurosystem reporting sector - Main refinancing operation, Euro - Euro area (changing composition) counterpart",EUR,6
ILM.W.U2.C.A050100.U2.EUR,W,U2,C,A050100,U2,EUR,2025-W44,13516,A,F,,,P7D,,E,,,,,,,,,0,,Main refinancing operation - Eurosystem,"Euro area (changing composition), Eurosystem reporting sector - Main refinancing operation, Euro - Euro area (changing composition) counterpart",EUR,6
ILM.W.U2.C.A050100.U2.EUR,W,U2,C,A050100,U2,EUR,2025-W45,10554,A,F,,,P7D,,E,,,,,,,,,0,,Main refinancing operation - Eurosystem,"Euro area (changing composition), Eurosystem reporting sector - Main refinancing operation, Euro - Euro area (changing composition) counterpart",EUR,6
ILM.W.U2.C.A050100.U2.EUR,W,U2,C,A050100,U2,EUR,2025-W46,9848,A,F,,,P7D,,E,,,,,,,,,0,,Main refinancing operation - Eurosystem,"Euro area (changing composition), Eurosystem reporting sector - Main refinancing operation, Euro - Euro area (changing composition) counterpart",EUR,6
ILM.W.U2.C.A050100.U2.EUR,W,U2,C,A050100,U2,EUR,2025-W47,11530,A,F,,,P7D,,E,,,,,,,,,0,,Main refinancing operation - Eurosystem,"Euro area (changing composition), Eurosystem reporting sector - Main refinancing operation, Euro - Euro area (changing composition) counterpart",EUR,6
ILM.W.U2.C.A050100.U2.EUR,W,U2,C,A050100,U2,EUR,2025-W48,12068,A,F,,,P7D,,E,,,,,,,,,0,,Main refinancing operation - Eurosystem,"Euro area (changing composition), Eurosystem reporting sector - Main refinancing operation, Euro - Euro area (changing composition) counterpart",EUR,6
ILM.W.U2.C.A050100.U2.EUR,W,U2,C,A050100,U2,EUR,2025-W49,8916,A,F,,,P7D,,E,,,,,,,,,0,,Main refinancing operation - Eurosystem,"Euro area (changing composition), Eurosystem reporting sector - Main refinancing operation, Euro - Euro area (changing composition) counterpart",EUR,6
ILM.W.U2.C.A050100.U2.EUR,W,U2,C,A050100,U2,EUR,2025-W50,7984,A,F,,,P7D,,E,,,,,,,,,0,,Main refinancing operation - Eurosystem,"Euro area (changing composition), Eurosystem reporting sector - Main refinancing operation, Euro - Euro area (changing composition) counterpart",EUR,6
ILM.W.U2.C.A050100.U2.EUR,W,U2,C,A050100,U2,EUR,2025-W51,14159,A,F,,,P7D,,E,,,,,,,,,0,,Main refinancing operation - Eurosystem,"Euro area (changing composition), Eurosystem reporting sector - Main refinancing operation, Euro - Euro area (changing composition) counterpart",EUR,6
ILM.W.U2.C.A050100.U2.EUR,W,U2,C,A050100,U2,EUR,2025-W52,24958,A,F,,,P7D,,E,,,,,,,,,0,,Main refinancing operation - Eurosystem,"Euro area (changing composition), Eurosystem reporting sector - Main refinancing operation, Euro - Euro area (changing composition) counterpart",EUR,6
ILM.W.U2.C.A050100.U2.EUR,W,U2,C,A050100,U2,EUR,2026-W01,24958,A,F,,,P7D,,E,,,,,,,,,0,,Main refinancing operation - Eurosystem,"Euro area (changing composition), Eurosystem reporting sector - Main refinancing operation, Euro - Euro area (changing composition) counterpart",EUR,6
ILM.W.U2.C.A050100.U2.EUR,W,U2,C,A050100,U2,EUR,2026-W02,10941,A,F,,,P7D,,E,,,,,,,,,0,,Main refinancing operation - Eurosystem,"Euro area (changing composition), Eurosystem reporting sector - Main refinancing operation, Euro - Euro area (changing composition) counterpart",EUR,6
ILM.W.U2.C.A050100.U2.EUR,W,U2,C,A050100,U2,EUR,2026-W03,10863,A,F,,,P7D,,E,,,,,,,,,0,,Main refinancing operation - Eurosystem,"Euro area (changing composition), Eurosystem reporting sector - Main refinancing operation, Euro - Euro area (changing composition) counterpart",EUR,6
ILM.W.U2.C.A050100.U2.EUR,W,U2,C,A050100,U2,EUR,2026-W04,10711,A,F,,,P7D,,E,,,,,,,,,0,,Main refinancing operation - Eurosystem,"Euro area (changing composition), Eurosystem reporting sector - Main refinancing operation, Euro - Euro area (changing composition) counterpart",EUR,6
ILM.W.U2.C.A050100.U2.EUR,W,U2,C,A050100,U2,EUR,2026-W05,12505,A,F,,,P7D,,E,,,,,,,,,0,,Main refinancing operation - Eurosystem,"Euro area (changing composition), Eurosystem reporting sector - Main refinancing operation, Euro - Euro area (changing composition) counterpart",EUR,6
ILM.W.U2.C.A050100.U2.EUR,W,U2,C,A050100,U2,EUR,2026-W06,9220,A,F,,,P7D,,E,,,,,,,,,0,,Main refinancing operation - Eurosystem,"Euro area (changing composition), Eurosystem reporting sector - Main refinancing operation, Euro - Euro area (changing composition) counterpart",EUR,6
ILM.W.U2.C.A050100.U2.EUR,W,U2,C,A050100,U2,EUR,2026-W07,8452,A,F,,,P7D,,E,,,,,,,,,0,,Main refinancing operation - Eurosystem,"Euro area (changing composition), Eurosystem reporting sector - Main refinancing operation, Euro - Euro area (changing composition) counterpart",EUR,6
ILM.W.U2.C.A050100.U2.EUR,W,U2,C,A050100,U2,EUR,2026-W08,12432,A,F,,,P7D,,E,,,,,,,,,0,,Main refinancing operation - Eurosystem,"Euro area (changing composition), Eurosystem reporting sector - Main refinancing operation, Euro - Euro area (changing composition) counterpart",EUR,6
ILM.W.U2.C.A050100.U2.EUR,W,U2,C,A050100,U2,EUR,2026-W09,12827,A,F,,,P7D,,E,,,,,,,,,0,,Main refinancing operation - Eurosystem,"Euro area (changing composition), Eurosystem reporting sector - Main refinancing operation, Euro - Euro area (changing composition) counterpart",EUR,6
ILM.W.U2.C.A050100.U2.EUR,W,U2,C,A050100,U2,EUR,2026-W10,9267,A,F,,,P7D,,E,,,,,,,,,0,,Main refinancing operation - Eurosystem,"Euro area (changing composition), Eurosystem reporting sector - Main refinancing operation, Euro - Euro area (changing composition) counterpart",EUR,6
ILM.W.U2.C.A050100.U2.EUR,W,U2,C,A050100,U2,EUR,2026-W11,10228,A,F,,,P7D,,E,,,,,,,,,0,,Main refinancing operation - Eurosystem,"Euro area (changing composition), Eurosystem reporting sector - Main refinancing operation, Euro - Euro area (changing composition) counterpart",EUR,6
ILM.W.U2.C.A050100.U2.EUR,W,U2,C,A050100,U2,EUR,2026-W12,10803,A,F,,,P7D,,E,,,,,,,,,0,,Main refinancing operation - Eurosystem,"Euro area (changing composition), Eurosystem reporting sector - Main refinancing operation, Euro - Euro area (changing composition) counterpart",EUR,6
ILM.W.U2.C.A050100.U2.EUR,W,U2,C,A050100,U2,EUR,2026-W13,17058,A,F,,,P7D,,E,,,,,,,,,0,,Main refinancing operation - Eurosystem,"Euro area (changing composition), Eurosystem reporting sector - Main refinancing operation, Euro - Euro area (changing composition) counterpart",EUR,6
ILM.W.U2.C.A050100.U2.EUR,W,U2,C,A050100,U2,EUR,2026-W14,10800,A,F,,,P7D,,E,,,,,,,,,0,,Main refinancing operation - Eurosystem,"Euro area (changing composition), Eurosystem reporting sector - Main refinancing operation, Euro - Euro area (changing composition) counterpart",EUR,6
ILM.W.U2.C.A050100.U2.EUR,W,U2,C,A050100,U2,EUR,2026-W15,11895,A,F,,,P7D,,E,,,,,,,,,0,,Main refinancing operation - Eurosystem,"Euro area (changing composition), Eurosystem reporting sector - Main refinancing operation, Euro - Euro area (changing composition) counterpart",EUR,6
ILM.W.U2.C.A050100.U2.EUR,W,U2,C,A050100,U2,EUR,2026-W16,12120,A,F,,,P7D,,E,,,,,,,,,0,,Main refinancing operation - Eurosystem,"Euro area (changing composition), Eurosystem reporting sector - Main refinancing operation, Euro - Euro area (changing composition) counterpart",EUR,6
ILM.W.U2.C.A050100.U2.EUR,W,U2,C,A050100,U2,EUR,2026-W17,14487,A,F,,,P7D,,E,,,,,,,,,0,,Main refinancing operation - Eurosystem,"Euro area (changing composition), Eurosystem reporting sector - Main refinancing operation, Euro - Euro area (changing composition) counterpart",EUR,6
ILM.W.U2.C.A050100.U2.EUR,W,U2,C,A050100,U2,EUR,2026-W18,19676,A,F,,,P7D,,E,,,,,,,,,0,,Main refinancing operation - Eurosystem,"Euro area (changing composition), Eurosystem reporting sector - Main refinancing operation, Euro - Euro area (changing composition) counterpart",EUR,6
ILM.W.U2.C.A050100.U2.EUR,W,U2,C,A050100,U2,EUR,2026-W19,12936,A,F,,,P7D,,E,,,,,,,,,0,,Main refinancing operation - Eurosystem,"Euro area (changing composition), Eurosystem reporting sector - Main refinancing operation, Euro - Euro area (changing composition) counterpart",EUR,6
ILM.W.U2.C.A050100.U2.EUR,W,U2,C,A050100,U2,EUR,2026-W20,13168,A,F,,,P7D,,E,,,,,,,,,0,,Main refinancing operation - Eurosystem,"Euro area (changing composition), Eurosystem reporting sector - Main refinancing operation, Euro - Euro area (changing composition) counterpart",EUR,6
ILM.W.U2.C.A050100.U2.EUR,W,U2,C,A050100,U2,EUR,2026-W21,13810,A,F,,,P7D,,E,,,,,,,,,0,,Main refinancing operation - Eurosystem,"Euro area (changing composition), Eurosystem reporting sector - Main refinancing operation, Euro - Euro area (changing composition) counterpart",EUR,6
ILM.W.U2.C.A050100.U2.EUR,W,U2,C,A050100,U2,EUR,2026-W22,14936,A,F,,,P7D,,E,,,,,,,,,0,,Main refinancing operation - Eurosystem,"Euro area (changing composition), Eurosystem reporting sector - Main refinancing operation, Euro - Euro area (changing composition) counterpart",EUR,6
ILM.W.U2.C.A050100.U2.EUR,W,U2,C,A050100,U2,EUR,2026-W23,11823,A,F,,,P7D,,E,,,,,,,,,0,,Main refinancing operation - Eurosystem,"Euro area (changing composition), Eurosystem reporting sector - Main refinancing operation, Euro - Euro area (changing composition) counterpart",EUR,6
ILM.W.U2.C.A050100.U2.EUR,W,U2,C,A050100,U2,EUR,2026-W24,12910,A,F,,,P7D,,E,,,,,,,,,0,,Main refinancing operation - Eurosystem,"Euro area (changing composition), Eurosystem reporting sector - Main refinancing operation, Euro - Euro area (changing composition) counterpart",EUR,6
ILM.W.U2.C.A050100.U2.EUR,W,U2,C,A050100,U2,EUR,2026-W25,15727,A,F,,,P7D,,E,,,,,,,,,0,,Main refinancing operation - Eurosystem,"Euro area (changing composition), Eurosystem reporting sector - Main refinancing operation, Euro - Euro area (changing composition) counterpart",EUR,6
ILM.W.U2.C.A050100.U2.EUR,W,U2,C,A050100,U2,EUR,2026-W26,18183,A,F,,,P7D,,E,,,,,,,,,0,,Main refinancing operation - Eurosystem,"Euro area (changing composition), Eurosystem reporting sector - Main refinancing operation, Euro - Euro area (changing composition) counterpart",EUR,6
ILM.W.U2.C.A050100.U2.EUR,W,U2,C,A050100,U2,EUR,2026-W27,11825,A,F,,,P7D,,E,,,,,,,,,0,,Main refinancing operation - Eurosystem,"Euro area (changing composition), Eurosystem reporting sector - Main refinancing operation, Euro - Euro area (changing composition) counterpart",EUR,6
ILM.W.U2.C.A050100.U2.EUR,W,U2,C,A050100,U2,EUR,2026-W28,12499,A,F,,,P7D,,E,,,,,,,,,0,,Main refinancing operation - Eurosystem,"Euro area (changing composition), Eurosystem reporting sector - Main refinancing operation, Euro - Euro area (changing composition) counterpart",EUR,6
ILM.W.U2.C.A050100.U2.EUR,W,U2,C,A050100,U2,EUR,2026-W29,12655,A,F,,,P7D,,E,,,,,,,,,0,,Main refinancing operation - Eurosystem,"Euro area (changing composition), Eurosystem reporting sector - Main refinancing operation, Euro - Euro area (changing composition) counterpart",EUR,6
ILM.W.U2.C.A050100.U2.EUR,W,U2,C,A050100,U2,EUR,2026-W30,17355,A,F,,,P7D,,E,,,,,,,,,0,,Main refinancing operation - Eurosystem,"Euro area (changing composition), Eurosystem reporting sector - Main refinancing operation, Euro - Euro area (changing composition) counterpart",EUR,6
ILM.W.U2.C.A050100.U2.EUR,W,U2,C,A050100,U2,EUR,2026-W31,21939,A,F,,,P7D,,E,,,,,,,,,0,,Main refinancing operation - Eurosystem,"Euro area (changing composition), Eurosystem reporting sector - Main refinancing operation, Euro - Euro area (changing composition) counterpart",EUR,6
ILM.W.U2.C.A050100.U2.EUR,W,U2,C,A050100,U2,EUR,2026-W32,15862,A,F,,,P7D,,E,,,,,,,,,0,,Main refinancing operation - Eurosystem,"Euro area (changing composition), Eurosystem reporting sector - Main refinancing operation, Euro - Euro area (changing composition) counterpart",EUR,6
ILM.W.U2.C.A050100.U2.EUR,W,U2,C,A050100,U2,EUR,2026-W33,16494,A,F,,,P7D,,E,,,,,,,,,0,,Main refinancing operation - Eurosystem,"Euro area (changing composition), Eurosystem reporting sector - Main refinancing operation, Euro - Euro area (changing composition) counterpart",EUR,6
ILM.W.U2.C.A050100.U2.EUR,W,U2,C,A050100,U2,EUR,2026-W34,16709,A,F,,,P7D,,E,,,,,,,,,0,,Main refinancing operation - Eurosystem,"Euro area (changing composition), Eurosystem reporting sector - Main refinancing operation, Euro - Euro area (changing composition) counterpart",EUR,6
ILM.W.U2.C.A050100.U2.EUR,W,U2,C,A050100,U2,EUR,2026-W35,18005,A,F,,,P7D,,E,,,,,,,,,0,,Main refinancing operation - Eurosystem,"Euro area (changing composition), Eurosystem reporting sector - Main refinancing operation, Euro - Euro area (changing composition) counterpart",EUR,6
ILM.W.U2.C.A050100.U2.EUR,W,U2,C,A050100,U2,EUR,2026-W36,13866,A,F,,,P7D,,E,,,,,,,,,0,,Main refinancing operation - Eurosystem,"Euro area (changing composition), Eurosystem reporting sector - Main refinancing operation, Euro - Euro area (changing composition) counterpart",EUR,6
