KEY,FREQ,REF_AREA,BS_REP_SECTOR,BS_ITEM,COUNT_AREA,CURRENCY_TRANS,TIME_PERIOD,OBS_VALUE,OBS_STATUS,OBS_CONF,OBS_PRE_BREAK,OBS_COM,TIME_FORMAT,BREAKS,COLLECTION,COMPILING_ORG,DISS_ORG,PUBL_ECB,PUBL_MU,PUBL_PUBLIC,AGG_EQUN,COMPILATION,COVERAGE,DECIMALS,SOURCE_AGENCY,TITLE,TITLE_COMPL,UNIT,UNIT_MULT
ILM.D.U2.C.A050500.U2.EUR,D,U2,C,A050500,U2,EUR,2018-09-11,240,A,F,,,P1D,,E,,,,,,,,,0,,Marginal lending facility - Eurosystem,"Euro area (changing composition), Eurosystem reporting sector - Marginal lending facility, Euro - Euro area (changing composition) counterpart",EUR,6
ILM.D.U2.C.A050500.U2.EUR,D,U2,C,A050500,U2,EUR,2018-09-12,47,A,F,,,P1D,,E,,,,,,,,,0,,Marginal lending facility - Eurosystem,"Euro area (changing composition), Eurosystem reporting sector - Marginal lending facility, Euro - Euro area (changing composition) counterpart",EUR,6
ILM.D.U2.C.A050500.U2.EUR,D,U2,C,A050500,U2,EUR,2018-09-13,40,A,F,,,P1D,,E,,,,,,,,,0,,Marginal lending facility - Eurosystem,"Euro area (changing composition), Eurosystem reporting sector - Marginal lending facility, Euro - Euro area (changing composition) counterpart",EUR,6
ILM.D.U2.C.A050500.U2.EUR,D,U2,C,A050500,U2,EUR,2018-09-14,74,A,F,,,P1D,,E,,,,,,,,,0,,Marginal lending facility - Eurosystem,"Euro area (changing composition), Eurosystem reporting sector - Marginal lending facility, Euro - Euro area (changing composition) counterpart",EUR,6
ILM.D.U2.C.A050500.U2.EUR,D,U2,C,A050500,U2,EUR,2018-09-17,93,A,F,,,P1D,,E,,,,,,,,,0,,Marginal lending facility - Eurosystem,"Euro area (changing composition), Eurosystem reporting sector - Marginal lending facility, Euro - Euro area (changing composition) counterpart",EUR,6
ILM.D.U2.C.A050500.U2.EUR,D,U2,C,A050500,U2,EUR,2018-09-18,119,A,F,,,P1D,,E,,,,,,,,,0,,Marginal lending facility - Eurosystem,"Euro area (changing composition), Eurosystem reporting sector - Marginal lending facility, Euro - Euro area (changing composition) counterpart",EUR,6
ILM.D.U2.C.A050500.U2.EUR,D,U2,C,A050500,U2,EUR,2018-09-19,30,A,F,,,P1D,,E,,,,,,,,,0,,Marginal lending facility - Eurosystem,"Euro area (changing composition), Eurosystem reporting sector - Marginal lending facility, Euro - Euro area (changing composition) counterpart",EUR,6
ILM.D.U2.C.A050500.U2.EUR,D,U2,C,A050500,U2,EUR,2018-09-20,30,A,F,,,P1D,,E,,,,,,,,,0,,Marginal lending facility - Eurosystem,"Euro area (changing composition), Eurosystem reporting sector - Marginal lending facility, Euro - Euro area (changing composition) counterpart",EUR,6
ILM.D.U2.C.A050500.U2.EUR,D,U2,C,A050500,U2,EUR,2018-09-21,21,A,F,,,P1D,,E,,,,,,,,,0,,Marginal lending facility - Eurosystem,"Euro area (changing composition), Eurosystem reporting sector - Marginal lending facility, Euro - Euro area (changing composition) counterpart",EUR,6
ILM.D.U2.C.A050500.U2.EUR,D,U2,C,A050500,U2,EUR,2018-09-24,563,A,F,,,P1D,,E,,,,,,,,,0,,Marginal lending facility - Eurosystem,"Euro area (changing composition), Eurosystem reporting sector - Marginal lending facility, Euro - Euro area (changing composition) counterpart",EUR,6
ILM.D.U2.C.A050500.U2.EUR,D,U2,C,A050500,U2,EUR,2018-09-25,8,A,F,,,P1D,,E,,,,,,,,,0,,Marginal lending facility - Eurosystem,"Euro area (changing composition), Eurosystem reporting sector - Marginal lending facility, Euro - Euro area (changing composition) counterpart",EUR,6
ILM.D.U2.C.A050500.U2.EUR,D,U2,C,A050500,U2,EUR,2018-09-26,48,A,F,,,P1D,,E,,,,,,,,,0,,Marginal lending facility - Eurosystem,"Euro area (changing composition), Eurosystem reporting sector - Marginal lending facility, Euro - Euro area (changing composition) counterpart",EUR,6
ILM.D.U2.C.A050500.U2.EUR,D,U2,C,A050500,U2,EUR,2018-09-27,29,A,F,,,P1D,,E,,,,,,,,,0,,Marginal lending facility - Eurosystem,"Euro area (changing composition), Eurosystem reporting sector - Marginal lending facility, Euro - Euro area (changing composition) counterpart",EUR,6
ILM.D.U2.C.A050500.U2.EUR,D,U2,C,A050500,U2,EUR,2018-09-28,130,A,F,,,P1D,,E,,,,,,,,,0,,Marginal lending facility - Eurosystem,"Euro area (changing composition), Eurosystem reporting sector - Marginal lending facility, Euro - Euro area (changing composition) counterpart",EUR,6
ILM.D.U2.C.A050500.U2.EUR,D,U2,C,A050500,U2,EUR,2018-10-01,71,A,F,,,P1D,,E,,,,,,,,,0,,Marginal lending facility - Eurosystem,"Euro area (changing composition), Eurosystem reporting sector - Marginal lending facility, Euro - Euro area (changing composition) counterpart",EUR,6
ILM.D.U2.C.A050500.U2.EUR,D,U2,C,A050500,U2,EUR,2018-10-02,91,A,F,,,P1D,,E,,,,,,,,,0,,Marginal lending facility - Eurosystem,"Euro area (changing composition), Eurosystem reporting sector - Marginal lending facility, Euro - Euro area (changing composition) counterpart",EUR,6
ILM.D.U2.C.A050500.U2.EUR,D,U2,C,A050500,U2,EUR,2018-10-03,88,A,F,,,P1D,,E,,,,,,,,,0,,Marginal lending facility - Eurosystem,"Euro area (changing composition), Eurosystem reporting sector - Marginal lending facility, Euro - Euro area (changing composition) counterpart",EUR,6
ILM.D.U2.C.A050500.U2.EUR,D,U2,C,A050500,U2,EUR,2018-10-04,60,A,F,,,P1D,,E,,,,,,,,,0,,Marginal lending facility - Eurosystem,"Euro area (changing composition), Eurosystem reporting sector - Marginal lending facility, Euro - Euro area (changing composition) counterpart",EUR,6
ILM.D.U2.C.A050500.U2.EUR,D,U2,C,A050500,U2,EUR,2018-10-05,70,A,F,,,P1D,,E,,,,,,,,,0,,Marginal lending facility - Eurosystem,"Euro area (changing composition), Eurosystem reporting sector - Marginal lending facility, Euro - Euro area (changing composition) counterpart",EUR,6
ILM.D.U2.C.A050500.U2.EUR,D,U2,C,A050500,U2,EUR,2018-10-08,58,A,F,,,P1D,,E,,,,,,,,,0,,Marginal lending facility - Eurosystem,"Euro area (changing composition), Eurosystem reporting sector - Marginal lending facility, Euro - Euro area (changing composition) counterpart",EUR,6
ILM.D.U2.C.A050500.U2.EUR,D,U2,C,A050500,U2,EUR,2018-10-09,40,A,F,,,P1D,,E,,,,,,,,,0,,Marginal lending facility - Eurosystem,"Euro area (changing composition), Eurosystem reporting sector - Marginal lending facility, Euro - Euro area (changing composition) counterpart",EUR,6
ILM.D.U2.C.A050500.U2.EUR,D,U2,C,A050500,U2,EUR,2018-10-10,35,A,F,,,P1D,,E,,,,,,,,,0,,Marginal lending facility - Eurosystem,"Euro area (changing composition), Eurosystem reporting sector - Marginal lending facility, Euro - Euro area (changing composition) counterpart",EUR,6
ILM.D.U2.C.A050500.U2.EUR,D,U2,C,A050500,U2,EUR,2018-10-11,45,A,F,,,P1D,,E,,,,,,,,,0,,Marginal lending facility - Eurosystem,"Euro area (changing composition), Eurosystem reporting sector - Marginal lending facility, Euro - Euro area (changing composition) counterpart",EUR,6
ILM.D.U2.C.A050500.U2.EUR,D,U2,C,A050500,U2,EUR,2018-10-12,50,A,F,,,P1D,,E,,,,,,,,,0,,Marginal lending facility - Eurosystem,"Euro area (changing composition), Eurosystem reporting sector - Marginal lending facility, Euro - Euro area (changing composition) counterpart",EUR,6
ILM.D.U2.C.A050500.U2.EUR,D,U2,C,A050500,U2,EUR,2018-10-15,59,A,F,,,P1D,,E,,,,,,,,,0,,Marginal lending facility - Eurosystem,"Euro area (changing composition), Eurosystem reporting sector - Marginal lending facility, Euro - Euro area (changing composition) counterpart",EUR,6
ILM.D.U2.C.A050500.U2.EUR,D,U2,C,A050500,U2,EUR,2018-10-16,56,A,F,,,P1D,,E,,,,,,,,,0,,Marginal lending facility - Eurosystem,"Euro area (changing composition), Eurosystem reporting sector - Marginal lending facility, Euro - Euro area (changing composition) counterpart",EUR,6
ILM.D.U2.C.A050500.U2.EUR,D,U2,C,A050500,U2,EUR,2018-10-17,20,A,F,,,P1D,,E,,,,,,,,,0,,Marginal lending facility - Eurosystem,"Euro area (changing composition), Eurosystem reporting sector - Marginal lending facility, Euro - Euro area (changing composition) counterpart",EUR,6
ILM.D.U2.C.A050500.U2.EUR,D,U2,C,A050500,U2,EUR,2018-10-18,0,A,F,,,P1D,,E,,,,,,,,,0,,Marginal lending facility - Eurosystem,"Euro area (changing composition), Eurosystem reporting sector - Marginal lending facility, Euro - Euro area (changing composition) counterpart",EUR,6
ILM.D.U2.C.A050500.U2.EUR,D,U2,C,A050500,U2,EUR,2018-10-19,24,A,F,,,P1D,,E,,,,,,,,,0,,Marginal lending facility - Eurosystem,"Euro area (changing composition), Eurosystem reporting sector - Marginal lending facility, Euro - Euro area (changing composition) counterpart",EUR,6
ILM.D.U2.C.A050500.U2.EUR,D,U2,C,A050500,U2,EUR,2018-10-22,1,A,F,,,P1D,,E,,,,,,,,,0,,Marginal lending facility - Eurosystem,"Euro area (changing composition), Eurosystem reporting sector - Marginal lending facility, Euro - Euro area (changing composition) counterpart",EUR,6
ILM.D.U2.C.A050500.U2.EUR,D,U2,C,A050500,U2,EUR,2018-10-23,8,A,F,,,P1D,,E,,,,,,,,,0,,Marginal lending facility - Eurosystem,"Euro area (changing composition), Eurosystem reporting sector - Marginal lending facility, Euro - Euro area (changing composition) counterpart",EUR,6
ILM.D.U2.C.A050500.U2.EUR,D,U2,C,A050500,U2,EUR,2018-10-24,10,A,F,,,P1D,,E,,,,,,,,,0,,Marginal lending facility - Eurosystem,"Euro area (changing composition), Eurosystem reporting sector - Marginal lending facility, Euro - Euro area (changing composition) counterpart",EUR,6
ILM.D.U2.C.A050500.U2.EUR,D,U2,C,A050500,U2,EUR,2018-10-25,234,A,F,,,P1D,,E,,,,,,,,,0,,Marginal lending facility - Eurosystem,"Euro area (changing composition), Eurosystem reporting sector - Marginal lending facility, Euro - Euro area (changing composition) counterpart",EUR,6
ILM.D.U2.C.A050500.U2.EUR,D,U2,C,A050500,U2,EUR,2018-10-26,248,A,F,,,P1D,,E,,,,,,,,,0,,Marginal lending facility - Eurosystem,"Euro area (changing composition), Eurosystem reporting sector - Marginal lending facility, Euro - Euro area (changing composition) counterpart",EUR,6
ILM.D.U2.C.A050500.U2.EUR,D,U2,C,A050500,U2,EUR,2018-10-29,20,A,F,,,P1D,,E,,,,,,,,,0,,Marginal lending facility - Eurosystem,"Euro area (changing composition), Eurosystem reporting sector - Marginal lending facility, Euro - Euro area (changing composition) counterpart",EUR,6
ILM.D.U2.C.A050500.U2.EUR,D,U2,C,A050500,U2,EUR,2018-10-30,1,A,F,,,P1D,,E,,,,,,,,,0,,Marginal lending facility - Eurosystem,"Euro area (changing composition), Eurosystem reporting sector - Marginal lending facility, Euro - Euro area (changing composition) counterpart",EUR,6
ILM.D.U2.C.A050500.U2.EUR,D,U2,C,A050500,U2,EUR,2018-10-31,615,A,F,,,P1D,,E,,,,,,,,,0,,Marginal lending facility - Eurosystem,"Euro area (changing composition), Eurosystem reporting sector - Marginal lending facility, Euro - Euro area (changing composition) counterpart",EUR,6
ILM.D.U2.C.A050500.U2.EUR,D,U2,C,A050500,U2,EUR,2018-11-01,203,A,F,,,P1D,,E,,,,,,,,,0,,Marginal lending facility - Eurosystem,"Euro area (changing composition), Eurosystem reporting sector - Marginal lending facility, Euro - Euro area (changing composition) counterpart",EUR,6
ILM.D.U2.C.A050500.U2.EUR,D,U2,C,A050500,U2,EUR,2018-11-02,125,A,F,,,P1D,,E,,,,,,,,,0,,Marginal lending facility - Eurosystem,"Euro area (changing composition), Eurosystem reporting sector - Marginal lending facility, Euro - Euro area (changing composition) counterpart",EUR,6
ILM.D.U2.C.A050500.U2.EUR,D,U2,C,A050500,U2,EUR,2018-11-05,129,A,F,,,P1D,,E,,,,,,,,,0,,Marginal lending facility - Eurosystem,"Euro area (changing composition), Eurosystem reporting sector - Marginal lending facility, Euro - Euro area (changing composition) counterpart",EUR,6
ILM.D.U2.C.A050500.U2.EUR,D,U2,C,A050500,U2,EUR,2018-11-06,135,A,F,,,P1D,,E,,,,,,,,,0,,Marginal lending facility - Eurosystem,"Euro area (changing composition), Eurosystem reporting sector - Marginal lending facility, Euro - Euro area (changing composition) counterpart",EUR,6
ILM.D.U2.C.A050500.U2.EUR,D,U2,C,A050500,U2,EUR,2018-11-07,126,A,F,,,P1D,,E,,,,,,,,,0,,Marginal lending facility - Eurosystem,"Euro area (changing composition), Eurosystem reporting sector - Marginal lending facility, Euro - Euro area (changing composition) counterpart",EUR,6
ILM.D.U2.C.A050500.U2.EUR,D,U2,C,A050500,U2,EUR,2018-11-08,0,A,F,,,P1D,,E,,,,,,,,,0,,Marginal lending facility - Eurosystem,"Euro area (changing composition), Eurosystem reporting sector - Marginal lending facility, Euro - Euro area (changing composition) counterpart",EUR,6
ILM.D.U2.C.A050500.U2.EUR,D,U2,C,A050500,U2,EUR,2018-11-09,30,A,F,,,P1D,,E,,,,,,,,,0,,Marginal lending facility - Eurosystem,"Euro area (changing composition), Eurosystem reporting sector - Marginal lending facility, Euro - Euro area (changing composition) counterpart",EUR,6
ILM.D.U2.C.A050500.U2.EUR,D,U2,C,A050500,U2,EUR,2018-11-12,3,A,F,,,P1D,,E,,,,,,,,,0,,Marginal lending facility - Eurosystem,"Euro area (changing composition), Eurosystem reporting sector - Marginal lending facility, Euro - Euro area (changing composition) counterpart",EUR,6
ILM.D.U2.C.A050500.U2.EUR,D,U2,C,A050500,U2,EUR,2018-11-13,30,A,F,,,P1D,,E,,,,,,,,,0,,Marginal lending facility - Eurosystem,"Euro area (changing composition), Eurosystem reporting sector - Marginal lending facility, Euro - Euro area (changing composition) counterpart",EUR,6
ILM.D.U2.C.A050500.U2.EUR,D,U2,C,A050500,U2,EUR,2018-11-14,96,A,F,,,P1D,,E,,,,,,,,,0,,Marginal lending facility - Eurosystem,"Euro area (changing composition), Eurosystem reporting sector - Marginal lending facility, Euro - Euro area (changing composition) counterpart",EUR,6
ILM.D.U2.C.A050500.U2.EUR,D,U2,C,A050500,U2,EUR,2018-11-15,85,A,F,,,P1D,,E,,,,,,,,,0,,Marginal lending facility - Eurosystem,"Euro area (changing composition), Eurosystem reporting sector - Marginal lending facility, Euro - Euro area (changing composition) counterpart",EUR,6
ILM.D.U2.C.A050500.U2.EUR,D,U2,C,A050500,U2,EUR,2018-11-16,85,A,F,,,P1D,,E,,,,,,,,,0,,Marginal lending facility - Eurosystem,"Euro area (changing composition), Eurosystem reporting sector - Marginal lending facility, Euro - Euro area (changing composition) counterpart",EUR,6
ILM.D.U2.C.A050500.U2.EUR,D,U2,C,A050500,U2,EUR,2018-11-19,66,A,F,,,P1D,,E,,,,,,,,,0,,Marginal lending facility - Eurosystem,"Euro area (changing composition), Eurosystem reporting sector - Marginal lending facility, Euro - Euro area (changing composition) counterpart",EUR,6
ILM.D.U2.C.A050500.U2.EUR,D,U2,C,A050500,U2,EUR,2018-11-20,98,A,F,,,P1D,,E,,,,,,,,,0,,Marginal lending facility - Eurosystem,"Euro area (changing composition), Eurosystem reporting sector - Marginal lending facility, Euro - Euro area (changing composition) counterpart",EUR,6
ILM.D.U2.C.A050500.U2.EUR,D,U2,C,A050500,U2,EUR,2018-11-21,285,A,F,,,P1D,,E,,,,,,,,,0,,Marginal lending facility - Eurosystem,"Euro area (changing composition), Eurosystem reporting sector - Marginal lending facility, Euro - Euro area (changing composition) counterpart",EUR,6
ILM.D.U2.C.A050500.U2.EUR,D,U2,C,A050500,U2,EUR,2018-11-22,662,A,F,,,P1D,,E,,,,,,,,,0,,Marginal lending facility - Eurosystem,"Euro area (changing composition), Eurosystem reporting sector - Marginal lending facility, Euro - Euro area (changing composition) counterpart",EUR,6
ILM.D.U2.C.A050500.U2.EUR,D,U2,C,A050500,U2,EUR,2018-11-23,380,A,F,,,P1D,,E,,,,,,,,,0,,Marginal lending facility - Eurosystem,"Euro area (changing composition), Eurosystem reporting sector - Marginal lending facility, Euro - Euro area (changing composition) counterpart",EUR,6
ILM.D.U2.C.A050500.U2.EUR,D,U2,C,A050500,U2,EUR,2018-11-26,391,A,F,,,P1D,,E,,,,,,,,,0,,Marginal lending facility - Eurosystem,"Euro area (changing composition), Eurosystem reporting sector - Marginal lending facility, Euro - Euro area (changing composition) counterpart",EUR,6
ILM.D.U2.C.A050500.U2.EUR,D,U2,C,A050500,U2,EUR,2018-11-27,101,A,F,,,P1D,,E,,,,,,,,,0,,Marginal lending facility - Eurosystem,"Euro area (changing composition), Eurosystem reporting sector - Marginal lending facility, Euro - Euro area (changing composition) counterpart",EUR,6
ILM.D.U2.C.A050500.U2.EUR,D,U2,C,A050500,U2,EUR,2018-11-28,124,A,F,,,P1D,,E,,,,,,,,,0,,Marginal lending facility - Eurosystem,"Euro area (changing composition), Eurosystem reporting sector - Marginal lending facility, Euro - Euro area (changing composition) counterpart",EUR,6
ILM.D.U2.C.A050500.U2.EUR,D,U2,C,A050500,U2,EUR,2018-11-29,82,A,F,,,P1D,,E,,,,,,,,,0,,Marginal lending facility - Eurosystem,"Euro area (changing composition), Eurosystem reporting sector - Marginal lending facility, Euro - Euro area (changing composition) counterpart",EUR,6
ILM.D.U2.C.A050500.U2.EUR,D,U2,C,A050500,U2,EUR,2018-11-30,256,A,F,,,P1D,,E,,,,,,,,,0,,Marginal lending facility - Eurosystem,"Euro area (changing composition), Eurosystem reporting sector - Marginal lending facility, Euro - Euro area (changing composition) counterpart",EUR,6
ILM.D.U2.C.A050500.U2.EUR,D,U2,C,A050500,U2,EUR,2018-12-03,254,A,F,,,P1D,,E,,,,,,,,,0,,Marginal lending facility - Eurosystem,"Euro area (changing composition), Eurosystem reporting sector - Marginal lending facility, Euro - Euro area (changing composition) counterpart",EUR,6
ILM.D.U2.C.A050500.U2.EUR,D,U2,C,A050500,U2,EUR,2018-12-04,220,A,F,,,P1D,,E,,,,,,,,,0,,Marginal lending facility - Eurosystem,"Euro area (changing composition), Eurosystem reporting sector - Marginal lending facility, Euro - Euro area (changing composition) counterpart",EUR,6
ILM.D.U2.C.A050500.U2.EUR,D,U2,C,A050500,U2,EUR,2018-12-05,25,A,F,,,P1D,,E,,,,,,,,,0,,Marginal lending facility - Eurosystem,"Euro area (changing composition), Eurosystem reporting sector - Marginal lending facility, Euro - Euro area (changing composition) counterpart",EUR,6
ILM.D.U2.C.A050500.U2.EUR,D,U2,C,A050500,U2,EUR,2018-12-06,25,A,F,,,P1D,,E,,,,,,,,,0,,Marginal lending facility - Eurosystem,"Euro area (changing composition), Eurosystem reporting sector - Marginal lending facility, Euro - Euro area (changing composition) counterpart",EUR,6
ILM.D.U2.C.A050500.U2.EUR,D,U2,C,A050500,U2,EUR,2018-12-07,40,A,F,,,P1D,,E,,,,,,,,,0,,Marginal lending facility - Eurosystem,"Euro area (changing composition), Eurosystem reporting sector - Marginal lending facility, Euro - Euro area (changing composition) counterpart",EUR,6
ILM.D.U2.C.A050500.U2.EUR,D,U2,C,A050500,U2,EUR,2018-12-10,69,A,F,,,P1D,,E,,,,,,,,,0,,Marginal lending facility - Eurosystem,"Euro area (changing composition), Eurosystem reporting sector - Marginal lending facility, Euro - Euro area (changing composition) counterpart",EUR,6
ILM.D.U2.C.A050500.U2.EUR,D,U2,C,A050500,U2,EUR,2018-12-11,68,A,F,,,P1D,,E,,,,,,,,,0,,Marginal lending facility - Eurosystem,"Euro area (changing composition), Eurosystem reporting sector - Marginal lending facility, Euro - Euro area (changing composition) counterpart",EUR,6
ILM.D.U2.C.A050500.U2.EUR,D,U2,C,A050500,U2,EUR,2018-12-12,75,A,F,,,P1D,,E,,,,,,,,,0,,Marginal lending facility - Eurosystem,"Euro area (changing composition), Eurosystem reporting sector - Marginal lending facility, Euro - Euro area (changing composition) counterpart",EUR,6
ILM.D.U2.C.A050500.U2.EUR,D,U2,C,A050500,U2,EUR,2018-12-13,52,A,F,,,P1D,,E,,,,,,,,,0,,Marginal lending facility - Eurosystem,"Euro area (changing composition), Eurosystem reporting sector - Marginal lending facility, Euro - Euro area (changing composition) counterpart",EUR,6
ILM.D.U2.C.A050500.U2.EUR,D,U2,C,A050500,U2,EUR,2018-12-14,55,A,F,,,P1D,,E,,,,,,,,,0,,Marginal lending facility - Eurosystem,"Euro area (changing composition), Eurosystem reporting sector - Marginal lending facility, Euro - Euro area (changing composition) counterpart",EUR,6
ILM.D.U2.C.A050500.U2.EUR,D,U2,C,A050500,U2,EUR,2018-12-17,46,A,F,,,P1D,,E,,,,,,,,,0,,Marginal lending facility - Eurosystem,"Euro area (changing composition), Eurosystem reporting sector - Marginal lending facility, Euro - Euro area (changing composition) counterpart",EUR,6
ILM.D.U2.C.A050500.U2.EUR,D,U2,C,A050500,U2,EUR,2018-12-18,81,A,F,,,P1D,,E,,,,,,,,,0,,Marginal lending facility - Eurosystem,"Euro area (changing composition), Eurosystem reporting sector - Marginal lending facility, Euro - Euro area (changing composition) counterpart",EUR,6
ILM.D.U2.C.A050500.U2.EUR,D,U2,C,A050500,U2,EUR,2018-12-19,84,A,F,,,P1D,,E,,,,,,,,,0,,Marginal lending facility - Eurosystem,"Euro area (changing composition), Eurosystem reporting sector - Marginal lending facility, Euro - Euro area (changing composition) counterpart",EUR,6
ILM.D.U2.C.A050500.U2.EUR,D,U2,C,A050500,U2,EUR,2018-12-20,24,A,F,,,P1D,,E,,,,,,,,,0,,Marginal lending facility - Eurosystem,"Euro area (changing composition), Eurosystem reporting sector - Marginal lending facility, Euro - Euro area (changing composition) counterpart",EUR,6
ILM.D.U2.C.A050500.U2.EUR,D,U2,C,A050500,U2,EUR,2018-12-21,40,A,F,,,P1D,,E,,,,,,,,,0,,Marginal lending facility - Eurosystem,"Euro area (changing composition), Eurosystem reporting sector - Marginal lending facility, Euro - Euro area (changing composition) counterpart",EUR,6
ILM.D.U2.C.A050500.U2.EUR,D,U2,C,A050500,U2,EUR,2018-12-24,35,A,F,,,P1D,,E,,,,,,,,,0,,Marginal lending facility - Eurosystem,"Euro area (changing composition), Eurosystem reporting sector - Marginal lending facility, Euro - Euro area (changing composition) counterpart",EUR,6
ILM.D.U2.C.A050500.U2.EUR,D,U2,C,A050500,U2,EUR,2018-12-25,35,A,F,,,P1D,,E,,,,,,,,,0,,Marginal lending facility - Eurosystem,"Euro area (changing composition), Eurosystem reporting sector - Marginal lending facility, Euro - Euro area (changing composition) counterpart",EUR,6
ILM.D.U2.C.A050500.U2.EUR,D,U2,C,A050500,U2,EUR,2018-12-26,35,A,F,,,P1D,,E,,,,,,,,,0,,Marginal lending facility - Eurosystem,"Euro area (changing composition), Eurosystem reporting sector - Marginal lending facility, Euro - Euro area (changing composition) counterpart",EUR,6
ILM.D.U2.C.A050500.U2.EUR,D,U2,C,A050500,U2,EUR,2018-12-27,10,A,F,,,P1D,,E,,,,,,,,,0,,Marginal lending facility - Eurosystem,"Euro area (changing composition), Eurosystem reporting sector - Marginal lending facility, Euro - Euro area (changing composition) counterpart",EUR,6
ILM.D.U2.C.A050500.U2.EUR,D,U2,C,A050500,U2,EUR,2018-12-28,50,A,F,,,P1D,,E,,,,,,,,,0,,Marginal lending facility - Eurosystem,"Euro area (changing composition), Eurosystem reporting sector - Marginal lending facility, Euro - Euro area (changing composition) counterpart",EUR,6
ILM.D.U2.C.A050500.U2.EUR,D,U2,C,A050500,U2,EUR,2018-12-31,971,A,F,,,P1D,,E,,,,,,,,,0,,Marginal lending facility - Eurosystem,"Euro area (changing composition), Eurosystem reporting sector - Marginal lending facility, Euro - Euro area (changing composition) counterpart",EUR,6
ILM.D.U2.C.A050500.U2.EUR,D,U2,C,A050500,U2,EUR,2019-01-01,971,A,F,,,P1D,,E,,,,,,,,,0,,Marginal lending facility - Eurosystem,"Euro area (changing composition), Eurosystem reporting sector - Marginal lending facility, Euro - Euro area (changing composition) counterpart",EUR,6
ILM.D.U2.C.A050500.U2.EUR,D,U2,C,A050500,U2,EUR,2019-01-02,146,A,F,,,P1D,,E,,,,,,,,,0,,Marginal lending facility - Eurosystem,"Euro area (changing composition), Eurosystem reporting sector - Marginal lending facility, Euro - Euro area (changing composition) counterpart",EUR,6
ILM.D.U2.C.A050500.U2.EUR,D,U2,C,A050500,U2,EUR,2019-01-03,115,A,F,,,P1D,,E,,,,,,,,,0,,Marginal lending facility - Eurosystem,"Euro area (changing composition), Eurosystem reporting sector - Marginal lending facility, Euro - Euro area (changing composition) counterpart",EUR,6
ILM.D.U2.C.A050500.U2.EUR,D,U2,C,A050500,U2,EUR,2019-01-04,55,A,F,,,P1D,,E,,,,,,,,,0,,Marginal lending facility - Eurosystem,"Euro area (changing composition), Eurosystem reporting sector - Marginal lending facility, Euro - Euro area (changing composition) counterpart",EUR,6
ILM.D.U2.C.A050500.U2.EUR,D,U2,C,A050500,U2,EUR,2019-01-07,96,A,F,,,P1D,,E,,,,,,,,,0,,Marginal lending facility - Eurosystem,"Euro area (changing composition), Eurosystem reporting sector - Marginal lending facility, Euro - Euro area (changing composition) counterpart",EUR,6
ILM.D.U2.C.A050500.U2.EUR,D,U2,C,A050500,U2,EUR,2019-01-08,85,A,F,,,P1D,,E,,,,,,,,,0,,Marginal lending facility - Eurosystem,"Euro area (changing composition), Eurosystem reporting sector - Marginal lending facility, Euro - Euro area (changing composition) counterpart",EUR,6
ILM.D.U2.C.A050500.U2.EUR,D,U2,C,A050500,U2,EUR,2019-01-09,25,A,F,,,P1D,,E,,,,,,,,,0,,Marginal lending facility - Eurosystem,"Euro area (changing composition), Eurosystem reporting sector - Marginal lending facility, Euro - Euro area (changing composition) counterpart",EUR,6
ILM.D.U2.C.A050500.U2.EUR,D,U2,C,A050500,U2,EUR,2019-01-10,43,A,F,,,P1D,,E,,,,,,,,,0,,Marginal lending facility - Eurosystem,"Euro area (changing composition), Eurosystem reporting sector - Marginal lending facility, Euro - Euro area (changing composition) counterpart",EUR,6
ILM.D.U2.C.A050500.U2.EUR,D,U2,C,A050500,U2,EUR,2019-01-11,36,A,F,,,P1D,,E,,,,,,,,,0,,Marginal lending facility - Eurosystem,"Euro area (changing composition), Eurosystem reporting sector - Marginal lending facility, Euro - Euro area (changing composition) counterpart",EUR,6
ILM.D.U2.C.A050500.U2.EUR,D,U2,C,A050500,U2,EUR,2019-01-14,42,A,F,,,P1D,,E,,,,,,,,,0,,Marginal lending facility - Eurosystem,"Euro area (changing composition), Eurosystem reporting sector - Marginal lending facility, Euro - Euro area (changing composition) counterpart",EUR,6
ILM.D.U2.C.A050500.U2.EUR,D,U2,C,A050500,U2,EUR,2019-01-15,43,A,F,,,P1D,,E,,,,,,,,,0,,Marginal lending facility - Eurosystem,"Euro area (changing composition), Eurosystem reporting sector - Marginal lending facility, Euro - Euro area (changing composition) counterpart",EUR,6
ILM.D.U2.C.A050500.U2.EUR,D,U2,C,A050500,U2,EUR,2019-01-16,42,A,F,,,P1D,,E,,,,,,,,,0,,Marginal lending facility - Eurosystem,"Euro area (changing composition), Eurosystem reporting sector - Marginal lending facility, Euro - Euro area (changing composition) counterpart",EUR,6
ILM.D.U2.C.A050500.U2.EUR,D,U2,C,A050500,U2,EUR,2019-01-17,96,A,F,,,P1D,,E,,,,,,,,,0,,Marginal lending facility - Eurosystem,"Euro area (changing composition), Eurosystem reporting sector - Marginal lending facility, Euro - Euro area (changing composition) counterpart",EUR,6
ILM.D.U2.C.A050500.U2.EUR,D,U2,C,A050500,U2,EUR,2019-01-18,63,A,F,,,P1D,,E,,,,,,,,,0,,Marginal lending facility - Eurosystem,"Euro area (changing composition), Eurosystem reporting sector - Marginal lending facility, Euro - Euro area (changing composition) counterpart",EUR,6
ILM.D.U2.C.A050500.U2.EUR,D,U2,C,A050500,U2,EUR,2019-01-21,69,A,F,,,P1D,,E,,,,,,,,,0,,Marginal lending facility - Eurosystem,"Euro area (changing composition), Eurosystem reporting sector - Marginal lending facility, Euro - Euro area (changing composition) counterpart",EUR,6
ILM.D.U2.C.A050500.U2.EUR,D,U2,C,A050500,U2,EUR,2019-01-22,47,A,F,,,P1D,,E,,,,,,,,,0,,Marginal lending facility - Eurosystem,"Euro area (changing composition), Eurosystem reporting sector - Marginal lending facility, Euro - Euro area (changing composition) counterpart",EUR,6
ILM.D.U2.C.A050500.U2.EUR,D,U2,C,A050500,U2,EUR,2019-01-23,25,A,F,,,P1D,,E,,,,,,,,,0,,Marginal lending facility - Eurosystem,"Euro area (changing composition), Eurosystem reporting sector - Marginal lending facility, Euro - Euro area (changing composition) counterpart",EUR,6
ILM.D.U2.C.A050500.U2.EUR,D,U2,C,A050500,U2,EUR,2019-01-24,25,A,F,,,P1D,,E,,,,,,,,,0,,Marginal lending facility - Eurosystem,"Euro area (changing composition), Eurosystem reporting sector - Marginal lending facility, Euro - Euro area (changing composition) counterpart",EUR,6
ILM.D.U2.C.A050500.U2.EUR,D,U2,C,A050500,U2,EUR,2019-01-25,37,A,F,,,P1D,,E,,,,,,,,,0,,Marginal lending facility - Eurosystem,"Euro area (changing composition), Eurosystem reporting sector - Marginal lending facility, Euro - Euro area (changing composition) counterpart",EUR,6
ILM.D.U2.C.A050500.U2.EUR,D,U2,C,A050500,U2,EUR,2019-01-28,68,A,F,,,P1D,,E,,,,,,,,,0,,Marginal lending facility - Eurosystem,"Euro area (changing composition), Eurosystem reporting sector - Marginal lending facility, Euro - Euro area (changing composition) counterpart",EUR,6
ILM.D.U2.C.A050500.U2.EUR,D,U2,C,A050500,U2,EUR,2019-01-29,157,A,F,,,P1D,,E,,,,,,,,,0,,Marginal lending facility - Eurosystem,"Euro area (changing composition), Eurosystem reporting sector - Marginal lending facility, Euro - Euro area (changing composition) counterpart",EUR,6
ILM.D.U2.C.A050500.U2.EUR,D,U2,C,A050500,U2,EUR,2019-01-30,106,A,F,,,P1D,,E,,,,,,,,,0,,Marginal lending facility - Eurosystem,"Euro area (changing composition), Eurosystem reporting sector - Marginal lending facility, Euro - Euro area (changing composition) counterpart",EUR,6
ILM.D.U2.C.A050500.U2.EUR,D,U2,C,A050500,U2,EUR,2019-01-31,112,A,F,,,P1D,,E,,,,,,,,,0,,Marginal lending facility - Eurosystem,"Euro area (changing composition), Eurosystem reporting sector - Marginal lending facility, Euro - Euro area (changing composition) counterpart",EUR,6
ILM.D.U2.C.A050500.U2.EUR,D,U2,C,A050500,U2,EUR,2019-02-01,102,A,F,,,P1D,,E,,,,,,,,,0,,Marginal lending facility - Eurosystem,"Euro area (changing composition), Eurosystem reporting sector - Marginal lending facility, Euro - Euro area (changing composition) counterpart",EUR,6
ILM.D.U2.C.A050500.U2.EUR,D,U2,C,A050500,U2,EUR,2019-02-04,117,A,F,,,P1D,,E,,,,,,,,,0,,Marginal lending facility - Eurosystem,"Euro area (changing composition), Eurosystem reporting sector - Marginal lending facility, Euro - Euro area (changing composition) counterpart",EUR,6
ILM.D.U2.C.A050500.U2.EUR,D,U2,C,A050500,U2,EUR,2019-02-05,117,A,F,,,P1D,,E,,,,,,,,,0,,Marginal lending facility - Eurosystem,"Euro area (changing composition), Eurosystem reporting sector - Marginal lending facility, Euro - Euro area (changing composition) counterpart",EUR,6
ILM.D.U2.C.A050500.U2.EUR,D,U2,C,A050500,U2,EUR,2019-02-06,26,A,F,,,P1D,,E,,,,,,,,,0,,Marginal lending facility - Eurosystem,"Euro area (changing composition), Eurosystem reporting sector - Marginal lending facility, Euro - Euro area (changing composition) counterpart",EUR,6
ILM.D.U2.C.A050500.U2.EUR,D,U2,C,A050500,U2,EUR,2019-02-07,28,A,F,,,P1D,,E,,,,,,,,,0,,Marginal lending facility - Eurosystem,"Euro area (changing composition), Eurosystem reporting sector - Marginal lending facility, Euro - Euro area (changing composition) counterpart",EUR,6
ILM.D.U2.C.A050500.U2.EUR,D,U2,C,A050500,U2,EUR,2019-02-08,50,A,F,,,P1D,,E,,,,,,,,,0,,Marginal lending facility - Eurosystem,"Euro area (changing composition), Eurosystem reporting sector - Marginal lending facility, Euro - Euro area (changing composition) counterpart",EUR,6
ILM.D.U2.C.A050500.U2.EUR,D,U2,C,A050500,U2,EUR,2019-02-11,46,A,F,,,P1D,,E,,,,,,,,,0,,Marginal lending facility - Eurosystem,"Euro area (changing composition), Eurosystem reporting sector - Marginal lending facility, Euro - Euro area (changing composition) counterpart",EUR,6
ILM.D.U2.C.A050500.U2.EUR,D,U2,C,A050500,U2,EUR,2019-02-12,61,A,F,,,P1D,,E,,,,,,,,,0,,Marginal lending facility - Eurosystem,"Euro area (changing composition), Eurosystem reporting sector - Marginal lending facility, Euro - Euro area (changing composition) counterpart",EUR,6
ILM.D.U2.C.A050500.U2.EUR,D,U2,C,A050500,U2,EUR,2019-02-13,20,A,F,,,P1D,,E,,,,,,,,,0,,Marginal lending facility - Eurosystem,"Euro area (changing composition), Eurosystem reporting sector - Marginal lending facility, Euro - Euro area (changing composition) counterpart",EUR,6
ILM.D.U2.C.A050500.U2.EUR,D,U2,C,A050500,U2,EUR,2019-02-14,25,A,F,,,P1D,,E,,,,,,,,,0,,Marginal lending facility - Eurosystem,"Euro area (changing composition), Eurosystem reporting sector - Marginal lending facility, Euro - Euro area (changing composition) counterpart",EUR,6
ILM.D.U2.C.A050500.U2.EUR,D,U2,C,A050500,U2,EUR,2019-02-15,66,A,F,,,P1D,,E,,,,,,,,,0,,Marginal lending facility - Eurosystem,"Euro area (changing composition), Eurosystem reporting sector - Marginal lending facility, Euro - Euro area (changing composition) counterpart",EUR,6
ILM.D.U2.C.A050500.U2.EUR,D,U2,C,A050500,U2,EUR,2019-02-18,64,A,F,,,P1D,,E,,,,,,,,,0,,Marginal lending facility - Eurosystem,"Euro area (changing composition), Eurosystem reporting sector - Marginal lending facility, Euro - Euro area (changing composition) counterpart",EUR,6
ILM.D.U2.C.A050500.U2.EUR,D,U2,C,A050500,U2,EUR,2019-02-19,102,A,F,,,P1D,,E,,,,,,,,,0,,Marginal lending facility - Eurosystem,"Euro area (changing composition), Eurosystem reporting sector - Marginal lending facility, Euro - Euro area (changing composition) counterpart",EUR,6
ILM.D.U2.C.A050500.U2.EUR,D,U2,C,A050500,U2,EUR,2019-02-20,179,A,F,,,P1D,,E,,,,,,,,,0,,Marginal lending facility - Eurosystem,"Euro area (changing composition), Eurosystem reporting sector - Marginal lending facility, Euro - Euro area (changing composition) counterpart",EUR,6
ILM.D.U2.C.A050500.U2.EUR,D,U2,C,A050500,U2,EUR,2019-02-21,118,A,F,,,P1D,,E,,,,,,,,,0,,Marginal lending facility - Eurosystem,"Euro area (changing composition), Eurosystem reporting sector - Marginal lending facility, Euro - Euro area (changing composition) counterpart",EUR,6
ILM.D.U2.C.A050500.U2.EUR,D,U2,C,A050500,U2,EUR,2019-02-22,105,A,F,,,P1D,,E,,,,,,,,,0,,Marginal lending facility - Eurosystem,"Euro area (changing composition), Eurosystem reporting sector - Marginal lending facility, Euro - Euro area (changing composition) counterpart",EUR,6
ILM.D.U2.C.A050500.U2.EUR,D,U2,C,A050500,U2,EUR,2019-02-25,72,A,F,,,P1D,,E,,,,,,,,,0,,Marginal lending facility - Eurosystem,"Euro area (changing composition), Eurosystem reporting sector - Marginal lending facility, Euro - Euro area (changing composition) counterpart",EUR,6
ILM.D.U2.C.A050500.U2.EUR,D,U2,C,A050500,U2,EUR,2019-02-26,61,A,F,,,P1D,,E,,,,,,,,,0,,Marginal lending facility - Eurosystem,"Euro area (changing composition), Eurosystem reporting sector - Marginal lending facility, Euro - Euro area (changing composition) counterpart",EUR,6
ILM.D.U2.C.A050500.U2.EUR,D,U2,C,A050500,U2,EUR,2019-02-27,13,A,F,,,P1D,,E,,,,,,,,,0,,Marginal lending facility - Eurosystem,"Euro area (changing composition), Eurosystem reporting sector - Marginal lending facility, Euro - Euro area (changing composition) counterpart",EUR,6
ILM.D.U2.C.A050500.U2.EUR,D,U2,C,A050500,U2,EUR,2019-02-28,0,A,F,,,P1D,,E,,,,,,,,,0,,Marginal lending facility - Eurosystem,"Euro area (changing composition), Eurosystem reporting sector - Marginal lending facility, Euro - Euro area (changing composition) counterpart",EUR,6
ILM.D.U2.C.A050500.U2.EUR,D,U2,C,A050500,U2,EUR,2019-03-01,0,A,F,,,P1D,,E,,,,,,,,,0,,Marginal lending facility - Eurosystem,"Euro area (changing composition), Eurosystem reporting sector - Marginal lending facility, Euro - Euro area (changing composition) counterpart",EUR,6
ILM.D.U2.C.A050500.U2.EUR,D,U2,C,A050500,U2,EUR,2019-03-04,0,A,F,,,P1D,,E,,,,,,,,,0,,Marginal lending facility - Eurosystem,"Euro area (changing composition), Eurosystem reporting sector - Marginal lending facility, Euro - Euro area (changing composition) counterpart",EUR,6
ILM.D.U2.C.A050500.U2.EUR,D,U2,C,A050500,U2,EUR,2019-03-05,0,A,F,,,P1D,,E,,,,,,,,,0,,Marginal lending facility - Eurosystem,"Euro area (changing composition), Eurosystem reporting sector - Marginal lending facility, Euro - Euro area (changing composition) counterpart",EUR,6
ILM.D.U2.C.A050500.U2.EUR,D,U2,C,A050500,U2,EUR,2019-03-06,0,A,F,,,P1D,,E,,,,,,,,,0,,Marginal lending facility - Eurosystem,"Euro area (changing composition), Eurosystem reporting sector - Marginal lending facility, Euro - Euro area (changing composition) counterpart",EUR,6
ILM.D.U2.C.A050500.U2.EUR,D,U2,C,A050500,U2,EUR,2019-03-07,0,A,F,,,P1D,,E,,,,,,,,,0,,Marginal lending facility - Eurosystem,"Euro area (changing composition), Eurosystem reporting sector - Marginal lending facility, Euro - Euro area (changing composition) counterpart",EUR,6
ILM.D.U2.C.A050500.U2.EUR,D,U2,C,A050500,U2,EUR,2019-03-08,100,A,F,,,P1D,,E,,,,,,,,,0,,Marginal lending facility - Eurosystem,"Euro area (changing composition), Eurosystem reporting sector - Marginal lending facility, Euro - Euro area (changing composition) counterpart",EUR,6
ILM.D.U2.C.A050500.U2.EUR,D,U2,C,A050500,U2,EUR,2019-03-11,0,A,F,,,P1D,,E,,,,,,,,,0,,Marginal lending facility - Eurosystem,"Euro area (changing composition), Eurosystem reporting sector - Marginal lending facility, Euro - Euro area (changing composition) counterpart",EUR,6
ILM.D.U2.C.A050500.U2.EUR,D,U2,C,A050500,U2,EUR,2019-03-12,0,A,F,,,P1D,,E,,,,,,,,,0,,Marginal lending facility - Eurosystem,"Euro area (changing composition), Eurosystem reporting sector - Marginal lending facility, Euro - Euro area (changing composition) counterpart",EUR,6
ILM.D.U2.C.A050500.U2.EUR,D,U2,C,A050500,U2,EUR,2019-03-13,1,A,F,,,P1D,,E,,,,,,,,,0,,Marginal lending facility - Eurosystem,"Euro area (changing composition), Eurosystem reporting sector - Marginal lending facility, Euro - Euro area (changing composition) counterpart",EUR,6
ILM.D.U2.C.A050500.U2.EUR,D,U2,C,A050500,U2,EUR,2019-03-14,3,A,F,,,P1D,,E,,,,,,,,,0,,Marginal lending facility - Eurosystem,"Euro area (changing composition), Eurosystem reporting sector - Marginal lending facility, Euro - Euro area (changing composition) counterpart",EUR,6
ILM.D.U2.C.A050500.U2.EUR,D,U2,C,A050500,U2,EUR,2019-03-15,1,A,F,,,P1D,,E,,,,,,,,,0,,Marginal lending facility - Eurosystem,"Euro area (changing composition), Eurosystem reporting sector - Marginal lending facility, Euro - Euro area (changing composition) counterpart",EUR,6
ILM.D.U2.C.A050500.U2.EUR,D,U2,C,A050500,U2,EUR,2019-03-18,5,A,F,,,P1D,,E,,,,,,,,,0,,Marginal lending facility - Eurosystem,"Euro area (changing composition), Eurosystem reporting sector - Marginal lending facility, Euro - Euro area (changing composition) counterpart",EUR,6
ILM.D.U2.C.A050500.U2.EUR,D,U2,C,A050500,U2,EUR,2019-03-19,12,A,F,,,P1D,,E,,,,,,,,,0,,Marginal lending facility - Eurosystem,"Euro area (changing composition), Eurosystem reporting sector - Marginal lending facility, Euro - Euro area (changing composition) counterpart",EUR,6
ILM.D.U2.C.A050500.U2.EUR,D,U2,C,A050500,U2,EUR,2019-03-20,0,A,F,,,P1D,,E,,,,,,,,,0,,Marginal lending facility - Eurosystem,"Euro area (changing composition), Eurosystem reporting sector - Marginal lending facility, Euro - Euro area (changing composition) counterpart",EUR,6
ILM.D.U2.C.A050500.U2.EUR,D,U2,C,A050500,U2,EUR,2019-03-21,0,A,F,,,P1D,,E,,,,,,,,,0,,Marginal lending facility - Eurosystem,"Euro area (changing composition), Eurosystem reporting sector - Marginal lending facility, Euro - Euro area (changing composition) counterpart",EUR,6
ILM.D.U2.C.A050500.U2.EUR,D,U2,C,A050500,U2,EUR,2019-03-22,0,A,F,,,P1D,,E,,,,,,,,,0,,Marginal lending facility - Eurosystem,"Euro area (changing composition), Eurosystem reporting sector - Marginal lending facility, Euro - Euro area (changing composition) counterpart",EUR,6
ILM.D.U2.C.A050500.U2.EUR,D,U2,C,A050500,U2,EUR,2019-03-25,0,A,F,,,P1D,,E,,,,,,,,,0,,Marginal lending facility - Eurosystem,"Euro area (changing composition), Eurosystem reporting sector - Marginal lending facility, Euro - Euro area (changing composition) counterpart",EUR,6
ILM.D.U2.C.A050500.U2.EUR,D,U2,C,A050500,U2,EUR,2019-03-26,0,A,F,,,P1D,,E,,,,,,,,,0,,Marginal lending facility - Eurosystem,"Euro area (changing composition), Eurosystem reporting sector - Marginal lending facility, Euro - Euro area (changing composition) counterpart",EUR,6
ILM.D.U2.C.A050500.U2.EUR,D,U2,C,A050500,U2,EUR,2019-03-27,18,A,F,,,P1D,,E,,,,,,,,,0,,Marginal lending facility - Eurosystem,"Euro area (changing composition), Eurosystem reporting sector - Marginal lending facility, Euro - Euro area (changing composition) counterpart",EUR,6
ILM.D.U2.C.A050500.U2.EUR,D,U2,C,A050500,U2,EUR,2019-03-28,0,A,F,,,P1D,,E,,,,,,,,,0,,Marginal lending facility - Eurosystem,"Euro area (changing composition), Eurosystem reporting sector - Marginal lending facility, Euro - Euro area (changing composition) counterpart",EUR,6
ILM.D.U2.C.A050500.U2.EUR,D,U2,C,A050500,U2,EUR,2019-03-29,535,A,F,,,P1D,,E,,,,,,,,,0,,Marginal lending facility - Eurosystem,"Euro area (changing composition), Eurosystem reporting sector - Marginal lending facility, Euro - Euro area (changing composition) counterpart",EUR,6
ILM.D.U2.C.A050500.U2.EUR,D,U2,C,A050500,U2,EUR,2019-04-01,0,A,F,,,P1D,,E,,,,,,,,,0,,Marginal lending facility - Eurosystem,"Euro area (changing composition), Eurosystem reporting sector - Marginal lending facility, Euro - Euro area (changing composition) counterpart",EUR,6
ILM.D.U2.C.A050500.U2.EUR,D,U2,C,A050500,U2,EUR,2019-04-02,0,A,F,,,P1D,,E,,,,,,,,,0,,Marginal lending facility - Eurosystem,"Euro area (changing composition), Eurosystem reporting sector - Marginal lending facility, Euro - Euro area (changing composition) counterpart",EUR,6
ILM.D.U2.C.A050500.U2.EUR,D,U2,C,A050500,U2,EUR,2019-04-03,0,A,F,,,P1D,,E,,,,,,,,,0,,Marginal lending facility - Eurosystem,"Euro area (changing composition), Eurosystem reporting sector - Marginal lending facility, Euro - Euro area (changing composition) counterpart",EUR,6
ILM.D.U2.C.A050500.U2.EUR,D,U2,C,A050500,U2,EUR,2019-04-04,1,A,F,,,P1D,,E,,,,,,,,,0,,Marginal lending facility - Eurosystem,"Euro area (changing composition), Eurosystem reporting sector - Marginal lending facility, Euro - Euro area (changing composition) counterpart",EUR,6
ILM.D.U2.C.A050500.U2.EUR,D,U2,C,A050500,U2,EUR,2019-04-05,0,A,F,,,P1D,,E,,,,,,,,,0,,Marginal lending facility - Eurosystem,"Euro area (changing composition), Eurosystem reporting sector - Marginal lending facility, Euro - Euro area (changing composition) counterpart",EUR,6
ILM.D.U2.C.A050500.U2.EUR,D,U2,C,A050500,U2,EUR,2019-04-08,0,A,F,,,P1D,,E,,,,,,,,,0,,Marginal lending facility - Eurosystem,"Euro area (changing composition), Eurosystem reporting sector - Marginal lending facility, Euro - Euro area (changing composition) counterpart",EUR,6
ILM.D.U2.C.A050500.U2.EUR,D,U2,C,A050500,U2,EUR,2019-04-09,0,A,F,,,P1D,,E,,,,,,,,,0,,Marginal lending facility - Eurosystem,"Euro area (changing composition), Eurosystem reporting sector - Marginal lending facility, Euro - Euro area (changing composition) counterpart",EUR,6
ILM.D.U2.C.A050500.U2.EUR,D,U2,C,A050500,U2,EUR,2019-04-10,141,A,F,,,P1D,,E,,,,,,,,,0,,Marginal lending facility - Eurosystem,"Euro area (changing composition), Eurosystem reporting sector - Marginal lending facility, Euro - Euro area (changing composition) counterpart",EUR,6
ILM.D.U2.C.A050500.U2.EUR,D,U2,C,A050500,U2,EUR,2019-04-11,2,A,F,,,P1D,,E,,,,,,,,,0,,Marginal lending facility - Eurosystem,"Euro area (changing composition), Eurosystem reporting sector - Marginal lending facility, Euro - Euro area (changing composition) counterpart",EUR,6
ILM.D.U2.C.A050500.U2.EUR,D,U2,C,A050500,U2,EUR,2019-04-12,53,A,F,,,P1D,,E,,,,,,,,,0,,Marginal lending facility - Eurosystem,"Euro area (changing composition), Eurosystem reporting sector - Marginal lending facility, Euro - Euro area (changing composition) counterpart",EUR,6
ILM.D.U2.C.A050500.U2.EUR,D,U2,C,A050500,U2,EUR,2019-04-15,27,A,F,,,P1D,,E,,,,,,,,,0,,Marginal lending facility - Eurosystem,"Euro area (changing composition), Eurosystem reporting sector - Marginal lending facility, Euro - Euro area (changing composition) counterpart",EUR,6
ILM.D.U2.C.A050500.U2.EUR,D,U2,C,A050500,U2,EUR,2019-04-16,23,A,F,,,P1D,,E,,,,,,,,,0,,Marginal lending facility - Eurosystem,"Euro area (changing composition), Eurosystem reporting sector - Marginal lending facility, Euro - Euro area (changing composition) counterpart",EUR,6
ILM.D.U2.C.A050500.U2.EUR,D,U2,C,A050500,U2,EUR,2019-04-17,7,A,F,,,P1D,,E,,,,,,,,,0,,Marginal lending facility - Eurosystem,"Euro area (changing composition), Eurosystem reporting sector - Marginal lending facility, Euro - Euro area (changing composition) counterpart",EUR,6
ILM.D.U2.C.A050500.U2.EUR,D,U2,C,A050500,U2,EUR,2019-04-18,3705,A,F,,,P1D,,E,,,,,,,,,0,,Marginal lending facility - Eurosystem,"Euro area (changing composition), Eurosystem reporting sector - Marginal lending facility, Euro - Euro area (changing composition) counterpart",EUR,6
ILM.D.U2.C.A050500.U2.EUR,D,U2,C,A050500,U2,EUR,2019-04-19,3705,A,F,,,P1D,,E,,,,,,,,,0,,Marginal lending facility - Eurosystem,"Euro area (changing composition), Eurosystem reporting sector - Marginal lending facility, Euro - Euro area (changing composition) counterpart",EUR,6
ILM.D.U2.C.A050500.U2.EUR,D,U2,C,A050500,U2,EUR,2019-04-22,3705,A,F,,,P1D,,E,,,,,,,,,0,,Marginal lending facility - Eurosystem,"Euro area (changing composition), Eurosystem reporting sector - Marginal lending facility, Euro - Euro area (changing composition) counterpart",EUR,6
ILM.D.U2.C.A050500.U2.EUR,D,U2,C,A050500,U2,EUR,2019-04-23,0,A,F,,,P1D,,E,,,,,,,,,0,,Marginal lending facility - Eurosystem,"Euro area (changing composition), Eurosystem reporting sector - Marginal lending facility, Euro - Euro area (changing composition) counterpart",EUR,6
ILM.D.U2.C.A050500.U2.EUR,D,U2,C,A050500,U2,EUR,2019-04-24,4,A,F,,,P1D,,E,,,,,,,,,0,,Marginal lending facility - Eurosystem,"Euro area (changing composition), Eurosystem reporting sector - Marginal lending facility, Euro - Euro area (changing composition) counterpart",EUR,6
ILM.D.U2.C.A050500.U2.EUR,D,U2,C,A050500,U2,EUR,2019-04-25,0,A,F,,,P1D,,E,,,,,,,,,0,,Marginal lending facility - Eurosystem,"Euro area (changing composition), Eurosystem reporting sector - Marginal lending facility, Euro - Euro area (changing composition) counterpart",EUR,6
ILM.D.U2.C.A050500.U2.EUR,D,U2,C,A050500,U2,EUR,2019-04-26,142,A,F,,,P1D,,E,,,,,,,,,0,,Marginal lending facility - Eurosystem,"Euro area (changing composition), Eurosystem reporting sector - Marginal lending facility, Euro - Euro area (changing composition) counterpart",EUR,6
ILM.D.U2.C.A050500.U2.EUR,D,U2,C,A050500,U2,EUR,2019-04-29,12,A,F,,,P1D,,E,,,,,,,,,0,,Marginal lending facility - Eurosystem,"Euro area (changing composition), Eurosystem reporting sector - Marginal lending facility, Euro - Euro area (changing composition) counterpart",EUR,6
ILM.D.U2.C.A050500.U2.EUR,D,U2,C,A050500,U2,EUR,2019-04-30,22,A,F,,,P1D,,E,,,,,,,,,0,,Marginal lending facility - Eurosystem,"Euro area (changing composition), Eurosystem reporting sector - Marginal lending facility, Euro - Euro area (changing composition) counterpart",EUR,6
ILM.D.U2.C.A050500.U2.EUR,D,U2,C,A050500,U2,EUR,2019-05-01,22,A,F,,,P1D,,E,,,,,,,,,0,,Marginal lending facility - Eurosystem,"Euro area (changing composition), Eurosystem reporting sector - Marginal lending facility, Euro - Euro area (changing composition) counterpart",EUR,6
ILM.D.U2.C.A050500.U2.EUR,D,U2,C,A050500,U2,EUR,2019-05-02,0,A,F,,,P1D,,E,,,,,,,,,0,,Marginal lending facility - Eurosystem,"Euro area (changing composition), Eurosystem reporting sector - Marginal lending facility, Euro - Euro area (changing composition) counterpart",EUR,6
ILM.D.U2.C.A050500.U2.EUR,D,U2,C,A050500,U2,EUR,2019-05-03,0,A,F,,,P1D,,E,,,,,,,,,0,,Marginal lending facility - Eurosystem,"Euro area (changing composition), Eurosystem reporting sector - Marginal lending facility, Euro - Euro area (changing composition) counterpart",EUR,6
ILM.D.U2.C.A050500.U2.EUR,D,U2,C,A050500,U2,EUR,2019-05-06,0,A,F,,,P1D,,E,,,,,,,,,0,,Marginal lending facility - Eurosystem,"Euro area (changing composition), Eurosystem reporting sector - Marginal lending facility, Euro - Euro area (changing composition) counterpart",EUR,6
ILM.D.U2.C.A050500.U2.EUR,D,U2,C,A050500,U2,EUR,2019-05-07,0,A,F,,,P1D,,E,,,,,,,,,0,,Marginal lending facility - Eurosystem,"Euro area (changing composition), Eurosystem reporting sector - Marginal lending facility, Euro - Euro area (changing composition) counterpart",EUR,6
ILM.D.U2.C.A050500.U2.EUR,D,U2,C,A050500,U2,EUR,2019-05-08,0,A,F,,,P1D,,E,,,,,,,,,0,,Marginal lending facility - Eurosystem,"Euro area (changing composition), Eurosystem reporting sector - Marginal lending facility, Euro - Euro area (changing composition) counterpart",EUR,6
ILM.D.U2.C.A050500.U2.EUR,D,U2,C,A050500,U2,EUR,2019-05-09,0,A,F,,,P1D,,E,,,,,,,,,0,,Marginal lending facility - Eurosystem,"Euro area (changing composition), Eurosystem reporting sector - Marginal lending facility, Euro - Euro area (changing composition) counterpart",EUR,6
ILM.D.U2.C.A050500.U2.EUR,D,U2,C,A050500,U2,EUR,2019-05-10,0,A,F,,,P1D,,E,,,,,,,,,0,,Marginal lending facility - Eurosystem,"Euro area (changing composition), Eurosystem reporting sector - Marginal lending facility, Euro - Euro area (changing composition) counterpart",EUR,6
ILM.D.U2.C.A050500.U2.EUR,D,U2,C,A050500,U2,EUR,2019-05-13,1,A,F,,,P1D,,E,,,,,,,,,0,,Marginal lending facility - Eurosystem,"Euro area (changing composition), Eurosystem reporting sector - Marginal lending facility, Euro - Euro area (changing composition) counterpart",EUR,6
ILM.D.U2.C.A050500.U2.EUR,D,U2,C,A050500,U2,EUR,2019-05-14,124,A,F,,,P1D,,E,,,,,,,,,0,,Marginal lending facility - Eurosystem,"Euro area (changing composition), Eurosystem reporting sector - Marginal lending facility, Euro - Euro area (changing composition) counterpart",EUR,6
ILM.D.U2.C.A050500.U2.EUR,D,U2,C,A050500,U2,EUR,2019-05-15,3,A,F,,,P1D,,E,,,,,,,,,0,,Marginal lending facility - Eurosystem,"Euro area (changing composition), Eurosystem reporting sector - Marginal lending facility, Euro - Euro area (changing composition) counterpart",EUR,6
ILM.D.U2.C.A050500.U2.EUR,D,U2,C,A050500,U2,EUR,2019-05-16,6,A,F,,,P1D,,E,,,,,,,,,0,,Marginal lending facility - Eurosystem,"Euro area (changing composition), Eurosystem reporting sector - Marginal lending facility, Euro - Euro area (changing composition) counterpart",EUR,6
ILM.D.U2.C.A050500.U2.EUR,D,U2,C,A050500,U2,EUR,2019-05-17,0,A,F,,,P1D,,E,,,,,,,,,0,,Marginal lending facility - Eurosystem,"Euro area (changing composition), Eurosystem reporting sector - Marginal lending facility, Euro - Euro area (changing composition) counterpart",EUR,6
ILM.D.U2.C.A050500.U2.EUR,D,U2,C,A050500,U2,EUR,2019-05-20,0,A,F,,,P1D,,E,,,,,,,,,0,,Marginal lending facility - Eurosystem,"Euro area (changing composition), Eurosystem reporting sector - Marginal lending facility, Euro - Euro area (changing composition) counterpart",EUR,6
ILM.D.U2.C.A050500.U2.EUR,D,U2,C,A050500,U2,EUR,2019-05-21,0,A,F,,,P1D,,E,,,,,,,,,0,,Marginal lending facility - Eurosystem,"Euro area (changing composition), Eurosystem reporting sector - Marginal lending facility, Euro - Euro area (changing composition) counterpart",EUR,6
ILM.D.U2.C.A050500.U2.EUR,D,U2,C,A050500,U2,EUR,2019-05-22,4,A,F,,,P1D,,E,,,,,,,,,0,,Marginal lending facility - Eurosystem,"Euro area (changing composition), Eurosystem reporting sector - Marginal lending facility, Euro - Euro area (changing composition) counterpart",EUR,6
ILM.D.U2.C.A050500.U2.EUR,D,U2,C,A050500,U2,EUR,2019-05-23,9,A,F,,,P1D,,E,,,,,,,,,0,,Marginal lending facility - Eurosystem,"Euro area (changing composition), Eurosystem reporting sector - Marginal lending facility, Euro - Euro area (changing composition) counterpart",EUR,6
ILM.D.U2.C.A050500.U2.EUR,D,U2,C,A050500,U2,EUR,2019-05-24,20,A,F,,,P1D,,E,,,,,,,,,0,,Marginal lending facility - Eurosystem,"Euro area (changing composition), Eurosystem reporting sector - Marginal lending facility, Euro - Euro area (changing composition) counterpart",EUR,6
ILM.D.U2.C.A050500.U2.EUR,D,U2,C,A050500,U2,EUR,2019-05-27,16,A,F,,,P1D,,E,,,,,,,,,0,,Marginal lending facility - Eurosystem,"Euro area (changing composition), Eurosystem reporting sector - Marginal lending facility, Euro - Euro area (changing composition) counterpart",EUR,6
ILM.D.U2.C.A050500.U2.EUR,D,U2,C,A050500,U2,EUR,2019-05-28,11,A,F,,,P1D,,E,,,,,,,,,0,,Marginal lending facility - Eurosystem,"Euro area (changing composition), Eurosystem reporting sector - Marginal lending facility, Euro - Euro area (changing composition) counterpart",EUR,6
ILM.D.U2.C.A050500.U2.EUR,D,U2,C,A050500,U2,EUR,2019-05-29,0,A,F,,,P1D,,E,,,,,,,,,0,,Marginal lending facility - Eurosystem,"Euro area (changing composition), Eurosystem reporting sector - Marginal lending facility, Euro - Euro area (changing composition) counterpart",EUR,6
ILM.D.U2.C.A050500.U2.EUR,D,U2,C,A050500,U2,EUR,2019-05-30,1,A,F,,,P1D,,E,,,,,,,,,0,,Marginal lending facility - Eurosystem,"Euro area (changing composition), Eurosystem reporting sector - Marginal lending facility, Euro - Euro area (changing composition) counterpart",EUR,6
ILM.D.U2.C.A050500.U2.EUR,D,U2,C,A050500,U2,EUR,2019-05-31,120,A,F,,,P1D,,E,,,,,,,,,0,,Marginal lending facility - Eurosystem,"Euro area (changing composition), Eurosystem reporting sector - Marginal lending facility, Euro - Euro area (changing composition) counterpart",EUR,6
ILM.D.U2.C.A050500.U2.EUR,D,U2,C,A050500,U2,EUR,2019-06-03,0,A,F,,,P1D,,E,,,,,,,,,0,,Marginal lending facility - Eurosystem,"Euro area (changing composition), Eurosystem reporting sector - Marginal lending facility, Euro - Euro area (changing composition) counterpart",EUR,6
ILM.D.U2.C.A050500.U2.EUR,D,U2,C,A050500,U2,EUR,2019-06-04,0,A,F,,,P1D,,E,,,,,,,,,0,,Marginal lending facility - Eurosystem,"Euro area (changing composition), Eurosystem reporting sector - Marginal lending facility, Euro - Euro area (changing composition) counterpart",EUR,6
ILM.D.U2.C.A050500.U2.EUR,D,U2,C,A050500,U2,EUR,2019-06-05,80,A,F,,,P1D,,E,,,,,,,,,0,,Marginal lending facility - Eurosystem,"Euro area (changing composition), Eurosystem reporting sector - Marginal lending facility, Euro - Euro area (changing composition) counterpart",EUR,6
ILM.D.U2.C.A050500.U2.EUR,D,U2,C,A050500,U2,EUR,2019-06-06,61,A,F,,,P1D,,E,,,,,,,,,0,,Marginal lending facility - Eurosystem,"Euro area (changing composition), Eurosystem reporting sector - Marginal lending facility, Euro - Euro area (changing composition) counterpart",EUR,6
ILM.D.U2.C.A050500.U2.EUR,D,U2,C,A050500,U2,EUR,2019-06-07,0,A,F,,,P1D,,E,,,,,,,,,0,,Marginal lending facility - Eurosystem,"Euro area (changing composition), Eurosystem reporting sector - Marginal lending facility, Euro - Euro area (changing composition) counterpart",EUR,6
ILM.D.U2.C.A050500.U2.EUR,D,U2,C,A050500,U2,EUR,2019-06-10,4,A,F,,,P1D,,E,,,,,,,,,0,,Marginal lending facility - Eurosystem,"Euro area (changing composition), Eurosystem reporting sector - Marginal lending facility, Euro - Euro area (changing composition) counterpart",EUR,6
ILM.D.U2.C.A050500.U2.EUR,D,U2,C,A050500,U2,EUR,2019-06-11,205,A,F,,,P1D,,E,,,,,,,,,0,,Marginal lending facility - Eurosystem,"Euro area (changing composition), Eurosystem reporting sector - Marginal lending facility, Euro - Euro area (changing composition) counterpart",EUR,6
ILM.D.U2.C.A050500.U2.EUR,D,U2,C,A050500,U2,EUR,2019-06-12,0,A,F,,,P1D,,E,,,,,,,,,0,,Marginal lending facility - Eurosystem,"Euro area (changing composition), Eurosystem reporting sector - Marginal lending facility, Euro - Euro area (changing composition) counterpart",EUR,6
ILM.D.U2.C.A050500.U2.EUR,D,U2,C,A050500,U2,EUR,2019-06-13,0,A,F,,,P1D,,E,,,,,,,,,0,,Marginal lending facility - Eurosystem,"Euro area (changing composition), Eurosystem reporting sector - Marginal lending facility, Euro - Euro area (changing composition) counterpart",EUR,6
ILM.D.U2.C.A050500.U2.EUR,D,U2,C,A050500,U2,EUR,2019-06-14,0,A,F,,,P1D,,E,,,,,,,,,0,,Marginal lending facility - Eurosystem,"Euro area (changing composition), Eurosystem reporting sector - Marginal lending facility, Euro - Euro area (changing composition) counterpart",EUR,6
ILM.D.U2.C.A050500.U2.EUR,D,U2,C,A050500,U2,EUR,2019-06-17,26,A,F,,,P1D,,E,,,,,,,,,0,,Marginal lending facility - Eurosystem,"Euro area (changing composition), Eurosystem reporting sector - Marginal lending facility, Euro - Euro area (changing composition) counterpart",EUR,6
ILM.D.U2.C.A050500.U2.EUR,D,U2,C,A050500,U2,EUR,2019-06-18,0,A,F,,,P1D,,E,,,,,,,,,0,,Marginal lending facility - Eurosystem,"Euro area (changing composition), Eurosystem reporting sector - Marginal lending facility, Euro - Euro area (changing composition) counterpart",EUR,6
ILM.D.U2.C.A050500.U2.EUR,D,U2,C,A050500,U2,EUR,2019-06-19,1,A,F,,,P1D,,E,,,,,,,,,0,,Marginal lending facility - Eurosystem,"Euro area (changing composition), Eurosystem reporting sector - Marginal lending facility, Euro - Euro area (changing composition) counterpart",EUR,6
ILM.D.U2.C.A050500.U2.EUR,D,U2,C,A050500,U2,EUR,2019-06-20,0,A,F,,,P1D,,E,,,,,,,,,0,,Marginal lending facility - Eurosystem,"Euro area (changing composition), Eurosystem reporting sector - Marginal lending facility, Euro - Euro area (changing composition) counterpart",EUR,6
ILM.D.U2.C.A050500.U2.EUR,D,U2,C,A050500,U2,EUR,2019-06-21,6,A,F,,,P1D,,E,,,,,,,,,0,,Marginal lending facility - Eurosystem,"Euro area (changing composition), Eurosystem reporting sector - Marginal lending facility, Euro - Euro area (changing composition) counterpart",EUR,6
ILM.D.U2.C.A050500.U2.EUR,D,U2,C,A050500,U2,EUR,2019-06-24,4,A,F,,,P1D,,E,,,,,,,,,0,,Marginal lending facility - Eurosystem,"Euro area (changing composition), Eurosystem reporting sector - Marginal lending facility, Euro - Euro area (changing composition) counterpart",EUR,6
ILM.D.U2.C.A050500.U2.EUR,D,U2,C,A050500,U2,EUR,2019-06-25,6,A,F,,,P1D,,E,,,,,,,,,0,,Marginal lending facility - Eurosystem,"Euro area (changing composition), Eurosystem reporting sector - Marginal lending facility, Euro - Euro area (changing composition) counterpart",EUR,6
ILM.D.U2.C.A050500.U2.EUR,D,U2,C,A050500,U2,EUR,2019-06-26,28,A,F,,,P1D,,E,,,,,,,,,0,,Marginal lending facility - Eurosystem,"Euro area (changing composition), Eurosystem reporting sector - Marginal lending facility, Euro - Euro area (changing composition) counterpart",EUR,6
ILM.D.U2.C.A050500.U2.EUR,D,U2,C,A050500,U2,EUR,2019-06-27,25,A,F,,,P1D,,E,,,,,,,,,0,,Marginal lending facility - Eurosystem,"Euro area (changing composition), Eurosystem reporting sector - Marginal lending facility, Euro - Euro area (changing composition) counterpart",EUR,6
ILM.D.U2.C.A050500.U2.EUR,D,U2,C,A050500,U2,EUR,2019-06-28,4,A,F,,,P1D,,E,,,,,,,,,0,,Marginal lending facility - Eurosystem,"Euro area (changing composition), Eurosystem reporting sector - Marginal lending facility, Euro - Euro area (changing composition) counterpart",EUR,6
ILM.D.U2.C.A050500.U2.EUR,D,U2,C,A050500,U2,EUR,2019-07-01,10,A,F,,,P1D,,E,,,,,,,,,0,,Marginal lending facility - Eurosystem,"Euro area (changing composition), Eurosystem reporting sector - Marginal lending facility, Euro - Euro area (changing composition) counterpart",EUR,6
ILM.D.U2.C.A050500.U2.EUR,D,U2,C,A050500,U2,EUR,2019-07-02,1036,A,F,,,P1D,,E,,,,,,,,,0,,Marginal lending facility - Eurosystem,"Euro area (changing composition), Eurosystem reporting sector - Marginal lending facility, Euro - Euro area (changing composition) counterpart",EUR,6
ILM.D.U2.C.A050500.U2.EUR,D,U2,C,A050500,U2,EUR,2019-07-03,0,A,F,,,P1D,,E,,,,,,,,,0,,Marginal lending facility - Eurosystem,"Euro area (changing composition), Eurosystem reporting sector - Marginal lending facility, Euro - Euro area (changing composition) counterpart",EUR,6
ILM.D.U2.C.A050500.U2.EUR,D,U2,C,A050500,U2,EUR,2019-07-04,0,A,F,,,P1D,,E,,,,,,,,,0,,Marginal lending facility - Eurosystem,"Euro area (changing composition), Eurosystem reporting sector - Marginal lending facility, Euro - Euro area (changing composition) counterpart",EUR,6
ILM.D.U2.C.A050500.U2.EUR,D,U2,C,A050500,U2,EUR,2019-07-05,0,A,F,,,P1D,,E,,,,,,,,,0,,Marginal lending facility - Eurosystem,"Euro area (changing composition), Eurosystem reporting sector - Marginal lending facility, Euro - Euro area (changing composition) counterpart",EUR,6
ILM.D.U2.C.A050500.U2.EUR,D,U2,C,A050500,U2,EUR,2019-07-08,0,A,F,,,P1D,,E,,,,,,,,,0,,Marginal lending facility - Eurosystem,"Euro area (changing composition), Eurosystem reporting sector - Marginal lending facility, Euro - Euro area (changing composition) counterpart",EUR,6
ILM.D.U2.C.A050500.U2.EUR,D,U2,C,A050500,U2,EUR,2019-07-09,0,A,F,,,P1D,,E,,,,,,,,,0,,Marginal lending facility - Eurosystem,"Euro area (changing composition), Eurosystem reporting sector - Marginal lending facility, Euro - Euro area (changing composition) counterpart",EUR,6
ILM.D.U2.C.A050500.U2.EUR,D,U2,C,A050500,U2,EUR,2019-07-10,0,A,F,,,P1D,,E,,,,,,,,,0,,Marginal lending facility - Eurosystem,"Euro area (changing composition), Eurosystem reporting sector - Marginal lending facility, Euro - Euro area (changing composition) counterpart",EUR,6
ILM.D.U2.C.A050500.U2.EUR,D,U2,C,A050500,U2,EUR,2019-07-11,2,A,F,,,P1D,,E,,,,,,,,,0,,Marginal lending facility - Eurosystem,"Euro area (changing composition), Eurosystem reporting sector - Marginal lending facility, Euro - Euro area (changing composition) counterpart",EUR,6
ILM.D.U2.C.A050500.U2.EUR,D,U2,C,A050500,U2,EUR,2019-07-12,0,A,F,,,P1D,,E,,,,,,,,,0,,Marginal lending facility - Eurosystem,"Euro area (changing composition), Eurosystem reporting sector - Marginal lending facility, Euro - Euro area (changing composition) counterpart",EUR,6
ILM.D.U2.C.A050500.U2.EUR,D,U2,C,A050500,U2,EUR,2019-07-15,13,A,F,,,P1D,,E,,,,,,,,,0,,Marginal lending facility - Eurosystem,"Euro area (changing composition), Eurosystem reporting sector - Marginal lending facility, Euro - Euro area (changing composition) counterpart",EUR,6
ILM.D.U2.C.A050500.U2.EUR,D,U2,C,A050500,U2,EUR,2019-07-16,3,A,F,,,P1D,,E,,,,,,,,,0,,Marginal lending facility - Eurosystem,"Euro area (changing composition), Eurosystem reporting sector - Marginal lending facility, Euro - Euro area (changing composition) counterpart",EUR,6
ILM.D.U2.C.A050500.U2.EUR,D,U2,C,A050500,U2,EUR,2019-07-17,0,A,F,,,P1D,,E,,,,,,,,,0,,Marginal lending facility - Eurosystem,"Euro area (changing composition), Eurosystem reporting sector - Marginal lending facility, Euro - Euro area (changing composition) counterpart",EUR,6
ILM.D.U2.C.A050500.U2.EUR,D,U2,C,A050500,U2,EUR,2019-07-18,0,A,F,,,P1D,,E,,,,,,,,,0,,Marginal lending facility - Eurosystem,"Euro area (changing composition), Eurosystem reporting sector - Marginal lending facility, Euro - Euro area (changing composition) counterpart",EUR,6
ILM.D.U2.C.A050500.U2.EUR,D,U2,C,A050500,U2,EUR,2019-07-19,0,A,F,,,P1D,,E,,,,,,,,,0,,Marginal lending facility - Eurosystem,"Euro area (changing composition), Eurosystem reporting sector - Marginal lending facility, Euro - Euro area (changing composition) counterpart",EUR,6
ILM.D.U2.C.A050500.U2.EUR,D,U2,C,A050500,U2,EUR,2019-07-22,0,A,F,,,P1D,,E,,,,,,,,,0,,Marginal lending facility - Eurosystem,"Euro area (changing composition), Eurosystem reporting sector - Marginal lending facility, Euro - Euro area (changing composition) counterpart",EUR,6
ILM.D.U2.C.A050500.U2.EUR,D,U2,C,A050500,U2,EUR,2019-07-23,4,A,F,,,P1D,,E,,,,,,,,,0,,Marginal lending facility - Eurosystem,"Euro area (changing composition), Eurosystem reporting sector - Marginal lending facility, Euro - Euro area (changing composition) counterpart",EUR,6
ILM.D.U2.C.A050500.U2.EUR,D,U2,C,A050500,U2,EUR,2019-07-24,8,A,F,,,P1D,,E,,,,,,,,,0,,Marginal lending facility - Eurosystem,"Euro area (changing composition), Eurosystem reporting sector - Marginal lending facility, Euro - Euro area (changing composition) counterpart",EUR,6
ILM.D.U2.C.A050500.U2.EUR,D,U2,C,A050500,U2,EUR,2019-07-25,10,A,F,,,P1D,,E,,,,,,,,,0,,Marginal lending facility - Eurosystem,"Euro area (changing composition), Eurosystem reporting sector - Marginal lending facility, Euro - Euro area (changing composition) counterpart",EUR,6
ILM.D.U2.C.A050500.U2.EUR,D,U2,C,A050500,U2,EUR,2019-07-26,9,A,F,,,P1D,,E,,,,,,,,,0,,Marginal lending facility - Eurosystem,"Euro area (changing composition), Eurosystem reporting sector - Marginal lending facility, Euro - Euro area (changing composition) counterpart",EUR,6
ILM.D.U2.C.A050500.U2.EUR,D,U2,C,A050500,U2,EUR,2019-07-29,35,A,F,,,P1D,,E,,,,,,,,,0,,Marginal lending facility - Eurosystem,"Euro area (changing composition), Eurosystem reporting sector - Marginal lending facility, Euro - Euro area (changing composition) counterpart",EUR,6
ILM.D.U2.C.A050500.U2.EUR,D,U2,C,A050500,U2,EUR,2019-07-30,43,A,F,,,P1D,,E,,,,,,,,,0,,Marginal lending facility - Eurosystem,"Euro area (changing composition), Eurosystem reporting sector - Marginal lending facility, Euro - Euro area (changing composition) counterpart",EUR,6
ILM.D.U2.C.A050500.U2.EUR,D,U2,C,A050500,U2,EUR,2019-07-31,8,A,F,,,P1D,,E,,,,,,,,,0,,Marginal lending facility - Eurosystem,"Euro area (changing composition), Eurosystem reporting sector - Marginal lending facility, Euro - Euro area (changing composition) counterpart",EUR,6
ILM.D.U2.C.A050500.U2.EUR,D,U2,C,A050500,U2,EUR,2019-08-01,34,A,F,,,P1D,,E,,,,,,,,,0,,Marginal lending facility - Eurosystem,"Euro area (changing composition), Eurosystem reporting sector - Marginal lending facility, Euro - Euro area (changing composition) counterpart",EUR,6
ILM.D.U2.C.A050500.U2.EUR,D,U2,C,A050500,U2,EUR,2019-08-02,28,A,F,,,P1D,,E,,,,,,,,,0,,Marginal lending facility - Eurosystem,"Euro area (changing composition), Eurosystem reporting sector - Marginal lending facility, Euro - Euro area (changing composition) counterpart",EUR,6
ILM.D.U2.C.A050500.U2.EUR,D,U2,C,A050500,U2,EUR,2019-08-05,27,A,F,,,P1D,,E,,,,,,,,,0,,Marginal lending facility - Eurosystem,"Euro area (changing composition), Eurosystem reporting sector - Marginal lending facility, Euro - Euro area (changing composition) counterpart",EUR,6
ILM.D.U2.C.A050500.U2.EUR,D,U2,C,A050500,U2,EUR,2019-08-06,23,A,F,,,P1D,,E,,,,,,,,,0,,Marginal lending facility - Eurosystem,"Euro area (changing composition), Eurosystem reporting sector - Marginal lending facility, Euro - Euro area (changing composition) counterpart",EUR,6
ILM.D.U2.C.A050500.U2.EUR,D,U2,C,A050500,U2,EUR,2019-08-07,0,A,F,,,P1D,,E,,,,,,,,,0,,Marginal lending facility - Eurosystem,"Euro area (changing composition), Eurosystem reporting sector - Marginal lending facility, Euro - Euro area (changing composition) counterpart",EUR,6
ILM.D.U2.C.A050500.U2.EUR,D,U2,C,A050500,U2,EUR,2019-08-08,0,A,F,,,P1D,,E,,,,,,,,,0,,Marginal lending facility - Eurosystem,"Euro area (changing composition), Eurosystem reporting sector - Marginal lending facility, Euro - Euro area (changing composition) counterpart",EUR,6
ILM.D.U2.C.A050500.U2.EUR,D,U2,C,A050500,U2,EUR,2019-08-09,0,A,F,,,P1D,,E,,,,,,,,,0,,Marginal lending facility - Eurosystem,"Euro area (changing composition), Eurosystem reporting sector - Marginal lending facility, Euro - Euro area (changing composition) counterpart",EUR,6
ILM.D.U2.C.A050500.U2.EUR,D,U2,C,A050500,U2,EUR,2019-08-12,6,A,F,,,P1D,,E,,,,,,,,,0,,Marginal lending facility - Eurosystem,"Euro area (changing composition), Eurosystem reporting sector - Marginal lending facility, Euro - Euro area (changing composition) counterpart",EUR,6
ILM.D.U2.C.A050500.U2.EUR,D,U2,C,A050500,U2,EUR,2019-08-13,6,A,F,,,P1D,,E,,,,,,,,,0,,Marginal lending facility - Eurosystem,"Euro area (changing composition), Eurosystem reporting sector - Marginal lending facility, Euro - Euro area (changing composition) counterpart",EUR,6
ILM.D.U2.C.A050500.U2.EUR,D,U2,C,A050500,U2,EUR,2019-08-14,6,A,F,,,P1D,,E,,,,,,,,,0,,Marginal lending facility - Eurosystem,"Euro area (changing composition), Eurosystem reporting sector - Marginal lending facility, Euro - Euro area (changing composition) counterpart",EUR,6
ILM.D.U2.C.A050500.U2.EUR,D,U2,C,A050500,U2,EUR,2019-08-15,0,A,F,,,P1D,,E,,,,,,,,,0,,Marginal lending facility - Eurosystem,"Euro area (changing composition), Eurosystem reporting sector - Marginal lending facility, Euro - Euro area (changing composition) counterpart",EUR,6
ILM.D.U2.C.A050500.U2.EUR,D,U2,C,A050500,U2,EUR,2019-08-16,19,A,F,,,P1D,,E,,,,,,,,,0,,Marginal lending facility - Eurosystem,"Euro area (changing composition), Eurosystem reporting sector - Marginal lending facility, Euro - Euro area (changing composition) counterpart",EUR,6
ILM.D.U2.C.A050500.U2.EUR,D,U2,C,A050500,U2,EUR,2019-08-19,0,A,F,,,P1D,,E,,,,,,,,,0,,Marginal lending facility - Eurosystem,"Euro area (changing composition), Eurosystem reporting sector - Marginal lending facility, Euro - Euro area (changing composition) counterpart",EUR,6
ILM.D.U2.C.A050500.U2.EUR,D,U2,C,A050500,U2,EUR,2019-08-20,1,A,F,,,P1D,,E,,,,,,,,,0,,Marginal lending facility - Eurosystem,"Euro area (changing composition), Eurosystem reporting sector - Marginal lending facility, Euro - Euro area (changing composition) counterpart",EUR,6
ILM.D.U2.C.A050500.U2.EUR,D,U2,C,A050500,U2,EUR,2019-08-21,4,A,F,,,P1D,,E,,,,,,,,,0,,Marginal lending facility - Eurosystem,"Euro area (changing composition), Eurosystem reporting sector - Marginal lending facility, Euro - Euro area (changing composition) counterpart",EUR,6
ILM.D.U2.C.A050500.U2.EUR,D,U2,C,A050500,U2,EUR,2019-08-22,30,A,F,,,P1D,,E,,,,,,,,,0,,Marginal lending facility - Eurosystem,"Euro area (changing composition), Eurosystem reporting sector - Marginal lending facility, Euro - Euro area (changing composition) counterpart",EUR,6
ILM.D.U2.C.A050500.U2.EUR,D,U2,C,A050500,U2,EUR,2019-08-23,16,A,F,,,P1D,,E,,,,,,,,,0,,Marginal lending facility - Eurosystem,"Euro area (changing composition), Eurosystem reporting sector - Marginal lending facility, Euro - Euro area (changing composition) counterpart",EUR,6
ILM.D.U2.C.A050500.U2.EUR,D,U2,C,A050500,U2,EUR,2019-08-26,30,A,F,,,P1D,,E,,,,,,,,,0,,Marginal lending facility - Eurosystem,"Euro area (changing composition), Eurosystem reporting sector - Marginal lending facility, Euro - Euro area (changing composition) counterpart",EUR,6
ILM.D.U2.C.A050500.U2.EUR,D,U2,C,A050500,U2,EUR,2019-08-27,32,A,F,,,P1D,,E,,,,,,,,,0,,Marginal lending facility - Eurosystem,"Euro area (changing composition), Eurosystem reporting sector - Marginal lending facility, Euro - Euro area (changing composition) counterpart",EUR,6
ILM.D.U2.C.A050500.U2.EUR,D,U2,C,A050500,U2,EUR,2019-08-28,40,A,F,,,P1D,,E,,,,,,,,,0,,Marginal lending facility - Eurosystem,"Euro area (changing composition), Eurosystem reporting sector - Marginal lending facility, Euro - Euro area (changing composition) counterpart",EUR,6
ILM.D.U2.C.A050500.U2.EUR,D,U2,C,A050500,U2,EUR,2019-08-29,33,A,F,,,P1D,,E,,,,,,,,,0,,Marginal lending facility - Eurosystem,"Euro area (changing composition), Eurosystem reporting sector - Marginal lending facility, Euro - Euro area (changing composition) counterpart",EUR,6
ILM.D.U2.C.A050500.U2.EUR,D,U2,C,A050500,U2,EUR,2019-08-30,0,A,F,,,P1D,,E,,,,,,,,,0,,Marginal lending facility - Eurosystem,"Euro area (changing composition), Eurosystem reporting sector - Marginal lending facility, Euro - Euro area (changing composition) counterpart",EUR,6
ILM.D.U2.C.A050500.U2.EUR,D,U2,C,A050500,U2,EUR,2019-09-02,150,A,F,,,P1D,,E,,,,,,,,,0,,Marginal lending facility - Eurosystem,"Euro area (changing composition), Eurosystem reporting sector - Marginal lending facility, Euro - Euro area (changing composition) counterpart",EUR,6
ILM.D.U2.C.A050500.U2.EUR,D,U2,C,A050500,U2,EUR,2019-09-03,250,A,F,,,P1D,,E,,,,,,,,,0,,Marginal lending facility - Eurosystem,"Euro area (changing composition), Eurosystem reporting sector - Marginal lending facility, Euro - Euro area (changing composition) counterpart",EUR,6
ILM.D.U2.C.A050500.U2.EUR,D,U2,C,A050500,U2,EUR,2019-09-04,9,A,F,,,P1D,,E,,,,,,,,,0,,Marginal lending facility - Eurosystem,"Euro area (changing composition), Eurosystem reporting sector - Marginal lending facility, Euro - Euro area (changing composition) counterpart",EUR,6
ILM.D.U2.C.A050500.U2.EUR,D,U2,C,A050500,U2,EUR,2019-09-05,17,A,F,,,P1D,,E,,,,,,,,,0,,Marginal lending facility - Eurosystem,"Euro area (changing composition), Eurosystem reporting sector - Marginal lending facility, Euro - Euro area (changing composition) counterpart",EUR,6
ILM.D.U2.C.A050500.U2.EUR,D,U2,C,A050500,U2,EUR,2019-09-06,19,A,F,,,P1D,,E,,,,,,,,,0,,Marginal lending facility - Eurosystem,"Euro area (changing composition), Eurosystem reporting sector - Marginal lending facility, Euro - Euro area (changing composition) counterpart",EUR,6
ILM.D.U2.C.A050500.U2.EUR,D,U2,C,A050500,U2,EUR,2019-09-09,21,A,F,,,P1D,,E,,,,,,,,,0,,Marginal lending facility - Eurosystem,"Euro area (changing composition), Eurosystem reporting sector - Marginal lending facility, Euro - Euro area (changing composition) counterpart",EUR,6
ILM.D.U2.C.A050500.U2.EUR,D,U2,C,A050500,U2,EUR,2019-09-10,23,A,F,,,P1D,,E,,,,,,,,,0,,Marginal lending facility - Eurosystem,"Euro area (changing composition), Eurosystem reporting sector - Marginal lending facility, Euro - Euro area (changing composition) counterpart",EUR,6
ILM.D.U2.C.A050500.U2.EUR,D,U2,C,A050500,U2,EUR,2019-09-11,1,A,F,,,P1D,,E,,,,,,,,,0,,Marginal lending facility - Eurosystem,"Euro area (changing composition), Eurosystem reporting sector - Marginal lending facility, Euro - Euro area (changing composition) counterpart",EUR,6
ILM.D.U2.C.A050500.U2.EUR,D,U2,C,A050500,U2,EUR,2019-09-12,50,A,F,,,P1D,,E,,,,,,,,,0,,Marginal lending facility - Eurosystem,"Euro area (changing composition), Eurosystem reporting sector - Marginal lending facility, Euro - Euro area (changing composition) counterpart",EUR,6
ILM.D.U2.C.A050500.U2.EUR,D,U2,C,A050500,U2,EUR,2019-09-13,50,A,F,,,P1D,,E,,,,,,,,,0,,Marginal lending facility - Eurosystem,"Euro area (changing composition), Eurosystem reporting sector - Marginal lending facility, Euro - Euro area (changing composition) counterpart",EUR,6
ILM.D.U2.C.A050500.U2.EUR,D,U2,C,A050500,U2,EUR,2019-09-16,13,A,F,,,P1D,,E,,,,,,,,,0,,Marginal lending facility - Eurosystem,"Euro area (changing composition), Eurosystem reporting sector - Marginal lending facility, Euro - Euro area (changing composition) counterpart",EUR,6
ILM.D.U2.C.A050500.U2.EUR,D,U2,C,A050500,U2,EUR,2019-09-17,58,A,F,,,P1D,,E,,,,,,,,,0,,Marginal lending facility - Eurosystem,"Euro area (changing composition), Eurosystem reporting sector - Marginal lending facility, Euro - Euro area (changing composition) counterpart",EUR,6
ILM.D.U2.C.A050500.U2.EUR,D,U2,C,A050500,U2,EUR,2019-09-18,5,A,F,,,P1D,,E,,,,,,,,,0,,Marginal lending facility - Eurosystem,"Euro area (changing composition), Eurosystem reporting sector - Marginal lending facility, Euro - Euro area (changing composition) counterpart",EUR,6
ILM.D.U2.C.A050500.U2.EUR,D,U2,C,A050500,U2,EUR,2019-09-19,0,A,F,,,P1D,,E,,,,,,,,,0,,Marginal lending facility - Eurosystem,"Euro area (changing composition), Eurosystem reporting sector - Marginal lending facility, Euro - Euro area (changing composition) counterpart",EUR,6
ILM.D.U2.C.A050500.U2.EUR,D,U2,C,A050500,U2,EUR,2019-09-20,0,A,F,,,P1D,,E,,,,,,,,,0,,Marginal lending facility - Eurosystem,"Euro area (changing composition), Eurosystem reporting sector - Marginal lending facility, Euro - Euro area (changing composition) counterpart",EUR,6
ILM.D.U2.C.A050500.U2.EUR,D,U2,C,A050500,U2,EUR,2019-09-23,15,A,F,,,P1D,,E,,,,,,,,,0,,Marginal lending facility - Eurosystem,"Euro area (changing composition), Eurosystem reporting sector - Marginal lending facility, Euro - Euro area (changing composition) counterpart",EUR,6
ILM.D.U2.C.A050500.U2.EUR,D,U2,C,A050500,U2,EUR,2019-09-24,8,A,F,,,P1D,,E,,,,,,,,,0,,Marginal lending facility - Eurosystem,"Euro area (changing composition), Eurosystem reporting sector - Marginal lending facility, Euro - Euro area (changing composition) counterpart",EUR,6
ILM.D.U2.C.A050500.U2.EUR,D,U2,C,A050500,U2,EUR,2019-09-25,212,A,F,,,P1D,,E,,,,,,,,,0,,Marginal lending facility - Eurosystem,"Euro area (changing composition), Eurosystem reporting sector - Marginal lending facility, Euro - Euro area (changing composition) counterpart",EUR,6
ILM.D.U2.C.A050500.U2.EUR,D,U2,C,A050500,U2,EUR,2019-09-26,37,A,F,,,P1D,,E,,,,,,,,,0,,Marginal lending facility - Eurosystem,"Euro area (changing composition), Eurosystem reporting sector - Marginal lending facility, Euro - Euro area (changing composition) counterpart",EUR,6
ILM.D.U2.C.A050500.U2.EUR,D,U2,C,A050500,U2,EUR,2019-09-27,22,A,F,,,P1D,,E,,,,,,,,,0,,Marginal lending facility - Eurosystem,"Euro area (changing composition), Eurosystem reporting sector - Marginal lending facility, Euro - Euro area (changing composition) counterpart",EUR,6
ILM.D.U2.C.A050500.U2.EUR,D,U2,C,A050500,U2,EUR,2019-09-30,128,A,F,,,P1D,,E,,,,,,,,,0,,Marginal lending facility - Eurosystem,"Euro area (changing composition), Eurosystem reporting sector - Marginal lending facility, Euro - Euro area (changing composition) counterpart",EUR,6
ILM.D.U2.C.A050500.U2.EUR,D,U2,C,A050500,U2,EUR,2019-10-01,251,A,F,,,P1D,,E,,,,,,,,,0,,Marginal lending facility - Eurosystem,"Euro area (changing composition), Eurosystem reporting sector - Marginal lending facility, Euro - Euro area (changing composition) counterpart",EUR,6
ILM.D.U2.C.A050500.U2.EUR,D,U2,C,A050500,U2,EUR,2019-10-02,0,A,F,,,P1D,,E,,,,,,,,,0,,Marginal lending facility - Eurosystem,"Euro area (changing composition), Eurosystem reporting sector - Marginal lending facility, Euro - Euro area (changing composition) counterpart",EUR,6
ILM.D.U2.C.A050500.U2.EUR,D,U2,C,A050500,U2,EUR,2019-10-03,109,A,F,,,P1D,,E,,,,,,,,,0,,Marginal lending facility - Eurosystem,"Euro area (changing composition), Eurosystem reporting sector - Marginal lending facility, Euro - Euro area (changing composition) counterpart",EUR,6
ILM.D.U2.C.A050500.U2.EUR,D,U2,C,A050500,U2,EUR,2019-10-04,0,A,F,,,P1D,,E,,,,,,,,,0,,Marginal lending facility - Eurosystem,"Euro area (changing composition), Eurosystem reporting sector - Marginal lending facility, Euro - Euro area (changing composition) counterpart",EUR,6
ILM.D.U2.C.A050500.U2.EUR,D,U2,C,A050500,U2,EUR,2019-10-07,0,A,F,,,P1D,,E,,,,,,,,,0,,Marginal lending facility - Eurosystem,"Euro area (changing composition), Eurosystem reporting sector - Marginal lending facility, Euro - Euro area (changing composition) counterpart",EUR,6
ILM.D.U2.C.A050500.U2.EUR,D,U2,C,A050500,U2,EUR,2019-10-08,250,A,F,,,P1D,,E,,,,,,,,,0,,Marginal lending facility - Eurosystem,"Euro area (changing composition), Eurosystem reporting sector - Marginal lending facility, Euro - Euro area (changing composition) counterpart",EUR,6
ILM.D.U2.C.A050500.U2.EUR,D,U2,C,A050500,U2,EUR,2019-10-09,0,A,F,,,P1D,,E,,,,,,,,,0,,Marginal lending facility - Eurosystem,"Euro area (changing composition), Eurosystem reporting sector - Marginal lending facility, Euro - Euro area (changing composition) counterpart",EUR,6
ILM.D.U2.C.A050500.U2.EUR,D,U2,C,A050500,U2,EUR,2019-10-10,4,A,F,,,P1D,,E,,,,,,,,,0,,Marginal lending facility - Eurosystem,"Euro area (changing composition), Eurosystem reporting sector - Marginal lending facility, Euro - Euro area (changing composition) counterpart",EUR,6
ILM.D.U2.C.A050500.U2.EUR,D,U2,C,A050500,U2,EUR,2019-10-11,6,A,F,,,P1D,,E,,,,,,,,,0,,Marginal lending facility - Eurosystem,"Euro area (changing composition), Eurosystem reporting sector - Marginal lending facility, Euro - Euro area (changing composition) counterpart",EUR,6
ILM.D.U2.C.A050500.U2.EUR,D,U2,C,A050500,U2,EUR,2019-10-14,44,A,F,,,P1D,,E,,,,,,,,,0,,Marginal lending facility - Eurosystem,"Euro area (changing composition), Eurosystem reporting sector - Marginal lending facility, Euro - Euro area (changing composition) counterpart",EUR,6
ILM.D.U2.C.A050500.U2.EUR,D,U2,C,A050500,U2,EUR,2019-10-15,30,A,F,,,P1D,,E,,,,,,,,,0,,Marginal lending facility - Eurosystem,"Euro area (changing composition), Eurosystem reporting sector - Marginal lending facility, Euro - Euro area (changing composition) counterpart",EUR,6
ILM.D.U2.C.A050500.U2.EUR,D,U2,C,A050500,U2,EUR,2019-10-16,39,A,F,,,P1D,,E,,,,,,,,,0,,Marginal lending facility - Eurosystem,"Euro area (changing composition), Eurosystem reporting sector - Marginal lending facility, Euro - Euro area (changing composition) counterpart",EUR,6
ILM.D.U2.C.A050500.U2.EUR,D,U2,C,A050500,U2,EUR,2019-10-17,4,A,F,,,P1D,,E,,,,,,,,,0,,Marginal lending facility - Eurosystem,"Euro area (changing composition), Eurosystem reporting sector - Marginal lending facility, Euro - Euro area (changing composition) counterpart",EUR,6
ILM.D.U2.C.A050500.U2.EUR,D,U2,C,A050500,U2,EUR,2019-10-18,72,A,F,,,P1D,,E,,,,,,,,,0,,Marginal lending facility - Eurosystem,"Euro area (changing composition), Eurosystem reporting sector - Marginal lending facility, Euro - Euro area (changing composition) counterpart",EUR,6
ILM.D.U2.C.A050500.U2.EUR,D,U2,C,A050500,U2,EUR,2019-10-21,10,A,F,,,P1D,,E,,,,,,,,,0,,Marginal lending facility - Eurosystem,"Euro area (changing composition), Eurosystem reporting sector - Marginal lending facility, Euro - Euro area (changing composition) counterpart",EUR,6
ILM.D.U2.C.A050500.U2.EUR,D,U2,C,A050500,U2,EUR,2019-10-22,0,A,F,,,P1D,,E,,,,,,,,,0,,Marginal lending facility - Eurosystem,"Euro area (changing composition), Eurosystem reporting sector - Marginal lending facility, Euro - Euro area (changing composition) counterpart",EUR,6
ILM.D.U2.C.A050500.U2.EUR,D,U2,C,A050500,U2,EUR,2019-10-23,104,A,F,,,P1D,,E,,,,,,,,,0,,Marginal lending facility - Eurosystem,"Euro area (changing composition), Eurosystem reporting sector - Marginal lending facility, Euro - Euro area (changing composition) counterpart",EUR,6
ILM.D.U2.C.A050500.U2.EUR,D,U2,C,A050500,U2,EUR,2019-10-24,7,A,F,,,P1D,,E,,,,,,,,,0,,Marginal lending facility - Eurosystem,"Euro area (changing composition), Eurosystem reporting sector - Marginal lending facility, Euro - Euro area (changing composition) counterpart",EUR,6
ILM.D.U2.C.A050500.U2.EUR,D,U2,C,A050500,U2,EUR,2019-10-25,46,A,F,,,P1D,,E,,,,,,,,,0,,Marginal lending facility - Eurosystem,"Euro area (changing composition), Eurosystem reporting sector - Marginal lending facility, Euro - Euro area (changing composition) counterpart",EUR,6
ILM.D.U2.C.A050500.U2.EUR,D,U2,C,A050500,U2,EUR,2019-10-28,94,A,F,,,P1D,,E,,,,,,,,,0,,Marginal lending facility - Eurosystem,"Euro area (changing composition), Eurosystem reporting sector - Marginal lending facility, Euro - Euro area (changing composition) counterpart",EUR,6
ILM.D.U2.C.A050500.U2.EUR,D,U2,C,A050500,U2,EUR,2019-10-29,53,A,F,,,P1D,,E,,,,,,,,,0,,Marginal lending facility - Eurosystem,"Euro area (changing composition), Eurosystem reporting sector - Marginal lending facility, Euro - Euro area (changing composition) counterpart",EUR,6
ILM.D.U2.C.A050500.U2.EUR,D,U2,C,A050500,U2,EUR,2019-10-30,5,A,F,,,P1D,,E,,,,,,,,,0,,Marginal lending facility - Eurosystem,"Euro area (changing composition), Eurosystem reporting sector - Marginal lending facility, Euro - Euro area (changing composition) counterpart",EUR,6
ILM.D.U2.C.A050500.U2.EUR,D,U2,C,A050500,U2,EUR,2019-10-31,220,A,F,,,P1D,,E,,,,,,,,,0,,Marginal lending facility - Eurosystem,"Euro area (changing composition), Eurosystem reporting sector - Marginal lending facility, Euro - Euro area (changing composition) counterpart",EUR,6
ILM.D.U2.C.A050500.U2.EUR,D,U2,C,A050500,U2,EUR,2019-11-01,18,A,F,,,P1D,,E,,,,,,,,,0,,Marginal lending facility - Eurosystem,"Euro area (changing composition), Eurosystem reporting sector - Marginal lending facility, Euro - Euro area (changing composition) counterpart",EUR,6
ILM.D.U2.C.A050500.U2.EUR,D,U2,C,A050500,U2,EUR,2019-11-04,0,A,F,,,P1D,,E,,,,,,,,,0,,Marginal lending facility - Eurosystem,"Euro area (changing composition), Eurosystem reporting sector - Marginal lending facility, Euro - Euro area (changing composition) counterpart",EUR,6
ILM.D.U2.C.A050500.U2.EUR,D,U2,C,A050500,U2,EUR,2019-11-05,0,A,F,,,P1D,,E,,,,,,,,,0,,Marginal lending facility - Eurosystem,"Euro area (changing composition), Eurosystem reporting sector - Marginal lending facility, Euro - Euro area (changing composition) counterpart",EUR,6
ILM.D.U2.C.A050500.U2.EUR,D,U2,C,A050500,U2,EUR,2019-11-06,13,A,F,,,P1D,,E,,,,,,,,,0,,Marginal lending facility - Eurosystem,"Euro area (changing composition), Eurosystem reporting sector - Marginal lending facility, Euro - Euro area (changing composition) counterpart",EUR,6
ILM.D.U2.C.A050500.U2.EUR,D,U2,C,A050500,U2,EUR,2019-11-07,0,A,F,,,P1D,,E,,,,,,,,,0,,Marginal lending facility - Eurosystem,"Euro area (changing composition), Eurosystem reporting sector - Marginal lending facility, Euro - Euro area (changing composition) counterpart",EUR,6
ILM.D.U2.C.A050500.U2.EUR,D,U2,C,A050500,U2,EUR,2019-11-08,35,A,F,,,P1D,,E,,,,,,,,,0,,Marginal lending facility - Eurosystem,"Euro area (changing composition), Eurosystem reporting sector - Marginal lending facility, Euro - Euro area (changing composition) counterpart",EUR,6
ILM.D.U2.C.A050500.U2.EUR,D,U2,C,A050500,U2,EUR,2019-11-11,46,A,F,,,P1D,,E,,,,,,,,,0,,Marginal lending facility - Eurosystem,"Euro area (changing composition), Eurosystem reporting sector - Marginal lending facility, Euro - Euro area (changing composition) counterpart",EUR,6
ILM.D.U2.C.A050500.U2.EUR,D,U2,C,A050500,U2,EUR,2019-11-12,17,A,F,,,P1D,,E,,,,,,,,,0,,Marginal lending facility - Eurosystem,"Euro area (changing composition), Eurosystem reporting sector - Marginal lending facility, Euro - Euro area (changing composition) counterpart",EUR,6
ILM.D.U2.C.A050500.U2.EUR,D,U2,C,A050500,U2,EUR,2019-11-13,21,A,F,,,P1D,,E,,,,,,,,,0,,Marginal lending facility - Eurosystem,"Euro area (changing composition), Eurosystem reporting sector - Marginal lending facility, Euro - Euro area (changing composition) counterpart",EUR,6
ILM.D.U2.C.A050500.U2.EUR,D,U2,C,A050500,U2,EUR,2019-11-14,45,A,F,,,P1D,,E,,,,,,,,,0,,Marginal lending facility - Eurosystem,"Euro area (changing composition), Eurosystem reporting sector - Marginal lending facility, Euro - Euro area (changing composition) counterpart",EUR,6
ILM.D.U2.C.A050500.U2.EUR,D,U2,C,A050500,U2,EUR,2019-11-15,10,A,F,,,P1D,,E,,,,,,,,,0,,Marginal lending facility - Eurosystem,"Euro area (changing composition), Eurosystem reporting sector - Marginal lending facility, Euro - Euro area (changing composition) counterpart",EUR,6
ILM.D.U2.C.A050500.U2.EUR,D,U2,C,A050500,U2,EUR,2019-11-18,42,A,F,,,P1D,,E,,,,,,,,,0,,Marginal lending facility - Eurosystem,"Euro area (changing composition), Eurosystem reporting sector - Marginal lending facility, Euro - Euro area (changing composition) counterpart",EUR,6
ILM.D.U2.C.A050500.U2.EUR,D,U2,C,A050500,U2,EUR,2019-11-19,28,A,F,,,P1D,,E,,,,,,,,,0,,Marginal lending facility - Eurosystem,"Euro area (changing composition), Eurosystem reporting sector - Marginal lending facility, Euro - Euro area (changing composition) counterpart",EUR,6
ILM.D.U2.C.A050500.U2.EUR,D,U2,C,A050500,U2,EUR,2019-11-20,3,A,F,,,P1D,,E,,,,,,,,,0,,Marginal lending facility - Eurosystem,"Euro area (changing composition), Eurosystem reporting sector - Marginal lending facility, Euro - Euro area (changing composition) counterpart",EUR,6
ILM.D.U2.C.A050500.U2.EUR,D,U2,C,A050500,U2,EUR,2019-11-21,3,A,F,,,P1D,,E,,,,,,,,,0,,Marginal lending facility - Eurosystem,"Euro area (changing composition), Eurosystem reporting sector - Marginal lending facility, Euro - Euro area (changing composition) counterpart",EUR,6
ILM.D.U2.C.A050500.U2.EUR,D,U2,C,A050500,U2,EUR,2019-11-22,3,A,F,,,P1D,,E,,,,,,,,,0,,Marginal lending facility - Eurosystem,"Euro area (changing composition), Eurosystem reporting sector - Marginal lending facility, Euro - Euro area (changing composition) counterpart",EUR,6
ILM.D.U2.C.A050500.U2.EUR,D,U2,C,A050500,U2,EUR,2019-11-25,2,A,F,,,P1D,,E,,,,,,,,,0,,Marginal lending facility - Eurosystem,"Euro area (changing composition), Eurosystem reporting sector - Marginal lending facility, Euro - Euro area (changing composition) counterpart",EUR,6
ILM.D.U2.C.A050500.U2.EUR,D,U2,C,A050500,U2,EUR,2019-11-26,15,A,F,,,P1D,,E,,,,,,,,,0,,Marginal lending facility - Eurosystem,"Euro area (changing composition), Eurosystem reporting sector - Marginal lending facility, Euro - Euro area (changing composition) counterpart",EUR,6
ILM.D.U2.C.A050500.U2.EUR,D,U2,C,A050500,U2,EUR,2019-11-27,20,A,F,,,P1D,,E,,,,,,,,,0,,Marginal lending facility - Eurosystem,"Euro area (changing composition), Eurosystem reporting sector - Marginal lending facility, Euro - Euro area (changing composition) counterpart",EUR,6
ILM.D.U2.C.A050500.U2.EUR,D,U2,C,A050500,U2,EUR,2019-11-28,14,A,F,,,P1D,,E,,,,,,,,,0,,Marginal lending facility - Eurosystem,"Euro area (changing composition), Eurosystem reporting sector - Marginal lending facility, Euro - Euro area (changing composition) counterpart",EUR,6
ILM.D.U2.C.A050500.U2.EUR,D,U2,C,A050500,U2,EUR,2019-11-29,43,A,F,,,P1D,,E,,,,,,,,,0,,Marginal lending facility - Eurosystem,"Euro area (changing composition), Eurosystem reporting sector - Marginal lending facility, Euro - Euro area (changing composition) counterpart",EUR,6
ILM.D.U2.C.A050500.U2.EUR,D,U2,C,A050500,U2,EUR,2019-12-02,2,A,F,,,P1D,,E,,,,,,,,,0,,Marginal lending facility - Eurosystem,"Euro area (changing composition), Eurosystem reporting sector - Marginal lending facility, Euro - Euro area (changing composition) counterpart",EUR,6
ILM.D.U2.C.A050500.U2.EUR,D,U2,C,A050500,U2,EUR,2019-12-03,157,A,F,,,P1D,,E,,,,,,,,,0,,Marginal lending facility - Eurosystem,"Euro area (changing composition), Eurosystem reporting sector - Marginal lending facility, Euro - Euro area (changing composition) counterpart",EUR,6
ILM.D.U2.C.A050500.U2.EUR,D,U2,C,A050500,U2,EUR,2019-12-04,5,A,F,,,P1D,,E,,,,,,,,,0,,Marginal lending facility - Eurosystem,"Euro area (changing composition), Eurosystem reporting sector - Marginal lending facility, Euro - Euro area (changing composition) counterpart",EUR,6
ILM.D.U2.C.A050500.U2.EUR,D,U2,C,A050500,U2,EUR,2019-12-05,22,A,F,,,P1D,,E,,,,,,,,,0,,Marginal lending facility - Eurosystem,"Euro area (changing composition), Eurosystem reporting sector - Marginal lending facility, Euro - Euro area (changing composition) counterpart",EUR,6
ILM.D.U2.C.A050500.U2.EUR,D,U2,C,A050500,U2,EUR,2019-12-06,17,A,F,,,P1D,,E,,,,,,,,,0,,Marginal lending facility - Eurosystem,"Euro area (changing composition), Eurosystem reporting sector - Marginal lending facility, Euro - Euro area (changing composition) counterpart",EUR,6
ILM.D.U2.C.A050500.U2.EUR,D,U2,C,A050500,U2,EUR,2019-12-09,1,A,F,,,P1D,,E,,,,,,,,,0,,Marginal lending facility - Eurosystem,"Euro area (changing composition), Eurosystem reporting sector - Marginal lending facility, Euro - Euro area (changing composition) counterpart",EUR,6
ILM.D.U2.C.A050500.U2.EUR,D,U2,C,A050500,U2,EUR,2019-12-10,43,A,F,,,P1D,,E,,,,,,,,,0,,Marginal lending facility - Eurosystem,"Euro area (changing composition), Eurosystem reporting sector - Marginal lending facility, Euro - Euro area (changing composition) counterpart",EUR,6
ILM.D.U2.C.A050500.U2.EUR,D,U2,C,A050500,U2,EUR,2019-12-11,47,A,F,,,P1D,,E,,,,,,,,,0,,Marginal lending facility - Eurosystem,"Euro area (changing composition), Eurosystem reporting sector - Marginal lending facility, Euro - Euro area (changing composition) counterpart",EUR,6
ILM.D.U2.C.A050500.U2.EUR,D,U2,C,A050500,U2,EUR,2019-12-12,12,A,F,,,P1D,,E,,,,,,,,,0,,Marginal lending facility - Eurosystem,"Euro area (changing composition), Eurosystem reporting sector - Marginal lending facility, Euro - Euro area (changing composition) counterpart",EUR,6
ILM.D.U2.C.A050500.U2.EUR,D,U2,C,A050500,U2,EUR,2019-12-13,17,A,F,,,P1D,,E,,,,,,,,,0,,Marginal lending facility - Eurosystem,"Euro area (changing composition), Eurosystem reporting sector - Marginal lending facility, Euro - Euro area (changing composition) counterpart",EUR,6
ILM.D.U2.C.A050500.U2.EUR,D,U2,C,A050500,U2,EUR,2019-12-16,12,A,F,,,P1D,,E,,,,,,,,,0,,Marginal lending facility - Eurosystem,"Euro area (changing composition), Eurosystem reporting sector - Marginal lending facility, Euro - Euro area (changing composition) counterpart",EUR,6
ILM.D.U2.C.A050500.U2.EUR,D,U2,C,A050500,U2,EUR,2019-12-17,15,A,F,,,P1D,,E,,,,,,,,,0,,Marginal lending facility - Eurosystem,"Euro area (changing composition), Eurosystem reporting sector - Marginal lending facility, Euro - Euro area (changing composition) counterpart",EUR,6
ILM.D.U2.C.A050500.U2.EUR,D,U2,C,A050500,U2,EUR,2019-12-18,27,A,F,,,P1D,,E,,,,,,,,,0,,Marginal lending facility - Eurosystem,"Euro area (changing composition), Eurosystem reporting sector - Marginal lending facility, Euro - Euro area (changing composition) counterpart",EUR,6
ILM.D.U2.C.A050500.U2.EUR,D,U2,C,A050500,U2,EUR,2019-12-19,54,A,F,,,P1D,,E,,,,,,,,,0,,Marginal lending facility - Eurosystem,"Euro area (changing composition), Eurosystem reporting sector - Marginal lending facility, Euro - Euro area (changing composition) counterpart",EUR,6
ILM.D.U2.C.A050500.U2.EUR,D,U2,C,A050500,U2,EUR,2019-12-20,280,A,F,,,P1D,,E,,,,,,,,,0,,Marginal lending facility - Eurosystem,"Euro area (changing composition), Eurosystem reporting sector - Marginal lending facility, Euro - Euro area (changing composition) counterpart",EUR,6
ILM.D.U2.C.A050500.U2.EUR,D,U2,C,A050500,U2,EUR,2019-12-23,34,A,F,,,P1D,,E,,,,,,,,,0,,Marginal lending facility - Eurosystem,"Euro area (changing composition), Eurosystem reporting sector - Marginal lending facility, Euro - Euro area (changing composition) counterpart",EUR,6
ILM.D.U2.C.A050500.U2.EUR,D,U2,C,A050500,U2,EUR,2019-12-24,2,A,F,,,P1D,,E,,,,,,,,,0,,Marginal lending facility - Eurosystem,"Euro area (changing composition), Eurosystem reporting sector - Marginal lending facility, Euro - Euro area (changing composition) counterpart",EUR,6
ILM.D.U2.C.A050500.U2.EUR,D,U2,C,A050500,U2,EUR,2019-12-25,2,A,F,,,P1D,,E,,,,,,,,,0,,Marginal lending facility - Eurosystem,"Euro area (changing composition), Eurosystem reporting sector - Marginal lending facility, Euro - Euro area (changing composition) counterpart",EUR,6
ILM.D.U2.C.A050500.U2.EUR,D,U2,C,A050500,U2,EUR,2019-12-26,2,A,F,,,P1D,,E,,,,,,,,,0,,Marginal lending facility - Eurosystem,"Euro area (changing composition), Eurosystem reporting sector - Marginal lending facility, Euro - Euro area (changing composition) counterpart",EUR,6
ILM.D.U2.C.A050500.U2.EUR,D,U2,C,A050500,U2,EUR,2019-12-27,55,A,F,,,P1D,,E,,,,,,,,,0,,Marginal lending facility - Eurosystem,"Euro area (changing composition), Eurosystem reporting sector - Marginal lending facility, Euro - Euro area (changing composition) counterpart",EUR,6
ILM.D.U2.C.A050500.U2.EUR,D,U2,C,A050500,U2,EUR,2019-12-30,135,A,F,,,P1D,,E,,,,,,,,,0,,Marginal lending facility - Eurosystem,"Euro area (changing composition), Eurosystem reporting sector - Marginal lending facility, Euro - Euro area (changing composition) counterpart",EUR,6
ILM.D.U2.C.A050500.U2.EUR,D,U2,C,A050500,U2,EUR,2019-12-31,140,A,F,,,P1D,,E,,,,,,,,,0,,Marginal lending facility - Eurosystem,"Euro area (changing composition), Eurosystem reporting sector - Marginal lending facility, Euro - Euro area (changing composition) counterpart",EUR,6
ILM.D.U2.C.A050500.U2.EUR,D,U2,C,A050500,U2,EUR,2020-01-01,140,A,F,,,P1D,,E,,,,,,,,,0,,Marginal lending facility - Eurosystem,"Euro area (changing composition), Eurosystem reporting sector - Marginal lending facility, Euro - Euro area (changing composition) counterpart",EUR,6
ILM.D.U2.C.A050500.U2.EUR,D,U2,C,A050500,U2,EUR,2020-01-02,2,A,F,,,P1D,,E,,,,,,,,,0,,Marginal lending facility - Eurosystem,"Euro area (changing composition), Eurosystem reporting sector - Marginal lending facility, Euro - Euro area (changing composition) counterpart",EUR,6
ILM.D.U2.C.A050500.U2.EUR,D,U2,C,A050500,U2,EUR,2020-01-03,1,A,F,,,P1D,,E,,,,,,,,,0,,Marginal lending facility - Eurosystem,"Euro area (changing composition), Eurosystem reporting sector - Marginal lending facility, Euro - Euro area (changing composition) counterpart",EUR,6
ILM.D.U2.C.A050500.U2.EUR,D,U2,C,A050500,U2,EUR,2020-01-06,0,A,F,,,P1D,,E,,,,,,,,,0,,Marginal lending facility - Eurosystem,"Euro area (changing composition), Eurosystem reporting sector - Marginal lending facility, Euro - Euro area (changing composition) counterpart",EUR,6
ILM.D.U2.C.A050500.U2.EUR,D,U2,C,A050500,U2,EUR,2020-01-07,0,A,F,,,P1D,,E,,,,,,,,,0,,Marginal lending facility - Eurosystem,"Euro area (changing composition), Eurosystem reporting sector - Marginal lending facility, Euro - Euro area (changing composition) counterpart",EUR,6
ILM.D.U2.C.A050500.U2.EUR,D,U2,C,A050500,U2,EUR,2020-01-08,0,A,F,,,P1D,,E,,,,,,,,,0,,Marginal lending facility - Eurosystem,"Euro area (changing composition), Eurosystem reporting sector - Marginal lending facility, Euro - Euro area (changing composition) counterpart",EUR,6
ILM.D.U2.C.A050500.U2.EUR,D,U2,C,A050500,U2,EUR,2020-01-09,0,A,F,,,P1D,,E,,,,,,,,,0,,Marginal lending facility - Eurosystem,"Euro area (changing composition), Eurosystem reporting sector - Marginal lending facility, Euro - Euro area (changing composition) counterpart",EUR,6
ILM.D.U2.C.A050500.U2.EUR,D,U2,C,A050500,U2,EUR,2020-01-10,35,A,F,,,P1D,,E,,,,,,,,,0,,Marginal lending facility - Eurosystem,"Euro area (changing composition), Eurosystem reporting sector - Marginal lending facility, Euro - Euro area (changing composition) counterpart",EUR,6
ILM.D.U2.C.A050500.U2.EUR,D,U2,C,A050500,U2,EUR,2020-01-13,36,A,F,,,P1D,,E,,,,,,,,,0,,Marginal lending facility - Eurosystem,"Euro area (changing composition), Eurosystem reporting sector - Marginal lending facility, Euro - Euro area (changing composition) counterpart",EUR,6
ILM.D.U2.C.A050500.U2.EUR,D,U2,C,A050500,U2,EUR,2020-01-14,19,A,F,,,P1D,,E,,,,,,,,,0,,Marginal lending facility - Eurosystem,"Euro area (changing composition), Eurosystem reporting sector - Marginal lending facility, Euro - Euro area (changing composition) counterpart",EUR,6
ILM.D.U2.C.A050500.U2.EUR,D,U2,C,A050500,U2,EUR,2020-01-15,0,A,F,,,P1D,,E,,,,,,,,,0,,Marginal lending facility - Eurosystem,"Euro area (changing composition), Eurosystem reporting sector - Marginal lending facility, Euro - Euro area (changing composition) counterpart",EUR,6
ILM.D.U2.C.A050500.U2.EUR,D,U2,C,A050500,U2,EUR,2020-01-16,4,A,F,,,P1D,,E,,,,,,,,,0,,Marginal lending facility - Eurosystem,"Euro area (changing composition), Eurosystem reporting sector - Marginal lending facility, Euro - Euro area (changing composition) counterpart",EUR,6
ILM.D.U2.C.A050500.U2.EUR,D,U2,C,A050500,U2,EUR,2020-01-17,5,A,F,,,P1D,,E,,,,,,,,,0,,Marginal lending facility - Eurosystem,"Euro area (changing composition), Eurosystem reporting sector - Marginal lending facility, Euro - Euro area (changing composition) counterpart",EUR,6
ILM.D.U2.C.A050500.U2.EUR,D,U2,C,A050500,U2,EUR,2020-01-20,7,A,F,,,P1D,,E,,,,,,,,,0,,Marginal lending facility - Eurosystem,"Euro area (changing composition), Eurosystem reporting sector - Marginal lending facility, Euro - Euro area (changing composition) counterpart",EUR,6
ILM.D.U2.C.A050500.U2.EUR,D,U2,C,A050500,U2,EUR,2020-01-21,8,A,F,,,P1D,,E,,,,,,,,,0,,Marginal lending facility - Eurosystem,"Euro area (changing composition), Eurosystem reporting sector - Marginal lending facility, Euro - Euro area (changing composition) counterpart",EUR,6
ILM.D.U2.C.A050500.U2.EUR,D,U2,C,A050500,U2,EUR,2020-01-22,4,A,F,,,P1D,,E,,,,,,,,,0,,Marginal lending facility - Eurosystem,"Euro area (changing composition), Eurosystem reporting sector - Marginal lending facility, Euro - Euro area (changing composition) counterpart",EUR,6
ILM.D.U2.C.A050500.U2.EUR,D,U2,C,A050500,U2,EUR,2020-01-23,9,A,F,,,P1D,,E,,,,,,,,,0,,Marginal lending facility - Eurosystem,"Euro area (changing composition), Eurosystem reporting sector - Marginal lending facility, Euro - Euro area (changing composition) counterpart",EUR,6
ILM.D.U2.C.A050500.U2.EUR,D,U2,C,A050500,U2,EUR,2020-01-24,0,A,F,,,P1D,,E,,,,,,,,,0,,Marginal lending facility - Eurosystem,"Euro area (changing composition), Eurosystem reporting sector - Marginal lending facility, Euro - Euro area (changing composition) counterpart",EUR,6
ILM.D.U2.C.A050500.U2.EUR,D,U2,C,A050500,U2,EUR,2020-01-27,10,A,F,,,P1D,,E,,,,,,,,,0,,Marginal lending facility - Eurosystem,"Euro area (changing composition), Eurosystem reporting sector - Marginal lending facility, Euro - Euro area (changing composition) counterpart",EUR,6
ILM.D.U2.C.A050500.U2.EUR,D,U2,C,A050500,U2,EUR,2020-01-28,0,A,F,,,P1D,,E,,,,,,,,,0,,Marginal lending facility - Eurosystem,"Euro area (changing composition), Eurosystem reporting sector - Marginal lending facility, Euro - Euro area (changing composition) counterpart",EUR,6
ILM.D.U2.C.A050500.U2.EUR,D,U2,C,A050500,U2,EUR,2020-01-29,5,A,F,,,P1D,,E,,,,,,,,,0,,Marginal lending facility - Eurosystem,"Euro area (changing composition), Eurosystem reporting sector - Marginal lending facility, Euro - Euro area (changing composition) counterpart",EUR,6
ILM.D.U2.C.A050500.U2.EUR,D,U2,C,A050500,U2,EUR,2020-01-30,49,A,F,,,P1D,,E,,,,,,,,,0,,Marginal lending facility - Eurosystem,"Euro area (changing composition), Eurosystem reporting sector - Marginal lending facility, Euro - Euro area (changing composition) counterpart",EUR,6
ILM.D.U2.C.A050500.U2.EUR,D,U2,C,A050500,U2,EUR,2020-01-31,0,A,F,,,P1D,,E,,,,,,,,,0,,Marginal lending facility - Eurosystem,"Euro area (changing composition), Eurosystem reporting sector - Marginal lending facility, Euro - Euro area (changing composition) counterpart",EUR,6
ILM.D.U2.C.A050500.U2.EUR,D,U2,C,A050500,U2,EUR,2020-02-03,6,A,F,,,P1D,,E,,,,,,,,,0,,Marginal lending facility - Eurosystem,"Euro area (changing composition), Eurosystem reporting sector - Marginal lending facility, Euro - Euro area (changing composition) counterpart",EUR,6
ILM.D.U2.C.A050500.U2.EUR,D,U2,C,A050500,U2,EUR,2020-02-04,19,A,F,,,P1D,,E,,,,,,,,,0,,Marginal lending facility - Eurosystem,"Euro area (changing composition), Eurosystem reporting sector - Marginal lending facility, Euro - Euro area (changing composition) counterpart",EUR,6
ILM.D.U2.C.A050500.U2.EUR,D,U2,C,A050500,U2,EUR,2020-02-05,0,A,F,,,P1D,,E,,,,,,,,,0,,Marginal lending facility - Eurosystem,"Euro area (changing composition), Eurosystem reporting sector - Marginal lending facility, Euro - Euro area (changing composition) counterpart",EUR,6
ILM.D.U2.C.A050500.U2.EUR,D,U2,C,A050500,U2,EUR,2020-02-06,0,A,F,,,P1D,,E,,,,,,,,,0,,Marginal lending facility - Eurosystem,"Euro area (changing composition), Eurosystem reporting sector - Marginal lending facility, Euro - Euro area (changing composition) counterpart",EUR,6
ILM.D.U2.C.A050500.U2.EUR,D,U2,C,A050500,U2,EUR,2020-02-07,0,A,F,,,P1D,,E,,,,,,,,,0,,Marginal lending facility - Eurosystem,"Euro area (changing composition), Eurosystem reporting sector - Marginal lending facility, Euro - Euro area (changing composition) counterpart",EUR,6
ILM.D.U2.C.A050500.U2.EUR,D,U2,C,A050500,U2,EUR,2020-02-10,0,A,F,,,P1D,,E,,,,,,,,,0,,Marginal lending facility - Eurosystem,"Euro area (changing composition), Eurosystem reporting sector - Marginal lending facility, Euro - Euro area (changing composition) counterpart",EUR,6
ILM.D.U2.C.A050500.U2.EUR,D,U2,C,A050500,U2,EUR,2020-02-11,0,A,F,,,P1D,,E,,,,,,,,,0,,Marginal lending facility - Eurosystem,"Euro area (changing composition), Eurosystem reporting sector - Marginal lending facility, Euro - Euro area (changing composition) counterpart",EUR,6
ILM.D.U2.C.A050500.U2.EUR,D,U2,C,A050500,U2,EUR,2020-02-12,23,A,F,,,P1D,,E,,,,,,,,,0,,Marginal lending facility - Eurosystem,"Euro area (changing composition), Eurosystem reporting sector - Marginal lending facility, Euro - Euro area (changing composition) counterpart",EUR,6
ILM.D.U2.C.A050500.U2.EUR,D,U2,C,A050500,U2,EUR,2020-02-13,0,A,F,,,P1D,,E,,,,,,,,,0,,Marginal lending facility - Eurosystem,"Euro area (changing composition), Eurosystem reporting sector - Marginal lending facility, Euro - Euro area (changing composition) counterpart",EUR,6
ILM.D.U2.C.A050500.U2.EUR,D,U2,C,A050500,U2,EUR,2020-02-14,177,A,F,,,P1D,,E,,,,,,,,,0,,Marginal lending facility - Eurosystem,"Euro area (changing composition), Eurosystem reporting sector - Marginal lending facility, Euro - Euro area (changing composition) counterpart",EUR,6
ILM.D.U2.C.A050500.U2.EUR,D,U2,C,A050500,U2,EUR,2020-02-17,0,A,F,,,P1D,,E,,,,,,,,,0,,Marginal lending facility - Eurosystem,"Euro area (changing composition), Eurosystem reporting sector - Marginal lending facility, Euro - Euro area (changing composition) counterpart",EUR,6
ILM.D.U2.C.A050500.U2.EUR,D,U2,C,A050500,U2,EUR,2020-02-18,5,A,F,,,P1D,,E,,,,,,,,,0,,Marginal lending facility - Eurosystem,"Euro area (changing composition), Eurosystem reporting sector - Marginal lending facility, Euro - Euro area (changing composition) counterpart",EUR,6
ILM.D.U2.C.A050500.U2.EUR,D,U2,C,A050500,U2,EUR,2020-02-19,26,A,F,,,P1D,,E,,,,,,,,,0,,Marginal lending facility - Eurosystem,"Euro area (changing composition), Eurosystem reporting sector - Marginal lending facility, Euro - Euro area (changing composition) counterpart",EUR,6
ILM.D.U2.C.A050500.U2.EUR,D,U2,C,A050500,U2,EUR,2020-02-20,15,A,F,,,P1D,,E,,,,,,,,,0,,Marginal lending facility - Eurosystem,"Euro area (changing composition), Eurosystem reporting sector - Marginal lending facility, Euro - Euro area (changing composition) counterpart",EUR,6
ILM.D.U2.C.A050500.U2.EUR,D,U2,C,A050500,U2,EUR,2020-02-21,55,A,F,,,P1D,,E,,,,,,,,,0,,Marginal lending facility - Eurosystem,"Euro area (changing composition), Eurosystem reporting sector - Marginal lending facility, Euro - Euro area (changing composition) counterpart",EUR,6
ILM.D.U2.C.A050500.U2.EUR,D,U2,C,A050500,U2,EUR,2020-02-24,22,A,F,,,P1D,,E,,,,,,,,,0,,Marginal lending facility - Eurosystem,"Euro area (changing composition), Eurosystem reporting sector - Marginal lending facility, Euro - Euro area (changing composition) counterpart",EUR,6
ILM.D.U2.C.A050500.U2.EUR,D,U2,C,A050500,U2,EUR,2020-02-25,29,A,F,,,P1D,,E,,,,,,,,,0,,Marginal lending facility - Eurosystem,"Euro area (changing composition), Eurosystem reporting sector - Marginal lending facility, Euro - Euro area (changing composition) counterpart",EUR,6
ILM.D.U2.C.A050500.U2.EUR,D,U2,C,A050500,U2,EUR,2020-02-26,36,A,F,,,P1D,,E,,,,,,,,,0,,Marginal lending facility - Eurosystem,"Euro area (changing composition), Eurosystem reporting sector - Marginal lending facility, Euro - Euro area (changing composition) counterpart",EUR,6
ILM.D.U2.C.A050500.U2.EUR,D,U2,C,A050500,U2,EUR,2020-02-27,55,A,F,,,P1D,,E,,,,,,,,,0,,Marginal lending facility - Eurosystem,"Euro area (changing composition), Eurosystem reporting sector - Marginal lending facility, Euro - Euro area (changing composition) counterpart",EUR,6
ILM.D.U2.C.A050500.U2.EUR,D,U2,C,A050500,U2,EUR,2020-02-28,0,A,F,,,P1D,,E,,,,,,,,,0,,Marginal lending facility - Eurosystem,"Euro area (changing composition), Eurosystem reporting sector - Marginal lending facility, Euro - Euro area (changing composition) counterpart",EUR,6
ILM.D.U2.C.A050500.U2.EUR,D,U2,C,A050500,U2,EUR,2020-03-02,0,A,F,,,P1D,,E,,,,,,,,,0,,Marginal lending facility - Eurosystem,"Euro area (changing composition), Eurosystem reporting sector - Marginal lending facility, Euro - Euro area (changing composition) counterpart",EUR,6
ILM.D.U2.C.A050500.U2.EUR,D,U2,C,A050500,U2,EUR,2020-03-03,0,A,F,,,P1D,,E,,,,,,,,,0,,Marginal lending facility - Eurosystem,"Euro area (changing composition), Eurosystem reporting sector - Marginal lending facility, Euro - Euro area (changing composition) counterpart",EUR,6
ILM.D.U2.C.A050500.U2.EUR,D,U2,C,A050500,U2,EUR,2020-03-04,6,A,F,,,P1D,,E,,,,,,,,,0,,Marginal lending facility - Eurosystem,"Euro area (changing composition), Eurosystem reporting sector - Marginal lending facility, Euro - Euro area (changing composition) counterpart",EUR,6
ILM.D.U2.C.A050500.U2.EUR,D,U2,C,A050500,U2,EUR,2020-03-05,8,A,F,,,P1D,,E,,,,,,,,,0,,Marginal lending facility - Eurosystem,"Euro area (changing composition), Eurosystem reporting sector - Marginal lending facility, Euro - Euro area (changing composition) counterpart",EUR,6
ILM.D.U2.C.A050500.U2.EUR,D,U2,C,A050500,U2,EUR,2020-03-06,14,A,F,,,P1D,,E,,,,,,,,,0,,Marginal lending facility - Eurosystem,"Euro area (changing composition), Eurosystem reporting sector - Marginal lending facility, Euro - Euro area (changing composition) counterpart",EUR,6
ILM.D.U2.C.A050500.U2.EUR,D,U2,C,A050500,U2,EUR,2020-03-09,16,A,F,,,P1D,,E,,,,,,,,,0,,Marginal lending facility - Eurosystem,"Euro area (changing composition), Eurosystem reporting sector - Marginal lending facility, Euro - Euro area (changing composition) counterpart",EUR,6
ILM.D.U2.C.A050500.U2.EUR,D,U2,C,A050500,U2,EUR,2020-03-10,8,A,F,,,P1D,,E,,,,,,,,,0,,Marginal lending facility - Eurosystem,"Euro area (changing composition), Eurosystem reporting sector - Marginal lending facility, Euro - Euro area (changing composition) counterpart",EUR,6
ILM.D.U2.C.A050500.U2.EUR,D,U2,C,A050500,U2,EUR,2020-03-11,13,A,F,,,P1D,,E,,,,,,,,,0,,Marginal lending facility - Eurosystem,"Euro area (changing composition), Eurosystem reporting sector - Marginal lending facility, Euro - Euro area (changing composition) counterpart",EUR,6
ILM.D.U2.C.A050500.U2.EUR,D,U2,C,A050500,U2,EUR,2020-03-12,7,A,F,,,P1D,,E,,,,,,,,,0,,Marginal lending facility - Eurosystem,"Euro area (changing composition), Eurosystem reporting sector - Marginal lending facility, Euro - Euro area (changing composition) counterpart",EUR,6
ILM.D.U2.C.A050500.U2.EUR,D,U2,C,A050500,U2,EUR,2020-03-13,8,A,F,,,P1D,,E,,,,,,,,,0,,Marginal lending facility - Eurosystem,"Euro area (changing composition), Eurosystem reporting sector - Marginal lending facility, Euro - Euro area (changing composition) counterpart",EUR,6
ILM.D.U2.C.A050500.U2.EUR,D,U2,C,A050500,U2,EUR,2020-03-16,2,A,F,,,P1D,,E,,,,,,,,,0,,Marginal lending facility - Eurosystem,"Euro area (changing composition), Eurosystem reporting sector - Marginal lending facility, Euro - Euro area (changing composition) counterpart",EUR,6
ILM.D.U2.C.A050500.U2.EUR,D,U2,C,A050500,U2,EUR,2020-03-17,0,A,F,,,P1D,,E,,,,,,,,,0,,Marginal lending facility - Eurosystem,"Euro area (changing composition), Eurosystem reporting sector - Marginal lending facility, Euro - Euro area (changing composition) counterpart",EUR,6
ILM.D.U2.C.A050500.U2.EUR,D,U2,C,A050500,U2,EUR,2020-03-18,49,A,F,,,P1D,,E,,,,,,,,,0,,Marginal lending facility - Eurosystem,"Euro area (changing composition), Eurosystem reporting sector - Marginal lending facility, Euro - Euro area (changing composition) counterpart",EUR,6
ILM.D.U2.C.A050500.U2.EUR,D,U2,C,A050500,U2,EUR,2020-03-19,18,A,F,,,P1D,,E,,,,,,,,,0,,Marginal lending facility - Eurosystem,"Euro area (changing composition), Eurosystem reporting sector - Marginal lending facility, Euro - Euro area (changing composition) counterpart",EUR,6
ILM.D.U2.C.A050500.U2.EUR,D,U2,C,A050500,U2,EUR,2020-03-20,4,A,F,,,P1D,,E,,,,,,,,,0,,Marginal lending facility - Eurosystem,"Euro area (changing composition), Eurosystem reporting sector - Marginal lending facility, Euro - Euro area (changing composition) counterpart",EUR,6
ILM.D.U2.C.A050500.U2.EUR,D,U2,C,A050500,U2,EUR,2020-03-23,1,A,F,,,P1D,,E,,,,,,,,,0,,Marginal lending facility - Eurosystem,"Euro area (changing composition), Eurosystem reporting sector - Marginal lending facility, Euro - Euro area (changing composition) counterpart",EUR,6
ILM.D.U2.C.A050500.U2.EUR,D,U2,C,A050500,U2,EUR,2020-03-24,2,A,F,,,P1D,,E,,,,,,,,,0,,Marginal lending facility - Eurosystem,"Euro area (changing composition), Eurosystem reporting sector - Marginal lending facility, Euro - Euro area (changing composition) counterpart",EUR,6
ILM.D.U2.C.A050500.U2.EUR,D,U2,C,A050500,U2,EUR,2020-03-25,0,A,F,,,P1D,,E,,,,,,,,,0,,Marginal lending facility - Eurosystem,"Euro area (changing composition), Eurosystem reporting sector - Marginal lending facility, Euro - Euro area (changing composition) counterpart",EUR,6
ILM.D.U2.C.A050500.U2.EUR,D,U2,C,A050500,U2,EUR,2020-03-26,10,A,F,,,P1D,,E,,,,,,,,,0,,Marginal lending facility - Eurosystem,"Euro area (changing composition), Eurosystem reporting sector - Marginal lending facility, Euro - Euro area (changing composition) counterpart",EUR,6
ILM.D.U2.C.A050500.U2.EUR,D,U2,C,A050500,U2,EUR,2020-03-27,3,A,F,,,P1D,,E,,,,,,,,,0,,Marginal lending facility - Eurosystem,"Euro area (changing composition), Eurosystem reporting sector - Marginal lending facility, Euro - Euro area (changing composition) counterpart",EUR,6
ILM.D.U2.C.A050500.U2.EUR,D,U2,C,A050500,U2,EUR,2020-03-30,19,A,F,,,P1D,,E,,,,,,,,,0,,Marginal lending facility - Eurosystem,"Euro area (changing composition), Eurosystem reporting sector - Marginal lending facility, Euro - Euro area (changing composition) counterpart",EUR,6
ILM.D.U2.C.A050500.U2.EUR,D,U2,C,A050500,U2,EUR,2020-03-31,0,A,F,,,P1D,,E,,,,,,,,,0,,Marginal lending facility - Eurosystem,"Euro area (changing composition), Eurosystem reporting sector - Marginal lending facility, Euro - Euro area (changing composition) counterpart",EUR,6
ILM.D.U2.C.A050500.U2.EUR,D,U2,C,A050500,U2,EUR,2020-04-01,0,A,F,,,P1D,,E,,,,,,,,,0,,Marginal lending facility - Eurosystem,"Euro area (changing composition), Eurosystem reporting sector - Marginal lending facility, Euro - Euro area (changing composition) counterpart",EUR,6
ILM.D.U2.C.A050500.U2.EUR,D,U2,C,A050500,U2,EUR,2020-04-02,0,A,F,,,P1D,,E,,,,,,,,,0,,Marginal lending facility - Eurosystem,"Euro area (changing composition), Eurosystem reporting sector - Marginal lending facility, Euro - Euro area (changing composition) counterpart",EUR,6
ILM.D.U2.C.A050500.U2.EUR,D,U2,C,A050500,U2,EUR,2020-04-03,0,A,F,,,P1D,,E,,,,,,,,,0,,Marginal lending facility - Eurosystem,"Euro area (changing composition), Eurosystem reporting sector - Marginal lending facility, Euro - Euro area (changing composition) counterpart",EUR,6
ILM.D.U2.C.A050500.U2.EUR,D,U2,C,A050500,U2,EUR,2020-04-06,0,A,F,,,P1D,,E,,,,,,,,,0,,Marginal lending facility - Eurosystem,"Euro area (changing composition), Eurosystem reporting sector - Marginal lending facility, Euro - Euro area (changing composition) counterpart",EUR,6
ILM.D.U2.C.A050500.U2.EUR,D,U2,C,A050500,U2,EUR,2020-04-07,7,A,F,,,P1D,,E,,,,,,,,,0,,Marginal lending facility - Eurosystem,"Euro area (changing composition), Eurosystem reporting sector - Marginal lending facility, Euro - Euro area (changing composition) counterpart",EUR,6
ILM.D.U2.C.A050500.U2.EUR,D,U2,C,A050500,U2,EUR,2020-04-08,12,A,F,,,P1D,,E,,,,,,,,,0,,Marginal lending facility - Eurosystem,"Euro area (changing composition), Eurosystem reporting sector - Marginal lending facility, Euro - Euro area (changing composition) counterpart",EUR,6
ILM.D.U2.C.A050500.U2.EUR,D,U2,C,A050500,U2,EUR,2020-04-09,15,A,F,,,P1D,,E,,,,,,,,,0,,Marginal lending facility - Eurosystem,"Euro area (changing composition), Eurosystem reporting sector - Marginal lending facility, Euro - Euro area (changing composition) counterpart",EUR,6
ILM.D.U2.C.A050500.U2.EUR,D,U2,C,A050500,U2,EUR,2020-04-10,15,A,F,,,P1D,,E,,,,,,,,,0,,Marginal lending facility - Eurosystem,"Euro area (changing composition), Eurosystem reporting sector - Marginal lending facility, Euro - Euro area (changing composition) counterpart",EUR,6
ILM.D.U2.C.A050500.U2.EUR,D,U2,C,A050500,U2,EUR,2020-04-13,15,A,F,,,P1D,,E,,,,,,,,,0,,Marginal lending facility - Eurosystem,"Euro area (changing composition), Eurosystem reporting sector - Marginal lending facility, Euro - Euro area (changing composition) counterpart",EUR,6
ILM.D.U2.C.A050500.U2.EUR,D,U2,C,A050500,U2,EUR,2020-04-14,6,A,F,,,P1D,,E,,,,,,,,,0,,Marginal lending facility - Eurosystem,"Euro area (changing composition), Eurosystem reporting sector - Marginal lending facility, Euro - Euro area (changing composition) counterpart",EUR,6
ILM.D.U2.C.A050500.U2.EUR,D,U2,C,A050500,U2,EUR,2020-04-15,8,A,F,,,P1D,,E,,,,,,,,,0,,Marginal lending facility - Eurosystem,"Euro area (changing composition), Eurosystem reporting sector - Marginal lending facility, Euro - Euro area (changing composition) counterpart",EUR,6
ILM.D.U2.C.A050500.U2.EUR,D,U2,C,A050500,U2,EUR,2020-04-16,0,A,F,,,P1D,,E,,,,,,,,,0,,Marginal lending facility - Eurosystem,"Euro area (changing composition), Eurosystem reporting sector - Marginal lending facility, Euro - Euro area (changing composition) counterpart",EUR,6
ILM.D.U2.C.A050500.U2.EUR,D,U2,C,A050500,U2,EUR,2020-04-17,0,A,F,,,P1D,,E,,,,,,,,,0,,Marginal lending facility - Eurosystem,"Euro area (changing composition), Eurosystem reporting sector - Marginal lending facility, Euro - Euro area (changing composition) counterpart",EUR,6
ILM.D.U2.C.A050500.U2.EUR,D,U2,C,A050500,U2,EUR,2020-04-20,1,A,F,,,P1D,,E,,,,,,,,,0,,Marginal lending facility - Eurosystem,"Euro area (changing composition), Eurosystem reporting sector - Marginal lending facility, Euro - Euro area (changing composition) counterpart",EUR,6
ILM.D.U2.C.A050500.U2.EUR,D,U2,C,A050500,U2,EUR,2020-04-21,0,A,F,,,P1D,,E,,,,,,,,,0,,Marginal lending facility - Eurosystem,"Euro area (changing composition), Eurosystem reporting sector - Marginal lending facility, Euro - Euro area (changing composition) counterpart",EUR,6
ILM.D.U2.C.A050500.U2.EUR,D,U2,C,A050500,U2,EUR,2020-04-22,0,A,F,,,P1D,,E,,,,,,,,,0,,Marginal lending facility - Eurosystem,"Euro area (changing composition), Eurosystem reporting sector - Marginal lending facility, Euro - Euro area (changing composition) counterpart",EUR,6
ILM.D.U2.C.A050500.U2.EUR,D,U2,C,A050500,U2,EUR,2020-04-23,0,A,F,,,P1D,,E,,,,,,,,,0,,Marginal lending facility - Eurosystem,"Euro area (changing composition), Eurosystem reporting sector - Marginal lending facility, Euro - Euro area (changing composition) counterpart",EUR,6
ILM.D.U2.C.A050500.U2.EUR,D,U2,C,A050500,U2,EUR,2020-04-24,3,A,F,,,P1D,,E,,,,,,,,,0,,Marginal lending facility - Eurosystem,"Euro area (changing composition), Eurosystem reporting sector - Marginal lending facility, Euro - Euro area (changing composition) counterpart",EUR,6
ILM.D.U2.C.A050500.U2.EUR,D,U2,C,A050500,U2,EUR,2020-04-27,0,A,F,,,P1D,,E,,,,,,,,,0,,Marginal lending facility - Eurosystem,"Euro area (changing composition), Eurosystem reporting sector - Marginal lending facility, Euro - Euro area (changing composition) counterpart",EUR,6
ILM.D.U2.C.A050500.U2.EUR,D,U2,C,A050500,U2,EUR,2020-04-28,0,A,F,,,P1D,,E,,,,,,,,,0,,Marginal lending facility - Eurosystem,"Euro area (changing composition), Eurosystem reporting sector - Marginal lending facility, Euro - Euro area (changing composition) counterpart",EUR,6
ILM.D.U2.C.A050500.U2.EUR,D,U2,C,A050500,U2,EUR,2020-04-29,0,A,F,,,P1D,,E,,,,,,,,,0,,Marginal lending facility - Eurosystem,"Euro area (changing composition), Eurosystem reporting sector - Marginal lending facility, Euro - Euro area (changing composition) counterpart",EUR,6
ILM.D.U2.C.A050500.U2.EUR,D,U2,C,A050500,U2,EUR,2020-04-30,0,A,F,,,P1D,,E,,,,,,,,,0,,Marginal lending facility - Eurosystem,"Euro area (changing composition), Eurosystem reporting sector - Marginal lending facility, Euro - Euro area (changing composition) counterpart",EUR,6
ILM.D.U2.C.A050500.U2.EUR,D,U2,C,A050500,U2,EUR,2020-05-01,0,A,F,,,P1D,,E,,,,,,,,,0,,Marginal lending facility - Eurosystem,"Euro area (changing composition), Eurosystem reporting sector - Marginal lending facility, Euro - Euro area (changing composition) counterpart",EUR,6
ILM.D.U2.C.A050500.U2.EUR,D,U2,C,A050500,U2,EUR,2020-05-04,21,A,F,,,P1D,,E,,,,,,,,,0,,Marginal lending facility - Eurosystem,"Euro area (changing composition), Eurosystem reporting sector - Marginal lending facility, Euro - Euro area (changing composition) counterpart",EUR,6
ILM.D.U2.C.A050500.U2.EUR,D,U2,C,A050500,U2,EUR,2020-05-05,5,A,F,,,P1D,,E,,,,,,,,,0,,Marginal lending facility - Eurosystem,"Euro area (changing composition), Eurosystem reporting sector - Marginal lending facility, Euro - Euro area (changing composition) counterpart",EUR,6
ILM.D.U2.C.A050500.U2.EUR,D,U2,C,A050500,U2,EUR,2020-05-06,0,A,F,,,P1D,,E,,,,,,,,,0,,Marginal lending facility - Eurosystem,"Euro area (changing composition), Eurosystem reporting sector - Marginal lending facility, Euro - Euro area (changing composition) counterpart",EUR,6
ILM.D.U2.C.A050500.U2.EUR,D,U2,C,A050500,U2,EUR,2020-05-07,0,A,F,,,P1D,,E,,,,,,,,,0,,Marginal lending facility - Eurosystem,"Euro area (changing composition), Eurosystem reporting sector - Marginal lending facility, Euro - Euro area (changing composition) counterpart",EUR,6
ILM.D.U2.C.A050500.U2.EUR,D,U2,C,A050500,U2,EUR,2020-05-08,0,A,F,,,P1D,,E,,,,,,,,,0,,Marginal lending facility - Eurosystem,"Euro area (changing composition), Eurosystem reporting sector - Marginal lending facility, Euro - Euro area (changing composition) counterpart",EUR,6
ILM.D.U2.C.A050500.U2.EUR,D,U2,C,A050500,U2,EUR,2020-05-11,5,A,F,,,P1D,,E,,,,,,,,,0,,Marginal lending facility - Eurosystem,"Euro area (changing composition), Eurosystem reporting sector - Marginal lending facility, Euro - Euro area (changing composition) counterpart",EUR,6
ILM.D.U2.C.A050500.U2.EUR,D,U2,C,A050500,U2,EUR,2020-05-12,0,A,F,,,P1D,,E,,,,,,,,,0,,Marginal lending facility - Eurosystem,"Euro area (changing composition), Eurosystem reporting sector - Marginal lending facility, Euro - Euro area (changing composition) counterpart",EUR,6
ILM.D.U2.C.A050500.U2.EUR,D,U2,C,A050500,U2,EUR,2020-05-13,0,A,F,,,P1D,,E,,,,,,,,,0,,Marginal lending facility - Eurosystem,"Euro area (changing composition), Eurosystem reporting sector - Marginal lending facility, Euro - Euro area (changing composition) counterpart",EUR,6
ILM.D.U2.C.A050500.U2.EUR,D,U2,C,A050500,U2,EUR,2020-05-14,0,A,F,,,P1D,,E,,,,,,,,,0,,Marginal lending facility - Eurosystem,"Euro area (changing composition), Eurosystem reporting sector - Marginal lending facility, Euro - Euro area (changing composition) counterpart",EUR,6
ILM.D.U2.C.A050500.U2.EUR,D,U2,C,A050500,U2,EUR,2020-05-15,0,A,F,,,P1D,,E,,,,,,,,,0,,Marginal lending facility - Eurosystem,"Euro area (changing composition), Eurosystem reporting sector - Marginal lending facility, Euro - Euro area (changing composition) counterpart",EUR,6
ILM.D.U2.C.A050500.U2.EUR,D,U2,C,A050500,U2,EUR,2020-05-18,0,A,F,,,P1D,,E,,,,,,,,,0,,Marginal lending facility - Eurosystem,"Euro area (changing composition), Eurosystem reporting sector - Marginal lending facility, Euro - Euro area (changing composition) counterpart",EUR,6
ILM.D.U2.C.A050500.U2.EUR,D,U2,C,A050500,U2,EUR,2020-05-19,0,A,F,,,P1D,,E,,,,,,,,,0,,Marginal lending facility - Eurosystem,"Euro area (changing composition), Eurosystem reporting sector - Marginal lending facility, Euro - Euro area (changing composition) counterpart",EUR,6
ILM.D.U2.C.A050500.U2.EUR,D,U2,C,A050500,U2,EUR,2020-05-20,0,A,F,,,P1D,,E,,,,,,,,,0,,Marginal lending facility - Eurosystem,"Euro area (changing composition), Eurosystem reporting sector - Marginal lending facility, Euro - Euro area (changing composition) counterpart",EUR,6
ILM.D.U2.C.A050500.U2.EUR,D,U2,C,A050500,U2,EUR,2020-05-21,3,A,F,,,P1D,,E,,,,,,,,,0,,Marginal lending facility - Eurosystem,"Euro area (changing composition), Eurosystem reporting sector - Marginal lending facility, Euro - Euro area (changing composition) counterpart",EUR,6
ILM.D.U2.C.A050500.U2.EUR,D,U2,C,A050500,U2,EUR,2020-05-22,12,A,F,,,P1D,,E,,,,,,,,,0,,Marginal lending facility - Eurosystem,"Euro area (changing composition), Eurosystem reporting sector - Marginal lending facility, Euro - Euro area (changing composition) counterpart",EUR,6
ILM.D.U2.C.A050500.U2.EUR,D,U2,C,A050500,U2,EUR,2020-05-25,37,A,F,,,P1D,,E,,,,,,,,,0,,Marginal lending facility - Eurosystem,"Euro area (changing composition), Eurosystem reporting sector - Marginal lending facility, Euro - Euro area (changing composition) counterpart",EUR,6
ILM.D.U2.C.A050500.U2.EUR,D,U2,C,A050500,U2,EUR,2020-05-26,167,A,F,,,P1D,,E,,,,,,,,,0,,Marginal lending facility - Eurosystem,"Euro area (changing composition), Eurosystem reporting sector - Marginal lending facility, Euro - Euro area (changing composition) counterpart",EUR,6
ILM.D.U2.C.A050500.U2.EUR,D,U2,C,A050500,U2,EUR,2020-05-27,30,A,F,,,P1D,,E,,,,,,,,,0,,Marginal lending facility - Eurosystem,"Euro area (changing composition), Eurosystem reporting sector - Marginal lending facility, Euro - Euro area (changing composition) counterpart",EUR,6
ILM.D.U2.C.A050500.U2.EUR,D,U2,C,A050500,U2,EUR,2020-05-28,35,A,F,,,P1D,,E,,,,,,,,,0,,Marginal lending facility - Eurosystem,"Euro area (changing composition), Eurosystem reporting sector - Marginal lending facility, Euro - Euro area (changing composition) counterpart",EUR,6
ILM.D.U2.C.A050500.U2.EUR,D,U2,C,A050500,U2,EUR,2020-05-29,50,A,F,,,P1D,,E,,,,,,,,,0,,Marginal lending facility - Eurosystem,"Euro area (changing composition), Eurosystem reporting sector - Marginal lending facility, Euro - Euro area (changing composition) counterpart",EUR,6
ILM.D.U2.C.A050500.U2.EUR,D,U2,C,A050500,U2,EUR,2020-06-01,11,A,F,,,P1D,,E,,,,,,,,,0,,Marginal lending facility - Eurosystem,"Euro area (changing composition), Eurosystem reporting sector - Marginal lending facility, Euro - Euro area (changing composition) counterpart",EUR,6
ILM.D.U2.C.A050500.U2.EUR,D,U2,C,A050500,U2,EUR,2020-06-02,0,A,F,,,P1D,,E,,,,,,,,,0,,Marginal lending facility - Eurosystem,"Euro area (changing composition), Eurosystem reporting sector - Marginal lending facility, Euro - Euro area (changing composition) counterpart",EUR,6
ILM.D.U2.C.A050500.U2.EUR,D,U2,C,A050500,U2,EUR,2020-06-03,0,A,F,,,P1D,,E,,,,,,,,,0,,Marginal lending facility - Eurosystem,"Euro area (changing composition), Eurosystem reporting sector - Marginal lending facility, Euro - Euro area (changing composition) counterpart",EUR,6
ILM.D.U2.C.A050500.U2.EUR,D,U2,C,A050500,U2,EUR,2020-06-04,8,A,F,,,P1D,,E,,,,,,,,,0,,Marginal lending facility - Eurosystem,"Euro area (changing composition), Eurosystem reporting sector - Marginal lending facility, Euro - Euro area (changing composition) counterpart",EUR,6
ILM.D.U2.C.A050500.U2.EUR,D,U2,C,A050500,U2,EUR,2020-06-05,9,A,F,,,P1D,,E,,,,,,,,,0,,Marginal lending facility - Eurosystem,"Euro area (changing composition), Eurosystem reporting sector - Marginal lending facility, Euro - Euro area (changing composition) counterpart",EUR,6
ILM.D.U2.C.A050500.U2.EUR,D,U2,C,A050500,U2,EUR,2020-06-08,9,A,F,,,P1D,,E,,,,,,,,,0,,Marginal lending facility - Eurosystem,"Euro area (changing composition), Eurosystem reporting sector - Marginal lending facility, Euro - Euro area (changing composition) counterpart",EUR,6
ILM.D.U2.C.A050500.U2.EUR,D,U2,C,A050500,U2,EUR,2020-06-09,14,A,F,,,P1D,,E,,,,,,,,,0,,Marginal lending facility - Eurosystem,"Euro area (changing composition), Eurosystem reporting sector - Marginal lending facility, Euro - Euro area (changing composition) counterpart",EUR,6
ILM.D.U2.C.A050500.U2.EUR,D,U2,C,A050500,U2,EUR,2020-06-10,16,A,F,,,P1D,,E,,,,,,,,,0,,Marginal lending facility - Eurosystem,"Euro area (changing composition), Eurosystem reporting sector - Marginal lending facility, Euro - Euro area (changing composition) counterpart",EUR,6
ILM.D.U2.C.A050500.U2.EUR,D,U2,C,A050500,U2,EUR,2020-06-11,25,A,F,,,P1D,,E,,,,,,,,,0,,Marginal lending facility - Eurosystem,"Euro area (changing composition), Eurosystem reporting sector - Marginal lending facility, Euro - Euro area (changing composition) counterpart",EUR,6
ILM.D.U2.C.A050500.U2.EUR,D,U2,C,A050500,U2,EUR,2020-06-12,27,A,F,,,P1D,,E,,,,,,,,,0,,Marginal lending facility - Eurosystem,"Euro area (changing composition), Eurosystem reporting sector - Marginal lending facility, Euro - Euro area (changing composition) counterpart",EUR,6
ILM.D.U2.C.A050500.U2.EUR,D,U2,C,A050500,U2,EUR,2020-06-15,7,A,F,,,P1D,,E,,,,,,,,,0,,Marginal lending facility - Eurosystem,"Euro area (changing composition), Eurosystem reporting sector - Marginal lending facility, Euro - Euro area (changing composition) counterpart",EUR,6
ILM.D.U2.C.A050500.U2.EUR,D,U2,C,A050500,U2,EUR,2020-06-16,0,A,F,,,P1D,,E,,,,,,,,,0,,Marginal lending facility - Eurosystem,"Euro area (changing composition), Eurosystem reporting sector - Marginal lending facility, Euro - Euro area (changing composition) counterpart",EUR,6
ILM.D.U2.C.A050500.U2.EUR,D,U2,C,A050500,U2,EUR,2020-06-17,5,A,F,,,P1D,,E,,,,,,,,,0,,Marginal lending facility - Eurosystem,"Euro area (changing composition), Eurosystem reporting sector - Marginal lending facility, Euro - Euro area (changing composition) counterpart",EUR,6
ILM.D.U2.C.A050500.U2.EUR,D,U2,C,A050500,U2,EUR,2020-06-18,0,A,F,,,P1D,,E,,,,,,,,,0,,Marginal lending facility - Eurosystem,"Euro area (changing composition), Eurosystem reporting sector - Marginal lending facility, Euro - Euro area (changing composition) counterpart",EUR,6
ILM.D.U2.C.A050500.U2.EUR,D,U2,C,A050500,U2,EUR,2020-06-19,0,A,F,,,P1D,,E,,,,,,,,,0,,Marginal lending facility - Eurosystem,"Euro area (changing composition), Eurosystem reporting sector - Marginal lending facility, Euro - Euro area (changing composition) counterpart",EUR,6
ILM.D.U2.C.A050500.U2.EUR,D,U2,C,A050500,U2,EUR,2020-06-22,0,A,F,,,P1D,,E,,,,,,,,,0,,Marginal lending facility - Eurosystem,"Euro area (changing composition), Eurosystem reporting sector - Marginal lending facility, Euro - Euro area (changing composition) counterpart",EUR,6
ILM.D.U2.C.A050500.U2.EUR,D,U2,C,A050500,U2,EUR,2020-06-23,1,A,F,,,P1D,,E,,,,,,,,,0,,Marginal lending facility - Eurosystem,"Euro area (changing composition), Eurosystem reporting sector - Marginal lending facility, Euro - Euro area (changing composition) counterpart",EUR,6
ILM.D.U2.C.A050500.U2.EUR,D,U2,C,A050500,U2,EUR,2020-06-24,0,A,F,,,P1D,,E,,,,,,,,,0,,Marginal lending facility - Eurosystem,"Euro area (changing composition), Eurosystem reporting sector - Marginal lending facility, Euro - Euro area (changing composition) counterpart",EUR,6
ILM.D.U2.C.A050500.U2.EUR,D,U2,C,A050500,U2,EUR,2020-06-25,22,A,F,,,P1D,,E,,,,,,,,,0,,Marginal lending facility - Eurosystem,"Euro area (changing composition), Eurosystem reporting sector - Marginal lending facility, Euro - Euro area (changing composition) counterpart",EUR,6
ILM.D.U2.C.A050500.U2.EUR,D,U2,C,A050500,U2,EUR,2020-06-26,7,A,F,,,P1D,,E,,,,,,,,,0,,Marginal lending facility - Eurosystem,"Euro area (changing composition), Eurosystem reporting sector - Marginal lending facility, Euro - Euro area (changing composition) counterpart",EUR,6
ILM.D.U2.C.A050500.U2.EUR,D,U2,C,A050500,U2,EUR,2020-06-29,7,A,F,,,P1D,,E,,,,,,,,,0,,Marginal lending facility - Eurosystem,"Euro area (changing composition), Eurosystem reporting sector - Marginal lending facility, Euro - Euro area (changing composition) counterpart",EUR,6
ILM.D.U2.C.A050500.U2.EUR,D,U2,C,A050500,U2,EUR,2020-06-30,0,A,F,,,P1D,,E,,,,,,,,,0,,Marginal lending facility - Eurosystem,"Euro area (changing composition), Eurosystem reporting sector - Marginal lending facility, Euro - Euro area (changing composition) counterpart",EUR,6
ILM.D.U2.C.A050500.U2.EUR,D,U2,C,A050500,U2,EUR,2020-07-01,0,A,F,,,P1D,,E,,,,,,,,,0,,Marginal lending facility - Eurosystem,"Euro area (changing composition), Eurosystem reporting sector - Marginal lending facility, Euro - Euro area (changing composition) counterpart",EUR,6
ILM.D.U2.C.A050500.U2.EUR,D,U2,C,A050500,U2,EUR,2020-07-02,0,A,F,,,P1D,,E,,,,,,,,,0,,Marginal lending facility - Eurosystem,"Euro area (changing composition), Eurosystem reporting sector - Marginal lending facility, Euro - Euro area (changing composition) counterpart",EUR,6
ILM.D.U2.C.A050500.U2.EUR,D,U2,C,A050500,U2,EUR,2020-07-03,0,A,F,,,P1D,,E,,,,,,,,,0,,Marginal lending facility - Eurosystem,"Euro area (changing composition), Eurosystem reporting sector - Marginal lending facility, Euro - Euro area (changing composition) counterpart",EUR,6
ILM.D.U2.C.A050500.U2.EUR,D,U2,C,A050500,U2,EUR,2020-07-06,0,A,F,,,P1D,,E,,,,,,,,,0,,Marginal lending facility - Eurosystem,"Euro area (changing composition), Eurosystem reporting sector - Marginal lending facility, Euro - Euro area (changing composition) counterpart",EUR,6
ILM.D.U2.C.A050500.U2.EUR,D,U2,C,A050500,U2,EUR,2020-07-07,0,A,F,,,P1D,,E,,,,,,,,,0,,Marginal lending facility - Eurosystem,"Euro area (changing composition), Eurosystem reporting sector - Marginal lending facility, Euro - Euro area (changing composition) counterpart",EUR,6
ILM.D.U2.C.A050500.U2.EUR,D,U2,C,A050500,U2,EUR,2020-07-08,0,A,F,,,P1D,,E,,,,,,,,,0,,Marginal lending facility - Eurosystem,"Euro area (changing composition), Eurosystem reporting sector - Marginal lending facility, Euro - Euro area (changing composition) counterpart",EUR,6
ILM.D.U2.C.A050500.U2.EUR,D,U2,C,A050500,U2,EUR,2020-07-09,0,A,F,,,P1D,,E,,,,,,,,,0,,Marginal lending facility - Eurosystem,"Euro area (changing composition), Eurosystem reporting sector - Marginal lending facility, Euro - Euro area (changing composition) counterpart",EUR,6
ILM.D.U2.C.A050500.U2.EUR,D,U2,C,A050500,U2,EUR,2020-07-10,0,A,F,,,P1D,,E,,,,,,,,,0,,Marginal lending facility - Eurosystem,"Euro area (changing composition), Eurosystem reporting sector - Marginal lending facility, Euro - Euro area (changing composition) counterpart",EUR,6
ILM.D.U2.C.A050500.U2.EUR,D,U2,C,A050500,U2,EUR,2020-07-13,10,A,F,,,P1D,,E,,,,,,,,,0,,Marginal lending facility - Eurosystem,"Euro area (changing composition), Eurosystem reporting sector - Marginal lending facility, Euro - Euro area (changing composition) counterpart",EUR,6
ILM.D.U2.C.A050500.U2.EUR,D,U2,C,A050500,U2,EUR,2020-07-14,23,A,F,,,P1D,,E,,,,,,,,,0,,Marginal lending facility - Eurosystem,"Euro area (changing composition), Eurosystem reporting sector - Marginal lending facility, Euro - Euro area (changing composition) counterpart",EUR,6
ILM.D.U2.C.A050500.U2.EUR,D,U2,C,A050500,U2,EUR,2020-07-15,1,A,F,,,P1D,,E,,,,,,,,,0,,Marginal lending facility - Eurosystem,"Euro area (changing composition), Eurosystem reporting sector - Marginal lending facility, Euro - Euro area (changing composition) counterpart",EUR,6
ILM.D.U2.C.A050500.U2.EUR,D,U2,C,A050500,U2,EUR,2020-07-16,0,A,F,,,P1D,,E,,,,,,,,,0,,Marginal lending facility - Eurosystem,"Euro area (changing composition), Eurosystem reporting sector - Marginal lending facility, Euro - Euro area (changing composition) counterpart",EUR,6
ILM.D.U2.C.A050500.U2.EUR,D,U2,C,A050500,U2,EUR,2020-07-17,3,A,F,,,P1D,,E,,,,,,,,,0,,Marginal lending facility - Eurosystem,"Euro area (changing composition), Eurosystem reporting sector - Marginal lending facility, Euro - Euro area (changing composition) counterpart",EUR,6
ILM.D.U2.C.A050500.U2.EUR,D,U2,C,A050500,U2,EUR,2020-07-20,0,A,F,,,P1D,,E,,,,,,,,,0,,Marginal lending facility - Eurosystem,"Euro area (changing composition), Eurosystem reporting sector - Marginal lending facility, Euro - Euro area (changing composition) counterpart",EUR,6
ILM.D.U2.C.A050500.U2.EUR,D,U2,C,A050500,U2,EUR,2020-07-21,0,A,F,,,P1D,,E,,,,,,,,,0,,Marginal lending facility - Eurosystem,"Euro area (changing composition), Eurosystem reporting sector - Marginal lending facility, Euro - Euro area (changing composition) counterpart",EUR,6
ILM.D.U2.C.A050500.U2.EUR,D,U2,C,A050500,U2,EUR,2020-07-22,74,A,F,,,P1D,,E,,,,,,,,,0,,Marginal lending facility - Eurosystem,"Euro area (changing composition), Eurosystem reporting sector - Marginal lending facility, Euro - Euro area (changing composition) counterpart",EUR,6
ILM.D.U2.C.A050500.U2.EUR,D,U2,C,A050500,U2,EUR,2020-07-23,36,A,F,,,P1D,,E,,,,,,,,,0,,Marginal lending facility - Eurosystem,"Euro area (changing composition), Eurosystem reporting sector - Marginal lending facility, Euro - Euro area (changing composition) counterpart",EUR,6
ILM.D.U2.C.A050500.U2.EUR,D,U2,C,A050500,U2,EUR,2020-07-24,10,A,F,,,P1D,,E,,,,,,,,,0,,Marginal lending facility - Eurosystem,"Euro area (changing composition), Eurosystem reporting sector - Marginal lending facility, Euro - Euro area (changing composition) counterpart",EUR,6
ILM.D.U2.C.A050500.U2.EUR,D,U2,C,A050500,U2,EUR,2020-07-27,90,A,F,,,P1D,,E,,,,,,,,,0,,Marginal lending facility - Eurosystem,"Euro area (changing composition), Eurosystem reporting sector - Marginal lending facility, Euro - Euro area (changing composition) counterpart",EUR,6
ILM.D.U2.C.A050500.U2.EUR,D,U2,C,A050500,U2,EUR,2020-07-28,95,A,F,,,P1D,,E,,,,,,,,,0,,Marginal lending facility - Eurosystem,"Euro area (changing composition), Eurosystem reporting sector - Marginal lending facility, Euro - Euro area (changing composition) counterpart",EUR,6
ILM.D.U2.C.A050500.U2.EUR,D,U2,C,A050500,U2,EUR,2020-07-29,70,A,F,,,P1D,,E,,,,,,,,,0,,Marginal lending facility - Eurosystem,"Euro area (changing composition), Eurosystem reporting sector - Marginal lending facility, Euro - Euro area (changing composition) counterpart",EUR,6
ILM.D.U2.C.A050500.U2.EUR,D,U2,C,A050500,U2,EUR,2020-07-30,154,A,F,,,P1D,,E,,,,,,,,,0,,Marginal lending facility - Eurosystem,"Euro area (changing composition), Eurosystem reporting sector - Marginal lending facility, Euro - Euro area (changing composition) counterpart",EUR,6
ILM.D.U2.C.A050500.U2.EUR,D,U2,C,A050500,U2,EUR,2020-07-31,0,A,F,,,P1D,,E,,,,,,,,,0,,Marginal lending facility - Eurosystem,"Euro area (changing composition), Eurosystem reporting sector - Marginal lending facility, Euro - Euro area (changing composition) counterpart",EUR,6
ILM.D.U2.C.A050500.U2.EUR,D,U2,C,A050500,U2,EUR,2020-08-03,0,A,F,,,P1D,,E,,,,,,,,,0,,Marginal lending facility - Eurosystem,"Euro area (changing composition), Eurosystem reporting sector - Marginal lending facility, Euro - Euro area (changing composition) counterpart",EUR,6
ILM.D.U2.C.A050500.U2.EUR,D,U2,C,A050500,U2,EUR,2020-08-04,1,A,F,,,P1D,,E,,,,,,,,,0,,Marginal lending facility - Eurosystem,"Euro area (changing composition), Eurosystem reporting sector - Marginal lending facility, Euro - Euro area (changing composition) counterpart",EUR,6
ILM.D.U2.C.A050500.U2.EUR,D,U2,C,A050500,U2,EUR,2020-08-05,1,A,F,,,P1D,,E,,,,,,,,,0,,Marginal lending facility - Eurosystem,"Euro area (changing composition), Eurosystem reporting sector - Marginal lending facility, Euro - Euro area (changing composition) counterpart",EUR,6
ILM.D.U2.C.A050500.U2.EUR,D,U2,C,A050500,U2,EUR,2020-08-06,81,A,F,,,P1D,,E,,,,,,,,,0,,Marginal lending facility - Eurosystem,"Euro area (changing composition), Eurosystem reporting sector - Marginal lending facility, Euro - Euro area (changing composition) counterpart",EUR,6
ILM.D.U2.C.A050500.U2.EUR,D,U2,C,A050500,U2,EUR,2020-08-07,0,A,F,,,P1D,,E,,,,,,,,,0,,Marginal lending facility - Eurosystem,"Euro area (changing composition), Eurosystem reporting sector - Marginal lending facility, Euro - Euro area (changing composition) counterpart",EUR,6
ILM.D.U2.C.A050500.U2.EUR,D,U2,C,A050500,U2,EUR,2020-08-10,0,A,F,,,P1D,,E,,,,,,,,,0,,Marginal lending facility - Eurosystem,"Euro area (changing composition), Eurosystem reporting sector - Marginal lending facility, Euro - Euro area (changing composition) counterpart",EUR,6
ILM.D.U2.C.A050500.U2.EUR,D,U2,C,A050500,U2,EUR,2020-08-11,22,A,F,,,P1D,,E,,,,,,,,,0,,Marginal lending facility - Eurosystem,"Euro area (changing composition), Eurosystem reporting sector - Marginal lending facility, Euro - Euro area (changing composition) counterpart",EUR,6
ILM.D.U2.C.A050500.U2.EUR,D,U2,C,A050500,U2,EUR,2020-08-12,3,A,F,,,P1D,,E,,,,,,,,,0,,Marginal lending facility - Eurosystem,"Euro area (changing composition), Eurosystem reporting sector - Marginal lending facility, Euro - Euro area (changing composition) counterpart",EUR,6
ILM.D.U2.C.A050500.U2.EUR,D,U2,C,A050500,U2,EUR,2020-08-13,0,A,F,,,P1D,,E,,,,,,,,,0,,Marginal lending facility - Eurosystem,"Euro area (changing composition), Eurosystem reporting sector - Marginal lending facility, Euro - Euro area (changing composition) counterpart",EUR,6
ILM.D.U2.C.A050500.U2.EUR,D,U2,C,A050500,U2,EUR,2020-08-14,0,A,F,,,P1D,,E,,,,,,,,,0,,Marginal lending facility - Eurosystem,"Euro area (changing composition), Eurosystem reporting sector - Marginal lending facility, Euro - Euro area (changing composition) counterpart",EUR,6
ILM.D.U2.C.A050500.U2.EUR,D,U2,C,A050500,U2,EUR,2020-08-17,0,A,F,,,P1D,,E,,,,,,,,,0,,Marginal lending facility - Eurosystem,"Euro area (changing composition), Eurosystem reporting sector - Marginal lending facility, Euro - Euro area (changing composition) counterpart",EUR,6
ILM.D.U2.C.A050500.U2.EUR,D,U2,C,A050500,U2,EUR,2020-08-18,0,A,F,,,P1D,,E,,,,,,,,,0,,Marginal lending facility - Eurosystem,"Euro area (changing composition), Eurosystem reporting sector - Marginal lending facility, Euro - Euro area (changing composition) counterpart",EUR,6
ILM.D.U2.C.A050500.U2.EUR,D,U2,C,A050500,U2,EUR,2020-08-19,0,A,F,,,P1D,,E,,,,,,,,,0,,Marginal lending facility - Eurosystem,"Euro area (changing composition), Eurosystem reporting sector - Marginal lending facility, Euro - Euro area (changing composition) counterpart",EUR,6
ILM.D.U2.C.A050500.U2.EUR,D,U2,C,A050500,U2,EUR,2020-08-20,0,A,F,,,P1D,,E,,,,,,,,,0,,Marginal lending facility - Eurosystem,"Euro area (changing composition), Eurosystem reporting sector - Marginal lending facility, Euro - Euro area (changing composition) counterpart",EUR,6
ILM.D.U2.C.A050500.U2.EUR,D,U2,C,A050500,U2,EUR,2020-08-21,0,A,F,,,P1D,,E,,,,,,,,,0,,Marginal lending facility - Eurosystem,"Euro area (changing composition), Eurosystem reporting sector - Marginal lending facility, Euro - Euro area (changing composition) counterpart",EUR,6
ILM.D.U2.C.A050500.U2.EUR,D,U2,C,A050500,U2,EUR,2020-08-24,0,A,F,,,P1D,,E,,,,,,,,,0,,Marginal lending facility - Eurosystem,"Euro area (changing composition), Eurosystem reporting sector - Marginal lending facility, Euro - Euro area (changing composition) counterpart",EUR,6
ILM.D.U2.C.A050500.U2.EUR,D,U2,C,A050500,U2,EUR,2020-08-25,0,A,F,,,P1D,,E,,,,,,,,,0,,Marginal lending facility - Eurosystem,"Euro area (changing composition), Eurosystem reporting sector - Marginal lending facility, Euro - Euro area (changing composition) counterpart",EUR,6
ILM.D.U2.C.A050500.U2.EUR,D,U2,C,A050500,U2,EUR,2020-08-26,0,A,F,,,P1D,,E,,,,,,,,,0,,Marginal lending facility - Eurosystem,"Euro area (changing composition), Eurosystem reporting sector - Marginal lending facility, Euro - Euro area (changing composition) counterpart",EUR,6
ILM.D.U2.C.A050500.U2.EUR,D,U2,C,A050500,U2,EUR,2020-08-27,4,A,F,,,P1D,,E,,,,,,,,,0,,Marginal lending facility - Eurosystem,"Euro area (changing composition), Eurosystem reporting sector - Marginal lending facility, Euro - Euro area (changing composition) counterpart",EUR,6
ILM.D.U2.C.A050500.U2.EUR,D,U2,C,A050500,U2,EUR,2020-08-28,6,A,F,,,P1D,,E,,,,,,,,,0,,Marginal lending facility - Eurosystem,"Euro area (changing composition), Eurosystem reporting sector - Marginal lending facility, Euro - Euro area (changing composition) counterpart",EUR,6
ILM.D.U2.C.A050500.U2.EUR,D,U2,C,A050500,U2,EUR,2020-08-31,0,A,F,,,P1D,,E,,,,,,,,,0,,Marginal lending facility - Eurosystem,"Euro area (changing composition), Eurosystem reporting sector - Marginal lending facility, Euro - Euro area (changing composition) counterpart",EUR,6
ILM.D.U2.C.A050500.U2.EUR,D,U2,C,A050500,U2,EUR,2020-09-01,4,A,F,,,P1D,,E,,,,,,,,,0,,Marginal lending facility - Eurosystem,"Euro area (changing composition), Eurosystem reporting sector - Marginal lending facility, Euro - Euro area (changing composition) counterpart",EUR,6
ILM.D.U2.C.A050500.U2.EUR,D,U2,C,A050500,U2,EUR,2020-09-02,0,A,F,,,P1D,,E,,,,,,,,,0,,Marginal lending facility - Eurosystem,"Euro area (changing composition), Eurosystem reporting sector - Marginal lending facility, Euro - Euro area (changing composition) counterpart",EUR,6
ILM.D.U2.C.A050500.U2.EUR,D,U2,C,A050500,U2,EUR,2020-09-03,0,A,F,,,P1D,,E,,,,,,,,,0,,Marginal lending facility - Eurosystem,"Euro area (changing composition), Eurosystem reporting sector - Marginal lending facility, Euro - Euro area (changing composition) counterpart",EUR,6
ILM.D.U2.C.A050500.U2.EUR,D,U2,C,A050500,U2,EUR,2020-09-04,0,A,F,,,P1D,,E,,,,,,,,,0,,Marginal lending facility - Eurosystem,"Euro area (changing composition), Eurosystem reporting sector - Marginal lending facility, Euro - Euro area (changing composition) counterpart",EUR,6
ILM.D.U2.C.A050500.U2.EUR,D,U2,C,A050500,U2,EUR,2020-09-07,0,A,F,,,P1D,,E,,,,,,,,,0,,Marginal lending facility - Eurosystem,"Euro area (changing composition), Eurosystem reporting sector - Marginal lending facility, Euro - Euro area (changing composition) counterpart",EUR,6
ILM.D.U2.C.A050500.U2.EUR,D,U2,C,A050500,U2,EUR,2020-09-08,0,A,F,,,P1D,,E,,,,,,,,,0,,Marginal lending facility - Eurosystem,"Euro area (changing composition), Eurosystem reporting sector - Marginal lending facility, Euro - Euro area (changing composition) counterpart",EUR,6
ILM.D.U2.C.A050500.U2.EUR,D,U2,C,A050500,U2,EUR,2020-09-09,0,A,F,,,P1D,,E,,,,,,,,,0,,Marginal lending facility - Eurosystem,"Euro area (changing composition), Eurosystem reporting sector - Marginal lending facility, Euro - Euro area (changing composition) counterpart",EUR,6
ILM.D.U2.C.A050500.U2.EUR,D,U2,C,A050500,U2,EUR,2020-09-10,8,A,F,,,P1D,,E,,,,,,,,,0,,Marginal lending facility - Eurosystem,"Euro area (changing composition), Eurosystem reporting sector - Marginal lending facility, Euro - Euro area (changing composition) counterpart",EUR,6
ILM.D.U2.C.A050500.U2.EUR,D,U2,C,A050500,U2,EUR,2020-09-11,0,A,F,,,P1D,,E,,,,,,,,,0,,Marginal lending facility - Eurosystem,"Euro area (changing composition), Eurosystem reporting sector - Marginal lending facility, Euro - Euro area (changing composition) counterpart",EUR,6
ILM.D.U2.C.A050500.U2.EUR,D,U2,C,A050500,U2,EUR,2020-09-14,0,A,F,,,P1D,,E,,,,,,,,,0,,Marginal lending facility - Eurosystem,"Euro area (changing composition), Eurosystem reporting sector - Marginal lending facility, Euro - Euro area (changing composition) counterpart",EUR,6
ILM.D.U2.C.A050500.U2.EUR,D,U2,C,A050500,U2,EUR,2020-09-15,0,A,F,,,P1D,,E,,,,,,,,,0,,Marginal lending facility - Eurosystem,"Euro area (changing composition), Eurosystem reporting sector - Marginal lending facility, Euro - Euro area (changing composition) counterpart",EUR,6
ILM.D.U2.C.A050500.U2.EUR,D,U2,C,A050500,U2,EUR,2020-09-16,4,A,F,,,P1D,,E,,,,,,,,,0,,Marginal lending facility - Eurosystem,"Euro area (changing composition), Eurosystem reporting sector - Marginal lending facility, Euro - Euro area (changing composition) counterpart",EUR,6
ILM.D.U2.C.A050500.U2.EUR,D,U2,C,A050500,U2,EUR,2020-09-17,0,A,F,,,P1D,,E,,,,,,,,,0,,Marginal lending facility - Eurosystem,"Euro area (changing composition), Eurosystem reporting sector - Marginal lending facility, Euro - Euro area (changing composition) counterpart",EUR,6
ILM.D.U2.C.A050500.U2.EUR,D,U2,C,A050500,U2,EUR,2020-09-18,0,A,F,,,P1D,,E,,,,,,,,,0,,Marginal lending facility - Eurosystem,"Euro area (changing composition), Eurosystem reporting sector - Marginal lending facility, Euro - Euro area (changing composition) counterpart",EUR,6
ILM.D.U2.C.A050500.U2.EUR,D,U2,C,A050500,U2,EUR,2020-09-21,0,A,F,,,P1D,,E,,,,,,,,,0,,Marginal lending facility - Eurosystem,"Euro area (changing composition), Eurosystem reporting sector - Marginal lending facility, Euro - Euro area (changing composition) counterpart",EUR,6
ILM.D.U2.C.A050500.U2.EUR,D,U2,C,A050500,U2,EUR,2020-09-22,4,A,F,,,P1D,,E,,,,,,,,,0,,Marginal lending facility - Eurosystem,"Euro area (changing composition), Eurosystem reporting sector - Marginal lending facility, Euro - Euro area (changing composition) counterpart",EUR,6
ILM.D.U2.C.A050500.U2.EUR,D,U2,C,A050500,U2,EUR,2020-09-23,0,A,F,,,P1D,,E,,,,,,,,,0,,Marginal lending facility - Eurosystem,"Euro area (changing composition), Eurosystem reporting sector - Marginal lending facility, Euro - Euro area (changing composition) counterpart",EUR,6
ILM.D.U2.C.A050500.U2.EUR,D,U2,C,A050500,U2,EUR,2020-09-24,1,A,F,,,P1D,,E,,,,,,,,,0,,Marginal lending facility - Eurosystem,"Euro area (changing composition), Eurosystem reporting sector - Marginal lending facility, Euro - Euro area (changing composition) counterpart",EUR,6
ILM.D.U2.C.A050500.U2.EUR,D,U2,C,A050500,U2,EUR,2020-09-25,0,A,F,,,P1D,,E,,,,,,,,,0,,Marginal lending facility - Eurosystem,"Euro area (changing composition), Eurosystem reporting sector - Marginal lending facility, Euro - Euro area (changing composition) counterpart",EUR,6
ILM.D.U2.C.A050500.U2.EUR,D,U2,C,A050500,U2,EUR,2020-09-28,0,A,F,,,P1D,,E,,,,,,,,,0,,Marginal lending facility - Eurosystem,"Euro area (changing composition), Eurosystem reporting sector - Marginal lending facility, Euro - Euro area (changing composition) counterpart",EUR,6
ILM.D.U2.C.A050500.U2.EUR,D,U2,C,A050500,U2,EUR,2020-09-29,1,A,F,,,P1D,,E,,,,,,,,,0,,Marginal lending facility - Eurosystem,"Euro area (changing composition), Eurosystem reporting sector - Marginal lending facility, Euro - Euro area (changing composition) counterpart",EUR,6
ILM.D.U2.C.A050500.U2.EUR,D,U2,C,A050500,U2,EUR,2020-09-30,55,A,F,,,P1D,,E,,,,,,,,,0,,Marginal lending facility - Eurosystem,"Euro area (changing composition), Eurosystem reporting sector - Marginal lending facility, Euro - Euro area (changing composition) counterpart",EUR,6
ILM.D.U2.C.A050500.U2.EUR,D,U2,C,A050500,U2,EUR,2020-10-01,0,A,F,,,P1D,,E,,,,,,,,,0,,Marginal lending facility - Eurosystem,"Euro area (changing composition), Eurosystem reporting sector - Marginal lending facility, Euro - Euro area (changing composition) counterpart",EUR,6
ILM.D.U2.C.A050500.U2.EUR,D,U2,C,A050500,U2,EUR,2020-10-02,0,A,F,,,P1D,,E,,,,,,,,,0,,Marginal lending facility - Eurosystem,"Euro area (changing composition), Eurosystem reporting sector - Marginal lending facility, Euro - Euro area (changing composition) counterpart",EUR,6
ILM.D.U2.C.A050500.U2.EUR,D,U2,C,A050500,U2,EUR,2020-10-05,0,A,F,,,P1D,,E,,,,,,,,,0,,Marginal lending facility - Eurosystem,"Euro area (changing composition), Eurosystem reporting sector - Marginal lending facility, Euro - Euro area (changing composition) counterpart",EUR,6
ILM.D.U2.C.A050500.U2.EUR,D,U2,C,A050500,U2,EUR,2020-10-06,0,A,F,,,P1D,,E,,,,,,,,,0,,Marginal lending facility - Eurosystem,"Euro area (changing composition), Eurosystem reporting sector - Marginal lending facility, Euro - Euro area (changing composition) counterpart",EUR,6
ILM.D.U2.C.A050500.U2.EUR,D,U2,C,A050500,U2,EUR,2020-10-07,0,A,F,,,P1D,,E,,,,,,,,,0,,Marginal lending facility - Eurosystem,"Euro area (changing composition), Eurosystem reporting sector - Marginal lending facility, Euro - Euro area (changing composition) counterpart",EUR,6
ILM.D.U2.C.A050500.U2.EUR,D,U2,C,A050500,U2,EUR,2020-10-08,0,A,F,,,P1D,,E,,,,,,,,,0,,Marginal lending facility - Eurosystem,"Euro area (changing composition), Eurosystem reporting sector - Marginal lending facility, Euro - Euro area (changing composition) counterpart",EUR,6
ILM.D.U2.C.A050500.U2.EUR,D,U2,C,A050500,U2,EUR,2020-10-09,0,A,F,,,P1D,,E,,,,,,,,,0,,Marginal lending facility - Eurosystem,"Euro area (changing composition), Eurosystem reporting sector - Marginal lending facility, Euro - Euro area (changing composition) counterpart",EUR,6
ILM.D.U2.C.A050500.U2.EUR,D,U2,C,A050500,U2,EUR,2020-10-12,0,A,F,,,P1D,,E,,,,,,,,,0,,Marginal lending facility - Eurosystem,"Euro area (changing composition), Eurosystem reporting sector - Marginal lending facility, Euro - Euro area (changing composition) counterpart",EUR,6
ILM.D.U2.C.A050500.U2.EUR,D,U2,C,A050500,U2,EUR,2020-10-13,0,A,F,,,P1D,,E,,,,,,,,,0,,Marginal lending facility - Eurosystem,"Euro area (changing composition), Eurosystem reporting sector - Marginal lending facility, Euro - Euro area (changing composition) counterpart",EUR,6
ILM.D.U2.C.A050500.U2.EUR,D,U2,C,A050500,U2,EUR,2020-10-14,0,A,F,,,P1D,,E,,,,,,,,,0,,Marginal lending facility - Eurosystem,"Euro area (changing composition), Eurosystem reporting sector - Marginal lending facility, Euro - Euro area (changing composition) counterpart",EUR,6
ILM.D.U2.C.A050500.U2.EUR,D,U2,C,A050500,U2,EUR,2020-10-15,0,A,F,,,P1D,,E,,,,,,,,,0,,Marginal lending facility - Eurosystem,"Euro area (changing composition), Eurosystem reporting sector - Marginal lending facility, Euro - Euro area (changing composition) counterpart",EUR,6
ILM.D.U2.C.A050500.U2.EUR,D,U2,C,A050500,U2,EUR,2020-10-16,0,A,F,,,P1D,,E,,,,,,,,,0,,Marginal lending facility - Eurosystem,"Euro area (changing composition), Eurosystem reporting sector - Marginal lending facility, Euro - Euro area (changing composition) counterpart",EUR,6
ILM.D.U2.C.A050500.U2.EUR,D,U2,C,A050500,U2,EUR,2020-10-19,0,A,F,,,P1D,,E,,,,,,,,,0,,Marginal lending facility - Eurosystem,"Euro area (changing composition), Eurosystem reporting sector - Marginal lending facility, Euro - Euro area (changing composition) counterpart",EUR,6
ILM.D.U2.C.A050500.U2.EUR,D,U2,C,A050500,U2,EUR,2020-10-20,0,A,F,,,P1D,,E,,,,,,,,,0,,Marginal lending facility - Eurosystem,"Euro area (changing composition), Eurosystem reporting sector - Marginal lending facility, Euro - Euro area (changing composition) counterpart",EUR,6
ILM.D.U2.C.A050500.U2.EUR,D,U2,C,A050500,U2,EUR,2020-10-21,0,A,F,,,P1D,,E,,,,,,,,,0,,Marginal lending facility - Eurosystem,"Euro area (changing composition), Eurosystem reporting sector - Marginal lending facility, Euro - Euro area (changing composition) counterpart",EUR,6
ILM.D.U2.C.A050500.U2.EUR,D,U2,C,A050500,U2,EUR,2020-10-22,0,A,F,,,P1D,,E,,,,,,,,,0,,Marginal lending facility - Eurosystem,"Euro area (changing composition), Eurosystem reporting sector - Marginal lending facility, Euro - Euro area (changing composition) counterpart",EUR,6
ILM.D.U2.C.A050500.U2.EUR,D,U2,C,A050500,U2,EUR,2020-10-23,19,A,F,,,P1D,,E,,,,,,,,,0,,Marginal lending facility - Eurosystem,"Euro area (changing composition), Eurosystem reporting sector - Marginal lending facility, Euro - Euro area (changing composition) counterpart",EUR,6
ILM.D.U2.C.A050500.U2.EUR,D,U2,C,A050500,U2,EUR,2020-10-26,0,A,F,,,P1D,,E,,,,,,,,,0,,Marginal lending facility - Eurosystem,"Euro area (changing composition), Eurosystem reporting sector - Marginal lending facility, Euro - Euro area (changing composition) counterpart",EUR,6
ILM.D.U2.C.A050500.U2.EUR,D,U2,C,A050500,U2,EUR,2020-10-27,0,A,F,,,P1D,,E,,,,,,,,,0,,Marginal lending facility - Eurosystem,"Euro area (changing composition), Eurosystem reporting sector - Marginal lending facility, Euro - Euro area (changing composition) counterpart",EUR,6
ILM.D.U2.C.A050500.U2.EUR,D,U2,C,A050500,U2,EUR,2020-10-28,2,A,F,,,P1D,,E,,,,,,,,,0,,Marginal lending facility - Eurosystem,"Euro area (changing composition), Eurosystem reporting sector - Marginal lending facility, Euro - Euro area (changing composition) counterpart",EUR,6
ILM.D.U2.C.A050500.U2.EUR,D,U2,C,A050500,U2,EUR,2020-10-29,1,A,F,,,P1D,,E,,,,,,,,,0,,Marginal lending facility - Eurosystem,"Euro area (changing composition), Eurosystem reporting sector - Marginal lending facility, Euro - Euro area (changing composition) counterpart",EUR,6
ILM.D.U2.C.A050500.U2.EUR,D,U2,C,A050500,U2,EUR,2020-10-30,20,A,F,,,P1D,,E,,,,,,,,,0,,Marginal lending facility - Eurosystem,"Euro area (changing composition), Eurosystem reporting sector - Marginal lending facility, Euro - Euro area (changing composition) counterpart",EUR,6
ILM.D.U2.C.A050500.U2.EUR,D,U2,C,A050500,U2,EUR,2020-11-02,0,A,F,,,P1D,,E,,,,,,,,,0,,Marginal lending facility - Eurosystem,"Euro area (changing composition), Eurosystem reporting sector - Marginal lending facility, Euro - Euro area (changing composition) counterpart",EUR,6
ILM.D.U2.C.A050500.U2.EUR,D,U2,C,A050500,U2,EUR,2020-11-03,0,A,F,,,P1D,,E,,,,,,,,,0,,Marginal lending facility - Eurosystem,"Euro area (changing composition), Eurosystem reporting sector - Marginal lending facility, Euro - Euro area (changing composition) counterpart",EUR,6
ILM.D.U2.C.A050500.U2.EUR,D,U2,C,A050500,U2,EUR,2020-11-04,0,A,F,,,P1D,,E,,,,,,,,,0,,Marginal lending facility - Eurosystem,"Euro area (changing composition), Eurosystem reporting sector - Marginal lending facility, Euro - Euro area (changing composition) counterpart",EUR,6
ILM.D.U2.C.A050500.U2.EUR,D,U2,C,A050500,U2,EUR,2020-11-05,0,A,F,,,P1D,,E,,,,,,,,,0,,Marginal lending facility - Eurosystem,"Euro area (changing composition), Eurosystem reporting sector - Marginal lending facility, Euro - Euro area (changing composition) counterpart",EUR,6
ILM.D.U2.C.A050500.U2.EUR,D,U2,C,A050500,U2,EUR,2020-11-06,4,A,F,,,P1D,,E,,,,,,,,,0,,Marginal lending facility - Eurosystem,"Euro area (changing composition), Eurosystem reporting sector - Marginal lending facility, Euro - Euro area (changing composition) counterpart",EUR,6
ILM.D.U2.C.A050500.U2.EUR,D,U2,C,A050500,U2,EUR,2020-11-09,1,A,F,,,P1D,,E,,,,,,,,,0,,Marginal lending facility - Eurosystem,"Euro area (changing composition), Eurosystem reporting sector - Marginal lending facility, Euro - Euro area (changing composition) counterpart",EUR,6
ILM.D.U2.C.A050500.U2.EUR,D,U2,C,A050500,U2,EUR,2020-11-10,1,A,F,,,P1D,,E,,,,,,,,,0,,Marginal lending facility - Eurosystem,"Euro area (changing composition), Eurosystem reporting sector - Marginal lending facility, Euro - Euro area (changing composition) counterpart",EUR,6
ILM.D.U2.C.A050500.U2.EUR,D,U2,C,A050500,U2,EUR,2020-11-11,0,A,F,,,P1D,,E,,,,,,,,,0,,Marginal lending facility - Eurosystem,"Euro area (changing composition), Eurosystem reporting sector - Marginal lending facility, Euro - Euro area (changing composition) counterpart",EUR,6
ILM.D.U2.C.A050500.U2.EUR,D,U2,C,A050500,U2,EUR,2020-11-12,0,A,F,,,P1D,,E,,,,,,,,,0,,Marginal lending facility - Eurosystem,"Euro area (changing composition), Eurosystem reporting sector - Marginal lending facility, Euro - Euro area (changing composition) counterpart",EUR,6
ILM.D.U2.C.A050500.U2.EUR,D,U2,C,A050500,U2,EUR,2020-11-13,0,A,F,,,P1D,,E,,,,,,,,,0,,Marginal lending facility - Eurosystem,"Euro area (changing composition), Eurosystem reporting sector - Marginal lending facility, Euro - Euro area (changing composition) counterpart",EUR,6
ILM.D.U2.C.A050500.U2.EUR,D,U2,C,A050500,U2,EUR,2020-11-16,127,A,F,,,P1D,,E,,,,,,,,,0,,Marginal lending facility - Eurosystem,"Euro area (changing composition), Eurosystem reporting sector - Marginal lending facility, Euro - Euro area (changing composition) counterpart",EUR,6
ILM.D.U2.C.A050500.U2.EUR,D,U2,C,A050500,U2,EUR,2020-11-17,0,A,F,,,P1D,,E,,,,,,,,,0,,Marginal lending facility - Eurosystem,"Euro area (changing composition), Eurosystem reporting sector - Marginal lending facility, Euro - Euro area (changing composition) counterpart",EUR,6
ILM.D.U2.C.A050500.U2.EUR,D,U2,C,A050500,U2,EUR,2020-11-18,435,A,F,,,P1D,,E,,,,,,,,,0,,Marginal lending facility - Eurosystem,"Euro area (changing composition), Eurosystem reporting sector - Marginal lending facility, Euro - Euro area (changing composition) counterpart",EUR,6
ILM.D.U2.C.A050500.U2.EUR,D,U2,C,A050500,U2,EUR,2020-11-19,19,A,F,,,P1D,,E,,,,,,,,,0,,Marginal lending facility - Eurosystem,"Euro area (changing composition), Eurosystem reporting sector - Marginal lending facility, Euro - Euro area (changing composition) counterpart",EUR,6
ILM.D.U2.C.A050500.U2.EUR,D,U2,C,A050500,U2,EUR,2020-11-20,0,A,F,,,P1D,,E,,,,,,,,,0,,Marginal lending facility - Eurosystem,"Euro area (changing composition), Eurosystem reporting sector - Marginal lending facility, Euro - Euro area (changing composition) counterpart",EUR,6
ILM.D.U2.C.A050500.U2.EUR,D,U2,C,A050500,U2,EUR,2020-11-23,68,A,F,,,P1D,,E,,,,,,,,,0,,Marginal lending facility - Eurosystem,"Euro area (changing composition), Eurosystem reporting sector - Marginal lending facility, Euro - Euro area (changing composition) counterpart",EUR,6
ILM.D.U2.C.A050500.U2.EUR,D,U2,C,A050500,U2,EUR,2020-11-24,0,A,F,,,P1D,,E,,,,,,,,,0,,Marginal lending facility - Eurosystem,"Euro area (changing composition), Eurosystem reporting sector - Marginal lending facility, Euro - Euro area (changing composition) counterpart",EUR,6
ILM.D.U2.C.A050500.U2.EUR,D,U2,C,A050500,U2,EUR,2020-11-25,1,A,F,,,P1D,,E,,,,,,,,,0,,Marginal lending facility - Eurosystem,"Euro area (changing composition), Eurosystem reporting sector - Marginal lending facility, Euro - Euro area (changing composition) counterpart",EUR,6
ILM.D.U2.C.A050500.U2.EUR,D,U2,C,A050500,U2,EUR,2020-11-26,0,A,F,,,P1D,,E,,,,,,,,,0,,Marginal lending facility - Eurosystem,"Euro area (changing composition), Eurosystem reporting sector - Marginal lending facility, Euro - Euro area (changing composition) counterpart",EUR,6
ILM.D.U2.C.A050500.U2.EUR,D,U2,C,A050500,U2,EUR,2020-11-27,0,A,F,,,P1D,,E,,,,,,,,,0,,Marginal lending facility - Eurosystem,"Euro area (changing composition), Eurosystem reporting sector - Marginal lending facility, Euro - Euro area (changing composition) counterpart",EUR,6
ILM.D.U2.C.A050500.U2.EUR,D,U2,C,A050500,U2,EUR,2020-11-30,15,A,F,,,P1D,,E,,,,,,,,,0,,Marginal lending facility - Eurosystem,"Euro area (changing composition), Eurosystem reporting sector - Marginal lending facility, Euro - Euro area (changing composition) counterpart",EUR,6
ILM.D.U2.C.A050500.U2.EUR,D,U2,C,A050500,U2,EUR,2020-12-01,34,A,F,,,P1D,,E,,,,,,,,,0,,Marginal lending facility - Eurosystem,"Euro area (changing composition), Eurosystem reporting sector - Marginal lending facility, Euro - Euro area (changing composition) counterpart",EUR,6
ILM.D.U2.C.A050500.U2.EUR,D,U2,C,A050500,U2,EUR,2020-12-02,45,A,F,,,P1D,,E,,,,,,,,,0,,Marginal lending facility - Eurosystem,"Euro area (changing composition), Eurosystem reporting sector - Marginal lending facility, Euro - Euro area (changing composition) counterpart",EUR,6
ILM.D.U2.C.A050500.U2.EUR,D,U2,C,A050500,U2,EUR,2020-12-03,3,A,F,,,P1D,,E,,,,,,,,,0,,Marginal lending facility - Eurosystem,"Euro area (changing composition), Eurosystem reporting sector - Marginal lending facility, Euro - Euro area (changing composition) counterpart",EUR,6
ILM.D.U2.C.A050500.U2.EUR,D,U2,C,A050500,U2,EUR,2020-12-04,41,A,F,,,P1D,,E,,,,,,,,,0,,Marginal lending facility - Eurosystem,"Euro area (changing composition), Eurosystem reporting sector - Marginal lending facility, Euro - Euro area (changing composition) counterpart",EUR,6
ILM.D.U2.C.A050500.U2.EUR,D,U2,C,A050500,U2,EUR,2020-12-07,0,A,F,,,P1D,,E,,,,,,,,,0,,Marginal lending facility - Eurosystem,"Euro area (changing composition), Eurosystem reporting sector - Marginal lending facility, Euro - Euro area (changing composition) counterpart",EUR,6
ILM.D.U2.C.A050500.U2.EUR,D,U2,C,A050500,U2,EUR,2020-12-08,0,A,F,,,P1D,,E,,,,,,,,,0,,Marginal lending facility - Eurosystem,"Euro area (changing composition), Eurosystem reporting sector - Marginal lending facility, Euro - Euro area (changing composition) counterpart",EUR,6
ILM.D.U2.C.A050500.U2.EUR,D,U2,C,A050500,U2,EUR,2020-12-09,1,A,F,,,P1D,,E,,,,,,,,,0,,Marginal lending facility - Eurosystem,"Euro area (changing composition), Eurosystem reporting sector - Marginal lending facility, Euro - Euro area (changing composition) counterpart",EUR,6
ILM.D.U2.C.A050500.U2.EUR,D,U2,C,A050500,U2,EUR,2020-12-10,0,A,F,,,P1D,,E,,,,,,,,,0,,Marginal lending facility - Eurosystem,"Euro area (changing composition), Eurosystem reporting sector - Marginal lending facility, Euro - Euro area (changing composition) counterpart",EUR,6
ILM.D.U2.C.A050500.U2.EUR,D,U2,C,A050500,U2,EUR,2020-12-11,0,A,F,,,P1D,,E,,,,,,,,,0,,Marginal lending facility - Eurosystem,"Euro area (changing composition), Eurosystem reporting sector - Marginal lending facility, Euro - Euro area (changing composition) counterpart",EUR,6
ILM.D.U2.C.A050500.U2.EUR,D,U2,C,A050500,U2,EUR,2020-12-14,0,A,F,,,P1D,,E,,,,,,,,,0,,Marginal lending facility - Eurosystem,"Euro area (changing composition), Eurosystem reporting sector - Marginal lending facility, Euro - Euro area (changing composition) counterpart",EUR,6
ILM.D.U2.C.A050500.U2.EUR,D,U2,C,A050500,U2,EUR,2020-12-15,0,A,F,,,P1D,,E,,,,,,,,,0,,Marginal lending facility - Eurosystem,"Euro area (changing composition), Eurosystem reporting sector - Marginal lending facility, Euro - Euro area (changing composition) counterpart",EUR,6
ILM.D.U2.C.A050500.U2.EUR,D,U2,C,A050500,U2,EUR,2020-12-16,5,A,F,,,P1D,,E,,,,,,,,,0,,Marginal lending facility - Eurosystem,"Euro area (changing composition), Eurosystem reporting sector - Marginal lending facility, Euro - Euro area (changing composition) counterpart",EUR,6
ILM.D.U2.C.A050500.U2.EUR,D,U2,C,A050500,U2,EUR,2020-12-17,5,A,F,,,P1D,,E,,,,,,,,,0,,Marginal lending facility - Eurosystem,"Euro area (changing composition), Eurosystem reporting sector - Marginal lending facility, Euro - Euro area (changing composition) counterpart",EUR,6
ILM.D.U2.C.A050500.U2.EUR,D,U2,C,A050500,U2,EUR,2020-12-18,5,A,F,,,P1D,,E,,,,,,,,,0,,Marginal lending facility - Eurosystem,"Euro area (changing composition), Eurosystem reporting sector - Marginal lending facility, Euro - Euro area (changing composition) counterpart",EUR,6
ILM.D.U2.C.A050500.U2.EUR,D,U2,C,A050500,U2,EUR,2020-12-21,4,A,F,,,P1D,,E,,,,,,,,,0,,Marginal lending facility - Eurosystem,"Euro area (changing composition), Eurosystem reporting sector - Marginal lending facility, Euro - Euro area (changing composition) counterpart",EUR,6
ILM.D.U2.C.A050500.U2.EUR,D,U2,C,A050500,U2,EUR,2020-12-22,1,A,F,,,P1D,,E,,,,,,,,,0,,Marginal lending facility - Eurosystem,"Euro area (changing composition), Eurosystem reporting sector - Marginal lending facility, Euro - Euro area (changing composition) counterpart",EUR,6
ILM.D.U2.C.A050500.U2.EUR,D,U2,C,A050500,U2,EUR,2020-12-23,0,A,F,,,P1D,,E,,,,,,,,,0,,Marginal lending facility - Eurosystem,"Euro area (changing composition), Eurosystem reporting sector - Marginal lending facility, Euro - Euro area (changing composition) counterpart",EUR,6
ILM.D.U2.C.A050500.U2.EUR,D,U2,C,A050500,U2,EUR,2020-12-24,3,A,F,,,P1D,,E,,,,,,,,,0,,Marginal lending facility - Eurosystem,"Euro area (changing composition), Eurosystem reporting sector - Marginal lending facility, Euro - Euro area (changing composition) counterpart",EUR,6
ILM.D.U2.C.A050500.U2.EUR,D,U2,C,A050500,U2,EUR,2020-12-25,3,A,F,,,P1D,,E,,,,,,,,,0,,Marginal lending facility - Eurosystem,"Euro area (changing composition), Eurosystem reporting sector - Marginal lending facility, Euro - Euro area (changing composition) counterpart",EUR,6
ILM.D.U2.C.A050500.U2.EUR,D,U2,C,A050500,U2,EUR,2020-12-28,0,A,F,,,P1D,,E,,,,,,,,,0,,Marginal lending facility - Eurosystem,"Euro area (changing composition), Eurosystem reporting sector - Marginal lending facility, Euro - Euro area (changing composition) counterpart",EUR,6
ILM.D.U2.C.A050500.U2.EUR,D,U2,C,A050500,U2,EUR,2020-12-29,44,A,F,,,P1D,,E,,,,,,,,,0,,Marginal lending facility - Eurosystem,"Euro area (changing composition), Eurosystem reporting sector - Marginal lending facility, Euro - Euro area (changing composition) counterpart",EUR,6
ILM.D.U2.C.A050500.U2.EUR,D,U2,C,A050500,U2,EUR,2020-12-30,83,A,F,,,P1D,,E,,,,,,,,,0,,Marginal lending facility - Eurosystem,"Euro area (changing composition), Eurosystem reporting sector - Marginal lending facility, Euro - Euro area (changing composition) counterpart",EUR,6
ILM.D.U2.C.A050500.U2.EUR,D,U2,C,A050500,U2,EUR,2020-12-31,152,A,F,,,P1D,,E,,,,,,,,,0,,Marginal lending facility - Eurosystem,"Euro area (changing composition), Eurosystem reporting sector - Marginal lending facility, Euro - Euro area (changing composition) counterpart",EUR,6
ILM.D.U2.C.A050500.U2.EUR,D,U2,C,A050500,U2,EUR,2021-01-01,152,A,F,,,P1D,,E,,,,,,,,,0,,Marginal lending facility - Eurosystem,"Euro area (changing composition), Eurosystem reporting sector - Marginal lending facility, Euro - Euro area (changing composition) counterpart",EUR,6
ILM.D.U2.C.A050500.U2.EUR,D,U2,C,A050500,U2,EUR,2021-01-04,0,A,F,,,P1D,,E,,,,,,,,,0,,Marginal lending facility - Eurosystem,"Euro area (changing composition), Eurosystem reporting sector - Marginal lending facility, Euro - Euro area (changing composition) counterpart",EUR,6
ILM.D.U2.C.A050500.U2.EUR,D,U2,C,A050500,U2,EUR,2021-01-05,0,A,F,,,P1D,,E,,,,,,,,,0,,Marginal lending facility - Eurosystem,"Euro area (changing composition), Eurosystem reporting sector - Marginal lending facility, Euro - Euro area (changing composition) counterpart",EUR,6
ILM.D.U2.C.A050500.U2.EUR,D,U2,C,A050500,U2,EUR,2021-01-06,2,A,F,,,P1D,,E,,,,,,,,,0,,Marginal lending facility - Eurosystem,"Euro area (changing composition), Eurosystem reporting sector - Marginal lending facility, Euro - Euro area (changing composition) counterpart",EUR,6
ILM.D.U2.C.A050500.U2.EUR,D,U2,C,A050500,U2,EUR,2021-01-07,0,A,F,,,P1D,,E,,,,,,,,,0,,Marginal lending facility - Eurosystem,"Euro area (changing composition), Eurosystem reporting sector - Marginal lending facility, Euro - Euro area (changing composition) counterpart",EUR,6
ILM.D.U2.C.A050500.U2.EUR,D,U2,C,A050500,U2,EUR,2021-01-08,0,A,F,,,P1D,,E,,,,,,,,,0,,Marginal lending facility - Eurosystem,"Euro area (changing composition), Eurosystem reporting sector - Marginal lending facility, Euro - Euro area (changing composition) counterpart",EUR,6
ILM.D.U2.C.A050500.U2.EUR,D,U2,C,A050500,U2,EUR,2021-01-11,0,A,F,,,P1D,,E,,,,,,,,,0,,Marginal lending facility - Eurosystem,"Euro area (changing composition), Eurosystem reporting sector - Marginal lending facility, Euro - Euro area (changing composition) counterpart",EUR,6
ILM.D.U2.C.A050500.U2.EUR,D,U2,C,A050500,U2,EUR,2021-01-12,0,A,F,,,P1D,,E,,,,,,,,,0,,Marginal lending facility - Eurosystem,"Euro area (changing composition), Eurosystem reporting sector - Marginal lending facility, Euro - Euro area (changing composition) counterpart",EUR,6
ILM.D.U2.C.A050500.U2.EUR,D,U2,C,A050500,U2,EUR,2021-01-13,0,A,F,,,P1D,,E,,,,,,,,,0,,Marginal lending facility - Eurosystem,"Euro area (changing composition), Eurosystem reporting sector - Marginal lending facility, Euro - Euro area (changing composition) counterpart",EUR,6
ILM.D.U2.C.A050500.U2.EUR,D,U2,C,A050500,U2,EUR,2021-01-14,0,A,F,,,P1D,,E,,,,,,,,,0,,Marginal lending facility - Eurosystem,"Euro area (changing composition), Eurosystem reporting sector - Marginal lending facility, Euro - Euro area (changing composition) counterpart",EUR,6
ILM.D.U2.C.A050500.U2.EUR,D,U2,C,A050500,U2,EUR,2021-01-15,0,A,F,,,P1D,,E,,,,,,,,,0,,Marginal lending facility - Eurosystem,"Euro area (changing composition), Eurosystem reporting sector - Marginal lending facility, Euro - Euro area (changing composition) counterpart",EUR,6
ILM.D.U2.C.A050500.U2.EUR,D,U2,C,A050500,U2,EUR,2021-01-18,0,A,F,,,P1D,,E,,,,,,,,,0,,Marginal lending facility - Eurosystem,"Euro area (changing composition), Eurosystem reporting sector - Marginal lending facility, Euro - Euro area (changing composition) counterpart",EUR,6
ILM.D.U2.C.A050500.U2.EUR,D,U2,C,A050500,U2,EUR,2021-01-19,5,A,F,,,P1D,,E,,,,,,,,,0,,Marginal lending facility - Eurosystem,"Euro area (changing composition), Eurosystem reporting sector - Marginal lending facility, Euro - Euro area (changing composition) counterpart",EUR,6
ILM.D.U2.C.A050500.U2.EUR,D,U2,C,A050500,U2,EUR,2021-01-20,0,A,F,,,P1D,,E,,,,,,,,,0,,Marginal lending facility - Eurosystem,"Euro area (changing composition), Eurosystem reporting sector - Marginal lending facility, Euro - Euro area (changing composition) counterpart",EUR,6
ILM.D.U2.C.A050500.U2.EUR,D,U2,C,A050500,U2,EUR,2021-01-21,0,A,F,,,P1D,,E,,,,,,,,,0,,Marginal lending facility - Eurosystem,"Euro area (changing composition), Eurosystem reporting sector - Marginal lending facility, Euro - Euro area (changing composition) counterpart",EUR,6
ILM.D.U2.C.A050500.U2.EUR,D,U2,C,A050500,U2,EUR,2021-01-22,0,A,F,,,P1D,,E,,,,,,,,,0,,Marginal lending facility - Eurosystem,"Euro area (changing composition), Eurosystem reporting sector - Marginal lending facility, Euro - Euro area (changing composition) counterpart",EUR,6
ILM.D.U2.C.A050500.U2.EUR,D,U2,C,A050500,U2,EUR,2021-01-25,0,A,F,,,P1D,,E,,,,,,,,,0,,Marginal lending facility - Eurosystem,"Euro area (changing composition), Eurosystem reporting sector - Marginal lending facility, Euro - Euro area (changing composition) counterpart",EUR,6
ILM.D.U2.C.A050500.U2.EUR,D,U2,C,A050500,U2,EUR,2021-01-26,0,A,F,,,P1D,,E,,,,,,,,,0,,Marginal lending facility - Eurosystem,"Euro area (changing composition), Eurosystem reporting sector - Marginal lending facility, Euro - Euro area (changing composition) counterpart",EUR,6
ILM.D.U2.C.A050500.U2.EUR,D,U2,C,A050500,U2,EUR,2021-01-27,0,A,F,,,P1D,,E,,,,,,,,,0,,Marginal lending facility - Eurosystem,"Euro area (changing composition), Eurosystem reporting sector - Marginal lending facility, Euro - Euro area (changing composition) counterpart",EUR,6
ILM.D.U2.C.A050500.U2.EUR,D,U2,C,A050500,U2,EUR,2021-01-28,0,A,F,,,P1D,,E,,,,,,,,,0,,Marginal lending facility - Eurosystem,"Euro area (changing composition), Eurosystem reporting sector - Marginal lending facility, Euro - Euro area (changing composition) counterpart",EUR,6
ILM.D.U2.C.A050500.U2.EUR,D,U2,C,A050500,U2,EUR,2021-01-29,0,A,F,,,P1D,,E,,,,,,,,,0,,Marginal lending facility - Eurosystem,"Euro area (changing composition), Eurosystem reporting sector - Marginal lending facility, Euro - Euro area (changing composition) counterpart",EUR,6
ILM.D.U2.C.A050500.U2.EUR,D,U2,C,A050500,U2,EUR,2021-02-01,0,A,F,,,P1D,,E,,,,,,,,,0,,Marginal lending facility - Eurosystem,"Euro area (changing composition), Eurosystem reporting sector - Marginal lending facility, Euro - Euro area (changing composition) counterpart",EUR,6
ILM.D.U2.C.A050500.U2.EUR,D,U2,C,A050500,U2,EUR,2021-02-02,0,A,F,,,P1D,,E,,,,,,,,,0,,Marginal lending facility - Eurosystem,"Euro area (changing composition), Eurosystem reporting sector - Marginal lending facility, Euro - Euro area (changing composition) counterpart",EUR,6
ILM.D.U2.C.A050500.U2.EUR,D,U2,C,A050500,U2,EUR,2021-02-03,0,A,F,,,P1D,,E,,,,,,,,,0,,Marginal lending facility - Eurosystem,"Euro area (changing composition), Eurosystem reporting sector - Marginal lending facility, Euro - Euro area (changing composition) counterpart",EUR,6
ILM.D.U2.C.A050500.U2.EUR,D,U2,C,A050500,U2,EUR,2021-02-04,827,A,F,,,P1D,,E,,,,,,,,,0,,Marginal lending facility - Eurosystem,"Euro area (changing composition), Eurosystem reporting sector - Marginal lending facility, Euro - Euro area (changing composition) counterpart",EUR,6
ILM.D.U2.C.A050500.U2.EUR,D,U2,C,A050500,U2,EUR,2021-02-05,0,A,F,,,P1D,,E,,,,,,,,,0,,Marginal lending facility - Eurosystem,"Euro area (changing composition), Eurosystem reporting sector - Marginal lending facility, Euro - Euro area (changing composition) counterpart",EUR,6
ILM.D.U2.C.A050500.U2.EUR,D,U2,C,A050500,U2,EUR,2021-02-08,0,A,F,,,P1D,,E,,,,,,,,,0,,Marginal lending facility - Eurosystem,"Euro area (changing composition), Eurosystem reporting sector - Marginal lending facility, Euro - Euro area (changing composition) counterpart",EUR,6
ILM.D.U2.C.A050500.U2.EUR,D,U2,C,A050500,U2,EUR,2021-02-09,0,A,F,,,P1D,,E,,,,,,,,,0,,Marginal lending facility - Eurosystem,"Euro area (changing composition), Eurosystem reporting sector - Marginal lending facility, Euro - Euro area (changing composition) counterpart",EUR,6
ILM.D.U2.C.A050500.U2.EUR,D,U2,C,A050500,U2,EUR,2021-02-10,0,A,F,,,P1D,,E,,,,,,,,,0,,Marginal lending facility - Eurosystem,"Euro area (changing composition), Eurosystem reporting sector - Marginal lending facility, Euro - Euro area (changing composition) counterpart",EUR,6
ILM.D.U2.C.A050500.U2.EUR,D,U2,C,A050500,U2,EUR,2021-02-11,21,A,F,,,P1D,,E,,,,,,,,,0,,Marginal lending facility - Eurosystem,"Euro area (changing composition), Eurosystem reporting sector - Marginal lending facility, Euro - Euro area (changing composition) counterpart",EUR,6
ILM.D.U2.C.A050500.U2.EUR,D,U2,C,A050500,U2,EUR,2021-02-12,0,A,F,,,P1D,,E,,,,,,,,,0,,Marginal lending facility - Eurosystem,"Euro area (changing composition), Eurosystem reporting sector - Marginal lending facility, Euro - Euro area (changing composition) counterpart",EUR,6
ILM.D.U2.C.A050500.U2.EUR,D,U2,C,A050500,U2,EUR,2021-02-15,0,A,F,,,P1D,,E,,,,,,,,,0,,Marginal lending facility - Eurosystem,"Euro area (changing composition), Eurosystem reporting sector - Marginal lending facility, Euro - Euro area (changing composition) counterpart",EUR,6
ILM.D.U2.C.A050500.U2.EUR,D,U2,C,A050500,U2,EUR,2021-02-16,0,A,F,,,P1D,,E,,,,,,,,,0,,Marginal lending facility - Eurosystem,"Euro area (changing composition), Eurosystem reporting sector - Marginal lending facility, Euro - Euro area (changing composition) counterpart",EUR,6
ILM.D.U2.C.A050500.U2.EUR,D,U2,C,A050500,U2,EUR,2021-02-17,0,A,F,,,P1D,,E,,,,,,,,,0,,Marginal lending facility - Eurosystem,"Euro area (changing composition), Eurosystem reporting sector - Marginal lending facility, Euro - Euro area (changing composition) counterpart",EUR,6
ILM.D.U2.C.A050500.U2.EUR,D,U2,C,A050500,U2,EUR,2021-02-18,0,A,F,,,P1D,,E,,,,,,,,,0,,Marginal lending facility - Eurosystem,"Euro area (changing composition), Eurosystem reporting sector - Marginal lending facility, Euro - Euro area (changing composition) counterpart",EUR,6
ILM.D.U2.C.A050500.U2.EUR,D,U2,C,A050500,U2,EUR,2021-02-19,0,A,F,,,P1D,,E,,,,,,,,,0,,Marginal lending facility - Eurosystem,"Euro area (changing composition), Eurosystem reporting sector - Marginal lending facility, Euro - Euro area (changing composition) counterpart",EUR,6
ILM.D.U2.C.A050500.U2.EUR,D,U2,C,A050500,U2,EUR,2021-02-22,0,A,F,,,P1D,,E,,,,,,,,,0,,Marginal lending facility - Eurosystem,"Euro area (changing composition), Eurosystem reporting sector - Marginal lending facility, Euro - Euro area (changing composition) counterpart",EUR,6
ILM.D.U2.C.A050500.U2.EUR,D,U2,C,A050500,U2,EUR,2021-02-23,0,A,F,,,P1D,,E,,,,,,,,,0,,Marginal lending facility - Eurosystem,"Euro area (changing composition), Eurosystem reporting sector - Marginal lending facility, Euro - Euro area (changing composition) counterpart",EUR,6
ILM.D.U2.C.A050500.U2.EUR,D,U2,C,A050500,U2,EUR,2021-02-24,0,A,F,,,P1D,,E,,,,,,,,,0,,Marginal lending facility - Eurosystem,"Euro area (changing composition), Eurosystem reporting sector - Marginal lending facility, Euro - Euro area (changing composition) counterpart",EUR,6
ILM.D.U2.C.A050500.U2.EUR,D,U2,C,A050500,U2,EUR,2021-02-25,0,A,F,,,P1D,,E,,,,,,,,,0,,Marginal lending facility - Eurosystem,"Euro area (changing composition), Eurosystem reporting sector - Marginal lending facility, Euro - Euro area (changing composition) counterpart",EUR,6
ILM.D.U2.C.A050500.U2.EUR,D,U2,C,A050500,U2,EUR,2021-02-26,0,A,F,,,P1D,,E,,,,,,,,,0,,Marginal lending facility - Eurosystem,"Euro area (changing composition), Eurosystem reporting sector - Marginal lending facility, Euro - Euro area (changing composition) counterpart",EUR,6
ILM.D.U2.C.A050500.U2.EUR,D,U2,C,A050500,U2,EUR,2021-03-01,0,A,F,,,P1D,,E,,,,,,,,,0,,Marginal lending facility - Eurosystem,"Euro area (changing composition), Eurosystem reporting sector - Marginal lending facility, Euro - Euro area (changing composition) counterpart",EUR,6
ILM.D.U2.C.A050500.U2.EUR,D,U2,C,A050500,U2,EUR,2021-03-02,1,A,F,,,P1D,,E,,,,,,,,,0,,Marginal lending facility - Eurosystem,"Euro area (changing composition), Eurosystem reporting sector - Marginal lending facility, Euro - Euro area (changing composition) counterpart",EUR,6
ILM.D.U2.C.A050500.U2.EUR,D,U2,C,A050500,U2,EUR,2021-03-03,0,A,F,,,P1D,,E,,,,,,,,,0,,Marginal lending facility - Eurosystem,"Euro area (changing composition), Eurosystem reporting sector - Marginal lending facility, Euro - Euro area (changing composition) counterpart",EUR,6
ILM.D.U2.C.A050500.U2.EUR,D,U2,C,A050500,U2,EUR,2021-03-04,1,A,F,,,P1D,,E,,,,,,,,,0,,Marginal lending facility - Eurosystem,"Euro area (changing composition), Eurosystem reporting sector - Marginal lending facility, Euro - Euro area (changing composition) counterpart",EUR,6
ILM.D.U2.C.A050500.U2.EUR,D,U2,C,A050500,U2,EUR,2021-03-05,3,A,F,,,P1D,,E,,,,,,,,,0,,Marginal lending facility - Eurosystem,"Euro area (changing composition), Eurosystem reporting sector - Marginal lending facility, Euro - Euro area (changing composition) counterpart",EUR,6
ILM.D.U2.C.A050500.U2.EUR,D,U2,C,A050500,U2,EUR,2021-03-08,0,A,F,,,P1D,,E,,,,,,,,,0,,Marginal lending facility - Eurosystem,"Euro area (changing composition), Eurosystem reporting sector - Marginal lending facility, Euro - Euro area (changing composition) counterpart",EUR,6
ILM.D.U2.C.A050500.U2.EUR,D,U2,C,A050500,U2,EUR,2021-03-09,0,A,F,,,P1D,,E,,,,,,,,,0,,Marginal lending facility - Eurosystem,"Euro area (changing composition), Eurosystem reporting sector - Marginal lending facility, Euro - Euro area (changing composition) counterpart",EUR,6
ILM.D.U2.C.A050500.U2.EUR,D,U2,C,A050500,U2,EUR,2021-03-10,0,A,F,,,P1D,,E,,,,,,,,,0,,Marginal lending facility - Eurosystem,"Euro area (changing composition), Eurosystem reporting sector - Marginal lending facility, Euro - Euro area (changing composition) counterpart",EUR,6
ILM.D.U2.C.A050500.U2.EUR,D,U2,C,A050500,U2,EUR,2021-03-11,0,A,F,,,P1D,,E,,,,,,,,,0,,Marginal lending facility - Eurosystem,"Euro area (changing composition), Eurosystem reporting sector - Marginal lending facility, Euro - Euro area (changing composition) counterpart",EUR,6
ILM.D.U2.C.A050500.U2.EUR,D,U2,C,A050500,U2,EUR,2021-03-12,0,A,F,,,P1D,,E,,,,,,,,,0,,Marginal lending facility - Eurosystem,"Euro area (changing composition), Eurosystem reporting sector - Marginal lending facility, Euro - Euro area (changing composition) counterpart",EUR,6
ILM.D.U2.C.A050500.U2.EUR,D,U2,C,A050500,U2,EUR,2021-03-15,0,A,F,,,P1D,,E,,,,,,,,,0,,Marginal lending facility - Eurosystem,"Euro area (changing composition), Eurosystem reporting sector - Marginal lending facility, Euro - Euro area (changing composition) counterpart",EUR,6
ILM.D.U2.C.A050500.U2.EUR,D,U2,C,A050500,U2,EUR,2021-03-16,0,A,F,,,P1D,,E,,,,,,,,,0,,Marginal lending facility - Eurosystem,"Euro area (changing composition), Eurosystem reporting sector - Marginal lending facility, Euro - Euro area (changing composition) counterpart",EUR,6
ILM.D.U2.C.A050500.U2.EUR,D,U2,C,A050500,U2,EUR,2021-03-17,1,A,F,,,P1D,,E,,,,,,,,,0,,Marginal lending facility - Eurosystem,"Euro area (changing composition), Eurosystem reporting sector - Marginal lending facility, Euro - Euro area (changing composition) counterpart",EUR,6
ILM.D.U2.C.A050500.U2.EUR,D,U2,C,A050500,U2,EUR,2021-03-18,0,A,F,,,P1D,,E,,,,,,,,,0,,Marginal lending facility - Eurosystem,"Euro area (changing composition), Eurosystem reporting sector - Marginal lending facility, Euro - Euro area (changing composition) counterpart",EUR,6
ILM.D.U2.C.A050500.U2.EUR,D,U2,C,A050500,U2,EUR,2021-03-19,0,A,F,,,P1D,,E,,,,,,,,,0,,Marginal lending facility - Eurosystem,"Euro area (changing composition), Eurosystem reporting sector - Marginal lending facility, Euro - Euro area (changing composition) counterpart",EUR,6
ILM.D.U2.C.A050500.U2.EUR,D,U2,C,A050500,U2,EUR,2021-03-22,1,A,F,,,P1D,,E,,,,,,,,,0,,Marginal lending facility - Eurosystem,"Euro area (changing composition), Eurosystem reporting sector - Marginal lending facility, Euro - Euro area (changing composition) counterpart",EUR,6
ILM.D.U2.C.A050500.U2.EUR,D,U2,C,A050500,U2,EUR,2021-03-23,0,A,F,,,P1D,,E,,,,,,,,,0,,Marginal lending facility - Eurosystem,"Euro area (changing composition), Eurosystem reporting sector - Marginal lending facility, Euro - Euro area (changing composition) counterpart",EUR,6
ILM.D.U2.C.A050500.U2.EUR,D,U2,C,A050500,U2,EUR,2021-03-24,15,A,F,,,P1D,,E,,,,,,,,,0,,Marginal lending facility - Eurosystem,"Euro area (changing composition), Eurosystem reporting sector - Marginal lending facility, Euro - Euro area (changing composition) counterpart",EUR,6
ILM.D.U2.C.A050500.U2.EUR,D,U2,C,A050500,U2,EUR,2021-03-25,10,A,F,,,P1D,,E,,,,,,,,,0,,Marginal lending facility - Eurosystem,"Euro area (changing composition), Eurosystem reporting sector - Marginal lending facility, Euro - Euro area (changing composition) counterpart",EUR,6
ILM.D.U2.C.A050500.U2.EUR,D,U2,C,A050500,U2,EUR,2021-03-26,2,A,F,,,P1D,,E,,,,,,,,,0,,Marginal lending facility - Eurosystem,"Euro area (changing composition), Eurosystem reporting sector - Marginal lending facility, Euro - Euro area (changing composition) counterpart",EUR,6
ILM.D.U2.C.A050500.U2.EUR,D,U2,C,A050500,U2,EUR,2021-03-29,2,A,F,,,P1D,,E,,,,,,,,,0,,Marginal lending facility - Eurosystem,"Euro area (changing composition), Eurosystem reporting sector - Marginal lending facility, Euro - Euro area (changing composition) counterpart",EUR,6
ILM.D.U2.C.A050500.U2.EUR,D,U2,C,A050500,U2,EUR,2021-03-30,1,A,F,,,P1D,,E,,,,,,,,,0,,Marginal lending facility - Eurosystem,"Euro area (changing composition), Eurosystem reporting sector - Marginal lending facility, Euro - Euro area (changing composition) counterpart",EUR,6
ILM.D.U2.C.A050500.U2.EUR,D,U2,C,A050500,U2,EUR,2021-03-31,10,A,F,,,P1D,,E,,,,,,,,,0,,Marginal lending facility - Eurosystem,"Euro area (changing composition), Eurosystem reporting sector - Marginal lending facility, Euro - Euro area (changing composition) counterpart",EUR,6
ILM.D.U2.C.A050500.U2.EUR,D,U2,C,A050500,U2,EUR,2021-04-01,0,A,F,,,P1D,,E,,,,,,,,,0,,Marginal lending facility - Eurosystem,"Euro area (changing composition), Eurosystem reporting sector - Marginal lending facility, Euro - Euro area (changing composition) counterpart",EUR,6
ILM.D.U2.C.A050500.U2.EUR,D,U2,C,A050500,U2,EUR,2021-04-02,0,A,F,,,P1D,,E,,,,,,,,,0,,Marginal lending facility - Eurosystem,"Euro area (changing composition), Eurosystem reporting sector - Marginal lending facility, Euro - Euro area (changing composition) counterpart",EUR,6
ILM.D.U2.C.A050500.U2.EUR,D,U2,C,A050500,U2,EUR,2021-04-05,0,A,F,,,P1D,,E,,,,,,,,,0,,Marginal lending facility - Eurosystem,"Euro area (changing composition), Eurosystem reporting sector - Marginal lending facility, Euro - Euro area (changing composition) counterpart",EUR,6
ILM.D.U2.C.A050500.U2.EUR,D,U2,C,A050500,U2,EUR,2021-04-06,0,A,F,,,P1D,,E,,,,,,,,,0,,Marginal lending facility - Eurosystem,"Euro area (changing composition), Eurosystem reporting sector - Marginal lending facility, Euro - Euro area (changing composition) counterpart",EUR,6
ILM.D.U2.C.A050500.U2.EUR,D,U2,C,A050500,U2,EUR,2021-04-07,0,A,F,,,P1D,,E,,,,,,,,,0,,Marginal lending facility - Eurosystem,"Euro area (changing composition), Eurosystem reporting sector - Marginal lending facility, Euro - Euro area (changing composition) counterpart",EUR,6
ILM.D.U2.C.A050500.U2.EUR,D,U2,C,A050500,U2,EUR,2021-04-08,0,A,F,,,P1D,,E,,,,,,,,,0,,Marginal lending facility - Eurosystem,"Euro area (changing composition), Eurosystem reporting sector - Marginal lending facility, Euro - Euro area (changing composition) counterpart",EUR,6
ILM.D.U2.C.A050500.U2.EUR,D,U2,C,A050500,U2,EUR,2021-04-09,1,A,F,,,P1D,,E,,,,,,,,,0,,Marginal lending facility - Eurosystem,"Euro area (changing composition), Eurosystem reporting sector - Marginal lending facility, Euro - Euro area (changing composition) counterpart",EUR,6
ILM.D.U2.C.A050500.U2.EUR,D,U2,C,A050500,U2,EUR,2021-04-12,0,A,F,,,P1D,,E,,,,,,,,,0,,Marginal lending facility - Eurosystem,"Euro area (changing composition), Eurosystem reporting sector - Marginal lending facility, Euro - Euro area (changing composition) counterpart",EUR,6
ILM.D.U2.C.A050500.U2.EUR,D,U2,C,A050500,U2,EUR,2021-04-13,5,A,F,,,P1D,,E,,,,,,,,,0,,Marginal lending facility - Eurosystem,"Euro area (changing composition), Eurosystem reporting sector - Marginal lending facility, Euro - Euro area (changing composition) counterpart",EUR,6
ILM.D.U2.C.A050500.U2.EUR,D,U2,C,A050500,U2,EUR,2021-04-14,5,A,F,,,P1D,,E,,,,,,,,,0,,Marginal lending facility - Eurosystem,"Euro area (changing composition), Eurosystem reporting sector - Marginal lending facility, Euro - Euro area (changing composition) counterpart",EUR,6
ILM.D.U2.C.A050500.U2.EUR,D,U2,C,A050500,U2,EUR,2021-04-15,0,A,F,,,P1D,,E,,,,,,,,,0,,Marginal lending facility - Eurosystem,"Euro area (changing composition), Eurosystem reporting sector - Marginal lending facility, Euro - Euro area (changing composition) counterpart",EUR,6
ILM.D.U2.C.A050500.U2.EUR,D,U2,C,A050500,U2,EUR,2021-04-16,0,A,F,,,P1D,,E,,,,,,,,,0,,Marginal lending facility - Eurosystem,"Euro area (changing composition), Eurosystem reporting sector - Marginal lending facility, Euro - Euro area (changing composition) counterpart",EUR,6
ILM.D.U2.C.A050500.U2.EUR,D,U2,C,A050500,U2,EUR,2021-04-19,0,A,F,,,P1D,,E,,,,,,,,,0,,Marginal lending facility - Eurosystem,"Euro area (changing composition), Eurosystem reporting sector - Marginal lending facility, Euro - Euro area (changing composition) counterpart",EUR,6
ILM.D.U2.C.A050500.U2.EUR,D,U2,C,A050500,U2,EUR,2021-04-20,0,A,F,,,P1D,,E,,,,,,,,,0,,Marginal lending facility - Eurosystem,"Euro area (changing composition), Eurosystem reporting sector - Marginal lending facility, Euro - Euro area (changing composition) counterpart",EUR,6
ILM.D.U2.C.A050500.U2.EUR,D,U2,C,A050500,U2,EUR,2021-04-21,1,A,F,,,P1D,,E,,,,,,,,,0,,Marginal lending facility - Eurosystem,"Euro area (changing composition), Eurosystem reporting sector - Marginal lending facility, Euro - Euro area (changing composition) counterpart",EUR,6
ILM.D.U2.C.A050500.U2.EUR,D,U2,C,A050500,U2,EUR,2021-04-22,0,A,F,,,P1D,,E,,,,,,,,,0,,Marginal lending facility - Eurosystem,"Euro area (changing composition), Eurosystem reporting sector - Marginal lending facility, Euro - Euro area (changing composition) counterpart",EUR,6
ILM.D.U2.C.A050500.U2.EUR,D,U2,C,A050500,U2,EUR,2021-04-23,0,A,F,,,P1D,,E,,,,,,,,,0,,Marginal lending facility - Eurosystem,"Euro area (changing composition), Eurosystem reporting sector - Marginal lending facility, Euro - Euro area (changing composition) counterpart",EUR,6
ILM.D.U2.C.A050500.U2.EUR,D,U2,C,A050500,U2,EUR,2021-04-26,0,A,F,,,P1D,,E,,,,,,,,,0,,Marginal lending facility - Eurosystem,"Euro area (changing composition), Eurosystem reporting sector - Marginal lending facility, Euro - Euro area (changing composition) counterpart",EUR,6
ILM.D.U2.C.A050500.U2.EUR,D,U2,C,A050500,U2,EUR,2021-04-27,0,A,F,,,P1D,,E,,,,,,,,,0,,Marginal lending facility - Eurosystem,"Euro area (changing composition), Eurosystem reporting sector - Marginal lending facility, Euro - Euro area (changing composition) counterpart",EUR,6
ILM.D.U2.C.A050500.U2.EUR,D,U2,C,A050500,U2,EUR,2021-04-28,0,A,F,,,P1D,,E,,,,,,,,,0,,Marginal lending facility - Eurosystem,"Euro area (changing composition), Eurosystem reporting sector - Marginal lending facility, Euro - Euro area (changing composition) counterpart",EUR,6
ILM.D.U2.C.A050500.U2.EUR,D,U2,C,A050500,U2,EUR,2021-04-29,0,A,F,,,P1D,,E,,,,,,,,,0,,Marginal lending facility - Eurosystem,"Euro area (changing composition), Eurosystem reporting sector - Marginal lending facility, Euro - Euro area (changing composition) counterpart",EUR,6
ILM.D.U2.C.A050500.U2.EUR,D,U2,C,A050500,U2,EUR,2021-04-30,0,A,F,,,P1D,,E,,,,,,,,,0,,Marginal lending facility - Eurosystem,"Euro area (changing composition), Eurosystem reporting sector - Marginal lending facility, Euro - Euro area (changing composition) counterpart",EUR,6
ILM.D.U2.C.A050500.U2.EUR,D,U2,C,A050500,U2,EUR,2021-05-03,0,A,F,,,P1D,,E,,,,,,,,,0,,Marginal lending facility - Eurosystem,"Euro area (changing composition), Eurosystem reporting sector - Marginal lending facility, Euro - Euro area (changing composition) counterpart",EUR,6
ILM.D.U2.C.A050500.U2.EUR,D,U2,C,A050500,U2,EUR,2021-05-04,0,A,F,,,P1D,,E,,,,,,,,,0,,Marginal lending facility - Eurosystem,"Euro area (changing composition), Eurosystem reporting sector - Marginal lending facility, Euro - Euro area (changing composition) counterpart",EUR,6
ILM.D.U2.C.A050500.U2.EUR,D,U2,C,A050500,U2,EUR,2021-05-05,0,A,F,,,P1D,,E,,,,,,,,,0,,Marginal lending facility - Eurosystem,"Euro area (changing composition), Eurosystem reporting sector - Marginal lending facility, Euro - Euro area (changing composition) counterpart",EUR,6
ILM.D.U2.C.A050500.U2.EUR,D,U2,C,A050500,U2,EUR,2021-05-06,0,A,F,,,P1D,,E,,,,,,,,,0,,Marginal lending facility - Eurosystem,"Euro area (changing composition), Eurosystem reporting sector - Marginal lending facility, Euro - Euro area (changing composition) counterpart",EUR,6
ILM.D.U2.C.A050500.U2.EUR,D,U2,C,A050500,U2,EUR,2021-05-07,1,A,F,,,P1D,,E,,,,,,,,,0,,Marginal lending facility - Eurosystem,"Euro area (changing composition), Eurosystem reporting sector - Marginal lending facility, Euro - Euro area (changing composition) counterpart",EUR,6
ILM.D.U2.C.A050500.U2.EUR,D,U2,C,A050500,U2,EUR,2021-05-10,0,A,F,,,P1D,,E,,,,,,,,,0,,Marginal lending facility - Eurosystem,"Euro area (changing composition), Eurosystem reporting sector - Marginal lending facility, Euro - Euro area (changing composition) counterpart",EUR,6
ILM.D.U2.C.A050500.U2.EUR,D,U2,C,A050500,U2,EUR,2021-05-11,0,A,F,,,P1D,,E,,,,,,,,,0,,Marginal lending facility - Eurosystem,"Euro area (changing composition), Eurosystem reporting sector - Marginal lending facility, Euro - Euro area (changing composition) counterpart",EUR,6
ILM.D.U2.C.A050500.U2.EUR,D,U2,C,A050500,U2,EUR,2021-05-12,0,A,F,,,P1D,,E,,,,,,,,,0,,Marginal lending facility - Eurosystem,"Euro area (changing composition), Eurosystem reporting sector - Marginal lending facility, Euro - Euro area (changing composition) counterpart",EUR,6
ILM.D.U2.C.A050500.U2.EUR,D,U2,C,A050500,U2,EUR,2021-05-13,2,A,F,,,P1D,,E,,,,,,,,,0,,Marginal lending facility - Eurosystem,"Euro area (changing composition), Eurosystem reporting sector - Marginal lending facility, Euro - Euro area (changing composition) counterpart",EUR,6
ILM.D.U2.C.A050500.U2.EUR,D,U2,C,A050500,U2,EUR,2021-05-14,0,A,F,,,P1D,,E,,,,,,,,,0,,Marginal lending facility - Eurosystem,"Euro area (changing composition), Eurosystem reporting sector - Marginal lending facility, Euro - Euro area (changing composition) counterpart",EUR,6
ILM.D.U2.C.A050500.U2.EUR,D,U2,C,A050500,U2,EUR,2021-05-17,0,A,F,,,P1D,,E,,,,,,,,,0,,Marginal lending facility - Eurosystem,"Euro area (changing composition), Eurosystem reporting sector - Marginal lending facility, Euro - Euro area (changing composition) counterpart",EUR,6
ILM.D.U2.C.A050500.U2.EUR,D,U2,C,A050500,U2,EUR,2021-05-18,0,A,F,,,P1D,,E,,,,,,,,,0,,Marginal lending facility - Eurosystem,"Euro area (changing composition), Eurosystem reporting sector - Marginal lending facility, Euro - Euro area (changing composition) counterpart",EUR,6
ILM.D.U2.C.A050500.U2.EUR,D,U2,C,A050500,U2,EUR,2021-05-19,0,A,F,,,P1D,,E,,,,,,,,,0,,Marginal lending facility - Eurosystem,"Euro area (changing composition), Eurosystem reporting sector - Marginal lending facility, Euro - Euro area (changing composition) counterpart",EUR,6
ILM.D.U2.C.A050500.U2.EUR,D,U2,C,A050500,U2,EUR,2021-05-20,1,A,F,,,P1D,,E,,,,,,,,,0,,Marginal lending facility - Eurosystem,"Euro area (changing composition), Eurosystem reporting sector - Marginal lending facility, Euro - Euro area (changing composition) counterpart",EUR,6
ILM.D.U2.C.A050500.U2.EUR,D,U2,C,A050500,U2,EUR,2021-05-21,0,A,F,,,P1D,,E,,,,,,,,,0,,Marginal lending facility - Eurosystem,"Euro area (changing composition), Eurosystem reporting sector - Marginal lending facility, Euro - Euro area (changing composition) counterpart",EUR,6
ILM.D.U2.C.A050500.U2.EUR,D,U2,C,A050500,U2,EUR,2021-05-24,0,A,F,,,P1D,,E,,,,,,,,,0,,Marginal lending facility - Eurosystem,"Euro area (changing composition), Eurosystem reporting sector - Marginal lending facility, Euro - Euro area (changing composition) counterpart",EUR,6
ILM.D.U2.C.A050500.U2.EUR,D,U2,C,A050500,U2,EUR,2021-05-25,0,A,F,,,P1D,,E,,,,,,,,,0,,Marginal lending facility - Eurosystem,"Euro area (changing composition), Eurosystem reporting sector - Marginal lending facility, Euro - Euro area (changing composition) counterpart",EUR,6
ILM.D.U2.C.A050500.U2.EUR,D,U2,C,A050500,U2,EUR,2021-05-26,110,A,F,,,P1D,,E,,,,,,,,,0,,Marginal lending facility - Eurosystem,"Euro area (changing composition), Eurosystem reporting sector - Marginal lending facility, Euro - Euro area (changing composition) counterpart",EUR,6
ILM.D.U2.C.A050500.U2.EUR,D,U2,C,A050500,U2,EUR,2021-05-27,146,A,F,,,P1D,,E,,,,,,,,,0,,Marginal lending facility - Eurosystem,"Euro area (changing composition), Eurosystem reporting sector - Marginal lending facility, Euro - Euro area (changing composition) counterpart",EUR,6
ILM.D.U2.C.A050500.U2.EUR,D,U2,C,A050500,U2,EUR,2021-05-28,0,A,F,,,P1D,,E,,,,,,,,,0,,Marginal lending facility - Eurosystem,"Euro area (changing composition), Eurosystem reporting sector - Marginal lending facility, Euro - Euro area (changing composition) counterpart",EUR,6
ILM.D.U2.C.A050500.U2.EUR,D,U2,C,A050500,U2,EUR,2021-05-31,0,A,F,,,P1D,,E,,,,,,,,,0,,Marginal lending facility - Eurosystem,"Euro area (changing composition), Eurosystem reporting sector - Marginal lending facility, Euro - Euro area (changing composition) counterpart",EUR,6
ILM.D.U2.C.A050500.U2.EUR,D,U2,C,A050500,U2,EUR,2021-06-01,0,A,F,,,P1D,,E,,,,,,,,,0,,Marginal lending facility - Eurosystem,"Euro area (changing composition), Eurosystem reporting sector - Marginal lending facility, Euro - Euro area (changing composition) counterpart",EUR,6
ILM.D.U2.C.A050500.U2.EUR,D,U2,C,A050500,U2,EUR,2021-06-02,0,A,F,,,P1D,,E,,,,,,,,,0,,Marginal lending facility - Eurosystem,"Euro area (changing composition), Eurosystem reporting sector - Marginal lending facility, Euro - Euro area (changing composition) counterpart",EUR,6
ILM.D.U2.C.A050500.U2.EUR,D,U2,C,A050500,U2,EUR,2021-06-03,6,A,F,,,P1D,,E,,,,,,,,,0,,Marginal lending facility - Eurosystem,"Euro area (changing composition), Eurosystem reporting sector - Marginal lending facility, Euro - Euro area (changing composition) counterpart",EUR,6
ILM.D.U2.C.A050500.U2.EUR,D,U2,C,A050500,U2,EUR,2021-06-04,3,A,F,,,P1D,,E,,,,,,,,,0,,Marginal lending facility - Eurosystem,"Euro area (changing composition), Eurosystem reporting sector - Marginal lending facility, Euro - Euro area (changing composition) counterpart",EUR,6
ILM.D.U2.C.A050500.U2.EUR,D,U2,C,A050500,U2,EUR,2021-06-07,3,A,F,,,P1D,,E,,,,,,,,,0,,Marginal lending facility - Eurosystem,"Euro area (changing composition), Eurosystem reporting sector - Marginal lending facility, Euro - Euro area (changing composition) counterpart",EUR,6
ILM.D.U2.C.A050500.U2.EUR,D,U2,C,A050500,U2,EUR,2021-06-08,1,A,F,,,P1D,,E,,,,,,,,,0,,Marginal lending facility - Eurosystem,"Euro area (changing composition), Eurosystem reporting sector - Marginal lending facility, Euro - Euro area (changing composition) counterpart",EUR,6
ILM.D.U2.C.A050500.U2.EUR,D,U2,C,A050500,U2,EUR,2021-06-09,0,A,F,,,P1D,,E,,,,,,,,,0,,Marginal lending facility - Eurosystem,"Euro area (changing composition), Eurosystem reporting sector - Marginal lending facility, Euro - Euro area (changing composition) counterpart",EUR,6
ILM.D.U2.C.A050500.U2.EUR,D,U2,C,A050500,U2,EUR,2021-06-10,1,A,F,,,P1D,,E,,,,,,,,,0,,Marginal lending facility - Eurosystem,"Euro area (changing composition), Eurosystem reporting sector - Marginal lending facility, Euro - Euro area (changing composition) counterpart",EUR,6
ILM.D.U2.C.A050500.U2.EUR,D,U2,C,A050500,U2,EUR,2021-06-11,0,A,F,,,P1D,,E,,,,,,,,,0,,Marginal lending facility - Eurosystem,"Euro area (changing composition), Eurosystem reporting sector - Marginal lending facility, Euro - Euro area (changing composition) counterpart",EUR,6
ILM.D.U2.C.A050500.U2.EUR,D,U2,C,A050500,U2,EUR,2021-06-14,0,A,F,,,P1D,,E,,,,,,,,,0,,Marginal lending facility - Eurosystem,"Euro area (changing composition), Eurosystem reporting sector - Marginal lending facility, Euro - Euro area (changing composition) counterpart",EUR,6
ILM.D.U2.C.A050500.U2.EUR,D,U2,C,A050500,U2,EUR,2021-06-15,0,A,F,,,P1D,,E,,,,,,,,,0,,Marginal lending facility - Eurosystem,"Euro area (changing composition), Eurosystem reporting sector - Marginal lending facility, Euro - Euro area (changing composition) counterpart",EUR,6
ILM.D.U2.C.A050500.U2.EUR,D,U2,C,A050500,U2,EUR,2021-06-16,0,A,F,,,P1D,,E,,,,,,,,,0,,Marginal lending facility - Eurosystem,"Euro area (changing composition), Eurosystem reporting sector - Marginal lending facility, Euro - Euro area (changing composition) counterpart",EUR,6
ILM.D.U2.C.A050500.U2.EUR,D,U2,C,A050500,U2,EUR,2021-06-17,0,A,F,,,P1D,,E,,,,,,,,,0,,Marginal lending facility - Eurosystem,"Euro area (changing composition), Eurosystem reporting sector - Marginal lending facility, Euro - Euro area (changing composition) counterpart",EUR,6
ILM.D.U2.C.A050500.U2.EUR,D,U2,C,A050500,U2,EUR,2021-06-18,0,A,F,,,P1D,,E,,,,,,,,,0,,Marginal lending facility - Eurosystem,"Euro area (changing composition), Eurosystem reporting sector - Marginal lending facility, Euro - Euro area (changing composition) counterpart",EUR,6
ILM.D.U2.C.A050500.U2.EUR,D,U2,C,A050500,U2,EUR,2021-06-21,1,A,F,,,P1D,,E,,,,,,,,,0,,Marginal lending facility - Eurosystem,"Euro area (changing composition), Eurosystem reporting sector - Marginal lending facility, Euro - Euro area (changing composition) counterpart",EUR,6
ILM.D.U2.C.A050500.U2.EUR,D,U2,C,A050500,U2,EUR,2021-06-22,0,A,F,,,P1D,,E,,,,,,,,,0,,Marginal lending facility - Eurosystem,"Euro area (changing composition), Eurosystem reporting sector - Marginal lending facility, Euro - Euro area (changing composition) counterpart",EUR,6
ILM.D.U2.C.A050500.U2.EUR,D,U2,C,A050500,U2,EUR,2021-06-23,17,A,F,,,P1D,,E,,,,,,,,,0,,Marginal lending facility - Eurosystem,"Euro area (changing composition), Eurosystem reporting sector - Marginal lending facility, Euro - Euro area (changing composition) counterpart",EUR,6
ILM.D.U2.C.A050500.U2.EUR,D,U2,C,A050500,U2,EUR,2021-06-24,0,A,F,,,P1D,,E,,,,,,,,,0,,Marginal lending facility - Eurosystem,"Euro area (changing composition), Eurosystem reporting sector - Marginal lending facility, Euro - Euro area (changing composition) counterpart",EUR,6
ILM.D.U2.C.A050500.U2.EUR,D,U2,C,A050500,U2,EUR,2021-06-25,2,A,F,,,P1D,,E,,,,,,,,,0,,Marginal lending facility - Eurosystem,"Euro area (changing composition), Eurosystem reporting sector - Marginal lending facility, Euro - Euro area (changing composition) counterpart",EUR,6
ILM.D.U2.C.A050500.U2.EUR,D,U2,C,A050500,U2,EUR,2021-06-28,0,A,F,,,P1D,,E,,,,,,,,,0,,Marginal lending facility - Eurosystem,"Euro area (changing composition), Eurosystem reporting sector - Marginal lending facility, Euro - Euro area (changing composition) counterpart",EUR,6
ILM.D.U2.C.A050500.U2.EUR,D,U2,C,A050500,U2,EUR,2021-06-29,0,A,F,,,P1D,,E,,,,,,,,,0,,Marginal lending facility - Eurosystem,"Euro area (changing composition), Eurosystem reporting sector - Marginal lending facility, Euro - Euro area (changing composition) counterpart",EUR,6
ILM.D.U2.C.A050500.U2.EUR,D,U2,C,A050500,U2,EUR,2021-06-30,0,A,F,,,P1D,,E,,,,,,,,,0,,Marginal lending facility - Eurosystem,"Euro area (changing composition), Eurosystem reporting sector - Marginal lending facility, Euro - Euro area (changing composition) counterpart",EUR,6
ILM.D.U2.C.A050500.U2.EUR,D,U2,C,A050500,U2,EUR,2021-07-01,1,A,F,,,P1D,,E,,,,,,,,,0,,Marginal lending facility - Eurosystem,"Euro area (changing composition), Eurosystem reporting sector - Marginal lending facility, Euro - Euro area (changing composition) counterpart",EUR,6
ILM.D.U2.C.A050500.U2.EUR,D,U2,C,A050500,U2,EUR,2021-07-02,10,A,F,,,P1D,,E,,,,,,,,,0,,Marginal lending facility - Eurosystem,"Euro area (changing composition), Eurosystem reporting sector - Marginal lending facility, Euro - Euro area (changing composition) counterpart",EUR,6
ILM.D.U2.C.A050500.U2.EUR,D,U2,C,A050500,U2,EUR,2021-07-05,0,A,F,,,P1D,,E,,,,,,,,,0,,Marginal lending facility - Eurosystem,"Euro area (changing composition), Eurosystem reporting sector - Marginal lending facility, Euro - Euro area (changing composition) counterpart",EUR,6
ILM.D.U2.C.A050500.U2.EUR,D,U2,C,A050500,U2,EUR,2021-07-06,1,A,F,,,P1D,,E,,,,,,,,,0,,Marginal lending facility - Eurosystem,"Euro area (changing composition), Eurosystem reporting sector - Marginal lending facility, Euro - Euro area (changing composition) counterpart",EUR,6
ILM.D.U2.C.A050500.U2.EUR,D,U2,C,A050500,U2,EUR,2021-07-07,0,A,F,,,P1D,,E,,,,,,,,,0,,Marginal lending facility - Eurosystem,"Euro area (changing composition), Eurosystem reporting sector - Marginal lending facility, Euro - Euro area (changing composition) counterpart",EUR,6
ILM.D.U2.C.A050500.U2.EUR,D,U2,C,A050500,U2,EUR,2021-07-08,0,A,F,,,P1D,,E,,,,,,,,,0,,Marginal lending facility - Eurosystem,"Euro area (changing composition), Eurosystem reporting sector - Marginal lending facility, Euro - Euro area (changing composition) counterpart",EUR,6
ILM.D.U2.C.A050500.U2.EUR,D,U2,C,A050500,U2,EUR,2021-07-09,0,A,F,,,P1D,,E,,,,,,,,,0,,Marginal lending facility - Eurosystem,"Euro area (changing composition), Eurosystem reporting sector - Marginal lending facility, Euro - Euro area (changing composition) counterpart",EUR,6
ILM.D.U2.C.A050500.U2.EUR,D,U2,C,A050500,U2,EUR,2021-07-12,0,A,F,,,P1D,,E,,,,,,,,,0,,Marginal lending facility - Eurosystem,"Euro area (changing composition), Eurosystem reporting sector - Marginal lending facility, Euro - Euro area (changing composition) counterpart",EUR,6
ILM.D.U2.C.A050500.U2.EUR,D,U2,C,A050500,U2,EUR,2021-07-13,0,A,F,,,P1D,,E,,,,,,,,,0,,Marginal lending facility - Eurosystem,"Euro area (changing composition), Eurosystem reporting sector - Marginal lending facility, Euro - Euro area (changing composition) counterpart",EUR,6
ILM.D.U2.C.A050500.U2.EUR,D,U2,C,A050500,U2,EUR,2021-07-14,0,A,F,,,P1D,,E,,,,,,,,,0,,Marginal lending facility - Eurosystem,"Euro area (changing composition), Eurosystem reporting sector - Marginal lending facility, Euro - Euro area (changing composition) counterpart",EUR,6
ILM.D.U2.C.A050500.U2.EUR,D,U2,C,A050500,U2,EUR,2021-07-15,0,A,F,,,P1D,,E,,,,,,,,,0,,Marginal lending facility - Eurosystem,"Euro area (changing composition), Eurosystem reporting sector - Marginal lending facility, Euro - Euro area (changing composition) counterpart",EUR,6
ILM.D.U2.C.A050500.U2.EUR,D,U2,C,A050500,U2,EUR,2021-07-16,0,A,F,,,P1D,,E,,,,,,,,,0,,Marginal lending facility - Eurosystem,"Euro area (changing composition), Eurosystem reporting sector - Marginal lending facility, Euro - Euro area (changing composition) counterpart",EUR,6
ILM.D.U2.C.A050500.U2.EUR,D,U2,C,A050500,U2,EUR,2021-07-19,0,A,F,,,P1D,,E,,,,,,,,,0,,Marginal lending facility - Eurosystem,"Euro area (changing composition), Eurosystem reporting sector - Marginal lending facility, Euro - Euro area (changing composition) counterpart",EUR,6
ILM.D.U2.C.A050500.U2.EUR,D,U2,C,A050500,U2,EUR,2021-07-20,1,A,F,,,P1D,,E,,,,,,,,,0,,Marginal lending facility - Eurosystem,"Euro area (changing composition), Eurosystem reporting sector - Marginal lending facility, Euro - Euro area (changing composition) counterpart",EUR,6
ILM.D.U2.C.A050500.U2.EUR,D,U2,C,A050500,U2,EUR,2021-07-21,0,A,F,,,P1D,,E,,,,,,,,,0,,Marginal lending facility - Eurosystem,"Euro area (changing composition), Eurosystem reporting sector - Marginal lending facility, Euro - Euro area (changing composition) counterpart",EUR,6
ILM.D.U2.C.A050500.U2.EUR,D,U2,C,A050500,U2,EUR,2021-07-22,0,A,F,,,P1D,,E,,,,,,,,,0,,Marginal lending facility - Eurosystem,"Euro area (changing composition), Eurosystem reporting sector - Marginal lending facility, Euro - Euro area (changing composition) counterpart",EUR,6
ILM.D.U2.C.A050500.U2.EUR,D,U2,C,A050500,U2,EUR,2021-07-23,0,A,F,,,P1D,,E,,,,,,,,,0,,Marginal lending facility - Eurosystem,"Euro area (changing composition), Eurosystem reporting sector - Marginal lending facility, Euro - Euro area (changing composition) counterpart",EUR,6
ILM.D.U2.C.A050500.U2.EUR,D,U2,C,A050500,U2,EUR,2021-07-26,0,A,F,,,P1D,,E,,,,,,,,,0,,Marginal lending facility - Eurosystem,"Euro area (changing composition), Eurosystem reporting sector - Marginal lending facility, Euro - Euro area (changing composition) counterpart",EUR,6
ILM.D.U2.C.A050500.U2.EUR,D,U2,C,A050500,U2,EUR,2021-07-27,7,A,F,,,P1D,,E,,,,,,,,,0,,Marginal lending facility - Eurosystem,"Euro area (changing composition), Eurosystem reporting sector - Marginal lending facility, Euro - Euro area (changing composition) counterpart",EUR,6
ILM.D.U2.C.A050500.U2.EUR,D,U2,C,A050500,U2,EUR,2021-07-28,0,A,F,,,P1D,,E,,,,,,,,,0,,Marginal lending facility - Eurosystem,"Euro area (changing composition), Eurosystem reporting sector - Marginal lending facility, Euro - Euro area (changing composition) counterpart",EUR,6
ILM.D.U2.C.A050500.U2.EUR,D,U2,C,A050500,U2,EUR,2021-07-29,3,A,F,,,P1D,,E,,,,,,,,,0,,Marginal lending facility - Eurosystem,"Euro area (changing composition), Eurosystem reporting sector - Marginal lending facility, Euro - Euro area (changing composition) counterpart",EUR,6
ILM.D.U2.C.A050500.U2.EUR,D,U2,C,A050500,U2,EUR,2021-07-30,71,A,F,,,P1D,,E,,,,,,,,,0,,Marginal lending facility - Eurosystem,"Euro area (changing composition), Eurosystem reporting sector - Marginal lending facility, Euro - Euro area (changing composition) counterpart",EUR,6
ILM.D.U2.C.A050500.U2.EUR,D,U2,C,A050500,U2,EUR,2021-08-02,0,A,F,,,P1D,,E,,,,,,,,,0,,Marginal lending facility - Eurosystem,"Euro area (changing composition), Eurosystem reporting sector - Marginal lending facility, Euro - Euro area (changing composition) counterpart",EUR,6
ILM.D.U2.C.A050500.U2.EUR,D,U2,C,A050500,U2,EUR,2021-08-03,0,A,F,,,P1D,,E,,,,,,,,,0,,Marginal lending facility - Eurosystem,"Euro area (changing composition), Eurosystem reporting sector - Marginal lending facility, Euro - Euro area (changing composition) counterpart",EUR,6
ILM.D.U2.C.A050500.U2.EUR,D,U2,C,A050500,U2,EUR,2021-08-04,0,A,F,,,P1D,,E,,,,,,,,,0,,Marginal lending facility - Eurosystem,"Euro area (changing composition), Eurosystem reporting sector - Marginal lending facility, Euro - Euro area (changing composition) counterpart",EUR,6
ILM.D.U2.C.A050500.U2.EUR,D,U2,C,A050500,U2,EUR,2021-08-05,0,A,F,,,P1D,,E,,,,,,,,,0,,Marginal lending facility - Eurosystem,"Euro area (changing composition), Eurosystem reporting sector - Marginal lending facility, Euro - Euro area (changing composition) counterpart",EUR,6
ILM.D.U2.C.A050500.U2.EUR,D,U2,C,A050500,U2,EUR,2021-08-06,0,A,F,,,P1D,,E,,,,,,,,,0,,Marginal lending facility - Eurosystem,"Euro area (changing composition), Eurosystem reporting sector - Marginal lending facility, Euro - Euro area (changing composition) counterpart",EUR,6
ILM.D.U2.C.A050500.U2.EUR,D,U2,C,A050500,U2,EUR,2021-08-09,401,A,F,,,P1D,,E,,,,,,,,,0,,Marginal lending facility - Eurosystem,"Euro area (changing composition), Eurosystem reporting sector - Marginal lending facility, Euro - Euro area (changing composition) counterpart",EUR,6
ILM.D.U2.C.A050500.U2.EUR,D,U2,C,A050500,U2,EUR,2021-08-10,0,A,F,,,P1D,,E,,,,,,,,,0,,Marginal lending facility - Eurosystem,"Euro area (changing composition), Eurosystem reporting sector - Marginal lending facility, Euro - Euro area (changing composition) counterpart",EUR,6
ILM.D.U2.C.A050500.U2.EUR,D,U2,C,A050500,U2,EUR,2021-08-11,0,A,F,,,P1D,,E,,,,,,,,,0,,Marginal lending facility - Eurosystem,"Euro area (changing composition), Eurosystem reporting sector - Marginal lending facility, Euro - Euro area (changing composition) counterpart",EUR,6
ILM.D.U2.C.A050500.U2.EUR,D,U2,C,A050500,U2,EUR,2021-08-12,0,A,F,,,P1D,,E,,,,,,,,,0,,Marginal lending facility - Eurosystem,"Euro area (changing composition), Eurosystem reporting sector - Marginal lending facility, Euro - Euro area (changing composition) counterpart",EUR,6
ILM.D.U2.C.A050500.U2.EUR,D,U2,C,A050500,U2,EUR,2021-08-13,0,A,F,,,P1D,,E,,,,,,,,,0,,Marginal lending facility - Eurosystem,"Euro area (changing composition), Eurosystem reporting sector - Marginal lending facility, Euro - Euro area (changing composition) counterpart",EUR,6
ILM.D.U2.C.A050500.U2.EUR,D,U2,C,A050500,U2,EUR,2021-08-16,0,A,F,,,P1D,,E,,,,,,,,,0,,Marginal lending facility - Eurosystem,"Euro area (changing composition), Eurosystem reporting sector - Marginal lending facility, Euro - Euro area (changing composition) counterpart",EUR,6
ILM.D.U2.C.A050500.U2.EUR,D,U2,C,A050500,U2,EUR,2021-08-17,84,A,F,,,P1D,,E,,,,,,,,,0,,Marginal lending facility - Eurosystem,"Euro area (changing composition), Eurosystem reporting sector - Marginal lending facility, Euro - Euro area (changing composition) counterpart",EUR,6
ILM.D.U2.C.A050500.U2.EUR,D,U2,C,A050500,U2,EUR,2021-08-18,50,A,F,,,P1D,,E,,,,,,,,,0,,Marginal lending facility - Eurosystem,"Euro area (changing composition), Eurosystem reporting sector - Marginal lending facility, Euro - Euro area (changing composition) counterpart",EUR,6
ILM.D.U2.C.A050500.U2.EUR,D,U2,C,A050500,U2,EUR,2021-08-19,35,A,F,,,P1D,,E,,,,,,,,,0,,Marginal lending facility - Eurosystem,"Euro area (changing composition), Eurosystem reporting sector - Marginal lending facility, Euro - Euro area (changing composition) counterpart",EUR,6
ILM.D.U2.C.A050500.U2.EUR,D,U2,C,A050500,U2,EUR,2021-08-20,0,A,F,,,P1D,,E,,,,,,,,,0,,Marginal lending facility - Eurosystem,"Euro area (changing composition), Eurosystem reporting sector - Marginal lending facility, Euro - Euro area (changing composition) counterpart",EUR,6
ILM.D.U2.C.A050500.U2.EUR,D,U2,C,A050500,U2,EUR,2021-08-23,1,A,F,,,P1D,,E,,,,,,,,,0,,Marginal lending facility - Eurosystem,"Euro area (changing composition), Eurosystem reporting sector - Marginal lending facility, Euro - Euro area (changing composition) counterpart",EUR,6
ILM.D.U2.C.A050500.U2.EUR,D,U2,C,A050500,U2,EUR,2021-08-24,3,A,F,,,P1D,,E,,,,,,,,,0,,Marginal lending facility - Eurosystem,"Euro area (changing composition), Eurosystem reporting sector - Marginal lending facility, Euro - Euro area (changing composition) counterpart",EUR,6
ILM.D.U2.C.A050500.U2.EUR,D,U2,C,A050500,U2,EUR,2021-08-25,0,A,F,,,P1D,,E,,,,,,,,,0,,Marginal lending facility - Eurosystem,"Euro area (changing composition), Eurosystem reporting sector - Marginal lending facility, Euro - Euro area (changing composition) counterpart",EUR,6
ILM.D.U2.C.A050500.U2.EUR,D,U2,C,A050500,U2,EUR,2021-08-26,0,A,F,,,P1D,,E,,,,,,,,,0,,Marginal lending facility - Eurosystem,"Euro area (changing composition), Eurosystem reporting sector - Marginal lending facility, Euro - Euro area (changing composition) counterpart",EUR,6
ILM.D.U2.C.A050500.U2.EUR,D,U2,C,A050500,U2,EUR,2021-08-27,0,A,F,,,P1D,,E,,,,,,,,,0,,Marginal lending facility - Eurosystem,"Euro area (changing composition), Eurosystem reporting sector - Marginal lending facility, Euro - Euro area (changing composition) counterpart",EUR,6
ILM.D.U2.C.A050500.U2.EUR,D,U2,C,A050500,U2,EUR,2021-08-30,0,A,F,,,P1D,,E,,,,,,,,,0,,Marginal lending facility - Eurosystem,"Euro area (changing composition), Eurosystem reporting sector - Marginal lending facility, Euro - Euro area (changing composition) counterpart",EUR,6
ILM.D.U2.C.A050500.U2.EUR,D,U2,C,A050500,U2,EUR,2021-08-31,0,A,F,,,P1D,,E,,,,,,,,,0,,Marginal lending facility - Eurosystem,"Euro area (changing composition), Eurosystem reporting sector - Marginal lending facility, Euro - Euro area (changing composition) counterpart",EUR,6
ILM.D.U2.C.A050500.U2.EUR,D,U2,C,A050500,U2,EUR,2021-09-01,0,A,F,,,P1D,,E,,,,,,,,,0,,Marginal lending facility - Eurosystem,"Euro area (changing composition), Eurosystem reporting sector - Marginal lending facility, Euro - Euro area (changing composition) counterpart",EUR,6
ILM.D.U2.C.A050500.U2.EUR,D,U2,C,A050500,U2,EUR,2021-09-02,47,A,F,,,P1D,,E,,,,,,,,,0,,Marginal lending facility - Eurosystem,"Euro area (changing composition), Eurosystem reporting sector - Marginal lending facility, Euro - Euro area (changing composition) counterpart",EUR,6
ILM.D.U2.C.A050500.U2.EUR,D,U2,C,A050500,U2,EUR,2021-09-03,0,A,F,,,P1D,,E,,,,,,,,,0,,Marginal lending facility - Eurosystem,"Euro area (changing composition), Eurosystem reporting sector - Marginal lending facility, Euro - Euro area (changing composition) counterpart",EUR,6
ILM.D.U2.C.A050500.U2.EUR,D,U2,C,A050500,U2,EUR,2021-09-06,0,A,F,,,P1D,,E,,,,,,,,,0,,Marginal lending facility - Eurosystem,"Euro area (changing composition), Eurosystem reporting sector - Marginal lending facility, Euro - Euro area (changing composition) counterpart",EUR,6
ILM.D.U2.C.A050500.U2.EUR,D,U2,C,A050500,U2,EUR,2021-09-07,0,A,F,,,P1D,,E,,,,,,,,,0,,Marginal lending facility - Eurosystem,"Euro area (changing composition), Eurosystem reporting sector - Marginal lending facility, Euro - Euro area (changing composition) counterpart",EUR,6
ILM.D.U2.C.A050500.U2.EUR,D,U2,C,A050500,U2,EUR,2021-09-08,1,A,F,,,P1D,,E,,,,,,,,,0,,Marginal lending facility - Eurosystem,"Euro area (changing composition), Eurosystem reporting sector - Marginal lending facility, Euro - Euro area (changing composition) counterpart",EUR,6
ILM.D.U2.C.A050500.U2.EUR,D,U2,C,A050500,U2,EUR,2021-09-09,0,A,F,,,P1D,,E,,,,,,,,,0,,Marginal lending facility - Eurosystem,"Euro area (changing composition), Eurosystem reporting sector - Marginal lending facility, Euro - Euro area (changing composition) counterpart",EUR,6
ILM.D.U2.C.A050500.U2.EUR,D,U2,C,A050500,U2,EUR,2021-09-10,19,A,F,,,P1D,,E,,,,,,,,,0,,Marginal lending facility - Eurosystem,"Euro area (changing composition), Eurosystem reporting sector - Marginal lending facility, Euro - Euro area (changing composition) counterpart",EUR,6
ILM.D.U2.C.A050500.U2.EUR,D,U2,C,A050500,U2,EUR,2021-09-13,0,A,F,,,P1D,,E,,,,,,,,,0,,Marginal lending facility - Eurosystem,"Euro area (changing composition), Eurosystem reporting sector - Marginal lending facility, Euro - Euro area (changing composition) counterpart",EUR,6
ILM.D.U2.C.A050500.U2.EUR,D,U2,C,A050500,U2,EUR,2021-09-14,14,A,F,,,P1D,,E,,,,,,,,,0,,Marginal lending facility - Eurosystem,"Euro area (changing composition), Eurosystem reporting sector - Marginal lending facility, Euro - Euro area (changing composition) counterpart",EUR,6
ILM.D.U2.C.A050500.U2.EUR,D,U2,C,A050500,U2,EUR,2021-09-15,0,A,F,,,P1D,,E,,,,,,,,,0,,Marginal lending facility - Eurosystem,"Euro area (changing composition), Eurosystem reporting sector - Marginal lending facility, Euro - Euro area (changing composition) counterpart",EUR,6
ILM.D.U2.C.A050500.U2.EUR,D,U2,C,A050500,U2,EUR,2021-09-16,0,A,F,,,P1D,,E,,,,,,,,,0,,Marginal lending facility - Eurosystem,"Euro area (changing composition), Eurosystem reporting sector - Marginal lending facility, Euro - Euro area (changing composition) counterpart",EUR,6
ILM.D.U2.C.A050500.U2.EUR,D,U2,C,A050500,U2,EUR,2021-09-17,0,A,F,,,P1D,,E,,,,,,,,,0,,Marginal lending facility - Eurosystem,"Euro area (changing composition), Eurosystem reporting sector - Marginal lending facility, Euro - Euro area (changing composition) counterpart",EUR,6
ILM.D.U2.C.A050500.U2.EUR,D,U2,C,A050500,U2,EUR,2021-09-20,0,A,F,,,P1D,,E,,,,,,,,,0,,Marginal lending facility - Eurosystem,"Euro area (changing composition), Eurosystem reporting sector - Marginal lending facility, Euro - Euro area (changing composition) counterpart",EUR,6
ILM.D.U2.C.A050500.U2.EUR,D,U2,C,A050500,U2,EUR,2021-09-21,0,A,F,,,P1D,,E,,,,,,,,,0,,Marginal lending facility - Eurosystem,"Euro area (changing composition), Eurosystem reporting sector - Marginal lending facility, Euro - Euro area (changing composition) counterpart",EUR,6
ILM.D.U2.C.A050500.U2.EUR,D,U2,C,A050500,U2,EUR,2021-09-22,79,A,F,,,P1D,,E,,,,,,,,,0,,Marginal lending facility - Eurosystem,"Euro area (changing composition), Eurosystem reporting sector - Marginal lending facility, Euro - Euro area (changing composition) counterpart",EUR,6
ILM.D.U2.C.A050500.U2.EUR,D,U2,C,A050500,U2,EUR,2021-09-23,15,A,F,,,P1D,,E,,,,,,,,,0,,Marginal lending facility - Eurosystem,"Euro area (changing composition), Eurosystem reporting sector - Marginal lending facility, Euro - Euro area (changing composition) counterpart",EUR,6
ILM.D.U2.C.A050500.U2.EUR,D,U2,C,A050500,U2,EUR,2021-09-24,18,A,F,,,P1D,,E,,,,,,,,,0,,Marginal lending facility - Eurosystem,"Euro area (changing composition), Eurosystem reporting sector - Marginal lending facility, Euro - Euro area (changing composition) counterpart",EUR,6
ILM.D.U2.C.A050500.U2.EUR,D,U2,C,A050500,U2,EUR,2021-09-27,8,A,F,,,P1D,,E,,,,,,,,,0,,Marginal lending facility - Eurosystem,"Euro area (changing composition), Eurosystem reporting sector - Marginal lending facility, Euro - Euro area (changing composition) counterpart",EUR,6
ILM.D.U2.C.A050500.U2.EUR,D,U2,C,A050500,U2,EUR,2021-09-28,0,A,F,,,P1D,,E,,,,,,,,,0,,Marginal lending facility - Eurosystem,"Euro area (changing composition), Eurosystem reporting sector - Marginal lending facility, Euro - Euro area (changing composition) counterpart",EUR,6
ILM.D.U2.C.A050500.U2.EUR,D,U2,C,A050500,U2,EUR,2021-09-29,0,A,F,,,P1D,,E,,,,,,,,,0,,Marginal lending facility - Eurosystem,"Euro area (changing composition), Eurosystem reporting sector - Marginal lending facility, Euro - Euro area (changing composition) counterpart",EUR,6
ILM.D.U2.C.A050500.U2.EUR,D,U2,C,A050500,U2,EUR,2021-09-30,0,A,F,,,P1D,,E,,,,,,,,,0,,Marginal lending facility - Eurosystem,"Euro area (changing composition), Eurosystem reporting sector - Marginal lending facility, Euro - Euro area (changing composition) counterpart",EUR,6
ILM.D.U2.C.A050500.U2.EUR,D,U2,C,A050500,U2,EUR,2021-10-01,0,A,F,,,P1D,,E,,,,,,,,,0,,Marginal lending facility - Eurosystem,"Euro area (changing composition), Eurosystem reporting sector - Marginal lending facility, Euro - Euro area (changing composition) counterpart",EUR,6
ILM.D.U2.C.A050500.U2.EUR,D,U2,C,A050500,U2,EUR,2021-10-04,0,A,F,,,P1D,,E,,,,,,,,,0,,Marginal lending facility - Eurosystem,"Euro area (changing composition), Eurosystem reporting sector - Marginal lending facility, Euro - Euro area (changing composition) counterpart",EUR,6
ILM.D.U2.C.A050500.U2.EUR,D,U2,C,A050500,U2,EUR,2021-10-05,0,A,F,,,P1D,,E,,,,,,,,,0,,Marginal lending facility - Eurosystem,"Euro area (changing composition), Eurosystem reporting sector - Marginal lending facility, Euro - Euro area (changing composition) counterpart",EUR,6
ILM.D.U2.C.A050500.U2.EUR,D,U2,C,A050500,U2,EUR,2021-10-06,0,A,F,,,P1D,,E,,,,,,,,,0,,Marginal lending facility - Eurosystem,"Euro area (changing composition), Eurosystem reporting sector - Marginal lending facility, Euro - Euro area (changing composition) counterpart",EUR,6
ILM.D.U2.C.A050500.U2.EUR,D,U2,C,A050500,U2,EUR,2021-10-07,1,A,F,,,P1D,,E,,,,,,,,,0,,Marginal lending facility - Eurosystem,"Euro area (changing composition), Eurosystem reporting sector - Marginal lending facility, Euro - Euro area (changing composition) counterpart",EUR,6
ILM.D.U2.C.A050500.U2.EUR,D,U2,C,A050500,U2,EUR,2021-10-08,0,A,F,,,P1D,,E,,,,,,,,,0,,Marginal lending facility - Eurosystem,"Euro area (changing composition), Eurosystem reporting sector - Marginal lending facility, Euro - Euro area (changing composition) counterpart",EUR,6
ILM.D.U2.C.A050500.U2.EUR,D,U2,C,A050500,U2,EUR,2021-10-11,0,A,F,,,P1D,,E,,,,,,,,,0,,Marginal lending facility - Eurosystem,"Euro area (changing composition), Eurosystem reporting sector - Marginal lending facility, Euro - Euro area (changing composition) counterpart",EUR,6
ILM.D.U2.C.A050500.U2.EUR,D,U2,C,A050500,U2,EUR,2021-10-12,0,A,F,,,P1D,,E,,,,,,,,,0,,Marginal lending facility - Eurosystem,"Euro area (changing composition), Eurosystem reporting sector - Marginal lending facility, Euro - Euro area (changing composition) counterpart",EUR,6
ILM.D.U2.C.A050500.U2.EUR,D,U2,C,A050500,U2,EUR,2021-10-13,10,A,F,,,P1D,,E,,,,,,,,,0,,Marginal lending facility - Eurosystem,"Euro area (changing composition), Eurosystem reporting sector - Marginal lending facility, Euro - Euro area (changing composition) counterpart",EUR,6
ILM.D.U2.C.A050500.U2.EUR,D,U2,C,A050500,U2,EUR,2021-10-14,0,A,F,,,P1D,,E,,,,,,,,,0,,Marginal lending facility - Eurosystem,"Euro area (changing composition), Eurosystem reporting sector - Marginal lending facility, Euro - Euro area (changing composition) counterpart",EUR,6
ILM.D.U2.C.A050500.U2.EUR,D,U2,C,A050500,U2,EUR,2021-10-15,3,A,F,,,P1D,,E,,,,,,,,,0,,Marginal lending facility - Eurosystem,"Euro area (changing composition), Eurosystem reporting sector - Marginal lending facility, Euro - Euro area (changing composition) counterpart",EUR,6
ILM.D.U2.C.A050500.U2.EUR,D,U2,C,A050500,U2,EUR,2021-10-18,0,A,F,,,P1D,,E,,,,,,,,,0,,Marginal lending facility - Eurosystem,"Euro area (changing composition), Eurosystem reporting sector - Marginal lending facility, Euro - Euro area (changing composition) counterpart",EUR,6
ILM.D.U2.C.A050500.U2.EUR,D,U2,C,A050500,U2,EUR,2021-10-19,10,A,F,,,P1D,,E,,,,,,,,,0,,Marginal lending facility - Eurosystem,"Euro area (changing composition), Eurosystem reporting sector - Marginal lending facility, Euro - Euro area (changing composition) counterpart",EUR,6
ILM.D.U2.C.A050500.U2.EUR,D,U2,C,A050500,U2,EUR,2021-10-20,0,A,F,,,P1D,,E,,,,,,,,,0,,Marginal lending facility - Eurosystem,"Euro area (changing composition), Eurosystem reporting sector - Marginal lending facility, Euro - Euro area (changing composition) counterpart",EUR,6
ILM.D.U2.C.A050500.U2.EUR,D,U2,C,A050500,U2,EUR,2021-10-21,0,A,F,,,P1D,,E,,,,,,,,,0,,Marginal lending facility - Eurosystem,"Euro area (changing composition), Eurosystem reporting sector - Marginal lending facility, Euro - Euro area (changing composition) counterpart",EUR,6
ILM.D.U2.C.A050500.U2.EUR,D,U2,C,A050500,U2,EUR,2021-10-22,0,A,F,,,P1D,,E,,,,,,,,,0,,Marginal lending facility - Eurosystem,"Euro area (changing composition), Eurosystem reporting sector - Marginal lending facility, Euro - Euro area (changing composition) counterpart",EUR,6
ILM.D.U2.C.A050500.U2.EUR,D,U2,C,A050500,U2,EUR,2021-10-25,0,A,F,,,P1D,,E,,,,,,,,,0,,Marginal lending facility - Eurosystem,"Euro area (changing composition), Eurosystem reporting sector - Marginal lending facility, Euro - Euro area (changing composition) counterpart",EUR,6
ILM.D.U2.C.A050500.U2.EUR,D,U2,C,A050500,U2,EUR,2021-10-26,0,A,F,,,P1D,,E,,,,,,,,,0,,Marginal lending facility - Eurosystem,"Euro area (changing composition), Eurosystem reporting sector - Marginal lending facility, Euro - Euro area (changing composition) counterpart",EUR,6
ILM.D.U2.C.A050500.U2.EUR,D,U2,C,A050500,U2,EUR,2021-10-27,3,A,F,,,P1D,,E,,,,,,,,,0,,Marginal lending facility - Eurosystem,"Euro area (changing composition), Eurosystem reporting sector - Marginal lending facility, Euro - Euro area (changing composition) counterpart",EUR,6
ILM.D.U2.C.A050500.U2.EUR,D,U2,C,A050500,U2,EUR,2021-10-28,3,A,F,,,P1D,,E,,,,,,,,,0,,Marginal lending facility - Eurosystem,"Euro area (changing composition), Eurosystem reporting sector - Marginal lending facility, Euro - Euro area (changing composition) counterpart",EUR,6
ILM.D.U2.C.A050500.U2.EUR,D,U2,C,A050500,U2,EUR,2021-10-29,2,A,F,,,P1D,,E,,,,,,,,,0,,Marginal lending facility - Eurosystem,"Euro area (changing composition), Eurosystem reporting sector - Marginal lending facility, Euro - Euro area (changing composition) counterpart",EUR,6
ILM.D.U2.C.A050500.U2.EUR,D,U2,C,A050500,U2,EUR,2021-11-01,2,A,F,,,P1D,,E,,,,,,,,,0,,Marginal lending facility - Eurosystem,"Euro area (changing composition), Eurosystem reporting sector - Marginal lending facility, Euro - Euro area (changing composition) counterpart",EUR,6
ILM.D.U2.C.A050500.U2.EUR,D,U2,C,A050500,U2,EUR,2021-11-02,2,A,F,,,P1D,,E,,,,,,,,,0,,Marginal lending facility - Eurosystem,"Euro area (changing composition), Eurosystem reporting sector - Marginal lending facility, Euro - Euro area (changing composition) counterpart",EUR,6
ILM.D.U2.C.A050500.U2.EUR,D,U2,C,A050500,U2,EUR,2021-11-03,2,A,F,,,P1D,,E,,,,,,,,,0,,Marginal lending facility - Eurosystem,"Euro area (changing composition), Eurosystem reporting sector - Marginal lending facility, Euro - Euro area (changing composition) counterpart",EUR,6
ILM.D.U2.C.A050500.U2.EUR,D,U2,C,A050500,U2,EUR,2021-11-04,0,A,F,,,P1D,,E,,,,,,,,,0,,Marginal lending facility - Eurosystem,"Euro area (changing composition), Eurosystem reporting sector - Marginal lending facility, Euro - Euro area (changing composition) counterpart",EUR,6
ILM.D.U2.C.A050500.U2.EUR,D,U2,C,A050500,U2,EUR,2021-11-05,0,A,F,,,P1D,,E,,,,,,,,,0,,Marginal lending facility - Eurosystem,"Euro area (changing composition), Eurosystem reporting sector - Marginal lending facility, Euro - Euro area (changing composition) counterpart",EUR,6
ILM.D.U2.C.A050500.U2.EUR,D,U2,C,A050500,U2,EUR,2021-11-08,0,A,F,,,P1D,,E,,,,,,,,,0,,Marginal lending facility - Eurosystem,"Euro area (changing composition), Eurosystem reporting sector - Marginal lending facility, Euro - Euro area (changing composition) counterpart",EUR,6
ILM.D.U2.C.A050500.U2.EUR,D,U2,C,A050500,U2,EUR,2021-11-09,0,A,F,,,P1D,,E,,,,,,,,,0,,Marginal lending facility - Eurosystem,"Euro area (changing composition), Eurosystem reporting sector - Marginal lending facility, Euro - Euro area (changing composition) counterpart",EUR,6
ILM.D.U2.C.A050500.U2.EUR,D,U2,C,A050500,U2,EUR,2021-11-10,0,A,F,,,P1D,,E,,,,,,,,,0,,Marginal lending facility - Eurosystem,"Euro area (changing composition), Eurosystem reporting sector - Marginal lending facility, Euro - Euro area (changing composition) counterpart",EUR,6
ILM.D.U2.C.A050500.U2.EUR,D,U2,C,A050500,U2,EUR,2021-11-11,0,A,F,,,P1D,,E,,,,,,,,,0,,Marginal lending facility - Eurosystem,"Euro area (changing composition), Eurosystem reporting sector - Marginal lending facility, Euro - Euro area (changing composition) counterpart",EUR,6
ILM.D.U2.C.A050500.U2.EUR,D,U2,C,A050500,U2,EUR,2021-11-12,0,A,F,,,P1D,,E,,,,,,,,,0,,Marginal lending facility - Eurosystem,"Euro area (changing composition), Eurosystem reporting sector - Marginal lending facility, Euro - Euro area (changing composition) counterpart",EUR,6
ILM.D.U2.C.A050500.U2.EUR,D,U2,C,A050500,U2,EUR,2021-11-15,10,A,F,,,P1D,,E,,,,,,,,,0,,Marginal lending facility - Eurosystem,"Euro area (changing composition), Eurosystem reporting sector - Marginal lending facility, Euro - Euro area (changing composition) counterpart",EUR,6
ILM.D.U2.C.A050500.U2.EUR,D,U2,C,A050500,U2,EUR,2021-11-16,0,A,F,,,P1D,,E,,,,,,,,,0,,Marginal lending facility - Eurosystem,"Euro area (changing composition), Eurosystem reporting sector - Marginal lending facility, Euro - Euro area (changing composition) counterpart",EUR,6
ILM.D.U2.C.A050500.U2.EUR,D,U2,C,A050500,U2,EUR,2021-11-17,3,A,F,,,P1D,,E,,,,,,,,,0,,Marginal lending facility - Eurosystem,"Euro area (changing composition), Eurosystem reporting sector - Marginal lending facility, Euro - Euro area (changing composition) counterpart",EUR,6
ILM.D.U2.C.A050500.U2.EUR,D,U2,C,A050500,U2,EUR,2021-11-18,0,A,F,,,P1D,,E,,,,,,,,,0,,Marginal lending facility - Eurosystem,"Euro area (changing composition), Eurosystem reporting sector - Marginal lending facility, Euro - Euro area (changing composition) counterpart",EUR,6
ILM.D.U2.C.A050500.U2.EUR,D,U2,C,A050500,U2,EUR,2021-11-19,3,A,F,,,P1D,,E,,,,,,,,,0,,Marginal lending facility - Eurosystem,"Euro area (changing composition), Eurosystem reporting sector - Marginal lending facility, Euro - Euro area (changing composition) counterpart",EUR,6
ILM.D.U2.C.A050500.U2.EUR,D,U2,C,A050500,U2,EUR,2021-11-22,3,A,F,,,P1D,,E,,,,,,,,,0,,Marginal lending facility - Eurosystem,"Euro area (changing composition), Eurosystem reporting sector - Marginal lending facility, Euro - Euro area (changing composition) counterpart",EUR,6
ILM.D.U2.C.A050500.U2.EUR,D,U2,C,A050500,U2,EUR,2021-11-23,0,A,F,,,P1D,,E,,,,,,,,,0,,Marginal lending facility - Eurosystem,"Euro area (changing composition), Eurosystem reporting sector - Marginal lending facility, Euro - Euro area (changing composition) counterpart",EUR,6
ILM.D.U2.C.A050500.U2.EUR,D,U2,C,A050500,U2,EUR,2021-11-24,1,A,F,,,P1D,,E,,,,,,,,,0,,Marginal lending facility - Eurosystem,"Euro area (changing composition), Eurosystem reporting sector - Marginal lending facility, Euro - Euro area (changing composition) counterpart",EUR,6
ILM.D.U2.C.A050500.U2.EUR,D,U2,C,A050500,U2,EUR,2021-11-25,1,A,F,,,P1D,,E,,,,,,,,,0,,Marginal lending facility - Eurosystem,"Euro area (changing composition), Eurosystem reporting sector - Marginal lending facility, Euro - Euro area (changing composition) counterpart",EUR,6
ILM.D.U2.C.A050500.U2.EUR,D,U2,C,A050500,U2,EUR,2021-11-26,0,A,F,,,P1D,,E,,,,,,,,,0,,Marginal lending facility - Eurosystem,"Euro area (changing composition), Eurosystem reporting sector - Marginal lending facility, Euro - Euro area (changing composition) counterpart",EUR,6
ILM.D.U2.C.A050500.U2.EUR,D,U2,C,A050500,U2,EUR,2021-11-29,0,A,F,,,P1D,,E,,,,,,,,,0,,Marginal lending facility - Eurosystem,"Euro area (changing composition), Eurosystem reporting sector - Marginal lending facility, Euro - Euro area (changing composition) counterpart",EUR,6
ILM.D.U2.C.A050500.U2.EUR,D,U2,C,A050500,U2,EUR,2021-11-30,1,A,F,,,P1D,,E,,,,,,,,,0,,Marginal lending facility - Eurosystem,"Euro area (changing composition), Eurosystem reporting sector - Marginal lending facility, Euro - Euro area (changing composition) counterpart",EUR,6
ILM.D.U2.C.A050500.U2.EUR,D,U2,C,A050500,U2,EUR,2021-12-01,0,A,F,,,P1D,,E,,,,,,,,,0,,Marginal lending facility - Eurosystem,"Euro area (changing composition), Eurosystem reporting sector - Marginal lending facility, Euro - Euro area (changing composition) counterpart",EUR,6
ILM.D.U2.C.A050500.U2.EUR,D,U2,C,A050500,U2,EUR,2021-12-02,0,A,F,,,P1D,,E,,,,,,,,,0,,Marginal lending facility - Eurosystem,"Euro area (changing composition), Eurosystem reporting sector - Marginal lending facility, Euro - Euro area (changing composition) counterpart",EUR,6
ILM.D.U2.C.A050500.U2.EUR,D,U2,C,A050500,U2,EUR,2021-12-03,0,A,F,,,P1D,,E,,,,,,,,,0,,Marginal lending facility - Eurosystem,"Euro area (changing composition), Eurosystem reporting sector - Marginal lending facility, Euro - Euro area (changing composition) counterpart",EUR,6
ILM.D.U2.C.A050500.U2.EUR,D,U2,C,A050500,U2,EUR,2021-12-06,1,A,F,,,P1D,,E,,,,,,,,,0,,Marginal lending facility - Eurosystem,"Euro area (changing composition), Eurosystem reporting sector - Marginal lending facility, Euro - Euro area (changing composition) counterpart",EUR,6
ILM.D.U2.C.A050500.U2.EUR,D,U2,C,A050500,U2,EUR,2021-12-07,0,A,F,,,P1D,,E,,,,,,,,,0,,Marginal lending facility - Eurosystem,"Euro area (changing composition), Eurosystem reporting sector - Marginal lending facility, Euro - Euro area (changing composition) counterpart",EUR,6
ILM.D.U2.C.A050500.U2.EUR,D,U2,C,A050500,U2,EUR,2021-12-08,0,A,F,,,P1D,,E,,,,,,,,,0,,Marginal lending facility - Eurosystem,"Euro area (changing composition), Eurosystem reporting sector - Marginal lending facility, Euro - Euro area (changing composition) counterpart",EUR,6
ILM.D.U2.C.A050500.U2.EUR,D,U2,C,A050500,U2,EUR,2021-12-09,0,A,F,,,P1D,,E,,,,,,,,,0,,Marginal lending facility - Eurosystem,"Euro area (changing composition), Eurosystem reporting sector - Marginal lending facility, Euro - Euro area (changing composition) counterpart",EUR,6
ILM.D.U2.C.A050500.U2.EUR,D,U2,C,A050500,U2,EUR,2021-12-10,16,A,F,,,P1D,,E,,,,,,,,,0,,Marginal lending facility - Eurosystem,"Euro area (changing composition), Eurosystem reporting sector - Marginal lending facility, Euro - Euro area (changing composition) counterpart",EUR,6
ILM.D.U2.C.A050500.U2.EUR,D,U2,C,A050500,U2,EUR,2021-12-13,0,A,F,,,P1D,,E,,,,,,,,,0,,Marginal lending facility - Eurosystem,"Euro area (changing composition), Eurosystem reporting sector - Marginal lending facility, Euro - Euro area (changing composition) counterpart",EUR,6
ILM.D.U2.C.A050500.U2.EUR,D,U2,C,A050500,U2,EUR,2021-12-14,0,A,F,,,P1D,,E,,,,,,,,,0,,Marginal lending facility - Eurosystem,"Euro area (changing composition), Eurosystem reporting sector - Marginal lending facility, Euro - Euro area (changing composition) counterpart",EUR,6
ILM.D.U2.C.A050500.U2.EUR,D,U2,C,A050500,U2,EUR,2021-12-15,2,A,F,,,P1D,,E,,,,,,,,,0,,Marginal lending facility - Eurosystem,"Euro area (changing composition), Eurosystem reporting sector - Marginal lending facility, Euro - Euro area (changing composition) counterpart",EUR,6
ILM.D.U2.C.A050500.U2.EUR,D,U2,C,A050500,U2,EUR,2021-12-16,0,A,F,,,P1D,,E,,,,,,,,,0,,Marginal lending facility - Eurosystem,"Euro area (changing composition), Eurosystem reporting sector - Marginal lending facility, Euro - Euro area (changing composition) counterpart",EUR,6
ILM.D.U2.C.A050500.U2.EUR,D,U2,C,A050500,U2,EUR,2021-12-17,0,A,F,,,P1D,,E,,,,,,,,,0,,Marginal lending facility - Eurosystem,"Euro area (changing composition), Eurosystem reporting sector - Marginal lending facility, Euro - Euro area (changing composition) counterpart",EUR,6
ILM.D.U2.C.A050500.U2.EUR,D,U2,C,A050500,U2,EUR,2021-12-20,0,A,F,,,P1D,,E,,,,,,,,,0,,Marginal lending facility - Eurosystem,"Euro area (changing composition), Eurosystem reporting sector - Marginal lending facility, Euro - Euro area (changing composition) counterpart",EUR,6
ILM.D.U2.C.A050500.U2.EUR,D,U2,C,A050500,U2,EUR,2021-12-21,0,A,F,,,P1D,,E,,,,,,,,,0,,Marginal lending facility - Eurosystem,"Euro area (changing composition), Eurosystem reporting sector - Marginal lending facility, Euro - Euro area (changing composition) counterpart",EUR,6
ILM.D.U2.C.A050500.U2.EUR,D,U2,C,A050500,U2,EUR,2021-12-22,0,A,F,,,P1D,,E,,,,,,,,,0,,Marginal lending facility - Eurosystem,"Euro area (changing composition), Eurosystem reporting sector - Marginal lending facility, Euro - Euro area (changing composition) counterpart",EUR,6
ILM.D.U2.C.A050500.U2.EUR,D,U2,C,A050500,U2,EUR,2021-12-23,0,A,F,,,P1D,,E,,,,,,,,,0,,Marginal lending facility - Eurosystem,"Euro area (changing composition), Eurosystem reporting sector - Marginal lending facility, Euro - Euro area (changing composition) counterpart",EUR,6
ILM.D.U2.C.A050500.U2.EUR,D,U2,C,A050500,U2,EUR,2021-12-24,0,A,F,,,P1D,,E,,,,,,,,,0,,Marginal lending facility - Eurosystem,"Euro area (changing composition), Eurosystem reporting sector - Marginal lending facility, Euro - Euro area (changing composition) counterpart",EUR,6
ILM.D.U2.C.A050500.U2.EUR,D,U2,C,A050500,U2,EUR,2021-12-27,0,A,F,,,P1D,,E,,,,,,,,,0,,Marginal lending facility - Eurosystem,"Euro area (changing composition), Eurosystem reporting sector - Marginal lending facility, Euro - Euro area (changing composition) counterpart",EUR,6
ILM.D.U2.C.A050500.U2.EUR,D,U2,C,A050500,U2,EUR,2021-12-28,0,A,F,,,P1D,,E,,,,,,,,,0,,Marginal lending facility - Eurosystem,"Euro area (changing composition), Eurosystem reporting sector - Marginal lending facility, Euro - Euro area (changing composition) counterpart",EUR,6
ILM.D.U2.C.A050500.U2.EUR,D,U2,C,A050500,U2,EUR,2021-12-29,0,A,F,,,P1D,,E,,,,,,,,,0,,Marginal lending facility - Eurosystem,"Euro area (changing composition), Eurosystem reporting sector - Marginal lending facility, Euro - Euro area (changing composition) counterpart",EUR,6
ILM.D.U2.C.A050500.U2.EUR,D,U2,C,A050500,U2,EUR,2021-12-30,39,A,F,,,P1D,,E,,,,,,,,,0,,Marginal lending facility - Eurosystem,"Euro area (changing composition), Eurosystem reporting sector - Marginal lending facility, Euro - Euro area (changing composition) counterpart",EUR,6
ILM.D.U2.C.A050500.U2.EUR,D,U2,C,A050500,U2,EUR,2021-12-31,0,A,F,,,P1D,,E,,,,,,,,,0,,Marginal lending facility - Eurosystem,"Euro area (changing composition), Eurosystem reporting sector - Marginal lending facility, Euro - Euro area (changing composition) counterpart",EUR,6
ILM.D.U2.C.A050500.U2.EUR,D,U2,C,A050500,U2,EUR,2022-01-03,70,A,F,,,P1D,,E,,,,,,,,,0,,Marginal lending facility - Eurosystem,"Euro area (changing composition), Eurosystem reporting sector - Marginal lending facility, Euro - Euro area (changing composition) counterpart",EUR,6
ILM.D.U2.C.A050500.U2.EUR,D,U2,C,A050500,U2,EUR,2022-01-04,0,A,F,,,P1D,,E,,,,,,,,,0,,Marginal lending facility - Eurosystem,"Euro area (changing composition), Eurosystem reporting sector - Marginal lending facility, Euro - Euro area (changing composition) counterpart",EUR,6
ILM.D.U2.C.A050500.U2.EUR,D,U2,C,A050500,U2,EUR,2022-01-05,0,A,F,,,P1D,,E,,,,,,,,,0,,Marginal lending facility - Eurosystem,"Euro area (changing composition), Eurosystem reporting sector - Marginal lending facility, Euro - Euro area (changing composition) counterpart",EUR,6
ILM.D.U2.C.A050500.U2.EUR,D,U2,C,A050500,U2,EUR,2022-01-06,0,A,F,,,P1D,,E,,,,,,,,,0,,Marginal lending facility - Eurosystem,"Euro area (changing composition), Eurosystem reporting sector - Marginal lending facility, Euro - Euro area (changing composition) counterpart",EUR,6
ILM.D.U2.C.A050500.U2.EUR,D,U2,C,A050500,U2,EUR,2022-01-07,0,A,F,,,P1D,,E,,,,,,,,,0,,Marginal lending facility - Eurosystem,"Euro area (changing composition), Eurosystem reporting sector - Marginal lending facility, Euro - Euro area (changing composition) counterpart",EUR,6
ILM.D.U2.C.A050500.U2.EUR,D,U2,C,A050500,U2,EUR,2022-01-10,0,A,F,,,P1D,,E,,,,,,,,,0,,Marginal lending facility - Eurosystem,"Euro area (changing composition), Eurosystem reporting sector - Marginal lending facility, Euro - Euro area (changing composition) counterpart",EUR,6
ILM.D.U2.C.A050500.U2.EUR,D,U2,C,A050500,U2,EUR,2022-01-11,0,A,F,,,P1D,,E,,,,,,,,,0,,Marginal lending facility - Eurosystem,"Euro area (changing composition), Eurosystem reporting sector - Marginal lending facility, Euro - Euro area (changing composition) counterpart",EUR,6
ILM.D.U2.C.A050500.U2.EUR,D,U2,C,A050500,U2,EUR,2022-01-12,0,A,F,,,P1D,,E,,,,,,,,,0,,Marginal lending facility - Eurosystem,"Euro area (changing composition), Eurosystem reporting sector - Marginal lending facility, Euro - Euro area (changing composition) counterpart",EUR,6
ILM.D.U2.C.A050500.U2.EUR,D,U2,C,A050500,U2,EUR,2022-01-13,0,A,F,,,P1D,,E,,,,,,,,,0,,Marginal lending facility - Eurosystem,"Euro area (changing composition), Eurosystem reporting sector - Marginal lending facility, Euro - Euro area (changing composition) counterpart",EUR,6
ILM.D.U2.C.A050500.U2.EUR,D,U2,C,A050500,U2,EUR,2022-01-14,0,A,F,,,P1D,,E,,,,,,,,,0,,Marginal lending facility - Eurosystem,"Euro area (changing composition), Eurosystem reporting sector - Marginal lending facility, Euro - Euro area (changing composition) counterpart",EUR,6
ILM.D.U2.C.A050500.U2.EUR,D,U2,C,A050500,U2,EUR,2022-01-17,0,A,F,,,P1D,,E,,,,,,,,,0,,Marginal lending facility - Eurosystem,"Euro area (changing composition), Eurosystem reporting sector - Marginal lending facility, Euro - Euro area (changing composition) counterpart",EUR,6
ILM.D.U2.C.A050500.U2.EUR,D,U2,C,A050500,U2,EUR,2022-01-18,0,A,F,,,P1D,,E,,,,,,,,,0,,Marginal lending facility - Eurosystem,"Euro area (changing composition), Eurosystem reporting sector - Marginal lending facility, Euro - Euro area (changing composition) counterpart",EUR,6
ILM.D.U2.C.A050500.U2.EUR,D,U2,C,A050500,U2,EUR,2022-01-19,0,A,F,,,P1D,,E,,,,,,,,,0,,Marginal lending facility - Eurosystem,"Euro area (changing composition), Eurosystem reporting sector - Marginal lending facility, Euro - Euro area (changing composition) counterpart",EUR,6
ILM.D.U2.C.A050500.U2.EUR,D,U2,C,A050500,U2,EUR,2022-01-20,0,A,F,,,P1D,,E,,,,,,,,,0,,Marginal lending facility - Eurosystem,"Euro area (changing composition), Eurosystem reporting sector - Marginal lending facility, Euro - Euro area (changing composition) counterpart",EUR,6
ILM.D.U2.C.A050500.U2.EUR,D,U2,C,A050500,U2,EUR,2022-01-21,0,A,F,,,P1D,,E,,,,,,,,,0,,Marginal lending facility - Eurosystem,"Euro area (changing composition), Eurosystem reporting sector - Marginal lending facility, Euro - Euro area (changing composition) counterpart",EUR,6
ILM.D.U2.C.A050500.U2.EUR,D,U2,C,A050500,U2,EUR,2022-01-24,0,A,F,,,P1D,,E,,,,,,,,,0,,Marginal lending facility - Eurosystem,"Euro area (changing composition), Eurosystem reporting sector - Marginal lending facility, Euro - Euro area (changing composition) counterpart",EUR,6
ILM.D.U2.C.A050500.U2.EUR,D,U2,C,A050500,U2,EUR,2022-01-25,0,A,F,,,P1D,,E,,,,,,,,,0,,Marginal lending facility - Eurosystem,"Euro area (changing composition), Eurosystem reporting sector - Marginal lending facility, Euro - Euro area (changing composition) counterpart",EUR,6
ILM.D.U2.C.A050500.U2.EUR,D,U2,C,A050500,U2,EUR,2022-01-26,0,A,F,,,P1D,,E,,,,,,,,,0,,Marginal lending facility - Eurosystem,"Euro area (changing composition), Eurosystem reporting sector - Marginal lending facility, Euro - Euro area (changing composition) counterpart",EUR,6
ILM.D.U2.C.A050500.U2.EUR,D,U2,C,A050500,U2,EUR,2022-01-27,9,A,F,,,P1D,,E,,,,,,,,,0,,Marginal lending facility - Eurosystem,"Euro area (changing composition), Eurosystem reporting sector - Marginal lending facility, Euro - Euro area (changing composition) counterpart",EUR,6
ILM.D.U2.C.A050500.U2.EUR,D,U2,C,A050500,U2,EUR,2022-01-28,0,A,F,,,P1D,,E,,,,,,,,,0,,Marginal lending facility - Eurosystem,"Euro area (changing composition), Eurosystem reporting sector - Marginal lending facility, Euro - Euro area (changing composition) counterpart",EUR,6
ILM.D.U2.C.A050500.U2.EUR,D,U2,C,A050500,U2,EUR,2022-01-31,1,A,F,,,P1D,,E,,,,,,,,,0,,Marginal lending facility - Eurosystem,"Euro area (changing composition), Eurosystem reporting sector - Marginal lending facility, Euro - Euro area (changing composition) counterpart",EUR,6
ILM.D.U2.C.A050500.U2.EUR,D,U2,C,A050500,U2,EUR,2022-02-01,0,A,F,,,P1D,,E,,,,,,,,,0,,Marginal lending facility - Eurosystem,"Euro area (changing composition), Eurosystem reporting sector - Marginal lending facility, Euro - Euro area (changing composition) counterpart",EUR,6
ILM.D.U2.C.A050500.U2.EUR,D,U2,C,A050500,U2,EUR,2022-02-02,0,A,F,,,P1D,,E,,,,,,,,,0,,Marginal lending facility - Eurosystem,"Euro area (changing composition), Eurosystem reporting sector - Marginal lending facility, Euro - Euro area (changing composition) counterpart",EUR,6
ILM.D.U2.C.A050500.U2.EUR,D,U2,C,A050500,U2,EUR,2022-02-03,0,A,F,,,P1D,,E,,,,,,,,,0,,Marginal lending facility - Eurosystem,"Euro area (changing composition), Eurosystem reporting sector - Marginal lending facility, Euro - Euro area (changing composition) counterpart",EUR,6
ILM.D.U2.C.A050500.U2.EUR,D,U2,C,A050500,U2,EUR,2022-02-04,0,A,F,,,P1D,,E,,,,,,,,,0,,Marginal lending facility - Eurosystem,"Euro area (changing composition), Eurosystem reporting sector - Marginal lending facility, Euro - Euro area (changing composition) counterpart",EUR,6
ILM.D.U2.C.A050500.U2.EUR,D,U2,C,A050500,U2,EUR,2022-02-07,0,A,F,,,P1D,,E,,,,,,,,,0,,Marginal lending facility - Eurosystem,"Euro area (changing composition), Eurosystem reporting sector - Marginal lending facility, Euro - Euro area (changing composition) counterpart",EUR,6
ILM.D.U2.C.A050500.U2.EUR,D,U2,C,A050500,U2,EUR,2022-02-08,6,A,F,,,P1D,,E,,,,,,,,,0,,Marginal lending facility - Eurosystem,"Euro area (changing composition), Eurosystem reporting sector - Marginal lending facility, Euro - Euro area (changing composition) counterpart",EUR,6
ILM.D.U2.C.A050500.U2.EUR,D,U2,C,A050500,U2,EUR,2022-02-09,118,A,F,,,P1D,,E,,,,,,,,,0,,Marginal lending facility - Eurosystem,"Euro area (changing composition), Eurosystem reporting sector - Marginal lending facility, Euro - Euro area (changing composition) counterpart",EUR,6
ILM.D.U2.C.A050500.U2.EUR,D,U2,C,A050500,U2,EUR,2022-02-10,102,A,F,,,P1D,,E,,,,,,,,,0,,Marginal lending facility - Eurosystem,"Euro area (changing composition), Eurosystem reporting sector - Marginal lending facility, Euro - Euro area (changing composition) counterpart",EUR,6
ILM.D.U2.C.A050500.U2.EUR,D,U2,C,A050500,U2,EUR,2022-02-11,66,A,F,,,P1D,,E,,,,,,,,,0,,Marginal lending facility - Eurosystem,"Euro area (changing composition), Eurosystem reporting sector - Marginal lending facility, Euro - Euro area (changing composition) counterpart",EUR,6
ILM.D.U2.C.A050500.U2.EUR,D,U2,C,A050500,U2,EUR,2022-02-14,157,A,F,,,P1D,,E,,,,,,,,,0,,Marginal lending facility - Eurosystem,"Euro area (changing composition), Eurosystem reporting sector - Marginal lending facility, Euro - Euro area (changing composition) counterpart",EUR,6
ILM.D.U2.C.A050500.U2.EUR,D,U2,C,A050500,U2,EUR,2022-02-15,14,A,F,,,P1D,,E,,,,,,,,,0,,Marginal lending facility - Eurosystem,"Euro area (changing composition), Eurosystem reporting sector - Marginal lending facility, Euro - Euro area (changing composition) counterpart",EUR,6
ILM.D.U2.C.A050500.U2.EUR,D,U2,C,A050500,U2,EUR,2022-02-16,0,A,F,,,P1D,,E,,,,,,,,,0,,Marginal lending facility - Eurosystem,"Euro area (changing composition), Eurosystem reporting sector - Marginal lending facility, Euro - Euro area (changing composition) counterpart",EUR,6
ILM.D.U2.C.A050500.U2.EUR,D,U2,C,A050500,U2,EUR,2022-02-17,9,A,F,,,P1D,,E,,,,,,,,,0,,Marginal lending facility - Eurosystem,"Euro area (changing composition), Eurosystem reporting sector - Marginal lending facility, Euro - Euro area (changing composition) counterpart",EUR,6
ILM.D.U2.C.A050500.U2.EUR,D,U2,C,A050500,U2,EUR,2022-02-18,0,A,F,,,P1D,,E,,,,,,,,,0,,Marginal lending facility - Eurosystem,"Euro area (changing composition), Eurosystem reporting sector - Marginal lending facility, Euro - Euro area (changing composition) counterpart",EUR,6
ILM.D.U2.C.A050500.U2.EUR,D,U2,C,A050500,U2,EUR,2022-02-21,1,A,F,,,P1D,,E,,,,,,,,,0,,Marginal lending facility - Eurosystem,"Euro area (changing composition), Eurosystem reporting sector - Marginal lending facility, Euro - Euro area (changing composition) counterpart",EUR,6
ILM.D.U2.C.A050500.U2.EUR,D,U2,C,A050500,U2,EUR,2022-02-22,1,A,F,,,P1D,,E,,,,,,,,,0,,Marginal lending facility - Eurosystem,"Euro area (changing composition), Eurosystem reporting sector - Marginal lending facility, Euro - Euro area (changing composition) counterpart",EUR,6
ILM.D.U2.C.A050500.U2.EUR,D,U2,C,A050500,U2,EUR,2022-02-23,151,A,F,,,P1D,,E,,,,,,,,,0,,Marginal lending facility - Eurosystem,"Euro area (changing composition), Eurosystem reporting sector - Marginal lending facility, Euro - Euro area (changing composition) counterpart",EUR,6
ILM.D.U2.C.A050500.U2.EUR,D,U2,C,A050500,U2,EUR,2022-02-24,122,A,F,,,P1D,,E,,,,,,,,,0,,Marginal lending facility - Eurosystem,"Euro area (changing composition), Eurosystem reporting sector - Marginal lending facility, Euro - Euro area (changing composition) counterpart",EUR,6
ILM.D.U2.C.A050500.U2.EUR,D,U2,C,A050500,U2,EUR,2022-02-25,0,A,F,,,P1D,,E,,,,,,,,,0,,Marginal lending facility - Eurosystem,"Euro area (changing composition), Eurosystem reporting sector - Marginal lending facility, Euro - Euro area (changing composition) counterpart",EUR,6
ILM.D.U2.C.A050500.U2.EUR,D,U2,C,A050500,U2,EUR,2022-02-28,0,A,F,,,P1D,,E,,,,,,,,,0,,Marginal lending facility - Eurosystem,"Euro area (changing composition), Eurosystem reporting sector - Marginal lending facility, Euro - Euro area (changing composition) counterpart",EUR,6
ILM.D.U2.C.A050500.U2.EUR,D,U2,C,A050500,U2,EUR,2022-03-01,0,A,F,,,P1D,,E,,,,,,,,,0,,Marginal lending facility - Eurosystem,"Euro area (changing composition), Eurosystem reporting sector - Marginal lending facility, Euro - Euro area (changing composition) counterpart",EUR,6
ILM.D.U2.C.A050500.U2.EUR,D,U2,C,A050500,U2,EUR,2022-03-02,75,A,F,,,P1D,,E,,,,,,,,,0,,Marginal lending facility - Eurosystem,"Euro area (changing composition), Eurosystem reporting sector - Marginal lending facility, Euro - Euro area (changing composition) counterpart",EUR,6
ILM.D.U2.C.A050500.U2.EUR,D,U2,C,A050500,U2,EUR,2022-03-03,60,A,F,,,P1D,,E,,,,,,,,,0,,Marginal lending facility - Eurosystem,"Euro area (changing composition), Eurosystem reporting sector - Marginal lending facility, Euro - Euro area (changing composition) counterpart",EUR,6
ILM.D.U2.C.A050500.U2.EUR,D,U2,C,A050500,U2,EUR,2022-03-04,0,A,F,,,P1D,,E,,,,,,,,,0,,Marginal lending facility - Eurosystem,"Euro area (changing composition), Eurosystem reporting sector - Marginal lending facility, Euro - Euro area (changing composition) counterpart",EUR,6
ILM.D.U2.C.A050500.U2.EUR,D,U2,C,A050500,U2,EUR,2022-03-07,0,A,F,,,P1D,,E,,,,,,,,,0,,Marginal lending facility - Eurosystem,"Euro area (changing composition), Eurosystem reporting sector - Marginal lending facility, Euro - Euro area (changing composition) counterpart",EUR,6
ILM.D.U2.C.A050500.U2.EUR,D,U2,C,A050500,U2,EUR,2022-03-08,0,A,F,,,P1D,,E,,,,,,,,,0,,Marginal lending facility - Eurosystem,"Euro area (changing composition), Eurosystem reporting sector - Marginal lending facility, Euro - Euro area (changing composition) counterpart",EUR,6
ILM.D.U2.C.A050500.U2.EUR,D,U2,C,A050500,U2,EUR,2022-03-09,0,A,F,,,P1D,,E,,,,,,,,,0,,Marginal lending facility - Eurosystem,"Euro area (changing composition), Eurosystem reporting sector - Marginal lending facility, Euro - Euro area (changing composition) counterpart",EUR,6
ILM.D.U2.C.A050500.U2.EUR,D,U2,C,A050500,U2,EUR,2022-03-10,0,A,F,,,P1D,,E,,,,,,,,,0,,Marginal lending facility - Eurosystem,"Euro area (changing composition), Eurosystem reporting sector - Marginal lending facility, Euro - Euro area (changing composition) counterpart",EUR,6
ILM.D.U2.C.A050500.U2.EUR,D,U2,C,A050500,U2,EUR,2022-03-11,0,A,F,,,P1D,,E,,,,,,,,,0,,Marginal lending facility - Eurosystem,"Euro area (changing composition), Eurosystem reporting sector - Marginal lending facility, Euro - Euro area (changing composition) counterpart",EUR,6
ILM.D.U2.C.A050500.U2.EUR,D,U2,C,A050500,U2,EUR,2022-03-14,12,A,F,,,P1D,,E,,,,,,,,,0,,Marginal lending facility - Eurosystem,"Euro area (changing composition), Eurosystem reporting sector - Marginal lending facility, Euro - Euro area (changing composition) counterpart",EUR,6
ILM.D.U2.C.A050500.U2.EUR,D,U2,C,A050500,U2,EUR,2022-03-15,10,A,F,,,P1D,,E,,,,,,,,,0,,Marginal lending facility - Eurosystem,"Euro area (changing composition), Eurosystem reporting sector - Marginal lending facility, Euro - Euro area (changing composition) counterpart",EUR,6
ILM.D.U2.C.A050500.U2.EUR,D,U2,C,A050500,U2,EUR,2022-03-16,6,A,F,,,P1D,,E,,,,,,,,,0,,Marginal lending facility - Eurosystem,"Euro area (changing composition), Eurosystem reporting sector - Marginal lending facility, Euro - Euro area (changing composition) counterpart",EUR,6
ILM.D.U2.C.A050500.U2.EUR,D,U2,C,A050500,U2,EUR,2022-03-17,1,A,F,,,P1D,,E,,,,,,,,,0,,Marginal lending facility - Eurosystem,"Euro area (changing composition), Eurosystem reporting sector - Marginal lending facility, Euro - Euro area (changing composition) counterpart",EUR,6
ILM.D.U2.C.A050500.U2.EUR,D,U2,C,A050500,U2,EUR,2022-03-18,0,A,F,,,P1D,,E,,,,,,,,,0,,Marginal lending facility - Eurosystem,"Euro area (changing composition), Eurosystem reporting sector - Marginal lending facility, Euro - Euro area (changing composition) counterpart",EUR,6
ILM.D.U2.C.A050500.U2.EUR,D,U2,C,A050500,U2,EUR,2022-03-21,0,A,F,,,P1D,,E,,,,,,,,,0,,Marginal lending facility - Eurosystem,"Euro area (changing composition), Eurosystem reporting sector - Marginal lending facility, Euro - Euro area (changing composition) counterpart",EUR,6
ILM.D.U2.C.A050500.U2.EUR,D,U2,C,A050500,U2,EUR,2022-03-22,0,A,F,,,P1D,,E,,,,,,,,,0,,Marginal lending facility - Eurosystem,"Euro area (changing composition), Eurosystem reporting sector - Marginal lending facility, Euro - Euro area (changing composition) counterpart",EUR,6
ILM.D.U2.C.A050500.U2.EUR,D,U2,C,A050500,U2,EUR,2022-03-23,0,A,F,,,P1D,,E,,,,,,,,,0,,Marginal lending facility - Eurosystem,"Euro area (changing composition), Eurosystem reporting sector - Marginal lending facility, Euro - Euro area (changing composition) counterpart",EUR,6
ILM.D.U2.C.A050500.U2.EUR,D,U2,C,A050500,U2,EUR,2022-03-24,0,A,F,,,P1D,,E,,,,,,,,,0,,Marginal lending facility - Eurosystem,"Euro area (changing composition), Eurosystem reporting sector - Marginal lending facility, Euro - Euro area (changing composition) counterpart",EUR,6
ILM.D.U2.C.A050500.U2.EUR,D,U2,C,A050500,U2,EUR,2022-03-25,0,A,F,,,P1D,,E,,,,,,,,,0,,Marginal lending facility - Eurosystem,"Euro area (changing composition), Eurosystem reporting sector - Marginal lending facility, Euro - Euro area (changing composition) counterpart",EUR,6
ILM.D.U2.C.A050500.U2.EUR,D,U2,C,A050500,U2,EUR,2022-03-28,0,A,F,,,P1D,,E,,,,,,,,,0,,Marginal lending facility - Eurosystem,"Euro area (changing composition), Eurosystem reporting sector - Marginal lending facility, Euro - Euro area (changing composition) counterpart",EUR,6
ILM.D.U2.C.A050500.U2.EUR,D,U2,C,A050500,U2,EUR,2022-03-29,0,A,F,,,P1D,,E,,,,,,,,,0,,Marginal lending facility - Eurosystem,"Euro area (changing composition), Eurosystem reporting sector - Marginal lending facility, Euro - Euro area (changing composition) counterpart",EUR,6
ILM.D.U2.C.A050500.U2.EUR,D,U2,C,A050500,U2,EUR,2022-03-30,1,A,F,,,P1D,,E,,,,,,,,,0,,Marginal lending facility - Eurosystem,"Euro area (changing composition), Eurosystem reporting sector - Marginal lending facility, Euro - Euro area (changing composition) counterpart",EUR,6
ILM.D.U2.C.A050500.U2.EUR,D,U2,C,A050500,U2,EUR,2022-03-31,50,A,F,,,P1D,,E,,,,,,,,,0,,Marginal lending facility - Eurosystem,"Euro area (changing composition), Eurosystem reporting sector - Marginal lending facility, Euro - Euro area (changing composition) counterpart",EUR,6
ILM.D.U2.C.A050500.U2.EUR,D,U2,C,A050500,U2,EUR,2022-04-01,253,A,F,,,P1D,,E,,,,,,,,,0,,Marginal lending facility - Eurosystem,"Euro area (changing composition), Eurosystem reporting sector - Marginal lending facility, Euro - Euro area (changing composition) counterpart",EUR,6
ILM.D.U2.C.A050500.U2.EUR,D,U2,C,A050500,U2,EUR,2022-04-04,216,A,F,,,P1D,,E,,,,,,,,,0,,Marginal lending facility - Eurosystem,"Euro area (changing composition), Eurosystem reporting sector - Marginal lending facility, Euro - Euro area (changing composition) counterpart",EUR,6
ILM.D.U2.C.A050500.U2.EUR,D,U2,C,A050500,U2,EUR,2022-04-05,15,A,F,,,P1D,,E,,,,,,,,,0,,Marginal lending facility - Eurosystem,"Euro area (changing composition), Eurosystem reporting sector - Marginal lending facility, Euro - Euro area (changing composition) counterpart",EUR,6
ILM.D.U2.C.A050500.U2.EUR,D,U2,C,A050500,U2,EUR,2022-04-06,18,A,F,,,P1D,,E,,,,,,,,,0,,Marginal lending facility - Eurosystem,"Euro area (changing composition), Eurosystem reporting sector - Marginal lending facility, Euro - Euro area (changing composition) counterpart",EUR,6
ILM.D.U2.C.A050500.U2.EUR,D,U2,C,A050500,U2,EUR,2022-04-07,17,A,F,,,P1D,,E,,,,,,,,,0,,Marginal lending facility - Eurosystem,"Euro area (changing composition), Eurosystem reporting sector - Marginal lending facility, Euro - Euro area (changing composition) counterpart",EUR,6
ILM.D.U2.C.A050500.U2.EUR,D,U2,C,A050500,U2,EUR,2022-04-08,10,A,F,,,P1D,,E,,,,,,,,,0,,Marginal lending facility - Eurosystem,"Euro area (changing composition), Eurosystem reporting sector - Marginal lending facility, Euro - Euro area (changing composition) counterpart",EUR,6
ILM.D.U2.C.A050500.U2.EUR,D,U2,C,A050500,U2,EUR,2022-04-11,0,A,F,,,P1D,,E,,,,,,,,,0,,Marginal lending facility - Eurosystem,"Euro area (changing composition), Eurosystem reporting sector - Marginal lending facility, Euro - Euro area (changing composition) counterpart",EUR,6
ILM.D.U2.C.A050500.U2.EUR,D,U2,C,A050500,U2,EUR,2022-04-12,61,A,F,,,P1D,,E,,,,,,,,,0,,Marginal lending facility - Eurosystem,"Euro area (changing composition), Eurosystem reporting sector - Marginal lending facility, Euro - Euro area (changing composition) counterpart",EUR,6
ILM.D.U2.C.A050500.U2.EUR,D,U2,C,A050500,U2,EUR,2022-04-13,10,A,F,,,P1D,,E,,,,,,,,,0,,Marginal lending facility - Eurosystem,"Euro area (changing composition), Eurosystem reporting sector - Marginal lending facility, Euro - Euro area (changing composition) counterpart",EUR,6
ILM.D.U2.C.A050500.U2.EUR,D,U2,C,A050500,U2,EUR,2022-04-14,1,A,F,,,P1D,,E,,,,,,,,,0,,Marginal lending facility - Eurosystem,"Euro area (changing composition), Eurosystem reporting sector - Marginal lending facility, Euro - Euro area (changing composition) counterpart",EUR,6
ILM.D.U2.C.A050500.U2.EUR,D,U2,C,A050500,U2,EUR,2022-04-15,1,A,F,,,P1D,,E,,,,,,,,,0,,Marginal lending facility - Eurosystem,"Euro area (changing composition), Eurosystem reporting sector - Marginal lending facility, Euro - Euro area (changing composition) counterpart",EUR,6
ILM.D.U2.C.A050500.U2.EUR,D,U2,C,A050500,U2,EUR,2022-04-18,1,A,F,,,P1D,,E,,,,,,,,,0,,Marginal lending facility - Eurosystem,"Euro area (changing composition), Eurosystem reporting sector - Marginal lending facility, Euro - Euro area (changing composition) counterpart",EUR,6
ILM.D.U2.C.A050500.U2.EUR,D,U2,C,A050500,U2,EUR,2022-04-19,5,A,F,,,P1D,,E,,,,,,,,,0,,Marginal lending facility - Eurosystem,"Euro area (changing composition), Eurosystem reporting sector - Marginal lending facility, Euro - Euro area (changing composition) counterpart",EUR,6
ILM.D.U2.C.A050500.U2.EUR,D,U2,C,A050500,U2,EUR,2022-04-20,5,A,F,,,P1D,,E,,,,,,,,,0,,Marginal lending facility - Eurosystem,"Euro area (changing composition), Eurosystem reporting sector - Marginal lending facility, Euro - Euro area (changing composition) counterpart",EUR,6
ILM.D.U2.C.A050500.U2.EUR,D,U2,C,A050500,U2,EUR,2022-04-21,45,A,F,,,P1D,,E,,,,,,,,,0,,Marginal lending facility - Eurosystem,"Euro area (changing composition), Eurosystem reporting sector - Marginal lending facility, Euro - Euro area (changing composition) counterpart",EUR,6
ILM.D.U2.C.A050500.U2.EUR,D,U2,C,A050500,U2,EUR,2022-04-22,45,A,F,,,P1D,,E,,,,,,,,,0,,Marginal lending facility - Eurosystem,"Euro area (changing composition), Eurosystem reporting sector - Marginal lending facility, Euro - Euro area (changing composition) counterpart",EUR,6
ILM.D.U2.C.A050500.U2.EUR,D,U2,C,A050500,U2,EUR,2022-04-25,46,A,F,,,P1D,,E,,,,,,,,,0,,Marginal lending facility - Eurosystem,"Euro area (changing composition), Eurosystem reporting sector - Marginal lending facility, Euro - Euro area (changing composition) counterpart",EUR,6
ILM.D.U2.C.A050500.U2.EUR,D,U2,C,A050500,U2,EUR,2022-04-26,6,A,F,,,P1D,,E,,,,,,,,,0,,Marginal lending facility - Eurosystem,"Euro area (changing composition), Eurosystem reporting sector - Marginal lending facility, Euro - Euro area (changing composition) counterpart",EUR,6
ILM.D.U2.C.A050500.U2.EUR,D,U2,C,A050500,U2,EUR,2022-04-27,9,A,F,,,P1D,,E,,,,,,,,,0,,Marginal lending facility - Eurosystem,"Euro area (changing composition), Eurosystem reporting sector - Marginal lending facility, Euro - Euro area (changing composition) counterpart",EUR,6
ILM.D.U2.C.A050500.U2.EUR,D,U2,C,A050500,U2,EUR,2022-04-28,62,A,F,,,P1D,,E,,,,,,,,,0,,Marginal lending facility - Eurosystem,"Euro area (changing composition), Eurosystem reporting sector - Marginal lending facility, Euro - Euro area (changing composition) counterpart",EUR,6
ILM.D.U2.C.A050500.U2.EUR,D,U2,C,A050500,U2,EUR,2022-04-29,0,A,F,,,P1D,,E,,,,,,,,,0,,Marginal lending facility - Eurosystem,"Euro area (changing composition), Eurosystem reporting sector - Marginal lending facility, Euro - Euro area (changing composition) counterpart",EUR,6
ILM.D.U2.C.A050500.U2.EUR,D,U2,C,A050500,U2,EUR,2022-05-02,0,A,F,,,P1D,,E,,,,,,,,,0,,Marginal lending facility - Eurosystem,"Euro area (changing composition), Eurosystem reporting sector - Marginal lending facility, Euro - Euro area (changing composition) counterpart",EUR,6
ILM.D.U2.C.A050500.U2.EUR,D,U2,C,A050500,U2,EUR,2022-05-03,0,A,F,,,P1D,,E,,,,,,,,,0,,Marginal lending facility - Eurosystem,"Euro area (changing composition), Eurosystem reporting sector - Marginal lending facility, Euro - Euro area (changing composition) counterpart",EUR,6
ILM.D.U2.C.A050500.U2.EUR,D,U2,C,A050500,U2,EUR,2022-05-04,0,A,F,,,P1D,,E,,,,,,,,,0,,Marginal lending facility - Eurosystem,"Euro area (changing composition), Eurosystem reporting sector - Marginal lending facility, Euro - Euro area (changing composition) counterpart",EUR,6
ILM.D.U2.C.A050500.U2.EUR,D,U2,C,A050500,U2,EUR,2022-05-05,0,A,F,,,P1D,,E,,,,,,,,,0,,Marginal lending facility - Eurosystem,"Euro area (changing composition), Eurosystem reporting sector - Marginal lending facility, Euro - Euro area (changing composition) counterpart",EUR,6
ILM.D.U2.C.A050500.U2.EUR,D,U2,C,A050500,U2,EUR,2022-05-06,2,A,F,,,P1D,,E,,,,,,,,,0,,Marginal lending facility - Eurosystem,"Euro area (changing composition), Eurosystem reporting sector - Marginal lending facility, Euro - Euro area (changing composition) counterpart",EUR,6
ILM.D.U2.C.A050500.U2.EUR,D,U2,C,A050500,U2,EUR,2022-05-09,0,A,F,,,P1D,,E,,,,,,,,,0,,Marginal lending facility - Eurosystem,"Euro area (changing composition), Eurosystem reporting sector - Marginal lending facility, Euro - Euro area (changing composition) counterpart",EUR,6
ILM.D.U2.C.A050500.U2.EUR,D,U2,C,A050500,U2,EUR,2022-05-10,0,A,F,,,P1D,,E,,,,,,,,,0,,Marginal lending facility - Eurosystem,"Euro area (changing composition), Eurosystem reporting sector - Marginal lending facility, Euro - Euro area (changing composition) counterpart",EUR,6
ILM.D.U2.C.A050500.U2.EUR,D,U2,C,A050500,U2,EUR,2022-05-11,0,A,F,,,P1D,,E,,,,,,,,,0,,Marginal lending facility - Eurosystem,"Euro area (changing composition), Eurosystem reporting sector - Marginal lending facility, Euro - Euro area (changing composition) counterpart",EUR,6
ILM.D.U2.C.A050500.U2.EUR,D,U2,C,A050500,U2,EUR,2022-05-12,0,A,F,,,P1D,,E,,,,,,,,,0,,Marginal lending facility - Eurosystem,"Euro area (changing composition), Eurosystem reporting sector - Marginal lending facility, Euro - Euro area (changing composition) counterpart",EUR,6
ILM.D.U2.C.A050500.U2.EUR,D,U2,C,A050500,U2,EUR,2022-05-13,0,A,F,,,P1D,,E,,,,,,,,,0,,Marginal lending facility - Eurosystem,"Euro area (changing composition), Eurosystem reporting sector - Marginal lending facility, Euro - Euro area (changing composition) counterpart",EUR,6
ILM.D.U2.C.A050500.U2.EUR,D,U2,C,A050500,U2,EUR,2022-05-16,5,A,F,,,P1D,,E,,,,,,,,,0,,Marginal lending facility - Eurosystem,"Euro area (changing composition), Eurosystem reporting sector - Marginal lending facility, Euro - Euro area (changing composition) counterpart",EUR,6
ILM.D.U2.C.A050500.U2.EUR,D,U2,C,A050500,U2,EUR,2022-05-17,5,A,F,,,P1D,,E,,,,,,,,,0,,Marginal lending facility - Eurosystem,"Euro area (changing composition), Eurosystem reporting sector - Marginal lending facility, Euro - Euro area (changing composition) counterpart",EUR,6
ILM.D.U2.C.A050500.U2.EUR,D,U2,C,A050500,U2,EUR,2022-05-18,0,A,F,,,P1D,,E,,,,,,,,,0,,Marginal lending facility - Eurosystem,"Euro area (changing composition), Eurosystem reporting sector - Marginal lending facility, Euro - Euro area (changing composition) counterpart",EUR,6
ILM.D.U2.C.A050500.U2.EUR,D,U2,C,A050500,U2,EUR,2022-05-19,1,A,F,,,P1D,,E,,,,,,,,,0,,Marginal lending facility - Eurosystem,"Euro area (changing composition), Eurosystem reporting sector - Marginal lending facility, Euro - Euro area (changing composition) counterpart",EUR,6
ILM.D.U2.C.A050500.U2.EUR,D,U2,C,A050500,U2,EUR,2022-05-20,0,A,F,,,P1D,,E,,,,,,,,,0,,Marginal lending facility - Eurosystem,"Euro area (changing composition), Eurosystem reporting sector - Marginal lending facility, Euro - Euro area (changing composition) counterpart",EUR,6
ILM.D.U2.C.A050500.U2.EUR,D,U2,C,A050500,U2,EUR,2022-05-23,0,A,F,,,P1D,,E,,,,,,,,,0,,Marginal lending facility - Eurosystem,"Euro area (changing composition), Eurosystem reporting sector - Marginal lending facility, Euro - Euro area (changing composition) counterpart",EUR,6
ILM.D.U2.C.A050500.U2.EUR,D,U2,C,A050500,U2,EUR,2022-05-24,0,A,F,,,P1D,,E,,,,,,,,,0,,Marginal lending facility - Eurosystem,"Euro area (changing composition), Eurosystem reporting sector - Marginal lending facility, Euro - Euro area (changing composition) counterpart",EUR,6
ILM.D.U2.C.A050500.U2.EUR,D,U2,C,A050500,U2,EUR,2022-05-25,8,A,F,,,P1D,,E,,,,,,,,,0,,Marginal lending facility - Eurosystem,"Euro area (changing composition), Eurosystem reporting sector - Marginal lending facility, Euro - Euro area (changing composition) counterpart",EUR,6
ILM.D.U2.C.A050500.U2.EUR,D,U2,C,A050500,U2,EUR,2022-05-26,0,A,F,,,P1D,,E,,,,,,,,,0,,Marginal lending facility - Eurosystem,"Euro area (changing composition), Eurosystem reporting sector - Marginal lending facility, Euro - Euro area (changing composition) counterpart",EUR,6
ILM.D.U2.C.A050500.U2.EUR,D,U2,C,A050500,U2,EUR,2022-05-27,0,A,F,,,P1D,,E,,,,,,,,,0,,Marginal lending facility - Eurosystem,"Euro area (changing composition), Eurosystem reporting sector - Marginal lending facility, Euro - Euro area (changing composition) counterpart",EUR,6
ILM.D.U2.C.A050500.U2.EUR,D,U2,C,A050500,U2,EUR,2022-05-30,0,A,F,,,P1D,,E,,,,,,,,,0,,Marginal lending facility - Eurosystem,"Euro area (changing composition), Eurosystem reporting sector - Marginal lending facility, Euro - Euro area (changing composition) counterpart",EUR,6
ILM.D.U2.C.A050500.U2.EUR,D,U2,C,A050500,U2,EUR,2022-05-31,40,A,F,,,P1D,,E,,,,,,,,,0,,Marginal lending facility - Eurosystem,"Euro area (changing composition), Eurosystem reporting sector - Marginal lending facility, Euro - Euro area (changing composition) counterpart",EUR,6
ILM.D.U2.C.A050500.U2.EUR,D,U2,C,A050500,U2,EUR,2022-06-01,0,A,F,,,P1D,,E,,,,,,,,,0,,Marginal lending facility - Eurosystem,"Euro area (changing composition), Eurosystem reporting sector - Marginal lending facility, Euro - Euro area (changing composition) counterpart",EUR,6
ILM.D.U2.C.A050500.U2.EUR,D,U2,C,A050500,U2,EUR,2022-06-02,0,A,F,,,P1D,,E,,,,,,,,,0,,Marginal lending facility - Eurosystem,"Euro area (changing composition), Eurosystem reporting sector - Marginal lending facility, Euro - Euro area (changing composition) counterpart",EUR,6
ILM.D.U2.C.A050500.U2.EUR,D,U2,C,A050500,U2,EUR,2022-06-03,0,A,F,,,P1D,,E,,,,,,,,,0,,Marginal lending facility - Eurosystem,"Euro area (changing composition), Eurosystem reporting sector - Marginal lending facility, Euro - Euro area (changing composition) counterpart",EUR,6
ILM.D.U2.C.A050500.U2.EUR,D,U2,C,A050500,U2,EUR,2022-06-06,7,A,F,,,P1D,,E,,,,,,,,,0,,Marginal lending facility - Eurosystem,"Euro area (changing composition), Eurosystem reporting sector - Marginal lending facility, Euro - Euro area (changing composition) counterpart",EUR,6
ILM.D.U2.C.A050500.U2.EUR,D,U2,C,A050500,U2,EUR,2022-06-07,0,A,F,,,P1D,,E,,,,,,,,,0,,Marginal lending facility - Eurosystem,"Euro area (changing composition), Eurosystem reporting sector - Marginal lending facility, Euro - Euro area (changing composition) counterpart",EUR,6
ILM.D.U2.C.A050500.U2.EUR,D,U2,C,A050500,U2,EUR,2022-06-08,0,A,F,,,P1D,,E,,,,,,,,,0,,Marginal lending facility - Eurosystem,"Euro area (changing composition), Eurosystem reporting sector - Marginal lending facility, Euro - Euro area (changing composition) counterpart",EUR,6
ILM.D.U2.C.A050500.U2.EUR,D,U2,C,A050500,U2,EUR,2022-06-09,1,A,F,,,P1D,,E,,,,,,,,,0,,Marginal lending facility - Eurosystem,"Euro area (changing composition), Eurosystem reporting sector - Marginal lending facility, Euro - Euro area (changing composition) counterpart",EUR,6
ILM.D.U2.C.A050500.U2.EUR,D,U2,C,A050500,U2,EUR,2022-06-10,0,A,F,,,P1D,,E,,,,,,,,,0,,Marginal lending facility - Eurosystem,"Euro area (changing composition), Eurosystem reporting sector - Marginal lending facility, Euro - Euro area (changing composition) counterpart",EUR,6
ILM.D.U2.C.A050500.U2.EUR,D,U2,C,A050500,U2,EUR,2022-06-13,0,A,F,,,P1D,,E,,,,,,,,,0,,Marginal lending facility - Eurosystem,"Euro area (changing composition), Eurosystem reporting sector - Marginal lending facility, Euro - Euro area (changing composition) counterpart",EUR,6
ILM.D.U2.C.A050500.U2.EUR,D,U2,C,A050500,U2,EUR,2022-06-14,0,A,F,,,P1D,,E,,,,,,,,,0,,Marginal lending facility - Eurosystem,"Euro area (changing composition), Eurosystem reporting sector - Marginal lending facility, Euro - Euro area (changing composition) counterpart",EUR,6
ILM.D.U2.C.A050500.U2.EUR,D,U2,C,A050500,U2,EUR,2022-06-15,0,A,F,,,P1D,,E,,,,,,,,,0,,Marginal lending facility - Eurosystem,"Euro area (changing composition), Eurosystem reporting sector - Marginal lending facility, Euro - Euro area (changing composition) counterpart",EUR,6
ILM.D.U2.C.A050500.U2.EUR,D,U2,C,A050500,U2,EUR,2022-06-16,0,A,F,,,P1D,,E,,,,,,,,,0,,Marginal lending facility - Eurosystem,"Euro area (changing composition), Eurosystem reporting sector - Marginal lending facility, Euro - Euro area (changing composition) counterpart",EUR,6
ILM.D.U2.C.A050500.U2.EUR,D,U2,C,A050500,U2,EUR,2022-06-17,0,A,F,,,P1D,,E,,,,,,,,,0,,Marginal lending facility - Eurosystem,"Euro area (changing composition), Eurosystem reporting sector - Marginal lending facility, Euro - Euro area (changing composition) counterpart",EUR,6
ILM.D.U2.C.A050500.U2.EUR,D,U2,C,A050500,U2,EUR,2022-06-20,0,A,F,,,P1D,,E,,,,,,,,,0,,Marginal lending facility - Eurosystem,"Euro area (changing composition), Eurosystem reporting sector - Marginal lending facility, Euro - Euro area (changing composition) counterpart",EUR,6
ILM.D.U2.C.A050500.U2.EUR,D,U2,C,A050500,U2,EUR,2022-06-21,5,A,F,,,P1D,,E,,,,,,,,,0,,Marginal lending facility - Eurosystem,"Euro area (changing composition), Eurosystem reporting sector - Marginal lending facility, Euro - Euro area (changing composition) counterpart",EUR,6
ILM.D.U2.C.A050500.U2.EUR,D,U2,C,A050500,U2,EUR,2022-06-22,0,A,F,,,P1D,,E,,,,,,,,,0,,Marginal lending facility - Eurosystem,"Euro area (changing composition), Eurosystem reporting sector - Marginal lending facility, Euro - Euro area (changing composition) counterpart",EUR,6
ILM.D.U2.C.A050500.U2.EUR,D,U2,C,A050500,U2,EUR,2022-06-23,0,A,F,,,P1D,,E,,,,,,,,,0,,Marginal lending facility - Eurosystem,"Euro area (changing composition), Eurosystem reporting sector - Marginal lending facility, Euro - Euro area (changing composition) counterpart",EUR,6
ILM.D.U2.C.A050500.U2.EUR,D,U2,C,A050500,U2,EUR,2022-06-24,0,A,F,,,P1D,,E,,,,,,,,,0,,Marginal lending facility - Eurosystem,"Euro area (changing composition), Eurosystem reporting sector - Marginal lending facility, Euro - Euro area (changing composition) counterpart",EUR,6
ILM.D.U2.C.A050500.U2.EUR,D,U2,C,A050500,U2,EUR,2022-06-27,0,A,F,,,P1D,,E,,,,,,,,,0,,Marginal lending facility - Eurosystem,"Euro area (changing composition), Eurosystem reporting sector - Marginal lending facility, Euro - Euro area (changing composition) counterpart",EUR,6
ILM.D.U2.C.A050500.U2.EUR,D,U2,C,A050500,U2,EUR,2022-06-28,10,A,F,,,P1D,,E,,,,,,,,,0,,Marginal lending facility - Eurosystem,"Euro area (changing composition), Eurosystem reporting sector - Marginal lending facility, Euro - Euro area (changing composition) counterpart",EUR,6
ILM.D.U2.C.A050500.U2.EUR,D,U2,C,A050500,U2,EUR,2022-06-29,41,A,F,,,P1D,,E,,,,,,,,,0,,Marginal lending facility - Eurosystem,"Euro area (changing composition), Eurosystem reporting sector - Marginal lending facility, Euro - Euro area (changing composition) counterpart",EUR,6
ILM.D.U2.C.A050500.U2.EUR,D,U2,C,A050500,U2,EUR,2022-06-30,0,A,F,,,P1D,,E,,,,,,,,,0,,Marginal lending facility - Eurosystem,"Euro area (changing composition), Eurosystem reporting sector - Marginal lending facility, Euro - Euro area (changing composition) counterpart",EUR,6
ILM.D.U2.C.A050500.U2.EUR,D,U2,C,A050500,U2,EUR,2022-07-01,0,A,F,,,P1D,,E,,,,,,,,,0,,Marginal lending facility - Eurosystem,"Euro area (changing composition), Eurosystem reporting sector - Marginal lending facility, Euro - Euro area (changing composition) counterpart",EUR,6
ILM.D.U2.C.A050500.U2.EUR,D,U2,C,A050500,U2,EUR,2022-07-04,0,A,F,,,P1D,,E,,,,,,,,,0,,Marginal lending facility - Eurosystem,"Euro area (changing composition), Eurosystem reporting sector - Marginal lending facility, Euro - Euro area (changing composition) counterpart",EUR,6
ILM.D.U2.C.A050500.U2.EUR,D,U2,C,A050500,U2,EUR,2022-07-05,1,A,F,,,P1D,,E,,,,,,,,,0,,Marginal lending facility - Eurosystem,"Euro area (changing composition), Eurosystem reporting sector - Marginal lending facility, Euro - Euro area (changing composition) counterpart",EUR,6
ILM.D.U2.C.A050500.U2.EUR,D,U2,C,A050500,U2,EUR,2022-07-06,0,A,F,,,P1D,,E,,,,,,,,,0,,Marginal lending facility - Eurosystem,"Euro area (changing composition), Eurosystem reporting sector - Marginal lending facility, Euro - Euro area (changing composition) counterpart",EUR,6
ILM.D.U2.C.A050500.U2.EUR,D,U2,C,A050500,U2,EUR,2022-07-07,0,A,F,,,P1D,,E,,,,,,,,,0,,Marginal lending facility - Eurosystem,"Euro area (changing composition), Eurosystem reporting sector - Marginal lending facility, Euro - Euro area (changing composition) counterpart",EUR,6
ILM.D.U2.C.A050500.U2.EUR,D,U2,C,A050500,U2,EUR,2022-07-08,4,A,F,,,P1D,,E,,,,,,,,,0,,Marginal lending facility - Eurosystem,"Euro area (changing composition), Eurosystem reporting sector - Marginal lending facility, Euro - Euro area (changing composition) counterpart",EUR,6
ILM.D.U2.C.A050500.U2.EUR,D,U2,C,A050500,U2,EUR,2022-07-11,0,A,F,,,P1D,,E,,,,,,,,,0,,Marginal lending facility - Eurosystem,"Euro area (changing composition), Eurosystem reporting sector - Marginal lending facility, Euro - Euro area (changing composition) counterpart",EUR,6
ILM.D.U2.C.A050500.U2.EUR,D,U2,C,A050500,U2,EUR,2022-07-12,0,A,F,,,P1D,,E,,,,,,,,,0,,Marginal lending facility - Eurosystem,"Euro area (changing composition), Eurosystem reporting sector - Marginal lending facility, Euro - Euro area (changing composition) counterpart",EUR,6
ILM.D.U2.C.A050500.U2.EUR,D,U2,C,A050500,U2,EUR,2022-07-13,0,A,F,,,P1D,,E,,,,,,,,,0,,Marginal lending facility - Eurosystem,"Euro area (changing composition), Eurosystem reporting sector - Marginal lending facility, Euro - Euro area (changing composition) counterpart",EUR,6
ILM.D.U2.C.A050500.U2.EUR,D,U2,C,A050500,U2,EUR,2022-07-14,0,A,F,,,P1D,,E,,,,,,,,,0,,Marginal lending facility - Eurosystem,"Euro area (changing composition), Eurosystem reporting sector - Marginal lending facility, Euro - Euro area (changing composition) counterpart",EUR,6
ILM.D.U2.C.A050500.U2.EUR,D,U2,C,A050500,U2,EUR,2022-07-15,0,A,F,,,P1D,,E,,,,,,,,,0,,Marginal lending facility - Eurosystem,"Euro area (changing composition), Eurosystem reporting sector - Marginal lending facility, Euro - Euro area (changing composition) counterpart",EUR,6
ILM.D.U2.C.A050500.U2.EUR,D,U2,C,A050500,U2,EUR,2022-07-18,4,A,F,,,P1D,,E,,,,,,,,,0,,Marginal lending facility - Eurosystem,"Euro area (changing composition), Eurosystem reporting sector - Marginal lending facility, Euro - Euro area (changing composition) counterpart",EUR,6
ILM.D.U2.C.A050500.U2.EUR,D,U2,C,A050500,U2,EUR,2022-07-19,0,A,F,,,P1D,,E,,,,,,,,,0,,Marginal lending facility - Eurosystem,"Euro area (changing composition), Eurosystem reporting sector - Marginal lending facility, Euro - Euro area (changing composition) counterpart",EUR,6
ILM.D.U2.C.A050500.U2.EUR,D,U2,C,A050500,U2,EUR,2022-07-20,0,A,F,,,P1D,,E,,,,,,,,,0,,Marginal lending facility - Eurosystem,"Euro area (changing composition), Eurosystem reporting sector - Marginal lending facility, Euro - Euro area (changing composition) counterpart",EUR,6
ILM.D.U2.C.A050500.U2.EUR,D,U2,C,A050500,U2,EUR,2022-07-21,0,A,F,,,P1D,,E,,,,,,,,,0,,Marginal lending facility - Eurosystem,"Euro area (changing composition), Eurosystem reporting sector - Marginal lending facility, Euro - Euro area (changing composition) counterpart",EUR,6
ILM.D.U2.C.A050500.U2.EUR,D,U2,C,A050500,U2,EUR,2022-07-22,1,A,F,,,P1D,,E,,,,,,,,,0,,Marginal lending facility - Eurosystem,"Euro area (changing composition), Eurosystem reporting sector - Marginal lending facility, Euro - Euro area (changing composition) counterpart",EUR,6
ILM.D.U2.C.A050500.U2.EUR,D,U2,C,A050500,U2,EUR,2022-07-25,0,A,F,,,P1D,,E,,,,,,,,,0,,Marginal lending facility - Eurosystem,"Euro area (changing composition), Eurosystem reporting sector - Marginal lending facility, Euro - Euro area (changing composition) counterpart",EUR,6
ILM.D.U2.C.A050500.U2.EUR,D,U2,C,A050500,U2,EUR,2022-07-26,1,A,F,,,P1D,,E,,,,,,,,,0,,Marginal lending facility - Eurosystem,"Euro area (changing composition), Eurosystem reporting sector - Marginal lending facility, Euro - Euro area (changing composition) counterpart",EUR,6
ILM.D.U2.C.A050500.U2.EUR,D,U2,C,A050500,U2,EUR,2022-07-27,5,A,F,,,P1D,,E,,,,,,,,,0,,Marginal lending facility - Eurosystem,"Euro area (changing composition), Eurosystem reporting sector - Marginal lending facility, Euro - Euro area (changing composition) counterpart",EUR,6
ILM.D.U2.C.A050500.U2.EUR,D,U2,C,A050500,U2,EUR,2022-07-28,3,A,F,,,P1D,,E,,,,,,,,,0,,Marginal lending facility - Eurosystem,"Euro area (changing composition), Eurosystem reporting sector - Marginal lending facility, Euro - Euro area (changing composition) counterpart",EUR,6
ILM.D.U2.C.A050500.U2.EUR,D,U2,C,A050500,U2,EUR,2022-07-29,0,A,F,,,P1D,,E,,,,,,,,,0,,Marginal lending facility - Eurosystem,"Euro area (changing composition), Eurosystem reporting sector - Marginal lending facility, Euro - Euro area (changing composition) counterpart",EUR,6
ILM.D.U2.C.A050500.U2.EUR,D,U2,C,A050500,U2,EUR,2022-08-01,4,A,F,,,P1D,,E,,,,,,,,,0,,Marginal lending facility - Eurosystem,"Euro area (changing composition), Eurosystem reporting sector - Marginal lending facility, Euro - Euro area (changing composition) counterpart",EUR,6
ILM.D.U2.C.A050500.U2.EUR,D,U2,C,A050500,U2,EUR,2022-08-02,8,A,F,,,P1D,,E,,,,,,,,,0,,Marginal lending facility - Eurosystem,"Euro area (changing composition), Eurosystem reporting sector - Marginal lending facility, Euro - Euro area (changing composition) counterpart",EUR,6
ILM.D.U2.C.A050500.U2.EUR,D,U2,C,A050500,U2,EUR,2022-08-03,19,A,F,,,P1D,,E,,,,,,,,,0,,Marginal lending facility - Eurosystem,"Euro area (changing composition), Eurosystem reporting sector - Marginal lending facility, Euro - Euro area (changing composition) counterpart",EUR,6
ILM.D.U2.C.A050500.U2.EUR,D,U2,C,A050500,U2,EUR,2022-08-04,0,A,F,,,P1D,,E,,,,,,,,,0,,Marginal lending facility - Eurosystem,"Euro area (changing composition), Eurosystem reporting sector - Marginal lending facility, Euro - Euro area (changing composition) counterpart",EUR,6
ILM.D.U2.C.A050500.U2.EUR,D,U2,C,A050500,U2,EUR,2022-08-05,0,A,F,,,P1D,,E,,,,,,,,,0,,Marginal lending facility - Eurosystem,"Euro area (changing composition), Eurosystem reporting sector - Marginal lending facility, Euro - Euro area (changing composition) counterpart",EUR,6
ILM.D.U2.C.A050500.U2.EUR,D,U2,C,A050500,U2,EUR,2022-08-08,0,A,F,,,P1D,,E,,,,,,,,,0,,Marginal lending facility - Eurosystem,"Euro area (changing composition), Eurosystem reporting sector - Marginal lending facility, Euro - Euro area (changing composition) counterpart",EUR,6
ILM.D.U2.C.A050500.U2.EUR,D,U2,C,A050500,U2,EUR,2022-08-09,0,A,F,,,P1D,,E,,,,,,,,,0,,Marginal lending facility - Eurosystem,"Euro area (changing composition), Eurosystem reporting sector - Marginal lending facility, Euro - Euro area (changing composition) counterpart",EUR,6
ILM.D.U2.C.A050500.U2.EUR,D,U2,C,A050500,U2,EUR,2022-08-10,0,A,F,,,P1D,,E,,,,,,,,,0,,Marginal lending facility - Eurosystem,"Euro area (changing composition), Eurosystem reporting sector - Marginal lending facility, Euro - Euro area (changing composition) counterpart",EUR,6
ILM.D.U2.C.A050500.U2.EUR,D,U2,C,A050500,U2,EUR,2022-08-11,1,A,F,,,P1D,,E,,,,,,,,,0,,Marginal lending facility - Eurosystem,"Euro area (changing composition), Eurosystem reporting sector - Marginal lending facility, Euro - Euro area (changing composition) counterpart",EUR,6
ILM.D.U2.C.A050500.U2.EUR,D,U2,C,A050500,U2,EUR,2022-08-12,1,A,F,,,P1D,,E,,,,,,,,,0,,Marginal lending facility - Eurosystem,"Euro area (changing composition), Eurosystem reporting sector - Marginal lending facility, Euro - Euro area (changing composition) counterpart",EUR,6
ILM.D.U2.C.A050500.U2.EUR,D,U2,C,A050500,U2,EUR,2022-08-15,0,A,F,,,P1D,,E,,,,,,,,,0,,Marginal lending facility - Eurosystem,"Euro area (changing composition), Eurosystem reporting sector - Marginal lending facility, Euro - Euro area (changing composition) counterpart",EUR,6
ILM.D.U2.C.A050500.U2.EUR,D,U2,C,A050500,U2,EUR,2022-08-16,57,A,F,,,P1D,,E,,,,,,,,,0,,Marginal lending facility - Eurosystem,"Euro area (changing composition), Eurosystem reporting sector - Marginal lending facility, Euro - Euro area (changing composition) counterpart",EUR,6
ILM.D.U2.C.A050500.U2.EUR,D,U2,C,A050500,U2,EUR,2022-08-17,0,A,F,,,P1D,,E,,,,,,,,,0,,Marginal lending facility - Eurosystem,"Euro area (changing composition), Eurosystem reporting sector - Marginal lending facility, Euro - Euro area (changing composition) counterpart",EUR,6
ILM.D.U2.C.A050500.U2.EUR,D,U2,C,A050500,U2,EUR,2022-08-18,0,A,F,,,P1D,,E,,,,,,,,,0,,Marginal lending facility - Eurosystem,"Euro area (changing composition), Eurosystem reporting sector - Marginal lending facility, Euro - Euro area (changing composition) counterpart",EUR,6
ILM.D.U2.C.A050500.U2.EUR,D,U2,C,A050500,U2,EUR,2022-08-19,0,A,F,,,P1D,,E,,,,,,,,,0,,Marginal lending facility - Eurosystem,"Euro area (changing composition), Eurosystem reporting sector - Marginal lending facility, Euro - Euro area (changing composition) counterpart",EUR,6
ILM.D.U2.C.A050500.U2.EUR,D,U2,C,A050500,U2,EUR,2022-08-22,0,A,F,,,P1D,,E,,,,,,,,,0,,Marginal lending facility - Eurosystem,"Euro area (changing composition), Eurosystem reporting sector - Marginal lending facility, Euro - Euro area (changing composition) counterpart",EUR,6
ILM.D.U2.C.A050500.U2.EUR,D,U2,C,A050500,U2,EUR,2022-08-23,0,A,F,,,P1D,,E,,,,,,,,,0,,Marginal lending facility - Eurosystem,"Euro area (changing composition), Eurosystem reporting sector - Marginal lending facility, Euro - Euro area (changing composition) counterpart",EUR,6
ILM.D.U2.C.A050500.U2.EUR,D,U2,C,A050500,U2,EUR,2022-08-24,0,A,F,,,P1D,,E,,,,,,,,,0,,Marginal lending facility - Eurosystem,"Euro area (changing composition), Eurosystem reporting sector - Marginal lending facility, Euro - Euro area (changing composition) counterpart",EUR,6
ILM.D.U2.C.A050500.U2.EUR,D,U2,C,A050500,U2,EUR,2022-08-25,0,A,F,,,P1D,,E,,,,,,,,,0,,Marginal lending facility - Eurosystem,"Euro area (changing composition), Eurosystem reporting sector - Marginal lending facility, Euro - Euro area (changing composition) counterpart",EUR,6
ILM.D.U2.C.A050500.U2.EUR,D,U2,C,A050500,U2,EUR,2022-08-26,1,A,F,,,P1D,,E,,,,,,,,,0,,Marginal lending facility - Eurosystem,"Euro area (changing composition), Eurosystem reporting sector - Marginal lending facility, Euro - Euro area (changing composition) counterpart",EUR,6
ILM.D.U2.C.A050500.U2.EUR,D,U2,C,A050500,U2,EUR,2022-08-29,0,A,F,,,P1D,,E,,,,,,,,,0,,Marginal lending facility - Eurosystem,"Euro area (changing composition), Eurosystem reporting sector - Marginal lending facility, Euro - Euro area (changing composition) counterpart",EUR,6
ILM.D.U2.C.A050500.U2.EUR,D,U2,C,A050500,U2,EUR,2022-08-30,0,A,F,,,P1D,,E,,,,,,,,,0,,Marginal lending facility - Eurosystem,"Euro area (changing composition), Eurosystem reporting sector - Marginal lending facility, Euro - Euro area (changing composition) counterpart",EUR,6
ILM.D.U2.C.A050500.U2.EUR,D,U2,C,A050500,U2,EUR,2022-08-31,1,A,F,,,P1D,,E,,,,,,,,,0,,Marginal lending facility - Eurosystem,"Euro area (changing composition), Eurosystem reporting sector - Marginal lending facility, Euro - Euro area (changing composition) counterpart",EUR,6
ILM.D.U2.C.A050500.U2.EUR,D,U2,C,A050500,U2,EUR,2022-09-01,1,A,F,,,P1D,,E,,,,,,,,,0,,Marginal lending facility - Eurosystem,"Euro area (changing composition), Eurosystem reporting sector - Marginal lending facility, Euro - Euro area (changing composition) counterpart",EUR,6
ILM.D.U2.C.A050500.U2.EUR,D,U2,C,A050500,U2,EUR,2022-09-02,1,A,F,,,P1D,,E,,,,,,,,,0,,Marginal lending facility - Eurosystem,"Euro area (changing composition), Eurosystem reporting sector - Marginal lending facility, Euro - Euro area (changing composition) counterpart",EUR,6
ILM.D.U2.C.A050500.U2.EUR,D,U2,C,A050500,U2,EUR,2022-09-05,1,A,F,,,P1D,,E,,,,,,,,,0,,Marginal lending facility - Eurosystem,"Euro area (changing composition), Eurosystem reporting sector - Marginal lending facility, Euro - Euro area (changing composition) counterpart",EUR,6
ILM.D.U2.C.A050500.U2.EUR,D,U2,C,A050500,U2,EUR,2022-09-06,0,A,F,,,P1D,,E,,,,,,,,,0,,Marginal lending facility - Eurosystem,"Euro area (changing composition), Eurosystem reporting sector - Marginal lending facility, Euro - Euro area (changing composition) counterpart",EUR,6
ILM.D.U2.C.A050500.U2.EUR,D,U2,C,A050500,U2,EUR,2022-09-07,0,A,F,,,P1D,,E,,,,,,,,,0,,Marginal lending facility - Eurosystem,"Euro area (changing composition), Eurosystem reporting sector - Marginal lending facility, Euro - Euro area (changing composition) counterpart",EUR,6
ILM.D.U2.C.A050500.U2.EUR,D,U2,C,A050500,U2,EUR,2022-09-08,0,A,F,,,P1D,,E,,,,,,,,,0,,Marginal lending facility - Eurosystem,"Euro area (changing composition), Eurosystem reporting sector - Marginal lending facility, Euro - Euro area (changing composition) counterpart",EUR,6
ILM.D.U2.C.A050500.U2.EUR,D,U2,C,A050500,U2,EUR,2022-09-09,0,A,F,,,P1D,,E,,,,,,,,,0,,Marginal lending facility - Eurosystem,"Euro area (changing composition), Eurosystem reporting sector - Marginal lending facility, Euro - Euro area (changing composition) counterpart",EUR,6
ILM.D.U2.C.A050500.U2.EUR,D,U2,C,A050500,U2,EUR,2022-09-12,6,A,F,,,P1D,,E,,,,,,,,,0,,Marginal lending facility - Eurosystem,"Euro area (changing composition), Eurosystem reporting sector - Marginal lending facility, Euro - Euro area (changing composition) counterpart",EUR,6
ILM.D.U2.C.A050500.U2.EUR,D,U2,C,A050500,U2,EUR,2022-09-13,15,A,F,,,P1D,,E,,,,,,,,,0,,Marginal lending facility - Eurosystem,"Euro area (changing composition), Eurosystem reporting sector - Marginal lending facility, Euro - Euro area (changing composition) counterpart",EUR,6
ILM.D.U2.C.A050500.U2.EUR,D,U2,C,A050500,U2,EUR,2022-09-14,0,A,F,,,P1D,,E,,,,,,,,,0,,Marginal lending facility - Eurosystem,"Euro area (changing composition), Eurosystem reporting sector - Marginal lending facility, Euro - Euro area (changing composition) counterpart",EUR,6
ILM.D.U2.C.A050500.U2.EUR,D,U2,C,A050500,U2,EUR,2022-09-15,1,A,F,,,P1D,,E,,,,,,,,,0,,Marginal lending facility - Eurosystem,"Euro area (changing composition), Eurosystem reporting sector - Marginal lending facility, Euro - Euro area (changing composition) counterpart",EUR,6
ILM.D.U2.C.A050500.U2.EUR,D,U2,C,A050500,U2,EUR,2022-09-16,0,A,F,,,P1D,,E,,,,,,,,,0,,Marginal lending facility - Eurosystem,"Euro area (changing composition), Eurosystem reporting sector - Marginal lending facility, Euro - Euro area (changing composition) counterpart",EUR,6
ILM.D.U2.C.A050500.U2.EUR,D,U2,C,A050500,U2,EUR,2022-09-19,11,A,F,,,P1D,,E,,,,,,,,,0,,Marginal lending facility - Eurosystem,"Euro area (changing composition), Eurosystem reporting sector - Marginal lending facility, Euro - Euro area (changing composition) counterpart",EUR,6
ILM.D.U2.C.A050500.U2.EUR,D,U2,C,A050500,U2,EUR,2022-09-20,3,A,F,,,P1D,,E,,,,,,,,,0,,Marginal lending facility - Eurosystem,"Euro area (changing composition), Eurosystem reporting sector - Marginal lending facility, Euro - Euro area (changing composition) counterpart",EUR,6
ILM.D.U2.C.A050500.U2.EUR,D,U2,C,A050500,U2,EUR,2022-09-21,1,A,F,,,P1D,,E,,,,,,,,,0,,Marginal lending facility - Eurosystem,"Euro area (changing composition), Eurosystem reporting sector - Marginal lending facility, Euro - Euro area (changing composition) counterpart",EUR,6
ILM.D.U2.C.A050500.U2.EUR,D,U2,C,A050500,U2,EUR,2022-09-22,10,A,F,,,P1D,,E,,,,,,,,,0,,Marginal lending facility - Eurosystem,"Euro area (changing composition), Eurosystem reporting sector - Marginal lending facility, Euro - Euro area (changing composition) counterpart",EUR,6
ILM.D.U2.C.A050500.U2.EUR,D,U2,C,A050500,U2,EUR,2022-09-23,0,A,F,,,P1D,,E,,,,,,,,,0,,Marginal lending facility - Eurosystem,"Euro area (changing composition), Eurosystem reporting sector - Marginal lending facility, Euro - Euro area (changing composition) counterpart",EUR,6
ILM.D.U2.C.A050500.U2.EUR,D,U2,C,A050500,U2,EUR,2022-09-26,0,A,F,,,P1D,,E,,,,,,,,,0,,Marginal lending facility - Eurosystem,"Euro area (changing composition), Eurosystem reporting sector - Marginal lending facility, Euro - Euro area (changing composition) counterpart",EUR,6
ILM.D.U2.C.A050500.U2.EUR,D,U2,C,A050500,U2,EUR,2022-09-27,0,A,F,,,P1D,,E,,,,,,,,,0,,Marginal lending facility - Eurosystem,"Euro area (changing composition), Eurosystem reporting sector - Marginal lending facility, Euro - Euro area (changing composition) counterpart",EUR,6
ILM.D.U2.C.A050500.U2.EUR,D,U2,C,A050500,U2,EUR,2022-09-28,189,A,F,,,P1D,,E,,,,,,,,,0,,Marginal lending facility - Eurosystem,"Euro area (changing composition), Eurosystem reporting sector - Marginal lending facility, Euro - Euro area (changing composition) counterpart",EUR,6
ILM.D.U2.C.A050500.U2.EUR,D,U2,C,A050500,U2,EUR,2022-09-29,219,A,F,,,P1D,,E,,,,,,,,,0,,Marginal lending facility - Eurosystem,"Euro area (changing composition), Eurosystem reporting sector - Marginal lending facility, Euro - Euro area (changing composition) counterpart",EUR,6
ILM.D.U2.C.A050500.U2.EUR,D,U2,C,A050500,U2,EUR,2022-09-30,280,A,F,,,P1D,,E,,,,,,,,,0,,Marginal lending facility - Eurosystem,"Euro area (changing composition), Eurosystem reporting sector - Marginal lending facility, Euro - Euro area (changing composition) counterpart",EUR,6
ILM.D.U2.C.A050500.U2.EUR,D,U2,C,A050500,U2,EUR,2022-10-03,262,A,F,,,P1D,,E,,,,,,,,,0,,Marginal lending facility - Eurosystem,"Euro area (changing composition), Eurosystem reporting sector - Marginal lending facility, Euro - Euro area (changing composition) counterpart",EUR,6
ILM.D.U2.C.A050500.U2.EUR,D,U2,C,A050500,U2,EUR,2022-10-04,14,A,F,,,P1D,,E,,,,,,,,,0,,Marginal lending facility - Eurosystem,"Euro area (changing composition), Eurosystem reporting sector - Marginal lending facility, Euro - Euro area (changing composition) counterpart",EUR,6
ILM.D.U2.C.A050500.U2.EUR,D,U2,C,A050500,U2,EUR,2022-10-05,14,A,F,,,P1D,,E,,,,,,,,,0,,Marginal lending facility - Eurosystem,"Euro area (changing composition), Eurosystem reporting sector - Marginal lending facility, Euro - Euro area (changing composition) counterpart",EUR,6
ILM.D.U2.C.A050500.U2.EUR,D,U2,C,A050500,U2,EUR,2022-10-06,4,A,F,,,P1D,,E,,,,,,,,,0,,Marginal lending facility - Eurosystem,"Euro area (changing composition), Eurosystem reporting sector - Marginal lending facility, Euro - Euro area (changing composition) counterpart",EUR,6
ILM.D.U2.C.A050500.U2.EUR,D,U2,C,A050500,U2,EUR,2022-10-07,13,A,F,,,P1D,,E,,,,,,,,,0,,Marginal lending facility - Eurosystem,"Euro area (changing composition), Eurosystem reporting sector - Marginal lending facility, Euro - Euro area (changing composition) counterpart",EUR,6
ILM.D.U2.C.A050500.U2.EUR,D,U2,C,A050500,U2,EUR,2022-10-10,13,A,F,,,P1D,,E,,,,,,,,,0,,Marginal lending facility - Eurosystem,"Euro area (changing composition), Eurosystem reporting sector - Marginal lending facility, Euro - Euro area (changing composition) counterpart",EUR,6
ILM.D.U2.C.A050500.U2.EUR,D,U2,C,A050500,U2,EUR,2022-10-11,0,A,F,,,P1D,,E,,,,,,,,,0,,Marginal lending facility - Eurosystem,"Euro area (changing composition), Eurosystem reporting sector - Marginal lending facility, Euro - Euro area (changing composition) counterpart",EUR,6
ILM.D.U2.C.A050500.U2.EUR,D,U2,C,A050500,U2,EUR,2022-10-12,3,A,F,,,P1D,,E,,,,,,,,,0,,Marginal lending facility - Eurosystem,"Euro area (changing composition), Eurosystem reporting sector - Marginal lending facility, Euro - Euro area (changing composition) counterpart",EUR,6
ILM.D.U2.C.A050500.U2.EUR,D,U2,C,A050500,U2,EUR,2022-10-13,0,A,F,,,P1D,,E,,,,,,,,,0,,Marginal lending facility - Eurosystem,"Euro area (changing composition), Eurosystem reporting sector - Marginal lending facility, Euro - Euro area (changing composition) counterpart",EUR,6
ILM.D.U2.C.A050500.U2.EUR,D,U2,C,A050500,U2,EUR,2022-10-14,5,A,F,,,P1D,,E,,,,,,,,,0,,Marginal lending facility - Eurosystem,"Euro area (changing composition), Eurosystem reporting sector - Marginal lending facility, Euro - Euro area (changing composition) counterpart",EUR,6
ILM.D.U2.C.A050500.U2.EUR,D,U2,C,A050500,U2,EUR,2022-10-17,10,A,F,,,P1D,,E,,,,,,,,,0,,Marginal lending facility - Eurosystem,"Euro area (changing composition), Eurosystem reporting sector - Marginal lending facility, Euro - Euro area (changing composition) counterpart",EUR,6
ILM.D.U2.C.A050500.U2.EUR,D,U2,C,A050500,U2,EUR,2022-10-18,544,A,F,,,P1D,,E,,,,,,,,,0,,Marginal lending facility - Eurosystem,"Euro area (changing composition), Eurosystem reporting sector - Marginal lending facility, Euro - Euro area (changing composition) counterpart",EUR,6
ILM.D.U2.C.A050500.U2.EUR,D,U2,C,A050500,U2,EUR,2022-10-19,0,A,F,,,P1D,,E,,,,,,,,,0,,Marginal lending facility - Eurosystem,"Euro area (changing composition), Eurosystem reporting sector - Marginal lending facility, Euro - Euro area (changing composition) counterpart",EUR,6
ILM.D.U2.C.A050500.U2.EUR,D,U2,C,A050500,U2,EUR,2022-10-20,1,A,F,,,P1D,,E,,,,,,,,,0,,Marginal lending facility - Eurosystem,"Euro area (changing composition), Eurosystem reporting sector - Marginal lending facility, Euro - Euro area (changing composition) counterpart",EUR,6
ILM.D.U2.C.A050500.U2.EUR,D,U2,C,A050500,U2,EUR,2022-10-21,0,A,F,,,P1D,,E,,,,,,,,,0,,Marginal lending facility - Eurosystem,"Euro area (changing composition), Eurosystem reporting sector - Marginal lending facility, Euro - Euro area (changing composition) counterpart",EUR,6
ILM.D.U2.C.A050500.U2.EUR,D,U2,C,A050500,U2,EUR,2022-10-24,104,A,F,,,P1D,,E,,,,,,,,,0,,Marginal lending facility - Eurosystem,"Euro area (changing composition), Eurosystem reporting sector - Marginal lending facility, Euro - Euro area (changing composition) counterpart",EUR,6
ILM.D.U2.C.A050500.U2.EUR,D,U2,C,A050500,U2,EUR,2022-10-25,2,A,F,,,P1D,,E,,,,,,,,,0,,Marginal lending facility - Eurosystem,"Euro area (changing composition), Eurosystem reporting sector - Marginal lending facility, Euro - Euro area (changing composition) counterpart",EUR,6
ILM.D.U2.C.A050500.U2.EUR,D,U2,C,A050500,U2,EUR,2022-10-26,0,A,F,,,P1D,,E,,,,,,,,,0,,Marginal lending facility - Eurosystem,"Euro area (changing composition), Eurosystem reporting sector - Marginal lending facility, Euro - Euro area (changing composition) counterpart",EUR,6
ILM.D.U2.C.A050500.U2.EUR,D,U2,C,A050500,U2,EUR,2022-10-27,0,A,F,,,P1D,,E,,,,,,,,,0,,Marginal lending facility - Eurosystem,"Euro area (changing composition), Eurosystem reporting sector - Marginal lending facility, Euro - Euro area (changing composition) counterpart",EUR,6
ILM.D.U2.C.A050500.U2.EUR,D,U2,C,A050500,U2,EUR,2022-10-28,0,A,F,,,P1D,,E,,,,,,,,,0,,Marginal lending facility - Eurosystem,"Euro area (changing composition), Eurosystem reporting sector - Marginal lending facility, Euro - Euro area (changing composition) counterpart",EUR,6
ILM.D.U2.C.A050500.U2.EUR,D,U2,C,A050500,U2,EUR,2022-10-31,61,A,F,,,P1D,,E,,,,,,,,,0,,Marginal lending facility - Eurosystem,"Euro area (changing composition), Eurosystem reporting sector - Marginal lending facility, Euro - Euro area (changing composition) counterpart",EUR,6
ILM.D.U2.C.A050500.U2.EUR,D,U2,C,A050500,U2,EUR,2022-11-01,26,A,F,,,P1D,,E,,,,,,,,,0,,Marginal lending facility - Eurosystem,"Euro area (changing composition), Eurosystem reporting sector - Marginal lending facility, Euro - Euro area (changing composition) counterpart",EUR,6
ILM.D.U2.C.A050500.U2.EUR,D,U2,C,A050500,U2,EUR,2022-11-02,0,A,F,,,P1D,,E,,,,,,,,,0,,Marginal lending facility - Eurosystem,"Euro area (changing composition), Eurosystem reporting sector - Marginal lending facility, Euro - Euro area (changing composition) counterpart",EUR,6
ILM.D.U2.C.A050500.U2.EUR,D,U2,C,A050500,U2,EUR,2022-11-03,0,A,F,,,P1D,,E,,,,,,,,,0,,Marginal lending facility - Eurosystem,"Euro area (changing composition), Eurosystem reporting sector - Marginal lending facility, Euro - Euro area (changing composition) counterpart",EUR,6
ILM.D.U2.C.A050500.U2.EUR,D,U2,C,A050500,U2,EUR,2022-11-04,0,A,F,,,P1D,,E,,,,,,,,,0,,Marginal lending facility - Eurosystem,"Euro area (changing composition), Eurosystem reporting sector - Marginal lending facility, Euro - Euro area (changing composition) counterpart",EUR,6
ILM.D.U2.C.A050500.U2.EUR,D,U2,C,A050500,U2,EUR,2022-11-07,0,A,F,,,P1D,,E,,,,,,,,,0,,Marginal lending facility - Eurosystem,"Euro area (changing composition), Eurosystem reporting sector - Marginal lending facility, Euro - Euro area (changing composition) counterpart",EUR,6
ILM.D.U2.C.A050500.U2.EUR,D,U2,C,A050500,U2,EUR,2022-11-08,0,A,F,,,P1D,,E,,,,,,,,,0,,Marginal lending facility - Eurosystem,"Euro area (changing composition), Eurosystem reporting sector - Marginal lending facility, Euro - Euro area (changing composition) counterpart",EUR,6
ILM.D.U2.C.A050500.U2.EUR,D,U2,C,A050500,U2,EUR,2022-11-09,10,A,F,,,P1D,,E,,,,,,,,,0,,Marginal lending facility - Eurosystem,"Euro area (changing composition), Eurosystem reporting sector - Marginal lending facility, Euro - Euro area (changing composition) counterpart",EUR,6
ILM.D.U2.C.A050500.U2.EUR,D,U2,C,A050500,U2,EUR,2022-11-10,0,A,F,,,P1D,,E,,,,,,,,,0,,Marginal lending facility - Eurosystem,"Euro area (changing composition), Eurosystem reporting sector - Marginal lending facility, Euro - Euro area (changing composition) counterpart",EUR,6
ILM.D.U2.C.A050500.U2.EUR,D,U2,C,A050500,U2,EUR,2022-11-11,11,A,F,,,P1D,,E,,,,,,,,,0,,Marginal lending facility - Eurosystem,"Euro area (changing composition), Eurosystem reporting sector - Marginal lending facility, Euro - Euro area (changing composition) counterpart",EUR,6
ILM.D.U2.C.A050500.U2.EUR,D,U2,C,A050500,U2,EUR,2022-11-14,56,A,F,,,P1D,,E,,,,,,,,,0,,Marginal lending facility - Eurosystem,"Euro area (changing composition), Eurosystem reporting sector - Marginal lending facility, Euro - Euro area (changing composition) counterpart",EUR,6
ILM.D.U2.C.A050500.U2.EUR,D,U2,C,A050500,U2,EUR,2022-11-15,92,A,F,,,P1D,,E,,,,,,,,,0,,Marginal lending facility - Eurosystem,"Euro area (changing composition), Eurosystem reporting sector - Marginal lending facility, Euro - Euro area (changing composition) counterpart",EUR,6
ILM.D.U2.C.A050500.U2.EUR,D,U2,C,A050500,U2,EUR,2022-11-16,1,A,F,,,P1D,,E,,,,,,,,,0,,Marginal lending facility - Eurosystem,"Euro area (changing composition), Eurosystem reporting sector - Marginal lending facility, Euro - Euro area (changing composition) counterpart",EUR,6
ILM.D.U2.C.A050500.U2.EUR,D,U2,C,A050500,U2,EUR,2022-11-17,1,A,F,,,P1D,,E,,,,,,,,,0,,Marginal lending facility - Eurosystem,"Euro area (changing composition), Eurosystem reporting sector - Marginal lending facility, Euro - Euro area (changing composition) counterpart",EUR,6
ILM.D.U2.C.A050500.U2.EUR,D,U2,C,A050500,U2,EUR,2022-11-18,37,A,F,,,P1D,,E,,,,,,,,,0,,Marginal lending facility - Eurosystem,"Euro area (changing composition), Eurosystem reporting sector - Marginal lending facility, Euro - Euro area (changing composition) counterpart",EUR,6
ILM.D.U2.C.A050500.U2.EUR,D,U2,C,A050500,U2,EUR,2022-11-21,0,A,F,,,P1D,,E,,,,,,,,,0,,Marginal lending facility - Eurosystem,"Euro area (changing composition), Eurosystem reporting sector - Marginal lending facility, Euro - Euro area (changing composition) counterpart",EUR,6
ILM.D.U2.C.A050500.U2.EUR,D,U2,C,A050500,U2,EUR,2022-11-22,1,A,F,,,P1D,,E,,,,,,,,,0,,Marginal lending facility - Eurosystem,"Euro area (changing composition), Eurosystem reporting sector - Marginal lending facility, Euro - Euro area (changing composition) counterpart",EUR,6
ILM.D.U2.C.A050500.U2.EUR,D,U2,C,A050500,U2,EUR,2022-11-23,15,A,F,,,P1D,,E,,,,,,,,,0,,Marginal lending facility - Eurosystem,"Euro area (changing composition), Eurosystem reporting sector - Marginal lending facility, Euro - Euro area (changing composition) counterpart",EUR,6
ILM.D.U2.C.A050500.U2.EUR,D,U2,C,A050500,U2,EUR,2022-11-24,30,A,F,,,P1D,,E,,,,,,,,,0,,Marginal lending facility - Eurosystem,"Euro area (changing composition), Eurosystem reporting sector - Marginal lending facility, Euro - Euro area (changing composition) counterpart",EUR,6
ILM.D.U2.C.A050500.U2.EUR,D,U2,C,A050500,U2,EUR,2022-11-25,30,A,F,,,P1D,,E,,,,,,,,,0,,Marginal lending facility - Eurosystem,"Euro area (changing composition), Eurosystem reporting sector - Marginal lending facility, Euro - Euro area (changing composition) counterpart",EUR,6
ILM.D.U2.C.A050500.U2.EUR,D,U2,C,A050500,U2,EUR,2022-11-28,121,A,F,,,P1D,,E,,,,,,,,,0,,Marginal lending facility - Eurosystem,"Euro area (changing composition), Eurosystem reporting sector - Marginal lending facility, Euro - Euro area (changing composition) counterpart",EUR,6
ILM.D.U2.C.A050500.U2.EUR,D,U2,C,A050500,U2,EUR,2022-11-29,45,A,F,,,P1D,,E,,,,,,,,,0,,Marginal lending facility - Eurosystem,"Euro area (changing composition), Eurosystem reporting sector - Marginal lending facility, Euro - Euro area (changing composition) counterpart",EUR,6
ILM.D.U2.C.A050500.U2.EUR,D,U2,C,A050500,U2,EUR,2022-11-30,140,A,F,,,P1D,,E,,,,,,,,,0,,Marginal lending facility - Eurosystem,"Euro area (changing composition), Eurosystem reporting sector - Marginal lending facility, Euro - Euro area (changing composition) counterpart",EUR,6
ILM.D.U2.C.A050500.U2.EUR,D,U2,C,A050500,U2,EUR,2022-12-01,0,A,F,,,P1D,,E,,,,,,,,,0,,Marginal lending facility - Eurosystem,"Euro area (changing composition), Eurosystem reporting sector - Marginal lending facility, Euro - Euro area (changing composition) counterpart",EUR,6
ILM.D.U2.C.A050500.U2.EUR,D,U2,C,A050500,U2,EUR,2022-12-02,0,A,F,,,P1D,,E,,,,,,,,,0,,Marginal lending facility - Eurosystem,"Euro area (changing composition), Eurosystem reporting sector - Marginal lending facility, Euro - Euro area (changing composition) counterpart",EUR,6
ILM.D.U2.C.A050500.U2.EUR,D,U2,C,A050500,U2,EUR,2022-12-05,0,A,F,,,P1D,,E,,,,,,,,,0,,Marginal lending facility - Eurosystem,"Euro area (changing composition), Eurosystem reporting sector - Marginal lending facility, Euro - Euro area (changing composition) counterpart",EUR,6
ILM.D.U2.C.A050500.U2.EUR,D,U2,C,A050500,U2,EUR,2022-12-06,0,A,F,,,P1D,,E,,,,,,,,,0,,Marginal lending facility - Eurosystem,"Euro area (changing composition), Eurosystem reporting sector - Marginal lending facility, Euro - Euro area (changing composition) counterpart",EUR,6
ILM.D.U2.C.A050500.U2.EUR,D,U2,C,A050500,U2,EUR,2022-12-07,0,A,F,,,P1D,,E,,,,,,,,,0,,Marginal lending facility - Eurosystem,"Euro area (changing composition), Eurosystem reporting sector - Marginal lending facility, Euro - Euro area (changing composition) counterpart",EUR,6
ILM.D.U2.C.A050500.U2.EUR,D,U2,C,A050500,U2,EUR,2022-12-08,0,A,F,,,P1D,,E,,,,,,,,,0,,Marginal lending facility - Eurosystem,"Euro area (changing composition), Eurosystem reporting sector - Marginal lending facility, Euro - Euro area (changing composition) counterpart",EUR,6
ILM.D.U2.C.A050500.U2.EUR,D,U2,C,A050500,U2,EUR,2022-12-09,0,A,F,,,P1D,,E,,,,,,,,,0,,Marginal lending facility - Eurosystem,"Euro area (changing composition), Eurosystem reporting sector - Marginal lending facility, Euro - Euro area (changing composition) counterpart",EUR,6
ILM.D.U2.C.A050500.U2.EUR,D,U2,C,A050500,U2,EUR,2022-12-12,7,A,F,,,P1D,,E,,,,,,,,,0,,Marginal lending facility - Eurosystem,"Euro area (changing composition), Eurosystem reporting sector - Marginal lending facility, Euro - Euro area (changing composition) counterpart",EUR,6
ILM.D.U2.C.A050500.U2.EUR,D,U2,C,A050500,U2,EUR,2022-12-13,0,A,F,,,P1D,,E,,,,,,,,,0,,Marginal lending facility - Eurosystem,"Euro area (changing composition), Eurosystem reporting sector - Marginal lending facility, Euro - Euro area (changing composition) counterpart",EUR,6
ILM.D.U2.C.A050500.U2.EUR,D,U2,C,A050500,U2,EUR,2022-12-14,0,A,F,,,P1D,,E,,,,,,,,,0,,Marginal lending facility - Eurosystem,"Euro area (changing composition), Eurosystem reporting sector - Marginal lending facility, Euro - Euro area (changing composition) counterpart",EUR,6
ILM.D.U2.C.A050500.U2.EUR,D,U2,C,A050500,U2,EUR,2022-12-15,1,A,F,,,P1D,,E,,,,,,,,,0,,Marginal lending facility - Eurosystem,"Euro area (changing composition), Eurosystem reporting sector - Marginal lending facility, Euro - Euro area (changing composition) counterpart",EUR,6
ILM.D.U2.C.A050500.U2.EUR,D,U2,C,A050500,U2,EUR,2022-12-16,0,A,F,,,P1D,,E,,,,,,,,,0,,Marginal lending facility - Eurosystem,"Euro area (changing composition), Eurosystem reporting sector - Marginal lending facility, Euro - Euro area (changing composition) counterpart",EUR,6
ILM.D.U2.C.A050500.U2.EUR,D,U2,C,A050500,U2,EUR,2022-12-19,1,A,F,,,P1D,,E,,,,,,,,,0,,Marginal lending facility - Eurosystem,"Euro area (changing composition), Eurosystem reporting sector - Marginal lending facility, Euro - Euro area (changing composition) counterpart",EUR,6
ILM.D.U2.C.A050500.U2.EUR,D,U2,C,A050500,U2,EUR,2022-12-20,3,A,F,,,P1D,,E,,,,,,,,,0,,Marginal lending facility - Eurosystem,"Euro area (changing composition), Eurosystem reporting sector - Marginal lending facility, Euro - Euro area (changing composition) counterpart",EUR,6
ILM.D.U2.C.A050500.U2.EUR,D,U2,C,A050500,U2,EUR,2022-12-21,204,A,F,,,P1D,,E,,,,,,,,,0,,Marginal lending facility - Eurosystem,"Euro area (changing composition), Eurosystem reporting sector - Marginal lending facility, Euro - Euro area (changing composition) counterpart",EUR,6
ILM.D.U2.C.A050500.U2.EUR,D,U2,C,A050500,U2,EUR,2022-12-22,0,A,F,,,P1D,,E,,,,,,,,,0,,Marginal lending facility - Eurosystem,"Euro area (changing composition), Eurosystem reporting sector - Marginal lending facility, Euro - Euro area (changing composition) counterpart",EUR,6
ILM.D.U2.C.A050500.U2.EUR,D,U2,C,A050500,U2,EUR,2022-12-23,157,A,F,,,P1D,,E,,,,,,,,,0,,Marginal lending facility - Eurosystem,"Euro area (changing composition), Eurosystem reporting sector - Marginal lending facility, Euro - Euro area (changing composition) counterpart",EUR,6
ILM.D.U2.C.A050500.U2.EUR,D,U2,C,A050500,U2,EUR,2022-12-26,157,A,F,,,P1D,,E,,,,,,,,,0,,Marginal lending facility - Eurosystem,"Euro area (changing composition), Eurosystem reporting sector - Marginal lending facility, Euro - Euro area (changing composition) counterpart",EUR,6
ILM.D.U2.C.A050500.U2.EUR,D,U2,C,A050500,U2,EUR,2022-12-27,87,A,F,,,P1D,,E,,,,,,,,,0,,Marginal lending facility - Eurosystem,"Euro area (changing composition), Eurosystem reporting sector - Marginal lending facility, Euro - Euro area (changing composition) counterpart",EUR,6
ILM.D.U2.C.A050500.U2.EUR,D,U2,C,A050500,U2,EUR,2022-12-28,169,A,F,,,P1D,,E,,,,,,,,,0,,Marginal lending facility - Eurosystem,"Euro area (changing composition), Eurosystem reporting sector - Marginal lending facility, Euro - Euro area (changing composition) counterpart",EUR,6
ILM.D.U2.C.A050500.U2.EUR,D,U2,C,A050500,U2,EUR,2022-12-29,103,A,F,,,P1D,,E,,,,,,,,,0,,Marginal lending facility - Eurosystem,"Euro area (changing composition), Eurosystem reporting sector - Marginal lending facility, Euro - Euro area (changing composition) counterpart",EUR,6
ILM.D.U2.C.A050500.U2.EUR,D,U2,C,A050500,U2,EUR,2022-12-30,519,A,F,,,P1D,,E,,,,,,,,,0,,Marginal lending facility - Eurosystem,"Euro area (changing composition), Eurosystem reporting sector - Marginal lending facility, Euro - Euro area (changing composition) counterpart",EUR,6
ILM.D.U2.C.A050500.U2.EUR,D,U2,C,A050500,U2,EUR,2023-01-02,295,A,F,,,P1D,,E,,,,,,,,,0,,Marginal lending facility - Eurosystem,"Euro area (changing composition), Eurosystem reporting sector - Marginal lending facility, Euro - Euro area (changing composition) counterpart",EUR,6
ILM.D.U2.C.A050500.U2.EUR,D,U2,C,A050500,U2,EUR,2023-01-03,163,A,F,,,P1D,,E,,,,,,,,,0,,Marginal lending facility - Eurosystem,"Euro area (changing composition), Eurosystem reporting sector - Marginal lending facility, Euro - Euro area (changing composition) counterpart",EUR,6
ILM.D.U2.C.A050500.U2.EUR,D,U2,C,A050500,U2,EUR,2023-01-04,55,A,F,,,P1D,,E,,,,,,,,,0,,Marginal lending facility - Eurosystem,"Euro area (changing composition), Eurosystem reporting sector - Marginal lending facility, Euro - Euro area (changing composition) counterpart",EUR,6
ILM.D.U2.C.A050500.U2.EUR,D,U2,C,A050500,U2,EUR,2023-01-05,4,A,F,,,P1D,,E,,,,,,,,,0,,Marginal lending facility - Eurosystem,"Euro area (changing composition), Eurosystem reporting sector - Marginal lending facility, Euro - Euro area (changing composition) counterpart",EUR,6
ILM.D.U2.C.A050500.U2.EUR,D,U2,C,A050500,U2,EUR,2023-01-06,0,A,F,,,P1D,,E,,,,,,,,,0,,Marginal lending facility - Eurosystem,"Euro area (changing composition), Eurosystem reporting sector - Marginal lending facility, Euro - Euro area (changing composition) counterpart",EUR,6
ILM.D.U2.C.A050500.U2.EUR,D,U2,C,A050500,U2,EUR,2023-01-09,0,A,F,,,P1D,,E,,,,,,,,,0,,Marginal lending facility - Eurosystem,"Euro area (changing composition), Eurosystem reporting sector - Marginal lending facility, Euro - Euro area (changing composition) counterpart",EUR,6
ILM.D.U2.C.A050500.U2.EUR,D,U2,C,A050500,U2,EUR,2023-01-10,12,A,F,,,P1D,,E,,,,,,,,,0,,Marginal lending facility - Eurosystem,"Euro area (changing composition), Eurosystem reporting sector - Marginal lending facility, Euro - Euro area (changing composition) counterpart",EUR,6
ILM.D.U2.C.A050500.U2.EUR,D,U2,C,A050500,U2,EUR,2023-01-11,25,A,F,,,P1D,,E,,,,,,,,,0,,Marginal lending facility - Eurosystem,"Euro area (changing composition), Eurosystem reporting sector - Marginal lending facility, Euro - Euro area (changing composition) counterpart",EUR,6
ILM.D.U2.C.A050500.U2.EUR,D,U2,C,A050500,U2,EUR,2023-01-12,0,A,F,,,P1D,,E,,,,,,,,,0,,Marginal lending facility - Eurosystem,"Euro area (changing composition), Eurosystem reporting sector - Marginal lending facility, Euro - Euro area (changing composition) counterpart",EUR,6
ILM.D.U2.C.A050500.U2.EUR,D,U2,C,A050500,U2,EUR,2023-01-13,0,A,F,,,P1D,,E,,,,,,,,,0,,Marginal lending facility - Eurosystem,"Euro area (changing composition), Eurosystem reporting sector - Marginal lending facility, Euro - Euro area (changing composition) counterpart",EUR,6
ILM.D.U2.C.A050500.U2.EUR,D,U2,C,A050500,U2,EUR,2023-01-16,0,A,F,,,P1D,,E,,,,,,,,,0,,Marginal lending facility - Eurosystem,"Euro area (changing composition), Eurosystem reporting sector - Marginal lending facility, Euro - Euro area (changing composition) counterpart",EUR,6
ILM.D.U2.C.A050500.U2.EUR,D,U2,C,A050500,U2,EUR,2023-01-17,0,A,F,,,P1D,,E,,,,,,,,,0,,Marginal lending facility - Eurosystem,"Euro area (changing composition), Eurosystem reporting sector - Marginal lending facility, Euro - Euro area (changing composition) counterpart",EUR,6
ILM.D.U2.C.A050500.U2.EUR,D,U2,C,A050500,U2,EUR,2023-01-18,0,A,F,,,P1D,,E,,,,,,,,,0,,Marginal lending facility - Eurosystem,"Euro area (changing composition), Eurosystem reporting sector - Marginal lending facility, Euro - Euro area (changing composition) counterpart",EUR,6
ILM.D.U2.C.A050500.U2.EUR,D,U2,C,A050500,U2,EUR,2023-01-19,0,A,F,,,P1D,,E,,,,,,,,,0,,Marginal lending facility - Eurosystem,"Euro area (changing composition), Eurosystem reporting sector - Marginal lending facility, Euro - Euro area (changing composition) counterpart",EUR,6
ILM.D.U2.C.A050500.U2.EUR,D,U2,C,A050500,U2,EUR,2023-01-20,0,A,F,,,P1D,,E,,,,,,,,,0,,Marginal lending facility - Eurosystem,"Euro area (changing composition), Eurosystem reporting sector - Marginal lending facility, Euro - Euro area (changing composition) counterpart",EUR,6
ILM.D.U2.C.A050500.U2.EUR,D,U2,C,A050500,U2,EUR,2023-01-23,0,A,F,,,P1D,,E,,,,,,,,,0,,Marginal lending facility - Eurosystem,"Euro area (changing composition), Eurosystem reporting sector - Marginal lending facility, Euro - Euro area (changing composition) counterpart",EUR,6
ILM.D.U2.C.A050500.U2.EUR,D,U2,C,A050500,U2,EUR,2023-01-24,0,A,F,,,P1D,,E,,,,,,,,,0,,Marginal lending facility - Eurosystem,"Euro area (changing composition), Eurosystem reporting sector - Marginal lending facility, Euro - Euro area (changing composition) counterpart",EUR,6
ILM.D.U2.C.A050500.U2.EUR,D,U2,C,A050500,U2,EUR,2023-01-25,87,A,F,,,P1D,,E,,,,,,,,,0,,Marginal lending facility - Eurosystem,"Euro area (changing composition), Eurosystem reporting sector - Marginal lending facility, Euro - Euro area (changing composition) counterpart",EUR,6
ILM.D.U2.C.A050500.U2.EUR,D,U2,C,A050500,U2,EUR,2023-01-26,2,A,F,,,P1D,,E,,,,,,,,,0,,Marginal lending facility - Eurosystem,"Euro area (changing composition), Eurosystem reporting sector - Marginal lending facility, Euro - Euro area (changing composition) counterpart",EUR,6
ILM.D.U2.C.A050500.U2.EUR,D,U2,C,A050500,U2,EUR,2023-01-27,2,A,F,,,P1D,,E,,,,,,,,,0,,Marginal lending facility - Eurosystem,"Euro area (changing composition), Eurosystem reporting sector - Marginal lending facility, Euro - Euro area (changing composition) counterpart",EUR,6
ILM.D.U2.C.A050500.U2.EUR,D,U2,C,A050500,U2,EUR,2023-01-30,5,A,F,,,P1D,,E,,,,,,,,,0,,Marginal lending facility - Eurosystem,"Euro area (changing composition), Eurosystem reporting sector - Marginal lending facility, Euro - Euro area (changing composition) counterpart",EUR,6
ILM.D.U2.C.A050500.U2.EUR,D,U2,C,A050500,U2,EUR,2023-01-31,110,A,F,,,P1D,,E,,,,,,,,,0,,Marginal lending facility - Eurosystem,"Euro area (changing composition), Eurosystem reporting sector - Marginal lending facility, Euro - Euro area (changing composition) counterpart",EUR,6
ILM.D.U2.C.A050500.U2.EUR,D,U2,C,A050500,U2,EUR,2023-02-01,50,A,F,,,P1D,,E,,,,,,,,,0,,Marginal lending facility - Eurosystem,"Euro area (changing composition), Eurosystem reporting sector - Marginal lending facility, Euro - Euro area (changing composition) counterpart",EUR,6
ILM.D.U2.C.A050500.U2.EUR,D,U2,C,A050500,U2,EUR,2023-02-02,32,A,F,,,P1D,,E,,,,,,,,,0,,Marginal lending facility - Eurosystem,"Euro area (changing composition), Eurosystem reporting sector - Marginal lending facility, Euro - Euro area (changing composition) counterpart",EUR,6
ILM.D.U2.C.A050500.U2.EUR,D,U2,C,A050500,U2,EUR,2023-02-03,24,A,F,,,P1D,,E,,,,,,,,,0,,Marginal lending facility - Eurosystem,"Euro area (changing composition), Eurosystem reporting sector - Marginal lending facility, Euro - Euro area (changing composition) counterpart",EUR,6
ILM.D.U2.C.A050500.U2.EUR,D,U2,C,A050500,U2,EUR,2023-02-06,25,A,F,,,P1D,,E,,,,,,,,,0,,Marginal lending facility - Eurosystem,"Euro area (changing composition), Eurosystem reporting sector - Marginal lending facility, Euro - Euro area (changing composition) counterpart",EUR,6
ILM.D.U2.C.A050500.U2.EUR,D,U2,C,A050500,U2,EUR,2023-02-07,39,A,F,,,P1D,,E,,,,,,,,,0,,Marginal lending facility - Eurosystem,"Euro area (changing composition), Eurosystem reporting sector - Marginal lending facility, Euro - Euro area (changing composition) counterpart",EUR,6
ILM.D.U2.C.A050500.U2.EUR,D,U2,C,A050500,U2,EUR,2023-02-08,40,A,F,,,P1D,,E,,,,,,,,,0,,Marginal lending facility - Eurosystem,"Euro area (changing composition), Eurosystem reporting sector - Marginal lending facility, Euro - Euro area (changing composition) counterpart",EUR,6
ILM.D.U2.C.A050500.U2.EUR,D,U2,C,A050500,U2,EUR,2023-02-09,51,A,F,,,P1D,,E,,,,,,,,,0,,Marginal lending facility - Eurosystem,"Euro area (changing composition), Eurosystem reporting sector - Marginal lending facility, Euro - Euro area (changing composition) counterpart",EUR,6
ILM.D.U2.C.A050500.U2.EUR,D,U2,C,A050500,U2,EUR,2023-02-10,55,A,F,,,P1D,,E,,,,,,,,,0,,Marginal lending facility - Eurosystem,"Euro area (changing composition), Eurosystem reporting sector - Marginal lending facility, Euro - Euro area (changing composition) counterpart",EUR,6
ILM.D.U2.C.A050500.U2.EUR,D,U2,C,A050500,U2,EUR,2023-02-13,79,A,F,,,P1D,,E,,,,,,,,,0,,Marginal lending facility - Eurosystem,"Euro area (changing composition), Eurosystem reporting sector - Marginal lending facility, Euro - Euro area (changing composition) counterpart",EUR,6
ILM.D.U2.C.A050500.U2.EUR,D,U2,C,A050500,U2,EUR,2023-02-14,80,A,F,,,P1D,,E,,,,,,,,,0,,Marginal lending facility - Eurosystem,"Euro area (changing composition), Eurosystem reporting sector - Marginal lending facility, Euro - Euro area (changing composition) counterpart",EUR,6
ILM.D.U2.C.A050500.U2.EUR,D,U2,C,A050500,U2,EUR,2023-02-15,0,A,F,,,P1D,,E,,,,,,,,,0,,Marginal lending facility - Eurosystem,"Euro area (changing composition), Eurosystem reporting sector - Marginal lending facility, Euro - Euro area (changing composition) counterpart",EUR,6
ILM.D.U2.C.A050500.U2.EUR,D,U2,C,A050500,U2,EUR,2023-02-16,0,A,F,,,P1D,,E,,,,,,,,,0,,Marginal lending facility - Eurosystem,"Euro area (changing composition), Eurosystem reporting sector - Marginal lending facility, Euro - Euro area (changing composition) counterpart",EUR,6
ILM.D.U2.C.A050500.U2.EUR,D,U2,C,A050500,U2,EUR,2023-02-17,31,A,F,,,P1D,,E,,,,,,,,,0,,Marginal lending facility - Eurosystem,"Euro area (changing composition), Eurosystem reporting sector - Marginal lending facility, Euro - Euro area (changing composition) counterpart",EUR,6
ILM.D.U2.C.A050500.U2.EUR,D,U2,C,A050500,U2,EUR,2023-02-20,5,A,F,,,P1D,,E,,,,,,,,,0,,Marginal lending facility - Eurosystem,"Euro area (changing composition), Eurosystem reporting sector - Marginal lending facility, Euro - Euro area (changing composition) counterpart",EUR,6
ILM.D.U2.C.A050500.U2.EUR,D,U2,C,A050500,U2,EUR,2023-02-21,73,A,F,,,P1D,,E,,,,,,,,,0,,Marginal lending facility - Eurosystem,"Euro area (changing composition), Eurosystem reporting sector - Marginal lending facility, Euro - Euro area (changing composition) counterpart",EUR,6
ILM.D.U2.C.A050500.U2.EUR,D,U2,C,A050500,U2,EUR,2023-02-22,192,A,F,,,P1D,,E,,,,,,,,,0,,Marginal lending facility - Eurosystem,"Euro area (changing composition), Eurosystem reporting sector - Marginal lending facility, Euro - Euro area (changing composition) counterpart",EUR,6
ILM.D.U2.C.A050500.U2.EUR,D,U2,C,A050500,U2,EUR,2023-02-23,57,A,F,,,P1D,,E,,,,,,,,,0,,Marginal lending facility - Eurosystem,"Euro area (changing composition), Eurosystem reporting sector - Marginal lending facility, Euro - Euro area (changing composition) counterpart",EUR,6
ILM.D.U2.C.A050500.U2.EUR,D,U2,C,A050500,U2,EUR,2023-02-24,35,A,F,,,P1D,,E,,,,,,,,,0,,Marginal lending facility - Eurosystem,"Euro area (changing composition), Eurosystem reporting sector - Marginal lending facility, Euro - Euro area (changing composition) counterpart",EUR,6
ILM.D.U2.C.A050500.U2.EUR,D,U2,C,A050500,U2,EUR,2023-02-27,137,A,F,,,P1D,,E,,,,,,,,,0,,Marginal lending facility - Eurosystem,"Euro area (changing composition), Eurosystem reporting sector - Marginal lending facility, Euro - Euro area (changing composition) counterpart",EUR,6
ILM.D.U2.C.A050500.U2.EUR,D,U2,C,A050500,U2,EUR,2023-02-28,180,A,F,,,P1D,,E,,,,,,,,,0,,Marginal lending facility - Eurosystem,"Euro area (changing composition), Eurosystem reporting sector - Marginal lending facility, Euro - Euro area (changing composition) counterpart",EUR,6
ILM.D.U2.C.A050500.U2.EUR,D,U2,C,A050500,U2,EUR,2023-03-01,23,A,F,,,P1D,,E,,,,,,,,,0,,Marginal lending facility - Eurosystem,"Euro area (changing composition), Eurosystem reporting sector - Marginal lending facility, Euro - Euro area (changing composition) counterpart",EUR,6
ILM.D.U2.C.A050500.U2.EUR,D,U2,C,A050500,U2,EUR,2023-03-02,3,A,F,,,P1D,,E,,,,,,,,,0,,Marginal lending facility - Eurosystem,"Euro area (changing composition), Eurosystem reporting sector - Marginal lending facility, Euro - Euro area (changing composition) counterpart",EUR,6
ILM.D.U2.C.A050500.U2.EUR,D,U2,C,A050500,U2,EUR,2023-03-03,4,A,F,,,P1D,,E,,,,,,,,,0,,Marginal lending facility - Eurosystem,"Euro area (changing composition), Eurosystem reporting sector - Marginal lending facility, Euro - Euro area (changing composition) counterpart",EUR,6
ILM.D.U2.C.A050500.U2.EUR,D,U2,C,A050500,U2,EUR,2023-03-06,4,A,F,,,P1D,,E,,,,,,,,,0,,Marginal lending facility - Eurosystem,"Euro area (changing composition), Eurosystem reporting sector - Marginal lending facility, Euro - Euro area (changing composition) counterpart",EUR,6
ILM.D.U2.C.A050500.U2.EUR,D,U2,C,A050500,U2,EUR,2023-03-07,6,A,F,,,P1D,,E,,,,,,,,,0,,Marginal lending facility - Eurosystem,"Euro area (changing composition), Eurosystem reporting sector - Marginal lending facility, Euro - Euro area (changing composition) counterpart",EUR,6
ILM.D.U2.C.A050500.U2.EUR,D,U2,C,A050500,U2,EUR,2023-03-08,20,A,F,,,P1D,,E,,,,,,,,,0,,Marginal lending facility - Eurosystem,"Euro area (changing composition), Eurosystem reporting sector - Marginal lending facility, Euro - Euro area (changing composition) counterpart",EUR,6
ILM.D.U2.C.A050500.U2.EUR,D,U2,C,A050500,U2,EUR,2023-03-09,0,A,F,,,P1D,,E,,,,,,,,,0,,Marginal lending facility - Eurosystem,"Euro area (changing composition), Eurosystem reporting sector - Marginal lending facility, Euro - Euro area (changing composition) counterpart",EUR,6
ILM.D.U2.C.A050500.U2.EUR,D,U2,C,A050500,U2,EUR,2023-03-10,0,A,F,,,P1D,,E,,,,,,,,,0,,Marginal lending facility - Eurosystem,"Euro area (changing composition), Eurosystem reporting sector - Marginal lending facility, Euro - Euro area (changing composition) counterpart",EUR,6
ILM.D.U2.C.A050500.U2.EUR,D,U2,C,A050500,U2,EUR,2023-03-13,0,A,F,,,P1D,,E,,,,,,,,,0,,Marginal lending facility - Eurosystem,"Euro area (changing composition), Eurosystem reporting sector - Marginal lending facility, Euro - Euro area (changing composition) counterpart",EUR,6
ILM.D.U2.C.A050500.U2.EUR,D,U2,C,A050500,U2,EUR,2023-03-14,0,A,F,,,P1D,,E,,,,,,,,,0,,Marginal lending facility - Eurosystem,"Euro area (changing composition), Eurosystem reporting sector - Marginal lending facility, Euro - Euro area (changing composition) counterpart",EUR,6
ILM.D.U2.C.A050500.U2.EUR,D,U2,C,A050500,U2,EUR,2023-03-15,6,A,F,,,P1D,,E,,,,,,,,,0,,Marginal lending facility - Eurosystem,"Euro area (changing composition), Eurosystem reporting sector - Marginal lending facility, Euro - Euro area (changing composition) counterpart",EUR,6
ILM.D.U2.C.A050500.U2.EUR,D,U2,C,A050500,U2,EUR,2023-03-16,26,A,F,,,P1D,,E,,,,,,,,,0,,Marginal lending facility - Eurosystem,"Euro area (changing composition), Eurosystem reporting sector - Marginal lending facility, Euro - Euro area (changing composition) counterpart",EUR,6
ILM.D.U2.C.A050500.U2.EUR,D,U2,C,A050500,U2,EUR,2023-03-17,15,A,F,,,P1D,,E,,,,,,,,,0,,Marginal lending facility - Eurosystem,"Euro area (changing composition), Eurosystem reporting sector - Marginal lending facility, Euro - Euro area (changing composition) counterpart",EUR,6
ILM.D.U2.C.A050500.U2.EUR,D,U2,C,A050500,U2,EUR,2023-03-20,87,A,F,,,P1D,,E,,,,,,,,,0,,Marginal lending facility - Eurosystem,"Euro area (changing composition), Eurosystem reporting sector - Marginal lending facility, Euro - Euro area (changing composition) counterpart",EUR,6
ILM.D.U2.C.A050500.U2.EUR,D,U2,C,A050500,U2,EUR,2023-03-21,192,A,F,,,P1D,,E,,,,,,,,,0,,Marginal lending facility - Eurosystem,"Euro area (changing composition), Eurosystem reporting sector - Marginal lending facility, Euro - Euro area (changing composition) counterpart",EUR,6
ILM.D.U2.C.A050500.U2.EUR,D,U2,C,A050500,U2,EUR,2023-03-22,70.89025606,A,F,,,P1D,,E,,,,,,,,,0,,Marginal lending facility - Eurosystem,"Euro area (changing composition), Eurosystem reporting sector - Marginal lending facility, Euro - Euro area (changing composition) counterpart",EUR,6
ILM.D.U2.C.A050500.U2.EUR,D,U2,C,A050500,U2,EUR,2023-03-23,66.89937326,A,F,,,P1D,,E,,,,,,,,,0,,Marginal lending facility - Eurosystem,"Euro area (changing composition), Eurosystem reporting sector - Marginal lending facility, Euro - Euro area (changing composition) counterpart",EUR,6
ILM.D.U2.C.A050500.U2.EUR,D,U2,C,A050500,U2,EUR,2023-03-24,57.4830546,A,F,,,P1D,,E,,,,,,,,,0,,Marginal lending facility - Eurosystem,"Euro area (changing composition), Eurosystem reporting sector - Marginal lending facility, Euro - Euro area (changing composition) counterpart",EUR,6
ILM.D.U2.C.A050500.U2.EUR,D,U2,C,A050500,U2,EUR,2023-03-27,79,A,F,,,P1D,,E,,,,,,,,,0,,Marginal lending facility - Eurosystem,"Euro area (changing composition), Eurosystem reporting sector - Marginal lending facility, Euro - Euro area (changing composition) counterpart",EUR,6
ILM.D.U2.C.A050500.U2.EUR,D,U2,C,A050500,U2,EUR,2023-03-28,60,A,F,,,P1D,,E,,,,,,,,,0,,Marginal lending facility - Eurosystem,"Euro area (changing composition), Eurosystem reporting sector - Marginal lending facility, Euro - Euro area (changing composition) counterpart",EUR,6
ILM.D.U2.C.A050500.U2.EUR,D,U2,C,A050500,U2,EUR,2023-03-29,89,A,F,,,P1D,,E,,,,,,,,,0,,Marginal lending facility - Eurosystem,"Euro area (changing composition), Eurosystem reporting sector - Marginal lending facility, Euro - Euro area (changing composition) counterpart",EUR,6
ILM.D.U2.C.A050500.U2.EUR,D,U2,C,A050500,U2,EUR,2023-03-30,113,A,F,,,P1D,,E,,,,,,,,,0,,Marginal lending facility - Eurosystem,"Euro area (changing composition), Eurosystem reporting sector - Marginal lending facility, Euro - Euro area (changing composition) counterpart",EUR,6
ILM.D.U2.C.A050500.U2.EUR,D,U2,C,A050500,U2,EUR,2023-03-31,168,A,F,,,P1D,,E,,,,,,,,,0,,Marginal lending facility - Eurosystem,"Euro area (changing composition), Eurosystem reporting sector - Marginal lending facility, Euro - Euro area (changing composition) counterpart",EUR,6
ILM.D.U2.C.A050500.U2.EUR,D,U2,C,A050500,U2,EUR,2023-04-03,88,A,F,,,P1D,,E,,,,,,,,,0,,Marginal lending facility - Eurosystem,"Euro area (changing composition), Eurosystem reporting sector - Marginal lending facility, Euro - Euro area (changing composition) counterpart",EUR,6
ILM.D.U2.C.A050500.U2.EUR,D,U2,C,A050500,U2,EUR,2023-04-04,15,A,F,,,P1D,,E,,,,,,,,,0,,Marginal lending facility - Eurosystem,"Euro area (changing composition), Eurosystem reporting sector - Marginal lending facility, Euro - Euro area (changing composition) counterpart",EUR,6
ILM.D.U2.C.A050500.U2.EUR,D,U2,C,A050500,U2,EUR,2023-04-05,34,A,F,,,P1D,,E,,,,,,,,,0,,Marginal lending facility - Eurosystem,"Euro area (changing composition), Eurosystem reporting sector - Marginal lending facility, Euro - Euro area (changing composition) counterpart",EUR,6
ILM.D.U2.C.A050500.U2.EUR,D,U2,C,A050500,U2,EUR,2023-04-06,26.05153473,A,F,,,P1D,,E,,,,,,,,,0,,Marginal lending facility - Eurosystem,"Euro area (changing composition), Eurosystem reporting sector - Marginal lending facility, Euro - Euro area (changing composition) counterpart",EUR,6
ILM.D.U2.C.A050500.U2.EUR,D,U2,C,A050500,U2,EUR,2023-04-07,26.05153473,A,F,,,P1D,,E,,,,,,,,,0,,Marginal lending facility - Eurosystem,"Euro area (changing composition), Eurosystem reporting sector - Marginal lending facility, Euro - Euro area (changing composition) counterpart",EUR,6
ILM.D.U2.C.A050500.U2.EUR,D,U2,C,A050500,U2,EUR,2023-04-10,26.05153473,A,F,,,P1D,,E,,,,,,,,,0,,Marginal lending facility - Eurosystem,"Euro area (changing composition), Eurosystem reporting sector - Marginal lending facility, Euro - Euro area (changing composition) counterpart",EUR,6
ILM.D.U2.C.A050500.U2.EUR,D,U2,C,A050500,U2,EUR,2023-04-11,44,A,F,,,P1D,,E,,,,,,,,,0,,Marginal lending facility - Eurosystem,"Euro area (changing composition), Eurosystem reporting sector - Marginal lending facility, Euro - Euro area (changing composition) counterpart",EUR,6
ILM.D.U2.C.A050500.U2.EUR,D,U2,C,A050500,U2,EUR,2023-04-12,3,A,F,,,P1D,,E,,,,,,,,,0,,Marginal lending facility - Eurosystem,"Euro area (changing composition), Eurosystem reporting sector - Marginal lending facility, Euro - Euro area (changing composition) counterpart",EUR,6
ILM.D.U2.C.A050500.U2.EUR,D,U2,C,A050500,U2,EUR,2023-04-13,3,A,F,,,P1D,,E,,,,,,,,,0,,Marginal lending facility - Eurosystem,"Euro area (changing composition), Eurosystem reporting sector - Marginal lending facility, Euro - Euro area (changing composition) counterpart",EUR,6
ILM.D.U2.C.A050500.U2.EUR,D,U2,C,A050500,U2,EUR,2023-04-14,0.00159623,A,F,,,P1D,,E,,,,,,,,,0,,Marginal lending facility - Eurosystem,"Euro area (changing composition), Eurosystem reporting sector - Marginal lending facility, Euro - Euro area (changing composition) counterpart",EUR,6
ILM.D.U2.C.A050500.U2.EUR,D,U2,C,A050500,U2,EUR,2023-04-17,49.0681434,A,F,,,P1D,,E,,,,,,,,,0,,Marginal lending facility - Eurosystem,"Euro area (changing composition), Eurosystem reporting sector - Marginal lending facility, Euro - Euro area (changing composition) counterpart",EUR,6
ILM.D.U2.C.A050500.U2.EUR,D,U2,C,A050500,U2,EUR,2023-04-18,43.16022987,A,F,,,P1D,,E,,,,,,,,,0,,Marginal lending facility - Eurosystem,"Euro area (changing composition), Eurosystem reporting sector - Marginal lending facility, Euro - Euro area (changing composition) counterpart",EUR,6
ILM.D.U2.C.A050500.U2.EUR,D,U2,C,A050500,U2,EUR,2023-04-19,0.01159707,A,F,,,P1D,,E,,,,,,,,,0,,Marginal lending facility - Eurosystem,"Euro area (changing composition), Eurosystem reporting sector - Marginal lending facility, Euro - Euro area (changing composition) counterpart",EUR,6
ILM.D.U2.C.A050500.U2.EUR,D,U2,C,A050500,U2,EUR,2023-04-20,1860.27300461,A,F,,,P1D,,E,,,,,,,,,0,,Marginal lending facility - Eurosystem,"Euro area (changing composition), Eurosystem reporting sector - Marginal lending facility, Euro - Euro area (changing composition) counterpart",EUR,6
ILM.D.U2.C.A050500.U2.EUR,D,U2,C,A050500,U2,EUR,2023-04-21,5.81535432,A,F,,,P1D,,E,,,,,,,,,0,,Marginal lending facility - Eurosystem,"Euro area (changing composition), Eurosystem reporting sector - Marginal lending facility, Euro - Euro area (changing composition) counterpart",EUR,6
ILM.D.U2.C.A050500.U2.EUR,D,U2,C,A050500,U2,EUR,2023-04-24,11.38924379,A,F,,,P1D,,E,,,,,,,,,0,,Marginal lending facility - Eurosystem,"Euro area (changing composition), Eurosystem reporting sector - Marginal lending facility, Euro - Euro area (changing composition) counterpart",EUR,6
ILM.D.U2.C.A050500.U2.EUR,D,U2,C,A050500,U2,EUR,2023-04-25,10.555,A,F,,,P1D,,E,,,,,,,,,0,,Marginal lending facility - Eurosystem,"Euro area (changing composition), Eurosystem reporting sector - Marginal lending facility, Euro - Euro area (changing composition) counterpart",EUR,6
ILM.D.U2.C.A050500.U2.EUR,D,U2,C,A050500,U2,EUR,2023-04-26,56.555,A,F,,,P1D,,E,,,,,,,,,0,,Marginal lending facility - Eurosystem,"Euro area (changing composition), Eurosystem reporting sector - Marginal lending facility, Euro - Euro area (changing composition) counterpart",EUR,6
ILM.D.U2.C.A050500.U2.EUR,D,U2,C,A050500,U2,EUR,2023-04-27,14.29380307,A,F,,,P1D,,E,,,,,,,,,0,,Marginal lending facility - Eurosystem,"Euro area (changing composition), Eurosystem reporting sector - Marginal lending facility, Euro - Euro area (changing composition) counterpart",EUR,6
ILM.D.U2.C.A050500.U2.EUR,D,U2,C,A050500,U2,EUR,2023-04-28,180,A,F,,,P1D,,E,,,,,,,,,0,,Marginal lending facility - Eurosystem,"Euro area (changing composition), Eurosystem reporting sector - Marginal lending facility, Euro - Euro area (changing composition) counterpart",EUR,6
ILM.D.U2.C.A050500.U2.EUR,D,U2,C,A050500,U2,EUR,2023-05-01,180,A,F,,,P1D,,E,,,,,,,,,0,,Marginal lending facility - Eurosystem,"Euro area (changing composition), Eurosystem reporting sector - Marginal lending facility, Euro - Euro area (changing composition) counterpart",EUR,6
ILM.D.U2.C.A050500.U2.EUR,D,U2,C,A050500,U2,EUR,2023-05-02,130,A,F,,,P1D,,E,,,,,,,,,0,,Marginal lending facility - Eurosystem,"Euro area (changing composition), Eurosystem reporting sector - Marginal lending facility, Euro - Euro area (changing composition) counterpart",EUR,6
ILM.D.U2.C.A050500.U2.EUR,D,U2,C,A050500,U2,EUR,2023-05-03,60,A,F,,,P1D,,E,,,,,,,,,0,,Marginal lending facility - Eurosystem,"Euro area (changing composition), Eurosystem reporting sector - Marginal lending facility, Euro - Euro area (changing composition) counterpart",EUR,6
ILM.D.U2.C.A050500.U2.EUR,D,U2,C,A050500,U2,EUR,2023-05-04,0,A,F,,,P1D,,E,,,,,,,,,0,,Marginal lending facility - Eurosystem,"Euro area (changing composition), Eurosystem reporting sector - Marginal lending facility, Euro - Euro area (changing composition) counterpart",EUR,6
ILM.D.U2.C.A050500.U2.EUR,D,U2,C,A050500,U2,EUR,2023-05-05,1.85556097,A,F,,,P1D,,E,,,,,,,,,0,,Marginal lending facility - Eurosystem,"Euro area (changing composition), Eurosystem reporting sector - Marginal lending facility, Euro - Euro area (changing composition) counterpart",EUR,6
ILM.D.U2.C.A050500.U2.EUR,D,U2,C,A050500,U2,EUR,2023-05-08,1.93444092,A,F,,,P1D,,E,,,,,,,,,0,,Marginal lending facility - Eurosystem,"Euro area (changing composition), Eurosystem reporting sector - Marginal lending facility, Euro - Euro area (changing composition) counterpart",EUR,6
ILM.D.U2.C.A050500.U2.EUR,D,U2,C,A050500,U2,EUR,2023-05-09,12.89413618,A,F,,,P1D,,E,,,,,,,,,0,,Marginal lending facility - Eurosystem,"Euro area (changing composition), Eurosystem reporting sector - Marginal lending facility, Euro - Euro area (changing composition) counterpart",EUR,6
ILM.D.U2.C.A050500.U2.EUR,D,U2,C,A050500,U2,EUR,2023-05-10,0.001,A,F,,,P1D,,E,,,,,,,,,0,,Marginal lending facility - Eurosystem,"Euro area (changing composition), Eurosystem reporting sector - Marginal lending facility, Euro - Euro area (changing composition) counterpart",EUR,6
ILM.D.U2.C.A050500.U2.EUR,D,U2,C,A050500,U2,EUR,2023-05-11,0.1,A,F,,,P1D,,E,,,,,,,,,0,,Marginal lending facility - Eurosystem,"Euro area (changing composition), Eurosystem reporting sector - Marginal lending facility, Euro - Euro area (changing composition) counterpart",EUR,6
ILM.D.U2.C.A050500.U2.EUR,D,U2,C,A050500,U2,EUR,2023-05-12,0,A,F,,,P1D,,E,,,,,,,,,0,,Marginal lending facility - Eurosystem,"Euro area (changing composition), Eurosystem reporting sector - Marginal lending facility, Euro - Euro area (changing composition) counterpart",EUR,6
ILM.D.U2.C.A050500.U2.EUR,D,U2,C,A050500,U2,EUR,2023-05-15,0,A,F,,,P1D,,E,,,,,,,,,0,,Marginal lending facility - Eurosystem,"Euro area (changing composition), Eurosystem reporting sector - Marginal lending facility, Euro - Euro area (changing composition) counterpart",EUR,6
ILM.D.U2.C.A050500.U2.EUR,D,U2,C,A050500,U2,EUR,2023-05-16,8,A,F,,,P1D,,E,,,,,,,,,0,,Marginal lending facility - Eurosystem,"Euro area (changing composition), Eurosystem reporting sector - Marginal lending facility, Euro - Euro area (changing composition) counterpart",EUR,6
ILM.D.U2.C.A050500.U2.EUR,D,U2,C,A050500,U2,EUR,2023-05-17,18,A,F,,,P1D,,E,,,,,,,,,0,,Marginal lending facility - Eurosystem,"Euro area (changing composition), Eurosystem reporting sector - Marginal lending facility, Euro - Euro area (changing composition) counterpart",EUR,6
ILM.D.U2.C.A050500.U2.EUR,D,U2,C,A050500,U2,EUR,2023-05-18,0,A,F,,,P1D,,E,,,,,,,,,0,,Marginal lending facility - Eurosystem,"Euro area (changing composition), Eurosystem reporting sector - Marginal lending facility, Euro - Euro area (changing composition) counterpart",EUR,6
ILM.D.U2.C.A050500.U2.EUR,D,U2,C,A050500,U2,EUR,2023-05-19,0,A,F,,,P1D,,E,,,,,,,,,0,,Marginal lending facility - Eurosystem,"Euro area (changing composition), Eurosystem reporting sector - Marginal lending facility, Euro - Euro area (changing composition) counterpart",EUR,6
ILM.D.U2.C.A050500.U2.EUR,D,U2,C,A050500,U2,EUR,2023-05-22,1.19514068,A,F,,,P1D,,E,,,,,,,,,0,,Marginal lending facility - Eurosystem,"Euro area (changing composition), Eurosystem reporting sector - Marginal lending facility, Euro - Euro area (changing composition) counterpart",EUR,6
ILM.D.U2.C.A050500.U2.EUR,D,U2,C,A050500,U2,EUR,2023-05-23,1,A,F,,,P1D,,E,,,,,,,,,0,,Marginal lending facility - Eurosystem,"Euro area (changing composition), Eurosystem reporting sector - Marginal lending facility, Euro - Euro area (changing composition) counterpart",EUR,6
ILM.D.U2.C.A050500.U2.EUR,D,U2,C,A050500,U2,EUR,2023-05-24,4,A,F,,,P1D,,E,,,,,,,,,0,,Marginal lending facility - Eurosystem,"Euro area (changing composition), Eurosystem reporting sector - Marginal lending facility, Euro - Euro area (changing composition) counterpart",EUR,6
ILM.D.U2.C.A050500.U2.EUR,D,U2,C,A050500,U2,EUR,2023-05-25,0.5,A,F,,,P1D,,E,,,,,,,,,0,,Marginal lending facility - Eurosystem,"Euro area (changing composition), Eurosystem reporting sector - Marginal lending facility, Euro - Euro area (changing composition) counterpart",EUR,6
ILM.D.U2.C.A050500.U2.EUR,D,U2,C,A050500,U2,EUR,2023-05-26,102.5,A,F,,,P1D,,E,,,,,,,,,0,,Marginal lending facility - Eurosystem,"Euro area (changing composition), Eurosystem reporting sector - Marginal lending facility, Euro - Euro area (changing composition) counterpart",EUR,6
ILM.D.U2.C.A050500.U2.EUR,D,U2,C,A050500,U2,EUR,2023-05-29,118.91601897,A,F,,,P1D,,E,,,,,,,,,0,,Marginal lending facility - Eurosystem,"Euro area (changing composition), Eurosystem reporting sector - Marginal lending facility, Euro - Euro area (changing composition) counterpart",EUR,6
ILM.D.U2.C.A050500.U2.EUR,D,U2,C,A050500,U2,EUR,2023-05-30,174.04618017,A,F,,,P1D,,E,,,,,,,,,0,,Marginal lending facility - Eurosystem,"Euro area (changing composition), Eurosystem reporting sector - Marginal lending facility, Euro - Euro area (changing composition) counterpart",EUR,6
ILM.D.U2.C.A050500.U2.EUR,D,U2,C,A050500,U2,EUR,2023-05-31,100.61687327,A,F,,,P1D,,E,,,,,,,,,0,,Marginal lending facility - Eurosystem,"Euro area (changing composition), Eurosystem reporting sector - Marginal lending facility, Euro - Euro area (changing composition) counterpart",EUR,6
ILM.D.U2.C.A050500.U2.EUR,D,U2,C,A050500,U2,EUR,2023-06-01,30.50951392,A,F,,,P1D,,E,,,,,,,,,0,,Marginal lending facility - Eurosystem,"Euro area (changing composition), Eurosystem reporting sector - Marginal lending facility, Euro - Euro area (changing composition) counterpart",EUR,6
ILM.D.U2.C.A050500.U2.EUR,D,U2,C,A050500,U2,EUR,2023-06-02,0,A,F,,,P1D,,E,,,,,,,,,0,,Marginal lending facility - Eurosystem,"Euro area (changing composition), Eurosystem reporting sector - Marginal lending facility, Euro - Euro area (changing composition) counterpart",EUR,6
ILM.D.U2.C.A050500.U2.EUR,D,U2,C,A050500,U2,EUR,2023-06-05,1199.62405,A,F,,,P1D,,E,,,,,,,,,0,,Marginal lending facility - Eurosystem,"Euro area (changing composition), Eurosystem reporting sector - Marginal lending facility, Euro - Euro area (changing composition) counterpart",EUR,6
ILM.D.U2.C.A050500.U2.EUR,D,U2,C,A050500,U2,EUR,2023-06-06,1488.84772304,A,F,,,P1D,,E,,,,,,,,,0,,Marginal lending facility - Eurosystem,"Euro area (changing composition), Eurosystem reporting sector - Marginal lending facility, Euro - Euro area (changing composition) counterpart",EUR,6
ILM.D.U2.C.A050500.U2.EUR,D,U2,C,A050500,U2,EUR,2023-06-07,90,A,F,,,P1D,,E,,,,,,,,,0,,Marginal lending facility - Eurosystem,"Euro area (changing composition), Eurosystem reporting sector - Marginal lending facility, Euro - Euro area (changing composition) counterpart",EUR,6
ILM.D.U2.C.A050500.U2.EUR,D,U2,C,A050500,U2,EUR,2023-06-08,92.48885438,A,F,,,P1D,,E,,,,,,,,,0,,Marginal lending facility - Eurosystem,"Euro area (changing composition), Eurosystem reporting sector - Marginal lending facility, Euro - Euro area (changing composition) counterpart",EUR,6
ILM.D.U2.C.A050500.U2.EUR,D,U2,C,A050500,U2,EUR,2023-06-09,102.04244323,A,F,,,P1D,,E,,,,,,,,,0,,Marginal lending facility - Eurosystem,"Euro area (changing composition), Eurosystem reporting sector - Marginal lending facility, Euro - Euro area (changing composition) counterpart",EUR,6
ILM.D.U2.C.A050500.U2.EUR,D,U2,C,A050500,U2,EUR,2023-06-12,144.50924622,A,F,,,P1D,,E,,,,,,,,,0,,Marginal lending facility - Eurosystem,"Euro area (changing composition), Eurosystem reporting sector - Marginal lending facility, Euro - Euro area (changing composition) counterpart",EUR,6
ILM.D.U2.C.A050500.U2.EUR,D,U2,C,A050500,U2,EUR,2023-06-13,111.12244322,A,F,,,P1D,,E,,,,,,,,,0,,Marginal lending facility - Eurosystem,"Euro area (changing composition), Eurosystem reporting sector - Marginal lending facility, Euro - Euro area (changing composition) counterpart",EUR,6
ILM.D.U2.C.A050500.U2.EUR,D,U2,C,A050500,U2,EUR,2023-06-14,120,A,F,,,P1D,,E,,,,,,,,,0,,Marginal lending facility - Eurosystem,"Euro area (changing composition), Eurosystem reporting sector - Marginal lending facility, Euro - Euro area (changing composition) counterpart",EUR,6
ILM.D.U2.C.A050500.U2.EUR,D,U2,C,A050500,U2,EUR,2023-06-15,111.1,A,F,,,P1D,,E,,,,,,,,,0,,Marginal lending facility - Eurosystem,"Euro area (changing composition), Eurosystem reporting sector - Marginal lending facility, Euro - Euro area (changing composition) counterpart",EUR,6
ILM.D.U2.C.A050500.U2.EUR,D,U2,C,A050500,U2,EUR,2023-06-16,80.42886476,A,F,,,P1D,,E,,,,,,,,,0,,Marginal lending facility - Eurosystem,"Euro area (changing composition), Eurosystem reporting sector - Marginal lending facility, Euro - Euro area (changing composition) counterpart",EUR,6
ILM.D.U2.C.A050500.U2.EUR,D,U2,C,A050500,U2,EUR,2023-06-19,42.23023874,A,F,,,P1D,,E,,,,,,,,,0,,Marginal lending facility - Eurosystem,"Euro area (changing composition), Eurosystem reporting sector - Marginal lending facility, Euro - Euro area (changing composition) counterpart",EUR,6
ILM.D.U2.C.A050500.U2.EUR,D,U2,C,A050500,U2,EUR,2023-06-20,29,A,F,,,P1D,,E,,,,,,,,,0,,Marginal lending facility - Eurosystem,"Euro area (changing composition), Eurosystem reporting sector - Marginal lending facility, Euro - Euro area (changing composition) counterpart",EUR,6
ILM.D.U2.C.A050500.U2.EUR,D,U2,C,A050500,U2,EUR,2023-06-21,40,A,F,,,P1D,,E,,,,,,,,,0,,Marginal lending facility - Eurosystem,"Euro area (changing composition), Eurosystem reporting sector - Marginal lending facility, Euro - Euro area (changing composition) counterpart",EUR,6
ILM.D.U2.C.A050500.U2.EUR,D,U2,C,A050500,U2,EUR,2023-06-22,50,A,F,,,P1D,,E,,,,,,,,,0,,Marginal lending facility - Eurosystem,"Euro area (changing composition), Eurosystem reporting sector - Marginal lending facility, Euro - Euro area (changing composition) counterpart",EUR,6
ILM.D.U2.C.A050500.U2.EUR,D,U2,C,A050500,U2,EUR,2023-06-23,105,A,F,,,P1D,,E,,,,,,,,,0,,Marginal lending facility - Eurosystem,"Euro area (changing composition), Eurosystem reporting sector - Marginal lending facility, Euro - Euro area (changing composition) counterpart",EUR,6
ILM.D.U2.C.A050500.U2.EUR,D,U2,C,A050500,U2,EUR,2023-06-26,75,A,F,,,P1D,,E,,,,,,,,,0,,Marginal lending facility - Eurosystem,"Euro area (changing composition), Eurosystem reporting sector - Marginal lending facility, Euro - Euro area (changing composition) counterpart",EUR,6
ILM.D.U2.C.A050500.U2.EUR,D,U2,C,A050500,U2,EUR,2023-06-27,137,A,F,,,P1D,,E,,,,,,,,,0,,Marginal lending facility - Eurosystem,"Euro area (changing composition), Eurosystem reporting sector - Marginal lending facility, Euro - Euro area (changing composition) counterpart",EUR,6
ILM.D.U2.C.A050500.U2.EUR,D,U2,C,A050500,U2,EUR,2023-06-28,257.85679095,A,F,,,P1D,,E,,,,,,,,,0,,Marginal lending facility - Eurosystem,"Euro area (changing composition), Eurosystem reporting sector - Marginal lending facility, Euro - Euro area (changing composition) counterpart",EUR,6
ILM.D.U2.C.A050500.U2.EUR,D,U2,C,A050500,U2,EUR,2023-06-29,42.62894469,A,F,,,P1D,,E,,,,,,,,,0,,Marginal lending facility - Eurosystem,"Euro area (changing composition), Eurosystem reporting sector - Marginal lending facility, Euro - Euro area (changing composition) counterpart",EUR,6
ILM.D.U2.C.A050500.U2.EUR,D,U2,C,A050500,U2,EUR,2023-06-30,150,A,F,,,P1D,,E,,,,,,,,,0,,Marginal lending facility - Eurosystem,"Euro area (changing composition), Eurosystem reporting sector - Marginal lending facility, Euro - Euro area (changing composition) counterpart",EUR,6
ILM.D.U2.C.A050500.U2.EUR,D,U2,C,A050500,U2,EUR,2023-07-03,220,A,F,,,P1D,,E,,,,,,,,,0,,Marginal lending facility - Eurosystem,"Euro area (changing composition), Eurosystem reporting sector - Marginal lending facility, Euro - Euro area (changing composition) counterpart",EUR,6
ILM.D.U2.C.A050500.U2.EUR,D,U2,C,A050500,U2,EUR,2023-07-04,125,A,F,,,P1D,,E,,,,,,,,,0,,Marginal lending facility - Eurosystem,"Euro area (changing composition), Eurosystem reporting sector - Marginal lending facility, Euro - Euro area (changing composition) counterpart",EUR,6
ILM.D.U2.C.A050500.U2.EUR,D,U2,C,A050500,U2,EUR,2023-07-05,0,A,F,,,P1D,,E,,,,,,,,,0,,Marginal lending facility - Eurosystem,"Euro area (changing composition), Eurosystem reporting sector - Marginal lending facility, Euro - Euro area (changing composition) counterpart",EUR,6
ILM.D.U2.C.A050500.U2.EUR,D,U2,C,A050500,U2,EUR,2023-07-06,0.1,A,F,,,P1D,,E,,,,,,,,,0,,Marginal lending facility - Eurosystem,"Euro area (changing composition), Eurosystem reporting sector - Marginal lending facility, Euro - Euro area (changing composition) counterpart",EUR,6
ILM.D.U2.C.A050500.U2.EUR,D,U2,C,A050500,U2,EUR,2023-07-07,1.6969759,A,F,,,P1D,,E,,,,,,,,,0,,Marginal lending facility - Eurosystem,"Euro area (changing composition), Eurosystem reporting sector - Marginal lending facility, Euro - Euro area (changing composition) counterpart",EUR,6
ILM.D.U2.C.A050500.U2.EUR,D,U2,C,A050500,U2,EUR,2023-07-10,0,A,F,,,P1D,,E,,,,,,,,,0,,Marginal lending facility - Eurosystem,"Euro area (changing composition), Eurosystem reporting sector - Marginal lending facility, Euro - Euro area (changing composition) counterpart",EUR,6
ILM.D.U2.C.A050500.U2.EUR,D,U2,C,A050500,U2,EUR,2023-07-11,35.14547134,A,F,,,P1D,,E,,,,,,,,,0,,Marginal lending facility - Eurosystem,"Euro area (changing composition), Eurosystem reporting sector - Marginal lending facility, Euro - Euro area (changing composition) counterpart",EUR,6
ILM.D.U2.C.A050500.U2.EUR,D,U2,C,A050500,U2,EUR,2023-07-12,35.5,A,F,,,P1D,,E,,,,,,,,,0,,Marginal lending facility - Eurosystem,"Euro area (changing composition), Eurosystem reporting sector - Marginal lending facility, Euro - Euro area (changing composition) counterpart",EUR,6
ILM.D.U2.C.A050500.U2.EUR,D,U2,C,A050500,U2,EUR,2023-07-13,65,A,F,,,P1D,,E,,,,,,,,,0,,Marginal lending facility - Eurosystem,"Euro area (changing composition), Eurosystem reporting sector - Marginal lending facility, Euro - Euro area (changing composition) counterpart",EUR,6
ILM.D.U2.C.A050500.U2.EUR,D,U2,C,A050500,U2,EUR,2023-07-14,51.19646811,A,F,,,P1D,,E,,,,,,,,,0,,Marginal lending facility - Eurosystem,"Euro area (changing composition), Eurosystem reporting sector - Marginal lending facility, Euro - Euro area (changing composition) counterpart",EUR,6
ILM.D.U2.C.A050500.U2.EUR,D,U2,C,A050500,U2,EUR,2023-07-17,11.5,A,F,,,P1D,,E,,,,,,,,,0,,Marginal lending facility - Eurosystem,"Euro area (changing composition), Eurosystem reporting sector - Marginal lending facility, Euro - Euro area (changing composition) counterpart",EUR,6
ILM.D.U2.C.A050500.U2.EUR,D,U2,C,A050500,U2,EUR,2023-07-18,2044.17861257,A,F,,,P1D,,E,,,,,,,,,0,,Marginal lending facility - Eurosystem,"Euro area (changing composition), Eurosystem reporting sector - Marginal lending facility, Euro - Euro area (changing composition) counterpart",EUR,6
ILM.D.U2.C.A050500.U2.EUR,D,U2,C,A050500,U2,EUR,2023-07-19,45.001,A,F,,,P1D,,E,,,,,,,,,0,,Marginal lending facility - Eurosystem,"Euro area (changing composition), Eurosystem reporting sector - Marginal lending facility, Euro - Euro area (changing composition) counterpart",EUR,6
ILM.D.U2.C.A050500.U2.EUR,D,U2,C,A050500,U2,EUR,2023-07-20,50.1,A,F,,,P1D,,E,,,,,,,,,0,,Marginal lending facility - Eurosystem,"Euro area (changing composition), Eurosystem reporting sector - Marginal lending facility, Euro - Euro area (changing composition) counterpart",EUR,6
ILM.D.U2.C.A050500.U2.EUR,D,U2,C,A050500,U2,EUR,2023-07-21,55.19378509,A,F,,,P1D,,E,,,,,,,,,0,,Marginal lending facility - Eurosystem,"Euro area (changing composition), Eurosystem reporting sector - Marginal lending facility, Euro - Euro area (changing composition) counterpart",EUR,6
ILM.D.U2.C.A050500.U2.EUR,D,U2,C,A050500,U2,EUR,2023-07-24,30,A,F,,,P1D,,E,,,,,,,,,0,,Marginal lending facility - Eurosystem,"Euro area (changing composition), Eurosystem reporting sector - Marginal lending facility, Euro - Euro area (changing composition) counterpart",EUR,6
ILM.D.U2.C.A050500.U2.EUR,D,U2,C,A050500,U2,EUR,2023-07-25,45,A,F,,,P1D,,E,,,,,,,,,0,,Marginal lending facility - Eurosystem,"Euro area (changing composition), Eurosystem reporting sector - Marginal lending facility, Euro - Euro area (changing composition) counterpart",EUR,6
ILM.D.U2.C.A050500.U2.EUR,D,U2,C,A050500,U2,EUR,2023-07-26,45,A,F,,,P1D,,E,,,,,,,,,0,,Marginal lending facility - Eurosystem,"Euro area (changing composition), Eurosystem reporting sector - Marginal lending facility, Euro - Euro area (changing composition) counterpart",EUR,6
ILM.D.U2.C.A050500.U2.EUR,D,U2,C,A050500,U2,EUR,2023-07-27,64,A,F,,,P1D,,E,,,,,,,,,0,,Marginal lending facility - Eurosystem,"Euro area (changing composition), Eurosystem reporting sector - Marginal lending facility, Euro - Euro area (changing composition) counterpart",EUR,6
ILM.D.U2.C.A050500.U2.EUR,D,U2,C,A050500,U2,EUR,2023-07-28,243.76244543,A,F,,,P1D,,E,,,,,,,,,0,,Marginal lending facility - Eurosystem,"Euro area (changing composition), Eurosystem reporting sector - Marginal lending facility, Euro - Euro area (changing composition) counterpart",EUR,6
ILM.D.U2.C.A050500.U2.EUR,D,U2,C,A050500,U2,EUR,2023-07-31,170,A,F,,,P1D,,E,,,,,,,,,0,,Marginal lending facility - Eurosystem,"Euro area (changing composition), Eurosystem reporting sector - Marginal lending facility, Euro - Euro area (changing composition) counterpart",EUR,6
ILM.D.U2.C.A050500.U2.EUR,D,U2,C,A050500,U2,EUR,2023-08-01,37.13286747,A,F,,,P1D,,E,,,,,,,,,0,,Marginal lending facility - Eurosystem,"Euro area (changing composition), Eurosystem reporting sector - Marginal lending facility, Euro - Euro area (changing composition) counterpart",EUR,6
ILM.D.U2.C.A050500.U2.EUR,D,U2,C,A050500,U2,EUR,2023-08-02,25,A,F,,,P1D,,E,,,,,,,,,0,,Marginal lending facility - Eurosystem,"Euro area (changing composition), Eurosystem reporting sector - Marginal lending facility, Euro - Euro area (changing composition) counterpart",EUR,6
ILM.D.U2.C.A050500.U2.EUR,D,U2,C,A050500,U2,EUR,2023-08-03,20,A,F,,,P1D,,E,,,,,,,,,0,,Marginal lending facility - Eurosystem,"Euro area (changing composition), Eurosystem reporting sector - Marginal lending facility, Euro - Euro area (changing composition) counterpart",EUR,6
ILM.D.U2.C.A050500.U2.EUR,D,U2,C,A050500,U2,EUR,2023-08-04,15,A,F,,,P1D,,E,,,,,,,,,0,,Marginal lending facility - Eurosystem,"Euro area (changing composition), Eurosystem reporting sector - Marginal lending facility, Euro - Euro area (changing composition) counterpart",EUR,6
ILM.D.U2.C.A050500.U2.EUR,D,U2,C,A050500,U2,EUR,2023-08-07,10,A,F,,,P1D,,E,,,,,,,,,0,,Marginal lending facility - Eurosystem,"Euro area (changing composition), Eurosystem reporting sector - Marginal lending facility, Euro - Euro area (changing composition) counterpart",EUR,6
ILM.D.U2.C.A050500.U2.EUR,D,U2,C,A050500,U2,EUR,2023-08-08,10.15579708,A,F,,,P1D,,E,,,,,,,,,0,,Marginal lending facility - Eurosystem,"Euro area (changing composition), Eurosystem reporting sector - Marginal lending facility, Euro - Euro area (changing composition) counterpart",EUR,6
ILM.D.U2.C.A050500.U2.EUR,D,U2,C,A050500,U2,EUR,2023-08-09,2.21489853,A,F,,,P1D,,E,,,,,,,,,0,,Marginal lending facility - Eurosystem,"Euro area (changing composition), Eurosystem reporting sector - Marginal lending facility, Euro - Euro area (changing composition) counterpart",EUR,6
ILM.D.U2.C.A050500.U2.EUR,D,U2,C,A050500,U2,EUR,2023-08-10,11.84541775,A,F,,,P1D,,E,,,,,,,,,0,,Marginal lending facility - Eurosystem,"Euro area (changing composition), Eurosystem reporting sector - Marginal lending facility, Euro - Euro area (changing composition) counterpart",EUR,6
ILM.D.U2.C.A050500.U2.EUR,D,U2,C,A050500,U2,EUR,2023-08-11,9.52858621,A,F,,,P1D,,E,,,,,,,,,0,,Marginal lending facility - Eurosystem,"Euro area (changing composition), Eurosystem reporting sector - Marginal lending facility, Euro - Euro area (changing composition) counterpart",EUR,6
ILM.D.U2.C.A050500.U2.EUR,D,U2,C,A050500,U2,EUR,2023-08-14,5,A,F,,,P1D,,E,,,,,,,,,0,,Marginal lending facility - Eurosystem,"Euro area (changing composition), Eurosystem reporting sector - Marginal lending facility, Euro - Euro area (changing composition) counterpart",EUR,6
ILM.D.U2.C.A050500.U2.EUR,D,U2,C,A050500,U2,EUR,2023-08-15,2,A,F,,,P1D,,E,,,,,,,,,0,,Marginal lending facility - Eurosystem,"Euro area (changing composition), Eurosystem reporting sector - Marginal lending facility, Euro - Euro area (changing composition) counterpart",EUR,6
ILM.D.U2.C.A050500.U2.EUR,D,U2,C,A050500,U2,EUR,2023-08-16,230,A,F,,,P1D,,E,,,,,,,,,0,,Marginal lending facility - Eurosystem,"Euro area (changing composition), Eurosystem reporting sector - Marginal lending facility, Euro - Euro area (changing composition) counterpart",EUR,6
ILM.D.U2.C.A050500.U2.EUR,D,U2,C,A050500,U2,EUR,2023-08-17,241.76898126,A,F,,,P1D,,E,,,,,,,,,0,,Marginal lending facility - Eurosystem,"Euro area (changing composition), Eurosystem reporting sector - Marginal lending facility, Euro - Euro area (changing composition) counterpart",EUR,6
ILM.D.U2.C.A050500.U2.EUR,D,U2,C,A050500,U2,EUR,2023-08-18,346.75246937,A,F,,,P1D,,E,,,,,,,,,0,,Marginal lending facility - Eurosystem,"Euro area (changing composition), Eurosystem reporting sector - Marginal lending facility, Euro - Euro area (changing composition) counterpart",EUR,6
ILM.D.U2.C.A050500.U2.EUR,D,U2,C,A050500,U2,EUR,2023-08-21,342.5,A,F,,,P1D,,E,,,,,,,,,0,,Marginal lending facility - Eurosystem,"Euro area (changing composition), Eurosystem reporting sector - Marginal lending facility, Euro - Euro area (changing composition) counterpart",EUR,6
ILM.D.U2.C.A050500.U2.EUR,D,U2,C,A050500,U2,EUR,2023-08-22,340,A,F,,,P1D,,E,,,,,,,,,0,,Marginal lending facility - Eurosystem,"Euro area (changing composition), Eurosystem reporting sector - Marginal lending facility, Euro - Euro area (changing composition) counterpart",EUR,6
ILM.D.U2.C.A050500.U2.EUR,D,U2,C,A050500,U2,EUR,2023-08-23,40.6752427,A,F,,,P1D,,E,,,,,,,,,0,,Marginal lending facility - Eurosystem,"Euro area (changing composition), Eurosystem reporting sector - Marginal lending facility, Euro - Euro area (changing composition) counterpart",EUR,6
ILM.D.U2.C.A050500.U2.EUR,D,U2,C,A050500,U2,EUR,2023-08-24,10,A,F,,,P1D,,E,,,,,,,,,0,,Marginal lending facility - Eurosystem,"Euro area (changing composition), Eurosystem reporting sector - Marginal lending facility, Euro - Euro area (changing composition) counterpart",EUR,6
ILM.D.U2.C.A050500.U2.EUR,D,U2,C,A050500,U2,EUR,2023-08-25,24.9996832,A,F,,,P1D,,E,,,,,,,,,0,,Marginal lending facility - Eurosystem,"Euro area (changing composition), Eurosystem reporting sector - Marginal lending facility, Euro - Euro area (changing composition) counterpart",EUR,6
ILM.D.U2.C.A050500.U2.EUR,D,U2,C,A050500,U2,EUR,2023-08-28,1,A,F,,,P1D,,E,,,,,,,,,0,,Marginal lending facility - Eurosystem,"Euro area (changing composition), Eurosystem reporting sector - Marginal lending facility, Euro - Euro area (changing composition) counterpart",EUR,6
ILM.D.U2.C.A050500.U2.EUR,D,U2,C,A050500,U2,EUR,2023-08-29,25,A,F,,,P1D,,E,,,,,,,,,0,,Marginal lending facility - Eurosystem,"Euro area (changing composition), Eurosystem reporting sector - Marginal lending facility, Euro - Euro area (changing composition) counterpart",EUR,6
ILM.D.U2.C.A050500.U2.EUR,D,U2,C,A050500,U2,EUR,2023-08-30,65,A,F,,,P1D,,E,,,,,,,,,0,,Marginal lending facility - Eurosystem,"Euro area (changing composition), Eurosystem reporting sector - Marginal lending facility, Euro - Euro area (changing composition) counterpart",EUR,6
ILM.D.U2.C.A050500.U2.EUR,D,U2,C,A050500,U2,EUR,2023-08-31,153,A,F,,,P1D,,E,,,,,,,,,0,,Marginal lending facility - Eurosystem,"Euro area (changing composition), Eurosystem reporting sector - Marginal lending facility, Euro - Euro area (changing composition) counterpart",EUR,6
ILM.D.U2.C.A050500.U2.EUR,D,U2,C,A050500,U2,EUR,2023-09-01,55,A,F,,,P1D,,E,,,,,,,,,0,,Marginal lending facility - Eurosystem,"Euro area (changing composition), Eurosystem reporting sector - Marginal lending facility, Euro - Euro area (changing composition) counterpart",EUR,6
ILM.D.U2.C.A050500.U2.EUR,D,U2,C,A050500,U2,EUR,2023-09-04,24.21956142,A,F,,,P1D,,E,,,,,,,,,0,,Marginal lending facility - Eurosystem,"Euro area (changing composition), Eurosystem reporting sector - Marginal lending facility, Euro - Euro area (changing composition) counterpart",EUR,6
ILM.D.U2.C.A050500.U2.EUR,D,U2,C,A050500,U2,EUR,2023-09-05,12.911646,A,F,,,P1D,,E,,,,,,,,,0,,Marginal lending facility - Eurosystem,"Euro area (changing composition), Eurosystem reporting sector - Marginal lending facility, Euro - Euro area (changing composition) counterpart",EUR,6
ILM.D.U2.C.A050500.U2.EUR,D,U2,C,A050500,U2,EUR,2023-09-06,25,A,F,,,P1D,,E,,,,,,,,,0,,Marginal lending facility - Eurosystem,"Euro area (changing composition), Eurosystem reporting sector - Marginal lending facility, Euro - Euro area (changing composition) counterpart",EUR,6
ILM.D.U2.C.A050500.U2.EUR,D,U2,C,A050500,U2,EUR,2023-09-07,25,A,F,,,P1D,,E,,,,,,,,,0,,Marginal lending facility - Eurosystem,"Euro area (changing composition), Eurosystem reporting sector - Marginal lending facility, Euro - Euro area (changing composition) counterpart",EUR,6
ILM.D.U2.C.A050500.U2.EUR,D,U2,C,A050500,U2,EUR,2023-09-08,25,A,F,,,P1D,,E,,,,,,,,,0,,Marginal lending facility - Eurosystem,"Euro area (changing composition), Eurosystem reporting sector - Marginal lending facility, Euro - Euro area (changing composition) counterpart",EUR,6
ILM.D.U2.C.A050500.U2.EUR,D,U2,C,A050500,U2,EUR,2023-09-11,15,A,F,,,P1D,,E,,,,,,,,,0,,Marginal lending facility - Eurosystem,"Euro area (changing composition), Eurosystem reporting sector - Marginal lending facility, Euro - Euro area (changing composition) counterpart",EUR,6
ILM.D.U2.C.A050500.U2.EUR,D,U2,C,A050500,U2,EUR,2023-09-12,1004.75135923,A,F,,,P1D,,E,,,,,,,,,0,,Marginal lending facility - Eurosystem,"Euro area (changing composition), Eurosystem reporting sector - Marginal lending facility, Euro - Euro area (changing composition) counterpart",EUR,6
ILM.D.U2.C.A050500.U2.EUR,D,U2,C,A050500,U2,EUR,2023-09-13,70,A,F,,,P1D,,E,,,,,,,,,0,,Marginal lending facility - Eurosystem,"Euro area (changing composition), Eurosystem reporting sector - Marginal lending facility, Euro - Euro area (changing composition) counterpart",EUR,6
ILM.D.U2.C.A050500.U2.EUR,D,U2,C,A050500,U2,EUR,2023-09-14,375.82872686,A,F,,,P1D,,E,,,,,,,,,0,,Marginal lending facility - Eurosystem,"Euro area (changing composition), Eurosystem reporting sector - Marginal lending facility, Euro - Euro area (changing composition) counterpart",EUR,6
ILM.D.U2.C.A050500.U2.EUR,D,U2,C,A050500,U2,EUR,2023-09-15,44,A,F,,,P1D,,E,,,,,,,,,0,,Marginal lending facility - Eurosystem,"Euro area (changing composition), Eurosystem reporting sector - Marginal lending facility, Euro - Euro area (changing composition) counterpart",EUR,6
ILM.D.U2.C.A050500.U2.EUR,D,U2,C,A050500,U2,EUR,2023-09-18,10.00001506,A,F,,,P1D,,E,,,,,,,,,0,,Marginal lending facility - Eurosystem,"Euro area (changing composition), Eurosystem reporting sector - Marginal lending facility, Euro - Euro area (changing composition) counterpart",EUR,6
ILM.D.U2.C.A050500.U2.EUR,D,U2,C,A050500,U2,EUR,2023-09-19,0.00779346,A,F,,,P1D,,E,,,,,,,,,0,,Marginal lending facility - Eurosystem,"Euro area (changing composition), Eurosystem reporting sector - Marginal lending facility, Euro - Euro area (changing composition) counterpart",EUR,6
ILM.D.U2.C.A050500.U2.EUR,D,U2,C,A050500,U2,EUR,2023-09-20,20.1,A,F,,,P1D,,E,,,,,,,,,0,,Marginal lending facility - Eurosystem,"Euro area (changing composition), Eurosystem reporting sector - Marginal lending facility, Euro - Euro area (changing composition) counterpart",EUR,6
ILM.D.U2.C.A050500.U2.EUR,D,U2,C,A050500,U2,EUR,2023-09-21,20.0006,A,F,,,P1D,,E,,,,,,,,,0,,Marginal lending facility - Eurosystem,"Euro area (changing composition), Eurosystem reporting sector - Marginal lending facility, Euro - Euro area (changing composition) counterpart",EUR,6
ILM.D.U2.C.A050500.U2.EUR,D,U2,C,A050500,U2,EUR,2023-09-22,40,A,F,,,P1D,,E,,,,,,,,,0,,Marginal lending facility - Eurosystem,"Euro area (changing composition), Eurosystem reporting sector - Marginal lending facility, Euro - Euro area (changing composition) counterpart",EUR,6
ILM.D.U2.C.A050500.U2.EUR,D,U2,C,A050500,U2,EUR,2023-09-25,50,A,F,,,P1D,,E,,,,,,,,,0,,Marginal lending facility - Eurosystem,"Euro area (changing composition), Eurosystem reporting sector - Marginal lending facility, Euro - Euro area (changing composition) counterpart",EUR,6
ILM.D.U2.C.A050500.U2.EUR,D,U2,C,A050500,U2,EUR,2023-09-26,70,A,F,,,P1D,,E,,,,,,,,,0,,Marginal lending facility - Eurosystem,"Euro area (changing composition), Eurosystem reporting sector - Marginal lending facility, Euro - Euro area (changing composition) counterpart",EUR,6
ILM.D.U2.C.A050500.U2.EUR,D,U2,C,A050500,U2,EUR,2023-09-27,138.60469335,A,F,,,P1D,,E,,,,,,,,,0,,Marginal lending facility - Eurosystem,"Euro area (changing composition), Eurosystem reporting sector - Marginal lending facility, Euro - Euro area (changing composition) counterpart",EUR,6
ILM.D.U2.C.A050500.U2.EUR,D,U2,C,A050500,U2,EUR,2023-09-28,0,A,F,,,P1D,,E,,,,,,,,,0,,Marginal lending facility - Eurosystem,"Euro area (changing composition), Eurosystem reporting sector - Marginal lending facility, Euro - Euro area (changing composition) counterpart",EUR,6
ILM.D.U2.C.A050500.U2.EUR,D,U2,C,A050500,U2,EUR,2023-09-29,0,A,F,,,P1D,,E,,,,,,,,,0,,Marginal lending facility - Eurosystem,"Euro area (changing composition), Eurosystem reporting sector - Marginal lending facility, Euro - Euro area (changing composition) counterpart",EUR,6
ILM.D.U2.C.A050500.U2.EUR,D,U2,C,A050500,U2,EUR,2023-10-02,0,A,F,,,P1D,,E,,,,,,,,,0,,Marginal lending facility - Eurosystem,"Euro area (changing composition), Eurosystem reporting sector - Marginal lending facility, Euro - Euro area (changing composition) counterpart",EUR,6
ILM.D.U2.C.A050500.U2.EUR,D,U2,C,A050500,U2,EUR,2023-10-03,0,A,F,,,P1D,,E,,,,,,,,,0,,Marginal lending facility - Eurosystem,"Euro area (changing composition), Eurosystem reporting sector - Marginal lending facility, Euro - Euro area (changing composition) counterpart",EUR,6
ILM.D.U2.C.A050500.U2.EUR,D,U2,C,A050500,U2,EUR,2023-10-04,1,A,F,,,P1D,,E,,,,,,,,,0,,Marginal lending facility - Eurosystem,"Euro area (changing composition), Eurosystem reporting sector - Marginal lending facility, Euro - Euro area (changing composition) counterpart",EUR,6
ILM.D.U2.C.A050500.U2.EUR,D,U2,C,A050500,U2,EUR,2023-10-05,0,A,F,,,P1D,,E,,,,,,,,,0,,Marginal lending facility - Eurosystem,"Euro area (changing composition), Eurosystem reporting sector - Marginal lending facility, Euro - Euro area (changing composition) counterpart",EUR,6
ILM.D.U2.C.A050500.U2.EUR,D,U2,C,A050500,U2,EUR,2023-10-06,5,A,F,,,P1D,,E,,,,,,,,,0,,Marginal lending facility - Eurosystem,"Euro area (changing composition), Eurosystem reporting sector - Marginal lending facility, Euro - Euro area (changing composition) counterpart",EUR,6
ILM.D.U2.C.A050500.U2.EUR,D,U2,C,A050500,U2,EUR,2023-10-09,0,A,F,,,P1D,,E,,,,,,,,,0,,Marginal lending facility - Eurosystem,"Euro area (changing composition), Eurosystem reporting sector - Marginal lending facility, Euro - Euro area (changing composition) counterpart",EUR,6
ILM.D.U2.C.A050500.U2.EUR,D,U2,C,A050500,U2,EUR,2023-10-10,42,A,F,,,P1D,,E,,,,,,,,,0,,Marginal lending facility - Eurosystem,"Euro area (changing composition), Eurosystem reporting sector - Marginal lending facility, Euro - Euro area (changing composition) counterpart",EUR,6
ILM.D.U2.C.A050500.U2.EUR,D,U2,C,A050500,U2,EUR,2023-10-11,0,A,F,,,P1D,,E,,,,,,,,,0,,Marginal lending facility - Eurosystem,"Euro area (changing composition), Eurosystem reporting sector - Marginal lending facility, Euro - Euro area (changing composition) counterpart",EUR,6
ILM.D.U2.C.A050500.U2.EUR,D,U2,C,A050500,U2,EUR,2023-10-12,0,A,F,,,P1D,,E,,,,,,,,,0,,Marginal lending facility - Eurosystem,"Euro area (changing composition), Eurosystem reporting sector - Marginal lending facility, Euro - Euro area (changing composition) counterpart",EUR,6
ILM.D.U2.C.A050500.U2.EUR,D,U2,C,A050500,U2,EUR,2023-10-13,30.00008809,A,F,,,P1D,,E,,,,,,,,,0,,Marginal lending facility - Eurosystem,"Euro area (changing composition), Eurosystem reporting sector - Marginal lending facility, Euro - Euro area (changing composition) counterpart",EUR,6
ILM.D.U2.C.A050500.U2.EUR,D,U2,C,A050500,U2,EUR,2023-10-16,30,A,F,,,P1D,,E,,,,,,,,,0,,Marginal lending facility - Eurosystem,"Euro area (changing composition), Eurosystem reporting sector - Marginal lending facility, Euro - Euro area (changing composition) counterpart",EUR,6
ILM.D.U2.C.A050500.U2.EUR,D,U2,C,A050500,U2,EUR,2023-10-17,30.5,A,F,,,P1D,,E,,,,,,,,,0,,Marginal lending facility - Eurosystem,"Euro area (changing composition), Eurosystem reporting sector - Marginal lending facility, Euro - Euro area (changing composition) counterpart",EUR,6
ILM.D.U2.C.A050500.U2.EUR,D,U2,C,A050500,U2,EUR,2023-10-18,80.15581639,A,F,,,P1D,,E,,,,,,,,,0,,Marginal lending facility - Eurosystem,"Euro area (changing composition), Eurosystem reporting sector - Marginal lending facility, Euro - Euro area (changing composition) counterpart",EUR,6
ILM.D.U2.C.A050500.U2.EUR,D,U2,C,A050500,U2,EUR,2023-10-19,90.0037074,A,F,,,P1D,,E,,,,,,,,,0,,Marginal lending facility - Eurosystem,"Euro area (changing composition), Eurosystem reporting sector - Marginal lending facility, Euro - Euro area (changing composition) counterpart",EUR,6
ILM.D.U2.C.A050500.U2.EUR,D,U2,C,A050500,U2,EUR,2023-10-20,49,A,F,,,P1D,,E,,,,,,,,,0,,Marginal lending facility - Eurosystem,"Euro area (changing composition), Eurosystem reporting sector - Marginal lending facility, Euro - Euro area (changing composition) counterpart",EUR,6
ILM.D.U2.C.A050500.U2.EUR,D,U2,C,A050500,U2,EUR,2023-10-23,127,A,F,,,P1D,,E,,,,,,,,,0,,Marginal lending facility - Eurosystem,"Euro area (changing composition), Eurosystem reporting sector - Marginal lending facility, Euro - Euro area (changing composition) counterpart",EUR,6
ILM.D.U2.C.A050500.U2.EUR,D,U2,C,A050500,U2,EUR,2023-10-24,61.13084144,A,F,,,P1D,,E,,,,,,,,,0,,Marginal lending facility - Eurosystem,"Euro area (changing composition), Eurosystem reporting sector - Marginal lending facility, Euro - Euro area (changing composition) counterpart",EUR,6
ILM.D.U2.C.A050500.U2.EUR,D,U2,C,A050500,U2,EUR,2023-10-25,40,A,F,,,P1D,,E,,,,,,,,,0,,Marginal lending facility - Eurosystem,"Euro area (changing composition), Eurosystem reporting sector - Marginal lending facility, Euro - Euro area (changing composition) counterpart",EUR,6
ILM.D.U2.C.A050500.U2.EUR,D,U2,C,A050500,U2,EUR,2023-10-26,70.4220171,A,F,,,P1D,,E,,,,,,,,,0,,Marginal lending facility - Eurosystem,"Euro area (changing composition), Eurosystem reporting sector - Marginal lending facility, Euro - Euro area (changing composition) counterpart",EUR,6
ILM.D.U2.C.A050500.U2.EUR,D,U2,C,A050500,U2,EUR,2023-10-27,307.05225928,A,F,,,P1D,,E,,,,,,,,,0,,Marginal lending facility - Eurosystem,"Euro area (changing composition), Eurosystem reporting sector - Marginal lending facility, Euro - Euro area (changing composition) counterpart",EUR,6
ILM.D.U2.C.A050500.U2.EUR,D,U2,C,A050500,U2,EUR,2023-10-30,85,A,F,,,P1D,,E,,,,,,,,,0,,Marginal lending facility - Eurosystem,"Euro area (changing composition), Eurosystem reporting sector - Marginal lending facility, Euro - Euro area (changing composition) counterpart",EUR,6
ILM.D.U2.C.A050500.U2.EUR,D,U2,C,A050500,U2,EUR,2023-10-31,50.00012965,A,F,,,P1D,,E,,,,,,,,,0,,Marginal lending facility - Eurosystem,"Euro area (changing composition), Eurosystem reporting sector - Marginal lending facility, Euro - Euro area (changing composition) counterpart",EUR,6
ILM.D.U2.C.A050500.U2.EUR,D,U2,C,A050500,U2,EUR,2023-11-01,0,A,F,,,P1D,,E,,,,,,,,,0,,Marginal lending facility - Eurosystem,"Euro area (changing composition), Eurosystem reporting sector - Marginal lending facility, Euro - Euro area (changing composition) counterpart",EUR,6
ILM.D.U2.C.A050500.U2.EUR,D,U2,C,A050500,U2,EUR,2023-11-02,1,A,F,,,P1D,,E,,,,,,,,,0,,Marginal lending facility - Eurosystem,"Euro area (changing composition), Eurosystem reporting sector - Marginal lending facility, Euro - Euro area (changing composition) counterpart",EUR,6
ILM.D.U2.C.A050500.U2.EUR,D,U2,C,A050500,U2,EUR,2023-11-03,0.000001,A,F,,,P1D,,E,,,,,,,,,0,,Marginal lending facility - Eurosystem,"Euro area (changing composition), Eurosystem reporting sector - Marginal lending facility, Euro - Euro area (changing composition) counterpart",EUR,6
ILM.D.U2.C.A050500.U2.EUR,D,U2,C,A050500,U2,EUR,2023-11-06,1.14330708,A,F,,,P1D,,E,,,,,,,,,0,,Marginal lending facility - Eurosystem,"Euro area (changing composition), Eurosystem reporting sector - Marginal lending facility, Euro - Euro area (changing composition) counterpart",EUR,6
ILM.D.U2.C.A050500.U2.EUR,D,U2,C,A050500,U2,EUR,2023-11-07,0,A,F,,,P1D,,E,,,,,,,,,0,,Marginal lending facility - Eurosystem,"Euro area (changing composition), Eurosystem reporting sector - Marginal lending facility, Euro - Euro area (changing composition) counterpart",EUR,6
ILM.D.U2.C.A050500.U2.EUR,D,U2,C,A050500,U2,EUR,2023-11-08,47.8808057,A,F,,,P1D,,E,,,,,,,,,0,,Marginal lending facility - Eurosystem,"Euro area (changing composition), Eurosystem reporting sector - Marginal lending facility, Euro - Euro area (changing composition) counterpart",EUR,6
ILM.D.U2.C.A050500.U2.EUR,D,U2,C,A050500,U2,EUR,2023-11-09,0.00073292,A,F,,,P1D,,E,,,,,,,,,0,,Marginal lending facility - Eurosystem,"Euro area (changing composition), Eurosystem reporting sector - Marginal lending facility, Euro - Euro area (changing composition) counterpart",EUR,6
ILM.D.U2.C.A050500.U2.EUR,D,U2,C,A050500,U2,EUR,2023-11-10,0.00070058,A,F,,,P1D,,E,,,,,,,,,0,,Marginal lending facility - Eurosystem,"Euro area (changing composition), Eurosystem reporting sector - Marginal lending facility, Euro - Euro area (changing composition) counterpart",EUR,6
ILM.D.U2.C.A050500.U2.EUR,D,U2,C,A050500,U2,EUR,2023-11-13,1,A,F,,,P1D,,E,,,,,,,,,0,,Marginal lending facility - Eurosystem,"Euro area (changing composition), Eurosystem reporting sector - Marginal lending facility, Euro - Euro area (changing composition) counterpart",EUR,6
ILM.D.U2.C.A050500.U2.EUR,D,U2,C,A050500,U2,EUR,2023-11-14,0,A,F,,,P1D,,E,,,,,,,,,0,,Marginal lending facility - Eurosystem,"Euro area (changing composition), Eurosystem reporting sector - Marginal lending facility, Euro - Euro area (changing composition) counterpart",EUR,6
ILM.D.U2.C.A050500.U2.EUR,D,U2,C,A050500,U2,EUR,2023-11-15,5,A,F,,,P1D,,E,,,,,,,,,0,,Marginal lending facility - Eurosystem,"Euro area (changing composition), Eurosystem reporting sector - Marginal lending facility, Euro - Euro area (changing composition) counterpart",EUR,6
ILM.D.U2.C.A050500.U2.EUR,D,U2,C,A050500,U2,EUR,2023-11-16,11.1,A,F,,,P1D,,E,,,,,,,,,0,,Marginal lending facility - Eurosystem,"Euro area (changing composition), Eurosystem reporting sector - Marginal lending facility, Euro - Euro area (changing composition) counterpart",EUR,6
ILM.D.U2.C.A050500.U2.EUR,D,U2,C,A050500,U2,EUR,2023-11-17,37.07034202,A,F,,,P1D,,E,,,,,,,,,0,,Marginal lending facility - Eurosystem,"Euro area (changing composition), Eurosystem reporting sector - Marginal lending facility, Euro - Euro area (changing composition) counterpart",EUR,6
ILM.D.U2.C.A050500.U2.EUR,D,U2,C,A050500,U2,EUR,2023-11-20,30.00000003,A,F,,,P1D,,E,,,,,,,,,0,,Marginal lending facility - Eurosystem,"Euro area (changing composition), Eurosystem reporting sector - Marginal lending facility, Euro - Euro area (changing composition) counterpart",EUR,6
ILM.D.U2.C.A050500.U2.EUR,D,U2,C,A050500,U2,EUR,2023-11-21,37.2,A,F,,,P1D,,E,,,,,,,,,0,,Marginal lending facility - Eurosystem,"Euro area (changing composition), Eurosystem reporting sector - Marginal lending facility, Euro - Euro area (changing composition) counterpart",EUR,6
ILM.D.U2.C.A050500.U2.EUR,D,U2,C,A050500,U2,EUR,2023-11-22,0,A,F,,,P1D,,E,,,,,,,,,0,,Marginal lending facility - Eurosystem,"Euro area (changing composition), Eurosystem reporting sector - Marginal lending facility, Euro - Euro area (changing composition) counterpart",EUR,6
ILM.D.U2.C.A050500.U2.EUR,D,U2,C,A050500,U2,EUR,2023-11-23,0,A,F,,,P1D,,E,,,,,,,,,0,,Marginal lending facility - Eurosystem,"Euro area (changing composition), Eurosystem reporting sector - Marginal lending facility, Euro - Euro area (changing composition) counterpart",EUR,6
ILM.D.U2.C.A050500.U2.EUR,D,U2,C,A050500,U2,EUR,2023-11-24,5.92880319,A,F,,,P1D,,E,,,,,,,,,0,,Marginal lending facility - Eurosystem,"Euro area (changing composition), Eurosystem reporting sector - Marginal lending facility, Euro - Euro area (changing composition) counterpart",EUR,6
ILM.D.U2.C.A050500.U2.EUR,D,U2,C,A050500,U2,EUR,2023-11-27,21.0139228,A,F,,,P1D,,E,,,,,,,,,0,,Marginal lending facility - Eurosystem,"Euro area (changing composition), Eurosystem reporting sector - Marginal lending facility, Euro - Euro area (changing composition) counterpart",EUR,6
ILM.D.U2.C.A050500.U2.EUR,D,U2,C,A050500,U2,EUR,2023-11-28,55,A,F,,,P1D,,E,,,,,,,,,0,,Marginal lending facility - Eurosystem,"Euro area (changing composition), Eurosystem reporting sector - Marginal lending facility, Euro - Euro area (changing composition) counterpart",EUR,6
ILM.D.U2.C.A050500.U2.EUR,D,U2,C,A050500,U2,EUR,2023-11-29,30,A,F,,,P1D,,E,,,,,,,,,0,,Marginal lending facility - Eurosystem,"Euro area (changing composition), Eurosystem reporting sector - Marginal lending facility, Euro - Euro area (changing composition) counterpart",EUR,6
ILM.D.U2.C.A050500.U2.EUR,D,U2,C,A050500,U2,EUR,2023-11-30,34.1,A,F,,,P1D,,E,,,,,,,,,0,,Marginal lending facility - Eurosystem,"Euro area (changing composition), Eurosystem reporting sector - Marginal lending facility, Euro - Euro area (changing composition) counterpart",EUR,6
ILM.D.U2.C.A050500.U2.EUR,D,U2,C,A050500,U2,EUR,2023-12-01,0,A,F,,,P1D,,E,,,,,,,,,0,,Marginal lending facility - Eurosystem,"Euro area (changing composition), Eurosystem reporting sector - Marginal lending facility, Euro - Euro area (changing composition) counterpart",EUR,6
ILM.D.U2.C.A050500.U2.EUR,D,U2,C,A050500,U2,EUR,2023-12-04,0,A,F,,,P1D,,E,,,,,,,,,0,,Marginal lending facility - Eurosystem,"Euro area (changing composition), Eurosystem reporting sector - Marginal lending facility, Euro - Euro area (changing composition) counterpart",EUR,6
ILM.D.U2.C.A050500.U2.EUR,D,U2,C,A050500,U2,EUR,2023-12-05,8.40971752,A,F,,,P1D,,E,,,,,,,,,0,,Marginal lending facility - Eurosystem,"Euro area (changing composition), Eurosystem reporting sector - Marginal lending facility, Euro - Euro area (changing composition) counterpart",EUR,6
ILM.D.U2.C.A050500.U2.EUR,D,U2,C,A050500,U2,EUR,2023-12-06,0,A,F,,,P1D,,E,,,,,,,,,0,,Marginal lending facility - Eurosystem,"Euro area (changing composition), Eurosystem reporting sector - Marginal lending facility, Euro - Euro area (changing composition) counterpart",EUR,6
ILM.D.U2.C.A050500.U2.EUR,D,U2,C,A050500,U2,EUR,2023-12-07,0,A,F,,,P1D,,E,,,,,,,,,0,,Marginal lending facility - Eurosystem,"Euro area (changing composition), Eurosystem reporting sector - Marginal lending facility, Euro - Euro area (changing composition) counterpart",EUR,6
ILM.D.U2.C.A050500.U2.EUR,D,U2,C,A050500,U2,EUR,2023-12-08,0,A,F,,,P1D,,E,,,,,,,,,0,,Marginal lending facility - Eurosystem,"Euro area (changing composition), Eurosystem reporting sector - Marginal lending facility, Euro - Euro area (changing composition) counterpart",EUR,6
ILM.D.U2.C.A050500.U2.EUR,D,U2,C,A050500,U2,EUR,2023-12-11,1.35113672,A,F,,,P1D,,E,,,,,,,,,0,,Marginal lending facility - Eurosystem,"Euro area (changing composition), Eurosystem reporting sector - Marginal lending facility, Euro - Euro area (changing composition) counterpart",EUR,6
ILM.D.U2.C.A050500.U2.EUR,D,U2,C,A050500,U2,EUR,2023-12-12,12.46792965,A,F,,,P1D,,E,,,,,,,,,0,,Marginal lending facility - Eurosystem,"Euro area (changing composition), Eurosystem reporting sector - Marginal lending facility, Euro - Euro area (changing composition) counterpart",EUR,6
ILM.D.U2.C.A050500.U2.EUR,D,U2,C,A050500,U2,EUR,2023-12-13,39.42175325,A,F,,,P1D,,E,,,,,,,,,0,,Marginal lending facility - Eurosystem,"Euro area (changing composition), Eurosystem reporting sector - Marginal lending facility, Euro - Euro area (changing composition) counterpart",EUR,6
ILM.D.U2.C.A050500.U2.EUR,D,U2,C,A050500,U2,EUR,2023-12-14,16,A,F,,,P1D,,E,,,,,,,,,0,,Marginal lending facility - Eurosystem,"Euro area (changing composition), Eurosystem reporting sector - Marginal lending facility, Euro - Euro area (changing composition) counterpart",EUR,6
ILM.D.U2.C.A050500.U2.EUR,D,U2,C,A050500,U2,EUR,2023-12-15,284.02831606,A,F,,,P1D,,E,,,,,,,,,0,,Marginal lending facility - Eurosystem,"Euro area (changing composition), Eurosystem reporting sector - Marginal lending facility, Euro - Euro area (changing composition) counterpart",EUR,6
ILM.D.U2.C.A050500.U2.EUR,D,U2,C,A050500,U2,EUR,2023-12-18,125,A,F,,,P1D,,E,,,,,,,,,0,,Marginal lending facility - Eurosystem,"Euro area (changing composition), Eurosystem reporting sector - Marginal lending facility, Euro - Euro area (changing composition) counterpart",EUR,6
ILM.D.U2.C.A050500.U2.EUR,D,U2,C,A050500,U2,EUR,2023-12-19,253.42682498,A,F,,,P1D,,E,,,,,,,,,0,,Marginal lending facility - Eurosystem,"Euro area (changing composition), Eurosystem reporting sector - Marginal lending facility, Euro - Euro area (changing composition) counterpart",EUR,6
ILM.D.U2.C.A050500.U2.EUR,D,U2,C,A050500,U2,EUR,2023-12-20,241.9615781,A,F,,,P1D,,E,,,,,,,,,0,,Marginal lending facility - Eurosystem,"Euro area (changing composition), Eurosystem reporting sector - Marginal lending facility, Euro - Euro area (changing composition) counterpart",EUR,6
ILM.D.U2.C.A050500.U2.EUR,D,U2,C,A050500,U2,EUR,2023-12-21,100.29479048,A,F,,,P1D,,E,,,,,,,,,0,,Marginal lending facility - Eurosystem,"Euro area (changing composition), Eurosystem reporting sector - Marginal lending facility, Euro - Euro area (changing composition) counterpart",EUR,6
ILM.D.U2.C.A050500.U2.EUR,D,U2,C,A050500,U2,EUR,2023-12-22,200.00003,A,F,,,P1D,,E,,,,,,,,,0,,Marginal lending facility - Eurosystem,"Euro area (changing composition), Eurosystem reporting sector - Marginal lending facility, Euro - Euro area (changing composition) counterpart",EUR,6
ILM.D.U2.C.A050500.U2.EUR,D,U2,C,A050500,U2,EUR,2023-12-25,200.00003,A,F,,,P1D,,E,,,,,,,,,0,,Marginal lending facility - Eurosystem,"Euro area (changing composition), Eurosystem reporting sector - Marginal lending facility, Euro - Euro area (changing composition) counterpart",EUR,6
ILM.D.U2.C.A050500.U2.EUR,D,U2,C,A050500,U2,EUR,2023-12-26,200.00003,A,F,,,P1D,,E,,,,,,,,,0,,Marginal lending facility - Eurosystem,"Euro area (changing composition), Eurosystem reporting sector - Marginal lending facility, Euro - Euro area (changing composition) counterpart",EUR,6
ILM.D.U2.C.A050500.U2.EUR,D,U2,C,A050500,U2,EUR,2023-12-27,240,A,F,,,P1D,,E,,,,,,,,,0,,Marginal lending facility - Eurosystem,"Euro area (changing composition), Eurosystem reporting sector - Marginal lending facility, Euro - Euro area (changing composition) counterpart",EUR,6
ILM.D.U2.C.A050500.U2.EUR,D,U2,C,A050500,U2,EUR,2023-12-28,240,A,F,,,P1D,,E,,,,,,,,,0,,Marginal lending facility - Eurosystem,"Euro area (changing composition), Eurosystem reporting sector - Marginal lending facility, Euro - Euro area (changing composition) counterpart",EUR,6
ILM.D.U2.C.A050500.U2.EUR,D,U2,C,A050500,U2,EUR,2023-12-29,9.76863903,A,F,,,P1D,,E,,,,,,,,,0,,Marginal lending facility - Eurosystem,"Euro area (changing composition), Eurosystem reporting sector - Marginal lending facility, Euro - Euro area (changing composition) counterpart",EUR,6
ILM.D.U2.C.A050500.U2.EUR,D,U2,C,A050500,U2,EUR,2024-01-01,9.76863903,A,F,,,P1D,,E,,,,,,,,,0,,Marginal lending facility - Eurosystem,"Euro area (changing composition), Eurosystem reporting sector - Marginal lending facility, Euro - Euro area (changing composition) counterpart",EUR,6
ILM.D.U2.C.A050500.U2.EUR,D,U2,C,A050500,U2,EUR,2024-01-02,205.61466872,A,F,,,P1D,,E,,,,,,,,,0,,Marginal lending facility - Eurosystem,"Euro area (changing composition), Eurosystem reporting sector - Marginal lending facility, Euro - Euro area (changing composition) counterpart",EUR,6
ILM.D.U2.C.A050500.U2.EUR,D,U2,C,A050500,U2,EUR,2024-01-03,0,A,F,,,P1D,,E,,,,,,,,,0,,Marginal lending facility - Eurosystem,"Euro area (changing composition), Eurosystem reporting sector - Marginal lending facility, Euro - Euro area (changing composition) counterpart",EUR,6
ILM.D.U2.C.A050500.U2.EUR,D,U2,C,A050500,U2,EUR,2024-01-04,5.80228973,A,F,,,P1D,,E,,,,,,,,,0,,Marginal lending facility - Eurosystem,"Euro area (changing composition), Eurosystem reporting sector - Marginal lending facility, Euro - Euro area (changing composition) counterpart",EUR,6
ILM.D.U2.C.A050500.U2.EUR,D,U2,C,A050500,U2,EUR,2024-01-05,0,A,F,,,P1D,,E,,,,,,,,,0,,Marginal lending facility - Eurosystem,"Euro area (changing composition), Eurosystem reporting sector - Marginal lending facility, Euro - Euro area (changing composition) counterpart",EUR,6
ILM.D.U2.C.A050500.U2.EUR,D,U2,C,A050500,U2,EUR,2024-01-08,0,A,F,,,P1D,,E,,,,,,,,,0,,Marginal lending facility - Eurosystem,"Euro area (changing composition), Eurosystem reporting sector - Marginal lending facility, Euro - Euro area (changing composition) counterpart",EUR,6
ILM.D.U2.C.A050500.U2.EUR,D,U2,C,A050500,U2,EUR,2024-01-09,2.08025895,A,F,,,P1D,,E,,,,,,,,,0,,Marginal lending facility - Eurosystem,"Euro area (changing composition), Eurosystem reporting sector - Marginal lending facility, Euro - Euro area (changing composition) counterpart",EUR,6
ILM.D.U2.C.A050500.U2.EUR,D,U2,C,A050500,U2,EUR,2024-01-10,33.30339095,A,F,,,P1D,,E,,,,,,,,,0,,Marginal lending facility - Eurosystem,"Euro area (changing composition), Eurosystem reporting sector - Marginal lending facility, Euro - Euro area (changing composition) counterpart",EUR,6
ILM.D.U2.C.A050500.U2.EUR,D,U2,C,A050500,U2,EUR,2024-01-11,6,A,F,,,P1D,,E,,,,,,,,,0,,Marginal lending facility - Eurosystem,"Euro area (changing composition), Eurosystem reporting sector - Marginal lending facility, Euro - Euro area (changing composition) counterpart",EUR,6
ILM.D.U2.C.A050500.U2.EUR,D,U2,C,A050500,U2,EUR,2024-01-12,0,A,F,,,P1D,,E,,,,,,,,,0,,Marginal lending facility - Eurosystem,"Euro area (changing composition), Eurosystem reporting sector - Marginal lending facility, Euro - Euro area (changing composition) counterpart",EUR,6
ILM.D.U2.C.A050500.U2.EUR,D,U2,C,A050500,U2,EUR,2024-01-15,5.83190631,A,F,,,P1D,,E,,,,,,,,,0,,Marginal lending facility - Eurosystem,"Euro area (changing composition), Eurosystem reporting sector - Marginal lending facility, Euro - Euro area (changing composition) counterpart",EUR,6
ILM.D.U2.C.A050500.U2.EUR,D,U2,C,A050500,U2,EUR,2024-01-16,231.000158,A,F,,,P1D,,E,,,,,,,,,0,,Marginal lending facility - Eurosystem,"Euro area (changing composition), Eurosystem reporting sector - Marginal lending facility, Euro - Euro area (changing composition) counterpart",EUR,6
ILM.D.U2.C.A050500.U2.EUR,D,U2,C,A050500,U2,EUR,2024-01-17,30,A,F,,,P1D,,E,,,,,,,,,0,,Marginal lending facility - Eurosystem,"Euro area (changing composition), Eurosystem reporting sector - Marginal lending facility, Euro - Euro area (changing composition) counterpart",EUR,6
ILM.D.U2.C.A050500.U2.EUR,D,U2,C,A050500,U2,EUR,2024-01-18,20.01,A,F,,,P1D,,E,,,,,,,,,0,,Marginal lending facility - Eurosystem,"Euro area (changing composition), Eurosystem reporting sector - Marginal lending facility, Euro - Euro area (changing composition) counterpart",EUR,6
ILM.D.U2.C.A050500.U2.EUR,D,U2,C,A050500,U2,EUR,2024-01-19,0,A,F,,,P1D,,E,,,,,,,,,0,,Marginal lending facility - Eurosystem,"Euro area (changing composition), Eurosystem reporting sector - Marginal lending facility, Euro - Euro area (changing composition) counterpart",EUR,6
ILM.D.U2.C.A050500.U2.EUR,D,U2,C,A050500,U2,EUR,2024-01-22,0,A,F,,,P1D,,E,,,,,,,,,0,,Marginal lending facility - Eurosystem,"Euro area (changing composition), Eurosystem reporting sector - Marginal lending facility, Euro - Euro area (changing composition) counterpart",EUR,6
ILM.D.U2.C.A050500.U2.EUR,D,U2,C,A050500,U2,EUR,2024-01-23,25,A,F,,,P1D,,E,,,,,,,,,0,,Marginal lending facility - Eurosystem,"Euro area (changing composition), Eurosystem reporting sector - Marginal lending facility, Euro - Euro area (changing composition) counterpart",EUR,6
ILM.D.U2.C.A050500.U2.EUR,D,U2,C,A050500,U2,EUR,2024-01-24,0,A,F,,,P1D,,E,,,,,,,,,0,,Marginal lending facility - Eurosystem,"Euro area (changing composition), Eurosystem reporting sector - Marginal lending facility, Euro - Euro area (changing composition) counterpart",EUR,6
ILM.D.U2.C.A050500.U2.EUR,D,U2,C,A050500,U2,EUR,2024-01-25,0.1,A,F,,,P1D,,E,,,,,,,,,0,,Marginal lending facility - Eurosystem,"Euro area (changing composition), Eurosystem reporting sector - Marginal lending facility, Euro - Euro area (changing composition) counterpart",EUR,6
ILM.D.U2.C.A050500.U2.EUR,D,U2,C,A050500,U2,EUR,2024-01-26,0,A,F,,,P1D,,E,,,,,,,,,0,,Marginal lending facility - Eurosystem,"Euro area (changing composition), Eurosystem reporting sector - Marginal lending facility, Euro - Euro area (changing composition) counterpart",EUR,6
ILM.D.U2.C.A050500.U2.EUR,D,U2,C,A050500,U2,EUR,2024-01-29,62.34217068,A,F,,,P1D,,E,,,,,,,,,0,,Marginal lending facility - Eurosystem,"Euro area (changing composition), Eurosystem reporting sector - Marginal lending facility, Euro - Euro area (changing composition) counterpart",EUR,6
ILM.D.U2.C.A050500.U2.EUR,D,U2,C,A050500,U2,EUR,2024-01-30,106.71454143,A,F,,,P1D,,E,,,,,,,,,0,,Marginal lending facility - Eurosystem,"Euro area (changing composition), Eurosystem reporting sector - Marginal lending facility, Euro - Euro area (changing composition) counterpart",EUR,6
ILM.D.U2.C.A050500.U2.EUR,D,U2,C,A050500,U2,EUR,2024-01-31,101,A,F,,,P1D,,E,,,,,,,,,0,,Marginal lending facility - Eurosystem,"Euro area (changing composition), Eurosystem reporting sector - Marginal lending facility, Euro - Euro area (changing composition) counterpart",EUR,6
ILM.D.U2.C.A050500.U2.EUR,D,U2,C,A050500,U2,EUR,2024-02-01,30.00365959,A,F,,,P1D,,E,,,,,,,,,0,,Marginal lending facility - Eurosystem,"Euro area (changing composition), Eurosystem reporting sector - Marginal lending facility, Euro - Euro area (changing composition) counterpart",EUR,6
ILM.D.U2.C.A050500.U2.EUR,D,U2,C,A050500,U2,EUR,2024-02-02,0,A,F,,,P1D,,E,,,,,,,,,0,,Marginal lending facility - Eurosystem,"Euro area (changing composition), Eurosystem reporting sector - Marginal lending facility, Euro - Euro area (changing composition) counterpart",EUR,6
ILM.D.U2.C.A050500.U2.EUR,D,U2,C,A050500,U2,EUR,2024-02-05,3,A,F,,,P1D,,E,,,,,,,,,0,,Marginal lending facility - Eurosystem,"Euro area (changing composition), Eurosystem reporting sector - Marginal lending facility, Euro - Euro area (changing composition) counterpart",EUR,6
ILM.D.U2.C.A050500.U2.EUR,D,U2,C,A050500,U2,EUR,2024-02-06,0,A,F,,,P1D,,E,,,,,,,,,0,,Marginal lending facility - Eurosystem,"Euro area (changing composition), Eurosystem reporting sector - Marginal lending facility, Euro - Euro area (changing composition) counterpart",EUR,6
ILM.D.U2.C.A050500.U2.EUR,D,U2,C,A050500,U2,EUR,2024-02-07,0,A,F,,,P1D,,E,,,,,,,,,0,,Marginal lending facility - Eurosystem,"Euro area (changing composition), Eurosystem reporting sector - Marginal lending facility, Euro - Euro area (changing composition) counterpart",EUR,6
ILM.D.U2.C.A050500.U2.EUR,D,U2,C,A050500,U2,EUR,2024-02-08,0,A,F,,,P1D,,E,,,,,,,,,0,,Marginal lending facility - Eurosystem,"Euro area (changing composition), Eurosystem reporting sector - Marginal lending facility, Euro - Euro area (changing composition) counterpart",EUR,6
ILM.D.U2.C.A050500.U2.EUR,D,U2,C,A050500,U2,EUR,2024-02-09,0,A,F,,,P1D,,E,,,,,,,,,0,,Marginal lending facility - Eurosystem,"Euro area (changing composition), Eurosystem reporting sector - Marginal lending facility, Euro - Euro area (changing composition) counterpart",EUR,6
ILM.D.U2.C.A050500.U2.EUR,D,U2,C,A050500,U2,EUR,2024-02-12,0,A,F,,,P1D,,E,,,,,,,,,0,,Marginal lending facility - Eurosystem,"Euro area (changing composition), Eurosystem reporting sector - Marginal lending facility, Euro - Euro area (changing composition) counterpart",EUR,6
ILM.D.U2.C.A050500.U2.EUR,D,U2,C,A050500,U2,EUR,2024-02-13,85.22685496,A,F,,,P1D,,E,,,,,,,,,0,,Marginal lending facility - Eurosystem,"Euro area (changing composition), Eurosystem reporting sector - Marginal lending facility, Euro - Euro area (changing composition) counterpart",EUR,6
ILM.D.U2.C.A050500.U2.EUR,D,U2,C,A050500,U2,EUR,2024-02-14,60,A,F,,,P1D,,E,,,,,,,,,0,,Marginal lending facility - Eurosystem,"Euro area (changing composition), Eurosystem reporting sector - Marginal lending facility, Euro - Euro area (changing composition) counterpart",EUR,6
ILM.D.U2.C.A050500.U2.EUR,D,U2,C,A050500,U2,EUR,2024-02-15,0.000162,A,F,,,P1D,,E,,,,,,,,,0,,Marginal lending facility - Eurosystem,"Euro area (changing composition), Eurosystem reporting sector - Marginal lending facility, Euro - Euro area (changing composition) counterpart",EUR,6
ILM.D.U2.C.A050500.U2.EUR,D,U2,C,A050500,U2,EUR,2024-02-16,30.88203396,A,F,,,P1D,,E,,,,,,,,,0,,Marginal lending facility - Eurosystem,"Euro area (changing composition), Eurosystem reporting sector - Marginal lending facility, Euro - Euro area (changing composition) counterpart",EUR,6
ILM.D.U2.C.A050500.U2.EUR,D,U2,C,A050500,U2,EUR,2024-02-19,5,A,F,,,P1D,,E,,,,,,,,,0,,Marginal lending facility - Eurosystem,"Euro area (changing composition), Eurosystem reporting sector - Marginal lending facility, Euro - Euro area (changing composition) counterpart",EUR,6
ILM.D.U2.C.A050500.U2.EUR,D,U2,C,A050500,U2,EUR,2024-02-20,20,A,F,,,P1D,,E,,,,,,,,,0,,Marginal lending facility - Eurosystem,"Euro area (changing composition), Eurosystem reporting sector - Marginal lending facility, Euro - Euro area (changing composition) counterpart",EUR,6
ILM.D.U2.C.A050500.U2.EUR,D,U2,C,A050500,U2,EUR,2024-02-21,0,A,F,,,P1D,,E,,,,,,,,,0,,Marginal lending facility - Eurosystem,"Euro area (changing composition), Eurosystem reporting sector - Marginal lending facility, Euro - Euro area (changing composition) counterpart",EUR,6
ILM.D.U2.C.A050500.U2.EUR,D,U2,C,A050500,U2,EUR,2024-02-22,0,A,F,,,P1D,,E,,,,,,,,,0,,Marginal lending facility - Eurosystem,"Euro area (changing composition), Eurosystem reporting sector - Marginal lending facility, Euro - Euro area (changing composition) counterpart",EUR,6
ILM.D.U2.C.A050500.U2.EUR,D,U2,C,A050500,U2,EUR,2024-02-23,45,A,F,,,P1D,,E,,,,,,,,,0,,Marginal lending facility - Eurosystem,"Euro area (changing composition), Eurosystem reporting sector - Marginal lending facility, Euro - Euro area (changing composition) counterpart",EUR,6
ILM.D.U2.C.A050500.U2.EUR,D,U2,C,A050500,U2,EUR,2024-02-26,50,A,F,,,P1D,,E,,,,,,,,,0,,Marginal lending facility - Eurosystem,"Euro area (changing composition), Eurosystem reporting sector - Marginal lending facility, Euro - Euro area (changing composition) counterpart",EUR,6
ILM.D.U2.C.A050500.U2.EUR,D,U2,C,A050500,U2,EUR,2024-02-27,160,A,F,,,P1D,,E,,,,,,,,,0,,Marginal lending facility - Eurosystem,"Euro area (changing composition), Eurosystem reporting sector - Marginal lending facility, Euro - Euro area (changing composition) counterpart",EUR,6
ILM.D.U2.C.A050500.U2.EUR,D,U2,C,A050500,U2,EUR,2024-02-28,80.505436,A,F,,,P1D,,E,,,,,,,,,0,,Marginal lending facility - Eurosystem,"Euro area (changing composition), Eurosystem reporting sector - Marginal lending facility, Euro - Euro area (changing composition) counterpart",EUR,6
ILM.D.U2.C.A050500.U2.EUR,D,U2,C,A050500,U2,EUR,2024-02-29,145.00000001,A,F,,,P1D,,E,,,,,,,,,0,,Marginal lending facility - Eurosystem,"Euro area (changing composition), Eurosystem reporting sector - Marginal lending facility, Euro - Euro area (changing composition) counterpart",EUR,6
ILM.D.U2.C.A050500.U2.EUR,D,U2,C,A050500,U2,EUR,2024-03-01,49.07521222,A,F,,,P1D,,E,,,,,,,,,0,,Marginal lending facility - Eurosystem,"Euro area (changing composition), Eurosystem reporting sector - Marginal lending facility, Euro - Euro area (changing composition) counterpart",EUR,6
ILM.D.U2.C.A050500.U2.EUR,D,U2,C,A050500,U2,EUR,2024-03-04,1E-8,A,F,,,P1D,,E,,,,,,,,,0,,Marginal lending facility - Eurosystem,"Euro area (changing composition), Eurosystem reporting sector - Marginal lending facility, Euro - Euro area (changing composition) counterpart",EUR,6
ILM.D.U2.C.A050500.U2.EUR,D,U2,C,A050500,U2,EUR,2024-03-05,0.12930258,A,F,,,P1D,,E,,,,,,,,,0,,Marginal lending facility - Eurosystem,"Euro area (changing composition), Eurosystem reporting sector - Marginal lending facility, Euro - Euro area (changing composition) counterpart",EUR,6
ILM.D.U2.C.A050500.U2.EUR,D,U2,C,A050500,U2,EUR,2024-03-06,25.01,A,F,,,P1D,,E,,,,,,,,,0,,Marginal lending facility - Eurosystem,"Euro area (changing composition), Eurosystem reporting sector - Marginal lending facility, Euro - Euro area (changing composition) counterpart",EUR,6
ILM.D.U2.C.A050500.U2.EUR,D,U2,C,A050500,U2,EUR,2024-03-07,25.0116,A,F,,,P1D,,E,,,,,,,,,0,,Marginal lending facility - Eurosystem,"Euro area (changing composition), Eurosystem reporting sector - Marginal lending facility, Euro - Euro area (changing composition) counterpart",EUR,6
ILM.D.U2.C.A050500.U2.EUR,D,U2,C,A050500,U2,EUR,2024-03-08,0,A,F,,,P1D,,E,,,,,,,,,0,,Marginal lending facility - Eurosystem,"Euro area (changing composition), Eurosystem reporting sector - Marginal lending facility, Euro - Euro area (changing composition) counterpart",EUR,6
ILM.D.U2.C.A050500.U2.EUR,D,U2,C,A050500,U2,EUR,2024-03-11,0,A,F,,,P1D,,E,,,,,,,,,0,,Marginal lending facility - Eurosystem,"Euro area (changing composition), Eurosystem reporting sector - Marginal lending facility, Euro - Euro area (changing composition) counterpart",EUR,6
ILM.D.U2.C.A050500.U2.EUR,D,U2,C,A050500,U2,EUR,2024-03-12,2.23516921,A,F,,,P1D,,E,,,,,,,,,0,,Marginal lending facility - Eurosystem,"Euro area (changing composition), Eurosystem reporting sector - Marginal lending facility, Euro - Euro area (changing composition) counterpart",EUR,6
ILM.D.U2.C.A050500.U2.EUR,D,U2,C,A050500,U2,EUR,2024-03-13,0,A,F,,,P1D,,E,,,,,,,,,0,,Marginal lending facility - Eurosystem,"Euro area (changing composition), Eurosystem reporting sector - Marginal lending facility, Euro - Euro area (changing composition) counterpart",EUR,6
ILM.D.U2.C.A050500.U2.EUR,D,U2,C,A050500,U2,EUR,2024-03-14,30,A,F,,,P1D,,E,,,,,,,,,0,,Marginal lending facility - Eurosystem,"Euro area (changing composition), Eurosystem reporting sector - Marginal lending facility, Euro - Euro area (changing composition) counterpart",EUR,6
ILM.D.U2.C.A050500.U2.EUR,D,U2,C,A050500,U2,EUR,2024-03-15,0,A,F,,,P1D,,E,,,,,,,,,0,,Marginal lending facility - Eurosystem,"Euro area (changing composition), Eurosystem reporting sector - Marginal lending facility, Euro - Euro area (changing composition) counterpart",EUR,6
ILM.D.U2.C.A050500.U2.EUR,D,U2,C,A050500,U2,EUR,2024-03-18,20.09794746,A,F,,,P1D,,E,,,,,,,,,0,,Marginal lending facility - Eurosystem,"Euro area (changing composition), Eurosystem reporting sector - Marginal lending facility, Euro - Euro area (changing composition) counterpart",EUR,6
ILM.D.U2.C.A050500.U2.EUR,D,U2,C,A050500,U2,EUR,2024-03-19,52.4157683,A,F,,,P1D,,E,,,,,,,,,0,,Marginal lending facility - Eurosystem,"Euro area (changing composition), Eurosystem reporting sector - Marginal lending facility, Euro - Euro area (changing composition) counterpart",EUR,6
ILM.D.U2.C.A050500.U2.EUR,D,U2,C,A050500,U2,EUR,2024-03-20,4.05650103,A,F,,,P1D,,E,,,,,,,,,0,,Marginal lending facility - Eurosystem,"Euro area (changing composition), Eurosystem reporting sector - Marginal lending facility, Euro - Euro area (changing composition) counterpart",EUR,6
ILM.D.U2.C.A050500.U2.EUR,D,U2,C,A050500,U2,EUR,2024-03-21,4.05703626,A,F,,,P1D,,E,,,,,,,,,0,,Marginal lending facility - Eurosystem,"Euro area (changing composition), Eurosystem reporting sector - Marginal lending facility, Euro - Euro area (changing composition) counterpart",EUR,6
ILM.D.U2.C.A050500.U2.EUR,D,U2,C,A050500,U2,EUR,2024-03-22,0,A,F,,,P1D,,E,,,,,,,,,0,,Marginal lending facility - Eurosystem,"Euro area (changing composition), Eurosystem reporting sector - Marginal lending facility, Euro - Euro area (changing composition) counterpart",EUR,6
ILM.D.U2.C.A050500.U2.EUR,D,U2,C,A050500,U2,EUR,2024-03-25,27.9786036,A,F,,,P1D,,E,,,,,,,,,0,,Marginal lending facility - Eurosystem,"Euro area (changing composition), Eurosystem reporting sector - Marginal lending facility, Euro - Euro area (changing composition) counterpart",EUR,6
ILM.D.U2.C.A050500.U2.EUR,D,U2,C,A050500,U2,EUR,2024-03-26,66.01,A,F,,,P1D,,E,,,,,,,,,0,,Marginal lending facility - Eurosystem,"Euro area (changing composition), Eurosystem reporting sector - Marginal lending facility, Euro - Euro area (changing composition) counterpart",EUR,6
ILM.D.U2.C.A050500.U2.EUR,D,U2,C,A050500,U2,EUR,2024-03-27,95,A,F,,,P1D,,E,,,,,,,,,0,,Marginal lending facility - Eurosystem,"Euro area (changing composition), Eurosystem reporting sector - Marginal lending facility, Euro - Euro area (changing composition) counterpart",EUR,6
ILM.D.U2.C.A050500.U2.EUR,D,U2,C,A050500,U2,EUR,2024-03-28,0,A,F,,,P1D,,E,,,,,,,,,0,,Marginal lending facility - Eurosystem,"Euro area (changing composition), Eurosystem reporting sector - Marginal lending facility, Euro - Euro area (changing composition) counterpart",EUR,6
ILM.D.U2.C.A050500.U2.EUR,D,U2,C,A050500,U2,EUR,2024-03-29,0,A,F,,,P1D,,E,,,,,,,,,0,,Marginal lending facility - Eurosystem,"Euro area (changing composition), Eurosystem reporting sector - Marginal lending facility, Euro - Euro area (changing composition) counterpart",EUR,6
ILM.D.U2.C.A050500.U2.EUR,D,U2,C,A050500,U2,EUR,2024-04-01,0,A,F,,,P1D,,E,,,,,,,,,0,,Marginal lending facility - Eurosystem,"Euro area (changing composition), Eurosystem reporting sector - Marginal lending facility, Euro - Euro area (changing composition) counterpart",EUR,6
ILM.D.U2.C.A050500.U2.EUR,D,U2,C,A050500,U2,EUR,2024-04-02,52.45429161,A,F,,,P1D,,E,,,,,,,,,0,,Marginal lending facility - Eurosystem,"Euro area (changing composition), Eurosystem reporting sector - Marginal lending facility, Euro - Euro area (changing composition) counterpart",EUR,6
ILM.D.U2.C.A050500.U2.EUR,D,U2,C,A050500,U2,EUR,2024-04-03,54.72500619,A,F,,,P1D,,E,,,,,,,,,0,,Marginal lending facility - Eurosystem,"Euro area (changing composition), Eurosystem reporting sector - Marginal lending facility, Euro - Euro area (changing composition) counterpart",EUR,6
ILM.D.U2.C.A050500.U2.EUR,D,U2,C,A050500,U2,EUR,2024-04-04,3.69561127,A,F,,,P1D,,E,,,,,,,,,0,,Marginal lending facility - Eurosystem,"Euro area (changing composition), Eurosystem reporting sector - Marginal lending facility, Euro - Euro area (changing composition) counterpart",EUR,6
ILM.D.U2.C.A050500.U2.EUR,D,U2,C,A050500,U2,EUR,2024-04-05,0,A,F,,,P1D,,E,,,,,,,,,0,,Marginal lending facility - Eurosystem,"Euro area (changing composition), Eurosystem reporting sector - Marginal lending facility, Euro - Euro area (changing composition) counterpart",EUR,6
ILM.D.U2.C.A050500.U2.EUR,D,U2,C,A050500,U2,EUR,2024-04-08,0,A,F,,,P1D,,E,,,,,,,,,0,,Marginal lending facility - Eurosystem,"Euro area (changing composition), Eurosystem reporting sector - Marginal lending facility, Euro - Euro area (changing composition) counterpart",EUR,6
ILM.D.U2.C.A050500.U2.EUR,D,U2,C,A050500,U2,EUR,2024-04-09,0,A,F,,,P1D,,E,,,,,,,,,0,,Marginal lending facility - Eurosystem,"Euro area (changing composition), Eurosystem reporting sector - Marginal lending facility, Euro - Euro area (changing composition) counterpart",EUR,6
ILM.D.U2.C.A050500.U2.EUR,D,U2,C,A050500,U2,EUR,2024-04-10,3.575175,A,F,,,P1D,,E,,,,,,,,,0,,Marginal lending facility - Eurosystem,"Euro area (changing composition), Eurosystem reporting sector - Marginal lending facility, Euro - Euro area (changing composition) counterpart",EUR,6
ILM.D.U2.C.A050500.U2.EUR,D,U2,C,A050500,U2,EUR,2024-04-11,10.31089858,A,F,,,P1D,,E,,,,,,,,,0,,Marginal lending facility - Eurosystem,"Euro area (changing composition), Eurosystem reporting sector - Marginal lending facility, Euro - Euro area (changing composition) counterpart",EUR,6
ILM.D.U2.C.A050500.U2.EUR,D,U2,C,A050500,U2,EUR,2024-04-12,0,A,F,,,P1D,,E,,,,,,,,,0,,Marginal lending facility - Eurosystem,"Euro area (changing composition), Eurosystem reporting sector - Marginal lending facility, Euro - Euro area (changing composition) counterpart",EUR,6
ILM.D.U2.C.A050500.U2.EUR,D,U2,C,A050500,U2,EUR,2024-04-15,5,A,F,,,P1D,,E,,,,,,,,,0,,Marginal lending facility - Eurosystem,"Euro area (changing composition), Eurosystem reporting sector - Marginal lending facility, Euro - Euro area (changing composition) counterpart",EUR,6
ILM.D.U2.C.A050500.U2.EUR,D,U2,C,A050500,U2,EUR,2024-04-16,24.35439737,A,F,,,P1D,,E,,,,,,,,,0,,Marginal lending facility - Eurosystem,"Euro area (changing composition), Eurosystem reporting sector - Marginal lending facility, Euro - Euro area (changing composition) counterpart",EUR,6
ILM.D.U2.C.A050500.U2.EUR,D,U2,C,A050500,U2,EUR,2024-04-17,1.52392437,A,F,,,P1D,,E,,,,,,,,,0,,Marginal lending facility - Eurosystem,"Euro area (changing composition), Eurosystem reporting sector - Marginal lending facility, Euro - Euro area (changing composition) counterpart",EUR,6
ILM.D.U2.C.A050500.U2.EUR,D,U2,C,A050500,U2,EUR,2024-04-18,5,A,F,,,P1D,,E,,,,,,,,,0,,Marginal lending facility - Eurosystem,"Euro area (changing composition), Eurosystem reporting sector - Marginal lending facility, Euro - Euro area (changing composition) counterpart",EUR,6
ILM.D.U2.C.A050500.U2.EUR,D,U2,C,A050500,U2,EUR,2024-04-19,3,A,F,,,P1D,,E,,,,,,,,,0,,Marginal lending facility - Eurosystem,"Euro area (changing composition), Eurosystem reporting sector - Marginal lending facility, Euro - Euro area (changing composition) counterpart",EUR,6
ILM.D.U2.C.A050500.U2.EUR,D,U2,C,A050500,U2,EUR,2024-04-22,0,A,F,,,P1D,,E,,,,,,,,,0,,Marginal lending facility - Eurosystem,"Euro area (changing composition), Eurosystem reporting sector - Marginal lending facility, Euro - Euro area (changing composition) counterpart",EUR,6
ILM.D.U2.C.A050500.U2.EUR,D,U2,C,A050500,U2,EUR,2024-04-23,1,A,F,,,P1D,,E,,,,,,,,,0,,Marginal lending facility - Eurosystem,"Euro area (changing composition), Eurosystem reporting sector - Marginal lending facility, Euro - Euro area (changing composition) counterpart",EUR,6
ILM.D.U2.C.A050500.U2.EUR,D,U2,C,A050500,U2,EUR,2024-04-24,15,A,F,,,P1D,,E,,,,,,,,,0,,Marginal lending facility - Eurosystem,"Euro area (changing composition), Eurosystem reporting sector - Marginal lending facility, Euro - Euro area (changing composition) counterpart",EUR,6
ILM.D.U2.C.A050500.U2.EUR,D,U2,C,A050500,U2,EUR,2024-04-25,5,A,F,,,P1D,,E,,,,,,,,,0,,Marginal lending facility - Eurosystem,"Euro area (changing composition), Eurosystem reporting sector - Marginal lending facility, Euro - Euro area (changing composition) counterpart",EUR,6
ILM.D.U2.C.A050500.U2.EUR,D,U2,C,A050500,U2,EUR,2024-04-26,28,A,F,,,P1D,,E,,,,,,,,,0,,Marginal lending facility - Eurosystem,"Euro area (changing composition), Eurosystem reporting sector - Marginal lending facility, Euro - Euro area (changing composition) counterpart",EUR,6
ILM.D.U2.C.A050500.U2.EUR,D,U2,C,A050500,U2,EUR,2024-04-29,4,A,F,,,P1D,,E,,,,,,,,,0,,Marginal lending facility - Eurosystem,"Euro area (changing composition), Eurosystem reporting sector - Marginal lending facility, Euro - Euro area (changing composition) counterpart",EUR,6
ILM.D.U2.C.A050500.U2.EUR,D,U2,C,A050500,U2,EUR,2024-04-30,0,A,F,,,P1D,,E,,,,,,,,,0,,Marginal lending facility - Eurosystem,"Euro area (changing composition), Eurosystem reporting sector - Marginal lending facility, Euro - Euro area (changing composition) counterpart",EUR,6
ILM.D.U2.C.A050500.U2.EUR,D,U2,C,A050500,U2,EUR,2024-05-01,0,A,F,,,P1D,,E,,,,,,,,,0,,Marginal lending facility - Eurosystem,"Euro area (changing composition), Eurosystem reporting sector - Marginal lending facility, Euro - Euro area (changing composition) counterpart",EUR,6
ILM.D.U2.C.A050500.U2.EUR,D,U2,C,A050500,U2,EUR,2024-05-02,10.59251556,A,F,,,P1D,,E,,,,,,,,,0,,Marginal lending facility - Eurosystem,"Euro area (changing composition), Eurosystem reporting sector - Marginal lending facility, Euro - Euro area (changing composition) counterpart",EUR,6
ILM.D.U2.C.A050500.U2.EUR,D,U2,C,A050500,U2,EUR,2024-05-03,0,A,F,,,P1D,,E,,,,,,,,,0,,Marginal lending facility - Eurosystem,"Euro area (changing composition), Eurosystem reporting sector - Marginal lending facility, Euro - Euro area (changing composition) counterpart",EUR,6
ILM.D.U2.C.A050500.U2.EUR,D,U2,C,A050500,U2,EUR,2024-05-06,0,A,F,,,P1D,,E,,,,,,,,,0,,Marginal lending facility - Eurosystem,"Euro area (changing composition), Eurosystem reporting sector - Marginal lending facility, Euro - Euro area (changing composition) counterpart",EUR,6
ILM.D.U2.C.A050500.U2.EUR,D,U2,C,A050500,U2,EUR,2024-05-07,0.1,A,F,,,P1D,,E,,,,,,,,,0,,Marginal lending facility - Eurosystem,"Euro area (changing composition), Eurosystem reporting sector - Marginal lending facility, Euro - Euro area (changing composition) counterpart",EUR,6
ILM.D.U2.C.A050500.U2.EUR,D,U2,C,A050500,U2,EUR,2024-05-08,0,A,F,,,P1D,,E,,,,,,,,,0,,Marginal lending facility - Eurosystem,"Euro area (changing composition), Eurosystem reporting sector - Marginal lending facility, Euro - Euro area (changing composition) counterpart",EUR,6
ILM.D.U2.C.A050500.U2.EUR,D,U2,C,A050500,U2,EUR,2024-05-09,5.78167173,A,F,,,P1D,,E,,,,,,,,,0,,Marginal lending facility - Eurosystem,"Euro area (changing composition), Eurosystem reporting sector - Marginal lending facility, Euro - Euro area (changing composition) counterpart",EUR,6
ILM.D.U2.C.A050500.U2.EUR,D,U2,C,A050500,U2,EUR,2024-05-10,0,A,F,,,P1D,,E,,,,,,,,,0,,Marginal lending facility - Eurosystem,"Euro area (changing composition), Eurosystem reporting sector - Marginal lending facility, Euro - Euro area (changing composition) counterpart",EUR,6
ILM.D.U2.C.A050500.U2.EUR,D,U2,C,A050500,U2,EUR,2024-05-13,0.000001,A,F,,,P1D,,E,,,,,,,,,0,,Marginal lending facility - Eurosystem,"Euro area (changing composition), Eurosystem reporting sector - Marginal lending facility, Euro - Euro area (changing composition) counterpart",EUR,6
ILM.D.U2.C.A050500.U2.EUR,D,U2,C,A050500,U2,EUR,2024-05-14,0,A,F,,,P1D,,E,,,,,,,,,0,,Marginal lending facility - Eurosystem,"Euro area (changing composition), Eurosystem reporting sector - Marginal lending facility, Euro - Euro area (changing composition) counterpart",EUR,6
ILM.D.U2.C.A050500.U2.EUR,D,U2,C,A050500,U2,EUR,2024-05-15,0,A,F,,,P1D,,E,,,,,,,,,0,,Marginal lending facility - Eurosystem,"Euro area (changing composition), Eurosystem reporting sector - Marginal lending facility, Euro - Euro area (changing composition) counterpart",EUR,6
ILM.D.U2.C.A050500.U2.EUR,D,U2,C,A050500,U2,EUR,2024-05-16,0,A,F,,,P1D,,E,,,,,,,,,0,,Marginal lending facility - Eurosystem,"Euro area (changing composition), Eurosystem reporting sector - Marginal lending facility, Euro - Euro area (changing composition) counterpart",EUR,6
ILM.D.U2.C.A050500.U2.EUR,D,U2,C,A050500,U2,EUR,2024-05-17,0,A,F,,,P1D,,E,,,,,,,,,0,,Marginal lending facility - Eurosystem,"Euro area (changing composition), Eurosystem reporting sector - Marginal lending facility, Euro - Euro area (changing composition) counterpart",EUR,6
ILM.D.U2.C.A050500.U2.EUR,D,U2,C,A050500,U2,EUR,2024-05-20,0,A,F,,,P1D,,E,,,,,,,,,0,,Marginal lending facility - Eurosystem,"Euro area (changing composition), Eurosystem reporting sector - Marginal lending facility, Euro - Euro area (changing composition) counterpart",EUR,6
ILM.D.U2.C.A050500.U2.EUR,D,U2,C,A050500,U2,EUR,2024-05-21,0,A,F,,,P1D,,E,,,,,,,,,0,,Marginal lending facility - Eurosystem,"Euro area (changing composition), Eurosystem reporting sector - Marginal lending facility, Euro - Euro area (changing composition) counterpart",EUR,6
ILM.D.U2.C.A050500.U2.EUR,D,U2,C,A050500,U2,EUR,2024-05-22,0,A,F,,,P1D,,E,,,,,,,,,0,,Marginal lending facility - Eurosystem,"Euro area (changing composition), Eurosystem reporting sector - Marginal lending facility, Euro - Euro area (changing composition) counterpart",EUR,6
ILM.D.U2.C.A050500.U2.EUR,D,U2,C,A050500,U2,EUR,2024-05-23,0,A,F,,,P1D,,E,,,,,,,,,0,,Marginal lending facility - Eurosystem,"Euro area (changing composition), Eurosystem reporting sector - Marginal lending facility, Euro - Euro area (changing composition) counterpart",EUR,6
ILM.D.U2.C.A050500.U2.EUR,D,U2,C,A050500,U2,EUR,2024-05-24,0,A,F,,,P1D,,E,,,,,,,,,0,,Marginal lending facility - Eurosystem,"Euro area (changing composition), Eurosystem reporting sector - Marginal lending facility, Euro - Euro area (changing composition) counterpart",EUR,6
ILM.D.U2.C.A050500.U2.EUR,D,U2,C,A050500,U2,EUR,2024-05-27,0.1,A,F,,,P1D,,E,,,,,,,,,0,,Marginal lending facility - Eurosystem,"Euro area (changing composition), Eurosystem reporting sector - Marginal lending facility, Euro - Euro area (changing composition) counterpart",EUR,6
ILM.D.U2.C.A050500.U2.EUR,D,U2,C,A050500,U2,EUR,2024-05-28,10.18541828,A,F,,,P1D,,E,,,,,,,,,0,,Marginal lending facility - Eurosystem,"Euro area (changing composition), Eurosystem reporting sector - Marginal lending facility, Euro - Euro area (changing composition) counterpart",EUR,6
ILM.D.U2.C.A050500.U2.EUR,D,U2,C,A050500,U2,EUR,2024-05-29,8.34169176,A,F,,,P1D,,E,,,,,,,,,0,,Marginal lending facility - Eurosystem,"Euro area (changing composition), Eurosystem reporting sector - Marginal lending facility, Euro - Euro area (changing composition) counterpart",EUR,6
ILM.D.U2.C.A050500.U2.EUR,D,U2,C,A050500,U2,EUR,2024-05-30,5,A,F,,,P1D,,E,,,,,,,,,0,,Marginal lending facility - Eurosystem,"Euro area (changing composition), Eurosystem reporting sector - Marginal lending facility, Euro - Euro area (changing composition) counterpart",EUR,6
ILM.D.U2.C.A050500.U2.EUR,D,U2,C,A050500,U2,EUR,2024-05-31,0,A,F,,,P1D,,E,,,,,,,,,0,,Marginal lending facility - Eurosystem,"Euro area (changing composition), Eurosystem reporting sector - Marginal lending facility, Euro - Euro area (changing composition) counterpart",EUR,6
ILM.D.U2.C.A050500.U2.EUR,D,U2,C,A050500,U2,EUR,2024-06-03,0.00433448,A,F,,,P1D,,E,,,,,,,,,0,,Marginal lending facility - Eurosystem,"Euro area (changing composition), Eurosystem reporting sector - Marginal lending facility, Euro - Euro area (changing composition) counterpart",EUR,6
ILM.D.U2.C.A050500.U2.EUR,D,U2,C,A050500,U2,EUR,2024-06-04,0,A,F,,,P1D,,E,,,,,,,,,0,,Marginal lending facility - Eurosystem,"Euro area (changing composition), Eurosystem reporting sector - Marginal lending facility, Euro - Euro area (changing composition) counterpart",EUR,6
ILM.D.U2.C.A050500.U2.EUR,D,U2,C,A050500,U2,EUR,2024-06-05,1.24415601,A,F,,,P1D,,E,,,,,,,,,0,,Marginal lending facility - Eurosystem,"Euro area (changing composition), Eurosystem reporting sector - Marginal lending facility, Euro - Euro area (changing composition) counterpart",EUR,6
ILM.D.U2.C.A050500.U2.EUR,D,U2,C,A050500,U2,EUR,2024-06-06,17.01724623,A,F,,,P1D,,E,,,,,,,,,0,,Marginal lending facility - Eurosystem,"Euro area (changing composition), Eurosystem reporting sector - Marginal lending facility, Euro - Euro area (changing composition) counterpart",EUR,6
ILM.D.U2.C.A050500.U2.EUR,D,U2,C,A050500,U2,EUR,2024-06-07,0,A,F,,,P1D,,E,,,,,,,,,0,,Marginal lending facility - Eurosystem,"Euro area (changing composition), Eurosystem reporting sector - Marginal lending facility, Euro - Euro area (changing composition) counterpart",EUR,6
ILM.D.U2.C.A050500.U2.EUR,D,U2,C,A050500,U2,EUR,2024-06-10,0,A,F,,,P1D,,E,,,,,,,,,0,,Marginal lending facility - Eurosystem,"Euro area (changing composition), Eurosystem reporting sector - Marginal lending facility, Euro - Euro area (changing composition) counterpart",EUR,6
ILM.D.U2.C.A050500.U2.EUR,D,U2,C,A050500,U2,EUR,2024-06-11,1.80169754,A,F,,,P1D,,E,,,,,,,,,0,,Marginal lending facility - Eurosystem,"Euro area (changing composition), Eurosystem reporting sector - Marginal lending facility, Euro - Euro area (changing composition) counterpart",EUR,6
ILM.D.U2.C.A050500.U2.EUR,D,U2,C,A050500,U2,EUR,2024-06-12,0,A,F,,,P1D,,E,,,,,,,,,0,,Marginal lending facility - Eurosystem,"Euro area (changing composition), Eurosystem reporting sector - Marginal lending facility, Euro - Euro area (changing composition) counterpart",EUR,6
ILM.D.U2.C.A050500.U2.EUR,D,U2,C,A050500,U2,EUR,2024-06-13,0,A,F,,,P1D,,E,,,,,,,,,0,,Marginal lending facility - Eurosystem,"Euro area (changing composition), Eurosystem reporting sector - Marginal lending facility, Euro - Euro area (changing composition) counterpart",EUR,6
ILM.D.U2.C.A050500.U2.EUR,D,U2,C,A050500,U2,EUR,2024-06-14,0,A,F,,,P1D,,E,,,,,,,,,0,,Marginal lending facility - Eurosystem,"Euro area (changing composition), Eurosystem reporting sector - Marginal lending facility, Euro - Euro area (changing composition) counterpart",EUR,6
ILM.D.U2.C.A050500.U2.EUR,D,U2,C,A050500,U2,EUR,2024-06-17,0,A,F,,,P1D,,E,,,,,,,,,0,,Marginal lending facility - Eurosystem,"Euro area (changing composition), Eurosystem reporting sector - Marginal lending facility, Euro - Euro area (changing composition) counterpart",EUR,6
ILM.D.U2.C.A050500.U2.EUR,D,U2,C,A050500,U2,EUR,2024-06-18,1,A,F,,,P1D,,E,,,,,,,,,0,,Marginal lending facility - Eurosystem,"Euro area (changing composition), Eurosystem reporting sector - Marginal lending facility, Euro - Euro area (changing composition) counterpart",EUR,6
ILM.D.U2.C.A050500.U2.EUR,D,U2,C,A050500,U2,EUR,2024-06-19,5,A,F,,,P1D,,E,,,,,,,,,0,,Marginal lending facility - Eurosystem,"Euro area (changing composition), Eurosystem reporting sector - Marginal lending facility, Euro - Euro area (changing composition) counterpart",EUR,6
ILM.D.U2.C.A050500.U2.EUR,D,U2,C,A050500,U2,EUR,2024-06-20,5,A,F,,,P1D,,E,,,,,,,,,0,,Marginal lending facility - Eurosystem,"Euro area (changing composition), Eurosystem reporting sector - Marginal lending facility, Euro - Euro area (changing composition) counterpart",EUR,6
ILM.D.U2.C.A050500.U2.EUR,D,U2,C,A050500,U2,EUR,2024-06-21,0.0358925,A,F,,,P1D,,E,,,,,,,,,0,,Marginal lending facility - Eurosystem,"Euro area (changing composition), Eurosystem reporting sector - Marginal lending facility, Euro - Euro area (changing composition) counterpart",EUR,6
ILM.D.U2.C.A050500.U2.EUR,D,U2,C,A050500,U2,EUR,2024-06-24,0.5,A,F,,,P1D,,E,,,,,,,,,0,,Marginal lending facility - Eurosystem,"Euro area (changing composition), Eurosystem reporting sector - Marginal lending facility, Euro - Euro area (changing composition) counterpart",EUR,6
ILM.D.U2.C.A050500.U2.EUR,D,U2,C,A050500,U2,EUR,2024-06-25,1.3,A,F,,,P1D,,E,,,,,,,,,0,,Marginal lending facility - Eurosystem,"Euro area (changing composition), Eurosystem reporting sector - Marginal lending facility, Euro - Euro area (changing composition) counterpart",EUR,6
ILM.D.U2.C.A050500.U2.EUR,D,U2,C,A050500,U2,EUR,2024-06-26,32.30571065,A,F,,,P1D,,E,,,,,,,,,0,,Marginal lending facility - Eurosystem,"Euro area (changing composition), Eurosystem reporting sector - Marginal lending facility, Euro - Euro area (changing composition) counterpart",EUR,6
ILM.D.U2.C.A050500.U2.EUR,D,U2,C,A050500,U2,EUR,2024-06-27,0.050005,A,F,,,P1D,,E,,,,,,,,,0,,Marginal lending facility - Eurosystem,"Euro area (changing composition), Eurosystem reporting sector - Marginal lending facility, Euro - Euro area (changing composition) counterpart",EUR,6
ILM.D.U2.C.A050500.U2.EUR,D,U2,C,A050500,U2,EUR,2024-06-28,65,A,F,,,P1D,,E,,,,,,,,,0,,Marginal lending facility - Eurosystem,"Euro area (changing composition), Eurosystem reporting sector - Marginal lending facility, Euro - Euro area (changing composition) counterpart",EUR,6
ILM.D.U2.C.A050500.U2.EUR,D,U2,C,A050500,U2,EUR,2024-07-01,0,A,F,,,P1D,,E,,,,,,,,,0,,Marginal lending facility - Eurosystem,"Euro area (changing composition), Eurosystem reporting sector - Marginal lending facility, Euro - Euro area (changing composition) counterpart",EUR,6
ILM.D.U2.C.A050500.U2.EUR,D,U2,C,A050500,U2,EUR,2024-07-02,50,A,F,,,P1D,,E,,,,,,,,,0,,Marginal lending facility - Eurosystem,"Euro area (changing composition), Eurosystem reporting sector - Marginal lending facility, Euro - Euro area (changing composition) counterpart",EUR,6
ILM.D.U2.C.A050500.U2.EUR,D,U2,C,A050500,U2,EUR,2024-07-03,35.12827165,A,F,,,P1D,,E,,,,,,,,,0,,Marginal lending facility - Eurosystem,"Euro area (changing composition), Eurosystem reporting sector - Marginal lending facility, Euro - Euro area (changing composition) counterpart",EUR,6
ILM.D.U2.C.A050500.U2.EUR,D,U2,C,A050500,U2,EUR,2024-07-04,55.0375213,A,F,,,P1D,,E,,,,,,,,,0,,Marginal lending facility - Eurosystem,"Euro area (changing composition), Eurosystem reporting sector - Marginal lending facility, Euro - Euro area (changing composition) counterpart",EUR,6
ILM.D.U2.C.A050500.U2.EUR,D,U2,C,A050500,U2,EUR,2024-07-05,50.94991224,A,F,,,P1D,,E,,,,,,,,,0,,Marginal lending facility - Eurosystem,"Euro area (changing composition), Eurosystem reporting sector - Marginal lending facility, Euro - Euro area (changing composition) counterpart",EUR,6
ILM.D.U2.C.A050500.U2.EUR,D,U2,C,A050500,U2,EUR,2024-07-08,34.1300124,A,F,,,P1D,,E,,,,,,,,,0,,Marginal lending facility - Eurosystem,"Euro area (changing composition), Eurosystem reporting sector - Marginal lending facility, Euro - Euro area (changing composition) counterpart",EUR,6
ILM.D.U2.C.A050500.U2.EUR,D,U2,C,A050500,U2,EUR,2024-07-09,22.57881656,A,F,,,P1D,,E,,,,,,,,,0,,Marginal lending facility - Eurosystem,"Euro area (changing composition), Eurosystem reporting sector - Marginal lending facility, Euro - Euro area (changing composition) counterpart",EUR,6
ILM.D.U2.C.A050500.U2.EUR,D,U2,C,A050500,U2,EUR,2024-07-10,0,A,F,,,P1D,,E,,,,,,,,,0,,Marginal lending facility - Eurosystem,"Euro area (changing composition), Eurosystem reporting sector - Marginal lending facility, Euro - Euro area (changing composition) counterpart",EUR,6
ILM.D.U2.C.A050500.U2.EUR,D,U2,C,A050500,U2,EUR,2024-07-11,0,A,F,,,P1D,,E,,,,,,,,,0,,Marginal lending facility - Eurosystem,"Euro area (changing composition), Eurosystem reporting sector - Marginal lending facility, Euro - Euro area (changing composition) counterpart",EUR,6
ILM.D.U2.C.A050500.U2.EUR,D,U2,C,A050500,U2,EUR,2024-07-12,2.12348329,A,F,,,P1D,,E,,,,,,,,,0,,Marginal lending facility - Eurosystem,"Euro area (changing composition), Eurosystem reporting sector - Marginal lending facility, Euro - Euro area (changing composition) counterpart",EUR,6
ILM.D.U2.C.A050500.U2.EUR,D,U2,C,A050500,U2,EUR,2024-07-15,20,A,F,,,P1D,,E,,,,,,,,,0,,Marginal lending facility - Eurosystem,"Euro area (changing composition), Eurosystem reporting sector - Marginal lending facility, Euro - Euro area (changing composition) counterpart",EUR,6
ILM.D.U2.C.A050500.U2.EUR,D,U2,C,A050500,U2,EUR,2024-07-16,20,A,F,,,P1D,,E,,,,,,,,,0,,Marginal lending facility - Eurosystem,"Euro area (changing composition), Eurosystem reporting sector - Marginal lending facility, Euro - Euro area (changing composition) counterpart",EUR,6
ILM.D.U2.C.A050500.U2.EUR,D,U2,C,A050500,U2,EUR,2024-07-17,0,A,F,,,P1D,,E,,,,,,,,,0,,Marginal lending facility - Eurosystem,"Euro area (changing composition), Eurosystem reporting sector - Marginal lending facility, Euro - Euro area (changing composition) counterpart",EUR,6
ILM.D.U2.C.A050500.U2.EUR,D,U2,C,A050500,U2,EUR,2024-07-18,0,A,F,,,P1D,,E,,,,,,,,,0,,Marginal lending facility - Eurosystem,"Euro area (changing composition), Eurosystem reporting sector - Marginal lending facility, Euro - Euro area (changing composition) counterpart",EUR,6
ILM.D.U2.C.A050500.U2.EUR,D,U2,C,A050500,U2,EUR,2024-07-19,0,A,F,,,P1D,,E,,,,,,,,,0,,Marginal lending facility - Eurosystem,"Euro area (changing composition), Eurosystem reporting sector - Marginal lending facility, Euro - Euro area (changing composition) counterpart",EUR,6
ILM.D.U2.C.A050500.U2.EUR,D,U2,C,A050500,U2,EUR,2024-07-22,0.13356443,A,F,,,P1D,,E,,,,,,,,,0,,Marginal lending facility - Eurosystem,"Euro area (changing composition), Eurosystem reporting sector - Marginal lending facility, Euro - Euro area (changing composition) counterpart",EUR,6
ILM.D.U2.C.A050500.U2.EUR,D,U2,C,A050500,U2,EUR,2024-07-23,65.16067345,A,F,,,P1D,,E,,,,,,,,,0,,Marginal lending facility - Eurosystem,"Euro area (changing composition), Eurosystem reporting sector - Marginal lending facility, Euro - Euro area (changing composition) counterpart",EUR,6
ILM.D.U2.C.A050500.U2.EUR,D,U2,C,A050500,U2,EUR,2024-07-24,125,A,F,,,P1D,,E,,,,,,,,,0,,Marginal lending facility - Eurosystem,"Euro area (changing composition), Eurosystem reporting sector - Marginal lending facility, Euro - Euro area (changing composition) counterpart",EUR,6
ILM.D.U2.C.A050500.U2.EUR,D,U2,C,A050500,U2,EUR,2024-07-25,50,A,F,,,P1D,,E,,,,,,,,,0,,Marginal lending facility - Eurosystem,"Euro area (changing composition), Eurosystem reporting sector - Marginal lending facility, Euro - Euro area (changing composition) counterpart",EUR,6
ILM.D.U2.C.A050500.U2.EUR,D,U2,C,A050500,U2,EUR,2024-07-26,0,A,F,,,P1D,,E,,,,,,,,,0,,Marginal lending facility - Eurosystem,"Euro area (changing composition), Eurosystem reporting sector - Marginal lending facility, Euro - Euro area (changing composition) counterpart",EUR,6
ILM.D.U2.C.A050500.U2.EUR,D,U2,C,A050500,U2,EUR,2024-07-29,0,A,F,,,P1D,,E,,,,,,,,,0,,Marginal lending facility - Eurosystem,"Euro area (changing composition), Eurosystem reporting sector - Marginal lending facility, Euro - Euro area (changing composition) counterpart",EUR,6
ILM.D.U2.C.A050500.U2.EUR,D,U2,C,A050500,U2,EUR,2024-07-30,0,A,F,,,P1D,,E,,,,,,,,,0,,Marginal lending facility - Eurosystem,"Euro area (changing composition), Eurosystem reporting sector - Marginal lending facility, Euro - Euro area (changing composition) counterpart",EUR,6
ILM.D.U2.C.A050500.U2.EUR,D,U2,C,A050500,U2,EUR,2024-07-31,0,A,F,,,P1D,,E,,,,,,,,,0,,Marginal lending facility - Eurosystem,"Euro area (changing composition), Eurosystem reporting sector - Marginal lending facility, Euro - Euro area (changing composition) counterpart",EUR,6
ILM.D.U2.C.A050500.U2.EUR,D,U2,C,A050500,U2,EUR,2024-08-01,0,A,F,,,P1D,,E,,,,,,,,,0,,Marginal lending facility - Eurosystem,"Euro area (changing composition), Eurosystem reporting sector - Marginal lending facility, Euro - Euro area (changing composition) counterpart",EUR,6
ILM.D.U2.C.A050500.U2.EUR,D,U2,C,A050500,U2,EUR,2024-08-02,0,A,F,,,P1D,,E,,,,,,,,,0,,Marginal lending facility - Eurosystem,"Euro area (changing composition), Eurosystem reporting sector - Marginal lending facility, Euro - Euro area (changing composition) counterpart",EUR,6
ILM.D.U2.C.A050500.U2.EUR,D,U2,C,A050500,U2,EUR,2024-08-05,0,A,F,,,P1D,,E,,,,,,,,,0,,Marginal lending facility - Eurosystem,"Euro area (changing composition), Eurosystem reporting sector - Marginal lending facility, Euro - Euro area (changing composition) counterpart",EUR,6
ILM.D.U2.C.A050500.U2.EUR,D,U2,C,A050500,U2,EUR,2024-08-06,11.3,A,F,,,P1D,,E,,,,,,,,,0,,Marginal lending facility - Eurosystem,"Euro area (changing composition), Eurosystem reporting sector - Marginal lending facility, Euro - Euro area (changing composition) counterpart",EUR,6
ILM.D.U2.C.A050500.U2.EUR,D,U2,C,A050500,U2,EUR,2024-08-07,6.92573293,A,F,,,P1D,,E,,,,,,,,,0,,Marginal lending facility - Eurosystem,"Euro area (changing composition), Eurosystem reporting sector - Marginal lending facility, Euro - Euro area (changing composition) counterpart",EUR,6
ILM.D.U2.C.A050500.U2.EUR,D,U2,C,A050500,U2,EUR,2024-08-08,0,A,F,,,P1D,,E,,,,,,,,,0,,Marginal lending facility - Eurosystem,"Euro area (changing composition), Eurosystem reporting sector - Marginal lending facility, Euro - Euro area (changing composition) counterpart",EUR,6
ILM.D.U2.C.A050500.U2.EUR,D,U2,C,A050500,U2,EUR,2024-08-09,0,A,F,,,P1D,,E,,,,,,,,,0,,Marginal lending facility - Eurosystem,"Euro area (changing composition), Eurosystem reporting sector - Marginal lending facility, Euro - Euro area (changing composition) counterpart",EUR,6
ILM.D.U2.C.A050500.U2.EUR,D,U2,C,A050500,U2,EUR,2024-08-12,0,A,F,,,P1D,,E,,,,,,,,,0,,Marginal lending facility - Eurosystem,"Euro area (changing composition), Eurosystem reporting sector - Marginal lending facility, Euro - Euro area (changing composition) counterpart",EUR,6
ILM.D.U2.C.A050500.U2.EUR,D,U2,C,A050500,U2,EUR,2024-08-13,0.1,A,F,,,P1D,,E,,,,,,,,,0,,Marginal lending facility - Eurosystem,"Euro area (changing composition), Eurosystem reporting sector - Marginal lending facility, Euro - Euro area (changing composition) counterpart",EUR,6
ILM.D.U2.C.A050500.U2.EUR,D,U2,C,A050500,U2,EUR,2024-08-14,0,A,F,,,P1D,,E,,,,,,,,,0,,Marginal lending facility - Eurosystem,"Euro area (changing composition), Eurosystem reporting sector - Marginal lending facility, Euro - Euro area (changing composition) counterpart",EUR,6
ILM.D.U2.C.A050500.U2.EUR,D,U2,C,A050500,U2,EUR,2024-08-15,0,A,F,,,P1D,,E,,,,,,,,,0,,Marginal lending facility - Eurosystem,"Euro area (changing composition), Eurosystem reporting sector - Marginal lending facility, Euro - Euro area (changing composition) counterpart",EUR,6
ILM.D.U2.C.A050500.U2.EUR,D,U2,C,A050500,U2,EUR,2024-08-16,0,A,F,,,P1D,,E,,,,,,,,,0,,Marginal lending facility - Eurosystem,"Euro area (changing composition), Eurosystem reporting sector - Marginal lending facility, Euro - Euro area (changing composition) counterpart",EUR,6
ILM.D.U2.C.A050500.U2.EUR,D,U2,C,A050500,U2,EUR,2024-08-19,3.32130381,A,F,,,P1D,,E,,,,,,,,,0,,Marginal lending facility - Eurosystem,"Euro area (changing composition), Eurosystem reporting sector - Marginal lending facility, Euro - Euro area (changing composition) counterpart",EUR,6
ILM.D.U2.C.A050500.U2.EUR,D,U2,C,A050500,U2,EUR,2024-08-20,18.18729045,A,F,,,P1D,,E,,,,,,,,,0,,Marginal lending facility - Eurosystem,"Euro area (changing composition), Eurosystem reporting sector - Marginal lending facility, Euro - Euro area (changing composition) counterpart",EUR,6
ILM.D.U2.C.A050500.U2.EUR,D,U2,C,A050500,U2,EUR,2024-08-21,0,A,F,,,P1D,,E,,,,,,,,,0,,Marginal lending facility - Eurosystem,"Euro area (changing composition), Eurosystem reporting sector - Marginal lending facility, Euro - Euro area (changing composition) counterpart",EUR,6
ILM.D.U2.C.A050500.U2.EUR,D,U2,C,A050500,U2,EUR,2024-08-22,0,A,F,,,P1D,,E,,,,,,,,,0,,Marginal lending facility - Eurosystem,"Euro area (changing composition), Eurosystem reporting sector - Marginal lending facility, Euro - Euro area (changing composition) counterpart",EUR,6
ILM.D.U2.C.A050500.U2.EUR,D,U2,C,A050500,U2,EUR,2024-08-23,3.37116542,A,F,,,P1D,,E,,,,,,,,,0,,Marginal lending facility - Eurosystem,"Euro area (changing composition), Eurosystem reporting sector - Marginal lending facility, Euro - Euro area (changing composition) counterpart",EUR,6
ILM.D.U2.C.A050500.U2.EUR,D,U2,C,A050500,U2,EUR,2024-08-26,10.55705581,A,F,,,P1D,,E,,,,,,,,,0,,Marginal lending facility - Eurosystem,"Euro area (changing composition), Eurosystem reporting sector - Marginal lending facility, Euro - Euro area (changing composition) counterpart",EUR,6
ILM.D.U2.C.A050500.U2.EUR,D,U2,C,A050500,U2,EUR,2024-08-27,10,A,F,,,P1D,,E,,,,,,,,,0,,Marginal lending facility - Eurosystem,"Euro area (changing composition), Eurosystem reporting sector - Marginal lending facility, Euro - Euro area (changing composition) counterpart",EUR,6
ILM.D.U2.C.A050500.U2.EUR,D,U2,C,A050500,U2,EUR,2024-08-28,110.83710191,A,F,,,P1D,,E,,,,,,,,,0,,Marginal lending facility - Eurosystem,"Euro area (changing composition), Eurosystem reporting sector - Marginal lending facility, Euro - Euro area (changing composition) counterpart",EUR,6
ILM.D.U2.C.A050500.U2.EUR,D,U2,C,A050500,U2,EUR,2024-08-29,1.56921664,A,F,,,P1D,,E,,,,,,,,,0,,Marginal lending facility - Eurosystem,"Euro area (changing composition), Eurosystem reporting sector - Marginal lending facility, Euro - Euro area (changing composition) counterpart",EUR,6
ILM.D.U2.C.A050500.U2.EUR,D,U2,C,A050500,U2,EUR,2024-08-30,0,A,F,,,P1D,,E,,,,,,,,,0,,Marginal lending facility - Eurosystem,"Euro area (changing composition), Eurosystem reporting sector - Marginal lending facility, Euro - Euro area (changing composition) counterpart",EUR,6
ILM.D.U2.C.A050500.U2.EUR,D,U2,C,A050500,U2,EUR,2024-09-02,0.49178713,A,F,,,P1D,,E,,,,,,,,,0,,Marginal lending facility - Eurosystem,"Euro area (changing composition), Eurosystem reporting sector - Marginal lending facility, Euro - Euro area (changing composition) counterpart",EUR,6
ILM.D.U2.C.A050500.U2.EUR,D,U2,C,A050500,U2,EUR,2024-09-03,0,A,F,,,P1D,,E,,,,,,,,,0,,Marginal lending facility - Eurosystem,"Euro area (changing composition), Eurosystem reporting sector - Marginal lending facility, Euro - Euro area (changing composition) counterpart",EUR,6
ILM.D.U2.C.A050500.U2.EUR,D,U2,C,A050500,U2,EUR,2024-09-04,0,A,F,,,P1D,,E,,,,,,,,,0,,Marginal lending facility - Eurosystem,"Euro area (changing composition), Eurosystem reporting sector - Marginal lending facility, Euro - Euro area (changing composition) counterpart",EUR,6
ILM.D.U2.C.A050500.U2.EUR,D,U2,C,A050500,U2,EUR,2024-09-05,0,A,F,,,P1D,,E,,,,,,,,,0,,Marginal lending facility - Eurosystem,"Euro area (changing composition), Eurosystem reporting sector - Marginal lending facility, Euro - Euro area (changing composition) counterpart",EUR,6
ILM.D.U2.C.A050500.U2.EUR,D,U2,C,A050500,U2,EUR,2024-09-06,0,A,F,,,P1D,,E,,,,,,,,,0,,Marginal lending facility - Eurosystem,"Euro area (changing composition), Eurosystem reporting sector - Marginal lending facility, Euro - Euro area (changing composition) counterpart",EUR,6
ILM.D.U2.C.A050500.U2.EUR,D,U2,C,A050500,U2,EUR,2024-09-09,2,A,F,,,P1D,,E,,,,,,,,,0,,Marginal lending facility - Eurosystem,"Euro area (changing composition), Eurosystem reporting sector - Marginal lending facility, Euro - Euro area (changing composition) counterpart",EUR,6
ILM.D.U2.C.A050500.U2.EUR,D,U2,C,A050500,U2,EUR,2024-09-10,1,A,F,,,P1D,,E,,,,,,,,,0,,Marginal lending facility - Eurosystem,"Euro area (changing composition), Eurosystem reporting sector - Marginal lending facility, Euro - Euro area (changing composition) counterpart",EUR,6
ILM.D.U2.C.A050500.U2.EUR,D,U2,C,A050500,U2,EUR,2024-09-11,0,A,F,,,P1D,,E,,,,,,,,,0,,Marginal lending facility - Eurosystem,"Euro area (changing composition), Eurosystem reporting sector - Marginal lending facility, Euro - Euro area (changing composition) counterpart",EUR,6
ILM.D.U2.C.A050500.U2.EUR,D,U2,C,A050500,U2,EUR,2024-09-12,0.98,A,F,,,P1D,,E,,,,,,,,,0,,Marginal lending facility - Eurosystem,"Euro area (changing composition), Eurosystem reporting sector - Marginal lending facility, Euro - Euro area (changing composition) counterpart",EUR,6
ILM.D.U2.C.A050500.U2.EUR,D,U2,C,A050500,U2,EUR,2024-09-13,25.67216486,A,F,,,P1D,,E,,,,,,,,,0,,Marginal lending facility - Eurosystem,"Euro area (changing composition), Eurosystem reporting sector - Marginal lending facility, Euro - Euro area (changing composition) counterpart",EUR,6
ILM.D.U2.C.A050500.U2.EUR,D,U2,C,A050500,U2,EUR,2024-09-16,0,A,F,,,P1D,,E,,,,,,,,,0,,Marginal lending facility - Eurosystem,"Euro area (changing composition), Eurosystem reporting sector - Marginal lending facility, Euro - Euro area (changing composition) counterpart",EUR,6
ILM.D.U2.C.A050500.U2.EUR,D,U2,C,A050500,U2,EUR,2024-09-17,3.58568647,A,F,,,P1D,,E,,,,,,,,,0,,Marginal lending facility - Eurosystem,"Euro area (changing composition), Eurosystem reporting sector - Marginal lending facility, Euro - Euro area (changing composition) counterpart",EUR,6
ILM.D.U2.C.A050500.U2.EUR,D,U2,C,A050500,U2,EUR,2024-09-18,0,A,F,,,P1D,,E,,,,,,,,,0,,Marginal lending facility - Eurosystem,"Euro area (changing composition), Eurosystem reporting sector - Marginal lending facility, Euro - Euro area (changing composition) counterpart",EUR,6
ILM.D.U2.C.A050500.U2.EUR,D,U2,C,A050500,U2,EUR,2024-09-19,50.000999,A,F,,,P1D,,E,,,,,,,,,0,,Marginal lending facility - Eurosystem,"Euro area (changing composition), Eurosystem reporting sector - Marginal lending facility, Euro - Euro area (changing composition) counterpart",EUR,6
ILM.D.U2.C.A050500.U2.EUR,D,U2,C,A050500,U2,EUR,2024-09-20,18,A,F,,,P1D,,E,,,,,,,,,0,,Marginal lending facility - Eurosystem,"Euro area (changing composition), Eurosystem reporting sector - Marginal lending facility, Euro - Euro area (changing composition) counterpart",EUR,6
ILM.D.U2.C.A050500.U2.EUR,D,U2,C,A050500,U2,EUR,2024-09-23,10,A,F,,,P1D,,E,,,,,,,,,0,,Marginal lending facility - Eurosystem,"Euro area (changing composition), Eurosystem reporting sector - Marginal lending facility, Euro - Euro area (changing composition) counterpart",EUR,6
ILM.D.U2.C.A050500.U2.EUR,D,U2,C,A050500,U2,EUR,2024-09-24,14.12538171,A,F,,,P1D,,E,,,,,,,,,0,,Marginal lending facility - Eurosystem,"Euro area (changing composition), Eurosystem reporting sector - Marginal lending facility, Euro - Euro area (changing composition) counterpart",EUR,6
ILM.D.U2.C.A050500.U2.EUR,D,U2,C,A050500,U2,EUR,2024-09-25,0.11,A,F,,,P1D,,E,,,,,,,,,0,,Marginal lending facility - Eurosystem,"Euro area (changing composition), Eurosystem reporting sector - Marginal lending facility, Euro - Euro area (changing composition) counterpart",EUR,6
ILM.D.U2.C.A050500.U2.EUR,D,U2,C,A050500,U2,EUR,2024-09-26,202,A,F,,,P1D,,E,,,,,,,,,0,,Marginal lending facility - Eurosystem,"Euro area (changing composition), Eurosystem reporting sector - Marginal lending facility, Euro - Euro area (changing composition) counterpart",EUR,6
ILM.D.U2.C.A050500.U2.EUR,D,U2,C,A050500,U2,EUR,2024-09-27,9.91445919,A,F,,,P1D,,E,,,,,,,,,0,,Marginal lending facility - Eurosystem,"Euro area (changing composition), Eurosystem reporting sector - Marginal lending facility, Euro - Euro area (changing composition) counterpart",EUR,6
ILM.D.U2.C.A050500.U2.EUR,D,U2,C,A050500,U2,EUR,2024-09-30,3.99229198,A,F,,,P1D,,E,,,,,,,,,0,,Marginal lending facility - Eurosystem,"Euro area (changing composition), Eurosystem reporting sector - Marginal lending facility, Euro - Euro area (changing composition) counterpart",EUR,6
ILM.D.U2.C.A050500.U2.EUR,D,U2,C,A050500,U2,EUR,2024-10-01,12.74847157,A,F,,,P1D,,E,,,,,,,,,0,,Marginal lending facility - Eurosystem,"Euro area (changing composition), Eurosystem reporting sector - Marginal lending facility, Euro - Euro area (changing composition) counterpart",EUR,6
ILM.D.U2.C.A050500.U2.EUR,D,U2,C,A050500,U2,EUR,2024-10-02,0.59713154,A,F,,,P1D,,E,,,,,,,,,0,,Marginal lending facility - Eurosystem,"Euro area (changing composition), Eurosystem reporting sector - Marginal lending facility, Euro - Euro area (changing composition) counterpart",EUR,6
ILM.D.U2.C.A050500.U2.EUR,D,U2,C,A050500,U2,EUR,2024-10-03,0,A,F,,,P1D,,E,,,,,,,,,0,,Marginal lending facility - Eurosystem,"Euro area (changing composition), Eurosystem reporting sector - Marginal lending facility, Euro - Euro area (changing composition) counterpart",EUR,6
ILM.D.U2.C.A050500.U2.EUR,D,U2,C,A050500,U2,EUR,2024-10-04,2.14326821,A,F,,,P1D,,E,,,,,,,,,0,,Marginal lending facility - Eurosystem,"Euro area (changing composition), Eurosystem reporting sector - Marginal lending facility, Euro - Euro area (changing composition) counterpart",EUR,6
ILM.D.U2.C.A050500.U2.EUR,D,U2,C,A050500,U2,EUR,2024-10-07,3,A,F,,,P1D,,E,,,,,,,,,0,,Marginal lending facility - Eurosystem,"Euro area (changing composition), Eurosystem reporting sector - Marginal lending facility, Euro - Euro area (changing composition) counterpart",EUR,6
ILM.D.U2.C.A050500.U2.EUR,D,U2,C,A050500,U2,EUR,2024-10-08,15.10655498,A,F,,,P1D,,E,,,,,,,,,0,,Marginal lending facility - Eurosystem,"Euro area (changing composition), Eurosystem reporting sector - Marginal lending facility, Euro - Euro area (changing composition) counterpart",EUR,6
ILM.D.U2.C.A050500.U2.EUR,D,U2,C,A050500,U2,EUR,2024-10-09,11,A,F,,,P1D,,E,,,,,,,,,0,,Marginal lending facility - Eurosystem,"Euro area (changing composition), Eurosystem reporting sector - Marginal lending facility, Euro - Euro area (changing composition) counterpart",EUR,6
ILM.D.U2.C.A050500.U2.EUR,D,U2,C,A050500,U2,EUR,2024-10-10,0.56946843,A,F,,,P1D,,E,,,,,,,,,0,,Marginal lending facility - Eurosystem,"Euro area (changing composition), Eurosystem reporting sector - Marginal lending facility, Euro - Euro area (changing composition) counterpart",EUR,6
ILM.D.U2.C.A050500.U2.EUR,D,U2,C,A050500,U2,EUR,2024-10-11,0,A,F,,,P1D,,E,,,,,,,,,0,,Marginal lending facility - Eurosystem,"Euro area (changing composition), Eurosystem reporting sector - Marginal lending facility, Euro - Euro area (changing composition) counterpart",EUR,6
ILM.D.U2.C.A050500.U2.EUR,D,U2,C,A050500,U2,EUR,2024-10-14,0,A,F,,,P1D,,E,,,,,,,,,0,,Marginal lending facility - Eurosystem,"Euro area (changing composition), Eurosystem reporting sector - Marginal lending facility, Euro - Euro area (changing composition) counterpart",EUR,6
ILM.D.U2.C.A050500.U2.EUR,D,U2,C,A050500,U2,EUR,2024-10-15,0,A,F,,,P1D,,E,,,,,,,,,0,,Marginal lending facility - Eurosystem,"Euro area (changing composition), Eurosystem reporting sector - Marginal lending facility, Euro - Euro area (changing composition) counterpart",EUR,6
ILM.D.U2.C.A050500.U2.EUR,D,U2,C,A050500,U2,EUR,2024-10-16,100,A,F,,,P1D,,E,,,,,,,,,0,,Marginal lending facility - Eurosystem,"Euro area (changing composition), Eurosystem reporting sector - Marginal lending facility, Euro - Euro area (changing composition) counterpart",EUR,6
ILM.D.U2.C.A050500.U2.EUR,D,U2,C,A050500,U2,EUR,2024-10-17,1,A,F,,,P1D,,E,,,,,,,,,0,,Marginal lending facility - Eurosystem,"Euro area (changing composition), Eurosystem reporting sector - Marginal lending facility, Euro - Euro area (changing composition) counterpart",EUR,6
ILM.D.U2.C.A050500.U2.EUR,D,U2,C,A050500,U2,EUR,2024-10-18,0.34328002,A,F,,,P1D,,E,,,,,,,,,0,,Marginal lending facility - Eurosystem,"Euro area (changing composition), Eurosystem reporting sector - Marginal lending facility, Euro - Euro area (changing composition) counterpart",EUR,6
ILM.D.U2.C.A050500.U2.EUR,D,U2,C,A050500,U2,EUR,2024-10-21,50.07981573,A,F,,,P1D,,E,,,,,,,,,0,,Marginal lending facility - Eurosystem,"Euro area (changing composition), Eurosystem reporting sector - Marginal lending facility, Euro - Euro area (changing composition) counterpart",EUR,6
ILM.D.U2.C.A050500.U2.EUR,D,U2,C,A050500,U2,EUR,2024-10-22,17.39908792,A,F,,,P1D,,E,,,,,,,,,0,,Marginal lending facility - Eurosystem,"Euro area (changing composition), Eurosystem reporting sector - Marginal lending facility, Euro - Euro area (changing composition) counterpart",EUR,6
ILM.D.U2.C.A050500.U2.EUR,D,U2,C,A050500,U2,EUR,2024-10-23,11.1,A,F,,,P1D,,E,,,,,,,,,0,,Marginal lending facility - Eurosystem,"Euro area (changing composition), Eurosystem reporting sector - Marginal lending facility, Euro - Euro area (changing composition) counterpart",EUR,6
ILM.D.U2.C.A050500.U2.EUR,D,U2,C,A050500,U2,EUR,2024-10-24,9.10194533,A,F,,,P1D,,E,,,,,,,,,0,,Marginal lending facility - Eurosystem,"Euro area (changing composition), Eurosystem reporting sector - Marginal lending facility, Euro - Euro area (changing composition) counterpart",EUR,6
ILM.D.U2.C.A050500.U2.EUR,D,U2,C,A050500,U2,EUR,2024-10-25,48.82415094,A,F,,,P1D,,E,,,,,,,,,0,,Marginal lending facility - Eurosystem,"Euro area (changing composition), Eurosystem reporting sector - Marginal lending facility, Euro - Euro area (changing composition) counterpart",EUR,6
ILM.D.U2.C.A050500.U2.EUR,D,U2,C,A050500,U2,EUR,2024-10-28,107.66875967,A,F,,,P1D,,E,,,,,,,,,0,,Marginal lending facility - Eurosystem,"Euro area (changing composition), Eurosystem reporting sector - Marginal lending facility, Euro - Euro area (changing composition) counterpart",EUR,6
ILM.D.U2.C.A050500.U2.EUR,D,U2,C,A050500,U2,EUR,2024-10-29,68.51565248,A,F,,,P1D,,E,,,,,,,,,0,,Marginal lending facility - Eurosystem,"Euro area (changing composition), Eurosystem reporting sector - Marginal lending facility, Euro - Euro area (changing composition) counterpart",EUR,6
ILM.D.U2.C.A050500.U2.EUR,D,U2,C,A050500,U2,EUR,2024-10-30,0,A,F,,,P1D,,E,,,,,,,,,0,,Marginal lending facility - Eurosystem,"Euro area (changing composition), Eurosystem reporting sector - Marginal lending facility, Euro - Euro area (changing composition) counterpart",EUR,6
ILM.D.U2.C.A050500.U2.EUR,D,U2,C,A050500,U2,EUR,2024-10-31,0,A,F,,,P1D,,E,,,,,,,,,0,,Marginal lending facility - Eurosystem,"Euro area (changing composition), Eurosystem reporting sector - Marginal lending facility, Euro - Euro area (changing composition) counterpart",EUR,6
ILM.D.U2.C.A050500.U2.EUR,D,U2,C,A050500,U2,EUR,2024-11-01,0,A,F,,,P1D,,E,,,,,,,,,0,,Marginal lending facility - Eurosystem,"Euro area (changing composition), Eurosystem reporting sector - Marginal lending facility, Euro - Euro area (changing composition) counterpart",EUR,6
ILM.D.U2.C.A050500.U2.EUR,D,U2,C,A050500,U2,EUR,2024-11-04,0,A,F,,,P1D,,E,,,,,,,,,0,,Marginal lending facility - Eurosystem,"Euro area (changing composition), Eurosystem reporting sector - Marginal lending facility, Euro - Euro area (changing composition) counterpart",EUR,6
ILM.D.U2.C.A050500.U2.EUR,D,U2,C,A050500,U2,EUR,2024-11-05,0,A,F,,,P1D,,E,,,,,,,,,0,,Marginal lending facility - Eurosystem,"Euro area (changing composition), Eurosystem reporting sector - Marginal lending facility, Euro - Euro area (changing composition) counterpart",EUR,6
ILM.D.U2.C.A050500.U2.EUR,D,U2,C,A050500,U2,EUR,2024-11-06,0,A,F,,,P1D,,E,,,,,,,,,0,,Marginal lending facility - Eurosystem,"Euro area (changing composition), Eurosystem reporting sector - Marginal lending facility, Euro - Euro area (changing composition) counterpart",EUR,6
ILM.D.U2.C.A050500.U2.EUR,D,U2,C,A050500,U2,EUR,2024-11-07,0,A,F,,,P1D,,E,,,,,,,,,0,,Marginal lending facility - Eurosystem,"Euro area (changing composition), Eurosystem reporting sector - Marginal lending facility, Euro - Euro area (changing composition) counterpart",EUR,6
ILM.D.U2.C.A050500.U2.EUR,D,U2,C,A050500,U2,EUR,2024-11-08,0,A,F,,,P1D,,E,,,,,,,,,0,,Marginal lending facility - Eurosystem,"Euro area (changing composition), Eurosystem reporting sector - Marginal lending facility, Euro - Euro area (changing composition) counterpart",EUR,6
ILM.D.U2.C.A050500.U2.EUR,D,U2,C,A050500,U2,EUR,2024-11-11,0,A,F,,,P1D,,E,,,,,,,,,0,,Marginal lending facility - Eurosystem,"Euro area (changing composition), Eurosystem reporting sector - Marginal lending facility, Euro - Euro area (changing composition) counterpart",EUR,6
ILM.D.U2.C.A050500.U2.EUR,D,U2,C,A050500,U2,EUR,2024-11-12,146.99509043,A,F,,,P1D,,E,,,,,,,,,0,,Marginal lending facility - Eurosystem,"Euro area (changing composition), Eurosystem reporting sector - Marginal lending facility, Euro - Euro area (changing composition) counterpart",EUR,6
ILM.D.U2.C.A050500.U2.EUR,D,U2,C,A050500,U2,EUR,2024-11-13,119.5388129,A,F,,,P1D,,E,,,,,,,,,0,,Marginal lending facility - Eurosystem,"Euro area (changing composition), Eurosystem reporting sector - Marginal lending facility, Euro - Euro area (changing composition) counterpart",EUR,6
ILM.D.U2.C.A050500.U2.EUR,D,U2,C,A050500,U2,EUR,2024-11-14,120.44726741,A,F,,,P1D,,E,,,,,,,,,0,,Marginal lending facility - Eurosystem,"Euro area (changing composition), Eurosystem reporting sector - Marginal lending facility, Euro - Euro area (changing composition) counterpart",EUR,6
ILM.D.U2.C.A050500.U2.EUR,D,U2,C,A050500,U2,EUR,2024-11-15,131.3759535,A,F,,,P1D,,E,,,,,,,,,0,,Marginal lending facility - Eurosystem,"Euro area (changing composition), Eurosystem reporting sector - Marginal lending facility, Euro - Euro area (changing composition) counterpart",EUR,6
ILM.D.U2.C.A050500.U2.EUR,D,U2,C,A050500,U2,EUR,2024-11-18,326.42871651,A,F,,,P1D,,E,,,,,,,,,0,,Marginal lending facility - Eurosystem,"Euro area (changing composition), Eurosystem reporting sector - Marginal lending facility, Euro - Euro area (changing composition) counterpart",EUR,6
ILM.D.U2.C.A050500.U2.EUR,D,U2,C,A050500,U2,EUR,2024-11-19,10.01220636,A,F,,,P1D,,E,,,,,,,,,0,,Marginal lending facility - Eurosystem,"Euro area (changing composition), Eurosystem reporting sector - Marginal lending facility, Euro - Euro area (changing composition) counterpart",EUR,6
ILM.D.U2.C.A050500.U2.EUR,D,U2,C,A050500,U2,EUR,2024-11-20,2.20507833,A,F,,,P1D,,E,,,,,,,,,0,,Marginal lending facility - Eurosystem,"Euro area (changing composition), Eurosystem reporting sector - Marginal lending facility, Euro - Euro area (changing composition) counterpart",EUR,6
ILM.D.U2.C.A050500.U2.EUR,D,U2,C,A050500,U2,EUR,2024-11-21,0,A,F,,,P1D,,E,,,,,,,,,0,,Marginal lending facility - Eurosystem,"Euro area (changing composition), Eurosystem reporting sector - Marginal lending facility, Euro - Euro area (changing composition) counterpart",EUR,6
ILM.D.U2.C.A050500.U2.EUR,D,U2,C,A050500,U2,EUR,2024-11-22,19.09571337,A,F,,,P1D,,E,,,,,,,,,0,,Marginal lending facility - Eurosystem,"Euro area (changing composition), Eurosystem reporting sector - Marginal lending facility, Euro - Euro area (changing composition) counterpart",EUR,6
ILM.D.U2.C.A050500.U2.EUR,D,U2,C,A050500,U2,EUR,2024-11-25,15.58321022,A,F,,,P1D,,E,,,,,,,,,0,,Marginal lending facility - Eurosystem,"Euro area (changing composition), Eurosystem reporting sector - Marginal lending facility, Euro - Euro area (changing composition) counterpart",EUR,6
ILM.D.U2.C.A050500.U2.EUR,D,U2,C,A050500,U2,EUR,2024-11-26,36.17485605,A,F,,,P1D,,E,,,,,,,,,0,,Marginal lending facility - Eurosystem,"Euro area (changing composition), Eurosystem reporting sector - Marginal lending facility, Euro - Euro area (changing composition) counterpart",EUR,6
ILM.D.U2.C.A050500.U2.EUR,D,U2,C,A050500,U2,EUR,2024-11-27,64.37432799,A,F,,,P1D,,E,,,,,,,,,0,,Marginal lending facility - Eurosystem,"Euro area (changing composition), Eurosystem reporting sector - Marginal lending facility, Euro - Euro area (changing composition) counterpart",EUR,6
ILM.D.U2.C.A050500.U2.EUR,D,U2,C,A050500,U2,EUR,2024-11-28,0.0001,A,F,,,P1D,,E,,,,,,,,,0,,Marginal lending facility - Eurosystem,"Euro area (changing composition), Eurosystem reporting sector - Marginal lending facility, Euro - Euro area (changing composition) counterpart",EUR,6
ILM.D.U2.C.A050500.U2.EUR,D,U2,C,A050500,U2,EUR,2024-11-29,0.1,A,F,,,P1D,,E,,,,,,,,,0,,Marginal lending facility - Eurosystem,"Euro area (changing composition), Eurosystem reporting sector - Marginal lending facility, Euro - Euro area (changing composition) counterpart",EUR,6
ILM.D.U2.C.A050500.U2.EUR,D,U2,C,A050500,U2,EUR,2024-12-02,20.92025426,A,F,,,P1D,,E,,,,,,,,,0,,Marginal lending facility - Eurosystem,"Euro area (changing composition), Eurosystem reporting sector - Marginal lending facility, Euro - Euro area (changing composition) counterpart",EUR,6
ILM.D.U2.C.A050500.U2.EUR,D,U2,C,A050500,U2,EUR,2024-12-03,0,A,F,,,P1D,,E,,,,,,,,,0,,Marginal lending facility - Eurosystem,"Euro area (changing composition), Eurosystem reporting sector - Marginal lending facility, Euro - Euro area (changing composition) counterpart",EUR,6
ILM.D.U2.C.A050500.U2.EUR,D,U2,C,A050500,U2,EUR,2024-12-04,0.61332486,A,F,,,P1D,,E,,,,,,,,,0,,Marginal lending facility - Eurosystem,"Euro area (changing composition), Eurosystem reporting sector - Marginal lending facility, Euro - Euro area (changing composition) counterpart",EUR,6
ILM.D.U2.C.A050500.U2.EUR,D,U2,C,A050500,U2,EUR,2024-12-05,4.53534133,A,F,,,P1D,,E,,,,,,,,,0,,Marginal lending facility - Eurosystem,"Euro area (changing composition), Eurosystem reporting sector - Marginal lending facility, Euro - Euro area (changing composition) counterpart",EUR,6
ILM.D.U2.C.A050500.U2.EUR,D,U2,C,A050500,U2,EUR,2024-12-06,0,A,F,,,P1D,,E,,,,,,,,,0,,Marginal lending facility - Eurosystem,"Euro area (changing composition), Eurosystem reporting sector - Marginal lending facility, Euro - Euro area (changing composition) counterpart",EUR,6
ILM.D.U2.C.A050500.U2.EUR,D,U2,C,A050500,U2,EUR,2024-12-09,0,A,F,,,P1D,,E,,,,,,,,,0,,Marginal lending facility - Eurosystem,"Euro area (changing composition), Eurosystem reporting sector - Marginal lending facility, Euro - Euro area (changing composition) counterpart",EUR,6
ILM.D.U2.C.A050500.U2.EUR,D,U2,C,A050500,U2,EUR,2024-12-10,0,A,F,,,P1D,,E,,,,,,,,,0,,Marginal lending facility - Eurosystem,"Euro area (changing composition), Eurosystem reporting sector - Marginal lending facility, Euro - Euro area (changing composition) counterpart",EUR,6
ILM.D.U2.C.A050500.U2.EUR,D,U2,C,A050500,U2,EUR,2024-12-11,2,A,F,,,P1D,,E,,,,,,,,,0,,Marginal lending facility - Eurosystem,"Euro area (changing composition), Eurosystem reporting sector - Marginal lending facility, Euro - Euro area (changing composition) counterpart",EUR,6
ILM.D.U2.C.A050500.U2.EUR,D,U2,C,A050500,U2,EUR,2024-12-12,0,A,F,,,P1D,,E,,,,,,,,,0,,Marginal lending facility - Eurosystem,"Euro area (changing composition), Eurosystem reporting sector - Marginal lending facility, Euro - Euro area (changing composition) counterpart",EUR,6
ILM.D.U2.C.A050500.U2.EUR,D,U2,C,A050500,U2,EUR,2024-12-13,0,A,F,,,P1D,,E,,,,,,,,,0,,Marginal lending facility - Eurosystem,"Euro area (changing composition), Eurosystem reporting sector - Marginal lending facility, Euro - Euro area (changing composition) counterpart",EUR,6
ILM.D.U2.C.A050500.U2.EUR,D,U2,C,A050500,U2,EUR,2024-12-16,0.2,A,F,,,P1D,,E,,,,,,,,,0,,Marginal lending facility - Eurosystem,"Euro area (changing composition), Eurosystem reporting sector - Marginal lending facility, Euro - Euro area (changing composition) counterpart",EUR,6
ILM.D.U2.C.A050500.U2.EUR,D,U2,C,A050500,U2,EUR,2024-12-17,103.92791594,A,F,,,P1D,,E,,,,,,,,,0,,Marginal lending facility - Eurosystem,"Euro area (changing composition), Eurosystem reporting sector - Marginal lending facility, Euro - Euro area (changing composition) counterpart",EUR,6
ILM.D.U2.C.A050500.U2.EUR,D,U2,C,A050500,U2,EUR,2024-12-18,100.48744655,A,F,,,P1D,,E,,,,,,,,,0,,Marginal lending facility - Eurosystem,"Euro area (changing composition), Eurosystem reporting sector - Marginal lending facility, Euro - Euro area (changing composition) counterpart",EUR,6
ILM.D.U2.C.A050500.U2.EUR,D,U2,C,A050500,U2,EUR,2024-12-19,83.47647595,A,F,,,P1D,,E,,,,,,,,,0,,Marginal lending facility - Eurosystem,"Euro area (changing composition), Eurosystem reporting sector - Marginal lending facility, Euro - Euro area (changing composition) counterpart",EUR,6
ILM.D.U2.C.A050500.U2.EUR,D,U2,C,A050500,U2,EUR,2024-12-20,99.99631969,A,F,,,P1D,,E,,,,,,,,,0,,Marginal lending facility - Eurosystem,"Euro area (changing composition), Eurosystem reporting sector - Marginal lending facility, Euro - Euro area (changing composition) counterpart",EUR,6
ILM.D.U2.C.A050500.U2.EUR,D,U2,C,A050500,U2,EUR,2024-12-23,74.76009511,A,F,,,P1D,,E,,,,,,,,,0,,Marginal lending facility - Eurosystem,"Euro area (changing composition), Eurosystem reporting sector - Marginal lending facility, Euro - Euro area (changing composition) counterpart",EUR,6
ILM.D.U2.C.A050500.U2.EUR,D,U2,C,A050500,U2,EUR,2024-12-24,37.29609922,A,F,,,P1D,,E,,,,,,,,,0,,Marginal lending facility - Eurosystem,"Euro area (changing composition), Eurosystem reporting sector - Marginal lending facility, Euro - Euro area (changing composition) counterpart",EUR,6
ILM.D.U2.C.A050500.U2.EUR,D,U2,C,A050500,U2,EUR,2024-12-25,37.29609922,A,F,,,P1D,,E,,,,,,,,,0,,Marginal lending facility - Eurosystem,"Euro area (changing composition), Eurosystem reporting sector - Marginal lending facility, Euro - Euro area (changing composition) counterpart",EUR,6
ILM.D.U2.C.A050500.U2.EUR,D,U2,C,A050500,U2,EUR,2024-12-26,37.29609922,A,F,,,P1D,,E,,,,,,,,,0,,Marginal lending facility - Eurosystem,"Euro area (changing composition), Eurosystem reporting sector - Marginal lending facility, Euro - Euro area (changing composition) counterpart",EUR,6
ILM.D.U2.C.A050500.U2.EUR,D,U2,C,A050500,U2,EUR,2024-12-27,36.08344705,A,F,,,P1D,,E,,,,,,,,,0,,Marginal lending facility - Eurosystem,"Euro area (changing composition), Eurosystem reporting sector - Marginal lending facility, Euro - Euro area (changing composition) counterpart",EUR,6
ILM.D.U2.C.A050500.U2.EUR,D,U2,C,A050500,U2,EUR,2024-12-30,0,A,F,,,P1D,,E,,,,,,,,,0,,Marginal lending facility - Eurosystem,"Euro area (changing composition), Eurosystem reporting sector - Marginal lending facility, Euro - Euro area (changing composition) counterpart",EUR,6
ILM.D.U2.C.A050500.U2.EUR,D,U2,C,A050500,U2,EUR,2024-12-31,48.36242264,A,F,,,P1D,,E,,,,,,,,,0,,Marginal lending facility - Eurosystem,"Euro area (changing composition), Eurosystem reporting sector - Marginal lending facility, Euro - Euro area (changing composition) counterpart",EUR,6
ILM.D.U2.C.A050500.U2.EUR,D,U2,C,A050500,U2,EUR,2025-01-01,48.36242264,A,F,,,P1D,,E,,,,,,,,,0,,Marginal lending facility - Eurosystem,"Euro area (changing composition), Eurosystem reporting sector - Marginal lending facility, Euro - Euro area (changing composition) counterpart",EUR,6
ILM.D.U2.C.A050500.U2.EUR,D,U2,C,A050500,U2,EUR,2025-01-02,0.03008565,A,F,,,P1D,,E,,,,,,,,,0,,Marginal lending facility - Eurosystem,"Euro area (changing composition), Eurosystem reporting sector - Marginal lending facility, Euro - Euro area (changing composition) counterpart",EUR,6
ILM.D.U2.C.A050500.U2.EUR,D,U2,C,A050500,U2,EUR,2025-01-03,0,A,F,,,P1D,,E,,,,,,,,,0,,Marginal lending facility - Eurosystem,"Euro area (changing composition), Eurosystem reporting sector - Marginal lending facility, Euro - Euro area (changing composition) counterpart",EUR,6
ILM.D.U2.C.A050500.U2.EUR,D,U2,C,A050500,U2,EUR,2025-01-06,0,A,F,,,P1D,,E,,,,,,,,,0,,Marginal lending facility - Eurosystem,"Euro area (changing composition), Eurosystem reporting sector - Marginal lending facility, Euro - Euro area (changing composition) counterpart",EUR,6
ILM.D.U2.C.A050500.U2.EUR,D,U2,C,A050500,U2,EUR,2025-01-07,0,A,F,,,P1D,,E,,,,,,,,,0,,Marginal lending facility - Eurosystem,"Euro area (changing composition), Eurosystem reporting sector - Marginal lending facility, Euro - Euro area (changing composition) counterpart",EUR,6
ILM.D.U2.C.A050500.U2.EUR,D,U2,C,A050500,U2,EUR,2025-01-08,0,A,F,,,P1D,,E,,,,,,,,,0,,Marginal lending facility - Eurosystem,"Euro area (changing composition), Eurosystem reporting sector - Marginal lending facility, Euro - Euro area (changing composition) counterpart",EUR,6
ILM.D.U2.C.A050500.U2.EUR,D,U2,C,A050500,U2,EUR,2025-01-09,0,A,F,,,P1D,,E,,,,,,,,,0,,Marginal lending facility - Eurosystem,"Euro area (changing composition), Eurosystem reporting sector - Marginal lending facility, Euro - Euro area (changing composition) counterpart",EUR,6
ILM.D.U2.C.A050500.U2.EUR,D,U2,C,A050500,U2,EUR,2025-01-10,0,A,F,,,P1D,,E,,,,,,,,,0,,Marginal lending facility - Eurosystem,"Euro area (changing composition), Eurosystem reporting sector - Marginal lending facility, Euro - Euro area (changing composition) counterpart",EUR,6
ILM.D.U2.C.A050500.U2.EUR,D,U2,C,A050500,U2,EUR,2025-01-13,84.21317717,A,F,,,P1D,,E,,,,,,,,,0,,Marginal lending facility - Eurosystem,"Euro area (changing composition), Eurosystem reporting sector - Marginal lending facility, Euro - Euro area (changing composition) counterpart",EUR,6
ILM.D.U2.C.A050500.U2.EUR,D,U2,C,A050500,U2,EUR,2025-01-14,62.37067187,A,F,,,P1D,,E,,,,,,,,,0,,Marginal lending facility - Eurosystem,"Euro area (changing composition), Eurosystem reporting sector - Marginal lending facility, Euro - Euro area (changing composition) counterpart",EUR,6
ILM.D.U2.C.A050500.U2.EUR,D,U2,C,A050500,U2,EUR,2025-01-15,85.21566837,A,F,,,P1D,,E,,,,,,,,,0,,Marginal lending facility - Eurosystem,"Euro area (changing composition), Eurosystem reporting sector - Marginal lending facility, Euro - Euro area (changing composition) counterpart",EUR,6
ILM.D.U2.C.A050500.U2.EUR,D,U2,C,A050500,U2,EUR,2025-01-16,65.00469217,A,F,,,P1D,,E,,,,,,,,,0,,Marginal lending facility - Eurosystem,"Euro area (changing composition), Eurosystem reporting sector - Marginal lending facility, Euro - Euro area (changing composition) counterpart",EUR,6
ILM.D.U2.C.A050500.U2.EUR,D,U2,C,A050500,U2,EUR,2025-01-17,89.37532458,A,F,,,P1D,,E,,,,,,,,,0,,Marginal lending facility - Eurosystem,"Euro area (changing composition), Eurosystem reporting sector - Marginal lending facility, Euro - Euro area (changing composition) counterpart",EUR,6
ILM.D.U2.C.A050500.U2.EUR,D,U2,C,A050500,U2,EUR,2025-01-20,64.17535455,A,F,,,P1D,,E,,,,,,,,,0,,Marginal lending facility - Eurosystem,"Euro area (changing composition), Eurosystem reporting sector - Marginal lending facility, Euro - Euro area (changing composition) counterpart",EUR,6
ILM.D.U2.C.A050500.U2.EUR,D,U2,C,A050500,U2,EUR,2025-01-21,66.72607648,A,F,,,P1D,,E,,,,,,,,,0,,Marginal lending facility - Eurosystem,"Euro area (changing composition), Eurosystem reporting sector - Marginal lending facility, Euro - Euro area (changing composition) counterpart",EUR,6
ILM.D.U2.C.A050500.U2.EUR,D,U2,C,A050500,U2,EUR,2025-01-22,36.40337195,A,F,,,P1D,,E,,,,,,,,,0,,Marginal lending facility - Eurosystem,"Euro area (changing composition), Eurosystem reporting sector - Marginal lending facility, Euro - Euro area (changing composition) counterpart",EUR,6
ILM.D.U2.C.A050500.U2.EUR,D,U2,C,A050500,U2,EUR,2025-01-23,29.23752714,A,F,,,P1D,,E,,,,,,,,,0,,Marginal lending facility - Eurosystem,"Euro area (changing composition), Eurosystem reporting sector - Marginal lending facility, Euro - Euro area (changing composition) counterpart",EUR,6
ILM.D.U2.C.A050500.U2.EUR,D,U2,C,A050500,U2,EUR,2025-01-24,49.37038546,A,F,,,P1D,,E,,,,,,,,,0,,Marginal lending facility - Eurosystem,"Euro area (changing composition), Eurosystem reporting sector - Marginal lending facility, Euro - Euro area (changing composition) counterpart",EUR,6
ILM.D.U2.C.A050500.U2.EUR,D,U2,C,A050500,U2,EUR,2025-01-27,47.63671157,A,F,,,P1D,,E,,,,,,,,,0,,Marginal lending facility - Eurosystem,"Euro area (changing composition), Eurosystem reporting sector - Marginal lending facility, Euro - Euro area (changing composition) counterpart",EUR,6
ILM.D.U2.C.A050500.U2.EUR,D,U2,C,A050500,U2,EUR,2025-01-28,111.86243408,A,F,,,P1D,,E,,,,,,,,,0,,Marginal lending facility - Eurosystem,"Euro area (changing composition), Eurosystem reporting sector - Marginal lending facility, Euro - Euro area (changing composition) counterpart",EUR,6
ILM.D.U2.C.A050500.U2.EUR,D,U2,C,A050500,U2,EUR,2025-01-29,111.22260749,A,F,,,P1D,,E,,,,,,,,,0,,Marginal lending facility - Eurosystem,"Euro area (changing composition), Eurosystem reporting sector - Marginal lending facility, Euro - Euro area (changing composition) counterpart",EUR,6
ILM.D.U2.C.A050500.U2.EUR,D,U2,C,A050500,U2,EUR,2025-01-30,27.97424284,A,F,,,P1D,,E,,,,,,,,,0,,Marginal lending facility - Eurosystem,"Euro area (changing composition), Eurosystem reporting sector - Marginal lending facility, Euro - Euro area (changing composition) counterpart",EUR,6
ILM.D.U2.C.A050500.U2.EUR,D,U2,C,A050500,U2,EUR,2025-01-31,0,A,F,,,P1D,,E,,,,,,,,,0,,Marginal lending facility - Eurosystem,"Euro area (changing composition), Eurosystem reporting sector - Marginal lending facility, Euro - Euro area (changing composition) counterpart",EUR,6
ILM.D.U2.C.A050500.U2.EUR,D,U2,C,A050500,U2,EUR,2025-02-03,1,A,F,,,P1D,,E,,,,,,,,,0,,Marginal lending facility - Eurosystem,"Euro area (changing composition), Eurosystem reporting sector - Marginal lending facility, Euro - Euro area (changing composition) counterpart",EUR,6
ILM.D.U2.C.A050500.U2.EUR,D,U2,C,A050500,U2,EUR,2025-02-04,2.2578834,A,F,,,P1D,,E,,,,,,,,,0,,Marginal lending facility - Eurosystem,"Euro area (changing composition), Eurosystem reporting sector - Marginal lending facility, Euro - Euro area (changing composition) counterpart",EUR,6
ILM.D.U2.C.A050500.U2.EUR,D,U2,C,A050500,U2,EUR,2025-02-05,0.00450069,A,F,,,P1D,,E,,,,,,,,,0,,Marginal lending facility - Eurosystem,"Euro area (changing composition), Eurosystem reporting sector - Marginal lending facility, Euro - Euro area (changing composition) counterpart",EUR,6
ILM.D.U2.C.A050500.U2.EUR,D,U2,C,A050500,U2,EUR,2025-02-06,0,A,F,,,P1D,,E,,,,,,,,,0,,Marginal lending facility - Eurosystem,"Euro area (changing composition), Eurosystem reporting sector - Marginal lending facility, Euro - Euro area (changing composition) counterpart",EUR,6
ILM.D.U2.C.A050500.U2.EUR,D,U2,C,A050500,U2,EUR,2025-02-07,0,A,F,,,P1D,,E,,,,,,,,,0,,Marginal lending facility - Eurosystem,"Euro area (changing composition), Eurosystem reporting sector - Marginal lending facility, Euro - Euro area (changing composition) counterpart",EUR,6
ILM.D.U2.C.A050500.U2.EUR,D,U2,C,A050500,U2,EUR,2025-02-10,0,A,F,,,P1D,,E,,,,,,,,,0,,Marginal lending facility - Eurosystem,"Euro area (changing composition), Eurosystem reporting sector - Marginal lending facility, Euro - Euro area (changing composition) counterpart",EUR,6
ILM.D.U2.C.A050500.U2.EUR,D,U2,C,A050500,U2,EUR,2025-02-11,0,A,F,,,P1D,,E,,,,,,,,,0,,Marginal lending facility - Eurosystem,"Euro area (changing composition), Eurosystem reporting sector - Marginal lending facility, Euro - Euro area (changing composition) counterpart",EUR,6
ILM.D.U2.C.A050500.U2.EUR,D,U2,C,A050500,U2,EUR,2025-02-12,2.01550062,A,F,,,P1D,,E,,,,,,,,,0,,Marginal lending facility - Eurosystem,"Euro area (changing composition), Eurosystem reporting sector - Marginal lending facility, Euro - Euro area (changing composition) counterpart",EUR,6
ILM.D.U2.C.A050500.U2.EUR,D,U2,C,A050500,U2,EUR,2025-02-13,20,A,F,,,P1D,,E,,,,,,,,,0,,Marginal lending facility - Eurosystem,"Euro area (changing composition), Eurosystem reporting sector - Marginal lending facility, Euro - Euro area (changing composition) counterpart",EUR,6
ILM.D.U2.C.A050500.U2.EUR,D,U2,C,A050500,U2,EUR,2025-02-14,30,A,F,,,P1D,,E,,,,,,,,,0,,Marginal lending facility - Eurosystem,"Euro area (changing composition), Eurosystem reporting sector - Marginal lending facility, Euro - Euro area (changing composition) counterpart",EUR,6
ILM.D.U2.C.A050500.U2.EUR,D,U2,C,A050500,U2,EUR,2025-02-17,34,A,F,,,P1D,,E,,,,,,,,,0,,Marginal lending facility - Eurosystem,"Euro area (changing composition), Eurosystem reporting sector - Marginal lending facility, Euro - Euro area (changing composition) counterpart",EUR,6
ILM.D.U2.C.A050500.U2.EUR,D,U2,C,A050500,U2,EUR,2025-02-18,33,A,F,,,P1D,,E,,,,,,,,,0,,Marginal lending facility - Eurosystem,"Euro area (changing composition), Eurosystem reporting sector - Marginal lending facility, Euro - Euro area (changing composition) counterpart",EUR,6
ILM.D.U2.C.A050500.U2.EUR,D,U2,C,A050500,U2,EUR,2025-02-19,46,A,F,,,P1D,,E,,,,,,,,,0,,Marginal lending facility - Eurosystem,"Euro area (changing composition), Eurosystem reporting sector - Marginal lending facility, Euro - Euro area (changing composition) counterpart",EUR,6
ILM.D.U2.C.A050500.U2.EUR,D,U2,C,A050500,U2,EUR,2025-02-20,100,A,F,,,P1D,,E,,,,,,,,,0,,Marginal lending facility - Eurosystem,"Euro area (changing composition), Eurosystem reporting sector - Marginal lending facility, Euro - Euro area (changing composition) counterpart",EUR,6
ILM.D.U2.C.A050500.U2.EUR,D,U2,C,A050500,U2,EUR,2025-02-21,67.84155648,A,F,,,P1D,,E,,,,,,,,,0,,Marginal lending facility - Eurosystem,"Euro area (changing composition), Eurosystem reporting sector - Marginal lending facility, Euro - Euro area (changing composition) counterpart",EUR,6
ILM.D.U2.C.A050500.U2.EUR,D,U2,C,A050500,U2,EUR,2025-02-24,120.90380413,A,F,,,P1D,,E,,,,,,,,,0,,Marginal lending facility - Eurosystem,"Euro area (changing composition), Eurosystem reporting sector - Marginal lending facility, Euro - Euro area (changing composition) counterpart",EUR,6
ILM.D.U2.C.A050500.U2.EUR,D,U2,C,A050500,U2,EUR,2025-02-25,96.2390121,A,F,,,P1D,,E,,,,,,,,,0,,Marginal lending facility - Eurosystem,"Euro area (changing composition), Eurosystem reporting sector - Marginal lending facility, Euro - Euro area (changing composition) counterpart",EUR,6
ILM.D.U2.C.A050500.U2.EUR,D,U2,C,A050500,U2,EUR,2025-02-26,257.775637,A,F,,,P1D,,E,,,,,,,,,0,,Marginal lending facility - Eurosystem,"Euro area (changing composition), Eurosystem reporting sector - Marginal lending facility, Euro - Euro area (changing composition) counterpart",EUR,6
ILM.D.U2.C.A050500.U2.EUR,D,U2,C,A050500,U2,EUR,2025-02-27,440.19144778,A,F,,,P1D,,E,,,,,,,,,0,,Marginal lending facility - Eurosystem,"Euro area (changing composition), Eurosystem reporting sector - Marginal lending facility, Euro - Euro area (changing composition) counterpart",EUR,6
ILM.D.U2.C.A050500.U2.EUR,D,U2,C,A050500,U2,EUR,2025-02-28,199.50884763,A,F,,,P1D,,E,,,,,,,,,0,,Marginal lending facility - Eurosystem,"Euro area (changing composition), Eurosystem reporting sector - Marginal lending facility, Euro - Euro area (changing composition) counterpart",EUR,6
ILM.D.U2.C.A050500.U2.EUR,D,U2,C,A050500,U2,EUR,2025-03-03,0.14266692,A,F,,,P1D,,E,,,,,,,,,0,,Marginal lending facility - Eurosystem,"Euro area (changing composition), Eurosystem reporting sector - Marginal lending facility, Euro - Euro area (changing composition) counterpart",EUR,6
ILM.D.U2.C.A050500.U2.EUR,D,U2,C,A050500,U2,EUR,2025-03-04,0.00499972,A,F,,,P1D,,E,,,,,,,,,0,,Marginal lending facility - Eurosystem,"Euro area (changing composition), Eurosystem reporting sector - Marginal lending facility, Euro - Euro area (changing composition) counterpart",EUR,6
ILM.D.U2.C.A050500.U2.EUR,D,U2,C,A050500,U2,EUR,2025-03-05,0.06158906,A,F,,,P1D,,E,,,,,,,,,0,,Marginal lending facility - Eurosystem,"Euro area (changing composition), Eurosystem reporting sector - Marginal lending facility, Euro - Euro area (changing composition) counterpart",EUR,6
ILM.D.U2.C.A050500.U2.EUR,D,U2,C,A050500,U2,EUR,2025-03-06,0.2159961,A,F,,,P1D,,E,,,,,,,,,0,,Marginal lending facility - Eurosystem,"Euro area (changing composition), Eurosystem reporting sector - Marginal lending facility, Euro - Euro area (changing composition) counterpart",EUR,6
ILM.D.U2.C.A050500.U2.EUR,D,U2,C,A050500,U2,EUR,2025-03-07,20,A,F,,,P1D,,E,,,,,,,,,0,,Marginal lending facility - Eurosystem,"Euro area (changing composition), Eurosystem reporting sector - Marginal lending facility, Euro - Euro area (changing composition) counterpart",EUR,6
ILM.D.U2.C.A050500.U2.EUR,D,U2,C,A050500,U2,EUR,2025-03-10,20,A,F,,,P1D,,E,,,,,,,,,0,,Marginal lending facility - Eurosystem,"Euro area (changing composition), Eurosystem reporting sector - Marginal lending facility, Euro - Euro area (changing composition) counterpart",EUR,6
ILM.D.U2.C.A050500.U2.EUR,D,U2,C,A050500,U2,EUR,2025-03-11,51.71472622,A,F,,,P1D,,E,,,,,,,,,0,,Marginal lending facility - Eurosystem,"Euro area (changing composition), Eurosystem reporting sector - Marginal lending facility, Euro - Euro area (changing composition) counterpart",EUR,6
ILM.D.U2.C.A050500.U2.EUR,D,U2,C,A050500,U2,EUR,2025-03-12,50.96784134,A,F,,,P1D,,E,,,,,,,,,0,,Marginal lending facility - Eurosystem,"Euro area (changing composition), Eurosystem reporting sector - Marginal lending facility, Euro - Euro area (changing composition) counterpart",EUR,6
ILM.D.U2.C.A050500.U2.EUR,D,U2,C,A050500,U2,EUR,2025-03-13,59.74146759,A,F,,,P1D,,E,,,,,,,,,0,,Marginal lending facility - Eurosystem,"Euro area (changing composition), Eurosystem reporting sector - Marginal lending facility, Euro - Euro area (changing composition) counterpart",EUR,6
ILM.D.U2.C.A050500.U2.EUR,D,U2,C,A050500,U2,EUR,2025-03-14,140.61099134,A,F,,,P1D,,E,,,,,,,,,0,,Marginal lending facility - Eurosystem,"Euro area (changing composition), Eurosystem reporting sector - Marginal lending facility, Euro - Euro area (changing composition) counterpart",EUR,6
ILM.D.U2.C.A050500.U2.EUR,D,U2,C,A050500,U2,EUR,2025-03-17,95.12074112,A,F,,,P1D,,E,,,,,,,,,0,,Marginal lending facility - Eurosystem,"Euro area (changing composition), Eurosystem reporting sector - Marginal lending facility, Euro - Euro area (changing composition) counterpart",EUR,6
ILM.D.U2.C.A050500.U2.EUR,D,U2,C,A050500,U2,EUR,2025-03-18,37.88019395,A,F,,,P1D,,E,,,,,,,,,0,,Marginal lending facility - Eurosystem,"Euro area (changing composition), Eurosystem reporting sector - Marginal lending facility, Euro - Euro area (changing composition) counterpart",EUR,6
ILM.D.U2.C.A050500.U2.EUR,D,U2,C,A050500,U2,EUR,2025-03-19,77.20962135,A,F,,,P1D,,E,,,,,,,,,0,,Marginal lending facility - Eurosystem,"Euro area (changing composition), Eurosystem reporting sector - Marginal lending facility, Euro - Euro area (changing composition) counterpart",EUR,6
ILM.D.U2.C.A050500.U2.EUR,D,U2,C,A050500,U2,EUR,2025-03-20,49.80125002,A,F,,,P1D,,E,,,,,,,,,0,,Marginal lending facility - Eurosystem,"Euro area (changing composition), Eurosystem reporting sector - Marginal lending facility, Euro - Euro area (changing composition) counterpart",EUR,6
ILM.D.U2.C.A050500.U2.EUR,D,U2,C,A050500,U2,EUR,2025-03-21,96.60147118,A,F,,,P1D,,E,,,,,,,,,0,,Marginal lending facility - Eurosystem,"Euro area (changing composition), Eurosystem reporting sector - Marginal lending facility, Euro - Euro area (changing composition) counterpart",EUR,6
ILM.D.U2.C.A050500.U2.EUR,D,U2,C,A050500,U2,EUR,2025-03-24,77.18505272,A,F,,,P1D,,E,,,,,,,,,0,,Marginal lending facility - Eurosystem,"Euro area (changing composition), Eurosystem reporting sector - Marginal lending facility, Euro - Euro area (changing composition) counterpart",EUR,6
ILM.D.U2.C.A050500.U2.EUR,D,U2,C,A050500,U2,EUR,2025-03-25,96.32043319,A,F,,,P1D,,E,,,,,,,,,0,,Marginal lending facility - Eurosystem,"Euro area (changing composition), Eurosystem reporting sector - Marginal lending facility, Euro - Euro area (changing composition) counterpart",EUR,6
ILM.D.U2.C.A050500.U2.EUR,D,U2,C,A050500,U2,EUR,2025-03-26,108.66231141,A,F,,,P1D,,E,,,,,,,,,0,,Marginal lending facility - Eurosystem,"Euro area (changing composition), Eurosystem reporting sector - Marginal lending facility, Euro - Euro area (changing composition) counterpart",EUR,6
ILM.D.U2.C.A050500.U2.EUR,D,U2,C,A050500,U2,EUR,2025-03-27,104.69137937,A,F,,,P1D,,E,,,,,,,,,0,,Marginal lending facility - Eurosystem,"Euro area (changing composition), Eurosystem reporting sector - Marginal lending facility, Euro - Euro area (changing composition) counterpart",EUR,6
ILM.D.U2.C.A050500.U2.EUR,D,U2,C,A050500,U2,EUR,2025-03-28,152.15989284,A,F,,,P1D,,E,,,,,,,,,0,,Marginal lending facility - Eurosystem,"Euro area (changing composition), Eurosystem reporting sector - Marginal lending facility, Euro - Euro area (changing composition) counterpart",EUR,6
ILM.D.U2.C.A050500.U2.EUR,D,U2,C,A050500,U2,EUR,2025-03-31,40,A,F,,,P1D,,E,,,,,,,,,0,,Marginal lending facility - Eurosystem,"Euro area (changing composition), Eurosystem reporting sector - Marginal lending facility, Euro - Euro area (changing composition) counterpart",EUR,6
ILM.D.U2.C.A050500.U2.EUR,D,U2,C,A050500,U2,EUR,2025-04-01,20.1001,A,F,,,P1D,,E,,,,,,,,,0,,Marginal lending facility - Eurosystem,"Euro area (changing composition), Eurosystem reporting sector - Marginal lending facility, Euro - Euro area (changing composition) counterpart",EUR,6
ILM.D.U2.C.A050500.U2.EUR,D,U2,C,A050500,U2,EUR,2025-04-02,0,A,F,,,P1D,,E,,,,,,,,,0,,Marginal lending facility - Eurosystem,"Euro area (changing composition), Eurosystem reporting sector - Marginal lending facility, Euro - Euro area (changing composition) counterpart",EUR,6
ILM.D.U2.C.A050500.U2.EUR,D,U2,C,A050500,U2,EUR,2025-04-03,0.27455829,A,F,,,P1D,,E,,,,,,,,,0,,Marginal lending facility - Eurosystem,"Euro area (changing composition), Eurosystem reporting sector - Marginal lending facility, Euro - Euro area (changing composition) counterpart",EUR,6
ILM.D.U2.C.A050500.U2.EUR,D,U2,C,A050500,U2,EUR,2025-04-04,0,A,F,,,P1D,,E,,,,,,,,,0,,Marginal lending facility - Eurosystem,"Euro area (changing composition), Eurosystem reporting sector - Marginal lending facility, Euro - Euro area (changing composition) counterpart",EUR,6
ILM.D.U2.C.A050500.U2.EUR,D,U2,C,A050500,U2,EUR,2025-04-07,0,A,F,,,P1D,,E,,,,,,,,,0,,Marginal lending facility - Eurosystem,"Euro area (changing composition), Eurosystem reporting sector - Marginal lending facility, Euro - Euro area (changing composition) counterpart",EUR,6
ILM.D.U2.C.A050500.U2.EUR,D,U2,C,A050500,U2,EUR,2025-04-08,0,A,F,,,P1D,,E,,,,,,,,,0,,Marginal lending facility - Eurosystem,"Euro area (changing composition), Eurosystem reporting sector - Marginal lending facility, Euro - Euro area (changing composition) counterpart",EUR,6
ILM.D.U2.C.A050500.U2.EUR,D,U2,C,A050500,U2,EUR,2025-04-09,6,A,F,,,P1D,,E,,,,,,,,,0,,Marginal lending facility - Eurosystem,"Euro area (changing composition), Eurosystem reporting sector - Marginal lending facility, Euro - Euro area (changing composition) counterpart",EUR,6
ILM.D.U2.C.A050500.U2.EUR,D,U2,C,A050500,U2,EUR,2025-04-10,10,A,F,,,P1D,,E,,,,,,,,,0,,Marginal lending facility - Eurosystem,"Euro area (changing composition), Eurosystem reporting sector - Marginal lending facility, Euro - Euro area (changing composition) counterpart",EUR,6
ILM.D.U2.C.A050500.U2.EUR,D,U2,C,A050500,U2,EUR,2025-04-11,0,A,F,,,P1D,,E,,,,,,,,,0,,Marginal lending facility - Eurosystem,"Euro area (changing composition), Eurosystem reporting sector - Marginal lending facility, Euro - Euro area (changing composition) counterpart",EUR,6
ILM.D.U2.C.A050500.U2.EUR,D,U2,C,A050500,U2,EUR,2025-04-14,0,A,F,,,P1D,,E,,,,,,,,,0,,Marginal lending facility - Eurosystem,"Euro area (changing composition), Eurosystem reporting sector - Marginal lending facility, Euro - Euro area (changing composition) counterpart",EUR,6
ILM.D.U2.C.A050500.U2.EUR,D,U2,C,A050500,U2,EUR,2025-04-15,0,A,F,,,P1D,,E,,,,,,,,,0,,Marginal lending facility - Eurosystem,"Euro area (changing composition), Eurosystem reporting sector - Marginal lending facility, Euro - Euro area (changing composition) counterpart",EUR,6
ILM.D.U2.C.A050500.U2.EUR,D,U2,C,A050500,U2,EUR,2025-04-16,20,A,F,,,P1D,,E,,,,,,,,,0,,Marginal lending facility - Eurosystem,"Euro area (changing composition), Eurosystem reporting sector - Marginal lending facility, Euro - Euro area (changing composition) counterpart",EUR,6
ILM.D.U2.C.A050500.U2.EUR,D,U2,C,A050500,U2,EUR,2025-04-17,20,A,F,,,P1D,,E,,,,,,,,,0,,Marginal lending facility - Eurosystem,"Euro area (changing composition), Eurosystem reporting sector - Marginal lending facility, Euro - Euro area (changing composition) counterpart",EUR,6
ILM.D.U2.C.A050500.U2.EUR,D,U2,C,A050500,U2,EUR,2025-04-18,20,A,F,,,P1D,,E,,,,,,,,,0,,Marginal lending facility - Eurosystem,"Euro area (changing composition), Eurosystem reporting sector - Marginal lending facility, Euro - Euro area (changing composition) counterpart",EUR,6
ILM.D.U2.C.A050500.U2.EUR,D,U2,C,A050500,U2,EUR,2025-04-21,20,A,F,,,P1D,,E,,,,,,,,,0,,Marginal lending facility - Eurosystem,"Euro area (changing composition), Eurosystem reporting sector - Marginal lending facility, Euro - Euro area (changing composition) counterpart",EUR,6
ILM.D.U2.C.A050500.U2.EUR,D,U2,C,A050500,U2,EUR,2025-04-22,0,A,F,,,P1D,,E,,,,,,,,,0,,Marginal lending facility - Eurosystem,"Euro area (changing composition), Eurosystem reporting sector - Marginal lending facility, Euro - Euro area (changing composition) counterpart",EUR,6
ILM.D.U2.C.A050500.U2.EUR,D,U2,C,A050500,U2,EUR,2025-04-23,100,A,F,,,P1D,,E,,,,,,,,,0,,Marginal lending facility - Eurosystem,"Euro area (changing composition), Eurosystem reporting sector - Marginal lending facility, Euro - Euro area (changing composition) counterpart",EUR,6
ILM.D.U2.C.A050500.U2.EUR,D,U2,C,A050500,U2,EUR,2025-04-24,220,A,F,,,P1D,,E,,,,,,,,,0,,Marginal lending facility - Eurosystem,"Euro area (changing composition), Eurosystem reporting sector - Marginal lending facility, Euro - Euro area (changing composition) counterpart",EUR,6
ILM.D.U2.C.A050500.U2.EUR,D,U2,C,A050500,U2,EUR,2025-04-25,140,A,F,,,P1D,,E,,,,,,,,,0,,Marginal lending facility - Eurosystem,"Euro area (changing composition), Eurosystem reporting sector - Marginal lending facility, Euro - Euro area (changing composition) counterpart",EUR,6
ILM.D.U2.C.A050500.U2.EUR,D,U2,C,A050500,U2,EUR,2025-04-28,181.72247143,A,F,,,P1D,,E,,,,,,,,,0,,Marginal lending facility - Eurosystem,"Euro area (changing composition), Eurosystem reporting sector - Marginal lending facility, Euro - Euro area (changing composition) counterpart",EUR,6
ILM.D.U2.C.A050500.U2.EUR,D,U2,C,A050500,U2,EUR,2025-04-29,6.31913488,A,F,,,P1D,,E,,,,,,,,,0,,Marginal lending facility - Eurosystem,"Euro area (changing composition), Eurosystem reporting sector - Marginal lending facility, Euro - Euro area (changing composition) counterpart",EUR,6
ILM.D.U2.C.A050500.U2.EUR,D,U2,C,A050500,U2,EUR,2025-04-30,0,A,F,,,P1D,,E,,,,,,,,,0,,Marginal lending facility - Eurosystem,"Euro area (changing composition), Eurosystem reporting sector - Marginal lending facility, Euro - Euro area (changing composition) counterpart",EUR,6
ILM.D.U2.C.A050500.U2.EUR,D,U2,C,A050500,U2,EUR,2025-05-01,0,A,F,,,P1D,,E,,,,,,,,,0,,Marginal lending facility - Eurosystem,"Euro area (changing composition), Eurosystem reporting sector - Marginal lending facility, Euro - Euro area (changing composition) counterpart",EUR,6
ILM.D.U2.C.A050500.U2.EUR,D,U2,C,A050500,U2,EUR,2025-05-02,24.59927644,A,F,,,P1D,,E,,,,,,,,,0,,Marginal lending facility - Eurosystem,"Euro area (changing composition), Eurosystem reporting sector - Marginal lending facility, Euro - Euro area (changing composition) counterpart",EUR,6
ILM.D.U2.C.A050500.U2.EUR,D,U2,C,A050500,U2,EUR,2025-05-05,26,A,F,,,P1D,,E,,,,,,,,,0,,Marginal lending facility - Eurosystem,"Euro area (changing composition), Eurosystem reporting sector - Marginal lending facility, Euro - Euro area (changing composition) counterpart",EUR,6
ILM.D.U2.C.A050500.U2.EUR,D,U2,C,A050500,U2,EUR,2025-05-06,20,A,F,,,P1D,,E,,,,,,,,,0,,Marginal lending facility - Eurosystem,"Euro area (changing composition), Eurosystem reporting sector - Marginal lending facility, Euro - Euro area (changing composition) counterpart",EUR,6
ILM.D.U2.C.A050500.U2.EUR,D,U2,C,A050500,U2,EUR,2025-05-07,0,A,F,,,P1D,,E,,,,,,,,,0,,Marginal lending facility - Eurosystem,"Euro area (changing composition), Eurosystem reporting sector - Marginal lending facility, Euro - Euro area (changing composition) counterpart",EUR,6
ILM.D.U2.C.A050500.U2.EUR,D,U2,C,A050500,U2,EUR,2025-05-08,0,A,F,,,P1D,,E,,,,,,,,,0,,Marginal lending facility - Eurosystem,"Euro area (changing composition), Eurosystem reporting sector - Marginal lending facility, Euro - Euro area (changing composition) counterpart",EUR,6
ILM.D.U2.C.A050500.U2.EUR,D,U2,C,A050500,U2,EUR,2025-05-09,0,A,F,,,P1D,,E,,,,,,,,,0,,Marginal lending facility - Eurosystem,"Euro area (changing composition), Eurosystem reporting sector - Marginal lending facility, Euro - Euro area (changing composition) counterpart",EUR,6
ILM.D.U2.C.A050500.U2.EUR,D,U2,C,A050500,U2,EUR,2025-05-12,80,A,F,,,P1D,,E,,,,,,,,,0,,Marginal lending facility - Eurosystem,"Euro area (changing composition), Eurosystem reporting sector - Marginal lending facility, Euro - Euro area (changing composition) counterpart",EUR,6
ILM.D.U2.C.A050500.U2.EUR,D,U2,C,A050500,U2,EUR,2025-05-13,50,A,F,,,P1D,,E,,,,,,,,,0,,Marginal lending facility - Eurosystem,"Euro area (changing composition), Eurosystem reporting sector - Marginal lending facility, Euro - Euro area (changing composition) counterpart",EUR,6
ILM.D.U2.C.A050500.U2.EUR,D,U2,C,A050500,U2,EUR,2025-05-14,0,A,F,,,P1D,,E,,,,,,,,,0,,Marginal lending facility - Eurosystem,"Euro area (changing composition), Eurosystem reporting sector - Marginal lending facility, Euro - Euro area (changing composition) counterpart",EUR,6
ILM.D.U2.C.A050500.U2.EUR,D,U2,C,A050500,U2,EUR,2025-05-15,0,A,F,,,P1D,,E,,,,,,,,,0,,Marginal lending facility - Eurosystem,"Euro area (changing composition), Eurosystem reporting sector - Marginal lending facility, Euro - Euro area (changing composition) counterpart",EUR,6
ILM.D.U2.C.A050500.U2.EUR,D,U2,C,A050500,U2,EUR,2025-05-16,0,A,F,,,P1D,,E,,,,,,,,,0,,Marginal lending facility - Eurosystem,"Euro area (changing composition), Eurosystem reporting sector - Marginal lending facility, Euro - Euro area (changing composition) counterpart",EUR,6
ILM.D.U2.C.A050500.U2.EUR,D,U2,C,A050500,U2,EUR,2025-05-19,0,A,F,,,P1D,,E,,,,,,,,,0,,Marginal lending facility - Eurosystem,"Euro area (changing composition), Eurosystem reporting sector - Marginal lending facility, Euro - Euro area (changing composition) counterpart",EUR,6
ILM.D.U2.C.A050500.U2.EUR,D,U2,C,A050500,U2,EUR,2025-05-20,22,A,F,,,P1D,,E,,,,,,,,,0,,Marginal lending facility - Eurosystem,"Euro area (changing composition), Eurosystem reporting sector - Marginal lending facility, Euro - Euro area (changing composition) counterpart",EUR,6
ILM.D.U2.C.A050500.U2.EUR,D,U2,C,A050500,U2,EUR,2025-05-21,161.8774772,A,F,,,P1D,,E,,,,,,,,,0,,Marginal lending facility - Eurosystem,"Euro area (changing composition), Eurosystem reporting sector - Marginal lending facility, Euro - Euro area (changing composition) counterpart",EUR,6
ILM.D.U2.C.A050500.U2.EUR,D,U2,C,A050500,U2,EUR,2025-05-22,55,A,F,,,P1D,,E,,,,,,,,,0,,Marginal lending facility - Eurosystem,"Euro area (changing composition), Eurosystem reporting sector - Marginal lending facility, Euro - Euro area (changing composition) counterpart",EUR,6
ILM.D.U2.C.A050500.U2.EUR,D,U2,C,A050500,U2,EUR,2025-05-23,55,A,F,,,P1D,,E,,,,,,,,,0,,Marginal lending facility - Eurosystem,"Euro area (changing composition), Eurosystem reporting sector - Marginal lending facility, Euro - Euro area (changing composition) counterpart",EUR,6
ILM.D.U2.C.A050500.U2.EUR,D,U2,C,A050500,U2,EUR,2025-05-26,63.0895,A,F,,,P1D,,E,,,,,,,,,0,,Marginal lending facility - Eurosystem,"Euro area (changing composition), Eurosystem reporting sector - Marginal lending facility, Euro - Euro area (changing composition) counterpart",EUR,6
ILM.D.U2.C.A050500.U2.EUR,D,U2,C,A050500,U2,EUR,2025-05-27,122.3603499,A,F,,,P1D,,E,,,,,,,,,0,,Marginal lending facility - Eurosystem,"Euro area (changing composition), Eurosystem reporting sector - Marginal lending facility, Euro - Euro area (changing composition) counterpart",EUR,6
ILM.D.U2.C.A050500.U2.EUR,D,U2,C,A050500,U2,EUR,2025-05-28,69.56644862,A,F,,,P1D,,E,,,,,,,,,0,,Marginal lending facility - Eurosystem,"Euro area (changing composition), Eurosystem reporting sector - Marginal lending facility, Euro - Euro area (changing composition) counterpart",EUR,6
ILM.D.U2.C.A050500.U2.EUR,D,U2,C,A050500,U2,EUR,2025-05-29,42.25534011,A,F,,,P1D,,E,,,,,,,,,0,,Marginal lending facility - Eurosystem,"Euro area (changing composition), Eurosystem reporting sector - Marginal lending facility, Euro - Euro area (changing composition) counterpart",EUR,6
ILM.D.U2.C.A050500.U2.EUR,D,U2,C,A050500,U2,EUR,2025-05-30,182.75311621,A,F,,,P1D,,E,,,,,,,,,0,,Marginal lending facility - Eurosystem,"Euro area (changing composition), Eurosystem reporting sector - Marginal lending facility, Euro - Euro area (changing composition) counterpart",EUR,6
ILM.D.U2.C.A050500.U2.EUR,D,U2,C,A050500,U2,EUR,2025-06-02,100,A,F,,,P1D,,E,,,,,,,,,0,,Marginal lending facility - Eurosystem,"Euro area (changing composition), Eurosystem reporting sector - Marginal lending facility, Euro - Euro area (changing composition) counterpart",EUR,6
ILM.D.U2.C.A050500.U2.EUR,D,U2,C,A050500,U2,EUR,2025-06-03,71,A,F,,,P1D,,E,,,,,,,,,0,,Marginal lending facility - Eurosystem,"Euro area (changing composition), Eurosystem reporting sector - Marginal lending facility, Euro - Euro area (changing composition) counterpart",EUR,6
ILM.D.U2.C.A050500.U2.EUR,D,U2,C,A050500,U2,EUR,2025-06-04,0,A,F,,,P1D,,E,,,,,,,,,0,,Marginal lending facility - Eurosystem,"Euro area (changing composition), Eurosystem reporting sector - Marginal lending facility, Euro - Euro area (changing composition) counterpart",EUR,6
ILM.D.U2.C.A050500.U2.EUR,D,U2,C,A050500,U2,EUR,2025-06-05,0.05,A,F,,,P1D,,E,,,,,,,,,0,,Marginal lending facility - Eurosystem,"Euro area (changing composition), Eurosystem reporting sector - Marginal lending facility, Euro - Euro area (changing composition) counterpart",EUR,6
ILM.D.U2.C.A050500.U2.EUR,D,U2,C,A050500,U2,EUR,2025-06-06,0,A,F,,,P1D,,E,,,,,,,,,0,,Marginal lending facility - Eurosystem,"Euro area (changing composition), Eurosystem reporting sector - Marginal lending facility, Euro - Euro area (changing composition) counterpart",EUR,6
ILM.D.U2.C.A050500.U2.EUR,D,U2,C,A050500,U2,EUR,2025-06-09,0,A,F,,,P1D,,E,,,,,,,,,0,,Marginal lending facility - Eurosystem,"Euro area (changing composition), Eurosystem reporting sector - Marginal lending facility, Euro - Euro area (changing composition) counterpart",EUR,6
ILM.D.U2.C.A050500.U2.EUR,D,U2,C,A050500,U2,EUR,2025-06-10,7.93004465,A,F,,,P1D,,E,,,,,,,,,0,,Marginal lending facility - Eurosystem,"Euro area (changing composition), Eurosystem reporting sector - Marginal lending facility, Euro - Euro area (changing composition) counterpart",EUR,6
ILM.D.U2.C.A050500.U2.EUR,D,U2,C,A050500,U2,EUR,2025-06-11,8.29615348,A,F,,,P1D,,E,,,,,,,,,0,,Marginal lending facility - Eurosystem,"Euro area (changing composition), Eurosystem reporting sector - Marginal lending facility, Euro - Euro area (changing composition) counterpart",EUR,6
ILM.D.U2.C.A050500.U2.EUR,D,U2,C,A050500,U2,EUR,2025-06-12,30.52154788,A,F,,,P1D,,E,,,,,,,,,0,,Marginal lending facility - Eurosystem,"Euro area (changing composition), Eurosystem reporting sector - Marginal lending facility, Euro - Euro area (changing composition) counterpart",EUR,6
ILM.D.U2.C.A050500.U2.EUR,D,U2,C,A050500,U2,EUR,2025-06-13,0,A,F,,,P1D,,E,,,,,,,,,0,,Marginal lending facility - Eurosystem,"Euro area (changing composition), Eurosystem reporting sector - Marginal lending facility, Euro - Euro area (changing composition) counterpart",EUR,6
ILM.D.U2.C.A050500.U2.EUR,D,U2,C,A050500,U2,EUR,2025-06-16,9.44581022,A,F,,,P1D,,E,,,,,,,,,0,,Marginal lending facility - Eurosystem,"Euro area (changing composition), Eurosystem reporting sector - Marginal lending facility, Euro - Euro area (changing composition) counterpart",EUR,6
ILM.D.U2.C.A050500.U2.EUR,D,U2,C,A050500,U2,EUR,2025-06-17,41.47029289,A,F,,,P1D,,E,,,,,,,,,0,,Marginal lending facility - Eurosystem,"Euro area (changing composition), Eurosystem reporting sector - Marginal lending facility, Euro - Euro area (changing composition) counterpart",EUR,6
ILM.D.U2.C.A050500.U2.EUR,D,U2,C,A050500,U2,EUR,2025-06-18,57.39552828,A,F,,,P1D,,E,,,,,,,,,0,,Marginal lending facility - Eurosystem,"Euro area (changing composition), Eurosystem reporting sector - Marginal lending facility, Euro - Euro area (changing composition) counterpart",EUR,6
ILM.D.U2.C.A050500.U2.EUR,D,U2,C,A050500,U2,EUR,2025-06-19,21.87514843,A,F,,,P1D,,E,,,,,,,,,0,,Marginal lending facility - Eurosystem,"Euro area (changing composition), Eurosystem reporting sector - Marginal lending facility, Euro - Euro area (changing composition) counterpart",EUR,6
ILM.D.U2.C.A050500.U2.EUR,D,U2,C,A050500,U2,EUR,2025-06-20,23.97015869,A,F,,,P1D,,E,,,,,,,,,0,,Marginal lending facility - Eurosystem,"Euro area (changing composition), Eurosystem reporting sector - Marginal lending facility, Euro - Euro area (changing composition) counterpart",EUR,6
ILM.D.U2.C.A050500.U2.EUR,D,U2,C,A050500,U2,EUR,2025-06-23,9.81712494,A,F,,,P1D,,E,,,,,,,,,0,,Marginal lending facility - Eurosystem,"Euro area (changing composition), Eurosystem reporting sector - Marginal lending facility, Euro - Euro area (changing composition) counterpart",EUR,6
ILM.D.U2.C.A050500.U2.EUR,D,U2,C,A050500,U2,EUR,2025-06-24,21.43970088,A,F,,,P1D,,E,,,,,,,,,0,,Marginal lending facility - Eurosystem,"Euro area (changing composition), Eurosystem reporting sector - Marginal lending facility, Euro - Euro area (changing composition) counterpart",EUR,6
ILM.D.U2.C.A050500.U2.EUR,D,U2,C,A050500,U2,EUR,2025-06-25,47.90480802,A,F,,,P1D,,E,,,,,,,,,0,,Marginal lending facility - Eurosystem,"Euro area (changing composition), Eurosystem reporting sector - Marginal lending facility, Euro - Euro area (changing composition) counterpart",EUR,6
ILM.D.U2.C.A050500.U2.EUR,D,U2,C,A050500,U2,EUR,2025-06-26,8.42543289,A,F,,,P1D,,E,,,,,,,,,0,,Marginal lending facility - Eurosystem,"Euro area (changing composition), Eurosystem reporting sector - Marginal lending facility, Euro - Euro area (changing composition) counterpart",EUR,6
ILM.D.U2.C.A050500.U2.EUR,D,U2,C,A050500,U2,EUR,2025-06-27,186.11307723,A,F,,,P1D,,E,,,,,,,,,0,,Marginal lending facility - Eurosystem,"Euro area (changing composition), Eurosystem reporting sector - Marginal lending facility, Euro - Euro area (changing composition) counterpart",EUR,6
ILM.D.U2.C.A050500.U2.EUR,D,U2,C,A050500,U2,EUR,2025-06-30,120,A,F,,,P1D,,E,,,,,,,,,0,,Marginal lending facility - Eurosystem,"Euro area (changing composition), Eurosystem reporting sector - Marginal lending facility, Euro - Euro area (changing composition) counterpart",EUR,6
ILM.D.U2.C.A050500.U2.EUR,D,U2,C,A050500,U2,EUR,2025-07-01,36.1,A,F,,,P1D,,E,,,,,,,,,0,,Marginal lending facility - Eurosystem,"Euro area (changing composition), Eurosystem reporting sector - Marginal lending facility, Euro - Euro area (changing composition) counterpart",EUR,6
ILM.D.U2.C.A050500.U2.EUR,D,U2,C,A050500,U2,EUR,2025-07-02,105.0653244,A,F,,,P1D,,E,,,,,,,,,0,,Marginal lending facility - Eurosystem,"Euro area (changing composition), Eurosystem reporting sector - Marginal lending facility, Euro - Euro area (changing composition) counterpart",EUR,6
ILM.D.U2.C.A050500.U2.EUR,D,U2,C,A050500,U2,EUR,2025-07-03,1.005,A,F,,,P1D,,E,,,,,,,,,0,,Marginal lending facility - Eurosystem,"Euro area (changing composition), Eurosystem reporting sector - Marginal lending facility, Euro - Euro area (changing composition) counterpart",EUR,6
ILM.D.U2.C.A050500.U2.EUR,D,U2,C,A050500,U2,EUR,2025-07-04,15.07100012,A,F,,,P1D,,E,,,,,,,,,0,,Marginal lending facility - Eurosystem,"Euro area (changing composition), Eurosystem reporting sector - Marginal lending facility, Euro - Euro area (changing composition) counterpart",EUR,6
ILM.D.U2.C.A050500.U2.EUR,D,U2,C,A050500,U2,EUR,2025-07-07,11.8565,A,F,,,P1D,,E,,,,,,,,,0,,Marginal lending facility - Eurosystem,"Euro area (changing composition), Eurosystem reporting sector - Marginal lending facility, Euro - Euro area (changing composition) counterpart",EUR,6
ILM.D.U2.C.A050500.U2.EUR,D,U2,C,A050500,U2,EUR,2025-07-08,19,A,F,,,P1D,,E,,,,,,,,,0,,Marginal lending facility - Eurosystem,"Euro area (changing composition), Eurosystem reporting sector - Marginal lending facility, Euro - Euro area (changing composition) counterpart",EUR,6
ILM.D.U2.C.A050500.U2.EUR,D,U2,C,A050500,U2,EUR,2025-07-09,20.1,A,F,,,P1D,,E,,,,,,,,,0,,Marginal lending facility - Eurosystem,"Euro area (changing composition), Eurosystem reporting sector - Marginal lending facility, Euro - Euro area (changing composition) counterpart",EUR,6
ILM.D.U2.C.A050500.U2.EUR,D,U2,C,A050500,U2,EUR,2025-07-10,0,A,F,,,P1D,,E,,,,,,,,,0,,Marginal lending facility - Eurosystem,"Euro area (changing composition), Eurosystem reporting sector - Marginal lending facility, Euro - Euro area (changing composition) counterpart",EUR,6
ILM.D.U2.C.A050500.U2.EUR,D,U2,C,A050500,U2,EUR,2025-07-11,0,A,F,,,P1D,,E,,,,,,,,,0,,Marginal lending facility - Eurosystem,"Euro area (changing composition), Eurosystem reporting sector - Marginal lending facility, Euro - Euro area (changing composition) counterpart",EUR,6
ILM.D.U2.C.A050500.U2.EUR,D,U2,C,A050500,U2,EUR,2025-07-14,11.350025,A,F,,,P1D,,E,,,,,,,,,0,,Marginal lending facility - Eurosystem,"Euro area (changing composition), Eurosystem reporting sector - Marginal lending facility, Euro - Euro area (changing composition) counterpart",EUR,6
ILM.D.U2.C.A050500.U2.EUR,D,U2,C,A050500,U2,EUR,2025-07-15,6.00046618,A,F,,,P1D,,E,,,,,,,,,0,,Marginal lending facility - Eurosystem,"Euro area (changing composition), Eurosystem reporting sector - Marginal lending facility, Euro - Euro area (changing composition) counterpart",EUR,6
ILM.D.U2.C.A050500.U2.EUR,D,U2,C,A050500,U2,EUR,2025-07-16,7,A,F,,,P1D,,E,,,,,,,,,0,,Marginal lending facility - Eurosystem,"Euro area (changing composition), Eurosystem reporting sector - Marginal lending facility, Euro - Euro area (changing composition) counterpart",EUR,6
ILM.D.U2.C.A050500.U2.EUR,D,U2,C,A050500,U2,EUR,2025-07-17,12.5,A,F,,,P1D,,E,,,,,,,,,0,,Marginal lending facility - Eurosystem,"Euro area (changing composition), Eurosystem reporting sector - Marginal lending facility, Euro - Euro area (changing composition) counterpart",EUR,6
ILM.D.U2.C.A050500.U2.EUR,D,U2,C,A050500,U2,EUR,2025-07-18,0,A,F,,,P1D,,E,,,,,,,,,0,,Marginal lending facility - Eurosystem,"Euro area (changing composition), Eurosystem reporting sector - Marginal lending facility, Euro - Euro area (changing composition) counterpart",EUR,6
ILM.D.U2.C.A050500.U2.EUR,D,U2,C,A050500,U2,EUR,2025-07-21,0,A,F,,,P1D,,E,,,,,,,,,0,,Marginal lending facility - Eurosystem,"Euro area (changing composition), Eurosystem reporting sector - Marginal lending facility, Euro - Euro area (changing composition) counterpart",EUR,6
ILM.D.U2.C.A050500.U2.EUR,D,U2,C,A050500,U2,EUR,2025-07-22,2.61622579,A,F,,,P1D,,E,,,,,,,,,0,,Marginal lending facility - Eurosystem,"Euro area (changing composition), Eurosystem reporting sector - Marginal lending facility, Euro - Euro area (changing composition) counterpart",EUR,6
ILM.D.U2.C.A050500.U2.EUR,D,U2,C,A050500,U2,EUR,2025-07-23,1,A,F,,,P1D,,E,,,,,,,,,0,,Marginal lending facility - Eurosystem,"Euro area (changing composition), Eurosystem reporting sector - Marginal lending facility, Euro - Euro area (changing composition) counterpart",EUR,6
ILM.D.U2.C.A050500.U2.EUR,D,U2,C,A050500,U2,EUR,2025-07-24,1.03983103,A,F,,,P1D,,E,,,,,,,,,0,,Marginal lending facility - Eurosystem,"Euro area (changing composition), Eurosystem reporting sector - Marginal lending facility, Euro - Euro area (changing composition) counterpart",EUR,6
ILM.D.U2.C.A050500.U2.EUR,D,U2,C,A050500,U2,EUR,2025-07-25,103,A,F,,,P1D,,E,,,,,,,,,0,,Marginal lending facility - Eurosystem,"Euro area (changing composition), Eurosystem reporting sector - Marginal lending facility, Euro - Euro area (changing composition) counterpart",EUR,6
ILM.D.U2.C.A050500.U2.EUR,D,U2,C,A050500,U2,EUR,2025-07-28,127,A,F,,,P1D,,E,,,,,,,,,0,,Marginal lending facility - Eurosystem,"Euro area (changing composition), Eurosystem reporting sector - Marginal lending facility, Euro - Euro area (changing composition) counterpart",EUR,6
ILM.D.U2.C.A050500.U2.EUR,D,U2,C,A050500,U2,EUR,2025-07-29,25.31038774,A,F,,,P1D,,E,,,,,,,,,0,,Marginal lending facility - Eurosystem,"Euro area (changing composition), Eurosystem reporting sector - Marginal lending facility, Euro - Euro area (changing composition) counterpart",EUR,6
ILM.D.U2.C.A050500.U2.EUR,D,U2,C,A050500,U2,EUR,2025-07-30,48,A,F,,,P1D,,E,,,,,,,,,0,,Marginal lending facility - Eurosystem,"Euro area (changing composition), Eurosystem reporting sector - Marginal lending facility, Euro - Euro area (changing composition) counterpart",EUR,6
ILM.D.U2.C.A050500.U2.EUR,D,U2,C,A050500,U2,EUR,2025-07-31,0.15413947,A,F,,,P1D,,E,,,,,,,,,0,,Marginal lending facility - Eurosystem,"Euro area (changing composition), Eurosystem reporting sector - Marginal lending facility, Euro - Euro area (changing composition) counterpart",EUR,6
ILM.D.U2.C.A050500.U2.EUR,D,U2,C,A050500,U2,EUR,2025-08-01,0,A,F,,,P1D,,E,,,,,,,,,0,,Marginal lending facility - Eurosystem,"Euro area (changing composition), Eurosystem reporting sector - Marginal lending facility, Euro - Euro area (changing composition) counterpart",EUR,6
ILM.D.U2.C.A050500.U2.EUR,D,U2,C,A050500,U2,EUR,2025-08-04,0.1,A,F,,,P1D,,E,,,,,,,,,0,,Marginal lending facility - Eurosystem,"Euro area (changing composition), Eurosystem reporting sector - Marginal lending facility, Euro - Euro area (changing composition) counterpart",EUR,6
ILM.D.U2.C.A050500.U2.EUR,D,U2,C,A050500,U2,EUR,2025-08-05,3,A,F,,,P1D,,E,,,,,,,,,0,,Marginal lending facility - Eurosystem,"Euro area (changing composition), Eurosystem reporting sector - Marginal lending facility, Euro - Euro area (changing composition) counterpart",EUR,6
ILM.D.U2.C.A050500.U2.EUR,D,U2,C,A050500,U2,EUR,2025-08-06,7,A,F,,,P1D,,E,,,,,,,,,0,,Marginal lending facility - Eurosystem,"Euro area (changing composition), Eurosystem reporting sector - Marginal lending facility, Euro - Euro area (changing composition) counterpart",EUR,6
ILM.D.U2.C.A050500.U2.EUR,D,U2,C,A050500,U2,EUR,2025-08-07,2.44384417,A,F,,,P1D,,E,,,,,,,,,0,,Marginal lending facility - Eurosystem,"Euro area (changing composition), Eurosystem reporting sector - Marginal lending facility, Euro - Euro area (changing composition) counterpart",EUR,6
ILM.D.U2.C.A050500.U2.EUR,D,U2,C,A050500,U2,EUR,2025-08-08,0,A,F,,,P1D,,E,,,,,,,,,0,,Marginal lending facility - Eurosystem,"Euro area (changing composition), Eurosystem reporting sector - Marginal lending facility, Euro - Euro area (changing composition) counterpart",EUR,6
ILM.D.U2.C.A050500.U2.EUR,D,U2,C,A050500,U2,EUR,2025-08-11,2,A,F,,,P1D,,E,,,,,,,,,0,,Marginal lending facility - Eurosystem,"Euro area (changing composition), Eurosystem reporting sector - Marginal lending facility, Euro - Euro area (changing composition) counterpart",EUR,6
ILM.D.U2.C.A050500.U2.EUR,D,U2,C,A050500,U2,EUR,2025-08-12,0,A,F,,,P1D,,E,,,,,,,,,0,,Marginal lending facility - Eurosystem,"Euro area (changing composition), Eurosystem reporting sector - Marginal lending facility, Euro - Euro area (changing composition) counterpart",EUR,6
ILM.D.U2.C.A050500.U2.EUR,D,U2,C,A050500,U2,EUR,2025-08-13,1,A,F,,,P1D,,E,,,,,,,,,0,,Marginal lending facility - Eurosystem,"Euro area (changing composition), Eurosystem reporting sector - Marginal lending facility, Euro - Euro area (changing composition) counterpart",EUR,6
ILM.D.U2.C.A050500.U2.EUR,D,U2,C,A050500,U2,EUR,2025-08-14,0,A,F,,,P1D,,E,,,,,,,,,0,,Marginal lending facility - Eurosystem,"Euro area (changing composition), Eurosystem reporting sector - Marginal lending facility, Euro - Euro area (changing composition) counterpart",EUR,6
ILM.D.U2.C.A050500.U2.EUR,D,U2,C,A050500,U2,EUR,2025-08-15,0.00025486,A,F,,,P1D,,E,,,,,,,,,0,,Marginal lending facility - Eurosystem,"Euro area (changing composition), Eurosystem reporting sector - Marginal lending facility, Euro - Euro area (changing composition) counterpart",EUR,6
ILM.D.U2.C.A050500.U2.EUR,D,U2,C,A050500,U2,EUR,2025-08-18,4,A,F,,,P1D,,E,,,,,,,,,0,,Marginal lending facility - Eurosystem,"Euro area (changing composition), Eurosystem reporting sector - Marginal lending facility, Euro - Euro area (changing composition) counterpart",EUR,6
ILM.D.U2.C.A050500.U2.EUR,D,U2,C,A050500,U2,EUR,2025-08-19,6.1,A,F,,,P1D,,E,,,,,,,,,0,,Marginal lending facility - Eurosystem,"Euro area (changing composition), Eurosystem reporting sector - Marginal lending facility, Euro - Euro area (changing composition) counterpart",EUR,6
ILM.D.U2.C.A050500.U2.EUR,D,U2,C,A050500,U2,EUR,2025-08-20,0,A,F,,,P1D,,E,,,,,,,,,0,,Marginal lending facility - Eurosystem,"Euro area (changing composition), Eurosystem reporting sector - Marginal lending facility, Euro - Euro area (changing composition) counterpart",EUR,6
ILM.D.U2.C.A050500.U2.EUR,D,U2,C,A050500,U2,EUR,2025-08-21,0,A,F,,,P1D,,E,,,,,,,,,0,,Marginal lending facility - Eurosystem,"Euro area (changing composition), Eurosystem reporting sector - Marginal lending facility, Euro - Euro area (changing composition) counterpart",EUR,6
ILM.D.U2.C.A050500.U2.EUR,D,U2,C,A050500,U2,EUR,2025-08-22,0,A,F,,,P1D,,E,,,,,,,,,0,,Marginal lending facility - Eurosystem,"Euro area (changing composition), Eurosystem reporting sector - Marginal lending facility, Euro - Euro area (changing composition) counterpart",EUR,6
ILM.D.U2.C.A050500.U2.EUR,D,U2,C,A050500,U2,EUR,2025-08-25,36.52,A,F,,,P1D,,E,,,,,,,,,0,,Marginal lending facility - Eurosystem,"Euro area (changing composition), Eurosystem reporting sector - Marginal lending facility, Euro - Euro area (changing composition) counterpart",EUR,6
ILM.D.U2.C.A050500.U2.EUR,D,U2,C,A050500,U2,EUR,2025-08-26,38.43436636,A,F,,,P1D,,E,,,,,,,,,0,,Marginal lending facility - Eurosystem,"Euro area (changing composition), Eurosystem reporting sector - Marginal lending facility, Euro - Euro area (changing composition) counterpart",EUR,6
ILM.D.U2.C.A050500.U2.EUR,D,U2,C,A050500,U2,EUR,2025-08-27,342.92295168,A,F,,,P1D,,E,,,,,,,,,0,,Marginal lending facility - Eurosystem,"Euro area (changing composition), Eurosystem reporting sector - Marginal lending facility, Euro - Euro area (changing composition) counterpart",EUR,6
ILM.D.U2.C.A050500.U2.EUR,D,U2,C,A050500,U2,EUR,2025-08-28,322.21922087,A,F,,,P1D,,E,,,,,,,,,0,,Marginal lending facility - Eurosystem,"Euro area (changing composition), Eurosystem reporting sector - Marginal lending facility, Euro - Euro area (changing composition) counterpart",EUR,6
ILM.D.U2.C.A050500.U2.EUR,D,U2,C,A050500,U2,EUR,2025-08-29,350,A,F,,,P1D,,E,,,,,,,,,0,,Marginal lending facility - Eurosystem,"Euro area (changing composition), Eurosystem reporting sector - Marginal lending facility, Euro - Euro area (changing composition) counterpart",EUR,6
ILM.D.U2.C.A050500.U2.EUR,D,U2,C,A050500,U2,EUR,2025-09-01,301,A,F,,,P1D,,E,,,,,,,,,0,,Marginal lending facility - Eurosystem,"Euro area (changing composition), Eurosystem reporting sector - Marginal lending facility, Euro - Euro area (changing composition) counterpart",EUR,6
ILM.D.U2.C.A050500.U2.EUR,D,U2,C,A050500,U2,EUR,2025-09-02,300,A,F,,,P1D,,E,,,,,,,,,0,,Marginal lending facility - Eurosystem,"Euro area (changing composition), Eurosystem reporting sector - Marginal lending facility, Euro - Euro area (changing composition) counterpart",EUR,6
ILM.D.U2.C.A050500.U2.EUR,D,U2,C,A050500,U2,EUR,2025-09-03,21.9628077,A,F,,,P1D,,E,,,,,,,,,0,,Marginal lending facility - Eurosystem,"Euro area (changing composition), Eurosystem reporting sector - Marginal lending facility, Euro - Euro area (changing composition) counterpart",EUR,6
ILM.D.U2.C.A050500.U2.EUR,D,U2,C,A050500,U2,EUR,2025-09-04,0,A,F,,,P1D,,E,,,,,,,,,0,,Marginal lending facility - Eurosystem,"Euro area (changing composition), Eurosystem reporting sector - Marginal lending facility, Euro - Euro area (changing composition) counterpart",EUR,6
ILM.D.U2.C.A050500.U2.EUR,D,U2,C,A050500,U2,EUR,2025-09-05,0,A,F,,,P1D,,E,,,,,,,,,0,,Marginal lending facility - Eurosystem,"Euro area (changing composition), Eurosystem reporting sector - Marginal lending facility, Euro - Euro area (changing composition) counterpart",EUR,6
ILM.D.U2.C.A050500.U2.EUR,D,U2,C,A050500,U2,EUR,2025-09-08,2,A,F,,,P1D,,E,,,,,,,,,0,,Marginal lending facility - Eurosystem,"Euro area (changing composition), Eurosystem reporting sector - Marginal lending facility, Euro - Euro area (changing composition) counterpart",EUR,6
ILM.D.U2.C.A050500.U2.EUR,D,U2,C,A050500,U2,EUR,2025-09-09,1.12040403,A,F,,,P1D,,E,,,,,,,,,0,,Marginal lending facility - Eurosystem,"Euro area (changing composition), Eurosystem reporting sector - Marginal lending facility, Euro - Euro area (changing composition) counterpart",EUR,6
ILM.D.U2.C.A050500.U2.EUR,D,U2,C,A050500,U2,EUR,2025-09-10,64.39293313,A,F,,,P1D,,E,,,,,,,,,0,,Marginal lending facility - Eurosystem,"Euro area (changing composition), Eurosystem reporting sector - Marginal lending facility, Euro - Euro area (changing composition) counterpart",EUR,6
ILM.D.U2.C.A050500.U2.EUR,D,U2,C,A050500,U2,EUR,2025-09-11,1.10614452,A,F,,,P1D,,E,,,,,,,,,0,,Marginal lending facility - Eurosystem,"Euro area (changing composition), Eurosystem reporting sector - Marginal lending facility, Euro - Euro area (changing composition) counterpart",EUR,6
ILM.D.U2.C.A050500.U2.EUR,D,U2,C,A050500,U2,EUR,2025-09-12,0,A,F,,,P1D,,E,,,,,,,,,0,,Marginal lending facility - Eurosystem,"Euro area (changing composition), Eurosystem reporting sector - Marginal lending facility, Euro - Euro area (changing composition) counterpart",EUR,6
ILM.D.U2.C.A050500.U2.EUR,D,U2,C,A050500,U2,EUR,2025-09-15,10.0002118,A,F,,,P1D,,E,,,,,,,,,0,,Marginal lending facility - Eurosystem,"Euro area (changing composition), Eurosystem reporting sector - Marginal lending facility, Euro - Euro area (changing composition) counterpart",EUR,6
ILM.D.U2.C.A050500.U2.EUR,D,U2,C,A050500,U2,EUR,2025-09-16,12.50011181,A,F,,,P1D,,E,,,,,,,,,0,,Marginal lending facility - Eurosystem,"Euro area (changing composition), Eurosystem reporting sector - Marginal lending facility, Euro - Euro area (changing composition) counterpart",EUR,6
ILM.D.U2.C.A050500.U2.EUR,D,U2,C,A050500,U2,EUR,2025-09-17,0.00011182,A,F,,,P1D,,E,,,,,,,,,0,,Marginal lending facility - Eurosystem,"Euro area (changing composition), Eurosystem reporting sector - Marginal lending facility, Euro - Euro area (changing composition) counterpart",EUR,6
ILM.D.U2.C.A050500.U2.EUR,D,U2,C,A050500,U2,EUR,2025-09-18,5.54385682,A,F,,,P1D,,E,,,,,,,,,0,,Marginal lending facility - Eurosystem,"Euro area (changing composition), Eurosystem reporting sector - Marginal lending facility, Euro - Euro area (changing composition) counterpart",EUR,6
ILM.D.U2.C.A050500.U2.EUR,D,U2,C,A050500,U2,EUR,2025-09-19,6.41399606,A,F,,,P1D,,E,,,,,,,,,0,,Marginal lending facility - Eurosystem,"Euro area (changing composition), Eurosystem reporting sector - Marginal lending facility, Euro - Euro area (changing composition) counterpart",EUR,6
ILM.D.U2.C.A050500.U2.EUR,D,U2,C,A050500,U2,EUR,2025-09-22,10.11932525,A,F,,,P1D,,E,,,,,,,,,0,,Marginal lending facility - Eurosystem,"Euro area (changing composition), Eurosystem reporting sector - Marginal lending facility, Euro - Euro area (changing composition) counterpart",EUR,6
ILM.D.U2.C.A050500.U2.EUR,D,U2,C,A050500,U2,EUR,2025-09-23,25,A,F,,,P1D,,E,,,,,,,,,0,,Marginal lending facility - Eurosystem,"Euro area (changing composition), Eurosystem reporting sector - Marginal lending facility, Euro - Euro area (changing composition) counterpart",EUR,6
ILM.D.U2.C.A050500.U2.EUR,D,U2,C,A050500,U2,EUR,2025-09-24,21.37893077,A,F,,,P1D,,E,,,,,,,,,0,,Marginal lending facility - Eurosystem,"Euro area (changing composition), Eurosystem reporting sector - Marginal lending facility, Euro - Euro area (changing composition) counterpart",EUR,6
ILM.D.U2.C.A050500.U2.EUR,D,U2,C,A050500,U2,EUR,2025-09-25,23.82357927,A,F,,,P1D,,E,,,,,,,,,0,,Marginal lending facility - Eurosystem,"Euro area (changing composition), Eurosystem reporting sector - Marginal lending facility, Euro - Euro area (changing composition) counterpart",EUR,6
ILM.D.U2.C.A050500.U2.EUR,D,U2,C,A050500,U2,EUR,2025-09-26,24.4342672,A,F,,,P1D,,E,,,,,,,,,0,,Marginal lending facility - Eurosystem,"Euro area (changing composition), Eurosystem reporting sector - Marginal lending facility, Euro - Euro area (changing composition) counterpart",EUR,6
ILM.D.U2.C.A050500.U2.EUR,D,U2,C,A050500,U2,EUR,2025-09-29,22.07540467,A,F,,,P1D,,E,,,,,,,,,0,,Marginal lending facility - Eurosystem,"Euro area (changing composition), Eurosystem reporting sector - Marginal lending facility, Euro - Euro area (changing composition) counterpart",EUR,6
ILM.D.U2.C.A050500.U2.EUR,D,U2,C,A050500,U2,EUR,2025-09-30,140,A,F,,,P1D,,E,,,,,,,,,0,,Marginal lending facility - Eurosystem,"Euro area (changing composition), Eurosystem reporting sector - Marginal lending facility, Euro - Euro area (changing composition) counterpart",EUR,6
ILM.D.U2.C.A050500.U2.EUR,D,U2,C,A050500,U2,EUR,2025-10-01,0,A,F,,,P1D,,E,,,,,,,,,0,,Marginal lending facility - Eurosystem,"Euro area (changing composition), Eurosystem reporting sector - Marginal lending facility, Euro - Euro area (changing composition) counterpart",EUR,6
ILM.D.U2.C.A050500.U2.EUR,D,U2,C,A050500,U2,EUR,2025-10-02,0,A,F,,,P1D,,E,,,,,,,,,0,,Marginal lending facility - Eurosystem,"Euro area (changing composition), Eurosystem reporting sector - Marginal lending facility, Euro - Euro area (changing composition) counterpart",EUR,6
ILM.D.U2.C.A050500.U2.EUR,D,U2,C,A050500,U2,EUR,2025-10-03,0,A,F,,,P1D,,E,,,,,,,,,0,,Marginal lending facility - Eurosystem,"Euro area (changing composition), Eurosystem reporting sector - Marginal lending facility, Euro - Euro area (changing composition) counterpart",EUR,6
ILM.D.U2.C.A050500.U2.EUR,D,U2,C,A050500,U2,EUR,2025-10-06,1232.49368494,A,F,,,P1D,,E,,,,,,,,,0,,Marginal lending facility - Eurosystem,"Euro area (changing composition), Eurosystem reporting sector - Marginal lending facility, Euro - Euro area (changing composition) counterpart",EUR,6
ILM.D.U2.C.A050500.U2.EUR,D,U2,C,A050500,U2,EUR,2025-10-07,0,A,F,,,P1D,,E,,,,,,,,,0,,Marginal lending facility - Eurosystem,"Euro area (changing composition), Eurosystem reporting sector - Marginal lending facility, Euro - Euro area (changing composition) counterpart",EUR,6
ILM.D.U2.C.A050500.U2.EUR,D,U2,C,A050500,U2,EUR,2025-10-08,0,A,F,,,P1D,,E,,,,,,,,,0,,Marginal lending facility - Eurosystem,"Euro area (changing composition), Eurosystem reporting sector - Marginal lending facility, Euro - Euro area (changing composition) counterpart",EUR,6
ILM.D.U2.C.A050500.U2.EUR,D,U2,C,A050500,U2,EUR,2025-10-09,0.10335978,A,F,,,P1D,,E,,,,,,,,,0,,Marginal lending facility - Eurosystem,"Euro area (changing composition), Eurosystem reporting sector - Marginal lending facility, Euro - Euro area (changing composition) counterpart",EUR,6
ILM.D.U2.C.A050500.U2.EUR,D,U2,C,A050500,U2,EUR,2025-10-10,5.42895035,A,F,,,P1D,,E,,,,,,,,,0,,Marginal lending facility - Eurosystem,"Euro area (changing composition), Eurosystem reporting sector - Marginal lending facility, Euro - Euro area (changing composition) counterpart",EUR,6
ILM.D.U2.C.A050500.U2.EUR,D,U2,C,A050500,U2,EUR,2025-10-13,10.74361691,A,F,,,P1D,,E,,,,,,,,,0,,Marginal lending facility - Eurosystem,"Euro area (changing composition), Eurosystem reporting sector - Marginal lending facility, Euro - Euro area (changing composition) counterpart",EUR,6
ILM.D.U2.C.A050500.U2.EUR,D,U2,C,A050500,U2,EUR,2025-10-14,9.62788656,A,F,,,P1D,,E,,,,,,,,,0,,Marginal lending facility - Eurosystem,"Euro area (changing composition), Eurosystem reporting sector - Marginal lending facility, Euro - Euro area (changing composition) counterpart",EUR,6
ILM.D.U2.C.A050500.U2.EUR,D,U2,C,A050500,U2,EUR,2025-10-15,1.00010919,A,F,,,P1D,,E,,,,,,,,,0,,Marginal lending facility - Eurosystem,"Euro area (changing composition), Eurosystem reporting sector - Marginal lending facility, Euro - Euro area (changing composition) counterpart",EUR,6
ILM.D.U2.C.A050500.U2.EUR,D,U2,C,A050500,U2,EUR,2025-10-16,0,A,F,,,P1D,,E,,,,,,,,,0,,Marginal lending facility - Eurosystem,"Euro area (changing composition), Eurosystem reporting sector - Marginal lending facility, Euro - Euro area (changing composition) counterpart",EUR,6
ILM.D.U2.C.A050500.U2.EUR,D,U2,C,A050500,U2,EUR,2025-10-17,1.60711873,A,F,,,P1D,,E,,,,,,,,,0,,Marginal lending facility - Eurosystem,"Euro area (changing composition), Eurosystem reporting sector - Marginal lending facility, Euro - Euro area (changing composition) counterpart",EUR,6
ILM.D.U2.C.A050500.U2.EUR,D,U2,C,A050500,U2,EUR,2025-10-20,6.00025891,A,F,,,P1D,,E,,,,,,,,,0,,Marginal lending facility - Eurosystem,"Euro area (changing composition), Eurosystem reporting sector - Marginal lending facility, Euro - Euro area (changing composition) counterpart",EUR,6
ILM.D.U2.C.A050500.U2.EUR,D,U2,C,A050500,U2,EUR,2025-10-21,36.83809694,A,F,,,P1D,,E,,,,,,,,,0,,Marginal lending facility - Eurosystem,"Euro area (changing composition), Eurosystem reporting sector - Marginal lending facility, Euro - Euro area (changing composition) counterpart",EUR,6
ILM.D.U2.C.A050500.U2.EUR,D,U2,C,A050500,U2,EUR,2025-10-22,36.76945304,A,F,,,P1D,,E,,,,,,,,,0,,Marginal lending facility - Eurosystem,"Euro area (changing composition), Eurosystem reporting sector - Marginal lending facility, Euro - Euro area (changing composition) counterpart",EUR,6
ILM.D.U2.C.A050500.U2.EUR,D,U2,C,A050500,U2,EUR,2025-10-23,1.40715427,A,F,,,P1D,,E,,,,,,,,,0,,Marginal lending facility - Eurosystem,"Euro area (changing composition), Eurosystem reporting sector - Marginal lending facility, Euro - Euro area (changing composition) counterpart",EUR,6
ILM.D.U2.C.A050500.U2.EUR,D,U2,C,A050500,U2,EUR,2025-10-24,87.50349831,A,F,,,P1D,,E,,,,,,,,,0,,Marginal lending facility - Eurosystem,"Euro area (changing composition), Eurosystem reporting sector - Marginal lending facility, Euro - Euro area (changing composition) counterpart",EUR,6
ILM.D.U2.C.A050500.U2.EUR,D,U2,C,A050500,U2,EUR,2025-10-27,28.36387205,A,F,,,P1D,,E,,,,,,,,,0,,Marginal lending facility - Eurosystem,"Euro area (changing composition), Eurosystem reporting sector - Marginal lending facility, Euro - Euro area (changing composition) counterpart",EUR,6
ILM.D.U2.C.A050500.U2.EUR,D,U2,C,A050500,U2,EUR,2025-10-28,41.35342762,A,F,,,P1D,,E,,,,,,,,,0,,Marginal lending facility - Eurosystem,"Euro area (changing composition), Eurosystem reporting sector - Marginal lending facility, Euro - Euro area (changing composition) counterpart",EUR,6
ILM.D.U2.C.A050500.U2.EUR,D,U2,C,A050500,U2,EUR,2025-10-29,139.22026679,A,F,,,P1D,,E,,,,,,,,,0,,Marginal lending facility - Eurosystem,"Euro area (changing composition), Eurosystem reporting sector - Marginal lending facility, Euro - Euro area (changing composition) counterpart",EUR,6
ILM.D.U2.C.A050500.U2.EUR,D,U2,C,A050500,U2,EUR,2025-10-30,34.34074548,A,F,,,P1D,,E,,,,,,,,,0,,Marginal lending facility - Eurosystem,"Euro area (changing composition), Eurosystem reporting sector - Marginal lending facility, Euro - Euro area (changing composition) counterpart",EUR,6
ILM.D.U2.C.A050500.U2.EUR,D,U2,C,A050500,U2,EUR,2025-10-31,250,A,F,,,P1D,,E,,,,,,,,,0,,Marginal lending facility - Eurosystem,"Euro area (changing composition), Eurosystem reporting sector - Marginal lending facility, Euro - Euro area (changing composition) counterpart",EUR,6
ILM.D.U2.C.A050500.U2.EUR,D,U2,C,A050500,U2,EUR,2025-11-03,0,A,F,,,P1D,,E,,,,,,,,,0,,Marginal lending facility - Eurosystem,"Euro area (changing composition), Eurosystem reporting sector - Marginal lending facility, Euro - Euro area (changing composition) counterpart",EUR,6
ILM.D.U2.C.A050500.U2.EUR,D,U2,C,A050500,U2,EUR,2025-11-04,5.18792575,A,F,,,P1D,,E,,,,,,,,,0,,Marginal lending facility - Eurosystem,"Euro area (changing composition), Eurosystem reporting sector - Marginal lending facility, Euro - Euro area (changing composition) counterpart",EUR,6
ILM.D.U2.C.A050500.U2.EUR,D,U2,C,A050500,U2,EUR,2025-11-05,0,A,F,,,P1D,,E,,,,,,,,,0,,Marginal lending facility - Eurosystem,"Euro area (changing composition), Eurosystem reporting sector - Marginal lending facility, Euro - Euro area (changing composition) counterpart",EUR,6
ILM.D.U2.C.A050500.U2.EUR,D,U2,C,A050500,U2,EUR,2025-11-06,41.1,A,F,,,P1D,,E,,,,,,,,,0,,Marginal lending facility - Eurosystem,"Euro area (changing composition), Eurosystem reporting sector - Marginal lending facility, Euro - Euro area (changing composition) counterpart",EUR,6
ILM.D.U2.C.A050500.U2.EUR,D,U2,C,A050500,U2,EUR,2025-11-07,0,A,F,,,P1D,,E,,,,,,,,,0,,Marginal lending facility - Eurosystem,"Euro area (changing composition), Eurosystem reporting sector - Marginal lending facility, Euro - Euro area (changing composition) counterpart",EUR,6
ILM.D.U2.C.A050500.U2.EUR,D,U2,C,A050500,U2,EUR,2025-11-10,4.39604047,A,F,,,P1D,,E,,,,,,,,,0,,Marginal lending facility - Eurosystem,"Euro area (changing composition), Eurosystem reporting sector - Marginal lending facility, Euro - Euro area (changing composition) counterpart",EUR,6
ILM.D.U2.C.A050500.U2.EUR,D,U2,C,A050500,U2,EUR,2025-11-11,28.10513595,A,F,,,P1D,,E,,,,,,,,,0,,Marginal lending facility - Eurosystem,"Euro area (changing composition), Eurosystem reporting sector - Marginal lending facility, Euro - Euro area (changing composition) counterpart",EUR,6
ILM.D.U2.C.A050500.U2.EUR,D,U2,C,A050500,U2,EUR,2025-11-12,1,A,F,,,P1D,,E,,,,,,,,,0,,Marginal lending facility - Eurosystem,"Euro area (changing composition), Eurosystem reporting sector - Marginal lending facility, Euro - Euro area (changing composition) counterpart",EUR,6
ILM.D.U2.C.A050500.U2.EUR,D,U2,C,A050500,U2,EUR,2025-11-13,1.15,A,F,,,P1D,,E,,,,,,,,,0,,Marginal lending facility - Eurosystem,"Euro area (changing composition), Eurosystem reporting sector - Marginal lending facility, Euro - Euro area (changing composition) counterpart",EUR,6
ILM.D.U2.C.A050500.U2.EUR,D,U2,C,A050500,U2,EUR,2025-11-14,201,A,F,,,P1D,,E,,,,,,,,,0,,Marginal lending facility - Eurosystem,"Euro area (changing composition), Eurosystem reporting sector - Marginal lending facility, Euro - Euro area (changing composition) counterpart",EUR,6
ILM.D.U2.C.A050500.U2.EUR,D,U2,C,A050500,U2,EUR,2025-11-17,241.01011574,A,F,,,P1D,,E,,,,,,,,,0,,Marginal lending facility - Eurosystem,"Euro area (changing composition), Eurosystem reporting sector - Marginal lending facility, Euro - Euro area (changing composition) counterpart",EUR,6
ILM.D.U2.C.A050500.U2.EUR,D,U2,C,A050500,U2,EUR,2025-11-18,200,A,F,,,P1D,,E,,,,,,,,,0,,Marginal lending facility - Eurosystem,"Euro area (changing composition), Eurosystem reporting sector - Marginal lending facility, Euro - Euro area (changing composition) counterpart",EUR,6
ILM.D.U2.C.A050500.U2.EUR,D,U2,C,A050500,U2,EUR,2025-11-19,1,A,F,,,P1D,,E,,,,,,,,,0,,Marginal lending facility - Eurosystem,"Euro area (changing composition), Eurosystem reporting sector - Marginal lending facility, Euro - Euro area (changing composition) counterpart",EUR,6
ILM.D.U2.C.A050500.U2.EUR,D,U2,C,A050500,U2,EUR,2025-11-20,5.16603732,A,F,,,P1D,,E,,,,,,,,,0,,Marginal lending facility - Eurosystem,"Euro area (changing composition), Eurosystem reporting sector - Marginal lending facility, Euro - Euro area (changing composition) counterpart",EUR,6
ILM.D.U2.C.A050500.U2.EUR,D,U2,C,A050500,U2,EUR,2025-11-21,708.9418222,A,F,,,P1D,,E,,,,,,,,,0,,Marginal lending facility - Eurosystem,"Euro area (changing composition), Eurosystem reporting sector - Marginal lending facility, Euro - Euro area (changing composition) counterpart",EUR,6
ILM.D.U2.C.A050500.U2.EUR,D,U2,C,A050500,U2,EUR,2025-11-24,210.56676054,A,F,,,P1D,,E,,,,,,,,,0,,Marginal lending facility - Eurosystem,"Euro area (changing composition), Eurosystem reporting sector - Marginal lending facility, Euro - Euro area (changing composition) counterpart",EUR,6
ILM.D.U2.C.A050500.U2.EUR,D,U2,C,A050500,U2,EUR,2025-11-25,953.94766616,A,F,,,P1D,,E,,,,,,,,,0,,Marginal lending facility - Eurosystem,"Euro area (changing composition), Eurosystem reporting sector - Marginal lending facility, Euro - Euro area (changing composition) counterpart",EUR,6
ILM.D.U2.C.A050500.U2.EUR,D,U2,C,A050500,U2,EUR,2025-11-26,525.95395202,A,F,,,P1D,,E,,,,,,,,,0,,Marginal lending facility - Eurosystem,"Euro area (changing composition), Eurosystem reporting sector - Marginal lending facility, Euro - Euro area (changing composition) counterpart",EUR,6
ILM.D.U2.C.A050500.U2.EUR,D,U2,C,A050500,U2,EUR,2025-11-27,820.01470422,A,F,,,P1D,,E,,,,,,,,,0,,Marginal lending facility - Eurosystem,"Euro area (changing composition), Eurosystem reporting sector - Marginal lending facility, Euro - Euro area (changing composition) counterpart",EUR,6
ILM.D.U2.C.A050500.U2.EUR,D,U2,C,A050500,U2,EUR,2025-11-28,1350,A,F,,,P1D,,E,,,,,,,,,0,,Marginal lending facility - Eurosystem,"Euro area (changing composition), Eurosystem reporting sector - Marginal lending facility, Euro - Euro area (changing composition) counterpart",EUR,6
ILM.D.U2.C.A050500.U2.EUR,D,U2,C,A050500,U2,EUR,2025-12-01,600.53990404,A,F,,,P1D,,E,,,,,,,,,0,,Marginal lending facility - Eurosystem,"Euro area (changing composition), Eurosystem reporting sector - Marginal lending facility, Euro - Euro area (changing composition) counterpart",EUR,6
ILM.D.U2.C.A050500.U2.EUR,D,U2,C,A050500,U2,EUR,2025-12-02,301,A,F,,,P1D,,E,,,,,,,,,0,,Marginal lending facility - Eurosystem,"Euro area (changing composition), Eurosystem reporting sector - Marginal lending facility, Euro - Euro area (changing composition) counterpart",EUR,6
ILM.D.U2.C.A050500.U2.EUR,D,U2,C,A050500,U2,EUR,2025-12-03,200,A,F,,,P1D,,E,,,,,,,,,0,,Marginal lending facility - Eurosystem,"Euro area (changing composition), Eurosystem reporting sector - Marginal lending facility, Euro - Euro area (changing composition) counterpart",EUR,6
ILM.D.U2.C.A050500.U2.EUR,D,U2,C,A050500,U2,EUR,2025-12-04,1,A,F,,,P1D,,E,,,,,,,,,0,,Marginal lending facility - Eurosystem,"Euro area (changing composition), Eurosystem reporting sector - Marginal lending facility, Euro - Euro area (changing composition) counterpart",EUR,6
ILM.D.U2.C.A050500.U2.EUR,D,U2,C,A050500,U2,EUR,2025-12-05,0.37184568,A,F,,,P1D,,E,,,,,,,,,0,,Marginal lending facility - Eurosystem,"Euro area (changing composition), Eurosystem reporting sector - Marginal lending facility, Euro - Euro area (changing composition) counterpart",EUR,6
ILM.D.U2.C.A050500.U2.EUR,D,U2,C,A050500,U2,EUR,2025-12-08,3.08961069,A,F,,,P1D,,E,,,,,,,,,0,,Marginal lending facility - Eurosystem,"Euro area (changing composition), Eurosystem reporting sector - Marginal lending facility, Euro - Euro area (changing composition) counterpart",EUR,6
ILM.D.U2.C.A050500.U2.EUR,D,U2,C,A050500,U2,EUR,2025-12-09,6.63155712,A,F,,,P1D,,E,,,,,,,,,0,,Marginal lending facility - Eurosystem,"Euro area (changing composition), Eurosystem reporting sector - Marginal lending facility, Euro - Euro area (changing composition) counterpart",EUR,6
ILM.D.U2.C.A050500.U2.EUR,D,U2,C,A050500,U2,EUR,2025-12-10,0,A,F,,,P1D,,E,,,,,,,,,0,,Marginal lending facility - Eurosystem,"Euro area (changing composition), Eurosystem reporting sector - Marginal lending facility, Euro - Euro area (changing composition) counterpart",EUR,6
ILM.D.U2.C.A050500.U2.EUR,D,U2,C,A050500,U2,EUR,2025-12-11,1,A,F,,,P1D,,E,,,,,,,,,0,,Marginal lending facility - Eurosystem,"Euro area (changing composition), Eurosystem reporting sector - Marginal lending facility, Euro - Euro area (changing composition) counterpart",EUR,6
ILM.D.U2.C.A050500.U2.EUR,D,U2,C,A050500,U2,EUR,2025-12-12,0,A,F,,,P1D,,E,,,,,,,,,0,,Marginal lending facility - Eurosystem,"Euro area (changing composition), Eurosystem reporting sector - Marginal lending facility, Euro - Euro area (changing composition) counterpart",EUR,6
ILM.D.U2.C.A050500.U2.EUR,D,U2,C,A050500,U2,EUR,2025-12-15,21.45158101,A,F,,,P1D,,E,,,,,,,,,0,,Marginal lending facility - Eurosystem,"Euro area (changing composition), Eurosystem reporting sector - Marginal lending facility, Euro - Euro area (changing composition) counterpart",EUR,6
ILM.D.U2.C.A050500.U2.EUR,D,U2,C,A050500,U2,EUR,2025-12-16,0.5,A,F,,,P1D,,E,,,,,,,,,0,,Marginal lending facility - Eurosystem,"Euro area (changing composition), Eurosystem reporting sector - Marginal lending facility, Euro - Euro area (changing composition) counterpart",EUR,6
ILM.D.U2.C.A050500.U2.EUR,D,U2,C,A050500,U2,EUR,2025-12-17,4.866375,A,F,,,P1D,,E,,,,,,,,,0,,Marginal lending facility - Eurosystem,"Euro area (changing composition), Eurosystem reporting sector - Marginal lending facility, Euro - Euro area (changing composition) counterpart",EUR,6
ILM.D.U2.C.A050500.U2.EUR,D,U2,C,A050500,U2,EUR,2025-12-18,0,A,F,,,P1D,,E,,,,,,,,,0,,Marginal lending facility - Eurosystem,"Euro area (changing composition), Eurosystem reporting sector - Marginal lending facility, Euro - Euro area (changing composition) counterpart",EUR,6
ILM.D.U2.C.A050500.U2.EUR,D,U2,C,A050500,U2,EUR,2025-12-19,1.12670056,A,F,,,P1D,,E,,,,,,,,,0,,Marginal lending facility - Eurosystem,"Euro area (changing composition), Eurosystem reporting sector - Marginal lending facility, Euro - Euro area (changing composition) counterpart",EUR,6
ILM.D.U2.C.A050500.U2.EUR,D,U2,C,A050500,U2,EUR,2025-12-22,40.01624848,A,F,,,P1D,,E,,,,,,,,,0,,Marginal lending facility - Eurosystem,"Euro area (changing composition), Eurosystem reporting sector - Marginal lending facility, Euro - Euro area (changing composition) counterpart",EUR,6
ILM.D.U2.C.A050500.U2.EUR,D,U2,C,A050500,U2,EUR,2025-12-23,0,A,F,,,P1D,,E,,,,,,,,,0,,Marginal lending facility - Eurosystem,"Euro area (changing composition), Eurosystem reporting sector - Marginal lending facility, Euro - Euro area (changing composition) counterpart",EUR,6
ILM.D.U2.C.A050500.U2.EUR,D,U2,C,A050500,U2,EUR,2025-12-24,0,A,F,,,P1D,,E,,,,,,,,,0,,Marginal lending facility - Eurosystem,"Euro area (changing composition), Eurosystem reporting sector - Marginal lending facility, Euro - Euro area (changing composition) counterpart",EUR,6
ILM.D.U2.C.A050500.U2.EUR,D,U2,C,A050500,U2,EUR,2025-12-25,0,A,F,,,P1D,,E,,,,,,,,,0,,Marginal lending facility - Eurosystem,"Euro area (changing composition), Eurosystem reporting sector - Marginal lending facility, Euro - Euro area (changing composition) counterpart",EUR,6
ILM.D.U2.C.A050500.U2.EUR,D,U2,C,A050500,U2,EUR,2025-12-26,0,A,F,,,P1D,,E,,,,,,,,,0,,Marginal lending facility - Eurosystem,"Euro area (changing composition), Eurosystem reporting sector - Marginal lending facility, Euro - Euro area (changing composition) counterpart",EUR,6
ILM.D.U2.C.A050500.U2.EUR,D,U2,C,A050500,U2,EUR,2025-12-29,0,A,F,,,P1D,,E,,,,,,,,,0,,Marginal lending facility - Eurosystem,"Euro area (changing composition), Eurosystem reporting sector - Marginal lending facility, Euro - Euro area (changing composition) counterpart",EUR,6
ILM.D.U2.C.A050500.U2.EUR,D,U2,C,A050500,U2,EUR,2025-12-30,39.67985742,A,F,,,P1D,,E,,,,,,,,,0,,Marginal lending facility - Eurosystem,"Euro area (changing composition), Eurosystem reporting sector - Marginal lending facility, Euro - Euro area (changing composition) counterpart",EUR,6
ILM.D.U2.C.A050500.U2.EUR,D,U2,C,A050500,U2,EUR,2025-12-31,0,A,F,,,P1D,,E,,,,,,,,,0,,Marginal lending facility - Eurosystem,"Euro area (changing composition), Eurosystem reporting sector - Marginal lending facility, Euro - Euro area (changing composition) counterpart",EUR,6
ILM.D.U2.C.A050500.U2.EUR,D,U2,C,A050500,U2,EUR,2026-01-01,0,A,F,,,P1D,,E,,,,,,,,,0,,Marginal lending facility - Eurosystem,"Euro area (changing composition), Eurosystem reporting sector - Marginal lending facility, Euro - Euro area (changing composition) counterpart",EUR,6
ILM.D.U2.C.A050500.U2.EUR,D,U2,C,A050500,U2,EUR,2026-01-02,20.0001,A,F,,,P1D,,E,,,,,,,,,0,,Marginal lending facility - Eurosystem,"Euro area (changing composition), Eurosystem reporting sector - Marginal lending facility, Euro - Euro area (changing composition) counterpart",EUR,6
ILM.D.U2.C.A050500.U2.EUR,D,U2,C,A050500,U2,EUR,2026-01-05,20,A,F,,,P1D,,E,,,,,,,,,0,,Marginal lending facility - Eurosystem,"Euro area (changing composition), Eurosystem reporting sector - Marginal lending facility, Euro - Euro area (changing composition) counterpart",EUR,6
ILM.D.U2.C.A050500.U2.EUR,D,U2,C,A050500,U2,EUR,2026-01-06,0,A,F,,,P1D,,E,,,,,,,,,0,,Marginal lending facility - Eurosystem,"Euro area (changing composition), Eurosystem reporting sector - Marginal lending facility, Euro - Euro area (changing composition) counterpart",EUR,6
ILM.D.U2.C.A050500.U2.EUR,D,U2,C,A050500,U2,EUR,2026-01-07,68.57660631,A,F,,,P1D,,E,,,,,,,,,0,,Marginal lending facility - Eurosystem,"Euro area (changing composition), Eurosystem reporting sector - Marginal lending facility, Euro - Euro area (changing composition) counterpart",EUR,6
ILM.D.U2.C.A050500.U2.EUR,D,U2,C,A050500,U2,EUR,2026-01-08,0,A,F,,,P1D,,E,,,,,,,,,0,,Marginal lending facility - Eurosystem,"Euro area (changing composition), Eurosystem reporting sector - Marginal lending facility, Euro - Euro area (changing composition) counterpart",EUR,6
ILM.D.U2.C.A050500.U2.EUR,D,U2,C,A050500,U2,EUR,2026-01-09,0,A,F,,,P1D,,E,,,,,,,,,0,,Marginal lending facility - Eurosystem,"Euro area (changing composition), Eurosystem reporting sector - Marginal lending facility, Euro - Euro area (changing composition) counterpart",EUR,6
ILM.D.U2.C.A050500.U2.EUR,D,U2,C,A050500,U2,EUR,2026-01-12,18.90367061,A,F,,,P1D,,E,,,,,,,,,0,,Marginal lending facility - Eurosystem,"Euro area (changing composition), Eurosystem reporting sector - Marginal lending facility, Euro - Euro area (changing composition) counterpart",EUR,6
ILM.D.U2.C.A050500.U2.EUR,D,U2,C,A050500,U2,EUR,2026-01-13,23.63374453,A,F,,,P1D,,E,,,,,,,,,0,,Marginal lending facility - Eurosystem,"Euro area (changing composition), Eurosystem reporting sector - Marginal lending facility, Euro - Euro area (changing composition) counterpart",EUR,6
ILM.D.U2.C.A050500.U2.EUR,D,U2,C,A050500,U2,EUR,2026-01-14,5.79824286,A,F,,,P1D,,E,,,,,,,,,0,,Marginal lending facility - Eurosystem,"Euro area (changing composition), Eurosystem reporting sector - Marginal lending facility, Euro - Euro area (changing composition) counterpart",EUR,6
ILM.D.U2.C.A050500.U2.EUR,D,U2,C,A050500,U2,EUR,2026-01-15,15.28225077,A,F,,,P1D,,E,,,,,,,,,0,,Marginal lending facility - Eurosystem,"Euro area (changing composition), Eurosystem reporting sector - Marginal lending facility, Euro - Euro area (changing composition) counterpart",EUR,6
ILM.D.U2.C.A050500.U2.EUR,D,U2,C,A050500,U2,EUR,2026-01-16,32.8225675,A,F,,,P1D,,E,,,,,,,,,0,,Marginal lending facility - Eurosystem,"Euro area (changing composition), Eurosystem reporting sector - Marginal lending facility, Euro - Euro area (changing composition) counterpart",EUR,6
ILM.D.U2.C.A050500.U2.EUR,D,U2,C,A050500,U2,EUR,2026-01-19,25.74241158,A,F,,,P1D,,E,,,,,,,,,0,,Marginal lending facility - Eurosystem,"Euro area (changing composition), Eurosystem reporting sector - Marginal lending facility, Euro - Euro area (changing composition) counterpart",EUR,6
ILM.D.U2.C.A050500.U2.EUR,D,U2,C,A050500,U2,EUR,2026-01-20,5.14839685,A,F,,,P1D,,E,,,,,,,,,0,,Marginal lending facility - Eurosystem,"Euro area (changing composition), Eurosystem reporting sector - Marginal lending facility, Euro - Euro area (changing composition) counterpart",EUR,6
ILM.D.U2.C.A050500.U2.EUR,D,U2,C,A050500,U2,EUR,2026-01-21,0.00010602,A,F,,,P1D,,E,,,,,,,,,0,,Marginal lending facility - Eurosystem,"Euro area (changing composition), Eurosystem reporting sector - Marginal lending facility, Euro - Euro area (changing composition) counterpart",EUR,6
ILM.D.U2.C.A050500.U2.EUR,D,U2,C,A050500,U2,EUR,2026-01-22,0.00010603,A,F,,,P1D,,E,,,,,,,,,0,,Marginal lending facility - Eurosystem,"Euro area (changing composition), Eurosystem reporting sector - Marginal lending facility, Euro - Euro area (changing composition) counterpart",EUR,6
ILM.D.U2.C.A050500.U2.EUR,D,U2,C,A050500,U2,EUR,2026-01-23,4.16798441,A,F,,,P1D,,E,,,,,,,,,0,,Marginal lending facility - Eurosystem,"Euro area (changing composition), Eurosystem reporting sector - Marginal lending facility, Euro - Euro area (changing composition) counterpart",EUR,6
ILM.D.U2.C.A050500.U2.EUR,D,U2,C,A050500,U2,EUR,2026-01-26,20.71371996,A,F,,,P1D,,E,,,,,,,,,0,,Marginal lending facility - Eurosystem,"Euro area (changing composition), Eurosystem reporting sector - Marginal lending facility, Euro - Euro area (changing composition) counterpart",EUR,6
ILM.D.U2.C.A050500.U2.EUR,D,U2,C,A050500,U2,EUR,2026-01-27,27.04985885,A,F,,,P1D,,E,,,,,,,,,0,,Marginal lending facility - Eurosystem,"Euro area (changing composition), Eurosystem reporting sector - Marginal lending facility, Euro - Euro area (changing composition) counterpart",EUR,6
ILM.D.U2.C.A050500.U2.EUR,D,U2,C,A050500,U2,EUR,2026-01-28,41.1514628,A,F,,,P1D,,E,,,,,,,,,0,,Marginal lending facility - Eurosystem,"Euro area (changing composition), Eurosystem reporting sector - Marginal lending facility, Euro - Euro area (changing composition) counterpart",EUR,6
ILM.D.U2.C.A050500.U2.EUR,D,U2,C,A050500,U2,EUR,2026-01-29,10,A,F,,,P1D,,E,,,,,,,,,0,,Marginal lending facility - Eurosystem,"Euro area (changing composition), Eurosystem reporting sector - Marginal lending facility, Euro - Euro area (changing composition) counterpart",EUR,6
ILM.D.U2.C.A050500.U2.EUR,D,U2,C,A050500,U2,EUR,2026-01-30,0,A,F,,,P1D,,E,,,,,,,,,0,,Marginal lending facility - Eurosystem,"Euro area (changing composition), Eurosystem reporting sector - Marginal lending facility, Euro - Euro area (changing composition) counterpart",EUR,6
ILM.D.U2.C.A050500.U2.EUR,D,U2,C,A050500,U2,EUR,2026-02-02,0,A,F,,,P1D,,E,,,,,,,,,0,,Marginal lending facility - Eurosystem,"Euro area (changing composition), Eurosystem reporting sector - Marginal lending facility, Euro - Euro area (changing composition) counterpart",EUR,6
ILM.D.U2.C.A050500.U2.EUR,D,U2,C,A050500,U2,EUR,2026-02-03,1,A,F,,,P1D,,E,,,,,,,,,0,,Marginal lending facility - Eurosystem,"Euro area (changing composition), Eurosystem reporting sector - Marginal lending facility, Euro - Euro area (changing composition) counterpart",EUR,6
ILM.D.U2.C.A050500.U2.EUR,D,U2,C,A050500,U2,EUR,2026-02-04,0,A,F,,,P1D,,E,,,,,,,,,0,,Marginal lending facility - Eurosystem,"Euro area (changing composition), Eurosystem reporting sector - Marginal lending facility, Euro - Euro area (changing composition) counterpart",EUR,6
ILM.D.U2.C.A050500.U2.EUR,D,U2,C,A050500,U2,EUR,2026-02-05,0,A,F,,,P1D,,E,,,,,,,,,0,,Marginal lending facility - Eurosystem,"Euro area (changing composition), Eurosystem reporting sector - Marginal lending facility, Euro - Euro area (changing composition) counterpart",EUR,6
ILM.D.U2.C.A050500.U2.EUR,D,U2,C,A050500,U2,EUR,2026-02-06,3.97817053,A,F,,,P1D,,E,,,,,,,,,0,,Marginal lending facility - Eurosystem,"Euro area (changing composition), Eurosystem reporting sector - Marginal lending facility, Euro - Euro area (changing composition) counterpart",EUR,6
ILM.D.U2.C.A050500.U2.EUR,D,U2,C,A050500,U2,EUR,2026-02-09,37.19705729,A,F,,,P1D,,E,,,,,,,,,0,,Marginal lending facility - Eurosystem,"Euro area (changing composition), Eurosystem reporting sector - Marginal lending facility, Euro - Euro area (changing composition) counterpart",EUR,6
ILM.D.U2.C.A050500.U2.EUR,D,U2,C,A050500,U2,EUR,2026-02-10,12.35516486,A,F,,,P1D,,E,,,,,,,,,0,,Marginal lending facility - Eurosystem,"Euro area (changing composition), Eurosystem reporting sector - Marginal lending facility, Euro - Euro area (changing composition) counterpart",EUR,6
ILM.D.U2.C.A050500.U2.EUR,D,U2,C,A050500,U2,EUR,2026-02-11,0,A,F,,,P1D,,E,,,,,,,,,0,,Marginal lending facility - Eurosystem,"Euro area (changing composition), Eurosystem reporting sector - Marginal lending facility, Euro - Euro area (changing composition) counterpart",EUR,6
ILM.D.U2.C.A050500.U2.EUR,D,U2,C,A050500,U2,EUR,2026-02-12,1,A,F,,,P1D,,E,,,,,,,,,0,,Marginal lending facility - Eurosystem,"Euro area (changing composition), Eurosystem reporting sector - Marginal lending facility, Euro - Euro area (changing composition) counterpart",EUR,6
ILM.D.U2.C.A050500.U2.EUR,D,U2,C,A050500,U2,EUR,2026-02-13,0,A,F,,,P1D,,E,,,,,,,,,0,,Marginal lending facility - Eurosystem,"Euro area (changing composition), Eurosystem reporting sector - Marginal lending facility, Euro - Euro area (changing composition) counterpart",EUR,6
ILM.D.U2.C.A050500.U2.EUR,D,U2,C,A050500,U2,EUR,2026-02-16,3,A,F,,,P1D,,E,,,,,,,,,0,,Marginal lending facility - Eurosystem,"Euro area (changing composition), Eurosystem reporting sector - Marginal lending facility, Euro - Euro area (changing composition) counterpart",EUR,6
ILM.D.U2.C.A050500.U2.EUR,D,U2,C,A050500,U2,EUR,2026-02-17,0,A,F,,,P1D,,E,,,,,,,,,0,,Marginal lending facility - Eurosystem,"Euro area (changing composition), Eurosystem reporting sector - Marginal lending facility, Euro - Euro area (changing composition) counterpart",EUR,6
ILM.D.U2.C.A050500.U2.EUR,D,U2,C,A050500,U2,EUR,2026-02-18,1.05547175,A,F,,,P1D,,E,,,,,,,,,0,,Marginal lending facility - Eurosystem,"Euro area (changing composition), Eurosystem reporting sector - Marginal lending facility, Euro - Euro area (changing composition) counterpart",EUR,6
ILM.D.U2.C.A050500.U2.EUR,D,U2,C,A050500,U2,EUR,2026-02-19,1,A,F,,,P1D,,E,,,,,,,,,0,,Marginal lending facility - Eurosystem,"Euro area (changing composition), Eurosystem reporting sector - Marginal lending facility, Euro - Euro area (changing composition) counterpart",EUR,6
ILM.D.U2.C.A050500.U2.EUR,D,U2,C,A050500,U2,EUR,2026-02-20,0,A,F,,,P1D,,E,,,,,,,,,0,,Marginal lending facility - Eurosystem,"Euro area (changing composition), Eurosystem reporting sector - Marginal lending facility, Euro - Euro area (changing composition) counterpart",EUR,6
ILM.D.U2.C.A050500.U2.EUR,D,U2,C,A050500,U2,EUR,2026-02-23,0,A,F,,,P1D,,E,,,,,,,,,0,,Marginal lending facility - Eurosystem,"Euro area (changing composition), Eurosystem reporting sector - Marginal lending facility, Euro - Euro area (changing composition) counterpart",EUR,6
ILM.D.U2.C.A050500.U2.EUR,D,U2,C,A050500,U2,EUR,2026-02-24,6.61263911,A,F,,,P1D,,E,,,,,,,,,0,,Marginal lending facility - Eurosystem,"Euro area (changing composition), Eurosystem reporting sector - Marginal lending facility, Euro - Euro area (changing composition) counterpart",EUR,6
ILM.D.U2.C.A050500.U2.EUR,D,U2,C,A050500,U2,EUR,2026-02-25,30,A,F,,,P1D,,E,,,,,,,,,0,,Marginal lending facility - Eurosystem,"Euro area (changing composition), Eurosystem reporting sector - Marginal lending facility, Euro - Euro area (changing composition) counterpart",EUR,6
ILM.D.U2.C.A050500.U2.EUR,D,U2,C,A050500,U2,EUR,2026-02-26,56.71502289,A,F,,,P1D,,E,,,,,,,,,0,,Marginal lending facility - Eurosystem,"Euro area (changing composition), Eurosystem reporting sector - Marginal lending facility, Euro - Euro area (changing composition) counterpart",EUR,6
ILM.D.U2.C.A050500.U2.EUR,D,U2,C,A050500,U2,EUR,2026-02-27,0,A,F,,,P1D,,E,,,,,,,,,0,,Marginal lending facility - Eurosystem,"Euro area (changing composition), Eurosystem reporting sector - Marginal lending facility, Euro - Euro area (changing composition) counterpart",EUR,6
ILM.D.U2.C.A050500.U2.EUR,D,U2,C,A050500,U2,EUR,2026-03-02,0,A,F,,,P1D,,E,,,,,,,,,0,,Marginal lending facility - Eurosystem,"Euro area (changing composition), Eurosystem reporting sector - Marginal lending facility, Euro - Euro area (changing composition) counterpart",EUR,6
ILM.D.U2.C.A050500.U2.EUR,D,U2,C,A050500,U2,EUR,2026-03-03,0,A,F,,,P1D,,E,,,,,,,,,0,,Marginal lending facility - Eurosystem,"Euro area (changing composition), Eurosystem reporting sector - Marginal lending facility, Euro - Euro area (changing composition) counterpart",EUR,6
ILM.D.U2.C.A050500.U2.EUR,D,U2,C,A050500,U2,EUR,2026-03-04,0,A,F,,,P1D,,E,,,,,,,,,0,,Marginal lending facility - Eurosystem,"Euro area (changing composition), Eurosystem reporting sector - Marginal lending facility, Euro - Euro area (changing composition) counterpart",EUR,6
ILM.D.U2.C.A050500.U2.EUR,D,U2,C,A050500,U2,EUR,2026-03-05,0,A,F,,,P1D,,E,,,,,,,,,0,,Marginal lending facility - Eurosystem,"Euro area (changing composition), Eurosystem reporting sector - Marginal lending facility, Euro - Euro area (changing composition) counterpart",EUR,6
ILM.D.U2.C.A050500.U2.EUR,D,U2,C,A050500,U2,EUR,2026-03-06,3.9253307,A,F,,,P1D,,E,,,,,,,,,0,,Marginal lending facility - Eurosystem,"Euro area (changing composition), Eurosystem reporting sector - Marginal lending facility, Euro - Euro area (changing composition) counterpart",EUR,6
ILM.D.U2.C.A050500.U2.EUR,D,U2,C,A050500,U2,EUR,2026-03-09,8.11795765,A,F,,,P1D,,E,,,,,,,,,0,,Marginal lending facility - Eurosystem,"Euro area (changing composition), Eurosystem reporting sector - Marginal lending facility, Euro - Euro area (changing composition) counterpart",EUR,6
ILM.D.U2.C.A050500.U2.EUR,D,U2,C,A050500,U2,EUR,2026-03-10,11.55824316,A,F,,,P1D,,E,,,,,,,,,0,,Marginal lending facility - Eurosystem,"Euro area (changing composition), Eurosystem reporting sector - Marginal lending facility, Euro - Euro area (changing composition) counterpart",EUR,6
ILM.D.U2.C.A050500.U2.EUR,D,U2,C,A050500,U2,EUR,2026-03-11,0,A,F,,,P1D,,E,,,,,,,,,0,,Marginal lending facility - Eurosystem,"Euro area (changing composition), Eurosystem reporting sector - Marginal lending facility, Euro - Euro area (changing composition) counterpart",EUR,6
ILM.D.U2.C.A050500.U2.EUR,D,U2,C,A050500,U2,EUR,2026-03-12,0,A,F,,,P1D,,E,,,,,,,,,0,,Marginal lending facility - Eurosystem,"Euro area (changing composition), Eurosystem reporting sector - Marginal lending facility, Euro - Euro area (changing composition) counterpart",EUR,6
ILM.D.U2.C.A050500.U2.EUR,D,U2,C,A050500,U2,EUR,2026-03-13,0,A,F,,,P1D,,E,,,,,,,,,0,,Marginal lending facility - Eurosystem,"Euro area (changing composition), Eurosystem reporting sector - Marginal lending facility, Euro - Euro area (changing composition) counterpart",EUR,6
ILM.D.U2.C.A050500.U2.EUR,D,U2,C,A050500,U2,EUR,2026-03-16,10.01083183,A,F,,,P1D,,E,,,,,,,,,0,,Marginal lending facility - Eurosystem,"Euro area (changing composition), Eurosystem reporting sector - Marginal lending facility, Euro - Euro area (changing composition) counterpart",EUR,6
ILM.D.U2.C.A050500.U2.EUR,D,U2,C,A050500,U2,EUR,2026-03-17,0.11,A,F,,,P1D,,E,,,,,,,,,0,,Marginal lending facility - Eurosystem,"Euro area (changing composition), Eurosystem reporting sector - Marginal lending facility, Euro - Euro area (changing composition) counterpart",EUR,6
ILM.D.U2.C.A050500.U2.EUR,D,U2,C,A050500,U2,EUR,2026-03-18,0,A,F,,,P1D,,E,,,,,,,,,0,,Marginal lending facility - Eurosystem,"Euro area (changing composition), Eurosystem reporting sector - Marginal lending facility, Euro - Euro area (changing composition) counterpart",EUR,6
ILM.D.U2.C.A050500.U2.EUR,D,U2,C,A050500,U2,EUR,2026-03-19,1.51,A,F,,,P1D,,E,,,,,,,,,0,,Marginal lending facility - Eurosystem,"Euro area (changing composition), Eurosystem reporting sector - Marginal lending facility, Euro - Euro area (changing composition) counterpart",EUR,6
ILM.D.U2.C.A050500.U2.EUR,D,U2,C,A050500,U2,EUR,2026-03-20,0,A,F,,,P1D,,E,,,,,,,,,0,,Marginal lending facility - Eurosystem,"Euro area (changing composition), Eurosystem reporting sector - Marginal lending facility, Euro - Euro area (changing composition) counterpart",EUR,6
ILM.D.U2.C.A050500.U2.EUR,D,U2,C,A050500,U2,EUR,2026-03-23,195.62273519,A,F,,,P1D,,E,,,,,,,,,0,,Marginal lending facility - Eurosystem,"Euro area (changing composition), Eurosystem reporting sector - Marginal lending facility, Euro - Euro area (changing composition) counterpart",EUR,6
ILM.D.U2.C.A050500.U2.EUR,D,U2,C,A050500,U2,EUR,2026-03-24,14.44321748,A,F,,,P1D,,E,,,,,,,,,0,,Marginal lending facility - Eurosystem,"Euro area (changing composition), Eurosystem reporting sector - Marginal lending facility, Euro - Euro area (changing composition) counterpart",EUR,6
ILM.D.U2.C.A050500.U2.EUR,D,U2,C,A050500,U2,EUR,2026-03-25,6.44827005,A,F,,,P1D,,E,,,,,,,,,0,,Marginal lending facility - Eurosystem,"Euro area (changing composition), Eurosystem reporting sector - Marginal lending facility, Euro - Euro area (changing composition) counterpart",EUR,6
ILM.D.U2.C.A050500.U2.EUR,D,U2,C,A050500,U2,EUR,2026-03-26,13,A,F,,,P1D,,E,,,,,,,,,0,,Marginal lending facility - Eurosystem,"Euro area (changing composition), Eurosystem reporting sector - Marginal lending facility, Euro - Euro area (changing composition) counterpart",EUR,6
ILM.D.U2.C.A050500.U2.EUR,D,U2,C,A050500,U2,EUR,2026-03-27,68.6267499,A,F,,,P1D,,E,,,,,,,,,0,,Marginal lending facility - Eurosystem,"Euro area (changing composition), Eurosystem reporting sector - Marginal lending facility, Euro - Euro area (changing composition) counterpart",EUR,6
ILM.D.U2.C.A050500.U2.EUR,D,U2,C,A050500,U2,EUR,2026-03-30,119.11280391,A,F,,,P1D,,E,,,,,,,,,0,,Marginal lending facility - Eurosystem,"Euro area (changing composition), Eurosystem reporting sector - Marginal lending facility, Euro - Euro area (changing composition) counterpart",EUR,6
ILM.D.U2.C.A050500.U2.EUR,D,U2,C,A050500,U2,EUR,2026-03-31,470,A,F,,,P1D,,E,,,,,,,,,0,,Marginal lending facility - Eurosystem,"Euro area (changing composition), Eurosystem reporting sector - Marginal lending facility, Euro - Euro area (changing composition) counterpart",EUR,6
ILM.D.U2.C.A050500.U2.EUR,D,U2,C,A050500,U2,EUR,2026-04-01,0,A,F,,,P1D,,E,,,,,,,,,0,,Marginal lending facility - Eurosystem,"Euro area (changing composition), Eurosystem reporting sector - Marginal lending facility, Euro - Euro area (changing composition) counterpart",EUR,6
ILM.D.U2.C.A050500.U2.EUR,D,U2,C,A050500,U2,EUR,2026-04-02,0,A,F,,,P1D,,E,,,,,,,,,0,,Marginal lending facility - Eurosystem,"Euro area (changing composition), Eurosystem reporting sector - Marginal lending facility, Euro - Euro area (changing composition) counterpart",EUR,6
ILM.D.U2.C.A050500.U2.EUR,D,U2,C,A050500,U2,EUR,2026-04-03,0,A,F,,,P1D,,E,,,,,,,,,0,,Marginal lending facility - Eurosystem,"Euro area (changing composition), Eurosystem reporting sector - Marginal lending facility, Euro - Euro area (changing composition) counterpart",EUR,6
ILM.D.U2.C.A050500.U2.EUR,D,U2,C,A050500,U2,EUR,2026-04-06,0,A,F,,,P1D,,E,,,,,,,,,0,,Marginal lending facility - Eurosystem,"Euro area (changing composition), Eurosystem reporting sector - Marginal lending facility, Euro - Euro area (changing composition) counterpart",EUR,6
ILM.D.U2.C.A050500.U2.EUR,D,U2,C,A050500,U2,EUR,2026-04-07,0,A,F,,,P1D,,E,,,,,,,,,0,,Marginal lending facility - Eurosystem,"Euro area (changing composition), Eurosystem reporting sector - Marginal lending facility, Euro - Euro area (changing composition) counterpart",EUR,6
ILM.D.U2.C.A050500.U2.EUR,D,U2,C,A050500,U2,EUR,2026-04-08,0,A,F,,,P1D,,E,,,,,,,,,0,,Marginal lending facility - Eurosystem,"Euro area (changing composition), Eurosystem reporting sector - Marginal lending facility, Euro - Euro area (changing composition) counterpart",EUR,6
ILM.D.U2.C.A050500.U2.EUR,D,U2,C,A050500,U2,EUR,2026-04-09,0,A,F,,,P1D,,E,,,,,,,,,0,,Marginal lending facility - Eurosystem,"Euro area (changing composition), Eurosystem reporting sector - Marginal lending facility, Euro - Euro area (changing composition) counterpart",EUR,6
ILM.D.U2.C.A050500.U2.EUR,D,U2,C,A050500,U2,EUR,2026-04-10,0,A,F,,,P1D,,E,,,,,,,,,0,,Marginal lending facility - Eurosystem,"Euro area (changing composition), Eurosystem reporting sector - Marginal lending facility, Euro - Euro area (changing composition) counterpart",EUR,6
ILM.D.U2.C.A050500.U2.EUR,D,U2,C,A050500,U2,EUR,2026-04-13,80,A,F,,,P1D,,E,,,,,,,,,0,,Marginal lending facility - Eurosystem,"Euro area (changing composition), Eurosystem reporting sector - Marginal lending facility, Euro - Euro area (changing composition) counterpart",EUR,6
ILM.D.U2.C.A050500.U2.EUR,D,U2,C,A050500,U2,EUR,2026-04-14,0,A,F,,,P1D,,E,,,,,,,,,0,,Marginal lending facility - Eurosystem,"Euro area (changing composition), Eurosystem reporting sector - Marginal lending facility, Euro - Euro area (changing composition) counterpart",EUR,6
ILM.D.U2.C.A050500.U2.EUR,D,U2,C,A050500,U2,EUR,2026-04-15,21.00010521,A,F,,,P1D,,E,,,,,,,,,0,,Marginal lending facility - Eurosystem,"Euro area (changing composition), Eurosystem reporting sector - Marginal lending facility, Euro - Euro area (changing composition) counterpart",EUR,6
ILM.D.U2.C.A050500.U2.EUR,D,U2,C,A050500,U2,EUR,2026-04-16,0.00010522,A,F,,,P1D,,E,,,,,,,,,0,,Marginal lending facility - Eurosystem,"Euro area (changing composition), Eurosystem reporting sector - Marginal lending facility, Euro - Euro area (changing composition) counterpart",EUR,6
ILM.D.U2.C.A050500.U2.EUR,D,U2,C,A050500,U2,EUR,2026-04-17,9.00010523,A,F,,,P1D,,E,,,,,,,,,0,,Marginal lending facility - Eurosystem,"Euro area (changing composition), Eurosystem reporting sector - Marginal lending facility, Euro - Euro area (changing composition) counterpart",EUR,6
ILM.D.U2.C.A050500.U2.EUR,D,U2,C,A050500,U2,EUR,2026-04-20,10.50010525,A,F,,,P1D,,E,,,,,,,,,0,,Marginal lending facility - Eurosystem,"Euro area (changing composition), Eurosystem reporting sector - Marginal lending facility, Euro - Euro area (changing composition) counterpart",EUR,6
ILM.D.U2.C.A050500.U2.EUR,D,U2,C,A050500,U2,EUR,2026-04-21,16.00010526,A,F,,,P1D,,E,,,,,,,,,0,,Marginal lending facility - Eurosystem,"Euro area (changing composition), Eurosystem reporting sector - Marginal lending facility, Euro - Euro area (changing composition) counterpart",EUR,6
ILM.D.U2.C.A050500.U2.EUR,D,U2,C,A050500,U2,EUR,2026-04-22,24.00010527,A,F,,,P1D,,E,,,,,,,,,0,,Marginal lending facility - Eurosystem,"Euro area (changing composition), Eurosystem reporting sector - Marginal lending facility, Euro - Euro area (changing composition) counterpart",EUR,6
ILM.D.U2.C.A050500.U2.EUR,D,U2,C,A050500,U2,EUR,2026-04-23,76.4132201,A,F,,,P1D,,E,,,,,,,,,0,,Marginal lending facility - Eurosystem,"Euro area (changing composition), Eurosystem reporting sector - Marginal lending facility, Euro - Euro area (changing composition) counterpart",EUR,6
ILM.D.U2.C.A050500.U2.EUR,D,U2,C,A050500,U2,EUR,2026-04-24,71.77575087,A,F,,,P1D,,E,,,,,,,,,0,,Marginal lending facility - Eurosystem,"Euro area (changing composition), Eurosystem reporting sector - Marginal lending facility, Euro - Euro area (changing composition) counterpart",EUR,6
ILM.D.U2.C.A050500.U2.EUR,D,U2,C,A050500,U2,EUR,2026-04-27,77.95123572,A,F,,,P1D,,E,,,,,,,,,0,,Marginal lending facility - Eurosystem,"Euro area (changing composition), Eurosystem reporting sector - Marginal lending facility, Euro - Euro area (changing composition) counterpart",EUR,6
ILM.D.U2.C.A050500.U2.EUR,D,U2,C,A050500,U2,EUR,2026-04-28,52.81977137,A,F,,,P1D,,E,,,,,,,,,0,,Marginal lending facility - Eurosystem,"Euro area (changing composition), Eurosystem reporting sector - Marginal lending facility, Euro - Euro area (changing composition) counterpart",EUR,6
ILM.D.U2.C.A050500.U2.EUR,D,U2,C,A050500,U2,EUR,2026-04-29,63.91842687,A,F,,,P1D,,E,,,,,,,,,0,,Marginal lending facility - Eurosystem,"Euro area (changing composition), Eurosystem reporting sector - Marginal lending facility, Euro - Euro area (changing composition) counterpart",EUR,6
ILM.D.U2.C.A050500.U2.EUR,D,U2,C,A050500,U2,EUR,2026-04-30,9.39597826,A,F,,,P1D,,E,,,,,,,,,0,,Marginal lending facility - Eurosystem,"Euro area (changing composition), Eurosystem reporting sector - Marginal lending facility, Euro - Euro area (changing composition) counterpart",EUR,6
ILM.D.U2.C.A050500.U2.EUR,D,U2,C,A050500,U2,EUR,2026-05-01,9.39597826,A,F,,,P1D,,E,,,,,,,,,0,,Marginal lending facility - Eurosystem,"Euro area (changing composition), Eurosystem reporting sector - Marginal lending facility, Euro - Euro area (changing composition) counterpart",EUR,6
ILM.D.U2.C.A050500.U2.EUR,D,U2,C,A050500,U2,EUR,2026-05-04,6.73290151,A,F,,,P1D,,E,,,,,,,,,0,,Marginal lending facility - Eurosystem,"Euro area (changing composition), Eurosystem reporting sector - Marginal lending facility, Euro - Euro area (changing composition) counterpart",EUR,6
ILM.D.U2.C.A050500.U2.EUR,D,U2,C,A050500,U2,EUR,2026-05-05,0,A,F,,,P1D,,E,,,,,,,,,0,,Marginal lending facility - Eurosystem,"Euro area (changing composition), Eurosystem reporting sector - Marginal lending facility, Euro - Euro area (changing composition) counterpart",EUR,6
ILM.D.U2.C.A050500.U2.EUR,D,U2,C,A050500,U2,EUR,2026-05-06,0,A,F,,,P1D,,E,,,,,,,,,0,,Marginal lending facility - Eurosystem,"Euro area (changing composition), Eurosystem reporting sector - Marginal lending facility, Euro - Euro area (changing composition) counterpart",EUR,6
ILM.D.U2.C.A050500.U2.EUR,D,U2,C,A050500,U2,EUR,2026-05-07,0,A,F,,,P1D,,E,,,,,,,,,0,,Marginal lending facility - Eurosystem,"Euro area (changing composition), Eurosystem reporting sector - Marginal lending facility, Euro - Euro area (changing composition) counterpart",EUR,6
ILM.D.U2.C.A050500.U2.EUR,D,U2,C,A050500,U2,EUR,2026-05-08,0,A,F,,,P1D,,E,,,,,,,,,0,,Marginal lending facility - Eurosystem,"Euro area (changing composition), Eurosystem reporting sector - Marginal lending facility, Euro - Euro area (changing composition) counterpart",EUR,6
ILM.D.U2.C.A050500.U2.EUR,D,U2,C,A050500,U2,EUR,2026-05-11,0,A,F,,,P1D,,E,,,,,,,,,0,,Marginal lending facility - Eurosystem,"Euro area (changing composition), Eurosystem reporting sector - Marginal lending facility, Euro - Euro area (changing composition) counterpart",EUR,6
ILM.D.U2.C.A050500.U2.EUR,D,U2,C,A050500,U2,EUR,2026-05-12,0,A,F,,,P1D,,E,,,,,,,,,0,,Marginal lending facility - Eurosystem,"Euro area (changing composition), Eurosystem reporting sector - Marginal lending facility, Euro - Euro area (changing composition) counterpart",EUR,6
ILM.D.U2.C.A050500.U2.EUR,D,U2,C,A050500,U2,EUR,2026-05-13,0,A,F,,,P1D,,E,,,,,,,,,0,,Marginal lending facility - Eurosystem,"Euro area (changing composition), Eurosystem reporting sector - Marginal lending facility, Euro - Euro area (changing composition) counterpart",EUR,6
ILM.D.U2.C.A050500.U2.EUR,D,U2,C,A050500,U2,EUR,2026-05-14,0,A,F,,,P1D,,E,,,,,,,,,0,,Marginal lending facility - Eurosystem,"Euro area (changing composition), Eurosystem reporting sector - Marginal lending facility, Euro - Euro area (changing composition) counterpart",EUR,6
ILM.D.U2.C.A050500.U2.EUR,D,U2,C,A050500,U2,EUR,2026-05-15,0,A,F,,,P1D,,E,,,,,,,,,0,,Marginal lending facility - Eurosystem,"Euro area (changing composition), Eurosystem reporting sector - Marginal lending facility, Euro - Euro area (changing composition) counterpart",EUR,6
ILM.D.U2.C.A050500.U2.EUR,D,U2,C,A050500,U2,EUR,2026-05-18,25,A,F,,,P1D,,E,,,,,,,,,0,,Marginal lending facility - Eurosystem,"Euro area (changing composition), Eurosystem reporting sector - Marginal lending facility, Euro - Euro area (changing composition) counterpart",EUR,6
ILM.D.U2.C.A050500.U2.EUR,D,U2,C,A050500,U2,EUR,2026-05-19,50,A,F,,,P1D,,E,,,,,,,,,0,,Marginal lending facility - Eurosystem,"Euro area (changing composition), Eurosystem reporting sector - Marginal lending facility, Euro - Euro area (changing composition) counterpart",EUR,6
ILM.D.U2.C.A050500.U2.EUR,D,U2,C,A050500,U2,EUR,2026-05-20,0,A,F,,,P1D,,E,,,,,,,,,0,,Marginal lending facility - Eurosystem,"Euro area (changing composition), Eurosystem reporting sector - Marginal lending facility, Euro - Euro area (changing composition) counterpart",EUR,6
ILM.D.U2.C.A050500.U2.EUR,D,U2,C,A050500,U2,EUR,2026-05-21,2,A,F,,,P1D,,E,,,,,,,,,0,,Marginal lending facility - Eurosystem,"Euro area (changing composition), Eurosystem reporting sector - Marginal lending facility, Euro - Euro area (changing composition) counterpart",EUR,6
ILM.D.U2.C.A050500.U2.EUR,D,U2,C,A050500,U2,EUR,2026-05-22,0,A,F,,,P1D,,E,,,,,,,,,0,,Marginal lending facility - Eurosystem,"Euro area (changing composition), Eurosystem reporting sector - Marginal lending facility, Euro - Euro area (changing composition) counterpart",EUR,6
ILM.D.U2.C.A050500.U2.EUR,D,U2,C,A050500,U2,EUR,2026-05-25,0,A,F,,,P1D,,E,,,,,,,,,0,,Marginal lending facility - Eurosystem,"Euro area (changing composition), Eurosystem reporting sector - Marginal lending facility, Euro - Euro area (changing composition) counterpart",EUR,6
ILM.D.U2.C.A050500.U2.EUR,D,U2,C,A050500,U2,EUR,2026-05-26,30,A,F,,,P1D,,E,,,,,,,,,0,,Marginal lending facility - Eurosystem,"Euro area (changing composition), Eurosystem reporting sector - Marginal lending facility, Euro - Euro area (changing composition) counterpart",EUR,6
ILM.D.U2.C.A050500.U2.EUR,D,U2,C,A050500,U2,EUR,2026-05-27,105.15878151,A,F,,,P1D,,E,,,,,,,,,0,,Marginal lending facility - Eurosystem,"Euro area (changing composition), Eurosystem reporting sector - Marginal lending facility, Euro - Euro area (changing composition) counterpart",EUR,6
ILM.D.U2.C.A050500.U2.EUR,D,U2,C,A050500,U2,EUR,2026-05-28,92.32019923,A,F,,,P1D,,E,,,,,,,,,0,,Marginal lending facility - Eurosystem,"Euro area (changing composition), Eurosystem reporting sector - Marginal lending facility, Euro - Euro area (changing composition) counterpart",EUR,6
ILM.D.U2.C.A050500.U2.EUR,D,U2,C,A050500,U2,EUR,2026-05-29,20,A,F,,,P1D,,E,,,,,,,,,0,,Marginal lending facility - Eurosystem,"Euro area (changing composition), Eurosystem reporting sector - Marginal lending facility, Euro - Euro area (changing composition) counterpart",EUR,6
ILM.D.U2.C.A050500.U2.EUR,D,U2,C,A050500,U2,EUR,2026-06-01,0.26579707,A,F,,,P1D,,E,,,,,,,,,0,,Marginal lending facility - Eurosystem,"Euro area (changing composition), Eurosystem reporting sector - Marginal lending facility, Euro - Euro area (changing composition) counterpart",EUR,6
ILM.D.U2.C.A050500.U2.EUR,D,U2,C,A050500,U2,EUR,2026-06-02,1,A,F,,,P1D,,E,,,,,,,,,0,,Marginal lending facility - Eurosystem,"Euro area (changing composition), Eurosystem reporting sector - Marginal lending facility, Euro - Euro area (changing composition) counterpart",EUR,6
ILM.D.U2.C.A050500.U2.EUR,D,U2,C,A050500,U2,EUR,2026-06-03,0,A,F,,,P1D,,E,,,,,,,,,0,,Marginal lending facility - Eurosystem,"Euro area (changing composition), Eurosystem reporting sector - Marginal lending facility, Euro - Euro area (changing composition) counterpart",EUR,6
ILM.D.U2.C.A050500.U2.EUR,D,U2,C,A050500,U2,EUR,2026-06-04,1.00000002,A,F,,,P1D,,E,,,,,,,,,0,,Marginal lending facility - Eurosystem,"Euro area (changing composition), Eurosystem reporting sector - Marginal lending facility, Euro - Euro area (changing composition) counterpart",EUR,6
ILM.D.U2.C.A050500.U2.EUR,D,U2,C,A050500,U2,EUR,2026-06-05,7.44862049,A,F,,,P1D,,E,,,,,,,,,0,,Marginal lending facility - Eurosystem,"Euro area (changing composition), Eurosystem reporting sector - Marginal lending facility, Euro - Euro area (changing composition) counterpart",EUR,6
ILM.D.U2.C.A050500.U2.EUR,D,U2,C,A050500,U2,EUR,2026-06-08,21,A,F,,,P1D,,E,,,,,,,,,0,,Marginal lending facility - Eurosystem,"Euro area (changing composition), Eurosystem reporting sector - Marginal lending facility, Euro - Euro area (changing composition) counterpart",EUR,6
ILM.D.U2.C.A050500.U2.EUR,D,U2,C,A050500,U2,EUR,2026-06-09,38.914555,A,F,,,P1D,,E,,,,,,,,,0,,Marginal lending facility - Eurosystem,"Euro area (changing composition), Eurosystem reporting sector - Marginal lending facility, Euro - Euro area (changing composition) counterpart",EUR,6
ILM.D.U2.C.A050500.U2.EUR,D,U2,C,A050500,U2,EUR,2026-06-10,47.08595382,A,F,,,P1D,,E,,,,,,,,,0,,Marginal lending facility - Eurosystem,"Euro area (changing composition), Eurosystem reporting sector - Marginal lending facility, Euro - Euro area (changing composition) counterpart",EUR,6
ILM.D.U2.C.A050500.U2.EUR,D,U2,C,A050500,U2,EUR,2026-06-11,107.25520388,A,F,,,P1D,,E,,,,,,,,,0,,Marginal lending facility - Eurosystem,"Euro area (changing composition), Eurosystem reporting sector - Marginal lending facility, Euro - Euro area (changing composition) counterpart",EUR,6
ILM.D.U2.C.A050500.U2.EUR,D,U2,C,A050500,U2,EUR,2026-06-12,89.29121907,A,F,,,P1D,,E,,,,,,,,,0,,Marginal lending facility - Eurosystem,"Euro area (changing composition), Eurosystem reporting sector - Marginal lending facility, Euro - Euro area (changing composition) counterpart",EUR,6
ILM.D.U2.C.A050500.U2.EUR,D,U2,C,A050500,U2,EUR,2026-06-15,77.67839515,A,F,,,P1D,,E,,,,,,,,,0,,Marginal lending facility - Eurosystem,"Euro area (changing composition), Eurosystem reporting sector - Marginal lending facility, Euro - Euro area (changing composition) counterpart",EUR,6
ILM.D.U2.C.A050500.U2.EUR,D,U2,C,A050500,U2,EUR,2026-06-16,4271.62291428,A,F,,,P1D,,E,,,,,,,,,0,,Marginal lending facility - Eurosystem,"Euro area (changing composition), Eurosystem reporting sector - Marginal lending facility, Euro - Euro area (changing composition) counterpart",EUR,6
ILM.D.U2.C.A050500.U2.EUR,D,U2,C,A050500,U2,EUR,2026-06-17,56.09656918,A,F,,,P1D,,E,,,,,,,,,0,,Marginal lending facility - Eurosystem,"Euro area (changing composition), Eurosystem reporting sector - Marginal lending facility, Euro - Euro area (changing composition) counterpart",EUR,6
ILM.D.U2.C.A050500.U2.EUR,D,U2,C,A050500,U2,EUR,2026-06-18,67.76919354,A,F,,,P1D,,E,,,,,,,,,0,,Marginal lending facility - Eurosystem,"Euro area (changing composition), Eurosystem reporting sector - Marginal lending facility, Euro - Euro area (changing composition) counterpart",EUR,6
ILM.D.U2.C.A050500.U2.EUR,D,U2,C,A050500,U2,EUR,2026-06-19,27.18723969,A,F,,,P1D,,E,,,,,,,,,0,,Marginal lending facility - Eurosystem,"Euro area (changing composition), Eurosystem reporting sector - Marginal lending facility, Euro - Euro area (changing composition) counterpart",EUR,6
ILM.D.U2.C.A050500.U2.EUR,D,U2,C,A050500,U2,EUR,2026-06-22,216.41714464,A,F,,,P1D,,E,,,,,,,,,0,,Marginal lending facility - Eurosystem,"Euro area (changing composition), Eurosystem reporting sector - Marginal lending facility, Euro - Euro area (changing composition) counterpart",EUR,6
ILM.D.U2.C.A050500.U2.EUR,D,U2,C,A050500,U2,EUR,2026-06-23,340.0916595,A,F,,,P1D,,E,,,,,,,,,0,,Marginal lending facility - Eurosystem,"Euro area (changing composition), Eurosystem reporting sector - Marginal lending facility, Euro - Euro area (changing composition) counterpart",EUR,6
ILM.D.U2.C.A050500.U2.EUR,D,U2,C,A050500,U2,EUR,2026-06-24,914.49381073,A,F,,,P1D,,E,,,,,,,,,0,,Marginal lending facility - Eurosystem,"Euro area (changing composition), Eurosystem reporting sector - Marginal lending facility, Euro - Euro area (changing composition) counterpart",EUR,6
ILM.D.U2.C.A050500.U2.EUR,D,U2,C,A050500,U2,EUR,2026-06-25,900.58675203,A,F,,,P1D,,E,,,,,,,,,0,,Marginal lending facility - Eurosystem,"Euro area (changing composition), Eurosystem reporting sector - Marginal lending facility, Euro - Euro area (changing composition) counterpart",EUR,6
ILM.D.U2.C.A050500.U2.EUR,D,U2,C,A050500,U2,EUR,2026-06-26,966.15643555,A,F,,,P1D,,E,,,,,,,,,0,,Marginal lending facility - Eurosystem,"Euro area (changing composition), Eurosystem reporting sector - Marginal lending facility, Euro - Euro area (changing composition) counterpart",EUR,6
ILM.D.U2.C.A050500.U2.EUR,D,U2,C,A050500,U2,EUR,2026-06-29,921.23919397,A,F,,,P1D,,E,,,,,,,,,0,,Marginal lending facility - Eurosystem,"Euro area (changing composition), Eurosystem reporting sector - Marginal lending facility, Euro - Euro area (changing composition) counterpart",EUR,6
ILM.D.U2.C.A050500.U2.EUR,D,U2,C,A050500,U2,EUR,2026-06-30,851,A,F,,,P1D,,E,,,,,,,,,0,,Marginal lending facility - Eurosystem,"Euro area (changing composition), Eurosystem reporting sector - Marginal lending facility, Euro - Euro area (changing composition) counterpart",EUR,6
ILM.D.U2.C.A050500.U2.EUR,D,U2,C,A050500,U2,EUR,2026-07-01,375,A,F,,,P1D,,E,,,,,,,,,0,,Marginal lending facility - Eurosystem,"Euro area (changing composition), Eurosystem reporting sector - Marginal lending facility, Euro - Euro area (changing composition) counterpart",EUR,6
ILM.D.U2.C.A050500.U2.EUR,D,U2,C,A050500,U2,EUR,2026-07-02,0.1,A,F,,,P1D,,E,,,,,,,,,0,,Marginal lending facility - Eurosystem,"Euro area (changing composition), Eurosystem reporting sector - Marginal lending facility, Euro - Euro area (changing composition) counterpart",EUR,6
ILM.D.U2.C.A050500.U2.EUR,D,U2,C,A050500,U2,EUR,2026-07-03,2.23272025,A,F,,,P1D,,E,,,,,,,,,0,,Marginal lending facility - Eurosystem,"Euro area (changing composition), Eurosystem reporting sector - Marginal lending facility, Euro - Euro area (changing composition) counterpart",EUR,6
ILM.D.U2.C.A050500.U2.EUR,D,U2,C,A050500,U2,EUR,2026-07-06,7.00402068,A,F,,,P1D,,E,,,,,,,,,0,,Marginal lending facility - Eurosystem,"Euro area (changing composition), Eurosystem reporting sector - Marginal lending facility, Euro - Euro area (changing composition) counterpart",EUR,6
ILM.D.U2.C.A050500.U2.EUR,D,U2,C,A050500,U2,EUR,2026-07-07,9.16146319,A,F,,,P1D,,E,,,,,,,,,0,,Marginal lending facility - Eurosystem,"Euro area (changing composition), Eurosystem reporting sector - Marginal lending facility, Euro - Euro area (changing composition) counterpart",EUR,6
ILM.D.U2.C.A050500.U2.EUR,D,U2,C,A050500,U2,EUR,2026-07-08,0,A,F,,,P1D,,E,,,,,,,,,0,,Marginal lending facility - Eurosystem,"Euro area (changing composition), Eurosystem reporting sector - Marginal lending facility, Euro - Euro area (changing composition) counterpart",EUR,6
ILM.D.U2.C.A050500.U2.EUR,D,U2,C,A050500,U2,EUR,2026-07-09,152,A,F,,,P1D,,E,,,,,,,,,0,,Marginal lending facility - Eurosystem,"Euro area (changing composition), Eurosystem reporting sector - Marginal lending facility, Euro - Euro area (changing composition) counterpart",EUR,6
ILM.D.U2.C.A050500.U2.EUR,D,U2,C,A050500,U2,EUR,2026-07-10,150,A,F,,,P1D,,E,,,,,,,,,0,,Marginal lending facility - Eurosystem,"Euro area (changing composition), Eurosystem reporting sector - Marginal lending facility, Euro - Euro area (changing composition) counterpart",EUR,6
ILM.D.U2.C.A050500.U2.EUR,D,U2,C,A050500,U2,EUR,2026-07-13,35.93857624,A,F,,,P1D,,E,,,,,,,,,0,,Marginal lending facility - Eurosystem,"Euro area (changing composition), Eurosystem reporting sector - Marginal lending facility, Euro - Euro area (changing composition) counterpart",EUR,6
ILM.D.U2.C.A050500.U2.EUR,D,U2,C,A050500,U2,EUR,2026-07-14,308.33037457,A,F,,,P1D,,E,,,,,,,,,0,,Marginal lending facility - Eurosystem,"Euro area (changing composition), Eurosystem reporting sector - Marginal lending facility, Euro - Euro area (changing composition) counterpart",EUR,6
ILM.D.U2.C.A050500.U2.EUR,D,U2,C,A050500,U2,EUR,2026-07-15,110.14616258,A,F,,,P1D,,E,,,,,,,,,0,,Marginal lending facility - Eurosystem,"Euro area (changing composition), Eurosystem reporting sector - Marginal lending facility, Euro - Euro area (changing composition) counterpart",EUR,6
ILM.D.U2.C.A050500.U2.EUR,D,U2,C,A050500,U2,EUR,2026-07-16,107.86654831,A,F,,,P1D,,E,,,,,,,,,0,,Marginal lending facility - Eurosystem,"Euro area (changing composition), Eurosystem reporting sector - Marginal lending facility, Euro - Euro area (changing composition) counterpart",EUR,6
ILM.D.U2.C.A050500.U2.EUR,D,U2,C,A050500,U2,EUR,2026-07-17,60,A,F,,,P1D,,E,,,,,,,,,0,,Marginal lending facility - Eurosystem,"Euro area (changing composition), Eurosystem reporting sector - Marginal lending facility, Euro - Euro area (changing composition) counterpart",EUR,6
ILM.D.U2.C.A050500.U2.EUR,D,U2,C,A050500,U2,EUR,2026-07-20,75.1802758,A,F,,,P1D,,E,,,,,,,,,0,,Marginal lending facility - Eurosystem,"Euro area (changing composition), Eurosystem reporting sector - Marginal lending facility, Euro - Euro area (changing composition) counterpart",EUR,6
ILM.D.U2.C.A050500.U2.EUR,D,U2,C,A050500,U2,EUR,2026-07-21,73.79719431,A,F,,,P1D,,E,,,,,,,,,0,,Marginal lending facility - Eurosystem,"Euro area (changing composition), Eurosystem reporting sector - Marginal lending facility, Euro - Euro area (changing composition) counterpart",EUR,6
ILM.D.U2.C.A050500.U2.EUR,D,U2,C,A050500,U2,EUR,2026-07-22,64.29211833,A,F,,,P1D,,E,,,,,,,,,0,,Marginal lending facility - Eurosystem,"Euro area (changing composition), Eurosystem reporting sector - Marginal lending facility, Euro - Euro area (changing composition) counterpart",EUR,6
ILM.D.U2.C.A050500.U2.EUR,D,U2,C,A050500,U2,EUR,2026-07-23,84.25026081,A,F,,,P1D,,E,,,,,,,,,0,,Marginal lending facility - Eurosystem,"Euro area (changing composition), Eurosystem reporting sector - Marginal lending facility, Euro - Euro area (changing composition) counterpart",EUR,6
ILM.D.U2.C.A050500.U2.EUR,D,U2,C,A050500,U2,EUR,2026-07-24,199.32621775,A,F,,,P1D,,E,,,,,,,,,0,,Marginal lending facility - Eurosystem,"Euro area (changing composition), Eurosystem reporting sector - Marginal lending facility, Euro - Euro area (changing composition) counterpart",EUR,6
ILM.D.U2.C.A050500.U2.EUR,D,U2,C,A050500,U2,EUR,2026-07-27,113.71105474,A,F,,,P1D,,E,,,,,,,,,0,,Marginal lending facility - Eurosystem,"Euro area (changing composition), Eurosystem reporting sector - Marginal lending facility, Euro - Euro area (changing composition) counterpart",EUR,6
ILM.D.U2.C.A050500.U2.EUR,D,U2,C,A050500,U2,EUR,2026-07-28,140.05204964,A,F,,,P1D,,E,,,,,,,,,0,,Marginal lending facility - Eurosystem,"Euro area (changing composition), Eurosystem reporting sector - Marginal lending facility, Euro - Euro area (changing composition) counterpart",EUR,6
ILM.D.U2.C.A050500.U2.EUR,D,U2,C,A050500,U2,EUR,2026-07-29,466.7365573,A,F,,,P1D,,E,,,,,,,,,0,,Marginal lending facility - Eurosystem,"Euro area (changing composition), Eurosystem reporting sector - Marginal lending facility, Euro - Euro area (changing composition) counterpart",EUR,6
ILM.D.U2.C.A050500.U2.EUR,D,U2,C,A050500,U2,EUR,2026-07-30,382.58056604,A,F,,,P1D,,E,,,,,,,,,0,,Marginal lending facility - Eurosystem,"Euro area (changing composition), Eurosystem reporting sector - Marginal lending facility, Euro - Euro area (changing composition) counterpart",EUR,6
ILM.D.U2.C.A050500.U2.EUR,D,U2,C,A050500,U2,EUR,2026-07-31,60,A,F,,,P1D,,E,,,,,,,,,0,,Marginal lending facility - Eurosystem,"Euro area (changing composition), Eurosystem reporting sector - Marginal lending facility, Euro - Euro area (changing composition) counterpart",EUR,6
ILM.D.U2.C.A050500.U2.EUR,D,U2,C,A050500,U2,EUR,2026-08-03,0,A,F,,,P1D,,E,,,,,,,,,0,,Marginal lending facility - Eurosystem,"Euro area (changing composition), Eurosystem reporting sector - Marginal lending facility, Euro - Euro area (changing composition) counterpart",EUR,6
ILM.D.U2.C.A050500.U2.EUR,D,U2,C,A050500,U2,EUR,2026-08-04,1,A,F,,,P1D,,E,,,,,,,,,0,,Marginal lending facility - Eurosystem,"Euro area (changing composition), Eurosystem reporting sector - Marginal lending facility, Euro - Euro area (changing composition) counterpart",EUR,6
ILM.D.U2.C.A050500.U2.EUR,D,U2,C,A050500,U2,EUR,2026-08-05,1,A,F,,,P1D,,E,,,,,,,,,0,,Marginal lending facility - Eurosystem,"Euro area (changing composition), Eurosystem reporting sector - Marginal lending facility, Euro - Euro area (changing composition) counterpart",EUR,6
ILM.D.U2.C.A050500.U2.EUR,D,U2,C,A050500,U2,EUR,2026-08-06,1,A,F,,,P1D,,E,,,,,,,,,0,,Marginal lending facility - Eurosystem,"Euro area (changing composition), Eurosystem reporting sector - Marginal lending facility, Euro - Euro area (changing composition) counterpart",EUR,6
ILM.D.U2.C.A050500.U2.EUR,D,U2,C,A050500,U2,EUR,2026-08-07,0,A,F,,,P1D,,E,,,,,,,,,0,,Marginal lending facility - Eurosystem,"Euro area (changing composition), Eurosystem reporting sector - Marginal lending facility, Euro - Euro area (changing composition) counterpart",EUR,6
ILM.D.U2.C.A050500.U2.EUR,D,U2,C,A050500,U2,EUR,2026-08-10,0,A,F,,,P1D,,E,,,,,,,,,0,,Marginal lending facility - Eurosystem,"Euro area (changing composition), Eurosystem reporting sector - Marginal lending facility, Euro - Euro area (changing composition) counterpart",EUR,6
ILM.D.U2.C.A050500.U2.EUR,D,U2,C,A050500,U2,EUR,2026-08-11,2,A,F,,,P1D,,E,,,,,,,,,0,,Marginal lending facility - Eurosystem,"Euro area (changing composition), Eurosystem reporting sector - Marginal lending facility, Euro - Euro area (changing composition) counterpart",EUR,6
ILM.D.U2.C.A050500.U2.EUR,D,U2,C,A050500,U2,EUR,2026-08-12,8.06872342,A,F,,,P1D,,E,,,,,,,,,0,,Marginal lending facility - Eurosystem,"Euro area (changing composition), Eurosystem reporting sector - Marginal lending facility, Euro - Euro area (changing composition) counterpart",EUR,6
ILM.D.U2.C.A050500.U2.EUR,D,U2,C,A050500,U2,EUR,2026-08-13,32.0437171,A,F,,,P1D,,E,,,,,,,,,0,,Marginal lending facility - Eurosystem,"Euro area (changing composition), Eurosystem reporting sector - Marginal lending facility, Euro - Euro area (changing composition) counterpart",EUR,6
ILM.D.U2.C.A050500.U2.EUR,D,U2,C,A050500,U2,EUR,2026-08-14,45.11458257,A,F,,,P1D,,E,,,,,,,,,0,,Marginal lending facility - Eurosystem,"Euro area (changing composition), Eurosystem reporting sector - Marginal lending facility, Euro - Euro area (changing composition) counterpart",EUR,6
ILM.D.U2.C.A050500.U2.EUR,D,U2,C,A050500,U2,EUR,2026-08-17,129.05650438,A,F,,,P1D,,E,,,,,,,,,0,,Marginal lending facility - Eurosystem,"Euro area (changing composition), Eurosystem reporting sector - Marginal lending facility, Euro - Euro area (changing composition) counterpart",EUR,6
ILM.D.U2.C.A050500.U2.EUR,D,U2,C,A050500,U2,EUR,2026-08-18,116.73359209,A,F,,,P1D,,E,,,,,,,,,0,,Marginal lending facility - Eurosystem,"Euro area (changing composition), Eurosystem reporting sector - Marginal lending facility, Euro - Euro area (changing composition) counterpart",EUR,6
ILM.D.U2.C.A050500.U2.EUR,D,U2,C,A050500,U2,EUR,2026-08-19,38.32805042,A,F,,,P1D,,E,,,,,,,,,0,,Marginal lending facility - Eurosystem,"Euro area (changing composition), Eurosystem reporting sector - Marginal lending facility, Euro - Euro area (changing composition) counterpart",EUR,6
ILM.D.U2.C.A050500.U2.EUR,D,U2,C,A050500,U2,EUR,2026-08-20,45.02265751,A,F,,,P1D,,E,,,,,,,,,0,,Marginal lending facility - Eurosystem,"Euro area (changing composition), Eurosystem reporting sector - Marginal lending facility, Euro - Euro area (changing composition) counterpart",EUR,6
ILM.D.U2.C.A050500.U2.EUR,D,U2,C,A050500,U2,EUR,2026-08-21,77.0919705,A,F,,,P1D,,E,,,,,,,,,0,,Marginal lending facility - Eurosystem,"Euro area (changing composition), Eurosystem reporting sector - Marginal lending facility, Euro - Euro area (changing composition) counterpart",EUR,6
ILM.D.U2.C.A050500.U2.EUR,D,U2,C,A050500,U2,EUR,2026-08-24,68.92426708,A,F,,,P1D,,E,,,,,,,,,0,,Marginal lending facility - Eurosystem,"Euro area (changing composition), Eurosystem reporting sector - Marginal lending facility, Euro - Euro area (changing composition) counterpart",EUR,6
ILM.D.U2.C.A050500.U2.EUR,D,U2,C,A050500,U2,EUR,2026-08-25,94.09934659,A,F,,,P1D,,E,,,,,,,,,0,,Marginal lending facility - Eurosystem,"Euro area (changing composition), Eurosystem reporting sector - Marginal lending facility, Euro - Euro area (changing composition) counterpart",EUR,6
ILM.D.U2.C.A050500.U2.EUR,D,U2,C,A050500,U2,EUR,2026-08-26,117.56300197,A,F,,,P1D,,E,,,,,,,,,0,,Marginal lending facility - Eurosystem,"Euro area (changing composition), Eurosystem reporting sector - Marginal lending facility, Euro - Euro area (changing composition) counterpart",EUR,6
ILM.D.U2.C.A050500.U2.EUR,D,U2,C,A050500,U2,EUR,2026-08-27,291.59015784,A,F,,,P1D,,E,,,,,,,,,0,,Marginal lending facility - Eurosystem,"Euro area (changing composition), Eurosystem reporting sector - Marginal lending facility, Euro - Euro area (changing composition) counterpart",EUR,6
ILM.D.U2.C.A050500.U2.EUR,D,U2,C,A050500,U2,EUR,2026-08-28,118.20380572,A,F,,,P1D,,E,,,,,,,,,0,,Marginal lending facility - Eurosystem,"Euro area (changing composition), Eurosystem reporting sector - Marginal lending facility, Euro - Euro area (changing composition) counterpart",EUR,6
ILM.D.U2.C.A050500.U2.EUR,D,U2,C,A050500,U2,EUR,2026-08-31,130,A,F,,,P1D,,E,,,,,,,,,0,,Marginal lending facility - Eurosystem,"Euro area (changing composition), Eurosystem reporting sector - Marginal lending facility, Euro - Euro area (changing composition) counterpart",EUR,6
ILM.D.U2.C.A050500.U2.EUR,D,U2,C,A050500,U2,EUR,2026-09-01,0,A,F,,,P1D,,E,,,,,,,,,0,,Marginal lending facility - Eurosystem,"Euro area (changing composition), Eurosystem reporting sector - Marginal lending facility, Euro - Euro area (changing composition) counterpart",EUR,6
ILM.D.U2.C.A050500.U2.EUR,D,U2,C,A050500,U2,EUR,2026-09-02,0,A,F,,,P1D,,E,,,,,,,,,0,,Marginal lending facility - Eurosystem,"Euro area (changing composition), Eurosystem reporting sector - Marginal lending facility, Euro - Euro area (changing composition) counterpart",EUR,6
ILM.D.U2.C.A050500.U2.EUR,D,U2,C,A050500,U2,EUR,2026-09-03,0,A,F,,,P1D,,E,,,,,,,,,0,,Marginal lending facility - Eurosystem,"Euro area (changing composition), Eurosystem reporting sector - Marginal lending facility, Euro - Euro area (changing composition) counterpart",EUR,6
ILM.D.U2.C.A050500.U2.EUR,D,U2,C,A050500,U2,EUR,2026-09-04,5,A,F,,,P1D,,E,,,,,,,,,0,,Marginal lending facility - Eurosystem,"Euro area (changing composition), Eurosystem reporting sector - Marginal lending facility, Euro - Euro area (changing composition) counterpart",EUR,6
ILM.D.U2.C.A050500.U2.EUR,D,U2,C,A050500,U2,EUR,2026-09-08,2.93676097,A,F,,,P1D,,E,,,,,,,,,0,,Marginal lending facility - Eurosystem,"Euro area (changing composition), Eurosystem reporting sector - Marginal lending facility, Euro - Euro area (changing composition) counterpart",EUR,6
