date,cb_score,cb_label,fi_score,fi_label,reserves,reserves_level,net_liq_wow,govt_account,fiscal_7d,fiscal_z,stress_bps,stress_level,fwd_5,fwd_10,fwd_20
2010-01-06,-0.8,DRAIN,0.39,NEUTRAL,994051.0,CRITICAL,-2.7695,178343.0,24166.0,-0.3012,,NO DATA,0.8508,-0.6199,-2.4101
2010-01-13,0.0,NEUTRAL,0.67,INJECTION,1059208.0,CRITICAL,4.7822,136382.0,24456.0,0.4539,,NO DATA,-1.4706,-2.35,-2.5556
2010-01-20,-0.8,DRAIN,0.27,NEUTRAL,1078881.0,CRITICAL,-2.2004,143908.0,509.0,-0.6214,,NO DATA,-0.6461,-1.5812,-1.8357
2010-01-27,-0.4,NEUTRAL,0.2,NEUTRAL,1104555.0,CRITICAL,0.1874,135038.0,-10119.0,0.5275,,NO DATA,-0.9351,-0.654,-0.1549
2010-02-03,-0.4,NEUTRAL,1.06,INJECTION,1126672.0,CRITICAL,1.3243,109506.0,82086.0,1.4801,,NO DATA,0.2811,-0.2545,1.1606
2010-02-10,-0.4,NEUTRAL,0.43,NEUTRAL,1154075.0,CRITICAL,1.7295,79862.0,72240.0,-0.1849,,NO DATA,0.2741,0.2122,1.1049
2010-02-17,0.0,NEUTRAL,0.76,INJECTION,1200695.0,CRITICAL,2.4937,46480.0,66067.0,0.6832,,NO DATA,-0.5356,0.4991,1.2111
2010-02-24,-0.4,NEUTRAL,0.6,INJECTION,1227597.0,CRITICAL,0.9925,32891.0,68782.0,0.2684,,NO DATA,1.0347,1.4151,0.8421
2010-03-03,-0.4,NEUTRAL,0.97,INJECTION,1196337.0,CRITICAL,-0.5319,38894.0,91937.0,1.2505,,NO DATA,0.3804,0.712,0.7973
2010-03-10,-0.4,NEUTRAL,0.54,INJECTION,1175338.0,CRITICAL,0.2266,36142.0,68258.0,-0.2644,,NO DATA,0.3317,-0.573,0.3576
2010-03-17,-0.4,NEUTRAL,0.63,INJECTION,1124978.0,CRITICAL,0.4229,52167.0,6821.0,-0.1217,,NO DATA,-0.9046,0.0853,0.5863
2010-03-24,-0.4,NEUTRAL,0.98,INJECTION,1127725.0,CRITICAL,-0.4559,67603.0,48247.0,0.2993,,NO DATA,0.9899,0.9306,0.9241
2010-03-31,-0.4,NEUTRAL,1.21,INJECTION,1124679.0,CRITICAL,1.145,35896.0,67401.0,0.6441,,NO DATA,-0.0593,0.501,-0.2533
2010-04-07,-0.4,NEUTRAL,0.86,INJECTION,1111072.0,CRITICAL,0.7587,19091.0,93235.0,-0.8221,,NO DATA,0.5603,-0.0065,-2.7467
2010-04-14,-0.6,DRAIN,1.09,INJECTION,1093863.0,CRITICAL,1.7129,11666.0,26560.0,-0.3306,,NO DATA,-0.5668,-0.7543,-2.4681
2010-04-21,-0.8,DRAIN,0.36,NEUTRAL,1067938.0,CRITICAL,-1.5558,46088.0,-51191.0,-0.558,,NO DATA,-0.1875,-2.7402,-4.4512
2010-04-28,-0.4,NEUTRAL,0.61,INJECTION,1053074.0,CRITICAL,-0.7925,57162.0,-37224.0,0.6542,,NO DATA,-2.5527,-1.7138,-3.6567
2010-05-05,-0.4,NEUTRAL,0.65,INJECTION,1021581.0,CRITICAL,-1.0476,76667.0,69317.0,-0.5596,,NO DATA,0.839,-1.711,-1.9381
2010-05-12,0.0,NEUTRAL,0.98,INJECTION,1064462.0,CRITICAL,2.3252,34305.0,43237.0,0.4817,,NO DATA,-2.5499,-1.9429,-2.1503
2010-05-19,-0.4,NEUTRAL,0.93,INJECTION,1092540.0,CRITICAL,1.2136,21159.0,51305.0,0.512,,NO DATA,0.607,-0.2271,1.7167
2010-05-26,-0.6,DRAIN,0.76,INJECTION,1084219.0,CRITICAL,-0.9344,26077.0,39610.0,0.5129,,NO DATA,-0.8341,-0.2074,0.9418
2010-06-02,-0.4,NEUTRAL,0.54,INJECTION,1067106.0,CRITICAL,-0.2116,33135.0,57142.0,-0.2539,,NO DATA,-0.028,1.0039,0.6854
2010-06-09,-0.6,DRAIN,0.85,INJECTION,1060078.0,CRITICAL,-0.1888,32796.0,83048.0,0.0514,,NO DATA,1.0319,0.9039,1.8887
2010-06-16,-1.17,DRAIN,-0.13,NEUTRAL,1066441.0,CRITICAL,0.7128,29199.0,-29140.0,-0.4231,,NO DATA,-0.128,-0.3185,1.0431
2010-06-23,-0.6,DRAIN,0.11,NEUTRAL,1060334.0,CRITICAL,-0.7116,45852.0,-45546.0,0.3106,,NO DATA,-0.1905,0.9848,1.556
2010-06-30,-1.17,DRAIN,0.95,INJECTION,1043380.0,CRITICAL,-0.344,40112.0,38136.0,1.2022,,NO DATA,1.1753,1.3616,2.6686
2010-07-07,-0.6,DRAIN,0.52,INJECTION,1047031.0,CRITICAL,0.6677,25984.0,85984.0,0.0564,,NO DATA,0.6075,0.6989,2.2769
2010-07-14,-1.17,DRAIN,0.56,INJECTION,1058516.0,CRITICAL,0.7122,18262.0,27183.0,0.1108,,NO DATA,0.0913,0.6376,0.3282
2010-07-21,-1.0,DRAIN,0.86,INJECTION,1036195.0,CRITICAL,-1.7845,51307.0,25798.0,0.3274,,NO DATA,0.5462,1.578,0.4254
2010-07-28,-0.6,DRAIN,0.78,INJECTION,1045219.0,CRITICAL,0.1175,41603.0,34968.0,0.5106,,NO DATA,1.0318,-0.3094,-0.7997
2010-08-04,-1.17,DRAIN,0.3,NEUTRAL,1052386.0,CRITICAL,0.6747,27377.0,74366.0,-1.1208,,NO DATA,-1.3411,-1.1526,-1.5479
2010-08-11,-0.6,DRAIN,0.66,INJECTION,1045180.0,CRITICAL,-0.3322,36113.0,48240.0,-0.0547,,NO DATA,0.1885,-0.4904,0.2279
2010-08-18,-1.17,DRAIN,0.8,INJECTION,1041298.0,CRITICAL,-0.282,28343.0,54930.0,0.187,,NO DATA,-0.6789,-0.3953,0.8269
2010-08-25,-0.6,DRAIN,0.76,INJECTION,1049221.0,CRITICAL,-0.1369,18823.0,45548.0,0.2766,,NO DATA,0.2836,0.7183,2.9608
2010-09-01,-1.17,DRAIN,1.43,INJECTION,1034529.0,CRITICAL,-0.145,23113.0,67229.0,2.5316,,NO DATA,0.4347,1.2222,3.5146
2010-09-08,-1.17,DRAIN,1.1,INJECTION,1031310.0,CRITICAL,0.1693,23062.0,84310.0,0.7596,,NO DATA,0.8491,1.8089,3.7148
2010-09-15,-0.6,DRAIN,-0.38,NEUTRAL,1026976.0,CRITICAL,-0.3944,22341.0,-19101.0,-4.0413,,NO DATA,0.9598,1.7033,3.5379
2010-09-22,-1.0,DRAIN,0.37,NEUTRAL,975434.0,CRITICAL,-1.9331,77377.0,-42466.0,0.1371,,NO DATA,0.7435,1.9059,1.7731
2010-09-29,-1.17,DRAIN,0.35,NEUTRAL,995183.0,CRITICAL,0.5078,57576.0,13148.0,-0.6258,,NO DATA,1.1624,1.8346,1.3761
2010-10-06,-0.6,DRAIN,0.56,INJECTION,985331.0,CRITICAL,0.3951,58125.0,67029.0,-0.4598,,NO DATA,0.6722,-0.1328,1.1606
2010-10-13,-0.6,DRAIN,1.06,INJECTION,1022210.0,CRITICAL,1.651,22780.0,25446.0,0.6999,,NO DATA,-0.6845,-0.7981,-0.7197
2010-10-20,-0.6,DRAIN,0.87,INJECTION,983140.0,CRITICAL,-1.3913,49934.0,24605.0,0.2119,,NO DATA,-0.1136,1.2896,-0.6203
2010-10-27,-1.17,DRAIN,0.88,INJECTION,1003206.0,CRITICAL,0.0967,37919.0,35216.0,0.5021,,NO DATA,1.4033,0.0785,-2.1481
2010-11-03,-0.6,DRAIN,1.2,INJECTION,992204.0,CRITICAL,0.3812,34276.0,81483.0,1.0543,,NO DATA,-1.3248,-1.9099,-2.2597
2010-11-10,-0.6,DRAIN,0.82,INJECTION,993685.0,CRITICAL,1.1082,21585.0,54121.0,0.1646,,NO DATA,-0.5851,-2.2265,-0.7885
2010-11-17,-1.17,DRAIN,0.93,INJECTION,983736.0,CRITICAL,0.078,21787.0,55429.0,0.3653,,NO DATA,-1.279,-0.2532,-0.9957
2010-11-24,-1.17,DRAIN,0.97,INJECTION,1011124.0,CRITICAL,1.0312,29391.0,25708.0,0.6199,,NO DATA,1.0258,0.5813,0.6771
2010-12-01,-0.6,DRAIN,1.5,INJECTION,1003827.0,CRITICAL,-0.2188,35378.0,46474.0,2.6086,,NO DATA,-0.1397,-0.1233,1.4488
2010-12-08,0.0,NEUTRAL,0.78,INJECTION,1050689.0,CRITICAL,2.1449,21184.0,84196.0,0.1495,,NO DATA,0.0164,0.0996,0.3977
2010-12-15,-0.4,NEUTRAL,-0.51,DRAIN,1053748.0,CRITICAL,-0.2308,30093.0,-20394.0,-3.7649,,NO DATA,0.0831,1.5721,1.7186
2010-12-22,-1.0,DRAIN,0.17,NEUTRAL,1013048.0,CRITICAL,-0.8161,91479.0,-35959.0,-0.0751,,NO DATA,1.4889,0.2981,1.7387
2010-12-29,-0.4,NEUTRAL,0.3,NEUTRAL,1027089.0,CRITICAL,-0.1432,87472.0,8660.0,-0.5178,,NO DATA,-0.5346,0.5191,0.9109
2011-01-05,-0.4,NEUTRAL,0.3,NEUTRAL,1001783.0,CRITICAL,-0.5325,115386.0,46038.0,-0.7192,,NO DATA,1.1174,1.3195,1.6876
2011-01-12,-0.67,DRAIN,0.9,INJECTION,1066028.0,CRITICAL,2.5148,89107.0,30137.0,0.7036,,NO DATA,0.2021,0.0926,0.0261
2011-01-19,-0.4,NEUTRAL,0.45,NEUTRAL,1071206.0,CRITICAL,-0.5389,58958.0,28156.0,-0.3761,,NO DATA,0.6218,0.9803,0.8034
2011-01-26,-1.0,DRAIN,0.01,NEUTRAL,1078051.0,CRITICAL,-0.608,91704.0,-17720.0,0.0101,,NO DATA,0.3585,-0.06,0.4549
2011-02-02,-0.4,NEUTRAL,0.17,NEUTRAL,1087983.0,CRITICAL,0.8626,97314.0,42796.0,-0.8697,,NO DATA,-0.4186,-0.1769,0.8576
2011-02-09,-0.4,NEUTRAL,0.67,INJECTION,1152388.0,CRITICAL,1.9885,81217.0,94121.0,0.4593,,NO DATA,0.2417,0.5149,1.0494
2011-02-16,-0.4,NEUTRAL,0.49,NEUTRAL,1224078.0,CRITICAL,1.7853,46423.0,83157.0,-0.418,,NO DATA,0.2732,1.0345,0.9982
2011-02-23,-0.4,NEUTRAL,1.06,INJECTION,1265869.0,CRITICAL,1.2274,40558.0,73946.0,0.7031,,NO DATA,0.6723,0.4096,1.3261
2011-03-02,-0.4,NEUTRAL,0.68,INJECTION,1292382.0,CRITICAL,0.2166,47058.0,84944.0,-0.3334,,NO DATA,-0.2627,-0.0204,0.6872
2011-03-09,-1.0,DRAIN,0.88,INJECTION,1358776.0,CRITICAL,1.7287,35841.0,90030.0,-0.2143,,NO DATA,0.2423,0.9165,1.517
2011-03-16,-0.4,NEUTRAL,0.76,INJECTION,1395330.0,CRITICAL,-0.0109,42088.0,6941.0,-0.9439,,NO DATA,0.6742,0.7076,1.7924
2011-03-23,-1.0,DRAIN,1.25,INJECTION,1391980.0,CRITICAL,-1.0588,87280.0,28480.0,0.0067,,NO DATA,0.0335,0.6005,2.1043
2011-03-30,-1.0,DRAIN,0.6,INJECTION,1450291.0,CRITICAL,1.9219,58515.0,35023.0,-1.4206,,NO DATA,0.5671,1.0848,2.5165
2011-04-06,-0.4,NEUTRAL,0.96,INJECTION,1472385.0,CRITICAL,1.1658,54802.0,77288.0,-0.7799,,NO DATA,0.5177,1.5038,1.1765
2011-04-13,-0.4,NEUTRAL,1.03,INJECTION,1522249.0,CRITICAL,1.7793,25419.0,25587.0,-0.5713,,NO DATA,0.9861,1.4317,0.0035
2011-04-20,-1.0,DRAIN,0.37,NEUTRAL,1486650.0,CRITICAL,-1.0416,73268.0,-62056.0,-0.665,,NO DATA,0.4457,-0.3273,-1.197
2011-04-27,-1.0,DRAIN,0.28,NEUTRAL,1471501.0,CRITICAL,-0.9838,104152.0,-69331.0,0.1038,,NO DATA,-0.773,-1.4283,-1.9801
2011-05-04,-0.4,NEUTRAL,0.58,INJECTION,1467320.0,CRITICAL,0.6538,115026.0,26943.0,-0.3752,,NO DATA,-0.6553,-0.8697,0.0977
2011-05-11,-0.4,NEUTRAL,0.66,INJECTION,1517084.0,CRITICAL,1.5827,99593.0,39241.0,0.4016,,NO DATA,-0.2144,-0.5518,0.04
2011-05-18,-1.0,DRAIN,0.85,INJECTION,1547236.0,CRITICAL,0.8195,91448.0,48136.0,0.927,,NO DATA,-0.3374,0.9674,0.0523
2011-05-25,-1.0,DRAIN,0.74,INJECTION,1571447.0,CRITICAL,0.9074,84259.0,39336.0,0.6521,,NO DATA,1.3048,0.5919,0.0656
2011-06-01,-1.0,DRAIN,1.25,INJECTION,1599810.0,CRITICAL,1.19,65992.0,55179.0,2.5647,,NO DATA,0.2905,-0.9721,0.4212
2011-06-08,-0.4,NEUTRAL,0.52,INJECTION,1630850.0,CRITICAL,1.8484,38188.0,76785.0,0.0342,,NO DATA,-1.2626,-0.992,-0.0277
2011-06-15,-1.0,DRAIN,-0.75,DRAIN,1650065.0,CRITICAL,0.4737,41336.0,-34672.0,-3.4513,,NO DATA,0.2706,1.3933,1.3483
2011-06-22,-0.8,DRAIN,0.07,NEUTRAL,1590364.0,CRITICAL,-1.8946,122935.0,-53155.0,0.178,,NO DATA,1.1227,0.9643,1.8379
2011-06-29,-0.4,NEUTRAL,0.34,NEUTRAL,1617276.0,CRITICAL,0.8714,107983.0,9810.0,-0.4094,,NO DATA,-0.1584,-0.045,0.8714
2011-07-06,-0.4,NEUTRAL,0.5,INJECTION,1650630.0,CRITICAL,1.3167,76560.0,71828.0,-0.0062,,NO DATA,-0.0467,0.7487,-0.5159
2011-07-13,-0.4,NEUTRAL,0.59,INJECTION,1679080.0,CRITICAL,1.225,50339.0,17940.0,0.2364,,NO DATA,0.7954,0.8109,-0.9188
2011-07-20,-1.33,DRAIN,0.6,INJECTION,1636929.0,CRITICAL,-1.6688,90719.0,11687.0,0.2831,,NO DATA,0.0154,-1.2646,-1.4909
2011-07-27,-0.4,NEUTRAL,0.69,INJECTION,1652667.0,CRITICAL,0.2151,77019.0,33226.0,0.4309,,NO DATA,-1.2801,-1.7296,-1.6249
2011-08-03,-1.0,DRAIN,1.06,INJECTION,1624803.0,CRITICAL,0.8529,56911.0,76851.0,1.1119,,NO DATA,-0.4496,-0.2263,0.0904
2011-08-10,-0.4,NEUTRAL,0.72,INJECTION,1649269.0,CRITICAL,1.378,23425.0,47598.0,0.1994,,NO DATA,0.2233,0.1047,-1.849
2011-08-17,-0.4,NEUTRAL,0.91,INJECTION,1621140.0,CRITICAL,-0.3187,20172.0,50708.0,0.6071,,NO DATA,-0.1186,0.3166,-2.2512
2011-08-24,-0.4,NEUTRAL,0.87,INJECTION,1605613.0,CRITICAL,-0.0361,20782.0,36662.0,0.5261,,NO DATA,0.4352,-1.9537,-4.9862
2011-08-31,-0.4,NEUTRAL,0.47,NEUTRAL,1611435.0,CRITICAL,-0.1792,20320.0,37515.0,-0.2031,,NO DATA,-2.3889,-2.5679,-5.7585
2011-09-07,-0.6,DRAIN,0.62,INJECTION,1615771.0,CRITICAL,0.173,20192.0,76932.0,-0.3225,,NO DATA,-1.071,-4.3952,-4.2765
2011-09-14,-1.17,DRAIN,0.78,INJECTION,1617860.0,CRITICAL,0.3986,13766.0,10100.0,-0.2942,,NO DATA,-3.3242,-2.4825,-1.28
2011-09-21,-1.0,DRAIN,0.3,NEUTRAL,1567602.0,CRITICAL,-1.9995,64915.0,-45993.0,0.1387,,NO DATA,0.8417,0.1187,1.9702
2011-09-28,-1.17,DRAIN,0.89,INJECTION,1576801.0,CRITICAL,0.085,55718.0,14934.0,0.7102,,NO DATA,-0.723,1.2025,2.9623
2011-10-05,-0.6,DRAIN,0.57,INJECTION,1604285.0,CRITICAL,0.7462,43655.0,77945.0,-0.4951,,NO DATA,1.9255,1.8515,1.8109
2011-10-12,-1.17,DRAIN,1.15,INJECTION,1624516.0,CRITICAL,0.8127,21906.0,46621.0,0.8122,,NO DATA,-0.4871,2.0868,-0.2187
2011-10-19,-0.6,DRAIN,0.94,INJECTION,1600008.0,CRITICAL,-1.055,43403.0,21998.0,0.3511,,NO DATA,2.574,0.8897,-0.2901
2011-10-26,-0.6,DRAIN,0.92,INJECTION,1568317.0,CRITICAL,-0.9858,64369.0,33118.0,0.5399,,NO DATA,-1.6842,-2.3056,-4.0941
2011-11-02,-1.17,DRAIN,0.42,NEUTRAL,1571930.0,CRITICAL,-0.6137,57775.0,55300.0,-0.8601,,NO DATA,-0.6214,-1.1799,-0.8961
2011-11-09,-0.6,DRAIN,0.88,INJECTION,1568521.0,CRITICAL,1.3937,37029.0,77517.0,0.2971,,NO DATA,-0.5585,-1.7886,-1.6148
2011-11-16,-0.6,DRAIN,0.77,INJECTION,1583716.0,CRITICAL,-0.0345,29786.0,47090.0,-0.0881,,NO DATA,-2.1307,-0.188,-1.7866
2011-11-23,-1.17,DRAIN,0.86,INJECTION,1505201.0,CRITICAL,-0.8628,44347.0,58799.0,0.2022,,NO DATA,1.9427,1.66,0.8145
2011-11-30,-0.6,DRAIN,0.53,INJECTION,1520197.0,CRITICAL,-0.2582,43770.0,24300.0,-0.4388,,NO DATA,-0.4828,-1.8024,-1.3067
2011-12-07,-0.6,DRAIN,0.47,NEUTRAL,1546608.0,CRITICAL,0.7926,28282.0,68893.0,-0.7705,,NO DATA,-1.3195,-0.7822,-1.1645
2011-12-14,-0.83,DRAIN,0.73,INJECTION,1601495.0,CRITICAL,3.175,21484.0,6497.0,-0.3542,,NO DATA,0.5373,0.4957,0.943
2011-12-21,-1.33,DRAIN,0.4,NEUTRAL,1509961.0,CRITICAL,-2.6858,112404.0,-27056.0,0.3367,,NO DATA,-0.0416,-0.3823,1.3152
2011-12-28,-0.4,NEUTRAL,0.98,INJECTION,1534135.0,CRITICAL,0.8481,98652.0,21356.0,0.5586,,NO DATA,0.0232,0.2168,2.4704
2012-01-04,-0.4,NEUTRAL,0.67,INJECTION,1564841.0,CRITICAL,0.1128,87058.0,58650.0,-0.1866,,NO DATA,0.3788,1.317,2.9913
2012-01-11,-0.6,DRAIN,0.88,INJECTION,1572456.0,CRITICAL,-0.3445,78263.0,50999.0,0.3913,,NO DATA,0.9381,2.1604,2.3309
2012-01-18,-0.4,NEUTRAL,0.73,INJECTION,1593378.0,CRITICAL,0.7261,78069.0,2110.0,0.1899,,NO DATA,1.0295,1.6063,1.1243
2012-01-25,-1.33,DRAIN,0.32,NEUTRAL,1529646.0,CRITICAL,-1.1638,111236.0,-12329.0,0.5525,,NO DATA,0.5769,0.8578,0.5391
2012-02-01,-1.0,DRAIN,1.38,INJECTION,1572710.0,CRITICAL,-0.0326,117554.0,50950.0,3.0018,,NO DATA,0.2809,-0.482,-0.2871
2012-02-08,-0.4,NEUTRAL,1.3,INJECTION,1600651.0,CRITICAL,1.1735,87962.0,122833.0,1.5262,,NO DATA,-0.7629,-0.3187,-0.8994
2012-02-15,-0.4,NEUTRAL,1.54,INJECTION,1634172.0,CRITICAL,1.3928,58049.0,93041.0,3.1698,,NO DATA,0.4442,0.1949,-0.2369
2012-02-22,-0.4,NEUTRAL,1.18,INJECTION,1621626.0,CRITICAL,-0.0982,55795.0,80477.0,0.8975,,NO DATA,0.3661,-0.165,-0.7861
2012-02-29,-1.0,DRAIN,0.9,INJECTION,1607919.0,CRITICAL,0.321,39475.0,64322.0,0.1746,,NO DATA,-0.5311,-1.1132,-1.0487
2012-03-07,-0.8,DRAIN,0.67,INJECTION,1591922.0,CRITICAL,-1.2985,36963.0,91076.0,-0.7223,,NO DATA,-0.5821,-0.6211,-0.682
2012-03-14,-0.6,DRAIN,0.91,INJECTION,1579394.0,CRITICAL,0.1391,41816.0,8806.0,-0.4054,,NO DATA,-0.039,0.0644,0.0191
2012-03-21,-1.0,DRAIN,1.21,INJECTION,1523382.0,CRITICAL,-2.1603,102488.0,9574.0,0.3776,,NO DATA,0.1035,-0.0609,-0.2865
2012-03-28,-0.6,DRAIN,1.3,INJECTION,1526338.0,CRITICAL,0.1411,84043.0,50707.0,0.5861,,NO DATA,-0.1644,-0.0454,0.0943
2012-04-04,-1.25,DRAIN,0.89,INJECTION,1548610.0,CRITICAL,0.5902,54899.0,85015.0,-0.8018,,NO DATA,0.119,-0.2256,0.2133
2012-04-11,-0.6,DRAIN,1.41,INJECTION,1550552.0,CRITICAL,0.4033,45289.0,45888.0,0.4234,,NO DATA,-0.3446,0.1397,-1.0282
2012-04-18,-0.6,DRAIN,0.65,INJECTION,1562988.0,CRITICAL,0.0047,53427.0,-35548.0,0.0201,,NO DATA,0.4843,0.439,-2.0437
2012-04-25,-1.58,DRAIN,0.6,INJECTION,1539135.0,CRITICAL,-1.2045,78498.0,-81182.0,0.4715,,NO DATA,-0.0453,-1.1679,-3.4263
2012-05-02,-1.58,DRAIN,0.01,NEUTRAL,1492460.0,CRITICAL,-1.5978,120748.0,-4538.0,-0.3996,,NO DATA,-1.1226,-2.4827,-4.331
2012-05-09,-0.7,DRAIN,0.91,INJECTION,1497049.0,CRITICAL,0.2693,113232.0,61617.0,0.6304,,NO DATA,-1.3601,-2.2584,-2.6842
2012-05-16,-1.25,DRAIN,0.62,INJECTION,1501657.0,CRITICAL,0.0069,99876.0,51068.0,0.286,,NO DATA,-0.8983,-1.8484,-0.5967
2012-05-23,-1.25,DRAIN,0.81,INJECTION,1513160.0,CRITICAL,0.6656,90083.0,53446.0,0.8116,,NO DATA,-0.95,-0.4258,-0.1258
2012-05-30,-1.25,DRAIN,0.56,INJECTION,1522910.0,CRITICAL,0.1964,67804.0,25127.0,0.1752,,NO DATA,0.9668,0.9236,0.7048
2012-06-06,-0.6,DRAIN,0.21,NEUTRAL,1527474.0,CRITICAL,0.5914,60763.0,60443.0,-0.7826,,NO DATA,-0.0431,0.1452,0.0703
2012-06-13,-0.6,DRAIN,0.55,INJECTION,1549830.0,CRITICAL,1.2877,41885.0,19347.0,-0.0116,,NO DATA,0.1884,-0.2188,0.281
2012-06-20,-1.5,DRAIN,-0.05,NEUTRAL,1496509.0,CRITICAL,-2.5153,114746.0,-62946.0,-0.14,,NO DATA,-0.4072,-0.0749,0.2917
2012-06-27,-0.6,DRAIN,0.71,INJECTION,1461231.0,CRITICAL,-0.7877,129149.0,12955.0,0.5662,,NO DATA,0.3323,0.4999,1.1628
2012-07-04,-0.6,DRAIN,1.06,INJECTION,1500156.0,CRITICAL,1.1206,100829.0,73312.0,1.5079,,NO DATA,-0.758,0.19,-0.2202
2012-07-11,-1.17,DRAIN,0.65,INJECTION,1514001.0,CRITICAL,0.5373,86400.0,43790.0,0.4064,,NO DATA,0.9479,0.6096,1.4204
2012-07-18,-1.17,DRAIN,0.74,INJECTION,1543311.0,CRITICAL,0.4645,63021.0,26039.0,0.5625,,NO DATA,-0.3383,-0.4102,0.5067
2012-07-25,-0.6,DRAIN,0.78,INJECTION,1551501.0,CRITICAL,0.3021,45537.0,33932.0,0.2347,,NO DATA,-0.0719,0.8108,1.352
2012-08-01,-1.17,DRAIN,1.42,INJECTION,1561819.0,CRITICAL,0.2784,42102.0,47352.0,2.8003,,NO DATA,0.8827,0.917,0.8623
2012-08-08,-0.6,DRAIN,0.58,INJECTION,1553199.0,CRITICAL,0.4111,35622.0,65850.0,-0.3604,,NO DATA,0.0343,0.5412,1.3686
2012-08-15,-1.17,DRAIN,1.5,INJECTION,1555394.0,CRITICAL,-0.5547,28398.0,58495.0,3.5874,,NO DATA,0.5069,-0.0546,2.6601
2012-08-22,-0.6,DRAIN,0.84,INJECTION,1511753.0,CRITICAL,-0.1175,24038.0,63117.0,0.2743,,NO DATA,-0.5616,0.8274,1.7204
2012-08-29,-1.17,DRAIN,0.24,NEUTRAL,1502317.0,CRITICAL,-0.5003,25194.0,25004.0,-0.7999,,NO DATA,1.3889,2.7147,1.9519
2012-09-05,-1.17,DRAIN,0.66,INJECTION,1518165.0,CRITICAL,0.1618,30048.0,70705.0,-0.2908,,NO DATA,1.0222,1.2421,1.5402
2012-09-12,-0.6,DRAIN,1.02,INJECTION,1505899.0,CRITICAL,-0.5289,47019.0,14971.0,0.075,,NO DATA,0.2199,0.2299,0.3079
2012-09-19,-0.6,DRAIN,0.28,NEUTRAL,1453315.0,CRITICAL,-0.7049,64716.0,-66977.0,0.0887,,NO DATA,0.01,0.2982,-0.0527
2012-09-26,-1.25,DRAIN,0.77,INJECTION,1424890.0,CRITICAL,-0.9301,73239.0,9856.0,0.4179,,NO DATA,0.2882,0.078,-0.4256
2012-10-03,-0.7,DRAIN,1.06,INJECTION,1446881.0,CRITICAL,-0.2198,83297.0,65248.0,1.0619,,NO DATA,-0.2102,-0.3508,-0.878
2012-10-10,-1.25,DRAIN,1.0,INJECTION,1469565.0,CRITICAL,0.7546,65845.0,76225.0,0.7411,,NO DATA,0.4012,-0.3035,-1.0866
2012-10-17,-0.2,NEUTRAL,0.9,INJECTION,1483095.0,CRITICAL,1.554,58473.0,26427.0,0.572,,NO DATA,-0.7047,-1.2066,-1.2917
2012-10-24,-1.17,DRAIN,0.97,INJECTION,1477350.0,CRITICAL,-0.3666,62738.0,28603.0,0.7116,,NO DATA,-0.5019,-0.7831,-0.3401
2012-10-31,-1.17,DRAIN,0.35,NEUTRAL,1494414.0,CRITICAL,-0.3237,53905.0,29679.0,-0.5961,,NO DATA,-0.4548,-0.9697,0.1248
2012-11-07,-0.6,DRAIN,0.4,NEUTRAL,1509945.0,CRITICAL,1.2118,28002.0,65346.0,-0.8465,,NO DATA,-0.5148,0.2825,0.6296
2012-11-14,-1.17,DRAIN,0.99,INJECTION,1483331.0,CRITICAL,1.277,38664.0,25709.0,0.9465,,NO DATA,0.6795,0.8527,1.28
2012-11-21,-0.6,DRAIN,0.77,INJECTION,1503622.0,CRITICAL,0.2871,24433.0,52601.0,0.1878,,NO DATA,0.1732,0.2388,0.3316
2012-11-28,-0.6,DRAIN,0.96,INJECTION,1485795.0,CRITICAL,-0.8174,27904.0,33870.0,0.5497,,NO DATA,0.1613,0.4768,0.185
2012-12-05,-0.6,DRAIN,0.4,NEUTRAL,1526122.0,CRITICAL,0.0436,33997.0,87513.0,-0.9385,,NO DATA,0.3155,0.5096,0.0856
2012-12-12,-0.67,DRAIN,0.83,INJECTION,1520217.0,CRITICAL,1.8576,38980.0,21904.0,-0.0653,,NO DATA,0.1941,-0.2918,0.3118
2012-12-19,-1.0,DRAIN,0.43,NEUTRAL,1517220.0,CRITICAL,-0.4531,54986.0,-47048.0,0.2572,,NO DATA,-0.4859,-0.424,-0.2086
2012-12-26,-0.4,NEUTRAL,0.4,NEUTRAL,1503482.0,CRITICAL,-0.4716,55563.0,-45597.0,0.3027,,NO DATA,0.0009,0.6257,-0.144
2013-01-02,-0.4,NEUTRAL,0.18,NEUTRAL,1503866.0,CRITICAL,-0.2144,71564.0,-2081.0,0.0729,,NO DATA,0.1851,0.2974,0.1298
2013-01-09,-0.4,NEUTRAL,0.88,INJECTION,1543024.0,CRITICAL,0.8247,59644.0,44312.0,0.4774,,NO DATA,0.1123,-0.4898,-0.7296
2013-01-16,0.0,NEUTRAL,0.62,INJECTION,1584948.0,CRITICAL,1.4194,54020.0,9608.0,-0.008,,NO DATA,-0.6021,-0.1676,-1.0055
2013-01-23,-0.4,NEUTRAL,0.01,NEUTRAL,1586337.0,CRITICAL,1.021,72207.0,-20383.0,-0.1371,,NO DATA,0.1254,-0.4163,-1.3205
2013-01-30,-1.0,DRAIN,0.03,NEUTRAL,1632732.0,CRITICAL,-0.0651,71127.0,-11840.0,0.035,,NO DATA,-0.5417,-0.6239,-1.9844
2013-02-06,-0.4,NEUTRAL,0.54,INJECTION,1654331.0,CRITICAL,0.4468,64279.0,74994.0,-0.0494,,NO DATA,-0.0822,-0.9042,-1.3538
2013-02-13,0.0,NEUTRAL,1.11,INJECTION,1683304.0,CRITICAL,3.0046,34908.0,61500.0,1.4943,,NO DATA,-0.822,-1.3605,-1.0581
2013-02-20,-0.4,NEUTRAL,1.07,INJECTION,1667383.0,CRITICAL,1.0189,24877.0,88999.0,0.9563,,NO DATA,-0.2774,-0.6343,-0.1796
2013-02-27,-1.0,DRAIN,1.22,INJECTION,1683532.0,CRITICAL,-0.7391,43012.0,55668.0,1.1598,,NO DATA,-0.3569,0.1817,-0.0074
2013-03-06,-1.0,DRAIN,0.67,INJECTION,1748067.0,CRITICAL,0.8017,36793.0,103184.0,-0.374,,NO DATA,0.0833,0.232,0.1692
2013-03-13,0.0,NEUTRAL,0.91,INJECTION,1760956.0,CRITICAL,1.6407,43000.0,37797.0,0.1924,,NO DATA,0.1488,0.2328,0.8389
2013-03-20,-0.4,NEUTRAL,1.15,INJECTION,1753364.0,CRITICAL,0.4205,71366.0,8481.0,0.3787,,NO DATA,0.084,-0.0628,0.1688
2013-03-27,-0.4,NEUTRAL,1.32,INJECTION,1776369.0,CRITICAL,-0.041,68019.0,46999.0,0.501,,NO DATA,-0.1468,0.6061,0.2331
2013-04-03,-1.0,DRAIN,1.69,INJECTION,1801101.0,CRITICAL,0.1906,76144.0,76378.0,1.1884,,NO DATA,0.7529,0.2316,0.84
2013-04-10,-1.0,DRAIN,1.35,INJECTION,1843724.0,CRITICAL,0.9167,58767.0,40389.0,0.2734,,NO DATA,-0.5213,-0.373,0.43
2013-04-17,0.0,NEUTRAL,0.33,NEUTRAL,1855933.0,CRITICAL,1.3745,82572.0,-73927.0,-0.4248,,NO DATA,0.1483,0.6084,-0.524
2013-04-24,-1.0,DRAIN,0.31,NEUTRAL,1818122.0,CRITICAL,-0.7034,128700.0,-109052.0,0.3349,,NO DATA,0.4601,0.803,-1.2652
2013-05-01,-0.8,DRAIN,0.65,INJECTION,1831841.0,CRITICAL,-0.9348,157054.0,-34522.0,1.7158,,NO DATA,0.343,-1.1324,-2.1494
2013-05-08,-0.4,NEUTRAL,0.77,INJECTION,1853217.0,CRITICAL,0.6459,144071.0,52078.0,0.7097,,NO DATA,-1.4753,-2.0683,-1.4161
2013-05-15,-0.67,DRAIN,1.25,INJECTION,1917007.0,CRITICAL,2.6334,89999.0,60145.0,2.2845,,NO DATA,-0.5929,-1.017,0.5102
2013-05-22,-0.67,DRAIN,0.74,INJECTION,1961690.0,CRITICAL,3.1017,33233.0,49248.0,0.6422,,NO DATA,-0.4241,0.6522,-1.2928
2013-05-29,-1.0,DRAIN,0.54,INJECTION,1979200.0,CRITICAL,0.1827,13502.0,18590.0,0.1189,,NO DATA,0.6583,1.1601,-0.8745
2013-06-05,-0.4,NEUTRAL,0.15,NEUTRAL,2018582.0,CRITICAL,-0.0496,30230.0,51679.0,-0.9424,,NO DATA,0.5018,-1.4076,-2.4008
2013-06-12,-1.0,DRAIN,0.43,NEUTRAL,2031047.0,CRITICAL,-0.0643,43056.0,9406.0,-0.1728,,NO DATA,-1.9093,-2.0346,-1.7795
2013-06-19,-0.4,NEUTRAL,-1.27,DRAIN,1994315.0,CRITICAL,0.7015,79129.0,-73074.0,-0.0533,,NO DATA,-0.1253,-0.9932,0.6913
2013-06-26,-0.4,NEUTRAL,-1.07,DRAIN,1981754.0,CRITICAL,-0.2932,97212.0,-4842.0,0.4672,,NO DATA,-0.868,0.2551,1.1451
2013-07-03,-0.4,NEUTRAL,-0.34,NEUTRAL,2023336.0,CRITICAL,-0.2208,118745.0,8637.0,1.0866,,NO DATA,1.123,1.6845,1.5751
2013-07-10,-1.0,DRAIN,-0.57,DRAIN,2070591.0,CRITICAL,1.2277,88690.0,71840.0,0.4737,,NO DATA,0.2852,0.7077,1.1787
2013-07-17,0.0,NEUTRAL,0.74,INJECTION,2092289.0,CRITICAL,1.5318,70158.0,20969.0,0.6539,,NO DATA,0.4225,-0.1237,0.1872
2013-07-24,0.0,NEUTRAL,0.77,INJECTION,2094920.0,CRITICAL,1.3982,58403.0,20608.0,0.6049,,NO DATA,-0.5463,0.4709,-1.0597
2013-07-31,-1.0,DRAIN,0.42,NEUTRAL,2154522.0,CRITICAL,-0.1262,60063.0,13098.0,-0.2235,,NO DATA,1.0172,0.3109,-0.8941
2013-08-07,-0.4,NEUTRAL,0.36,NEUTRAL,2171441.0,CRITICAL,0.3336,60845.0,54729.0,-0.5106,,NO DATA,-0.7063,-1.5306,-1.4977
2013-08-14,-0.67,DRAIN,0.64,INJECTION,2175545.0,CRITICAL,1.6676,64121.0,11017.0,0.3497,,NO DATA,-0.8244,-1.205,-0.1713
2013-08-21,-0.4,NEUTRAL,0.69,INJECTION,2193671.0,CRITICAL,0.2374,51174.0,59670.0,0.3109,,NO DATA,-0.3807,0.033,1.7931
2013-08-28,-0.4,NEUTRAL,0.7,INJECTION,2222481.0,CRITICAL,0.3528,37298.0,35892.0,0.5329,,NO DATA,0.4137,1.0338,1.7747
2013-09-04,-0.4,NEUTRAL,0.54,INJECTION,2266587.0,CRITICAL,0.4051,32432.0,78367.0,-0.2943,,NO DATA,1.3787,2.6499,2.2843
2013-09-11,-0.4,NEUTRAL,0.89,INJECTION,2265831.0,CRITICAL,0.0479,38551.0,35605.0,0.1277,,NO DATA,1.2713,0.6223,0.7849
2013-09-18,-0.67,DRAIN,0.19,NEUTRAL,2293383.0,CRITICAL,1.3986,48099.0,-57753.0,-0.0734,,NO DATA,-0.649,-0.3657,0.4435
2013-09-25,-0.4,NEUTRAL,0.39,NEUTRAL,2278603.0,CRITICAL,0.3731,44991.0,-9897.0,0.4103,,NO DATA,0.2833,0.1626,0.9147
2013-10-02,-1.0,DRAIN,0.51,INJECTION,2311359.0,CRITICAL,0.6501,37961.0,19940.0,-0.4988,,NO DATA,-0.1206,0.8092,-0.4397
2013-10-09,-0.4,NEUTRAL,0.91,INJECTION,2359390.0,CRITICAL,0.6147,28728.0,55591.0,0.4009,,NO DATA,0.9298,0.7521,-0.8617
2013-10-16,-1.0,DRAIN,0.93,INJECTION,2370944.0,CRITICAL,1.2285,35301.0,7074.0,0.5047,,NO DATA,-0.1759,-0.7649,-1.3611
2013-10-23,-0.4,NEUTRAL,1.03,INJECTION,2357446.0,CRITICAL,0.0999,44193.0,7272.0,0.782,,NO DATA,-0.589,-1.3083,-1.3289
2013-10-30,-0.4,NEUTRAL,0.52,INJECTION,2424917.0,CRITICAL,0.7154,31806.0,26352.0,-0.3203,,NO DATA,-0.7194,-0.5962,-1.2372
2013-11-06,-1.0,DRAIN,0.54,INJECTION,2440588.0,CRITICAL,0.116,34358.0,61318.0,-0.6415,,NO DATA,0.1232,-0.0206,0.2742
2013-11-13,-1.0,DRAIN,1.02,INJECTION,2449114.0,CRITICAL,1.2404,45639.0,12421.0,0.8112,,NO DATA,-0.1402,-0.2104,0.2305
2013-11-20,-0.4,NEUTRAL,0.63,INJECTION,2473552.0,CRITICAL,-0.1753,49446.0,37398.0,-0.2677,,NO DATA,-0.0702,0.1701,-0.0084
2013-11-27,-1.0,DRAIN,0.8,INJECTION,2466785.0,CRITICAL,0.3988,53744.0,26421.0,0.3881,,NO DATA,0.2403,0.441,0.0767
2013-12-04,-0.4,NEUTRAL,0.43,NEUTRAL,2492609.0,CRITICAL,0.4442,37947.0,65800.0,-0.7805,,NO DATA,0.1485,-0.2406,-0.5804
2013-12-11,-0.67,DRAIN,0.82,INJECTION,2524024.0,NERVOUS,1.2081,28992.0,42055.0,0.1475,,NO DATA,-0.3285,-0.291,-0.502
2013-12-18,0.0,NEUTRAL,0.41,NEUTRAL,2521300.0,NERVOUS,-0.1047,70572.0,-49846.0,0.3417,,NO DATA,0.0375,-0.1858,-1.0005
2013-12-25,-1.33,DRAIN,0.62,INJECTION,2474155.0,CRITICAL,-0.8959,99122.0,-38676.0,0.8312,,NO DATA,-0.0919,-0.2535,-1.2075
2014-01-01,-0.8,DRAIN,-0.3,NEUTRAL,2374633.0,CRITICAL,-4.3798,105104.0,-37229.0,-1.3107,,NO DATA,-0.5428,-0.777,-1.4373
2014-01-08,0.0,NEUTRAL,0.42,NEUTRAL,2453039.0,CRITICAL,3.8863,119258.0,-6414.0,0.5901,,NO DATA,-0.2342,-0.5553,-0.4396
2014-01-15,0.4,NEUTRAL,0.72,INJECTION,2527883.0,NERVOUS,2.0534,80022.0,4388.0,0.0612,,NO DATA,-0.321,-0.6602,0.3794
2014-01-22,-0.67,DRAIN,-0.15,NEUTRAL,2522890.0,NERVOUS,-0.4651,77798.0,-39129.0,-0.6391,,NO DATA,-0.303,0.1308,0.389
2014-01-29,-0.67,DRAIN,-0.02,NEUTRAL,2519198.0,NERVOUS,-0.2007,89337.0,-37957.0,-0.145,,NO DATA,0.4338,0.9063,0.6977
2014-02-05,0.0,NEUTRAL,0.37,NEUTRAL,2542276.0,NERVOUS,0.2628,80081.0,47852.0,-0.4177,,NO DATA,0.4725,0.2582,0.2705
2014-02-12,0.4,NEUTRAL,1.4,INJECTION,2589669.0,NERVOUS,1.5327,36410.0,67288.0,2.2668,,NO DATA,-0.2142,-0.2086,-0.7684
2014-02-19,0.0,NEUTRAL,1.05,INJECTION,2616352.0,NERVOUS,0.895,41184.0,105484.0,0.8545,,NO DATA,0.2855,0.3006,0.0208
2014-02-26,-0.4,NEUTRAL,1.22,INJECTION,2599898.0,NERVOUS,-1.0332,46704.0,81350.0,1.1151,,NO DATA,0.443,0.4543,0.4534
2014-03-05,-0.33,NEUTRAL,0.52,INJECTION,2629608.0,NERVOUS,1.6828,45394.0,94548.0,-0.7888,,NO DATA,-0.2136,-0.9206,-0.2475
2014-03-12,0.0,NEUTRAL,0.98,INJECTION,2652021.0,NERVOUS,0.2181,56141.0,29162.0,0.3496,,NO DATA,-0.707,-0.1923,0.5832
2014-03-19,-0.67,DRAIN,0.55,INJECTION,2644893.0,NERVOUS,-0.0352,88345.0,-4392.0,0.2659,,NO DATA,0.7043,0.5136,1.1702
2014-03-26,-0.4,NEUTRAL,1.21,INJECTION,2612237.0,NERVOUS,-0.8528,102040.0,42596.0,0.4621,,NO DATA,-0.1907,0.8725,0.2148
2014-04-02,0.0,NEUTRAL,0.93,INJECTION,2581373.0,NERVOUS,0.2795,96163.0,38476.0,-0.5598,,NO DATA,1.0633,0.6566,0.681
2014-04-09,0.4,NEUTRAL,1.43,INJECTION,2684341.0,NERVOUS,1.45,62436.0,70083.0,0.4862,,NO DATA,-0.4067,-0.6577,0.1532
2014-04-16,-0.33,NEUTRAL,0.54,INJECTION,2724744.0,NERVOUS,1.3203,65457.0,-70106.0,-0.1031,,NO DATA,-0.251,0.0244,0.1989
2014-04-23,-0.4,NEUTRAL,0.49,NEUTRAL,2641132.0,NERVOUS,-2.6472,111394.0,-145705.0,0.2362,,NO DATA,0.2754,0.8109,0.463
2014-04-30,-1.25,DRAIN,0.18,NEUTRAL,2609418.0,NERVOUS,-0.8247,84126.0,-69397.0,0.0627,,NO DATA,0.5355,0.1744,0.1173
2014-05-07,-0.67,DRAIN,0.64,INJECTION,2597621.0,NERVOUS,0.3581,91397.0,32589.0,-0.1024,,NO DATA,-0.3611,-0.3479,-0.5749
2014-05-14,0.4,NEUTRAL,0.74,INJECTION,2630836.0,NERVOUS,1.5971,71250.0,12559.0,0.6372,,NO DATA,0.0131,-0.0572,-0.2242
2014-05-21,-0.92,DRAIN,0.74,INJECTION,2657729.0,NERVOUS,-0.3214,37745.0,46038.0,0.6405,,NO DATA,-0.0703,-0.227,-0.0694
2014-05-28,0.0,NEUTRAL,-0.28,NEUTRAL,2629199.0,NERVOUS,1.1973,33573.0,27436.0,1.1345,,NO DATA,-0.2946,-0.1266,0.1601
2014-06-04,0.0,NEUTRAL,0.21,NEUTRAL,2679071.0,NERVOUS,1.2582,33895.0,64233.0,-0.7672,,NO DATA,0.1681,0.2356,0.7033
2014-06-11,-0.67,DRAIN,0.51,INJECTION,2709510.0,NERVOUS,0.3235,46921.0,35246.0,-0.0908,,NO DATA,0.0675,0.2867,0.426
2014-06-18,0.0,NEUTRAL,-1.26,DRAIN,2703925.0,NERVOUS,0.2916,84475.0,-81749.0,-0.0326,,NO DATA,0.2191,0.4677,0.0975
2014-06-25,-1.0,DRAIN,-1.07,DRAIN,2640303.0,NERVOUS,-1.2841,107244.0,-8866.0,0.4641,,NO DATA,0.2485,0.1393,-0.3017
2014-07-02,0.0,NEUTRAL,-0.89,DRAIN,2578697.0,NERVOUS,-0.3133,100085.0,30778.0,-0.378,,NO DATA,-0.1092,-0.3702,-1.2356
2014-07-09,0.0,NEUTRAL,-0.57,DRAIN,2622832.0,NERVOUS,1.1191,63826.0,53517.0,0.473,,NO DATA,-0.3674,-0.3946,-1.4058
2014-07-16,0.4,NEUTRAL,0.61,INJECTION,2639685.0,NERVOUS,1.397,59384.0,17257.0,0.1776,,NO DATA,-0.0272,-0.838,-0.737
2014-07-23,0.0,NEUTRAL,0.96,INJECTION,2792302.0,NERVOUS,-0.5459,64138.0,15106.0,0.5333,,NO DATA,-0.8108,-1.0113,-1.0501
2014-07-30,-0.67,DRAIN,0.43,NEUTRAL,2809004.0,NERVOUS,0.4436,62335.0,8727.0,-0.5429,,NO DATA,-0.2004,0.101,-0.262
2014-08-06,0.0,NEUTRAL,0.55,INJECTION,2789330.0,NERVOUS,-0.3247,71513.0,58230.0,-0.6922,,NO DATA,0.3014,-0.0388,-0.6151
2014-08-13,-0.67,DRAIN,0.99,INJECTION,2786792.0,NERVOUS,0.0811,78066.0,13195.0,0.6297,,NO DATA,-0.3402,-0.363,-1.8099
2014-08-20,-0.67,DRAIN,0.95,INJECTION,2790174.0,NERVOUS,0.0342,42803.0,62182.0,0.2931,,NO DATA,-0.0227,-0.5763,-1.7477
2014-08-27,-0.67,DRAIN,0.88,INJECTION,2778794.0,NERVOUS,-0.6162,40217.0,35231.0,0.5305,,NO DATA,-0.5536,-1.4469,-2.6201
2014-09-03,-0.67,DRAIN,1.41,INJECTION,2777409.0,NERVOUS,0.6684,42868.0,77844.0,1.3949,,NO DATA,-0.6844,-0.9024,-2.121
2014-09-10,0.0,NEUTRAL,1.13,INJECTION,2787045.0,NERVOUS,0.0077,39081.0,49377.0,0.0466,,NO DATA,-0.218,-1.0171,-1.2975
2014-09-17,0.0,NEUTRAL,0.46,NEUTRAL,2797996.0,NERVOUS,0.0996,66417.0,-80837.0,0.1479,,NO DATA,-0.7991,-1.2186,-1.2186
2014-09-24,-1.0,DRAIN,0.58,INJECTION,2732580.0,NERVOUS,-1.0489,114828.0,-23897.0,0.562,,NO DATA,-0.4195,-0.2804,-0.5948
2014-10-01,-0.7,DRAIN,1.36,INJECTION,2705717.0,NERVOUS,-1.5152,119237.0,28094.0,1.603,,NO DATA,0.1391,0.0,-0.8286
2014-10-08,-0.33,NEUTRAL,1.03,INJECTION,2749347.0,NERVOUS,1.4051,96461.0,54172.0,0.5261,,NO DATA,-0.1391,-0.3144,-1.8883
2014-10-15,0.4,NEUTRAL,1.01,INJECTION,2793290.0,NERVOUS,2.3045,79790.0,17858.0,0.4027,,NO DATA,-0.3264,-0.1743,-1.838
2014-10-22,-1.0,DRAIN,0.51,INJECTION,2688613.0,NERVOUS,-1.1697,123514.0,-13561.0,0.56,,NO DATA,0.1521,-1.5532,-1.7109
2014-10-29,0.0,NEUTRAL,0.49,NEUTRAL,2629809.0,NERVOUS,0.2596,118424.0,14834.0,-0.39,,NO DATA,-1.7053,-1.6637,-2.4726
2014-11-05,0.0,NEUTRAL,0.52,INJECTION,2561062.0,NERVOUS,0.4408,111382.0,63496.0,-0.814,,NO DATA,0.0416,-0.1577,-2.1726
2014-11-12,0.0,NEUTRAL,1.12,INJECTION,2568099.0,NERVOUS,0.4164,107205.0,29800.0,1.0852,,NO DATA,-0.1527,-0.972,-2.2642
2014-11-19,-0.4,NEUTRAL,0.97,INJECTION,2520171.0,NERVOUS,-0.9346,95281.0,41856.0,0.509,,NO DATA,-0.8192,-1.8402,-2.7746
2014-11-26,-0.4,NEUTRAL,0.93,INJECTION,2486574.0,CRITICAL,0.6567,79769.0,30290.0,0.5555,,NO DATA,-1.0209,-1.2922,-2.0085
2014-12-03,-1.0,DRAIN,1.23,INJECTION,2449444.0,CRITICAL,-0.5975,87426.0,63118.0,1.2705,,NO DATA,-1.0415,-1.3452,-2.8482
2014-12-10,-0.67,DRAIN,0.91,INJECTION,2433138.0,CRITICAL,2.1504,60092.0,44586.0,0.2005,,NO DATA,-0.3038,-0.9151,-1.783
2014-12-17,0.0,NEUTRAL,0.48,NEUTRAL,2786907.0,NERVOUS,0.7456,114776.0,-66539.0,0.3989,,NO DATA,-0.6114,-1.5029,-1.9782
2014-12-24,-1.0,DRAIN,0.91,INJECTION,2681801.0,NERVOUS,-1.7117,175093.0,2920.0,0.2018,,NO DATA,-0.8916,-0.8678,-2.027
2014-12-31,-1.17,DRAIN,0.33,NEUTRAL,2574784.0,NERVOUS,-3.4256,192063.0,-18189.0,0.143,,NO DATA,-0.2122,-0.3071,-2.2131
2015-01-07,-0.2,NEUTRAL,0.59,INJECTION,2600598.0,NERVOUS,1.0759,176817.0,11016.0,-0.4065,,NO DATA,0.1909,-1.0476,-1.7735
2015-01-14,-0.5,DRAIN,0.41,NEUTRAL,2753903.0,NERVOUS,1.9969,158268.0,-1083.0,0.4136,,NO DATA,-1.2385,-2.4016,-1.6945
2015-01-21,-1.17,DRAIN,-0.23,NEUTRAL,2722392.0,NERVOUS,-2.0503,170152.0,-47364.0,-0.9838,,NO DATA,-1.2897,-0.5408,-1.5364
2015-01-28,-0.6,DRAIN,0.42,NEUTRAL,2665153.0,NERVOUS,-0.9508,201192.0,-28872.0,0.8001,,NO DATA,0.7489,0.3216,-0.5108
2015-02-04,-0.2,NEUTRAL,0.78,INJECTION,2684263.0,NERVOUS,1.26,167272.0,93922.0,0.2777,,NO DATA,-0.4272,-0.9955,-3.4106
2015-02-11,-0.2,NEUTRAL,1.31,INJECTION,2536607.0,NERVOUS,0.683,158907.0,83772.0,1.4668,,NO DATA,-0.5683,-0.8325,-3.4114
2015-02-18,-0.6,DRAIN,1.28,INJECTION,2457419.0,CRITICAL,0.1119,118836.0,83986.0,1.2314,,NO DATA,-0.3433,-2.1575,-1.9096
2015-02-25,-1.17,DRAIN,1.27,INJECTION,2328963.0,CRITICAL,1.1401,68114.0,79242.0,0.9879,,NO DATA,-1.8141,-3.1857,-1.3083
2015-03-04,-0.5,DRAIN,0.7,INJECTION,2522095.0,NERVOUS,1.7292,49803.0,66367.0,-0.3392,,NO DATA,-1.3716,0.2479,1.4505
2015-03-11,-0.2,NEUTRAL,0.95,INJECTION,2688257.0,NERVOUS,0.5245,39431.0,53599.0,0.3243,,NO DATA,-0.0087,1.5041,1.0599
2015-03-18,-0.6,DRAIN,0.68,INJECTION,2782935.0,NERVOUS,-1.8711,60686.0,-8249.0,0.5057,,NO DATA,1.5128,1.4051,1.7788
2015-03-25,-0.2,NEUTRAL,1.3,INJECTION,2706627.0,NERVOUS,1.0628,85907.0,43537.0,0.6052,,NO DATA,-0.1077,-0.4443,0.3691
2015-04-01,-0.83,DRAIN,1.75,INJECTION,2667344.0,NERVOUS,1.0487,75467.0,65648.0,1.5604,,NO DATA,-0.3366,0.3737,1.2846
2015-04-08,-0.6,DRAIN,1.4,INJECTION,2744497.0,NERVOUS,-0.9815,55206.0,69441.0,0.3986,,NO DATA,0.7103,0.8133,1.7328
2015-04-15,-0.2,NEUTRAL,-0.14,NEUTRAL,2793314.0,NERVOUS,0.7692,50447.0,-66886.0,-2.8282,,NO DATA,0.103,0.9109,1.9376
2015-04-22,-1.17,DRAIN,0.33,NEUTRAL,2679047.0,NERVOUS,-3.1974,150028.0,-171124.0,-0.122,,NO DATA,0.8078,0.9194,0.7425
2015-04-29,-0.6,DRAIN,0.02,NEUTRAL,2593777.0,NERVOUS,-1.5607,219702.0,-112638.0,0.0378,,NO DATA,0.1116,1.0268,-1.3454
2015-05-06,-0.2,NEUTRAL,0.44,NEUTRAL,2595402.0,NERVOUS,0.0217,227506.0,20775.0,-0.1581,,NO DATA,0.9152,-0.1769,-1.827
2015-05-13,-0.83,DRAIN,-0.35,NEUTRAL,2619317.0,NERVOUS,0.7781,216211.0,12076.0,0.8949,,NO DATA,-1.0921,-2.3722,-1.5854
2015-05-20,-0.6,DRAIN,-0.39,NEUTRAL,2635118.0,NERVOUS,-1.1555,181641.0,47211.0,0.8125,,NO DATA,-1.2801,-1.6501,-0.0654
2015-05-27,-0.83,DRAIN,-0.31,NEUTRAL,2510791.0,NERVOUS,0.3662,175577.0,18714.0,1.1327,,NO DATA,0.4193,0.7764,0.7212
2015-06-03,-1.17,DRAIN,-0.19,NEUTRAL,2444765.0,CRITICAL,0.5914,185794.0,65210.0,1.0856,,NO DATA,0.3571,1.2959,-0.4108
2015-06-10,-0.2,NEUTRAL,0.56,INJECTION,2654281.0,NERVOUS,0.5953,178468.0,33082.0,0.0782,,NO DATA,0.9387,-0.0552,-1.0505
2015-06-17,-1.17,DRAIN,-1.17,DRAIN,2621304.0,NERVOUS,-0.9414,207648.0,-87713.0,0.2215,,NO DATA,-0.9939,-1.7066,-3.2169
2015-06-24,-0.6,DRAIN,-0.99,DRAIN,2530324.0,NERVOUS,-1.2123,239498.0,-25147.0,0.6874,,NO DATA,-0.7127,-0.9953,-2.6646
2015-07-01,-0.6,DRAIN,-0.06,NEUTRAL,2457406.0,CRITICAL,0.9553,227457.0,45706.0,1.8341,,NO DATA,-0.2826,-1.5102,-1.7352
2015-07-08,-0.2,NEUTRAL,-0.54,DRAIN,2555100.0,NERVOUS,-0.1212,182596.0,68067.0,0.551,,NO DATA,-0.5684,-1.1064,-1.9913
2015-07-15,-0.5,DRAIN,0.79,INJECTION,2620137.0,NERVOUS,1.4628,176411.0,23422.0,0.4703,,NO DATA,-0.538,-1.1587,-1.5864
2015-07-22,-0.2,NEUTRAL,1.04,INJECTION,2631543.0,NERVOUS,-0.4969,194772.0,21117.0,0.6228,,NO DATA,-0.6207,-0.8848,-1.2355
2015-07-29,-0.83,DRAIN,0.4,NEUTRAL,2624646.0,NERVOUS,0.2192,196825.0,13051.0,-0.7418,,NO DATA,-0.2641,-0.4277,-0.9555
2015-08-05,-0.2,NEUTRAL,0.47,NEUTRAL,2598529.0,NERVOUS,-0.1491,203501.0,54936.0,-0.9553,,NO DATA,-0.1636,-0.3506,-1.0279
2015-08-12,-0.83,DRAIN,1.04,INJECTION,2558957.0,NERVOUS,0.7759,196323.0,9694.0,0.6825,,NO DATA,-0.187,-0.5278,-0.6428
2015-08-19,-0.83,DRAIN,1.32,INJECTION,2528568.0,NERVOUS,-0.084,177883.0,67835.0,1.2703,,NO DATA,-0.3408,-0.6772,0.265
2015-08-26,-0.2,NEUTRAL,1.05,INJECTION,2682256.0,NERVOUS,1.2507,128581.0,41757.0,0.7795,,NO DATA,-0.3364,-0.115,-0.8009
2015-09-02,-0.2,NEUTRAL,0.45,NEUTRAL,2682003.0,NERVOUS,0.1729,120354.0,57255.0,-1.0093,,NO DATA,0.2215,0.9423,0.1407
2015-09-09,-0.2,NEUTRAL,1.45,INJECTION,2731228.0,NERVOUS,0.9122,85792.0,70033.0,0.6885,,NO DATA,0.4636,-0.7317,0.8965
2015-09-16,-1.17,DRAIN,0.38,NEUTRAL,2696511.0,NERVOUS,-0.8342,117411.0,-84704.0,-0.3309,,NO DATA,-1.1953,-0.8349,1.0276
2015-09-23,-1.17,DRAIN,0.51,INJECTION,2622865.0,NERVOUS,-2.0648,153512.0,-91669.0,0.2334,,NO DATA,0.3604,1.6283,0.913
2015-09-30,-0.6,DRAIN,-0.2,NEUTRAL,2514321.0,NERVOUS,-1.4368,145165.0,-26650.0,-1.1304,,NO DATA,1.2678,1.8625,0.7567
2015-10-07,-0.5,DRAIN,0.69,INJECTION,2632633.0,NERVOUS,3.5764,83381.0,22309.0,-0.3447,,NO DATA,0.5947,-0.7152,-1.9106
2015-10-14,0.2,NEUTRAL,1.17,INJECTION,2697180.0,NERVOUS,1.416,66439.0,7166.0,0.8308,,NO DATA,-1.2498,-1.951,-3.044
2015-10-21,-0.6,DRAIN,0.54,INJECTION,2693306.0,NERVOUS,-1.3384,60403.0,-3433.0,0.6524,,NO DATA,-0.7012,-0.7211,-1.5737
2015-10-28,-0.2,NEUTRAL,1.12,INJECTION,2657762.0,NERVOUS,-0.0691,47100.0,24891.0,1.1735,,NO DATA,-0.0199,-1.093,-1.3734
2015-11-04,0.2,NEUTRAL,0.67,INJECTION,2642566.0,NERVOUS,1.5297,29795.0,87767.0,-0.5451,,NO DATA,-1.073,-0.8526,-1.322
2015-11-11,-0.6,DRAIN,1.24,INJECTION,2655976.0,NERVOUS,-1.1659,107125.0,37892.0,0.9912,,NO DATA,0.1988,-0.4336,-0.8172
2015-11-18,-0.6,DRAIN,1.02,INJECTION,2634137.0,NERVOUS,-1.6277,133021.0,45563.0,0.5519,,NO DATA,-0.6324,0.0257,-1.52
2015-11-25,-0.2,NEUTRAL,1.04,INJECTION,2553608.0,NERVOUS,-0.4323,163491.0,35548.0,0.5886,,NO DATA,0.6581,-0.3836,-0.6782
2015-12-02,-0.2,NEUTRAL,0.39,NEUTRAL,2518901.0,NERVOUS,-0.767,212756.0,41363.0,-0.946,,NO DATA,-0.5598,-1.9309,-2.2307
2015-12-09,-0.83,DRAIN,0.95,INJECTION,2523870.0,NERVOUS,0.5912,186624.0,75811.0,0.3108,,NO DATA,-1.3712,-0.694,-2.4169
2015-12-16,-0.83,DRAIN,0.29,NEUTRAL,2535562.0,NERVOUS,-0.3472,196343.0,-57739.0,-0.2572,,NO DATA,0.6772,-0.2998,-1.7405
2015-12-23,-1.0,DRAIN,0.56,INJECTION,2408573.0,CRITICAL,-3.3561,267608.0,-51463.0,0.4009,,NO DATA,-0.977,-1.7229,-2.2083
2015-12-30,-1.75,DRAIN,0.08,NEUTRAL,2306241.0,CRITICAL,-3.2566,290467.0,-39484.0,-0.5845,,NO DATA,-1.4603,-2.0937,-0.2281
2016-01-06,-0.2,NEUTRAL,0.16,NEUTRAL,2121654.0,CRITICAL,2.7593,333220.0,-8933.0,-0.504,,NO DATA,-0.6372,-0.7446,0.3171
2016-01-13,-0.2,NEUTRAL,0.46,NEUTRAL,2421899.0,CRITICAL,2.1728,302983.0,-5062.0,0.3454,,NO DATA,-0.1074,0.6693,1.3034
2016-01-20,-0.6,DRAIN,-0.15,NEUTRAL,2454769.0,CRITICAL,-0.4229,285318.0,-47598.0,-0.9882,,NO DATA,0.3716,1.6142,1.5742
2016-01-27,-1.5,DRAIN,0.54,INJECTION,2395752.0,CRITICAL,-1.119,341996.0,-47161.0,1.0012,,NO DATA,1.4164,0.905,0.7416
2016-02-03,-0.6,DRAIN,1.34,INJECTION,2374971.0,CRITICAL,0.4721,350858.0,70995.0,1.8515,,NO DATA,-0.5114,-0.3118,0.8507
2016-02-10,-0.6,DRAIN,1.48,INJECTION,2441826.0,CRITICAL,1.2487,317303.0,82744.0,3.0174,,NO DATA,0.1996,-0.1634,2.1631
2016-02-17,-0.6,DRAIN,1.16,INJECTION,2478361.0,CRITICAL,1.0621,266760.0,110719.0,0.922,,NO DATA,-0.0285,0.5656,3.0718
2016-02-24,-0.6,DRAIN,1.31,INJECTION,2421445.0,CRITICAL,1.1047,237950.0,80357.0,1.1457,,NO DATA,0.594,1.3286,1.8667
2016-03-02,-0.6,DRAIN,0.7,INJECTION,2481508.0,CRITICAL,-0.3336,237207.0,77699.0,-0.3555,,NO DATA,0.7345,2.5062,2.9833
2016-03-09,-0.83,DRAIN,1.17,INJECTION,2515893.0,NERVOUS,0.6091,211443.0,84798.0,0.7052,,NO DATA,1.7717,0.5382,1.3711
2016-03-16,-1.17,DRAIN,0.29,NEUTRAL,2499512.0,CRITICAL,-0.4733,235634.0,-9031.0,-0.5555,,NO DATA,-1.2335,0.4771,0.2504
2016-03-23,-1.0,DRAIN,1.46,INJECTION,2422534.0,CRITICAL,-1.82,296956.0,9369.0,1.0153,,NO DATA,1.7106,0.8329,1.7699
2016-03-30,-1.5,DRAIN,0.98,INJECTION,2408417.0,CRITICAL,-1.3274,284660.0,41063.0,-0.354,,NO DATA,-0.8777,-0.2267,0.6432
2016-04-06,-0.2,NEUTRAL,1.03,INJECTION,2391977.0,CRITICAL,2.9778,264323.0,56912.0,-0.5826,,NO DATA,0.651,0.937,0.5849
2016-04-13,-0.6,DRAIN,1.43,INJECTION,2496830.0,CRITICAL,1.2211,239635.0,4679.0,0.4832,,NO DATA,0.286,0.8698,-0.4749
2016-04-20,-1.5,DRAIN,0.48,NEUTRAL,2470250.0,CRITICAL,-1.2751,268785.0,-128152.0,-0.2241,,NO DATA,0.5838,-0.3522,-2.143
2016-04-27,-1.5,DRAIN,0.6,INJECTION,2374158.0,CRITICAL,-2.2034,346166.0,-102992.0,0.7429,,NO DATA,-0.936,-1.3447,-2.4276
2016-05-04,-0.6,DRAIN,0.8,INJECTION,2361000.0,CRITICAL,0.2015,336357.0,18303.0,-0.0403,,NO DATA,-0.4087,-1.7908,-1.0862
2016-05-11,-0.6,DRAIN,0.85,INJECTION,2401680.0,CRITICAL,0.6379,315369.0,34403.0,0.7069,,NO DATA,-1.3821,-1.0829,-0.3693
2016-05-18,-1.17,DRAIN,0.89,INJECTION,2416214.0,CRITICAL,-0.4121,295339.0,51063.0,0.8926,,NO DATA,0.2992,0.7046,0.6254
2016-05-25,-1.17,DRAIN,0.83,INJECTION,2332537.0,CRITICAL,0.2968,268619.0,39133.0,0.8747,,NO DATA,0.4054,0.7136,-0.2117
2016-06-01,-0.6,DRAIN,1.27,INJECTION,2393953.0,CRITICAL,0.1348,267948.0,49176.0,2.4879,,NO DATA,1.6496,0.1977,0.2628
2016-06-08,-0.6,DRAIN,0.75,INJECTION,2429639.0,CRITICAL,1.2944,236351.0,62553.0,0.3325,,NO DATA,-1.4518,0.3214,-1.5956
2016-06-15,-1.17,DRAIN,-0.75,DRAIN,2449153.0,CRITICAL,0.657,231257.0,-52663.0,-3.4782,,NO DATA,1.7732,0.0651,-0.0438
2016-06-22,-1.0,DRAIN,-1.17,DRAIN,2361897.0,CRITICAL,-3.2863,316838.0,-84256.0,0.2303,,NO DATA,-1.7081,-1.917,-2.4432
2016-06-29,-1.5,DRAIN,-1.41,DRAIN,2256344.0,CRITICAL,-2.1744,337093.0,-13379.0,-0.4128,,NO DATA,-0.2088,-0.1089,0.2565
2016-07-06,-0.2,NEUTRAL,-0.75,DRAIN,2253410.0,CRITICAL,2.4516,303297.0,54739.0,0.0015,,NO DATA,0.7201,-0.0417,0.5904
2016-07-13,-0.6,DRAIN,0.21,NEUTRAL,2310766.0,CRITICAL,0.5846,316064.0,-265.0,0.5598,,NO DATA,-0.7618,-0.8643,0.515
2016-07-20,-0.6,DRAIN,0.96,INJECTION,2327654.0,CRITICAL,-0.86,329150.0,17407.0,0.6033,,NO DATA,-0.1025,0.6321,2.0732
2016-07-27,-1.17,DRAIN,1.08,INJECTION,2322008.0,CRITICAL,-0.0281,325499.0,32240.0,0.7616,,NO DATA,0.7346,1.3794,1.3994
2016-08-03,-0.6,DRAIN,1.23,INJECTION,2332761.0,CRITICAL,0.7023,298813.0,82246.0,0.8202,,NO DATA,0.6448,1.4411,-0.2308
2016-08-10,-0.6,DRAIN,0.98,INJECTION,2395226.0,CRITICAL,0.7078,259832.0,29068.0,0.371,,NO DATA,0.7963,0.02,-0.7108
2016-08-17,-1.17,DRAIN,1.2,INJECTION,2328544.0,CRITICAL,-0.1113,260810.0,63257.0,0.7273,,NO DATA,-0.7763,-1.6719,-2.562
2016-08-24,-1.17,DRAIN,1.2,INJECTION,2358138.0,CRITICAL,-0.0052,254376.0,29575.0,0.7526,,NO DATA,-0.8956,-0.7308,-1.3791
2016-08-31,-1.0,DRAIN,0.6,INJECTION,2337960.0,CRITICAL,-2.7102,274195.0,28595.0,-0.4925,,NO DATA,0.1648,-0.8901,-0.0954
2016-09-07,-0.83,DRAIN,0.73,INJECTION,2373809.0,CRITICAL,3.2853,236154.0,56595.0,-0.5853,,NO DATA,-1.0862,-0.8929,-1.5575
2016-09-14,-1.17,DRAIN,0.27,NEUTRAL,2368491.0,CRITICAL,0.7217,243082.0,-17254.0,-0.9571,,NO DATA,0.1933,0.1674,-1.0925
2016-09-21,-1.5,DRAIN,0.54,INJECTION,2244467.0,CRITICAL,-5.2304,340448.0,-89519.0,0.3195,,NO DATA,-0.0258,-0.6645,-1.453
2016-09-28,-1.3,DRAIN,1.12,INJECTION,2131792.0,CRITICAL,-3.2288,351700.0,3028.0,0.8765,,NO DATA,-0.6387,-1.2599,-1.5948
2016-10-05,-0.9,DRAIN,0.71,INJECTION,1999935.0,CRITICAL,-0.3747,347760.0,53096.0,-0.4836,,NO DATA,-0.6212,-0.7885,-0.5087
2016-10-12,-0.83,DRAIN,1.38,INJECTION,2129766.0,CRITICAL,2.6001,356185.0,28317.0,1.1332,,NO DATA,0.1941,-0.5058,-2.0166
2016-10-19,-0.6,DRAIN,1.16,INJECTION,2147216.0,CRITICAL,-0.7477,391988.0,5542.0,0.7466,,NO DATA,-0.6999,-0.3203,-3.6282
2016-10-26,-1.17,DRAIN,1.11,INJECTION,2061583.0,CRITICAL,-0.009,429027.0,30935.0,0.9373,,NO DATA,0.3796,-1.5108,-3.0424
2016-11-02,-1.17,DRAIN,0.69,INJECTION,2107987.0,CRITICAL,-0.6192,417665.0,68904.0,-0.4485,,NO DATA,-1.8904,-3.3078,-2.8877
2016-11-09,-0.2,NEUTRAL,1.02,INJECTION,2175670.0,CRITICAL,2.2981,376217.0,88621.0,0.5176,,NO DATA,-1.4175,-1.5316,-0.8406
2016-11-16,-0.6,DRAIN,0.88,INJECTION,2167766.0,CRITICAL,-0.2764,400625.0,47133.0,0.0273,,NO DATA,-0.9584,-0.356,-1.2445
2016-11-23,-1.17,DRAIN,1.04,INJECTION,2130901.0,CRITICAL,0.2485,399665.0,65254.0,0.4672,,NO DATA,0.6024,0.6271,-0.6465
2016-11-30,-1.3,DRAIN,0.67,INJECTION,2096684.0,CRITICAL,-2.998,409360.0,15514.0,-0.256,,NO DATA,0.5375,-0.9672,-0.5782
2016-12-07,-0.83,DRAIN,0.54,INJECTION,2143979.0,CRITICAL,2.3777,343355.0,66436.0,-0.9085,,NO DATA,-1.5046,-1.5165,-1.1701
2016-12-14,-0.2,NEUTRAL,0.95,INJECTION,2138296.0,CRITICAL,1.4654,324525.0,1285.0,-0.3007,,NO DATA,-0.0119,0.3889,1.3066
2016-12-21,-1.3,DRAIN,0.56,INJECTION,2023009.0,CRITICAL,-5.1239,388497.0,-52065.0,0.2697,,NO DATA,0.4008,0.3464,1.5995
2016-12-28,-1.42,DRAIN,1.32,INJECTION,1952555.0,CRITICAL,-0.6958,380679.0,12922.0,0.9561,,NO DATA,0.2643,0.5703,2.0774
2017-01-04,-1.42,DRAIN,0.84,INJECTION,1845396.0,CRITICAL,1.3821,387989.0,31945.0,-0.2471,,NO DATA,0.1698,0.6387,1.6652
2017-01-11,-0.2,NEUTRAL,1.02,INJECTION,2068178.0,CRITICAL,3.2262,372492.0,23416.0,0.4403,,NO DATA,0.4689,0.91,1.2444
2017-01-18,-1.17,DRAIN,0.28,NEUTRAL,2148195.0,CRITICAL,1.1056,366090.0,-31333.0,-0.0786,,NO DATA,1.0569,2.3018,1.6312
2017-01-25,-0.6,DRAIN,0.39,NEUTRAL,2116497.0,CRITICAL,-0.2753,390842.0,-60697.0,0.5507,,NO DATA,1.1775,0.8304,1.254
2017-02-01,-0.6,DRAIN,1.38,INJECTION,2155126.0,CRITICAL,-0.2106,374841.0,30946.0,2.713,,NO DATA,-0.3472,-0.0893,-0.6372
2017-02-08,-0.2,NEUTRAL,1.13,INJECTION,2220721.0,CRITICAL,2.0849,305735.0,81022.0,1.3383,,NO DATA,0.2579,0.4236,-0.2655
2017-02-15,-1.17,DRAIN,1.44,INJECTION,2246912.0,CRITICAL,0.2996,309919.0,86314.0,3.5694,,NO DATA,0.1658,-0.5479,0.6302
2017-02-22,-0.6,DRAIN,1.48,INJECTION,2239022.0,CRITICAL,-0.1747,258292.0,85392.0,2.137,,NO DATA,-1.0241,-1.1551,0.7489
2017-03-01,-0.2,NEUTRAL,1.5,INJECTION,2261623.0,CRITICAL,2.3294,175496.0,117150.0,1.7494,,NO DATA,-0.1309,1.2032,2.0047
2017-03-08,-1.42,DRAIN,1.17,INJECTION,2343906.0,CRITICAL,0.7993,88220.0,97343.0,0.7079,,NO DATA,1.3342,1.904,1.7052
2017-03-15,-0.9,DRAIN,1.03,INJECTION,2360216.0,CRITICAL,1.0817,38579.0,34862.0,-0.1077,,NO DATA,0.5698,0.8014,0.8175
2017-03-22,-0.9,DRAIN,1.25,INJECTION,2311413.0,CRITICAL,-1.1438,70827.0,20603.0,0.407,,NO DATA,0.2316,-0.1988,0.1468
2017-03-29,-0.9,DRAIN,0.93,INJECTION,2308932.0,CRITICAL,-0.2965,65187.0,37849.0,-0.4984,,NO DATA,-0.4304,0.016,-0.4097
2017-04-05,-0.2,NEUTRAL,0.97,INJECTION,2233858.0,CRITICAL,1.6097,89210.0,53578.0,-0.6005,,NO DATA,0.4464,0.3456,0.0954
2017-04-12,-0.6,DRAIN,1.56,INJECTION,2358407.0,CRITICAL,1.0916,122218.0,7483.0,0.8113,,NO DATA,-0.1008,-0.4257,-0.489
2017-04-19,-1.5,DRAIN,0.49,NEUTRAL,2343340.0,CRITICAL,-1.3763,164543.0,-121122.0,-0.038,,NO DATA,-0.3249,-0.2502,0.3079
2017-04-26,-1.0,DRAIN,0.61,INJECTION,2239041.0,CRITICAL,-2.0142,234219.0,-156187.0,0.829,,NO DATA,0.0747,-0.0633,1.4204
2017-05-03,-1.5,DRAIN,1.17,INJECTION,2173987.0,CRITICAL,-1.791,244655.0,3969.0,1.1152,,NO DATA,-0.138,0.558,1.5054
2017-05-10,-0.6,DRAIN,1.05,INJECTION,2232191.0,CRITICAL,1.1697,199013.0,35209.0,0.8956,,NO DATA,0.696,1.4837,1.8514
2017-05-17,-0.6,DRAIN,0.88,INJECTION,2240327.0,CRITICAL,0.6531,186080.0,43615.0,0.8634,,NO DATA,0.7876,0.9474,1.4577
2017-05-24,-0.6,DRAIN,0.69,INJECTION,2222412.0,CRITICAL,0.1184,167165.0,20278.0,0.4923,,NO DATA,0.1597,0.3678,0.4468
2017-05-31,-1.75,DRAIN,-0.57,DRAIN,2221628.0,CRITICAL,-2.0877,170984.0,5226.0,0.3322,,NO DATA,0.4127,0.3811,1.1569
2017-06-07,-0.2,NEUTRAL,0.12,NEUTRAL,2272308.0,CRITICAL,2.7799,152444.0,49259.0,-0.9948,,NO DATA,-0.0316,-0.2927,0.4627
2017-06-14,-1.17,DRAIN,-0.29,NEUTRAL,2274716.0,CRITICAL,0.3548,153646.0,-12328.0,-0.7645,,NO DATA,-0.2611,0.7758,1.7543
2017-06-21,-1.0,DRAIN,-1.23,DRAIN,2209820.0,CRITICAL,-2.3164,212275.0,-77134.0,0.0367,,NO DATA,1.0369,0.7554,2.6643
2017-06-28,-1.75,DRAIN,-0.36,NEUTRAL,2162742.0,CRITICAL,-1.7703,208365.0,4159.0,1.0358,,NO DATA,-0.2815,0.9785,1.8729
2017-07-05,-0.5,DRAIN,-0.73,DRAIN,2076340.0,CRITICAL,1.4771,177006.0,62358.0,0.0352,,NO DATA,0.7894,1.9483,2.3279
2017-07-12,-0.2,NEUTRAL,-0.43,NEUTRAL,2220769.0,CRITICAL,1.636,171033.0,17356.0,0.7172,,NO DATA,1.1588,1.1908,1.215
2017-07-19,-1.17,DRAIN,0.91,INJECTION,2254092.0,CRITICAL,0.8569,180400.0,11894.0,0.7845,,NO DATA,0.032,0.3796,0.076
2017-07-26,-0.6,DRAIN,1.01,INJECTION,2280565.0,CRITICAL,0.4527,191404.0,31415.0,0.8512,,NO DATA,0.3477,0.0242,0.4212
2017-08-02,-0.6,DRAIN,0.41,NEUTRAL,2271315.0,CRITICAL,-0.0816,180348.0,54155.0,-0.892,,NO DATA,-0.3234,-0.3036,0.4242
2017-08-09,-0.6,DRAIN,0.95,INJECTION,2332293.0,CRITICAL,1.1544,149862.0,75759.0,0.5215,,NO DATA,0.0198,0.397,2.1842
2017-08-16,-1.17,DRAIN,0.83,INJECTION,2336388.0,CRITICAL,0.5648,130954.0,65099.0,-0.0341,,NO DATA,0.3772,0.7278,1.6964
2017-08-23,-1.17,DRAIN,1.15,INJECTION,2359640.0,CRITICAL,-0.6395,82077.0,70353.0,0.7016,,NO DATA,0.3506,1.7872,0.9133
2017-08-30,-0.6,DRAIN,0.48,NEUTRAL,2364546.0,CRITICAL,0.7894,61057.0,22278.0,-0.6354,,NO DATA,1.4366,0.9687,-0.6551
2017-09-06,-0.6,DRAIN,0.79,INJECTION,2366129.0,CRITICAL,0.6022,37563.0,57198.0,-0.3431,,NO DATA,-0.642,-0.9259,-2.435
2017-09-13,-1.17,DRAIN,0.55,INJECTION,2358933.0,CRITICAL,0.1052,70232.0,-12811.0,-0.0644,,NO DATA,-0.2839,-1.4838,-1.507
2017-09-20,-1.0,DRAIN,0.52,INJECTION,2292801.0,CRITICAL,-2.6315,127782.0,-86890.0,0.3608,,NO DATA,-1.1999,-1.5091,-1.9191
2017-09-27,-1.75,DRAIN,0.49,NEUTRAL,2212709.0,CRITICAL,-2.2063,164652.0,-2315.0,0.7123,,NO DATA,-0.3092,-0.0232,-1.7157
2017-10-04,-0.6,DRAIN,0.73,INJECTION,2149215.0,CRITICAL,1.2362,160433.0,64882.0,-0.3332,,NO DATA,0.286,-0.41,-1.2183
2017-10-11,-0.6,DRAIN,1.35,INJECTION,2264498.0,CRITICAL,0.9364,169766.0,30652.0,1.1486,,NO DATA,-0.1292,-1.1952,-1.1238
2017-10-18,-0.6,DRAIN,1.15,INJECTION,2281294.0,CRITICAL,0.2271,178974.0,9892.0,0.7875,,NO DATA,-1.0661,-0.9812,-0.4905
2017-10-25,-1.17,DRAIN,1.26,INJECTION,2243832.0,CRITICAL,-0.3973,196332.0,39488.0,1.0333,,NO DATA,0.0848,0.0714,1.3782
2017-11-01,-0.6,DRAIN,1.6,INJECTION,2243215.0,CRITICAL,0.5406,193546.0,66504.0,2.8968,,NO DATA,-0.0134,0.4907,1.0365
2017-11-08,-1.17,DRAIN,1.15,INJECTION,2311929.0,CRITICAL,0.7437,177780.0,93346.0,0.6217,,NO DATA,0.5041,1.3067,0.4308
2017-11-15,-0.6,DRAIN,1.66,INJECTION,2336255.0,CRITICAL,0.7701,174631.0,69378.0,2.856,,NO DATA,1.113,1.0073,0.1156
2017-11-22,-1.17,DRAIN,1.03,INJECTION,2339907.0,CRITICAL,-0.0759,163579.0,67833.0,0.3835,,NO DATA,-0.1057,-1.0863,-0.9718
2017-11-29,-1.17,DRAIN,0.41,NEUTRAL,2294895.0,CRITICAL,-0.8526,172282.0,5191.0,-0.747,,NO DATA,-0.4994,-0.5638,0.3496
2017-12-06,-0.6,DRAIN,0.59,INJECTION,2325090.0,CRITICAL,0.8074,127586.0,68042.0,-0.7981,,NO DATA,-0.0644,0.1254,1.3136
2017-12-13,-0.6,DRAIN,1.18,INJECTION,2352562.0,CRITICAL,-0.0016,76208.0,11504.0,0.1596,,NO DATA,0.1898,0.9134,2.5229
2017-12-20,-1.17,DRAIN,0.62,INJECTION,2269164.0,CRITICAL,-1.6265,155612.0,-49155.0,0.3365,,NO DATA,0.7236,1.1882,2.6317
2017-12-27,-1.17,DRAIN,0.65,INJECTION,2201425.0,CRITICAL,-1.2878,190283.0,-7342.0,0.7524,,NO DATA,1.0608,1.4722,3.1257
2018-01-03,-0.6,DRAIN,1.3,INJECTION,2045930.0,CRITICAL,-0.2461,211566.0,19713.0,1.1024,,NO DATA,-0.0099,1.4089,2.182
2018-01-10,-0.83,DRAIN,1.06,INJECTION,2232897.0,CRITICAL,1.9842,206215.0,22001.0,0.6021,,NO DATA,1.4187,2.5885,1.1301
2018-01-17,-0.6,DRAIN,0.41,NEUTRAL,2249899.0,CRITICAL,0.2161,227665.0,-20955.0,0.3315,,NO DATA,1.4547,1.4718,1.0043
2018-01-24,-0.6,DRAIN,0.32,NEUTRAL,2210944.0,CRITICAL,-1.3148,269118.0,-47879.0,0.4015,,NO DATA,0.017,-1.6733,-1.0977
2018-01-31,-0.6,DRAIN,-0.01,NEUTRAL,2203630.0,CRITICAL,-1.2729,270244.0,-3317.0,-0.1907,,NO DATA,-1.6903,-0.4675,-1.7445
2018-02-07,-0.2,NEUTRAL,0.48,NEUTRAL,2244845.0,CRITICAL,2.0941,203936.0,61302.0,-0.2875,,NO DATA,1.2228,0.5756,0.3319
2018-02-14,-0.6,DRAIN,1.03,INJECTION,2253929.0,CRITICAL,0.7191,197681.0,33473.0,1.2079,,NO DATA,-0.6472,-1.277,-1.2336
2018-02-21,-1.17,DRAIN,1.08,INJECTION,2223380.0,CRITICAL,-1.1159,214677.0,72095.0,1.09,,NO DATA,-0.6189,-0.0518,0.6365
2018-02-28,-0.6,DRAIN,1.32,INJECTION,2232947.0,CRITICAL,-0.1335,202620.0,103005.0,1.1686,,NO DATA,0.5671,0.0955,0.7709
2018-03-07,-0.6,DRAIN,0.74,INJECTION,2252016.0,CRITICAL,0.9758,195071.0,102145.0,-0.3956,,NO DATA,0.0595,0.4796,0.4429
2018-03-14,-1.17,DRAIN,1.1,INJECTION,2204829.0,CRITICAL,-0.821,249929.0,32189.0,0.3811,,NO DATA,0.42,0.6718,0.8973
2018-03-21,-1.0,DRAIN,1.31,INJECTION,2123587.0,CRITICAL,-2.1235,316454.0,34661.0,0.5475,,NO DATA,0.3052,0.2459,0.4396
2018-03-28,-0.7,DRAIN,1.42,INJECTION,2113321.0,CRITICAL,-0.215,318858.0,54398.0,0.6354,,NO DATA,-0.0592,0.3482,-1.5669
2018-04-04,-0.7,DRAIN,1.04,INJECTION,2094045.0,CRITICAL,0.5468,303916.0,87010.0,-0.5622,-1.0,SAFE,0.4075,0.1937,-2.2508
2018-04-11,-0.7,DRAIN,1.47,INJECTION,2119965.0,CRITICAL,0.236,294083.0,30733.0,0.5754,1.0,SAFE,-0.2137,-1.9151,-2.8612
2018-04-18,-0.7,DRAIN,0.57,INJECTION,2141390.0,CRITICAL,0.2299,275246.0,-128698.0,0.0736,0.0,SAFE,-1.7014,-2.4445,-3.5046
2018-04-25,-1.58,DRAIN,0.56,INJECTION,2052590.0,CRITICAL,-2.1217,359599.0,-183803.0,0.6959,-4.0,SAFE,-0.7432,-0.9461,-1.9235
2018-05-02,-1.58,DRAIN,0.19,NEUTRAL,1994584.0,CRITICAL,-1.4987,399984.0,-28075.0,0.0573,0.0,SAFE,-0.2029,-1.06,-1.483
2018-05-09,-0.3,NEUTRAL,1.06,INJECTION,2025750.0,CRITICAL,1.3196,353741.0,75320.0,0.8084,-3.0,SAFE,-0.8571,-0.9774,-1.5297
2018-05-16,-0.7,DRAIN,0.83,INJECTION,2036270.0,CRITICAL,-0.0985,337258.0,64183.0,0.4397,0.0,SAFE,-0.1203,-0.4229,-1.7649
2018-05-23,-1.25,DRAIN,0.82,INJECTION,2021946.0,CRITICAL,0.2515,326445.0,64313.0,0.8301,-8.0,SAFE,-0.3026,-0.5523,-1.6151
2018-05-30,-1.25,DRAIN,0.54,INJECTION,2019681.0,CRITICAL,-0.2398,325351.0,19070.0,0.1024,-3.0,SAFE,-0.0739,-0.7735,-1.6395
2018-06-06,-0.7,DRAIN,0.23,NEUTRAL,2029579.0,CRITICAL,0.2527,294069.0,61097.0,-0.7648,-2.0,SAFE,-0.6995,-1.3631,-0.5079
2018-06-13,-1.25,DRAIN,-0.03,NEUTRAL,2057269.0,CRITICAL,0.8069,281188.0,-1084.0,-0.0764,-4.0,SAFE,-0.6636,-0.866,-0.1875
2018-06-20,-1.1,DRAIN,-1.19,DRAIN,1971983.0,CRITICAL,-1.9277,352777.0,-60808.0,0.1502,-8.0,SAFE,-0.2024,0.8552,0.2553
2018-06-27,-0.7,DRAIN,-0.46,NEUTRAL,1940847.0,CRITICAL,-1.3104,373940.0,5696.0,0.7625,-5.0,SAFE,1.0577,0.6785,0.9077
2018-07-04,-0.7,DRAIN,-0.29,NEUTRAL,1917987.0,CRITICAL,0.972,336026.0,75015.0,1.2288,5.0,WATCH,0.175,-0.8544,-0.1696
2018-07-11,-0.7,DRAIN,0.72,INJECTION,1958085.0,CRITICAL,0.37,326476.0,26168.0,0.5843,-6.0,SAFE,-1.0293,-0.123,-0.5315
2018-07-18,-1.25,DRAIN,1.08,INJECTION,1967119.0,CRITICAL,-0.0595,324457.0,26599.0,0.8301,-5.0,SAFE,0.9063,0.6847,-0.6092
2018-07-25,-0.7,DRAIN,1.35,INJECTION,1947119.0,CRITICAL,-0.8347,348886.0,35705.0,1.0184,-8.0,SAFE,-0.2216,-0.4085,-1.0351
2018-08-01,-1.25,DRAIN,1.72,INJECTION,1937548.0,CRITICAL,-0.6298,351523.0,73204.0,3.03,-7.0,SAFE,-0.1869,-1.2939,-0.8113
2018-08-08,-0.7,DRAIN,1.2,INJECTION,1951389.0,CRITICAL,0.6806,326471.0,88145.0,0.5361,-7.0,SAFE,-1.107,-0.6267,-1.0543
2018-08-15,-1.25,DRAIN,1.79,INJECTION,1922547.0,CRITICAL,-1.1219,342799.0,78697.0,3.4618,3.0,SAFE,0.4803,0.4826,0.5043
2018-08-22,-1.25,DRAIN,1.18,INJECTION,1883254.0,CRITICAL,-0.1676,348393.0,78296.0,0.425,-5.0,SAFE,0.0023,-0.4276,0.5121
2018-08-29,-1.25,DRAIN,0.54,INJECTION,1883924.0,CRITICAL,-0.0971,342543.0,24060.0,-0.7703,-2.0,SAFE,-0.4299,0.0217,0.2484
2018-09-05,-0.7,DRAIN,0.97,INJECTION,1895010.0,CRITICAL,0.2372,323764.0,68657.0,-0.2129,0.0,SAFE,0.6309,1.0072,-0.0344
2018-09-12,-1.25,DRAIN,0.72,INJECTION,1920976.0,CRITICAL,0.5437,303654.0,-142.0,0.0584,-1.0,SAFE,0.3764,-0.0456,-0.3881
2018-09-19,-1.25,DRAIN,0.58,INJECTION,1879896.0,CRITICAL,-1.0901,335878.0,-63552.0,0.1368,-3.0,SAFE,-0.422,-1.0416,-1.1897
2018-09-26,-0.7,DRAIN,0.57,INJECTION,1832500.0,CRITICAL,-1.191,370031.0,-7687.0,0.4985,-3.0,SAFE,-0.6197,-0.3425,-1.3032
2018-10-03,-1.25,DRAIN,1.23,INJECTION,1801576.0,CRITICAL,-0.3539,368007.0,38710.0,0.9015,0.0,SAFE,0.2772,-0.1481,-0.8303
2018-10-10,-0.7,DRAIN,1.3,INJECTION,1865065.0,CRITICAL,1.2107,324721.0,69702.0,0.9716,-5.0,SAFE,-0.3564,-0.9356,-1.0789
2018-10-17,-0.7,DRAIN,1.21,INJECTION,1853533.0,CRITICAL,-0.1934,332923.0,15183.0,0.8464,-2.0,SAFE,-0.5792,-0.91,-0.9622
2018-10-24,-1.25,DRAIN,1.24,INJECTION,1817608.0,CRITICAL,-1.1789,369576.0,19949.0,0.9688,-2.0,SAFE,-0.3308,-0.1433,-0.9806
2018-10-31,-1.25,DRAIN,0.86,INJECTION,1802252.0,CRITICAL,-0.935,373368.0,20897.0,0.3598,2.0,SAFE,0.1875,-0.0522,-0.0348
2018-11-07,-0.3,NEUTRAL,0.61,INJECTION,1826131.0,CRITICAL,1.556,319984.0,80470.0,-0.6344,-2.0,SAFE,-0.2397,-0.8373,-0.954
2018-11-14,-1.25,DRAIN,1.2,INJECTION,1801383.0,CRITICAL,-0.4172,341094.0,23593.0,1.1885,0.0,SAFE,-0.0734,-0.0233,-0.0582
2018-11-21,-0.7,DRAIN,1.0,INJECTION,1757729.0,CRITICAL,-1.1658,330202.0,62584.0,0.5045,-2.0,SAFE,0.0501,-0.1749,0.2176
2018-11-28,-0.7,DRAIN,1.16,INJECTION,1738659.0,CRITICAL,-0.1245,340596.0,23947.0,0.897,-1.0,SAFE,0.0964,-0.5091,0.5435
2018-12-05,-1.25,DRAIN,0.53,INJECTION,1738141.0,CRITICAL,-0.2354,337564.0,97278.0,-0.8057,7.0,WATCH,0.0023,0.3277,1.5901
2018-12-12,-0.7,DRAIN,0.98,INJECTION,1735539.0,CRITICAL,0.1766,334967.0,14162.0,0.2451,0.0,SAFE,0.3254,0.5803,1.7824
2018-12-19,-1.25,DRAIN,0.56,INJECTION,1699138.0,CRITICAL,-0.6744,350714.0,-23529.0,0.316,10.0,WATCH,0.2549,1.2624,1.2509
2018-12-26,-0.7,DRAIN,0.62,INJECTION,1661223.0,CRITICAL,-0.7252,374085.0,-28245.0,0.4808,4.0,SAFE,0.8754,1.6976,1.7101
2019-01-02,-0.7,DRAIN,1.24,INJECTION,1621856.0,CRITICAL,-1.1228,379902.0,12674.0,0.821,75.0,CRISIS,1.2313,0.7867,1.3829
2019-01-09,-1.25,DRAIN,1.12,INJECTION,1650387.0,CRITICAL,1.0476,356698.0,42578.0,0.5572,5.0,WATCH,-0.4446,-0.0023,-0.8568
2019-01-16,-1.25,DRAIN,0.21,NEUTRAL,1664138.0,CRITICAL,0.006,351180.0,-11385.0,-0.3469,3.0,SAFE,0.3426,0.575,-0.507
2019-01-23,-1.1,DRAIN,0.28,NEUTRAL,1621876.0,CRITICAL,-1.3938,389626.0,-50747.0,0.0391,0.0,SAFE,0.9355,0.1603,0.4118
2019-01-30,-1.25,DRAIN,0.31,NEUTRAL,1617539.0,CRITICAL,-0.2907,403276.0,-26190.0,0.2561,-1.0,SAFE,-0.7751,-1.357,-1.0008
2019-02-06,-0.7,DRAIN,0.68,INJECTION,1648553.0,CRITICAL,1.0078,352375.0,82046.0,-0.1651,-2.0,SAFE,-0.5819,0.2514,-0.7512
2019-02-13,-1.25,DRAIN,1.17,INJECTION,1649973.0,CRITICAL,-0.1205,359109.0,45671.0,1.3364,-2.0,SAFE,0.8333,0.3562,0.5784
2019-02-20,-1.25,DRAIN,1.28,INJECTION,1632580.0,CRITICAL,-0.6101,333896.0,83716.0,1.3238,-1.0,SAFE,0.271,-0.8544,0.2984
2019-02-27,-0.7,DRAIN,1.71,INJECTION,1640750.0,CRITICAL,0.4623,310574.0,96179.0,2.6062,-3.0,SAFE,-1.1255,-0.5152,-0.9224
2019-03-06,-0.3,NEUTRAL,0.86,INJECTION,1721614.0,CRITICAL,2.3176,220045.0,145412.0,-0.2796,-2.0,SAFE,0.6102,1.1529,0.4529
2019-03-13,-0.7,DRAIN,1.21,INJECTION,1703948.0,CRITICAL,-0.5712,245972.0,40514.0,0.5501,0.0,SAFE,0.5426,-0.4072,0.1388
2019-03-20,-1.1,DRAIN,1.33,INJECTION,1629731.0,CRITICAL,-1.8001,303623.0,31030.0,0.6876,7.0,WATCH,-0.9498,-0.7,-0.4715
2019-03-27,-1.25,DRAIN,1.43,INJECTION,1622282.0,CRITICAL,-0.3806,310868.0,63852.0,0.716,0.0,SAFE,0.2498,0.546,-0.4447
2019-04-03,-0.7,DRAIN,1.54,INJECTION,1600398.0,CRITICAL,-0.5289,310188.0,98301.0,0.7867,7.0,WATCH,0.2962,0.2285,-0.5129
2019-04-10,-0.92,DRAIN,1.42,INJECTION,1634591.0,CRITICAL,1.2725,262617.0,43556.0,0.4469,5.0,WATCH,-0.0677,-0.9907,-1.0521
2019-04-17,-0.7,DRAIN,0.27,NEUTRAL,1604479.0,CRITICAL,-0.6779,285264.0,-142537.0,-0.5656,10.0,WATCH,-0.9231,-0.7415,-1.1502
2019-04-24,-1.58,DRAIN,0.69,INJECTION,1505430.0,CRITICAL,-2.9176,378602.0,-132851.0,0.9522,4.0,SAFE,0.1816,-0.0614,-0.4014
2019-05-01,-1.1,DRAIN,1.49,INJECTION,1461419.0,CRITICAL,-1.4403,400498.0,14686.0,2.2107,14.0,WATCH,-0.243,-0.4088,-1.0035
2019-05-08,-0.3,NEUTRAL,1.09,INJECTION,1484975.0,CRITICAL,1.5669,348357.0,92007.0,0.8009,8.0,WATCH,-0.1658,-0.34,0.0915
2019-05-15,-0.7,DRAIN,1.48,INJECTION,1509867.0,CRITICAL,-0.0941,323786.0,79017.0,2.2417,13.0,WATCH,-0.1742,-0.5947,0.1113
2019-05-22,-0.7,DRAIN,0.85,INJECTION,1518157.0,CRITICAL,0.941,282864.0,75330.0,0.7843,2.0,SAFE,-0.4205,0.4315,1.2108
2019-05-29,-1.25,DRAIN,0.49,NEUTRAL,1544711.0,CRITICAL,0.7729,247777.0,19715.0,-0.0299,5.0,WATCH,0.3637,0.6659,1.5019
2019-06-05,-0.7,DRAIN,0.3,NEUTRAL,1537089.0,CRITICAL,0.564,223638.0,70862.0,-0.6546,5.0,WATCH,0.3022,1.0166,0.7476
2019-06-12,-1.25,DRAIN,0.6,INJECTION,1586963.0,CRITICAL,1.0751,187560.0,14940.0,0.0865,2.0,SAFE,0.7143,0.8359,0.7453
2019-06-19,-1.25,DRAIN,0.02,NEUTRAL,1567955.0,CRITICAL,-1.0225,198398.0,-58480.0,0.0678,1.0,SAFE,0.1216,-0.269,-0.0574
2019-06-26,-1.1,DRAIN,-1.04,DRAIN,1504737.0,CRITICAL,-1.4498,248302.0,-3893.0,0.5657,8.0,WATCH,-0.3906,-0.0906,-0.7654
2019-07-03,-0.7,DRAIN,0.8,INJECTION,1456496.0,CRITICAL,-0.2713,245306.0,79669.0,0.8036,21.0,STRESS,0.3,0.2116,-0.9275
2019-07-10,-1.25,DRAIN,0.74,INJECTION,1499806.0,CRITICAL,1.0286,211115.0,80241.0,0.6419,11.0,WATCH,-0.0333,-0.4016,-1.4167
2019-07-17,-0.7,DRAIN,1.12,INJECTION,1515664.0,CRITICAL,0.3189,197005.0,36669.0,0.9206,12.0,WATCH,-0.3683,-1.0184,-2.0249
2019-07-24,-0.7,DRAIN,1.28,INJECTION,1518322.0,CRITICAL,-0.203,193362.0,27444.0,0.9421,6.0,WATCH,-0.6501,-1.0151,-1.7692
2019-07-31,-1.25,DRAIN,0.67,INJECTION,1534523.0,CRITICAL,0.1708,163763.0,21202.0,-0.1987,20.0,STRESS,-0.3651,-1.0066,-1.7195
2019-08-07,-0.7,DRAIN,0.57,INJECTION,1539244.0,CRITICAL,1.06,131704.0,69355.0,-0.7587,0.0,SAFE,-0.6415,-0.7541,-0.5606
2019-08-14,-0.7,DRAIN,1.06,INJECTION,1550406.0,CRITICAL,0.1947,129957.0,23976.0,0.7345,3.0,SAFE,-0.1126,-0.7129,0.3896
2019-08-21,-0.7,DRAIN,1.11,INJECTION,1516045.0,CRITICAL,-0.8028,125725.0,78668.0,0.6561,0.0,SAFE,-0.6003,0.1934,0.1478
2019-08-28,-0.7,DRAIN,0.94,INJECTION,1498680.0,CRITICAL,-0.3933,145957.0,41795.0,0.6574,2.0,SAFE,0.7938,1.1025,0.2888
2019-09-04,-0.7,DRAIN,0.79,INJECTION,1487555.0,CRITICAL,0.0446,148740.0,89705.0,-0.3728,11.0,WATCH,0.546,0.3331,-0.1564
2019-09-11,-1.25,DRAIN,1.18,INJECTION,1456796.0,CRITICAL,-0.848,185342.0,33796.0,0.149,5.0,WATCH,-0.2129,-0.7588,-0.3781
2019-09-18,-1.17,DRAIN,0.48,NEUTRAL,1394122.0,CRITICAL,-0.1441,250226.0,-66625.0,0.087,45.0,CRISIS,-0.5459,-0.4894,0.8163
2019-09-25,-0.6,DRAIN,1.08,INJECTION,1400171.0,CRITICAL,-0.8996,314189.0,2693.0,0.7419,21.0,STRESS,0.0565,0.3807,1.411
2019-10-02,-0.67,DRAIN,0.67,INJECTION,1469200.0,CRITICAL,1.8122,335171.0,54236.0,-0.474,5.0,WATCH,0.3242,1.3057,1.6535
2019-10-09,-0.4,NEUTRAL,1.16,INJECTION,1506455.0,CRITICAL,0.6289,318191.0,82999.0,0.6262,5.0,WATCH,0.9815,1.0303,0.8013
2019-10-16,-0.4,NEUTRAL,1.06,INJECTION,1480368.0,CRITICAL,0.2691,324604.0,18312.0,0.4665,25.0,STRESS,0.115,0.3007,-0.1536
2019-10-23,-0.8,DRAIN,1.08,INJECTION,1449043.0,CRITICAL,-1.8582,377985.0,11012.0,0.5461,7.0,WATCH,0.1856,0.0093,-0.6747
2019-10-30,-0.67,DRAIN,0.61,INJECTION,1483702.0,CRITICAL,1.6048,389872.0,16134.0,-0.2071,2.0,SAFE,-0.1763,-0.4542,-0.9036
2019-11-06,-0.4,NEUTRAL,0.67,INJECTION,1523939.0,CRITICAL,0.8543,377029.0,84387.0,-0.6234,2.0,SAFE,-0.2779,-0.6839,-0.1813
2019-11-13,-1.0,DRAIN,1.18,INJECTION,1532316.0,CRITICAL,0.0929,381955.0,19939.0,0.999,2.0,SAFE,0.0502,-0.2725,0.9509
2019-11-20,-0.4,NEUTRAL,1.18,INJECTION,1518759.0,CRITICAL,-0.7848,368813.0,65326.0,0.8064,2.0,SAFE,-0.3227,0.1761,0.8463
2019-11-27,-0.67,DRAIN,0.95,INJECTION,1526697.0,CRITICAL,1.5409,360941.0,43041.0,0.5688,0.0,SAFE,0.4989,1.2234,2.1161
2019-12-04,-0.4,NEUTRAL,0.56,INJECTION,1573261.0,CRITICAL,0.7395,346971.0,75697.0,-0.7475,-1.0,SAFE,0.439,0.6762,1.0673
2019-12-11,-0.67,DRAIN,1.0,INJECTION,1638657.0,CRITICAL,1.3256,326865.0,35118.0,0.2394,-1.0,SAFE,0.2373,0.7883,0.7354
2019-12-18,-1.0,DRAIN,0.58,INJECTION,1660249.0,CRITICAL,0.6124,332592.0,-29144.0,0.3897,-2.0,SAFE,0.551,0.3911,0.322
2019-12-25,-0.4,NEUTRAL,0.73,INJECTION,1651927.0,CRITICAL,0.0593,367820.0,-31591.0,0.7818,-3.0,SAFE,0.5616,0.4902,-0.1446
2020-01-01,-1.33,DRAIN,1.29,INJECTION,1615846.0,CRITICAL,-1.7494,382553.0,5598.0,1.1563,0.0,SAFE,-0.2245,-0.023,-0.6587
2020-01-08,0.0,NEUTRAL,1.09,INJECTION,1654086.0,CRITICAL,1.4671,367002.0,41440.0,0.6748,0.0,SAFE,0.2015,-0.2804,-1.1007
2020-01-15,0.0,NEUTRAL,0.74,INJECTION,1686801.0,CRITICAL,1.1244,350987.0,5708.0,-0.1706,1.0,SAFE,-0.4819,-0.6357,-1.2288
2020-01-22,-0.8,DRAIN,0.29,NEUTRAL,1621689.0,CRITICAL,-2.558,403941.0,-50757.0,0.3456,-1.0,SAFE,-0.2186,-0.5155,-1.2828
2020-01-29,-0.4,NEUTRAL,-0.01,NEUTRAL,1616342.0,CRITICAL,-0.1905,432061.0,-44512.0,-0.2666,-2.0,SAFE,-0.2969,-0.5097,-1.584
2020-02-05,-0.4,NEUTRAL,0.59,INJECTION,1645016.0,CRITICAL,0.8067,413322.0,71656.0,0.0341,-1.0,SAFE,-0.2128,-0.7672,-0.4797
2020-02-12,-0.4,NEUTRAL,1.23,INJECTION,1675566.0,CRITICAL,0.5833,411237.0,45576.0,1.6464,-3.0,SAFE,-0.5544,-1.0743,-3.411
2020-02-19,-0.4,NEUTRAL,1.16,INJECTION,1654118.0,CRITICAL,-0.755,428805.0,75945.0,1.4729,-1.0,SAFE,-0.1044,0.3897,-6.4517
2020-02-26,-1.0,DRAIN,1.57,INJECTION,1626469.0,CRITICAL,-0.6866,439365.0,136986.0,3.7231,-2.0,SAFE,0.4941,-2.6232,-4.2228
2020-03-04,0.0,NEUTRAL,0.88,INJECTION,1698855.0,CRITICAL,3.9009,374515.0,169371.0,0.068,13.0,WATCH,-3.1173,-6.8414,-5.6603
2020-03-11,-0.67,DRAIN,1.11,INJECTION,1744525.0,CRITICAL,1.7624,380556.0,72022.0,0.5986,5.0,WATCH,-3.7241,-1.5995,-1.6363
2020-03-18,-0.67,DRAIN,1.23,INJECTION,1895588.0,CRITICAL,9.5452,362576.0,21927.0,0.6268,0.0,SAFE,2.1245,1.1811,1.2861
2020-03-25,-0.67,DRAIN,1.39,INJECTION,2186971.0,CRITICAL,10.7187,390252.0,60726.0,0.7659,-9.0,SAFE,-0.9435,-0.0367,-1.0758
2020-04-01,0.1,NEUTRAL,1.92,INJECTION,2533908.0,NERVOUS,8.5574,429267.0,93066.0,1.878,-9.0,SAFE,0.9067,0.105,1.0279
2020-04-08,0.4,NEUTRAL,1.67,INJECTION,2760451.0,NERVOUS,3.0258,698578.0,133119.0,1.1029,-9.0,SAFE,-0.8017,-1.0391,-0.5293
2020-04-15,0.1,NEUTRAL,2.0,INJECTION,2919041.0,NERVOUS,2.6982,889815.0,344697.0,4.873,-7.0,SAFE,-0.2373,0.9229,-0.147
2020-04-22,0.5,INJECTION,1.43,INJECTION,3103504.0,AMPLE,3.3984,901331.0,378612.0,0.4845,-9.0,SAFE,1.1602,0.5098,1.3533
2020-04-29,0.1,NEUTRAL,1.21,INJECTION,3159142.0,AMPLE,-0.0708,997507.0,181716.0,-0.1196,-9.0,SAFE,-0.6504,-1.0699,1.1361
2020-05-06,0.1,NEUTRAL,1.21,INJECTION,3158938.0,AMPLE,-1.1352,1127490.0,184457.0,-0.1172,-5.0,SAFE,-0.4195,0.8435,3.5642
2020-05-13,0.5,INJECTION,1.3,INJECTION,3156929.0,AMPLE,2.6848,1177494.0,166622.0,0.1358,-6.0,SAFE,1.263,2.206,3.2707
2020-05-20,0.5,INJECTION,1.19,INJECTION,3273303.0,AMPLE,1.5709,1194410.0,164594.0,-0.165,-9.0,SAFE,0.943,2.7207,1.5459
2020-05-27,0.1,NEUTRAL,1.31,INJECTION,3268144.0,AMPLE,-0.8679,1310491.0,139043.0,0.1759,-4.0,SAFE,1.425,1.4811,0.5924
2020-06-03,0.1,NEUTRAL,1.22,INJECTION,3237461.0,AMPLE,-0.9013,1434823.0,252534.0,-0.0989,-4.0,SAFE,0.0561,-0.7641,-0.4628
2020-06-10,-0.3,NEUTRAL,1.34,INJECTION,3182228.0,AMPLE,-1.1869,1506558.0,121264.0,0.2458,-3.0,SAFE,-0.8201,-0.8887,-0.0966
2020-06-17,-0.3,NEUTRAL,1.27,INJECTION,3078491.0,AMPLE,-2.2698,1560850.0,135450.0,0.0358,-1.0,SAFE,-0.0685,0.3013,0.9131
2020-06-24,-0.9,DRAIN,1.34,INJECTION,2918756.0,NERVOUS,-1.364,1623942.0,122927.0,0.238,-2.0,SAFE,0.3698,0.792,1.8168
2020-07-01,-0.9,DRAIN,1.94,INJECTION,2884819.0,NERVOUS,-1.9592,1657620.0,159158.0,1.8565,1.0,SAFE,0.4222,0.6118,2.233
2020-07-08,-0.9,DRAIN,1.22,INJECTION,2813967.0,NERVOUS,-1.566,1653098.0,146843.0,-0.0974,0.0,SAFE,0.4912,1.2223,2.0886
2020-07-15,-0.5,DRAIN,-0.18,NEUTRAL,2777603.0,NERVOUS,0.6771,1655320.0,-66762.0,-4.0954,3.0,SAFE,0.7311,1.2915,1.5319
2020-07-22,-0.9,DRAIN,0.66,INJECTION,2631780.0,NERVOUS,-2.7053,1804944.0,-140659.0,0.4891,0.0,SAFE,0.5604,0.8663,1.0628
2020-07-29,-0.5,DRAIN,0.38,NEUTRAL,2615272.0,NERVOUS,-0.5323,1816687.0,-6437.0,-0.0093,-1.0,SAFE,0.3059,0.2404,0.6425
2020-08-05,-0.1,NEUTRAL,0.85,INJECTION,2713287.0,NERVOUS,1.3184,1745228.0,120122.0,-0.0724,-1.0,SAFE,-0.0656,0.1964,0.8357
2020-08-12,-0.3,NEUTRAL,1.15,INJECTION,2788961.0,NERVOUS,1.6814,1669733.0,70821.0,0.8285,-1.0,SAFE,0.262,0.4021,0.8862
2020-08-19,-0.3,NEUTRAL,1.06,INJECTION,2827685.0,NERVOUS,1.5051,1643505.0,106544.0,0.699,-1.0,SAFE,0.1401,0.6393,1.3563
2020-08-26,-0.8,DRAIN,1.04,INJECTION,2815794.0,NERVOUS,0.013,1622690.0,77869.0,0.8365,-3.0,SAFE,0.4992,0.4841,-1.0389
2020-09-02,-0.8,DRAIN,0.49,NEUTRAL,2851916.0,NERVOUS,0.1975,1639159.0,119395.0,-0.6293,-1.0,SAFE,-0.0151,0.717,-0.5704
2020-09-09,-0.8,DRAIN,0.95,INJECTION,2857463.0,NERVOUS,0.3944,1611083.0,135774.0,0.5829,-1.0,SAFE,0.3817,-1.4285,-0.246
2020-09-16,-0.7,DRAIN,-0.1,NEUTRAL,2885412.0,NERVOUS,0.9267,1614855.0,-18690.0,-0.6761,0.0,SAFE,-1.8102,-1.1062,-0.2844
2020-09-23,-0.7,DRAIN,0.17,NEUTRAL,2830499.0,NERVOUS,-0.6807,1680688.0,-15862.0,0.1384,-4.0,SAFE,0.704,1.1826,2.1801
2020-09-30,-0.7,DRAIN,0.15,NEUTRAL,2839316.0,NERVOUS,-0.6715,1679152.0,21265.0,-1.1243,-2.0,SAFE,0.4786,0.8218,0.5041
2020-10-07,-0.5,DRAIN,0.39,NEUTRAL,2840860.0,NERVOUS,0.0267,1697074.0,74439.0,-0.6193,-1.0,SAFE,0.3433,0.9975,1.8895
2020-10-14,-0.1,NEUTRAL,1.07,INJECTION,2861929.0,NERVOUS,1.7269,1680998.0,47093.0,0.9701,-1.0,SAFE,0.8485,-0.1813,1.6123
2020-10-21,-0.5,DRAIN,1.1,INJECTION,2860480.0,NERVOUS,-0.3282,1724792.0,48761.0,1.0213,-3.0,SAFE,-1.0298,0.5751,1.423
2020-10-28,-0.5,DRAIN,1.12,INJECTION,2880781.0,NERVOUS,0.2365,1680933.0,59282.0,1.1886,-2.0,SAFE,1.6049,1.7936,3.057
2020-11-04,-0.5,DRAIN,0.51,INJECTION,2966737.0,NERVOUS,1.2948,1621346.0,141997.0,-0.5579,0.0,SAFE,0.1887,0.8479,2.2902
2020-11-11,-0.5,DRAIN,1.18,INJECTION,2976170.0,NERVOUS,0.6945,1600837.0,89189.0,1.2304,0.0,SAFE,0.5175,0.9305,1.867
2020-11-18,0.5,INJECTION,0.83,INJECTION,3043822.0,AMPLE,2.0002,1556892.0,97556.0,0.3439,-3.0,SAFE,0.413,1.6463,1.5534
2020-11-25,0.1,NEUTRAL,1.01,INJECTION,3083636.0,AMPLE,0.2318,1517215.0,79738.0,0.8068,-2.0,SAFE,1.2333,0.9365,1.7075
2020-12-02,0.1,NEUTRAL,0.45,NEUTRAL,3117307.0,AMPLE,-0.1387,1531053.0,101597.0,-0.628,-2.0,SAFE,0.0403,0.7177,0.9566
2020-12-09,0.1,NEUTRAL,0.94,INJECTION,3117480.0,AMPLE,0.2996,1534243.0,127492.0,0.6479,-2.0,SAFE,0.6774,0.0022,0.3833
2020-12-16,0.5,INJECTION,0.55,INJECTION,3168240.0,AMPLE,2.1802,1529698.0,20654.0,-0.403,-1.0,SAFE,-0.6752,0.2388,0.0222
2020-12-23,0.1,NEUTRAL,0.96,INJECTION,3143041.0,AMPLE,-0.5502,1602407.0,19956.0,0.7,-4.0,SAFE,0.914,0.3811,-0.0269
2020-12-30,0.1,NEUTRAL,0.29,NEUTRAL,3122156.0,AMPLE,-0.5022,1591055.0,14277.0,-0.984,-1.0,SAFE,0.0289,-0.1738,-0.8676
2021-01-06,-0.3,NEUTRAL,0.51,INJECTION,3068284.0,AMPLE,-1.8394,1669327.0,120124.0,-0.5705,0.0,SAFE,0.1324,-0.5055,-0.6611
2021-01-13,0.5,INJECTION,0.3,NEUTRAL,3183917.0,AMPLE,1.3956,1589421.0,-25897.0,0.2617,-2.0,SAFE,-0.6378,-1.129,-0.5663
2021-01-20,-0.58,DRAIN,0.79,INJECTION,3154624.0,AMPLE,0.7256,1626906.0,10303.0,0.2909,-4.0,SAFE,-0.7243,-1.3839,-0.4558
2021-01-27,0.1,NEUTRAL,0.85,INJECTION,3163008.0,AMPLE,-0.2764,1633540.0,18280.0,0.4832,-7.0,SAFE,-0.6596,0.4281,-0.7341
2021-02-03,0.1,NEUTRAL,0.88,INJECTION,3193118.0,AMPLE,0.2575,1625325.0,123238.0,0.5862,-3.0,SAFE,1.0877,0.9281,-0.8845
2021-02-10,0.1,NEUTRAL,0.88,INJECTION,3258919.0,AMPLE,0.8336,1608906.0,89125.0,0.5945,-4.0,SAFE,-0.1596,-1.1622,-1.3349
2021-02-17,0.5,INJECTION,1.13,INJECTION,3378907.0,AMPLE,2.6913,1567041.0,107606.0,1.2787,-4.0,SAFE,0.2095,-0.4835,-0.5455
2021-02-24,0.1,NEUTRAL,1.41,INJECTION,3369020.0,AMPLE,1.1656,1529977.0,128750.0,2.1769,-8.0,SAFE,-0.693,-0.8859,-1.8378
2021-03-03,0.1,NEUTRAL,1.37,INJECTION,3503120.0,AMPLE,1.1111,1429549.0,183070.0,1.8687,-6.0,SAFE,-0.1929,-0.062,-0.9137
2021-03-10,0.5,INJECTION,1.22,INJECTION,3592010.0,AMPLE,1.5058,1360064.0,113347.0,1.4755,-8.0,SAFE,0.1309,-0.9519,-0.1503
2021-03-17,0.5,INJECTION,1.61,INJECTION,3681030.0,AMPLE,3.2346,1272583.0,299253.0,5.1062,-9.0,SAFE,-1.0828,-0.8517,0.1386
2021-03-24,-0.25,NEUTRAL,1.21,INJECTION,3826375.0,AMPLE,3.3587,1061138.0,300681.0,0.9298,-9.0,SAFE,0.2312,0.8016,1.5666
2021-03-31,-0.3,NEUTRAL,0.83,INJECTION,3876162.0,AMPLE,-1.6217,1025727.0,72862.0,0.1623,-9.0,SAFE,0.5705,0.9903,1.7666
2021-04-07,0.5,INJECTION,1.05,INJECTION,3932949.0,AMPLE,2.0645,1010103.0,186746.0,0.3575,-9.0,SAFE,0.4198,0.765,1.1123
2021-04-14,0.5,INJECTION,0.81,INJECTION,3977813.0,AMPLE,2.3022,925094.0,74277.0,-0.2987,-9.0,SAFE,0.3451,0.7763,0.9114
2021-04-21,-0.92,DRAIN,0.35,NEUTRAL,3825455.0,AMPLE,-1.3706,1015902.0,-48968.0,-0.0027,-9.0,SAFE,0.4312,0.3473,1.227
2021-04-28,-0.3,NEUTRAL,1.11,INJECTION,3829269.0,AMPLE,-1.1478,967689.0,41498.0,0.8015,-9.0,SAFE,-0.0838,0.1351,0.7892
2021-05-05,0.1,NEUTRAL,0.68,INJECTION,3873728.0,AMPLE,0.714,953689.0,118997.0,-0.4288,-9.0,SAFE,0.219,0.8797,0.9783
2021-05-12,0.0,NEUTRAL,1.04,INJECTION,3947565.0,AMPLE,0.4277,898779.0,50033.0,0.6294,-9.0,SAFE,0.6607,0.654,0.4509
2021-05-19,0.0,NEUTRAL,1.39,INJECTION,3919807.0,AMPLE,0.5971,866119.0,69431.0,1.6321,-9.0,SAFE,-0.0067,0.0986,-1.9467
2021-05-26,-0.4,NEUTRAL,1.03,INJECTION,3805178.0,AMPLE,-1.8037,812473.0,102184.0,0.8134,-9.0,SAFE,0.1053,-0.2031,-0.9849
2021-06-02,0.0,NEUTRAL,0.68,INJECTION,3814127.0,AMPLE,1.0978,783235.0,113454.0,-0.2926,-9.0,SAFE,0.5698,-1.2508,-1.395
2021-06-09,0.3,NEUTRAL,1.63,INJECTION,3874371.0,AMPLE,0.0819,730235.0,195728.0,2.0182,-9.0,SAFE,-1.8206,-1.5968,-2.0516
2021-06-16,0.7,INJECTION,0.51,INJECTION,3940038.0,AMPLE,2.5336,653889.0,56120.0,-0.4494,-9.0,SAFE,0.2238,-0.1442,-0.4129
2021-06-23,-0.1,NEUTRAL,0.14,NEUTRAL,3808042.0,AMPLE,-4.8744,734689.0,-29334.0,0.0867,-10.0,SAFE,-0.368,-0.4548,-0.9877
2021-06-30,-0.1,NEUTRAL,0.45,NEUTRAL,3780791.0,AMPLE,-3.2496,745962.0,46157.0,-0.1153,-10.0,SAFE,-0.0868,-0.2687,0.0609
2021-07-07,0.4,NEUTRAL,0.51,INJECTION,3870568.0,AMPLE,3.4389,753364.0,108125.0,-0.1195,-10.0,SAFE,0.0644,-0.3466,0.2744
2021-07-14,0.3,NEUTRAL,0.92,INJECTION,3903058.0,AMPLE,1.1903,704918.0,64375.0,0.5584,-10.0,SAFE,-0.4111,0.4622,-0.2342
2021-07-21,-0.42,NEUTRAL,1.2,INJECTION,3972940.0,AMPLE,0.5946,678103.0,98947.0,1.0468,-10.0,SAFE,0.8733,0.621,-0.5633
2021-07-28,0.3,NEUTRAL,1.18,INJECTION,3984371.0,AMPLE,0.0278,578204.0,110871.0,1.1736,-10.0,SAFE,-0.2523,-0.6964,-1.154
2021-08-04,0.7,INJECTION,0.61,INJECTION,4005578.0,AMPLE,1.9852,492668.0,150660.0,-0.7106,-10.0,SAFE,-0.4442,-1.1843,-0.0169
2021-08-11,0.3,NEUTRAL,1.23,INJECTION,4090506.0,AMPLE,0.1634,434919.0,121984.0,0.6323,-10.0,SAFE,-0.7401,-0.4575,0.2896
2021-08-18,0.3,NEUTRAL,1.29,INJECTION,4186711.0,AMPLE,0.9727,338808.0,154195.0,0.6432,-10.0,SAFE,0.2826,1.1674,0.4497
2021-08-25,0.3,NEUTRAL,1.19,INJECTION,4167748.0,AMPLE,-0.0568,301430.0,95662.0,0.6608,-10.0,SAFE,0.8848,0.7471,0.0262
2021-09-01,-0.42,NEUTRAL,1.72,INJECTION,4193981.0,AMPLE,1.4988,277650.0,130040.0,2.5111,-10.0,SAFE,-0.1377,-0.7176,-1.4027
2021-09-08,0.3,NEUTRAL,1.25,INJECTION,4250506.0,AMPLE,0.0169,253496.0,141129.0,0.812,-10.0,SAFE,-0.2309,-0.4146,-1.2845
2021-09-15,0.7,INJECTION,-0.33,NEUTRAL,4271184.0,AMPLE,2.125,230328.0,-29100.0,-2.6989,-10.0,SAFE,-0.1837,-1.1727,-0.6913
2021-09-22,-0.75,DRAIN,0.62,INJECTION,4156747.0,AMPLE,-3.3428,308022.0,-48460.0,0.7142,-10.0,SAFE,-0.989,-0.8699,-0.1386
2021-09-29,-0.42,NEUTRAL,0.53,INJECTION,4125348.0,AMPLE,-0.9295,197744.0,14062.0,-0.3756,-10.0,SAFE,0.1192,0.4815,0.4427
2021-10-06,0.3,NEUTRAL,0.68,INJECTION,4130050.0,AMPLE,0.6274,135582.0,97324.0,-0.1598,-10.0,SAFE,0.3623,0.7313,0.3772
2021-10-13,0.7,INJECTION,1.07,INJECTION,4194503.0,AMPLE,2.3426,77858.0,42653.0,0.914,-10.0,SAFE,0.5149,0.6727,-0.271
2021-10-20,-0.42,NEUTRAL,0.85,INJECTION,4134714.0,AMPLE,-0.7216,83386.0,35764.0,0.5957,-12.0,SAFE,0.1578,-0.6474,-1.3993
2021-10-27,0.3,NEUTRAL,0.9,INJECTION,4077170.0,AMPLE,-1.1174,213291.0,58109.0,1.0661,-10.0,SAFE,-0.8052,-0.9437,-2.7323
2021-11-03,0.3,NEUTRAL,0.82,INJECTION,4086336.0,AMPLE,0.5957,280205.0,132725.0,0.7822,-10.0,SAFE,-0.1385,-0.7519,-1.5593
2021-11-10,-0.42,NEUTRAL,0.78,INJECTION,4169041.0,AMPLE,0.065,259293.0,81579.0,0.7356,-10.0,SAFE,-0.6134,-1.7886,-1.1529
2021-11-17,0.3,NEUTRAL,0.72,INJECTION,4209802.0,AMPLE,-0.168,211453.0,109016.0,0.5857,-10.0,SAFE,-1.2459,-1.0108,-0.6268
2021-11-24,0.7,INJECTION,0.81,INJECTION,4162810.0,AMPLE,1.7465,164087.0,59508.0,0.8332,-10.0,SAFE,0.2351,0.8076,0.8989
2021-12-01,-0.42,NEUTRAL,1.25,INJECTION,4224865.0,AMPLE,0.0795,152651.0,96304.0,2.3629,-10.0,SAFE,0.2063,0.2619,0.5253
2021-12-08,0.3,NEUTRAL,0.64,INJECTION,4275806.0,AMPLE,-0.0734,115117.0,119247.0,0.3757,-10.0,SAFE,0.0556,0.2117,0.4816
2021-12-15,-0.42,NEUTRAL,0.01,NEUTRAL,4251431.0,AMPLE,-0.4875,104798.0,15396.0,-1.3167,-10.0,SAFE,0.1561,0.2635,0.848
2021-12-22,-0.42,NEUTRAL,0.03,NEUTRAL,4185009.0,AMPLE,-0.3486,84954.0,-38682.0,0.0803,-10.0,SAFE,0.1074,0.27,0.3195
2021-12-29,-0.1,NEUTRAL,-0.47,NEUTRAL,4116196.0,AMPLE,-1.4724,211849.0,-25857.0,-1.252,-10.0,SAFE,0.2061,0.7843,-0.2447
2022-01-05,0.3,NEUTRAL,0.19,NEUTRAL,3859731.0,AMPLE,-0.2886,389751.0,23184.0,-0.8208,-10.0,SAFE,1.0687,0.6889,0.2328
2022-01-12,-0.1,NEUTRAL,0.95,INJECTION,3973554.0,AMPLE,-1.2826,456401.0,22090.0,1.199,-10.0,SAFE,-0.3798,-1.6172,-0.5794
2022-01-19,0.3,NEUTRAL,0.2,NEUTRAL,3932521.0,AMPLE,-1.0645,488697.0,-39183.0,0.5297,-10.0,SAFE,-1.3146,-0.3865,-0.1845
2022-01-26,-0.1,NEUTRAL,0.26,NEUTRAL,3796174.0,AMPLE,-1.3388,614877.0,-66369.0,0.6758,-11.0,SAFE,0.9281,1.2368,0.6232
2022-02-02,0.3,NEUTRAL,0.46,NEUTRAL,3789714.0,AMPLE,-0.9351,675773.0,56937.0,-0.1068,-10.0,SAFE,0.3086,0.202,-1.5062
2022-02-09,-0.42,NEUTRAL,0.91,INJECTION,3771911.0,AMPLE,-0.4881,686384.0,120640.0,1.0906,-11.0,SAFE,-0.1066,-0.6136,-2.1303
2022-02-16,-0.42,NEUTRAL,0.62,INJECTION,3799973.0,AMPLE,0.5488,692541.0,88416.0,0.3197,-10.0,SAFE,-0.507,-1.7083,-1.2671
2022-02-23,-0.75,DRAIN,0.8,INJECTION,3769869.0,AMPLE,-1.2532,697838.0,90783.0,0.7829,-10.0,SAFE,-0.007,-0.6864,-0.0151
2022-03-02,0.7,INJECTION,0.58,INJECTION,3844716.0,AMPLE,3.1327,682903.0,128670.0,0.2187,-10.0,SAFE,-0.6795,-0.0835,0.6299
2022-03-09,-0.42,NEUTRAL,0.94,INJECTION,3959659.0,AMPLE,0.3116,652039.0,136624.0,1.1646,-10.0,SAFE,0.5959,0.6713,0.3345
2022-03-16,0.3,NEUTRAL,0.46,NEUTRAL,3961721.0,AMPLE,0.8019,570606.0,48947.0,-0.1124,-10.0,SAFE,0.0754,0.7135,-0.6088
2022-03-23,-0.1,NEUTRAL,0.92,INJECTION,3801095.0,AMPLE,-3.3292,614616.0,53351.0,1.1039,-13.0,SAFE,0.6381,-0.3368,-1.0151
2022-03-30,0.3,NEUTRAL,0.4,NEUTRAL,3829680.0,AMPLE,0.4808,575065.0,48790.0,-0.2704,-13.0,SAFE,-0.9749,-1.3222,-4.1199
2022-04-06,0.3,NEUTRAL,0.36,NEUTRAL,3834183.0,AMPLE,0.8444,574451.0,90056.0,-0.6263,-10.0,SAFE,-0.3473,-0.6783,-3.0934
2022-04-13,-0.42,NEUTRAL,0.05,NEUTRAL,3823644.0,AMPLE,-0.438,547308.0,-14710.0,-0.2013,-11.0,SAFE,-0.331,-2.7977,-3.8017
2022-04-20,-0.75,DRAIN,-0.05,NEUTRAL,3652101.0,AMPLE,-3.4038,711406.0,-359522.0,-0.1457,-13.0,SAFE,-2.4667,-2.4151,-1.9315
2022-04-27,-1.17,DRAIN,0.28,NEUTRAL,3331982.0,AMPLE,-2.9191,944328.0,-154348.0,0.7287,-12.0,SAFE,0.0516,-1.004,1.0879
2022-05-04,-0.2,NEUTRAL,-1.22,DRAIN,3296085.0,AMPLE,-0.2079,945478.0,-267.0,0.0814,-10.0,SAFE,-1.0556,0.4837,1.5031
2022-05-11,-0.2,NEUTRAL,-0.42,NEUTRAL,3288552.0,AMPLE,-0.9485,945658.0,7892.0,0.881,-12.0,SAFE,1.5393,2.0919,1.0628
2022-05-18,-0.2,NEUTRAL,-0.36,NEUTRAL,3356377.0,AMPLE,-0.5665,886964.0,97024.0,1.0271,-11.0,SAFE,0.5526,1.0195,-1.5041
2022-05-25,-0.2,NEUTRAL,-0.47,NEUTRAL,3306180.0,AMPLE,0.1879,821535.0,60840.0,0.7312,-12.0,SAFE,0.4669,-1.0291,-1.1756
2022-06-01,-0.2,NEUTRAL,0.0,NEUTRAL,3322030.0,AMPLE,1.0416,789532.0,92083.0,3.0732,-10.0,SAFE,-0.724,-2.1831,-2.8721
2022-06-08,-0.92,DRAIN,-0.53,DRAIN,3339405.0,AMPLE,-1.7192,723384.0,127952.0,0.4981,-14.0,SAFE,-1.4591,-1.3047,-3.6119
2022-06-15,-0.58,DRAIN,-2.0,DRAIN,3283954.0,AMPLE,0.9585,656870.0,-32137.0,-2.7962,-20.0,SAFE,0.1543,-0.689,-1.7272
2022-06-22,-0.6,DRAIN,-1.12,DRAIN,3147556.0,AMPLE,-3.2068,758283.0,-104575.0,0.3302,-20.0,SAFE,-0.168,-1.401,-1.3887
2022-06-29,-0.2,NEUTRAL,-1.36,DRAIN,3130087.0,AMPLE,0.2256,756627.0,-11126.0,-0.3095,-14.0,SAFE,-1.233,-2.0544,-0.6602
2022-07-06,0.1,NEUTRAL,-0.78,DRAIN,3190627.0,AMPLE,1.5754,700457.0,90156.0,-0.1237,-11.0,SAFE,-1.0834,-0.1449,0.7288
2022-07-13,-0.67,DRAIN,0.78,INJECTION,3273436.0,AMPLE,1.0731,652572.0,35035.0,0.746,-12.0,SAFE,0.9385,1.5804,2.7338
2022-07-20,0.0,NEUTRAL,0.97,INJECTION,3284324.0,AMPLE,-0.7042,613878.0,57982.0,0.7495,-12.0,SAFE,0.6419,0.8737,0.4403
2022-07-27,-0.58,DRAIN,1.03,INJECTION,3256875.0,AMPLE,0.8756,602945.0,55359.0,0.8665,-12.0,SAFE,0.2318,1.1534,-0.7686
2022-08-03,0.0,NEUTRAL,1.01,INJECTION,3259011.0,AMPLE,0.0033,594115.0,114940.0,0.5383,-11.0,SAFE,0.9217,-0.4334,-2.0855
2022-08-10,0.0,NEUTRAL,1.05,INJECTION,3348147.0,AMPLE,0.7537,557265.0,68232.0,0.5858,-12.0,SAFE,-1.3551,-1.922,-2.512
2022-08-17,0.0,NEUTRAL,1.12,INJECTION,3346750.0,AMPLE,-0.6415,545321.0,101429.0,0.7517,-11.0,SAFE,-0.5669,-1.652,-2.0359
2022-08-24,-0.67,DRAIN,1.25,INJECTION,3307365.0,AMPLE,-0.4212,535267.0,45460.0,1.0537,-13.0,SAFE,-1.0851,-0.59,-3.3765
2022-08-31,-1.0,DRAIN,0.7,INJECTION,3248654.0,AMPLE,-1.9175,612536.0,42154.0,-0.2308,-11.0,SAFE,0.4951,-0.3839,-2.4723
2022-09-07,0.0,NEUTRAL,0.74,INJECTION,3285498.0,AMPLE,1.2006,581295.0,89115.0,-0.1882,-12.0,SAFE,-0.2457,-1.2675,-2.1215
2022-09-14,-0.67,DRAIN,-0.17,NEUTRAL,3234928.0,AMPLE,-0.3438,593808.0,-35630.0,-1.4971,-13.0,SAFE,-1.0218,-2.1076,-2.723
2022-09-21,-0.4,NEUTRAL,0.37,NEUTRAL,3104032.0,AMPLE,-3.4085,692496.0,-112237.0,0.1248,-15.0,SAFE,-1.0859,-0.854,-1.1867
2022-09-28,-0.6,DRAIN,1.15,INJECTION,2960598.0,NERVOUS,-1.1915,689569.0,23640.0,1.0365,-17.0,SAFE,0.2319,-0.6154,0.2599
2022-10-05,-0.2,NEUTRAL,0.71,INJECTION,2972874.0,NERVOUS,2.7027,633939.0,105487.0,-0.2814,-11.0,SAFE,-0.8472,-0.3327,0.0801
2022-10-12,0.0,NEUTRAL,1.28,INJECTION,3087912.0,AMPLE,0.1552,608302.0,31974.0,1.1736,-11.0,SAFE,-0.2161,0.8065,2.3966
2022-10-19,0.0,NEUTRAL,1.08,INJECTION,3092044.0,AMPLE,-0.1452,607199.0,23360.0,0.6876,-11.0,SAFE,1.0226,-0.1319,3.2975
2022-10-26,0.0,NEUTRAL,1.14,INJECTION,3042838.0,AMPLE,0.1153,634548.0,44399.0,1.027,-12.0,SAFE,-1.1546,1.5901,2.4765
2022-11-02,0.0,NEUTRAL,0.65,INJECTION,3062727.0,AMPLE,-0.9018,598544.0,106199.0,-0.4385,-10.0,SAFE,2.7446,3.4294,4.4154
2022-11-09,0.0,NEUTRAL,1.14,INJECTION,3067888.0,AMPLE,1.1136,527479.0,134463.0,0.9046,-12.0,SAFE,0.6848,0.8864,1.5615
2022-11-16,-0.33,NEUTRAL,0.87,INJECTION,3128277.0,AMPLE,1.8597,502982.0,98472.0,0.0599,-9.0,SAFE,0.5169,1.5989,1.0753
2022-11-23,0.0,NEUTRAL,1.04,INJECTION,3160730.0,AMPLE,0.8164,479474.0,99810.0,0.507,-11.0,SAFE,1.082,0.7471,1.1112
2022-11-30,-0.4,NEUTRAL,0.79,INJECTION,3168995.0,AMPLE,-1.9028,511474.0,44808.0,-0.0514,-8.0,SAFE,-0.3361,-0.4475,0.4759
2022-12-07,0.0,NEUTRAL,0.68,INJECTION,3199048.0,AMPLE,0.6994,432335.0,115076.0,-0.598,-10.0,SAFE,-0.1115,0.1419,1.8676
2022-12-14,0.0,NEUTRAL,0.9,INJECTION,3188634.0,AMPLE,0.6031,355517.0,19025.0,-0.4409,-10.0,SAFE,0.2534,0.9234,2.763
2022-12-21,-0.4,NEUTRAL,0.67,INJECTION,3088621.0,AMPLE,-2.2761,459780.0,-59539.0,0.441,-10.0,SAFE,0.6701,1.7257,2.6074
2022-12-28,0.0,NEUTRAL,1.26,INJECTION,3017889.0,AMPLE,-1.1433,427926.0,12977.0,0.748,-10.0,SAFE,0.4709,2.0685,2.2971
2023-01-04,-0.6,DRAIN,0.99,INJECTION,2830144.0,NERVOUS,0.412,423625.0,58356.0,0.079,-10.0,SAFE,2.2194,2.2803,2.1453
2023-01-11,0.0,NEUTRAL,1.26,INJECTION,3081237.0,AMPLE,1.4146,372340.0,79959.0,0.8229,-10.0,SAFE,0.0609,0.4195,-0.6013
2023-01-18,0.0,NEUTRAL,1.31,INJECTION,3147332.0,AMPLE,1.3688,339018.0,14349.0,0.9777,-10.0,SAFE,0.494,1.066,-0.7118
2023-01-25,0.0,NEUTRAL,0.52,INJECTION,3031889.0,AMPLE,-1.183,491848.0,-63994.0,0.376,-9.0,SAFE,0.572,-0.8006,-2.1182
2023-02-01,-0.4,NEUTRAL,1.62,INJECTION,3015506.0,AMPLE,-1.8814,560089.0,74728.0,2.7589,-9.0,SAFE,-1.3727,-1.7778,-2.0347
2023-02-08,0.0,NEUTRAL,1.3,INJECTION,3037584.0,AMPLE,0.8094,493277.0,141314.0,1.1604,-10.0,SAFE,-0.4051,-1.3176,-1.0481
2023-02-15,0.0,NEUTRAL,1.63,INJECTION,3041038.0,AMPLE,-0.0017,490379.0,133506.0,2.9702,-10.0,SAFE,-0.9125,-0.2569,-0.9088
2023-02-22,-0.4,NEUTRAL,1.6,INJECTION,3016577.0,AMPLE,-1.5535,477333.0,120824.0,1.8705,-10.0,SAFE,-0.0327,-0.2935,1.1055
2023-03-01,-0.6,DRAIN,1.66,INJECTION,2998303.0,NERVOUS,0.5782,381245.0,146180.0,1.9815,-10.0,SAFE,-0.2608,-0.4881,1.4323
2023-03-08,-0.6,DRAIN,1.21,INJECTION,2999720.0,NERVOUS,-0.151,333350.0,136173.0,0.738,-10.0,SAFE,-0.2274,1.3989,1.7767
2023-03-15,-0.08,NEUTRAL,1.16,INJECTION,3251482.0,AMPLE,9.1978,232866.0,65623.0,0.3478,-7.0,SAFE,1.6263,1.9205,2.7754
2023-03-22,-0.1,NEUTRAL,1.26,INJECTION,3425075.0,AMPLE,-2.4568,259587.0,37113.0,0.4599,-10.0,SAFE,0.2942,0.3777,0.5351
2023-03-29,0.3,NEUTRAL,0.96,INJECTION,3437592.0,AMPLE,1.0156,183577.0,65029.0,-0.3533,-7.0,SAFE,0.0836,0.8549,-0.0191
2023-04-05,0.3,NEUTRAL,0.96,INJECTION,3292058.0,AMPLE,-0.5901,168793.0,115197.0,-0.5124,-9.0,SAFE,0.7713,0.1574,0.2193
2023-04-12,0.3,NEUTRAL,1.36,INJECTION,3413989.0,AMPLE,-0.3031,109208.0,28652.0,0.5647,-10.0,SAFE,-0.614,-0.874,-0.5389
2023-04-19,0.3,NEUTRAL,0.4,NEUTRAL,3303152.0,AMPLE,-1.1238,166555.0,-204594.0,-0.3481,-10.0,SAFE,-0.26,0.0619,-0.8097
2023-04-26,-0.1,NEUTRAL,0.71,INJECTION,3135655.0,AMPLE,-2.2917,291702.0,-185074.0,0.7365,-10.0,SAFE,0.3219,0.335,-1.1749
2023-05-03,0.3,NEUTRAL,1.25,INJECTION,3089706.0,AMPLE,-0.2495,269216.0,73932.0,0.8834,-9.0,SAFE,0.0131,-0.8716,-0.802
2023-05-10,-0.08,NEUTRAL,1.31,INJECTION,3196429.0,AMPLE,1.6004,197666.0,83665.0,1.007,-9.0,SAFE,-0.8847,-1.5099,-0.3362
2023-05-17,0.3,NEUTRAL,1.2,INJECTION,3248878.0,AMPLE,0.9002,116220.0,117720.0,0.9129,-10.0,SAFE,-0.6252,0.0696,1.4
2023-05-24,0.3,NEUTRAL,1.1,INJECTION,3240172.0,AMPLE,-0.0534,61952.0,55250.0,0.9057,-10.0,SAFE,0.6948,1.1737,1.4718
2023-05-31,0.1,NEUTRAL,0.93,INJECTION,3309447.0,AMPLE,-0.6786,48954.0,50030.0,0.4978,-7.0,SAFE,0.399,1.255,0.5758
2023-06-07,0.5,INJECTION,0.46,NEUTRAL,3349751.0,AMPLE,1.6602,44756.0,107321.0,-0.9602,-10.0,SAFE,0.856,0.3509,0.5176
2023-06-14,0.0,NEUTRAL,-0.02,NEUTRAL,3325261.0,AMPLE,-0.0956,102118.0,-3058.0,-0.6504,-10.0,SAFE,-0.5051,-0.6792,1.2102
2023-06-21,-0.4,NEUTRAL,0.61,INJECTION,3251558.0,AMPLE,-2.0882,276850.0,-55956.0,1.311,-10.0,SAFE,-0.6481,-0.2699,0.6876
2023-06-28,0.0,NEUTRAL,1.06,INJECTION,3171567.0,AMPLE,-0.7106,390571.0,32537.0,1.1586,-9.0,SAFE,0.3782,2.0971,1.4654
2023-07-05,0.0,NEUTRAL,0.6,INJECTION,3114989.0,AMPLE,0.1778,415441.0,138036.0,-0.0648,-9.0,SAFE,2.2253,1.8743,0.354
2023-07-12,0.0,NEUTRAL,0.89,INJECTION,3166607.0,AMPLE,-0.8872,514337.0,48759.0,0.6988,-10.0,SAFE,-0.351,-0.6053,-1.672
2023-07-19,0.0,NEUTRAL,1.43,INJECTION,3230457.0,AMPLE,0.8079,531135.0,54013.0,0.8605,-10.0,SAFE,-0.2543,-1.5202,-2.4607
2023-07-26,0.0,NEUTRAL,1.55,INJECTION,3172244.0,AMPLE,-1.0082,543597.0,66019.0,0.8066,-9.0,SAFE,-1.2659,-1.0667,-1.9668
2023-08-02,0.0,NEUTRAL,0.99,INJECTION,3189533.0,AMPLE,-0.5192,517459.0,119182.0,-0.5881,-10.0,SAFE,0.1992,-0.9405,-0.6925
2023-08-09,0.0,NEUTRAL,1.46,INJECTION,3222856.0,AMPLE,0.8111,444594.0,130860.0,0.6102,-10.0,SAFE,-1.1397,-0.9001,-2.3132
2023-08-16,0.0,NEUTRAL,1.31,INJECTION,3245971.0,AMPLE,-0.9036,435795.0,111183.0,0.1691,-10.0,SAFE,0.2396,0.248,-0.5584
2023-08-23,0.0,NEUTRAL,1.5,INJECTION,3186789.0,AMPLE,-0.0754,413787.0,111015.0,0.7374,-10.0,SAFE,0.0084,-1.4131,-1.071
2023-08-30,-0.67,DRAIN,0.77,INJECTION,3238345.0,AMPLE,0.7608,470800.0,36225.0,-0.5813,-10.0,SAFE,-1.4215,-0.8063,-1.7171
2023-09-06,0.0,NEUTRAL,1.09,INJECTION,3307291.0,AMPLE,1.1841,470881.0,97678.0,-0.272,-10.0,SAFE,0.5861,0.3287,-1.5832
2023-09-13,-0.67,DRAIN,0.82,INJECTION,3335459.0,AMPLE,0.1138,521507.0,-4649.0,0.2021,-10.0,SAFE,-0.2574,-1.0616,-1.9243
2023-09-20,-0.4,NEUTRAL,0.85,INJECTION,3231649.0,AMPLE,-2.2258,640296.0,-21439.0,0.273,-10.0,SAFE,-0.8043,-1.9119,-1.6805
2023-09-27,0.0,NEUTRAL,1.43,INJECTION,3170324.0,AMPLE,-0.317,681143.0,44094.0,1.1331,-8.0,SAFE,-1.1077,-0.8627,-0.8825
2023-10-04,0.0,NEUTRAL,0.96,INJECTION,3145720.0,AMPLE,1.1505,668009.0,109178.0,-0.4173,-8.0,SAFE,0.245,0.2314,1.7441
2023-10-11,0.0,NEUTRAL,1.53,INJECTION,3288945.0,AMPLE,0.9716,709160.0,36901.0,1.0376,-9.0,SAFE,-0.4755,-0.644,0.882
2023-10-18,-0.3,NEUTRAL,0.45,NEUTRAL,3353881.0,AMPLE,0.3163,759878.0,-41814.0,0.7043,-10.0,SAFE,-0.1685,0.7425,2.412
2023-10-25,-0.3,NEUTRAL,0.98,INJECTION,3261886.0,AMPLE,-0.8254,834418.0,39448.0,0.9284,-10.0,SAFE,0.911,1.526,3.1396
2023-11-01,-0.3,NEUTRAL,1.4,INJECTION,3267216.0,AMPLE,-0.1018,820487.0,128072.0,2.8577,-8.0,SAFE,0.615,1.6695,1.9796
2023-11-08,0.1,NEUTRAL,1.15,INJECTION,3328908.0,AMPLE,1.623,772686.0,165406.0,0.8427,-8.0,SAFE,1.0545,1.6137,0.988
2023-11-15,0.0,NEUTRAL,1.6,INJECTION,3391713.0,AMPLE,1.1319,738562.0,123641.0,2.7345,-8.0,SAFE,0.799,1.0223,1.1937
2023-11-22,0.0,NEUTRAL,1.23,INJECTION,3453853.0,AMPLE,0.6687,706017.0,117595.0,1.0467,-9.0,SAFE,0.2233,-0.4566,0.9607
2023-11-29,0.0,NEUTRAL,0.28,NEUTRAL,3441581.0,AMPLE,-0.4932,739209.0,24945.0,-0.5827,-9.0,SAFE,-0.2974,0.5624,1.5274
2023-12-06,0.0,NEUTRAL,0.66,INJECTION,3513374.0,AMPLE,1.0684,682509.0,137197.0,-0.6429,-8.0,SAFE,0.8598,1.07,1.1261
2023-12-13,0.0,NEUTRAL,1.06,INJECTION,3540619.0,AMPLE,0.796,658440.0,32826.0,0.0732,-9.0,SAFE,0.2102,0.965,-0.8393
2023-12-20,0.0,NEUTRAL,0.55,INJECTION,3536105.0,AMPLE,-0.7203,732196.0,-38287.0,0.4408,-9.0,SAFE,0.7548,0.0561,-1.4833
2023-12-27,0.0,NEUTRAL,1.15,INJECTION,3446459.0,AMPLE,-0.8083,731405.0,11506.0,0.8288,-1.0,SAFE,-0.8216,-0.9446,-2.042
2024-01-03,-0.3,NEUTRAL,1.05,INJECTION,3262895.0,AMPLE,0.6519,758448.0,67113.0,0.7108,-1.0,SAFE,-0.2263,-0.8529,-1.0655
2024-01-10,0.0,NEUTRAL,1.03,INJECTION,3498748.0,AMPLE,0.911,747565.0,69154.0,0.6378,-9.0,SAFE,-0.6266,-0.6037,-0.9529
2024-01-17,0.4,NEUTRAL,0.7,INJECTION,3611719.0,AMPLE,1.206,748883.0,-27066.0,1.0733,-8.0,SAFE,0.0483,0.4607,-0.2663
2024-01-24,-1.25,DRAIN,0.27,NEUTRAL,3526683.0,AMPLE,-1.5211,799358.0,-63267.0,0.1676,-9.0,SAFE,0.4124,-0.2056,-0.1705
2024-01-31,-0.3,NEUTRAL,0.72,INJECTION,3526230.0,AMPLE,-1.0438,841550.0,16461.0,0.5851,-8.0,SAFE,-0.618,-0.727,-0.5611
2024-02-07,0.1,NEUTRAL,0.49,NEUTRAL,3599323.0,AMPLE,1.6671,802135.0,110560.0,-0.1868,-9.0,SAFE,-0.109,0.0351,0.9172
2024-02-14,-0.3,NEUTRAL,0.94,INJECTION,3540945.0,AMPLE,-0.8855,838005.0,45032.0,1.158,-10.0,SAFE,0.1441,0.1659,0.6717
2024-02-21,-0.3,NEUTRAL,0.97,INJECTION,3565999.0,AMPLE,0.0128,785465.0,92590.0,1.0981,-10.0,SAFE,-0.0666,0.7552,0.2431
2024-02-28,-0.3,NEUTRAL,1.16,INJECTION,3567552.0,AMPLE,-0.148,785821.0,107539.0,1.3095,-9.0,SAFE,0.8219,0.7798,0.0981
2024-03-06,0.1,NEUTRAL,0.6,INJECTION,3626176.0,AMPLE,1.6443,767733.0,154369.0,-0.2761,-9.0,SAFE,-0.0421,-0.5121,-0.4735
2024-03-13,-0.3,NEUTRAL,1.05,INJECTION,3624633.0,AMPLE,-0.9885,768369.0,51839.0,0.767,-9.0,SAFE,-0.47,-0.6817,-1.1306
2024-03-20,-0.92,DRAIN,1.15,INJECTION,3553424.0,AMPLE,-0.6887,809298.0,48125.0,0.771,-9.0,SAFE,-0.2116,0.0387,-1.7992
2024-03-27,-0.92,DRAIN,1.2,INJECTION,3496121.0,AMPLE,-0.7192,802233.0,77349.0,0.7491,-7.0,SAFE,0.2503,-0.4489,-1.4548
2024-04-03,-0.3,NEUTRAL,1.26,INJECTION,3414288.0,AMPLE,1.1377,768651.0,134763.0,0.5663,-8.0,SAFE,-0.6992,-1.8379,-1.3789
2024-04-10,0.0,NEUTRAL,1.31,INJECTION,3586845.0,AMPLE,0.852,704971.0,36362.0,0.4258,-9.0,SAFE,-1.1386,-1.0059,-0.4546
2024-04-17,-1.25,DRAIN,-0.19,NEUTRAL,3522717.0,AMPLE,-1.8915,796535.0,-283574.0,-0.5056,-9.0,SAFE,0.1328,0.459,1.4555
2024-04-24,-0.9,DRAIN,0.33,NEUTRAL,3324363.0,AMPLE,-2.4102,941430.0,-109762.0,0.8706,-9.0,SAFE,0.3262,0.5512,0.8915
2024-05-01,-0.5,DRAIN,1.21,INJECTION,3252733.0,AMPLE,-0.21,917177.0,45725.0,1.9131,-8.0,SAFE,0.225,0.9966,0.2775
2024-05-08,-0.3,NEUTRAL,0.82,INJECTION,3331156.0,AMPLE,0.0207,851591.0,110025.0,0.8727,-9.0,SAFE,0.7715,0.3403,-1.1278
2024-05-15,-0.3,NEUTRAL,1.25,INJECTION,3369747.0,AMPLE,1.0813,787133.0,129058.0,2.2108,-9.0,SAFE,-0.4313,-0.719,-2.4009
2024-05-22,0.0,NEUTRAL,0.83,INJECTION,3390794.0,AMPLE,0.0732,725376.0,98270.0,0.8941,-9.0,SAFE,-0.2877,-1.468,-1.6003
2024-05-29,0.0,NEUTRAL,0.48,NEUTRAL,3409342.0,AMPLE,0.7052,704335.0,25740.0,-0.0489,-7.0,SAFE,-0.336,-1.6775,-1.8277
2024-06-05,0.0,NEUTRAL,0.32,NEUTRAL,3408310.0,AMPLE,0.8637,710309.0,109349.0,-0.4776,-7.0,SAFE,-1.3416,-1.4098,-0.8035
2024-06-12,0.0,NEUTRAL,0.56,INJECTION,3455134.0,AMPLE,-0.5784,673573.0,24569.0,0.1777,-9.0,SAFE,-0.0682,-0.1502,1.126
2024-06-19,0.0,NEUTRAL,0.22,NEUTRAL,3434274.0,AMPLE,0.2568,723410.0,-94454.0,0.581,-7.0,SAFE,-0.1168,0.5783,0.8459
2024-06-26,-0.7,DRAIN,-0.91,DRAIN,3302647.0,AMPLE,-2.8926,765417.0,-67488.0,0.5794,-6.0,SAFE,0.6951,1.5374,0.5369
2024-07-03,-0.3,NEUTRAL,0.69,INJECTION,3184180.0,AMPLE,0.9816,761373.0,137232.0,0.5086,-7.0,SAFE,0.8423,0.2676,0.0074
2024-07-10,0.0,NEUTRAL,0.74,INJECTION,3341977.0,AMPLE,0.5184,736402.0,143904.0,0.6398,-6.0,SAFE,-0.0184,-0.617,-0.5503
2024-07-17,-0.3,NEUTRAL,0.99,INJECTION,3331425.0,AMPLE,-0.1365,751593.0,49072.0,0.9608,-5.0,SAFE,-0.5986,-0.8744,0.1681
2024-07-24,-0.3,NEUTRAL,1.03,INJECTION,3308580.0,AMPLE,-0.4166,774315.0,55785.0,0.8448,-6.0,SAFE,-0.2758,0.0667,0.9479
2024-07-31,-0.3,NEUTRAL,0.78,INJECTION,3293519.0,AMPLE,-0.8839,786486.0,44039.0,0.3479,-2.0,SAFE,0.3425,1.0425,1.3301
2024-08-07,0.1,NEUTRAL,0.49,NEUTRAL,3351662.0,AMPLE,2.3242,770931.0,120250.0,-0.6512,-7.0,SAFE,0.7,0.8812,0.7698
2024-08-14,-0.3,NEUTRAL,1.02,INJECTION,3346138.0,AMPLE,-1.0228,794120.0,39692.0,0.8469,-7.0,SAFE,0.1813,0.2877,0.762
2024-08-21,0.0,NEUTRAL,1.05,INJECTION,3355586.0,AMPLE,0.4465,736494.0,120149.0,0.6998,-9.0,SAFE,0.1064,-0.1114,0.7861
2024-08-28,-0.4,NEUTRAL,1.01,INJECTION,3313566.0,AMPLE,-1.5395,745851.0,69675.0,0.8824,-5.0,SAFE,-0.2178,0.4744,0.9223
2024-09-04,0.0,NEUTRAL,0.69,INJECTION,3243002.0,AMPLE,0.8817,733959.0,139983.0,-0.3872,-5.0,SAFE,0.0086,0.9409,0.2727
2024-09-11,-0.3,NEUTRAL,1.02,INJECTION,3320818.0,AMPLE,0.6378,755958.0,38573.0,0.2824,-8.0,SAFE,0.9323,1.1202,-0.5316
2024-09-18,-0.3,NEUTRAL,0.5,INJECTION,3313281.0,AMPLE,-0.7848,771194.0,-98683.0,0.346,-7.0,SAFE,0.1878,-0.6682,-2.1308
2024-09-25,-0.7,DRAIN,0.95,INJECTION,3169149.0,AMPLE,-2.9014,806771.0,36440.0,0.6163,-6.0,SAFE,-0.856,-1.6518,-2.8754
2024-10-02,-0.92,DRAIN,0.87,INJECTION,3089598.0,AMPLE,0.1392,798277.0,90399.0,-0.4445,2.0,SAFE,-0.7957,-1.4626,-2.1777
2024-10-09,-0.3,NEUTRAL,1.44,INJECTION,3186207.0,AMPLE,0.6142,802115.0,122260.0,0.8756,-7.0,SAFE,-0.6669,-1.2236,-1.9992
2024-10-16,0.1,NEUTRAL,1.22,INJECTION,3209877.0,AMPLE,1.2564,791792.0,40064.0,0.4138,-4.0,SAFE,-0.322,-0.5513,-2.2086
2024-10-23,-0.3,NEUTRAL,1.31,INJECTION,3230145.0,AMPLE,-0.7839,829991.0,26020.0,0.6427,-7.0,SAFE,-0.2294,-0.2106,-2.3483
2024-10-30,-0.3,NEUTRAL,0.78,INJECTION,3236958.0,AMPLE,0.3496,835237.0,53364.0,-0.3317,-9.0,SAFE,0.0187,-1.6573,-1.849
2024-11-06,0.0,NEUTRAL,0.88,INJECTION,3274120.0,AMPLE,0.4214,842051.0,115637.0,-0.4875,-9.0,SAFE,-1.676,-2.1376,-1.4504
2024-11-13,-1.25,DRAIN,1.45,INJECTION,3244149.0,AMPLE,-1.2982,832186.0,54501.0,1.1899,-6.0,SAFE,-0.0813,0.3335,-0.2416
2024-11-20,-0.3,NEUTRAL,1.3,INJECTION,3286885.0,AMPLE,0.9708,751873.0,114712.0,0.5505,-9.0,SAFE,0.4148,0.3287,-0.6184
2024-11-27,0.0,NEUTRAL,1.23,INJECTION,3227674.0,AMPLE,0.1009,775250.0,79014.0,0.6608,-8.0,SAFE,-0.0861,-0.5751,-1.7558
2024-12-04,0.0,NEUTRAL,0.88,INJECTION,3225075.0,AMPLE,-0.279,789516.0,126253.0,-0.5947,-6.0,SAFE,-0.4155,-1.7318,-1.6547
2024-12-11,0.0,NEUTRAL,1.43,INJECTION,3264559.0,AMPLE,-0.0193,775067.0,96865.0,0.4892,-3.0,SAFE,-1.3163,-1.171,-2.4014
2024-12-18,0.0,NEUTRAL,0.94,INJECTION,3282229.0,AMPLE,0.7985,767932.0,-6219.0,0.5512,-8.0,SAFE,0.1453,0.0772,0.1722
2024-12-25,0.0,NEUTRAL,1.0,INJECTION,3247382.0,AMPLE,-0.8272,764770.0,-17272.0,0.6767,0.0,SAFE,-0.8687,-1.1877,0.1885
2025-01-01,-1.0,DRAIN,1.56,INJECTION,3095997.0,AMPLE,-4.7313,719873.0,23657.0,1.0846,9.0,WATCH,0.1371,0.0181,0.7571
2025-01-08,0.7,INJECTION,1.48,INJECTION,3254743.0,AMPLE,6.3016,652636.0,91637.0,0.7701,-11.0,SAFE,-0.119,1.4185,0.6623
2025-01-15,0.3,NEUTRAL,1.04,INJECTION,3340816.0,AMPLE,0.9491,641225.0,8322.0,-0.1998,-12.0,SAFE,1.5375,0.7389,1.7832
2025-01-22,0.3,NEUTRAL,1.12,INJECTION,3332278.0,AMPLE,-0.6977,677282.0,-15040.0,1.4282,-10.0,SAFE,0.091,0.0115,0.8427
2025-01-29,-0.4,NEUTRAL,0.52,INJECTION,3224785.0,AMPLE,-1.9627,784206.0,-25588.0,0.0542,-5.0,SAFE,-0.0795,0.1613,-0.141
2025-02-05,0.0,NEUTRAL,0.91,INJECTION,3177065.0,AMPLE,0.2438,805593.0,107713.0,-0.2153,-7.0,SAFE,0.2407,0.8311,1.7474
2025-02-12,0.0,NEUTRAL,1.33,INJECTION,3220027.0,AMPLE,-0.1487,828102.0,43262.0,1.0416,-8.0,SAFE,0.5904,-0.3023,1.7345
2025-02-19,0.0,NEUTRAL,1.38,INJECTION,3270082.0,AMPLE,0.0225,790062.0,110075.0,1.1724,-5.0,SAFE,-0.6721,0.7926,0.8922
2025-02-26,0.3,NEUTRAL,1.69,INJECTION,3327249.0,AMPLE,0.6725,681161.0,158074.0,1.8292,-7.0,SAFE,1.4647,1.5492,1.264
2025-03-05,0.7,INJECTION,0.96,INJECTION,3312625.0,AMPLE,1.847,548331.0,192918.0,-0.1505,-6.0,SAFE,0.0845,0.0996,1.0987
2025-03-12,0.3,NEUTRAL,1.39,INJECTION,3400235.0,AMPLE,0.7744,512581.0,63120.0,1.0693,-9.0,SAFE,0.0151,-0.2852,0.7282
2025-03-19,0.3,NEUTRAL,1.36,INJECTION,3467789.0,AMPLE,0.1755,435936.0,37880.0,0.81,-11.0,SAFE,-0.3003,0.9991,2.2917
2025-03-26,0.0,NEUTRAL,1.39,INJECTION,3450933.0,AMPLE,0.1965,360177.0,77254.0,0.8008,-5.0,SAFE,1.2994,1.0133,2.758
2025-04-02,0.0,NEUTRAL,0.96,INJECTION,3379339.0,AMPLE,0.6179,313326.0,120329.0,-0.4263,-3.0,SAFE,-0.286,1.2926,1.2839
2025-04-09,-0.08,NEUTRAL,1.42,INJECTION,3474682.0,AMPLE,1.2404,306049.0,114923.0,0.7131,2.0,SAFE,1.5786,1.7447,1.8823
2025-04-16,0.3,NEUTRAL,-0.06,NEUTRAL,3452030.0,AMPLE,-0.0623,422983.0,-288449.0,-0.8268,-9.0,SAFE,0.1661,-0.0086,0.2546
2025-04-23,-0.1,NEUTRAL,0.49,NEUTRAL,3256734.0,AMPLE,-4.8139,606632.0,-255753.0,0.8566,-12.0,SAFE,-0.1747,0.1376,0.7202
2025-04-30,-0.4,NEUTRAL,0.32,NEUTRAL,3219214.0,AMPLE,-1.4387,595741.0,-47679.0,0.5203,1.0,SAFE,0.3123,0.2632,1.1217
2025-05-07,0.7,INJECTION,0.59,INJECTION,3218636.0,AMPLE,1.8654,583727.0,60721.0,-0.0883,-10.0,SAFE,-0.0491,0.5826,1.3086
2025-05-14,0.3,NEUTRAL,1.0,INJECTION,3235723.0,AMPLE,0.0016,575846.0,33671.0,0.9989,-11.0,SAFE,0.6317,0.8585,2.0507
2025-05-21,0.3,NEUTRAL,1.04,INJECTION,3289469.0,AMPLE,0.845,503055.0,128467.0,1.1058,-14.0,SAFE,0.2267,0.726,0.7187
2025-05-28,0.3,NEUTRAL,-0.2,NEUTRAL,3270661.0,AMPLE,0.1582,467204.0,47182.0,1.4644,-7.0,SAFE,0.496,1.1494,1.5775
2025-06-04,-0.08,NEUTRAL,0.45,NEUTRAL,3294381.0,AMPLE,1.536,378947.0,153642.0,-0.4821,-12.0,SAFE,0.6535,-0.0666,1.1139
2025-06-11,-0.67,DRAIN,0.78,INJECTION,3407108.0,AMPLE,0.2378,332907.0,57042.0,0.3999,-12.0,SAFE,-0.72,0.4281,-0.0409
2025-06-18,-0.67,DRAIN,-1.02,DRAIN,3406366.0,AMPLE,-0.0225,337762.0,-74624.0,0.6016,-12.0,SAFE,1.1481,1.1804,0.8665
2025-06-25,0.0,NEUTRAL,-1.03,DRAIN,3369328.0,AMPLE,-0.8357,364375.0,-80629.0,0.5918,-4.0,SAFE,0.3404,-0.2312,-0.2852
2025-07-02,0.0,NEUTRAL,-0.87,DRAIN,3225980.0,AMPLE,-0.3971,359516.0,97079.0,-0.3198,0.0,SAFE,-0.5716,-0.9332,-1.6422
2025-07-09,0.0,NEUTRAL,0.89,INJECTION,3330249.0,AMPLE,0.8573,319889.0,157201.0,0.7056,-8.0,SAFE,-0.6697,0.2238,-0.5576
2025-07-16,0.3,NEUTRAL,1.02,INJECTION,3398822.0,AMPLE,0.8372,296247.0,68913.0,0.4009,-6.0,SAFE,0.8935,-0.8931,-0.0048
2025-07-23,0.3,NEUTRAL,1.05,INJECTION,3362277.0,AMPLE,-0.3411,323176.0,54622.0,0.2772,-12.0,SAFE,-1.7866,-0.7814,-1.2622
2025-07-30,0.3,NEUTRAL,0.72,INJECTION,3347414.0,AMPLE,-0.4608,370507.0,18494.0,-0.3947,-8.0,SAFE,1.0052,0.8883,1.2087
2025-08-06,0.3,NEUTRAL,0.83,INJECTION,3332492.0,AMPLE,0.1838,421043.0,126987.0,-0.5853,-6.0,SAFE,-0.117,-0.4808,0.3116
2025-08-13,0.3,NEUTRAL,1.31,INJECTION,3320050.0,AMPLE,-0.7462,504304.0,40724.0,0.901,-7.0,SAFE,-0.3638,0.3204,0.485
2025-08-20,0.3,NEUTRAL,1.4,INJECTION,3317292.0,AMPLE,-0.2997,519534.0,141074.0,0.8595,-9.0,SAFE,0.6842,0.7924,1.0779
2025-08-27,-0.1,NEUTRAL,1.29,INJECTION,3224967.0,AMPLE,-1.4057,589998.0,49525.0,0.9331,-4.0,SAFE,0.1082,0.1646,-0.1468
2025-09-03,0.3,NEUTRAL,1.22,INJECTION,3181701.0,AMPLE,0.1337,597513.0,155691.0,0.4726,-1.0,SAFE,0.6728,0.916,0.2762
2025-09-10,-0.75,DRAIN,1.21,INJECTION,3160774.0,AMPLE,-1.3755,672274.0,53610.0,0.2803,-1.0,SAFE,0.2432,-0.4894,-0.9437
2025-09-17,0.0,NEUTRAL,0.7,INJECTION,3073355.0,AMPLE,-1.1183,756376.0,-67123.0,0.3525,-2.0,SAFE,-0.7326,-0.6398,-0.8665
2025-09-24,-0.67,DRAIN,1.3,INJECTION,3002218.0,AMPLE,-1.0944,804856.0,572.0,0.5981,-2.0,SAFE,0.0928,-0.4543,-0.326
2025-10-01,-0.6,DRAIN,1.61,INJECTION,2966094.0,NERVOUS,-0.0444,805139.0,70364.0,2.1665,5.0,WATCH,-0.547,-0.2267,-0.7907
2025-10-08,-0.6,DRAIN,1.27,INJECTION,2998471.0,NERVOUS,0.1101,807428.0,115965.0,0.7491,-3.0,SAFE,0.3204,0.1283,-0.2461
2025-10-15,0.0,NEUTRAL,1.27,INJECTION,3019028.0,AMPLE,0.0557,809593.0,36451.0,1.1248,14.0,WATCH,-0.2344,-0.5069,-0.2465
2025-10-22,-1.67,DRAIN,1.06,INJECTION,2933037.0,NERVOUS,-1.7963,908001.0,1157.0,0.9577,6.0,WATCH,-0.2725,-0.6115,-0.7515
2025-10-29,-1.2,DRAIN,-0.07,NEUTRAL,2848021.0,NERVOUS,-1.1975,957990.0,-9332.0,-0.1776,12.0,WATCH,-0.339,0.2604,0.2447
2025-11-05,-0.8,DRAIN,0.53,INJECTION,2862569.0,NERVOUS,0.1676,940979.0,133324.0,-0.3656,1.0,SAFE,0.5994,-0.14,0.7577
2025-11-12,-0.8,DRAIN,0.87,INJECTION,2855030.0,NERVOUS,0.0324,953816.0,27640.0,0.887,8.0,WATCH,-0.7553,-0.2309,0.5216
2025-11-19,-0.8,DRAIN,0.89,INJECTION,2888643.0,NERVOUS,-0.1518,941926.0,112422.0,0.5809,1.0,SAFE,0.5243,0.8265,1.26
2025-11-26,-1.33,DRAIN,0.82,INJECTION,2896586.0,NERVOUS,0.6162,903394.0,62051.0,0.7771,15.0,STRESS,0.3022,0.7525,1.2152
2025-12-03,-0.8,DRAIN,0.81,INJECTION,2858284.0,NERVOUS,-0.898,937167.0,106126.0,0.4909,5.0,WATCH,0.5788,0.5188,0.8807
2025-12-10,-0.2,NEUTRAL,0.93,INJECTION,2932112.0,NERVOUS,1.4155,858946.0,75299.0,0.592,0.0,SAFE,-0.06,0.4238,-0.0132
2025-12-17,-0.6,DRAIN,1.04,INJECTION,2959044.0,NERVOUS,0.6712,833093.0,5260.0,0.7438,4.0,SAFE,0.4838,0.3619,0.5065
2025-12-24,-0.5,DRAIN,0.97,INJECTION,2955581.0,NERVOUS,0.4533,837120.0,22622.0,0.555,1.0,SAFE,-0.1219,-0.437,1.7058
2025-12-31,-0.3,NEUTRAL,1.22,INJECTION,2957410.0,NERVOUS,-0.7316,837306.0,978.0,1.406,22.0,STRESS,-0.5132,-0.3991,1.0458
2026-01-07,-0.1,NEUTRAL,0.48,NEUTRAL,2996379.0,NERVOUS,1.3261,796148.0,65608.0,-0.5854,0.0,SAFE,0.0792,0.9978,1.5515
2026-01-14,0.1,NEUTRAL,0.21,NEUTRAL,3049630.0,AMPLE,0.4578,779175.0,-22796.0,0.0525,-1.0,SAFE,0.9185,1.7615,2.0793
2026-01-21,-0.9,DRAIN,0.54,INJECTION,2954903.0,NERVOUS,-1.5058,869261.0,-81619.0,1.2171,-2.0,SAFE,1.4848,0.5835,1.0163
2026-01-28,-1.25,DRAIN,0.44,NEUTRAL,2901600.0,NERVOUS,-0.85,923042.0,-24424.0,0.9312,-1.0,SAFE,-0.9013,-0.0834,-0.3247
2026-02-04,-0.7,DRAIN,0.57,INJECTION,2925170.0,NERVOUS,0.5527,908773.0,150458.0,-0.0629,0.0,SAFE,0.8179,0.4328,-0.8306
2026-02-11,-0.7,DRAIN,1.02,INJECTION,2939557.0,NERVOUS,0.1985,915306.0,77957.0,1.0878,0.0,SAFE,-0.3851,-0.2412,-2.5318
2026-02-18,-0.5,DRAIN,1.06,INJECTION,2949804.0,NERVOUS,-0.1089,912727.0,129138.0,1.1498,8.0,WATCH,0.281,-1.1212,-1.6319
2026-02-25,-0.3,NEUTRAL,1.41,INJECTION,2965765.0,NERVOUS,0.4424,887612.0,159713.0,1.8802,2.0,SAFE,-1.4022,-1.6141,-2.0861
2026-03-04,0.7,INJECTION,0.7,INJECTION,3015531.0,AMPLE,1.2391,832053.0,185571.0,-0.058,2.0,SAFE,-0.2119,-0.5107,-0.779
2026-03-11,0.3,NEUTRAL,1.09,INJECTION,3037665.0,AMPLE,0.2009,838186.0,93441.0,0.9805,-1.0,SAFE,-0.2988,-0.472,0.7723
2026-03-18,0.3,NEUTRAL,1.16,INJECTION,3019995.0,AMPLE,-0.0933,853052.0,55302.0,1.0132,-3.0,SAFE,-0.1732,-0.2684,1.5254
2026-03-25,-0.3,NEUTRAL,1.19,INJECTION,2993955.0,NERVOUS,-0.3427,874077.0,72038.0,0.9267,-1.0,SAFE,-0.0952,1.2443,1.3999
2026-04-01,0.1,NEUTRAL,1.63,INJECTION,3026708.0,AMPLE,0.7473,847718.0,143231.0,2.5004,0.0,SAFE,1.3394,1.7938,1.533
2026-04-08,1.0,INJECTION,1.23,INJECTION,3116247.0,AMPLE,2.0565,748376.0,145108.0,0.6811,-6.0,SAFE,0.4544,0.1556,0.7498
2026-04-15,0.3,NEUTRAL,-0.48,NEUTRAL,3129588.0,AMPLE,0.148,751354.0,-198972.0,-2.7585,7.0,WATCH,-0.2987,-0.2607,-0.2595
2026-04-22,-0.9,DRAIN,0.39,NEUTRAL,2901825.0,NERVOUS,-4.2526,1005968.0,-308275.0,0.7909,-1.0,SAFE,0.038,0.5942,-0.5488
2026-04-29,-0.5,DRAIN,0.11,NEUTRAL,2918599.0,NERVOUS,0.287,981929.0,-38754.0,0.2765,-2.0,SAFE,0.5562,0.0012,-0.1746
2026-05-06,0.7,INJECTION,0.54,INJECTION,3032588.0,AMPLE,1.9736,877761.0,102552.0,0.1083,-4.0,SAFE,-0.555,-1.143,-1.7392
2026-05-13,0.3,NEUTRAL,0.94,INJECTION,3102810.0,AMPLE,0.962,838584.0,53978.0,1.177,-6.0,SAFE,-0.5879,-0.1758,-0.7038
2026-05-20,0.3,NEUTRAL,0.91,INJECTION,3129562.0,AMPLE,0.3616,781293.0,154553.0,1.0874,-15.0,SAFE,0.4122,-0.5962,-0.9812
2026-05-27,0.3,NEUTRAL,0.88,INJECTION,3066560.0,AMPLE,-0.5967,830296.0,35139.0,1.0101,-2.0,SAFE,-0.2765,-0.9076,-1.5462
2026-06-03,0.3,NEUTRAL,0.6,INJECTION,3013902.0,AMPLE,-0.6559,875713.0,159812.0,0.2157,-4.0,SAFE,-0.631,-0.8631,-1.2274
2026-06-10,0.7,INJECTION,0.7,INJECTION,3080723.0,AMPLE,1.0828,828122.0,59054.0,0.3751,-6.0,SAFE,-0.2321,-0.6387,-0.5178
2026-06-17,0.3,NEUTRAL,0.18,NEUTRAL,3033444.0,AMPLE,-0.8141,880713.0,-81171.0,0.4967,-2.0,SAFE,-0.4066,-0.3643,-0.1193
2026-06-24,-0.5,DRAIN,0.18,NEUTRAL,2951416.0,NERVOUS,-0.6235,918696.0,-73723.0,0.4836,-3.0,SAFE,0.3034,0.4566,0.2865
2026-07-01,-0.5,DRAIN,1.25,INJECTION,2966897.0,NERVOUS,0.5318,880237.0,173536.0,2.6977,1.0,SAFE,0.1532,0.1315,0.8209
2026-07-08,0.5,INJECTION,0.77,INJECTION,3098911.0,AMPLE,1.9659,774062.0,189925.0,0.7192,-7.0,SAFE,0.3496,-0.1281,1.0331
2026-07-15,0.1,NEUTRAL,1.46,INJECTION,3142721.0,AMPLE,0.4776,756218.0,89990.0,0.8966,-1.0,SAFE,-0.4777,0.546,0.9569
2026-07-22,-0.3,NEUTRAL,1.62,INJECTION,3062149.0,AMPLE,-1.1572,829623.0,72972.0,1.0627,-3.0,SAFE,1.0237,1.1612,2.218
2026-07-29,-1.58,DRAIN,0.75,INJECTION,2984570.0,NERVOUS,-1.5639,910776.0,25562.0,-0.6471,0.0,SAFE,0.1375,0.4108,1.1068
2026-08-05,-0.7,DRAIN,0.99,INJECTION,2993349.0,NERVOUS,0.2533,907324.0,139680.0,-0.5972,-1.0,SAFE,0.2733,1.0569,1.1656
2026-08-12,-0.7,DRAIN,1.45,INJECTION,2944059.0,NERVOUS,-0.7588,963950.0,42881.0,0.9549,-3.0,SAFE,0.7835,0.696,
2026-08-19,-0.7,DRAIN,1.4,INJECTION,2935287.0,NERVOUS,-0.0606,953612.0,145634.0,0.5009,-3.0,SAFE,-0.0875,0.1087,
2026-08-26,-0.7,DRAIN,1.29,INJECTION,2924936.0,NERVOUS,-0.2123,950736.0,49502.0,0.8087,-1.0,SAFE,0.1963,,
2026-09-02,-0.7,DRAIN,0.96,INJECTION,2894531.0,NERVOUS,-0.1857,967935.0,160861.0,-0.4567,0.0,SAFE,,,
