date,cb_score,cb_label,fi_score,fi_label,reserves,reserves_level,net_liq_wow,govt_account,fiscal_7d,fiscal_z,stress_bps,stress_level,fwd_5,fwd_10,fwd_20
2008-01-02,-0.67,DRAIN,,NO DATA,300.0,CRISIS,-1.0836,2601.0,,,,NO DATA,2.335,3.8424,1.1743
2008-01-09,-2.0,DRAIN,,NO DATA,200.0,CRISIS,-4.1226,2738.0,,,,NO DATA,1.5075,-0.663,-0.237
2008-01-16,-2.0,DRAIN,,NO DATA,150.0,CRISIS,-1.5228,1335.0,,,,NO DATA,-2.1705,-2.6681,-3.1883
2008-01-23,-1.33,DRAIN,,NO DATA,150.0,CRISIS,-0.1115,1612.0,,,,NO DATA,-0.4977,0.426,0.1488
2008-01-30,-1.33,DRAIN,,NO DATA,150.0,CRISIS,-0.0165,1591.0,,,,NO DATA,0.9237,-0.5202,-3.07
2008-02-06,-1.33,DRAIN,,NO DATA,150.0,CRISIS,0.2543,1511.0,,,,NO DATA,-1.4439,-0.2772,-2.6751
2008-02-13,-2.0,DRAIN,,NO DATA,100.0,CRISIS,-0.2763,1452.0,,,,NO DATA,1.1667,-2.5498,-1.2922
2008-02-20,-2.0,DRAIN,,NO DATA,75.0,CRISIS,0.2977,1351.0,,,,NO DATA,-3.7165,-2.3979,1.7882
2008-02-27,-1.33,DRAIN,,NO DATA,75.0,CRISIS,-0.3072,1569.0,,,,NO DATA,1.3186,1.2576,4.6441
2008-03-05,-1.33,DRAIN,,NO DATA,75.0,CRISIS,0.2647,1345.0,,,,NO DATA,-0.0609,4.1861,2.4376
2008-03-12,-0.67,DRAIN,,NO DATA,279.0,CRISIS,0.2805,1637.0,,,,NO DATA,4.2471,3.3864,3.7198
2008-03-19,-2.0,DRAIN,,NO DATA,69.0,CRISIS,1.7049,458.0,,,,NO DATA,-0.8606,-1.7486,-1.818
2008-03-26,-2.0,DRAIN,,NO DATA,41.0,CRISIS,-0.3316,2340.0,,,,NO DATA,-0.6426,0.3149,-0.1479
2008-04-02,-0.67,DRAIN,,NO DATA,403.0,CRISIS,-0.4788,3831.0,,,,NO DATA,0.9575,0.307,1.0557
2008-04-09,-2.0,DRAIN,,NO DATA,94.0,CRISIS,-0.6544,4778.0,,,,NO DATA,-0.6505,-0.4628,-0.2952
2008-04-16,-2.0,DRAIN,,NO DATA,40.0,CRISIS,-0.3037,4904.0,,,,NO DATA,0.1877,0.7487,-1.1437
2008-04-23,-2.0,DRAIN,,NO DATA,25.0,CRISIS,0.3664,2820.0,,,,NO DATA,0.561,0.1676,-2.4883
2008-04-30,0.0,NEUTRAL,,NO DATA,654.0,CRISIS,2.5163,3082.0,,,,NO DATA,-0.3934,-1.8924,-2.454
2008-05-07,-2.0,DRAIN,,NO DATA,25.0,CRISIS,-0.3241,3362.0,,,,NO DATA,-1.499,-2.6559,0.3737
2008-05-14,-1.33,DRAIN,,NO DATA,25.0,CRISIS,-0.3673,3888.0,,,,NO DATA,-1.1569,-0.5617,2.801
2008-05-21,-1.33,DRAIN,,NO DATA,25.0,CRISIS,1.1421,5114.0,,,,NO DATA,0.1115,3.3604,2.7111
2008-05-28,-1.5,DRAIN,,NO DATA,161.0,CRISIS,-0.5756,6097.0,,,,NO DATA,3.2489,3.5818,2.491
2008-06-04,-2.0,DRAIN,,NO DATA,25.0,CRISIS,0.0861,995.0,,,,NO DATA,0.3328,-0.6493,-0.4225
2008-06-11,-1.33,DRAIN,,NO DATA,25.0,CRISIS,-0.066,1264.0,,,,NO DATA,-0.9821,-1.0908,-1.3777
2008-06-18,-1.33,DRAIN,,NO DATA,25.0,CRISIS,-0.0921,1484.0,,,,NO DATA,-0.1086,0.2267,-0.7828
2008-06-25,-1.5,DRAIN,,NO DATA,50.0,CRISIS,1.1025,1197.0,,,,NO DATA,0.3354,-0.2869,0.424
2008-07-02,-1.0,DRAIN,,NO DATA,148.0,CRISIS,1.8578,1174.0,,,,NO DATA,-1.0242,-1.8792,0.4985
2008-07-09,-2.0,DRAIN,,NO DATA,25.0,CRISIS,-1.0317,1328.0,,,,NO DATA,-0.855,0.1187,5.5452
2008-07-16,-1.33,DRAIN,,NO DATA,25.0,CRISIS,-0.594,1472.0,,,,NO DATA,0.9737,2.3777,5.7519
2008-07-23,-1.33,DRAIN,,NO DATA,25.0,CRISIS,-0.0594,1535.0,,,,NO DATA,1.404,5.4265,3.3447
2008-07-30,0.0,NEUTRAL,,NO DATA,736.0,CRISIS,2.5064,1937.0,,,,NO DATA,4.0225,3.3742,3.5343
2008-08-06,-2.0,DRAIN,,NO DATA,100.0,CRISIS,-0.3476,1527.0,,,,NO DATA,1.0317,-0.5246,1.2292
2008-08-13,-2.0,DRAIN,,NO DATA,25.0,CRISIS,-1.1338,1865.0,,,,NO DATA,-1.5563,-0.8891,-0.1036
2008-08-20,-1.33,DRAIN,,NO DATA,25.0,CRISIS,-0.4097,2614.0,,,,NO DATA,0.6672,1.7538,0.1338
2008-08-27,-1.33,DRAIN,,NO DATA,25.0,CRISIS,0.9173,3180.0,,,,NO DATA,1.0866,0.7854,-1.6958
2008-09-03,-1.33,DRAIN,,NO DATA,25.0,CRISIS,1.1488,1400.0,,,,NO DATA,1.4367,0.5529,1.1863
2008-09-10,-1.33,DRAIN,,NO DATA,25.0,CRISIS,-1.0587,988.0,,,,NO DATA,-0.8839,-4.3349,6.1953
2008-09-17,-1.33,DRAIN,,NO DATA,25.0,CRISIS,-0.61,1362.0,,,,NO DATA,-3.4511,0.6334,9.971
2008-09-24,-1.33,DRAIN,,NO DATA,25.0,CRISIS,0.0333,3508.0,,,,NO DATA,4.0845,10.5302,20.8292
2008-10-01,-1.33,DRAIN,,NO DATA,25.0,CRISIS,0.8468,4999.0,,,,NO DATA,6.4457,9.3375,12.1891
2008-10-08,-1.33,DRAIN,,NO DATA,25.0,CRISIS,0.8339,4036.0,,,,NO DATA,2.8918,10.299,2.9932
2008-10-15,-1.33,DRAIN,,NO DATA,25.0,CRISIS,0.4145,4871.0,,,,NO DATA,5.0653,2.2257,2.4382
2008-10-22,-1.5,DRAIN,,NO DATA,127.0,CRISIS,-0.455,12100.0,,,,NO DATA,-2.8396,-6.1928,2.2103
2008-10-29,-2.0,DRAIN,,NO DATA,25.0,CRISIS,0.486,14288.0,,,,NO DATA,-3.3532,0.2125,1.228
2008-11-05,-1.33,DRAIN,,NO DATA,25.0,CRISIS,0.6142,14730.0,,,,NO DATA,3.5657,8.4031,9.2938
2008-11-12,-1.33,DRAIN,,NO DATA,25.0,CRISIS,0.4425,17400.0,,,,NO DATA,4.2915,0.1136,-1.0776
2008-11-19,-1.33,DRAIN,,NO DATA,25.0,CRISIS,-0.8546,19427.0,,,,NO DATA,-4.1779,-2.4809,-7.1747
2008-11-26,-1.6,DRAIN,,NO DATA,27.0,CRISIS,0.4291,25131.0,,,,NO DATA,1.6969,-1.1913,-1.3227
2008-12-03,-2.0,DRAIN,,NO DATA,25.0,CRISIS,0.6351,24172.0,,,,NO DATA,-2.8882,-4.6938,-5.8877
2008-12-10,-1.5,DRAIN,,NO DATA,34.0,CRISIS,0.3279,25891.0,,,,NO DATA,-1.8056,-0.1314,0.6056
2008-12-17,-1.0,DRAIN,,NO DATA,251.0,CRISIS,1.3639,25195.0,,,,NO DATA,1.6742,-1.1939,5.2108
2008-12-24,-1.0,DRAIN,,NO DATA,2350.0,CRISIS,7.4173,23895.0,,,,NO DATA,-2.8681,0.737,1.0791
2008-12-31,-2.0,DRAIN,,NO DATA,26.0,CRISIS,-4.6115,23604.0,,,,NO DATA,-1.5314,3.5299,2.1005
2009-01-07,-2.0,DRAIN,,NO DATA,25.0,CRISIS,-2.7574,24250.0,,,,NO DATA,6.0149,6.0545,3.4314
2009-01-14,-2.0,DRAIN,,NO DATA,25.0,CRISIS,-1.7002,24217.0,,,,NO DATA,0.0396,-3.5227,-1.1792
2009-01-21,-2.0,DRAIN,,NO DATA,25.0,CRISIS,-0.7059,25458.0,,,,NO DATA,-3.5623,-2.6232,-0.2775
2009-01-28,-2.0,DRAIN,,NO DATA,25.0,CRISIS,-0.1054,22789.0,,,,NO DATA,0.9391,2.3435,2.1751
2009-02-04,-2.0,DRAIN,,NO DATA,25.0,CRISIS,0.493,26440.0,,,,NO DATA,1.4044,2.3457,4.56
2009-02-11,-2.0,DRAIN,,NO DATA,25.0,CRISIS,-0.2558,24307.0,,,,NO DATA,0.9413,-0.1685,3.3728
2009-02-18,-1.33,DRAIN,,NO DATA,25.0,CRISIS,0.2048,28972.0,,,,NO DATA,-1.1097,2.2143,-2.167
2009-02-25,-1.33,DRAIN,,NO DATA,25.0,CRISIS,-0.1604,27486.0,,,,NO DATA,3.324,3.5412,-1.0167
2009-03-04,-1.33,DRAIN,,NO DATA,25.0,CRISIS,0.3462,27870.0,,,,NO DATA,0.2172,-4.3813,-3.9037
2009-03-11,-1.5,DRAIN,,NO DATA,80.0,CRISIS,-0.2116,29207.0,,,,NO DATA,-4.5985,-4.558,-5.0132
2009-03-18,-2.0,DRAIN,,NO DATA,25.0,CRISIS,-0.3611,27283.0,,,,NO DATA,0.0406,0.4776,-1.463
2009-03-25,-1.5,DRAIN,,NO DATA,28.0,CRISIS,0.0978,28162.0,,,,NO DATA,0.437,-0.4552,-1.9409
2009-04-01,-2.0,DRAIN,,NO DATA,25.0,CRISIS,0.5727,28693.0,,,,NO DATA,-0.8922,-1.9405,-4.2223
2009-04-08,-0.67,DRAIN,,NO DATA,25.0,CRISIS,1.3294,27188.0,,,,NO DATA,-1.0483,-1.4856,-5.8117
2009-04-15,-1.33,DRAIN,,NO DATA,25.0,CRISIS,-0.6936,24069.0,,,,NO DATA,1.8726,-1.0166,-2.8166
2009-04-22,0.0,NEUTRAL,,NO DATA,3000.0,CRISIS,5.1935,22219.0,,,,NO DATA,-2.8892,-4.8001,-8.993
2009-04-29,-1.62,DRAIN,,NO DATA,2872.0,CRISIS,0.3598,19991.0,,,,NO DATA,-1.9109,-1.8,-8.5551
2009-05-06,-1.04,DRAIN,,NO DATA,3000.0,CRISIS,0.7978,19114.0,,,,NO DATA,0.1109,-4.1929,-4.9704
2009-05-13,-1.33,DRAIN,,NO DATA,3000.0,CRISIS,0.3664,17553.0,,,,NO DATA,-4.3038,-6.755,-4.8036
2009-05-20,-1.33,DRAIN,,NO DATA,3000.0,CRISIS,0.3739,17867.0,,,,NO DATA,-2.5736,-3.7036,-1.243
2009-05-27,-1.33,DRAIN,,NO DATA,3000.0,CRISIS,-0.2383,14647.0,,,,NO DATA,-1.1301,-1.2847,4.0175
2009-06-03,-1.34,DRAIN,,NO DATA,2995.0,CRISIS,0.1416,12987.0,,,,NO DATA,-0.1547,2.4606,5.5009
2009-06-10,-1.98,DRAIN,,NO DATA,3004.0,CRISIS,-0.2174,15819.0,,,,NO DATA,2.6153,5.3022,5.9049
2009-06-17,-1.34,DRAIN,,NO DATA,3000.0,CRISIS,-0.1435,19999.0,,,,NO DATA,2.6869,3.0403,-0.9358
2009-06-24,-1.33,DRAIN,,NO DATA,3000.0,CRISIS,0.5516,19754.0,,,,NO DATA,0.3534,0.6027,-6.5852
2009-07-01,-0.25,NEUTRAL,,NO DATA,3189.0,CRISIS,2.1308,18105.0,,,,NO DATA,0.155,-3.8029,-7.0416
2009-07-08,-2.0,DRAIN,,NO DATA,3000.0,CRISIS,-1.0846,18715.0,,,,NO DATA,-3.9579,-6.7169,-6.9934
2009-07-15,-1.99,DRAIN,,NO DATA,3008.0,CRISIS,-0.5989,20469.0,,,,NO DATA,-2.759,-3.2387,-1.8066
2009-07-22,-1.35,DRAIN,,NO DATA,3000.0,CRISIS,-0.1598,20825.0,,,,NO DATA,-0.4797,-0.2764,-0.6277
2009-07-29,-1.33,DRAIN,,NO DATA,3000.0,CRISIS,0.7477,21335.0,,,,NO DATA,0.2032,1.4321,0.59
2009-08-05,-2.0,DRAIN,,NO DATA,1684.0,CRISIS,-1.5525,22500.0,,,,NO DATA,0.8607,1.3204,2.5239
2009-08-12,0.0,NEUTRAL,,NO DATA,2938.0,CRISIS,1.0643,20734.0,,,,NO DATA,0.4597,0.9903,-0.9816
2009-08-19,-1.19,DRAIN,,NO DATA,3000.0,CRISIS,-0.3914,17841.0,,,,NO DATA,0.5306,1.2035,-1.6462
2009-08-26,-1.33,DRAIN,,NO DATA,3000.0,CRISIS,0.3859,18586.0,,,,NO DATA,0.6729,-1.9719,-0.4114
2009-09-02,-1.48,DRAIN,,NO DATA,3013.0,CRISIS,1.0865,17542.0,,,,NO DATA,-2.6448,-2.8497,-1.7277
2009-09-09,-1.36,DRAIN,,NO DATA,3000.0,CRISIS,0.448,17066.0,,,,NO DATA,-1.8577,0.5258,-2.5954
2009-09-16,-2.0,DRAIN,,NO DATA,3000.0,CRISIS,-1.4642,16277.0,,,,NO DATA,2.3835,1.5056,-2.1332
2009-09-23,-1.66,DRAIN,,NO DATA,3207.0,CRISIS,0.1298,18161.0,,,,NO DATA,-0.8779,-3.1212,-3.3778
2009-09-30,-1.76,DRAIN,,NO DATA,3000.0,CRISIS,0.4941,18460.0,,,,NO DATA,-2.2433,-3.6388,0.0
2009-10-07,-1.33,DRAIN,,NO DATA,3000.0,CRISIS,0.4725,17298.0,,,,NO DATA,-1.3955,-0.2566,1.7408
2009-10-14,-1.33,DRAIN,,NO DATA,3000.0,CRISIS,0.2915,17118.0,,,,NO DATA,1.7511,3.8276,1.9702
2009-10-21,-2.0,DRAIN,,NO DATA,3000.0,CRISIS,-1.0537,20334.0,,,,NO DATA,2.0765,1.5708,1.9924
2009-10-28,-1.33,DRAIN,,NO DATA,3000.0,CRISIS,0.1224,17906.0,,,,NO DATA,-0.5057,-1.8574,-0.7595
2009-11-04,-2.0,DRAIN,,NO DATA,1556.0,CRISIS,-2.1849,19058.0,,,,NO DATA,-1.3517,0.4216,-1.2661
2009-11-11,0.0,NEUTRAL,,NO DATA,3000.0,CRISIS,3.0372,17560.0,,,,NO DATA,1.1249,0.7199,0.0
2009-11-18,-2.0,DRAIN,,NO DATA,3000.0,CRISIS,-1.0241,18673.0,,,,NO DATA,-0.405,-0.9065,0.7025
2009-11-25,-1.33,DRAIN,,NO DATA,3000.0,CRISIS,0.0543,17628.0,,,,NO DATA,-0.5015,-0.7199,-1.015
2009-12-02,-1.57,DRAIN,,NO DATA,2895.0,CRISIS,0.2432,15469.0,,,,NO DATA,-0.2184,1.6091,-1.6257
2009-12-09,-1.09,DRAIN,,NO DATA,3000.0,CRISIS,0.3893,15478.0,,,,NO DATA,1.8275,-0.2951,-1.3784
2009-12-16,-1.33,DRAIN,,NO DATA,3000.0,CRISIS,0.5564,15040.0,,,,NO DATA,-2.1226,-3.2348,-3.6599
2009-12-23,-1.02,DRAIN,,NO DATA,2842.0,CRISIS,2.9622,12285.0,,,,NO DATA,-1.1122,-1.0833,1.1188
2009-12-30,-0.96,DRAIN,,NO DATA,3000.0,CRISIS,0.6718,11407.0,,,,NO DATA,-1.1725,-1.7251,1.7428
2010-01-06,-2.0,DRAIN,,NO DATA,2534.0,CRISIS,-3.6802,13637.0,,,,NO DATA,-0.8733,1.3053,3.6333
2010-01-13,-1.33,DRAIN,,NO DATA,3000.0,CRISIS,-1.2349,14501.0,,,,NO DATA,2.1786,3.6552,2.5213
2010-01-20,-2.0,DRAIN,,NO DATA,2987.0,CRISIS,-0.9891,14155.0,,,,NO DATA,1.4766,2.328,-0.3343
2010-01-27,-1.3,DRAIN,,NO DATA,3000.0,CRISIS,0.2462,14326.0,,,,NO DATA,0.8514,-1.1339,0.3002
2010-02-03,-1.33,DRAIN,,NO DATA,3000.0,CRISIS,0.7898,14057.0,,,,NO DATA,-1.9853,-2.6623,-4.0399
2010-02-10,-1.33,DRAIN,,NO DATA,3000.0,CRISIS,-0.1192,14753.0,,,,NO DATA,-0.677,1.4341,-2.4823
2010-02-17,-1.16,DRAIN,,NO DATA,3080.0,CRISIS,0.0509,14874.0,,,,NO DATA,2.1111,-1.3776,-3.0404
2010-02-24,-1.33,DRAIN,,NO DATA,3080.0,CRISIS,-0.1982,14269.0,,,,NO DATA,-3.4887,-3.9165,-4.6694
2010-03-03,-1.64,DRAIN,,NO DATA,2939.0,CRISIS,-0.1178,14275.0,,,,NO DATA,-0.4277,-1.6628,-2.296
2010-03-10,-1.19,DRAIN,,NO DATA,3003.0,CRISIS,-0.4047,15165.0,,,,NO DATA,-1.2351,-0.7529,-2.067
2010-03-17,-0.9,DRAIN,,NO DATA,3200.0,CRISIS,0.159,15170.0,,,,NO DATA,0.4821,-0.6332,0.0887
2010-03-24,-1.33,DRAIN,,NO DATA,3200.0,CRISIS,-0.2082,14612.0,,,,NO DATA,-1.1153,-1.3141,-1.5929
2010-03-31,-0.67,DRAIN,,NO DATA,3200.0,CRISIS,1.9852,13668.0,,,,NO DATA,-0.1987,0.722,0.4061
2010-04-07,-1.33,DRAIN,,NO DATA,3200.0,CRISIS,-0.3935,14414.0,,,,NO DATA,-0.0599,-0.0699,4.0774
2010-04-14,-1.33,DRAIN,,NO DATA,3200.0,CRISIS,-0.7379,16006.0,,,,NO DATA,-0.01,0.3986,1.3391
2010-04-21,-1.33,DRAIN,,NO DATA,3200.0,CRISIS,-0.1525,15640.0,,,,NO DATA,0.4086,4.1473,6.252
2010-04-28,-1.33,DRAIN,,NO DATA,3200.0,CRISIS,0.5215,14420.0,,,,NO DATA,3.7387,0.9405,4.3309
2010-05-05,-1.71,DRAIN,,NO DATA,3021.0,CRISIS,0.3109,10659.0,,,,NO DATA,-2.7982,2.1047,0.7541
2010-05-12,-0.94,DRAIN,,NO DATA,3200.0,CRISIS,0.148,9823.0,,,,NO DATA,4.9029,3.3905,1.7967
2010-05-19,-1.78,DRAIN,,NO DATA,2986.0,CRISIS,-0.0174,9657.0,,,,NO DATA,-1.5125,-1.3507,-4.0298
2010-05-26,-0.19,NEUTRAL,,NO DATA,3200.0,CRISIS,1.6017,8846.0,,,,NO DATA,-0.7651,-1.5265,-0.6116
2010-06-02,-2.0,DRAIN,,NO DATA,899.0,CRISIS,-3.9248,4189.0,,,,NO DATA,-0.7613,-1.2754,2.2123
2010-06-09,-2.0,DRAIN,,NO DATA,400.0,CRISIS,-1.2578,4135.0,,,,NO DATA,-0.514,0.9148,-0.0871
2010-06-16,-2.0,DRAIN,,NO DATA,232.0,CRISIS,0.2887,4274.0,,,,NO DATA,1.4289,3.4877,2.4304
2010-06-23,-0.87,DRAIN,,NO DATA,225.0,CRISIS,1.191,3994.0,,,,NO DATA,2.0588,-1.0019,-0.5672
2010-06-30,-1.0,DRAIN,,NO DATA,286.0,CRISIS,1.0383,2608.0,,,,NO DATA,-3.0607,-1.0573,-3.4293
2010-07-07,-2.0,DRAIN,,NO DATA,236.0,CRISIS,-1.1314,2290.0,,,,NO DATA,-0.4125,-0.6724,-1.67
2010-07-14,-2.0,DRAIN,,NO DATA,94.0,CRISIS,-0.8009,3365.0,,,,NO DATA,-0.2599,-0.3177,-0.0096
2010-07-21,-2.0,DRAIN,,NO DATA,92.0,CRISIS,-0.2027,2629.0,,,,NO DATA,-0.0578,-0.9976,1.188
2010-07-28,-2.0,DRAIN,,NO DATA,25.0,CRISIS,0.6364,3286.0,,,,NO DATA,-0.9398,0.3081,1.683
2010-08-04,-1.0,DRAIN,,NO DATA,30.0,CRISIS,1.0397,2733.0,,,,NO DATA,2.6808,2.3448,3.5017
2010-08-11,-2.0,DRAIN,,NO DATA,25.0,CRISIS,-1.1333,4456.0,,,,NO DATA,-0.336,1.0677,-0.7311
2010-08-18,-1.33,DRAIN,,NO DATA,25.0,CRISIS,-0.279,1851.0,,,,NO DATA,1.4037,1.1569,-0.6561
2010-08-25,-1.33,DRAIN,,NO DATA,25.0,CRISIS,0.2224,2390.0,,,,NO DATA,-0.2468,-1.7987,-2.7201
2010-09-01,-0.67,DRAIN,,NO DATA,25.0,CRISIS,1.6694,3373.0,,,,NO DATA,-1.5519,-1.8129,-2.9421
2010-09-08,-1.5,DRAIN,,NO DATA,86.0,CRISIS,0.051,1400.0,,,,NO DATA,-0.5242,-0.1744,-1.581
2010-09-15,-2.0,DRAIN,,NO DATA,28.0,CRISIS,-1.5462,2241.0,,,,NO DATA,0.3498,0.2333,-1.6289
2010-09-22,-2.0,DRAIN,,NO DATA,25.0,CRISIS,-0.2323,2042.0,,,,NO DATA,-0.1165,-1.4065,-0.4569
2010-09-29,-1.33,DRAIN,,NO DATA,25.0,CRISIS,0.7109,1676.0,,,,NO DATA,-1.2901,-1.8623,-1.0739
2010-10-06,-1.33,DRAIN,,NO DATA,25.0,CRISIS,0.5299,1425.0,,,,NO DATA,-0.5722,0.9496,-1.4965
2010-10-13,-1.5,DRAIN,,NO DATA,32.0,CRISIS,0.306,1446.0,,,,NO DATA,1.9439,1.6405,0.4375
2010-10-20,-1.5,DRAIN,,NO DATA,122.0,CRISIS,-0.7653,1948.0,,,,NO DATA,-0.3034,-2.0636,-0.2446
2010-10-27,-2.0,DRAIN,,NO DATA,25.0,CRISIS,-0.1546,1968.0,,,,NO DATA,-1.7602,-1.2031,-0.1079
2010-11-03,-1.33,DRAIN,,NO DATA,25.0,CRISIS,0.5499,1728.0,,,,NO DATA,0.5571,1.819,0.3585
2010-11-10,-1.5,DRAIN,,NO DATA,30.0,CRISIS,0.685,1431.0,,,,NO DATA,1.2618,1.0952,0.1289
2010-11-17,-2.0,DRAIN,,NO DATA,25.0,CRISIS,-1.0565,2510.0,,,,NO DATA,-0.8985,-1.2661,-1.1666
2010-11-24,-1.5,DRAIN,,NO DATA,29.0,CRISIS,-0.1546,2861.0,,,,NO DATA,-0.3676,0.1487,0.1189
2010-12-01,-2.0,DRAIN,,NO DATA,25.0,CRISIS,1.0179,2213.0,,,,NO DATA,0.5163,0.0995,-0.599
2010-12-08,-1.33,DRAIN,,NO DATA,25.0,CRISIS,0.2589,1112.0,,,,NO DATA,-0.4168,-0.0297,-1.95
2010-12-15,-1.5,DRAIN,,NO DATA,48.0,CRISIS,0.6378,1208.0,,,,NO DATA,0.3871,-0.6985,-1.4524
2010-12-22,-2.0,DRAIN,,NO DATA,40.0,CRISIS,2.7026,1824.0,,,,NO DATA,-1.0856,-1.9203,-1.0856
2010-12-29,-1.33,DRAIN,,NO DATA,25.0,CRISIS,1.3956,1201.0,,,,NO DATA,-0.7521,-1.0546,-0.19
2011-01-05,-2.0,DRAIN,,NO DATA,25.0,CRISIS,-2.0856,1527.0,,,,NO DATA,-0.8677,0.4711,-0.5339
2011-01-12,-2.0,DRAIN,,NO DATA,25.0,CRISIS,-2.0804,929.0,,,,NO DATA,1.3388,0.737,0.8778
2011-01-19,-2.0,DRAIN,,NO DATA,25.0,CRISIS,-1.6402,2367.0,,,,NO DATA,-0.6017,-1.0049,-1.6331
2011-01-26,-1.5,DRAIN,,NO DATA,49.0,CRISIS,0.0,1769.0,,,,NO DATA,-0.4032,0.1407,-1.0009
2011-02-02,-2.0,DRAIN,,NO DATA,25.0,CRISIS,0.4907,1955.0,,,,NO DATA,0.5439,-0.6282,-1.5676
2011-02-09,-1.33,DRAIN,,NO DATA,25.0,CRISIS,-0.3715,1930.0,,,,NO DATA,-1.1721,-1.1416,-2.2758
2011-02-16,-1.33,DRAIN,,NO DATA,25.0,CRISIS,-0.4262,2680.0,,,,NO DATA,0.0305,-0.9395,0.4664
2011-02-23,-1.6,DRAIN,,NO DATA,27.0,CRISIS,0.5867,1583.0,,,,NO DATA,-0.9699,-1.1342,-0.9597
2011-03-02,-1.83,DRAIN,,NO DATA,25.0,CRISIS,-0.0213,1368.0,,,,NO DATA,-0.1643,1.4059,-0.298
2011-03-09,-1.33,DRAIN,,NO DATA,25.0,CRISIS,-0.4611,1915.0,,,,NO DATA,1.5702,0.1745,-1.4283
2011-03-16,-1.33,DRAIN,,NO DATA,25.0,CRISIS,-0.1568,2485.0,,,,NO DATA,-1.3956,-1.7039,-2.6551
2011-03-23,-1.33,DRAIN,,NO DATA,25.0,CRISIS,-0.3105,1786.0,,,,NO DATA,-0.3082,-1.6028,-2.3772
2011-03-30,-1.33,DRAIN,,NO DATA,25.0,CRISIS,0.6211,1950.0,,,,NO DATA,-1.2946,-0.9512,-2.4163
2011-04-06,-1.33,DRAIN,,NO DATA,25.0,CRISIS,0.2988,1043.0,,,,NO DATA,0.3434,-0.7744,0.2499
2011-04-13,-1.33,DRAIN,,NO DATA,25.0,CRISIS,-0.1153,1666.0,,,,NO DATA,-1.1178,-1.4651,0.8586
2011-04-20,-0.67,DRAIN,,NO DATA,25.0,CRISIS,1.2233,1053.0,,,,NO DATA,-0.3473,1.0243,2.2438
2011-04-27,-1.33,DRAIN,,NO DATA,25.0,CRISIS,-0.0035,1612.0,,,,NO DATA,1.6476,1.5338,2.697
2011-05-04,-1.33,DRAIN,,NO DATA,25.0,CRISIS,0.1772,1118.0,,,,NO DATA,-0.1138,0.3304,1.0392
2011-05-11,-1.33,DRAIN,,NO DATA,25.0,CRISIS,-0.4097,1769.0,,,,NO DATA,0.4442,1.1632,1.1325
2011-05-18,-1.33,DRAIN,,NO DATA,25.0,CRISIS,0.429,2573.0,,,,NO DATA,0.719,0.7087,0.9847
2011-05-25,-1.0,DRAIN,,NO DATA,35.0,CRISIS,0.9629,2603.0,,,,NO DATA,-0.1632,-0.7881,-0.102
2011-06-01,-2.0,DRAIN,,NO DATA,34.0,CRISIS,0.3711,1068.0,,,,NO DATA,-0.6248,0.5093,-1.5436
2011-06-08,-2.0,DRAIN,,NO DATA,25.0,CRISIS,-0.3041,1270.0,,,,NO DATA,1.1341,0.6861,-1.0848
2011-06-15,-1.5,DRAIN,,NO DATA,28.0,CRISIS,-0.0121,1310.0,,,,NO DATA,-0.448,-2.0528,-3.1686
2011-06-22,-1.5,DRAIN,,NO DATA,75.0,CRISIS,0.5529,1094.0,,,,NO DATA,-1.6048,-1.7709,-3.0778
2011-06-29,-1.33,DRAIN,,NO DATA,25.0,CRISIS,1.8166,1283.0,,,,NO DATA,-0.1661,-1.1158,-1.0948
2011-07-06,-1.33,DRAIN,,NO DATA,25.0,CRISIS,-0.2929,1100.0,,,,NO DATA,-0.0104,-1.4183,2.6457
2011-07-13,-1.5,DRAIN,,NO DATA,29.0,CRISIS,-0.6808,1524.0,,,,NO DATA,-1.4079,-1.0593,3.0212
2011-07-20,-2.0,DRAIN,,NO DATA,25.0,CRISIS,-0.159,2158.0,,,,NO DATA,0.3486,4.064,4.1249
2011-07-27,-1.33,DRAIN,,NO DATA,25.0,CRISIS,0.4623,1940.0,,,,NO DATA,3.7154,4.0805,3.817
2011-08-03,-0.67,DRAIN,,NO DATA,25.0,CRISIS,1.147,1645.0,,,,NO DATA,1.2717,1.3626,-0.1537
2011-08-10,-2.0,DRAIN,,NO DATA,25.0,CRISIS,-1.0278,2411.0,,,,NO DATA,0.0909,-0.4966,0.7955
2011-08-17,-0.67,DRAIN,,NO DATA,225.0,CRISIS,-0.1311,2664.0,,,,NO DATA,-0.5875,-1.5163,-0.8826
2011-08-24,-0.67,DRAIN,,NO DATA,425.0,CRISIS,0.5608,2765.0,,,,NO DATA,-0.9288,1.292,4.3634
2011-08-31,-1.42,DRAIN,,NO DATA,432.0,CRISIS,1.3934,3388.0,,,,NO DATA,2.2208,0.6338,6.3275
2011-09-07,-1.78,DRAIN,,NO DATA,451.0,CRISIS,0.6453,802.0,,,,NO DATA,0.1014,4.6571,5.6302
2011-09-14,-2.0,DRAIN,,NO DATA,435.0,CRISIS,-1.3688,1634.0,,,,NO DATA,4.5557,4.6428,2.778
2011-09-21,-1.49,DRAIN,,NO DATA,425.0,CRISIS,-0.4766,1785.0,,,,NO DATA,0.0871,0.9731,-2.3312
2011-09-28,-1.33,DRAIN,,NO DATA,425.0,CRISIS,0.4485,1552.0,,,,NO DATA,0.886,-1.8648,-3.7551
2011-10-05,-0.67,DRAIN,,NO DATA,425.0,CRISIS,0.8996,1379.0,,,,NO DATA,-2.7508,-3.3042,-2.4261
2011-10-12,-2.0,DRAIN,,NO DATA,125.0,CRISIS,-0.2421,1946.0,,,,NO DATA,-0.1955,-2.9338,-0.4699
2011-10-19,-2.0,DRAIN,,NO DATA,25.0,CRISIS,-1.0662,2925.0,,,,NO DATA,-2.7383,-0.8946,0.4297
2011-10-26,-1.8,DRAIN,,NO DATA,26.0,CRISIS,0.0998,3425.0,,,,NO DATA,1.8437,2.4639,5.3368
2011-11-02,-1.59,DRAIN,,NO DATA,25.0,CRISIS,0.5121,2965.0,,,,NO DATA,0.6202,1.3243,0.3745
2011-11-09,-1.33,DRAIN,,NO DATA,25.0,CRISIS,0.6642,3200.0,,,,NO DATA,0.7041,2.873,0.1079
2011-11-16,-1.33,DRAIN,,NO DATA,25.0,CRISIS,-0.0301,3247.0,,,,NO DATA,2.3485,-0.5098,1.0796
2011-11-23,-1.33,DRAIN,,NO DATA,25.0,CRISIS,-0.3526,3849.0,,,,NO DATA,-2.8583,-2.6717,-2.4659
2011-11-30,0.0,NEUTRAL,,NO DATA,225.0,CRISIS,1.1084,3472.0,,,,NO DATA,0.1866,1.5894,-0.8291
2011-12-07,-2.0,DRAIN,,NO DATA,25.0,CRISIS,0.1144,2379.0,,,,NO DATA,1.4028,0.2058,-0.2849
2011-12-14,-1.33,DRAIN,,NO DATA,25.0,CRISIS,0.3065,2154.0,,,,NO DATA,-1.197,-2.4185,-2.0031
2011-12-21,-0.67,DRAIN,,NO DATA,25.0,CRISIS,2.1998,2093.0,,,,NO DATA,-1.2214,-0.4907,-1.1521
2011-12-28,-0.67,DRAIN,,NO DATA,25.0,CRISIS,1.8001,1237.0,,,,NO DATA,0.2152,0.3422,-1.9483
2012-01-04,-2.0,DRAIN,,NO DATA,41.0,CRISIS,-1.9112,2392.0,,,,NO DATA,0.0098,-1.0053,-2.101
2012-01-11,-2.0,DRAIN,,NO DATA,25.0,CRISIS,-2.7948,2257.0,,,,NO DATA,-1.0151,-2.1008,-2.5524
2012-01-18,-2.0,DRAIN,,NO DATA,25.0,CRISIS,-1.0255,3599.0,,,,NO DATA,-1.0856,-1.0956,-1.3262
2012-01-25,-1.33,DRAIN,,NO DATA,25.0,CRISIS,-0.4104,3692.0,,,,NO DATA,-0.01,-0.4516,-0.01
2012-02-01,-1.6,DRAIN,,NO DATA,24.0,CRISIS,0.4239,4024.0,,,,NO DATA,-0.4416,-0.2306,-1.3714
2012-02-08,-1.06,DRAIN,,NO DATA,25.0,CRISIS,-0.222,4516.0,,,,NO DATA,0.211,0.4416,-0.2014
2012-02-15,-1.33,DRAIN,,NO DATA,25.0,CRISIS,-0.0775,5291.0,,,,NO DATA,0.2306,-1.1408,-0.3318
2012-02-22,-1.33,DRAIN,,NO DATA,25.0,CRISIS,0.3306,5800.0,,,,NO DATA,-1.3714,-0.643,0.1801
2012-02-29,-1.33,DRAIN,,NO DATA,25.0,CRISIS,-0.0689,5897.0,,,,NO DATA,0.7284,0.809,1.5115
2012-03-07,-1.33,DRAIN,,NO DATA,25.0,CRISIS,0.0286,5715.0,,,,NO DATA,0.0806,0.8231,0.0705
2012-03-14,-0.67,DRAIN,,NO DATA,65.0,CRISIS,-0.3314,6426.0,,,,NO DATA,0.7425,0.7025,0.5023
2012-03-21,-2.0,DRAIN,,NO DATA,25.0,CRISIS,0.1586,6043.0,,,,NO DATA,-0.04,-0.7526,-0.924
2012-03-28,-1.33,DRAIN,,NO DATA,25.0,CRISIS,0.733,5967.0,,,,NO DATA,-0.7126,-0.2002,-1.9389
2012-04-04,-0.67,DRAIN,,NO DATA,25.0,CRISIS,1.7262,5278.0,,,,NO DATA,0.5124,-0.1714,0.2816
2012-04-11,-1.33,DRAIN,,NO DATA,25.0,CRISIS,-0.7235,5753.0,,,,NO DATA,-0.2314,-1.1015,0.6711
2012-04-18,-1.33,DRAIN,,NO DATA,25.0,CRISIS,-0.3942,6944.0,,,,NO DATA,-0.8701,-0.5961,2.3594
2012-04-25,-0.67,DRAIN,,NO DATA,56.0,CRISIS,0.1879,7791.0,,,,NO DATA,0.274,1.7726,4.4129
2012-05-02,-2.0,DRAIN,,NO DATA,25.0,CRISIS,0.6257,7477.0,,,,NO DATA,1.4986,2.9555,5.0584
2012-05-09,-1.33,DRAIN,,NO DATA,25.0,CRISIS,0.2326,7929.0,,,,NO DATA,1.4568,2.6403,3.0962
2012-05-16,-1.5,DRAIN,,NO DATA,32.0,CRISIS,0.3176,8444.0,,,,NO DATA,1.1834,2.1029,0.784
2012-05-23,-2.0,DRAIN,,NO DATA,25.0,CRISIS,0.8464,8636.0,,,,NO DATA,0.7176,-0.3022,-0.2338
2012-05-30,-1.33,DRAIN,,NO DATA,25.0,CRISIS,0.2944,9330.0,,,,NO DATA,-1.0198,-0.9905,-0.1547
2012-06-06,-0.67,DRAIN,,NO DATA,287.0,CRISIS,0.8352,6379.0,,,,NO DATA,0.0293,0.0683,-0.4402
2012-06-13,-2.0,DRAIN,,NO DATA,41.0,CRISIS,-0.6627,6969.0,,,,NO DATA,0.039,0.8358,-0.9413
2012-06-20,-2.0,DRAIN,,NO DATA,25.0,CRISIS,0.183,7953.0,,,,NO DATA,0.7967,-0.5086,-1.3455
2012-06-27,-0.67,DRAIN,,NO DATA,25.0,CRISIS,0.9762,8480.0,,,,NO DATA,-1.3053,-1.777,-2.6775
2012-07-04,-1.33,DRAIN,,NO DATA,25.0,CRISIS,0.6754,7664.0,,,,NO DATA,0.8159,-0.5344,-0.6834
2012-07-11,-1.33,DRAIN,,NO DATA,25.0,CRISIS,-0.7059,7955.0,,,,NO DATA,-1.3504,-1.1125,-2.961
2012-07-18,-1.33,DRAIN,,NO DATA,25.0,CRISIS,-0.2338,8816.0,,,,NO DATA,0.2379,-0.149,-1.9237
2012-07-25,-1.33,DRAIN,,NO DATA,25.0,CRISIS,-0.1011,8908.0,,,,NO DATA,-0.3868,-1.8485,-1.8082
2012-08-01,-0.67,DRAIN,,NO DATA,25.0,CRISIS,0.9189,8802.0,,,,NO DATA,-1.4616,-1.7747,-1.9976
2012-08-08,-1.33,DRAIN,,NO DATA,25.0,CRISIS,0.4282,8964.0,,,,NO DATA,-0.4342,0.0403,-1.4821
2012-08-15,-2.0,DRAIN,,NO DATA,25.0,CRISIS,-1.035,9638.0,,,,NO DATA,0.4745,0.4544,-1.7457
2012-08-22,-1.33,DRAIN,,NO DATA,25.0,CRISIS,-0.2691,10463.0,,,,NO DATA,-0.0201,-1.5224,-1.7682
2012-08-29,-1.33,DRAIN,,NO DATA,25.0,CRISIS,0.6584,10086.0,,,,NO DATA,-1.5023,-2.2001,-0.9007
2012-09-05,-1.0,DRAIN,,NO DATA,51.0,CRISIS,0.8839,9069.0,,,,NO DATA,-0.7355,-0.5204,-0.0305
2012-09-12,-2.0,DRAIN,,NO DATA,153.0,CRISIS,-0.8746,9258.0,,,,NO DATA,0.2151,0.6235,0.4705
2012-09-19,-2.0,DRAIN,,NO DATA,25.0,CRISIS,-0.6988,9786.0,,,,NO DATA,0.4084,0.4899,1.6036
2012-09-26,-1.5,DRAIN,,NO DATA,31.0,CRISIS,0.3695,9942.0,,,,NO DATA,0.0815,-0.153,1.7775
2012-10-03,-2.0,DRAIN,,NO DATA,25.0,CRISIS,0.6339,10291.0,,,,NO DATA,-0.2344,1.1137,1.4354
2012-10-10,-1.33,DRAIN,,NO DATA,25.0,CRISIS,0.062,10283.0,,,,NO DATA,0.2654,1.6224,2.064
2012-10-17,-2.0,DRAIN,,NO DATA,25.0,CRISIS,-0.8966,11309.0,,,,NO DATA,1.357,1.6683,2.2183
2012-10-24,-1.5,DRAIN,,NO DATA,31.0,CRISIS,0.0112,11896.0,,,,NO DATA,0.3113,0.4416,-0.151
2012-10-31,0.0,NEUTRAL,,NO DATA,300.0,CRISIS,1.1243,11754.0,,,,NO DATA,0.1303,0.55,-0.412
2012-11-07,-2.0,DRAIN,,NO DATA,25.0,CRISIS,-0.1697,11285.0,,,,NO DATA,0.4197,-0.5926,-0.966
2012-11-14,-1.33,DRAIN,,NO DATA,25.0,CRISIS,0.2351,11544.0,,,,NO DATA,-0.51,-0.9521,-1.7915
2012-11-21,-0.67,DRAIN,,NO DATA,125.0,CRISIS,-0.4406,12514.0,,,,NO DATA,-0.4421,-0.6437,-0.9166
2012-11-28,-2.0,DRAIN,,NO DATA,25.0,CRISIS,0.0907,12484.0,,,,NO DATA,-0.2016,-0.8394,0.1912
2012-12-05,-1.33,DRAIN,,NO DATA,25.0,CRISIS,0.7221,11020.0,,,,NO DATA,-0.6378,-0.2728,-0.3741
2012-12-12,-1.5,DRAIN,,NO DATA,70.0,CRISIS,0.7248,10631.0,,,,NO DATA,0.3649,1.0305,-0.0813
2012-12-19,0.0,NEUTRAL,,NO DATA,125.0,CRISIS,1.6462,11089.0,,,,NO DATA,0.6656,-0.1012,0.5147
2012-12-26,-2.0,DRAIN,,NO DATA,31.0,CRISIS,1.7028,11785.0,,,,NO DATA,-0.9392,-1.0915,1.2883
2013-01-02,-2.0,DRAIN,,NO DATA,25.0,CRISIS,-0.4747,12116.0,,,,NO DATA,0.071,0.0,1.4009
2013-01-09,-2.0,DRAIN,,NO DATA,25.0,CRISIS,-3.101,13579.0,,,,NO DATA,-0.071,1.6696,1.3399
2013-01-16,-2.0,DRAIN,,NO DATA,32.0,CRISIS,-1.7094,13991.0,,,,NO DATA,1.7406,1.4009,1.5609
2013-01-23,-2.0,DRAIN,,NO DATA,25.0,CRISIS,-0.496,14274.0,,,,NO DATA,-0.3397,-0.3297,1.9556
2013-01-30,-0.67,DRAIN,,NO DATA,116.0,CRISIS,0.5531,14885.0,,,,NO DATA,0.01,0.16,2.8902
2013-02-06,-2.0,DRAIN,,NO DATA,36.0,CRISIS,-0.064,14225.0,,,,NO DATA,0.15,2.2853,2.7634
2013-02-13,-2.0,DRAIN,,NO DATA,25.0,CRISIS,-0.0528,14819.0,,,,NO DATA,2.1353,2.7302,1.8316
2013-02-20,-1.33,DRAIN,,NO DATA,25.0,CRISIS,0.3906,15858.0,,,,NO DATA,0.977,1.1422,0.5483
2013-02-27,-0.67,DRAIN,,NO DATA,138.0,CRISIS,-0.4067,16635.0,,,,NO DATA,0.1652,-0.2336,-1.2622
2013-03-06,-2.0,DRAIN,,NO DATA,25.0,CRISIS,0.2802,15189.0,,,,NO DATA,-0.3988,-0.5939,-1.0833
2013-03-13,-1.6,DRAIN,,NO DATA,27.0,CRISIS,-0.5253,15552.0,,,,NO DATA,-0.1951,-1.0286,-1.2454
2013-03-20,-1.5,DRAIN,,NO DATA,237.0,CRISIS,0.199,17275.0,,,,NO DATA,-0.8335,-0.4894,0.2243
2013-03-27,-1.33,DRAIN,,NO DATA,25.0,CRISIS,0.9644,16645.0,,,,NO DATA,0.344,-0.2169,0.1378
2013-04-03,-0.67,DRAIN,,NO DATA,397.0,CRISIS,0.6918,17881.0,,,,NO DATA,-0.3161,1.1376,-0.5539
2013-04-10,-2.0,DRAIN,,NO DATA,25.0,CRISIS,-0.7769,17630.0,,,,NO DATA,1.4537,0.8571,-0.7947
2013-04-17,-1.5,DRAIN,,NO DATA,29.0,CRISIS,-0.2319,19595.0,,,,NO DATA,-0.5966,-1.6915,-0.9012
2013-04-24,-2.0,DRAIN,,NO DATA,25.0,CRISIS,0.3725,19041.0,,,,NO DATA,-1.0948,-1.6518,1.2575
2013-05-01,-0.67,DRAIN,,NO DATA,25.0,CRISIS,0.9119,19976.0,,,,NO DATA,-0.5569,0.7903,2.5072
2013-05-08,-0.67,DRAIN,,NO DATA,275.0,CRISIS,0.5799,20215.0,,,,NO DATA,1.3472,2.9093,1.8086
2013-05-15,-2.0,DRAIN,,NO DATA,25.0,CRISIS,-0.2969,22742.0,,,,NO DATA,1.5621,1.7169,0.1377
2013-05-22,-1.33,DRAIN,,NO DATA,25.0,CRISIS,0.5344,22485.0,,,,NO DATA,-0.0097,-0.7008,0.7441
2013-05-29,-1.5,DRAIN,,NO DATA,187.0,CRISIS,0.1621,24258.0,,,,NO DATA,-0.6911,-1.3575,1.6451
2013-06-05,-2.0,DRAIN,,NO DATA,25.0,CRISIS,0.07,21316.0,,,,NO DATA,-0.6664,1.4449,3.1724
2013-06-12,-1.33,DRAIN,,NO DATA,25.0,CRISIS,-0.0886,22053.0,,,,NO DATA,2.1113,3.0026,2.1594
2013-06-19,-1.33,DRAIN,,NO DATA,25.0,CRISIS,0.0498,22870.0,,,,NO DATA,0.8914,1.7276,-0.2313
2013-06-26,-1.0,DRAIN,,NO DATA,218.0,CRISIS,1.2758,23006.0,,,,NO DATA,0.8362,-0.8432,-1.8199
2013-07-03,0.0,NEUTRAL,,NO DATA,1203.0,CRISIS,2.5133,24376.0,,,,NO DATA,-1.1865,-1.1191,-1.6786
2013-07-10,-2.0,DRAIN,,NO DATA,25.0,CRISIS,-2.3168,22795.0,,,,NO DATA,0.0674,-1.0256,-0.8312
2013-07-17,-0.67,DRAIN,,NO DATA,410.0,CRISIS,0.066,24345.0,,,,NO DATA,-1.0929,-0.5595,-0.4918
2013-07-24,-2.0,DRAIN,,NO DATA,250.0,CRISIS,-0.2698,23629.0,,,,NO DATA,0.5334,0.1943,2.2311
2013-07-31,-0.67,DRAIN,,NO DATA,250.0,CRISIS,0.9131,23715.0,,,,NO DATA,-0.3391,0.0677,2.0584
2013-08-07,-0.88,DRAIN,,NO DATA,267.0,CRISIS,0.4402,22078.0,,,,NO DATA,-0.0773,1.5724,0.4051
2013-08-14,-2.0,DRAIN,,NO DATA,267.0,CRISIS,-0.8236,23191.0,,,,NO DATA,1.6498,1.7829,0.0097
2013-08-21,-1.33,DRAIN,,NO DATA,267.0,CRISIS,-0.289,22711.0,,,,NO DATA,0.1331,-1.1674,-2.1636
2013-08-28,-1.33,DRAIN,,NO DATA,217.0,CRISIS,1.161,22648.0,,,,NO DATA,-1.3005,-1.7732,-2.1704
2013-09-04,-1.36,DRAIN,,NO DATA,216.0,CRISIS,0.5549,21949.0,,,,NO DATA,-1.7291,-2.5367,-1.7001
2013-09-11,-1.3,DRAIN,,NO DATA,217.0,CRISIS,-0.4644,22291.0,,,,NO DATA,-0.8075,0.0097,0.6086
2013-09-18,-2.0,DRAIN,,NO DATA,217.0,CRISIS,-1.124,22110.0,,,,NO DATA,0.8172,0.8366,0.4872
2013-09-25,-2.0,DRAIN,,NO DATA,167.0,CRISIS,0.0552,22757.0,,,,NO DATA,0.0194,0.5989,1.2421
2013-10-02,-1.33,DRAIN,,NO DATA,167.0,CRISIS,0.7472,21942.0,,,,NO DATA,0.5795,-0.3493,1.1557
2013-10-09,-1.5,DRAIN,,NO DATA,219.0,CRISIS,0.348,22361.0,,,,NO DATA,-0.9289,0.6432,0.9967
2013-10-16,-2.0,DRAIN,,NO DATA,187.0,CRISIS,0.0167,22714.0,,,,NO DATA,1.3232,1.3904,1.6681
2013-10-23,-1.33,DRAIN,,NO DATA,187.0,CRISIS,-0.6208,23830.0,,,,NO DATA,0.0671,0.1917,1.0784
2013-10-30,-1.33,DRAIN,,NO DATA,187.0,CRISIS,0.7756,24101.0,,,,NO DATA,0.1246,0.2777,1.6169
2013-11-06,-0.67,DRAIN,,NO DATA,277.0,CRISIS,0.2616,21986.0,,,,NO DATA,0.1531,0.8867,2.0944
2013-11-13,-2.0,DRAIN,,NO DATA,187.0,CRISIS,0.0226,22619.0,,,,NO DATA,0.0857,0.9104,1.3625
2013-11-20,-2.0,DRAIN,,NO DATA,187.0,CRISIS,-0.6619,23394.0,,,,NO DATA,0.8247,1.2486,1.6052
2013-11-27,-1.33,DRAIN,,NO DATA,187.0,CRISIS,0.7149,23891.0,,,,NO DATA,0.4239,0.4521,0.4427
2013-12-04,-1.33,DRAIN,,NO DATA,187.0,CRISIS,0.4446,23089.0,,,,NO DATA,0.0282,0.3566,0.9729
2013-12-11,-1.97,DRAIN,,NO DATA,188.0,CRISIS,0.1845,22174.0,,,,NO DATA,0.3284,-0.0094,2.7163
2013-12-18,-0.7,DRAIN,,NO DATA,187.0,CRISIS,1.2834,23084.0,,,,NO DATA,-0.3378,0.6163,2.7348
2013-12-25,-0.67,DRAIN,,NO DATA,187.0,CRISIS,2.7694,21741.0,,,,NO DATA,-0.3559,1.5951,3.6802
2014-01-01,-2.0,DRAIN,,NO DATA,187.0,CRISIS,-0.7625,22330.0,,,,NO DATA,2.0295,2.7183,4.9359
2014-01-08,-2.0,DRAIN,,NO DATA,187.0,CRISIS,-2.7966,22099.0,,,,NO DATA,0.6888,2.5387,1.962
2014-01-15,-2.0,DRAIN,,NO DATA,187.0,CRISIS,-1.3095,22541.0,,,,NO DATA,1.8499,2.2176,0.493
2014-01-22,-1.33,DRAIN,,NO DATA,187.0,CRISIS,-0.5395,23698.0,,,,NO DATA,0.3677,-0.5767,-0.018
2014-01-29,-0.67,DRAIN,,NO DATA,207.0,CRISIS,0.1687,23623.0,,,,NO DATA,-0.9444,-1.7246,-0.8631
2014-02-05,-1.33,DRAIN,,NO DATA,207.0,CRISIS,0.3216,21835.0,,,,NO DATA,-0.7802,0.5587,0.2076
2014-02-12,-1.5,DRAIN,,NO DATA,333.0,CRISIS,0.1588,22437.0,,,,NO DATA,1.3389,0.8615,0.9698
2014-02-19,-2.0,DRAIN,,NO DATA,212.0,CRISIS,0.0075,22242.0,,,,NO DATA,0.3237,-1.2506,1.3152
2014-02-26,-1.49,DRAIN,,NO DATA,207.0,CRISIS,-0.2672,23134.0,,,,NO DATA,-1.5743,-0.7479,-0.7479
2014-03-05,-2.0,DRAIN,,NO DATA,137.0,CRISIS,0.3103,21833.0,,,,NO DATA,0.8264,2.5657,0.6272
2014-03-12,-0.7,DRAIN,,NO DATA,150.0,CRISIS,-0.5115,22188.0,,,,NO DATA,1.7393,0.0,-1.3201
2014-03-19,-1.33,DRAIN,,NO DATA,150.0,CRISIS,-0.2245,21811.0,,,,NO DATA,-1.7393,-1.9385,-2.2744
2014-03-26,-1.33,DRAIN,,NO DATA,150.0,CRISIS,0.3663,22260.0,,,,NO DATA,-0.1992,-1.3201,-0.1358
2014-04-02,-1.33,DRAIN,,NO DATA,150.0,CRISIS,0.418,21947.0,,,,NO DATA,-1.1209,-0.3359,-0.5634
2014-04-09,-1.33,DRAIN,,NO DATA,150.0,CRISIS,0.1252,21898.0,,,,NO DATA,0.785,1.1843,-0.11
2014-04-16,-0.67,DRAIN,,NO DATA,150.0,CRISIS,0.9942,22245.0,,,,NO DATA,0.3993,-0.2276,-1.0603
2014-04-23,-1.5,DRAIN,,NO DATA,406.0,CRISIS,0.1238,22207.0,,,,NO DATA,-0.5638,-1.5445,-1.434
2014-04-30,-2.0,DRAIN,,NO DATA,150.0,CRISIS,-0.0343,23939.0,,,,NO DATA,-0.9806,-0.7139,-0.8978
2014-05-07,-1.0,DRAIN,,NO DATA,1097.0,CRISIS,1.593,22390.0,,,,NO DATA,0.2667,0.1105,0.7158
2014-05-14,-2.0,DRAIN,,NO DATA,150.0,CRISIS,-1.1074,23458.0,,,,NO DATA,-0.1563,-0.1839,-0.1747
2014-05-21,-1.7,DRAIN,,NO DATA,159.0,CRISIS,0.3397,23814.0,,,,NO DATA,-0.5613,0.3298,-0.6444
2014-05-28,-1.71,DRAIN,,NO DATA,150.0,CRISIS,0.0414,25454.0,,,,NO DATA,0.8911,0.1291,-1.2068
2014-06-04,-1.33,DRAIN,,NO DATA,150.0,CRISIS,0.2734,22335.0,,,,NO DATA,-0.762,-0.9742,-2.7351
2014-06-11,-1.33,DRAIN,,NO DATA,150.0,CRISIS,0.0177,22172.0,,,,NO DATA,-0.2122,-1.336,-1.2146
2014-06-18,-1.33,DRAIN,,NO DATA,150.0,CRISIS,-0.0192,22231.0,,,,NO DATA,-1.1238,-1.7609,-0.844
2014-06-25,-0.67,DRAIN,,NO DATA,150.0,CRISIS,1.0256,22548.0,,,,NO DATA,-0.6371,0.1213,0.9944
2014-07-02,-0.67,DRAIN,,NO DATA,150.0,CRISIS,1.1348,22322.0,,,,NO DATA,0.2254,1.1128,2.3789
2014-07-09,-2.0,DRAIN,,NO DATA,157.0,CRISIS,-0.8452,23241.0,,,,NO DATA,0.8874,0.7851,2.9947
2014-07-16,-1.63,DRAIN,,NO DATA,150.0,CRISIS,-0.4247,24163.0,,,,NO DATA,-0.1023,1.266,1.4495
2014-07-23,-1.33,DRAIN,,NO DATA,150.0,CRISIS,-0.0409,24840.0,,,,NO DATA,1.3684,2.2096,1.9178
2014-07-30,-1.33,DRAIN,,NO DATA,150.0,CRISIS,0.8315,24853.0,,,,NO DATA,0.8413,0.1835,-0.2943
2014-08-06,0.0,NEUTRAL,,NO DATA,366.0,CRISIS,0.9377,21463.0,,,,NO DATA,-0.1008,0.2378,-0.2934
2014-08-13,-2.0,DRAIN,,NO DATA,150.0,CRISIS,-0.9319,22837.0,,,,NO DATA,0.3385,-0.4961,1.5009
2014-08-20,-1.33,DRAIN,,NO DATA,150.0,CRISIS,-0.3783,23011.0,,,,NO DATA,-0.8347,-0.5312,0.1916
2014-08-27,-1.33,DRAIN,,NO DATA,150.0,CRISIS,0.6925,22570.0,,,,NO DATA,0.3035,1.9971,2.7884
2014-09-03,-1.33,DRAIN,,NO DATA,150.0,CRISIS,0.8279,21967.0,,,,NO DATA,1.5438,0.7612,2.6167
2014-09-10,-2.0,DRAIN,,NO DATA,150.0,CRISIS,-0.9329,22653.0,,,,NO DATA,-0.7826,0.6685,1.055
2014-09-17,-1.33,DRAIN,,NO DATA,150.0,CRISIS,-0.3862,23303.0,,,,NO DATA,1.4511,1.8555,2.7216
2014-09-24,-1.33,DRAIN,,NO DATA,150.0,CRISIS,0.2657,23155.0,,,,NO DATA,0.4044,0.3864,0.9588
2014-10-01,-1.33,DRAIN,,NO DATA,150.0,CRISIS,0.4967,23790.0,,,,NO DATA,-0.0179,0.8661,1.1059
2014-10-08,-1.33,DRAIN,,NO DATA,150.0,CRISIS,0.3055,23791.0,,,,NO DATA,0.8841,0.5724,1.8749
2014-10-15,-1.8,DRAIN,,NO DATA,156.0,CRISIS,0.3233,23537.0,,,,NO DATA,-0.2577,-0.6501,0.2482
2014-10-22,-2.0,DRAIN,,NO DATA,150.0,CRISIS,-0.7003,24592.0,,,,NO DATA,-0.3923,1.6505,0.0089
2014-10-29,-1.33,DRAIN,,NO DATA,150.0,CRISIS,0.349,23480.0,,,,NO DATA,2.0428,0.8983,2.069
2014-11-05,-1.33,DRAIN,,NO DATA,150.0,CRISIS,0.309,21876.0,,,,NO DATA,-1.1445,-1.6416,-0.0088
2014-11-12,-1.9,DRAIN,,NO DATA,153.0,CRISIS,0.308,21877.0,,,,NO DATA,-0.3354,-0.1499,1.6168
2014-11-19,-2.0,DRAIN,,NO DATA,150.0,CRISIS,-0.6699,22671.0,,,,NO DATA,0.1855,0.5378,2.4624
2014-11-26,-1.33,DRAIN,,NO DATA,150.0,CRISIS,0.2876,22623.0,,,,NO DATA,0.3523,1.7667,2.6041
2014-12-03,-1.33,DRAIN,,NO DATA,150.0,CRISIS,0.7097,21547.0,,,,NO DATA,1.4144,1.9246,3.7196
2014-12-10,-1.5,DRAIN,,NO DATA,166.0,CRISIS,-0.0256,21709.0,,,,NO DATA,0.5102,0.8374,3.5178
2014-12-17,-1.32,DRAIN,,NO DATA,172.0,CRISIS,1.0225,22499.0,,,,NO DATA,0.3272,1.7951,4.1477
2014-12-24,-1.0,DRAIN,,NO DATA,241.0,CRISIS,3.0618,22088.0,,,,NO DATA,1.4679,2.6804,6.4259
2014-12-31,-2.0,DRAIN,,NO DATA,150.0,CRISIS,-0.7181,21527.0,,,,NO DATA,1.0939,2.176,8.0961
2015-01-07,-2.0,DRAIN,,NO DATA,150.0,CRISIS,-2.1437,23102.0,,,0.0,SAFE,1.0108,4.6239,5.0353
2015-01-14,-2.0,DRAIN,,NO DATA,150.0,CRISIS,-1.4656,21953.0,,,0.0,SAFE,3.6131,5.7959,4.346
2015-01-21,-1.33,DRAIN,,NO DATA,150.0,CRISIS,-0.4844,23685.0,,,5.14,WATCH,2.1828,0.4114,1.0854
2015-01-28,-1.33,DRAIN,,NO DATA,150.0,CRISIS,0.2498,24109.0,,,-0.58,SAFE,-1.7714,-1.4499,-1.0814
2015-02-04,-1.5,DRAIN,,NO DATA,312.0,CRISIS,0.7519,21388.0,,,-1.13,SAFE,0.3215,0.6739,1.5497
2015-02-11,-2.0,DRAIN,,NO DATA,150.0,CRISIS,-0.0085,21605.0,,,2.55,SAFE,0.3525,0.3684,2.6996
2015-02-18,-1.33,DRAIN,,NO DATA,150.0,CRISIS,-0.027,21990.0,,,2.28,SAFE,0.032,-0.032,2.0453
2015-02-25,-1.5,DRAIN,,NO DATA,176.0,CRISIS,0.0555,22710.0,,,6.71,WATCH,-0.0641,1.5965,-0.1522
2015-03-04,-2.0,DRAIN,,NO DATA,150.0,CRISIS,0.2643,22109.0,,,-0.25,SAFE,1.6605,2.0773,0.8218
2015-03-11,-1.5,DRAIN,,NO DATA,223.0,CRISIS,-0.1984,22915.0,,,-4.14,SAFE,0.4167,-1.7487,-0.7593
2015-03-18,-2.0,DRAIN,,NO DATA,150.0,CRISIS,-0.017,22014.0,,,0.32,SAFE,-2.1655,-1.2555,-4.125
2015-03-25,-1.33,DRAIN,,NO DATA,150.0,CRISIS,0.3083,21830.0,,,0.64,SAFE,0.91,0.9894,-2.4761
2015-04-01,-0.67,DRAIN,,NO DATA,150.0,CRISIS,1.0692,22164.0,,,5.31,WATCH,0.0794,-2.8695,-3.1726
2015-04-08,-1.33,DRAIN,,NO DATA,150.0,CRISIS,-0.4021,21496.0,,,-0.33,SAFE,-3.0181,-3.5026,-3.5685
2015-04-15,-1.33,DRAIN,0.0,NEUTRAL,150.0,CRISIS,-0.0985,22260.0,-5251.461,,1.64,SAFE,-0.4845,-0.7153,-1.7688
2015-04-22,-1.33,DRAIN,-0.25,NEUTRAL,150.0,CRISIS,-0.2084,22983.0,1991.237,-0.2503,-2.51,SAFE,-0.2308,-0.0659,1.1541
2015-04-29,-1.33,DRAIN,-0.25,NEUTRAL,150.0,CRISIS,0.7211,23864.0,-5473.097,-0.248,-1.87,SAFE,0.1649,-1.0535,2.815
2015-05-06,-1.33,DRAIN,-0.42,NEUTRAL,150.0,CRISIS,0.3811,21589.0,-5001.511,-0.4161,-2.45,SAFE,-1.2184,1.22,2.8425
2015-05-13,-1.33,DRAIN,0.0,DRAIN,150.0,CRISIS,0.1801,21911.0,-10534.038,0.003,-5.56,SAFE,2.4383,3.8685,2.5685
2015-05-20,-1.33,DRAIN,0.5,NEUTRAL,150.0,CRISIS,0.6729,22215.0,-5196.989,0.5001,-7.29,SAFE,2.2369,2.2369,0.0655
2015-05-27,-1.33,DRAIN,1.65,INJECTION,150.0,CRISIS,-0.2505,23769.0,9332.326,1.6497,-4.93,SAFE,0.0,-1.315,-1.0474
2015-06-03,-1.33,DRAIN,-0.59,INJECTION,150.0,CRISIS,0.5591,21520.0,11328.65,-0.5893,0.33,SAFE,-1.315,-2.1714,0.7506
2015-06-10,-1.33,DRAIN,-0.21,DRAIN,150.0,CRISIS,0.0538,21658.0,-5935.874,-0.2069,-0.83,SAFE,-0.8563,0.2676,3.2046
2015-06-17,-1.33,DRAIN,-0.17,NEUTRAL,150.0,CRISIS,0.0676,22406.0,-4852.422,-0.175,-0.56,SAFE,1.124,2.9219,6.2622
2015-06-24,-0.67,DRAIN,-0.29,INJECTION,150.0,CRISIS,0.8433,22600.0,6415.648,-0.2858,-2.26,SAFE,1.7979,2.9369,5.6141
2015-07-01,-0.67,DRAIN,-0.14,NEUTRAL,150.0,CRISIS,1.1602,21809.0,3619.541,-0.1392,2.41,WATCH,1.2888,2.9251,3.5953
2015-07-08,-1.5,DRAIN,-0.17,DRAIN,231.0,CRISIS,-0.281,22053.0,-6472.835,-0.1678,-0.98,SAFE,1.6363,2.3372,3.0407
2015-07-15,-2.0,DRAIN,-0.49,DRAIN,150.0,CRISIS,-0.168,22868.0,-7280.116,-0.4895,-0.7,SAFE,0.7008,0.6701,1.0685
2015-07-22,-1.33,DRAIN,-0.35,INJECTION,150.0,CRISIS,-0.0814,24197.0,5311.237,-0.3461,0.55,SAFE,-0.0307,0.7036,0.9091
2015-07-29,-0.67,DRAIN,1.44,NEUTRAL,150.0,CRISIS,0.8406,24272.0,-2385.816,1.438,5.21,STRESS,0.7343,0.3984,1.8483
2015-08-05,-0.67,DRAIN,-2.0,INJECTION,150.0,CRISIS,0.8444,21168.0,4887.306,-2.0354,0.36,SAFE,-0.5642,-0.5489,0.3567
2015-08-12,-2.0,DRAIN,-1.03,NEUTRAL,150.0,CRISIS,-0.6998,22387.0,-3583.079,-1.029,0.11,SAFE,0.0153,0.9058,1.5026
2015-08-19,-1.33,DRAIN,0.9,NEUTRAL,150.0,CRISIS,-0.3752,22931.0,-10.207,0.8975,0.7,SAFE,0.8905,0.9057,0.5109
2015-08-26,-1.33,DRAIN,0.01,NEUTRAL,150.0,CRISIS,0.4009,22668.0,1566.752,0.0119,1.81,SAFE,0.0152,0.5968,0.9652
2015-09-02,-0.67,DRAIN,0.18,NEUTRAL,150.0,CRISIS,0.9452,22219.0,2672.727,0.1793,2.72,WATCH,0.5817,-0.3947,0.1136
2015-09-09,-1.33,DRAIN,0.4,NEUTRAL,150.0,CRISIS,0.4901,21882.0,-1121.858,0.3976,-1.97,SAFE,-0.25,0.9936,-1.5322
2015-09-16,-2.0,DRAIN,0.88,NEUTRAL,150.0,CRISIS,-0.9927,22411.0,-3309.583,0.879,-4.65,SAFE,1.2436,0.4238,-1.9373
2015-09-23,-1.33,DRAIN,0.17,NEUTRAL,150.0,CRISIS,0.2463,22258.0,-419.16,0.1745,-2.96,SAFE,-0.8198,-2.5258,-1.3498
2015-09-30,-1.5,DRAIN,-0.12,NEUTRAL,316.0,CRISIS,0.5408,22432.0,1797.809,-0.1172,4.2,WATCH,-1.7061,-2.3611,-1.208
2015-10-07,-2.0,DRAIN,-0.05,NEUTRAL,151.0,CRISIS,0.2085,22764.0,-4734.309,-0.0469,-0.83,SAFE,-0.6551,1.176,2.2032
2015-10-14,-1.38,DRAIN,-0.08,NEUTRAL,150.0,CRISIS,0.1538,22950.0,-626.16,-0.0785,-0.61,SAFE,1.4158,2.0404,3.263
2015-10-21,-2.0,DRAIN,0.96,NEUTRAL,150.0,CRISIS,-0.7319,24526.0,64.401,0.9589,-2.74,SAFE,0.6246,0.6018,1.8921
2015-10-28,-1.33,DRAIN,1.43,INJECTION,150.0,CRISIS,0.252,24039.0,8547.889,1.4335,2.96,WATCH,-0.0228,1.2226,1.4324
2015-11-04,-1.33,DRAIN,-1.77,NEUTRAL,150.0,CRISIS,0.1755,22904.0,-886.767,-1.7672,-2.63,SAFE,1.2453,1.2903,1.4926
2015-11-11,-1.33,DRAIN,0.24,NEUTRAL,150.0,CRISIS,0.5337,22053.0,-79.935,0.2378,0.0,SAFE,-0.301,-0.0526,2.1706
2015-11-18,-2.0,DRAIN,1.08,NEUTRAL,150.0,CRISIS,-0.7368,22943.0,-2543.604,1.0753,-2.2,SAFE,0.2484,0.9527,5.1632
2015-11-25,-1.33,DRAIN,-1.35,DRAIN,150.0,CRISIS,0.2089,22703.0,-5416.888,-1.348,0.0,SAFE,0.7043,2.2232,4.016
2015-12-02,-1.33,DRAIN,-0.8,INJECTION,150.0,CRISIS,0.5761,22248.0,6367.524,-0.8038,1.6,SAFE,1.5189,4.2105,4.375
2015-12-09,-1.33,DRAIN,0.47,INJECTION,150.0,CRISIS,0.0409,21602.0,11580.746,0.4709,0.93,SAFE,2.6916,1.7928,4.9634
2015-12-16,0.0,NEUTRAL,0.9,NEUTRAL,811.0,CRISIS,1.7033,24138.0,-3973.749,0.8993,4.66,STRESS,-0.8988,0.1645,3.8202
2015-12-23,0.0,NEUTRAL,0.12,INJECTION,1355.0,CRISIS,3.1627,23120.0,6331.49,0.115,4.25,STRESS,1.0633,3.1706,1.5552
2015-12-30,-2.0,DRAIN,0.34,INJECTION,1071.0,CRISIS,-0.0402,23187.0,7040.922,0.3438,4.42,STRESS,2.2222,4.8515,1.7192
2016-01-06,-2.0,DRAIN,-0.75,NEUTRAL,81.0,CRISIS,-3.4104,21674.0,-3592.665,-0.753,2.81,STRESS,2.1946,1.2861,-2.4113
2016-01-13,-1.33,DRAIN,0.22,DRAIN,150.0,CRISIS,-1.46,23699.0,-7722.322,0.2152,2.34,SAFE,-0.9086,-2.1093,-3.1307
2016-01-20,-0.67,DRAIN,2.0,NEUTRAL,502.0,CRISIS,0.1057,25490.0,1486.184,2.7688,4.17,WATCH,-1.2007,-3.6974,-3.1525
2016-01-27,-2.0,DRAIN,2.0,NEUTRAL,150.0,CRISIS,-0.1782,25341.0,2439.122,2.4933,4.54,STRESS,-2.4966,-1.0213,-3.8093
2016-02-03,-0.67,DRAIN,-1.03,NEUTRAL,500.0,CRISIS,0.7473,21285.0,3632.67,-1.0278,1.4,SAFE,1.4753,0.5449,-2.875
2016-02-10,-1.33,DRAIN,0.1,DRAIN,500.0,CRISIS,0.0053,22166.0,-7910.035,0.104,-0.03,SAFE,-0.9304,-2.788,-5.2692
2016-02-17,-2.0,DRAIN,-1.42,NEUTRAL,150.0,CRISIS,-0.2914,21856.0,-177.971,-1.4236,0.93,SAFE,-1.0698,-2.3151,-5.521
2016-02-24,-0.67,DRAIN,-0.1,DRAIN,500.0,CRISIS,0.1211,23166.0,-5935.685,-0.1007,0.31,SAFE,-1.2453,-1.4992,-2.2799
2016-03-02,-0.67,DRAIN,-0.17,NEUTRAL,631.0,CRISIS,0.5523,22423.0,3721.724,-0.172,0.86,SAFE,-0.2539,-3.2059,-2.7219
2016-03-09,-2.0,DRAIN,0.18,DRAIN,500.0,CRISIS,-0.3505,23024.0,-7115.277,0.183,-0.25,SAFE,-2.952,-0.7807,-2.8673
2016-03-16,-1.33,DRAIN,0.96,INJECTION,500.0,CRISIS,-0.1654,22784.0,3732.307,0.9584,0.65,SAFE,2.1713,0.484,-0.9752
2016-03-23,-0.67,DRAIN,0.25,NEUTRAL,500.0,CRISIS,1.1595,22251.0,3353.77,0.2463,0.39,SAFE,-1.6872,-2.0866,-4.5878
2016-03-30,-1.33,DRAIN,0.23,NEUTRAL,500.0,CRISIS,-0.3964,22291.0,2115.647,0.2345,0.91,SAFE,1.4694,-1.0462,-3.3474
2016-04-06,0.0,NEUTRAL,-1.41,NEUTRAL,1661.0,CRISIS,1.3216,23046.0,-1030.899,-1.4058,2.58,SAFE,-2.5156,-3.5021,-2.3833
2016-04-13,-2.0,DRAIN,-0.27,DRAIN,500.0,CRISIS,-1.5542,23301.0,-8741.212,-0.2666,1.13,SAFE,-0.9865,-2.3011,0.1712
2016-04-20,-1.33,DRAIN,2.0,NEUTRAL,500.0,CRISIS,0.2132,23749.0,1621.618,2.1613,1.51,SAFE,-1.3147,1.1188,3.1444
2016-04-27,-1.33,DRAIN,1.86,INJECTION,500.0,CRISIS,0.6004,24236.0,4058.256,1.8621,2.0,SAFE,2.4335,2.4724,3.5938
2016-05-04,-1.33,DRAIN,-1.54,NEUTRAL,500.0,CRISIS,0.6176,21747.0,-2996.495,-1.5446,0.8,SAFE,0.0389,2.0256,0.7364
2016-05-11,-1.33,DRAIN,-0.1,DRAIN,500.0,CRISIS,0.0529,22679.0,-10707.167,-0.1034,0.02,SAFE,1.9867,1.1214,-0.9534
2016-05-18,-1.33,DRAIN,1.28,NEUTRAL,500.0,CRISIS,0.3879,22963.0,-1556.932,1.2758,1.25,SAFE,-0.8653,-1.2892,-1.8312
2016-05-25,-1.33,DRAIN,0.18,NEUTRAL,500.0,CRISIS,0.8037,24025.0,-478.973,0.177,-0.46,SAFE,0.7598,-1.9447,-1.7799
2016-06-01,0.0,NEUTRAL,2.0,INJECTION,1842.0,CRISIS,2.0657,22994.0,15937.239,6.1256,4.53,STRESS,-2.7044,-0.2986,-0.5443
2016-06-08,-2.0,DRAIN,-0.05,INJECTION,238.0,CRISIS,-2.241,22461.0,10133.011,-0.0515,0.89,SAFE,2.4058,0.1648,2.6509
2016-06-15,-0.67,DRAIN,-0.5,DRAIN,500.0,CRISIS,-0.111,22622.0,-5152.266,-0.4984,2.71,WATCH,-2.241,-0.2457,-0.5074
2016-06-22,-1.33,DRAIN,-0.39,NEUTRAL,500.0,CRISIS,0.4651,23308.0,1554.283,-0.3897,0.99,SAFE,1.9953,2.4861,3.2861
2016-06-29,-0.67,DRAIN,0.2,NEUTRAL,500.0,CRISIS,1.4169,22726.0,-2089.956,0.2007,1.67,SAFE,0.4908,-0.2617,0.2457
2016-07-06,-1.33,DRAIN,-0.8,NEUTRAL,500.0,CRISIS,-0.2935,23667.0,-1460.392,-0.803,2.31,SAFE,-0.5328,0.5607,1.4983
2016-07-13,-1.33,DRAIN,0.16,DRAIN,500.0,CRISIS,-0.5937,24761.0,-9105.41,0.1599,2.49,SAFE,1.0935,1.9552,0.232
2016-07-20,-1.5,DRAIN,1.93,NEUTRAL,935.0,CRISIS,0.5251,26865.0,2331.109,1.9319,4.05,WATCH,0.8617,0.9376,-1.3804
2016-07-27,0.0,NEUTRAL,2.0,NEUTRAL,1567.0,CRISIS,1.5835,26286.0,3481.106,2.1931,3.83,WATCH,0.0759,-1.7232,-1.7077
2016-08-03,-2.0,DRAIN,-2.0,INJECTION,828.0,CRISIS,-0.2813,23001.0,5799.157,-2.8034,1.63,SAFE,-0.1383,-1.938,0.6276
2016-08-10,-2.0,DRAIN,-0.09,NEUTRAL,206.0,CRISIS,-1.3669,22649.0,2487.101,-0.085,1.0,SAFE,-1.7998,-0.5396,0.1997
2016-08-17,-0.67,DRAIN,-0.95,NEUTRAL,427.0,CRISIS,-0.0794,23549.0,-734.544,-0.9543,0.82,SAFE,1.2601,2.5656,3.3711
2016-08-24,-0.67,DRAIN,0.09,NEUTRAL,500.0,CRISIS,0.1362,24029.0,2819.227,0.0903,-0.44,SAFE,1.3055,0.7393,1.747
2016-08-31,-0.67,DRAIN,-0.25,NEUTRAL,500.0,CRISIS,0.9582,24144.0,-506.958,-0.2486,-3.22,SAFE,-0.5662,0.8055,0.0763
2016-09-07,-1.8,DRAIN,-0.35,NEUTRAL,465.0,CRISIS,0.3467,22716.0,1996.861,-0.3508,0.03,SAFE,1.8193,1.002,2.3049
2016-09-14,-1.5,DRAIN,-0.09,DRAIN,500.0,CRISIS,-0.6662,23451.0,-4648.959,-0.0897,0.82,SAFE,-0.8173,-0.3429,0.1672
2016-09-21,-2.0,DRAIN,-0.55,NEUTRAL,257.0,CRISIS,-0.4742,23861.0,-2160.921,-0.5492,-0.84,SAFE,0.4744,1.3029,2.1622
2016-09-28,-0.67,DRAIN,1.55,NEUTRAL,500.0,CRISIS,0.7618,23321.0,1927.489,1.5514,0.06,SAFE,0.8286,0.5101,2.1446
2016-10-05,-1.5,DRAIN,-1.61,NEUTRAL,558.0,CRISIS,0.6026,22921.0,3463.13,-1.6057,0.95,SAFE,-0.3184,0.8593,1.5176
2016-10-12,-2.0,DRAIN,0.1,NEUTRAL,500.0,CRISIS,0.2865,22974.0,-4210.572,0.096,-1.03,SAFE,-0.159,1.2554,1.9181
2016-10-19,-2.0,DRAIN,1.42,DRAIN,500.0,CRISIS,-0.7098,24174.0,-7089.76,1.4183,-0.58,SAFE,1.4144,1.4144,2.4031
2016-10-26,-1.33,DRAIN,0.01,INJECTION,500.0,CRISIS,0.2329,24211.0,4824.336,0.006,-3.31,SAFE,0.0,0.6627,0.9517
2016-11-02,-2.0,DRAIN,-0.89,INJECTION,387.0,CRISIS,0.0994,22538.0,4011.401,-0.8939,1.71,SAFE,0.6627,0.9887,-0.6596
2016-11-09,-0.67,DRAIN,0.1,INJECTION,500.0,CRISIS,0.8205,21549.0,4863.753,0.1007,0.41,SAFE,0.326,0.289,-2.335
2016-11-16,-1.33,DRAIN,-0.15,DRAIN,500.0,CRISIS,-0.2142,22297.0,-11351.891,-0.1549,-1.48,SAFE,0.431,-0.7324,-0.2386
2016-11-23,-1.33,DRAIN,-0.05,NEUTRAL,500.0,CRISIS,-0.2011,22549.0,218.432,-0.0456,-1.62,SAFE,-1.1634,-1.992,-0.141
2016-11-30,-1.48,DRAIN,-0.37,NEUTRAL,489.0,CRISIS,0.4167,22549.0,-291.826,-0.3683,-4.93,SAFE,-0.8286,0.4939,0.7771
2016-12-07,-1.18,DRAIN,-0.11,NEUTRAL,500.0,CRISIS,0.4001,22155.0,-1172.738,-0.1076,0.0,SAFE,1.3224,1.851,-0.0605
2016-12-14,-1.33,DRAIN,-0.91,NEUTRAL,500.0,CRISIS,0.6818,21659.0,-3593.989,-0.9117,0.29,SAFE,0.5286,0.2832,-2.5706
2016-12-21,-1.41,DRAIN,1.91,INJECTION,509.0,CRISIS,1.6151,21953.0,9882.04,1.9108,0.07,SAFE,-0.2453,-1.9115,-2.2071
2016-12-28,-0.78,DRAIN,0.22,INJECTION,500.0,CRISIS,1.11,21653.0,6944.023,0.2227,1.11,SAFE,-2.0524,-2.6063,-2.7434
2017-01-04,-2.0,DRAIN,-0.3,DRAIN,403.0,CRISIS,-1.0243,22611.0,-4856.782,-0.2975,2.84,WATCH,-1.0474,0.4445,-1.7365
2017-01-11,-1.33,DRAIN,-0.16,DRAIN,500.0,CRISIS,-1.9068,22937.0,-8775.766,-0.1605,-1.34,SAFE,1.4919,-0.0229,0.1601
2017-01-18,-2.0,DRAIN,0.85,NEUTRAL,500.0,CRISIS,-0.812,24665.0,-1444.796,0.8466,-0.22,SAFE,-1.5148,-2.181,-1.8818
2017-01-25,-1.33,DRAIN,-0.17,NEUTRAL,500.0,CRISIS,0.0542,25211.0,1234.819,-0.1688,-0.04,SAFE,-0.6662,0.183,-0.0611
2017-02-01,-1.88,DRAIN,2.0,INJECTION,512.0,CRISIS,0.3556,21923.0,6399.124,4.0641,1.66,SAFE,0.8492,0.2992,2.9448
2017-02-08,-1.62,DRAIN,0.4,NEUTRAL,551.0,CRISIS,-0.0981,22658.0,2.855,0.3994,-5.0,SAFE,-0.55,-0.2441,2.5348
2017-02-15,-1.95,DRAIN,-1.58,NEUTRAL,500.0,CRISIS,-0.2626,23724.0,-2837.835,-1.576,-2.8,SAFE,0.3059,2.6457,2.1371
2017-02-22,-1.33,DRAIN,-0.21,NEUTRAL,500.0,CRISIS,0.1624,24138.0,593.39,-0.2078,-0.9,SAFE,2.0909,3.0277,1.7092
2017-03-01,-1.33,DRAIN,1.97,INJECTION,500.0,CRISIS,0.2862,21983.0,5361.663,1.9692,-0.15,SAFE,0.9368,-0.5092,-0.6219
2017-03-08,-1.33,DRAIN,-0.16,NEUTRAL,500.0,CRISIS,-0.2646,22609.0,-589.194,-0.1637,-0.98,SAFE,-1.4461,-1.3185,-0.7055
2017-03-15,-2.0,DRAIN,-0.66,NEUTRAL,500.0,CRISIS,-0.7775,23315.0,-3215.805,-0.6623,-2.24,SAFE,0.1276,-0.1127,-0.3309
2017-03-22,-1.95,DRAIN,-1.21,NEUTRAL,505.0,CRISIS,0.5409,22917.0,1993.441,-1.2071,-1.61,SAFE,-0.2402,0.613,1.2667
2017-03-29,-1.38,DRAIN,0.76,NEUTRAL,517.0,CRISIS,1.1265,21452.0,-1781.432,0.7592,2.69,WATCH,0.8532,-0.2182,2.6554
2017-04-05,-1.55,DRAIN,-1.15,NEUTRAL,500.0,CRISIS,-0.3287,22270.0,1247.003,-1.1453,1.83,WATCH,-1.0715,0.6537,2.1674
2017-04-12,-0.67,DRAIN,-0.23,DRAIN,500.0,CRISIS,0.9637,22348.0,-10751.567,-0.2344,-1.54,SAFE,1.7251,2.8736,3.2535
2017-04-19,-1.33,DRAIN,-0.74,NEUTRAL,500.0,CRISIS,-0.2129,22558.0,-2960.559,-0.739,-1.83,SAFE,1.0477,1.9174,0.9523
2017-04-26,-1.33,DRAIN,1.57,INJECTION,500.0,CRISIS,0.2328,23565.0,6529.951,1.5663,-0.02,SAFE,0.8697,0.6074,-1.2408
2017-05-03,-1.33,DRAIN,-2.0,NEUTRAL,500.0,CRISIS,0.7064,21330.0,2483.733,-3.0654,-0.7,SAFE,-0.2623,-0.9651,-1.7544
2017-05-10,-1.33,DRAIN,-0.32,DRAIN,500.0,CRISIS,0.3567,21656.0,-7335.259,-0.3248,-1.52,SAFE,-0.7028,-1.8482,-1.8705
2017-05-17,-1.33,DRAIN,-1.31,DRAIN,500.0,CRISIS,0.0742,22169.0,-8530.401,-1.3051,0.0,SAFE,-1.1453,-0.7892,-2.824
2017-05-24,-0.67,DRAIN,0.23,NEUTRAL,500.0,CRISIS,0.9723,22125.0,591.762,0.2324,-3.0,SAFE,0.3488,0.371,-1.5884
2017-05-31,-1.33,DRAIN,-0.22,NEUTRAL,500.0,CRISIS,0.2712,22468.0,-2026.514,-0.2168,-0.9,SAFE,0.0222,-1.6205,-3.6587
2017-06-07,-1.33,DRAIN,-0.24,NEUTRAL,500.0,CRISIS,0.1417,21713.0,1864.936,-0.2353,-3.1,SAFE,-1.6427,-1.9594,-4.6693
2017-06-14,-1.33,DRAIN,-0.89,NEUTRAL,500.0,CRISIS,0.105,22235.0,-4128.178,-0.8947,-2.0,SAFE,-0.3167,-2.0382,-4.709
2017-06-21,-1.33,DRAIN,0.46,NEUTRAL,500.0,CRISIS,0.4454,22933.0,-940.976,0.4585,-0.17,SAFE,-1.7216,-2.7099,-5.3677
2017-06-28,-0.67,DRAIN,1.83,NEUTRAL,500.0,CRISIS,0.8481,22649.0,3040.75,1.833,0.0,SAFE,-0.9883,-2.6708,-4.4623
2017-07-05,-1.33,DRAIN,0.44,NEUTRAL,500.0,CRISIS,0.7363,23343.0,67.197,0.4422,0.74,SAFE,-1.5805,-2.8281,-2.8838
2017-07-12,-2.0,DRAIN,0.02,DRAIN,564.0,CRISIS,-0.53,24445.0,-8191.099,0.0203,-1.28,SAFE,-1.2476,-1.7655,-0.4562
2017-07-19,-2.0,DRAIN,1.21,NEUTRAL,500.0,CRISIS,-0.3076,25335.0,3729.412,1.2078,-1.06,SAFE,-0.5178,-0.0556,0.0079
2017-07-26,-1.33,DRAIN,-0.09,NEUTRAL,500.0,CRISIS,0.0606,26345.0,-4327.968,-0.0897,0.0,SAFE,0.4622,1.3093,-0.2239
2017-08-02,-1.33,DRAIN,-0.95,INJECTION,500.0,CRISIS,0.5854,22904.0,6966.172,-0.9539,-0.35,SAFE,0.8471,0.0636,-1.506
2017-08-09,-1.33,DRAIN,0.57,NEUTRAL,500.0,CRISIS,0.0613,22895.0,-2900.234,0.5726,-1.41,SAFE,-0.5048,-1.4422,-4.6621
2017-08-16,-2.0,DRAIN,1.36,NEUTRAL,500.0,CRISIS,-0.8788,24822.0,-2396.21,1.3614,0.08,SAFE,-0.9374,-0.8816,-3.7461
2017-08-23,-1.33,DRAIN,0.17,NEUTRAL,500.0,CRISIS,-0.1062,24628.0,2088.488,0.1675,-0.26,SAFE,0.0559,-3.2199,-1.7066
2017-08-30,-1.33,DRAIN,0.58,INJECTION,500.0,CRISIS,0.7637,23865.0,6910.533,0.5753,0.0,SAFE,-3.2758,-2.8645,-0.4477
2017-09-06,-1.33,DRAIN,-1.72,NEUTRAL,500.0,CRISIS,0.3338,21935.0,-2116.763,-1.7186,2.15,SAFE,0.4107,1.56,3.2397
2017-09-13,-2.0,DRAIN,-0.32,DRAIN,500.0,CRISIS,-0.7589,22941.0,-7449.733,-0.323,-0.03,SAFE,1.1493,2.0449,2.3416
2017-09-20,-1.33,DRAIN,1.84,NEUTRAL,500.0,CRISIS,-0.2374,23183.0,-1195.163,1.839,0.0,SAFE,0.8956,1.6796,2.1011
2017-09-27,-0.67,DRAIN,1.38,INJECTION,500.0,CRISIS,0.9228,23287.0,8066.26,1.3797,-0.87,SAFE,0.7841,0.2967,3.3489
2017-10-04,-1.33,DRAIN,-0.47,NEUTRAL,500.0,CRISIS,-0.1283,23520.0,1324.237,-0.4664,-0.15,SAFE,-0.4873,0.4215,1.7067
2017-10-11,-1.33,DRAIN,-0.01,NEUTRAL,500.0,CRISIS,0.3623,23375.0,-3737.859,-0.0137,-3.1,SAFE,0.0481,2.8378,1.7486
2017-10-18,-1.33,DRAIN,1.26,NEUTRAL,500.0,CRISIS,-0.2341,24155.0,-343.452,1.2625,-1.44,SAFE,2.7897,2.7195,2.4149
2017-10-25,-1.33,DRAIN,-0.29,NEUTRAL,500.0,CRISIS,-0.2023,24770.0,2197.341,-0.2903,-3.0,SAFE,-0.0702,-1.0892,-0.9632
2017-11-01,-1.33,DRAIN,2.0,INJECTION,500.0,CRISIS,-0.0915,23162.0,6714.663,2.1505,0.67,SAFE,-1.0191,-0.3046,-0.728
2017-11-08,-1.33,DRAIN,-0.29,NEUTRAL,500.0,CRISIS,0.0209,22679.0,-2371.575,-0.2896,-1.46,SAFE,0.7144,0.126,1.315
2017-11-15,-1.73,DRAIN,0.16,DRAIN,527.0,CRISIS,0.1878,23402.0,-7794.821,0.1559,-2.81,SAFE,-0.2357,1.1158,0.4697
2017-11-22,-1.67,DRAIN,-0.27,INJECTION,500.0,CRISIS,-0.4605,23459.0,6756.117,-0.2708,-2.16,SAFE,1.3514,1.0017,0.1493
2017-11-29,-1.33,DRAIN,0.3,NEUTRAL,500.0,CRISIS,0.2557,23876.0,-1697.729,0.2983,-3.0,SAFE,-0.3498,-0.6461,-2.9209
2017-12-06,-2.0,DRAIN,-0.44,INJECTION,32.0,CRISIS,-0.3119,22982.0,6626.309,-0.4433,-3.35,SAFE,-0.2963,-0.8523,-3.0757
2017-12-13,0.0,NEUTRAL,-0.26,DRAIN,500.0,CRISIS,1.0165,22099.0,-7418.279,-0.255,-2.57,SAFE,-0.556,-2.2748,-3.0608
2017-12-20,-0.67,DRAIN,2.0,NEUTRAL,500.0,CRISIS,1.6049,22828.0,1414.036,2.2818,-1.41,SAFE,-1.7188,-2.2234,-2.2234
2017-12-27,-0.67,DRAIN,0.18,NEUTRAL,500.0,CRISIS,1.4617,21861.0,1442.249,0.1813,1.87,SAFE,-1.4806,-0.6695,-2.1439
2018-01-03,-2.0,DRAIN,-1.73,DRAIN,500.0,CRISIS,-0.6623,22163.0,-5553.882,-1.7327,-2.36,SAFE,0.1597,-0.5529,-1.8305
2018-01-10,-2.0,DRAIN,-0.15,DRAIN,500.0,CRISIS,-2.1158,22483.0,-7745.33,-0.1486,-2.09,SAFE,-0.7125,-1.7057,0.3981
2018-01-17,-2.0,DRAIN,-0.37,NEUTRAL,500.0,CRISIS,-1.1428,23893.0,-4114.719,-0.373,-0.36,SAFE,-0.9932,-1.2776,0.4889
2018-01-24,-0.67,DRAIN,0.07,NEUTRAL,500.0,CRISIS,1.436,24079.0,3280.16,0.066,-3.45,SAFE,-0.2844,2.1038,2.7612
2018-01-31,-2.0,DRAIN,-0.21,NEUTRAL,500.0,CRISIS,-1.2347,25264.0,2720.343,-0.2143,-0.76,SAFE,2.3882,1.7665,4.7906
2018-02-07,-1.33,DRAIN,0.47,NEUTRAL,500.0,CRISIS,0.1218,21852.0,1632.944,0.4677,-3.09,SAFE,-0.6217,0.6574,2.006
2018-02-14,-1.33,DRAIN,0.05,NEUTRAL,500.0,CRISIS,0.5618,22258.0,71.992,0.0535,-2.44,SAFE,1.2791,3.0241,4.5407
2018-02-21,-1.33,DRAIN,-0.09,NEUTRAL,500.0,CRISIS,0.0138,22265.0,4140.032,-0.0922,-6.24,SAFE,1.1111,1.7008,1.5537
2018-02-28,-1.33,DRAIN,-1.11,NEUTRAL,500.0,CRISIS,0.1267,23614.0,2515.524,-1.1131,-1.81,SAFE,0.5897,1.3986,0.334
2018-03-07,-1.71,DRAIN,0.07,DRAIN,529.0,CRISIS,-0.0219,21874.0,-6414.625,0.0726,-2.0,SAFE,0.809,-0.1471,-1.2689
2018-03-14,-1.7,DRAIN,-0.24,NEUTRAL,500.0,CRISIS,0.2209,22601.0,2129.076,-0.2415,-4.05,SAFE,-0.9561,-1.0646,-3.3949
2018-03-21,-2.0,DRAIN,-0.26,NEUTRAL,500.0,CRISIS,-0.6348,23101.0,-6.155,-0.259,-3.81,SAFE,-0.1085,-1.1219,-1.4043
2018-03-28,-2.0,DRAIN,0.48,INJECTION,250.0,CRISIS,0.7186,21935.0,10043.137,0.4761,2.85,WATCH,-1.0133,-2.3303,-0.2874
2018-04-04,-1.33,DRAIN,-1.55,NEUTRAL,250.0,CRISIS,-0.1583,22015.0,2039.497,-1.555,-0.18,SAFE,-1.4189,-1.1256,0.6709
2018-04-11,-1.33,DRAIN,-0.36,DRAIN,250.0,CRISIS,-0.2252,22624.0,-7944.571,-0.3576,-2.83,SAFE,0.2933,2.0898,1.4111
2018-04-18,-1.33,DRAIN,1.08,INJECTION,250.0,CRISIS,-0.1796,23488.0,7898.452,1.0754,1.23,SAFE,1.7965,1.7965,1.3211
2018-04-25,-1.33,DRAIN,-0.52,NEUTRAL,250.0,CRISIS,0.2411,24463.0,-54.392,-0.5168,2.0,WATCH,0.0,-0.6787,0.867
2018-05-02,-1.5,DRAIN,-0.53,NEUTRAL,498.0,CRISIS,0.7503,22095.0,-1844.52,-0.5323,0.75,SAFE,-0.6787,-0.4754,0.7899
2018-05-09,-2.0,DRAIN,0.2,NEUTRAL,250.0,CRISIS,0.0,22665.0,-64.265,0.199,-0.34,SAFE,0.2033,1.5457,1.4532
2018-05-16,-1.33,DRAIN,1.42,NEUTRAL,250.0,CRISIS,0.6761,22096.0,57.158,1.4187,-1.06,SAFE,1.3424,1.2653,2.895
2018-05-23,-1.33,DRAIN,-1.59,DRAIN,250.0,CRISIS,0.6954,23037.0,-8141.913,-1.5924,-3.46,SAFE,0.4412,0.6264,3.1986
2018-05-30,-1.33,DRAIN,1.14,NEUTRAL,250.0,CRISIS,0.1803,23431.0,-1745.624,1.1393,2.0,WATCH,0.1852,0.8,2.4338
2018-06-06,-1.33,DRAIN,-0.35,INJECTION,250.0,CRISIS,0.0439,21977.0,7473.013,-0.3482,0.51,SAFE,0.6148,2.5722,1.0201
2018-06-13,-1.33,DRAIN,-0.04,NEUTRAL,250.0,CRISIS,0.0427,22402.0,-3209.45,-0.039,0.49,SAFE,1.9574,1.6338,0.9076
2018-06-20,-1.5,DRAIN,1.07,NEUTRAL,288.0,CRISIS,0.1449,22859.0,1789.636,1.069,1.46,SAFE,-0.3236,-1.5522,-1.2702
2018-06-27,-1.33,DRAIN,1.6,INJECTION,250.0,CRISIS,0.8819,21989.0,8275.405,1.5961,1.38,SAFE,-1.2286,-0.7262,-1.5572
2018-07-04,-1.33,DRAIN,-0.88,NEUTRAL,250.0,CRISIS,0.7174,22471.0,-537.444,-0.8826,-0.27,SAFE,0.2814,0.9551,-0.8798
2018-07-11,-2.0,DRAIN,-0.17,DRAIN,250.0,CRISIS,-0.6449,23500.0,-14074.447,-0.1725,-2.87,SAFE,0.6737,-0.7701,-0.4034
2018-07-18,-1.5,DRAIN,1.58,INJECTION,299.0,CRISIS,-0.1267,24057.0,4969.736,1.5839,-4.23,SAFE,-1.4438,-1.8349,-1.3214
2018-07-25,-2.0,DRAIN,-0.21,NEUTRAL,250.0,CRISIS,0.2471,25213.0,1985.454,-0.2101,0.31,SAFE,-0.3911,0.3667,-0.2222
2018-08-01,-0.67,DRAIN,2.0,INJECTION,250.0,CRISIS,1.1045,23490.0,8408.048,3.3201,5.77,CRISIS,0.7578,0.5135,0.3146
2018-08-08,-0.67,DRAIN,-0.54,NEUTRAL,250.0,CRISIS,2.0291,20195.0,-1966.928,-0.5412,-4.19,SAFE,0.8552,0.1762,0.9464
2018-08-15,-2.0,DRAIN,-0.83,DRAIN,250.0,CRISIS,-1.7466,22724.0,-6823.988,-0.8342,-1.96,SAFE,-0.679,-1.3164,-0.9089
2018-08-22,-1.5,DRAIN,-0.52,INJECTION,291.0,CRISIS,-0.0942,22309.0,6008.756,-0.5161,-2.0,SAFE,-0.6374,0.7702,-1.1317
2018-08-29,-2.0,DRAIN,1.13,DRAIN,250.0,CRISIS,0.7455,23622.0,-6455.573,1.1308,-2.4,SAFE,1.4076,0.4075,-0.27
2018-09-05,-1.33,DRAIN,-0.45,INJECTION,250.0,CRISIS,0.7704,21509.0,10314.798,-0.4543,0.82,SAFE,-1.4589,-2.1692,-2.208
2018-09-12,-1.33,DRAIN,-0.3,NEUTRAL,250.0,CRISIS,0.0594,21232.0,957.202,-0.2954,-2.16,SAFE,-0.7104,0.3686,0.2613
2018-09-19,-1.33,DRAIN,1.24,NEUTRAL,250.0,CRISIS,-0.5277,21958.0,3365.146,1.235,-2.1,SAFE,1.079,-0.0388,1.5303
2018-09-26,-1.33,DRAIN,1.81,NEUTRAL,250.0,CRISIS,0.2962,22618.0,3537.859,1.8119,-0.72,SAFE,-1.1178,-0.1074,0.4818
2018-10-03,-1.33,DRAIN,-1.68,DRAIN,250.0,CRISIS,-0.0725,22802.0,-6008.784,-1.6772,0.0,SAFE,1.0104,1.569,1.5767
2018-10-10,-0.83,DRAIN,0.11,DRAIN,269.0,CRISIS,-0.0714,23203.0,-8801.121,0.1077,0.0,SAFE,0.1456,0.291,0.5812
2018-10-17,-2.0,DRAIN,-0.2,NEUTRAL,595.0,CRISIS,-0.7431,24163.0,-2463.805,-0.2049,1.04,SAFE,0.1454,0.2371,0.7402
2018-10-24,-2.0,DRAIN,-0.08,INJECTION,293.0,CRISIS,-0.7291,24863.0,4377.803,-0.0772,2.99,STRESS,0.0917,0.2902,1.1557
2018-10-31,-2.0,DRAIN,-1.31,NEUTRAL,250.0,CRISIS,-0.1858,25036.0,-701.07,-1.3111,1.21,SAFE,0.1985,0.503,1.6143
2018-11-07,-1.33,DRAIN,-0.08,INJECTION,250.0,CRISIS,0.0044,22024.0,7042.46,-0.0822,-2.62,SAFE,0.3046,0.8655,1.4008
2018-11-14,-1.5,DRAIN,0.08,NEUTRAL,341.0,CRISIS,0.3161,22254.0,-2246.379,0.0787,-0.35,SAFE,0.0227,0.5514,1.1822
2018-11-21,-2.0,DRAIN,-0.94,NEUTRAL,250.0,CRISIS,-0.2997,22602.0,-2048.353,-0.9402,-0.64,SAFE,0.5287,1.4958,2.1724
2018-11-28,-1.33,DRAIN,1.75,NEUTRAL,250.0,CRISIS,0.2929,22868.0,3888.61,1.7456,4.35,STRESS,0.9671,0.6308,2.7271
2018-12-05,-1.33,DRAIN,-1.13,NEUTRAL,250.0,CRISIS,0.2064,22078.0,1937.439,-1.1322,2.44,STRESS,-0.3363,0.6766,-0.8316
2018-12-12,-1.5,DRAIN,-1.18,DRAIN,335.0,CRISIS,0.4865,22175.0,-6863.324,-1.1825,0.43,SAFE,1.0129,2.0963,-0.6986
2018-12-19,-2.0,DRAIN,1.0,NEUTRAL,272.0,CRISIS,1.4678,23309.0,1062.625,1.0036,3.95,STRESS,1.0834,-1.5082,-1.1552
2018-12-26,0.0,NEUTRAL,-1.26,NEUTRAL,816.0,CRISIS,1.9656,23438.0,-2714.007,-1.2607,4.17,STRESS,-1.7079,-2.8403,-2.863
2019-01-02,-2.0,DRAIN,-0.02,NEUTRAL,250.0,CRISIS,-0.6904,23389.0,560.435,-0.0228,4.89,CRISIS,-1.9974,-1.5451,-2.6798
2019-01-09,-2.0,DRAIN,0.1,DRAIN,250.0,CRISIS,-1.8456,23870.0,-5826.443,0.0992,-3.07,SAFE,0.4524,0.8802,0.3846
2019-01-16,-2.0,DRAIN,0.98,NEUTRAL,250.0,CRISIS,-1.2326,23305.0,-1525.855,0.9777,-0.09,SAFE,0.4278,-1.1347,0.0301
2019-01-23,-2.0,DRAIN,0.25,INJECTION,250.0,CRISIS,-0.6569,25058.0,4460.166,0.2538,-3.2,SAFE,-1.5626,-0.4956,-1.3422
2019-01-30,-1.33,DRAIN,0.8,DRAIN,250.0,CRISIS,0.0397,24905.0,-5470.303,0.8025,0.0,SAFE,1.067,1.1648,0.8787
2019-02-06,-1.33,DRAIN,1.03,NEUTRAL,250.0,CRISIS,0.1355,22421.0,2910.943,1.0273,0.0,SAFE,0.0978,-0.8466,1.026
2019-02-13,-1.33,DRAIN,-0.05,DRAIN,250.0,CRISIS,-0.0242,22912.0,-7290.531,-0.0522,0.0,SAFE,-0.9444,-0.2862,0.3303
2019-02-20,-1.33,DRAIN,1.81,NEUTRAL,250.0,CRISIS,0.1023,23576.0,3989.752,1.8118,-4.32,SAFE,-0.2048,1.8173,1.28
2019-02-27,-1.33,DRAIN,0.2,INJECTION,250.0,CRISIS,-0.0967,23721.0,8390.623,0.2048,-3.98,SAFE,2.0221,1.1926,1.9551
2019-03-06,-1.33,DRAIN,-0.49,NEUTRAL,250.0,CRISIS,-0.0451,21973.0,-2719.593,-0.4939,-2.66,SAFE,-0.8294,-0.5372,-0.6046
2019-03-13,-1.33,DRAIN,-0.24,NEUTRAL,250.0,CRISIS,0.1321,21930.0,-4266.162,-0.2413,-2.21,SAFE,0.2922,0.7624,0.382
2019-03-20,-2.0,DRAIN,1.67,NEUTRAL,250.0,CRISIS,-0.642,22851.0,3416.176,1.6715,-0.27,SAFE,0.4702,-0.0674,0.1196
2019-03-27,-1.33,DRAIN,2.0,NEUTRAL,250.0,CRISIS,0.4603,23369.0,-223.462,2.0757,-0.82,SAFE,-0.5376,-0.3805,0.2306
2019-04-03,-1.33,DRAIN,-0.69,NEUTRAL,250.0,CRISIS,0.0782,23496.0,1860.611,-0.6877,-0.19,SAFE,0.1571,0.187,0.5376
2019-04-10,-1.33,DRAIN,-0.3,NEUTRAL,250.0,CRISIS,0.2894,23706.0,-3097.761,-0.3049,-0.97,SAFE,0.0299,0.6111,0.2986
2019-04-17,-0.67,DRAIN,-0.06,NEUTRAL,250.0,CRISIS,0.902,23318.0,-795.695,-0.0592,-2.05,SAFE,0.5812,0.3506,0.6406
2019-04-24,-1.33,DRAIN,0.43,NEUTRAL,250.0,CRISIS,0.0402,23885.0,498.665,0.4251,-1.31,SAFE,-0.23,-0.0741,-0.3415
2019-05-01,-1.5,DRAIN,1.94,NEUTRAL,366.0,CRISIS,0.2163,21761.0,-370.498,1.9448,2.89,STRESS,0.1559,-0.171,0.4817
2019-05-08,-2.0,DRAIN,0.29,NEUTRAL,250.0,CRISIS,0.1237,22195.0,-4166.063,0.2922,-1.34,SAFE,-0.3269,-0.2674,-1.4945
2019-05-15,-1.96,DRAIN,-0.46,NEUTRAL,252.0,CRISIS,0.3131,22460.0,-2288.903,-0.4596,-0.86,SAFE,0.0595,0.6527,-0.4026
2019-05-22,-1.39,DRAIN,-1.06,NEUTRAL,250.0,CRISIS,0.4514,22875.0,2079.844,-1.06,-2.74,SAFE,0.1705,-0.7447,-2.1524
2019-05-29,-1.33,DRAIN,1.22,NEUTRAL,250.0,CRISIS,-0.1279,23338.0,-1759.349,1.2223,-1.84,SAFE,-0.9152,-1.3197,-2.9312
2019-06-05,-2.0,DRAIN,-1.1,INJECTION,86.0,CRISIS,-0.1593,22324.0,9557.549,-1.1046,-1.59,SAFE,-0.4045,-1.4077,-2.1076
2019-06-12,-0.67,DRAIN,-0.17,DRAIN,250.0,CRISIS,0.2512,22525.0,-7894.497,-0.1697,-14.3,SAFE,-1.0032,-1.6115,-2.1699
2019-06-19,-1.33,DRAIN,0.9,NEUTRAL,250.0,CRISIS,0.1646,23199.0,-2254.014,0.8989,-3.06,SAFE,-0.6083,-0.6999,-0.9139
2019-06-26,-0.67,DRAIN,1.76,INJECTION,250.0,CRISIS,0.9546,22380.0,9138.616,1.7557,-2.28,SAFE,-0.0916,-0.5583,0.5401
2019-07-03,-1.33,DRAIN,-0.89,NEUTRAL,250.0,CRISIS,0.3489,22258.0,1273.969,-0.8857,0.35,SAFE,0.0918,0.0765,1.2026
2019-07-10,-2.0,DRAIN,-0.09,DRAIN,250.0,CRISIS,-0.6434,23545.0,-11114.591,-0.0912,-2.93,SAFE,-0.0153,0.5721,1.141
2019-07-17,-1.33,DRAIN,-0.21,NEUTRAL,250.0,CRISIS,-0.4022,24108.0,3817.328,-0.2142,-0.37,SAFE,0.5875,1.1261,1.6468
2019-07-24,-1.33,DRAIN,0.03,INJECTION,250.0,CRISIS,0.0728,24173.0,7877.99,0.0301,0.23,SAFE,0.5386,0.5689,1.2398
2019-07-31,-0.67,DRAIN,-0.59,NEUTRAL,250.0,CRISIS,0.898,24093.0,-3144.695,-0.586,4.53,CRISIS,0.0303,0.5207,0.5884
2019-08-07,-1.33,DRAIN,0.08,NEUTRAL,250.0,CRISIS,0.2631,21460.0,422.184,0.0837,0.0,SAFE,0.5116,0.2712,-0.6281
2019-08-14,-2.0,DRAIN,0.11,DRAIN,250.0,CRISIS,-0.584,23025.0,-6428.357,0.1126,0.73,SAFE,-0.2404,-0.2179,-0.5116
2019-08-21,-1.33,DRAIN,0.9,NEUTRAL,250.0,CRISIS,-0.166,23836.0,3644.914,0.8952,-0.29,SAFE,0.0226,-0.8992,-0.1355
2019-08-28,-0.67,DRAIN,1.66,INJECTION,250.0,CRISIS,0.7654,24224.0,5260.194,1.6558,0.0,SAFE,-0.9218,-0.2938,-0.3541
2019-09-04,-1.33,DRAIN,-0.43,INJECTION,250.0,CRISIS,0.6115,21759.0,8347.754,-0.4316,0.47,SAFE,-0.174,0.2341,0.7681
2019-09-11,-2.0,DRAIN,-0.35,INJECTION,250.0,CRISIS,-0.7203,21971.0,4995.986,-0.354,-0.27,SAFE,0.4081,0.4156,0.6717
2019-09-18,-2.0,DRAIN,0.9,NEUTRAL,250.0,CRISIS,-0.7297,23091.0,-2491.595,0.8997,-0.18,SAFE,0.0075,0.5341,-0.9625
2019-09-25,-1.33,DRAIN,-1.13,NEUTRAL,250.0,CRISIS,0.1792,22197.0,2672.883,-1.1295,-2.67,SAFE,0.5265,0.2561,-1.4892
2019-10-02,-1.33,DRAIN,0.21,NEUTRAL,250.0,CRISIS,0.0011,22826.0,793.363,0.2137,0.43,SAFE,-0.2704,-1.4965,-1.3063
2019-10-09,-1.33,DRAIN,0.21,DRAIN,250.0,CRISIS,0.3749,22734.0,-4642.708,0.2131,-0.62,SAFE,-1.2261,-1.7452,-0.5355
2019-10-16,-1.33,DRAIN,0.51,NEUTRAL,250.0,CRISIS,-0.052,23465.0,-4065.572,0.5097,-0.65,SAFE,-0.5187,0.1293,0.6673
2019-10-23,-1.6,DRAIN,0.14,NEUTRAL,240.0,CRISIS,-0.3461,23937.0,-3001.342,0.1392,-0.53,SAFE,0.648,0.7695,1.6084
2019-10-30,-1.06,DRAIN,0.8,NEUTRAL,250.0,CRISIS,0.2226,24581.0,-2808.515,0.8003,-0.86,SAFE,0.1215,0.5381,0.9755
2019-11-06,-1.33,DRAIN,0.64,INJECTION,250.0,CRISIS,0.2965,22091.0,11188.316,0.6441,-1.29,SAFE,0.4166,0.8389,0.5978
2019-11-13,-1.33,DRAIN,0.13,DRAIN,250.0,CRISIS,-0.0752,23039.0,-8882.089,0.1331,-1.06,SAFE,0.2034,0.2034,-0.5749
2019-11-20,-1.33,DRAIN,1.4,INJECTION,250.0,CRISIS,-0.4433,23403.0,4685.586,1.3992,-1.89,SAFE,0.0,-0.839,-1.2345
2019-11-27,-1.33,DRAIN,1.57,NEUTRAL,250.0,CRISIS,0.2812,23877.0,3180.426,1.5678,-0.12,SAFE,-0.839,-0.7783,-1.7158
2019-12-04,-1.33,DRAIN,-0.64,INJECTION,250.0,CRISIS,0.5216,21754.0,6976.261,-0.6357,-0.26,SAFE,0.0607,-0.3955,-1.2604
2019-12-11,-1.33,DRAIN,-0.13,NEUTRAL,250.0,CRISIS,0.316,21688.0,-4439.687,-0.1332,-0.27,SAFE,-0.4562,-0.9375,-0.9145
2019-12-18,-0.67,DRAIN,0.57,NEUTRAL,250.0,CRISIS,1.005,22847.0,1852.776,0.5737,0.52,SAFE,-0.4813,-0.8649,-0.42
2019-12-25,-0.67,DRAIN,0.42,NEUTRAL,250.0,CRISIS,1.6656,21944.0,1669.235,0.4197,-0.14,SAFE,-0.8292,-0.2297,0.7921
2020-01-01,-1.33,DRAIN,-0.6,NEUTRAL,250.0,CRISIS,0.4052,21766.0,377.094,-0.5974,3.13,STRESS,0.6674,0.4071,1.717
2020-01-08,-2.0,DRAIN,0.27,DRAIN,250.0,CRISIS,-1.9055,23651.0,-7685.521,0.2661,-0.81,SAFE,-0.2603,0.4881,1.6004
2020-01-15,-2.0,DRAIN,-0.79,NEUTRAL,250.0,CRISIS,-0.9186,22654.0,-2890.859,-0.7911,-2.41,SAFE,0.7484,1.3099,1.6045
2020-01-22,-2.0,DRAIN,-0.41,NEUTRAL,250.0,CRISIS,-1.2036,24584.0,3903.223,-0.4075,-0.59,SAFE,0.5615,1.1123,0.6144
2020-01-29,-1.33,DRAIN,0.56,NEUTRAL,250.0,CRISIS,0.0617,25121.0,-3241.236,0.5576,-0.66,SAFE,0.5508,0.2946,1.5913
2020-02-05,-1.33,DRAIN,-2.0,NEUTRAL,250.0,CRISIS,0.2712,23084.0,-1039.18,-2.6053,0.06,SAFE,-0.2562,-0.4979,0.9809
2020-02-12,-1.33,DRAIN,-0.01,DRAIN,250.0,CRISIS,-0.0689,24241.0,-9854.854,-0.0135,-0.52,SAFE,-0.2417,1.2966,4.751
2020-02-19,-0.67,DRAIN,1.16,NEUTRAL,250.0,CRISIS,0.7757,25362.0,972.735,1.162,-0.24,SAFE,0.8041,1.2074,8.9504
2020-02-26,-0.67,DRAIN,1.92,NEUTRAL,250.0,CRISIS,1.3374,25310.0,3134.397,1.916,-0.55,SAFE,0.4033,3.3777,5.2202
2020-03-04,-0.67,DRAIN,-2.0,INJECTION,250.0,CRISIS,1.2387,21308.0,4528.341,-2.4639,-0.13,SAFE,2.9743,7.743,5.5389
2020-03-11,-0.67,DRAIN,-0.49,DRAIN,250.0,CRISIS,1.203,21462.0,-8886.358,-0.4902,-0.24,SAFE,4.7687,1.8425,1.1869
2020-03-18,0.0,NEUTRAL,0.11,NEUTRAL,1979.0,CRISIS,4.5833,22015.0,-3590.736,0.1103,3.62,STRESS,-2.9262,-2.2042,-3.2107
2020-03-25,0.0,NEUTRAL,-0.01,NEUTRAL,20619.0,CRISIS,20.8096,29520.0,-4520.985,-0.0061,0.83,STRESS,0.722,-0.6557,0.0923
2020-04-01,0.0,NEUTRAL,1.52,INJECTION,85373.0,SAFE,52.2139,26014.0,15211.846,1.5191,-4.99,SAFE,-1.3777,-1.0065,-0.8001
2020-04-08,0.0,NEUTRAL,0.2,INJECTION,134138.0,SAFE,25.8487,36700.0,5160.486,0.1989,-11.08,SAFE,0.3711,0.748,-0.3653
2020-04-15,0.0,NEUTRAL,1.96,DRAIN,169280.0,SAFE,14.9191,46240.0,-11704.672,1.9619,-3.0,SAFE,-0.4187,-1.5126,-0.2269
2020-04-22,0.0,NEUTRAL,0.74,NEUTRAL,197251.0,SAFE,9.9754,46929.0,1414.772,0.7407,-4.83,SAFE,-1.0939,-0.3419,-0.3419
2020-04-29,-0.17,NEUTRAL,0.61,NEUTRAL,210264.0,SAFE,4.5794,69010.0,-12839.295,0.6087,-5.91,SAFE,0.752,1.2857,-0.8882
2020-05-06,-1.03,DRAIN,0.17,NEUTRAL,209028.0,SAFE,-0.3427,77550.0,3171.382,0.1699,-4.72,SAFE,0.5337,0.0,-4.2712
2020-05-13,-1.67,DRAIN,0.58,DRAIN,202116.0,SAFE,-1.8752,108186.0,-31048.64,0.5831,-6.26,SAFE,-0.5337,-2.1739,-3.569
2020-05-20,-0.15,NEUTRAL,0.84,NEUTRAL,216170.0,SAFE,4.7849,119255.0,-4761.458,0.8391,-4.73,SAFE,-1.2347,-3.1122,-2.5143
2020-05-27,-1.56,DRAIN,1.04,NEUTRAL,213615.0,SAFE,-0.6745,143049.0,-12965.436,1.0374,-0.63,SAFE,-1.8774,-1.5449,-0.8683
2020-06-03,0.0,NEUTRAL,-0.07,INJECTION,244106.0,SAFE,9.6955,127687.0,25196.817,-0.0736,-2.93,SAFE,0.3326,0.5979,0.4211
2020-06-10,-0.4,NEUTRAL,0.59,NEUTRAL,249213.0,SAFE,1.5864,140509.0,-14286.315,0.5931,-2.11,SAFE,0.2653,0.6765,0.3021
2020-06-17,-0.26,NEUTRAL,0.28,INJECTION,261176.0,SAFE,3.552,138700.0,8039.817,0.2775,-1.0,SAFE,0.4113,-0.1768,-0.1104
2020-06-24,-0.39,NEUTRAL,0.17,NEUTRAL,266891.0,SAFE,2.1343,143061.0,-75.934,0.1709,0.0,SAFE,-0.588,-0.3745,-1.6553
2020-07-01,-0.96,DRAIN,-0.09,NEUTRAL,269228.0,SAFE,0.8683,146573.0,1368.435,-0.0926,0.0,SAFE,-0.2284,-0.317,-1.14
2020-07-08,-1.98,DRAIN,0.39,DRAIN,243167.0,SAFE,-7.1468,174986.0,-35101.725,0.3916,0.0,SAFE,-0.0886,-1.2098,-1.3219
2020-07-15,-0.39,NEUTRAL,0.09,NEUTRAL,248759.0,SAFE,1.4506,180332.0,-2200.201,0.0896,0.0,SAFE,-1.1212,-0.823,-2.1872
2020-07-22,-0.28,NEUTRAL,0.14,INJECTION,259530.0,SAFE,3.1991,168843.0,11872.662,0.1364,0.0,SAFE,0.2982,-0.1121,-1.4062
2020-07-29,-0.25,NEUTRAL,0.87,INJECTION,272339.0,SAFE,3.6158,162466.0,9523.584,0.8747,-2.0,SAFE,-0.4103,-1.3642,-2.5257
2020-08-05,-0.3,NEUTRAL,-0.36,INJECTION,283142.0,SAFE,2.8533,146792.0,20791.331,-0.3616,-2.0,SAFE,-0.5658,-0.7324,-1.2796
2020-08-12,-0.88,DRAIN,-0.05,NEUTRAL,290068.0,SAFE,1.5588,139995.0,-1796.878,-0.0507,-2.0,SAFE,-0.1666,-0.668,-0.2348
2020-08-19,-0.87,DRAIN,0.38,INJECTION,297433.0,SAFE,1.84,133632.0,8166.602,0.3811,0.0,SAFE,-0.5014,-0.5472,-0.0682
2020-08-26,-0.88,DRAIN,-0.29,INJECTION,304777.0,SAFE,1.8337,125862.0,11874.439,-0.2905,-2.0,SAFE,-0.0457,0.4332,2.0133
2020-09-02,-0.24,NEUTRAL,-0.45,INJECTION,320542.0,SAFE,4.0078,103561.0,22847.882,-0.4531,0.0,SAFE,0.4789,0.4789,1.4149
2020-09-09,-0.97,DRAIN,-0.2,INJECTION,322149.0,SAFE,0.5255,98907.0,16038.437,-0.1987,-2.0,SAFE,0.2883,1.5979,0.4397
2020-09-16,-0.96,DRAIN,0.33,NEUTRAL,324926.0,SAFE,0.7398,100122.0,-4084.836,0.3321,0.0,STRESS,1.3096,0.6946,-0.0606
2020-09-23,-0.87,DRAIN,-0.15,NEUTRAL,333521.0,SAFE,1.9125,89499.0,12565.731,-0.1455,0.0,STRESS,-0.615,-1.1582,-1.7652
2020-09-30,-0.94,DRAIN,1.52,NEUTRAL,337195.0,SAFE,0.8412,81766.0,8288.534,1.5245,-4.0,SAFE,-0.5432,-0.7552,0.1954
2020-10-07,-1.89,DRAIN,-0.03,NEUTRAL,310717.0,SAFE,-5.7689,101183.0,-8523.971,-0.0321,0.0,CRISIS,-0.212,-0.607,-1.3786
2020-10-14,-1.71,DRAIN,0.07,DRAIN,297576.0,SAFE,-2.8653,113398.0,-26181.628,0.0662,-4.0,SAFE,-0.6674,0.8954,-0.6293
2020-10-21,-1.0,DRAIN,-0.52,NEUTRAL,297754.0,SAFE,-0.1142,115876.0,-10133.902,-0.5183,-3.0,SAFE,1.5628,-0.6948,-0.5417
2020-10-28,-0.98,DRAIN,0.09,NEUTRAL,298988.0,SAFE,0.357,117058.0,1740.009,0.0889,-2.0,SAFE,-2.2577,-1.5248,-2.7647
2020-11-04,-1.03,DRAIN,-1.84,NEUTRAL,297247.0,SAFE,-0.2747,112902.0,4185.311,-1.8379,-4.0,SAFE,0.7329,0.1531,-1.9341
2020-11-11,-0.9,DRAIN,0.32,NEUTRAL,303027.0,SAFE,1.5714,109781.0,-3604.499,0.3167,-6.0,SAFE,-0.3053,-0.8418,-3.0091
2020-11-18,0.01,NEUTRAL,-0.12,NEUTRAL,303667.0,SAFE,0.1313,117133.0,1930.687,-0.122,-3.0,SAFE,-0.5365,-1.5638,-2.8295
2020-11-25,1.07,INJECTION,-0.03,INJECTION,322198.0,SAFE,4.4364,96048.0,19145.73,-0.0253,-3.0,SAFE,-1.0273,-2.1673,-1.3773
2020-12-02,0.09,NEUTRAL,-1.44,NEUTRAL,326336.0,SAFE,1.0715,92396.0,5429.695,-1.4411,-3.0,SAFE,-1.14,-1.2657,-1.3523
2020-12-09,-0.72,DRAIN,-0.53,NEUTRAL,323582.0,SAFE,-0.5156,98504.0,-8548.724,-0.5254,-4.0,SAFE,-0.1257,0.79,0.0942
2020-12-16,0.07,NEUTRAL,0.59,NEUTRAL,327042.0,SAFE,0.9583,98147.0,-1247.088,0.5939,-5.0,SAFE,0.9158,-0.0865,0.1336
2020-12-23,1.0,INJECTION,-1.12,INJECTION,343468.0,SAFE,3.7036,80677.0,17973.949,-1.1199,-5.0,SAFE,-1.0023,-0.6958,-1.0416
2020-12-30,0.02,NEUTRAL,0.07,NEUTRAL,344435.0,SAFE,0.3977,82472.0,2438.901,0.0689,-5.0,SAFE,-0.2123,-0.0393,0.3763
2021-01-06,-0.77,DRAIN,-1.6,NEUTRAL,338963.0,SAFE,-1.3198,87103.0,-6426.249,-1.6029,-5.0,SAFE,-0.418,-0.6316,0.9477
2021-01-13,0.04,NEUTRAL,0.23,NEUTRAL,340861.0,SAFE,0.0794,92680.0,-12487.808,0.2274,-5.0,SAFE,-0.2136,1.2253,0.2526
2021-01-20,1.0,INJECTION,1.41,INJECTION,357676.0,SAFE,3.442,81917.0,11939.651,1.4105,-12.0,SAFE,1.4389,1.5793,-0.103
2021-01-27,0.07,NEUTRAL,1.26,NEUTRAL,361446.0,SAFE,0.7746,78053.0,9732.694,1.2591,-6.0,SAFE,0.1404,-0.9727,-0.9806
2021-02-03,0.11,NEUTRAL,-1.36,INJECTION,367154.0,SAFE,1.2334,69406.0,15300.173,-1.3551,-6.0,SAFE,-1.1131,-1.6823,-1.2551
2021-02-10,-1.01,DRAIN,-0.23,NEUTRAL,366595.0,SAFE,-0.1415,75172.0,-12370.53,-0.2259,-7.0,SAFE,-0.5692,-0.0079,-1.5331
2021-02-17,0.9,INJECTION,-0.2,NEUTRAL,379440.0,SAFE,2.7896,66038.0,10192.101,-0.2016,-5.0,SAFE,-1.3161,-0.4658,-1.8924
2021-02-24,0.85,INJECTION,1.15,NEUTRAL,389950.0,SAFE,2.0906,60239.0,2446.611,1.1495,-5.0,SAFE,0.8503,0.2471,0.6047
2021-03-03,0.07,NEUTRAL,-1.61,INJECTION,394126.0,SAFE,0.832,52790.0,13828.356,-1.6147,-9.0,SAFE,-0.6032,-1.4266,-0.5714
2021-03-10,-0.77,DRAIN,-0.26,DRAIN,387928.0,SAFE,-1.2227,63213.0,-20007.423,-0.2622,-7.0,SAFE,-0.8234,0.3576,-0.1354
2021-03-17,-0.92,DRAIN,-1.17,NEUTRAL,372983.0,SAFE,-2.945,66954.0,-3195.642,-1.1657,-9.0,SAFE,1.181,0.8552,0.3606
2021-03-24,-0.87,DRAIN,-1.2,NEUTRAL,361542.0,SAFE,-0.6817,63665.0,-102.559,-1.2041,-10.0,SAFE,-0.3258,-0.493,-0.9325
2021-03-31,-0.7,DRAIN,0.02,NEUTRAL,359611.0,SAFE,-1.9305,57532.0,816.556,0.0214,-11.0,SAFE,-0.1673,-0.4947,-2.2536
2021-04-07,-1.22,DRAIN,-0.02,NEUTRAL,329553.0,SAFE,-6.3155,59862.0,720.969,-0.02,-10.0,SAFE,-0.3903,-0.63,-3.0593
2021-04-14,-1.01,DRAIN,0.46,NEUTRAL,312391.0,SAFE,-3.987,53330.0,1592.709,0.4614,-10.0,SAFE,-0.2397,-1.9177,-3.0797
2021-04-21,-0.95,DRAIN,0.61,NEUTRAL,299130.0,SAFE,-2.9719,55712.0,817.436,0.6051,-8.0,SAFE,-1.678,-2.4293,-3.5006
2021-04-28,0.11,NEUTRAL,0.61,INJECTION,303928.0,SAFE,1.2361,43339.0,20547.46,0.6079,-9.0,SAFE,-0.7513,-1.1619,-1.6901
2021-05-05,-1.29,DRAIN,-1.74,DRAIN,275620.0,SAFE,-6.6979,56297.0,-10731.165,-1.7407,-8.0,SAFE,-0.4107,-1.0713,-0.9554
2021-05-12,-0.01,NEUTRAL,0.03,DRAIN,275024.0,SAFE,-0.1493,60293.0,-15329.442,0.0295,-7.0,SAFE,-0.6606,-0.5281,-0.0165
2021-05-19,-0.06,NEUTRAL,0.72,NEUTRAL,272618.0,SAFE,-0.5065,63990.0,-2738.448,0.7244,-7.0,SAFE,0.1325,0.1159,2.8505
2021-05-26,0.02,NEUTRAL,0.35,NEUTRAL,273572.0,SAFE,0.5155,59116.0,10056.921,0.347,-8.0,SAFE,0.2482,0.1738,1.9928
2021-06-02,0.92,INJECTION,-0.56,INJECTION,284155.0,SAFE,2.8613,44363.0,15135.264,-0.5624,-6.0,SAFE,-0.0744,1.9474,2.0446
2021-06-09,-0.12,NEUTRAL,0.43,NEUTRAL,278899.0,SAFE,-1.2336,49901.0,9317.215,0.4253,-8.0,SAFE,2.0218,1.819,3.1097
2021-06-16,-0.19,NEUTRAL,-0.4,NEUTRAL,270882.0,SAFE,-1.3085,58895.0,-6166.632,-0.4027,-8.0,SAFE,-0.2028,0.0972,2.0214
2021-06-23,-0.04,NEUTRAL,-2.0,NEUTRAL,269105.0,SAFE,-0.9513,59225.0,-1856.974,-2.0069,-6.0,SAFE,0.3,1.2908,2.0811
2021-06-30,0.12,NEUTRAL,-1.5,DRAIN,273813.0,SAFE,1.1773,62068.0,-10551.147,-1.497,-9.0,SAFE,0.9908,1.9242,0.8785
2021-07-07,-0.97,DRAIN,-0.15,DRAIN,261510.0,SAFE,-3.1148,74045.0,-12762.782,-0.1464,-8.0,SAFE,0.2549,0.2151,0.0797
2021-07-14,-0.07,NEUTRAL,1.23,DRAIN,258702.0,SAFE,-0.8212,81488.0,-15225.481,1.228,-5.0,SAFE,-0.0398,-0.9751,-0.4624
2021-07-21,1.01,INJECTION,1.02,INJECTION,271901.0,SAFE,3.4107,70411.0,15579.042,1.0216,-7.0,SAFE,-0.9354,-0.1354,2.2736
2021-07-28,-0.03,NEUTRAL,1.59,NEUTRAL,270591.0,SAFE,-0.2612,74338.0,5257.044,1.5871,-6.0,SAFE,0.8,0.5127,1.475
2021-08-04,-0.21,NEUTRAL,-1.13,NEUTRAL,262249.0,SAFE,-1.8072,73304.0,7514.838,-1.1255,-5.0,SAFE,0.1839,2.3331,0.6063
2021-08-11,-0.98,DRAIN,0.15,DRAIN,250039.0,SAFE,-3.2798,88108.0,-14440.095,0.1462,-5.0,SAFE,2.1493,1.0409,0.8827
2021-08-18,0.96,INJECTION,1.15,NEUTRAL,260909.0,SAFE,2.8897,79973.0,9121.652,1.148,-6.0,SAFE,-1.1084,-1.7268,-0.5566
2021-08-25,0.05,NEUTRAL,-0.59,NEUTRAL,262936.0,SAFE,0.5931,79473.0,5435.555,-0.5917,-5.0,SAFE,-0.6185,-0.1582,0.229
2021-09-01,1.01,INJECTION,2.0,INJECTION,276555.0,SAFE,3.7244,59679.0,19569.555,5.9409,-7.0,SAFE,0.4602,1.1703,0.0795
2021-09-08,-0.15,NEUTRAL,-0.08,NEUTRAL,270498.0,SAFE,-1.3872,67916.0,9066.958,-0.0759,-7.0,SAFE,0.1579,-0.0079,-1.3686
2021-09-15,0.07,NEUTRAL,-0.39,NEUTRAL,273485.0,SAFE,1.2712,64271.0,-1518.423,-0.3851,-7.0,SAFE,-0.1658,-0.1579,-2.3874
2021-09-22,0.85,INJECTION,-0.32,NEUTRAL,280906.0,SAFE,2.4437,56720.0,6106.38,-0.3224,-8.0,SAFE,0.0079,-1.3607,-2.1893
2021-09-29,0.11,NEUTRAL,-1.49,NEUTRAL,285388.0,SAFE,0.3488,60631.0,-1190.708,-1.4906,-6.0,SAFE,-1.3686,-2.2295,-2.2861
2021-10-06,-0.17,NEUTRAL,-0.94,NEUTRAL,278282.0,SAFE,-1.62,66631.0,-7213.694,-0.9411,-7.0,SAFE,-1.4356,-1.6135,-0.8477
2021-10-13,0.03,NEUTRAL,-0.08,DRAIN,279701.0,SAFE,0.4175,66407.0,-11604.333,-0.0776,-7.0,SAFE,-0.1699,-0.1861,1.5479
2021-10-20,0.04,NEUTRAL,1.39,NEUTRAL,281289.0,SAFE,0.4316,64621.0,2057.678,1.3904,-5.0,SAFE,-0.0162,0.7903,2.305
2021-10-27,0.03,NEUTRAL,0.9,NEUTRAL,282417.0,SAFE,0.1219,67683.0,1227.977,0.9012,-6.0,SAFE,0.8065,1.734,3.3602
2021-11-03,-0.12,NEUTRAL,-2.0,NEUTRAL,277515.0,SAFE,-1.083,63315.0,6664.62,-2.5942,-6.0,SAFE,0.9275,1.5147,2.8742
2021-11-10,0.02,NEUTRAL,0.36,DRAIN,278276.0,SAFE,-0.1447,62270.0,-11973.903,0.3621,-5.0,SAFE,0.5872,1.6262,1.1789
2021-11-17,-0.05,NEUTRAL,-0.13,NEUTRAL,276055.0,SAFE,-0.719,66228.0,-2767.229,-0.1293,-7.0,SAFE,0.3087,1.573,1.3151
2021-11-24,0.09,NEUTRAL,-0.62,NEUTRAL,279659.0,SAFE,0.8516,62796.0,4326.444,-0.6234,-11.0,SAFE,1.2643,0.3629,1.2721
2021-12-01,0.96,INJECTION,2.0,INJECTION,291849.0,SAFE,3.1656,47454.0,13796.001,2.0357,-12.0,SAFE,-0.9014,-0.2578,-0.8385
2021-12-08,-0.94,DRAIN,-0.04,NEUTRAL,280097.0,SAFE,-2.2553,56412.0,-1028.684,-0.0416,-17.0,SAFE,0.6436,0.9092,-0.7429
2021-12-15,-0.92,DRAIN,-1.58,NEUTRAL,269604.0,SAFE,-2.6839,66949.0,-9050.025,-1.5803,-18.0,SAFE,0.2656,-0.5806,-1.9992
2021-12-22,0.02,NEUTRAL,0.15,NEUTRAL,270412.0,SAFE,0.5159,65583.0,-9661.681,0.1487,-17.0,SAFE,-0.8463,-1.6521,-1.4699
2021-12-29,-0.02,NEUTRAL,-0.38,NEUTRAL,269739.0,SAFE,0.0639,65566.0,-2020.019,-0.3755,-13.0,SAFE,-0.8647,-1.8246,-0.0313
2022-01-05,-0.87,DRAIN,-0.86,NEUTRAL,261594.0,SAFE,-2.3565,74152.0,-8569.332,-0.8627,-13.0,SAFE,-2.0377,-2.1179,-0.4878
2022-01-12,-0.05,NEUTRAL,0.08,DRAIN,259530.0,SAFE,-0.8477,82516.0,-12426.819,0.0815,-7.0,SAFE,-0.0801,1.8099,1.5736
2022-01-19,0.0,NEUTRAL,1.91,NEUTRAL,259681.0,SAFE,-0.0571,84703.0,-2889.766,1.9051,-7.0,SAFE,1.89,1.6301,1.7562
2022-01-26,0.01,NEUTRAL,0.07,NEUTRAL,260146.0,SAFE,0.3219,82349.0,6678.257,0.0689,-9.0,SAFE,-0.2599,-0.2363,0.275
2022-02-02,0.86,INJECTION,-0.56,INJECTION,267749.0,SAFE,2.0433,65689.0,16289.131,-0.5645,-12.0,SAFE,0.0237,0.1261,0.5584
2022-02-09,-1.06,DRAIN,0.04,NEUTRAL,252125.0,SAFE,-4.3034,82301.0,-4055.814,0.0449,-7.0,SAFE,0.1025,0.5112,0.2992
2022-02-16,-0.05,NEUTRAL,1.05,NEUTRAL,250104.0,SAFE,-0.5118,85367.0,-2300.813,1.0497,-7.0,SAFE,0.4088,0.4323,-0.6163
2022-02-23,0.07,NEUTRAL,0.05,NEUTRAL,252884.0,SAFE,0.8402,82242.0,4617.874,0.0476,-6.0,SAFE,-1.3179,-0.4374,-2.262
2022-03-02,0.83,INJECTION,-1.85,NEUTRAL,259249.0,SAFE,2.1769,73555.0,4792.059,-1.8525,-8.0,SAFE,0.8805,-0.1027,-1.3355
2022-03-09,-1.33,DRAIN,0.36,NEUTRAL,228455.0,SAFE,-8.2957,91399.0,-9343.835,0.3562,-8.0,SAFE,-0.9832,-1.8246,-1.5142
2022-03-16,-0.12,NEUTRAL,-0.05,NEUTRAL,224455.0,SAFE,-1.0091,96331.0,-2823.92,-0.0501,-7.0,SAFE,-0.8414,-1.2328,-0.396
2022-03-23,-0.06,NEUTRAL,0.08,NEUTRAL,222425.0,SAFE,0.7529,95933.0,-1497.19,0.0806,-6.0,SAFE,-0.3914,0.3104,1.2437
2022-03-30,0.24,NEUTRAL,0.5,NEUTRAL,230402.0,SAFE,0.9572,93864.0,436.736,0.4995,-5.0,SAFE,0.7018,0.8368,2.3411
2022-04-06,-0.14,NEUTRAL,-0.11,NEUTRAL,225695.0,SAFE,-1.039,98342.0,-4012.251,-0.1065,-5.0,SAFE,0.135,0.9333,2.3405
2022-04-13,0.87,INJECTION,0.74,NEUTRAL,232740.0,SAFE,2.4845,88328.0,1511.312,0.7391,-5.0,SAFE,0.7983,1.5044,2.7551
2022-04-20,-0.12,NEUTRAL,0.21,NEUTRAL,228590.0,SAFE,-1.1987,89294.0,3376.299,0.2095,-8.0,SAFE,2.3662,2.3116,2.2102
2022-04-27,-0.89,DRAIN,1.64,NEUTRAL,220908.0,SAFE,-2.4355,91203.0,-1854.212,1.6399,-8.0,SAFE,-0.0546,1.6237,-0.7119
2022-05-04,-1.29,DRAIN,-2.0,NEUTRAL,200352.0,SAFE,-5.6786,101340.0,-5132.075,-3.4214,-4.0,SAFE,1.6782,-0.1014,-1.9134
2022-05-11,-0.04,NEUTRAL,-0.86,DRAIN,199048.0,SAFE,-0.2279,105037.0,-25692.646,-0.8582,-4.0,SAFE,-1.7797,-2.3355,-2.0298
2022-05-18,-0.19,NEUTRAL,0.69,NEUTRAL,193447.0,SAFE,-1.6859,103299.0,452.49,0.6862,-4.0,SAFE,-0.5558,-1.8119,1.749
2022-05-25,-0.14,NEUTRAL,0.11,NEUTRAL,189263.0,SAFE,-1.019,104725.0,2887.197,0.1104,-4.0,SAFE,-1.5361,-1.1637,1.4744
2022-06-01,1.07,INJECTION,2.0,INJECTION,200616.0,SAFE,3.5756,84584.0,15800.613,3.877,-4.0,SAFE,0.3724,2.5937,2.2683
2022-06-08,-1.12,DRAIN,-0.42,NEUTRAL,187006.0,SAFE,-4.2456,97356.0,2510.874,-0.4226,-4.0,SAFE,2.2213,2.6381,2.5302
2022-06-15,-0.23,NEUTRAL,-0.21,NEUTRAL,180464.0,SAFE,-1.6828,102680.0,-7197.1,-0.2067,-4.0,SAFE,0.4168,-0.3254,0.8473
2022-06-22,1.07,INJECTION,-0.2,NEUTRAL,191329.0,SAFE,3.3904,93852.0,6817.265,-0.1999,-4.0,SAFE,-0.7422,-0.1079,-0.8199
2022-06-29,0.17,NEUTRAL,-0.37,NEUTRAL,196218.0,SAFE,1.6156,93908.0,919.655,-0.3683,-4.0,SAFE,0.6343,1.1727,-0.4823
2022-07-06,-2.0,DRAIN,-2.0,DRAIN,174927.0,SAFE,-6.4278,111824.0,-19815.967,-2.0601,-4.0,SAFE,1.1637,-0.7032,-0.4012
2022-07-13,-0.1,NEUTRAL,0.03,DRAIN,172239.0,SAFE,-0.9645,115983.0,-19353.649,0.033,-4.0,SAFE,-1.8669,-2.3333,-2.7393
2022-07-20,1.02,INJECTION,1.73,NEUTRAL,181460.0,SAFE,2.9795,106959.0,8025.415,1.7332,-3.0,WATCH,-0.4664,0.302,0.7417
2022-07-27,0.01,NEUTRAL,1.58,NEUTRAL,181687.0,SAFE,0.1537,106136.0,5265.403,1.5782,-3.0,WATCH,0.7684,-0.406,1.1927
2022-08-03,0.18,NEUTRAL,-1.48,INJECTION,186496.0,SAFE,1.7158,88011.0,23044.463,-1.479,-2.0,STRESS,-0.7889,0.574,2.3983
2022-08-10,0.06,NEUTRAL,-0.21,INJECTION,188221.0,SAFE,0.3859,95692.0,9592.815,-0.2056,2.0,CRISIS,1.3629,1.4325,2.1872
2022-08-17,-0.03,NEUTRAL,0.09,NEUTRAL,187357.0,SAFE,-0.3495,98577.0,-2136.472,0.0872,0.0,CRISIS,0.0696,1.8242,2.724
2022-08-24,0.19,NEUTRAL,-0.13,NEUTRAL,192777.0,SAFE,1.7093,94141.0,8641.714,-0.1285,0.0,CRISIS,1.7546,0.7547,4.777
2022-08-31,-0.03,NEUTRAL,-0.9,NEUTRAL,191779.0,SAFE,-0.1898,95815.0,-1358.368,-0.8975,0.0,CRISIS,-1.0,0.8998,3.6981
2022-09-07,0.11,NEUTRAL,-0.34,INJECTION,195034.0,SAFE,1.1618,79338.0,15242.268,-0.3402,0.0,CRISIS,0.6384,2.7374,4.4439
2022-09-14,-1.03,DRAIN,-0.16,NEUTRAL,194014.0,SAFE,0.0522,79214.0,-8802.863,-0.1601,0.0,CRISIS,2.099,3.769,3.9366
2022-09-21,0.19,NEUTRAL,0.35,NEUTRAL,199655.0,SAFE,1.4183,74905.0,2238.875,0.3533,0.0,CRISIS,1.67,1.7064,1.7793
2022-09-28,0.09,NEUTRAL,-0.19,INJECTION,202396.0,SAFE,0.817,72018.0,11571.276,-0.187,0.0,CRISIS,0.0365,0.1677,-0.424
2022-10-05,-1.03,DRAIN,-1.29,DRAIN,191228.0,SAFE,-3.2931,86022.0,-11997.653,-1.2858,0.0,CRISIS,0.9937,-0.0437,-1.4834
2022-10-12,-0.18,NEUTRAL,0.12,DRAIN,186039.0,SAFE,-1.5697,92949.0,-17056.356,0.1198,0.0,CRISIS,-0.5593,-1.8938,-3.1492
2022-10-19,0.18,NEUTRAL,1.45,NEUTRAL,190948.0,SAFE,1.321,92122.0,1079.739,1.4471,0.0,CRISIS,-1.3345,0.1456,-2.5376
2022-10-26,-0.15,NEUTRAL,0.28,NEUTRAL,186536.0,SAFE,-1.5329,96009.0,-1157.542,0.2787,0.0,CRISIS,1.4801,-1.2554,-1.2628
2022-11-02,1.13,INJECTION,-1.05,INJECTION,199610.0,SAFE,4.0695,64223.0,30729.976,-1.053,1.0,CRISIS,-2.7355,-2.6831,-2.065
2022-11-09,-0.92,DRAIN,0.29,INJECTION,191879.0,SAFE,-2.4993,72341.0,20880.777,0.2882,1.0,CRISIS,0.0523,-0.0075,1.8662
2022-11-16,-0.02,NEUTRAL,0.33,NEUTRAL,191178.0,SAFE,-0.6403,75499.0,-4582.442,0.3267,1.0,CRISIS,-0.0899,0.6198,2.149
2022-11-23,1.06,INJECTION,0.0,NEUTRAL,202553.0,SAFE,3.3939,67692.0,8590.467,0.0028,1.0,CRISIS,0.7097,1.8128,2.3562
2022-11-30,0.08,NEUTRAL,-0.29,NEUTRAL,205015.0,SAFE,0.6697,62457.0,5114.165,-0.2899,1.0,CRISIS,1.1031,1.5292,1.6611
2022-12-07,-1.0,DRAIN,0.03,NEUTRAL,194879.0,SAFE,-3.0121,70856.0,-7913.26,0.0304,1.0,CRISIS,0.4261,0.5434,-1.1925
2022-12-14,-0.05,NEUTRAL,-0.23,NEUTRAL,193559.0,SAFE,-0.1246,71787.0,-693.285,-0.2312,2.0,CRISIS,0.1172,0.1319,-1.8498
2022-12-21,0.89,INJECTION,2.0,INJECTION,200131.0,SAFE,2.6464,61544.0,10487.21,2.448,2.0,CRISIS,0.0146,-1.7358,-2.1166
2022-12-28,-0.18,NEUTRAL,-0.98,NEUTRAL,194600.0,SAFE,-1.4429,65998.0,5465.408,-0.9841,2.0,CRISIS,-0.5251,-1.1201,-1.8087
2023-01-04,-0.11,NEUTRAL,-0.75,DRAIN,191313.0,SAFE,-1.3177,72983.0,-11438.309,-0.7495,2.0,CRISIS,-1.3808,-0.6806,-1.8753
2023-01-11,-0.93,DRAIN,-0.25,DRAIN,183739.0,SAFE,-3.2883,84329.0,-17477.338,-0.2533,0.0,CRISIS,0.7002,-0.217,0.3656
2023-01-18,-0.01,NEUTRAL,1.59,NEUTRAL,183424.0,SAFE,-0.248,85817.0,-5260.206,1.5878,0.0,CRISIS,-0.9172,-1.1948,-0.2453
2023-01-25,0.06,NEUTRAL,-0.36,NEUTRAL,184987.0,SAFE,0.0517,85591.0,5103.843,-0.3552,1.0,CRISIS,-0.2776,0.5826,2.0245
2023-02-01,1.33,INJECTION,2.0,INJECTION,206024.0,SAFE,6.8126,47768.0,36957.403,10.1747,1.0,CRISIS,0.8602,0.9495,2.2139
2023-02-08,-1.04,DRAIN,0.18,INJECTION,194593.0,SAFE,-3.7703,59775.0,20486.425,0.1787,1.0,CRISIS,0.0893,1.4419,2.7908
2023-02-15,-0.11,NEUTRAL,-0.31,NEUTRAL,191380.0,SAFE,-1.1245,64695.0,-3537.563,-0.3108,1.0,CRISIS,1.3525,1.2644,2.1714
2023-02-22,0.92,INJECTION,-0.29,NEUTRAL,198668.0,SAFE,2.5137,57119.0,5430.594,-0.2913,0.0,WATCH,0.4786,1.7631,0.8964
2023-03-01,1.04,INJECTION,2.0,INJECTION,209792.0,SAFE,3.3648,33867.0,25343.678,3.3031,0.0,WATCH,1.2845,0.9504,-0.5968
2023-03-08,-1.33,DRAIN,-0.03,NEUTRAL,185816.0,SAFE,-7.3815,60023.0,-5293.132,-0.025,0.0,WATCH,-0.3341,-0.8667,-2.2885
2023-03-15,-0.08,NEUTRAL,-0.61,NEUTRAL,183534.0,SAFE,-0.6763,62006.0,-2681.905,-0.6109,0.0,WATCH,-0.5326,-1.5471,-2.8188
2023-03-22,0.03,NEUTRAL,-0.75,NEUTRAL,184269.0,SAFE,0.2773,63462.0,-5655.543,-0.7517,0.0,WATCH,-1.0146,-1.4218,-0.9702
2023-03-29,0.12,NEUTRAL,0.73,NEUTRAL,187571.0,SAFE,0.7921,55954.0,4217.552,0.7331,0.0,STRESS,-0.4072,-1.2716,0.332
2023-04-05,1.07,INJECTION,-1.26,INJECTION,198787.0,SAFE,4.3253,43235.0,17070.893,-1.2619,0.0,STRESS,-0.8644,0.4516,-0.3791
2023-04-12,-0.1,NEUTRAL,0.9,NEUTRAL,195784.0,SAFE,-1.0002,43525.0,-5318.129,0.9032,0.0,STRESS,0.82,1.8761,0.8794
2023-04-19,-0.03,NEUTRAL,0.63,NEUTRAL,194930.0,SAFE,-0.3564,45563.0,-607.193,0.6291,0.0,STRESS,1.0561,0.7176,0.2299
2023-04-26,0.03,NEUTRAL,0.47,NEUTRAL,195796.0,SAFE,0.442,45979.0,3297.612,0.4683,0.0,STRESS,-0.3385,-0.9967,0.0808
2023-05-03,-1.12,DRAIN,-1.7,NEUTRAL,182370.0,SAFE,-4.1806,46893.0,105.843,-1.6971,0.0,STRESS,-0.6582,-0.4877,-0.9703
2023-05-10,0.02,NEUTRAL,-0.12,DRAIN,183044.0,SAFE,0.2425,42817.0,-15536.148,-0.1157,0.0,STRESS,0.1705,1.0775,-1.0143
2023-05-17,-0.12,NEUTRAL,-0.1,NEUTRAL,179620.0,SAFE,-1.1558,47430.0,-640.419,-0.0962,0.0,STRESS,0.907,-0.4826,-2.2624
2023-05-24,-0.0,NEUTRAL,0.3,NEUTRAL,179601.0,SAFE,0.2933,45747.0,2906.743,0.3023,0.0,STRESS,-1.0771,-2.0011,-3.4945
2023-05-31,-0.96,DRAIN,-0.23,DRAIN,171695.0,SAFE,-2.826,56142.0,-8390.28,-0.2256,0.0,STRESS,-0.924,-1.7207,-1.6981
2023-06-07,-0.96,DRAIN,0.08,NEUTRAL,164174.0,SAFE,-2.5742,53243.0,1327.677,0.0829,0.0,STRESS,-0.7967,-1.4934,-0.4878
2023-06-14,0.0,NEUTRAL,-0.02,NEUTRAL,164289.0,SAFE,0.0854,47664.0,4270.274,-0.024,0.0,STRESS,-0.6967,0.0226,-0.522
2023-06-21,1.0,INJECTION,0.38,NEUTRAL,172567.0,SAFE,2.8667,44030.0,1438.385,0.3821,0.0,STRESS,0.7193,1.0056,0.3944
2023-06-28,-0.11,NEUTRAL,0.75,NEUTRAL,169704.0,SAFE,-0.9912,43237.0,8764.829,0.7461,0.0,STRESS,0.2863,-0.5447,-0.1737
2023-07-05,0.17,NEUTRAL,-0.03,NEUTRAL,174015.0,SAFE,1.6914,40806.0,2584.758,-0.0269,0.0,STRESS,-1.6619,-1.3349,0.0225
2023-07-12,-1.23,DRAIN,-0.05,DRAIN,159438.0,SAFE,-5.0656,57722.0,-14768.652,-0.0488,0.0,STRESS,0.327,0.5545,2.3711
2023-07-19,1.21,INJECTION,1.37,NEUTRAL,172333.0,SAFE,4.3537,49088.0,8461.966,1.3709,0.0,STRESS,0.2275,1.3574,2.8517
2023-07-26,-0.19,NEUTRAL,-0.28,NEUTRAL,167498.0,SAFE,-1.4846,55120.0,-1024.209,-0.2784,0.0,STRESS,1.1299,1.8166,3.0218
2023-08-02,0.95,INJECTION,-0.82,INJECTION,174540.0,SAFE,2.568,32976.0,21040.716,-0.8215,0.0,STRESS,0.6867,1.4943,1.7007
2023-08-09,-1.28,DRAIN,0.53,NEUTRAL,158449.0,SAFE,-5.3394,49544.0,40.405,0.532,0.0,STRESS,0.854,1.1567,1.6494
2023-08-16,0.13,NEUTRAL,1.01,NEUTRAL,161497.0,SAFE,0.966,50270.0,-4468.562,1.0061,0.0,STRESS,0.3027,0.0517,0.0148
2023-08-23,-0.2,NEUTRAL,-0.03,NEUTRAL,156682.0,SAFE,-1.8948,57150.0,-5089.182,-0.0348,1.0,CRISIS,-0.251,0.4927,-0.7473
2023-08-30,0.05,NEUTRAL,0.6,NEUTRAL,157814.0,SAFE,0.725,55009.0,842.369,0.6032,1.0,CRISIS,0.7437,-0.037,-0.0813
2023-09-06,-0.93,DRAIN,-0.99,INJECTION,151599.0,SAFE,-2.3989,36003.0,21854.289,-0.9883,1.0,CRISIS,-1.1696,-1.3844,0.0658
2023-09-13,-0.23,NEUTRAL,-0.13,DRAIN,146482.0,SAFE,-1.3139,39789.0,-13998.524,-0.1333,0.0,WATCH,-0.2148,-0.1629,0.7666
2023-09-20,0.08,NEUTRAL,0.29,NEUTRAL,148212.0,SAFE,-0.022,41389.0,-3538.303,0.2907,0.0,WATCH,0.0519,1.4502,1.5233
2023-09-27,0.95,INJECTION,0.98,NEUTRAL,154477.0,SAFE,2.2199,34705.0,3804.261,0.9801,2.0,CRISIS,1.3983,0.9295,2.4886
2023-10-04,-1.02,DRAIN,-0.43,NEUTRAL,146290.0,SAFE,-2.6537,41437.0,-1431.532,-0.4314,0.0,WATCH,-0.5257,-0.2771,-0.3648
2023-10-11,-1.26,DRAIN,-0.14,DRAIN,133184.0,SAFE,-5.063,56027.0,-22595.809,-0.1441,2.0,CRISIS,0.4238,1.2226,0.9039
2023-10-18,0.09,NEUTRAL,0.39,NEUTRAL,135003.0,SAFE,0.5238,55491.0,-977.768,0.3919,4.0,CRISIS,0.7988,0.4583,0.051
2023-10-25,-0.03,NEUTRAL,-0.01,NEUTRAL,134382.0,SAFE,-0.4153,55965.0,799.997,-0.0117,4.0,CRISIS,-0.3405,-0.3188,-1.4719
2023-11-01,1.33,INJECTION,2.0,INJECTION,153542.0,SAFE,7.3453,38410.0,17772.359,3.0883,4.0,CRISIS,0.0218,-0.4073,-1.9865
2023-11-08,-1.33,DRAIN,0.03,NEUTRAL,137145.0,SAFE,-5.9309,52621.0,-5099.515,0.0254,4.0,CRISIS,-0.429,-1.1531,-1.4104
2023-11-15,-0.99,DRAIN,-0.02,DRAIN,130556.0,SAFE,-2.2959,57647.0,-8956.739,-0.0209,4.0,CRISIS,-0.3716,-1.2293,-2.4367
2023-11-22,1.02,INJECTION,0.07,NEUTRAL,137518.0,SAFE,2.4578,53258.0,2863.005,0.069,3.0,CRISIS,-0.8577,-0.7474,-2.8732
2023-11-29,1.07,INJECTION,-0.18,INJECTION,145816.0,SAFE,3.305,43404.0,12052.432,-0.1825,2.0,CRISIS,0.1104,-1.2074,-1.9779
2023-12-06,-1.33,DRAIN,-0.06,NEUTRAL,131194.0,SAFE,-5.3566,56703.0,-7798.392,-0.0572,2.0,CRISIS,-1.3178,-2.1258,-1.5266
2023-12-13,-0.25,NEUTRAL,-1.08,DRAIN,126307.0,SAFE,-1.6641,61132.0,-13683.515,-1.0815,3.0,CRISIS,-0.8081,-0.7705,0.4758
2023-12-20,-0.0,NEUTRAL,2.0,NEUTRAL,126291.0,SAFE,0.9779,57860.0,-2569.98,2.0044,4.0,CRISIS,0.0376,0.5992,1.2468
2023-12-27,-0.15,NEUTRAL,-1.03,NEUTRAL,123436.0,SAFE,-0.9993,59638.0,-447.555,-1.0349,3.0,CRISIS,1.0166,1.3159,1.7779
2024-01-03,-0.1,NEUTRAL,-1.26,DRAIN,121651.0,SAFE,-1.4378,68267.0,-10407.449,-1.2564,5.0,CRISIS,0.411,1.1244,0.3737
2024-01-10,-1.0,DRAIN,0.05,DRAIN,115655.0,SAFE,-3.0901,77193.0,-13682.334,0.0466,3.0,CRISIS,0.7134,0.6467,0.4316
2024-01-17,-1.03,DRAIN,0.13,NEUTRAL,109406.0,SAFE,-2.8264,82604.0,-5675.26,0.1299,5.0,CRISIS,-0.0667,-0.7507,-0.0889
2024-01-24,-0.02,NEUTRAL,0.08,NEUTRAL,109034.0,SAFE,-0.7642,80111.0,6289.404,0.0783,5.0,CRISIS,-0.684,-0.2151,-0.0148
2024-01-31,0.13,NEUTRAL,-0.1,NEUTRAL,111184.0,SAFE,1.0508,82919.0,-2684.657,-0.0958,7.0,CRISIS,0.4689,0.6618,1.1866
2024-02-07,-0.06,NEUTRAL,0.26,INJECTION,110109.0,SAFE,-1.3969,76414.0,7620.912,0.2611,4.0,CRISIS,0.1929,0.2003,0.0297
2024-02-14,-0.12,NEUTRAL,0.22,NEUTRAL,108191.0,SAFE,-0.9029,78977.0,-2325.488,0.2241,4.0,CRISIS,0.0074,0.5248,0.296
2024-02-21,1.33,INJECTION,0.18,INJECTION,137784.0,SAFE,12.8894,50636.0,24702.861,0.1761,3.0,CRISIS,0.5616,-0.1483,0.2295
2024-02-28,0.17,NEUTRAL,0.18,NEUTRAL,141354.0,SAFE,1.3422,47794.0,5645.497,0.1829,0.0,SAFE,-0.71,-0.4283,-0.1475
2024-03-06,-1.33,DRAIN,-0.16,DRAIN,104418.0,SAFE,-14.278,77165.0,-19673.189,-0.1614,1.0,WATCH,0.2816,0.3778,0.9161
2024-03-13,-0.03,NEUTRAL,-0.03,DRAIN,103895.0,SAFE,0.0148,77606.0,-22074.273,-0.0252,1.0,WATCH,0.0962,0.2808,1.8624
2024-03-20,0.72,INJECTION,0.71,NEUTRAL,104722.0,SAFE,2.6745,72515.0,1330.024,0.7104,1.0,WATCH,0.1847,0.5383,1.6354
2024-03-27,1.33,INJECTION,0.32,INJECTION,131107.0,SAFE,8.8786,52954.0,24586.633,0.3221,2.0,WATCH,0.3536,1.5815,0.8671
2024-04-03,-0.22,NEUTRAL,-0.58,INJECTION,126859.0,SAFE,-1.5707,32206.0,39884.709,-0.5823,2.0,WATCH,1.3826,1.9071,1.4264
2024-04-10,0.05,NEUTRAL,-0.12,NEUTRAL,127840.0,SAFE,-0.0402,33102.0,-2259.386,-0.1186,0.0,WATCH,0.5245,-0.0219,0.0
2024-04-17,0.15,NEUTRAL,0.14,NEUTRAL,130746.0,SAFE,1.1544,30576.0,6209.663,0.1425,2.0,WATCH,-0.5464,-0.4807,-1.0517
2024-04-24,0.09,NEUTRAL,-0.42,INJECTION,132583.0,SAFE,0.9024,29897.0,10190.35,-0.4152,0.0,WATCH,0.0657,0.0219,-0.117
2024-05-01,-0.22,NEUTRAL,1.38,NEUTRAL,128296.0,SAFE,-1.3919,32490.0,-3430.0,1.3763,1.0,WATCH,-0.0438,-0.5711,-0.4463
2024-05-08,-1.33,DRAIN,0.16,DRAIN,109751.0,SAFE,-7.5241,50433.0,-15085.454,0.1554,1.0,WATCH,-0.5272,-0.1389,0.35
2024-05-15,-0.1,NEUTRAL,-0.38,NEUTRAL,108145.0,SAFE,-0.5142,52313.0,-965.222,-0.3833,1.0,WATCH,0.3884,0.1247,0.9572
2024-05-22,1.33,INJECTION,0.17,INJECTION,120709.0,SAFE,5.9731,37099.0,12758.071,0.1724,1.0,WATCH,-0.1753,-0.1168,-0.0292
2024-05-29,-0.95,DRAIN,0.74,NEUTRAL,115650.0,SAFE,-2.1585,42781.0,629.977,0.7363,2.0,WATCH,0.0585,0.4959,0.0877
2024-06-05,-1.33,DRAIN,-2.0,DRAIN,99903.0,SAFE,-6.6129,48517.0,-18821.191,-5.6065,3.0,STRESS,0.4374,0.0876,-0.388
2024-06-12,0.21,NEUTRAL,-0.48,DRAIN,102983.0,SAFE,1.2762,45259.0,-20686.923,-0.4849,3.0,STRESS,-0.3498,-0.4082,-0.8621
2024-06-19,-1.19,DRAIN,-2.0,DRAIN,94850.0,SAFE,-2.2753,54178.0,-27042.161,-2.5509,3.0,STRESS,-0.0584,-0.4757,0.2115
2024-06-26,1.33,INJECTION,0.83,INJECTION,130245.0,SAFE,15.339,17431.0,16114.823,0.8334,3.0,STRESS,-0.4172,-0.4539,1.0175
2024-07-03,-1.33,DRAIN,-2.0,DRAIN,99706.0,SAFE,-12.3639,47462.0,-14557.145,-2.5083,5.0,CRISIS,0.0808,0.6079,1.6971
2024-07-10,1.33,INJECTION,0.16,NEUTRAL,113641.0,SAFE,5.9704,35273.0,-6047.377,0.159,5.0,CRISIS,0.5271,1.4212,0.7896
2024-07-17,-1.16,DRAIN,-2.0,DRAIN,105241.0,SAFE,-3.7209,52454.0,-20199.671,-2.0273,5.0,CRISIS,0.8941,1.0893,0.0803
2024-07-24,1.33,INJECTION,0.1,INJECTION,132454.0,SAFE,12.2292,31430.0,9637.946,0.1033,3.0,WATCH,0.1952,-0.6316,-2.1209
2024-07-31,-1.33,DRAIN,-2.0,DRAIN,105604.0,SAFE,-10.5538,58315.0,-29296.596,-2.5759,3.0,WATCH,-0.8268,-1.009,-2.5974
2024-08-07,1.33,INJECTION,-0.05,NEUTRAL,121768.0,SAFE,7.5649,39198.0,-5482.343,-0.0508,3.0,WATCH,-0.2039,-1.0313,-1.4512
2024-08-14,-1.33,DRAIN,-1.92,DRAIN,96549.0,SAFE,-10.6717,65704.0,-42797.106,-1.9163,3.0,WATCH,-0.8273,-1.7728,-0.945
2024-08-21,1.33,INJECTION,0.12,INJECTION,122953.0,SAFE,12.1064,36134.0,9279.354,0.1187,2.0,WATCH,-0.9455,-0.4199,-0.2724
2024-08-28,-1.33,DRAIN,-1.61,DRAIN,101987.0,SAFE,-8.3447,60433.0,-22468.521,-1.6069,3.0,WATCH,0.5256,0.8278,0.1854
2024-09-04,1.33,INJECTION,-0.23,INJECTION,126623.0,SAFE,11.3169,26307.0,8723.223,-0.2287,4.0,STRESS,0.5682,0.3619,0.4651
2024-09-11,-1.33,DRAIN,-2.0,DRAIN,107786.0,SAFE,-7.7817,51901.0,-20148.555,-2.0766,5.0,CRISIS,-0.2062,-0.8646,1.2431
2024-09-18,1.33,INJECTION,0.39,NEUTRAL,121839.0,SAFE,7.0391,31057.0,-757.735,0.3933,4.0,CRISIS,-0.6584,0.1032,1.9856
2024-09-25,-1.33,DRAIN,-1.43,DRAIN,102218.0,SAFE,-8.4278,51060.0,-14141.808,-1.4258,5.0,CRISIS,0.7615,2.1077,3.0767
2024-10-02,1.33,INJECTION,-0.29,INJECTION,124092.0,SAFE,9.5451,27417.0,9841.178,-0.2932,5.0,CRISIS,1.5681,1.9165,2.854
2024-10-09,-1.33,DRAIN,-1.82,DRAIN,107735.0,SAFE,-6.7684,48283.0,-26316.019,-1.819,8.0,CRISIS,0.3484,0.8543,1.1494
2024-10-16,1.33,INJECTION,0.4,INJECTION,127233.0,SAFE,8.5865,25917.0,10999.566,0.4043,5.0,CRISIS,0.4053,0.9168,2.0813
2024-10-23,-1.33,DRAIN,-2.0,DRAIN,97552.0,SAFE,-12.1939,54832.0,-15308.961,-2.1005,7.0,CRISIS,0.5115,0.1516,0.9632
2024-10-30,1.33,INJECTION,0.15,NEUTRAL,133478.0,SAFE,16.5453,25992.0,-465.531,0.1498,6.0,CRISIS,-0.3599,1.1645,0.6732
2024-11-06,-1.33,DRAIN,-2.0,DRAIN,106350.0,SAFE,-10.5339,51857.0,-21937.502,-2.3223,6.0,CRISIS,1.5245,0.8116,1.9285
2024-11-13,1.33,INJECTION,0.12,NEUTRAL,125581.0,SAFE,8.4711,28103.0,-8858.67,0.121,5.0,CRISIS,-0.4788,-0.1213,1.1412
2024-11-20,-1.33,DRAIN,-1.57,DRAIN,105699.0,SAFE,-8.1797,47731.0,-20492.114,-1.5741,4.0,CRISIS,0.3575,0.5572,2.8947
2024-11-27,1.33,INJECTION,0.34,INJECTION,122777.0,SAFE,7.7963,26736.0,8278.325,0.3406,3.0,WATCH,0.1997,1.2625,2.5997
2024-12-04,-1.33,DRAIN,-2.0,DRAIN,99003.0,SAFE,-9.6174,52378.0,-24176.186,-2.4679,4.0,STRESS,1.0629,2.3375,2.1285
2024-12-11,0.99,INJECTION,-0.16,DRAIN,103789.0,SAFE,2.3086,44402.0,-20794.371,-0.1643,3.0,STRESS,1.2746,1.3372,1.2816
2024-12-18,1.33,INJECTION,0.71,INJECTION,133653.0,SAFE,13.8121,24131.0,12837.607,0.7069,8.0,CRISIS,0.0626,-0.209,-0.0278
2024-12-25,-0.11,NEUTRAL,-0.05,INJECTION,131380.0,SAFE,-0.2746,23967.0,26671.283,-0.0509,4.0,WATCH,-0.4728,-0.0347,-0.2431
2025-01-01,-1.02,DRAIN,-0.06,NEUTRAL,124419.0,SAFE,-3.149,28551.0,2079.863,-0.0633,7.0,CRISIS,-0.1597,-0.2083,-0.0277
2025-01-08,-1.15,DRAIN,-0.13,NEUTRAL,115373.0,SAFE,-4.1324,33470.0,-5210.932,-0.1324,3.0,SAFE,-0.0486,-0.1669,-0.5084
2025-01-15,1.33,INJECTION,0.35,NEUTRAL,130782.0,SAFE,5.7694,35038.0,-7749.221,0.3462,5.0,STRESS,-0.1182,0.1805,-1.0199
2025-01-22,-1.16,DRAIN,-1.37,NEUTRAL,121019.0,SAFE,-3.7871,37626.0,3903.444,-1.3659,4.0,STRESS,0.2988,-0.3415,-1.1477
2025-01-29,-1.33,DRAIN,-2.0,DRAIN,102690.0,SAFE,-7.5987,62180.0,-28917.713,-4.5022,5.0,STRESS,-0.6403,-1.2005,0.1664
2025-02-05,0.87,INJECTION,-1.55,NEUTRAL,105867.0,SAFE,2.0555,29151.0,4950.536,-1.5517,8.0,CRISIS,-0.5601,-0.8062,0.3415
2025-02-12,0.37,NEUTRAL,1.29,DRAIN,111724.0,SAFE,1.7977,25093.0,-19525.362,1.2938,6.0,CRISIS,-0.2461,1.3668,1.0199
2025-02-19,-0.1,NEUTRAL,0.48,INJECTION,110109.0,SAFE,-0.7346,26858.0,12988.127,0.4757,5.0,CRISIS,1.6358,0.8492,1.1144
2025-02-26,-1.33,DRAIN,-2.0,DRAIN,87143.0,SAFE,-9.489,48852.0,-41066.059,-2.1342,4.0,WATCH,-0.7866,-0.0902,-0.7866
2025-03-05,1.33,INJECTION,-1.29,NEUTRAL,97564.0,SAFE,4.9122,26338.0,-6649.163,-1.2898,7.0,CRISIS,0.6964,0.2652,-1.6915
2025-03-12,1.33,INJECTION,-0.1,DRAIN,108405.0,SAFE,4.7036,24291.0,-25055.071,-0.1015,10.0,CRISIS,-0.4312,-0.6964,-2.7725
2025-03-19,-1.33,DRAIN,0.31,NEUTRAL,89354.0,SAFE,-7.0395,33984.0,459.361,0.312,6.0,CRISIS,-0.2652,-1.9567,-3.475
2025-03-26,-1.0,DRAIN,-2.0,DRAIN,68919.0,SAFE,-10.3216,58397.0,-16968.383,-2.2449,6.0,CRISIS,-1.6915,-2.0761,-3.1665
2025-04-02,1.33,INJECTION,0.12,INJECTION,101557.0,SAFE,16.7776,25665.0,22371.9,0.1241,8.0,CRISIS,-0.3846,-1.5183,-1.9305
2025-04-09,0.04,NEUTRAL,0.62,INJECTION,102176.0,SAFE,0.9653,23461.0,13015.084,0.6239,5.0,CRISIS,-1.1338,-1.0905,-0.6299
2025-04-16,-0.99,DRAIN,0.39,NEUTRAL,97245.0,SAFE,-2.1962,28493.0,2689.7,0.3905,6.0,CRISIS,0.0433,-0.4122,0.8766
2025-04-23,-1.33,DRAIN,-2.0,DRAIN,79554.0,SAFE,-7.906,47490.0,-16846.019,-2.8545,6.0,CRISIS,-0.2599,0.252,-0.8397
2025-04-30,1.33,INJECTION,-0.67,NEUTRAL,94150.0,SAFE,7.4319,32431.0,-9053.076,-0.6709,7.0,CRISIS,0.5118,1.0711,-0.5653
2025-05-07,-1.33,DRAIN,0.1,DRAIN,81168.0,SAFE,-5.5446,44854.0,-20365.743,0.0999,5.0,CRISIS,0.5593,-1.0917,-1.5727
2025-05-14,1.11,INJECTION,-0.11,NEUTRAL,86540.0,SAFE,2.4711,39813.0,2318.91,-0.1062,4.0,SAFE,-1.651,-1.6365,-2.8063
2025-05-21,-1.33,DRAIN,-2.0,DRAIN,71048.0,SAFE,-7.22,56154.0,-25235.905,-2.9836,7.0,CRISIS,-0.4625,-1.533,-1.0582
2025-05-28,1.33,INJECTION,0.66,NEUTRAL,87318.0,SAFE,8.7598,39003.0,747.144,0.6616,5.0,CRISIS,-1.0705,-1.4152,-1.2097
2025-06-04,0.29,NEUTRAL,-0.54,INJECTION,91161.0,SAFE,1.4556,29208.0,16266.292,-0.5371,6.0,CRISIS,-0.3447,0.4747,-0.3961
2025-06-11,-0.1,NEUTRAL,0.06,DRAIN,89803.0,SAFE,-0.8632,31137.0,-10390.0,0.058,5.0,CRISIS,0.8194,0.2055,0.5276
2025-06-18,-0.37,NEUTRAL,0.37,NEUTRAL,84835.0,SAFE,-1.2465,33476.0,-4877.504,0.3736,5.0,CRISIS,-0.6139,-0.8709,-0.0292
2025-06-25,1.02,INJECTION,-0.13,INJECTION,89381.0,SAFE,2.2165,28563.0,12771.678,-0.1313,5.0,CRISIS,-0.2569,0.3221,0.4681
2025-07-02,0.06,NEUTRAL,0.47,NEUTRAL,90158.0,SAFE,0.5761,27751.0,-1679.453,0.466,5.0,CRISIS,0.7924,1.3027,1.9622
2025-07-09,-1.33,DRAIN,0.69,DRAIN,77128.0,SAFE,-6.5722,42146.0,-19292.122,0.6874,5.0,CRISIS,0.5103,-0.3881,0.4957
2025-07-16,1.33,INJECTION,1.37,NEUTRAL,86234.0,SAFE,3.7225,35358.0,-5192.696,1.3681,6.0,CRISIS,-0.8984,0.6595,0.3846
2025-07-23,-1.33,DRAIN,0.27,NEUTRAL,71736.0,SAFE,-6.9747,50155.0,7605.596,0.2721,5.0,WATCH,1.5579,0.8838,1.6301
2025-07-30,1.33,INJECTION,0.45,NEUTRAL,79563.0,SAFE,4.1312,41193.0,-2837.763,0.4502,7.0,CRISIS,-0.674,-0.2749,-0.7395
2025-08-06,-1.25,DRAIN,0.21,NEUTRAL,72593.0,SAFE,-3.3956,48178.0,4252.435,0.2052,5.0,WATCH,0.3846,1.0416,0.5511
2025-08-13,1.27,INJECTION,0.46,DRAIN,79165.0,SAFE,3.0755,41556.0,-43969.768,0.4614,6.0,STRESS,0.657,-0.3628,0.3038
2025-08-20,0.18,NEUTRAL,0.98,NEUTRAL,81352.0,SAFE,0.9401,39640.0,8202.664,0.9766,6.0,STRESS,-1.0198,-0.4905,-0.7874
2025-08-27,1.33,INJECTION,0.92,NEUTRAL,91935.0,SAFE,5.5162,29355.0,8059.769,0.9239,6.0,STRESS,0.5293,0.6666,1.3359
2025-09-03,-1.33,DRAIN,-0.24,INJECTION,70707.0,SAFE,-9.0814,22839.0,40626.513,-0.2383,10.0,CRISIS,0.1084,-0.2317,0.8927
2025-09-10,0.16,NEUTRAL,0.27,INJECTION,72397.0,SAFE,0.5386,24677.0,34710.08,0.2723,11.0,CRISIS,-0.3401,0.5977,1.1205
2025-09-17,-0.19,NEUTRAL,-0.04,NEUTRAL,70309.0,SAFE,-0.4475,25602.0,-6635.12,-0.039,10.0,CRISIS,0.9378,1.1243,1.7174
2025-09-24,1.06,INJECTION,-0.01,INJECTION,74434.0,SAFE,2.1399,23178.0,12031.979,-0.0149,10.0,CRISIS,0.1865,0.5228,0.4871
2025-10-01,-0.1,NEUTRAL,0.98,INJECTION,73290.0,SAFE,-0.5814,24481.0,17157.238,0.985,11.0,CRISIS,0.2646,0.5143,0.3931
2025-10-08,1.15,INJECTION,-0.08,NEUTRAL,78653.0,SAFE,2.4488,23587.0,-9483.429,-0.0834,7.0,CRISIS,0.2497,0.1,0.449
2025-10-15,0.03,NEUTRAL,0.05,NEUTRAL,79022.0,SAFE,-0.038,23725.0,-8919.325,0.0479,8.0,CRISIS,-0.3923,-0.4352,-0.1639
2025-10-22,0.24,NEUTRAL,0.23,NEUTRAL,81924.0,SAFE,1.1693,23268.0,7949.919,0.2314,7.0,CRISIS,-0.0429,0.8752,0.7618
2025-10-29,-1.09,DRAIN,1.4,NEUTRAL,76661.0,SAFE,-2.4487,32420.0,2821.404,1.4041,7.0,CRISIS,0.9181,0.2713,-0.0572
2025-11-05,1.23,INJECTION,-1.29,NEUTRAL,83138.0,SAFE,3.3744,24213.0,5818.736,-1.2886,7.0,CRISIS,-0.6467,-0.1134,-1.8302
2025-11-12,-1.33,DRAIN,0.09,NEUTRAL,73794.0,SAFE,-4.2181,33627.0,-6898.543,0.0941,7.0,CRISIS,0.4413,0.1141,-1.7559
2025-11-19,0.35,NEUTRAL,2.0,NEUTRAL,77614.0,SAFE,1.5478,35072.0,6644.667,2.6199,5.0,WATCH,-0.3272,-0.9132,-2.1973
2025-11-26,1.12,INJECTION,2.0,INJECTION,82910.0,SAFE,2.7306,31073.0,17099.081,2.2464,4.0,SAFE,-0.586,-1.87,-2.511
2025-12-03,-1.3,DRAIN,0.28,INJECTION,75019.0,SAFE,-3.3934,34129.0,11881.055,0.2789,4.0,SAFE,-1.284,-1.284,-1.1752
2025-12-10,-1.0,DRAIN,-0.18,DRAIN,66940.0,SAFE,-3.8848,41041.0,-11452.32,-0.1811,5.0,WATCH,0.0,-0.6409,0.8098
2025-12-17,1.24,INJECTION,2.0,NEUTRAL,69317.0,SAFE,2.3472,36008.0,4381.432,1.9978,6.0,WATCH,-0.6409,0.1088,0.3985
2025-12-24,1.33,INJECTION,0.52,INJECTION,89469.0,SAFE,10.5811,31384.0,19541.669,0.5157,10.0,CRISIS,0.7498,1.4508,-0.4834
2025-12-31,-1.33,DRAIN,0.5,NEUTRAL,71758.0,SAFE,-8.3545,38845.0,7998.949,0.5048,10.0,CRISIS,1.1508,1.2731,-1.2821
2026-01-07,0.11,NEUTRAL,0.37,NEUTRAL,69393.0,SAFE,-1.5931,42117.0,-6027.886,0.3683,5.0,WATCH,0.2377,-0.4916,-1.3797
2026-01-14,0.16,NEUTRAL,2.0,NEUTRAL,71099.0,SAFE,0.2041,39444.0,-4470.876,2.057,5.0,WATCH,-0.7293,-2.8017,-2.138
2026-01-21,0.36,NEUTRAL,0.94,INJECTION,74895.0,SAFE,1.498,34023.0,13339.15,0.941,5.0,WATCH,-2.0723,-0.8881,-0.7931
2026-01-28,-1.09,DRAIN,2.0,NEUTRAL,70128.0,SAFE,-2.3894,35080.0,6780.012,3.5564,7.0,STRESS,1.1842,0.6637,0.9353
2026-02-04,0.06,NEUTRAL,-1.53,INJECTION,70709.0,SAFE,0.0467,34516.0,14622.524,-1.5265,9.0,STRESS,-0.5205,0.095,-0.4617
2026-02-11,-0.06,NEUTRAL,0.44,DRAIN,70040.0,SAFE,-0.3267,36141.0,-12435.417,0.4449,9.0,STRESS,0.6155,0.2716,0.8126
2026-02-18,-0.02,NEUTRAL,0.05,NEUTRAL,66321.0,SAFE,-1.2419,38639.0,-2579.712,0.0484,5.0,WATCH,-0.0584,-0.1388,0.2334
2026-02-25,1.26,INJECTION,0.86,DRAIN,72225.0,SAFE,3.2489,33682.0,-13061.452,0.8628,8.0,STRESS,-0.0804,-0.5201,1.1332
2026-03-04,0.29,NEUTRAL,-0.56,INJECTION,75382.0,SAFE,1.3772,24311.0,14995.98,-0.5633,8.0,STRESS,-0.4397,0.3722,1.7467
2026-03-11,-1.0,DRAIN,0.54,DRAIN,65938.0,SAFE,-4.4929,24685.0,-10348.229,0.5402,6.0,STRESS,0.8119,1.6533,1.516
2026-03-18,-0.9,DRAIN,0.5,NEUTRAL,60319.0,SAFE,-2.487,29554.0,-515.593,0.5005,9.0,STRESS,0.8414,1.3745,-0.4161
2026-03-25,1.33,INJECTION,-0.42,NEUTRAL,78678.0,SAFE,9.1151,24975.0,3574.3,-0.4177,13.0,CRISIS,0.5331,-0.1373,-1.2063
2026-04-01,0.04,NEUTRAL,2.0,INJECTION,79183.0,SAFE,-0.1473,27558.0,13320.812,2.1581,7.0,WATCH,-0.6704,-1.7906,-2.4879
2026-04-08,-1.0,DRAIN,-0.16,INJECTION,67580.0,SAFE,-5.1144,24127.0,10936.677,-0.1581,6.0,WATCH,-0.8064,-0.967,-1.3549
2026-04-15,-0.02,NEUTRAL,-0.54,NEUTRAL,74041.0,SAFE,3.5199,23806.0,-6752.016,-0.5373,13.0,CRISIS,-0.1606,-0.6293,0.1093
2026-04-22,-1.0,DRAIN,-1.2,NEUTRAL,61671.0,SAFE,-6.1158,22922.0,-4313.303,-1.2022,10.0,CRISIS,-0.4687,-0.388,0.8801
2026-04-29,1.33,INJECTION,-0.77,NEUTRAL,71499.0,SAFE,5.4434,28375.0,-6802.769,-0.7676,10.0,CRISIS,0.0807,0.7386,1.2691
2026-05-06,-1.0,DRAIN,-0.85,NEUTRAL,63916.0,SAFE,-3.6718,26012.0,-6682.553,-0.8484,8.0,CRISIS,0.6579,1.2681,2.0974
2026-05-13,1.45,INJECTION,0.02,DRAIN,68240.0,SAFE,2.5394,26729.0,-10720.199,0.0183,5.0,WATCH,0.6102,0.5305,1.8194
2026-05-20,-0.78,DRAIN,-0.2,NEUTRAL,63673.0,SAFE,-2.0426,29611.0,-1811.848,-0.1963,6.0,WATCH,0.1885,0.8165,2.4935
2026-05-27,0.0,NEUTRAL,2.0,INJECTION,70700.0,SAFE,4.0919,24741.0,11826.893,2.1021,5.0,WATCH,0.628,1.3237,2.8203
2026-06-03,-0.94,DRAIN,-1.4,NEUTRAL,64251.0,SAFE,-2.7771,23736.0,7459.581,-1.4047,8.0,STRESS,0.6956,1.677,2.1711
2026-06-10,0.15,NEUTRAL,0.12,NEUTRAL,62451.0,SAFE,-1.3515,23541.0,-7533.477,0.1193,5.0,WATCH,0.9814,1.4966,1.0875
2026-06-17,1.63,INJECTION,-0.0,NEUTRAL,68367.0,SAFE,4.0631,24340.0,-4034.414,-0.0044,9.0,STRESS,0.5153,0.4941,-0.8314
2026-06-24,-1.0,DRAIN,0.16,INJECTION,60189.0,SAFE,-3.7282,23804.0,13234.282,0.1612,10.0,CRISIS,-0.0211,-0.4092,-0.7845
2026-07-01,1.33,INJECTION,-0.53,NEUTRAL,72582.0,SAFE,6.3968,24891.0,220.984,-0.5346,14.0,CRISIS,-0.0847,-1.0135,-1.1846
2026-07-08,-0.94,DRAIN,0.51,DRAIN,65999.0,SAFE,-3.1842,24088.0,-12864.571,0.5118,8.0,WATCH,-0.9289,-0.6088,-1.6079
2026-07-15,1.33,INJECTION,0.0,NEUTRAL,75058.0,SAFE,4.4909,23018.0,54.318,0.0004,11.0,CRISIS,0.32,-0.1711,-1.1679
2026-07-22,-1.0,DRAIN,-1.47,NEUTRAL,65338.0,SAFE,-4.2366,24112.0,5442.511,-1.4718,8.0,WATCH,-0.4912,-0.9991,-2.3203
2026-07-29,0.39,NEUTRAL,0.76,NEUTRAL,65918.0,SAFE,0.5818,23573.0,-5708.781,0.7556,11.0,CRISIS,-0.5079,-0.9968,-0.9032
2026-08-05,1.25,INJECTION,-0.26,NEUTRAL,71638.0,SAFE,2.9361,23505.0,8368.895,-0.2574,11.0,CRISIS,-0.5723,-1.6761,-1.6471
2026-08-12,0.18,NEUTRAL,0.72,DRAIN,69948.0,SAFE,-1.0925,22804.0,-22979.401,0.7238,7.0,WATCH,-1.1038,-0.554,
2026-08-19,0.04,NEUTRAL,0.93,NEUTRAL,70393.0,SAFE,0.1915,24614.0,7357.295,0.9323,6.0,WATCH,0.5498,0.029,
2026-08-26,0.36,NEUTRAL,0.32,NEUTRAL,74154.0,SAFE,1.8739,22962.0,5781.642,0.3215,5.0,WATCH,-0.5208,,
2026-09-02,-1.0,DRAIN,2.0,INJECTION,64324.0,SAFE,-5.0347,24810.0,13084.266,3.112,10.0,STRESS,,,
