date,FXUSDCAD,IEXE0101,IEXE0102
2007-05-01,,1.1089,1.1105
2007-05-02,,1.1087,1.1087
2007-05-03,,1.1070,1.1066
2007-05-04,,1.1069,1.1075
2007-05-07,,1.1024,1.1018
2007-05-08,,1.1048,1.1047
2007-05-09,,1.1064,1.1055
2007-05-10,,1.1073,1.1112
2007-05-11,,1.1135,1.1122
2007-05-14,,1.1069,1.1070
2007-05-15,,1.0977,1.0988
2007-05-16,,1.1029,1.1039
2007-05-17,,1.0977,1.0987
2007-05-18,,1.0884,1.0895
2007-05-22,,1.0855,1.0860
2007-05-23,,1.0818,1.0821
2007-05-24,,1.0841,1.0847
2007-05-25,,1.0796,1.0794
2007-05-28,,1.0801,1.0803
2007-05-29,,1.0719,1.0735
2007-05-30,,1.0754,1.0739
2007-05-31,,1.0699,1.0696
2007-06-01,,1.0604,1.0613
2007-06-04,,1.0580,1.0584
2007-06-05,,1.0606,1.0630
2007-06-06,,1.0586,1.0580
2007-06-07,,1.0613,1.0636
2007-06-08,,1.0622,1.0602
2007-06-11,,1.0614,1.0606
2007-06-12,,1.0635,1.0668
2007-06-13,,1.0667,1.0665
2007-06-14,,1.0684,1.0687
2007-06-15,,1.0679,1.0683
2007-06-18,,1.0721,1.0716
2007-06-19,,1.0639,1.0631
2007-06-20,,1.0646,1.0670
2007-06-21,,1.0730,1.0747
2007-06-22,,1.0676,1.0696
2007-06-25,,1.0713,1.0706
2007-06-26,,1.0693,1.0696
2007-06-27,,1.0716,1.0702
2007-06-28,,1.0627,1.0594
2007-06-29,,1.0634,1.0654
2007-07-03,,1.0596,1.0605
2007-07-04,,1.0570,1.0586
2007-07-05,,1.0566,1.0567
2007-07-06,,1.0480,1.0490
2007-07-09,,1.0479,1.0496
2007-07-10,,1.0521,1.0515
2007-07-11,,1.0558,1.0538
2007-07-12,,1.0469,1.0455
2007-07-13,,1.0477,1.0485
2007-07-16,,1.0430,1.0428
2007-07-17,,1.0436,1.0434
2007-07-18,,1.0437,1.0446
2007-07-19,,1.0426,1.0437
2007-07-20,,1.0440,1.0485
2007-07-23,,1.0451,1.0470
2007-07-24,,1.0372,1.0378
2007-07-25,,1.0425,1.0407
2007-07-26,,1.0505,1.0536
2007-07-27,,1.0590,1.0618
2007-07-30,,1.0686,1.0684
2007-07-31,,1.0657,1.0668
2007-08-01,,1.0569,1.0575
2007-08-02,,1.0527,1.0534
2007-08-03,,1.0528,1.0545
2007-08-07,,1.0553,1.0535
2007-08-08,,1.0499,1.0487
2007-08-09,,1.0565,1.0565
2007-08-10,,1.0536,1.0535
2007-08-13,,1.0509,1.0532
2007-08-14,,1.0636,1.0667
2007-08-15,,1.0746,1.0778
2007-08-16,,1.0755,1.0753
2007-08-17,,1.0635,1.0614
2007-08-20,,1.0582,1.0541
2007-08-21,,1.0601,1.0636
2007-08-22,,1.0621,1.0636
2007-08-23,,1.0568,1.0553
2007-08-24,,1.0525,1.0520
2007-08-27,,1.0516,1.0543
2007-08-28,,1.0615,1.0651
2007-08-29,,1.0592,1.0605
2007-08-30,,1.0567,1.0586
2007-08-31,,1.0564,1.0562
2007-09-04,,1.0496,1.0494
2007-09-05,,1.0508,1.0535
2007-09-06,,1.0533,1.0525
2007-09-07,,1.0546,1.0545
2007-09-10,,1.0533,1.0525
2007-09-11,,1.0431,1.0418
2007-09-12,,1.0371,1.0361
2007-09-13,,1.0326,1.0327
2007-09-14,,1.0293,1.0305
2007-09-17,,1.0308,1.0280
2007-09-18,,1.0236,1.0138
2007-09-19,,1.0147,1.0152
2007-09-20,,1.0016,1.0013
2007-09-21,,1.0009,1.0009
2007-09-24,,1.0012,1.0017
2007-09-25,,1.0010,1.0036
2007-09-26,,1.0048,1.0042
2007-09-27,,1.0031,1.0014
2007-09-28,,0.9963,0.9948
2007-10-01,,0.9931,0.9914
2007-10-02,,1.0004,0.9976
2007-10-03,,0.9961,0.9984
2007-10-04,,0.9983,0.9974
2007-10-05,,0.9812,0.9818
2007-10-09,,0.9846,0.9825
2007-10-10,,0.9814,0.9802
2007-10-11,,0.9743,0.9763
2007-10-12,,0.9739,0.9731
2007-10-15,,0.9758,0.9764
2007-10-16,,0.9779,0.9800
2007-10-17,,0.9737,0.9756
2007-10-18,,0.9734,0.9737
2007-10-19,,0.9638,0.9657
2007-10-22,,0.9811,0.9804
2007-10-23,,0.9674,0.9661
2007-10-24,,0.9712,0.9691
2007-10-25,,0.9674,0.9659
2007-10-26,,0.9619,0.9622
2007-10-29,,0.9548,0.9527
2007-10-30,,0.9535,0.9531
2007-10-31,,0.9499,0.9447
2007-11-01,,0.9499,0.9513
2007-11-02,,0.9359,0.9342
2007-11-05,,0.9339,0.9330
2007-11-06,,0.9245,0.9215
2007-11-07,,0.9170,0.9281
2007-11-08,,0.9306,0.9360
2007-11-09,,0.9391,0.9428
2007-11-13,,0.9643,0.9591
2007-11-14,,0.9607,0.9664
2007-11-15,,0.9808,0.9851
2007-11-16,,0.9729,0.9738
2007-11-19,,0.9837,0.9847
2007-11-20,,0.9850,0.9807
2007-11-21,,0.9895,0.9877
2007-11-22,,0.9846,0.9845
2007-11-23,,0.9884,0.9896
2007-11-26,,0.9877,0.9912
2007-11-27,,0.9965,0.9950
2007-11-28,,0.9908,0.9861
2007-11-29,,0.9929,0.9972
2007-11-30,,1.0008,1.0000
2007-12-03,,1.0005,1.0002
2007-12-04,,1.0104,1.0124
2007-12-05,,1.0131,1.0153
2007-12-06,,1.0124,1.0092
2007-12-07,,1.0053,1.0051
2007-12-10,,1.0103,1.0059
2007-12-11,,1.0108,1.0144
2007-12-12,,1.0107,1.0132
2007-12-13,,1.0217,1.0201
2007-12-14,,1.0137,1.0170
2007-12-17,,1.0073,1.0057
2007-12-18,,1.0105,1.0055
2007-12-19,,1.0056,1.0033
2007-12-20,,0.9983,0.9999
2007-12-21,,0.9944,0.9927
2007-12-24,,0.9871,0.9850
2007-12-27,,0.9811,0.9826
2007-12-28,,0.9785,0.9805
2007-12-31,,0.9881,0.9913
2008-01-02,,0.9927,0.9928
2008-01-03,,0.9905,0.9909
2008-01-04,,0.9991,1.0013
2008-01-07,,1.0051,1.0056
2008-01-08,,0.9986,1.0044
2008-01-09,,1.0085,1.0098
2008-01-10,,1.0139,1.0074
2008-01-11,,1.0199,1.0197
2008-01-14,,1.0211,1.0181
2008-01-15,,1.0169,1.0166
2008-01-16,,1.0239,1.0246
2008-01-17,,1.0293,1.0298
2008-01-18,,1.0295,1.0274
2008-01-21,,1.0324,1.0329
2008-01-22,,1.0253,1.0281
2008-01-23,,1.0286,1.0236
2008-01-24,,1.0072,1.0061
2008-01-25,,1.0044,1.0070
2008-01-28,,1.0044,1.0044
2008-01-29,,0.9977,0.9995
2008-01-30,,0.9937,0.9932
2008-01-31,,1.0022,1.0038
2008-02-01,,0.9943,0.9940
2008-02-04,,0.9931,0.9933
2008-02-05,,1.0043,1.0072
2008-02-06,,1.0026,1.0061
2008-02-07,,1.0115,1.0108
2008-02-08,,0.9991,0.9998
2008-02-11,,1.0017,1.0015
2008-02-12,,0.9963,1.0010
2008-02-13,,0.9995,0.9970
2008-02-14,,0.9970,1.0002
2008-02-15,,1.0016,1.0075
2008-02-18,,1.0071,1.0077
2008-02-19,,1.0160,1.0171
2008-02-20,,1.0190,1.0130
2008-02-21,,1.0087,1.0113
2008-02-22,,1.0156,1.0120
2008-02-25,,0.9980,0.9952
2008-02-26,,0.9859,0.9824
2008-02-27,,0.9778,0.9807
2008-02-28,,0.9719,0.9765
2008-02-29,,0.9798,0.9844
2008-03-03,,0.9870,0.9883
2008-03-04,,0.9956,0.9951
2008-03-05,,0.9898,0.9859
2008-03-06,,0.9848,0.9870
2008-03-07,,0.9915,0.9896
2008-03-10,,0.9976,0.9967
2008-03-11,,0.9953,0.9933
2008-03-12,,0.9897,0.9902
2008-03-13,,0.9842,0.9856
2008-03-14,,0.9870,0.9862
2008-03-17,,0.9978,0.9993
2008-03-18,,0.9938,0.9932
2008-03-19,,1.0028,1.0153
2008-03-20,,1.0269,1.0234
2008-03-24,,1.0203,1.0179
2008-03-25,,1.0177,1.0173
2008-03-26,,1.0180,1.0188
2008-03-27,,1.0147,1.0184
2008-03-28,,1.0181,1.0215
2008-03-31,,1.0279,1.0265
2008-04-01,,1.0270,1.0217
2008-04-02,,1.0177,1.0136
2008-04-03,,1.0082,1.0044
2008-04-04,,1.0091,1.0093
2008-04-07,,1.0110,1.0133
2008-04-08,,1.0150,1.0140
2008-04-09,,1.0194,1.0190
2008-04-10,,1.0179,1.0188
2008-04-11,,1.0215,1.0234
2008-04-14,,1.0208,1.0196
2008-04-15,,1.0181,1.0191
2008-04-16,,1.0025,1.0014
2008-04-17,,1.0113,1.0122
2008-04-18,,1.0084,1.0049
2008-04-21,,1.0066,1.0060
2008-04-22,,1.0033,1.0080
2008-04-23,,1.0195,1.0173
2008-04-24,,1.0132,1.0142
2008-04-25,,1.0164,1.0163
2008-04-28,,1.0160,1.0127
2008-04-29,,1.0131,1.0119
2008-04-30,,1.0095,1.0072
2008-05-01,,1.0189,1.0193
2008-05-02,,1.0183,1.0193
2008-05-05,,1.0125,1.0135
2008-05-06,,1.0035,1.0029
2008-05-07,,1.0021,1.0070
2008-05-08,,1.0149,1.0171
2008-05-09,,1.0061,1.0056
2008-05-12,,1.0039,1.0044
2008-05-13,,1.0005,1.0028
2008-05-14,,1.0020,1.0043
2008-05-15,,0.9998,1.0000
2008-05-16,,0.9968,0.9998
2008-05-20,,0.9930,0.9918
2008-05-21,,0.9844,0.9841
2008-05-22,,0.9861,0.9859
2008-05-23,,0.9883,0.9882
2008-05-26,,0.9896,0.9920
2008-05-27,,0.9932,0.9933
2008-05-28,,0.9915,0.9899
2008-05-29,,0.9872,0.9891
2008-05-30,,0.9942,0.9930
2008-06-02,,1.0013,1.0012
2008-06-03,,1.0051,1.0086
2008-06-04,,1.0145,1.0183
2008-06-05,,1.0198,1.0178
2008-06-06,,1.0187,1.0193
2008-06-09,,1.0225,1.0216
2008-06-10,,1.0243,1.0224
2008-06-11,,1.0174,1.0200
2008-06-12,,1.0232,1.0232
2008-06-13,,1.0282,1.0292
2008-06-16,,1.0211,1.0225
2008-06-17,,1.0199,1.0171
2008-06-18,,1.0186,1.0181
2008-06-19,,1.0132,1.0152
2008-06-20,,1.0172,1.0170
2008-06-23,,1.0163,1.0158
2008-06-24,,1.0136,1.0115
2008-06-25,,1.0135,1.0107
2008-06-26,,1.0121,1.0131
2008-06-27,,1.0123,1.0106
2008-06-30,,1.0186,1.0197
2008-07-02,,1.0129,1.0134
2008-07-03,,1.0206,1.0188
2008-07-04,,1.0155,1.0200
2008-07-07,,1.0173,1.0189
2008-07-08,,1.0207,1.0191
2008-07-09,,1.0108,1.0111
2008-07-10,,1.0102,1.0091
2008-07-11,,1.0092,1.0094
2008-07-14,,1.0061,1.0052
2008-07-15,,1.0020,1.0023
2008-07-16,,1.0017,1.0022
2008-07-17,,1.0016,1.0068
2008-07-18,,1.0053,1.0057
2008-07-21,,1.0021,1.0014
2008-07-22,,1.0085,1.0084
2008-07-23,,1.0088,1.0103
2008-07-24,,1.0114,1.0133
2008-07-25,,1.0164,1.0196
2008-07-28,,1.0222,1.0230
2008-07-29,,1.0261,1.0238
2008-07-30,,1.0242,1.0228
2008-07-31,,1.0257,1.0240
2008-08-01,,1.0253,1.0271
2008-08-05,,1.0426,1.0419
2008-08-06,,1.0470,1.0477
2008-08-07,,1.0511,1.0530
2008-08-08,,1.0678,1.0674
2008-08-11,,1.0676,1.0693
2008-08-12,,1.0640,1.0628
2008-08-13,,1.0657,1.0625
2008-08-14,,1.0620,1.0633
2008-08-15,,1.0609,1.0590
2008-08-18,,1.0605,1.0643
2008-08-19,,1.0607,1.0610
2008-08-20,,1.0628,1.0612
2008-08-21,,1.0456,1.0440
2008-08-22,,1.0458,1.0486
2008-08-25,,1.0464,1.0509
2008-08-26,,1.0483,1.0484
2008-08-27,,1.0486,1.0468
2008-08-28,,1.0526,1.0519
2008-08-29,,1.0626,1.0620
2008-09-02,,1.0701,1.0686
2008-09-03,,1.0607,1.0610
2008-09-04,,1.0642,1.0695
2008-09-05,,1.0641,1.0633
2008-09-08,,1.0696,1.0647
2008-09-09,,1.0679,1.0706
2008-09-10,,1.0738,1.0697
2008-09-11,,1.0796,1.0765
2008-09-12,,1.0609,1.0611
2008-09-15,,1.0677,1.0679
2008-09-16,,1.0734,1.0695
2008-09-17,,1.0783,1.0688
2008-09-18,,1.0701,1.0618
2008-09-19,,1.0470,1.0500
2008-09-22,,1.0382,1.0334
2008-09-23,,1.0355,1.0363
2008-09-24,,1.0351,1.0367
2008-09-25,,1.0338,1.0343
2008-09-26,,1.0349,1.0328
2008-09-29,,1.0394,1.0439
2008-09-30,,1.0599,1.0642
2008-10-01,,1.0609,1.0620
2008-10-02,,1.0769,1.0799
2008-10-03,,1.0812,1.0815
2008-10-06,,1.1027,1.0992
2008-10-07,,1.1058,1.1073
2008-10-08,,1.1249,1.1229
2008-10-09,,1.1486,1.1458
2008-10-10,,1.1907,1.1808
2008-10-14,,1.1602,1.1616
2008-10-15,,1.1802,1.1879
2008-10-16,,1.1952,1.1816
2008-10-17,,1.1823,1.1869
2008-10-20,,1.1976,1.1937
2008-10-21,,1.2202,1.2137
2008-10-22,,1.2499,1.2547
2008-10-23,,1.2573,1.2557
2008-10-24,,1.2732,1.2729
2008-10-27,,1.2930,1.2889
2008-10-28,,1.2943,1.2827
2008-10-29,,1.2308,1.2250
2008-10-30,,1.2221,1.2180
2008-10-31,,1.2165,1.2045
2008-11-03,,1.1875,1.1809
2008-11-04,,1.1499,1.1511
2008-11-05,,1.1596,1.1680
2008-11-06,,1.1818,1.1916
2008-11-07,,1.1835,1.1880
2008-11-10,,1.1942,1.1965
2008-11-12,,1.2295,1.2374
2008-11-13,,1.2315,1.2115
2008-11-14,,1.2247,1.2255
2008-11-17,,1.2211,1.2232
2008-11-18,,1.2239,1.2299
2008-11-19,,1.2370,1.2526
2008-11-20,,1.2855,1.2935
2008-11-21,,1.2854,1.2772
2008-11-24,,1.2250,1.2345
2008-11-25,,1.2209,1.2250
2008-11-26,,1.2342,1.2302
2008-11-27,,1.2329,1.2311
2008-11-28,,1.2372,1.2370
2008-12-01,,1.2377,1.2451
2008-12-02,,1.2421,1.2510
2008-12-03,,1.2573,1.2535
2008-12-04,,1.2540,1.2781
2008-12-05,,1.2969,1.2709
2008-12-08,,1.2572,1.2540
2008-12-09,,1.2603,1.2646
2008-12-10,,1.2557,1.2596
2008-12-11,,1.2183,1.2337
2008-12-12,,1.2452,1.2512
2008-12-15,,1.2352,1.2317
2008-12-16,,1.2239,1.2018
2008-12-17,,1.2058,1.1967
2008-12-18,,1.1965,1.2065
2008-12-19,,1.2275,1.2230
2008-12-22,,1.2188,1.2190
2008-12-23,,1.2166,1.2146
2008-12-24,,1.2125,1.2092
2008-12-29,,1.2167,1.2184
2008-12-30,,1.2217,1.2210
2008-12-31,,1.2246,1.2180
2009-01-02,,1.2107,1.2156
2009-01-05,,1.1914,1.1900
2009-01-06,,1.1823,1.1828
2009-01-07,,1.1853,1.1971
2009-01-08,,1.1888,1.1785
2009-01-09,,1.1923,1.1908
2009-01-12,,1.2077,1.2154
2009-01-13,,1.2257,1.2248
2009-01-14,,1.2383,1.2483
2009-01-15,,1.2625,1.2515
2009-01-16,,1.2542,1.2480
2009-01-19,,1.2521,1.2547
2009-01-20,,1.2605,1.2676
2009-01-21,,1.2741,1.2558
2009-01-22,,1.2630,1.2537
2009-01-23,,1.2480,1.2312
2009-01-26,,1.2205,1.2241
2009-01-27,,1.2299,1.2263
2009-01-28,,1.2098,1.2152
2009-01-29,,1.2188,1.2233
2009-01-30,,1.2364,1.2265
2009-02-02,,1.2404,1.2436
2009-02-03,,1.2337,1.2301
2009-02-04,,1.2266,1.2320
2009-02-05,,1.2303,1.2310
2009-02-06,,1.2389,1.2255
2009-02-09,,1.2192,1.2164
2009-02-10,,1.2332,1.2462
2009-02-11,,1.2424,1.2428
2009-02-12,,1.2477,1.2448
2009-02-13,,1.2433,1.2341
2009-02-16,,1.2437,1.2438
2009-02-17,,1.2601,1.2637
2009-02-18,,1.2596,1.2581
2009-02-19,,1.2595,1.2593
2009-02-20,,1.2541,1.2493
2009-02-23,,1.2512,1.2513
2009-02-24,,1.2470,1.2433
2009-02-25,,1.2556,1.2546
2009-02-26,,1.2456,1.2532
2009-02-27,,1.2707,1.2723
2009-03-02,,1.2890,1.2914
2009-03-03,,1.2938,1.2911
2009-03-04,,1.2765,1.2754
2009-03-05,,1.2877,1.2884
2009-03-06,,1.2863,1.2865
2009-03-09,,1.3000,1.2991
2009-03-10,,1.2797,1.2852
2009-03-11,,1.2807,1.2862
2009-03-12,,1.2905,1.2791
2009-03-13,,1.2749,1.2725
2009-03-16,,1.2724,1.2735
2009-03-17,,1.2718,1.2688
2009-03-18,,1.2720,1.2463
2009-03-19,,1.2325,1.2377
2009-03-20,,1.2371,1.2395
2009-03-23,,1.2323,1.2225
2009-03-24,,1.2262,1.2318
2009-03-25,,1.2245,1.2285
2009-03-26,,1.2330,1.2289
2009-03-27,,1.2392,1.2374
2009-03-30,,1.2590,1.2618
2009-03-31,,1.2602,1.2613
2009-04-01,,1.2643,1.2610
2009-04-02,,1.2384,1.2409
2009-04-03,,1.2337,1.2304
2009-04-06,,1.2429,1.2385
2009-04-07,,1.2341,1.2378
2009-04-08,,1.2354,1.2373
2009-04-09,,1.2274,1.2252
2009-04-13,,1.2212,1.2193
2009-04-14,,1.2092,1.2140
2009-04-15,,1.2038,1.2032
2009-04-16,,1.2062,1.2096
2009-04-17,,1.2146,1.2150
2009-04-20,,1.2343,1.2385
2009-04-21,,1.2358,1.2363
2009-04-22,,1.2360,1.2400
2009-04-23,,1.2290,1.2238
2009-04-24,,1.2093,1.2097
2009-04-27,,1.2107,1.2195
2009-04-28,,1.2238,1.2205
2009-04-29,,1.2008,1.2030
2009-04-30,,1.1940,1.1930
2009-05-01,,1.1872,1.1859
2009-05-04,,1.1781,1.1735
2009-05-05,,1.1760,1.1761
2009-05-06,,1.1731,1.1658
2009-05-07,,1.1714,1.1725
2009-05-08,,1.1581,1.1497
2009-05-11,,1.1591,1.1658
2009-05-12,,1.1676,1.1620
2009-05-13,,1.1683,1.1759
2009-05-14,,1.1727,1.1710
2009-05-15,,1.1756,1.1791
2009-05-19,,1.1569,1.1563
2009-05-20,,1.1434,1.1404
2009-05-21,,1.1414,1.1380
2009-05-22,,1.1233,1.1203
2009-05-25,,1.1258,1.1235
2009-05-26,,1.1199,1.1178
2009-05-27,,1.1120,1.1195
2009-05-28,,1.1124,1.1148
2009-05-29,,1.0961,1.0917
2009-06-01,,1.0872,1.0910
2009-06-02,,1.0827,1.0810
2009-06-03,,1.0976,1.1084
2009-06-04,,1.0999,1.0968
2009-06-05,,1.1146,1.1190
2009-06-08,,1.1230,1.1168
2009-06-09,,1.1041,1.1032
2009-06-10,,1.1101,1.1080
2009-06-11,,1.0982,1.1032
2009-06-12,,1.1177,1.1179
2009-06-15,,1.1341,1.1324
2009-06-16,,1.1327,1.1346
2009-06-17,,1.1371,1.1310
2009-06-18,,1.1273,1.1333
2009-06-19,,1.1287,1.1351
2009-06-22,,1.1547,1.1526
2009-06-23,,1.1560,1.1500
2009-06-24,,1.1461,1.1525
2009-06-25,,1.1580,1.1562
2009-06-26,,1.1531,1.1542
2009-06-29,,1.1583,1.1567
2009-06-30,,1.1625,1.1630
2009-07-02,,1.1604,1.1623
2009-07-03,,1.1621,1.1617
2009-07-06,,1.1612,1.1591
2009-07-07,,1.1631,1.1661
2009-07-08,,1.1655,1.1676
2009-07-09,,1.1622,1.1623
2009-07-10,,1.1650,1.1647
2009-07-13,,1.1539,1.1518
2009-07-14,,1.1368,1.1360
2009-07-15,,1.1194,1.1143
2009-07-16,,1.1171,1.1172
2009-07-17,,1.1168,1.1161
2009-07-20,,1.1067,1.1068
2009-07-21,,1.1078,1.1071
2009-07-22,,1.0981,1.0985
2009-07-23,,1.0867,1.0865
2009-07-24,,1.0842,1.0829
2009-07-27,,1.0835,1.0811
2009-07-28,,1.0880,1.0831
2009-07-29,,1.0889,1.0907
2009-07-30,,1.0815,1.0842
2009-07-31,,1.0790,1.0775
2009-08-04,,1.0686,1.0745
2009-08-05,,1.0720,1.0701
2009-08-06,,1.0759,1.0767
2009-08-07,,1.0837,1.0823
2009-08-10,,1.0848,1.0887
2009-08-11,,1.0988,1.1015
2009-08-12,,1.0875,1.0884
2009-08-13,,1.0852,1.0890
2009-08-14,,1.0971,1.0998
2009-08-17,,1.1079,1.1072
2009-08-18,,1.1036,1.1018
2009-08-19,,1.0969,1.0956
2009-08-20,,1.0902,1.0873
2009-08-21,,1.0799,1.0819
2009-08-24,,1.0742,1.0770
2009-08-25,,1.0782,1.0858
2009-08-26,,1.0991,1.0978
2009-08-27,,1.0960,1.0856
2009-08-28,,1.0879,1.0919
2009-08-31,,1.0967,1.0950
2009-09-01,,1.1031,1.1041
2009-09-02,,1.1065,1.1048
2009-09-03,,1.1034,1.1033
2009-09-04,,1.0889,1.0867
2009-09-08,,1.0764,1.0794
2009-09-09,,1.0787,1.0810
2009-09-10,,1.0812,1.0783
2009-09-11,,1.0746,1.0786
2009-09-14,,1.0857,1.0835
2009-09-15,,1.0763,1.0714
2009-09-16,,1.0663,1.0649
2009-09-17,,1.0613,1.0668
2009-09-18,,1.0724,1.0697
2009-09-21,,1.0777,1.0775
2009-09-22,,1.0683,1.0691
2009-09-23,,1.0724,1.0751
2009-09-24,,1.0869,1.0890
2009-09-25,,1.0915,1.0917
2009-09-28,,1.0861,1.0875
2009-09-29,,1.0871,1.0855
2009-09-30,,1.0722,1.0707
2009-10-01,,1.0774,1.0845
2009-10-02,,1.0845,1.0825
2009-10-05,,1.0757,1.0701
2009-10-06,,1.0571,1.0596
2009-10-07,,1.0619,1.0624
2009-10-08,,1.0535,1.0522
2009-10-09,,1.0424,1.0444
2009-10-13,,1.0298,1.0365
2009-10-14,,1.0292,1.0259
2009-10-15,,1.0303,1.0345
2009-10-16,,1.0389,1.0382
2009-10-19,,1.0308,1.0293
2009-10-20,,1.0500,1.0508
2009-10-21,,1.0412,1.0460
2009-10-22,,1.0485,1.0478
2009-10-23,,1.0508,1.0519
2009-10-26,,1.0616,1.0670
2009-10-27,,1.0648,1.0661
2009-10-28,,1.0756,1.0785
2009-10-29,,1.0705,1.0670
2009-10-30,,1.0774,1.0819
2009-11-02,,1.0743,1.0778
2009-11-03,,1.0704,1.0682
2009-11-04,,1.0647,1.0638
2009-11-05,,1.0651,1.0658
2009-11-06,,1.0720,1.0753
2009-11-09,,1.0566,1.0574
2009-11-10,,1.0518,1.0501
2009-11-12,,1.0519,1.0561
2009-11-13,,1.0508,1.0505
2009-11-16,,1.0460,1.0471
2009-11-17,,1.0592,1.0511
2009-11-18,,1.0500,1.0545
2009-11-19,,1.0638,1.0635
2009-11-20,,1.0696,1.0699
2009-11-23,,1.0551,1.0558
2009-11-24,,1.0608,1.0580
2009-11-25,,1.0501,1.0455
2009-11-26,,1.0595,1.0605
2009-11-27,,1.0624,1.0615
2009-11-30,,1.0574,1.0556
2009-12-01,,1.0432,1.0467
2009-12-02,,1.0468,1.0502
2009-12-03,,1.0542,1.0547
2009-12-04,,1.0517,1.0579
2009-12-07,,1.0511,1.0529
2009-12-08,,1.0604,1.0639
2009-12-09,,1.0552,1.0545
2009-12-10,,1.0519,1.0504
2009-12-11,,1.0585,1.0599
2009-12-14,,1.0593,1.0593
2009-12-15,,1.0620,1.0614
2009-12-16,,1.0580,1.0605
2009-12-17,,1.0713,1.0703
2009-12-18,,1.0678,1.0660
2009-12-21,,1.0594,1.0614
2009-12-22,,1.0556,1.0579
2009-12-23,,1.0476,1.0484
2009-12-24,,1.0488,1.0499
2009-12-29,,1.0405,1.0438
2009-12-30,,1.0525,1.0553
2009-12-31,,1.0466,1.0510
2010-01-04,,1.0378,1.0414
2010-01-05,,1.0372,1.0390
2010-01-06,,1.0334,1.0325
2010-01-07,,1.0351,1.0350
2010-01-08,,1.0344,1.0309
2010-01-11,,1.0317,1.0335
2010-01-12,,1.0375,1.0393
2010-01-13,,1.0322,1.0306
2010-01-14,,1.0261,1.0234
2010-01-15,,1.0287,1.0294
2010-01-18,,1.0251,1.0265
2010-01-19,,1.0328,1.0307
2010-01-20,,1.0478,1.0470
2010-01-21,,1.0487,1.0514
2010-01-22,,1.0564,1.0581
2010-01-25,,1.0582,1.0581
2010-01-26,,1.0606,1.0625
2010-01-27,,1.0657,1.0647
2010-01-28,,1.0643,1.0662
2010-01-29,,1.0650,1.0693
2010-02-01,,1.0653,1.0624
2010-02-02,,1.0607,1.0581
2010-02-03,,1.0609,1.0624
2010-02-04,,1.0734,1.0727
2010-02-05,,1.0725,1.0700
2010-02-08,,1.0692,1.0745
2010-02-09,,1.0690,1.0679
2010-02-10,,1.0671,1.0630
2010-02-11,,1.0523,1.0512
2010-02-12,,1.0531,1.0517
2010-02-15,,1.0480,1.0490
2010-02-16,,1.0426,1.0435
2010-02-17,,1.0455,1.0452
2010-02-18,,1.0452,1.0414
2010-02-19,,1.0420,1.0405
2010-02-22,,1.0428,1.0426
2010-02-23,,1.0517,1.0566
2010-02-24,,1.0550,1.0540
2010-02-25,,1.0675,1.0593
2010-02-26,,1.0526,1.0525
2010-03-01,,1.0421,1.0416
2010-03-02,,1.0326,1.0365
2010-03-03,,1.0287,1.0320
2010-03-04,,1.0309,1.0306
2010-03-05,,1.0286,1.0305
2010-03-08,,1.0286,1.0276
2010-03-09,,1.0251,1.0264
2010-03-10,,1.0243,1.0259
2010-03-11,,1.0265,1.0243
2010-03-12,,1.0187,1.0183
2010-03-15,,1.0217,1.0197
2010-03-16,,1.0148,1.0140
2010-03-17,,1.0113,1.0103
2010-03-18,,1.0139,1.0137
2010-03-19,,1.0155,1.0164
2010-03-22,,1.0193,1.0188
2010-03-23,,1.0178,1.0161
2010-03-24,,1.0267,1.0253
2010-03-25,,1.0188,1.0248
2010-03-26,,1.0285,1.0267
2010-03-29,,1.0203,1.0207
2010-03-30,,1.0188,1.0195
2010-03-31,,1.0156,1.0158
2010-04-01,,1.0075,1.0084
2010-04-05,,1.0025,1.0028
2010-04-06,,1.0001,1.0012
2010-04-07,,1.0030,1.0051
2010-04-08,,1.0020,1.0028
2010-04-09,,1.0055,1.0040
2010-04-12,,1.0015,1.0033
2010-04-13,,1.0028,1.0019
2010-04-14,,0.9961,0.9992
2010-04-15,,1.0014,1.0033
2010-04-16,,1.0148,1.0132
2010-04-19,,1.0201,1.0148
2010-04-20,,0.9986,0.9988
2010-04-21,,0.9984,0.9992
2010-04-22,,1.0013,1.0000
2010-04-23,,1.0027,0.9991
2010-04-26,,1.0009,1.0014
2010-04-27,,1.0173,1.0176
2010-04-28,,1.0128,1.0088
2010-04-29,,1.0054,1.0054
2010-04-30,,1.0116,1.0158
2010-05-03,,1.0134,1.0106
2010-05-04,,1.0216,1.0250
2010-05-05,,1.0266,1.0297
2010-05-06,,1.0437,1.0523
2010-05-07,,1.0431,1.0438
2010-05-10,,1.0246,1.0243
2010-05-11,,1.0195,1.0218
2010-05-12,,1.0201,1.0198
2010-05-13,,1.0149,1.0205
2010-05-14,,1.0344,1.0317
2010-05-17,,1.0405,1.0337
2010-05-18,,1.0330,1.0370
2010-05-19,,1.0515,1.0442
2010-05-20,,1.0659,1.0678
2010-05-21,,1.0570,1.0593
2010-05-25,,1.0778,1.0700
2010-05-26,,1.0651,1.0686
2010-05-27,,1.0496,1.0500
2010-05-28,,1.0499,1.0520
2010-05-31,,1.0462,1.0435
2010-06-01,,1.0479,1.0540
2010-06-02,,1.0404,1.0384
2010-06-03,,1.0416,1.0412
2010-06-04,,1.0516,1.0607
2010-06-07,,1.0540,1.0602
2010-06-08,,1.0518,1.0485
2010-06-09,,1.0395,1.0443
2010-06-10,,1.0337,1.0312
2010-06-11,,1.0333,1.0338
2010-06-14,,1.0253,1.0325
2010-06-15,,1.0288,1.0251
2010-06-16,,1.0236,1.0254
2010-06-17,,1.0284,1.0270
2010-06-18,,1.0238,1.0212
2010-06-21,,1.0199,1.0244
2010-06-22,,1.0201,1.0291
2010-06-23,,1.0434,1.0384
2010-06-24,,1.0432,1.0437
2010-06-25,,1.0370,1.0359
2010-06-28,,1.0337,1.0358
2010-06-29,,1.0529,1.0553
2010-06-30,,1.0606,1.0646
2010-07-02,,1.0649,1.0624
2010-07-05,,1.0660,1.0650
2010-07-06,,1.0498,1.0557
2010-07-07,,1.0527,1.0478
2010-07-08,,1.0446,1.0440
2010-07-09,,1.0328,1.0337
2010-07-12,,1.0379,1.0375
2010-07-13,,1.0284,1.0337
2010-07-14,,1.0306,1.0341
2010-07-15,,1.0403,1.0388
2010-07-16,,1.0537,1.0546
2010-07-19,,1.0559,1.0549
2010-07-20,,1.0526,1.0448
2010-07-21,,1.0427,1.0477
2010-07-22,,1.0376,1.0393
2010-07-23,,1.0373,1.0361
2010-07-26,,1.0312,1.0324
2010-07-27,,1.0357,1.0362
2010-07-28,,1.0357,1.0385
2010-07-29,,1.0370,1.0362
2010-07-30,,1.0290,1.0283
2010-08-03,,1.0225,1.0239
2010-08-04,,1.0185,1.0176
2010-08-05,,1.0158,1.0166
2010-08-06,,1.0273,1.0279
2010-08-09,,1.0266,1.0267
2010-08-10,,1.0348,1.0323
2010-08-11,,1.0456,1.0453
2010-08-12,,1.0434,1.0428
2010-08-13,,1.0402,1.0415
2010-08-16,,1.0432,1.0446
2010-08-17,,1.0312,1.0329
2010-08-18,,1.0289,1.0287
2010-08-19,,1.0399,1.0392
2010-08-20,,1.0500,1.0488
2010-08-23,,1.0514,1.0523
2010-08-24,,1.0563,1.0603
2010-08-25,,1.0642,1.0608
2010-08-26,,1.0546,1.0567
2010-08-27,,1.0546,1.0524
2010-08-30,,1.0562,1.0605
2010-08-31,,1.0639,1.0665
2010-09-01,,1.0497,1.0520
2010-09-02,,1.0520,1.0535
2010-09-03,,1.0411,1.0393
2010-09-07,,1.0427,1.0480
2010-09-08,,1.0359,1.0374
2010-09-09,,1.0328,1.0337
2010-09-10,,1.0358,1.0351
2010-09-13,,1.0279,1.0273
2010-09-14,,1.0222,1.0277
2010-09-15,,1.0282,1.0264
2010-09-16,,1.0274,1.0266
2010-09-17,,1.0331,1.0314
2010-09-20,,1.0281,1.0293
2010-09-21,,1.0315,1.0268
2010-09-22,,1.0327,1.0298
2010-09-23,,1.0310,1.0340
2010-09-24,,1.0263,1.0256
2010-09-27,,1.0260,1.0283
2010-09-28,,1.0306,1.0302
2010-09-29,,1.0300,1.0340
2010-09-30,,1.0298,1.0290
2010-10-01,,1.0215,1.0205
2010-10-04,,1.0234,1.0220
2010-10-05,,1.0168,1.0173
2010-10-06,,1.0073,1.0107
2010-10-07,,1.0166,1.0185
2010-10-08,,1.0136,1.0113
2010-10-12,,1.0110,1.0106
2010-10-13,,1.0030,1.0048
2010-10-14,,1.0036,1.0060
2010-10-15,,1.0108,1.0118
2010-10-18,,1.0149,1.0141
2010-10-19,,1.0298,1.0319
2010-10-20,,1.0245,1.0222
2010-10-21,,1.0233,1.0263
2010-10-22,,1.0263,1.0269
2010-10-25,,1.0198,1.0203
2010-10-26,,1.0223,1.0242
2010-10-27,,1.0320,1.0287
2010-10-28,,1.0202,1.0215
2010-10-29,,1.0188,1.0202
2010-11-01,,1.0136,1.0161
2010-11-02,,1.0099,1.0095
2010-11-03,,1.0092,1.0068
2010-11-04,,1.0024,1.0024
2010-11-05,,1.0015,1.0004
2010-11-08,,1.0022,1.0037
2010-11-09,,1.0013,1.0074
2010-11-10,,1.0017,1.0000
2010-11-12,,1.0080,1.0091
2010-11-15,,1.0065,1.0089
2010-11-16,,1.0231,1.0222
2010-11-17,,1.0207,1.0243
2010-11-18,,1.0174,1.0215
2010-11-19,,1.0208,1.0180
2010-11-22,,1.0187,1.0175
2010-11-23,,1.0245,1.0231
2010-11-24,,1.0108,1.0111
2010-11-25,,1.0083,1.0097
2010-11-26,,1.0191,1.0200
2010-11-29,,1.0227,1.0186
2010-11-30,,1.0264,1.0266
2010-12-01,,1.0160,1.0170
2010-12-02,,1.0046,1.0039
2010-12-03,,1.0060,1.0033
2010-12-06,,1.0058,1.0053
2010-12-07,,1.0093,1.0114
2010-12-08,,1.0099,1.0108
2010-12-09,,1.0098,1.0105
2010-12-10,,1.0093,1.0094
2010-12-13,,1.0046,1.0077
2010-12-14,,1.0041,1.0065
2010-12-15,,1.0035,1.0040
2010-12-16,,1.0056,1.0059
2010-12-17,,1.0124,1.0128
2010-12-20,,1.0178,1.0164
2010-12-21,,1.0175,1.0175
2010-12-22,,1.0148,1.0142
2010-12-23,,1.0095,1.0089
2010-12-24,,1.0064,1.0064
2010-12-29,,1.0003,1.0006
2010-12-30,,1.0009,1.0000
2010-12-31,,0.9946,0.9946
2011-01-04,,0.9986,0.9985
2011-01-05,,0.9947,0.9964
2011-01-06,,0.9954,0.9969
2011-01-07,,0.9934,0.9918
2011-01-10,,0.9925,0.9932
2011-01-11,,0.9903,0.9897
2011-01-12,,0.9864,0.9869
2011-01-13,,0.9868,0.9892
2011-01-14,,0.9904,0.9894
2011-01-17,,0.9862,0.9872
2011-01-18,,0.9911,0.9929
2011-01-19,,0.9939,0.9955
2011-01-20,,1.0001,0.9971
2011-01-21,,0.9945,0.9954
2011-01-24,,0.9934,0.9946
2011-01-25,,0.9986,0.9976
2011-01-26,,0.9953,0.9953
2011-01-27,,0.9941,0.9932
2011-01-28,,0.9990,1.0011
2011-01-31,,1.0022,1.0015
2011-02-01,,0.9922,0.9909
2011-02-02,,0.9883,0.9882
2011-02-03,,0.9901,0.9910
2011-02-04,,0.9901,0.9884
2011-02-07,,0.9886,0.9902
2011-02-08,,0.9906,0.9946
2011-02-09,,0.9947,0.9939
2011-02-10,,0.9955,0.9958
2011-02-11,,0.9903,0.9868
2011-02-14,,0.9885,0.9885
2011-02-15,,0.9887,0.9897
2011-02-16,,0.9855,0.9849
2011-02-17,,0.9839,0.9849
2011-02-18,,0.9830,0.9860
2011-02-21,,0.9838,0.9838
2011-02-22,,0.9859,0.9909
2011-02-23,,0.9924,0.9886
2011-02-24,,0.9842,0.9832
2011-02-25,,0.9809,0.9787
2011-02-28,,0.9739,0.9714
2011-03-01,,0.9743,0.9749
2011-03-02,,0.9734,0.9724
2011-03-03,,0.9747,0.9722
2011-03-04,,0.9714,0.9717
2011-03-07,,0.9738,0.9729
2011-03-08,,0.9713,0.9714
2011-03-09,,0.9686,0.9687
2011-03-10,,0.9731,0.9756
2011-03-11,,0.9734,0.9711
2011-03-14,,0.9759,0.9726
2011-03-15,,0.9830,0.9840
2011-03-16,,0.9918,0.9918
2011-03-17,,0.9885,0.9863
2011-03-18,,0.9844,0.9861
2011-03-21,,0.9774,0.9797
2011-03-22,,0.9768,0.9799
2011-03-23,,0.9821,0.9807
2011-03-24,,0.9748,0.9762
2011-03-25,,0.9778,0.9817
2011-03-28,,0.9758,0.9766
2011-03-29,,0.9761,0.9747
2011-03-30,,0.9714,0.9713
2011-03-31,,0.9718,0.9696
2011-04-01,,0.9629,0.9644
2011-04-04,,0.9679,0.9675
2011-04-05,,0.9636,0.9639
2011-04-06,,0.9588,0.9604
2011-04-07,,0.9593,0.9585
2011-04-08,,0.9566,0.9574
2011-04-11,,0.9547,0.9565
2011-04-12,,0.9625,0.9631
2011-04-13,,0.9640,0.9624
2011-04-14,,0.9626,0.9598
2011-04-15,,0.9615,0.9601
2011-04-18,,0.9691,0.9642
2011-04-19,,0.9571,0.9565
2011-04-20,,0.9524,0.9533
2011-04-21,,0.9519,0.9537
2011-04-25,,0.9541,0.9546
2011-04-26,,0.9507,0.9518
2011-04-27,,0.9549,0.9504
2011-04-28,,0.9511,0.9510
2011-04-29,,0.9486,0.9464
2011-05-02,,0.9492,0.9508
2011-05-03,,0.9490,0.9526
2011-05-04,,0.9580,0.9585
2011-05-05,,0.9669,0.9682
2011-05-06,,0.9617,0.9670
2011-05-09,,0.9661,0.9636
2011-05-10,,0.9610,0.9577
2011-05-11,,0.9582,0.9611
2011-05-12,,0.9658,0.9623
2011-05-13,,0.9709,0.9687
2011-05-16,,0.9703,0.9742
2011-05-17,,0.9773,0.9726
2011-05-18,,0.9723,0.9706
2011-05-19,,0.9701,0.9682
2011-05-20,,0.9735,0.9730
2011-05-24,,0.9774,0.9761
2011-05-25,,0.9765,0.9779
2011-05-26,,0.9809,0.9787
2011-05-27,,0.9771,0.9773
2011-05-30,,0.9765,0.9771
2011-05-31,,0.9688,0.9686
2011-06-01,,0.9714,0.9757
2011-06-02,,0.9793,0.9756
2011-06-03,,0.9770,0.9783
2011-06-06,,0.9785,0.9808
2011-06-07,,0.9745,0.9755
2011-06-08,,0.9780,0.9797
2011-06-09,,0.9732,0.9731
2011-06-10,,0.9768,0.9783
2011-06-13,,0.9779,0.9768
2011-06-14,,0.9686,0.9689
2011-06-15,,0.9780,0.9790
2011-06-16,,0.9843,0.9832
2011-06-17,,0.9797,0.9802
2011-06-20,,0.9785,0.9802
2011-06-21,,0.9724,0.9724
2011-06-22,,0.9726,0.9731
2011-06-23,,0.9799,0.9780
2011-06-24,,0.9849,0.9870
2011-06-27,,0.9861,0.9867
2011-06-28,,0.9821,0.9827
2011-06-29,,0.9705,0.9706
2011-06-30,,0.9643,0.9645
2011-07-04,,0.9598,0.9608
2011-07-05,,0.9608,0.9632
2011-07-06,,0.9657,0.9656
2011-07-07,,0.9586,0.9587
2011-07-08,,0.9627,0.9607
2011-07-11,,0.9666,0.9690
2011-07-12,,0.9668,0.9662
2011-07-13,,0.9582,0.9597
2011-07-14,,0.9585,0.9610
2011-07-15,,0.9536,0.9543
2011-07-18,,0.9615,0.9589
2011-07-19,,0.9506,0.9508
2011-07-20,,0.9479,0.9474
2011-07-21,,0.9451,0.9454
2011-07-22,,0.9502,0.9491
2011-07-25,,0.9449,0.9458
2011-07-26,,0.9449,0.9428
2011-07-27,,0.9474,0.9489
2011-07-28,,0.9484,0.9516
2011-07-29,,0.9538,0.9555
2011-08-02,,0.9580,0.9602
2011-08-03,,0.9634,0.9626
2011-08-04,,0.9767,0.9795
2011-08-05,,0.9843,0.9781
2011-08-08,,0.9890,0.9909
2011-08-09,,0.9893,0.9789
2011-08-10,,0.9910,0.9948
2011-08-11,,0.9892,0.9883
2011-08-12,,0.9879,0.9907
2011-08-15,,0.9838,0.9799
2011-08-16,,0.9817,0.9821
2011-08-17,,0.9820,0.9797
2011-08-18,,0.9901,0.9884
2011-08-19,,0.9849,0.9886
2011-08-22,,0.9901,0.9901
2011-08-23,,0.9877,0.9880
2011-08-24,,0.9880,0.9866
2011-08-25,,0.9843,0.9868
2011-08-26,,0.9853,0.9830
2011-08-29,,0.9780,0.9771
2011-08-30,,0.9793,0.9782
2011-08-31,,0.9784,0.9794
2011-09-01,,0.9752,0.9755
2011-09-02,,0.9815,0.9842
2011-09-06,,0.9910,0.9898
2011-09-07,,0.9883,0.9855
2011-09-08,,0.9859,0.9880
2011-09-09,,0.9971,0.9960
2011-09-12,,0.9957,0.9921
2011-09-13,,0.9902,0.9854
2011-09-14,,0.9913,0.9908
2011-09-15,,0.9869,0.9840
2011-09-16,,0.9814,0.9790
2011-09-19,,0.9898,0.9897
2011-09-20,,0.9924,0.9936
2011-09-21,,0.9986,1.0059
2011-09-22,,1.0329,1.0274
2011-09-23,,1.0282,1.0294
2011-09-26,,1.0339,1.0283
2011-09-27,,1.0191,1.0204
2011-09-28,,1.0225,1.0326
2011-09-29,,1.0338,1.0366
2011-09-30,,1.0389,1.0482
2011-10-03,,1.0440,1.0511
2011-10-04,,1.0604,1.0549
2011-10-05,,1.0449,1.0402
2011-10-06,,1.0430,1.0378
2011-10-07,,1.0328,1.0383
2011-10-11,,1.0287,1.0279
2011-10-12,,1.0164,1.0173
2011-10-13,,1.0238,1.0197
2011-10-14,,1.0147,1.0105
2011-10-17,,1.0152,1.0221
2011-10-18,,1.0163,1.0144
2011-10-19,,1.0136,1.0202
2011-10-20,,1.0218,1.0150
2011-10-21,,1.0091,1.0087
2011-10-24,,1.0039,1.0031
2011-10-25,,1.0144,1.0163
2011-10-26,,1.0101,1.0048
2011-10-27,,0.9942,0.9913
2011-10-28,,0.9957,0.9919
2011-10-31,,0.9935,0.9967
2011-11-01,,1.0198,1.0188
2011-11-02,,1.0126,1.0136
2011-11-03,,1.0127,1.0081
2011-11-04,,1.0180,1.0167
2011-11-07,,1.0172,1.0127
2011-11-08,,1.0140,1.0082
2011-11-09,,1.0173,1.0217
2011-11-10,,1.0190,1.0177
2011-11-14,,1.0178,1.0169
2011-11-15,,1.0235,1.0208
2011-11-16,,1.0206,1.0229
2011-11-17,,1.0226,1.0283
2011-11-18,,1.0262,1.0272
2011-11-21,,1.0385,1.0378
2011-11-22,,1.0368,1.0378
2011-11-23,,1.0480,1.0485
2011-11-24,,1.0469,1.0469
2011-11-25,,1.0487,1.0494
2011-11-28,,1.0327,1.0354
2011-11-29,,1.0296,1.0303
2011-11-30,,1.0197,1.0203
2011-12-01,,1.0174,1.0143
2011-12-02,,1.0165,1.0183
2011-12-05,,1.0141,1.0168
2011-12-06,,1.0117,1.0096
2011-12-07,,1.0105,1.0103
2011-12-08,,1.0193,1.0226
2011-12-09,,1.0201,1.0184
2011-12-12,,1.0275,1.0258
2011-12-13,,1.0284,1.0342
2011-12-14,,1.0406,1.0396
2011-12-15,,1.0337,1.0357
2011-12-16,,1.0388,1.0370
2011-12-19,,1.0364,1.0387
2011-12-20,,1.0285,1.0303
2011-12-21,,1.0286,1.0259
2011-12-22,,1.0214,1.0211
2011-12-23,,1.0208,1.0208
2011-12-28,,1.0234,1.0242
2011-12-29,,1.0210,1.0208
2011-12-30,,1.0170,1.0170
2012-01-03,,1.0090,1.0110
2012-01-04,,1.0135,1.0123
2012-01-05,,1.0197,1.0191
2012-01-06,,1.0232,1.0270
2012-01-09,,1.0272,1.0229
2012-01-10,,1.0164,1.0170
2012-01-11,,1.0192,1.0193
2012-01-12,,1.0198,1.0183
2012-01-13,,1.0245,1.0227
2012-01-16,,1.0170,1.0180
2012-01-17,,1.0132,1.0152
2012-01-18,,1.0140,1.0112
2012-01-19,,1.0095,1.0114
2012-01-20,,1.0143,1.0132
2012-01-23,,1.0080,1.0074
2012-01-24,,1.0097,1.0099
2012-01-25,,1.0120,1.0035
2012-01-26,,0.9986,1.0017
2012-01-27,,1.0013,1.0007
2012-01-30,,1.0032,1.0028
2012-01-31,,1.0052,1.0028
2012-02-01,,0.9971,0.9991
2012-02-02,,0.9985,0.9996
2012-02-03,,0.9945,0.9936
2012-02-06,,0.9954,0.9955
2012-02-07,,0.9948,0.9948
2012-02-08,,0.9970,0.9961
2012-02-09,,0.9941,0.9956
2012-02-10,,1.0016,1.0028
2012-02-13,,0.9996,0.9993
2012-02-14,,0.9991,0.9995
2012-02-15,,0.9965,0.9991
2012-02-16,,0.9962,0.9965
2012-02-17,,0.9970,0.9957
2012-02-20,,0.9924,0.9924
2012-02-21,,0.9955,0.9966
2012-02-22,,1.0000,1.0004
2012-02-23,,0.9985,0.9976
2012-02-24,,0.9988,0.9997
2012-02-27,,0.9983,0.9992
2012-02-28,,0.9956,0.9954
2012-02-29,,0.9866,0.9895
2012-03-01,,0.9849,0.9859
2012-03-02,,0.9888,0.9886
2012-03-05,,0.9936,0.9942
2012-03-06,,1.0015,1.0006
2012-03-07,,0.9993,0.9982
2012-03-08,,0.9921,0.9911
2012-03-09,,0.9895,0.9909
2012-03-12,,0.9935,0.9927
2012-03-13,,0.9905,0.9892
2012-03-14,,0.9915,0.9930
2012-03-15,,0.9929,0.9922
2012-03-16,,0.9914,0.9919
2012-03-19,,0.9880,0.9875
2012-03-20,,0.9933,0.9918
2012-03-21,,0.9931,0.9923
2012-03-22,,1.0003,0.9997
2012-03-23,,0.9982,0.9987
2012-03-26,,0.9922,0.9912
2012-03-27,,0.9928,0.9949
2012-03-28,,0.9984,0.9979
2012-03-29,,0.9999,0.9967
2012-03-30,,0.9991,0.9975
2012-04-02,,0.9917,0.9903
2012-04-03,,0.9910,0.9904
2012-04-04,,0.9962,0.9964
2012-04-05,,0.9928,0.9938
2012-04-09,,0.9972,0.9965
2012-04-10,,1.0028,1.0041
2012-04-11,,1.0039,1.0042
2012-04-12,,0.9950,0.9945
2012-04-13,,0.9979,0.9984
2012-04-16,,1.0024,0.9997
2012-04-17,,0.9878,0.9902
2012-04-18,,0.9902,0.9913
2012-04-19,,0.9927,0.9952
2012-04-20,,0.9911,0.9926
2012-04-23,,0.9936,0.9910
2012-04-24,,0.9883,0.9880
2012-04-25,,0.9848,0.9835
2012-04-26,,0.9841,0.9840
2012-04-27,,0.9807,0.9810
2012-04-30,,0.9884,0.9879
2012-05-01,,0.9839,0.9858
2012-05-02,,0.9891,0.9865
2012-05-03,,0.9868,0.9889
2012-05-04,,0.9956,0.9955
2012-05-07,,0.9935,0.9930
2012-05-08,,0.9997,0.9983
2012-05-09,,1.0015,1.0009
2012-05-10,,1.0017,1.0017
2012-05-11,,0.9968,1.0009
2012-05-14,,1.0019,1.0029
2012-05-15,,1.0029,1.0068
2012-05-16,,1.0102,1.0127
2012-05-17,,1.0164,1.0191
2012-05-18,,1.0210,1.0208
2012-05-22,,1.0191,1.0218
2012-05-23,,1.0275,1.0242
2012-05-24,,1.0275,1.0271
2012-05-25,,1.0285,1.0295
2012-05-28,,1.0241,1.0238
2012-05-29,,1.0253,1.0229
2012-05-30,,1.0286,1.0292
2012-05-31,,1.0349,1.0329
2012-06-01,,1.0380,1.0394
2012-06-04,,1.0418,1.0397
2012-06-05,,1.0414,1.0380
2012-06-06,,1.0297,1.0279
2012-06-07,,1.0244,1.0279
2012-06-08,,1.0332,1.0270
2012-06-11,,1.0283,1.0312
2012-06-12,,1.0268,1.0267
2012-06-13,,1.0270,1.0292
2012-06-14,,1.0247,1.0238
2012-06-15,,1.0244,1.0222
2012-06-18,,1.0266,1.0241
2012-06-19,,1.0178,1.0182
2012-06-20,,1.0194,1.0192
2012-06-21,,1.0251,1.0293
2012-06-22,,1.0260,1.0246
2012-06-25,,1.0303,1.0292
2012-06-26,,1.0265,1.0240
2012-06-27,,1.0257,1.0255
2012-06-28,,1.0333,1.0328
2012-06-29,,1.0191,1.0181
2012-07-03,,1.0123,1.0125
2012-07-04,,1.0128,1.0132
2012-07-05,,1.0131,1.0144
2012-07-06,,1.0199,1.0186
2012-07-09,,1.0212,1.0193
2012-07-10,,1.0203,1.0226
2012-07-11,,1.0195,1.0199
2012-07-12,,1.0214,1.0186
2012-07-13,,1.0151,1.0146
2012-07-16,,1.0157,1.0147
2012-07-17,,1.0141,1.0126
2012-07-18,,1.0112,1.0107
2012-07-19,,1.0077,1.0078
2012-07-20,,1.0114,1.0127
2012-07-23,,1.0172,1.0168
2012-07-24,,1.0208,1.0204
2012-07-25,,1.0181,1.0152
2012-07-26,,1.0101,1.0096
2012-07-27,,1.0060,1.0044
2012-07-30,,1.0033,1.0018
2012-07-31,,1.0014,1.0029
2012-08-01,,1.0017,1.0052
2012-08-02,,1.0062,1.0072
2012-08-03,,0.9986,1.0019
2012-08-07,,0.9964,0.9975
2012-08-08,,0.9947,0.9946
2012-08-09,,0.9924,0.9920
2012-08-10,,0.9916,0.9910
2012-08-13,,0.9933,0.9925
2012-08-14,,0.9914,0.9919
2012-08-15,,0.9891,0.9890
2012-08-16,,0.9881,0.9867
2012-08-17,,0.9885,0.9891
2012-08-20,,0.9890,0.9884
2012-08-21,,0.9864,0.9897
2012-08-22,,0.9929,0.9914
2012-08-23,,0.9928,0.9936
2012-08-24,,0.9920,0.9916
2012-08-27,,0.9892,0.9908
2012-08-28,,0.9864,0.9878
2012-08-29,,0.9875,0.9895
2012-08-30,,0.9926,0.9923
2012-08-31,,0.9863,0.9857
2012-09-04,,0.9863,0.9858
2012-09-05,,0.9902,0.9909
2012-09-06,,0.9825,0.9828
2012-09-07,,0.9778,0.9782
2012-09-10,,0.9762,0.9775
2012-09-11,,0.9724,0.9732
2012-09-12,,0.9757,0.9766
2012-09-13,,0.9753,0.9683
2012-09-14,,0.9710,0.9712
2012-09-17,,0.9723,0.9753
2012-09-18,,0.9742,0.9746
2012-09-19,,0.9745,0.9745
2012-09-20,,0.9774,0.9765
2012-09-21,,0.9754,0.9764
2012-09-24,,0.9801,0.9788
2012-09-25,,0.9770,0.9806
2012-09-26,,0.9842,0.9852
2012-09-27,,0.9814,0.9809
2012-09-28,,0.9837,0.9832
2012-10-01,,0.9827,0.9827
2012-10-02,,0.9829,0.9843
2012-10-03,,0.9870,0.9881
2012-10-04,,0.9822,0.9805
2012-10-05,,0.9763,0.9789
2012-10-09,,0.9788,0.9786
2012-10-10,,0.9787,0.9807
2012-10-11,,0.9782,0.9787
2012-10-12,,0.9799,0.9793
2012-10-15,,0.9784,0.9800
2012-10-16,,0.9854,0.9868
2012-10-17,,0.9796,0.9780
2012-10-18,,0.9808,0.9849
2012-10-19,,0.9932,0.9932
2012-10-22,,0.9938,0.9926
2012-10-23,,0.9934,0.9927
2012-10-24,,0.9946,0.9949
2012-10-25,,0.9942,0.9939
2012-10-26,,0.9990,0.9980
2012-10-29,,1.0004,1.0008
2012-10-30,,0.9994,0.9993
2012-10-31,,0.9996,0.9990
2012-11-01,,0.9973,0.9968
2012-11-02,,0.9964,0.9956
2012-11-05,,0.9965,0.9967
2012-11-06,,0.9936,0.9918
2012-11-07,,0.9972,0.9961
2012-11-08,,0.9986,1.0004
2012-11-09,,1.0006,1.0013
2012-11-13,,1.0016,1.0019
2012-11-14,,1.0018,1.0038
2012-11-15,,1.0025,1.0013
2012-11-16,,1.0028,1.0010
2012-11-19,,0.9964,0.9966
2012-11-20,,0.9970,0.9973
2012-11-21,,0.9980,0.9965
2012-11-22,,0.9974,0.9972
2012-11-23,,0.9927,0.9920
2012-11-26,,0.9949,0.9938
2012-11-27,,0.9936,0.9947
2012-11-28,,0.9929,0.9919
2012-11-29,,0.9930,0.9928
2012-11-30,,0.9932,0.9936
2012-12-03,,0.9928,0.9949
2012-12-04,,0.9927,0.9932
2012-12-05,,0.9912,0.9917
2012-12-06,,0.9910,0.9911
2012-12-07,,0.9890,0.9910
2012-12-10,,0.9872,0.9870
2012-12-11,,0.9867,0.9862
2012-12-12,,0.9854,0.9847
2012-12-13,,0.9847,0.9848
2012-12-14,,0.9860,0.9865
2012-12-17,,0.9841,0.9837
2012-12-18,,0.9854,0.9857
2012-12-19,,0.9868,0.9881
2012-12-20,,0.9883,0.9873
2012-12-21,,0.9942,0.9934
2012-12-24,,0.9913,0.9913
2012-12-27,,0.9949,0.9949
2012-12-28,,0.9952,0.9965
2012-12-31,,0.9949,0.9949
2013-01-02,,0.9859,0.9852
2013-01-03,,0.9853,0.9880
2013-01-04,,0.9856,0.9871
2013-01-07,,0.9860,0.9857
2013-01-08,,0.9873,0.9867
2013-01-09,,0.9868,0.9877
2013-01-10,,0.9860,0.9845
2013-01-11,,0.9841,0.9844
2013-01-14,,0.9840,0.9838
2013-01-15,,0.9839,0.9841
2013-01-16,,0.9850,0.9861
2013-01-17,,0.9853,0.9857
2013-01-18,,0.9937,0.9918
2013-01-21,,0.9933,0.9932
2013-01-22,,0.9934,0.9927
2013-01-23,,0.9986,0.9990
2013-01-24,,1.0026,1.0029
2013-01-25,,1.0078,1.0065
2013-01-28,,1.0069,1.0065
2013-01-29,,1.0029,1.0024
2013-01-30,,1.0033,1.0015
2013-01-31,,0.9992,0.9973
2013-02-01,,0.9987,0.9973
2013-02-04,,0.9977,0.9986
2013-02-05,,0.9972,0.9962
2013-02-06,,0.9960,0.9955
2013-02-07,,0.9993,0.9980
2013-02-08,,1.0020,1.0027
2013-02-11,,1.0065,1.0043
2013-02-12,,1.0029,1.0027
2013-02-13,,1.0020,1.0018
2013-02-14,,1.0008,1.0012
2013-02-15,,1.0070,1.0061
2013-02-19,,1.0118,1.0118
2013-02-20,,1.0163,1.0173
2013-02-21,,1.0185,1.0187
2013-02-22,,1.0224,1.0208
2013-02-25,,1.0265,1.0276
2013-02-26,,1.0280,1.0264
2013-02-27,,1.0250,1.0230
2013-02-28,,1.0285,1.0314
2013-03-01,,1.0285,1.0271
2013-03-04,,1.0298,1.0277
2013-03-05,,1.0290,1.0280
2013-03-06,,1.0314,1.0315
2013-03-07,,1.0302,1.0294
2013-03-08,,1.0273,1.0291
2013-03-11,,1.0268,1.0264
2013-03-12,,1.0254,1.0261
2013-03-13,,1.0273,1.0273
2013-03-14,,1.0261,1.0223
2013-03-15,,1.0193,1.0193
2013-03-18,,1.0217,1.0223
2013-03-19,,1.0274,1.0270
2013-03-20,,1.0268,1.0254
2013-03-21,,1.0241,1.0243
2013-03-22,,1.0225,1.0233
2013-03-25,,1.0218,1.0212
2013-03-26,,1.0166,1.0164
2013-03-27,,1.0170,1.0165
2013-03-28,,1.0156,1.0160
2013-04-01,,1.0167,1.0167
2013-04-02,,1.0148,1.0149
2013-04-03,,1.0134,1.0145
2013-04-04,,1.0139,1.0123
2013-04-05,,1.0191,1.0164
2013-04-08,,1.0198,1.0173
2013-04-09,,1.0162,1.0163
2013-04-10,,1.0150,1.0144
2013-04-11,,1.0107,1.0107
2013-04-12,,1.0134,1.0138
2013-04-15,,1.0206,1.0254
2013-04-16,,1.0230,1.0205
2013-04-17,,1.0262,1.0266
2013-04-18,,1.0255,1.0260
2013-04-19,,1.0264,1.0263
2013-04-22,,1.0263,1.0261
2013-04-23,,1.0259,1.0262
2013-04-24,,1.0270,1.0256
2013-04-25,,1.0194,1.0208
2013-04-26,,1.0170,1.0169
2013-04-29,,1.0138,1.0116
2013-04-30,,1.0072,1.0075
2013-05-01,,1.0084,1.0081
2013-05-02,,1.0083,1.0083
2013-05-03,,1.0079,1.0078
2013-05-06,,1.0075,1.0068
2013-05-07,,1.0052,1.0044
2013-05-08,,1.0023,1.0033
2013-05-09,,1.0027,1.0075
2013-05-10,,1.0124,1.0112
2013-05-13,,1.0108,1.0110
2013-05-14,,1.0148,1.0170
2013-05-15,,1.0173,1.0172
2013-05-16,,1.0163,1.0192
2013-05-17,,1.0269,1.0291
2013-05-21,,1.0277,1.0268
2013-05-22,,1.0333,1.0372
2013-05-23,,1.0310,1.0294
2013-05-24,,1.0323,1.0321
2013-05-27,,1.0329,1.0337
2013-05-28,,1.0371,1.0395
2013-05-29,,1.0370,1.0352
2013-05-30,,1.0309,1.0300
2013-05-31,,1.0339,1.0368
2013-06-03,,1.0291,1.0278
2013-06-04,,1.0348,1.0344
2013-06-05,,1.0345,1.0346
2013-06-06,,1.0238,1.0260
2013-06-07,,1.0210,1.0198
2013-06-10,,1.0187,1.0190
2013-06-11,,1.0190,1.0189
2013-06-12,,1.0202,1.0212
2013-06-13,,1.0170,1.0166
2013-06-14,,1.0177,1.0169
2013-06-17,,1.0176,1.0177
2013-06-18,,1.0209,1.0210
2013-06-19,,1.0187,1.0273
2013-06-20,,1.0387,1.0373
2013-06-21,,1.0470,1.0456
2013-06-24,,1.0532,1.0486
2013-06-25,,1.0513,1.0509
2013-06-26,,1.0469,1.0479
2013-06-27,,1.0480,1.0475
2013-06-28,,1.0512,1.0518
2013-07-02,,1.0530,1.0549
2013-07-03,,1.0523,1.0510
2013-07-04,,1.0513,1.0521
2013-07-05,,1.0568,1.0567
2013-07-08,,1.0576,1.0560
2013-07-09,,1.0530,1.0526
2013-07-10,,1.0511,1.0518
2013-07-11,,1.0389,1.0385
2013-07-12,,1.0392,1.0396
2013-07-15,,1.0413,1.0415
2013-07-16,,1.0388,1.0366
2013-07-17,,1.0425,1.0414
2013-07-18,,1.0396,1.0376
2013-07-19,,1.0363,1.0367
2013-07-22,,1.0337,1.0344
2013-07-23,,1.0304,1.0285
2013-07-24,,1.0298,1.0316
2013-07-25,,1.0283,1.0264
2013-07-26,,1.0291,1.0273
2013-07-29,,1.0261,1.0260
2013-07-30,,1.0293,1.0302
2013-07-31,,1.0287,1.0272
2013-08-01,,1.0338,1.0348
2013-08-02,,1.0382,1.0390
2013-08-06,,1.0379,1.0376
2013-08-07,,1.0416,1.0423
2013-08-08,,1.0348,1.0324
2013-08-09,,1.0303,1.0294
2013-08-12,,1.0297,1.0303
2013-08-13,,1.0345,1.0343
2013-08-14,,1.0322,1.0328
2013-08-15,,1.0340,1.0304
2013-08-16,,1.0345,1.0339
2013-08-19,,1.0334,1.0342
2013-08-20,,1.0376,1.0389
2013-08-21,,1.0443,1.0473
2013-08-22,,1.0512,1.0516
2013-08-23,,1.0515,1.0501
2013-08-26,,1.0514,1.0503
2013-08-27,,1.0503,1.0474
2013-08-28,,1.0490,1.0485
2013-08-29,,1.0526,1.0530
2013-08-30,,1.0553,1.0530
2013-09-03,,1.0533,1.0530
2013-09-04,,1.0482,1.0492
2013-09-05,,1.0500,1.0506
2013-09-06,,1.0390,1.0409
2013-09-09,,1.0366,1.0373
2013-09-10,,1.0357,1.0348
2013-09-11,,1.0337,1.0315
2013-09-12,,1.0320,1.0325
2013-09-13,,1.0341,1.0347
2013-09-16,,1.0316,1.0325
2013-09-17,,1.0291,1.0295
2013-09-18,,1.0312,1.0222
2013-09-19,,1.0237,1.0262
2013-09-20,,1.0287,1.0299
2013-09-23,,1.0283,1.0285
2013-09-24,,1.0295,1.0302
2013-09-25,,1.0295,1.0313
2013-09-26,,1.0321,1.0313
2013-09-27,,1.0300,1.0303
2013-09-30,,1.0285,1.0303
2013-10-01,,1.0333,1.0325
2013-10-02,,1.0332,1.0332
2013-10-03,,1.0323,1.0326
2013-10-04,,1.0306,1.0292
2013-10-07,,1.0306,1.0313
2013-10-08,,1.0331,1.0368
2013-10-09,,1.0397,1.0394
2013-10-10,,1.0383,1.0396
2013-10-11,,1.0385,1.0354
2013-10-15,,1.0371,1.0380
2013-10-16,,1.0345,1.0334
2013-10-17,,1.0285,1.0293
2013-10-18,,1.0287,1.0294
2013-10-21,,1.0297,1.0301
2013-10-22,,1.0284,1.0289
2013-10-23,,1.0385,1.0384
2013-10-24,,1.0422,1.0425
2013-10-25,,1.0450,1.0455
2013-10-28,,1.0445,1.0445
2013-10-29,,1.0445,1.0470
2013-10-30,,1.0456,1.0484
2013-10-31,,1.0429,1.0427
2013-11-01,,1.0443,1.0427
2013-11-04,,1.0415,1.0418
2013-11-05,,1.0448,1.0458
2013-11-06,,1.0419,1.0418
2013-11-07,,1.0442,1.0461
2013-11-08,,1.0487,1.0478
2013-11-12,,1.0502,1.0493
2013-11-13,,1.0468,1.0462
2013-11-14,,1.0497,1.0468
2013-11-15,,1.0458,1.0447
2013-11-18,,1.0427,1.0432
2013-11-19,,1.0466,1.0471
2013-11-20,,1.0445,1.0447
2013-11-21,,1.0506,1.0521
2013-11-22,,1.0535,1.0524
2013-11-25,,1.0554,1.0548
2013-11-26,,1.0547,1.0530
2013-11-27,,1.0595,1.0595
2013-11-28,,1.0593,1.0587
2013-11-29,,1.0599,1.0620
2013-12-02,,1.0634,1.0641
2013-12-03,,1.0662,1.0649
2013-12-04,,1.0696,1.0678
2013-12-05,,1.0638,1.0641
2013-12-06,,1.0663,1.0656
2013-12-09,,1.0641,1.0635
2013-12-10,,1.0623,1.0603
2013-12-11,,1.0607,1.0593
2013-12-12,,1.0641,1.0640
2013-12-13,,1.0595,1.0595
2013-12-16,,1.0577,1.0587
2013-12-17,,1.0610,1.0610
2013-12-18,,1.0645,1.0689
2013-12-19,,1.0676,1.0666
2013-12-20,,1.0680,1.0648
2013-12-23,,1.0603,1.0611
2013-12-24,,1.0619,1.0619
2013-12-27,,1.0697,1.0704
2013-12-30,,1.0640,1.0640
2013-12-31,,1.0636,1.0636
2014-01-02,,1.0633,1.0673
2014-01-03,,1.0614,1.0639
2014-01-06,,1.0659,1.0652
2014-01-07,,1.0742,1.0772
2014-01-08,,1.0804,1.0804
2014-01-09,,1.0851,1.0852
2014-01-10,,1.0917,1.0901
2014-01-13,,1.0869,1.0846
2014-01-14,,1.0934,1.0948
2014-01-15,,1.0933,1.0945
2014-01-16,,1.0926,1.0925
2014-01-17,,1.0961,1.0976
2014-01-20,,1.0962,1.0951
2014-01-21,,1.0972,1.0972
2014-01-22,,1.1069,1.1088
2014-01-23,,1.1130,1.1099
2014-01-24,,1.1062,1.1073
2014-01-27,,1.1098,1.1112
2014-01-28,,1.1148,1.1156
2014-01-29,,1.1148,1.1178
2014-01-30,,1.1171,1.1166
2014-01-31,,1.1119,1.1138
2014-02-03,,1.1076,1.1097
2014-02-04,,1.1055,1.1081
2014-02-05,,1.1101,1.1080
2014-02-06,,1.1066,1.1070
2014-02-07,,1.1018,1.1039
2014-02-10,,1.1048,1.1055
2014-02-11,,1.1025,1.1017
2014-02-12,,1.0993,1.0997
2014-02-13,,1.0980,1.0977
2014-02-14,,1.0981,1.0983
2014-02-18,,1.0953,1.0951
2014-02-19,,1.1045,1.1082
2014-02-20,,1.1104,1.1099
2014-02-21,,1.1128,1.1133
2014-02-24,,1.1058,1.1067
2014-02-25,,1.1084,1.1086
2014-02-26,,1.1117,1.1128
2014-02-27,,1.1140,1.1136
2014-02-28,,1.1075,1.1074
2014-03-03,,1.1092,1.1084
2014-03-04,,1.1114,1.1100
2014-03-05,,1.1051,1.1038
2014-03-06,,1.0966,1.0992
2014-03-07,,1.1089,1.1090
2014-03-10,,1.1105,1.1101
2014-03-11,,1.1085,1.1103
2014-03-12,,1.1132,1.1116
2014-03-13,,1.1057,1.1053
2014-03-14,,1.1087,1.1095
2014-03-17,,1.1052,1.1053
2014-03-18,,1.1086,1.1137
2014-03-19,,1.1179,1.1245
2014-03-20,,1.1251,1.1242
2014-03-21,,1.1194,1.1210
2014-03-24,,1.1217,1.1195
2014-03-25,,1.1176,1.1159
2014-03-26,,1.1143,1.1084
2014-03-27,,1.1057,1.1032
2014-03-28,,1.1064,1.1060
2014-03-31,,1.1053,1.1055
2014-04-01,,1.1027,1.1032
2014-04-02,,1.1031,1.1035
2014-04-03,,1.1035,1.1039
2014-04-04,,1.0978,1.0981
2014-04-07,,1.0971,1.0969
2014-04-08,,1.0922,1.0922
2014-04-09,,1.0903,1.0872
2014-04-10,,1.0912,1.0929
2014-04-11,,1.0960,1.0979
2014-04-14,,1.0970,1.0953
2014-04-15,,1.0981,1.0977
2014-04-16,,1.1028,1.1018
2014-04-17,,1.0998,1.1013
2014-04-21,,1.1021,1.1015
2014-04-22,,1.1026,1.1028
2014-04-23,,1.1032,1.1032
2014-04-24,,1.1027,1.1028
2014-04-25,,1.1042,1.1036
2014-04-28,,1.1033,1.1025
2014-04-29,,1.0963,1.0951
2014-04-30,,1.0957,1.0960
2014-05-01,,1.0965,1.0961
2014-05-02,,1.0973,1.0980
2014-05-05,,1.0955,1.0952
2014-05-06,,1.0890,1.0879
2014-05-07,,1.0896,1.0894
2014-05-08,,1.0858,1.0823
2014-05-09,,1.0900,1.0896
2014-05-12,,1.0887,1.0897
2014-05-13,,1.0892,1.0910
2014-05-14,,1.0887,1.0882
2014-05-15,,1.0887,1.0877
2014-05-16,,1.0882,1.0857
2014-05-20,,1.0901,1.0899
2014-05-21,,1.0933,1.0915
2014-05-22,,1.0898,1.0893
2014-05-23,,1.0870,1.0870
2014-05-26,,1.0854,1.0860
2014-05-27,,1.0869,1.0861
2014-05-28,,1.0867,1.0875
2014-05-29,,1.0837,1.0836
2014-05-30,,1.0867,1.0842
2014-06-02,,1.0895,1.0898
2014-06-03,,1.0915,1.0910
2014-06-04,,1.0937,1.0939
2014-06-05,,1.0934,1.0929
2014-06-06,,1.0936,1.0930
2014-06-09,,1.0910,1.0908
2014-06-10,,1.0915,1.0904
2014-06-11,,1.0867,1.0867
2014-06-12,,1.0851,1.0855
2014-06-13,,1.0868,1.0856
2014-06-16,,1.0850,1.0841
2014-06-17,,1.0852,1.0864
2014-06-18,,1.0870,1.0850
2014-06-19,,1.0828,1.0823
2014-06-20,,1.0766,1.0752
2014-06-23,,1.0731,1.0726
2014-06-24,,1.0740,1.0744
2014-06-25,,1.0721,1.0722
2014-06-26,,1.0707,1.0693
2014-06-27,,1.0676,1.0661
2014-06-30,,1.0676,1.0670
2014-07-02,,1.0667,1.0667
2014-07-03,,1.0634,1.0639
2014-07-04,,1.0639,1.0657
2014-07-07,,1.0662,1.0677
2014-07-08,,1.0674,1.0677
2014-07-09,,1.0650,1.0660
2014-07-10,,1.0658,1.0647
2014-07-11,,1.0720,1.0734
2014-07-14,,1.0722,1.0715
2014-07-15,,1.0766,1.0758
2014-07-16,,1.0750,1.0746
2014-07-17,,1.0753,1.0758
2014-07-18,,1.0737,1.0736
2014-07-21,,1.0737,1.0730
2014-07-22,,1.0745,1.0736
2014-07-23,,1.0741,1.0729
2014-07-24,,1.0742,1.0745
2014-07-25,,1.0814,1.0814
2014-07-28,,1.0801,1.0800
2014-07-29,,1.0851,1.0859
2014-07-30,,1.0909,1.0901
2014-07-31,,1.0890,1.0904
2014-08-01,,1.0919,1.0926
2014-08-05,,1.0970,1.0960
2014-08-06,,1.0926,1.0913
2014-08-07,,1.0922,1.0921
2014-08-08,,1.0982,1.0971
2014-08-11,,1.0935,1.0919
2014-08-12,,1.0944,1.0922
2014-08-13,,1.0929,1.0917
2014-08-14,,1.0911,1.0903
2014-08-15,,1.0910,1.0889
2014-08-18,,1.0889,1.0886
2014-08-19,,1.0929,1.0943
2014-08-20,,1.0944,1.0971
2014-08-21,,1.0948,1.0945
2014-08-22,,1.0950,1.0945
2014-08-25,,1.0980,1.0981
2014-08-26,,1.0951,1.0952
2014-08-27,,1.0891,1.0855
2014-08-28,,1.0857,1.0847
2014-08-29,,1.0858,1.0873
2014-09-02,,1.0925,1.0930
2014-09-03,,1.0873,1.0888
2014-09-04,,1.0863,1.0874
2014-09-05,,1.0890,1.0881
2014-09-08,,1.0933,1.0973
2014-09-09,,1.1012,1.0971
2014-09-10,,1.0955,1.0935
2014-09-11,,1.1032,1.1047
2014-09-12,,1.1076,1.1094
2014-09-15,,1.1051,1.1050
2014-09-16,,1.0990,1.0970
2014-09-17,,1.0952,1.1004
2014-09-18,,1.0946,1.0947
2014-09-19,,1.0969,1.0947
2014-09-22,,1.1008,1.1031
2014-09-23,,1.1060,1.1069
2014-09-24,,1.1090,1.1057
2014-09-25,,1.1106,1.1108
2014-09-26,,1.1164,1.1155
2014-09-29,,1.1145,1.1153
2014-09-30,,1.1208,1.1200
2014-10-01,,1.1171,1.1172
2014-10-02,,1.1151,1.1163
2014-10-03,,1.1256,1.1259
2014-10-06,,1.1175,1.1131
2014-10-07,,1.1182,1.1171
2014-10-08,,1.1182,1.1104
2014-10-09,,1.1149,1.1173
2014-10-10,,1.1177,1.1217
2014-10-14,,1.1236,1.1306
2014-10-15,,1.1289,1.1258
2014-10-16,,1.1266,1.1248
2014-10-17,,1.1248,1.1277
2014-10-20,,1.1277,1.1284
2014-10-21,,1.1219,1.1228
2014-10-22,,1.1219,1.1243
2014-10-23,,1.1237,1.1233
2014-10-24,,1.1213,1.1233
2014-10-27,,1.1247,1.1238
2014-10-28,,1.1178,1.1171
2014-10-29,,1.1136,1.1191
2014-10-30,,1.1193,1.1196
2014-10-31,,1.1275,1.1271
2014-11-03,,1.1320,1.1357
2014-11-04,,1.1397,1.1410
2014-11-05,,1.1377,1.1389
2014-11-06,,1.1424,1.1426
2014-11-07,,1.1360,1.1333
2014-11-10,,1.1345,1.1374
2014-11-12,,1.1284,1.1316
2014-11-13,,1.1350,1.1376
2014-11-14,,1.1294,1.1277
2014-11-17,,1.1308,1.1296
2014-11-18,,1.1305,1.1299
2014-11-19,,1.1350,1.1351
2014-11-20,,1.1312,1.1306
2014-11-21,,1.1238,1.1239
2014-11-24,,1.1282,1.1289
2014-11-25,,1.1261,1.1253
2014-11-26,,1.1236,1.1236
2014-11-27,,1.1333,1.1332
2014-11-28,,1.1427,1.1440
2014-12-01,,1.1344,1.1328
2014-12-02,,1.1400,1.1394
2014-12-03,,1.1360,1.1366
2014-12-04,,1.1373,1.1375
2014-12-05,,1.1423,1.1432
2014-12-08,,1.1472,1.1482
2014-12-09,,1.1422,1.1440
2014-12-10,,1.1482,1.1480
2014-12-11,,1.1535,1.1527
2014-12-12,,1.1540,1.1572
2014-12-15,,1.1630,1.1656
2014-12-16,,1.1625,1.1636
2014-12-17,,1.1629,1.1639
2014-12-18,,1.1594,1.1597
2014-12-19,,1.1629,1.1608
2014-12-22,,1.1643,1.1637
2014-12-23,,1.1627,1.1630
2014-12-24,,1.1623,1.1623
2014-12-29,,1.1632,1.1629
2014-12-30,,1.1599,1.1607
2014-12-31,,1.1601,1.1601
2015-01-02,,1.1728,1.1762
2015-01-05,,1.1787,1.1749
2015-01-06,,1.1804,1.1828
2015-01-07,,1.1851,1.1820
2015-01-08,,1.1812,1.1836
2015-01-09,,1.1857,1.1866
2015-01-12,,1.1930,1.1967
2015-01-13,,1.1948,1.1954
2015-01-14,,1.1958,1.1945
2015-01-15,,1.1932,1.1964
2015-01-16,,1.1986,1.1968
2015-01-19,,1.1966,1.1947
2015-01-20,,1.2085,1.2107
2015-01-21,,1.2374,1.2335
2015-01-22,,1.2371,1.2404
2015-01-23,,1.2403,1.2424
2015-01-26,,1.2411,1.2464
2015-01-27,,1.2404,1.2404
2015-01-28,,1.2451,1.2520
2015-01-29,,1.2644,1.2611
2015-01-30,,1.2717,1.2711
2015-02-02,,1.2578,1.2577
2015-02-03,,1.2456,1.2396
2015-02-04,,1.2550,1.2565
2015-02-05,,1.2422,1.2424
2015-02-06,,1.2523,1.2524
2015-02-09,,1.2448,1.2465
2015-02-10,,1.2528,1.2574
2015-02-11,,1.2635,1.2641
2015-02-12,,1.2462,1.2490
2015-02-13,,1.2449,1.2461
2015-02-17,,1.2403,1.2374
2015-02-18,,1.2455,1.2418
2015-02-19,,1.2486,1.2498
2015-02-20,,1.2506,1.2546
2015-02-23,,1.2580,1.2576
2015-02-24,,1.2603,1.2496
2015-02-25,,1.2419,1.2423
2015-02-26,,1.2490,1.2527
2015-02-27,,1.2508,1.2503
2015-03-02,,1.2535,1.2535
2015-03-03,,1.2452,1.2490
2015-03-04,,1.2440,1.2416
2015-03-05,,1.2482,1.2506
2015-03-06,,1.2616,1.2610
2015-03-09,,1.2598,1.2596
2015-03-10,,1.2633,1.2680
2015-03-11,,1.2764,1.2761
2015-03-12,,1.2691,1.2703
2015-03-13,,1.2803,1.2790
2015-03-16,,1.2765,1.2780
2015-03-17,,1.2769,1.2776
2015-03-18,,1.2771,1.2570
2015-03-19,,1.2744,1.2726
2015-03-20,,1.2595,1.2579
2015-03-23,,1.2516,1.2499
2015-03-24,,1.2511,1.2501
2015-03-25,,1.2513,1.2517
2015-03-26,,1.2471,1.2471
2015-03-27,,1.2580,1.2600
2015-03-30,,1.2689,1.2693
2015-03-31,,1.2683,1.2666
2015-04-01,,1.2612,1.2626
2015-04-02,,1.2585,1.2564
2015-04-06,,1.2452,1.2478
2015-04-07,,1.2488,1.2504
2015-04-08,,1.2508,1.2538
2015-04-09,,1.2580,1.2592
2015-04-10,,1.2595,1.2580
2015-04-13,,1.2602,1.2592
2015-04-14,,1.2478,1.2490
2015-04-15,,1.2379,1.2300
2015-04-16,,1.2206,1.2181
2015-04-17,,1.2229,1.2228
2015-04-20,,1.2204,1.2230
2015-04-21,,1.2274,1.2281
2015-04-22,,1.2250,1.2228
2015-04-23,,1.2147,1.2146
2015-04-24,,1.2166,1.2170
2015-04-27,,1.2105,1.2101
2015-04-28,,1.2021,1.2030
2015-04-29,,1.1954,1.2023
2015-04-30,,1.2119,1.2064
2015-05-01,,1.2192,1.2157
2015-05-04,,1.2111,1.2092
2015-05-05,,1.2040,1.2072
2015-05-06,,1.2009,1.2040
2015-05-07,,1.2139,1.2120
2015-05-08,,1.2088,1.2090
2015-05-11,,1.2105,1.2110
2015-05-12,,1.1987,1.2018
2015-05-13,,1.1951,1.1967
2015-05-14,,1.1992,1.1999
2015-05-15,,1.2010,1.2022
2015-05-19,,1.2211,1.2232
2015-05-20,,1.2212,1.2196
2015-05-21,,1.2201,1.2208
2015-05-22,,1.2288,1.2301
2015-05-25,,1.2304,1.2313
2015-05-26,,1.2430,1.2427
2015-05-27,,1.2485,1.2459
2015-05-28,,1.2477,1.2435
2015-05-29,,1.2465,1.2437
2015-06-01,,1.2550,1.2535
2015-06-02,,1.2423,1.2408
2015-06-03,,1.2436,1.2453
2015-06-04,,1.2477,1.2504
2015-06-05,,1.2489,1.2439
2015-06-08,,1.2435,1.2398
2015-06-09,,1.2317,1.2346
2015-06-10,,1.2267,1.2262
2015-06-11,,1.2314,1.2275
2015-06-12,,1.2304,1.2311
2015-06-15,,1.2323,1.2317
2015-06-16,,1.2330,1.2312
2015-06-17,,1.2308,1.2236
2015-06-18,,1.2209,1.2227
2015-06-19,,1.2279,1.2266
2015-06-22,,1.2288,1.2326
2015-06-23,,1.2327,1.2333
2015-06-24,,1.2415,1.2400
2015-06-25,,1.2347,1.2323
2015-06-26,,1.2359,1.2315
2015-06-29,,1.2382,1.2392
2015-06-30,,1.2474,1.2490
2015-07-02,,1.2566,1.2545
2015-07-03,,1.2571,1.2560
2015-07-06,,1.2626,1.2652
2015-07-07,,1.2740,1.2712
2015-07-08,,1.2722,1.2740
2015-07-09,,1.2729,1.2707
2015-07-10,,1.2715,1.2679
2015-07-13,,1.2762,1.2740
2015-07-14,,1.2748,1.2740
2015-07-15,,1.2937,1.2920
2015-07-16,,1.2939,1.2970
2015-07-17,,1.2998,1.2987
2015-07-20,,1.2982,1.2997
2015-07-21,,1.2961,1.2948
2015-07-22,,1.3026,1.3037
2015-07-23,,1.3030,1.3039
2015-07-24,,1.3060,1.3035
2015-07-27,,1.3009,1.3045
2015-07-28,,1.2934,1.2927
2015-07-29,,1.2893,1.2944
2015-07-30,,1.3026,1.3010
2015-07-31,,1.3047,1.3080
2015-08-04,,1.3125,1.3180
2015-08-05,,1.3183,1.3188
2015-08-06,,1.3152,1.3108
2015-08-07,,1.3122,1.3133
2015-08-10,,1.3056,1.3001
2015-08-11,,1.3148,1.3104
2015-08-12,,1.2973,1.2973
2015-08-13,,1.3078,1.3064
2015-08-14,,1.3078,1.3092
2015-08-17,,1.3091,1.3085
2015-08-18,,1.3073,1.3056
2015-08-19,,1.3165,1.3110
2015-08-20,,1.3080,1.3081
2015-08-21,,1.3149,1.3169
2015-08-24,,1.3213,1.3262
2015-08-25,,1.3296,1.3346
2015-08-26,,1.3303,1.3322
2015-08-27,,1.3197,1.3218
2015-08-28,,1.3269,1.3215
2015-08-31,,1.3223,1.3157
2015-09-01,,1.3179,1.3222
2015-09-02,,1.3311,1.3271
2015-09-03,,1.3199,1.3194
2015-09-04,,1.3273,1.3265
2015-09-08,,1.3195,1.3205
2015-09-09,,1.3223,1.3250
2015-09-10,,1.3219,1.3228
2015-09-11,,1.3276,1.3254
2015-09-14,,1.3270,1.3257
2015-09-15,,1.3263,1.3247
2015-09-16,,1.3178,1.3171
2015-09-17,,1.3186,1.3174
2015-09-18,,1.3147,1.3217
2015-09-21,,1.3250,1.3245
2015-09-22,,1.3278,1.3258
2015-09-23,,1.3315,1.3347
2015-09-24,,1.3351,1.3318
2015-09-25,,1.3325,1.3316
2015-09-28,,1.3361,1.3394
2015-09-29,,1.3413,1.3418
2015-09-30,,1.3394,1.3345
2015-10-01,,1.3242,1.3255
2015-10-02,,1.3214,1.3164
2015-10-05,,1.3085,1.3087
2015-10-06,,1.3056,1.3027
2015-10-07,,1.3036,1.3065
2015-10-08,,1.3018,1.3017
2015-10-09,,1.2946,1.2937
2015-10-13,,1.2986,1.3019
2015-10-14,,1.2982,1.2922
2015-10-15,,1.2904,1.2847
2015-10-16,,1.2933,1.2911
2015-10-19,,1.2998,1.3019
2015-10-20,,1.2974,1.2982
2015-10-21,,1.3116,1.3137
2015-10-22,,1.3088,1.3107
2015-10-23,,1.3172,1.3175
2015-10-26,,1.3134,1.3163
2015-10-27,,1.3241,1.3266
2015-10-28,,1.3148,1.3192
2015-10-29,,1.3170,1.3167
2015-10-30,,1.3083,1.3075
2015-11-02,,1.3095,1.3099
2015-11-03,,1.3106,1.3052
2015-11-04,,1.3164,1.3157
2015-11-05,,1.3167,1.3168
2015-11-06,,1.3308,1.3296
2015-11-09,,1.3275,1.3275
2015-11-10,,1.3259,1.3265
2015-11-12,,1.3307,1.3282
2015-11-13,,1.3332,1.3318
2015-11-16,,1.3353,1.3325
2015-11-17,,1.3324,1.3308
2015-11-18,,1.3353,1.3318
2015-11-19,,1.3267,1.3297
2015-11-20,,1.3338,1.3345
2015-11-23,,1.3357,1.3373
2015-11-24,,1.3308,1.3309
2015-11-25,,1.3301,1.3296
2015-11-26,,1.3300,1.3294
2015-11-27,,1.3360,1.3372
2015-11-30,,1.3333,1.3353
2015-12-01,,1.3372,1.3364
2015-12-02,,1.3360,1.3349
2015-12-03,,1.3394,1.3338
2015-12-04,,1.3365,1.3377
2015-12-07,,1.3508,1.3513
2015-12-08,,1.3593,1.3587
2015-12-09,,1.3595,1.3564
2015-12-10,,1.3599,1.3632
2015-12-11,,1.3696,1.3742
2015-12-14,,1.3733,1.3738
2015-12-15,,1.3728,1.3738
2015-12-16,,1.3805,1.3785
2015-12-17,,1.3970,1.3950
2015-12-18,,1.3882,1.3945
2015-12-21,,1.3990,1.3965
2015-12-22,,1.3929,1.3937
2015-12-23,,1.3860,1.3857
2015-12-24,,1.3845,1.3845
2015-12-29,,1.3850,1.3823
2015-12-30,,1.3884,1.3885
2015-12-31,,1.3840,1.3840
2016-01-04,,1.3969,1.3941
2016-01-05,,1.3993,1.3989
2016-01-06,,1.4084,1.4080
2016-01-07,,1.4061,1.4097
2016-01-08,,1.4151,1.4149
2016-01-11,,1.4205,1.4223
2016-01-12,,1.4291,1.4257
2016-01-13,,1.4294,1.4345
2016-01-14,,1.4373,1.4362
2016-01-15,,1.4528,1.4530
2016-01-18,,1.4507,1.4557
2016-01-19,,1.4514,1.4559
2016-01-20,,1.4589,1.4490
2016-01-21,,1.4243,1.4279
2016-01-22,,1.4151,1.4150
2016-01-25,,1.4252,1.4270
2016-01-26,,1.4062,1.4075
2016-01-27,,1.4043,1.4103
2016-01-28,,1.4073,1.4048
2016-01-29,,1.4080,1.4006
2016-02-01,,1.4006,1.3930
2016-02-02,,1.4040,1.4027
2016-02-03,,1.3846,1.3773
2016-02-04,,1.3726,1.3745
2016-02-05,,1.3876,1.3908
2016-02-08,,1.3921,1.3934
2016-02-09,,1.3820,1.3879
2016-02-10,,1.3968,1.3933
2016-02-11,,1.3930,1.3921
2016-02-12,,1.3835,1.3861
2016-02-16,,1.3860,1.3881
2016-02-17,,1.3684,1.3705
2016-02-18,,1.3721,1.3749
2016-02-19,,1.3801,1.3769
2016-02-22,,1.3685,1.3712
2016-02-23,,1.3792,1.3768
2016-02-24,,1.3766,1.3687
2016-02-25,,1.3575,1.3541
2016-02-26,,1.3547,1.3514
2016-02-29,,1.3523,1.3531
2016-03-01,,1.3407,1.3414
2016-03-02,,1.3468,1.3427
2016-03-03,,1.3407,1.3396
2016-03-04,,1.3337,1.3324
2016-03-07,,1.3301,1.3276
2016-03-08,,1.3389,1.3416
2016-03-09,,1.3236,1.3250
2016-03-10,,1.3373,1.3346
2016-03-11,,1.3215,1.3231
2016-03-14,,1.3293,1.3267
2016-03-15,,1.3359,1.3362
2016-03-16,,1.3362,1.3122
2016-03-17,,1.2984,1.2989
2016-03-18,,1.2982,1.3037
2016-03-21,,1.3069,1.3085
2016-03-22,,1.3051,1.3035
2016-03-23,,1.3203,1.3214
2016-03-24,,1.3269,1.3240
2016-03-28,,1.3184,1.3181
2016-03-29,,1.3154,1.3065
2016-03-30,,1.2962,1.2965
2016-03-31,,1.2971,1.2987
2016-04-01,,1.3047,1.3014
2016-04-04,,1.3036,1.3072
2016-04-05,,1.3170,1.3157
2016-04-06,,1.3077,1.3094
2016-04-07,,1.3163,1.3144
2016-04-08,,1.2995,1.3002
2016-04-11,,1.2913,1.2899
2016-04-12,,1.2799,1.2759
2016-04-13,,1.2792,1.2815
2016-04-14,,1.2836,1.2849
2016-04-15,,1.2858,1.2837
2016-04-18,,1.2815,1.2797
2016-04-19,,1.2656,1.2660
2016-04-20,,1.2627,1.2650
2016-04-21,,1.2710,1.2727
2016-04-22,,1.2674,1.2671
2016-04-25,,1.2680,1.2686
2016-04-26,,1.2614,1.2621
2016-04-27,,1.2635,1.2619
2016-04-28,,1.2544,1.2549
2016-04-29,,1.2549,1.2548
2016-05-02,,1.2548,1.2536
2016-05-03,,1.2686,1.2713
2016-05-04,,1.2884,1.2870
2016-05-05,,1.2853,1.2868
2016-05-06,,1.2921,1.2919
2016-05-09,,1.2994,1.2963
2016-05-10,,1.2959,1.2916
2016-05-11,,1.2836,1.2851
2016-05-12,,1.2858,1.2834
2016-05-13,,1.2940,1.2935
2016-05-16,,1.2887,1.2896
2016-05-17,,1.2885,1.2903
2016-05-18,,1.2928,1.3023
2016-05-19,,1.3116,1.3105
2016-05-20,,1.3136,1.3124
2016-05-24,,1.3118,1.3146
2016-05-25,,1.3090,1.3022
2016-05-26,,1.2981,1.2970
2016-05-27,,1.3003,1.3038
2016-05-30,,1.3061,1.3051
2016-05-31,,1.3100,1.3110
2016-06-01,,1.3091,1.3067
2016-06-02,,1.3080,1.3105
2016-06-03,,1.2948,1.2943
2016-06-06,,1.2856,1.2807
2016-06-07,,1.2789,1.2771
2016-06-08,,1.2695,1.2696
2016-06-09,,1.2731,1.2713
2016-06-10,,1.2736,1.2757
2016-06-13,,1.2792,1.2807
2016-06-14,,1.2835,1.2853
2016-06-15,,1.2914,1.2926
2016-06-16,,1.3041,1.2961
2016-06-17,,1.2878,1.2878
2016-06-20,,1.2807,1.2809
2016-06-21,,1.2818,1.2811
2016-06-22,,1.2820,1.2839
2016-06-23,,1.2752,1.2772
2016-06-24,,1.2952,1.2999
2016-06-27,,1.3078,1.3073
2016-06-28,,1.3090,1.3035
2016-06-29,,1.2991,1.2975
2016-06-30,,1.3009,1.2917
2016-07-04,,1.2844,1.2856
2016-07-05,,1.2949,1.3016
2016-07-06,,1.3005,1.2959
2016-07-07,,1.2984,1.3003
2016-07-08,,1.3073,1.3040
2016-07-11,,1.3127,1.3121
2016-07-12,,1.3016,1.3030
2016-07-13,,1.2965,1.2986
2016-07-14,,1.2915,1.2898
2016-07-15,,1.2975,1.2937
2016-07-18,,1.2984,1.2937
2016-07-19,,1.3029,1.3028
2016-07-20,,1.3040,1.3055
2016-07-21,,1.3057,1.3086
2016-07-22,,1.3178,1.3146
2016-07-25,,1.3225,1.3220
2016-07-26,,1.3209,1.3189
2016-07-27,,1.3220,1.3191
2016-07-28,,1.3170,1.3161
2016-07-29,,1.3041,1.3056
2016-08-02,,1.3089,1.3102
2016-08-03,,1.3080,1.3071
2016-08-04,,1.3025,1.3022
2016-08-05,,1.3180,1.3164
2016-08-08,,1.3164,1.3163
2016-08-09,,1.3117,1.3123
2016-08-10,,1.3060,1.3064
2016-08-11,,1.3007,1.2980
2016-08-12,,1.2945,1.2962
2016-08-15,,1.2922,1.2917
2016-08-16,,1.2862,1.2853
2016-08-17,,1.2885,1.2856
2016-08-18,,1.2775,1.2767
2016-08-19,,1.2878,1.2857
2016-08-22,,1.2942,1.2950
2016-08-23,,1.2902,1.2910
2016-08-24,,1.2940,1.2930
2016-08-25,,1.2937,1.2926
2016-08-26,,1.2947,1.3000
2016-08-29,,1.3019,1.3022
2016-08-30,,1.3076,1.3096
2016-08-31,,1.3124,1.3116
2016-09-01,,1.3107,1.3086
2016-09-02,,1.2999,1.2990
2016-09-06,,1.2843,1.2847
2016-09-07,,1.2895,1.2900
2016-09-08,,1.2909,1.2928
2016-09-09,,1.3033,1.3037
2016-09-12,,1.3077,1.3049
2016-09-13,,1.3167,1.3170
2016-09-14,,1.3189,1.3197
2016-09-15,,1.3146,1.3160
2016-09-16,,1.3213,1.3214
2016-09-19,,1.3181,1.3207
2016-09-20,,1.3228,1.3209
2016-09-21,,1.3186,1.3107
2016-09-22,,1.3039,1.3062
2016-09-23,,1.3165,1.3171
2016-09-26,,1.3197,1.3237
2016-09-27,,1.3248,1.3203
2016-09-28,,1.3242,1.3109
2016-09-29,,1.3101,1.3149
2016-09-30,,1.3117,1.3117
2016-10-03,,1.3137,1.3110
2016-10-04,,1.3170,1.3194
2016-10-05,,1.3178,1.3182
2016-10-06,,1.3210,1.3213
2016-10-07,,1.3304,1.3285
2016-10-11,,1.3239,1.3241
2016-10-12,,1.3277,1.3259
2016-10-13,,1.3219,1.3205
2016-10-14,,1.3168,1.3145
2016-10-17,,1.3138,1.3130
2016-10-18,,1.3104,1.3119
2016-10-19,,1.3107,1.3127
2016-10-20,,1.3198,1.3222
2016-10-21,,1.3324,1.3327
2016-10-24,,1.3388,1.3386
2016-10-25,,1.3334,1.3352
2016-10-26,,1.3360,1.3382
2016-10-27,,1.3386,1.3387
2016-10-28,,1.3385,1.3384
2016-10-31,,1.3403,1.3411
2016-11-01,,1.3379,1.3393
2016-11-02,,1.3390,1.3395
2016-11-03,,1.3386,1.3383
2016-11-04,,1.3412,1.3403
2016-11-07,,1.3383,1.3372
2016-11-08,,1.3337,1.3305
2016-11-09,,1.3408,1.3378
2016-11-10,,1.3475,1.3483
2016-11-14,,1.3582,1.3551
2016-11-15,,1.3468,1.3447
2016-11-16,,1.3416,1.3441
2016-11-17,,1.3429,1.3507
2016-11-18,,1.3519,1.3513
2016-11-21,,1.3437,1.3413
2016-11-22,,1.3444,1.3453
2016-11-23,,1.3470,1.3496
2016-11-24,,1.3487,1.3491
2016-11-25,,1.3514,1.3527
2016-11-28,,1.3401,1.3421
2016-11-29,,1.3435,1.3437
2016-11-30,,1.3426,1.3429
2016-12-01,,1.3331,1.3317
2016-12-02,,1.3298,1.3283
2016-12-05,,1.3272,1.3276
2016-12-06,,1.3281,1.3284
2016-12-07,,1.3252,1.3237
2016-12-08,,1.3221,1.3191
2016-12-09,,1.3164,1.3180
2016-12-12,,1.3140,1.3134
2016-12-13,,1.3120,1.3133
2016-12-14,,1.3123,1.3274
2016-12-15,,1.3397,1.3347
2016-12-16,,1.3338,1.3344
2016-12-19,,1.3397,1.3417
2016-12-20,,1.3378,1.3367
2016-12-21,,1.3401,1.3407
2016-12-22,,1.3468,1.3497
2016-12-23,,1.3535,1.3535
2016-12-28,,1.3556,1.3555
2016-12-29,,1.3488,1.3508
2016-12-30,,1.3427,1.3427
2017-01-03,1.3435,1.3438,1.3433
2017-01-04,1.3315,1.3293,1.3308
2017-01-05,1.3244,1.3216,1.3242
2017-01-06,1.3214,1.3216,1.3232
2017-01-09,1.3240,1.3222,1.3230
2017-01-10,1.3213,1.3208,1.3227
2017-01-11,1.3250,1.3232,1.3177
2017-01-12,1.3106,1.3130,1.3132
2017-01-13,1.3141,1.3135,1.3126
2017-01-16,1.3152,1.3163,1.3187
2017-01-17,1.3057,1.3060,1.3058
2017-01-18,1.3099,1.3177,1.3259
2017-01-19,1.3303,1.3329,1.3314
2017-01-20,1.3356,1.3339,1.3327
2017-01-23,1.3291,1.3289,1.3267
2017-01-24,1.3174,1.3152,1.3161
2017-01-25,1.3088,1.3075,1.3067
2017-01-26,1.3103,1.3104,1.3098
2017-01-27,1.3123,1.3108,1.3138
2017-01-30,1.3114,1.3093,1.3120
2017-01-31,1.3030,1.3030,1.3012
2017-02-01,1.3074,1.3089,1.3047
2017-02-02,1.3016,1.3019,1.3020
2017-02-03,1.3016,1.3004,1.3028
2017-02-06,1.3099,1.3117,1.3087
2017-02-07,1.3167,1.3167,1.3167
2017-02-08,1.3157,1.3157,1.3155
2017-02-09,1.3127,1.3141,1.3141
2017-02-10,1.3084,1.3074,1.3085
2017-02-13,1.3082,1.3071,1.3075
2017-02-14,1.3070,1.3093,1.3071
2017-02-15,1.3088,1.3084,1.3075
2017-02-16,1.3055,1.3058,1.3080
2017-02-17,1.3102,1.3116,1.3099
2017-02-21,1.3148,1.3149,1.3138
2017-02-22,1.3181,1.3187,1.3144
2017-02-23,1.3110,1.3109,1.3114
2017-02-24,1.3095,1.3104,1.3109
2017-02-27,1.3118,1.3101,1.3163
2017-02-28,1.3249,1.3248,1.3281
2017-03-01,1.3338,1.3346,1.3335
2017-03-02,1.3387,1.3384,1.3399
2017-03-03,1.3405,1.3419,1.3379
2017-03-06,1.3404,1.3410,1.3410
2017-03-07,1.3417,1.3413,1.3416
2017-03-08,1.3475,1.3481,1.3494
2017-03-09,1.3513,1.3505,1.3508
2017-03-10,1.3464,1.3469,1.3463
2017-03-13,1.3447,1.3453,1.3444
2017-03-14,1.3484,1.3463,1.3485
2017-03-15,1.3428,1.3451,1.3307
2017-03-16,1.3319,1.3316,1.3347
2017-03-17,1.3337,1.3369,1.3337
2017-03-20,1.3358,1.3357,1.3354
2017-03-21,1.3317,1.3320,1.3359
2017-03-22,1.3360,1.3347,1.3327
2017-03-23,1.3336,1.3333,1.3351
2017-03-24,1.3374,1.3373,1.3380
2017-03-27,1.3373,1.3368,1.3376
2017-03-28,1.3374,1.3363,1.3383
2017-03-29,1.3364,1.3372,1.3333
2017-03-30,1.3304,1.3279,1.3334
2017-03-31,1.3310,1.3322,1.3299
2017-04-03,1.3384,1.3389,1.3386
2017-04-04,1.3425,1.3415,1.3406
2017-04-05,1.3409,1.3411,1.3427
2017-04-06,1.3418,1.3409,1.3418
2017-04-07,1.3395,1.3397,1.3410
2017-04-10,1.3349,1.3347,1.3332
2017-04-11,1.3332,1.3335,1.3332
2017-04-12,1.3300,1.3302,1.3273
2017-04-13,1.3275,1.3265,1.3328
2017-04-17,1.3289,1.3277,1.3316
2017-04-18,1.3377,1.3381,1.3381
2017-04-19,1.3460,1.3469,1.3480
2017-04-20,1.3482,1.3480,1.3472
2017-04-21,1.3506,1.3503,1.3505
2017-04-24,1.3492,1.3516,1.3511
2017-04-25,1.3592,1.3615,1.3565
2017-04-26,1.3593,1.3592,1.3612
2017-04-27,1.3624,1.3667,1.3624
2017-04-28,1.3662,1.3665,1.3650
2017-05-01,1.3660,,
2017-05-02,1.3720,,
2017-05-03,1.3714,,
2017-05-04,1.3743,,
2017-05-05,1.3712,,
2017-05-08,1.3705,,
2017-05-09,1.3728,,
2017-05-10,1.3672,,
2017-05-11,1.3707,,
2017-05-12,1.3714,,
2017-05-15,1.3641,,
2017-05-16,1.3596,,
2017-05-17,1.3614,,
2017-05-18,1.3611,,
2017-05-19,1.3544,,
2017-05-23,1.3490,,
2017-05-24,1.3460,,
2017-05-25,1.3453,,
2017-05-26,1.3456,,
2017-05-29,1.3446,,
2017-05-30,1.3469,,
2017-05-31,1.3500,,
2017-06-01,1.3500,,
2017-06-02,1.3504,,
2017-06-05,1.3483,,
2017-06-06,1.3461,,
2017-06-07,1.3492,,
2017-06-08,1.3503,,
2017-06-09,1.3453,,
2017-06-12,1.3415,,
2017-06-13,1.3238,,
2017-06-14,1.3209,,
2017-06-15,1.3283,,
2017-06-16,1.3232,,
2017-06-19,1.3220,,
2017-06-20,1.3267,,
2017-06-21,1.3310,,
2017-06-22,1.3241,,
2017-06-23,1.3268,,
2017-06-26,1.3238,,
2017-06-27,1.3188,,
2017-06-28,1.3060,,
2017-06-29,1.3015,,
2017-06-30,1.2977,,
2017-07-04,1.2941,,
2017-07-05,1.2982,,
2017-07-06,1.2946,,
2017-07-07,1.2887,,
2017-07-10,1.2888,,
2017-07-11,1.2920,,
2017-07-12,1.2794,,
2017-07-13,1.2743,,
2017-07-14,1.2672,,
2017-07-17,1.2669,,
2017-07-18,1.2628,,
2017-07-19,1.2595,,
2017-07-20,1.2585,,
2017-07-21,1.2549,,
2017-07-24,1.2512,,
2017-07-25,1.2507,,
2017-07-26,1.2505,,
2017-07-27,1.2520,,
2017-07-28,1.2447,,
2017-07-31,1.2485,,
2017-08-01,1.2514,,
2017-08-02,1.2560,,
2017-08-03,1.2578,,
2017-08-04,1.2638,,
2017-08-08,1.2672,,
2017-08-09,1.2705,,
2017-08-10,1.2711,,
2017-08-11,1.2685,,
2017-08-14,1.2705,,
2017-08-15,1.2755,,
2017-08-16,1.2699,,
2017-08-17,1.2647,,
2017-08-18,1.2586,,
2017-08-21,1.2575,,
2017-08-22,1.2552,,
2017-08-23,1.2564,,
2017-08-24,1.2529,,
2017-08-25,1.2492,,
2017-08-28,1.2482,,
2017-08-29,1.2515,,
2017-08-30,1.2605,,
2017-08-31,1.2536,,
2017-09-01,1.2390,,
2017-09-05,1.2371,,
2017-09-06,1.2264,,
2017-09-07,1.2148,,
2017-09-08,1.2132,,
2017-09-11,1.2128,,
2017-09-12,1.2159,,
2017-09-13,1.2187,,
2017-09-14,1.2198,,
2017-09-15,1.2182,,
2017-09-18,1.2238,,
2017-09-19,1.2277,,
2017-09-20,1.2273,,
2017-09-21,1.2339,,
2017-09-22,1.2317,,
2017-09-25,1.2341,,
2017-09-26,1.2370,,
2017-09-27,1.2412,,
2017-09-28,1.2450,,
2017-09-29,1.2480,,
2017-10-02,1.2505,,
2017-10-03,1.2500,,
2017-10-04,1.2479,,
2017-10-05,1.2548,,
2017-10-06,1.2549,,
2017-10-10,1.2501,,
2017-10-11,1.2498,,
2017-10-12,1.2472,,
2017-10-13,1.2487,,
2017-10-16,1.2529,,
2017-10-17,1.2548,,
2017-10-18,1.2486,,
2017-10-19,1.2478,,
2017-10-20,1.2601,,
2017-10-23,1.2644,,
2017-10-24,1.2666,,
2017-10-25,1.2771,,
2017-10-26,1.2831,,
2017-10-27,1.2874,,
2017-10-30,1.2837,,
2017-10-31,1.2893,,
2017-11-01,1.2885,,
2017-11-02,1.2822,,
2017-11-03,1.2764,,
2017-11-06,1.2746,,
2017-11-07,1.2785,,
2017-11-08,1.2729,,
2017-11-09,1.2692,,
2017-11-10,1.2683,,
2017-11-14,1.2733,,
2017-11-15,1.2773,,
2017-11-16,1.2745,,
2017-11-17,1.2783,,
2017-11-20,1.2793,,
2017-11-21,1.2778,,
2017-11-22,1.2729,,
2017-11-23,1.2715,,
2017-11-24,1.2708,,
2017-11-27,1.2735,,
2017-11-28,1.2807,,
2017-11-29,1.2853,,
2017-11-30,1.2888,,
2017-12-01,1.2729,,
2017-12-04,1.2695,,
2017-12-05,1.2680,,
2017-12-06,1.2757,,
2017-12-07,1.2843,,
2017-12-08,1.2860,,
2017-12-11,1.2854,,
2017-12-12,1.2871,,
2017-12-13,1.2852,,
2017-12-14,1.2805,,
2017-12-15,1.2834,,
2017-12-18,1.2865,,
2017-12-19,1.2886,,
2017-12-20,1.2842,,
2017-12-21,1.2734,,
2017-12-22,1.2759,,
2017-12-27,1.2641,,
2017-12-28,1.2588,,
2017-12-29,1.2545,,
2018-01-02,1.2517,,
2018-01-03,1.2533,,
2018-01-04,1.2515,,
2018-01-05,1.2403,,
2018-01-08,1.2422,,
2018-01-09,1.2454,,
2018-01-10,1.2496,,
2018-01-11,1.2535,,
2018-01-12,1.2504,,
2018-01-15,1.2422,,
2018-01-16,1.2419,,
2018-01-17,1.2425,,
2018-01-18,1.2446,,
2018-01-19,1.2459,,
2018-01-22,1.2458,,
2018-01-23,1.2454,,
2018-01-24,1.2341,,
2018-01-25,1.2323,,
2018-01-26,1.2321,,
2018-01-29,1.2335,,
2018-01-30,1.2328,,
2018-01-31,1.2293,,
2018-02-01,1.2288,,
2018-02-02,1.2380,,
2018-02-05,1.2483,,
2018-02-06,1.2530,,
2018-02-07,1.2546,,
2018-02-08,1.2585,,
2018-02-09,1.2609,,
2018-02-12,1.2603,,
2018-02-13,1.2600,,
2018-02-14,1.2562,,
2018-02-15,1.2507,,
2018-02-16,1.2540,,
2018-02-20,1.2622,,
2018-02-21,1.2671,,
2018-02-22,1.2709,,
2018-02-23,1.2668,,
2018-02-26,1.2686,,
2018-02-27,1.2740,,
2018-02-28,1.2809,,
2018-03-01,1.2851,,
2018-03-02,1.2891,,
2018-03-05,1.2977,,
2018-03-06,1.2898,,
2018-03-07,1.2947,,
2018-03-08,1.2927,,
2018-03-09,1.2840,,
2018-03-12,1.2830,,
2018-03-13,1.2912,,
2018-03-14,1.2944,,
2018-03-15,1.3032,,
2018-03-16,1.3088,,
2018-03-19,1.3079,,
2018-03-20,1.3077,,
2018-03-21,1.2958,,
2018-03-22,1.2908,,
2018-03-23,1.2856,,
2018-03-26,1.2886,,
2018-03-27,1.2869,,
2018-03-28,1.2902,,
2018-03-29,1.2894,,
2018-04-02,1.2908,,
2018-04-03,1.2812,,
2018-04-04,1.2809,,
2018-04-05,1.2776,,
2018-04-06,1.2764,,
2018-04-09,1.2729,,
2018-04-10,1.2618,,
2018-04-11,1.2584,,
2018-04-12,1.2596,,
2018-04-13,1.2597,,
2018-04-16,1.2579,,
2018-04-17,1.2552,,
2018-04-18,1.2614,,
2018-04-19,1.2633,,
2018-04-20,1.2728,,
2018-04-23,1.2833,,
2018-04-24,1.2828,,
2018-04-25,1.2869,,
2018-04-26,1.2862,,
2018-04-27,1.2857,,
2018-04-30,1.2836,,
2018-05-01,1.2867,,
2018-05-02,1.2851,,
2018-05-03,1.2862,,
2018-05-04,1.2861,,
2018-05-07,1.2864,,
2018-05-08,1.2963,,
2018-05-09,1.2856,,
2018-05-10,1.2775,,
2018-05-11,1.2779,,
2018-05-14,1.2775,,
2018-05-15,1.2876,,
2018-05-16,1.2809,,
2018-05-17,1.2801,,
2018-05-18,1.2880,,
2018-05-22,1.2786,,
2018-05-23,1.2876,,
2018-05-24,1.2891,,
2018-05-25,1.2974,,
2018-05-28,1.3001,,
2018-05-29,1.3020,,
2018-05-30,1.2897,,
2018-05-31,1.2948,,
2018-06-01,1.2964,,
2018-06-04,1.2928,,
2018-06-05,1.2993,,
2018-06-06,1.2913,,
2018-06-07,1.2972,,
2018-06-08,1.2962,,
2018-06-11,1.2993,,
2018-06-12,1.3004,,
2018-06-13,1.2988,,
2018-06-14,1.3052,,
2018-06-15,1.3177,,
2018-06-18,1.3208,,
2018-06-19,1.3276,,
2018-06-20,1.3301,,
2018-06-21,1.3310,,
2018-06-22,1.3308,,
2018-06-25,1.3303,,
2018-06-26,1.3306,,
2018-06-27,1.3307,,
2018-06-28,1.3267,,
2018-06-29,1.3168,,
2018-07-03,1.3154,,
2018-07-04,1.3143,,
2018-07-05,1.3129,,
2018-07-06,1.3105,,
2018-07-09,1.3097,,
2018-07-10,1.3125,,
2018-07-11,1.3151,,
2018-07-12,1.3166,,
2018-07-13,1.3171,,
2018-07-16,1.3137,,
2018-07-17,1.3187,,
2018-07-18,1.3204,,
2018-07-19,1.3255,,
2018-07-20,1.3142,,
2018-07-23,1.3156,,
2018-07-24,1.3157,,
2018-07-25,1.3088,,
2018-07-26,1.3065,,
2018-07-27,1.3062,,
2018-07-30,1.3021,,
2018-07-31,1.3017,,
2018-08-01,1.3002,,
2018-08-02,1.3014,,
2018-08-03,1.2983,,
2018-08-07,1.3023,,
2018-08-08,1.3052,,
2018-08-09,1.3040,,
2018-08-10,1.3113,,
2018-08-13,1.3136,,
2018-08-14,1.3087,,
2018-08-15,1.3138,,
2018-08-16,1.3152,,
2018-08-17,1.3081,,
2018-08-20,1.3065,,
2018-08-21,1.3036,,
2018-08-22,1.3016,,
2018-08-23,1.3063,,
2018-08-24,1.3036,,
2018-08-27,1.2986,,
2018-08-28,1.2917,,
2018-08-29,1.2931,,
2018-08-30,1.2980,,
2018-08-31,1.3055,,
2018-09-04,1.3182,,
2018-09-05,1.3185,,
2018-09-06,1.3188,,
2018-09-07,1.3164,,
2018-09-10,1.3163,,
2018-09-11,1.3141,,
2018-09-12,1.3014,,
2018-09-13,1.2997,,
2018-09-14,1.3033,,
2018-09-17,1.3019,,
2018-09-18,1.2992,,
2018-09-19,1.2947,,
2018-09-20,1.2905,,
2018-09-21,1.2916,,
2018-09-24,1.2935,,
2018-09-25,1.2948,,
2018-09-26,1.2975,,
2018-09-27,1.3045,,
2018-09-28,1.2945,,
2018-10-01,1.2803,,
2018-10-02,1.2817,,
2018-10-03,1.2832,,
2018-10-04,1.2900,,
2018-10-05,1.2936,,
2018-10-09,1.2965,,
2018-10-10,1.2992,,
2018-10-11,1.3038,,
2018-10-12,1.3031,,
2018-10-15,1.2993,,
2018-10-16,1.2938,,
2018-10-17,1.2994,,
2018-10-18,1.3057,,
2018-10-19,1.3104,,
2018-10-22,1.3105,,
2018-10-23,1.3098,,
2018-10-24,1.3029,,
2018-10-25,1.3076,,
2018-10-26,1.3108,,
2018-10-29,1.3119,,
2018-10-30,1.3133,,
2018-10-31,1.3142,,
2018-11-01,1.3088,,
2018-11-02,1.3105,,
2018-11-05,1.3096,,
2018-11-06,1.3130,,
2018-11-07,1.3096,,
2018-11-08,1.3114,,
2018-11-09,1.3206,,
2018-11-13,1.3241,,
2018-11-14,1.3235,,
2018-11-15,1.3202,,
2018-11-16,1.3154,,
2018-11-19,1.3182,,
2018-11-20,1.3259,,
2018-11-21,1.3270,,
2018-11-22,1.3205,,
2018-11-23,1.3228,,
2018-11-26,1.3230,,
2018-11-27,1.3289,,
2018-11-28,1.3302,,
2018-11-29,1.3275,,
2018-11-30,1.3301,,
2018-12-03,1.3191,,
2018-12-04,1.3219,,
2018-12-05,1.3353,,
2018-12-06,1.3404,,
2018-12-07,1.3299,,
2018-12-10,1.3379,,
2018-12-11,1.3402,,
2018-12-12,1.3346,,
2018-12-13,1.3359,,
2018-12-14,1.3379,,
2018-12-17,1.3399,,
2018-12-18,1.3454,,
2018-12-19,1.3450,,
2018-12-20,1.3495,,
2018-12-21,1.3566,,
2018-12-24,1.3589,,
2018-12-27,1.3641,,
2018-12-28,1.3638,,
2018-12-31,1.3642,,
2019-01-02,1.3600,,
2019-01-03,1.3501,,
2019-01-04,1.3410,,
2019-01-07,1.3313,,
2019-01-08,1.3293,,
2019-01-09,1.3221,,
2019-01-10,1.3234,,
2019-01-11,1.3259,,
2019-01-14,1.3269,,
2019-01-15,1.3266,,
2019-01-16,1.3248,,
2019-01-17,1.3294,,
2019-01-18,1.3260,,
2019-01-21,1.3297,,
2019-01-22,1.3340,,
2019-01-23,1.3348,,
2019-01-24,1.3351,,
2019-01-25,1.3256,,
2019-01-28,1.3260,,
2019-01-29,1.3266,,
2019-01-30,1.3192,,
2019-01-31,1.3144,,
2019-02-01,1.3095,,
2019-02-04,1.3127,,
2019-02-05,1.3134,,
2019-02-06,1.3190,,
2019-02-07,1.3285,,
2019-02-08,1.3270,,
2019-02-11,1.3294,,
2019-02-12,1.3248,,
2019-02-13,1.3240,,
2019-02-14,1.3298,,
2019-02-15,1.3266,,
2019-02-19,1.3238,,
2019-02-20,1.3169,,
2019-02-21,1.3196,,
2019-02-22,1.3173,,
2019-02-25,1.3174,,
2019-02-26,1.3195,,
2019-02-27,1.3145,,
2019-02-28,1.3169,,
2019-03-01,1.3260,,
2019-03-04,1.3317,,
2019-03-05,1.3345,,
2019-03-06,1.3420,,
2019-03-07,1.3438,,
2019-03-08,1.3422,,
2019-03-11,1.3414,,
2019-03-12,1.3378,,
2019-03-13,1.3326,,
2019-03-14,1.3327,,
2019-03-15,1.3342,,
2019-03-18,1.3345,,
2019-03-19,1.3292,,
2019-03-20,1.3317,,
2019-03-21,1.3366,,
2019-03-22,1.3411,,
2019-03-25,1.3420,,
2019-03-26,1.3386,,
2019-03-27,1.3414,,
2019-03-28,1.3429,,
2019-03-29,1.3363,,
2019-04-01,1.3337,,
2019-04-02,1.3344,,
2019-04-03,1.3324,,
2019-04-04,1.3357,,
2019-04-05,1.3386,,
2019-04-08,1.3325,,
2019-04-09,1.3316,,
2019-04-10,1.3326,,
2019-04-11,1.3378,,
2019-04-12,1.3329,,
2019-04-15,1.3354,,
2019-04-16,1.3361,,
2019-04-17,1.3332,,
2019-04-18,1.3382,,
2019-04-22,1.3353,,
2019-04-23,1.3421,,
2019-04-24,1.3475,,
2019-04-25,1.3493,,
2019-04-26,1.3460,,
2019-04-29,1.3456,,
2019-04-30,1.3423,,
2019-05-01,1.3416,,
2019-05-02,1.3462,,
2019-05-03,1.3429,,
2019-05-06,1.3456,,
2019-05-07,1.3476,,
2019-05-08,1.3466,,
2019-05-09,1.3483,,
2019-05-10,1.3418,,
2019-05-13,1.3457,,
2019-05-14,1.3469,,
2019-05-15,1.3451,,
2019-05-16,1.3439,,
2019-05-17,1.3468,,
2019-05-21,1.3413,,
2019-05-22,1.3410,,
2019-05-23,1.3478,,
2019-05-24,1.3447,,
2019-05-27,1.3442,,
2019-05-28,1.3477,,
2019-05-29,1.3514,,
2019-05-30,1.3501,,
2019-05-31,1.3527,,
2019-06-03,1.3470,,
2019-06-04,1.3414,,
2019-06-05,1.3401,,
2019-06-06,1.3378,,
2019-06-07,1.3283,,
2019-06-10,1.3267,,
2019-06-11,1.3278,,
2019-06-12,1.3303,,
2019-06-13,1.3324,,
2019-06-14,1.3385,,
2019-06-17,1.3407,,
2019-06-18,1.3394,,
2019-06-19,1.3343,,
2019-06-20,1.3191,,
2019-06-21,1.3212,,
2019-06-24,1.3194,,
2019-06-25,1.3174,,
2019-06-26,1.3130,,
2019-06-27,1.3111,,
2019-06-28,1.3087,,
2019-07-02,1.3114,,
2019-07-03,1.3073,,
2019-07-04,1.3059,,
2019-07-05,1.3099,,
2019-07-08,1.3081,,
2019-07-09,1.3127,,
2019-07-10,1.3092,,
2019-07-11,1.3071,,
2019-07-12,1.3038,,
2019-07-15,1.3039,,
2019-07-16,1.3052,,
2019-07-17,1.3053,,
2019-07-18,1.3069,,
2019-07-19,1.3071,,
2019-07-22,1.3103,,
2019-07-23,1.3142,,
2019-07-24,1.3137,,
2019-07-25,1.3146,,
2019-07-26,1.3182,,
2019-07-29,1.3159,,
2019-07-30,1.3168,,
2019-07-31,1.3148,,
2019-08-01,1.3217,,
2019-08-02,1.3225,,
2019-08-06,1.3253,,
2019-08-07,1.3322,,
2019-08-08,1.3257,,
2019-08-09,1.3221,,
2019-08-12,1.3234,,
2019-08-13,1.3236,,
2019-08-14,1.3311,,
2019-08-15,1.3325,,
2019-08-16,1.3286,,
2019-08-19,1.3298,,
2019-08-20,1.3323,,
2019-08-21,1.3278,,
2019-08-22,1.3293,,
2019-08-23,1.3310,,
2019-08-26,1.3279,,
2019-08-27,1.3267,,
2019-08-28,1.3301,,
2019-08-29,1.3296,,
2019-08-30,1.3295,,
2019-09-03,1.3343,,
2019-09-04,1.3263,,
2019-09-05,1.3228,,
2019-09-06,1.3174,,
2019-09-09,1.3155,,
2019-09-10,1.3153,,
2019-09-11,1.3181,,
2019-09-12,1.3205,,
2019-09-13,1.3257,,
2019-09-16,1.3248,,
2019-09-17,1.3257,,
2019-09-18,1.3271,,
2019-09-19,1.3259,,
2019-09-20,1.3275,,
2019-09-23,1.3270,,
2019-09-24,1.3249,,
2019-09-25,1.3270,,
2019-09-26,1.3260,,
2019-09-27,1.3249,,
2019-09-30,1.3243,,
2019-10-01,1.3244,,
2019-10-02,1.3294,,
2019-10-03,1.3330,,
2019-10-04,1.3317,,
2019-10-07,1.3306,,
2019-10-08,1.3323,,
2019-10-09,1.3324,,
2019-10-10,1.3294,,
2019-10-11,1.3198,,
2019-10-15,1.3211,,
2019-10-16,1.3201,,
2019-10-17,1.3143,,
2019-10-18,1.3132,,
2019-10-21,1.3096,,
2019-10-22,1.3094,,
2019-10-23,1.3086,,
2019-10-24,1.3075,,
2019-10-25,1.3064,,
2019-10-28,1.3056,,
2019-10-29,1.3075,,
2019-10-30,1.3152,,
2019-10-31,1.3160,,
2019-11-01,1.3157,,
2019-11-04,1.3148,,
2019-11-05,1.3153,,
2019-11-06,1.3179,,
2019-11-07,1.3176,,
2019-11-08,1.3223,,
2019-11-12,1.3228,,
2019-11-13,1.3249,,
2019-11-14,1.3258,,
2019-11-15,1.3231,,
2019-11-18,1.3214,,
2019-11-19,1.3237,,
2019-11-20,1.3304,,
2019-11-21,1.3285,,
2019-11-22,1.3287,,
2019-11-25,1.3307,,
2019-11-26,1.3288,,
2019-11-27,1.3278,,
2019-11-28,1.3285,,
2019-11-29,1.3289,,
2019-12-02,1.3297,,
2019-12-03,1.3302,,
2019-12-04,1.3223,,
2019-12-05,1.3174,,
2019-12-06,1.3255,,
2019-12-09,1.3235,,
2019-12-10,1.3233,,
2019-12-11,1.3201,,
2019-12-12,1.3182,,
2019-12-13,1.3183,,
2019-12-16,1.3142,,
2019-12-17,1.3160,,
2019-12-18,1.3119,,
2019-12-19,1.3122,,
2019-12-20,1.3164,,
2019-12-23,1.3160,,
2019-12-24,1.3157,,
2019-12-27,1.3078,,
2019-12-30,1.3059,,
2019-12-31,1.2988,,
2020-01-02,1.2992,,
2020-01-03,1.2988,,
2020-01-06,1.2970,,
2020-01-07,1.3009,,
2020-01-08,1.3026,,
2020-01-09,1.3079,,
2020-01-10,1.3051,,
2020-01-13,1.3048,,
2020-01-14,1.3062,,
2020-01-15,1.3050,,
2020-01-16,1.3045,,
2020-01-17,1.3062,,
2020-01-20,1.3053,,
2020-01-21,1.3067,,
2020-01-22,1.3116,,
2020-01-23,1.3143,,
2020-01-24,1.3140,,
2020-01-27,1.3182,,
2020-01-28,1.3179,,
2020-01-29,1.3196,,
2020-01-30,1.3217,,
2020-01-31,1.3233,,
2020-02-03,1.3275,,
2020-02-04,1.3278,,
2020-02-05,1.3289,,
2020-02-06,1.3290,,
2020-02-07,1.3305,,
2020-02-10,1.3319,,
2020-02-11,1.3292,,
2020-02-12,1.3254,,
2020-02-13,1.3256,,
2020-02-14,1.3249,,
2020-02-18,1.3258,,
2020-02-19,1.3231,,
2020-02-20,1.3254,,
2020-02-21,1.3224,,
2020-02-24,1.3279,,
2020-02-25,1.3281,,
2020-02-26,1.3307,,
2020-02-27,1.3361,,
2020-02-28,1.3429,,
2020-03-02,1.3356,,
2020-03-03,1.3363,,
2020-03-04,1.3392,,
2020-03-05,1.3415,,
2020-03-06,1.3421,,
2020-03-09,1.3598,,
2020-03-10,1.3731,,
2020-03-11,1.3745,,
2020-03-12,1.3820,,
2020-03-13,1.3901,,
2020-03-16,1.3964,,
2020-03-17,1.4175,,
2020-03-18,1.4496,,
2020-03-19,1.4495,,
2020-03-20,1.4332,,
2020-03-23,1.4482,,
2020-03-24,1.4491,,
2020-03-25,1.4302,,
2020-03-26,1.4077,,
2020-03-27,1.4056,,
2020-03-30,1.4156,,
2020-03-31,1.4187,,
2020-04-01,1.4217,,
2020-04-02,1.4179,,
2020-04-03,1.4142,,
2020-04-06,1.4127,,
2020-04-07,1.3986,,
2020-04-08,1.4034,,
2020-04-09,1.3985,,
2020-04-13,1.3936,,
2020-04-14,1.3904,,
2020-04-15,1.4086,,
2020-04-16,1.4122,,
2020-04-17,1.4037,,
2020-04-20,1.4086,,
2020-04-21,1.4203,,
2020-04-22,1.4155,,
2020-04-23,1.4063,,
2020-04-24,1.4090,,
2020-04-27,1.4053,,
2020-04-28,1.3978,,
2020-04-29,1.3922,,
2020-04-30,1.3910,,
2020-05-01,1.4066,,
2020-05-04,1.4085,,
2020-05-05,1.4032,,
2020-05-06,1.4124,,
2020-05-07,1.4015,,
2020-05-08,1.3934,,
2020-05-11,1.4012,,
2020-05-12,1.4015,,
2020-05-13,1.4073,,
2020-05-14,1.4090,,
2020-05-15,1.4094,,
2020-05-19,1.3893,,
2020-05-20,1.3892,,
2020-05-21,1.3935,,
2020-05-22,1.4015,,
2020-05-25,1.3984,,
2020-05-26,1.3804,,
2020-05-27,1.3780,,
2020-05-28,1.3764,,
2020-05-29,1.3787,,
2020-06-01,1.3630,,
2020-06-02,1.3515,,
2020-06-03,1.3504,,
2020-06-04,1.3508,,
2020-06-05,1.3429,,
2020-06-08,1.3383,,
2020-06-09,1.3423,,
2020-06-10,1.3390,,
2020-06-11,1.3553,,
2020-06-12,1.3596,,
2020-06-15,1.3604,,
2020-06-16,1.3558,,
2020-06-17,1.3555,,
2020-06-18,1.3589,,
2020-06-19,1.3587,,
2020-06-22,1.3545,,
2020-06-23,1.3516,,
2020-06-24,1.3591,,
2020-06-25,1.3645,,
2020-06-26,1.3676,,
2020-06-29,1.3682,,
2020-06-30,1.3628,,
2020-07-02,1.3586,,
2020-07-03,1.3565,,
2020-07-06,1.3543,,
2020-07-07,1.3583,,
2020-07-08,1.3538,,
2020-07-09,1.3555,,
2020-07-10,1.3594,,
2020-07-13,1.3567,,
2020-07-14,1.3616,,
2020-07-15,1.3534,,
2020-07-16,1.3543,,
2020-07-17,1.3574,,
2020-07-20,1.3543,,
2020-07-21,1.3446,,
2020-07-22,1.3420,,
2020-07-23,1.3392,,
2020-07-24,1.3421,,
2020-07-27,1.3378,,
2020-07-28,1.3373,,
2020-07-29,1.3360,,
2020-07-30,1.3432,,
2020-07-31,1.3404,,
2020-08-04,1.3372,,
2020-08-05,1.3262,,
2020-08-06,1.3292,,
2020-08-07,1.3377,,
2020-08-10,1.3354,,
2020-08-11,1.3291,,
2020-08-12,1.3254,,
2020-08-13,1.3217,,
2020-08-14,1.3250,,
2020-08-17,1.3207,,
2020-08-18,1.3170,,
2020-08-19,1.3171,,
2020-08-20,1.3195,,
2020-08-21,1.3205,,
2020-08-24,1.3207,,
2020-08-25,1.3194,,
2020-08-26,1.3155,,
2020-08-27,1.3129,,
2020-08-28,1.3097,,
2020-08-31,1.3042,,
2020-09-01,1.3055,,
2020-09-02,1.3067,,
2020-09-03,1.3123,,
2020-09-04,1.3089,,
2020-09-08,1.3191,,
2020-09-09,1.3173,,
2020-09-10,1.3162,,
2020-09-11,1.3186,,
2020-09-14,1.3175,,
2020-09-15,1.3176,,
2020-09-16,1.3168,,
2020-09-17,1.3200,,
2020-09-18,1.3186,,
2020-09-21,1.3293,,
2020-09-22,1.3310,,
2020-09-23,1.3358,,
2020-09-24,1.3374,,
2020-09-25,1.3396,,
2020-09-28,1.3378,,
2020-09-29,1.3391,,
2020-09-30,1.3339,,
2020-10-01,1.3292,,
2020-10-02,1.3310,,
2020-10-05,1.3269,,
2020-10-06,1.3272,,
2020-10-07,1.3275,,
2020-10-08,1.3220,,
2020-10-09,1.3136,,
2020-10-13,1.3133,,
2020-10-14,1.3139,,
2020-10-15,1.3230,,
2020-10-16,1.3192,,
2020-10-19,1.3165,,
2020-10-20,1.3138,,
2020-10-21,1.3122,,
2020-10-22,1.3142,,
2020-10-23,1.3140,,
2020-10-26,1.3201,,
2020-10-27,1.3164,,
2020-10-28,1.3302,,
2020-10-29,1.3349,,
2020-10-30,1.3318,,
2020-11-02,1.3257,,
2020-11-03,1.3145,,
2020-11-04,1.3138,,
2020-11-05,1.3051,,
2020-11-06,1.3039,,
2020-11-09,1.2970,,
2020-11-10,1.3017,,
2020-11-12,1.3123,,
2020-11-13,1.3147,,
2020-11-16,1.3085,,
2020-11-17,1.3094,,
2020-11-18,1.3063,,
2020-11-19,1.3083,,
2020-11-20,1.3071,,
2020-11-23,1.3082,,
2020-11-24,1.3033,,
2020-11-25,1.3003,,
2020-11-26,1.3013,,
2020-11-27,1.2985,,
2020-11-30,1.2965,,
2020-12-01,1.2952,,
2020-12-02,1.2934,,
2020-12-03,1.2880,,
2020-12-04,1.2801,,
2020-12-07,1.2801,,
2020-12-08,1.2808,,
2020-12-09,1.2803,,
2020-12-10,1.2734,,
2020-12-11,1.2769,,
2020-12-14,1.2757,,
2020-12-15,1.2722,,
2020-12-16,1.2753,,
2020-12-17,1.2718,,
2020-12-18,1.2775,,
2020-12-21,1.2849,,
2020-12-22,1.2908,,
2020-12-23,1.2856,,
2020-12-24,1.2835,,
2020-12-29,1.2806,,
2020-12-30,1.2769,,
2020-12-31,1.2732,,
2021-01-04,1.2751,,
2021-01-05,1.2707,,
2021-01-06,1.2685,,
2021-01-07,1.2707,,
2021-01-08,1.2705,,
2021-01-11,1.2788,,
2021-01-12,1.2746,,
2021-01-13,1.2710,,
2021-01-14,1.2654,,
2021-01-15,1.2727,,
2021-01-18,1.2762,,
2021-01-19,1.2735,,
2021-01-20,1.2656,,
2021-01-21,1.2627,,
2021-01-22,1.2716,,
2021-01-25,1.2738,,
2021-01-26,1.2702,,
2021-01-27,1.2775,,
2021-01-28,1.2810,,
2021-01-29,1.2780,,
2021-02-01,1.2824,,
2021-02-02,1.2818,,
2021-02-03,1.2783,,
2021-02-04,1.2828,,
2021-02-05,1.2777,,
2021-02-08,1.2753,,
2021-02-09,1.2719,,
2021-02-10,1.2689,,
2021-02-11,1.2686,,
2021-02-12,1.2711,,
2021-02-16,1.2684,,
2021-02-17,1.2712,,
2021-02-18,1.2696,,
2021-02-19,1.2614,,
2021-02-22,1.2613,,
2021-02-23,1.2603,,
2021-02-24,1.2548,,
2021-02-25,1.2530,,
2021-02-26,1.2685,,
2021-03-01,1.2661,,
2021-03-02,1.2626,,
2021-03-03,1.2631,,
2021-03-04,1.2637,,
2021-03-05,1.2668,,
2021-03-08,1.2660,,
2021-03-09,1.2635,,
2021-03-10,1.2637,,
2021-03-11,1.2561,,
2021-03-12,1.2493,,
2021-03-15,1.2480,,
2021-03-16,1.2455,,
2021-03-17,1.2465,,
2021-03-18,1.2458,,
2021-03-19,1.2506,,
2021-03-22,1.2513,,
2021-03-23,1.2562,,
2021-03-24,1.2562,,
2021-03-25,1.2606,,
2021-03-26,1.2580,,
2021-03-29,1.2594,,
2021-03-30,1.2631,,
2021-03-31,1.2575,,
2021-04-01,1.2565,,
2021-04-05,1.2525,,
2021-04-06,1.2559,,
2021-04-07,1.2617,,
2021-04-08,1.2579,,
2021-04-09,1.2544,,
2021-04-12,1.2553,,
2021-04-13,1.2554,,
2021-04-14,1.2533,,
2021-04-15,1.2530,,
2021-04-16,1.2503,,
2021-04-19,1.2519,,
2021-04-20,1.2572,,
2021-04-21,1.2523,,
2021-04-22,1.2500,,
2021-04-23,1.2489,,
2021-04-26,1.2412,,
2021-04-27,1.2403,,
2021-04-28,1.2357,,
2021-04-29,1.2292,,
2021-04-30,1.2285,,
2021-05-03,1.2279,,
2021-05-04,1.2315,,
2021-05-05,1.2272,,
2021-05-06,1.2200,,
2021-05-07,1.2156,,
2021-05-10,1.2095,,
2021-05-11,1.2096,,
2021-05-12,1.2096,,
2021-05-13,1.2150,,
2021-05-14,1.2109,,
2021-05-17,1.2081,,
2021-05-18,1.2051,,
2021-05-19,1.2100,,
2021-05-20,1.2070,,
2021-05-21,1.2061,,
2021-05-25,1.2057,,
2021-05-26,1.2110,,
2021-05-27,1.2073,,
2021-05-28,1.2086,,
2021-05-31,1.2072,,
2021-06-01,1.2040,,
2021-06-02,1.2052,,
2021-06-03,1.2103,,
2021-06-04,1.2084,,
2021-06-07,1.2073,,
2021-06-08,1.2097,,
2021-06-09,1.2095,,
2021-06-10,1.2094,,
2021-06-11,1.2148,,
2021-06-14,1.2142,,
2021-06-15,1.2188,,
2021-06-16,1.2191,,
2021-06-17,1.2341,,
2021-06-18,1.2419,,
2021-06-21,1.2377,,
2021-06-22,1.2356,,
2021-06-23,1.2287,,
2021-06-24,1.2316,,
2021-06-25,1.2294,,
2021-06-28,1.2335,,
2021-06-29,1.2384,,
2021-06-30,1.2394,,
2021-07-02,1.2353,,
2021-07-05,1.2343,,
2021-07-06,1.2446,,
2021-07-07,1.2475,,
2021-07-08,1.2540,,
2021-07-09,1.2476,,
2021-07-12,1.2471,,
2021-07-13,1.2514,,
2021-07-14,1.2497,,
2021-07-15,1.2572,,
2021-07-16,1.2593,,
2021-07-19,1.2759,,
2021-07-20,1.2730,,
2021-07-21,1.2589,,
2021-07-22,1.2567,,
2021-07-23,1.2575,,
2021-07-26,1.2549,,
2021-07-27,1.2578,,
2021-07-28,1.2566,,
2021-07-29,1.2450,,
2021-07-30,1.2462,,
2021-08-03,1.2545,,
2021-08-04,1.2545,,
2021-08-05,1.2497,,
2021-08-06,1.2550,,
2021-08-09,1.2565,,
2021-08-10,1.2540,,
2021-08-11,1.2506,,
2021-08-12,1.2520,,
2021-08-13,1.2514,,
2021-08-16,1.2569,,
2021-08-17,1.2623,,
2021-08-18,1.2630,,
2021-08-19,1.2792,,
2021-08-20,1.2856,,
2021-08-23,1.2682,,
2021-08-24,1.2608,,
2021-08-25,1.2619,,
2021-08-26,1.2651,,
2021-08-27,1.2635,,
2021-08-30,1.2603,,
2021-08-31,1.2617,,
2021-09-01,1.2607,,
2021-09-02,1.2573,,
2021-09-03,1.2518,,
2021-09-07,1.2621,,
2021-09-08,1.2676,,
2021-09-09,1.2654,,
2021-09-10,1.2631,,
2021-09-13,1.2662,,
2021-09-14,1.2661,,
2021-09-15,1.2651,,
2021-09-16,1.2674,,
2021-09-17,1.2721,,
2021-09-20,1.2828,,
2021-09-21,1.2801,,
2021-09-22,1.2756,,
2021-09-23,1.2653,,
2021-09-24,1.2680,,
2021-09-27,1.2637,,
2021-09-28,1.2680,,
2021-09-29,1.2741,,
2021-10-01,1.2654,,
2021-10-04,1.2583,,
2021-10-05,1.2575,,
2021-10-06,1.2613,,
2021-10-07,1.2558,,
2021-10-08,1.2482,,
2021-10-12,1.2461,,
2021-10-13,1.2445,,
2021-10-14,1.2372,,
2021-10-15,1.2379,,
2021-10-18,1.2375,,
2021-10-19,1.2357,,
2021-10-20,1.2329,,
2021-10-21,1.2351,,
2021-10-22,1.2357,,
2021-10-25,1.2379,,
2021-10-26,1.2376,,
2021-10-27,1.2358,,
2021-10-28,1.2349,,
2021-10-29,1.2384,,
2021-11-01,1.2368,,
2021-11-02,1.2404,,
2021-11-03,1.2417,,
2021-11-04,1.2449,,
2021-11-05,1.2452,,
2021-11-08,1.2449,,
2021-11-09,1.2448,,
2021-11-10,1.2452,,
2021-11-12,1.2565,,
2021-11-15,1.2517,,
2021-11-16,1.2550,,
2021-11-17,1.2595,,
2021-11-18,1.2615,,
2021-11-19,1.2639,,
2021-11-22,1.2680,,
2021-11-23,1.2707,,
2021-11-24,1.2677,,
2021-11-25,1.2654,,
2021-11-26,1.2771,,
2021-11-29,1.2765,,
2021-11-30,1.2792,,
2021-12-01,1.2776,,
2021-12-02,1.2815,,
2021-12-03,1.2812,,
2021-12-06,1.2780,,
2021-12-07,1.2660,,
2021-12-08,1.2642,,
2021-12-09,1.2700,,
2021-12-10,1.2714,,
2021-12-13,1.2791,,
2021-12-14,1.2845,,
2021-12-15,1.2893,,
2021-12-16,1.2782,,
2021-12-17,1.2846,,
2021-12-20,1.2942,,
2021-12-21,1.2927,,
2021-12-22,1.2865,,
2021-12-23,1.2816,,
2021-12-24,1.2813,,
2021-12-29,1.2804,,
2021-12-30,1.2776,,
2021-12-31,1.2678,,
2022-01-04,1.2708,,
2022-01-05,1.2717,,
2022-01-06,1.2741,,
2022-01-07,1.2666,,
2022-01-10,1.2679,,
2022-01-11,1.2606,,
2022-01-12,1.2510,,
2022-01-13,1.2484,,
2022-01-14,1.2545,,
2022-01-17,1.2520,,
2022-01-18,1.2529,,
2022-01-19,1.2492,,
2022-01-20,1.2474,,
2022-01-21,1.2545,,
2022-01-24,1.2656,,
2022-01-25,1.2629,,
2022-01-26,1.2606,,
2022-01-27,1.2712,,
2022-01-28,1.2772,,
2022-01-31,1.2719,,
2022-02-01,1.2694,,
2022-02-02,1.2677,,
2022-02-03,1.2679,,
2022-02-04,1.2758,,
2022-02-07,1.2688,,
2022-02-08,1.2709,,
2022-02-09,1.2680,,
2022-02-10,1.2682,,
2022-02-11,1.2702,,
2022-02-14,1.2738,,
2022-02-15,1.2741,,
2022-02-16,1.2686,,
2022-02-17,1.2695,,
2022-02-18,1.2734,,
2022-02-22,1.2743,,
2022-02-23,1.2718,,
2022-02-24,1.2832,,
2022-02-25,1.2747,,
2022-02-28,1.2698,,
2022-03-01,1.2708,,
2022-03-02,1.2668,,
2022-03-03,1.2664,,
2022-03-04,1.2750,,
2022-03-07,1.2773,,
2022-03-08,1.2867,,
2022-03-09,1.2821,,
2022-03-10,1.2776,,
2022-03-11,1.2720,,
2022-03-14,1.2777,,
2022-03-15,1.2803,,
2022-03-16,1.2721,,
2022-03-17,1.2651,,
2022-03-18,1.2617,,
2022-03-21,1.2593,,
2022-03-22,1.2588,,
2022-03-23,1.2571,,
2022-03-24,1.2545,,
2022-03-25,1.2502,,
2022-03-28,1.2541,,
2022-03-29,1.2509,,
2022-03-30,1.2470,,
2022-03-31,1.2496,,
2022-04-01,1.2512,,
2022-04-04,1.2490,,
2022-04-05,1.2451,,
2022-04-06,1.2509,,
2022-04-07,1.2584,,
2022-04-08,1.2589,,
2022-04-11,1.2621,,
2022-04-12,1.2617,,
2022-04-13,1.2607,,
2022-04-14,1.2601,,
2022-04-18,1.2618,,
2022-04-19,1.2624,,
2022-04-20,1.2502,,
2022-04-21,1.2529,,
2022-04-22,1.2702,,
2022-04-25,1.2758,,
2022-04-26,1.2797,,
2022-04-27,1.2828,,
2022-04-28,1.2829,,
2022-04-29,1.2792,,
2022-05-02,1.2895,,
2022-05-03,1.2847,,
2022-05-04,1.2810,,
2022-05-05,1.2822,,
2022-05-06,1.2882,,
2022-05-09,1.2964,,
2022-05-10,1.3012,,
2022-05-11,1.2970,,
2022-05-12,1.3039,,
2022-05-13,1.2953,,
2022-05-16,1.2888,,
2022-05-17,1.2834,,
2022-05-18,1.2841,,
2022-05-19,1.2809,,
2022-05-20,1.2829,,
2022-05-24,1.2826,,
2022-05-25,1.2837,,
2022-05-26,1.2792,,
2022-05-27,1.2738,,
2022-05-30,1.2662,,
2022-05-31,1.2648,,
2022-06-01,1.2639,,
2022-06-02,1.2597,,
2022-06-03,1.2579,,
2022-06-06,1.2564,,
2022-06-07,1.2555,,
2022-06-08,1.2540,,
2022-06-09,1.2644,,
2022-06-10,1.2777,,
2022-06-13,1.2859,,
2022-06-14,1.2940,,
2022-06-15,1.2948,,
2022-06-16,1.2928,,
2022-06-17,1.3035,,
2022-06-20,1.2994,,
2022-06-21,1.2929,,
2022-06-22,1.2942,,
2022-06-23,1.2982,,
2022-06-24,1.2933,,
2022-06-27,1.2887,,
2022-06-28,1.2864,,
2022-06-29,1.2878,,
2022-06-30,1.2886,,
2022-07-04,1.2867,,
2022-07-05,1.3038,,
2022-07-06,1.3047,,
2022-07-07,1.2986,,
2022-07-08,1.2968,,
2022-07-11,1.3000,,
2022-07-12,1.3015,,
2022-07-13,1.2976,,
2022-07-14,1.3138,,
2022-07-15,1.3038,,
2022-07-18,1.2948,,
2022-07-19,1.2904,,
2022-07-20,1.2884,,
2022-07-21,1.2895,,
2022-07-22,1.2876,,
2022-07-25,1.2852,,
2022-07-26,1.2883,,
2022-07-27,1.2872,,
2022-07-28,1.2835,,
2022-07-29,1.2824,,
2022-08-02,1.2856,,
2022-08-03,1.2853,,
2022-08-04,1.2854,,
2022-08-05,1.2934,,
2022-08-08,1.2857,,
2022-08-09,1.2880,,
2022-08-10,1.2789,,
2022-08-11,1.2753,,
2022-08-12,1.2783,,
2022-08-15,1.2908,,
2022-08-16,1.2867,,
2022-08-17,1.2912,,
2022-08-18,1.2928,,
2022-08-19,1.2991,,
2022-08-22,1.3035,,
2022-08-23,1.2972,,
2022-08-24,1.2983,,
2022-08-25,1.2937,,
2022-08-26,1.2989,,
2022-08-29,1.3009,,
2022-08-30,1.3076,,
2022-08-31,1.3111,,
2022-09-01,1.3166,,
2022-09-02,1.3121,,
2022-09-06,1.3139,,
2022-09-07,1.3164,,
2022-09-08,1.3116,,
2022-09-09,1.3035,,
2022-09-12,1.2980,,
2022-09-13,1.3110,,
2022-09-14,1.3166,,
2022-09-15,1.3200,,
2022-09-16,1.3285,,
2022-09-19,1.3288,,
2022-09-20,1.3345,,
2022-09-21,1.3397,,
2022-09-22,1.3480,,
2022-09-23,1.3570,,
2022-09-26,1.3716,,
2022-09-27,1.3726,,
2022-09-28,1.3660,,
2022-09-29,1.3707,,
2022-10-03,1.3662,,
2022-10-04,1.3574,,
2022-10-05,1.3641,,
2022-10-06,1.3719,,
2022-10-07,1.3712,,
2022-10-11,1.3775,,
2022-10-12,1.3802,,
2022-10-13,1.3806,,
2022-10-14,1.3856,,
2022-10-17,1.3730,,
2022-10-18,1.3756,,
2022-10-19,1.3779,,
2022-10-20,1.3729,,
2022-10-21,1.3713,,
2022-10-24,1.3722,,
2022-10-25,1.3638,,
2022-10-26,1.3565,,
2022-10-27,1.3547,,
2022-10-28,1.3615,,
2022-10-31,1.3649,,
2022-11-01,1.3614,,
2022-11-02,1.3630,,
2022-11-03,1.3749,,
2022-11-04,1.3517,,
2022-11-07,1.3493,,
2022-11-08,1.3441,,
2022-11-09,1.3480,,
2022-11-10,1.3378,,
2022-11-14,1.3288,,
2022-11-15,1.3290,,
2022-11-16,1.3311,,
2022-11-17,1.3350,,
2022-11-18,1.3385,,
2022-11-21,1.3452,,
2022-11-22,1.3396,,
2022-11-23,1.3392,,
2022-11-24,1.3338,,
2022-11-25,1.3377,,
2022-11-28,1.3453,,
2022-11-29,1.3578,,
2022-11-30,1.3508,,
2022-12-01,1.3433,,
2022-12-02,1.3468,,
2022-12-05,1.3532,,
2022-12-06,1.3649,,
2022-12-07,1.3640,,
2022-12-08,1.3582,,
2022-12-09,1.3630,,
2022-12-12,1.3658,,
2022-12-13,1.3547,,
2022-12-14,1.3561,,
2022-12-15,1.3640,,
2022-12-16,1.3687,,
2022-12-19,1.3653,,
2022-12-20,1.3621,,
2022-12-21,1.3612,,
2022-12-22,1.3656,,
2022-12-23,1.3603,,
2022-12-28,1.3565,,
2022-12-29,1.3557,,
2022-12-30,1.3544,,
2023-01-03,1.3658,,
2023-01-04,1.3508,,
2023-01-05,1.3564,,
2023-01-06,1.3486,,
2023-01-09,1.3376,,
2023-01-10,1.3421,,
2023-01-11,1.3425,,
2023-01-12,1.3378,,
2023-01-13,1.3406,,
2023-01-16,1.3397,,
2023-01-17,1.3390,,
2023-01-18,1.3439,,
2023-01-19,1.3472,,
2023-01-20,1.3421,,
2023-01-23,1.3382,,
2023-01-24,1.3370,,
2023-01-25,1.3393,,
2023-01-26,1.3349,,
2023-01-27,1.3314,,
2023-01-30,1.3356,,
2023-01-31,1.3350,,
2023-02-01,1.3321,,
2023-02-02,1.3312,,
2023-02-03,1.3391,,
2023-02-06,1.3442,,
2023-02-07,1.3435,,
2023-02-08,1.3429,,
2023-02-09,1.3427,,
2023-02-10,1.3362,,
2023-02-13,1.3343,,
2023-02-14,1.3345,,
2023-02-15,1.3411,,
2023-02-16,1.3439,,
2023-02-17,1.3487,,
2023-02-21,1.3516,,
2023-02-22,1.3542,,
2023-02-23,1.3549,,
2023-02-24,1.3622,,
2023-02-27,1.3573,,
2023-02-28,1.3609,,
2023-03-01,1.3612,,
2023-03-02,1.3614,,
2023-03-03,1.3610,,
2023-03-06,1.3615,,
2023-03-07,1.3717,,
2023-03-08,1.3785,,
2023-03-09,1.3790,,
2023-03-10,1.3807,,
2023-03-13,1.3730,,
2023-03-14,1.3677,,
2023-03-15,1.3778,,
2023-03-16,1.3744,,
2023-03-17,1.3734,,
2023-03-20,1.3674,,
2023-03-21,1.3706,,
2023-03-22,1.3712,,
2023-03-23,1.3671,,
2023-03-24,1.3763,,
2023-03-27,1.3682,,
2023-03-28,1.3626,,
2023-03-29,1.3576,,
2023-03-30,1.3533,,
2023-03-31,1.3533,,
2023-04-03,1.3438,,
2023-04-04,1.3447,,
2023-04-05,1.3457,,
2023-04-06,1.3478,,
2023-04-10,1.3527,,
2023-04-11,1.3483,,
2023-04-12,1.3447,,
2023-04-13,1.3359,,
2023-04-14,1.3362,,
2023-04-17,1.3398,,
2023-04-18,1.3387,,
2023-04-19,1.3445,,
2023-04-20,1.3469,,
2023-04-21,1.3539,,
2023-04-24,1.3542,,
2023-04-25,1.3623,,
2023-04-26,1.3625,,
2023-04-27,1.3612,,
2023-04-28,1.3578,,
2023-05-01,1.3546,,
2023-05-02,1.3618,,
2023-05-03,1.3616,,
2023-05-04,1.3566,,
2023-05-05,1.3427,,
2023-05-08,1.3354,,
2023-05-09,1.3390,,
2023-05-10,1.3375,,
2023-05-11,1.3477,,
2023-05-12,1.3534,,
2023-05-15,1.3487,,
2023-05-16,1.3456,,
2023-05-17,1.3463,,
2023-05-18,1.3500,,
2023-05-19,1.3503,,
2023-05-23,1.3504,,
2023-05-24,1.3582,,
2023-05-25,1.3628,,
2023-05-26,1.3623,,
2023-05-29,1.3593,,
2023-05-30,1.3598,,
2023-05-31,1.3603,,
2023-06-01,1.3482,,
2023-06-02,1.3435,,
2023-06-05,1.3434,,
2023-06-06,1.3419,,
2023-06-07,1.3376,,
2023-06-08,1.3358,,
2023-06-09,1.3341,,
2023-06-12,1.3366,,
2023-06-13,1.3310,,
2023-06-14,1.3297,,
2023-06-15,1.3252,,
2023-06-16,1.3198,,
2023-06-19,1.3206,,
2023-06-20,1.3241,,
2023-06-21,1.3183,,
2023-06-22,1.3160,,
2023-06-23,1.3199,,
2023-06-26,1.3151,,
2023-06-27,1.3175,,
2023-06-28,1.3254,,
2023-06-29,1.3255,,
2023-06-30,1.3240,,
2023-07-04,1.3219,,
2023-07-05,1.3273,,
2023-07-06,1.3348,,
2023-07-07,1.3293,,
2023-07-10,1.3284,,
2023-07-11,1.3260,,
2023-07-12,1.3188,,
2023-07-13,1.3128,,
2023-07-14,1.3183,,
2023-07-17,1.3187,,
2023-07-18,1.3190,,
2023-07-19,1.3170,,
2023-07-20,1.3171,,
2023-07-21,1.3212,,
2023-07-24,1.3172,,
2023-07-25,1.3184,,
2023-07-26,1.3220,,
2023-07-27,1.3201,,
2023-07-28,1.3232,,
2023-07-31,1.3177,,
2023-08-01,1.3291,,
2023-08-02,1.3335,,
2023-08-03,1.3351,,
2023-08-04,1.3355,,
2023-08-08,1.3456,,
2023-08-09,1.3431,,
2023-08-10,1.3409,,
2023-08-11,1.3443,,
2023-08-14,1.3461,,
2023-08-15,1.3482,,
2023-08-16,1.3518,,
2023-08-17,1.3524,,
2023-08-18,1.3552,,
2023-08-21,1.3543,,
2023-08-22,1.3549,,
2023-08-23,1.3552,,
2023-08-24,1.3565,,
2023-08-25,1.3606,,
2023-08-28,1.3596,,
2023-08-29,1.3593,,
2023-08-30,1.3535,,
2023-08-31,1.3531,,
2023-09-01,1.3580,,
2023-09-05,1.3627,,
2023-09-06,1.3654,,
2023-09-07,1.3674,,
2023-09-08,1.3632,,
2023-09-11,1.3581,,
2023-09-12,1.3560,,
2023-09-13,1.3551,,
2023-09-14,1.3515,,
2023-09-15,1.3526,,
2023-09-18,1.3491,,
2023-09-19,1.3426,,
2023-09-20,1.3423,,
2023-09-21,1.3486,,
2023-09-22,1.3464,,
2023-09-25,1.3471,,
2023-09-26,1.3509,,
2023-09-27,1.3515,,
2023-09-28,1.3493,,
2023-09-29,1.3520,,
2023-10-03,1.3711,,
2023-10-04,1.3743,,
2023-10-05,1.3733,,
2023-10-06,1.3683,,
2023-10-10,1.3591,,
2023-10-11,1.3603,,
2023-10-12,1.3657,,
2023-10-13,1.3661,,
2023-10-16,1.3619,,
2023-10-17,1.3647,,
2023-10-18,1.3685,,
2023-10-19,1.3715,,
2023-10-20,1.3695,,
2023-10-23,1.3693,,
2023-10-24,1.3731,,
2023-10-25,1.3782,,
2023-10-26,1.3825,,
2023-10-27,1.3857,,
2023-10-30,1.3833,,
2023-10-31,1.3871,,
2023-11-01,1.3875,,
2023-11-02,1.3778,,
2023-11-03,1.3683,,
2023-11-06,1.3676,,
2023-11-07,1.3760,,
2023-11-08,1.3797,,
2023-11-09,1.3781,,
2023-11-10,1.3819,,
2023-11-14,1.3725,,
2023-11-15,1.3675,,
2023-11-16,1.3750,,
2023-11-17,1.3722,,
2023-11-20,1.3726,,
2023-11-21,1.3698,,
2023-11-22,1.3723,,
2023-11-23,1.3699,,
2023-11-24,1.3623,,
2023-11-27,1.3635,,
2023-11-28,1.3581,,
2023-11-29,1.3590,,
2023-11-30,1.3582,,
2023-12-01,1.3507,,
2023-12-04,1.3541,,
2023-12-05,1.3579,,
2023-12-06,1.3574,,
2023-12-07,1.3597,,
2023-12-08,1.3588,,
2023-12-11,1.3570,,
2023-12-12,1.3599,,
2023-12-13,1.3561,,
2023-12-14,1.3419,,
2023-12-15,1.3378,,
2023-12-18,1.3387,,
2023-12-19,1.3344,,
2023-12-20,1.3331,,
2023-12-21,1.3311,,
2023-12-22,1.3258,,
2023-12-27,1.3205,,
2023-12-28,1.3212,,
2023-12-29,1.3226,,
2024-01-02,1.3316,,
2024-01-03,1.3356,,
2024-01-04,1.3354,,
2024-01-05,1.3347,,
2024-01-08,1.3372,,
2024-01-09,1.3391,,
2024-01-10,1.3382,,
2024-01-11,1.3409,,
2024-01-12,1.3387,,
2024-01-15,1.3436,,
2024-01-16,1.3483,,
2024-01-17,1.3522,,
2024-01-18,1.3505,,
2024-01-19,1.3462,,
2024-01-22,1.3454,,
2024-01-23,1.3478,,
2024-01-24,1.3484,,
2024-01-25,1.3496,,
2024-01-26,1.3449,,
2024-01-29,1.3442,,
2024-01-30,1.3417,,
2024-01-31,1.3397,,
2024-02-01,1.3404,,
2024-02-02,1.3454,,
2024-02-05,1.3527,,
2024-02-06,1.3506,,
2024-02-07,1.3469,,
2024-02-08,1.3467,,
2024-02-09,1.3458,,
2024-02-12,1.3450,,
2024-02-13,1.3556,,
2024-02-14,1.3550,,
2024-02-15,1.3493,,
2024-02-16,1.3484,,
2024-02-20,1.3518,,
2024-02-21,1.3512,,
2024-02-22,1.3494,,
2024-02-23,1.3494,,
2024-02-26,1.3515,,
2024-02-27,1.3521,,
2024-02-28,1.3574,,
2024-02-29,1.3570,,
2024-03-01,1.3564,,
2024-03-04,1.3572,,
2024-03-05,1.3582,,
2024-03-06,1.3528,,
2024-03-07,1.3474,,
2024-03-08,1.3471,,
2024-03-11,1.3491,,
2024-03-12,1.3499,,
2024-03-13,1.3472,,
2024-03-14,1.3512,,
2024-03-15,1.3533,,
2024-03-18,1.3541,,
2024-03-19,1.3581,,
2024-03-20,1.3559,,
2024-03-21,1.3525,,
2024-03-22,1.3593,,
2024-03-25,1.3583,,
2024-03-26,1.3572,,
2024-03-27,1.3587,,
2024-03-28,1.3550,,
2024-04-01,1.3574,,
2024-04-02,1.3572,,
2024-04-03,1.3537,,
2024-04-04,1.3504,,
2024-04-05,1.3598,,
2024-04-08,1.3582,,
2024-04-09,1.3578,,
2024-04-10,1.3671,,
2024-04-11,1.3692,,
2024-04-12,1.3766,,
2024-04-15,1.3764,,
2024-04-16,1.3821,,
2024-04-17,1.3794,,
2024-04-18,1.3764,,
2024-04-19,1.3748,,
2024-04-22,1.3715,,
2024-04-23,1.3673,,
2024-04-24,1.3709,,
2024-04-25,1.3689,,
2024-04-26,1.3668,,
2024-04-29,1.3658,,
2024-04-30,1.3746,,
2024-05-01,1.3759,,
2024-05-02,1.3698,,
2024-05-03,1.3672,,
2024-05-06,1.3661,,
2024-05-07,1.3705,,
2024-05-08,1.3734,,
2024-05-09,1.3692,,
2024-05-10,1.3665,,
2024-05-13,1.3672,,
2024-05-14,1.3653,,
2024-05-15,1.3615,,
2024-05-16,1.3620,,
2024-05-17,1.3615,,
2024-05-21,1.3649,,
2024-05-22,1.3674,,
2024-05-23,1.3702,,
2024-05-24,1.3673,,
2024-05-27,1.3636,,
2024-05-28,1.3638,,
2024-05-29,1.3700,,
2024-05-30,1.3678,,
2024-05-31,1.3637,,
2024-06-03,1.3635,,
2024-06-04,1.3681,,
2024-06-05,1.3696,,
2024-06-06,1.3686,,
2024-06-07,1.3740,,
2024-06-10,1.3765,,
2024-06-11,1.3767,,
2024-06-12,1.3700,,
2024-06-13,1.3746,,
2024-06-14,1.3751,,
2024-06-17,1.3743,,
2024-06-18,1.3723,,
2024-06-19,1.3709,,
2024-06-20,1.3698,,
2024-06-21,1.3702,,
2024-06-24,1.3663,,
2024-06-25,1.3659,,
2024-06-26,1.3696,,
2024-06-27,1.3690,,
2024-06-28,1.3687,,
2024-07-02,1.3697,,
2024-07-03,1.3637,,
2024-07-04,1.3613,,
2024-07-05,1.3633,,
2024-07-08,1.3634,,
2024-07-09,1.3638,,
2024-07-10,1.3620,,
2024-07-11,1.3624,,
2024-07-12,1.3628,,
2024-07-15,1.3664,,
2024-07-16,1.3686,,
2024-07-17,1.3685,,
2024-07-18,1.3696,,
2024-07-19,1.3727,,
2024-07-22,1.3755,,
2024-07-23,1.3768,,
2024-07-24,1.3794,,
2024-07-25,1.3819,,
2024-07-26,1.3830,,
2024-07-29,1.3852,,
2024-07-30,1.3851,,
2024-07-31,1.3809,,
2024-08-01,1.3846,,
2024-08-02,1.3858,,
2024-08-06,1.3794,,
2024-08-07,1.3739,,
2024-08-08,1.3743,,
2024-08-09,1.3732,,
2024-08-12,1.3738,,
2024-08-13,1.3723,,
2024-08-14,1.3711,,
2024-08-15,1.3715,,
2024-08-16,1.3707,,
2024-08-19,1.3651,,
2024-08-20,1.3627,,
2024-08-21,1.3592,,
2024-08-22,1.3602,,
2024-08-23,1.3529,,
2024-08-26,1.3481,,
2024-08-27,1.3460,,
2024-08-28,1.3471,,
2024-08-29,1.3474,,
2024-08-30,1.3491,,
2024-09-03,1.3548,,
2024-09-04,1.3525,,
2024-09-05,1.3514,,
2024-09-06,1.3545,,
2024-09-09,1.3561,,
2024-09-10,1.3599,,
2024-09-11,1.3589,,
2024-09-12,1.3591,,
2024-09-13,1.3586,,
2024-09-16,1.3593,,
2024-09-17,1.3596,,
2024-09-18,1.3590,,
2024-09-19,1.3563,,
2024-09-20,1.3565,,
2024-09-23,1.3510,,
2024-09-24,1.3468,,
2024-09-25,1.3462,,
2024-09-26,1.3474,,
2024-09-27,1.3499,,
2024-10-01,1.3504,,
2024-10-02,1.3491,,
2024-10-03,1.3540,,
2024-10-04,1.3577,,
2024-10-07,1.3609,,
2024-10-08,1.3657,,
2024-10-09,1.3690,,
2024-10-10,1.3754,,
2024-10-11,1.3761,,
2024-10-15,1.3805,,
2024-10-16,1.3771,,
2024-10-17,1.3789,,
2024-10-18,1.3802,,
2024-10-21,1.3835,,
2024-10-22,1.3825,,
2024-10-23,1.3843,,
2024-10-24,1.3845,,
2024-10-25,1.3872,,
2024-10-28,1.3895,,
2024-10-29,1.3911,,
2024-10-30,1.3915,,
2024-10-31,1.3916,,
2024-11-01,1.3932,,
2024-11-04,1.3894,,
2024-11-05,1.3854,,
2024-11-06,1.3935,,
2024-11-07,1.3866,,
2024-11-08,1.3913,,
2024-11-12,1.3944,,
2024-11-13,1.3980,,
2024-11-14,1.4027,,
2024-11-15,1.4079,,
2024-11-18,1.4042,,
2024-11-19,1.3981,,
2024-11-20,1.3993,,
2024-11-21,1.3960,,
2024-11-22,1.3979,,
2024-11-25,1.3980,,
2024-11-26,1.4082,,
2024-11-27,1.4036,,
2024-11-28,1.4010,,
2024-11-29,1.4010,,
2024-12-02,1.4056,,
2024-12-03,1.4056,,
2024-12-04,1.4066,,
2024-12-05,1.4038,,
2024-12-06,1.4136,,
2024-12-09,1.4130,,
2024-12-10,1.4167,,
2024-12-11,1.4154,,
2024-12-12,1.4188,,
2024-12-13,1.4231,,
2024-12-16,1.4239,,
2024-12-17,1.4305,,
2024-12-18,1.4343,,
2024-12-19,1.4370,,
2024-12-20,1.4365,,
2024-12-23,1.4395,,
2024-12-24,1.4386,,
2024-12-27,1.4416,,
2024-12-30,1.4379,,
2024-12-31,1.4389,,
2025-01-02,1.4418,,
2025-01-03,1.4442,,
2025-01-06,1.4348,,
2025-01-07,1.4340,,
2025-01-08,1.4390,,
2025-01-09,1.4395,,
2025-01-10,1.4422,,
2025-01-13,1.4411,,
2025-01-14,1.4371,,
2025-01-15,1.4334,,
2025-01-16,1.4388,,
2025-01-17,1.4435,,
2025-01-20,1.4330,,
2025-01-21,1.4366,,
2025-01-22,1.4369,,
2025-01-23,1.4371,,
2025-01-24,1.4336,,
2025-01-27,1.4381,,
2025-01-28,1.4394,,
2025-01-29,1.4435,,
2025-01-30,1.4414,,
2025-01-31,1.4484,,
2025-02-03,1.4603,,
2025-02-04,1.4345,,
2025-02-05,1.4295,,
2025-02-06,1.4322,,
2025-02-07,1.4298,,
2025-02-10,1.4323,,
2025-02-11,1.4307,,
2025-02-12,1.4298,,
2025-02-13,1.4242,,
2025-02-14,1.4166,,
2025-02-18,1.4193,,
2025-02-19,1.4223,,
2025-02-20,1.4188,,
2025-02-21,1.4207,,
2025-02-24,1.4225,,
2025-02-25,1.4287,,
2025-02-26,1.4339,,
2025-02-27,1.4422,,
2025-02-28,1.4438,,
2025-03-03,1.4428,,
2025-03-04,1.4489,,
2025-03-05,1.4370,,
2025-03-06,1.4309,,
2025-03-07,1.4371,,
2025-03-10,1.4431,,
2025-03-11,1.4451,,
2025-03-12,1.4391,,
2025-03-13,1.4409,,
2025-03-14,1.4388,,
2025-03-17,1.4304,,
2025-03-18,1.4301,,
2025-03-19,1.4326,,
2025-03-20,1.4347,,
2025-03-21,1.4348,,
2025-03-24,1.4318,,
2025-03-25,1.4296,,
2025-03-26,1.4268,,
2025-03-27,1.4309,,
2025-03-28,1.4307,,
2025-03-31,1.4376,,
2025-04-01,1.4348,,
2025-04-02,1.4320,,
2025-04-03,1.4069,,
2025-04-04,1.4216,,
2025-04-07,1.4226,,
2025-04-08,1.4196,,
2025-04-09,1.4150,,
2025-04-10,1.4015,,
2025-04-11,1.3890,,
2025-04-14,1.3881,,
2025-04-15,1.3934,,
2025-04-16,1.3890,,
2025-04-17,1.3857,,
2025-04-21,1.3820,,
2025-04-22,1.3827,,
2025-04-23,1.3871,,
2025-04-24,1.3872,,
2025-04-25,1.3863,,
2025-04-28,1.3850,,
2025-04-29,1.3847,,
2025-04-30,1.3812,,
2025-05-01,1.3836,,
2025-05-02,1.3800,,
2025-05-05,1.3813,,
2025-05-06,1.3783,,
2025-05-07,1.3796,,
2025-05-08,1.3907,,
2025-05-09,1.3927,,
2025-05-12,1.3998,,
2025-05-13,1.3969,,
2025-05-14,1.3964,,
2025-05-15,1.3985,,
2025-05-16,1.3979,,
2025-05-20,1.3935,,
2025-05-21,1.3848,,
2025-05-22,1.3870,,
2025-05-23,1.3756,,
2025-05-26,1.3731,,
2025-05-27,1.3775,,
2025-05-28,1.3826,,
2025-05-29,1.3806,,
2025-05-30,1.3758,,
2025-06-02,1.3707,,
2025-06-03,1.3723,,
2025-06-04,1.3677,,
2025-06-05,1.3659,,
2025-06-06,1.3690,,
2025-06-09,1.3684,,
2025-06-10,1.3684,,
2025-06-11,1.3665,,
2025-06-12,1.3612,,
2025-06-13,1.3598,,
2025-06-16,1.3558,,
2025-06-17,1.3603,,
2025-06-18,1.3673,,
2025-06-19,1.3724,,
2025-06-20,1.3728,,
2025-06-23,1.3755,,
2025-06-24,1.3712,,
2025-06-25,1.3737,,
2025-06-26,1.3640,,
2025-06-27,1.3676,,
2025-06-30,1.3643,,
2025-07-02,1.3622,,
2025-07-03,1.3575,,
2025-07-04,1.3605,,
2025-07-07,1.3656,,
2025-07-08,1.3677,,
2025-07-09,1.3693,,
2025-07-10,1.3683,,
2025-07-11,1.3684,,
2025-07-14,1.3693,,
2025-07-15,1.3710,,
2025-07-16,1.3712,,
2025-07-17,1.3753,,
2025-07-18,1.3720,,
2025-07-21,1.3693,,
2025-07-22,1.3635,,
2025-07-23,1.3609,,
2025-07-24,1.3630,,
2025-07-25,1.3704,,
2025-07-28,1.3723,,
2025-07-29,1.3771,,
2025-07-30,1.3811,,
2025-07-31,1.3844,,
2025-08-01,1.3797,,
2025-08-05,1.3785,,
2025-08-06,1.3746,,
2025-08-07,1.3753,,
2025-08-08,1.3751,,
2025-08-11,1.3785,,
2025-08-12,1.3775,,
2025-08-13,1.3767,,
2025-08-14,1.3806,,
2025-08-15,1.3806,,
2025-08-18,1.3809,,
2025-08-19,1.3852,,
2025-08-20,1.3866,,
2025-08-21,1.3897,,
2025-08-22,1.3854,,
2025-08-25,1.3835,,
2025-08-26,1.3837,,
2025-08-27,1.3821,,
2025-08-28,1.3756,,
2025-08-29,1.3742,,
2025-09-02,1.3789,,
2025-09-03,1.3794,,
2025-09-04,1.3829,,
2025-09-05,1.3829,,
2025-09-08,1.3816,,
2025-09-09,1.3833,,
2025-09-10,1.3854,,
2025-09-11,1.3844,,
2025-09-12,1.3848,,
2025-09-15,1.3804,,
2025-09-16,1.3748,,
2025-09-17,1.3760,,
2025-09-18,1.3797,,
2025-09-19,1.3788,,
2025-09-22,1.3816,,
2025-09-23,1.3832,,
2025-09-24,1.3893,,
2025-09-25,1.3927,,
2025-09-26,1.3941,,
2025-09-29,1.3921,,
2025-10-01,1.3940,,
2025-10-02,1.3963,,
2025-10-03,1.3953,,
2025-10-06,1.3955,,
2025-10-07,1.3951,,
2025-10-08,1.3952,,
2025-10-09,1.4000,,
2025-10-10,1.4000,,
2025-10-14,1.4046,,
2025-10-15,1.4045,,
2025-10-16,1.4048,,
2025-10-17,1.4035,,
2025-10-20,1.4036,,
2025-10-21,1.4022,,
2025-10-22,1.3996,,
2025-10-23,1.3993,,
2025-10-24,1.4014,,
2025-10-27,1.3995,,
2025-10-28,1.3959,,
2025-10-29,1.3916,,
2025-10-30,1.3987,,
2025-10-31,1.4018,,
2025-11-03,1.4057,,
2025-11-04,1.4090,,
2025-11-05,1.4120,,
2025-11-06,1.4116,,
2025-11-07,1.4063,,
2025-11-10,1.4020,,
2025-11-12,1.4005,,
2025-11-13,1.4018,,
2025-11-14,1.4025,,
2025-11-17,1.4035,,
2025-11-18,1.3997,,
2025-11-19,1.4040,,
2025-11-20,1.4080,,
2025-11-21,1.4100,,
2025-11-24,1.4108,,
2025-11-25,1.4104,,
2025-11-26,1.4059,,
2025-11-27,1.4034,,
2025-11-28,1.3979,,
2025-12-01,1.3979,,
2025-12-02,1.3986,,
2025-12-03,1.3949,,
2025-12-04,1.3952,,
2025-12-05,1.3860,,
2025-12-08,1.3837,,
2025-12-09,1.3844,,
2025-12-10,1.3835,,
2025-12-11,1.3774,,
2025-12-12,1.3769,,
2025-12-15,1.3770,,
2025-12-16,1.3748,,
2025-12-17,1.3782,,
2025-12-18,1.3774,,
2025-12-19,1.3781,,
2025-12-22,1.3748,,
2025-12-23,1.3705,,
2025-12-24,1.3674,,
2025-12-29,1.3686,,
2025-12-30,1.3693,,
2025-12-31,1.3706,,
2026-01-02,1.3737,,
2026-01-05,1.3768,,
2026-01-06,1.3789,,
2026-01-07,1.3823,,
2026-01-08,1.3866,,
2026-01-09,1.3896,,
2026-01-12,1.3875,,
2026-01-13,1.3886,,
2026-01-14,1.3877,,
2026-01-15,1.3899,,
2026-01-16,1.3913,,
2026-01-19,1.3870,,
2026-01-20,1.3829,,
2026-01-21,1.3814,,
2026-01-22,1.3798,,
2026-01-23,1.3732,,
2026-01-26,1.3702,,
2026-01-27,1.3620,,
2026-01-28,1.3571,,
2026-01-29,1.3515,,
2026-01-30,1.3562,,
2026-02-02,1.3676,,
2026-02-03,1.3652,,
2026-02-04,1.3668,,
2026-02-05,1.3676,,
2026-02-06,1.3648,,
2026-02-09,1.3576,,
2026-02-10,1.3544,,
2026-02-11,1.3574,,
2026-02-12,1.3605,,
2026-02-13,1.3614,,
2026-02-17,1.3656,,
2026-02-18,1.3678,,
2026-02-19,1.3696,,
2026-02-20,1.3689,,
2026-02-23,1.3689,,
2026-02-24,1.3708,,
2026-02-25,1.3685,,
2026-02-26,1.3688,,
2026-02-27,1.3642,,
2026-03-02,1.3688,,
2026-03-03,1.3684,,
2026-03-04,1.3664,,
2026-03-05,1.3677,,
2026-03-06,1.3613,,
2026-03-09,1.3574,,
2026-03-10,1.3567,,
2026-03-11,1.3587,,
2026-03-12,1.3617,,
2026-03-13,1.3716,,
2026-03-16,1.3675,,
2026-03-17,1.3699,,
2026-03-18,1.3706,,
2026-03-19,1.3728,,
2026-03-20,1.3718,,
2026-03-23,1.3717,,
2026-03-24,1.3761,,
2026-03-25,1.3801,,
2026-03-26,1.3844,,
2026-03-27,1.3875,,
2026-03-30,1.3926,,
2026-03-31,1.3939,,
2026-04-01,1.3888,,
2026-04-02,1.3918,,
2026-04-06,1.3916,,
2026-04-07,1.3907,,
2026-04-08,1.3851,,
2026-04-09,1.3821,,
2026-04-10,1.3825,,
2026-04-13,1.3812,,
2026-04-14,1.3757,,
2026-04-15,1.3746,,
2026-04-16,1.3710,,
2026-04-17,1.3671,,
2026-04-20,1.3660,,
2026-04-21,1.3653,,
2026-04-22,1.3662,,
2026-04-23,1.3688,,
2026-04-24,1.3678,,
2026-04-27,1.3615,,
2026-04-28,1.3678,,
2026-04-29,1.3682,,
2026-04-30,1.3624,,
2026-05-01,1.3576,,
2026-05-04,1.3611,,
2026-05-05,1.3617,,
2026-05-06,1.3625,,
2026-05-07,1.3635,,
2026-05-08,1.3686,,
2026-05-11,1.3667,,
2026-05-12,1.3710,,
2026-05-13,1.3703,,
2026-05-14,1.3725,,
2026-05-15,1.3752,,
2026-05-19,1.3757,,
2026-05-20,1.3751,,
2026-05-21,1.3783,,
2026-05-22,1.3809,,
2026-05-25,1.3804,,
2026-05-26,1.3812,,
2026-05-27,1.3831,,
2026-05-28,1.3809,,
2026-05-29,1.3798,,
2026-06-01,1.3837,,
2026-06-02,1.3834,,
2026-06-03,1.3884,,
2026-06-04,1.3896,,
2026-06-05,1.3924,,
2026-06-08,1.3947,,
2026-06-09,1.3947,,
2026-06-10,1.3930,,
2026-06-11,1.3993,,
2026-06-12,1.3977,,
2026-06-15,1.3982,,
2026-06-16,1.3996,,
2026-06-17,1.4034,,
2026-06-18,1.4131,,
2026-06-19,1.4171,,
2026-06-22,1.4162,,
2026-06-23,1.4200,,
2026-06-24,1.4234,,
2026-06-25,1.4204,,
2026-06-26,1.4186,,
2026-06-29,1.4206,,
2026-06-30,1.4210,,
2026-07-02,1.4181,,
2026-07-03,1.4201,,
2026-07-06,1.4219,,
2026-07-07,1.4199,,
2026-07-08,1.4174,,
2026-07-09,1.4169,,
2026-07-10,1.4146,,
2026-07-13,1.4145,,
2026-07-14,1.4067,,
2026-07-15,1.4049,,
2026-07-16,1.4038,,
2026-07-17,1.4014,,
2026-07-20,1.4054,,
2026-07-21,1.4095,,
2026-07-22,1.4088,,
2026-07-23,1.4083,,
2026-07-24,1.4093,,
2026-07-27,1.4114,,
2026-07-28,1.4102,,
2026-07-29,1.4083,,
2026-07-30,1.4014,,
2026-07-31,1.4029,,
2026-08-04,1.4068,,
2026-08-05,1.4026,,
2026-08-06,1.4018,,
2026-08-07,1.3943,,
2026-08-10,1.3942,,
2026-08-11,1.3927,,
2026-08-12,1.3930,,
2026-08-13,1.3938,,
2026-08-14,1.3875,,
2026-08-17,1.3865,,
2026-08-18,1.3889,,
2026-08-19,1.3824,,
2026-08-20,1.3785,,
2026-08-21,1.3760,,
2026-08-24,1.3842,,
2026-08-25,1.3839,,
2026-08-26,1.3876,,
2026-08-27,1.3861,,
2026-08-28,1.3888,,
2026-08-31,1.3866,,
2026-09-01,1.3896,,
2026-09-02,1.3863,,
2026-09-03,1.3789,,
2026-09-04,1.3840,,
2026-09-08,1.3784,,
