issuer,kind,isin,auction,settlement,maturity,nominal,cash,cover,yield,source
IT,bill,IT0005486748,2022-03-10,2022-03-14,2023-03-14,6000.0,6026.64,1.52,-0.436,mef_pdf:12-Month-BOTs-Auction-Results-10-11.03.2022.pdf
IT,bond,IT0005433195,2022-03-11,2022-03-15,2037-03-01,2000.0,1707.729,1.37,2.11,mef_pdf:BTP-15-Years-Auction-Results-11-14.03.2022.pdf
IT,bond,IT0005467482,2022-03-11,2022-03-15,2029-02-15,3000.0,2801.836,1.39,1.47,mef_pdf:BTP-7-Years-Auction-Results-11-14.03.2022.pdf
IT,bond,IT0005474330,2022-03-11,2022-03-15,2024-12-15,2750.0,2707.375,1.52,0.57,mef_pdf:BTP-3-Years-Auction-Results-11-14.03.2022.pdf
IT,bill,IT0005492423,2022-04-27,2022-04-29,2022-10-31,5000.0,5007.95,1.49,-0.308,mef_pdf:Auction-Results-27-28.04.2022.pdf
IT,bill,IT0005492423,2022-04-27,2022-04-29,2022-10-31,500.0,500.795,,-0.308,mef_pdf:Auction-Results-27-28.04.2022.pdf#supplementary
IT,bond,IT0005484552,2022-04-29,2022-05-03,2027-04-01,2500.0,2409.411,1.49,1.91,mef_pdf:BTP-5-Years-Auction-Results-29.04-02.05.2022.pdf
IT,bond,IT0005491250,2022-04-29,2022-05-03,2030-10-15,1500.0,1489.95,1.76,0.5,mef_pdf:CCTeu-7-Years-Auction-Results-29.04-02.05.2022.pdf
IT,bond,IT0005494239,2022-04-29,2022-05-03,2032-12-01,4000.0,3906.4,1.34,2.78,mef_pdf:BTP-10-Years-Auction-Results-29.04-02.05.2022.pdf
IT,bill,IT0005494502,2022-05-11,2022-05-13,2023-05-12,6500.0,6492.07,1.5,0.121,mef_pdf:12-Month-BOTs-Auction-Results-11-12.05.2022.pdf
IT,bill,IT0005494502,2022-05-11,2022-05-13,2023-05-12,296.153,295.792,,0.121,mef_pdf:12-Month-BOTs-Auction-Results-11-12.05.2022.pdf#supplementary
IT,bond,IT0005273013,2022-05-12,2022-05-16,2048-03-01,1000.0,1080.184,1.82,3.06,mef_pdf:BTP-30-Years-26-years-residual_maturity-Auction-Results-12-13.05.2022.pdf
IT,bond,IT0005493298,2022-05-12,2022-05-16,2025-08-15,2000.0,1979.8,1.97,1.53,mef_pdf:BTP-3-Years-Auction-Results-12-13.05.2022.pdf
IT,bond,IT0005495731,2022-05-12,2022-05-16,2029-06-15,3750.0,3852.375,1.52,2.39,mef_pdf:BTP-7-Years-Auction-Results-12-13.05.2022.pdf
IT,bond,IT0005482309,2022-05-26,2022-05-30,2023-11-29,2250.0,2224.35,1.89,0.77,mef_pdf:BTP-Short-Term-Auction-Results-26-27.05.2022.pdf
IT,bond,IT0005482309,2022-05-26,2022-05-30,2023-11-29,450.0,444.87,,0.77,mef_pdf:BTP-Short-Term-Auction-Results-26-27.05.2022.pdf#supplementary
IT,bond,IT0005482994,2022-05-26,2022-05-30,2033-05-15,1250.0,1150.551,1.4,0.86,mef_pdf:BTPEi-10-Years-Auction-Results-26-27.05.2022.pdf
IT,bond,IT0005482994,2022-05-26,2022-05-30,2033-05-15,187.5,172.575,,0.86,mef_pdf:BTPEi-10-Years-Auction-Results-26-27.05.2022.pdf#supplementary
IT,bill,IT0005494510,2022-05-27,2022-05-31,2022-11-30,5000.0,5002.25,1.54,-0.088,mef_pdf:6-Month-BOTs-Auction-Results-27-30.05.2022.pdf
IT,bill,IT0005494510,2022-05-27,2022-05-31,2022-11-30,258.93,259.047,,-0.088,mef_pdf:6-Month-BOTs-Auction-Results-27-30.05.2022.pdf#supplementary
IT,bond,IT0005484552,2022-05-31,2022-06-02,2027-04-01,3000.0,2861.905,1.57,2.16,mef_pdf:BTP-5-Years-Auction-Results-31.05-01.06.2022.pdf
IT,bond,IT0005491250,2022-05-31,2022-06-02,2030-10-15,1250.0,1204.125,1.84,0.87,mef_pdf:CCTeu-7-Years-Auction-Results-31.05-01.06.2022.pdf
IT,bond,IT0005491250,2022-05-31,2022-06-02,2030-10-15,187.5,180.619,,0.87,mef_pdf:CCTeu-7-Years-Auction-Results-31.05-01.06.2022.pdf#supplementary
IT,bond,IT0005494239,2022-05-31,2022-06-02,2032-12-01,2500.0,2371.671,1.59,3.1,mef_pdf:BTP-10-Years-Auction-Results-31.05-01.06.2022.pdf
IT,bill,IT0005497323,2022-06-10,2022-06-14,2023-06-14,6500.0,6441.695,1.41,0.893,mef_pdf:12-Month-BOTs-Auction-Results-10-13.06.2022.pdf
IT,bond,IT0005363111,2022-06-14,2022-06-16,2049-09-01,747.975,719.617,2.2,4.2,mef_pdf:BTP-30-Years-27-years-residual_maturity-Auction-Results-14-15.06.2022.pdf
IT,bond,IT0005363111,2022-06-14,2022-06-16,2049-09-01,149.595,142.235,,4.2,mef_pdf:BTP-30-Years-27-years-residual_maturity-Auction-Results-14-15.06.2022.pdf#supplementary
IT,bond,IT0005480980,2022-06-14,2022-06-16,2052-09-01,752.025,495.737,2.25,4.23,mef_pdf:BTP-30-Years-Auction-Results-14-15.06.2022.pdf
IT,bond,IT0005480980,2022-06-14,2022-06-16,2052-09-01,150.405,98.199,,4.23,mef_pdf:BTP-30-Years-Auction-Results-14-15.06.2022.pdf#supplementary
IT,bond,IT0005493298,2022-06-14,2022-06-16,2025-08-15,2000.0,1891.0,1.63,3.04,mef_pdf:BTP-3-Years-Auction-Results-14-15.06.2022.pdf
IT,bond,IT0005493298,2022-06-14,2022-06-16,2025-08-15,400.0,378.2,,3.04,mef_pdf:BTP-3-Years-Auction-Results-14-15.06.2022.pdf#supplementary
IT,bond,IT0005495731,2022-06-14,2022-06-16,2029-06-15,2500.0,2359.692,1.48,3.75,mef_pdf:BTP-7-Years-Auction-Results-14-15.06.2022.pdf
IT,bond,IT0005495731,2022-06-14,2022-06-16,2029-06-15,500.0,471.9,,3.75,mef_pdf:BTP-7-Years-Auction-Results-14-15.06.2022.pdf#supplementary
IT,bond,IT0005499311,2022-06-24,2022-06-29,2024-05-30,4000.0,4009.6,1.58,1.63,mef_pdf:BTP-Short-Term-Auction-Results-24-27.06.2022.pdf
IT,bond,IT0005451361,2022-06-30,2022-07-04,2029-04-15,1000.0,982.9,1.86,0.58,mef_pdf:CCTeu-7-Years-7-years-residual_maturity-Auction-Results-30.06-01.07.2022.pdf
IT,bond,IT0005451361,2022-06-30,2022-07-04,2029-04-15,150.0,147.435,,0.58,mef_pdf:CCTeu-7-Years-7-years-residual_maturity-Auction-Results-30.06-01.07.2022.pdf#supplementary
IT,bond,IT0005494239,2022-06-30,2022-07-04,2032-12-01,2000.0,1840.521,1.62,3.47,mef_pdf:BTP-10-Years-Auction-Results-30.06-01.07.2022.pdf
IT,bond,IT0005494239,2022-06-30,2022-07-04,2032-12-01,400.0,367.2,,3.47,mef_pdf:BTP-10-Years-Auction-Results-30.06-01.07.2022.pdf#supplementary
IT,bond,IT0005500068,2022-06-30,2022-07-04,2027-12-01,4000.0,3984.8,1.4,2.74,mef_pdf:BTP-5-Years-Auction-Results-30.06-01.07.2022.pdf
IT,bond,IT0005500068,2022-06-30,2022-07-04,2027-12-01,1200.0,1195.44,,2.74,mef_pdf:BTP-5-Years-Auction-Results-30.06-01.07.2022.pdf#supplementary
IT,bill,IT0005500027,2022-07-12,2022-07-14,2023-07-14,7000.0,6949.11,1.41,0.722,mef_pdf:12-Month-BOTs-Auction-Results-12-13.07.2022.pdf
IT,bond,IT0005493298,2022-07-13,2022-07-15,2025-08-15,3250.0,3188.25,1.57,1.84,mef_pdf:BTP-3-Years-Auction-Results-13-14.07.2022.pdf
IT,bond,IT0005495731,2022-07-13,2022-07-15,2029-06-15,2500.0,2514.503,1.58,2.76,mef_pdf:BTP-7-Years-Auction-Results-13-14.07.2022.pdf
IT,bond,IT0005496770,2022-07-13,2022-07-15,2038-03-01,1250.0,1239.762,1.6,3.45,mef_pdf:BTP-15-Years-Auction-Results-13-14.07.2022.pdf
IT,bond,IT0004545890,2022-07-26,2022-07-28,2041-09-15,499.981,597.093,2.09,1.45,mef_pdf:BTPEi-30-Years-19-years-residual_maturity-Auction-Results-26-27.07.2022.pdf
IT,bond,IT0005482994,2022-07-26,2022-07-28,2033-05-15,750.019,655.069,1.84,1.37,mef_pdf:BTPEi-10-Years-Auction-Results-26-27.07.2022.pdf
IT,bond,IT0005499311,2022-07-26,2022-07-28,2024-05-30,2500.0,2502.25,1.77,1.71,mef_pdf:BTP-Short-Term-Auction-Results-26-27.07.2022.pdf
IT,bond,IT0005499311,2022-07-26,2022-07-28,2024-05-30,179.465,179.627,,1.71,mef_pdf:BTP-Short-Term-Auction-Results-26-27.07.2022.pdf#supplementary
IT,bill,IT0005500035,2022-07-27,2022-07-29,2023-01-31,6000.0,5980.62,1.47,0.628,mef_pdf:6-Month-BOTs-Auction-Results-27-28.07.2022.pdf
IT,bill,IT0005500035,2022-07-27,2022-07-29,2023-01-31,600.0,598.062,,0.628,mef_pdf:6-Month-BOTs-Auction-Results-27-28.07.2022.pdf#supplementary
IT,bond,IT0005466013,2022-07-28,2022-08-01,2032-06-01,1500.0,1204.332,1.72,3.36,mef_pdf:BTP-10-Years-10-years-residual_maturity-Auction-Results-28-29.07.2022.pdf
IT,bond,IT0005466013,2022-07-28,2022-08-01,2032-06-01,300.0,240.39,,3.36,mef_pdf:BTP-10-Years-10-years-residual_maturity-Auction-Results-28-29.07.2022.pdf#supplementary
IT,bond,IT0005491250,2022-07-28,2022-08-01,2030-10-15,1250.0,1167.5,1.76,1.26,mef_pdf:CCTeu-7-Years-Auction-Results-28-29.07.2022.pdf
IT,bond,IT0005491250,2022-07-28,2022-08-01,2030-10-15,187.5,175.125,,1.26,mef_pdf:CCTeu-7-Years-Auction-Results-28-29.07.2022.pdf#supplementary
IT,bond,IT0005494239,2022-07-28,2022-08-01,2032-12-01,2000.0,1847.556,1.57,3.46,mef_pdf:BTP-10-Years-Auction-Results-28-29.07.2022.pdf
IT,bond,IT0005494239,2022-07-28,2022-08-01,2032-12-01,400.0,367.84,,3.46,mef_pdf:BTP-10-Years-Auction-Results-28-29.07.2022.pdf#supplementary
IT,bond,IT0005500068,2022-07-28,2022-08-01,2027-12-01,2750.0,2730.2,1.51,2.82,mef_pdf:BTP-5-Years-Auction-Results-28-29.07.2022.pdf
IT,bond,IT0005500068,2022-07-28,2022-08-01,2027-12-01,550.0,546.04,,2.82,mef_pdf:BTP-5-Years-Auction-Results-28-29.07.2022.pdf#supplementary
IT,bill,IT0005505075,2022-08-10,2022-08-12,2023-08-14,7000.0,6929.79,1.37,0.994,mef_pdf:12-Month-BOTs-Auction-Results-10-11.08.2022.pdf
IT,bill,IT0005505075,2022-08-10,2022-08-12,2023-08-14,700.0,692.979,,0.994,mef_pdf:12-Month-BOTs-Auction-Results-10-11.08.2022.pdf#supplementary
IT,bond,IT0005499311,2022-08-25,2022-08-30,2024-05-30,2500.0,2495.5,1.78,1.86,mef_pdf:BTP-Short-Term-Auction-Results-25-26.08.2022.pdf
IT,bond,IT0005499311,2022-08-25,2022-08-30,2024-05-30,248.27,247.823,,1.86,mef_pdf:BTP-Short-Term-Auction-Results-25-26.08.2022.pdf#supplementary
IT,bill,IT0005505083,2022-08-26,2022-08-31,2023-02-28,6000.0,5975.64,1.46,0.81,mef_pdf:6-Month-BOTs-Auction-Results-26-29.08.2022.pdf
IT,bond,IT0005024234,2022-08-30,2022-09-01,2030-03-01,1250.0,1268.625,1.8,3.3,mef_pdf:BTP-15-Years-8-years-residual_maturity-Auction-Results-30-31.08.2022.pdf
IT,bond,IT0005491250,2022-08-30,2022-09-01,2030-10-15,1250.0,1189.125,1.71,1.04,mef_pdf:CCTeu-7-Years-Auction-Results-30-31.08.2022.pdf
IT,bond,IT0005494239,2022-08-30,2022-09-01,2032-12-01,2250.0,2031.753,1.54,3.76,mef_pdf:BTP-10-Years-Auction-Results-30-31.08.2022.pdf
IT,bond,IT0005500068,2022-08-30,2022-09-01,2027-12-01,3250.0,3184.675,1.45,3.09,mef_pdf:BTP-5-Years-Auction-Results-30-31.08.2022.pdf
IT,bill,IT0005508236,2022-09-09,2022-09-14,2023-09-14,7000.0,6854.68,1.31,2.091,mef_pdf:12-Month-BOTs-Auction-Results-9-12.09.2022.pdf
IT,bill,IT0005508236,2022-09-09,2022-09-14,2023-09-14,700.0,685.468,,2.091,mef_pdf:12-Month-BOTs-Auction-Results-9-12.09.2022.pdf#supplementary
IT,bond,IT0005083057,2022-09-13,2022-09-15,2046-09-01,1500.0,1330.12,1.45,4.04,mef_pdf:BTP-30-Years-24-years-residual_maturity-Auction-Results-13-14.09.2022.pdf
IT,bond,IT0005493298,2022-09-13,2022-09-15,2025-08-15,2750.0,2634.278,1.7,2.77,mef_pdf:BTP-3-Years-Auction-Results-13-14.09.2022.pdf
IT,bond,IT0005495731,2022-09-13,2022-09-15,2029-06-15,3250.0,3142.287,1.48,3.5,mef_pdf:BTP-7-Years-Auction-Results-13-14.09.2022.pdf
IT,bond,IT0005482994,2022-09-27,2022-09-29,2033-05-15,1250.0,978.594,1.31,2.45,mef_pdf:BTPEi-10-Years-Auction-Results-27-28.09.2022.pdf
IT,bond,IT0005482994,2022-09-27,2022-09-29,2033-05-15,3.0,2.348,,2.45,mef_pdf:BTPEi-10-Years-Auction-Results-27-28.09.2022.pdf#supplementary
IT,bond,IT0005499311,2022-09-27,2022-09-29,2024-05-30,2500.0,2439.75,1.7,3.27,mef_pdf:BTP-Short-Term-Auction-Results-27-28.09.2022.pdf
IT,bond,IT0005499311,2022-09-27,2022-09-29,2024-05-30,500.0,487.95,,3.27,mef_pdf:BTP-Short-Term-Auction-Results-27-28.09.2022.pdf#supplementary
IT,bill,IT0005508244,2022-09-28,2022-09-30,2023-03-31,5000.0,4950.5,1.42,1.978,mef_pdf:6-Month-BOTs-Auction-Results-28-29.09.2022.pdf
IT,bill,IT0005508244,2022-09-28,2022-09-30,2023-03-31,500.0,495.05,,1.978,mef_pdf:6-Month-BOTs-Auction-Results-28-29.09.2022.pdf#supplementary
IT,bond,IT0005451361,2022-09-29,2022-10-03,2029-04-15,1000.0,966.3,1.94,0.85,mef_pdf:CCTeu-7-Years-7-years-residual_maturity-Auction-Results-29-30.09.2022.pdf
IT,bond,IT0005451361,2022-09-29,2022-10-03,2029-04-15,150.0,144.945,,0.85,mef_pdf:CCTeu-7-Years-7-years-residual_maturity-Auction-Results-29-30.09.2022.pdf#supplementary
IT,bond,IT0005494239,2022-09-29,2022-10-03,2032-12-01,2500.0,2090.983,1.42,4.7,mef_pdf:BTP-10-Years-Auction-Results-29-30.09.2022.pdf
IT,bond,IT0005494239,2022-09-29,2022-10-03,2032-12-01,500.0,413.95,,4.7,mef_pdf:BTP-10-Years-Auction-Results-29-30.09.2022.pdf#supplementary
IT,bond,IT0005500068,2022-09-29,2022-10-03,2027-12-01,2750.0,2569.325,1.48,4.12,mef_pdf:BTP-5-Years-Auction-Results-29-30.09.2022.pdf
IT,bond,IT0005500068,2022-09-29,2022-10-03,2027-12-01,550.0,513.865,,4.12,mef_pdf:BTP-5-Years-Auction-Results-29-30.09.2022.pdf#supplementary
IT,bill,IT0005512030,2022-10-12,2022-10-14,2023-10-13,6000.0,5850.24,1.4,2.532,mef_pdf:12-Month-BOTs-Auction-Results-12-13.10.2022.pdf
IT,bond,IT0004286966,2022-10-13,2022-10-17,2039-08-01,1250.0,1303.31,1.52,4.78,mef_pdf:BTP-30-Years-17-years-residual_maturity-Auction-Results-13-14.10.2022.pdf
IT,bond,IT0004286966,2022-10-13,2022-10-17,2039-08-01,250.0,258.025,,4.78,mef_pdf:BTP-30-Years-17-years-residual_maturity-Auction-Results-13-14.10.2022.pdf#supplementary
IT,bond,IT0005495731,2022-10-13,2022-10-17,2029-06-15,2750.0,2554.234,1.45,4.25,mef_pdf:BTP-7-Years-Auction-Results-13-14.10.2022.pdf
IT,bond,IT0005495731,2022-10-13,2022-10-17,2029-06-15,550.0,505.615,,4.25,mef_pdf:BTP-7-Years-Auction-Results-13-14.10.2022.pdf#supplementary
IT,bond,IT0005496770,2022-10-13,2022-10-17,2038-03-01,1000.0,840.596,1.57,4.82,mef_pdf:BTP-15-Years-Auction-Results-13-14.10.2022.pdf
IT,bond,IT0005496770,2022-10-13,2022-10-17,2038-03-01,200.0,167.3,,4.82,mef_pdf:BTP-15-Years-Auction-Results-13-14.10.2022.pdf#supplementary
IT,bond,IT0005514473,2022-10-13,2022-10-17,2026-01-15,3750.0,3746.25,1.5,3.57,mef_pdf:BTP-3-Years-Auction-Results-13-14.10.2022.pdf
IT,bond,IT0005514473,2022-10-13,2022-10-17,2026-01-15,1125.0,1123.875,,3.57,mef_pdf:BTP-3-Years-Auction-Results-13-14.10.2022.pdf#supplementary
IT,bond,IT0005415416,2022-10-26,2022-10-28,2026-05-15,750.0,740.817,1.55,1.09,mef_pdf:BTPEi-5-Years-Auction-Results-26-27.10.2022.pdf
IT,bond,IT0005415416,2022-10-26,2022-10-28,2026-05-15,112.5,110.79,,1.09,mef_pdf:BTPEi-5-Years-Auction-Results-26-27.10.2022.pdf#supplementary
IT,bond,IT0005482994,2022-10-26,2022-10-28,2033-05-15,750.0,602.066,1.57,2.22,mef_pdf:BTPEi-10-Years-Auction-Results-26-27.10.2022.pdf
IT,bond,IT0005482994,2022-10-26,2022-10-28,2033-05-15,112.5,90.259,,2.22,mef_pdf:BTPEi-10-Years-Auction-Results-26-27.10.2022.pdf#supplementary
IT,bond,IT0005499311,2022-10-26,2022-10-28,2024-05-30,2500.0,2457.25,1.6,2.88,mef_pdf:BTP-Short-Term-Auction-Results-26-27.10.2022.pdf
IT,bond,IT0005499311,2022-10-26,2022-10-28,2024-05-30,500.0,491.45,,2.88,mef_pdf:BTP-Short-Term-Auction-Results-26-27.10.2022.pdf#supplementary
IT,bill,IT0005512857,2022-10-27,2022-10-31,2023-04-28,6000.0,5939.46,1.39,2.049,mef_pdf:6-Month-BOTs-Auction-Results-27-28.10.2022.pdf
IT,bill,IT0005512857,2022-10-27,2022-10-31,2023-04-28,37.95,37.567,,2.049,mef_pdf:6-Month-BOTs-Auction-Results-27-28.10.2022.pdf#supplementary
IT,bond,IT0005428617,2022-10-28,2022-11-01,2026-04-15,1000.0,998.8,2.16,2.54,mef_pdf:CCteu-5-Years-Auction-Results-28-31.10.2022.pdf
IT,bond,IT0005500068,2022-10-28,2022-11-01,2027-12-01,2750.0,2648.8,1.49,3.48,mef_pdf:BTP-5-Years-Auction-Results-28-31.10.2022.pdf
IT,bond,IT0005518128,2022-10-28,2022-11-01,2033-05-01,3750.0,3814.125,1.3,4.24,mef_pdf:BTP-10-Years-Auction-Results-28-31.10.2022.pdf
IT,bill,IT0005518516,2022-11-10,2022-11-14,2023-11-14,5500.0,5353.975,1.5,2.69,mef_pdf:12-Month-BOTs-Auction-Results-10-11.11.2022.pdf
IT,bill,IT0005518516,2022-11-10,2022-11-14,2023-11-14,550.0,535.398,,2.69,mef_pdf:12-Month-BOTs-Auction-Results-10-11.11.2022.pdf#supplementary
IT,bond,IT0005508590,2022-11-11,2022-11-15,2035-04-30,2000.0,1961.107,1.56,4.26,mef_pdf:BTP-Green-Auction-Results-11-14.11.2022.pdf
IT,bond,IT0005514473,2022-11-11,2022-11-15,2026-01-15,2750.0,2775.3,1.78,3.22,mef_pdf:BTP-3-Years-Auction-Results-11-14.11.2022.pdf
IT,bond,IT0005519787,2022-11-11,2022-11-15,2029-12-15,4000.0,4010.8,1.42,3.84,mef_pdf:BTP-7-Years-Auction-Results-11-14.11.2022.pdf
IT,bond,IT0005282527,2022-11-24,2022-11-29,2024-11-15,1500.0,1470.084,1.91,2.54,mef_pdf:BTP-7-Years-2-years-residual_maturity-Auction-Results-24-25.11.2022.pdf
IT,bond,IT0005499311,2022-11-24,2022-11-29,2024-05-30,1250.0,1232.125,2.07,2.75,mef_pdf:BTP-Short-Term-Auction-Results-24-25.11.2022.pdf
IT,bill,IT0005518524,2022-11-25,2022-11-30,2023-05-31,5000.0,4941.95,1.57,2.324,mef_pdf:6-Month-BOTs-Auction-Results-25-28.11.2022.pdf
IT,bill,IT0005518524,2022-11-25,2022-11-30,2023-05-31,423.0,418.089,,2.324,mef_pdf:6-Month-BOTs-Auction-Results-25-28.11.2022.pdf#supplementary
IT,bond,IT0005491250,2022-11-29,2022-12-01,2030-10-15,1250.0,1209.5,1.82,3.21,mef_pdf:CCTeu-7-Years-Auction-Results-29-30.11.2022.pdf
IT,bond,IT0005491250,2022-11-29,2022-12-01,2030-10-15,165.168,159.817,,3.21,mef_pdf:CCTeu-7-Years-Auction-Results-29-30.11.2022.pdf#supplementary
IT,bond,IT0005518128,2022-11-29,2022-12-01,2033-05-01,3000.0,3131.749,1.47,3.96,mef_pdf:BTP-10-Years-Auction-Results-29-30.11.2022.pdf
IT,bill,IT0005523854,2022-12-09,2022-12-14,2023-12-14,6000.0,5841.9,1.42,2.669,mef_pdf:12-Month-BOTs-Auction-Results-9-12.12.2022.pdf
IT,bill,IT0005523854,2022-12-09,2022-12-14,2023-12-14,418.85,407.813,,2.669,mef_pdf:12-Month-BOTs-Auction-Results-9-12.12.2022.pdf#supplementary
IT,bond,IT0005474330,2022-12-13,2022-12-15,2024-12-15,1500.0,1424.4,2.39,2.62,mef_pdf:BTP-3-Years-2-years-residual_maturity-Auction-Results-13-14.12.2022.pdf
IT,bond,IT0005514473,2022-12-13,2022-12-15,2026-01-15,2000.0,2026.4,1.85,3.07,mef_pdf:BTP-3-Years-Auction-Results-13-14.12.2022.pdf
IT,bond,IT0005519787,2022-12-13,2022-12-15,2029-12-15,3500.0,3557.75,1.38,3.61,mef_pdf:BTP-7-Years-Auction-Results-13-14.12.2022.pdf
IT,bill,IT0005529752,2023-01-11,2023-01-13,2024-01-12,7000.0,6788.18,1.39,3.086,mef_pdf:12-Month-BOTs-Auction-Results-11-12.01.2023.pdf
IT,bill,IT0005529752,2023-01-11,2023-01-13,2024-01-12,700.0,678.818,,3.086,mef_pdf:12-Month-BOTs-Auction-Results-11-12.01.2023.pdf#supplementary
IT,bond,IT0005514473,2023-01-12,2023-01-16,2026-01-15,3500.0,3526.586,1.52,3.26,mef_pdf:BTP-3-Years-Auction-Results-12-13.01.2023.pdf
IT,bond,IT0005514473,2023-01-12,2023-01-16,2026-01-15,700.0,705.25,,3.26,mef_pdf:BTP-3-Years-Auction-Results-12-13.01.2023.pdf#supplementary
IT,bond,IT0005519787,2023-01-12,2023-01-16,2029-12-15,3500.0,3535.264,1.41,3.77,mef_pdf:BTP-7-Years-Auction-Results-12-13.01.2023.pdf
IT,bond,IT0005519787,2023-01-12,2023-01-16,2029-12-15,700.0,704.69,,3.77,mef_pdf:BTP-7-Years-Auction-Results-12-13.01.2023.pdf#supplementary
IT,bond,IT0005090318,2023-01-26,2023-01-30,2025-06-01,1250.0,1210.832,2.39,3.03,mef_pdf:BTP-10-Years-2-years-residual_maturity-Auction-Results-26-27.01.2023.pdf
IT,bond,IT0005345183,2023-01-26,2023-01-30,2025-11-15,2000.0,1979.211,1.92,3.1,mef_pdf:BTP-7-Years-2-years-residual_maturity-Auction-Results-26-27.01.2023.pdf
IT,bond,IT0005482994,2023-01-26,2023-01-30,2033-05-15,1750.0,1439.389,1.42,2.03,mef_pdf:BTPEi-10-Years-Auction-Results-26-27.01.2023.pdf
IT,bill,IT0005531295,2023-01-27,2023-01-31,2023-07-31,5000.0,4930.05,1.5,2.822,mef_pdf:6-Month-BOTs-Auction-Results-27-30.01.2023.pdf
IT,bill,IT0005531295,2023-01-27,2023-01-31,2023-07-31,200.0,197.202,,2.822,mef_pdf:6-Month-BOTs-Auction-Results-27-30.01.2023.pdf#supplementary
IT,bond,IT0005428617,2023-01-31,2023-02-02,2026-04-15,1500.0,1496.55,1.76,2.58,mef_pdf:CCteu-5-Years-Auction-Results-31.01-01.02.2023.pdf
IT,bond,IT0005428617,2023-01-31,2023-02-02,2026-04-15,225.0,224.482,,2.58,mef_pdf:CCteu-5-Years-Auction-Results-31.01-01.02.2023.pdf#supplementary
IT,bond,IT0005518128,2023-01-31,2023-02-02,2033-05-01,3500.0,3587.538,1.35,4.28,mef_pdf:BTP-10-Years-Auction-Results-31.01-01.02.2023.pdf
IT,bond,IT0005518128,2023-01-31,2023-02-02,2033-05-01,700.0,709.66,,4.28,mef_pdf:BTP-10-Years-Auction-Results-31.01-01.02.2023.pdf#supplementary
IT,bond,IT0005521981,2023-01-31,2023-02-02,2028-04-01,4000.0,3949.6,1.38,3.7,mef_pdf:BTP-5-Years-Auction-Results-31.01-01.02.2023.pdf
IT,bond,IT0005521981,2023-01-31,2023-02-02,2028-04-01,800.0,789.92,,3.7,mef_pdf:BTP-5-Years-Auction-Results-31.01-01.02.2023.pdf#supplementary
IT,bill,IT0005532988,2023-02-10,2023-02-14,2024-02-14,7000.0,6781.39,1.38,3.179,mef_pdf:12-Month-BOTs-Auction-Results-10-13.02.2023.pdf
IT,bond,IT0005496770,2023-02-14,2023-02-16,2038-03-01,1500.0,1359.238,1.55,4.28,mef_pdf:BTP-15-Years-Auction-Results-14-15.02.2023.pdf
IT,bond,IT0005514473,2023-02-14,2023-02-16,2026-01-15,3500.0,3526.14,1.5,3.37,mef_pdf:BTP-3-Years-Auction-Results-14-15.02.2023.pdf
IT,bond,IT0005519787,2023-02-14,2023-02-16,2029-12-15,3500.0,3540.758,1.37,3.8,mef_pdf:BTP-7-Years-Auction-Results-14-15.02.2023.pdf
IT,bond,IT0005482994,2023-02-22,2023-02-24,2033-05-15,1500.0,1216.465,1.43,2.19,mef_pdf:BTPEi-10-Years-Auction-Results-22-23.02.2023.pdf
IT,bond,IT0005482994,2023-02-22,2023-02-24,2033-05-15,225.0,182.407,,2.19,mef_pdf:BTPEi-10-Years-Auction-Results-22-23.02.2023.pdf#supplementary
IT,bond,IT0005534281,2023-02-22,2023-02-24,2025-03-28,3750.0,3732.375,1.51,3.67,mef_pdf:BTP-Short-Term-Auction-Results-22-23.02.2023.pdf
IT,bond,IT0005534281,2023-02-22,2023-02-24,2025-03-28,1125.0,1119.713,,3.67,mef_pdf:BTP-Short-Term-Auction-Results-22-23.02.2023.pdf#supplementary
IT,bill,IT0005523854,2023-02-23,2023-02-28,2023-12-14,2000.0,1949.36,1.61,3.236,mef_pdf:12-Month-BOTs-Auction-Results-23-24.02.2023.pdf
IT,bill,IT0005531295,2023-02-23,2023-02-28,2023-07-31,3000.0,2961.6,1.57,3.05,mef_pdf:6-Month-BOTs-Auction-Results-23-24.02.2023.pdf
IT,bill,IT0005531295,2023-02-23,2023-02-28,2023-07-31,90.0,88.848,,3.05,mef_pdf:6-Month-BOTs-Auction-Results-23-24.02.2023.pdf#supplementary
IT,bond,IT0005518128,2023-02-24,2023-03-01,2033-05-01,3500.0,3581.43,1.34,4.34,mef_pdf:BTP-10-Years-Auction-Results-24-27.02.2023.pdf
IT,bond,IT0005521981,2023-02-24,2023-03-01,2028-04-01,2500.0,2453.25,1.55,3.84,mef_pdf:BTP-5-Years-Auction-Results-24-27.02.2023.pdf
IT,bond,IT0005534984,2023-02-24,2023-03-01,2028-10-15,3500.0,3469.2,1.36,2.97,mef_pdf:CCTeu-7-Years-Auction-Results-24-27.02.2023.pdf
IT,bond,IT0005534984,2023-02-24,2023-03-01,2028-10-15,1050.0,1040.76,,2.97,mef_pdf:CCTeu-7-Years-Auction-Results-24-27.02.2023.pdf#supplementary
IT,bill,IT0005537094,2023-03-10,2023-03-14,2024-03-14,6500.0,6269.705,1.41,3.613,mef_pdf:12-Month-BOTs-Auction-Results-10-13.03.2023.pdf
IT,bill,IT0005537094,2023-03-10,2023-03-14,2024-03-14,650.0,626.97,,3.613,mef_pdf:12-Month-BOTs-Auction-Results-10-13.03.2023.pdf#supplementary
IT,bond,IT0005441883,2023-03-14,2023-03-16,2072-03-01,750.0,436.788,1.58,4.2,mef_pdf:BTP-50-Years-Auction-Results-14-15.03.2023.pdf
IT,bond,IT0005441883,2023-03-14,2023-03-16,2072-03-01,150.0,87.225,,4.2,mef_pdf:BTP-50-Years-Auction-Results-14-15.03.2023.pdf#supplementary
IT,bond,IT0005508590,2023-03-14,2023-03-16,2035-04-30,2000.0,1964.027,1.41,4.4,mef_pdf:BTP-Green-Auction-Results-14-15.03.2023.pdf
IT,bond,IT0005508590,2023-03-14,2023-03-16,2035-04-30,400.0,386.8,,4.4,mef_pdf:BTP-Green-Auction-Results-14-15.03.2023.pdf#supplementary
IT,bond,IT0005519787,2023-03-14,2023-03-16,2029-12-15,3000.0,3012.596,1.42,3.98,mef_pdf:BTP-7-Years-Auction-Results-14-15.03.2023.pdf
IT,bond,IT0005519787,2023-03-14,2023-03-16,2029-12-15,600.0,596.76,,3.98,mef_pdf:BTP-7-Years-Auction-Results-14-15.03.2023.pdf#supplementary
IT,bond,IT0005538597,2023-03-14,2023-03-16,2026-04-15,4000.0,4014.4,1.38,3.71,mef_pdf:BTP-3-Years-Auction-Results-14-15.03.2023.pdf
IT,bond,IT0005538597,2023-03-14,2023-03-16,2026-04-15,1200.0,1204.32,,3.71,mef_pdf:BTP-3-Years-Auction-Results-14-15.03.2023.pdf#supplementary
IT,bond,IT0005045270,2023-03-28,2023-03-30,2024-12-01,1250.0,1248.438,1.9,3.1,mef_pdf:BTP-10-Years-1-year-residual_maturity-Auction-Results-28-29.03.2023.pdf
IT,bond,IT0005045270,2023-03-28,2023-03-30,2024-12-01,29.835,29.555,,3.1,mef_pdf:BTP-10-Years-1-year-residual_maturity-Auction-Results-28-29.03.2023.pdf#supplementary
IT,bond,IT0005482994,2023-03-28,2023-03-30,2033-05-15,1500.0,1238.955,1.37,2.02,mef_pdf:BTPEi-10-Years-Auction-Results-28-29.03.2023.pdf
IT,bond,IT0005482994,2023-03-28,2023-03-30,2033-05-15,225.0,185.76,,2.02,mef_pdf:BTPEi-10-Years-Auction-Results-28-29.03.2023.pdf#supplementary
IT,bond,IT0005534281,2023-03-28,2023-03-30,2025-03-28,2750.0,2757.662,1.48,3.29,mef_pdf:BTP-Short-Term-Auction-Results-28-29.03.2023.pdf
IT,bond,IT0005534281,2023-03-28,2023-03-30,2025-03-28,47.0,47.122,,3.29,mef_pdf:BTP-Short-Term-Auction-Results-28-29.03.2023.pdf#supplementary
IT,bill,IT0005500027,2023-03-29,2023-03-31,2023-07-14,2000.0,1983.04,1.64,2.934,mef_pdf:12-Month-BOTs-Auction-Results-29-30.03.2023.pdf
IT,bill,IT0005500027,2023-03-29,2023-03-31,2023-07-14,6.0,5.949,,2.934,mef_pdf:12-Month-BOTs-Auction-Results-29-30.03.2023.pdf#supplementary
IT,bill,IT0005541278,2023-03-29,2023-03-31,2023-09-29,5000.0,4923.45,1.39,3.076,mef_pdf:6-Month-BOTs-Auction-Results-29-30.03.2023.pdf
IT,bill,IT0005541278,2023-03-29,2023-03-31,2023-09-29,13.5,13.293,,3.076,mef_pdf:6-Month-BOTs-Auction-Results-29-30.03.2023.pdf#supplementary
IT,bond,IT0005451361,2023-03-30,2023-04-03,2029-04-15,1250.0,1239.625,1.95,2.8,mef_pdf:CCTeu-7-Years-6-years-residual_maturity-Auction-Results-30-31.03.2023.pdf
IT,bond,IT0005451361,2023-03-30,2023-04-03,2029-04-15,187.5,185.944,,2.8,mef_pdf:CCTeu-7-Years-6-years-residual_maturity-Auction-Results-30-31.03.2023.pdf#supplementary
IT,bond,IT0005491250,2023-03-30,2023-04-03,2030-10-15,1250.0,1217.875,1.71,3.13,mef_pdf:CCTeu-7-Years-7-years-residual_maturity-Auction-Results-30-31.03.2023-1.pdf
IT,bond,IT0005491250,2023-03-30,2023-04-03,2030-10-15,187.5,182.681,,3.13,mef_pdf:CCTeu-7-Years-7-years-residual_maturity-Auction-Results-30-31.03.2023-1.pdf#supplementary
IT,bond,IT0005518128,2023-03-30,2023-04-03,2033-05-01,3500.0,3655.203,1.38,4.12,mef_pdf:BTP-10-Years-Auction-Results-30-31.03.2023.pdf
IT,bond,IT0005521981,2023-03-30,2023-04-03,2028-04-01,3000.0,2978.359,1.49,3.59,mef_pdf:BTP-5-Years-Auction-Results-30-31.03.2023.pdf
IT,bill,IT0005505075,2023-04-12,2023-04-14,2023-08-14,2000.0,1979.02,1.91,3.127,mef_pdf:12-Month-BOTs-Auction-Results-12-13.04.2023-4-months-residual-maturity.pdf
IT,bill,IT0005505075,2023-04-12,2023-04-14,2023-08-14,56.452,55.86,,3.127,mef_pdf:12-Month-BOTs-Auction-Results-12-13.04.2023-4-months-residual-maturity.pdf#supplementary
IT,bill,IT0005542516,2023-04-12,2023-04-14,2024-04-12,6500.0,6284.59,1.4,3.39,mef_pdf:12-Month-BOTs-Auction-Results-12-13.04.2023.pdf
IT,bill,IT0005542516,2023-04-12,2023-04-14,2024-04-12,320.381,309.764,,3.39,mef_pdf:12-Month-BOTs-Auction-Results-12-13.04.2023.pdf#supplementary
IT,bond,IT0003934657,2023-04-13,2023-04-17,2037-02-01,1250.0,1211.899,1.69,4.42,mef_pdf:BTP-30-Years-14-years-residual_maturity-Auction-Results-13-14.04.2023.pdf
IT,bond,IT0003934657,2023-04-13,2023-04-17,2037-02-01,250.0,240.325,,4.42,mef_pdf:BTP-30-Years-14-years-residual_maturity-Auction-Results-13-14.04.2023.pdf#supplementary
IT,bond,IT0004923998,2023-04-13,2023-04-17,2044-09-01,1250.0,1292.396,1.67,4.6,mef_pdf:BTP-30-Years-21-years-residual_maturity-Auction-Results-13-14.04.2023.pdf
IT,bond,IT0004923998,2023-04-13,2023-04-17,2044-09-01,214.116,220.068,,4.6,mef_pdf:BTP-30-Years-21-years-residual_maturity-Auction-Results-13-14.04.2023.pdf#supplementary
IT,bond,IT0005538597,2023-04-13,2023-04-17,2026-04-15,3250.0,3272.452,1.46,3.59,mef_pdf:BTP-3-Years-Auction-Results-13-14.04.2023.pdf
IT,bond,IT0005538597,2023-04-13,2023-04-17,2026-04-15,445.893,448.88,,3.59,mef_pdf:BTP-3-Years-Auction-Results-13-14.04.2023.pdf#supplementary
IT,bond,IT0005542797,2023-04-13,2023-04-17,2030-06-15,3750.0,3684.75,1.36,4.02,mef_pdf:BTP-7-Years-Auction-Results-13-14.04.2023.pdf
IT,bond,IT0005542797,2023-04-13,2023-04-17,2030-06-15,318.312,312.773,,4.02,mef_pdf:BTP-7-Years-Auction-Results-13-14.04.2023.pdf#supplementary
IT,bond,IT0005534281,2023-04-21,2023-04-26,2025-03-28,2500.0,2500.003,1.52,3.58,mef_pdf:BTP-Short-Term-Auction-Results-21-24.04.2023.pdf
IT,bond,IT0005543803,2023-04-21,2023-04-26,2029-05-15,2500.0,2471.75,1.31,1.7,mef_pdf:BTPEi-5-Years-Auction-Results-21-24.04.2023.pdf
IT,bond,IT0005543803,2023-04-21,2023-04-26,2029-05-15,577.187,570.665,,1.7,mef_pdf:BTPEi-5-Years-Auction-Results-21-24.04.2023.pdf#supplementary
IT,bill,IT0005532988,2023-04-26,2023-04-28,2024-02-14,2500.0,2432.325,1.69,3.43,mef_pdf:12-Month-BOTs-Auction-Results-26-27.04.2023.pdf
IT,bill,IT0005541278,2023-04-26,2023-04-28,2023-09-29,3500.0,3450.86,1.51,3.329,mef_pdf:6-Month-BOTs-Auction-Results-26-27.04.2023.pdf
IT,bill,IT0005541278,2023-04-26,2023-04-28,2023-09-29,56.775,55.978,,3.329,mef_pdf:6-Month-BOTs-Auction-Results-26-27.04.2023.pdf#supplementary
IT,bond,IT0005521981,2023-04-27,2023-05-02,2028-04-01,2500.0,2468.969,1.6,3.77,mef_pdf:BTP-5-Years-Auction-Results-27-28.04.2023.pdf
IT,bond,IT0005521981,2023-04-27,2023-05-02,2028-04-01,500.0,492.35,,3.77,mef_pdf:BTP-5-Years-Auction-Results-27-28.04.2023.pdf#supplementary
IT,bond,IT0005534984,2023-04-27,2023-05-02,2028-10-15,1500.0,1488.6,1.75,4.45,mef_pdf:CCTeu-7-Years-Auction-Results-27-28.04.2023.pdf
IT,bond,IT0005534984,2023-04-27,2023-05-02,2028-10-15,100.0,99.24,,4.45,mef_pdf:CCTeu-7-Years-Auction-Results-27-28.04.2023.pdf#supplementary
IT,bond,IT0005544082,2023-04-27,2023-05-02,2033-11-01,5000.0,4992.5,1.32,4.42,mef_pdf:BTP-10-Years-Auction-Results-27-28.04.2023.pdf
IT,bond,IT0005544082,2023-04-27,2023-05-02,2033-11-01,1500.0,1497.75,,4.42,mef_pdf:BTP-10-Years-Auction-Results-27-28.04.2023.pdf#supplementary
IT,bill,IT0005545469,2023-05-10,2023-05-12,2024-05-14,7000.0,6760.88,1.44,3.46,mef_pdf:12-Month-BOTs-Auction-Results-10-11.05.2023.pdf
IT,bill,IT0005545469,2023-05-10,2023-05-12,2024-05-14,700.0,676.088,,3.46,mef_pdf:12-Month-BOTs-Auction-Results-10-11.05.2023.pdf#supplementary
IT,bond,IT0005530032,2023-05-11,2023-05-15,2043-09-01,1500.0,1480.866,1.64,4.67,mef_pdf:BTP-20-Years-Auction-Results-11-12.05.2023.pdf
IT,bond,IT0005530032,2023-05-11,2023-05-15,2043-09-01,300.0,293.43,,4.67,mef_pdf:BTP-20-Years-Auction-Results-11-12.05.2023.pdf#supplementary
IT,bond,IT0005538597,2023-05-11,2023-05-15,2026-04-15,3500.0,3547.682,1.48,3.45,mef_pdf:BTP-3-Years-Auction-Results-11-12.05.2023.pdf
IT,bond,IT0005538597,2023-05-11,2023-05-15,2026-04-15,700.0,707.35,,3.45,mef_pdf:BTP-3-Years-Auction-Results-11-12.05.2023.pdf#supplementary
IT,bond,IT0005542797,2023-05-11,2023-05-15,2030-06-15,3750.0,3702.0,1.39,3.94,mef_pdf:BTP-7-Years-Auction-Results-11-12.05.2023.pdf
IT,bond,IT0005542797,2023-05-11,2023-05-15,2030-06-15,750.0,740.4,,3.94,mef_pdf:BTP-7-Years-Auction-Results-11-12.05.2023.pdf#supplementary
IT,bond,IT0005534281,2023-05-25,2023-05-29,2025-03-28,2750.0,2757.082,1.55,3.61,mef_pdf:BTP-Short-Term-Auction-Results-25-26.05.2023.pdf
IT,bill,IT0005547887,2023-05-26,2023-05-31,2023-11-30,6000.0,5894.28,1.45,3.528,mef_pdf:6-Month-BOTs-Auction-Results-26-29.05.2023.pdf
IT,bill,IT0005547887,2023-05-26,2023-05-31,2023-11-30,479.7,471.248,,3.528,mef_pdf:6-Month-BOTs-Auction-Results-26-29.05.2023.pdf#supplementary
IT,bond,IT0005518128,2023-05-30,2023-06-01,2033-05-01,2000.0,2040.674,1.53,4.24,mef_pdf:BTP-10-Years-10-years-residual_maturity-Auction-Results-30.05.2023.pdf
IT,bond,IT0005518128,2023-05-30,2023-06-01,2033-05-01,400.0,406.64,,4.24,mef_pdf:BTP-10-Years-10-years-residual_maturity-Auction-Results-30-31.05.2023.pdf#supplementary
IT,bond,IT0005534984,2023-05-30,2023-06-01,2028-10-15,1500.0,1493.4,1.82,4.38,mef_pdf:CCTeu-7-Years-Auction-Results-30-31.05.2023.pdf
IT,bond,IT0005534984,2023-05-30,2023-06-01,2028-10-15,225.0,224.01,,4.38,mef_pdf:CCTeu-7-Years-Auction-Results-30-31.05.2023.pdf#supplementary
IT,bond,IT0005544082,2023-05-30,2023-06-01,2033-11-01,2500.0,2515.0,1.43,4.32,mef_pdf:BTP-10-Years-Auction-Results-30.05.2023.pdf
IT,bond,IT0005544082,2023-05-30,2023-06-01,2033-11-01,500.0,503.0,,4.32,mef_pdf:BTP-10-Years-Auction-Results-30-31.05.2023.pdf#supplementary
IT,bond,IT0005548315,2023-05-30,2023-06-01,2028-08-01,5000.0,5010.5,1.39,3.79,mef_pdf:BTP-5-Years-Auction-Results-30-31.05.2023.pdf
IT,bond,IT0005548315,2023-05-30,2023-06-01,2028-08-01,1500.0,1503.15,,3.79,mef_pdf:BTP-5-Years-Auction-Results-30-31.05.2023.pdf#supplementary
IT,bill,IT0005549388,2023-06-09,2023-06-14,2024-06-14,6500.0,6268.21,1.4,3.637,mef_pdf:12-Month-BOTs-Auction-Results-9-12.06.2023.pdf
IT,bill,IT0005549388,2023-06-09,2023-06-14,2024-06-14,650.0,626.821,,3.637,mef_pdf:12-Month-BOTs-Auction-Results-9-12.06.2023.pdf#supplementary
IT,bond,IT0005534141,2023-06-13,2023-06-15,2053-10-01,1500.0,1516.27,1.53,4.54,mef_pdf:BTP-30-Years-Auction-Results-13-14.06.2023.pdf
IT,bond,IT0005538597,2023-06-13,2023-06-15,2026-04-15,2750.0,2794.414,1.55,3.46,mef_pdf:BTP-3-Years-Auction-Results-13-14.06.2023.pdf
IT,bond,IT0005542797,2023-06-13,2023-06-15,2030-06-15,3250.0,3245.45,1.36,3.75,mef_pdf:BTP-7-Years-Auction-Results-13-14.06.2023.pdf
IT,bond,IT0005534281,2023-06-27,2023-06-29,2025-03-28,2500.0,2510.158,1.6,3.71,mef_pdf:BTP-Short-Term-Auction-Results-27-28.06.2023.pdf
IT,bond,IT0005543803,2023-06-27,2023-06-29,2029-05-15,1750.0,1745.361,1.49,1.59,mef_pdf:BTPEi-5-Years-Auction-Results-27-28.06.2023.pdf
IT,bill,IT0005529752,2023-06-28,2023-06-30,2024-01-12,1500.0,1470.87,1.96,3.637,mef_pdf:12-Month-BOTs-Auction-Results-28-28.06.2023.pdf
IT,bill,IT0005529752,2023-06-28,2023-06-30,2024-01-12,66.622,65.328,,3.637,mef_pdf:12-Month-BOTs-Auction-Results-28-28.06.2023.pdf#supplementary
IT,bill,IT0005547887,2023-06-28,2023-06-30,2023-11-30,2500.0,2461.45,1.61,3.686,mef_pdf:6-Month-BOTs-Auction-Results-28-28.06.2023.pdf
IT,bill,IT0005547887,2023-06-28,2023-06-30,2023-11-30,200.832,197.735,,3.686,mef_pdf:6-Month-BOTs-Auction-Results-28-28.06.2023.pdf#supplementary
IT,bond,IT0003535157,2023-06-30,2023-07-04,2034-08-01,1250.0,1371.074,1.68,4.18,mef_pdf:BTP-30-Years-11-years-residual_maturity-Auction-Results-30.06-03.07.2023.pdf
IT,bond,IT0003535157,2023-06-30,2023-07-04,2034-08-01,250.0,268.975,,4.18,mef_pdf:BTP-30-Years-11-years-residual_maturity-Auction-Results-30.06-03.07.2023.pdf#supplementary
IT,bond,IT0005544082,2023-06-30,2023-07-04,2033-11-01,3250.0,3321.825,1.37,4.13,mef_pdf:BTP-10-Years-Auction-Results-30.06-03.07.2023.pdf
IT,bond,IT0005544082,2023-06-30,2023-07-04,2033-11-01,650.0,664.365,,4.13,mef_pdf:BTP-10-Years-Auction-Results-30.06-03.07.2023.pdf#supplementary
IT,bond,IT0005548315,2023-06-30,2023-07-04,2028-08-01,3000.0,3003.0,1.45,3.81,mef_pdf:BTP-5-Years-Auction-Results-30.06-03.07.2023.pdf
IT,bond,IT0005548315,2023-06-30,2023-07-04,2028-08-01,6.0,6.006,,3.81,mef_pdf:BTP-5-Years-Auction-Results-30.06-03.07.2023.pdf#supplementary
IT,bill,IT0005555963,2023-07-12,2023-07-14,2024-07-12,8000.0,7692.96,1.33,3.947,mef_pdf:12-Month-BOTs-Auction-Results-12-13.07.2023.pdf
IT,bill,IT0005555963,2023-07-12,2023-07-14,2024-07-12,800.0,769.296,,3.947,mef_pdf:12-Month-BOTs-Auction-Results-12-13.07.2023.pdf#supplementary
IT,bond,IT0005363111,2023-07-13,2023-07-17,2049-09-01,1250.0,1162.32,1.77,4.45,mef_pdf:BTP-30-Years-26-years-residual_maturity-Auction-Results-13-14.07.2023.pdf
IT,bond,IT0005363111,2023-07-13,2023-07-17,2049-09-01,128.26,117.396,,4.45,mef_pdf:BTP-30-Years-26-years-residual_maturity-Auction-Results-13-14.07.2023.pdf#supplementary
IT,bond,IT0005496770,2023-07-13,2023-07-17,2038-03-01,1250.0,1121.235,1.74,4.37,mef_pdf:BTP-15-Years-Auction-Results-13-14.07.2023.pdf
IT,bond,IT0005496770,2023-07-13,2023-07-17,2038-03-01,12.855,11.373,,4.37,mef_pdf:BTP-15-Years-Auction-Results-13-14.07.2023.pdf#supplementary
IT,bond,IT0005542797,2023-07-13,2023-07-17,2030-06-15,3000.0,2980.632,1.4,3.9,mef_pdf:BTP-7-Years-Auction-Results-13-14.07.2023.pdf
IT,bond,IT0005556011,2023-07-13,2023-07-17,2026-09-15,4500.0,4523.4,1.43,3.71,mef_pdf:BTP-3-Years-Auction-Results-13-14.07.2023.pdf
IT,bond,IT0005482994,2023-07-25,2023-07-27,2033-05-15,1250.0,1055.0,1.57,1.86,mef_pdf:BTPEi-10-Years-Auction-Results-25-26.07.2023.pdf
IT,bond,IT0005482994,2023-07-25,2023-07-27,2033-05-15,127.269,107.39,,1.86,mef_pdf:BTPEi-10-Years-Auction-Results-25-26.07.2023.pdf#supplementary
IT,bond,IT0005557084,2023-07-25,2023-07-27,2025-09-29,3750.0,3745.5,1.45,3.69,mef_pdf:BTP-Short-Term-Auction-Results-25-26.07.2023.pdf
IT,bill,IT0005542516,2023-07-26,2023-07-31,2024-04-12,2000.0,1947.02,1.89,3.826,mef_pdf:12-Month-BOTs-Auction-Results-26-27.07.2023.pdf
IT,bill,IT0005542516,2023-07-26,2023-07-31,2024-04-12,200.0,194.702,,3.826,mef_pdf:12-Month-BOTs-Auction-Results-26-27.07.2023.pdf#supplementary
IT,bill,IT0005557365,2023-07-26,2023-07-31,2024-01-31,5500.0,5394.785,1.39,3.815,mef_pdf:6-Month-BOTs-Auction-Results-26-27.07.2023.pdf
IT,bill,IT0005557365,2023-07-26,2023-07-31,2024-01-31,239.0,234.428,,3.815,mef_pdf:6-Month-BOTs-Auction-Results-26-27.07.2023.pdf#supplementary
IT,bond,IT0005494239,2023-07-27,2023-08-01,2032-12-01,1250.0,1115.723,1.83,3.98,mef_pdf:BTP-10-Years-9-years-residual_maturity-Auction-Results-27-28.07.2023.pdf
IT,bond,IT0005494239,2023-07-27,2023-08-01,2032-12-01,250.0,222.1,,3.98,mef_pdf:BTP-10-Years-9-years-residual_maturity-Auction-Results-27-28.07.2023.pdf#supplementary
IT,bond,IT0005534984,2023-07-27,2023-08-01,2028-10-15,1250.0,1254.125,1.75,4.22,mef_pdf:CCTeu-7-Years-5-years-residual_maturity-Auction-Results-27-28.07.2023.pdf
IT,bond,IT0005534984,2023-07-27,2023-08-01,2028-10-15,187.5,188.119,,4.22,mef_pdf:CCTeu-7-Years-5-years-residual_maturity-Auction-Results-27-28.07.2023.pdf#supplementary
IT,bond,IT0005544082,2023-07-27,2023-08-01,2033-11-01,3750.0,3840.0,1.37,4.1,mef_pdf:BTP-10-Years-Auction-Results-27-28.07.2023.pdf
IT,bond,IT0005544082,2023-07-27,2023-08-01,2033-11-01,750.0,768.0,,4.1,mef_pdf:BTP-10-Years-Auction-Results-27-28.07.2023.pdf#supplementary
IT,bond,IT0005548315,2023-07-27,2023-08-01,2028-08-01,3500.0,3516.1,1.44,3.73,mef_pdf:BTP-5-Years-Auction-Results-27-28.07.2023.pdf
IT,bond,IT0005548315,2023-07-27,2023-08-01,2028-08-01,700.0,703.22,,3.73,mef_pdf:BTP-5-Years-Auction-Results-27-28.07.2023.pdf#supplementary
IT,bill,IT0005559817,2023-08-10,2023-08-14,2024-08-14,8000.0,7700.96,1.32,3.82,mef_pdf:12-Month-BOTs-Auction-Results-10-11.08.2023.pdf
IT,bill,IT0005559817,2023-08-10,2023-08-14,2024-08-14,459.232,442.066,,3.82,mef_pdf:12-Month-BOTs-Auction-Results-10-11.08.2023.pdf#supplementary
IT,bond,IT0005557084,2023-08-25,2023-08-29,2025-09-29,2750.0,2750.0,1.57,3.63,mef_pdf:BTP-Short-Term-Auction-Results-25-28.08.2023.pdf
IT,bill,IT0005523854,2023-08-29,2023-08-31,2023-12-14,2000.0,1978.52,1.74,3.723,mef_pdf:12-Month-BOTs-3-months-residual_maturity-Auction-Results-29-30.08.2023.pdf
IT,bill,IT0005523854,2023-08-29,2023-08-31,2023-12-14,4.9,4.847,,3.723,mef_pdf:12-Month-BOTs-3-months-residual_maturity-Auction-Results-29-30.08.2023.pdf#supplementary
IT,bill,IT0005557365,2023-08-29,2023-08-31,2024-01-31,3500.0,3443.965,1.55,3.829,mef_pdf:6-Month-BOTs-Auction-Results-29-30.08.2023.pdf
IT,bill,IT0005557365,2023-08-29,2023-08-31,2024-01-31,47.656,46.893,,3.829,mef_pdf:6-Month-BOTs-Auction-Results-29-30.08.2023.pdf#supplementary
IT,bond,IT0005544082,2023-08-30,2023-09-01,2033-11-01,1500.0,1524.3,1.59,4.2,mef_pdf:BTP-10-Years-10-years-residual_maturity-Auction-Results-30-31.08.2023.pdf
IT,bond,IT0005544082,2023-08-30,2023-09-01,2033-11-01,300.0,304.86,,4.2,mef_pdf:BTP-10-Years-10-years-residual_maturity-Auction-Results-30-31.08.2023.pdf#supplementary
IT,bond,IT0005548315,2023-08-30,2023-09-01,2028-08-01,3250.0,3267.314,1.43,3.79,mef_pdf:BTP-5-Years-Auction-Results-30-31.08.2023.pdf
IT,bond,IT0005548315,2023-08-30,2023-09-01,2028-08-01,650.0,651.365,,3.79,mef_pdf:BTP-5-Years-Auction-Results-30-31.08.2023.pdf#supplementary
IT,bond,IT0005554982,2023-08-30,2023-09-01,2031-10-15,1500.0,1502.4,1.93,4.62,mef_pdf:CCTeu-7-Years-Auction-Results-30-31.08.2023.pdf
IT,bond,IT0005554982,2023-08-30,2023-09-01,2031-10-15,225.0,225.36,,4.62,mef_pdf:CCTeu-7-Years-Auction-Results-30-31.08.2023.pdf#supplementary
IT,bond,IT0005560948,2023-08-30,2023-09-01,2034-03-01,3750.0,3750.0,1.33,4.24,mef_pdf:BTP-10-Years-Auction-Results-30-31.08.2023.pdf
IT,bond,IT0005560948,2023-08-30,2023-09-01,2034-03-01,1125.0,1125.0,,4.24,mef_pdf:BTP-10-Years-Auction-Results-30-31.08.2023.pdf#supplementary
IT,bill,IT0005561458,2023-09-12,2023-09-14,2024-09-13,7000.0,6735.54,1.48,3.873,mef_pdf:12-Month-BOTs-Auction-Results-12-13.09.2023.pdf
IT,bond,IT0004532559,2023-09-13,2023-09-15,2040-09-01,1000.0,1038.418,1.68,4.74,mef_pdf:BTP-30-Years-17-years-residual_maturity-Auction-Results-13-14.09.2023.pdf
IT,bond,IT0004532559,2023-09-13,2023-09-15,2040-09-01,200.0,207.3,,4.74,mef_pdf:BTP-30-Years-17-years-residual_maturity-Auction-Results-13-14.09.2023.pdf#supplementary
IT,bond,IT0005534141,2023-09-13,2023-09-15,2053-10-01,1500.0,1453.184,1.63,4.89,mef_pdf:BTP-30-Years-Auction-Results-13-14.09.2023.pdf
IT,bond,IT0005534141,2023-09-13,2023-09-15,2053-10-01,300.0,284.46,,4.89,mef_pdf:BTP-30-Years-Auction-Results-13-14.09.2023.pdf#supplementary
IT,bond,IT0005556011,2023-09-13,2023-09-15,2026-09-15,3250.0,3252.6,1.51,3.86,mef_pdf:BTP-3-Years-Auction-Results-13-14.09.2023.pdf
IT,bond,IT0005556011,2023-09-13,2023-09-15,2026-09-15,650.0,650.52,,3.86,mef_pdf:BTP-3-Years-Auction-Results-13-14.09.2023.pdf#supplementary
IT,bond,IT0005561888,2023-09-13,2023-09-15,2030-11-15,4000.0,3960.0,1.41,4.21,mef_pdf:BTP-7-Years-Auction-Results-13-14.09.2023.pdf
IT,bond,IT0005561888,2023-09-13,2023-09-15,2030-11-15,1200.0,1188.0,,4.21,mef_pdf:BTP-7-Years-Auction-Results-13-14.09.2023.pdf#supplementary
IT,bond,IT0004545890,2023-09-26,2023-09-28,2041-09-15,982.417,980.165,1.45,2.59,mef_pdf:BTPEi-30-Years-18-years-residual_maturity-Auction-Results-26-27.09.2023.pdf
IT,bond,IT0004545890,2023-09-26,2023-09-28,2041-09-15,126.306,125.902,,2.59,mef_pdf:BTPEi-30-Years-18-years-residual_maturity-Auction-Results-26-27.09.2023.pdf#supplementary
IT,bond,IT0005543803,2023-09-26,2023-09-28,2029-05-15,767.583,750.074,2.38,2.05,mef_pdf:BTPEi-5-Years-Auction-Results-26-27.09.2023.pdf
IT,bond,IT0005543803,2023-09-26,2023-09-28,2029-05-15,115.137,111.867,,2.05,mef_pdf:BTPEi-5-Years-Auction-Results-26-27.09.2023.pdf#supplementary
IT,bond,IT0005557084,2023-09-26,2023-09-28,2025-09-29,3000.0,2981.1,1.62,3.97,mef_pdf:BTP-Short-Term-Auction-Results-26-27.09.2023.pdf
IT,bill,IT0005566184,2023-09-27,2023-09-29,2024-03-28,6500.0,6371.95,1.36,3.997,mef_pdf:6-Month-BOTs-Auction-Results-27-28.09.2023.pdf
IT,bond,IT0005428617,2023-09-28,2023-10-02,2026-04-15,750.0,747.825,2.0,4.12,mef_pdf:CCteu-5-Years-3-years-residual_maturity-Auction-Results-28-29.09.2023.pdf
IT,bond,IT0005428617,2023-09-28,2023-10-02,2026-04-15,112.5,112.174,,4.12,mef_pdf:CCteu-5-Years-3-years-residual_maturity-Auction-Results-28-29.09.2023.pdf#supplementary
IT,bond,IT0005491250,2023-09-28,2023-10-02,2030-10-15,750.0,721.125,1.99,4.89,mef_pdf:CCTeu-7-Years-7-years-residual_maturity-Auction-Results-28-29.09.2023.pdf
IT,bond,IT0005491250,2023-09-28,2023-10-02,2030-10-15,112.5,108.169,,4.89,mef_pdf:CCTeu-7-Years-7-years-residual_maturity-Auction-Results-28-29.09.2023.pdf#supplementary
IT,bond,IT0005560948,2023-09-28,2023-10-02,2034-03-01,3000.0,2848.401,1.42,4.93,mef_pdf:BTP-10-Years-Auction-Results-28-29.09.2023.pdf
IT,bond,IT0005560948,2023-09-28,2023-10-02,2034-03-01,600.0,567.54,,4.93,mef_pdf:BTP-10-Years-Auction-Results-28-29.09.2023.pdf#supplementary
IT,bond,IT0005566408,2023-09-28,2023-10-02,2029-02-01,5000.0,4938.5,1.36,4.41,mef_pdf:BTP-5-Years-Auction-Results-28-29.09.2023.pdf
IT,bond,IT0005566408,2023-09-28,2023-10-02,2029-02-01,1500.0,1481.55,,4.41,mef_pdf:BTP-5-Years-Auction-Results-28-29.09.2023.pdf#supplementary
IT,bill,IT0005567778,2023-10-11,2023-10-13,2024-10-14,6000.0,5768.22,1.45,3.942,mef_pdf:12-Month-BOTs-Auction-Results-11-12.10.2023.pdf
IT,bill,IT0005567778,2023-10-11,2023-10-13,2024-10-14,573.28,551.134,,3.942,mef_pdf:12-Month-BOTs-Auction-Results-11-12.10.2023.pdf#supplementary
IT,bond,IT0005508590,2023-10-12,2023-10-16,2035-04-30,1500.0,1409.1,1.52,4.74,mef_pdf:BTP-Green-12-years-residual_maturity-Auction-Results-12-13.10.2023.pdf
IT,bond,IT0005530032,2023-10-12,2023-10-16,2043-09-01,1000.0,939.886,1.65,5.03,mef_pdf:BTP-20-Years-Auction-Results-12-13.10.2023.pdf
IT,bond,IT0005556011,2023-10-12,2023-10-16,2026-09-15,2750.0,2755.967,1.58,3.93,mef_pdf:BTP-3-Years-Auction-Results-12-13.10.2023.pdf
IT,bond,IT0005561888,2023-10-12,2023-10-16,2030-11-15,2750.0,2696.65,1.48,4.37,mef_pdf:BTP-7-Years-Auction-Results-12-13.10.2023.pdf
IT,bond,IT0005543803,2023-10-25,2023-10-27,2029-05-15,1500.0,1453.771,1.55,2.24,mef_pdf:BTPEi-5-Years-Auction-Results-25-26.10.2023.pdf
IT,bond,IT0005543803,2023-10-25,2023-10-27,2029-05-15,225.0,216.54,,2.24,mef_pdf:BTPEi-5-Years-Auction-Results-25-26.10.2023.pdf#supplementary
IT,bond,IT0005557084,2023-10-25,2023-10-27,2025-09-29,2500.0,2490.904,1.58,3.99,mef_pdf:BTP-Short-Term-Auction-Results-25-26.10.2023.pdf
IT,bond,IT0005557084,2023-10-25,2023-10-27,2025-09-29,500.0,496.8,,3.99,mef_pdf:BTP-Short-Term-Auction-Results-25-26.10.2023.pdf#supplementary
IT,bill,IT0005566184,2023-10-26,2023-10-31,2024-03-28,3000.0,2951.43,1.57,3.976,mef_pdf:6-Month-BOTs-4-months-residual_maturity-Auction-Results-26-27.10.2023.pdf
IT,bill,IT0005566184,2023-10-26,2023-10-31,2024-03-28,300.0,295.143,,3.976,mef_pdf:6-Month-BOTs-4-months-residual_maturity-Auction-Results-26-27.10.2023.pdf#supplementary
IT,bond,IT0005240830,2023-10-31,2023-11-02,2027-06-01,1500.0,1434.273,1.73,3.84,mef_pdf:BTP-10-Years-4-years-residual_maturity-Auction-Results-31-31.10.2023.pdf
IT,bond,IT0005240830,2023-10-31,2023-11-02,2027-06-01,44.551,42.185,,3.84,mef_pdf:BTP-10-Years-4-years-residual_maturity-Auction-Results-31-31.10.2023.pdf#supplementary
IT,bond,IT0005534984,2023-10-31,2023-11-02,2028-10-15,1250.0,1237.25,1.72,5.16,mef_pdf:CCTeu-7-Years-5-years-residual_maturity-Auction-Results-31-31.10.2023.pdf
IT,bond,IT0005534984,2023-10-31,2023-11-02,2028-10-15,19.155,18.96,,5.16,mef_pdf:CCTeu-7-Years-5-years-residual_maturity-Auction-Results-31-31.10.2023.pdf#supplementary
IT,bond,IT0005560948,2023-10-31,2023-11-02,2034-03-01,3500.0,3382.52,1.33,4.76,mef_pdf:BTP-10-Years-Auction-Results-31-31.10.2023.pdf
IT,bond,IT0005560948,2023-10-31,2023-11-02,2034-03-01,698.518,670.088,,4.76,mef_pdf:BTP-10-Years-Auction-Results-31-31.10.2023.pdf#supplementary
IT,bond,IT0005566408,2023-10-31,2023-11-02,2029-02-01,2500.0,2503.0,1.45,4.12,mef_pdf:BTP-5-Years-Auction-Results-31-31.10.2023.pdf
IT,bond,IT0005566408,2023-10-31,2023-11-02,2029-02-01,26.0,26.031,,4.12,mef_pdf:BTP-5-Years-Auction-Results-31-31.10.2023.pdf#supplementary
IT,bill,IT0005570855,2023-11-09,2023-11-14,2024-11-14,6000.0,5773.44,1.33,3.86,mef_pdf:12-Month-BOTs-Auction-Results-9-10.11.2023.pdf
IT,bill,IT0005570855,2023-11-09,2023-11-14,2024-11-14,600.0,577.344,,3.86,mef_pdf:12-Month-BOTs-Auction-Results-9-10.11.2023.pdf#supplementary
IT,bond,IT0005024234,2023-11-10,2023-11-15,2030-03-01,1500.0,1466.688,1.63,4.07,mef_pdf:BTP-15-Years-7-years-residual_maturity-Auction-Results-10-13.11.2023.pdf
IT,bond,IT0005024234,2023-11-10,2023-11-15,2030-03-01,300.0,291.18,,4.07,mef_pdf:BTP-15-Years-7-years-residual_maturity-Auction-Results-10-13.11.2023.pdf#supplementary
IT,bond,IT0005496770,2023-11-10,2023-11-15,2038-03-01,1500.0,1273.617,1.45,4.84,mef_pdf:BTP-15-Years-Auction-Results-10-13.11.2023.pdf
IT,bond,IT0005496770,2023-11-10,2023-11-15,2038-03-01,300.0,252.72,,4.84,mef_pdf:BTP-15-Years-Auction-Results-10-13.11.2023.pdf#supplementary
IT,bond,IT0005534141,2023-11-10,2023-11-15,2053-10-01,1000.0,930.648,1.78,5.05,mef_pdf:BTP-30-Years-Auction-Results-10-13.11.2023.pdf
IT,bond,IT0005534141,2023-11-10,2023-11-15,2053-10-01,200.0,185.02,,5.05,mef_pdf:BTP-30-Years-Auction-Results-10-13.11.2023.pdf#supplementary
IT,bond,IT0005556011,2023-11-10,2023-11-15,2026-09-15,3000.0,3029.803,1.54,3.75,mef_pdf:BTP-3-Years-Auction-Results-10-13.11.2023.pdf
IT,bond,IT0005556011,2023-11-10,2023-11-15,2026-09-15,600.0,602.1,,3.75,mef_pdf:BTP-3-Years-Auction-Results-10-13.11.2023.pdf#supplementary
IT,bond,IT0005561888,2023-11-10,2023-11-15,2030-11-15,2000.0,1979.6,1.5,4.21,mef_pdf:BTP-7-Years-Auction-Results-10-13.11.2023.pdf
IT,bond,IT0005561888,2023-11-10,2023-11-15,2030-11-15,372.664,368.863,,4.21,mef_pdf:BTP-7-Years-Auction-Results-10-13.11.2023.pdf#supplementary
IT,bill,IT0005571960,2023-11-28,2023-11-30,2024-05-31,7500.0,7355.7,1.26,3.859,mef_pdf:6-Month-BOTs-Auction-Results-28-29.11.2023.pdf
IT,bill,IT0005571960,2023-11-28,2023-11-30,2024-05-31,750.0,735.57,,3.859,mef_pdf:6-Month-BOTs-Auction-Results-28-29.11.2023.pdf#supplementary
IT,bond,IT0005428617,2023-11-29,2023-12-01,2026-04-15,1000.0,1004.4,1.99,4.43,mef_pdf:CCteu-5-Years-3-years-residual_maturity-Auction-Results-29-30.11.2023.pdf
IT,bond,IT0005560948,2023-11-29,2023-12-01,2034-03-01,3500.0,3556.949,1.45,4.17,mef_pdf:BTP-10-Years-Auction-Results-29-30.11.2023.pdf
IT,bond,IT0005566408,2023-11-29,2023-12-01,2029-02-01,3000.0,3073.2,1.45,3.61,mef_pdf:BTP-5-Years-Auction-Results-29-30.11.2023.pdf
IT,bond,IT0005566408,2023-11-29,2023-12-01,2029-02-01,275.644,282.37,,3.61,mef_pdf:BTP-5-Years-Auction-Results-29-30.11.2023.pdf#supplementary
IT,bill,IT0005575482,2023-12-12,2023-12-14,2024-12-13,7500.0,7241.025,1.31,3.528,mef_pdf:12-Month-BOTs-Auction-Results-12-13.12.2023.pdf
IT,bond,IT0005556011,2023-12-13,2023-12-15,2026-09-15,3000.0,3078.596,1.56,3.24,mef_pdf:BTP-3-Years-Auction-Results-13-14.12.2023.pdf
IT,bond,IT0005556011,2023-12-13,2023-12-15,2026-09-15,600.0,609.96,,3.24,mef_pdf:BTP-3-Years-Auction-Results-13-14.12.2023.pdf#supplementary
IT,bond,IT0005561888,2023-12-13,2023-12-15,2030-11-15,3000.0,3082.463,1.54,3.63,mef_pdf:BTP-7-Years-Auction-Results-13-14.12.2023.pdf
IT,bond,IT0005561888,2023-12-13,2023-12-15,2030-11-15,600.0,614.52,,3.63,mef_pdf:BTP-7-Years-Auction-Results-13-14.12.2023.pdf#supplementary
IT,bill,IT0005580003,2024-01-10,2024-01-12,2025-01-14,8000.0,7728.08,1.35,3.442,mef_pdf:12-Month-BOTs-Auction-Results-10-11.01.2024.pdf
IT,bond,IT0005580045,2024-01-11,2024-01-15,2027-02-15,4000.0,3992.8,1.48,3.03,mef_pdf:BTP-3-Years-Auction-Results-11-12.01.2024.pdf
IT,bond,IT0005580045,2024-01-11,2024-01-15,2027-02-15,1200.0,1197.84,,3.03,mef_pdf:BTP-3-Years-Auction-Results-11-12.01.2024.pdf#supplementary
IT,bond,IT0005543803,2024-01-25,2024-01-30,2029-05-15,1000.0,998.123,1.58,1.61,mef_pdf:BTPEi-5-Years-Auction-Results-25-26.01.2024.pdf
IT,bond,IT0005543803,2024-01-25,2024-01-30,2029-05-15,150.0,149.25,,1.61,mef_pdf:BTPEi-5-Years-Auction-Results-25-26.01.2024.pdf#supplementary
IT,bond,IT0005547812,2024-01-25,2024-01-30,2039-05-15,1500.0,1525.496,1.47,2.32,mef_pdf:BTPEi-15-Years-Auction-Results-25-26.01.2024.pdf
IT,bond,IT0005547812,2024-01-25,2024-01-30,2039-05-15,225.0,227.7,,2.32,mef_pdf:BTPEi-15-Years-Auction-Results-25-26.01.2024.pdf#supplementary
IT,bond,IT0005557084,2024-01-25,2024-01-30,2025-09-29,2500.0,2547.079,1.45,3.21,mef_pdf:BTP-Short-Term-Auction-Results-25-26.01.2024.pdf
IT,bond,IT0005557084,2024-01-25,2024-01-30,2025-09-29,500.0,503.35,,3.21,mef_pdf:BTP-Short-Term-Auction-Results-25-26.01.2024.pdf#supplementary
IT,bill,IT0005581506,2024-01-26,2024-01-31,2024-07-31,7500.0,7359.75,1.41,3.77,mef_pdf:6-Month-BOTs-Auction-Results-26-29.01.2024.pdf
IT,bill,IT0005581506,2024-01-26,2024-01-31,2024-07-31,750.0,735.975,,3.77,mef_pdf:6-Month-BOTs-Auction-Results-26-29.01.2024.pdf#supplementary
IT,bond,IT0005358806,2024-01-30,2024-02-01,2035-03-01,2000.0,1945.685,1.63,3.85,mef_pdf:BTP-15-Years-11-years-residual_maturity-Auction-Results-30-31.01.2024.pdf
IT,bond,IT0005544082,2024-01-30,2024-02-01,2033-11-01,1500.0,1601.497,1.68,3.69,mef_pdf:BTP-10-Years-9-years-residual_maturity-Auction-Results-30-31.01.2024.pdf
IT,bond,IT0005554982,2024-01-30,2024-02-01,2031-10-15,2000.0,2006.4,1.5,5.23,mef_pdf:CCTeu-7-Years-Auction-Results-30-31.01.2024.pdf
IT,bond,IT0005566408,2024-01-30,2024-02-01,2029-02-01,3500.0,3658.9,1.35,3.14,mef_pdf:BTP-5-Years-Auction-Results-30-31.01.2024.pdf
IT,bill,IT0005582868,2024-02-09,2024-02-14,2025-02-14,9000.0,8688.87,1.37,3.522,mef_pdf:12-Month-BOTs-Auction-Results-9-12.02.2024.pdf
IT,bill,IT0005582868,2024-02-09,2024-02-14,2025-02-14,900.0,868.887,,3.522,mef_pdf:12-Month-BOTs-Auction-Results-9-12.02.2024.pdf#supplementary
IT,bond,IT0005530032,2024-02-13,2024-02-15,2043-09-01,1500.0,1553.94,1.51,4.38,mef_pdf:BTP-20-Years-Auction-Results-13-14.02.2024.pdf
IT,bond,IT0005542797,2024-02-13,2024-02-15,2030-06-15,1500.0,1529.977,1.71,3.48,mef_pdf:BTP-7-Years-6-years-residual_maturity-Auction-Results-13-14.02.2024-2.pdf
IT,bond,IT0005561888,2024-02-13,2024-02-15,2030-11-15,2000.0,2079.764,1.55,3.53,mef_pdf:BTP-7-Years-6-years-residual_maturity-Auction-Results-13-14.02.2024-1.pdf
IT,bond,IT0005580045,2024-02-13,2024-02-15,2027-02-15,3500.0,3482.15,1.39,3.15,mef_pdf:BTP-3-Years-Auction-Results-13-14.02.2024.pdf
IT,bond,IT0004545890,2024-02-23,2024-02-27,2041-09-15,500.0,532.414,1.7,2.19,mef_pdf:BTPEi-30-Years-17-years-residual_maturity-Auction-Results-23-26.02.2024-1.pdf
IT,bond,IT0004545890,2024-02-23,2024-02-27,2041-09-15,75.0,78.998,,2.19,mef_pdf:BTPEi-30-Years-17-years-residual_maturity-Auction-Results-23-26.02.2024-1.pdf#supplementary
IT,bond,IT0005543803,2024-02-23,2024-02-27,2029-05-15,1000.0,993.374,1.56,1.73,mef_pdf:BTPEi-5-Years-Auction-Results-23-26.02.2024.pdf
IT,bond,IT0005543803,2024-02-23,2024-02-27,2029-05-15,150.0,148.365,,1.73,mef_pdf:BTPEi-5-Years-Auction-Results-23-26.02.2024.pdf#supplementary
IT,bond,IT0005584302,2024-02-23,2024-02-27,2026-01-28,4000.0,3986.8,1.37,3.41,mef_pdf:BTP-Short-Term-Auction-Results-23-26.02.2024.pdf
IT,bond,IT0005584302,2024-02-23,2024-02-27,2026-01-28,1200.0,1196.04,,3.41,mef_pdf:BTP-Short-Term-Auction-Results-23-26.02.2024.pdf#supplementary
IT,bill,IT0005561458,2024-02-27,2024-02-29,2024-09-13,2500.0,2449.475,1.61,3.769,mef_pdf:12-Month-BOTs-6-months-residual_maturity-Auction-Results-27-28.02.2024.pdf
IT,bill,IT0005561458,2024-02-27,2024-02-29,2024-09-13,250.0,244.947,,3.769,mef_pdf:12-Month-BOTs-6-months-residual_maturity-Auction-Results-27-28.02.2024.pdf#supplementary
IT,bill,IT0005567778,2024-02-27,2024-02-29,2024-10-14,2500.0,2442.0,1.56,3.75,mef_pdf:12-Month-BOTs-7-months-residual_maturity-Auction-Results-27-28.02.2024.pdf
IT,bill,IT0005567778,2024-02-27,2024-02-29,2024-10-14,250.0,244.2,,3.75,mef_pdf:12-Month-BOTs-7-months-residual_maturity-Auction-Results-27-28.02.2024.pdf#supplementary
IT,bond,IT0005554982,2024-02-28,2024-03-01,2031-10-15,1500.0,1507.35,1.74,5.2,mef_pdf:CCTeu-7-Years-Auction-Results-28-29.02.2024.pdf
IT,bond,IT0005584849,2024-02-28,2024-03-01,2029-07-01,3750.0,3743.25,1.4,3.41,mef_pdf:BTP-5-Years-Auction-Results-28-29.02.2024.pdf
IT,bond,IT0005584856,2024-02-28,2024-03-01,2034-07-01,4500.0,4491.0,1.36,3.91,mef_pdf:BTP-10-Years-Auction-Results-28-29.02.2024.pdf
IT,bond,IT0005584856,2024-02-28,2024-03-01,2034-07-01,321.883,321.239,,3.91,mef_pdf:BTP-10-Years-Auction-Results-28-29.02.2024.pdf#supplementary
IT,bill,IT0005586349,2024-03-12,2024-03-14,2025-03-14,7500.0,7239.75,1.33,3.546,mef_pdf:12-Month-BOTs-Auction-Results-12-13.03.2024.pdf
IT,bond,IT0005496770,2024-03-13,2024-03-15,2038-03-01,1250.0,1175.308,1.61,3.85,mef_pdf:BTP-15-Years-14-years-residual_maturity-Auction-Results-13-14.03.2024.pdf
IT,bond,IT0005542359,2024-03-13,2024-03-15,2031-10-30,1250.0,1310.875,1.6,3.3,mef_pdf:BTP-Green-Auction-Results-13-14.03.2024.pdf
IT,bond,IT0005580045,2024-03-13,2024-03-15,2027-02-15,3000.0,2999.832,1.39,3.06,mef_pdf:BTP-3-Years-Auction-Results-13-14.03.2024.pdf
IT,bond,IT0005580094,2024-03-13,2024-03-15,2031-02-15,3000.0,3048.542,1.41,3.31,mef_pdf:BTP-7-Years-Auction-Results-13-14.03.2024.pdf
IT,bond,IT0005584302,2024-03-22,2024-03-26,2026-01-28,2750.0,2745.875,1.46,3.31,mef_pdf:BTP-Short-Term-Auction-Results-22-25.03.2024.pdf
IT,bill,IT0005549388,2024-03-26,2024-03-28,2024-06-14,1500.0,1487.955,2.01,3.738,mef_pdf:12-Month-BOTs-3-months-residual_maturity-Auction-Results-26-27.03.2024.pdf
IT,bill,IT0005549388,2024-03-26,2024-03-28,2024-06-14,150.0,148.796,,3.738,mef_pdf:12-Month-BOTs-3-months-residual_maturity-Auction-Results-26-27.03.2024.pdf#supplementary
IT,bill,IT0005589046,2024-03-26,2024-03-28,2024-09-30,7000.0,6866.44,1.41,3.765,mef_pdf:6-Month-BOTs-Auction-Results-26-27.03.2024.pdf
IT,bill,IT0005589046,2024-03-26,2024-03-28,2024-09-30,700.0,686.644,,3.765,mef_pdf:6-Month-BOTs-Auction-Results-26-27.03.2024.pdf#supplementary
IT,bond,IT0005519787,2024-03-27,2024-04-02,2029-12-15,1250.0,1305.247,1.7,3.24,mef_pdf:BTP-7-Years-5-years-residual_maturity-Auction-Results-27-28.03.2024.pdf
IT,bond,IT0005554982,2024-03-27,2024-04-02,2031-10-15,1500.0,1517.4,1.76,5.1,mef_pdf:CCTeu-7-Years-Auction-Results-27-28.03.2024.pdf
IT,bond,IT0005584849,2024-03-27,2024-04-02,2029-07-01,3500.0,3528.0,1.42,3.21,mef_pdf:BTP-5-Years-Auction-Results-27-28.03.2024.pdf
IT,bond,IT0005584856,2024-03-27,2024-04-02,2034-07-01,3500.0,3563.0,1.39,3.67,mef_pdf:BTP-10-Years-Auction-Results-27-28.03.2024.pdf
IT,bill,IT0005592370,2024-04-10,2024-04-12,2025-04-14,8000.0,7721.92,1.33,3.533,mef_pdf:12-Month-BOTs-Auction-Results-10-11.04.2024.pdf
IT,bond,IT0005580045,2024-04-11,2024-04-15,2027-02-15,3000.0,2986.948,1.45,3.32,mef_pdf:BTP-3-Years-Auction-Results-11-12.04.2024.pdf
IT,bond,IT0005580045,2024-04-11,2024-04-15,2027-02-15,600.0,594.48,,3.32,mef_pdf:BTP-3-Years-Auction-Results-11-12.04.2024.pdf#supplementary
IT,bond,IT0005580094,2024-04-11,2024-04-15,2031-02-15,3500.0,3519.787,1.35,3.53,mef_pdf:BTP-7-Years-Auction-Results-11-12.04.2024.pdf
IT,bond,IT0005580094,2024-04-11,2024-04-15,2031-02-15,700.0,699.93,,3.53,mef_pdf:BTP-7-Years-Auction-Results-11-12.04.2024.pdf#supplementary
IT,bond,IT0005582421,2024-04-11,2024-04-15,2039-10-01,1750.0,1759.786,1.42,4.16,mef_pdf:BTP-15-Years-Auction-Results-11-12.04.2024.pdf
IT,bond,IT0005582421,2024-04-11,2024-04-15,2039-10-01,350.0,351.4,,4.16,mef_pdf:BTP-15-Years-Auction-Results-11-12.04.2024.pdf#supplementary
IT,bond,IT0005543803,2024-04-23,2024-04-26,2029-05-15,1250.0,1267.998,1.41,1.35,mef_pdf:BTPEi-5-Years-Auction-Results-23-24.04.2024.pdf
IT,bond,IT0005584302,2024-04-23,2024-04-26,2026-01-28,2500.0,2491.75,1.44,3.42,mef_pdf:BTP-Short-Term-Auction-Results-23-24.04.2024.pdf
IT,bond,IT0005588881,2024-04-23,2024-04-26,2036-05-15,1250.0,1252.423,1.41,1.87,mef_pdf:BTPEi-10-Years-Auction-Results-23-24.04.2024.pdf
IT,bill,IT0005555963,2024-04-24,2024-04-29,2024-07-12,1500.0,1488.57,1.48,3.737,mef_pdf:12-Month-BOTs-3-months-residual_maturity-Auction-Results-24-26.04.2024.pdf
IT,bill,IT0005559817,2024-04-24,2024-04-29,2024-08-14,1500.0,1483.53,1.54,3.734,mef_pdf:12-Month-BOTs-4-months-residual_maturity-Auction-Results-24-26.04.2024.pdf
IT,bill,IT0005570855,2024-04-24,2024-04-29,2024-11-14,3000.0,2940.48,1.49,3.661,mef_pdf:12-Month-BOTs-6-months-residual_maturity-Auction-Results-24-26.04.2024.pdf
IT,bond,IT0005584849,2024-04-29,2024-05-02,2029-07-01,3250.0,3244.475,1.33,3.41,mef_pdf:BTP-5-Years-Auction-Results-29.04.2024-.pdf
IT,bond,IT0005584856,2024-04-29,2024-05-02,2034-07-01,3500.0,3506.65,1.34,3.86,mef_pdf:BTP-10-Years-Auction-Results-29-30.04.2024.pdf
IT,bond,IT0005594467,2024-04-29,2024-05-02,2032-04-15,3500.0,3504.2,1.39,4.9,mef_pdf:CCTeu-7-Years-Auction-Results-29-30.04.2024.pdf
IT,bill,IT0005595605,2024-05-09,2024-05-14,2025-05-14,7500.0,7239.75,1.35,3.546,mef_pdf:12-Month-BOTs-Auction-Results-9-10.05.2024.pdf
IT,bill,IT0005595605,2024-05-09,2024-05-14,2025-05-14,460.343,444.369,,3.546,mef_pdf:12-Month-BOTs-Auction-Results-9-10.05.2024.pdf#supplementary
IT,bond,IT0004532559,2024-05-10,2024-05-15,2040-09-01,1000.0,1116.474,1.67,4.14,mef_pdf:BTP-30-Years-16-years-residual_maturity-Auction-Results-10-13.05.2024.pdf
IT,bond,IT0005441883,2024-05-10,2024-05-15,2072-03-01,750.0,467.113,1.55,3.96,mef_pdf:BTP-50-Years-Auction-Results-10-13.05.2024.pdf
IT,bond,IT0005484552,2024-05-10,2024-05-15,2027-04-01,1000.0,942.526,1.96,3.28,mef_pdf:BTP-5-Years-3-years-residual_maturity-Auction-Results-10-13.05.2024.pdf
IT,bond,IT0005580045,2024-05-10,2024-05-15,2027-02-15,2000.0,1996.548,1.6,3.32,mef_pdf:BTP-3-Years-Auction-Results-10-13.05.2024.pdf
IT,bond,IT0005595803,2024-05-10,2024-05-15,2031-07-15,4500.0,4488.3,1.37,3.52,mef_pdf:BTP-7-Years-Auction-Results-10-13.05.2024.pdf
IT,bond,IT0005474330,2024-05-28,2024-05-30,2024-12-15,1750.0,1717.625,1.73,3.48,mef_pdf:BTP-3-Years-0-years-residual_maturity-Auction-Results-28-29.05.2024.pdf
IT,bond,IT0005474330,2024-05-28,2024-05-30,2024-12-15,122.998,120.723,,3.48,mef_pdf:BTP-3-Years-0-years-residual_maturity-Auction-Results-28-29.05.2024.pdf#supplementary
IT,bond,IT0005482994,2024-05-28,2024-05-30,2033-05-15,1500.0,1299.662,1.44,1.72,mef_pdf:BTPEi-10-Years-9-years-residual_maturity-Auction-Results-28-29.05.2024.pdf
IT,bond,IT0005584302,2024-05-28,2024-05-30,2026-01-28,2750.0,2737.625,1.42,3.51,mef_pdf:BTP-Short-Term-Auction-Results-28-29.05.2024.pdf
IT,bill,IT0005596538,2024-05-29,2024-05-31,2024-11-29,6000.0,5891.34,1.42,3.648,mef_pdf:6-Month-BOTs-Auction-Results-29-30.05.2024.pdf
IT,bill,IT0005596538,2024-05-29,2024-05-31,2024-11-29,15.0,14.728,,3.648,mef_pdf:6-Month-BOTs-Auction-Results-29-30.05.2024.pdf#supplementary
IT,bond,IT0005451361,2024-05-30,2024-06-03,2029-04-15,1000.0,1000.0,1.79,4.52,mef_pdf:CCTeu-7-Years-5-years-residual_maturity-Auction-Results-30-31.05.2024.pdf
IT,bond,IT0005451361,2024-05-30,2024-06-03,2029-04-15,150.0,150.0,,4.52,mef_pdf:CCTeu-7-Years-5-years-residual_maturity-Auction-Results-30-31.05.2024.pdf#supplementary
IT,bond,IT0005519787,2024-05-30,2024-06-03,2029-12-15,1500.0,1550.005,1.59,3.57,mef_pdf:BTP-7-Years-5-years-residual_maturity-Auction-Results-30-31.05.2024.pdf
IT,bond,IT0005519787,2024-05-30,2024-06-03,2029-12-15,300.0,304.59,,3.57,mef_pdf:BTP-7-Years-5-years-residual_maturity-Auction-Results-30-31.05.2024.pdf#supplementary
IT,bond,IT0005584849,2024-05-30,2024-06-03,2029-07-01,2500.0,2481.25,1.48,3.54,mef_pdf:BTP-5-Years-Auction-Results-30-31.05.2024.pdf
IT,bond,IT0005584849,2024-05-30,2024-06-03,2029-07-01,500.0,496.25,,3.54,mef_pdf:BTP-5-Years-Auction-Results-30-31.05.2024.pdf#supplementary
IT,bond,IT0005584856,2024-05-30,2024-06-03,2034-07-01,3500.0,3476.9,1.45,3.97,mef_pdf:BTP-10-Years-Auction-Results-30-31.05.2024.pdf
IT,bond,IT0005584856,2024-05-30,2024-06-03,2034-07-01,700.0,695.38,,3.97,mef_pdf:BTP-10-Years-Auction-Results-30-31.05.2024.pdf#supplementary
IT,bond,IT0005594467,2024-05-30,2024-06-03,2032-04-15,1000.0,1001.1,1.82,4.9,mef_pdf:CCTeu-7-Years-Auction-Results-30-31.05.2024.pdf
IT,bond,IT0005594467,2024-05-30,2024-06-03,2032-04-15,150.0,150.165,,4.9,mef_pdf:CCTeu-7-Years-Auction-Results-30-31.05.2024.pdf#supplementary
IT,bill,IT0005599474,2024-06-12,2024-06-14,2025-06-13,7500.0,7237.725,1.4,3.584,mef_pdf:12-Month-BOTs-Auction-Results-12-13.06.2024.pdf
IT,bill,IT0005599474,2024-06-12,2024-06-14,2025-06-13,750.0,723.773,,3.584,mef_pdf:12-Month-BOTs-Auction-Results-12-13.06.2024.pdf#supplementary
IT,bond,IT0005363111,2024-06-13,2024-06-17,2049-09-01,1250.0,1170.865,1.61,4.39,mef_pdf:BTP-30-Years-25-years-residual_maturity-Auction-Results-13-14.06.2024.pdf
IT,bond,IT0005363111,2024-06-13,2024-06-17,2049-09-01,250.0,231.325,,4.39,mef_pdf:BTP-30-Years-25-years-residual_maturity-Auction-Results-13-14.06.2024.pdf#supplementary
IT,bond,IT0005582421,2024-06-13,2024-06-17,2039-10-01,1250.0,1249.568,1.64,4.27,mef_pdf:BTP-15-Years-Auction-Results-13-14.06.2024.pdf
IT,bond,IT0005582421,2024-06-13,2024-06-17,2039-10-01,250.0,247.725,,4.27,mef_pdf:BTP-15-Years-Auction-Results-13-14.06.2024.pdf#supplementary
IT,bond,IT0005595803,2024-06-13,2024-06-17,2031-07-15,2500.0,2463.25,1.43,3.72,mef_pdf:BTP-7-Years-Auction-Results-13-14.06.2024.pdf
IT,bond,IT0005595803,2024-06-13,2024-06-17,2031-07-15,500.0,492.65,,3.72,mef_pdf:BTP-7-Years-Auction-Results-13-14.06.2024.pdf#supplementary
IT,bond,IT0005599904,2024-06-13,2024-06-17,2027-07-15,4000.0,4001.6,1.43,3.47,mef_pdf:BTP-3-Years-Auction-Results-13-14.06.2024.pdf
IT,bond,IT0005599904,2024-06-13,2024-06-17,2027-07-15,1200.0,1200.48,,3.47,mef_pdf:BTP-3-Years-Auction-Results-13-14.06.2024.pdf#supplementary
IT,bond,IT0005387052,2024-06-25,2024-06-27,2030-05-15,1000.0,929.271,1.6,1.68,mef_pdf:BTPEi-10-Years-6-years-residual_maturity-Auction-Results-25-26.06.2024.pdf
IT,bond,IT0005547812,2024-06-25,2024-06-27,2039-05-15,1250.0,1277.034,1.55,2.26,mef_pdf:BTPEi-15-Years-Auction-Results-25-26.06.2024.pdf
IT,bond,IT0005584302,2024-06-25,2024-06-27,2026-01-28,2500.0,2490.5,1.46,3.48,mef_pdf:BTP-Short-Term-Auction-Results-25-26.06.2024.pdf
IT,bill,IT0005575482,2024-06-26,2024-06-28,2024-12-13,2000.0,1966.68,1.52,3.631,mef_pdf:12-Month-BOTs-5-months-residual_maturity-Auction-Results-26-27.06.2024.pdf
IT,bill,IT0005575482,2024-06-26,2024-06-28,2024-12-13,200.0,196.668,,3.631,mef_pdf:12-Month-BOTs-5-months-residual_maturity-Auction-Results-26-27.06.2024.pdf#supplementary
IT,bill,IT0005596538,2024-06-26,2024-06-28,2024-11-29,2500.0,2461.2,1.49,3.685,mef_pdf:6-Month-BOTs-Auction-Results-26-27.06.2024.pdf
IT,bill,IT0005596538,2024-06-26,2024-06-28,2024-11-29,250.0,246.12,,3.685,mef_pdf:6-Month-BOTs-Auction-Results-26-27.06.2024.pdf#supplementary
IT,bond,IT0005584849,2024-06-27,2024-07-01,2029-07-01,3500.0,3473.4,1.42,3.55,mef_pdf:BTP-5-Years-Auction-Results-27-28.06.2024.pdf
IT,bond,IT0005584856,2024-06-27,2024-07-01,2034-07-01,3500.0,3464.3,1.44,4.01,mef_pdf:BTP-10-Years-Auction-Results-27-28.06.2024.pdf
IT,bond,IT0005594467,2024-06-27,2024-07-01,2032-04-15,1750.0,1736.35,1.61,5.04,mef_pdf:CCTeu-7-Years-Auction-Results-27-28.06.2024.pdf
IT,bill,IT0005603342,2024-07-10,2024-07-12,2025-07-14,8000.0,7725.68,1.37,3.483,mef_pdf:12-Month-BOTs-Auction-Results-10-11.07.2024.pdf
IT,bill,IT0005603342,2024-07-10,2024-07-12,2025-07-14,800.0,772.568,,3.483,mef_pdf:12-Month-BOTs-Auction-Results-10-11.07.2024.pdf#supplementary
IT,bond,IT0005422891,2024-07-11,2024-07-15,2031-04-01,1250.0,1061.861,1.84,3.51,mef_pdf:BTP-10-Years-7-years-residual_maturity-Auction-Results-11-12.07.2024.pdf
IT,bond,IT0005422891,2024-07-11,2024-07-15,2031-04-01,250.0,211.725,,3.51,mef_pdf:BTP-10-Years-7-years-residual_maturity-Auction-Results-11-12.07.2024.pdf#supplementary
IT,bond,IT0005484552,2024-07-11,2024-07-15,2027-04-01,1500.0,1423.297,1.77,3.23,mef_pdf:BTP-5-Years-3-years-residual_maturity-Auction-Results-11-12.07.2024.pdf
IT,bond,IT0005484552,2024-07-11,2024-07-15,2027-04-01,300.0,283.71,,3.23,mef_pdf:BTP-5-Years-3-years-residual_maturity-Auction-Results-11-12.07.2024.pdf#supplementary
IT,bond,IT0005530032,2024-07-11,2024-07-15,2043-09-01,1750.0,1823.291,1.61,4.3,mef_pdf:BTP-20-Years-Auction-Results-11-12.07.2024.pdf
IT,bond,IT0005530032,2024-07-11,2024-07-15,2043-09-01,350.0,358.855,,4.3,mef_pdf:BTP-20-Years-Auction-Results-11-12.07.2024.pdf#supplementary
IT,bond,IT0005595803,2024-07-11,2024-07-15,2031-07-15,2000.0,1988.8,1.61,3.57,mef_pdf:BTP-7-Years-Auction-Results-11-12.07.2024.pdf
IT,bond,IT0005595803,2024-07-11,2024-07-15,2031-07-15,400.0,397.76,,3.57,mef_pdf:BTP-7-Years-Auction-Results-11-12.07.2024.pdf#supplementary
IT,bond,IT0005599904,2024-07-11,2024-07-15,2027-07-15,2000.0,2013.6,2.22,3.24,mef_pdf:BTP-3-Years-Auction-Results-11-12.07.2024.pdf
IT,bond,IT0005599904,2024-07-11,2024-07-15,2027-07-15,400.0,402.72,,3.24,mef_pdf:BTP-3-Years-Auction-Results-11-12.07.2024.pdf#supplementary
IT,bond,IT0004545890,2024-07-25,2024-07-29,2041-09-15,1000.0,1061.801,1.48,2.19,mef_pdf:BTPEi-30-Years-17-years-residual_maturity-Auction-Results-25-26.07.2024.pdf
IT,bond,IT0004545890,2024-07-25,2024-07-29,2041-09-15,150.0,157.845,,2.19,mef_pdf:BTPEi-30-Years-17-years-residual_maturity-Auction-Results-25-26.07.2024.pdf#supplementary
IT,bond,IT0005543803,2024-07-25,2024-07-29,2029-05-15,1250.0,1248.228,1.51,1.6,mef_pdf:BTPEi-5-Years-Auction-Results-25-26.07.2024.pdf
IT,bond,IT0005543803,2024-07-25,2024-07-29,2029-05-15,89.88,89.476,,1.6,mef_pdf:BTPEi-5-Years-Auction-Results-25-26.07.2024.pdf#supplementary
IT,bond,IT0005607269,2024-07-25,2024-07-29,2026-08-28,3500.0,3501.75,1.5,3.1,mef_pdf:BTP-Short-Term-Auction-Results-25-26.07.2024.pdf
IT,bond,IT0005607269,2024-07-25,2024-07-29,2026-08-28,36.225,36.243,,3.1,mef_pdf:BTP-Short-Term-Auction-Results-25-26.07.2024.pdf#supplementary
IT,bill,IT0005607459,2024-07-26,2024-07-31,2025-01-31,6000.0,5894.04,1.46,3.518,mef_pdf:6-Month-BOTs-Auction-Results-26-29.07.2024.pdf
IT,bill,IT0005607459,2024-07-26,2024-07-31,2025-01-31,600.0,589.404,,3.518,mef_pdf:6-Month-BOTs-Auction-Results-26-29.07.2024.pdf#supplementary
IT,bond,IT0005566408,2024-07-30,2024-08-01,2029-02-01,1500.0,1561.5,1.58,3.14,mef_pdf:BTP-5-Years-5-years-residual_maturity-Auction-Results-30-31.07.2024.pdf
IT,bond,IT0005566408,2024-07-30,2024-08-01,2029-02-01,300.0,312.3,,3.14,mef_pdf:BTP-5-Years-5-years-residual_maturity-Auction-Results-30-31.07.2024.pdf#supplementary
IT,bond,IT0005584849,2024-07-30,2024-08-01,2029-07-01,1750.0,1770.029,1.55,3.18,mef_pdf:BTP-5-Years-Auction-Results-30-31.07.2024.pdf
IT,bond,IT0005584849,2024-07-30,2024-08-01,2029-07-01,350.0,353.01,,3.18,mef_pdf:BTP-5-Years-Auction-Results-30-31.07.2024.pdf#supplementary
IT,bond,IT0005594467,2024-07-30,2024-08-01,2032-04-15,1500.0,1502.55,1.68,4.89,mef_pdf:CCTeu-7-Years-Auction-Results-30-31.07.2024.pdf
IT,bond,IT0005594467,2024-07-30,2024-08-01,2032-04-15,5.188,5.197,,4.89,mef_pdf:CCTeu-7-Years-Auction-Results-30-31.07.2024.pdf#supplementary
IT,bond,IT0005607970,2024-07-30,2024-08-01,2035-02-01,4500.0,4546.8,1.42,3.76,mef_pdf:BTP-10-Years-Auction-Results-30-31.07.2024.pdf
IT,bond,IT0005607970,2024-07-30,2024-08-01,2035-02-01,1350.0,1364.04,,3.76,mef_pdf:BTP-10-Years-Auction-Results-30-31.07.2024.pdf#supplementary
IT,bill,IT0005610297,2024-08-09,2024-08-14,2025-08-14,7500.0,7270.575,1.52,3.112,mef_pdf:12-Month-BOTs-Auction-Results-9-12.08.2024.pdf
IT,bill,IT0005610297,2024-08-09,2024-08-14,2025-08-14,175.867,170.487,,3.112,mef_pdf:12-Month-BOTs-Auction-Results-9-12.08.2024.pdf#supplementary
IT,bond,IT0005607269,2024-08-27,2024-08-29,2026-08-28,2500.0,2511.212,1.54,2.89,mef_pdf:BTP-Short-Term-Auction-Results-27-28.08.2024.pdf
IT,bond,IT0005607269,2024-08-27,2024-08-29,2026-08-28,500.0,502.2,,2.89,mef_pdf:BTP-Short-Term-Auction-Results-27-28.08.2024.pdf#supplementary
IT,bill,IT0005586349,2024-08-28,2024-08-30,2025-03-14,2000.0,1965.26,1.86,3.247,mef_pdf:12-Month-BOTs-6-months-residual_maturity-Auction-Results-28-29.08.2024.pdf
IT,bill,IT0005586349,2024-08-28,2024-08-30,2025-03-14,200.0,196.526,,3.247,mef_pdf:12-Month-BOTs-6-months-residual_maturity-Auction-Results-28-29.08.2024.pdf#supplementary
IT,bill,IT0005607459,2024-08-28,2024-08-30,2025-01-31,2500.0,2464.7,1.73,3.347,mef_pdf:6-Month-BOTs-Auction-Results-28-29.08.2024.pdf
IT,bill,IT0005607459,2024-08-28,2024-08-30,2025-01-31,250.0,246.47,,3.347,mef_pdf:6-Month-BOTs-Auction-Results-28-29.08.2024.pdf#supplementary
IT,bond,IT0005594467,2024-08-29,2024-09-02,2032-04-15,1500.0,1497.9,1.92,4.94,mef_pdf:CCTeu-7-Years-Auction-Results-29-30.08.2024.pdf
IT,bond,IT0005607970,2024-08-29,2024-09-02,2035-02-01,3250.0,3316.87,1.62,3.68,mef_pdf:BTP-10-Years-Auction-Results-29-30.08.2024.pdf
IT,bond,IT0005611055,2024-08-29,2024-09-02,2029-10-01,4500.0,4488.3,1.48,3.08,mef_pdf:BTP-5-Years-Auction-Results-29-30.08.2024.pdf
IT,bill,IT0005611659,2024-09-11,2024-09-13,2025-09-12,7500.0,7286.925,1.52,2.892,mef_pdf:12-Month-BOTs-Auction-Results-11-12.09.2024.pdf
IT,bond,IT0005595803,2024-09-12,2024-09-16,2031-07-15,3000.0,3077.864,1.86,3.15,mef_pdf:BTP-7-Years-Auction-Results-12-13.09.2024.pdf
IT,bond,IT0005595803,2024-09-12,2024-09-16,2031-07-15,600.0,612.0,,3.15,mef_pdf:BTP-7-Years-Auction-Results-12-13.09.2024.pdf#supplementary
IT,bond,IT0005599904,2024-09-12,2024-09-16,2027-07-15,3500.0,3600.642,1.6,2.62,mef_pdf:BTP-3-Years-Auction-Results-12-13.09.2024.pdf
IT,bond,IT0005599904,2024-09-12,2024-09-16,2027-07-15,621.391,635.559,,2.62,mef_pdf:BTP-3-Years-Auction-Results-12-13.09.2024.pdf#supplementary
IT,bond,IT0005543803,2024-09-25,2024-09-27,2029-05-15,1250.0,1275.935,1.56,1.17,mef_pdf:BTPEi-5-Years-Auction-Results-25-26.09.2024.pdf
IT,bond,IT0005543803,2024-09-25,2024-09-27,2029-05-15,187.5,190.35,,1.17,mef_pdf:BTPEi-5-Years-Auction-Results-25-26.09.2024.pdf#supplementary
IT,bond,IT0005547812,2024-09-25,2024-09-27,2039-05-15,1250.0,1330.096,1.45,1.97,mef_pdf:BTPEi-15-Years-Auction-Results-25-26.09.2024.pdf
IT,bond,IT0005547812,2024-09-25,2024-09-27,2039-05-15,187.5,197.85,,1.97,mef_pdf:BTPEi-15-Years-Auction-Results-25-26.09.2024.pdf#supplementary
IT,bond,IT0005607269,2024-09-25,2024-09-27,2026-08-28,2750.0,2788.082,1.62,2.51,mef_pdf:BTP-Short-Term-Auction-Results-25-26.09.2024.pdf
IT,bond,IT0005607269,2024-09-25,2024-09-27,2026-08-28,550.0,556.215,,2.51,mef_pdf:BTP-Short-Term-Auction-Results-25-26.09.2024.pdf#supplementary
IT,bill,IT0005614182,2024-09-26,2024-09-30,2025-03-31,7000.0,6891.57,1.5,3.112,mef_pdf:6-Month-BOTs-Auction-Results-26-27.09.2024.pdf
IT,bill,IT0005614182,2024-09-26,2024-09-30,2025-03-31,700.0,689.157,,3.112,mef_pdf:6-Month-BOTs-Auction-Results-26-27.09.2024.pdf#supplementary
IT,bond,IT0005365165,2024-09-27,2024-10-01,2029-08-01,1000.0,1020.214,2.38,2.68,mef_pdf:BTP-10-Years-5-years-residual_maturity-Auction-Results-27-30.09.2024.pdf
IT,bond,IT0005491250,2024-09-27,2024-10-01,2030-10-15,1750.0,1744.225,1.94,4.68,mef_pdf:CCTeu-7-Years-6-years-residual_maturity-Auction-Results-27-30.09.2024.pdf
IT,bond,IT0005607970,2024-09-27,2024-10-01,2035-02-01,3500.0,3659.02,1.62,3.43,mef_pdf:BTP-10-Years-Auction-Results-27-30.09.2024.pdf
IT,bond,IT0005611055,2024-09-27,2024-10-01,2029-10-01,2500.0,2529.5,1.88,2.76,mef_pdf:BTP-5-Years-Auction-Results-27-30.09.2024.pdf
IT,bill,IT0005617367,2024-10-10,2024-10-14,2025-10-14,7500.0,7288.725,1.54,2.859,mef_pdf:12-Month-BOTs-Auction-Results-10-11.10.2024.pdf
IT,bond,IT0005273013,2024-10-11,2024-10-15,2048-03-01,1250.0,1151.949,1.9,4.04,mef_pdf:BTP-30-Years-24-years-residual_maturity-Auction-Results-11-14.10.2024.pdf
IT,bond,IT0005273013,2024-10-11,2024-10-15,2048-03-01,250.0,229.35,,4.04,mef_pdf:BTP-30-Years-24-years-residual_maturity-Auction-Results-11-14.10.2024.pdf#supplementary
IT,bond,IT0005500068,2024-10-11,2024-10-15,2027-12-01,1500.0,1514.661,1.79,2.67,mef_pdf:BTP-5-Years-3-years-residual_maturity-Auction-Results-11-14.10.2024.pdf
IT,bond,IT0005500068,2024-10-11,2024-10-15,2027-12-01,300.0,299.97,,2.67,mef_pdf:BTP-5-Years-3-years-residual_maturity-Auction-Results-11-14.10.2024.pdf#supplementary
IT,bond,IT0005582421,2024-10-11,2024-10-15,2039-10-01,1250.0,1294.49,1.87,3.88,mef_pdf:BTP-15-Years-Auction-Results-11-14.10.2024.pdf
IT,bond,IT0005582421,2024-10-11,2024-10-15,2039-10-01,250.0,258.5,,3.88,mef_pdf:BTP-15-Years-Auction-Results-11-14.10.2024.pdf#supplementary
IT,bond,IT0005595803,2024-10-11,2024-10-15,2031-07-15,3500.0,3591.336,1.61,3.19,mef_pdf:BTP-7-Years-Auction-Results-11-14.10.2024.pdf
IT,bond,IT0005595803,2024-10-11,2024-10-15,2031-07-15,700.0,712.18,,3.19,mef_pdf:BTP-7-Years-Auction-Results-11-14.10.2024.pdf#supplementary
IT,bond,IT0005599904,2024-10-11,2024-10-15,2027-07-15,2000.0,2058.592,1.7,2.68,mef_pdf:BTP-3-Years-Auction-Results-11-14.10.2024.pdf
IT,bond,IT0005599904,2024-10-11,2024-10-15,2027-07-15,400.0,408.24,,2.68,mef_pdf:BTP-3-Years-Auction-Results-11-14.10.2024.pdf#supplementary
IT,bond,IT0005387052,2024-10-25,2024-10-29,2030-05-15,1000.0,957.33,1.7,1.24,mef_pdf:BTPEi-10-Years-6-years-residual_maturity-Auction-Results-25-28.10.2024.pdf
IT,bond,IT0005588881,2024-10-25,2024-10-29,2036-05-15,1500.0,1512.803,1.55,1.81,mef_pdf:BTPEi-10-Years-Auction-Results-25-28.10.2024.pdf
IT,bond,IT0005607269,2024-10-25,2024-10-29,2026-08-28,2500.0,2537.914,1.7,2.56,mef_pdf:BTP-Short-Term-Auction-Results-25-28.10.2024-.pdf
IT,bond,IT0005607269,2024-10-25,2024-10-29,2026-08-28,409.942,414.0,,2.56,mef_pdf:BTP-Short-Term-Auction-Results-25-28.10.2024-.pdf#supplementary
IT,bill,IT0005592370,2024-10-29,2024-10-31,2025-04-14,1750.0,1726.55,1.58,2.964,mef_pdf:12-Month-BOTs-5-months-residual_maturity-Auction-Results-29-30.10.2024.pdf
IT,bill,IT0005592370,2024-10-29,2024-10-31,2025-04-14,175.0,172.655,,2.964,mef_pdf:12-Month-BOTs-5-months-residual_maturity-Auction-Results-29-30.10.2024.pdf#supplementary
IT,bill,IT0005614182,2024-10-29,2024-10-31,2025-03-31,1500.0,1481.34,1.69,3.003,mef_pdf:6-Month-BOTs-5-months-residual_maturity-Auction-Results-29-30.10.2024.pdf
IT,bill,IT0005614182,2024-10-29,2024-10-31,2025-03-31,150.0,148.134,,3.003,mef_pdf:6-Month-BOTs-5-months-residual_maturity-Auction-Results-29-30.10.2024.pdf#supplementary
IT,bond,IT0005607970,2024-10-30,2024-11-01,2035-02-01,3500.0,3626.014,1.55,3.57,mef_pdf:BTP-10-Years-Auction-Results-30.10.2024.pdf
IT,bond,IT0005611055,2024-10-30,2024-11-01,2029-10-01,2000.0,2010.296,1.91,2.96,mef_pdf:BTP-5-Years-Auction-Results-30.10.2024.pdf
IT,bond,IT0005620460,2024-10-30,2024-11-01,2033-04-15,3500.0,3488.1,1.62,4.19,mef_pdf:CCTeu-7-Years-Auction-Results-30.10.2024.pdf
IT,bill,IT0005580003,2024-11-12,2024-11-14,2025-01-14,1500.0,1492.305,2.1,3.041,mef_pdf:12-Month-BOTs-2-months-residual_maturity-Auction-Results-12-13.11.2024.pdf
IT,bill,IT0005580003,2024-11-12,2024-11-14,2025-01-14,150.0,149.231,,3.041,mef_pdf:12-Month-BOTs-2-months-residual_maturity-Auction-Results-12-13.11.2024.pdf#supplementary
IT,bill,IT0005621401,2024-11-12,2024-11-14,2025-11-14,7500.0,7300.5,1.52,2.695,mef_pdf:12-Month-BOTs-Auction-Results-12-13.11.2024.pdf
IT,bill,IT0005621401,2024-11-12,2024-11-14,2025-11-14,750.0,730.05,,2.695,mef_pdf:12-Month-BOTs-Auction-Results-12-13.11.2024.pdf#supplementary
IT,bond,IT0005494239,2024-11-13,2024-11-15,2032-12-01,1500.0,1429.108,1.92,3.37,mef_pdf:BTP-10-Years-8-years-residual_maturity-Auction-Results-13-14.11.2024.pdf
IT,bond,IT0005494239,2024-11-13,2024-11-15,2032-12-01,300.0,282.39,,3.37,mef_pdf:BTP-10-Years-8-years-residual_maturity-Auction-Results-13-14.11.2024.pdf#supplementary
IT,bond,IT0005580094,2024-11-13,2024-11-15,2031-02-15,1500.0,1537.533,1.88,3.23,mef_pdf:BTP-7-Years-7-years-residual_maturity-Auction-Results-13-14.11.2024.pdf
IT,bond,IT0005580094,2024-11-13,2024-11-15,2031-02-15,300.0,304.86,,3.23,mef_pdf:BTP-7-Years-7-years-residual_maturity-Auction-Results-13-14.11.2024.pdf#supplementary
IT,bond,IT0005582421,2024-11-13,2024-11-15,2039-10-01,1250.0,1291.646,2.15,3.93,mef_pdf:BTP-15-Years-Auction-Results-13-14.11.2024.pdf
IT,bond,IT0005582421,2024-11-13,2024-11-15,2039-10-01,250.0,257.05,,3.93,mef_pdf:BTP-15-Years-Auction-Results-13-14.11.2024.pdf#supplementary
IT,bond,IT0005622128,2024-11-13,2024-11-15,2027-10-15,4000.0,3998.4,1.49,2.73,mef_pdf:BTP-3-Years-Auction-Results-13-14.11.2024.pdf
IT,bond,IT0005622128,2024-11-13,2024-11-15,2027-10-15,1200.0,1199.52,,2.73,mef_pdf:BTP-3-Years-Auction-Results-13-14.11.2024.pdf#supplementary
IT,bond,IT0005482994,2024-11-26,2024-11-28,2033-05-15,750.0,666.777,1.99,1.51,mef_pdf:BTPEi-10-Years-9-years-residual_maturity-Auction-Results-26-27.11.2024.pdf
IT,bond,IT0005482994,2024-11-26,2024-11-28,2033-05-15,112.5,100.013,,1.51,mef_pdf:BTPEi-10-Years-9-years-residual_maturity-Auction-Results-26-27.11.2024.pdf#supplementary
IT,bond,IT0005543803,2024-11-26,2024-11-28,2029-05-15,1000.0,1015.234,1.83,1.16,mef_pdf:BTPEi-5-Years-Auction-Results-26-27.11.2024.pdf
IT,bond,IT0005543803,2024-11-26,2024-11-28,2029-05-15,150.0,152.205,,1.16,mef_pdf:BTPEi-5-Years-Auction-Results-26-27.11.2024.pdf#supplementary
IT,bond,IT0005607269,2024-11-26,2024-11-28,2026-08-28,2000.0,2037.427,1.81,2.47,mef_pdf:BTP-Short-Term-Auction-Results-26-27.11.2024.pdf
IT,bond,IT0005607269,2024-11-26,2024-11-28,2026-08-28,400.0,404.36,,2.47,mef_pdf:BTP-Short-Term-Auction-Results-26-27.11.2024.pdf#supplementary
IT,bill,IT0005624447,2024-11-27,2024-11-29,2025-05-30,7500.0,7398.15,1.47,2.724,mef_pdf:6-Month-BOTs-Auction-Results-27-28.11.2024.pdf
IT,bill,IT0005624447,2024-11-27,2024-11-29,2025-05-30,698.829,689.339,,2.724,mef_pdf:6-Month-BOTs-Auction-Results-27-28.11.2024.pdf#supplementary
IT,bond,IT0005240350,2024-11-28,2024-12-02,2033-09-01,1500.0,1430.663,1.68,3.16,mef_pdf:BTP-15-Years-9-years-residual_maturity-Auction-Results-28-29.11.2024.pdf
IT,bond,IT0005240350,2024-11-28,2024-12-02,2033-09-01,300.0,284.28,,3.16,mef_pdf:BTP-15-Years-9-years-residual_maturity-Auction-Results-28-29.11.2024.pdf#supplementary
IT,bond,IT0005594467,2024-11-28,2024-12-02,2032-04-15,1500.0,1501.65,1.76,4.08,mef_pdf:CCTeu-7-Years-8-years-residual_maturity-Auction-Results-28-29.11.2024.pdf
IT,bond,IT0005594467,2024-11-28,2024-12-02,2032-04-15,225.0,225.248,,4.08,mef_pdf:CCTeu-7-Years-8-years-residual_maturity-Auction-Results-28-29.11.2024.pdf#supplementary
IT,bond,IT0005607970,2024-11-28,2024-12-02,2035-02-01,2000.0,2110.148,1.63,3.39,mef_pdf:BTP-10-Years-Auction-Results-28-29.11.2024.pdf
IT,bond,IT0005607970,2024-11-28,2024-12-02,2035-02-01,400.0,416.84,,3.39,mef_pdf:BTP-10-Years-Auction-Results-28-29.11.2024.pdf#supplementary
IT,bond,IT0005611055,2024-11-28,2024-12-02,2029-10-01,3250.0,3299.712,1.58,2.79,mef_pdf:BTP-5-Years-Auction-Results-28-29.11.2024.pdf
IT,bond,IT0005611055,2024-11-28,2024-12-02,2029-10-01,650.0,656.63,,2.79,mef_pdf:BTP-5-Years-Auction-Results-28-29.11.2024.pdf#supplementary
IT,bill,IT0005627853,2024-12-11,2024-12-13,2025-12-12,8500.0,8297.7,1.49,2.411,mef_pdf:12-Month-BOTs-Auction-Results-11-12.12.2024.pdf
IT,bill,IT0005627853,2024-12-11,2024-12-13,2025-12-12,850.0,829.77,,2.411,mef_pdf:12-Month-BOTs-Auction-Results-11-12.12.2024.pdf#supplementary
IT,bond,IT0005358806,2024-12-12,2024-12-16,2035-03-01,1500.0,1538.293,2.1,3.19,mef_pdf:BTP-15-Years-11-years-residual_maturity-Auction-Results-12-13.12.2024.pdf
IT,bond,IT0005611741,2024-12-12,2024-12-16,2054-10-01,1000.0,1078.553,2.3,3.94,mef_pdf:BTP-30-Years-Auction-Results-12-13.12.2024.pdf
IT,bond,IT0005619546,2024-12-12,2024-12-16,2031-11-15,3000.0,3054.226,1.58,2.92,mef_pdf:BTP-7-Years-Auction-Results-12-13.12.2024.pdf
IT,bond,IT0005622128,2024-12-12,2024-12-16,2027-10-15,3000.0,3029.4,1.66,2.35,mef_pdf:BTP-3-Years-Auction-Results-12-13.12.2024.pdf
IT,bill,IT0005631533,2025-01-10,2025-01-14,2026-01-14,8000.0,7800.96,1.49,2.517,mef_pdf:12-Month-BOTs-Auction-Results-10-13.01.2025.pdf
IT,bond,IT0005619546,2025-01-13,2025-01-15,2031-11-15,3000.0,2958.793,1.63,3.49,mef_pdf:BTP-7-Years-Auction-Results-13-14.01.2025.pdf
IT,bond,IT0005619546,2025-01-13,2025-01-15,2031-11-15,600.0,588.6,,3.49,mef_pdf:BTP-7-Years-Auction-Results-13-14.01.2025.pdf#supplementary
IT,bond,IT0005622128,2025-01-13,2025-01-15,2027-10-15,2750.0,2740.925,1.65,2.85,mef_pdf:BTP-3-Years-Auction-Results-13-14.01.2025.pdf
IT,bond,IT0005622128,2025-01-13,2025-01-15,2027-10-15,550.0,548.185,,2.85,mef_pdf:BTP-3-Years-Auction-Results-13-14.01.2025.pdf#supplementary
IT,bond,IT0005543803,2025-01-28,2025-01-30,2029-05-15,1250.0,1271.404,1.72,1.17,mef_pdf:BTPi-5-Years-Auction-Results-28-29.01.2025.pdf
IT,bond,IT0005543803,2025-01-28,2025-01-30,2029-05-15,187.5,190.125,,1.17,mef_pdf:BTPi-5-Years-Auction-Results-28-29.01.2025.pdf#supplementary
IT,bond,IT0005588881,2025-01-28,2025-01-30,2036-05-15,1250.0,1242.935,1.72,1.9,mef_pdf:BTPi-10-Years-Auction-Results-28-29.01.2025.pdf
IT,bond,IT0005588881,2025-01-28,2025-01-30,2036-05-15,187.5,185.738,,1.9,mef_pdf:BTPi-10-Years-Auction-Results-28-29.01.2025.pdf#supplementary
IT,bond,IT0005633794,2025-01-28,2025-01-30,2027-02-25,3000.0,2997.3,1.63,2.61,mef_pdf:BTP-Short-Term-Auction-Results-28-29.01.2025.pdf
IT,bond,IT0005633794,2025-01-28,2025-01-30,2027-02-25,900.0,899.19,,2.61,mef_pdf:BTP-Short-Term-Auction-Results-28-29.01.2025.pdf#supplementary
IT,bill,IT0005633786,2025-01-29,2025-01-31,2025-07-31,6500.0,6418.165,1.53,2.536,mef_pdf:6-Month-BOTs-Auction-Results-29-30.01.2025.pdf
IT,bill,IT0005633786,2025-01-29,2025-01-31,2025-07-31,975.0,962.725,,2.536,mef_pdf:6-Month-BOTs-Auction-Results-29-30.01.2025.pdf#supplementary
IT,bond,IT0005358806(*),2025-01-30,2025-02-03,2035-03-01,1500.0,1497.939,1.99,3.57,mef_pdf:BTP-15-Years-10-years-residual_maturity-Auction-Results-30-31.01.2025.pdf
IT,bond,IT0005358806(*),2025-01-30,2025-02-03,2035-03-01,300.0,295.32,,3.57,mef_pdf:BTP-15-Years-10-years-residual_maturity-Auction-Results-30-31.01.2025.pdf#supplementary
IT,bond,IT0005607970,2025-01-30,2025-02-03,2035-02-01,2000.0,2047.422,1.85,3.6,mef_pdf:BTP-10-Years-10-years-residual_maturity-Auction-Results-30-31.01.2025.pdf
IT,bond,IT0005607970,2025-01-30,2025-02-03,2035-02-01,400.0,409.4,,3.6,mef_pdf:BTP-10-Years-10-years-residual_maturity-Auction-Results-30-31.01.2025.pdf#supplementary
IT,bond,IT0005611055,2025-01-30,2025-02-03,2029-10-01,2750.0,2786.503,1.64,2.95,mef_pdf:BTP-5-Years-Auction-Results-30-31.01.2025.pdf
IT,bond,IT0005611055,2025-01-30,2025-02-03,2029-10-01,550.0,551.65,,2.95,mef_pdf:BTP-5-Years-Auction-Results-30-31.01.2025.pdf#supplementary
IT,bond,IT0005620460,2025-01-30,2025-02-03,2033-04-15,2750.0,2756.6,1.58,4.11,mef_pdf:CCTeu-7-Years-Auction-Results-30-31.01.2025.pdf
IT,bill,IT0005635351,2025-02-12,2025-02-14,2026-02-13,8000.0,7816.4,1.52,2.323,mef_pdf:12-Month-BOTs-Auction-Results-12-13.02.2025.pdf
IT,bill,IT0005635351,2025-02-12,2025-02-14,2026-02-13,800.0,781.64,,2.323,mef_pdf:12-Month-BOTs-Auction-Results-12-13.02.2025.pdf#supplementary
IT,bond,IT0005595803,2025-02-13,2025-02-17,2031-07-15,1250.0,1278.649,1.85,3.13,mef_pdf:BTP-7-Years-6-years-residual_maturity-Auction-Results-13-14.02.2025.pdf
IT,bond,IT0005595803,2025-02-13,2025-02-17,2031-07-15,250.0,254.95,,3.13,mef_pdf:BTP-7-Years-6-years-residual_maturity-Auction-Results-13-14.02.2025.pdf#supplementary
IT,bond,IT0005619546,2025-02-13,2025-02-17,2031-11-15,1250.0,1259.89,1.83,3.18,mef_pdf:BTP-7-Years-Auction-Results-13-14.02.2025.pdf
IT,bond,IT0005619546,2025-02-13,2025-02-17,2031-11-15,250.0,249.95,,3.18,mef_pdf:BTP-7-Years-Auction-Results-13-14.02.2025.pdf#supplementary
IT,bond,IT0005622128,2025-02-13,2025-02-17,2027-10-15,3250.0,3266.25,1.58,2.52,mef_pdf:BTP-3-Years-Auction-Results-13-14.02.2025.pdf
IT,bond,IT0005622128,2025-02-13,2025-02-17,2027-10-15,650.0,653.25,,2.52,mef_pdf:BTP-3-Years-Auction-Results-13-14.02.2025.pdf#supplementary
IT,bond,IT0005588881,2025-02-25,2025-02-27,2036-05-15,1500.0,1493.893,1.61,1.9,mef_pdf:BTPEi-10-Years-Auction-Results-25-26.02.2025.pdf
IT,bond,IT0005588881,2025-02-25,2025-02-27,2036-05-15,225.0,222.93,,1.9,mef_pdf:BTPEi-10-Years-Auction-Results-25-26.02.2025.pdf#supplementary
IT,bond,IT0005633794,2025-02-25,2025-02-27,2027-02-25,2750.0,2760.284,1.59,2.38,mef_pdf:BTP-Short-Term-Auction-Results-25-26.02.2025.pdf
IT,bond,IT0005633794,2025-02-25,2025-02-27,2027-02-25,550.0,551.98,,2.38,mef_pdf:BTP-Short-Term-Auction-Results-25-26.02.2025.pdf#supplementary
IT,bill,IT0005595605,2025-02-26,2025-02-28,2025-05-14,2000.0,1989.86,1.63,2.448,mef_pdf:12-Month-BOTs-2-months-residual_maturity-Auction-Results-26-27.02.2025.pdf
IT,bill,IT0005595605,2025-02-26,2025-02-28,2025-05-14,200.0,198.986,,2.448,mef_pdf:12-Month-BOTs-2-months-residual_maturity-Auction-Results-26-27.02.2025.pdf#supplementary
IT,bill,IT0005633786,2025-02-26,2025-02-28,2025-07-31,2000.0,1980.0,1.65,2.376,mef_pdf:6-Month-BOTs-5-months-residual_maturity-Auction-Results-26-27.02.2025.pdf
IT,bill,IT0005633786,2025-02-26,2025-02-28,2025-07-31,200.0,198.0,,2.376,mef_pdf:6-Month-BOTs-5-months-residual_maturity-Auction-Results-26-27.02.2025.pdf#supplementary
IT,bond,IT0005620460,2025-02-27,2025-03-03,2033-04-15,2750.0,2756.6,1.61,4.11,mef_pdf:CCTeu-7-Years-Auction-Results-27-28.02.2025.pdf
IT,bond,IT0005631590,2025-02-27,2025-03-03,2035-08-01,3000.0,3042.3,1.63,3.55,mef_pdf:BTP-10-Years-Auction-Results-27-28.02.2025.pdf
IT,bond,IT0005631590,2025-02-27,2025-03-03,2035-08-01,600.0,606.66,,3.55,mef_pdf:BTP-10-Years-Auction-Results-27-28.02.2025.pdf#supplementary
IT,bond,IT0005637399,2025-02-27,2025-03-03,2030-07-01,3750.0,3757.5,1.54,2.93,mef_pdf:BTP-5-Years-Auction-Results-27-28.02.2025.pdf
IT,bond,IT0005637399,2025-02-27,2025-03-03,2030-07-01,1125.0,1127.25,,2.93,mef_pdf:BTP-5-Years-Auction-Results-27-28.02.2025.pdf#supplementary
IT,bill,IT0005640666,2025-03-12,2025-03-14,2026-03-13,9000.0,8792.28,1.45,2.337,mef_pdf:12-Month-BOTs-Auction-Results-12-13.03.2025.pdf
IT,bill,IT0005640666,2025-03-12,2025-03-14,2026-03-13,900.0,879.228,,2.337,mef_pdf:12-Month-BOTs-Auction-Results-12-13.03.2025.pdf#supplementary
IT,bond,IT0005240350(*),2025-03-13,2025-03-17,2033-09-01,1250.0,1139.842,1.92,3.72,mef_pdf:BTP-15-Years-8-years-residual_maturity-Auction-Results-13-14.03.2025.pdf
IT,bond,IT0005240350(*),2025-03-13,2025-03-17,2033-09-01,18.697,17.029,,3.72,mef_pdf:BTP-15-Years-8-years-residual_maturity-Auction-Results-13-14.03.2025.pdf#supplementary
IT,bond,IT0005542359,2025-03-13,2025-03-17,2031-10-30,1500.0,1555.35,1.76,3.4,mef_pdf:BTP-Green-6-years-residual_maturity-Auction-Results-13-14.03.2025.pdf
IT,bond,IT0005542359,2025-03-13,2025-03-17,2031-10-30,275.573,285.742,,3.4,mef_pdf:BTP-Green-6-years-residual_maturity-Auction-Results-13-14.03.2025.pdf#supplementary
IT,bond,IT0005611741,2025-03-13,2025-03-17,2054-10-01,1500.0,1445.961,1.85,4.7,mef_pdf:BTP-30-Years-Auction-Results-13-14.03.2025.pdf
IT,bond,IT0005641029,2025-03-13,2025-03-17,2028-06-15,4000.0,3987.6,1.58,2.77,mef_pdf:BTP-3-Years-Auction-Results-13-14.03.2025.pdf
IT,bond,IT0005641029,2025-03-13,2025-03-17,2028-06-15,1200.0,1196.28,,2.77,mef_pdf:BTP-3-Years-Auction-Results-13-14.03.2025.pdf#supplementary
IT,bond,IT0005543803,2025-03-26,2025-03-28,2029-05-15,1500.0,1537.299,1.55,1.02,mef_pdf:BTPEi-5-Years-Auction-Results-26-27.03.2025.pdf
IT,bond,IT0005543803,2025-03-26,2025-03-28,2029-05-15,225.0,229.365,,1.02,mef_pdf:BTPEi-5-Years-Auction-Results-26-27.03.2025.pdf#supplementary
IT,bond,IT0005633794,2025-03-26,2025-03-28,2027-02-25,3000.0,3016.997,1.55,2.38,mef_pdf:BTP-Short-Term-Auction-Results-26-27.03.2025.pdf
IT,bond,IT0005633794,2025-03-26,2025-03-28,2027-02-25,600.0,602.1,,2.38,mef_pdf:BTP-Short-Term-Auction-Results-26-27.03.2025.pdf#supplementary
IT,bill,IT0005643009,2025-03-27,2025-03-31,2025-09-30,7000.0,6920.2,1.48,2.268,mef_pdf:6-Month-BOTs-Auction-Results-27-28.03.2025.pdf
IT,bill,IT0005643009,2025-03-27,2025-03-31,2025-09-30,700.0,692.02,,2.268,mef_pdf:6-Month-BOTs-Auction-Results-27-28.03.2025.pdf#supplementary
IT,bond,IT0005594467,2025-03-28,2025-04-01,2032-04-15,1250.0,1259.5,1.85,3.98,mef_pdf:CCTeu-7-Years-7-years-residual_maturity-Auction-Results-28-31.03.2025.pdf
IT,bond,IT0005620460,2025-03-28,2025-04-01,2033-04-15,1500.0,1503.75,1.74,4.11,mef_pdf:CCTeu-7-Years-Auction-Results-28-31.03.2025.pdf
IT,bond,IT0005631590,2025-03-28,2025-04-01,2035-08-01,3250.0,3230.175,1.66,3.83,mef_pdf:BTP-10-Years-Auction-Results-28-31.03.2025.pdf
IT,bond,IT0005631590,2025-03-28,2025-04-01,2035-08-01,272.835,269.561,,3.83,mef_pdf:BTP-10-Years-Auction-Results-28-31.03.2025.pdf#supplementary
IT,bond,IT0005637399,2025-03-28,2025-04-01,2030-07-01,3000.0,2989.2,1.58,3.05,mef_pdf:BTP-5-Years-Auction-Results-28-31.03.2025.pdf
IT,bond,IT0005637399,2025-03-28,2025-04-01,2030-07-01,600.0,597.84,,3.05,mef_pdf:BTP-5-Years-Auction-Results-28-31.03.2025.pdf#supplementary
IT,bill,IT0005599474,2025-04-10,2025-04-14,2025-06-13,1500.0,1494.465,1.77,2.225,mef_pdf:12-Month-BOTs-2-months-residual_maturity-Auction-Results-10-11.04.2025.pdf
IT,bill,IT0005599474,2025-04-10,2025-04-14,2025-06-13,4.1,4.085,,2.225,mef_pdf:12-Month-BOTs-2-months-residual_maturity-Auction-Results-10-11.04.2025.pdf#supplementary
IT,bill,IT0005645509,2025-04-10,2025-04-14,2026-04-14,7000.0,6852.58,1.52,2.122,mef_pdf:12-Month-BOTs-Auction-Results-10-11.04.2025.pdf
IT,bill,IT0005645509,2025-04-10,2025-04-14,2026-04-14,700.0,685.258,,2.122,mef_pdf:12-Month-BOTs-Auction-Results-10-11.04.2025.pdf#supplementary
IT,bond,IT0005466013(*),2025-04-11,2025-04-15,2032-06-01,1500.0,1281.471,1.8,3.34,mef_pdf:BTP-10-Years-7-years-residual_maturity-Auction-Results-11-14.04.2025.pdf
IT,bond,IT0005466013(*),2025-04-11,2025-04-15,2032-06-01,300.0,255.24,,3.34,mef_pdf:BTP-10-Years-7-years-residual_maturity-Auction-Results-11-14.04.2025.pdf#supplementary
IT,bond,IT0005496770,2025-04-11,2025-04-15,2038-03-01,1500.0,1390.81,1.82,4.06,mef_pdf:BTP-15-Years-13-years-residual_maturity-Auction-Results-11-14.04.2025.pdf
IT,bond,IT0005496770,2025-04-11,2025-04-15,2038-03-01,300.0,276.96,,4.06,mef_pdf:BTP-15-Years-13-years-residual_maturity-Auction-Results-11-14.04.2025.pdf#supplementary
IT,bond,IT0005619546,2025-04-11,2025-04-15,2031-11-15,2500.0,2514.329,1.63,3.3,mef_pdf:BTP-7-Years-Auction-Results-11-14.04.2025.pdf
IT,bond,IT0005619546,2025-04-11,2025-04-15,2031-11-15,500.0,496.35,,3.3,mef_pdf:BTP-7-Years-Auction-Results-11-14.04.2025.pdf#supplementary
IT,bond,IT0005641029,2025-04-11,2025-04-15,2028-06-15,3500.0,3523.8,1.55,2.44,mef_pdf:BTP-3-Years-Auction-Results-11-14.04.2025.pdf
IT,bond,IT0005641029,2025-04-11,2025-04-15,2028-06-15,700.0,704.76,,2.44,mef_pdf:BTP-3-Years-Auction-Results-11-14.04.2025.pdf#supplementary
IT,bond,IT0005633794,2025-04-24,2025-04-29,2027-02-25,3000.0,3043.204,1.65,2.0,mef_pdf:BTP-Short-Term-Auction-Results-24-24.04.2025.pdf
IT,bond,IT0005633794,2025-04-24,2025-04-29,2027-02-25,600.0,606.0,,2.0,mef_pdf:BTP-Short-Term-Auction-Results-24-24.04.2025.pdf#supplementary
IT,bill,IT0005611659,2025-04-28,2025-04-30,2025-09-12,2000.0,1984.54,1.78,2.077,mef_pdf:12-Month-BOTs-4-months-residual_maturity-Auction-Results-28-29.04.2025.pdf
IT,bill,IT0005611659,2025-04-28,2025-04-30,2025-09-12,200.0,198.454,,2.077,mef_pdf:12-Month-BOTs-4-months-residual_maturity-Auction-Results-28-29.04.2025.pdf#supplementary
IT,bill,IT0005643009,2025-04-28,2025-04-30,2025-09-30,2000.0,1982.56,1.78,2.069,mef_pdf:6-Month-BOTs-5-months-residual_maturity-Auction-Results-28-29.04.2025.pdf
IT,bill,IT0005643009,2025-04-28,2025-04-30,2025-09-30,200.0,198.256,,2.069,mef_pdf:6-Month-BOTs-5-months-residual_maturity-Auction-Results-28-29.04.2025.pdf#supplementary
IT,bond,IT0005620460,2025-04-29,2025-05-02,2033-04-15,2000.0,2010.6,1.66,3.27,mef_pdf:CCTeu-7-Years-Auction-Results-29-30.04.2025.pdf
IT,bond,IT0005620460,2025-04-29,2025-05-02,2033-04-15,110.0,110.583,,3.27,mef_pdf:CCTeu-7-Years-Auction-Results-29-30.04.2025.pdf#supplementary
IT,bond,IT0005637399,2025-04-29,2025-05-02,2030-07-01,3500.0,3537.45,1.52,2.74,mef_pdf:BTP-5-Years-Auction-Results-29-30.04.2025.pdf
IT,bond,IT0005637399,2025-04-29,2025-05-02,2030-07-01,700.0,707.49,,2.74,mef_pdf:BTP-5-Years-Auction-Results-29-30.04.2025.pdf#supplementary
IT,bond,IT0005648149,2025-04-29,2025-05-02,2035-10-01,4000.0,4003.6,1.58,3.62,mef_pdf:BTP-10-Years-Auction-Results-29-30.04.2025.pdf
IT,bond,IT0005648149,2025-04-29,2025-05-02,2035-10-01,1200.0,1201.08,,3.62,mef_pdf:BTP-10-Years-Auction-Results-29-30.04.2025.pdf#supplementary
IT,bill,IT0005650574,2025-05-09,2025-05-14,2026-05-14,8500.0,8334.42,1.42,1.959,mef_pdf:12-Month-BOTs-Auction-Results-9-12.05.2025.pdf
IT,bond,IT0005530032,2025-05-13,2025-05-15,2043-09-01,1500.0,1557.366,1.68,4.26,mef_pdf:BTP-20-Years-Auction-Results-13-14.05.2025.pdf
IT,bond,IT0005641029,2025-05-13,2025-05-15,2028-06-15,3500.0,3526.95,1.51,2.4,mef_pdf:BTP-3-Years-Auction-Results-13-14.05.2025.pdf
IT,bond,IT0005641029,2025-05-13,2025-05-15,2028-06-15,540.686,544.849,,2.4,mef_pdf:BTP-3-Years-Auction-Results-13-14.05.2025.pdf#supplementary
IT,bond,IT0005647265,2025-05-13,2025-05-15,2032-07-15,2500.0,2499.5,1.6,3.28,mef_pdf:BTP-7-Years-Auction-Results-13-14.05.2025.pdf
IT,bond,IT0005647265,2025-05-13,2025-05-15,2032-07-15,117.355,117.332,,3.28,mef_pdf:BTP-7-Years-Auction-Results-13-14.05.2025.pdf#supplementary
IT,bond,IT0005138828,2025-05-27,2025-05-29,2032-09-15,1000.0,1003.568,1.57,1.24,mef_pdf:BTPEi-15-Years-7-years-residual_maturity-Auction-Results-27-28.05.2025.pdf
IT,bond,IT0005138828,2025-05-27,2025-05-29,2032-09-15,150.0,150.15,,1.24,mef_pdf:BTPEi-15-Years-7-years-residual_maturity-Auction-Results-27-28.05.2025.pdf#supplementary
IT,bond,IT0005588881,2025-05-27,2025-05-29,2036-05-15,1000.0,991.29,1.59,1.9,mef_pdf:BTPEi-10-Years-Auction-Results-27-28.05.2025.pdf
IT,bond,IT0005588881,2025-05-27,2025-05-29,2036-05-15,150.0,148.59,,1.9,mef_pdf:BTPEi-10-Years-Auction-Results-27-28.05.2025.pdf#supplementary
IT,bond,IT0005633794,2025-05-27,2025-05-29,2027-02-25,2750.0,2793.442,1.61,2.01,mef_pdf:BTP-Short-Term-Auction-Results-27-28.05.2025.pdf
IT,bill,IT0005652554,2025-05-28,2025-05-30,2025-11-28,6500.0,6435.52,1.46,1.981,mef_pdf:6-Month-BOTs-Auction-Results-28-29.05.2025.pdf
IT,bill,IT0005652554,2025-05-28,2025-05-30,2025-11-28,650.0,643.552,,1.981,mef_pdf:6-Month-BOTs-Auction-Results-28-29.05.2025.pdf#supplementary
IT,bond,IT0005637399,2025-05-29,2025-06-03,2030-07-01,3250.0,3287.05,1.52,2.73,mef_pdf:BTP-5-Years-Auction-Results-29-30.05.2025.pdf
IT,bond,IT0005637399,2025-05-29,2025-06-03,2030-07-01,650.0,657.41,,2.73,mef_pdf:BTP-5-Years-Auction-Results-29-30.05.2025.pdf#supplementary
IT,bond,IT0005648149,2025-05-29,2025-06-03,2035-10-01,3250.0,3266.9,1.52,3.57,mef_pdf:BTP-10-Years-Auction-Results-29-30.05.2025.pdf
IT,bond,IT0005648149,2025-05-29,2025-06-03,2035-10-01,650.0,653.38,,3.57,mef_pdf:BTP-10-Years-Auction-Results-29-30.05.2025.pdf#supplementary
IT,bond,IT0005652828,2025-05-29,2025-06-03,2034-04-15,3500.0,3504.9,1.52,3.28,mef_pdf:CCTeu-7-Years-Auction-Results-29-30.05.2025.pdf
IT,bond,IT0005652828,2025-05-29,2025-06-03,2034-04-15,1028.856,1030.296,,3.28,mef_pdf:CCTeu-7-Years-Auction-Results-29-30.05.2025.pdf#supplementary
IT,bill,IT0005655037,2025-06-11,2025-06-13,2026-06-12,8500.0,8332.89,1.41,1.983,mef_pdf:12-Month-BOTs-Auction-Results-11-12.06.2025.pdf
IT,bill,IT0005655037,2025-06-11,2025-06-13,2026-06-12,850.0,833.289,,1.983,mef_pdf:12-Month-BOTs-Auction-Results-11-12.06.2025.pdf#supplementary
IT,bond,IT0005611741,2025-06-12,2025-06-16,2054-10-01,1250.0,1279.317,1.6,4.26,mef_pdf:BTP-30-Years-Auction-Results-12-13.06.2025.pdf
IT,bond,IT0005641029,2025-06-12,2025-06-16,2028-06-15,2500.0,2530.932,1.63,2.24,mef_pdf:BTP-3-Years-Auction-Results-12-13.06.2025.pdf
IT,bond,IT0005647265,2025-06-12,2025-06-16,2032-07-15,3000.0,3047.1,1.48,3.02,mef_pdf:BTP-7-Years-Auction-Results-12-13.06.2025.pdf
IT,bond,IT0005657330,2025-06-25,2025-06-27,2027-08-26,3000.0,2999.7,1.49,2.12,mef_pdf:BTP-Short-Term-Auction-Results-25-26.06.2025.pdf
IT,bond,IT0005657330,2025-06-25,2025-06-27,2027-08-26,900.0,899.91,,2.12,mef_pdf:BTP-Short-Term-Auction-Results-25-26.06.2025.pdf#supplementary
IT,bond,IT0005657348,2025-06-25,2025-06-27,2031-08-15,3000.0,2981.4,1.46,1.21,mef_pdf:BTPEi-5-Years-Auction-Results-25-26.06.2025.pdf
IT,bond,IT0005657348,2025-06-25,2025-06-27,2031-08-15,900.0,894.42,,1.21,mef_pdf:BTPEi-5-Years-Auction-Results-25-26.06.2025.pdf#supplementary
IT,bill,IT0005617367,2025-06-26,2025-06-30,2025-10-14,1500.0,1491.465,1.7,1.943,mef_pdf:12-Month-BOTs-3-months-residual_maturity-Auction-Results-26-27.06.2025.pdf
IT,bill,IT0005652554,2025-06-26,2025-06-30,2025-11-28,1500.0,1487.835,1.64,1.95,mef_pdf:6-Month-BOTs-5-months-residual_maturity-Auction-Results-26-27.06.2025.pdf
IT,bond,IT0005637399,2025-06-27,2025-07-01,2030-07-01,1500.0,1520.4,1.79,2.68,mef_pdf:BTP-5-Years-5-years-residual_maturity-Auction-Results-27-30.06.2025.pdf
IT,bond,IT0005648149,2025-06-27,2025-07-01,2035-10-01,3500.0,3544.8,1.51,3.48,mef_pdf:BTP-10-Years-Auction-Results-27-30.06.2025.pdf
IT,bond,IT0005652828,2025-06-27,2025-07-01,2034-04-15,2000.0,2021.0,1.56,3.16,mef_pdf:CCTeu-7-Years-Auction-Results-27-30.06.2025.pdf
IT,bond,IT0005652828,2025-06-27,2025-07-01,2034-04-15,231.0,233.425,,3.16,mef_pdf:CCTeu-7-Years-Auction-Results-27-30.06.2025.pdf#supplementary
IT,bond,IT0005654642,2025-06-27,2025-07-01,2030-10-01,1500.0,1498.8,1.8,2.74,mef_pdf:BTP-5-Years-Auction-Results-27-30.06.2025.pdf
IT,bill,IT0005660029,2025-07-10,2025-07-14,2026-07-14,7500.0,7353.825,1.45,1.961,mef_pdf:12-Month-BOTs-Auction-Results-10-11.07.2025.pdf
IT,bond,IT0005635583,2025-07-11,2025-07-15,2040-10-01,1750.0,1741.557,1.67,4.03,mef_pdf:BTP-15-Years-Auction-Results-11-14.07.2025.pdf
IT,bond,IT0005647265,2025-07-11,2025-07-15,2032-07-15,3500.0,3523.45,1.5,3.17,mef_pdf:BTP-7-Years-Auction-Results-11-14.07.2025.pdf
IT,bond,IT0005660052,2025-07-11,2025-07-15,2029-01-15,3500.0,3488.1,1.52,2.47,mef_pdf:BTP-3-Years-Auction-Results-11-14.07.2025.pdf
IT,bond,IT0005660052,2025-07-11,2025-07-15,2029-01-15,220.0,219.252,,2.47,mef_pdf:BTP-3-Years-Auction-Results-11-14.07.2025.pdf#supplementary
IT,bond,IT0005657330,2025-07-24,2025-07-28,2027-08-26,2750.0,2750.0,1.67,2.11,mef_pdf:BTP-Short-Term-Auction-Results-24-25.07.2025.pdf
IT,bond,IT0005657348,2025-07-24,2025-07-28,2031-08-15,1500.0,1497.45,1.51,1.13,mef_pdf:BTPEi-5-Years-Auction-Results-24-25.07.2025.pdf
IT,bill,IT0005664484,2025-07-29,2025-07-31,2026-01-30,6500.0,6434.805,1.48,1.993,mef_pdf:6-Month-BOTs-Auction-Results-29-30.07.2025.pdf
IT,bill,IT0005664484,2025-07-29,2025-07-31,2026-01-30,10.0,9.9,,1.993,mef_pdf:6-Month-BOTs-Auction-Results-29-30.07.2025.pdf#supplementary
IT,bond,IT0005383309(*),2025-07-30,2025-08-01,2030-04-01,1500.0,1426.218,1.78,2.6,mef_pdf:BTP-10-Years-5-years-residual_maturity-Auction-Results-30-31.07.2025.pdf
IT,bond,IT0005648149,2025-07-30,2025-08-01,2035-10-01,3500.0,3531.15,1.59,3.52,mef_pdf:BTP-10-Years-Auction-Results-30-31.07.2025.pdf
IT,bond,IT0005648149,2025-07-30,2025-08-01,2035-10-01,23.784,23.996,,3.52,mef_pdf:BTP-10-Years-Auction-Results-30-31.07.2025.pdf#supplementary
IT,bond,IT0005652828,2025-07-30,2025-08-01,2034-04-15,2000.0,2025.6,1.68,3.13,mef_pdf:CCTeu-7-Years-Auction-Results-30-31.07.2025.pdf
IT,bond,IT0005652828,2025-07-30,2025-08-01,2034-04-15,78.642,79.649,,3.13,mef_pdf:CCTeu-7-Years-Auction-Results-30-31.07.2025.pdf#supplementary
IT,bond,IT0005654642,2025-07-30,2025-08-01,2030-10-01,2000.0,1992.8,1.72,2.8,mef_pdf:BTP-5-Years-Auction-Results-30-31.07.2025.pdf
IT,bill,IT0005666851,2025-08-12,2025-08-14,2026-08-14,8000.0,7840.08,1.41,2.012,mef_pdf:12-Month-BOTs-Auction-Results-12-13.08.2025.pdf
IT,bill,IT0005666851,2025-08-12,2025-08-14,2026-08-14,800.0,784.008,,2.012,mef_pdf:12-Month-BOTs-Auction-Results-12-13.08.2025.pdf#supplementary
IT,bond,IT0005657330,2025-08-26,2025-08-28,2027-08-26,3000.0,2994.945,1.56,2.2,mef_pdf:BTP-Short-Term-Auction-Results-26-27.08.2025.pdf
IT,bond,IT0005657330,2025-08-26,2025-08-28,2027-08-26,66.672,66.552,,2.2,mef_pdf:BTP-Short-Term-Auction-Results-26-27.08.2025.pdf#supplementary
IT,bill,IT0005664484,2025-08-27,2025-08-29,2026-01-30,3000.0,2974.41,1.66,2.012,mef_pdf:6-Month-BOTs-Auction-Results-27-28.08.2025.pdf
IT,bond,IT0005631590,2025-08-28,2025-09-01,2035-08-01,1250.0,1268.875,1.85,3.54,mef_pdf:BTP-10-Years-10-years-residual_maturity-Auction-Results-28-29.08.2025.pdf
IT,bond,IT0005648149,2025-08-28,2025-09-01,2035-10-01,2000.0,2009.2,1.63,3.58,mef_pdf:BTP-10-Years-Auction-Results-28-29.08.2025.pdf
IT,bond,IT0005652828,2025-08-28,2025-09-01,2034-04-15,2000.0,2016.0,1.59,3.19,mef_pdf:CCTeu-7-Years-Auction-Results-28-29.08.2025.pdf
IT,bond,IT0005654642,2025-08-28,2025-09-01,2030-10-01,2750.0,2739.55,1.51,2.8,mef_pdf:BTP-5-Years-Auction-Results-28-29.08.2025.pdf
IT,bill,IT0005669269,2025-09-10,2025-09-12,2026-09-14,9000.0,8817.48,1.39,2.03,mef_pdf:12-Month-BOTs-Auction-Results-10-11.09.2025.pdf
IT,bond,IT0005561888,2025-09-11,2025-09-15,2030-11-15,1500.0,1610.519,1.8,2.76,mef_pdf:BTP-7-Years-5-years-residual_maturity-Auction-Results-11-12.09.2025.pdf
IT,bond,IT0005660052,2025-09-11,2025-09-15,2029-01-15,3250.0,3255.173,1.59,2.44,mef_pdf:BTP-3-Years-Auction-Results-11-12.09.2025.pdf
IT,bond,IT0005547812,2025-09-24,2025-09-29,2039-05-15,1250.0,1302.885,1.67,2.13,mef_pdf:BTPEi-15-Years-Auction-Results-24.09.2025.pdf
IT,bond,IT0005657330,2025-09-24,2025-09-29,2027-08-26,2500.0,2499.39,1.57,2.23,mef_pdf:BTP-Short-Term-Auction-Results-24.09.2025.pdf
IT,bond,IT0005657348,2025-09-24,2025-09-29,2031-08-15,1250.0,1246.695,1.67,1.17,mef_pdf:BTPEi-5-Years-Auction-Results-24.09.2025.pdf
IT,bill,IT0005670895,2025-09-25,2025-09-30,2026-03-31,6500.0,6433.505,1.45,2.044,mef_pdf:6-Month-BOTs-Auction-Results-25-26.09.2025.pdf
IT,bill,IT0005670895,2025-09-25,2025-09-30,2026-03-31,650.0,643.351,,2.044,mef_pdf:6-Month-BOTs-Auction-Results-25-26.09.2025.pdf#supplementary
IT,bond,IT0005508590,2025-09-26,2025-10-01,2035-04-30,1250.0,1307.875,1.77,3.46,mef_pdf:BTP-Green-10-years-residual_maturity-Auction-Results-26-29.09.2025.pdf
IT,bond,IT0005508590,2025-09-26,2025-10-01,2035-04-30,250.0,261.575,,3.46,mef_pdf:BTP-Green-10-years-residual_maturity-Auction-Results-26-29.09.2025.pdf#supplementary
IT,bond,IT0005648149,2025-09-26,2025-10-01,2035-10-01,2000.0,2002.0,1.71,3.62,mef_pdf:BTP-10-Years-Auction-Results-26-29.09.2025.pdf
IT,bond,IT0005648149,2025-09-26,2025-10-01,2035-10-01,400.0,400.4,,3.62,mef_pdf:BTP-10-Years-Auction-Results-26-29.09.2025.pdf#supplementary
IT,bond,IT0005652828,2025-09-26,2025-10-01,2034-04-15,1500.0,1515.6,1.92,3.16,mef_pdf:CCTeu-Auction-Results-26-29.09.2025.pdf
IT,bond,IT0005652828,2025-09-26,2025-10-01,2034-04-15,225.0,227.34,,3.16,mef_pdf:CCTeu-Auction-Results-26-29.09.2025.pdf#supplementary
IT,bond,IT0005671273,2025-09-26,2025-10-01,2031-02-01,4000.0,3986.4,1.52,2.94,mef_pdf:BTP-5-Years-Auction-Results-26-29.09.2025.pdf
IT,bond,IT0005671273,2025-09-26,2025-10-01,2031-02-01,1200.0,1195.92,,2.94,mef_pdf:BTP-5-Years-Auction-Results-26-29.09.2025.pdf#supplementary
IT,bill,IT0005674335,2025-10-10,2025-10-14,2026-10-14,9000.0,8816.76,1.46,2.05,mef_pdf:12-Month-BOTs-Auction-Results-10-13.10.2025.pdf
IT,bill,IT0005674335,2025-10-10,2025-10-14,2026-10-14,900.0,881.676,,2.05,mef_pdf:12-Month-BOTs-Auction-Results-10-13.10.2025.pdf#supplementary
IT,bond,IT0005340929(*),2025-10-14,2025-10-16,2028-12-01,1250.0,1285.137,1.78,2.23,mef_pdf:BTP-10-Years-3-years-residual_maturity-Auction-Results-14-15.10.2025.pdf
IT,bond,IT0005340929(*),2025-10-14,2025-10-16,2028-12-01,250.0,254.4,,2.23,mef_pdf:BTP-10-Years-3-years-residual_maturity-Auction-Results-14-15.10.2025.pdf#supplementary
IT,bond,IT0005635583,2025-10-14,2025-10-16,2040-10-01,1750.0,1755.569,1.7,3.87,mef_pdf:BTP-15-Years-Auction-Results-14-15.10.2025.pdf
IT,bond,IT0005635583,2025-10-14,2025-10-16,2040-10-01,350.0,350.56,,3.87,mef_pdf:BTP-15-Years-Auction-Results-14-15.10.2025.pdf#supplementary
IT,bond,IT0005660052,2025-10-14,2025-10-16,2029-01-15,2000.0,2012.375,1.68,2.36,mef_pdf:BTP-3-Years-Auction-Results-14-15.10.2025.pdf
IT,bond,IT0005660052,2025-10-14,2025-10-16,2029-01-15,400.0,400.08,,2.36,mef_pdf:BTP-3-Years-Auction-Results-14-15.10.2025.pdf#supplementary
IT,bond,IT0005668220,2025-10-14,2025-10-16,2032-11-15,3500.0,3549.7,1.54,3.05,mef_pdf:BTP-7-Years-Auction-Results-14-15.10.2025.pdf
IT,bond,IT0005668220,2025-10-14,2025-10-16,2032-11-15,700.0,709.94,,3.05,mef_pdf:BTP-7-Years-Auction-Results-14-15.10.2025.pdf#supplementary
IT,bond,IT0005588881,2025-10-28,2025-10-30,2036-05-15,1500.0,1525.777,1.68,1.72,mef_pdf:BTPEi-10-Years-Auction-Results-28-29.10.2025.pdf
IT,bond,IT0005588881,2025-10-28,2025-10-30,2036-05-15,225.0,227.002,,1.72,mef_pdf:BTPEi-10-Years-Auction-Results-28-29.10.2025.pdf#supplementary
IT,bond,IT0005657330,2025-10-28,2025-10-30,2027-08-26,2000.0,2006.079,1.71,2.15,mef_pdf:BTP-Short-Term-Auction-Results-28-29.10.2025.pdf
IT,bond,IT0005657330,2025-10-28,2025-10-30,2027-08-26,259.824,259.642,,2.15,mef_pdf:BTP-Short-Term-Auction-Results-28-29.10.2025.pdf#supplementary
IT,bill,IT0005627853,2025-10-29,2025-10-31,2025-12-12,2000.0,1995.4,1.78,1.974,mef_pdf:12-Month-BOTs-1-month-residual_maturity-Auction-Results-29-30.10.2025.pdf
IT,bill,IT0005627853,2025-10-29,2025-10-31,2025-12-12,85.762,85.565,,1.974,mef_pdf:12-Month-BOTs-1-month-residual_maturity-Auction-Results-29-30.10.2025.pdf#supplementary
IT,bill,IT0005670895,2025-10-29,2025-10-31,2026-03-31,2000.0,1983.32,1.76,2.004,mef_pdf:6-Month-BOTs-5-month-residual_maturity-Auction-Results-29-30.10.2025.pdf
IT,bill,IT0005670895,2025-10-29,2025-10-31,2026-03-31,114.52,113.565,,2.004,mef_pdf:6-Month-BOTs-5-month-residual_maturity-Auction-Results-29-30.10.2025.pdf#supplementary
IT,bond,IT0005554982,2025-10-30,2025-11-03,2031-10-15,1000.0,1033.2,2.17,2.64,mef_pdf:CCTeu-6-years-residual_maturity-Auction-Results-30-31.10.2025.pdf
IT,bond,IT0005554982,2025-10-30,2025-11-03,2031-10-15,150.0,154.98,,2.64,mef_pdf:CCTeu-6-years-residual_maturity-Auction-Results-30-31.10.2025.pdf#supplementary
IT,bond,IT0005594467,2025-10-30,2025-11-03,2032-04-15,1000.0,1026.7,2.15,2.69,mef_pdf:CCTeu-7-years-residual_maturity-Auction-Results-30-31.10.2025.pdf
IT,bond,IT0005594467,2025-10-30,2025-11-03,2032-04-15,150.0,154.005,,2.69,mef_pdf:CCTeu-7-years-residual_maturity-Auction-Results-30-31.10.2025.pdf#supplementary
IT,bond,IT0005671273,2025-10-30,2025-11-03,2031-02-01,3000.0,3017.4,1.59,2.75,mef_pdf:BTP-5-Years-Auction-Results-30-31.10.2025.pdf
IT,bond,IT0005671273,2025-10-30,2025-11-03,2031-02-01,600.0,603.48,,2.75,mef_pdf:BTP-5-Years-Auction-Results-30-31.10.2025.pdf#supplementary
IT,bond,IT0005676504,2025-10-30,2025-11-03,2036-02-01,4500.0,4508.55,1.47,3.46,mef_pdf:BTP-10-Years-Auction-Results-30-31.10.2025.pdf
IT,bond,IT0005676504,2025-10-30,2025-11-03,2036-02-01,1350.0,1352.565,,3.46,mef_pdf:BTP-10-Years-Auction-Results-30-31.10.2025.pdf#supplementary
IT,bill,IT0005678492,2025-11-12,2025-11-14,2026-11-13,8500.0,8326.345,1.41,2.063,mef_pdf:12-Month-BOTs-Auction-Results-12-13.11.2025.pdf
IT,bond,IT0005647265,2025-11-13,2025-11-17,2032-07-15,1500.0,1545.495,1.78,2.95,mef_pdf:BTP-7-Years-7-years-residual_maturity-Auction-Results-13-14.11.2025.pdf
IT,bond,IT0005660052,2025-11-13,2025-11-17,2029-01-15,3500.0,3526.418,1.46,2.38,mef_pdf:BTP-3-Years-Auction-Results-13-14.11.2025.pdf
IT,bond,IT0005668220,2025-11-13,2025-11-17,2032-11-15,1500.0,1525.917,1.69,3.0,mef_pdf:BTP-7-Years-Auction-Results-13-14.11.2025.pdf
IT,bond,IT0005668238,2025-11-13,2025-11-17,2055-10-01,1500.0,1608.732,1.56,4.3,mef_pdf:BTP-30-Years-Auction-Results-13-14.11.2025.pdf
IT,bond,IT0005547812,2025-11-25,2025-11-27,2039-05-15,1500.0,1573.484,1.62,2.0,mef_pdf:BTPEi-15-Years-Auction-Results-25-26.11.2025.pdf
IT,bond,IT0005547812,2025-11-25,2025-11-27,2039-05-15,225.0,235.845,,2.0,mef_pdf:BTPEi-15-Years-Auction-Results-25-26.11.2025.pdf#supplementary
IT,bond,IT0005657330,2025-11-25,2025-11-27,2027-08-26,2000.0,2008.501,1.64,2.18,mef_pdf:BTP-Short-Term-Auction-Results-25-26.11.2025.pdf
IT,bond,IT0005657330,2025-11-25,2025-11-27,2027-08-26,400.0,399.56,,2.18,mef_pdf:BTP-Short-Term-Auction-Results-25-26.11.2025.pdf#supplementary
IT,bond,IT0005657348,2025-11-25,2025-11-27,2031-08-15,1000.0,1004.634,1.8,1.08,mef_pdf:BTPEi-5-Years-Auction-Results-25-26.11.2025.pdf
IT,bond,IT0005657348,2025-11-25,2025-11-27,2031-08-15,150.0,150.225,,1.08,mef_pdf:BTPEi-5-Years-Auction-Results-25-26.11.2025.pdf#supplementary
IT,bill,IT0005680639,2025-11-26,2025-11-28,2026-05-29,7500.0,7423.575,1.43,2.036,mef_pdf:6-Month-BOTs-Auction-Results-26-27.11.2025.pdf
IT,bill,IT0005680639,2025-11-26,2025-11-28,2026-05-29,20.0,19.796,,2.036,mef_pdf:6-Month-BOTs-Auction-Results-26-27.11.2025.pdf#supplementary
IT,bond,IT0005671273,2025-11-27,2025-12-01,2031-02-01,2750.0,2766.775,1.53,2.74,mef_pdf:BTP-5-Years-Auction-Results-27-28.11.2025.pdf
IT,bond,IT0005676504,2025-11-27,2025-12-01,2036-02-01,2750.0,2759.075,1.57,3.44,mef_pdf:BTP-10-Years-Auction-Results-27-28.11.2025.pdf
IT,bond,IT0005676504,2025-11-27,2025-12-01,2036-02-01,477.369,478.944,,3.44,mef_pdf:BTP-10-Years-Auction-Results-27-28.11.2025.pdf#supplementary
IT,bond,IT0005680753,2025-11-27,2025-12-01,2035-04-15,4000.0,4019.2,1.42,2.84,mef_pdf:CCTeu-Auction-Results-27-28.11.2025.pdf
IT,bond,IT0005680753,2025-11-27,2025-12-01,2035-04-15,698.732,702.086,,2.84,mef_pdf:CCTeu-Auction-Results-27-28.11.2025.pdf#supplementary
IT,bill,IT0005684888,2025-12-10,2025-12-12,2026-12-14,9000.0,8804.25,1.41,2.181,mef_pdf:12-Month-BOTs-Auction-Results-10-11.12.2025.pdf
IT,bill,IT0005684888,2025-12-10,2025-12-12,2026-12-14,900.0,880.425,,2.181,mef_pdf:12-Month-BOTs-Auction-Results-10-11.12.2025.pdf#supplementary
IT,bond,IT0005611055,2025-12-11,2025-12-15,2029-10-01,1000.0,1017.564,1.82,2.7,mef_pdf:BTP-5-Years-4-years-residual_maturity-Auction-Results-11-12.12.2025.pdf
IT,bond,IT0005611055,2025-12-11,2025-12-15,2029-10-01,200.0,202.28,,2.7,mef_pdf:BTP-5-Years-4-years-residual_maturity-Auction-Results-11-12.12.2025.pdf#supplementary
IT,bond,IT0005654642,2025-12-11,2025-12-15,2030-10-01,1000.0,998.948,1.96,2.87,mef_pdf:BTP-5-Years-5-years-residual_maturity-Auction-Results-11-12.12.2025.pdf
IT,bond,IT0005654642,2025-12-11,2025-12-15,2030-10-01,200.0,198.68,,2.87,mef_pdf:BTP-5-Years-5-years-residual_maturity-Auction-Results-11-12.12.2025.pdf#supplementary
IT,bond,IT0005660052,2025-12-11,2025-12-15,2029-01-15,3000.0,3010.652,1.46,2.58,mef_pdf:BTP-3-Years-Auction-Results-11-12.12.2025.pdf
IT,bond,IT0005660052,2025-12-11,2025-12-15,2029-01-15,600.0,596.22,,2.58,mef_pdf:BTP-3-Years-Auction-Results-11-12.12.2025.pdf#supplementary
IT,bill,IT0005689887,2026-01-09,2026-01-14,2027-01-14,8000.0,7832.32,1.45,2.112,mef_pdf:12-Month-BOTs-Auction-Results-9-12.01.2026.pdf
IT,bill,IT0005689887,2026-01-09,2026-01-14,2027-01-14,800.0,783.232,,2.112,mef_pdf:12-Month-BOTs-Auction-Results-9-12.01.2026.pdf#supplementary
IT,bond,IT0005689960,2026-01-13,2026-01-15,2029-03-15,4000.0,3992.8,1.45,2.48,mef_pdf:BTP-3-Years-Auction-Results-13-14.01.2026.pdf
IT,bond,IT0005689960,2026-01-13,2026-01-15,2029-03-15,1200.0,1197.84,,2.48,mef_pdf:BTP-3-Years-Auction-Results-13-14.01.2026.pdf#supplementary
IT,bond,IT0005647273,2026-01-27,2026-01-29,2056-05-15,1000.0,1044.94,1.62,2.38,mef_pdf:BTPEi-30-Years-Auction-Results-27-28.01.2026.pdf
IT,bond,IT0005647273,2026-01-27,2026-01-29,2056-05-15,150.0,155.955,,2.38,mef_pdf:BTPEi-30-Years-Auction-Results-27-28.01.2026.pdf#supplementary
IT,bond,IT0005657348,2026-01-27,2026-01-29,2031-08-15,1000.0,1013.533,1.67,0.94,mef_pdf:BTPEi-5-Years-Auction-Results-27-28.01.2026.pdf
IT,bond,IT0005657348,2026-01-27,2026-01-29,2031-08-15,150.0,151.275,,0.94,mef_pdf:BTPEi-5-Years-Auction-Results-27-28.01.2026.pdf#supplementary
IT,bond,IT0005692410,2026-01-27,2026-01-29,2028-02-28,3000.0,2997.3,1.64,2.26,mef_pdf:BTP-Short-Term-Auction-Results-27-28.01.2026.pdf
IT,bond,IT0005692410,2026-01-27,2026-01-29,2028-02-28,900.0,899.19,,2.26,mef_pdf:BTP-Short-Term-Auction-Results-27-28.01.2026.pdf#supplementary
IT,bill,IT0005692485,2026-01-28,2026-01-30,2026-07-31,7500.0,7423.425,1.49,2.04,mef_pdf:6-Month-BOTs-Auction-Results-28-29.01.2026.pdf
IT,bill,IT0005692485,2026-01-28,2026-01-30,2026-07-31,750.0,742.342,,2.04,mef_pdf:6-Month-BOTs-Auction-Results-28-29.01.2026.pdf#supplementary
IT,bond,IT0005671273,2026-01-29,2026-02-02,2031-02-01,2750.0,2766.44,1.59,2.74,mef_pdf:BTP-5-Years-Auction-Results-29-30.01.2026.pdf
IT,bond,IT0005676504,2026-01-29,2026-02-02,2036-02-01,3750.0,3761.229,1.5,3.44,mef_pdf:BTP-10-Years-Auction-Results-29-30.01.2026.pdf
IT,bond,IT0005680753,2026-01-29,2026-02-02,2035-04-15,2000.0,2029.6,1.65,2.71,mef_pdf:CCTeu-Auction-Results-29-30.01.2026.pdf
IT,bill,IT0005695256,2026-02-11,2026-02-13,2027-02-12,8500.0,8325.92,1.43,2.068,mef_pdf:12-Month-BOTs-Auction-Results-11-12.02.2026.pdf
IT,bill,IT0005695256,2026-02-11,2026-02-13,2027-02-12,850.0,832.592,,2.068,mef_pdf:12-Month-BOTs-Auction-Results-11-12.02.2026.pdf#supplementary
IT,bond,IT0005647265,2026-02-12,2026-02-16,2032-07-15,1250.0,1278.812,1.98,2.92,mef_pdf:BTP-7-Years-6-years-residual_maturity-Auction-Results-12-13.02.2026.pdf
IT,bond,IT0005647265,2026-02-12,2026-02-16,2032-07-15,250.0,255.05,,2.92,mef_pdf:BTP-7-Years-6-years-residual_maturity-Auction-Results-12-13.02.2026.pdf#supplementary
IT,bond,IT0005689960,2026-02-12,2026-02-16,2029-03-15,3500.0,3505.25,1.53,2.36,mef_pdf:BTP-3-Years-Auction-Results-12-13.02.2026.pdf
IT,bond,IT0005689960,2026-02-12,2026-02-16,2029-03-15,700.0,701.05,,2.36,mef_pdf:BTP-3-Years-Auction-Results-12-13.02.2026.pdf#supplementary
IT,bond,IT0005689994,2026-02-12,2026-02-16,2033-03-15,1500.0,1514.4,1.69,3.02,mef_pdf:BTP-7-Years-Auction-Results-12-13.02.2026.pdf
IT,bond,IT0005689994,2026-02-12,2026-02-16,2033-03-15,300.0,302.88,,3.02,mef_pdf:BTP-7-Years-Auction-Results-12-13.02.2026.pdf#supplementary
IT,bond,IT0005588881,2026-02-24,2026-02-26,2036-05-15,1000.0,1032.879,1.74,1.51,mef_pdf:BTPEi-10-Years-Auction-Results-24-25.02.2026.pdf
IT,bond,IT0005657348,2026-02-24,2026-02-26,2031-08-15,1000.0,1014.032,1.75,0.84,mef_pdf:BTPEi-5-Years-Auction-Results-24-25.02.2026.pdf
IT,bond,IT0005692410,2026-02-24,2026-02-26,2028-02-28,2500.0,2502.5,1.62,2.16,mef_pdf:BTP-Short-Term-Auction-Results-24-25.02.2026.pdf
IT,bill,IT0005680639,2026-02-25,2026-02-27,2026-05-29,2000.0,1989.78,1.83,2.032,mef_pdf:6-Month-BOTs-3-months-residual_maturity-Auction-Results-25-26.02.2026.pdf
IT,bill,IT0005692485,2026-02-25,2026-02-27,2026-07-31,2500.0,2478.4,1.78,2.038,mef_pdf:6-Month-BOTs-Auction-Results-25-26.02.2026.pdf
IT,bill,IT0005692485,2026-02-25,2026-02-27,2026-07-31,50.28,49.846,,2.038,mef_pdf:6-Month-BOTs-Auction-Results-25-26.02.2026.pdf#supplementary
IT,bond,IT0005671273,2026-02-26,2026-03-02,2031-02-01,2750.0,2786.477,1.56,2.62,mef_pdf:BTP-5-Years-Auction-Results-26-27.02.2026.pdf
IT,bond,IT0005671273,2026-02-26,2026-03-02,2031-02-01,550.0,556.05,,2.62,mef_pdf:BTP-5-Years-Auction-Results-26-27.02.2026.pdf#supplementary
IT,bond,IT0005676504,2026-02-26,2026-03-02,2036-02-01,3750.0,3812.779,1.47,3.31,mef_pdf:BTP-10-Years-Auction-Results-26-27.02.2026.pdf
IT,bond,IT0005676504,2026-02-26,2026-03-02,2036-02-01,750.0,760.5,,3.31,mef_pdf:BTP-10-Years-Auction-Results-26-27.02.2026.pdf#supplementary
IT,bond,IT0005680753,2026-02-26,2026-03-02,2035-04-15,2500.0,2536.75,1.58,2.71,mef_pdf:CCTeu-Auction-Results-26-27.02.2026.pdf
IT,bill,IT0005699340,2026-03-11,2026-03-13,2027-03-12,8000.0,7812.64,1.44,2.372,mef_pdf:12-Month-BOTs-Auction-Results-11-12.03.2026.pdf
IT,bond,IT0005496770(*),2026-03-12,2026-03-16,2038-03-01,1500.0,1421.453,1.77,3.85,mef_pdf:BTP-15-Years-12-years-residual_maturity-Auction-Results-12-13.03.2026.pdf
IT,bond,IT0005689960,2026-03-12,2026-03-16,2029-03-15,2000.0,1981.332,1.61,2.75,mef_pdf:BTP-3-Years-Auction-Results-12-13.03.2026.pdf
IT,bond,IT0005689994,2026-03-12,2026-03-16,2033-03-15,2500.0,2475.716,1.5,3.34,mef_pdf:BTP-7-Years-Auction-Results-12-13.03.2026.pdf
IT,bond,IT0005588881,2026-03-25,2026-03-27,2036-05-15,1000.0,1009.51,1.67,1.78,mef_pdf:BTPEi-10-Years-Auction-Results-25-26.03.2026.pdf
IT,bond,IT0005657348,2026-03-25,2026-03-27,2031-08-15,1000.0,1008.005,1.67,0.97,mef_pdf:BTPEi-5-Years-Auction-Results-25-26.03.2026.pdf
IT,bond,IT0005692410,2026-03-25,2026-03-27,2028-02-28,2000.0,1978.455,1.78,2.89,mef_pdf:BTP-Short-Term-Auction-Results-25-26.03.2026.pdf
IT,bill,IT0005702656,2026-03-26,2026-03-31,2026-09-30,7500.0,7406.55,1.46,2.482,mef_pdf:6-Month-BOTs-Auction-Results-26-27.03.2026.pdf
IT,bill,IT0005702656,2026-03-26,2026-03-31,2026-09-30,1125.0,1110.983,,2.482,mef_pdf:6-Month-BOTs-Auction-Results-26-27.03.2026.pdf#supplementary
IT,bond,IT0005671273,2026-03-27,2026-04-01,2031-02-01,2500.0,2444.767,1.76,3.48,mef_pdf:BTP-5-Years-Auction-Results-27-30.03.2026.pdf
IT,bond,IT0005671273,2026-03-27,2026-04-01,2031-02-01,500.0,486.65,,3.48,mef_pdf:BTP-5-Years-Auction-Results-27-30.03.2026.pdf#supplementary
IT,bond,IT0005676504,2026-03-27,2026-04-01,2036-02-01,2500.0,2392.692,1.66,4.09,mef_pdf:BTP-10-Years-Auction-Results-27-30.03.2026.pdf
IT,bond,IT0005676504,2026-03-27,2026-04-01,2036-02-01,500.0,475.75,,4.09,mef_pdf:BTP-10-Years-Auction-Results-27-30.03.2026.pdf#supplementary
IT,bond,IT0005680753,2026-03-27,2026-04-01,2035-04-15,3500.0,3456.25,1.49,3.05,mef_pdf:CCTeu-Auction-Results-27-30.03.2026.pdf
IT,bond,IT0005680753,2026-03-27,2026-04-01,2035-04-15,525.0,518.438,,3.05,mef_pdf:CCTeu-Auction-Results-27-30.03.2026.pdf#supplementary
IT,bill,IT0005704447,2026-04-09,2026-04-14,2027-04-14,7500.0,7307.1,1.44,2.604,mef_pdf:12-Month-BOTs-Auction-Results-9-10.04.2026.pdf
IT,bill,IT0005704447,2026-04-09,2026-04-14,2027-04-14,750.0,730.71,,2.604,mef_pdf:12-Month-BOTs-Auction-Results-9-10.04.2026.pdf#supplementary
IT,bill,IT0005704454,2026-04-09,2026-04-14,2026-07-14,2500.0,2486.575,1.74,2.135,mef_pdf:3-Month-BOTs-Auction-Results-9-10.04.2026.pdf
IT,bill,IT0005704454,2026-04-09,2026-04-14,2026-07-14,40.605,40.387,,2.135,mef_pdf:3-Month-BOTs-Auction-Results-9-10.04.2026.pdf#supplementary
IT,bond,IT0005689960,2026-04-10,2026-04-15,2029-03-15,2500.0,2471.346,1.68,2.91,mef_pdf:BTP-3-Years-Auction-Results-10-13.04.2026.pdf
IT,bond,IT0005694630,2026-04-10,2026-04-15,2041-10-01,1750.0,1699.101,1.7,4.27,mef_pdf:BTP-15-Years-Auction-Results-10-13.04.2026.pdf
IT,bond,IT0005704868,2026-04-10,2026-04-15,2033-06-15,3750.0,3707.25,1.54,3.51,mef_pdf:BTP-7-Years-Auction-Results-10-13.04.2026.pdf
IT,bond,IT0005692410,2026-04-24,2026-04-28,2028-02-28,2500.0,2482.89,1.63,2.8,mef_pdf:BTP-Short-Term-Auction-Results-24-27.04.2026.pdf
IT,bond,IT0005692410,2026-04-24,2026-04-28,2028-02-28,500.0,494.8,,2.8,mef_pdf:BTP-Short-Term-Auction-Results-24-27.04.2026.pdf#supplementary
IT,bill,IT0005702656,2026-04-28,2026-04-30,2026-09-30,2000.0,1980.38,1.75,2.331,mef_pdf:6-Month-BOTs-Auction-Results-28-29.04.2026.pdf
IT,bill,IT0005702656,2026-04-28,2026-04-30,2026-09-30,12.0,11.882,,2.331,mef_pdf:6-Month-BOTs-Auction-Results-28-29.04.2026.pdf#supplementary
IT,bill,IT0005704454,2026-04-28,2026-04-30,2026-07-14,2500.0,2488.8,1.6,2.161,mef_pdf:3-Month-BOTs-Auction-Results-28-29.04.2026.pdf
IT,bill,IT0005704454,2026-04-28,2026-04-30,2026-07-14,9.0,8.96,,2.161,mef_pdf:3-Month-BOTs-Auction-Results-28-29.04.2026.pdf#supplementary
IT,bond,IT0005358806(*),2026-04-29,2026-05-04,2035-03-01,1500.0,1465.461,1.73,3.77,mef_pdf:BTP-15-Years-9-years-residual_maturity-Auction-Results-29-30.04.2026.pdf
IT,bond,IT0005358806(*),2026-04-29,2026-05-04,2035-03-01,300.0,291.33,,3.77,mef_pdf:BTP-15-Years-9-years-residual_maturity-Auction-Results-29-30.04.2026.pdf#supplementary
IT,bond,IT0005707614,2026-04-29,2026-05-04,2031-06-01,4000.0,3973.6,1.53,3.32,mef_pdf:BTP-5-Years-Auction-Results-29-30.04.2026.pdf
IT,bond,IT0005707614,2026-04-29,2026-05-04,2031-06-01,1200.0,1192.08,,3.32,mef_pdf:BTP-5-Years-Auction-Results-29-30.04.2026.pdf#supplementary
IT,bond,IT0005707689,2026-04-29,2026-05-04,2036-04-15,3500.0,3465.7,1.47,3.36,mef_pdf:CCTeu-Auction-Results-29-30.04.2026.pdf
IT,bond,IT0005707689,2026-04-29,2026-05-04,2036-04-15,1050.0,1039.71,,3.36,mef_pdf:CCTeu-Auction-Results-29-30.04.2026.pdf#supplementary
IT,bill,IT0005660029,2026-05-12,2026-05-14,2026-07-14,1500.0,1494.645,1.75,2.116,mef_pdf:12-Month-BOTs-2-months-residual_maturity-Auction-Results-12-13.05.2026.pdf
IT,bill,IT0005660029,2026-05-12,2026-05-14,2026-07-14,150.0,149.465,,2.116,mef_pdf:12-Month-BOTs-2-months-residual_maturity-Auction-Results-12-13.05.2026.pdf#supplementary
IT,bill,IT0005709289,2026-05-12,2026-05-14,2027-05-14,8500.0,8273.56,1.45,2.699,mef_pdf:12-Month-BOTs-Auction-Results-12-13.05.2026.pdf
IT,bill,IT0005709289,2026-05-12,2026-05-14,2027-05-14,850.0,827.356,,2.699,mef_pdf:12-Month-BOTs-Auction-Results-12-13.05.2026.pdf#supplementary
IT,bond,IT0005321325(*),2026-05-13,2026-05-15,2038-09-01,1250.0,1131.202,1.77,4.04,mef_pdf:BTP-20-Years-12-years-residual_maturity-Auction-Results-13-14.05.2026.pdf
IT,bond,IT0005321325(*),2026-05-13,2026-05-15,2038-09-01,250.0,224.725,,4.04,mef_pdf:BTP-20-Years-12-years-residual_maturity-Auction-Results-13-14.05.2026.pdf#supplementary
IT,bond,IT0005689960,2026-05-13,2026-05-15,2029-03-15,3000.0,2967.033,1.53,2.98,mef_pdf:BTP-3-Years-Auction-Results-13-14.05.2026.pdf
IT,bond,IT0005689960,2026-05-13,2026-05-15,2029-03-15,600.0,591.0,,2.98,mef_pdf:BTP-3-Years-Auction-Results-13-14.05.2026.pdf#supplementary
IT,bond,IT0005704868,2026-05-13,2026-05-15,2033-06-15,3250.0,3205.475,1.54,3.55,mef_pdf:BTP-7-Years-Auction-Results-13-14.05.2026.pdf
IT,bond,IT0005704868,2026-05-13,2026-05-15,2033-06-15,650.0,641.095,,3.55,mef_pdf:BTP-7-Years-Auction-Results-13-14.05.2026.pdf#supplementary
IT,bond,IT0005657348,2026-05-26,2026-05-28,2031-08-15,1500.0,1521.111,1.62,0.89,mef_pdf:BTPEi-5-Years-Auction-Results-26-27.05.2026.pdf
IT,bond,IT0005657348,2026-05-26,2026-05-28,2031-08-15,225.0,227.475,,0.89,mef_pdf:BTPEi-5-Years-Auction-Results-26-27.05.2026.pdf#supplementary
IT,bond,IT0005692410,2026-05-26,2026-05-28,2028-02-28,2500.0,2491.411,1.62,2.73,mef_pdf:BTP-Short-Term-Auction-Results-26-27.05.2026.pdf
IT,bond,IT0005692410,2026-05-26,2026-05-28,2028-02-28,500.0,495.6,,2.73,mef_pdf:BTP-Short-Term-Auction-Results-26-27.05.2026.pdf#supplementary
IT,bond,IT0005706293,2026-05-26,2026-05-28,2046-02-15,1000.0,1008.788,1.81,2.25,mef_pdf:BTPEi-20-Years-Auction-Results-26-27.05.2026.pdf
IT,bond,IT0005706293,2026-05-26,2026-05-28,2046-02-15,150.0,150.375,,2.25,mef_pdf:BTPEi-20-Years-Auction-Results-26-27.05.2026.pdf#supplementary
IT,bill,IT0005711749,2026-05-27,2026-05-29,2026-11-30,7500.0,7408.2,1.47,2.411,mef_pdf:6-Month-BOTs-Auction-Results-27-28.05.2026.pdf
IT,bond,IT0005177909(*),2026-05-28,2026-06-01,2036-09-01,1250.0,1101.839,1.74,3.75,mef_pdf:BTP-20-Years-10-years-residual_maturity-Auction-Results-28-29.05.202.pdf
IT,bond,IT0005177909(*),2026-05-28,2026-06-01,2036-09-01,250.0,218.95,,3.75,mef_pdf:BTP-20-Years-10-years-residual_maturity-Auction-Results-28-29.05.202.pdf#supplementary
IT,bond,IT0005680753,2026-05-28,2026-06-01,2035-04-15,1250.0,1257.0,1.75,3.17,mef_pdf:CCTeu-9-years-residual_maturity-Auction-Results-28-29.05.2026.pdf
IT,bond,IT0005680753,2026-05-28,2026-06-01,2035-04-15,187.5,188.55,,3.17,mef_pdf:CCTeu-9-years-residual_maturity-Auction-Results-28-29.05.2026.pdf#supplementary
IT,bond,IT0005706285,2026-05-28,2026-06-01,2036-07-01,2500.0,2513.25,1.61,3.77,mef_pdf:BTP-10-Years-Auction-Results-28-29.05.2026.pdf
IT,bond,IT0005706285,2026-05-28,2026-06-01,2036-07-01,500.0,502.65,,3.77,mef_pdf:BTP-10-Years-Auction-Results-28-29.05.2026.pdf#supplementary
IT,bond,IT0005707614,2026-05-28,2026-06-01,2031-06-01,3500.0,3502.1,1.52,3.16,mef_pdf:BTP-5-Years-Auction-Results-28-29.05.2026.pdf
IT,bond,IT0005707614,2026-05-28,2026-06-01,2031-06-01,700.0,700.42,,3.16,mef_pdf:BTP-5-Years-Auction-Results-28-29.05.2026.pdf#supplementary
IT,bond,IT0005707689,2026-05-28,2026-06-01,2036-04-15,2000.0,1998.6,1.59,3.25,mef_pdf:CCTeu-Auction-Results-28-29.05.2026.pdf
IT,bond,IT0005707689,2026-05-28,2026-06-01,2036-04-15,300.0,299.79,,3.25,mef_pdf:CCTeu-Auction-Results-28-29.05.2026.pdf#supplementary
IT,bill,IT0005716714,2026-06-10,2026-06-12,2027-06-14,8500.0,8272.71,1.43,2.695,mef_pdf:12-Month-BOTs-Auction-Results-10-11.06.2026.pdf
IT,bond,IT0005716839,2026-06-11,2026-06-15,2029-09-15,4000.0,3998.4,1.62,3.03,mef_pdf:BTP-3-Years-Auction-Results-11-12.06.2026.pdf
IT,bond,IT0005716839,2026-06-11,2026-06-15,2029-09-15,1200.0,1199.52,,3.03,mef_pdf:BTP-3-Years-Auction-Results-11-12.06.2026.pdf#supplementary
IT,bond,IT0005547812,2026-06-24,2026-06-26,2039-05-15,1750.0,1829.383,1.56,2.03,mef_pdf:BTPEi-15-Years-Auction-Results-24-25.06.2026.pdf
IT,bond,IT0005547812,2026-06-24,2026-06-26,2039-05-15,262.5,273.683,,2.03,mef_pdf:BTPEi-15-Years-Auction-Results-24-25.06.2026.pdf#supplementary
IT,bond,IT0005692410,2026-06-24,2026-06-26,2028-02-28,2500.0,2496.531,1.51,2.74,mef_pdf:BTP-Short-Term-Auction-Results-24-25.06.2026.pdf
IT,bond,IT0005692410,2026-06-24,2026-06-26,2028-02-28,500.0,495.75,,2.74,mef_pdf:BTP-Short-Term-Auction-Results-24-25.06.2026.pdf#supplementary
IT,bill,IT0005711749,2026-06-25,2026-06-30,2026-11-30,1500.0,1484.565,1.86,2.446,mef_pdf:6-Month-BOTs-5-months-residual_maturity-Auction-Results-25-26.06.202.pdf
IT,bill,IT0005711749,2026-06-25,2026-06-30,2026-11-30,128.0,126.683,,2.446,mef_pdf:6-Month-BOTs-5-months-residual_maturity-Auction-Results-25-26.06.202.pdf#supplementary
IT,bill,IT0005719536,2026-06-25,2026-06-30,2026-12-31,4500.0,4443.705,1.5,2.479,mef_pdf:6-Month-BOTs-Auction-Results-25-26.06.2026.pdf
IT,bill,IT0005719536,2026-06-25,2026-06-30,2026-12-31,192.775,190.363,,2.479,mef_pdf:6-Month-BOTs-Auction-Results-25-26.06.2026.pdf#supplementary
IT,bond,IT0005676504(*),2026-06-26,2026-07-01,2036-02-01,1500.0,1509.567,1.89,3.58,mef_pdf:BTP-10-Years-10-years-residual_maturity-Auction-Results-26-26.06.2026.pdf
IT,bond,IT0005706285,2026-06-26,2026-07-01,2036-07-01,2500.0,2543.0,1.66,3.63,mef_pdf:BTP-10-Years-Auction-Results-26-26.06.2026.pdf
IT,bond,IT0005707614,2026-06-26,2026-07-01,2031-06-01,3000.0,3027.267,1.59,3.03,mef_pdf:BTP-5-Years-Auction-Results-26-26.06.2026.pdf
IT,bond,IT0005707689,2026-06-26,2026-07-01,2036-04-15,2000.0,1998.8,1.62,3.25,mef_pdf:CCTeu-Auction-Results-26-26.06.2026.pdf
IT,bond,IT0005707689,2026-06-26,2026-07-01,2036-04-15,174.001,173.897,,3.25,mef_pdf:CCTeu-Auction-Results-26-26.06.2026.pdf#supplementary
IT,bill,IT0005722514,2026-07-09,2026-07-14,2027-07-14,8000.0,7787.6,1.45,2.69,mef_pdf:12-Month-BOTs-Auction-Results-09-10.07.2026.pdf
IT,bill,IT0005722514,2026-07-09,2026-07-14,2027-07-14,800.0,778.76,,2.69,mef_pdf:12-Month-BOTs-Auction-Results-09-10.07.2026.pdf#supplementary
IT,bond,IT0005694630,2026-07-10,2026-07-15,2041-10-01,1500.0,1478.045,1.74,4.23,mef_pdf:BTP-15-Years-Auction-Results-10-13.07.2026.pdf
IT,bond,IT0005716839,2026-07-10,2026-07-15,2029-09-15,2500.0,2502.75,1.57,2.98,mef_pdf:BTP-3-Years-Auction-Results-10-13.07.2026.pdf
IT,bond,IT0005722845,2026-07-10,2026-07-15,2033-09-15,3500.0,3472.7,1.56,3.5,mef_pdf:BTP-7-Years-Auction-Results-10-13.07.2026.pdf
IT,bond,IT0005445306(*),2026-07-28,2026-07-30,2028-07-15,1250.0,1194.007,1.79,2.89,mef_pdf:BTP-7-Years-2-years-residual_maturity-Auction-Results-28-29.07.2026.pdf
IT,bond,IT0005692410,2026-07-28,2026-07-30,2028-02-28,1250.0,1248.077,1.9,2.92,mef_pdf:BTP-Short-Term-Auction-Results-28-29.07.2026.pdf
IT,bond,IT0005725160,2026-07-28,2026-07-30,2037-02-15,3000.0,2992.2,1.44,2.04,mef_pdf:BTPi-10-Years-Auction-Results-28-29.07.2026.pdf
IT,bond,IT0005725160,2026-07-28,2026-07-30,2037-02-15,877.31,875.029,,2.04,mef_pdf:BTPi-10-Years-Auction-Results-28-29.07.2026.pdf#supplementary
IT,bill,IT0005725236,2026-07-29,2026-07-31,2027-01-29,7500.0,7403.925,1.43,2.567,mef_pdf:6-Month-BOTs-Auction-Results-29-30.07.2026.pdf
IT,bill,IT0005725236,2026-07-29,2026-07-31,2027-01-29,750.0,740.393,,2.567,mef_pdf:6-Month-BOTs-Auction-Results-29-30.07.2026.pdf#supplementary
IT,bond,IT0005402117(*),2026-07-30,2026-08-03,2036-03-01,1250.0,1013.822,1.84,3.95,mef_pdf:BTP-15-Years-10-years-residual_maturity-Auction-Results-30-31.07.2026.pdf
IT,bond,IT0005402117(*),2026-07-30,2026-08-03,2036-03-01,80.595,64.871,,3.95,mef_pdf:BTP-15-Years-10-years-residual_maturity-Auction-Results-30-31.07.2026.pdf#supplementary
IT,bond,IT0005706285,2026-07-30,2026-08-03,2036-07-01,1750.0,1733.262,1.71,4.0,mef_pdf:BTP-10-Years-Auction-Results-30-31.07.2026.pdf
IT,bond,IT0005706285,2026-07-30,2026-08-03,2036-07-01,236.135,233.065,,4.0,mef_pdf:BTP-10-Years-Auction-Results-30-31.07.2026.pdf#supplementary
IT,bond,IT0005707614,2026-07-30,2026-08-03,2031-06-01,3000.0,2987.811,1.59,3.39,mef_pdf:BTP-5-Years-Auction-Results-30-31.07.2026.pdf
IT,bond,IT0005707689,2026-07-30,2026-08-03,2036-04-15,2000.0,1990.6,1.58,3.3,mef_pdf:CCTeu-Auction-Results-30-31.07.2026.pdf
IT,bond,IT0005707689,2026-07-30,2026-08-03,2036-04-15,300.0,298.59,,3.3,mef_pdf:CCTeu-Auction-Results-30-31.07.2026.pdf#supplementary
IT,bill,IT0005729220,2026-08-12,2026-08-14,2027-08-13,8000.0,7782.16,1.45,2.768,mef_pdf:12-Month-BOTs-Auction-Results-12-13.08.2026.pdf
IT,bill,IT0005729220,2026-08-12,2026-08-14,2027-08-13,800.0,778.216,,2.768,mef_pdf:12-Month-BOTs-Auction-Results-12-13.08.2026.pdf#supplementary
IT,bond,IT0005729733,2026-08-26,2026-08-28,2028-10-30,3000.0,3000.3,1.58,3.02,mef_pdf:BTP-Short-Term-Auction-Results-26-27.08.2026.pdf
IT,bill,IT0005684888,2026-08-27,2026-08-31,2026-12-14,2000.0,1985.68,1.69,2.472,mef_pdf:12-Month-BOTs-3-months-residual_maturity-Auction-Results-27-28.08.2026.pdf
IT,bill,IT0005725236,2026-08-27,2026-08-31,2027-01-29,2500.0,2472.95,1.65,2.607,mef_pdf:6-Month-BOTs-Auction-Results-27-28.08.2026.pdf
IT,bill,IT0005725236,2026-08-27,2026-08-31,2027-01-29,107.055,105.897,,2.607,mef_pdf:6-Month-BOTs-Auction-Results-27-28.08.2026.pdf#supplementary
IT,bond,IT0005652828,2026-08-28,2026-09-01,2034-04-15,1000.0,1024.2,2.0,3.14,mef_pdf:CCTeu-8-years-residual_maturity-Auction-Results-28-31.08.2026.pdf
IT,bond,IT0005680753,2026-08-28,2026-09-01,2035-04-15,1000.0,1002.8,1.99,3.2,mef_pdf:CCTeu-9-years-residual_maturity-Auction-Results-28-31.08.2026.pdf
IT,bond,IT0005707614,2026-08-28,2026-09-01,2031-06-01,2500.0,2490.599,1.72,3.44,mef_pdf:BTP-5-Years-Auction-Results-28-31.08.2026.pdf
IT,bond,IT0005729931,2026-08-28,2026-09-01,2036-10-01,4000.0,3982.4,1.62,4.1,mef_pdf:BTP-10-Years-Auction-Results-28-31.08.2026.pdf
IT,bill,IT0005689887,2026-09-09,2026-09-14,2027-01-14,1500.0,1486.905,1.68,2.6,mef_pdf:12-Month-BOTs-4-months-residual_maturity-Auction-Results-9-10.09.2026.pdf
IT,bill,IT0005730681,2026-09-09,2026-09-14,2027-09-14,7500.0,7281.0,1.39,2.967,mef_pdf:12-Month-BOTs-Auction-Results-9-10.09.2026.pdf
IT,bond,IT0005441883(*),2026-09-10,2026-09-15,2072-03-01,750.0,405.168,1.79,4.61,mef_pdf:BTP-50-Years-Auction-Results-10.09.2026.pdf
IT,bond,IT0005716839,2026-09-10,2026-09-15,2029-09-15,3500.0,3460.1,1.57,3.43,mef_pdf:BTP-3-Years-Auction-Results-10.09.2026.pdf
IT,bond,IT0005722845,2026-09-10,2026-09-15,2033-09-15,3500.0,3374.35,1.52,3.98,mef_pdf:BTP-7-Years-Auction-Results-10.09.2026.pdf
