record_date,debt_catg,close_today_bal
"2026-09-04","Debt Held by the Public","32410786"
"2026-09-04","Intragovernmental Holdings","7683805"
"2026-09-04","Debt Not Subject to Limit","474"
"2026-09-04","Debt Not Subject to Limit","186159"
"2026-09-04","Debt Not Subject to Limit","3591"
"2026-09-04","Other Debt Subject to Limit","0"
"2026-09-04","Statutory Debt Limit","41103996"
"2026-09-03","Debt Held by the Public","32423635"
"2026-09-03","Intragovernmental Holdings","7679329"
"2026-09-03","Debt Not Subject to Limit","474"
"2026-09-03","Debt Not Subject to Limit","186919"
"2026-09-03","Debt Not Subject to Limit","3591"
"2026-09-03","Other Debt Subject to Limit","0"
"2026-09-03","Statutory Debt Limit","41103996"
"2026-09-02","Debt Held by the Public","32421027"
"2026-09-02","Intragovernmental Holdings","7696018"
"2026-09-02","Debt Not Subject to Limit","474"
"2026-09-02","Debt Not Subject to Limit","182491"
"2026-09-02","Debt Not Subject to Limit","3591"
"2026-09-02","Other Debt Subject to Limit","0"
"2026-09-02","Statutory Debt Limit","41103996"
"2026-09-01","Debt Held by the Public","32420529"
"2026-09-01","Intragovernmental Holdings","7691935"
"2026-09-01","Debt Not Subject to Limit","474"
"2026-09-01","Debt Not Subject to Limit","183248"
"2026-09-01","Debt Not Subject to Limit","3591"
"2026-09-01","Other Debt Subject to Limit","0"
"2026-09-01","Statutory Debt Limit","41103996"
"2026-08-31","Debt Held by the Public","32414989"
"2026-08-31","Intragovernmental Holdings","7760652"
"2026-08-31","Debt Not Subject to Limit","474"
"2026-08-31","Debt Not Subject to Limit","181634"
"2026-08-31","Debt Not Subject to Limit","3591"
"2026-08-31","Other Debt Subject to Limit","0"
"2026-08-31","Statutory Debt Limit","41103996"
"2026-08-28","Debt Held by the Public","32340689"
"2026-08-28","Intragovernmental Holdings","7763409"
"2026-08-28","Debt Not Subject to Limit","474"
"2026-08-28","Debt Not Subject to Limit","183791"
"2026-08-28","Debt Not Subject to Limit","3591"
"2026-08-28","Other Debt Subject to Limit","0"
"2026-08-28","Statutory Debt Limit","41103996"
"2026-08-27","Debt Held by the Public","32313803"
"2026-08-27","Intragovernmental Holdings","7763727"
"2026-08-27","Debt Not Subject to Limit","474"
"2026-08-27","Debt Not Subject to Limit","184547"
"2026-08-27","Debt Not Subject to Limit","3591"
"2026-08-27","Other Debt Subject to Limit","0"
"2026-08-27","Statutory Debt Limit","41103996"
"2026-08-26","Debt Held by the Public","32305770"
"2026-08-26","Intragovernmental Holdings","7763982"
"2026-08-26","Debt Not Subject to Limit","474"
"2026-08-26","Debt Not Subject to Limit","182384"
"2026-08-26","Debt Not Subject to Limit","3591"
"2026-08-26","Other Debt Subject to Limit","0"
"2026-08-26","Statutory Debt Limit","41103996"
"2026-08-25","Debt Held by the Public","32307785"
"2026-08-25","Intragovernmental Holdings","7791079"
"2026-08-25","Debt Not Subject to Limit","474"
"2026-08-25","Debt Not Subject to Limit","183139"
"2026-08-25","Debt Not Subject to Limit","3591"
"2026-08-25","Other Debt Subject to Limit","0"
"2026-08-25","Statutory Debt Limit","41103996"
"2026-08-24","Debt Held by the Public","32274807"
"2026-08-24","Intragovernmental Holdings","7760579"
"2026-08-24","Debt Not Subject to Limit","474"
"2026-08-24","Debt Not Subject to Limit","182004"
"2026-08-24","Debt Not Subject to Limit","3591"
"2026-08-24","Other Debt Subject to Limit","0"
"2026-08-24","Statutory Debt Limit","41103996"
"2026-08-21","Debt Held by the Public","32276142"
"2026-08-21","Intragovernmental Holdings","7756735"
"2026-08-21","Debt Not Subject to Limit","474"
"2026-08-21","Debt Not Subject to Limit","184259"
"2026-08-21","Debt Not Subject to Limit","3591"
"2026-08-21","Other Debt Subject to Limit","0"
"2026-08-21","Statutory Debt Limit","41103996"
"2026-08-20","Debt Held by the Public","32278965"
"2026-08-20","Intragovernmental Holdings","7754292"
"2026-08-20","Debt Not Subject to Limit","474"
"2026-08-20","Debt Not Subject to Limit","185010"
"2026-08-20","Debt Not Subject to Limit","3591"
"2026-08-20","Other Debt Subject to Limit","0"
"2026-08-20","Statutory Debt Limit","41103996"
"2026-08-19","Debt Held by the Public","32263509"
"2026-08-19","Intragovernmental Holdings","7749192"
"2026-08-19","Debt Not Subject to Limit","474"
"2026-08-19","Debt Not Subject to Limit","182778"
"2026-08-19","Debt Not Subject to Limit","3591"
"2026-08-19","Other Debt Subject to Limit","0"
"2026-08-19","Statutory Debt Limit","41103996"
"2026-08-18","Debt Held by the Public","32265799"
"2026-08-18","Intragovernmental Holdings","7781627"
"2026-08-18","Debt Not Subject to Limit","474"
"2026-08-18","Debt Not Subject to Limit","183527"
"2026-08-18","Debt Not Subject to Limit","3591"
"2026-08-18","Other Debt Subject to Limit","0"
"2026-08-18","Statutory Debt Limit","41103996"
"2026-08-17","Debt Held by the Public","32227199"
"2026-08-17","Intragovernmental Holdings","7759459"
"2026-08-17","Debt Not Subject to Limit","474"
"2026-08-17","Debt Not Subject to Limit","182366"
"2026-08-17","Debt Not Subject to Limit","3591"
"2026-08-17","Other Debt Subject to Limit","0"
"2026-08-17","Statutory Debt Limit","41103996"
"2026-08-14","Debt Held by the Public","32200393"
"2026-08-14","Intragovernmental Holdings","7733241"
"2026-08-14","Debt Not Subject to Limit","474"
"2026-08-14","Debt Not Subject to Limit","180447"
"2026-08-14","Debt Not Subject to Limit","3591"
"2026-08-14","Other Debt Subject to Limit","0"
"2026-08-14","Statutory Debt Limit","41103996"
"2026-08-13","Debt Held by the Public","32200971"
"2026-08-13","Intragovernmental Holdings","7733845"
"2026-08-13","Debt Not Subject to Limit","474"
"2026-08-13","Debt Not Subject to Limit","181192"
"2026-08-13","Debt Not Subject to Limit","3591"
"2026-08-13","Other Debt Subject to Limit","0"
"2026-08-13","Statutory Debt Limit","41103996"
"2026-08-12","Debt Held by the Public","32180112"
"2026-08-12","Intragovernmental Holdings","7733417"
"2026-08-12","Debt Not Subject to Limit","474"
"2026-08-12","Debt Not Subject to Limit","178959"
"2026-08-12","Debt Not Subject to Limit","3591"
"2026-08-12","Other Debt Subject to Limit","0"
"2026-08-12","Statutory Debt Limit","41103996"
"2026-08-11","Debt Held by the Public","32182461"
"2026-08-11","Intragovernmental Holdings","7759469"
"2026-08-11","Debt Not Subject to Limit","474"
"2026-08-11","Debt Not Subject to Limit","179700"
"2026-08-11","Debt Not Subject to Limit","3591"
"2026-08-11","Other Debt Subject to Limit","0"
"2026-08-11","Statutory Debt Limit","41103996"
"2026-08-10","Debt Held by the Public","32143066"
"2026-08-10","Intragovernmental Holdings","7748708"
"2026-08-10","Debt Not Subject to Limit","474"
"2026-08-10","Debt Not Subject to Limit","178564"
"2026-08-10","Debt Not Subject to Limit","3591"
"2026-08-10","Other Debt Subject to Limit","0"
"2026-08-10","Statutory Debt Limit","41103996"
"2026-08-07","Debt Held by the Public","32144621"
"2026-08-07","Intragovernmental Holdings","7740627"
"2026-08-07","Debt Not Subject to Limit","474"
"2026-08-07","Debt Not Subject to Limit","180775"
"2026-08-07","Debt Not Subject to Limit","3591"
"2026-08-07","Other Debt Subject to Limit","0"
"2026-08-07","Statutory Debt Limit","41103996"
"2026-08-06","Debt Held by the Public","32148911"
"2026-08-06","Intragovernmental Holdings","7741353"
"2026-08-06","Debt Not Subject to Limit","474"
"2026-08-06","Debt Not Subject to Limit","181512"
"2026-08-06","Debt Not Subject to Limit","3591"
"2026-08-06","Other Debt Subject to Limit","0"
"2026-08-06","Statutory Debt Limit","41103996"
"2026-08-05","Debt Held by the Public","32101179"
"2026-08-05","Intragovernmental Holdings","7728473"
"2026-08-05","Debt Not Subject to Limit","474"
"2026-08-05","Debt Not Subject to Limit","177003"
"2026-08-05","Debt Not Subject to Limit","3591"
"2026-08-05","Other Debt Subject to Limit","0"
"2026-08-05","Statutory Debt Limit","41103996"
"2026-08-04","Debt Held by the Public","32100703"
"2026-08-04","Intragovernmental Holdings","7727732"
"2026-08-04","Debt Not Subject to Limit","474"
"2026-08-04","Debt Not Subject to Limit","177734"
"2026-08-04","Debt Not Subject to Limit","3591"
"2026-08-04","Other Debt Subject to Limit","0"
"2026-08-04","Statutory Debt Limit","41103996"
"2026-08-03","Debt Held by the Public","32038116"
"2026-08-03","Intragovernmental Holdings","7701107"
"2026-08-03","Debt Not Subject to Limit","474"
"2026-08-03","Debt Not Subject to Limit","176555"
"2026-08-03","Debt Not Subject to Limit","3591"
"2026-08-03","Other Debt Subject to Limit","0"
"2026-08-03","Statutory Debt Limit","41103996"
"2026-07-31","Debt Held by the Public","32045864"
"2026-07-31","Intragovernmental Holdings","7725753"
"2026-07-31","Debt Not Subject to Limit","474"
"2026-07-31","Debt Not Subject to Limit","178727"
"2026-07-31","Debt Not Subject to Limit","3591"
"2026-07-31","Other Debt Subject to Limit","0"
"2026-07-31","Statutory Debt Limit","41103996"
"2026-07-30","Debt Held by the Public","32035731"
"2026-07-30","Intragovernmental Holdings","7805383"
"2026-07-30","Debt Not Subject to Limit","474"
"2026-07-30","Debt Not Subject to Limit","174570"
"2026-07-30","Debt Not Subject to Limit","3591"
"2026-07-30","Other Debt Subject to Limit","0"
"2026-07-30","Statutory Debt Limit","41103996"
"2026-07-29","Debt Held by the Public","31994676"
"2026-07-29","Intragovernmental Holdings","7804943"
"2026-07-29","Debt Not Subject to Limit","474"
"2026-07-29","Debt Not Subject to Limit","172214"
"2026-07-29","Debt Not Subject to Limit","3591"
"2026-07-29","Other Debt Subject to Limit","0"
"2026-07-29","Statutory Debt Limit","41103996"
"2026-07-28","Debt Held by the Public","31995279"
"2026-07-28","Intragovernmental Holdings","7801874"
"2026-07-28","Debt Not Subject to Limit","474"
"2026-07-28","Debt Not Subject to Limit","172932"
"2026-07-28","Debt Not Subject to Limit","3591"
"2026-07-28","Other Debt Subject to Limit","0"
"2026-07-28","Statutory Debt Limit","41103996"
"2026-07-27","Debt Held by the Public","31923703"
"2026-07-27","Intragovernmental Holdings","7790261"
"2026-07-27","Debt Not Subject to Limit","474"
"2026-07-27","Debt Not Subject to Limit","171708"
"2026-07-27","Debt Not Subject to Limit","3591"
"2026-07-27","Other Debt Subject to Limit","0"
"2026-07-27","Statutory Debt Limit","41103996"
"2026-07-24","Debt Held by the Public","31922906"
"2026-07-24","Intragovernmental Holdings","7769469"
"2026-07-24","Debt Not Subject to Limit","474"
"2026-07-24","Debt Not Subject to Limit","173837"
"2026-07-24","Debt Not Subject to Limit","3591"
"2026-07-24","Other Debt Subject to Limit","0"
"2026-07-24","Statutory Debt Limit","41103996"
"2026-07-23","Debt Held by the Public","31911919"
"2026-07-23","Intragovernmental Holdings","7765019"
"2026-07-23","Debt Not Subject to Limit","474"
"2026-07-23","Debt Not Subject to Limit","174547"
"2026-07-23","Debt Not Subject to Limit","3591"
"2026-07-23","Other Debt Subject to Limit","0"
"2026-07-23","Statutory Debt Limit","41103996"
"2026-07-22","Debt Held by the Public","31874681"
"2026-07-22","Intragovernmental Holdings","7761118"
"2026-07-22","Debt Not Subject to Limit","474"
"2026-07-22","Debt Not Subject to Limit","172278"
"2026-07-22","Debt Not Subject to Limit","3591"
"2026-07-22","Other Debt Subject to Limit","0"
"2026-07-22","Statutory Debt Limit","41103996"
"2026-07-21","Debt Held by the Public","31874795"
"2026-07-21","Intragovernmental Holdings","7785574"
"2026-07-21","Debt Not Subject to Limit","474"
"2026-07-21","Debt Not Subject to Limit","172983"
"2026-07-21","Debt Not Subject to Limit","3591"
"2026-07-21","Other Debt Subject to Limit","0"
"2026-07-21","Statutory Debt Limit","41103996"
"2026-07-20","Debt Held by the Public","31817641"
"2026-07-20","Intragovernmental Holdings","7770602"
"2026-07-20","Debt Not Subject to Limit","474"
"2026-07-20","Debt Not Subject to Limit","171805"
"2026-07-20","Debt Not Subject to Limit","3591"
"2026-07-20","Other Debt Subject to Limit","0"
"2026-07-20","Statutory Debt Limit","41103996"
"2026-07-17","Debt Held by the Public","31816915"
"2026-07-17","Intragovernmental Holdings","7764933"
"2026-07-17","Debt Not Subject to Limit","474"
"2026-07-17","Debt Not Subject to Limit","173901"
"2026-07-17","Debt Not Subject to Limit","3591"
"2026-07-17","Other Debt Subject to Limit","0"
"2026-07-17","Statutory Debt Limit","41103996"
"2026-07-16","Debt Held by the Public","31818450"
"2026-07-16","Intragovernmental Holdings","7700409"
"2026-07-16","Debt Not Subject to Limit","474"
"2026-07-16","Debt Not Subject to Limit","174600"
"2026-07-16","Debt Not Subject to Limit","3591"
"2026-07-16","Other Debt Subject to Limit","0"
"2026-07-16","Statutory Debt Limit","41103996"
"2026-07-15","Debt Held by the Public","31793477"
"2026-07-15","Intragovernmental Holdings","7695139"
"2026-07-15","Debt Not Subject to Limit","474"
"2026-07-15","Debt Not Subject to Limit","172361"
"2026-07-15","Debt Not Subject to Limit","3591"
"2026-07-15","Other Debt Subject to Limit","0"
"2026-07-15","Statutory Debt Limit","41103996"
"2026-07-14","Debt Held by the Public","31751115"
"2026-07-14","Intragovernmental Holdings","7719037"
"2026-07-14","Debt Not Subject to Limit","474"
"2026-07-14","Debt Not Subject to Limit","173056"
"2026-07-14","Debt Not Subject to Limit","3591"
"2026-07-14","Other Debt Subject to Limit","0"
"2026-07-14","Statutory Debt Limit","41103996"
"2026-07-13","Debt Held by the Public","31707770"
"2026-07-13","Intragovernmental Holdings","7710135"
"2026-07-13","Debt Not Subject to Limit","474"
"2026-07-13","Debt Not Subject to Limit","171918"
"2026-07-13","Debt Not Subject to Limit","3591"
"2026-07-13","Other Debt Subject to Limit","0"
"2026-07-13","Statutory Debt Limit","41103996"
"2026-07-10","Debt Held by the Public","31707317"
"2026-07-10","Intragovernmental Holdings","7705664"
"2026-07-10","Debt Not Subject to Limit","474"
"2026-07-10","Debt Not Subject to Limit","173989"
"2026-07-10","Debt Not Subject to Limit","3591"
"2026-07-10","Other Debt Subject to Limit","0"
"2026-07-10","Statutory Debt Limit","41103996"
"2026-07-09","Debt Held by the Public","31709399"
"2026-07-09","Intragovernmental Holdings","7704780"
"2026-07-09","Debt Not Subject to Limit","474"
"2026-07-09","Debt Not Subject to Limit","174679"
"2026-07-09","Debt Not Subject to Limit","3591"
"2026-07-09","Other Debt Subject to Limit","0"
"2026-07-09","Statutory Debt Limit","41103996"
"2026-07-08","Debt Held by the Public","31695882"
"2026-07-08","Intragovernmental Holdings","7699095"
"2026-07-08","Debt Not Subject to Limit","474"
"2026-07-08","Debt Not Subject to Limit","170302"
"2026-07-08","Debt Not Subject to Limit","3591"
"2026-07-08","Other Debt Subject to Limit","0"
"2026-07-08","Statutory Debt Limit","41103996"
"2026-07-07","Debt Held by the Public","31696800"
"2026-07-07","Intragovernmental Holdings","7718177"
"2026-07-07","Debt Not Subject to Limit","474"
"2026-07-07","Debt Not Subject to Limit","170990"
"2026-07-07","Debt Not Subject to Limit","3591"
"2026-07-07","Other Debt Subject to Limit","0"
"2026-07-07","Statutory Debt Limit","41103996"
"2026-07-06","Debt Held by the Public","31680155"
"2026-07-06","Intragovernmental Holdings","7707726"
"2026-07-06","Debt Not Subject to Limit","474"
"2026-07-06","Debt Not Subject to Limit","169991"
"2026-07-06","Debt Not Subject to Limit","3591"
"2026-07-06","Other Debt Subject to Limit","0"
"2026-07-06","Statutory Debt Limit","41103996"
"2026-07-03","Debt Held by the Public","31676897"
"2026-07-03","Intragovernmental Holdings","7699093"
"2026-07-03","Debt Not Subject to Limit","474"
"2026-07-03","Debt Not Subject to Limit","172048"
"2026-07-03","Debt Not Subject to Limit","3591"
"2026-07-03","Other Debt Subject to Limit","0"
"2026-07-03","Statutory Debt Limit","41103996"
"2026-07-02","Debt Held by the Public","31678903"
"2026-07-02","Intragovernmental Holdings","7696351"
"2026-07-02","Debt Not Subject to Limit","474"
"2026-07-02","Debt Not Subject to Limit","172734"
"2026-07-02","Debt Not Subject to Limit","3591"
"2026-07-02","Other Debt Subject to Limit","0"
"2026-07-02","Statutory Debt Limit","41103996"
"2026-07-01","Debt Held by the Public","31677635"
"2026-07-01","Intragovernmental Holdings","7711670"
"2026-07-01","Debt Not Subject to Limit","474"
"2026-07-01","Debt Not Subject to Limit","170496"
"2026-07-01","Debt Not Subject to Limit","3591"
"2026-07-01","Other Debt Subject to Limit","0"
"2026-07-01","Statutory Debt Limit","41103996"
"2026-06-30","Debt Held by the Public","31681308"
"2026-06-30","Intragovernmental Holdings","7781090"
"2026-06-30","Debt Not Subject to Limit","474"
"2026-06-30","Debt Not Subject to Limit","170650"
"2026-06-30","Debt Not Subject to Limit","3591"
"2026-06-30","Other Debt Subject to Limit","0"
"2026-06-30","Statutory Debt Limit","41103996"
"2026-06-29","Debt Held by the Public","31621330"
"2026-06-29","Intragovernmental Holdings","7724011"
"2026-06-29","Debt Not Subject to Limit","474"
"2026-06-29","Debt Not Subject to Limit","171297"
"2026-06-29","Debt Not Subject to Limit","4093"
"2026-06-29","Other Debt Subject to Limit","0"
"2026-06-29","Statutory Debt Limit","41103996"
"2026-06-26","Debt Held by the Public","31620872"
"2026-06-26","Intragovernmental Holdings","7716631"
"2026-06-26","Debt Not Subject to Limit","474"
"2026-06-26","Debt Not Subject to Limit","173350"
"2026-06-26","Debt Not Subject to Limit","4093"
"2026-06-26","Other Debt Subject to Limit","0"
"2026-06-26","Statutory Debt Limit","41103996"
"2026-06-25","Debt Held by the Public","31594497"
"2026-06-25","Intragovernmental Holdings","7716525"
"2026-06-25","Debt Not Subject to Limit","474"
"2026-06-25","Debt Not Subject to Limit","174035"
"2026-06-25","Debt Not Subject to Limit","4093"
"2026-06-25","Other Debt Subject to Limit","0"
"2026-06-25","Statutory Debt Limit","41103996"
"2026-06-24","Debt Held by the Public","31606937"
"2026-06-24","Intragovernmental Holdings","7713572"
"2026-06-24","Debt Not Subject to Limit","474"
"2026-06-24","Debt Not Subject to Limit","171940"
"2026-06-24","Debt Not Subject to Limit","4093"
"2026-06-24","Other Debt Subject to Limit","0"
"2026-06-24","Statutory Debt Limit","41103996"
"2026-06-23","Debt Held by the Public","31606134"
"2026-06-23","Intragovernmental Holdings","7714474"
"2026-06-23","Debt Not Subject to Limit","474"
"2026-06-23","Debt Not Subject to Limit","172625"
"2026-06-23","Debt Not Subject to Limit","4093"
"2026-06-23","Other Debt Subject to Limit","0"
"2026-06-23","Statutory Debt Limit","41103996"
"2026-06-22","Debt Held by the Public","31625611"
"2026-06-22","Intragovernmental Holdings","7698121"
"2026-06-22","Debt Not Subject to Limit","474"
"2026-06-22","Debt Not Subject to Limit","171764"
"2026-06-22","Debt Not Subject to Limit","4093"
"2026-06-22","Other Debt Subject to Limit","0"
"2026-06-22","Statutory Debt Limit","41103996"
"2026-06-18","Debt Held by the Public","31613484"
"2026-06-18","Intragovernmental Holdings","7691810"
"2026-06-18","Debt Not Subject to Limit","474"
"2026-06-18","Debt Not Subject to Limit","174511"
"2026-06-18","Debt Not Subject to Limit","4093"
"2026-06-18","Other Debt Subject to Limit","0"
"2026-06-18","Statutory Debt Limit","41103996"
"2026-06-17","Debt Held by the Public","31643345"
"2026-06-17","Intragovernmental Holdings","7639708"
"2026-06-17","Debt Not Subject to Limit","474"
"2026-06-17","Debt Not Subject to Limit","172464"
"2026-06-17","Debt Not Subject to Limit","4093"
"2026-06-17","Other Debt Subject to Limit","0"
"2026-06-17","Statutory Debt Limit","41103996"
"2026-06-16","Debt Held by the Public","31642664"
"2026-06-16","Intragovernmental Holdings","7647202"
"2026-06-16","Debt Not Subject to Limit","474"
"2026-06-16","Debt Not Subject to Limit","173153"
"2026-06-16","Debt Not Subject to Limit","4093"
"2026-06-16","Other Debt Subject to Limit","0"
"2026-06-16","Statutory Debt Limit","41103996"
"2026-06-15","Debt Held by the Public","31662561"
"2026-06-15","Intragovernmental Holdings","7630513"
"2026-06-15","Debt Not Subject to Limit","474"
"2026-06-15","Debt Not Subject to Limit","172294"
"2026-06-15","Debt Not Subject to Limit","4093"
"2026-06-15","Other Debt Subject to Limit","0"
"2026-06-15","Statutory Debt Limit","41103996"
"2026-06-12","Debt Held by the Public","31582353"
"2026-06-12","Intragovernmental Holdings","7627631"
"2026-06-12","Debt Not Subject to Limit","474"
"2026-06-12","Debt Not Subject to Limit","174367"
"2026-06-12","Debt Not Subject to Limit","4093"
"2026-06-12","Other Debt Subject to Limit","0"
"2026-06-12","Statutory Debt Limit","41103996"
"2026-06-11","Debt Held by the Public","31594718"
"2026-06-11","Intragovernmental Holdings","7626068"
"2026-06-11","Debt Not Subject to Limit","474"
"2026-06-11","Debt Not Subject to Limit","175058"
"2026-06-11","Debt Not Subject to Limit","4093"
"2026-06-11","Other Debt Subject to Limit","0"
"2026-06-11","Statutory Debt Limit","41103996"
"2026-06-10","Debt Held by the Public","31592370"
"2026-06-10","Intragovernmental Holdings","7620897"
"2026-06-10","Debt Not Subject to Limit","474"
"2026-06-10","Debt Not Subject to Limit","171040"
"2026-06-10","Debt Not Subject to Limit","4093"
"2026-06-10","Other Debt Subject to Limit","0"
"2026-06-10","Statutory Debt Limit","41103996"
"2026-06-09","Debt Held by the Public","31595465"
"2026-06-09","Intragovernmental Holdings","7646258"
"2026-06-09","Debt Not Subject to Limit","474"
"2026-06-09","Debt Not Subject to Limit","171731"
"2026-06-09","Debt Not Subject to Limit","4093"
"2026-06-09","Other Debt Subject to Limit","0"
"2026-06-09","Statutory Debt Limit","41103996"
"2026-06-08","Debt Held by the Public","31600133"
"2026-06-08","Intragovernmental Holdings","7630253"
"2026-06-08","Debt Not Subject to Limit","474"
"2026-06-08","Debt Not Subject to Limit","170883"
"2026-06-08","Debt Not Subject to Limit","4093"
"2026-06-08","Other Debt Subject to Limit","0"
"2026-06-08","Statutory Debt Limit","41103996"
"2026-06-05","Debt Held by the Public","31597881"
"2026-06-05","Intragovernmental Holdings","7621701"
"2026-06-05","Debt Not Subject to Limit","474"
"2026-06-05","Debt Not Subject to Limit","172957"
"2026-06-05","Debt Not Subject to Limit","4093"
"2026-06-05","Other Debt Subject to Limit","0"
"2026-06-05","Statutory Debt Limit","41103996"
"2026-06-04","Debt Held by the Public","31610719"
"2026-06-04","Intragovernmental Holdings","7621432"
"2026-06-04","Debt Not Subject to Limit","474"
"2026-06-04","Debt Not Subject to Limit","173648"
"2026-06-04","Debt Not Subject to Limit","4093"
"2026-06-04","Other Debt Subject to Limit","0"
"2026-06-04","Statutory Debt Limit","41103996"
"2026-06-03","Debt Held by the Public","31599704"
"2026-06-03","Intragovernmental Holdings","7605271"
"2026-06-03","Debt Not Subject to Limit","474"
"2026-06-03","Debt Not Subject to Limit","171615"
"2026-06-03","Debt Not Subject to Limit","4093"
"2026-06-03","Other Debt Subject to Limit","0"
"2026-06-03","Statutory Debt Limit","41103996"
"2026-06-02","Debt Held by the Public","31597886"
"2026-06-02","Intragovernmental Holdings","7624098"
"2026-06-02","Debt Not Subject to Limit","474"
"2026-06-02","Debt Not Subject to Limit","172305"
"2026-06-02","Debt Not Subject to Limit","4093"
"2026-06-02","Other Debt Subject to Limit","0"
"2026-06-02","Statutory Debt Limit","41103996"
"2026-06-01","Debt Held by the Public","31581373"
"2026-06-01","Intragovernmental Holdings","7614129"
"2026-06-01","Debt Not Subject to Limit","474"
"2026-06-01","Debt Not Subject to Limit","171416"
"2026-06-01","Debt Not Subject to Limit","4093"
"2026-06-01","Other Debt Subject to Limit","0"
"2026-06-01","Statutory Debt Limit","41103996"
"2026-05-29","Debt Held by the Public","31515370"
"2026-05-29","Intragovernmental Holdings","7692390"
"2026-05-29","Debt Not Subject to Limit","474"
"2026-05-29","Debt Not Subject to Limit","172105"
"2026-05-29","Debt Not Subject to Limit","4093"
"2026-05-29","Other Debt Subject to Limit","0"
"2026-05-29","Statutory Debt Limit","41103996"
"2026-05-28","Debt Held by the Public","31466045"
"2026-05-28","Intragovernmental Holdings","7710257"
"2026-05-28","Debt Not Subject to Limit","474"
"2026-05-28","Debt Not Subject to Limit","174514"
"2026-05-28","Debt Not Subject to Limit","4093"
"2026-05-28","Other Debt Subject to Limit","0"
"2026-05-28","Statutory Debt Limit","41103996"
"2026-05-27","Debt Held by the Public","31450453"
"2026-05-27","Intragovernmental Holdings","7712850"
"2026-05-27","Debt Not Subject to Limit","474"
"2026-05-27","Debt Not Subject to Limit","172504"
"2026-05-27","Debt Not Subject to Limit","4093"
"2026-05-27","Other Debt Subject to Limit","0"
"2026-05-27","Statutory Debt Limit","41103996"
"2026-05-26","Debt Held by the Public","31447423"
"2026-05-26","Intragovernmental Holdings","7723732"
"2026-05-26","Debt Not Subject to Limit","474"
"2026-05-26","Debt Not Subject to Limit","173191"
"2026-05-26","Debt Not Subject to Limit","4093"
"2026-05-26","Other Debt Subject to Limit","0"
"2026-05-26","Statutory Debt Limit","41103996"
"2026-05-22","Debt Held by the Public","31400818"
"2026-05-22","Intragovernmental Holdings","7711374"
"2026-05-22","Debt Not Subject to Limit","474"
"2026-05-22","Debt Not Subject to Limit","174226"
"2026-05-22","Debt Not Subject to Limit","4093"
"2026-05-22","Other Debt Subject to Limit","0"
"2026-05-22","Statutory Debt Limit","41103996"
"2026-05-21","Debt Held by the Public","31374789"
"2026-05-21","Intragovernmental Holdings","7696412"
"2026-05-21","Debt Not Subject to Limit","474"
"2026-05-21","Debt Not Subject to Limit","174838"
"2026-05-21","Debt Not Subject to Limit","4093"
"2026-05-21","Other Debt Subject to Limit","0"
"2026-05-21","Statutory Debt Limit","41103996"
"2026-05-20","Debt Held by the Public","31358950"
"2026-05-20","Intragovernmental Holdings","7690690"
"2026-05-20","Debt Not Subject to Limit","474"
"2026-05-20","Debt Not Subject to Limit","172789"
"2026-05-20","Debt Not Subject to Limit","4093"
"2026-05-20","Other Debt Subject to Limit","0"
"2026-05-20","Statutory Debt Limit","41103996"
"2026-05-19","Debt Held by the Public","31359065"
"2026-05-19","Intragovernmental Holdings","7711687"
"2026-05-19","Debt Not Subject to Limit","474"
"2026-05-19","Debt Not Subject to Limit","173468"
"2026-05-19","Debt Not Subject to Limit","4093"
"2026-05-19","Other Debt Subject to Limit","0"
"2026-05-19","Statutory Debt Limit","41103996"
"2026-05-18","Debt Held by the Public","31317917"
"2026-05-18","Intragovernmental Holdings","7691083"
"2026-05-18","Debt Not Subject to Limit","474"
"2026-05-18","Debt Not Subject to Limit","172435"
"2026-05-18","Debt Not Subject to Limit","4093"
"2026-05-18","Other Debt Subject to Limit","0"
"2026-05-18","Statutory Debt Limit","41103996"
"2026-05-15","Debt Held by the Public","31315583"
"2026-05-15","Intragovernmental Holdings","7681661"
"2026-05-15","Debt Not Subject to Limit","474"
"2026-05-15","Debt Not Subject to Limit","174459"
"2026-05-15","Debt Not Subject to Limit","4093"
"2026-05-15","Other Debt Subject to Limit","0"
"2026-05-15","Statutory Debt Limit","41103996"
"2026-05-14","Debt Held by the Public","31277752"
"2026-05-14","Intragovernmental Holdings","7676715"
"2026-05-14","Debt Not Subject to Limit","474"
"2026-05-14","Debt Not Subject to Limit","174555"
"2026-05-14","Debt Not Subject to Limit","4093"
"2026-05-14","Other Debt Subject to Limit","0"
"2026-05-14","Statutory Debt Limit","41103996"
"2026-05-13","Debt Held by the Public","31269242"
"2026-05-13","Intragovernmental Holdings","7673382"
"2026-05-13","Debt Not Subject to Limit","474"
"2026-05-13","Debt Not Subject to Limit","170551"
"2026-05-13","Debt Not Subject to Limit","4093"
"2026-05-13","Other Debt Subject to Limit","0"
"2026-05-13","Statutory Debt Limit","41103996"
"2026-05-12","Debt Held by the Public","31268302"
"2026-05-12","Intragovernmental Holdings","7699993"
"2026-05-12","Debt Not Subject to Limit","474"
"2026-05-12","Debt Not Subject to Limit","171226"
"2026-05-12","Debt Not Subject to Limit","4093"
"2026-05-12","Other Debt Subject to Limit","0"
"2026-05-12","Statutory Debt Limit","41103996"
"2026-05-11","Debt Held by the Public","31262108"
"2026-05-11","Intragovernmental Holdings","7684692"
"2026-05-11","Debt Not Subject to Limit","474"
"2026-05-11","Debt Not Subject to Limit","170334"
"2026-05-11","Debt Not Subject to Limit","4093"
"2026-05-11","Other Debt Subject to Limit","0"
"2026-05-11","Statutory Debt Limit","41103996"
"2026-05-08","Debt Held by the Public","31260346"
"2026-05-08","Intragovernmental Holdings","7677130"
"2026-05-08","Debt Not Subject to Limit","474"
"2026-05-08","Debt Not Subject to Limit","172355"
"2026-05-08","Debt Not Subject to Limit","4093"
"2026-05-08","Other Debt Subject to Limit","0"
"2026-05-08","Statutory Debt Limit","41103996"
"2026-05-07","Debt Held by the Public","31262326"
"2026-05-07","Intragovernmental Holdings","7669326"
"2026-05-07","Debt Not Subject to Limit","474"
"2026-05-07","Debt Not Subject to Limit","173029"
"2026-05-07","Debt Not Subject to Limit","4093"
"2026-05-07","Other Debt Subject to Limit","0"
"2026-05-07","Statutory Debt Limit","41103996"
"2026-05-06","Debt Held by the Public","31263384"
"2026-05-06","Intragovernmental Holdings","7655454"
"2026-05-06","Debt Not Subject to Limit","474"
"2026-05-06","Debt Not Subject to Limit","171011"
"2026-05-06","Debt Not Subject to Limit","4093"
"2026-05-06","Other Debt Subject to Limit","0"
"2026-05-06","Statutory Debt Limit","41103996"
"2026-05-05","Debt Held by the Public","31261787"
"2026-05-05","Intragovernmental Holdings","7648832"
"2026-05-05","Debt Not Subject to Limit","474"
"2026-05-05","Debt Not Subject to Limit","171685"
"2026-05-05","Debt Not Subject to Limit","4093"
"2026-05-05","Other Debt Subject to Limit","0"
"2026-05-05","Statutory Debt Limit","41103996"
"2026-05-04","Debt Held by the Public","31274803"
"2026-05-04","Intragovernmental Holdings","7630231"
"2026-05-04","Debt Not Subject to Limit","474"
"2026-05-04","Debt Not Subject to Limit","170846"
"2026-05-04","Debt Not Subject to Limit","4093"
"2026-05-04","Other Debt Subject to Limit","0"
"2026-05-04","Statutory Debt Limit","41103996"
"2026-05-01","Debt Held by the Public","31271958"
"2026-05-01","Intragovernmental Holdings","7610190"
"2026-05-01","Debt Not Subject to Limit","474"
"2026-05-01","Debt Not Subject to Limit","172872"
"2026-05-01","Debt Not Subject to Limit","4093"
"2026-05-01","Other Debt Subject to Limit","0"
"2026-05-01","Statutory Debt Limit","41103996"
"2026-04-30","Debt Held by the Public","31272490"
"2026-04-30","Intragovernmental Holdings","7695344"
"2026-04-30","Debt Not Subject to Limit","474"
"2026-04-30","Debt Not Subject to Limit","173548"
"2026-04-30","Debt Not Subject to Limit","4093"
"2026-04-30","Other Debt Subject to Limit","0"
"2026-04-30","Statutory Debt Limit","41103996"
"2026-04-29","Debt Held by the Public","31264483"
"2026-04-29","Intragovernmental Holdings","7687593"
"2026-04-29","Debt Not Subject to Limit","474"
"2026-04-29","Debt Not Subject to Limit","170348"
"2026-04-29","Debt Not Subject to Limit","4093"
"2026-04-29","Other Debt Subject to Limit","0"
"2026-04-29","Statutory Debt Limit","41103996"
"2026-04-28","Debt Held by the Public","31266605"
"2026-04-28","Intragovernmental Holdings","7685187"
"2026-04-28","Debt Not Subject to Limit","474"
"2026-04-28","Debt Not Subject to Limit","171025"
"2026-04-28","Debt Not Subject to Limit","4093"
"2026-04-28","Other Debt Subject to Limit","0"
"2026-04-28","Statutory Debt Limit","41103996"
"2026-04-27","Debt Held by the Public","31289756"
"2026-04-27","Intragovernmental Holdings","7671199"
"2026-04-27","Debt Not Subject to Limit","474"
"2026-04-27","Debt Not Subject to Limit","170218"
"2026-04-27","Debt Not Subject to Limit","4093"
"2026-04-27","Other Debt Subject to Limit","0"
"2026-04-27","Statutory Debt Limit","41103996"
"2026-04-24","Debt Held by the Public","31289225"
"2026-04-24","Intragovernmental Holdings","7664445"
"2026-04-24","Debt Not Subject to Limit","474"
"2026-04-24","Debt Not Subject to Limit","172256"
"2026-04-24","Debt Not Subject to Limit","4093"
"2026-04-24","Other Debt Subject to Limit","0"
"2026-04-24","Statutory Debt Limit","41103996"
"2026-04-23","Debt Held by the Public","31289250"
"2026-04-23","Intragovernmental Holdings","7646237"
"2026-04-23","Debt Not Subject to Limit","474"
"2026-04-23","Debt Not Subject to Limit","172936"
"2026-04-23","Debt Not Subject to Limit","4093"
"2026-04-23","Other Debt Subject to Limit","0"
"2026-04-23","Statutory Debt Limit","41103996"
"2026-04-22","Debt Held by the Public","31318022"
"2026-04-22","Intragovernmental Holdings","7639818"
"2026-04-22","Debt Not Subject to Limit","474"
"2026-04-22","Debt Not Subject to Limit","170932"
"2026-04-22","Debt Not Subject to Limit","4093"
"2026-04-22","Other Debt Subject to Limit","0"
"2026-04-22","Statutory Debt Limit","41103996"
"2026-04-21","Debt Held by the Public","31317297"
"2026-04-21","Intragovernmental Holdings","7661964"
"2026-04-21","Debt Not Subject to Limit","474"
"2026-04-21","Debt Not Subject to Limit","171614"
"2026-04-21","Debt Not Subject to Limit","4093"
"2026-04-21","Other Debt Subject to Limit","0"
"2026-04-21","Statutory Debt Limit","41103996"
"2026-04-20","Debt Held by the Public","31343959"
"2026-04-20","Intragovernmental Holdings","7648823"
"2026-04-20","Debt Not Subject to Limit","474"
"2026-04-20","Debt Not Subject to Limit","170815"
"2026-04-20","Debt Not Subject to Limit","4093"
"2026-04-20","Other Debt Subject to Limit","0"
"2026-04-20","Statutory Debt Limit","41103996"
"2026-04-17","Debt Held by the Public","31344221"
"2026-04-17","Intragovernmental Holdings","7635097"
"2026-04-17","Debt Not Subject to Limit","474"
"2026-04-17","Debt Not Subject to Limit","172867"
"2026-04-17","Debt Not Subject to Limit","4093"
"2026-04-17","Other Debt Subject to Limit","0"
"2026-04-17","Statutory Debt Limit","41103996"
"2026-04-16","Debt Held by the Public","31359379"
"2026-04-16","Intragovernmental Holdings","7626618"
"2026-04-16","Debt Not Subject to Limit","474"
"2026-04-16","Debt Not Subject to Limit","173551"
"2026-04-16","Debt Not Subject to Limit","4093"
"2026-04-16","Other Debt Subject to Limit","0"
"2026-04-16","Statutory Debt Limit","41103996"
"2026-04-15","Debt Held by the Public","31374528"
"2026-04-15","Intragovernmental Holdings","7613943"
"2026-04-15","Debt Not Subject to Limit","475"
"2026-04-15","Debt Not Subject to Limit","169750"
"2026-04-15","Debt Not Subject to Limit","4093"
"2026-04-15","Other Debt Subject to Limit","0"
"2026-04-15","Statutory Debt Limit","41103996"
"2026-04-14","Debt Held by the Public","31327077"
"2026-04-14","Intragovernmental Holdings","7606327"
"2026-04-14","Debt Not Subject to Limit","475"
"2026-04-14","Debt Not Subject to Limit","170436"
"2026-04-14","Debt Not Subject to Limit","4093"
"2026-04-14","Other Debt Subject to Limit","0"
"2026-04-14","Statutory Debt Limit","41103996"
"2026-04-13","Debt Held by the Public","31364173"
"2026-04-13","Intragovernmental Holdings","7590752"
"2026-04-13","Debt Not Subject to Limit","475"
"2026-04-13","Debt Not Subject to Limit","169650"
"2026-04-13","Debt Not Subject to Limit","4093"
"2026-04-13","Other Debt Subject to Limit","0"
"2026-04-13","Statutory Debt Limit","41103996"
"2026-04-10","Debt Held by the Public","31363211"
"2026-04-10","Intragovernmental Holdings","7583331"
"2026-04-10","Debt Not Subject to Limit","475"
"2026-04-10","Debt Not Subject to Limit","171721"
"2026-04-10","Debt Not Subject to Limit","4093"
"2026-04-10","Other Debt Subject to Limit","0"
"2026-04-10","Statutory Debt Limit","41103996"
"2026-04-09","Debt Held by the Public","31364680"
"2026-04-09","Intragovernmental Holdings","7578111"
"2026-04-09","Debt Not Subject to Limit","475"
"2026-04-09","Debt Not Subject to Limit","172411"
"2026-04-09","Debt Not Subject to Limit","4093"
"2026-04-09","Other Debt Subject to Limit","0"
"2026-04-09","Statutory Debt Limit","41103996"
"2026-04-08","Debt Held by the Public","31373299"
"2026-04-08","Intragovernmental Holdings","7576626"
"2026-04-08","Debt Not Subject to Limit","475"
"2026-04-08","Debt Not Subject to Limit","170398"
"2026-04-08","Debt Not Subject to Limit","4093"
"2026-04-08","Other Debt Subject to Limit","0"
"2026-04-08","Statutory Debt Limit","41103996"
"2026-04-07","Debt Held by the Public","31371921"
"2026-04-07","Intragovernmental Holdings","7598021"
"2026-04-07","Debt Not Subject to Limit","475"
"2026-04-07","Debt Not Subject to Limit","171089"
"2026-04-07","Debt Not Subject to Limit","4093"
"2026-04-07","Other Debt Subject to Limit","0"
"2026-04-07","Statutory Debt Limit","41103996"
"2026-04-06","Debt Held by the Public","31413834"
"2026-04-06","Intragovernmental Holdings","7580267"
"2026-04-06","Debt Not Subject to Limit","475"
"2026-04-06","Debt Not Subject to Limit","170305"
"2026-04-06","Debt Not Subject to Limit","4093"
"2026-04-06","Other Debt Subject to Limit","0"
"2026-04-06","Statutory Debt Limit","41103996"
"2026-04-03","Debt Held by the Public","31409492"
"2026-04-03","Intragovernmental Holdings","7572263"
"2026-04-03","Debt Not Subject to Limit","475"
"2026-04-03","Debt Not Subject to Limit","172391"
"2026-04-03","Debt Not Subject to Limit","4093"
"2026-04-03","Other Debt Subject to Limit","0"
"2026-04-03","Statutory Debt Limit","41103996"
"2026-04-02","Debt Held by the Public","31409363"
"2026-04-02","Intragovernmental Holdings","7590901"
"2026-04-02","Debt Not Subject to Limit","475"
"2026-04-02","Debt Not Subject to Limit","173087"
"2026-04-02","Debt Not Subject to Limit","4093"
"2026-04-02","Other Debt Subject to Limit","0"
"2026-04-02","Statutory Debt Limit","41103996"
"2026-04-01","Debt Held by the Public","31431329"
"2026-04-01","Intragovernmental Holdings","7584863"
"2026-04-01","Debt Not Subject to Limit","475"
"2026-04-01","Debt Not Subject to Limit","171103"
"2026-04-01","Debt Not Subject to Limit","4093"
"2026-04-01","Other Debt Subject to Limit","0"
"2026-04-01","Statutory Debt Limit","41103996"
"2026-03-31","Debt Held by the Public","31431182"
"2026-03-31","Intragovernmental Holdings","7634239"
"2026-03-31","Debt Not Subject to Limit","475"
"2026-03-31","Debt Not Subject to Limit","170747"
"2026-03-31","Debt Not Subject to Limit","4093"
"2026-03-31","Other Debt Subject to Limit","0"
"2026-03-31","Statutory Debt Limit","41103996"
"2026-03-30","Debt Held by the Public","31385929"
"2026-03-30","Intragovernmental Holdings","7637099"
"2026-03-30","Debt Not Subject to Limit","475"
"2026-03-30","Debt Not Subject to Limit","165771"
"2026-03-30","Debt Not Subject to Limit","4093"
"2026-03-30","Other Debt Subject to Limit","0"
"2026-03-30","Statutory Debt Limit","41103996"
"2026-03-27","Debt Held by the Public","31388493"
"2026-03-27","Intragovernmental Holdings","7627139"
"2026-03-27","Debt Not Subject to Limit","475"
"2026-03-27","Debt Not Subject to Limit","167871"
"2026-03-27","Debt Not Subject to Limit","4093"
"2026-03-27","Other Debt Subject to Limit","0"
"2026-03-27","Statutory Debt Limit","41103996"
"2026-03-26","Debt Held by the Public","31361116"
"2026-03-26","Intragovernmental Holdings","7629274"
"2026-03-26","Debt Not Subject to Limit","475"
"2026-03-26","Debt Not Subject to Limit","168571"
"2026-03-26","Debt Not Subject to Limit","4093"
"2026-03-26","Other Debt Subject to Limit","0"
"2026-03-26","Statutory Debt Limit","41103996"
"2026-03-25","Debt Held by the Public","31363230"
"2026-03-25","Intragovernmental Holdings","7627369"
"2026-03-25","Debt Not Subject to Limit","475"
"2026-03-25","Debt Not Subject to Limit","166574"
"2026-03-25","Debt Not Subject to Limit","4093"
"2026-03-25","Other Debt Subject to Limit","0"
"2026-03-25","Statutory Debt Limit","41103996"
"2026-03-24","Debt Held by the Public","31362014"
"2026-03-24","Intragovernmental Holdings","7637841"
"2026-03-24","Debt Not Subject to Limit","475"
"2026-03-24","Debt Not Subject to Limit","167275"
"2026-03-24","Debt Not Subject to Limit","4093"
"2026-03-24","Other Debt Subject to Limit","0"
"2026-03-24","Statutory Debt Limit","41103996"
"2026-03-23","Debt Held by the Public","31385567"
"2026-03-23","Intragovernmental Holdings","7621379"
"2026-03-23","Debt Not Subject to Limit","475"
"2026-03-23","Debt Not Subject to Limit","166410"
"2026-03-23","Debt Not Subject to Limit","4093"
"2026-03-23","Other Debt Subject to Limit","0"
"2026-03-23","Statutory Debt Limit","41103996"
"2026-03-20","Debt Held by the Public","31384605"
"2026-03-20","Intragovernmental Holdings","7617466"
"2026-03-20","Debt Not Subject to Limit","475"
"2026-03-20","Debt Not Subject to Limit","168519"
"2026-03-20","Debt Not Subject to Limit","4093"
"2026-03-20","Other Debt Subject to Limit","0"
"2026-03-20","Statutory Debt Limit","41103996"
"2026-03-19","Debt Held by the Public","31385414"
"2026-03-19","Intragovernmental Holdings","7616851"
"2026-03-19","Debt Not Subject to Limit","475"
"2026-03-19","Debt Not Subject to Limit","169223"
"2026-03-19","Debt Not Subject to Limit","4093"
"2026-03-19","Other Debt Subject to Limit","0"
"2026-03-19","Statutory Debt Limit","41103996"
"2026-03-18","Debt Held by the Public","31364648"
"2026-03-18","Intragovernmental Holdings","7612180"
"2026-03-18","Debt Not Subject to Limit","475"
"2026-03-18","Debt Not Subject to Limit","165254"
"2026-03-18","Debt Not Subject to Limit","4093"
"2026-03-18","Other Debt Subject to Limit","0"
"2026-03-18","Statutory Debt Limit","41103996"
"2026-03-17","Debt Held by the Public","31379707"
"2026-03-17","Intragovernmental Holdings","7637056"
"2026-03-17","Debt Not Subject to Limit","475"
"2026-03-17","Debt Not Subject to Limit","165956"
"2026-03-17","Debt Not Subject to Limit","4093"
"2026-03-17","Other Debt Subject to Limit","0"
"2026-03-17","Statutory Debt Limit","41103996"
"2026-03-16","Debt Held by the Public","31381345"
"2026-03-16","Intragovernmental Holdings","7610842"
"2026-03-16","Debt Not Subject to Limit","475"
"2026-03-16","Debt Not Subject to Limit","165035"
"2026-03-16","Debt Not Subject to Limit","4093"
"2026-03-16","Other Debt Subject to Limit","0"
"2026-03-16","Statutory Debt Limit","41103996"
"2026-03-13","Debt Held by the Public","31300165"
"2026-03-13","Intragovernmental Holdings","7602472"
"2026-03-13","Debt Not Subject to Limit","475"
"2026-03-13","Debt Not Subject to Limit","167143"
"2026-03-13","Debt Not Subject to Limit","4093"
"2026-03-13","Other Debt Subject to Limit","0"
"2026-03-13","Statutory Debt Limit","41103996"
"2026-03-12","Debt Held by the Public","31300175"
"2026-03-12","Intragovernmental Holdings","7600704"
"2026-03-12","Debt Not Subject to Limit","475"
"2026-03-12","Debt Not Subject to Limit","167845"
"2026-03-12","Debt Not Subject to Limit","4093"
"2026-03-12","Other Debt Subject to Limit","0"
"2026-03-12","Statutory Debt Limit","41103996"
"2026-03-11","Debt Held by the Public","31285946"
"2026-03-11","Intragovernmental Holdings","7596476"
"2026-03-11","Debt Not Subject to Limit","475"
"2026-03-11","Debt Not Subject to Limit","165832"
"2026-03-11","Debt Not Subject to Limit","4093"
"2026-03-11","Other Debt Subject to Limit","0"
"2026-03-11","Statutory Debt Limit","41103996"
"2026-03-10","Debt Held by the Public","31298791"
"2026-03-10","Intragovernmental Holdings","7620071"
"2026-03-10","Debt Not Subject to Limit","475"
"2026-03-10","Debt Not Subject to Limit","166534"
"2026-03-10","Debt Not Subject to Limit","4093"
"2026-03-10","Other Debt Subject to Limit","0"
"2026-03-10","Statutory Debt Limit","41103996"
"2026-03-09","Debt Held by the Public","31280623"
"2026-03-09","Intragovernmental Holdings","7602178"
"2026-03-09","Debt Not Subject to Limit","475"
"2026-03-09","Debt Not Subject to Limit","165577"
"2026-03-09","Debt Not Subject to Limit","4093"
"2026-03-09","Other Debt Subject to Limit","0"
"2026-03-09","Statutory Debt Limit","41103996"
"2026-03-06","Debt Held by the Public","31280012"
"2026-03-06","Intragovernmental Holdings","7589806"
"2026-03-06","Debt Not Subject to Limit","475"
"2026-03-06","Debt Not Subject to Limit","167679"
"2026-03-06","Debt Not Subject to Limit","4093"
"2026-03-06","Other Debt Subject to Limit","0"
"2026-03-06","Statutory Debt Limit","41103996"
"2026-03-05","Debt Held by the Public","31281694"
"2026-03-05","Intragovernmental Holdings","7591836"
"2026-03-05","Debt Not Subject to Limit","475"
"2026-03-05","Debt Not Subject to Limit","168380"
"2026-03-05","Debt Not Subject to Limit","4093"
"2026-03-05","Other Debt Subject to Limit","0"
"2026-03-05","Statutory Debt Limit","41103996"
"2026-03-04","Debt Held by the Public","31271272"
"2026-03-04","Intragovernmental Holdings","7586399"
"2026-03-04","Debt Not Subject to Limit","475"
"2026-03-04","Debt Not Subject to Limit","166423"
"2026-03-04","Debt Not Subject to Limit","4093"
"2026-03-04","Other Debt Subject to Limit","0"
"2026-03-04","Statutory Debt Limit","41103996"
"2026-03-03","Debt Held by the Public","31268820"
"2026-03-03","Intragovernmental Holdings","7584532"
"2026-03-03","Debt Not Subject to Limit","475"
"2026-03-03","Debt Not Subject to Limit","167124"
"2026-03-03","Debt Not Subject to Limit","4093"
"2026-03-03","Other Debt Subject to Limit","0"
"2026-03-03","Statutory Debt Limit","41103996"
"2026-03-02","Debt Held by the Public","31244383"
"2026-03-02","Intragovernmental Holdings","7580081"
"2026-03-02","Debt Not Subject to Limit","475"
"2026-03-02","Debt Not Subject to Limit","166142"
"2026-03-02","Debt Not Subject to Limit","4093"
"2026-03-02","Other Debt Subject to Limit","0"
"2026-03-02","Statutory Debt Limit","41103996"
"2026-02-27","Debt Held by the Public","31186965"
"2026-02-27","Intragovernmental Holdings","7582841"
"2026-02-27","Debt Not Subject to Limit","475"
"2026-02-27","Debt Not Subject to Limit","167539"
"2026-02-27","Debt Not Subject to Limit","4093"
"2026-02-27","Other Debt Subject to Limit","0"
"2026-02-27","Statutory Debt Limit","41103996"
"2026-02-26","Debt Held by the Public","31149029"
"2026-02-26","Intragovernmental Holdings","7640563"
"2026-02-26","Debt Not Subject to Limit","475"
"2026-02-26","Debt Not Subject to Limit","172251"
"2026-02-26","Debt Not Subject to Limit","4093"
"2026-02-26","Other Debt Subject to Limit","0"
"2026-02-26","Statutory Debt Limit","41103996"
"2026-02-25","Debt Held by the Public","31126463"
"2026-02-25","Intragovernmental Holdings","7638419"
"2026-02-25","Debt Not Subject to Limit","475"
"2026-02-25","Debt Not Subject to Limit","170291"
"2026-02-25","Debt Not Subject to Limit","4093"
"2026-02-25","Other Debt Subject to Limit","0"
"2026-02-25","Statutory Debt Limit","41103996"
"2026-02-24","Debt Held by the Public","31129400"
"2026-02-24","Intragovernmental Holdings","7658382"
"2026-02-24","Debt Not Subject to Limit","475"
"2026-02-24","Debt Not Subject to Limit","170988"
"2026-02-24","Debt Not Subject to Limit","4093"
"2026-02-24","Other Debt Subject to Limit","0"
"2026-02-24","Statutory Debt Limit","41103996"
"2026-02-23","Debt Held by the Public","31113462"
"2026-02-23","Intragovernmental Holdings","7644610"
"2026-02-23","Debt Not Subject to Limit","475"
"2026-02-23","Debt Not Subject to Limit","170027"
"2026-02-23","Debt Not Subject to Limit","4093"
"2026-02-23","Other Debt Subject to Limit","0"
"2026-02-23","Statutory Debt Limit","41103996"
"2026-02-20","Debt Held by the Public","31113584"
"2026-02-20","Intragovernmental Holdings","7635436"
"2026-02-20","Debt Not Subject to Limit","475"
"2026-02-20","Debt Not Subject to Limit","172116"
"2026-02-20","Debt Not Subject to Limit","4093"
"2026-02-20","Other Debt Subject to Limit","0"
"2026-02-20","Statutory Debt Limit","41103996"
"2026-02-19","Debt Held by the Public","31112550"
"2026-02-19","Intragovernmental Holdings","7631028"
"2026-02-19","Debt Not Subject to Limit","475"
"2026-02-19","Debt Not Subject to Limit","172812"
"2026-02-19","Debt Not Subject to Limit","4093"
"2026-02-19","Other Debt Subject to Limit","0"
"2026-02-19","Statutory Debt Limit","41103996"
"2026-02-18","Debt Held by the Public","31088483"
"2026-02-18","Intragovernmental Holdings","7629004"
"2026-02-18","Debt Not Subject to Limit","475"
"2026-02-18","Debt Not Subject to Limit","169068"
"2026-02-18","Debt Not Subject to Limit","4093"
"2026-02-18","Other Debt Subject to Limit","0"
"2026-02-18","Statutory Debt Limit","41103996"
"2026-02-17","Debt Held by the Public","31087884"
"2026-02-17","Intragovernmental Holdings","7632443"
"2026-02-17","Debt Not Subject to Limit","475"
"2026-02-17","Debt Not Subject to Limit","169764"
"2026-02-17","Debt Not Subject to Limit","4093"
"2026-02-17","Other Debt Subject to Limit","0"
"2026-02-17","Statutory Debt Limit","41103996"
"2026-02-13","Debt Held by the Public","31031921"
"2026-02-13","Intragovernmental Holdings","7615434"
"2026-02-13","Debt Not Subject to Limit","475"
"2026-02-13","Debt Not Subject to Limit","169911"
"2026-02-13","Debt Not Subject to Limit","4093"
"2026-02-13","Other Debt Subject to Limit","0"
"2026-02-13","Statutory Debt Limit","41103996"
"2026-02-12","Debt Held by the Public","31032365"
"2026-02-12","Intragovernmental Holdings","7615391"
"2026-02-12","Debt Not Subject to Limit","475"
"2026-02-12","Debt Not Subject to Limit","170605"
"2026-02-12","Debt Not Subject to Limit","4093"
"2026-02-12","Other Debt Subject to Limit","0"
"2026-02-12","Statutory Debt Limit","41103996"
"2026-02-11","Debt Held by the Public","31009199"
"2026-02-11","Intragovernmental Holdings","7611574"
"2026-02-11","Debt Not Subject to Limit","475"
"2026-02-11","Debt Not Subject to Limit","168594"
"2026-02-11","Debt Not Subject to Limit","4093"
"2026-02-11","Other Debt Subject to Limit","0"
"2026-02-11","Statutory Debt Limit","41103996"
"2026-02-10","Debt Held by the Public","31010831"
"2026-02-10","Intragovernmental Holdings","7634899"
"2026-02-10","Debt Not Subject to Limit","475"
"2026-02-10","Debt Not Subject to Limit","169287"
"2026-02-10","Debt Not Subject to Limit","4093"
"2026-02-10","Other Debt Subject to Limit","0"
"2026-02-10","Statutory Debt Limit","41103996"
"2026-02-09","Debt Held by the Public","30969106"
"2026-02-09","Intragovernmental Holdings","7624101"
"2026-02-09","Debt Not Subject to Limit","475"
"2026-02-09","Debt Not Subject to Limit","168318"
"2026-02-09","Debt Not Subject to Limit","4093"
"2026-02-09","Other Debt Subject to Limit","0"
"2026-02-09","Statutory Debt Limit","41103996"
"2026-02-06","Debt Held by the Public","30969650"
"2026-02-06","Intragovernmental Holdings","7618897"
"2026-02-06","Debt Not Subject to Limit","475"
"2026-02-06","Debt Not Subject to Limit","170384"
"2026-02-06","Debt Not Subject to Limit","4093"
"2026-02-06","Other Debt Subject to Limit","0"
"2026-02-06","Statutory Debt Limit","41103996"
"2026-02-05","Debt Held by the Public","30974189"
"2026-02-05","Intragovernmental Holdings","7613428"
"2026-02-05","Debt Not Subject to Limit","475"
"2026-02-05","Debt Not Subject to Limit","171073"
"2026-02-05","Debt Not Subject to Limit","4093"
"2026-02-05","Other Debt Subject to Limit","0"
"2026-02-05","Statutory Debt Limit","41103996"
"2026-02-04","Debt Held by the Public","30956315"
"2026-02-04","Intragovernmental Holdings","7608198"
"2026-02-04","Debt Not Subject to Limit","475"
"2026-02-04","Debt Not Subject to Limit","169080"
"2026-02-04","Debt Not Subject to Limit","4093"
"2026-02-04","Other Debt Subject to Limit","0"
"2026-02-04","Statutory Debt Limit","41103996"
"2026-02-03","Debt Held by the Public","30957185"
"2026-02-03","Intragovernmental Holdings","7607093"
"2026-02-03","Debt Not Subject to Limit","475"
"2026-02-03","Debt Not Subject to Limit","169768"
"2026-02-03","Debt Not Subject to Limit","4093"
"2026-02-03","Other Debt Subject to Limit","0"
"2026-02-03","Statutory Debt Limit","41103996"
"2026-02-02","Debt Held by the Public","30915427"
"2026-02-02","Intragovernmental Holdings","7600224"
"2026-02-02","Debt Not Subject to Limit","475"
"2026-02-02","Debt Not Subject to Limit","168793"
"2026-02-02","Debt Not Subject to Limit","4093"
"2026-02-02","Other Debt Subject to Limit","0"
"2026-02-02","Statutory Debt Limit","41103996"
"2026-01-30","Debt Held by the Public","30919123"
"2026-01-30","Intragovernmental Holdings","7602245"
"2026-01-30","Debt Not Subject to Limit","475"
"2026-01-30","Debt Not Subject to Limit","170161"
"2026-01-30","Debt Not Subject to Limit","4093"
"2026-01-30","Other Debt Subject to Limit","0"
"2026-01-30","Statutory Debt Limit","41103996"
"2026-01-29","Debt Held by the Public","30898303"
"2026-01-29","Intragovernmental Holdings","7670198"
"2026-01-29","Debt Not Subject to Limit","475"
"2026-01-29","Debt Not Subject to Limit","170826"
"2026-01-29","Debt Not Subject to Limit","4093"
"2026-01-29","Other Debt Subject to Limit","0"
"2026-01-29","Statutory Debt Limit","41103996"
"2026-01-28","Debt Held by the Public","30876618"
"2026-01-28","Intragovernmental Holdings","7665925"
"2026-01-28","Debt Not Subject to Limit","475"
"2026-01-28","Debt Not Subject to Limit","168831"
"2026-01-28","Debt Not Subject to Limit","4093"
"2026-01-28","Other Debt Subject to Limit","0"
"2026-01-28","Statutory Debt Limit","41103996"
"2026-01-27","Debt Held by the Public","30878428"
"2026-01-27","Intragovernmental Holdings","7688686"
"2026-01-27","Debt Not Subject to Limit","475"
"2026-01-27","Debt Not Subject to Limit","169515"
"2026-01-27","Debt Not Subject to Limit","4093"
"2026-01-27","Other Debt Subject to Limit","0"
"2026-01-27","Statutory Debt Limit","41103996"
"2026-01-26","Debt Held by the Public","30839470"
"2026-01-26","Intragovernmental Holdings","7674054"
"2026-01-26","Debt Not Subject to Limit","475"
"2026-01-26","Debt Not Subject to Limit","168541"
"2026-01-26","Debt Not Subject to Limit","4093"
"2026-01-26","Other Debt Subject to Limit","0"
"2026-01-26","Statutory Debt Limit","41103996"
"2026-01-23","Debt Held by the Public","30839033"
"2026-01-23","Intragovernmental Holdings","7651987"
"2026-01-23","Debt Not Subject to Limit","475"
"2026-01-23","Debt Not Subject to Limit","170581"
"2026-01-23","Debt Not Subject to Limit","4093"
"2026-01-23","Other Debt Subject to Limit","0"
"2026-01-23","Statutory Debt Limit","41103996"
"2026-01-22","Debt Held by the Public","30841780"
"2026-01-22","Intragovernmental Holdings","7649018"
"2026-01-22","Debt Not Subject to Limit","475"
"2026-01-22","Debt Not Subject to Limit","171261"
"2026-01-22","Debt Not Subject to Limit","4093"
"2026-01-22","Other Debt Subject to Limit","0"
"2026-01-22","Statutory Debt Limit","41103996"
"2026-01-21","Debt Held by the Public","30825456"
"2026-01-21","Intragovernmental Holdings","7647920"
"2026-01-21","Debt Not Subject to Limit","475"
"2026-01-21","Debt Not Subject to Limit","167506"
"2026-01-21","Debt Not Subject to Limit","4093"
"2026-01-21","Other Debt Subject to Limit","0"
"2026-01-21","Statutory Debt Limit","41103996"
"2026-01-20","Debt Held by the Public","30824260"
"2026-01-20","Intragovernmental Holdings","7660445"
"2026-01-20","Debt Not Subject to Limit","475"
"2026-01-20","Debt Not Subject to Limit","168187"
"2026-01-20","Debt Not Subject to Limit","4093"
"2026-01-20","Other Debt Subject to Limit","0"
"2026-01-20","Statutory Debt Limit","41103996"
"2026-01-16","Debt Held by the Public","30811998"
"2026-01-16","Intragovernmental Holdings","7648242"
"2026-01-16","Debt Not Subject to Limit","475"
"2026-01-16","Debt Not Subject to Limit","169322"
"2026-01-16","Debt Not Subject to Limit","4093"
"2026-01-16","Other Debt Subject to Limit","0"
"2026-01-16","Statutory Debt Limit","41103996"
"2026-01-15","Debt Held by the Public","30811930"
"2026-01-15","Intragovernmental Holdings","7641179"
"2026-01-15","Debt Not Subject to Limit","475"
"2026-01-15","Debt Not Subject to Limit","170003"
"2026-01-15","Debt Not Subject to Limit","4093"
"2026-01-15","Other Debt Subject to Limit","0"
"2026-01-15","Statutory Debt Limit","41103996"
"2026-01-14","Debt Held by the Public","30787151"
"2026-01-14","Intragovernmental Holdings","7608911"
"2026-01-14","Debt Not Subject to Limit","475"
"2026-01-14","Debt Not Subject to Limit","168157"
"2026-01-14","Debt Not Subject to Limit","4093"
"2026-01-14","Other Debt Subject to Limit","0"
"2026-01-14","Statutory Debt Limit","41103996"
"2026-01-13","Debt Held by the Public","30786666"
"2026-01-13","Intragovernmental Holdings","7647187"
"2026-01-13","Debt Not Subject to Limit","475"
"2026-01-13","Debt Not Subject to Limit","168839"
"2026-01-13","Debt Not Subject to Limit","4093"
"2026-01-13","Other Debt Subject to Limit","0"
"2026-01-13","Statutory Debt Limit","41103996"
"2026-01-12","Debt Held by the Public","30802877"
"2026-01-12","Intragovernmental Holdings","7634824"
"2026-01-12","Debt Not Subject to Limit","475"
"2026-01-12","Debt Not Subject to Limit","168058"
"2026-01-12","Debt Not Subject to Limit","4093"
"2026-01-12","Other Debt Subject to Limit","0"
"2026-01-12","Statutory Debt Limit","41103996"
"2026-01-09","Debt Held by the Public","30803873"
"2026-01-09","Intragovernmental Holdings","7629457"
"2026-01-09","Debt Not Subject to Limit","475"
"2026-01-09","Debt Not Subject to Limit","170114"
"2026-01-09","Debt Not Subject to Limit","4093"
"2026-01-09","Other Debt Subject to Limit","0"
"2026-01-09","Statutory Debt Limit","41103996"
"2026-01-08","Debt Held by the Public","30806172"
"2026-01-08","Intragovernmental Holdings","7626415"
"2026-01-08","Debt Not Subject to Limit","475"
"2026-01-08","Debt Not Subject to Limit","170800"
"2026-01-08","Debt Not Subject to Limit","4093"
"2026-01-08","Other Debt Subject to Limit","0"
"2026-01-08","Statutory Debt Limit","41103996"
"2026-01-07","Debt Held by the Public","30810026"
"2026-01-07","Intragovernmental Holdings","7622262"
"2026-01-07","Debt Not Subject to Limit","475"
"2026-01-07","Debt Not Subject to Limit","168929"
"2026-01-07","Debt Not Subject to Limit","4093"
"2026-01-07","Other Debt Subject to Limit","0"
"2026-01-07","Statutory Debt Limit","41103996"
"2026-01-06","Debt Held by the Public","30809022"
"2026-01-06","Intragovernmental Holdings","7621388"
"2026-01-06","Debt Not Subject to Limit","475"
"2026-01-06","Debt Not Subject to Limit","169618"
"2026-01-06","Debt Not Subject to Limit","4093"
"2026-01-06","Other Debt Subject to Limit","0"
"2026-01-06","Statutory Debt Limit","41103996"
"2026-01-05","Debt Held by the Public","30829628"
"2026-01-05","Intragovernmental Holdings","7611460"
"2026-01-05","Debt Not Subject to Limit","475"
"2026-01-05","Debt Not Subject to Limit","168829"
"2026-01-05","Debt Not Subject to Limit","4093"
"2026-01-05","Other Debt Subject to Limit","0"
"2026-01-05","Statutory Debt Limit","41103996"
"2026-01-02","Debt Held by the Public","30830899"
"2026-01-02","Intragovernmental Holdings","7591920"
"2026-01-02","Debt Not Subject to Limit","475"
"2026-01-02","Debt Not Subject to Limit","170907"
"2026-01-02","Debt Not Subject to Limit","4093"
"2026-01-02","Other Debt Subject to Limit","0"
"2026-01-02","Statutory Debt Limit","41103996"
"2025-12-31","Debt Held by the Public","30846717"
"2025-12-31","Intragovernmental Holdings","7667293"
"2025-12-31","Debt Not Subject to Limit","475"
"2025-12-31","Debt Not Subject to Limit","168724"
"2025-12-31","Debt Not Subject to Limit","4093"
"2025-12-31","Other Debt Subject to Limit","0"
"2025-12-31","Statutory Debt Limit","41103996"
"2025-12-30","Debt Held by the Public","30758837"
"2025-12-30","Intragovernmental Holdings","7613317"
"2025-12-30","Debt Not Subject to Limit","475"
"2025-12-30","Debt Not Subject to Limit","167131"
"2025-12-30","Debt Not Subject to Limit","4093"
"2025-12-30","Other Debt Subject to Limit","0"
"2025-12-30","Statutory Debt Limit","41103996"
"2025-12-29","Debt Held by the Public","30788927"
"2025-12-29","Intragovernmental Holdings","7597457"
"2025-12-29","Debt Not Subject to Limit","475"
"2025-12-29","Debt Not Subject to Limit","166348"
"2025-12-29","Debt Not Subject to Limit","4093"
"2025-12-29","Other Debt Subject to Limit","0"
"2025-12-29","Statutory Debt Limit","41103996"
"2025-12-26","Debt Held by the Public","30789162"
"2025-12-26","Intragovernmental Holdings","7591374"
"2025-12-26","Debt Not Subject to Limit","475"
"2025-12-26","Debt Not Subject to Limit","168454"
"2025-12-26","Debt Not Subject to Limit","4093"
"2025-12-26","Other Debt Subject to Limit","0"
"2025-12-26","Statutory Debt Limit","41103996"
"2025-12-24","Debt Held by the Public","30767153"
"2025-12-24","Intragovernmental Holdings","7585694"
"2025-12-24","Debt Not Subject to Limit","475"
"2025-12-24","Debt Not Subject to Limit","165552"
"2025-12-24","Debt Not Subject to Limit","4093"
"2025-12-24","Other Debt Subject to Limit","0"
"2025-12-24","Statutory Debt Limit","41103996"
"2025-12-23","Debt Held by the Public","30765541"
"2025-12-23","Intragovernmental Holdings","7609809"
"2025-12-23","Debt Not Subject to Limit","475"
"2025-12-23","Debt Not Subject to Limit","166258"
"2025-12-23","Debt Not Subject to Limit","4093"
"2025-12-23","Other Debt Subject to Limit","0"
"2025-12-23","Statutory Debt Limit","41103996"
"2025-12-22","Debt Held by the Public","30804343"
"2025-12-22","Intragovernmental Holdings","7574070"
"2025-12-22","Debt Not Subject to Limit","475"
"2025-12-22","Debt Not Subject to Limit","165490"
"2025-12-22","Debt Not Subject to Limit","4093"
"2025-12-22","Other Debt Subject to Limit","0"
"2025-12-22","Statutory Debt Limit","41103996"
"2025-12-19","Debt Held by the Public","30804984"
"2025-12-19","Intragovernmental Holdings","7567886"
"2025-12-19","Debt Not Subject to Limit","475"
"2025-12-19","Debt Not Subject to Limit","167629"
"2025-12-19","Debt Not Subject to Limit","4093"
"2025-12-19","Other Debt Subject to Limit","0"
"2025-12-19","Statutory Debt Limit","41103996"
"2025-12-18","Debt Held by the Public","30807754"
"2025-12-18","Intragovernmental Holdings","7567617"
"2025-12-18","Debt Not Subject to Limit","475"
"2025-12-18","Debt Not Subject to Limit","168341"
"2025-12-18","Debt Not Subject to Limit","4093"
"2025-12-18","Other Debt Subject to Limit","0"
"2025-12-18","Statutory Debt Limit","41103996"
"2025-12-17","Debt Held by the Public","30816953"
"2025-12-17","Intragovernmental Holdings","7562044"
"2025-12-17","Debt Not Subject to Limit","475"
"2025-12-17","Debt Not Subject to Limit","166520"
"2025-12-17","Debt Not Subject to Limit","4093"
"2025-12-17","Other Debt Subject to Limit","0"
"2025-12-17","Statutory Debt Limit","41103996"
"2025-12-16","Debt Held by the Public","30816835"
"2025-12-16","Intragovernmental Holdings","7579345"
"2025-12-16","Debt Not Subject to Limit","475"
"2025-12-16","Debt Not Subject to Limit","167236"
"2025-12-16","Debt Not Subject to Limit","4093"
"2025-12-16","Other Debt Subject to Limit","0"
"2025-12-16","Statutory Debt Limit","41103996"
"2025-12-15","Debt Held by the Public","30852855"
"2025-12-15","Intragovernmental Holdings","7566525"
"2025-12-15","Debt Not Subject to Limit","475"
"2025-12-15","Debt Not Subject to Limit","166443"
"2025-12-15","Debt Not Subject to Limit","4093"
"2025-12-15","Other Debt Subject to Limit","0"
"2025-12-15","Statutory Debt Limit","41103996"
"2025-12-12","Debt Held by the Public","30774528"
"2025-12-12","Intragovernmental Holdings","7565013"
"2025-12-12","Debt Not Subject to Limit","475"
"2025-12-12","Debt Not Subject to Limit","168611"
"2025-12-12","Debt Not Subject to Limit","4093"
"2025-12-12","Other Debt Subject to Limit","0"
"2025-12-12","Statutory Debt Limit","41103996"
"2025-12-11","Debt Held by the Public","30787373"
"2025-12-11","Intragovernmental Holdings","7562422"
"2025-12-11","Debt Not Subject to Limit","475"
"2025-12-11","Debt Not Subject to Limit","169334"
"2025-12-11","Debt Not Subject to Limit","4093"
"2025-12-11","Other Debt Subject to Limit","0"
"2025-12-11","Statutory Debt Limit","41103996"
"2025-12-10","Debt Held by the Public","30793542"
"2025-12-10","Intragovernmental Holdings","7558658"
"2025-12-10","Debt Not Subject to Limit","475"
"2025-12-10","Debt Not Subject to Limit","167445"
"2025-12-10","Debt Not Subject to Limit","4093"
"2025-12-10","Other Debt Subject to Limit","0"
"2025-12-10","Statutory Debt Limit","41103996"
"2025-12-09","Debt Held by the Public","30793663"
"2025-12-09","Intragovernmental Holdings","7583447"
"2025-12-09","Debt Not Subject to Limit","475"
"2025-12-09","Debt Not Subject to Limit","168171"
"2025-12-09","Debt Not Subject to Limit","4093"
"2025-12-09","Other Debt Subject to Limit","0"
"2025-12-09","Statutory Debt Limit","41103996"
"2025-12-08","Debt Held by the Public","30822914"
"2025-12-08","Intragovernmental Holdings","7573043"
"2025-12-08","Debt Not Subject to Limit","475"
"2025-12-08","Debt Not Subject to Limit","167364"
"2025-12-08","Debt Not Subject to Limit","4093"
"2025-12-08","Other Debt Subject to Limit","0"
"2025-12-08","Statutory Debt Limit","41103996"
"2025-12-05","Debt Held by the Public","30822519"
"2025-12-05","Intragovernmental Holdings","7568014"
"2025-12-05","Debt Not Subject to Limit","475"
"2025-12-05","Debt Not Subject to Limit","169558"
"2025-12-05","Debt Not Subject to Limit","4093"
"2025-12-05","Other Debt Subject to Limit","0"
"2025-12-05","Statutory Debt Limit","41103996"
"2025-12-04","Debt Held by the Public","30824381"
"2025-12-04","Intragovernmental Holdings","7564988"
"2025-12-04","Debt Not Subject to Limit","475"
"2025-12-04","Debt Not Subject to Limit","170289"
"2025-12-04","Debt Not Subject to Limit","4093"
"2025-12-04","Other Debt Subject to Limit","0"
"2025-12-04","Statutory Debt Limit","41103996"
"2025-12-03","Debt Held by the Public","30843637"
"2025-12-03","Intragovernmental Holdings","7559895"
"2025-12-03","Debt Not Subject to Limit","475"
"2025-12-03","Debt Not Subject to Limit","168406"
"2025-12-03","Debt Not Subject to Limit","4093"
"2025-12-03","Other Debt Subject to Limit","0"
"2025-12-03","Statutory Debt Limit","41103996"
"2025-12-02","Debt Held by the Public","30843863"
"2025-12-02","Intragovernmental Holdings","7579902"
"2025-12-02","Debt Not Subject to Limit","475"
"2025-12-02","Debt Not Subject to Limit","169141"
"2025-12-02","Debt Not Subject to Limit","4093"
"2025-12-02","Other Debt Subject to Limit","0"
"2025-12-02","Statutory Debt Limit","41103996"
"2025-12-01","Debt Held by the Public","30853068"
"2025-12-01","Intragovernmental Holdings","7572605"
"2025-12-01","Debt Not Subject to Limit","475"
"2025-12-01","Debt Not Subject to Limit","168208"
"2025-12-01","Debt Not Subject to Limit","4093"
"2025-12-01","Other Debt Subject to Limit","0"
"2025-12-01","Statutory Debt Limit","41103996"
"2025-11-28","Debt Held by the Public","30774117"
"2025-11-28","Intragovernmental Holdings","7622094"
"2025-11-28","Debt Not Subject to Limit","475"
"2025-11-28","Debt Not Subject to Limit","168945"
"2025-11-28","Debt Not Subject to Limit","4093"
"2025-11-28","Other Debt Subject to Limit","0"
"2025-11-28","Statutory Debt Limit","41103996"
"2025-11-26","Debt Held by the Public","30720878"
"2025-11-26","Intragovernmental Holdings","7614390"
"2025-11-26","Debt Not Subject to Limit","475"
"2025-11-26","Debt Not Subject to Limit","168463"
"2025-11-26","Debt Not Subject to Limit","4093"
"2025-11-26","Other Debt Subject to Limit","0"
"2025-11-26","Statutory Debt Limit","41103996"
"2025-11-25","Debt Held by the Public","30722912"
"2025-11-25","Intragovernmental Holdings","7637930"
"2025-11-25","Debt Not Subject to Limit","475"
"2025-11-25","Debt Not Subject to Limit","169203"
"2025-11-25","Debt Not Subject to Limit","4093"
"2025-11-25","Other Debt Subject to Limit","0"
"2025-11-25","Statutory Debt Limit","41103996"
"2025-11-24","Debt Held by the Public","30706241"
"2025-11-24","Intragovernmental Holdings","7630050"
"2025-11-24","Debt Not Subject to Limit","475"
"2025-11-24","Debt Not Subject to Limit","168181"
"2025-11-24","Debt Not Subject to Limit","4093"
"2025-11-24","Other Debt Subject to Limit","0"
"2025-11-24","Statutory Debt Limit","41103996"
"2025-11-21","Debt Held by the Public","30706639"
"2025-11-21","Intragovernmental Holdings","7626891"
"2025-11-21","Debt Not Subject to Limit","475"
"2025-11-21","Debt Not Subject to Limit","170399"
"2025-11-21","Debt Not Subject to Limit","4093"
"2025-11-21","Other Debt Subject to Limit","0"
"2025-11-21","Statutory Debt Limit","41103996"
"2025-11-20","Debt Held by the Public","30707975"
"2025-11-20","Intragovernmental Holdings","7618992"
"2025-11-20","Debt Not Subject to Limit","475"
"2025-11-20","Debt Not Subject to Limit","171139"
"2025-11-20","Debt Not Subject to Limit","4093"
"2025-11-20","Other Debt Subject to Limit","0"
"2025-11-20","Statutory Debt Limit","41103996"
"2025-11-19","Debt Held by the Public","30687812"
"2025-11-19","Intragovernmental Holdings","7611561"
"2025-11-19","Debt Not Subject to Limit","475"
"2025-11-19","Debt Not Subject to Limit","169041"
"2025-11-19","Debt Not Subject to Limit","4093"
"2025-11-19","Other Debt Subject to Limit","0"
"2025-11-19","Statutory Debt Limit","41103996"
"2025-11-18","Debt Held by the Public","30690574"
"2025-11-18","Intragovernmental Holdings","7574781"
"2025-11-18","Debt Not Subject to Limit","475"
"2025-11-18","Debt Not Subject to Limit","107003"
"2025-11-18","Debt Not Subject to Limit","4093"
"2025-11-18","Other Debt Subject to Limit","0"
"2025-11-18","Statutory Debt Limit","41103996"
"2025-11-17","Debt Held by the Public","30675160"
"2025-11-17","Intragovernmental Holdings","7506025"
"2025-11-17","Debt Not Subject to Limit","475"
"2025-11-17","Debt Not Subject to Limit","105980"
"2025-11-17","Debt Not Subject to Limit","4093"
"2025-11-17","Other Debt Subject to Limit","0"
"2025-11-17","Statutory Debt Limit","41103996"
"2025-11-14","Debt Held by the Public","30654607"
"2025-11-14","Intragovernmental Holdings","7499125"
"2025-11-14","Debt Not Subject to Limit","475"
"2025-11-14","Debt Not Subject to Limit","107431"
"2025-11-14","Debt Not Subject to Limit","4093"
"2025-11-14","Other Debt Subject to Limit","0"
"2025-11-14","Statutory Debt Limit","41103996"
"2025-11-13","Debt Held by the Public","30653919"
"2025-11-13","Intragovernmental Holdings","7496797"
"2025-11-13","Debt Not Subject to Limit","475"
"2025-11-13","Debt Not Subject to Limit","108168"
"2025-11-13","Debt Not Subject to Limit","4093"
"2025-11-13","Other Debt Subject to Limit","0"
"2025-11-13","Statutory Debt Limit","41103996"
"2025-11-12","Statutory Debt Limit","41103996"
"2025-11-12","Debt Held by the Public","30629115"
"2025-11-12","Intragovernmental Holdings","7492102"
"2025-11-12","Debt Not Subject to Limit","475"
"2025-11-12","Debt Not Subject to Limit","106033"
"2025-11-12","Debt Not Subject to Limit","4093"
"2025-11-12","Other Debt Subject to Limit","0"
"2025-11-10","Debt Held by the Public","30613347"
"2025-11-10","Intragovernmental Holdings","7512385"
"2025-11-10","Debt Not Subject to Limit","475"
"2025-11-10","Debt Not Subject to Limit","105776"
"2025-11-10","Debt Not Subject to Limit","4093"
"2025-11-10","Other Debt Subject to Limit","0"
"2025-11-10","Statutory Debt Limit","41103996"
"2025-11-07","Debt Held by the Public","30611509"
"2025-11-07","Intragovernmental Holdings","7505716"
"2025-11-07","Debt Not Subject to Limit","475"
"2025-11-07","Debt Not Subject to Limit","107987"
"2025-11-07","Debt Not Subject to Limit","4093"
"2025-11-07","Other Debt Subject to Limit","0"
"2025-11-07","Statutory Debt Limit","41103996"
"2025-11-06","Debt Held by the Public","30610667"
"2025-11-06","Intragovernmental Holdings","7507601"
"2025-11-06","Debt Not Subject to Limit","475"
"2025-11-06","Debt Not Subject to Limit","108724"
"2025-11-06","Debt Not Subject to Limit","4093"
"2025-11-06","Other Debt Subject to Limit","0"
"2025-11-06","Statutory Debt Limit","41103996"
"2025-11-05","Debt Held by the Public","30589654"
"2025-11-05","Intragovernmental Holdings","7501872"
"2025-11-05","Debt Not Subject to Limit","475"
"2025-11-05","Debt Not Subject to Limit","106631"
"2025-11-05","Debt Not Subject to Limit","4093"
"2025-11-05","Other Debt Subject to Limit","0"
"2025-11-05","Statutory Debt Limit","41103996"
"2025-11-04","Debt Held by the Public","30588446"
"2025-11-04","Intragovernmental Holdings","7458794"
"2025-11-04","Debt Not Subject to Limit","475"
"2025-11-04","Debt Not Subject to Limit","107367"
"2025-11-04","Debt Not Subject to Limit","4093"
"2025-11-04","Other Debt Subject to Limit","0"
"2025-11-04","Statutory Debt Limit","41103996"
"2025-11-03","Debt Held by the Public","30567834"
"2025-11-03","Intragovernmental Holdings","7436533"
"2025-11-03","Debt Not Subject to Limit","475"
"2025-11-03","Debt Not Subject to Limit","106343"
"2025-11-03","Debt Not Subject to Limit","4093"
"2025-11-03","Other Debt Subject to Limit","0"
"2025-11-03","Statutory Debt Limit","41103996"
"2025-10-31","Debt Held by the Public","30570708"
"2025-10-31","Intragovernmental Holdings","7469385"
"2025-10-31","Debt Not Subject to Limit","475"
"2025-10-31","Debt Not Subject to Limit","108552"
"2025-10-31","Debt Not Subject to Limit","4093"
"2025-10-31","Other Debt Subject to Limit","0"
"2025-10-31","Statutory Debt Limit","41103996"
"2025-10-30","Debt Held by the Public","30516172"
"2025-10-30","Intragovernmental Holdings","7592759"
"2025-10-30","Debt Not Subject to Limit","475"
"2025-10-30","Debt Not Subject to Limit","109749"
"2025-10-30","Debt Not Subject to Limit","4093"
"2025-10-30","Other Debt Subject to Limit","0"
"2025-10-30","Statutory Debt Limit","41103996"
"2025-10-29","Debt Held by the Public","30490068"
"2025-10-29","Intragovernmental Holdings","7588477"
"2025-10-29","Debt Not Subject to Limit","475"
"2025-10-29","Debt Not Subject to Limit","105840"
"2025-10-29","Debt Not Subject to Limit","4093"
"2025-10-29","Other Debt Subject to Limit","0"
"2025-10-29","Statutory Debt Limit","41103996"
"2025-10-28","Debt Held by the Public","30490669"
"2025-10-28","Intragovernmental Holdings","7586265"
"2025-10-28","Debt Not Subject to Limit","475"
"2025-10-28","Debt Not Subject to Limit","106577"
"2025-10-28","Debt Not Subject to Limit","4093"
"2025-10-28","Other Debt Subject to Limit","0"
"2025-10-28","Statutory Debt Limit","41103996"
"2025-10-27","Debt Held by the Public","30463894"
"2025-10-27","Intragovernmental Holdings","7578298"
"2025-10-27","Debt Not Subject to Limit","475"
"2025-10-27","Debt Not Subject to Limit","105542"
"2025-10-27","Debt Not Subject to Limit","4093"
"2025-10-27","Other Debt Subject to Limit","0"
"2025-10-27","Statutory Debt Limit","41103996"
"2025-10-24","Debt Held by the Public","30462318"
"2025-10-24","Intragovernmental Holdings","7546708"
"2025-10-24","Debt Not Subject to Limit","475"
"2025-10-24","Debt Not Subject to Limit","107750"
"2025-10-24","Debt Not Subject to Limit","4093"
"2025-10-24","Other Debt Subject to Limit","0"
"2025-10-24","Statutory Debt Limit","41103996"
"2025-10-23","Debt Held by the Public","30462506"
"2025-10-23","Intragovernmental Holdings","7545631"
"2025-10-23","Debt Not Subject to Limit","475"
"2025-10-23","Debt Not Subject to Limit","108486"
"2025-10-23","Debt Not Subject to Limit","4093"
"2025-10-23","Other Debt Subject to Limit","0"
"2025-10-23","Statutory Debt Limit","41103996"
"2025-10-22","Debt Held by the Public","30439169"
"2025-10-22","Intragovernmental Holdings","7551504"
"2025-10-22","Debt Not Subject to Limit","475"
"2025-10-22","Debt Not Subject to Limit","106438"
"2025-10-22","Debt Not Subject to Limit","4093"
"2025-10-22","Other Debt Subject to Limit","0"
"2025-10-22","Statutory Debt Limit","41103996"
"2025-10-21","Debt Held by the Public","30437767"
"2025-10-21","Intragovernmental Holdings","7582046"
"2025-10-21","Debt Not Subject to Limit","475"
"2025-10-21","Debt Not Subject to Limit","107174"
"2025-10-21","Debt Not Subject to Limit","4093"
"2025-10-21","Other Debt Subject to Limit","0"
"2025-10-21","Statutory Debt Limit","41103996"
"2025-10-20","Debt Held by the Public","30407776"
"2025-10-20","Intragovernmental Holdings","7572498"
"2025-10-20","Debt Not Subject to Limit","475"
"2025-10-20","Debt Not Subject to Limit","106104"
"2025-10-20","Debt Not Subject to Limit","4093"
"2025-10-20","Other Debt Subject to Limit","0"
"2025-10-20","Statutory Debt Limit","41103996"
"2025-10-17","Debt Held by the Public","30407497"
"2025-10-17","Intragovernmental Holdings","7569809"
"2025-10-17","Debt Not Subject to Limit","475"
"2025-10-17","Debt Not Subject to Limit","108305"
"2025-10-17","Debt Not Subject to Limit","4093"
"2025-10-17","Other Debt Subject to Limit","0"
"2025-10-17","Statutory Debt Limit","41103996"
"2025-10-16","Debt Held by the Public","30406659"
"2025-10-16","Intragovernmental Holdings","7559895"
"2025-10-16","Debt Not Subject to Limit","475"
"2025-10-16","Debt Not Subject to Limit","109039"
"2025-10-16","Debt Not Subject to Limit","4093"
"2025-10-16","Other Debt Subject to Limit","0"
"2025-10-16","Statutory Debt Limit","41103996"
"2025-10-15","Debt Held by the Public","30383103"
"2025-10-15","Intragovernmental Holdings","7559533"
"2025-10-15","Debt Not Subject to Limit","475"
"2025-10-15","Debt Not Subject to Limit","106959"
"2025-10-15","Debt Not Subject to Limit","4093"
"2025-10-15","Other Debt Subject to Limit","0"
"2025-10-15","Statutory Debt Limit","41103996"
"2025-10-14","Debt Held by the Public","30344241"
"2025-10-14","Intragovernmental Holdings","7574716"
"2025-10-14","Debt Not Subject to Limit","475"
"2025-10-14","Debt Not Subject to Limit","107692"
"2025-10-14","Debt Not Subject to Limit","4093"
"2025-10-14","Other Debt Subject to Limit","0"
"2025-10-14","Statutory Debt Limit","41103996"
"2025-10-10","Debt Held by the Public","30315775"
"2025-10-10","Intragovernmental Holdings","7569661"
"2025-10-10","Debt Not Subject to Limit","475"
"2025-10-10","Debt Not Subject to Limit","108811"
"2025-10-10","Debt Not Subject to Limit","4093"
"2025-10-10","Other Debt Subject to Limit","0"
"2025-10-10","Statutory Debt Limit","41103996"
"2025-10-09","Debt Held by the Public","30315051"
"2025-10-09","Intragovernmental Holdings","7568880"
"2025-10-09","Debt Not Subject to Limit","475"
"2025-10-09","Debt Not Subject to Limit","109543"
"2025-10-09","Debt Not Subject to Limit","4093"
"2025-10-09","Other Debt Subject to Limit","0"
"2025-10-09","Statutory Debt Limit","41103996"
"2025-10-08","Debt Held by the Public","30300449"
"2025-10-08","Intragovernmental Holdings","7563389"
"2025-10-08","Debt Not Subject to Limit","475"
"2025-10-08","Debt Not Subject to Limit","107507"
"2025-10-08","Debt Not Subject to Limit","4093"
"2025-10-08","Other Debt Subject to Limit","0"
"2025-10-08","Statutory Debt Limit","41103996"
"2025-10-07","Debt Held by the Public","30302394"
"2025-10-07","Intragovernmental Holdings","7587363"
"2025-10-07","Debt Not Subject to Limit","475"
"2025-10-07","Debt Not Subject to Limit","108240"
"2025-10-07","Debt Not Subject to Limit","4093"
"2025-10-07","Other Debt Subject to Limit","0"
"2025-10-07","Statutory Debt Limit","41103996"
"2025-10-06","Debt Held by the Public","30284584"
"2025-10-06","Intragovernmental Holdings","7578657"
"2025-10-06","Debt Not Subject to Limit","475"
"2025-10-06","Debt Not Subject to Limit","107243"
"2025-10-06","Debt Not Subject to Limit","4093"
"2025-10-06","Other Debt Subject to Limit","0"
"2025-10-06","Statutory Debt Limit","41103996"
"2025-10-03","Debt Held by the Public","30283066"
"2025-10-03","Intragovernmental Holdings","7569590"
"2025-10-03","Debt Not Subject to Limit","475"
"2025-10-03","Debt Not Subject to Limit","109439"
"2025-10-03","Debt Not Subject to Limit","4093"
"2025-10-03","Other Debt Subject to Limit","0"
"2025-10-03","Statutory Debt Limit","41103996"
"2025-10-02","Debt Held by the Public","30285435"
"2025-10-02","Intragovernmental Holdings","7596408"
"2025-10-02","Debt Not Subject to Limit","475"
"2025-10-02","Debt Not Subject to Limit","110171"
"2025-10-02","Debt Not Subject to Limit","4093"
"2025-10-02","Other Debt Subject to Limit","0"
"2025-10-02","Statutory Debt Limit","41103996"
"2025-10-01","Debt Held by the Public","30275548"
"2025-10-01","Intragovernmental Holdings","7588512"
"2025-10-01","Debt Not Subject to Limit","475"
"2025-10-01","Debt Not Subject to Limit","106285"
"2025-10-01","Debt Not Subject to Limit","4093"
"2025-10-01","Other Debt Subject to Limit","0"
"2025-10-01","Statutory Debt Limit","41103996"
"2025-09-30","Debt Held by the Public","30277766"
"2025-09-30","Intragovernmental Holdings","7359787"
"2025-09-30","Debt Not Subject to Limit","475"
"2025-09-30","Debt Not Subject to Limit","106665"
"2025-09-30","Debt Not Subject to Limit","4093"
"2025-09-30","Other Debt Subject to Limit","0"
"2025-09-30","Statutory Debt Limit","41103996"
"2025-09-29","Debt Held by the Public","30183799"
"2025-09-29","Intragovernmental Holdings","7322655"
"2025-09-29","Debt Not Subject to Limit","475"
"2025-09-29","Debt Not Subject to Limit","106634"
"2025-09-29","Debt Not Subject to Limit","4093"
"2025-09-29","Other Debt Subject to Limit","0"
"2025-09-29","Statutory Debt Limit","41103996"
"2025-09-26","Debt Held by the Public","30184180"
"2025-09-26","Intragovernmental Holdings","7315524"
"2025-09-26","Debt Not Subject to Limit","475"
"2025-09-26","Debt Not Subject to Limit","108839"
"2025-09-26","Debt Not Subject to Limit","4093"
"2025-09-26","Other Debt Subject to Limit","0"
"2025-09-26","Statutory Debt Limit","41103996"
"2025-09-25","Debt Held by the Public","30155538"
"2025-09-25","Intragovernmental Holdings","7312355"
"2025-09-25","Debt Not Subject to Limit","475"
"2025-09-25","Debt Not Subject to Limit","109574"
"2025-09-25","Debt Not Subject to Limit","4093"
"2025-09-25","Other Debt Subject to Limit","0"
"2025-09-25","Statutory Debt Limit","41103996"
"2025-09-24","Debt Held by the Public","30144753"
"2025-09-24","Intragovernmental Holdings","7309784"
"2025-09-24","Debt Not Subject to Limit","475"
"2025-09-24","Debt Not Subject to Limit","107630"
"2025-09-24","Debt Not Subject to Limit","4093"
"2025-09-24","Other Debt Subject to Limit","0"
"2025-09-24","Statutory Debt Limit","41103996"
"2025-09-23","Debt Held by the Public","30143074"
"2025-09-23","Intragovernmental Holdings","7326622"
"2025-09-23","Debt Not Subject to Limit","475"
"2025-09-23","Debt Not Subject to Limit","108366"
"2025-09-23","Debt Not Subject to Limit","4093"
"2025-09-23","Other Debt Subject to Limit","0"
"2025-09-23","Statutory Debt Limit","41103996"
"2025-09-22","Debt Held by the Public","30198287"
"2025-09-22","Intragovernmental Holdings","7313457"
"2025-09-22","Debt Not Subject to Limit","475"
"2025-09-22","Debt Not Subject to Limit","107448"
"2025-09-22","Debt Not Subject to Limit","4093"
"2025-09-22","Other Debt Subject to Limit","0"
"2025-09-22","Statutory Debt Limit","41103996"
"2025-09-19","Debt Held by the Public","30197444"
"2025-09-19","Intragovernmental Holdings","7308309"
"2025-09-19","Debt Not Subject to Limit","475"
"2025-09-19","Debt Not Subject to Limit","109681"
"2025-09-19","Debt Not Subject to Limit","4093"
"2025-09-19","Other Debt Subject to Limit","0"
"2025-09-19","Statutory Debt Limit","41103996"
"2025-09-18","Debt Held by the Public","30200453"
"2025-09-18","Intragovernmental Holdings","7309371"
"2025-09-18","Debt Not Subject to Limit","475"
"2025-09-18","Debt Not Subject to Limit","110426"
"2025-09-18","Debt Not Subject to Limit","4093"
"2025-09-18","Other Debt Subject to Limit","0"
"2025-09-18","Statutory Debt Limit","41103996"
"2025-09-17","Debt Held by the Public","30185927"
"2025-09-17","Intragovernmental Holdings","7306709"
"2025-09-17","Debt Not Subject to Limit","475"
"2025-09-17","Debt Not Subject to Limit","108518"
"2025-09-17","Debt Not Subject to Limit","4093"
"2025-09-17","Other Debt Subject to Limit","0"
"2025-09-17","Statutory Debt Limit","41103996"
"2025-09-16","Debt Held by the Public","30185859"
"2025-09-16","Intragovernmental Holdings","7316899"
"2025-09-16","Debt Not Subject to Limit","475"
"2025-09-16","Debt Not Subject to Limit","109263"
"2025-09-16","Debt Not Subject to Limit","4093"
"2025-09-16","Other Debt Subject to Limit","0"
"2025-09-16","Statutory Debt Limit","41103996"
"2025-09-15","Debt Held by the Public","30235402"
"2025-09-15","Intragovernmental Holdings","7298580"
"2025-09-15","Debt Not Subject to Limit","475"
"2025-09-15","Debt Not Subject to Limit","108330"
"2025-09-15","Debt Not Subject to Limit","4093"
"2025-09-15","Other Debt Subject to Limit","0"
"2025-09-15","Statutory Debt Limit","41103996"
"2025-09-12","Debt Held by the Public","30156636"
"2025-09-12","Intragovernmental Holdings","7305163"
"2025-09-12","Debt Not Subject to Limit","475"
"2025-09-12","Debt Not Subject to Limit","110590"
"2025-09-12","Debt Not Subject to Limit","4093"
"2025-09-12","Other Debt Subject to Limit","0"
"2025-09-12","Statutory Debt Limit","41103996"
"2025-09-11","Debt Held by the Public","30156525"
"2025-09-11","Intragovernmental Holdings","7314309"
"2025-09-11","Debt Not Subject to Limit","475"
"2025-09-11","Debt Not Subject to Limit","111344"
"2025-09-11","Debt Not Subject to Limit","4093"
"2025-09-11","Other Debt Subject to Limit","0"
"2025-09-11","Statutory Debt Limit","41103996"
"2025-09-10","Debt Held by the Public","30141502"
"2025-09-10","Intragovernmental Holdings","7309242"
"2025-09-10","Debt Not Subject to Limit","475"
"2025-09-10","Debt Not Subject to Limit","109412"
"2025-09-10","Debt Not Subject to Limit","4093"
"2025-09-10","Other Debt Subject to Limit","0"
"2025-09-10","Statutory Debt Limit","41103996"
"2025-09-09","Debt Held by the Public","30141157"
"2025-09-09","Intragovernmental Holdings","7332730"
"2025-09-09","Debt Not Subject to Limit","475"
"2025-09-09","Debt Not Subject to Limit","110166"
"2025-09-09","Debt Not Subject to Limit","4093"
"2025-09-09","Other Debt Subject to Limit","0"
"2025-09-09","Statutory Debt Limit","41103996"
"2025-09-08","Debt Held by the Public","30121189"
"2025-09-08","Intragovernmental Holdings","7319421"
"2025-09-08","Debt Not Subject to Limit","475"
"2025-09-08","Debt Not Subject to Limit","109194"
"2025-09-08","Debt Not Subject to Limit","4093"
"2025-09-08","Other Debt Subject to Limit","0"
"2025-09-08","Statutory Debt Limit","41103996"
"2025-09-05","Debt Held by the Public","30121224"
"2025-09-05","Intragovernmental Holdings","7312365"
"2025-09-05","Debt Not Subject to Limit","475"
"2025-09-05","Debt Not Subject to Limit","111451"
"2025-09-05","Debt Not Subject to Limit","4093"
"2025-09-05","Other Debt Subject to Limit","0"
"2025-09-05","Statutory Debt Limit","41103996"
"2025-09-04","Debt Held by the Public","30121675"
"2025-09-04","Intragovernmental Holdings","7308453"
"2025-09-04","Debt Not Subject to Limit","475"
"2025-09-04","Debt Not Subject to Limit","112203"
"2025-09-04","Debt Not Subject to Limit","4093"
"2025-09-04","Other Debt Subject to Limit","0"
"2025-09-04","Statutory Debt Limit","41103996"
"2025-09-03","Debt Held by the Public","30106522"
"2025-09-03","Intragovernmental Holdings","7306158"
"2025-09-03","Debt Not Subject to Limit","475"
"2025-09-03","Debt Not Subject to Limit","108327"
"2025-09-03","Debt Not Subject to Limit","4093"
"2025-09-03","Other Debt Subject to Limit","0"
"2025-09-03","Statutory Debt Limit","41103996"
"2025-09-02","Debt Held by the Public","30105890"
"2025-09-02","Intragovernmental Holdings","7307648"
"2025-09-02","Debt Not Subject to Limit","475"
"2025-09-02","Debt Not Subject to Limit","109079"
"2025-09-02","Debt Not Subject to Limit","4093"
"2025-09-02","Other Debt Subject to Limit","0"
"2025-09-02","Statutory Debt Limit","41103996"
"2025-08-29","Debt Held by the Public","29968531"
"2025-08-29","Intragovernmental Holdings","7305735"
"2025-08-29","Debt Not Subject to Limit","475"
"2025-08-29","Debt Not Subject to Limit","108159"
"2025-08-29","Debt Not Subject to Limit","4093"
"2025-08-29","Other Debt Subject to Limit","0"
"2025-08-29","Statutory Debt Limit","41103996"
"2025-08-28","Debt Held by the Public","29931515"
"2025-08-28","Intragovernmental Holdings","7378639"
"2025-08-28","Debt Not Subject to Limit","475"
"2025-08-28","Debt Not Subject to Limit","111751"
"2025-08-28","Debt Not Subject to Limit","4093"
"2025-08-28","Other Debt Subject to Limit","0"
"2025-08-28","Statutory Debt Limit","41103996"
"2025-08-27","Debt Held by the Public","29904189"
"2025-08-27","Intragovernmental Holdings","7379780"
"2025-08-27","Debt Not Subject to Limit","475"
"2025-08-27","Debt Not Subject to Limit","109656"
"2025-08-27","Debt Not Subject to Limit","4093"
"2025-08-27","Other Debt Subject to Limit","0"
"2025-08-27","Statutory Debt Limit","41103996"
"2025-08-26","Debt Held by the Public","29905785"
"2025-08-26","Intragovernmental Holdings","7299102"
"2025-08-26","Debt Not Subject to Limit","475"
"2025-08-26","Debt Not Subject to Limit","110400"
"2025-08-26","Debt Not Subject to Limit","4093"
"2025-08-26","Other Debt Subject to Limit","0"
"2025-08-26","Statutory Debt Limit","41103996"
"2025-08-25","Debt Held by the Public","29858744"
"2025-08-25","Intragovernmental Holdings","7395479"
"2025-08-25","Debt Not Subject to Limit","475"
"2025-08-25","Debt Not Subject to Limit","109373"
"2025-08-25","Debt Not Subject to Limit","4093"
"2025-08-25","Other Debt Subject to Limit","0"
"2025-08-25","Statutory Debt Limit","41103996"
"2025-08-22","Debt Held by the Public","29858032"
"2025-08-22","Intragovernmental Holdings","7376034"
"2025-08-22","Debt Not Subject to Limit","475"
"2025-08-22","Debt Not Subject to Limit","111591"
"2025-08-22","Debt Not Subject to Limit","4093"
"2025-08-22","Other Debt Subject to Limit","0"
"2025-08-22","Statutory Debt Limit","41103996"
"2025-08-21","Debt Held by the Public","29860626"
"2025-08-21","Intragovernmental Holdings","7371663"
"2025-08-21","Debt Not Subject to Limit","475"
"2025-08-21","Debt Not Subject to Limit","112331"
"2025-08-21","Debt Not Subject to Limit","4093"
"2025-08-21","Other Debt Subject to Limit","0"
"2025-08-21","Statutory Debt Limit","41103996"
"2025-08-20","Debt Held by the Public","29814986"
"2025-08-20","Intragovernmental Holdings","7365205"
"2025-08-20","Debt Not Subject to Limit","475"
"2025-08-20","Debt Not Subject to Limit","110205"
"2025-08-20","Debt Not Subject to Limit","4093"
"2025-08-20","Other Debt Subject to Limit","0"
"2025-08-20","Statutory Debt Limit","41103996"
"2025-08-19","Debt Held by the Public","29818545"
"2025-08-19","Intragovernmental Holdings","7390311"
"2025-08-19","Debt Not Subject to Limit","475"
"2025-08-19","Debt Not Subject to Limit","110940"
"2025-08-19","Debt Not Subject to Limit","4093"
"2025-08-19","Other Debt Subject to Limit","0"
"2025-08-19","Statutory Debt Limit","41103996"
"2025-08-18","Debt Held by the Public","29771883"
"2025-08-18","Intragovernmental Holdings","7372194"
"2025-08-18","Debt Not Subject to Limit","475"
"2025-08-18","Debt Not Subject to Limit","109910"
"2025-08-18","Debt Not Subject to Limit","4093"
"2025-08-18","Other Debt Subject to Limit","0"
"2025-08-18","Statutory Debt Limit","41103996"
"2025-08-15","Debt Held by the Public","29771411"
"2025-08-15","Intragovernmental Holdings","7365872"
"2025-08-15","Debt Not Subject to Limit","475"
"2025-08-15","Debt Not Subject to Limit","112102"
"2025-08-15","Debt Not Subject to Limit","4093"
"2025-08-15","Other Debt Subject to Limit","0"
"2025-08-15","Statutory Debt Limit","41103996"
"2025-08-14","Debt Held by the Public","29741150"
"2025-08-14","Intragovernmental Holdings","7348280"
"2025-08-14","Debt Not Subject to Limit","475"
"2025-08-14","Debt Not Subject to Limit","110806"
"2025-08-14","Debt Not Subject to Limit","4093"
"2025-08-14","Other Debt Subject to Limit","0"
"2025-08-14","Statutory Debt Limit","41103996"
"2025-08-13","Debt Held by the Public","29698493"
"2025-08-13","Intragovernmental Holdings","7346845"
"2025-08-13","Debt Not Subject to Limit","475"
"2025-08-13","Debt Not Subject to Limit","108597"
"2025-08-13","Debt Not Subject to Limit","4093"
"2025-08-13","Other Debt Subject to Limit","0"
"2025-08-13","Statutory Debt Limit","41103996"
"2025-08-12","Debt Held by the Public","29698695"
"2025-08-12","Intragovernmental Holdings","7371728"
"2025-08-12","Debt Not Subject to Limit","475"
"2025-08-12","Debt Not Subject to Limit","109324"
"2025-08-12","Debt Not Subject to Limit","4093"
"2025-08-12","Other Debt Subject to Limit","0"
"2025-08-12","Statutory Debt Limit","41103996"
"2025-08-11","Debt Held by the Public","29643535"
"2025-08-11","Intragovernmental Holdings","7361283"
"2025-08-11","Debt Not Subject to Limit","475"
"2025-08-11","Debt Not Subject to Limit","108263"
"2025-08-11","Debt Not Subject to Limit","4093"
"2025-08-11","Other Debt Subject to Limit","0"
"2025-08-11","Statutory Debt Limit","41103996"
"2025-08-08","Debt Held by the Public","29642974"
"2025-08-08","Intragovernmental Holdings","7355518"
"2025-08-08","Debt Not Subject to Limit","475"
"2025-08-08","Debt Not Subject to Limit","110425"
"2025-08-08","Debt Not Subject to Limit","4093"
"2025-08-08","Other Debt Subject to Limit","0"
"2025-08-08","Statutory Debt Limit","41103996"
"2025-08-07","Debt Held by the Public","29642705"
"2025-08-07","Intragovernmental Holdings","7353501"
"2025-08-07","Debt Not Subject to Limit","475"
"2025-08-07","Debt Not Subject to Limit","111145"
"2025-08-07","Debt Not Subject to Limit","4093"
"2025-08-07","Other Debt Subject to Limit","0"
"2025-08-07","Statutory Debt Limit","41103996"
"2025-08-06","Debt Held by the Public","29601946"
"2025-08-06","Intragovernmental Holdings","7348514"
"2025-08-06","Debt Not Subject to Limit","475"
"2025-08-06","Debt Not Subject to Limit","106943"
"2025-08-06","Debt Not Subject to Limit","4093"
"2025-08-06","Other Debt Subject to Limit","0"
"2025-08-06","Statutory Debt Limit","41103996"
"2025-08-05","Debt Held by the Public","29601407"
"2025-08-05","Intragovernmental Holdings","7329045"
"2025-08-05","Debt Not Subject to Limit","475"
"2025-08-05","Debt Not Subject to Limit","107660"
"2025-08-05","Debt Not Subject to Limit","4093"
"2025-08-05","Other Debt Subject to Limit","0"
"2025-08-05","Statutory Debt Limit","41103996"
"2025-08-04","Debt Held by the Public","29523300"
"2025-08-04","Intragovernmental Holdings","7314865"
"2025-08-04","Debt Not Subject to Limit","475"
"2025-08-04","Debt Not Subject to Limit","106574"
"2025-08-04","Debt Not Subject to Limit","4093"
"2025-08-04","Other Debt Subject to Limit","0"
"2025-08-04","Statutory Debt Limit","41103996"
"2025-08-01","Debt Held by the Public","29522549"
"2025-08-01","Intragovernmental Holdings","7304354"
"2025-08-01","Debt Not Subject to Limit","475"
"2025-08-01","Debt Not Subject to Limit","108698"
"2025-08-01","Debt Not Subject to Limit","4093"
"2025-08-01","Other Debt Subject to Limit","0"
"2025-08-01","Statutory Debt Limit","41103996"
"2025-07-31","Debt Held by the Public","29531341"
"2025-07-31","Intragovernmental Holdings","7385647"
"2025-07-31","Debt Not Subject to Limit","475"
"2025-07-31","Debt Not Subject to Limit","109406"
"2025-07-31","Debt Not Subject to Limit","4093"
"2025-07-31","Other Debt Subject to Limit","0"
"2025-07-31","Statutory Debt Limit","41103996"
"2025-07-30","Debt Held by the Public","29422822"
"2025-07-30","Intragovernmental Holdings","7379419"
"2025-07-30","Debt Not Subject to Limit","475"
"2025-07-30","Debt Not Subject to Limit","106540"
"2025-07-30","Debt Not Subject to Limit","4093"
"2025-07-30","Other Debt Subject to Limit","0"
"2025-07-30","Statutory Debt Limit","41103996"
"2025-07-29","Debt Held by the Public","29423243"
"2025-07-29","Intragovernmental Holdings","7380594"
"2025-07-29","Debt Not Subject to Limit","475"
"2025-07-29","Debt Not Subject to Limit","107245"
"2025-07-29","Debt Not Subject to Limit","4093"
"2025-07-29","Other Debt Subject to Limit","0"
"2025-07-29","Statutory Debt Limit","41103996"
"2025-07-28","Debt Held by the Public","29361632"
"2025-07-28","Intragovernmental Holdings","7373294"
"2025-07-28","Debt Not Subject to Limit","475"
"2025-07-28","Debt Not Subject to Limit","106150"
"2025-07-28","Debt Not Subject to Limit","4093"
"2025-07-28","Other Debt Subject to Limit","0"
"2025-07-28","Statutory Debt Limit","41103996"
"2025-07-25","Debt Held by the Public","29361463"
"2025-07-25","Intragovernmental Holdings","7371437"
"2025-07-25","Debt Not Subject to Limit","475"
"2025-07-25","Debt Not Subject to Limit","108240"
"2025-07-25","Debt Not Subject to Limit","4093"
"2025-07-25","Other Debt Subject to Limit","0"
"2025-07-25","Statutory Debt Limit","41103996"
"2025-07-24","Debt Held by the Public","29361169"
"2025-07-24","Intragovernmental Holdings","7360362"
"2025-07-24","Debt Not Subject to Limit","475"
"2025-07-24","Debt Not Subject to Limit","108936"
"2025-07-24","Debt Not Subject to Limit","4093"
"2025-07-24","Other Debt Subject to Limit","0"
"2025-07-24","Statutory Debt Limit","41103996"
"2025-07-23","Debt Held by the Public","29332906"
"2025-07-23","Intragovernmental Holdings","7354032"
"2025-07-23","Debt Not Subject to Limit","475"
"2025-07-23","Debt Not Subject to Limit","106726"
"2025-07-23","Debt Not Subject to Limit","4093"
"2025-07-23","Other Debt Subject to Limit","0"
"2025-07-23","Statutory Debt Limit","41103996"
"2025-07-22","Debt Held by the Public","29332748"
"2025-07-22","Intragovernmental Holdings","7378785"
"2025-07-22","Debt Not Subject to Limit","475"
"2025-07-22","Debt Not Subject to Limit","107419"
"2025-07-22","Debt Not Subject to Limit","4093"
"2025-07-22","Other Debt Subject to Limit","0"
"2025-07-22","Statutory Debt Limit","41103996"
"2025-07-21","Debt Held by the Public","29297585"
"2025-07-21","Intragovernmental Holdings","7364109"
"2025-07-21","Debt Not Subject to Limit","475"
"2025-07-21","Debt Not Subject to Limit","106365"
"2025-07-21","Debt Not Subject to Limit","4093"
"2025-07-21","Other Debt Subject to Limit","0"
"2025-07-21","Statutory Debt Limit","41103996"
"2025-07-18","Debt Held by the Public","29296992"
"2025-07-18","Intragovernmental Holdings","7356927"
"2025-07-18","Debt Not Subject to Limit","475"
"2025-07-18","Debt Not Subject to Limit","108429"
"2025-07-18","Debt Not Subject to Limit","4093"
"2025-07-18","Other Debt Subject to Limit","0"
"2025-07-18","Statutory Debt Limit","41103996"
"2025-07-17","Debt Held by the Public","29296843"
"2025-07-17","Intragovernmental Holdings","7358438"
"2025-07-17","Debt Not Subject to Limit","475"
"2025-07-17","Debt Not Subject to Limit","109118"
"2025-07-17","Debt Not Subject to Limit","4093"
"2025-07-17","Other Debt Subject to Limit","0"
"2025-07-17","Statutory Debt Limit","41103996"
"2025-07-16","Debt Held by the Public","29279025"
"2025-07-16","Intragovernmental Holdings","7348830"
"2025-07-16","Debt Not Subject to Limit","475"
"2025-07-16","Debt Not Subject to Limit","106941"
"2025-07-16","Debt Not Subject to Limit","4093"
"2025-07-16","Other Debt Subject to Limit","0"
"2025-07-16","Statutory Debt Limit","41103996"
"2025-07-15","Debt Held by the Public","29278468"
"2025-07-15","Intragovernmental Holdings","7373143"
"2025-07-15","Debt Not Subject to Limit","475"
"2025-07-15","Debt Not Subject to Limit","107627"
"2025-07-15","Debt Not Subject to Limit","4093"
"2025-07-15","Other Debt Subject to Limit","0"
"2025-07-15","Statutory Debt Limit","41103996"
"2025-07-14","Debt Held by the Public","29235163"
"2025-07-14","Intragovernmental Holdings","7363182"
"2025-07-14","Debt Not Subject to Limit","475"
"2025-07-14","Debt Not Subject to Limit","106660"
"2025-07-14","Debt Not Subject to Limit","4093"
"2025-07-14","Other Debt Subject to Limit","0"
"2025-07-14","Statutory Debt Limit","41103996"
"2025-07-11","Debt Held by the Public","29236040"
"2025-07-11","Intragovernmental Holdings","7359760"
"2025-07-11","Debt Not Subject to Limit","475"
"2025-07-11","Debt Not Subject to Limit","108712"
"2025-07-11","Debt Not Subject to Limit","4093"
"2025-07-11","Other Debt Subject to Limit","0"
"2025-07-11","Statutory Debt Limit","41103996"
"2025-07-10","Debt Held by the Public","29237385"
"2025-07-10","Intragovernmental Holdings","7357717"
"2025-07-10","Debt Not Subject to Limit","475"
"2025-07-10","Debt Not Subject to Limit","109396"
"2025-07-10","Debt Not Subject to Limit","4093"
"2025-07-10","Other Debt Subject to Limit","0"
"2025-07-10","Statutory Debt Limit","41103996"
"2025-07-09","Debt Held by the Public","29245896"
"2025-07-09","Intragovernmental Holdings","7354750"
"2025-07-09","Debt Not Subject to Limit","475"
"2025-07-09","Debt Not Subject to Limit","105170"
"2025-07-09","Debt Not Subject to Limit","4093"
"2025-07-09","Other Debt Subject to Limit","0"
"2025-07-09","Statutory Debt Limit","41103996"
"2025-07-08","Debt Held by the Public","29246985"
"2025-07-08","Intragovernmental Holdings","7378830"
"2025-07-08","Debt Not Subject to Limit","475"
"2025-07-08","Debt Not Subject to Limit","105856"
"2025-07-08","Debt Not Subject to Limit","4093"
"2025-07-08","Other Debt Subject to Limit","0"
"2025-07-08","Statutory Debt Limit","41103996"
"2025-07-07","Debt Held by the Public","29217069"
"2025-07-07","Intragovernmental Holdings","7365244"
"2025-07-07","Debt Not Subject to Limit","475"
"2025-07-07","Debt Not Subject to Limit","104601"
"2025-07-07","Debt Not Subject to Limit","4093"
"2025-07-07","Other Debt Subject to Limit","0"
"2025-07-07","Statutory Debt Limit","41103996"
"2025-07-03","Debt Held by the Public","29030140"
"2025-07-03","Intragovernmental Holdings","7185729"
"2025-07-03","Debt Not Subject to Limit","475"
"2025-07-03","Debt Not Subject to Limit","107331"
"2025-07-03","Debt Not Subject to Limit","4093"
"2025-07-03","Other Debt Subject to Limit","0"
"2025-07-03","Statutory Debt Limit","36103996"
"2025-07-02","Debt Held by the Public","29010089"
"2025-07-02","Intragovernmental Holdings","7203709"
"2025-07-02","Debt Not Subject to Limit","475"
"2025-07-02","Debt Not Subject to Limit","105259"
"2025-07-02","Debt Not Subject to Limit","4093"
"2025-07-02","Other Debt Subject to Limit","0"
"2025-07-02","Statutory Debt Limit","36103996"
"2025-07-01","Debt Held by the Public","29015376"
"2025-07-01","Intragovernmental Holdings","7199106"
"2025-07-01","Debt Not Subject to Limit","475"
"2025-07-01","Debt Not Subject to Limit","105944"
"2025-07-01","Debt Not Subject to Limit","4093"
"2025-07-01","Other Debt Subject to Limit","0"
"2025-07-01","Statutory Debt Limit","36103996"
"2025-06-30","Debt Held by the Public","28953497"
"2025-06-30","Intragovernmental Holdings","7257973"
"2025-06-30","Debt Not Subject to Limit","475"
"2025-06-30","Debt Not Subject to Limit","102931"
"2025-06-30","Debt Not Subject to Limit","4093"
"2025-06-30","Other Debt Subject to Limit","0"
"2025-06-30","Statutory Debt Limit","36103996"
"2025-06-27","Debt Held by the Public","28886927"
"2025-06-27","Intragovernmental Holdings","7328198"
"2025-06-27","Debt Not Subject to Limit","475"
"2025-06-27","Debt Not Subject to Limit","106165"
"2025-06-27","Debt Not Subject to Limit","4514"
"2025-06-27","Other Debt Subject to Limit","0"
"2025-06-27","Statutory Debt Limit","36103996"
"2025-06-26","Debt Held by the Public","28887012"
"2025-06-26","Intragovernmental Holdings","7328794"
"2025-06-26","Debt Not Subject to Limit","475"
"2025-06-26","Debt Not Subject to Limit","106846"
"2025-06-26","Debt Not Subject to Limit","4514"
"2025-06-26","Other Debt Subject to Limit","0"
"2025-06-26","Statutory Debt Limit","36103996"
"2025-06-25","Debt Held by the Public","28888759"
"2025-06-25","Intragovernmental Holdings","7325111"
"2025-06-25","Debt Not Subject to Limit","475"
"2025-06-25","Debt Not Subject to Limit","104910"
"2025-06-25","Debt Not Subject to Limit","4514"
"2025-06-25","Other Debt Subject to Limit","0"
"2025-06-25","Statutory Debt Limit","36103996"
"2025-06-24","Debt Held by the Public","28860859"
"2025-06-24","Intragovernmental Holdings","7353694"
"2025-06-24","Debt Not Subject to Limit","475"
"2025-06-24","Debt Not Subject to Limit","105594"
"2025-06-24","Debt Not Subject to Limit","4514"
"2025-06-24","Other Debt Subject to Limit","0"
"2025-06-24","Statutory Debt Limit","36103996"
"2025-06-23","Debt Held by the Public","28890045"
"2025-06-23","Intragovernmental Holdings","7323764"
"2025-06-23","Debt Not Subject to Limit","475"
"2025-06-23","Debt Not Subject to Limit","104849"
"2025-06-23","Debt Not Subject to Limit","4514"
"2025-06-23","Other Debt Subject to Limit","0"
"2025-06-23","Statutory Debt Limit","36103996"
"2025-06-20","Debt Held by the Public","28900786"
"2025-06-20","Intragovernmental Holdings","7315088"
"2025-06-20","Debt Not Subject to Limit","475"
"2025-06-20","Debt Not Subject to Limit","106914"
"2025-06-20","Debt Not Subject to Limit","4514"
"2025-06-20","Other Debt Subject to Limit","0"
"2025-06-20","Statutory Debt Limit","36103996"
"2025-06-18","Debt Held by the Public","28905136"
"2025-06-18","Intragovernmental Holdings","7309571"
"2025-06-18","Debt Not Subject to Limit","475"
"2025-06-18","Debt Not Subject to Limit","105747"
"2025-06-18","Debt Not Subject to Limit","4514"
"2025-06-18","Other Debt Subject to Limit","0"
"2025-06-18","Statutory Debt Limit","36103996"
"2025-06-17","Debt Held by the Public","28884822"
"2025-06-17","Intragovernmental Holdings","7330576"
"2025-06-17","Debt Not Subject to Limit","475"
"2025-06-17","Debt Not Subject to Limit","106438"
"2025-06-17","Debt Not Subject to Limit","4514"
"2025-06-17","Other Debt Subject to Limit","0"
"2025-06-17","Statutory Debt Limit","36103996"
"2025-06-16","Debt Held by the Public","28907522"
"2025-06-16","Intragovernmental Holdings","7307148"
"2025-06-16","Debt Not Subject to Limit","475"
"2025-06-16","Debt Not Subject to Limit","105710"
"2025-06-16","Debt Not Subject to Limit","4514"
"2025-06-16","Other Debt Subject to Limit","0"
"2025-06-16","Statutory Debt Limit","36103996"
"2025-06-13","Debt Held by the Public","28943678"
"2025-06-13","Intragovernmental Holdings","7273079"
"2025-06-13","Debt Not Subject to Limit","475"
"2025-06-13","Debt Not Subject to Limit","107797"
"2025-06-13","Debt Not Subject to Limit","4514"
"2025-06-13","Other Debt Subject to Limit","0"
"2025-06-13","Statutory Debt Limit","36103996"
"2025-06-12","Debt Held by the Public","28944696"
"2025-06-12","Intragovernmental Holdings","7272756"
"2025-06-12","Debt Not Subject to Limit","475"
"2025-06-12","Debt Not Subject to Limit","108492"
"2025-06-12","Debt Not Subject to Limit","4514"
"2025-06-12","Other Debt Subject to Limit","0"
"2025-06-12","Statutory Debt Limit","36103996"
"2025-06-11","Debt Held by the Public","28947462"
"2025-06-11","Intragovernmental Holdings","7266120"
"2025-06-11","Debt Not Subject to Limit","475"
"2025-06-11","Debt Not Subject to Limit","104622"
"2025-06-11","Debt Not Subject to Limit","4514"
"2025-06-11","Other Debt Subject to Limit","0"
"2025-06-11","Statutory Debt Limit","36103996"
"2025-06-10","Debt Held by the Public","28925283"
"2025-06-10","Intragovernmental Holdings","7288998"
"2025-06-10","Debt Not Subject to Limit","475"
"2025-06-10","Debt Not Subject to Limit","105321"
"2025-06-10","Debt Not Subject to Limit","4514"
"2025-06-10","Other Debt Subject to Limit","0"
"2025-06-10","Statutory Debt Limit","36103996"
"2025-06-09","Debt Held by the Public","28937735"
"2025-06-09","Intragovernmental Holdings","7275838"
"2025-06-09","Debt Not Subject to Limit","475"
"2025-06-09","Debt Not Subject to Limit","104613"
"2025-06-09","Debt Not Subject to Limit","4514"
"2025-06-09","Other Debt Subject to Limit","0"
"2025-06-09","Statutory Debt Limit","36103996"
"2025-06-06","Statutory Debt Limit","36103996"
"2025-06-06","Debt Held by the Public","28947315"
"2025-06-06","Intragovernmental Holdings","7268370"
"2025-06-06","Debt Not Subject to Limit","475"
"2025-06-06","Debt Not Subject to Limit","106725"
"2025-06-06","Debt Not Subject to Limit","4514"
"2025-06-06","Other Debt Subject to Limit","0"
"2025-06-05","Debt Held by the Public","28949059"
"2025-06-05","Intragovernmental Holdings","7267331"
"2025-06-05","Debt Not Subject to Limit","475"
"2025-06-05","Debt Not Subject to Limit","107430"
"2025-06-05","Debt Not Subject to Limit","4514"
"2025-06-05","Other Debt Subject to Limit","0"
"2025-06-05","Statutory Debt Limit","36103996"
"2025-06-04","Debt Held by the Public","28953598"
"2025-06-04","Intragovernmental Holdings","7260904"
"2025-06-04","Debt Not Subject to Limit","475"
"2025-06-04","Debt Not Subject to Limit","105542"
"2025-06-04","Debt Not Subject to Limit","4514"
"2025-06-04","Other Debt Subject to Limit","0"
"2025-06-04","Statutory Debt Limit","36103996"
"2025-06-03","Debt Held by the Public","28964891"
"2025-06-03","Intragovernmental Holdings","7250317"
"2025-06-03","Debt Not Subject to Limit","475"
"2025-06-03","Debt Not Subject to Limit","106248"
"2025-06-03","Debt Not Subject to Limit","4514"
"2025-06-03","Other Debt Subject to Limit","0"
"2025-06-03","Statutory Debt Limit","36103996"
"2025-06-02","Debt Held by the Public","28956815"
"2025-06-02","Intragovernmental Holdings","7257586"
"2025-06-02","Debt Not Subject to Limit","475"
"2025-06-02","Debt Not Subject to Limit","105441"
"2025-06-02","Debt Not Subject to Limit","4514"
"2025-06-02","Other Debt Subject to Limit","0"
"2025-06-02","Statutory Debt Limit","36103996"
