date,on_t0,on,1w,2w,3w,1m,3m,6m,1y
2012-10-29,0.1,0.1,0.101,0.103,0.104,0.104,0.105,0.108,0.11
2012-10-30,0.1,0.1,0.101,0.103,0.104,0.104,0.105,0.108,0.11
2012-10-31,0.1,0.1,0.101,0.103,0.104,0.104,0.105,0.108,0.11
2012-11-01,0.1,0.1,0.101,0.103,0.104,0.104,0.105,0.108,0.11
2012-11-02,0.1,0.101,0.101,0.103,0.104,0.104,0.105,0.108,0.11
2012-11-05,0.1,0.101,0.101,0.103,0.104,0.104,0.105,0.108,0.11
2012-11-06,0.1,0.101,0.101,0.103,0.104,0.104,0.105,0.108,0.11
2012-11-07,0.1,0.1,0.101,0.103,0.104,0.104,0.105,0.108,0.11
2012-11-08,0.1,0.101,0.101,0.103,0.104,0.104,0.105,0.108,0.11
2012-11-09,0.1,0.101,0.101,0.103,0.104,0.104,0.105,0.108,0.11
2012-11-12,0.1,0.101,0.101,0.103,0.104,0.104,0.105,0.108,0.11
2012-11-13,0.1,0.1,0.101,0.102,0.104,0.104,0.105,0.108,0.111
2012-11-14,0.1,0.1,0.101,0.102,0.104,0.104,0.105,0.108,0.111
2012-11-15,0.1,0.101,0.101,0.103,0.104,0.104,0.105,0.108,0.11
2012-11-16,0.1,0.1,0.101,0.103,0.104,0.104,0.105,0.108,0.11
2012-11-19,0.1,0.1,0.101,0.103,0.104,0.104,0.105,0.108,0.11
2012-11-20,0.1,0.1,0.101,0.103,0.104,0.104,0.105,0.108,0.11
2012-11-21,0.1,0.101,0.101,0.103,0.104,0.104,0.105,0.108,0.11
2012-11-22,0.1,0.104,0.101,0.103,0.104,0.104,0.105,0.108,0.11
2012-11-26,0.1,0.104,0.101,0.103,0.104,0.104,0.105,0.108,0.11
2012-11-27,0.1,0.101,0.101,0.103,0.104,0.104,0.105,0.108,0.11
2012-11-28,0.1,0.101,0.101,0.103,0.104,0.104,0.105,0.108,0.11
2012-11-29,0.1,0.101,0.101,0.103,0.104,0.104,0.105,0.108,0.11
2012-11-30,0.1,0.102,0.101,0.103,0.104,0.104,0.105,0.108,0.11
2012-12-03,0.1,0.102,0.101,0.103,0.104,0.104,0.105,0.108,0.11
2012-12-04,0.1,0.1,0.101,0.103,0.104,0.104,0.105,0.108,0.11
2012-12-05,0.1,0.099,0.101,0.103,0.104,0.104,0.105,0.108,0.11
2012-12-06,0.1,0.096,0.101,0.103,0.104,0.104,0.105,0.108,0.11
2012-12-07,0.099,0.1,0.101,0.103,0.104,0.104,0.105,0.108,0.11
2012-12-10,0.1,0.1,0.101,0.103,0.104,0.104,0.105,0.108,0.11
2012-12-11,0.1,0.1,0.101,0.103,0.104,0.104,0.105,0.108,0.11
2012-12-12,0.1,0.098,0.101,0.103,0.104,0.104,0.105,0.108,0.11
2012-12-13,0.1,0.1,0.101,0.103,0.104,0.104,0.105,0.108,0.11
2012-12-14,0.1,0.101,0.101,0.103,0.104,0.104,0.105,0.108,0.11
2012-12-17,0.1,0.101,0.101,0.103,0.104,0.104,0.105,0.108,0.11
2012-12-18,0.1,0.1,0.101,0.103,0.104,0.104,0.105,0.108,0.11
2012-12-19,0.1,0.101,0.101,0.103,0.104,0.104,0.105,0.107,0.109
2012-12-20,0.1,0.101,0.101,0.103,0.104,0.104,0.105,0.107,0.109
2012-12-21,0.1,0.101,0.101,0.102,0.103,0.104,0.105,0.107,0.109
2012-12-25,0.1,0.101,0.101,0.102,0.103,0.104,0.105,0.107,0.109
2012-12-26,0.1,0.101,0.101,0.102,0.103,0.104,0.105,0.107,0.109
2012-12-27,0.1,0.101,0.101,0.102,0.103,0.104,0.105,0.107,0.109
2012-12-28,0.1,0.101,0.101,0.102,0.103,0.104,0.105,0.107,0.109
2013-01-04,0.1,0.101,0.101,0.102,0.103,0.104,0.105,0.107,0.109
2013-01-07,0.1,0.101,0.101,0.102,0.103,0.104,0.105,0.107,0.109
2013-01-08,0.1,0.101,0.101,0.102,0.103,0.104,0.105,0.107,0.109
2013-01-09,0.1,0.101,0.101,0.102,0.103,0.104,0.105,0.107,0.109
2013-01-10,0.1,0.1,0.101,0.102,0.103,0.104,0.105,0.107,0.108
2013-01-11,0.1,0.101,0.101,0.102,0.103,0.104,0.105,0.107,0.108
2013-01-15,0.1,0.101,0.101,0.102,0.103,0.104,0.105,0.107,0.108
2013-01-16,0.1,0.101,0.101,0.102,0.103,0.104,0.105,0.106,0.108
2013-01-17,0.1,0.101,0.101,0.102,0.103,0.104,0.105,0.106,0.108
2013-01-18,0.1,0.104,0.101,0.102,0.103,0.104,0.105,0.106,0.107
2013-01-21,0.1,0.104,0.101,0.102,0.103,0.103,0.104,0.105,0.107
2013-01-22,0.1,0.101,0.101,0.102,0.103,0.103,0.104,0.105,0.107
2013-01-23,0.1,0.101,0.101,0.102,0.103,0.103,0.105,0.105,0.107
2013-01-24,0.1,0.101,0.101,0.102,0.103,0.103,0.105,0.105,0.107
2013-01-25,0.1,0.101,0.101,0.102,0.103,0.103,0.105,0.105,0.107
2013-01-28,0.1,0.101,0.101,0.102,0.103,0.103,0.105,0.105,0.107
2013-01-29,0.1,0.1,0.101,0.102,0.103,0.103,0.105,0.106,0.107
2013-01-30,0.1,0.1,0.101,0.102,0.103,0.103,0.105,0.105,0.107
2013-01-31,0.1,0.1,0.101,0.102,0.103,0.103,0.105,0.105,0.107
2013-02-01,0.1,0.101,0.101,0.102,0.103,0.103,0.105,0.105,0.107
2013-02-04,0.1,0.1,0.101,0.102,0.103,0.103,0.105,0.105,0.107
2013-02-05,0.1,0.1,0.101,0.102,0.103,0.103,0.105,0.105,0.107
2013-02-06,0.1,0.097,0.1,0.102,0.103,0.103,0.105,0.105,0.106
2013-02-07,0.1,0.1,0.1,0.101,0.102,0.103,0.104,0.105,0.106
2013-02-08,0.1,0.101,0.1,0.101,0.102,0.103,0.104,0.105,0.106
2013-02-12,0.1,0.101,0.1,0.101,0.102,0.103,0.104,0.105,0.106
2013-02-13,0.1,0.1,0.1,0.101,0.101,0.103,0.104,0.105,0.105
2013-02-14,0.1,0.1,0.1,0.101,0.101,0.103,0.104,0.105,0.105
2013-02-15,0.1,0.1,0.1,0.101,0.101,0.103,0.104,0.105,0.105
2013-02-18,0.1,0.099,0.1,0.101,0.101,0.103,0.104,0.105,0.105
2013-02-19,0.099,0.096,0.1,0.1,0.101,0.102,0.104,0.105,0.105
2013-02-20,0.099,0.099,0.1,0.101,0.101,0.102,0.104,0.105,0.105
2013-02-21,0.1,0.1,0.1,0.1,0.101,0.102,0.104,0.104,0.105
2013-02-22,0.1,0.1,0.1,0.1,0.101,0.102,0.103,0.104,0.105
2013-02-25,0.1,0.1,0.1,0.1,0.101,0.102,0.103,0.104,0.105
2013-02-26,0.099,0.098,0.1,0.1,0.101,0.102,0.103,0.104,0.105
2013-02-27,0.1,0.1,0.1,0.1,0.1,0.101,0.103,0.104,0.104
2013-02-28,0.1,0.1,0.1,0.1,0.1,0.101,0.103,0.104,0.104
2013-03-01,0.1,0.1,0.1,0.1,0.1,0.101,0.102,0.104,0.104
2013-03-04,0.1,0.081,0.1,0.1,0.1,0.101,0.102,0.104,0.104
2013-03-05,0.088,0.072,0.098,0.1,0.1,0.1,0.101,0.103,0.103
2013-03-06,0.09,0.083,0.098,0.099,0.099,0.099,0.101,0.102,0.102
2013-03-07,0.093,0.088,0.098,0.099,0.099,0.099,0.1,0.102,0.102
2013-03-08,0.097,0.1,0.099,0.1,0.099,0.099,0.1,0.102,0.102
2013-03-11,0.098,0.097,0.099,0.099,0.099,0.099,0.1,0.101,0.102
2013-03-12,0.096,0.091,0.098,0.099,0.099,0.099,0.1,0.101,0.101
2013-03-13,0.087,0.077,0.096,0.097,0.099,0.099,0.1,0.101,0.101
2013-03-14,0.086,0.092,0.096,0.097,0.099,0.099,0.1,0.101,0.101
2013-03-15,0.096,0.1,0.098,0.099,0.099,0.099,0.1,0.101,0.101
2013-03-18,0.099,0.099,0.098,0.099,0.099,0.099,0.1,0.101,0.101
2013-03-19,0.095,0.1,0.098,0.099,0.099,0.099,0.1,0.101,0.101
2013-03-21,0.095,0.094,0.098,0.099,0.099,0.099,0.1,0.101,0.101
2013-03-22,0.09,0.096,0.098,0.099,0.099,0.099,0.1,0.1,0.1
2013-03-25,0.09,0.074,0.097,0.098,0.099,0.099,0.1,0.1,0.1
2013-03-26,0.062,0.03,0.093,0.096,0.099,0.099,0.1,0.1,0.1
2013-03-27,0.052,0.053,0.091,0.095,0.098,0.099,0.1,0.1,0.1
2013-03-28,0.061,0.053,0.091,0.094,0.097,0.099,0.1,0.1,0.1
2013-03-29,0.072,0.085,0.092,0.094,0.097,0.099,0.1,0.1,0.1
2013-04-01,0.07,0.073,0.092,0.094,0.097,0.099,0.1,0.1,0.1
2013-04-02,0.084,0.074,0.092,0.094,0.097,0.099,0.1,0.1,0.1
2013-04-03,0.094,0.1,0.095,0.095,0.097,0.099,0.1,0.1,0.1
2013-04-04,0.1,0.1,0.096,0.096,0.097,0.099,0.1,0.1,0.1
2013-04-05,0.1,0.101,0.098,0.098,0.098,0.099,0.1,0.1,0.1
2013-04-08,0.101,0.102,0.099,0.099,0.099,0.099,0.1,0.1,0.1
2013-04-09,0.1,0.101,0.099,0.099,0.099,0.1,0.1,0.1,0.1
2013-04-10,0.1,0.1,0.099,0.099,0.1,0.1,0.1,0.1,0.1
2013-04-11,0.1,0.1,0.099,0.099,0.099,0.1,0.1,0.1,0.1
2013-04-12,0.1,0.105,0.099,0.099,0.099,0.1,0.1,0.1,0.1
2013-04-15,0.098,0.094,0.099,0.099,0.099,0.1,0.1,0.1,0.1
2013-04-16,0.097,0.099,0.099,0.099,0.099,0.1,0.1,0.1,0.1
2013-04-17,0.097,0.094,0.099,0.099,0.099,0.1,0.1,0.1,0.1
2013-04-18,0.095,0.095,0.099,0.099,0.099,0.1,0.1,0.1,0.1
2013-04-19,0.098,0.102,0.099,0.099,0.099,0.1,0.1,0.1,0.1
2013-04-22,0.1,0.101,0.1,0.1,0.1,0.1,0.1,0.1,0.1
2013-04-23,0.1,0.1,0.1,0.1,0.1,0.1,0.1,0.1,0.1
2013-04-24,0.1,0.1,0.1,0.1,0.1,0.1,0.1,0.1,0.1
2013-04-25,0.1,0.099,0.1,0.1,0.1,0.1,0.1,0.1,0.1
2013-04-26,0.1,0.1,0.1,0.1,0.1,0.1,0.1,0.1,0.1
2013-04-30,0.1,0.1,0.1,0.1,0.1,0.1,0.1,0.1,0.1
2013-05-01,0.1,0.096,0.1,0.1,0.1,0.1,0.1,0.1,0.1
2013-05-02,0.097,0.102,0.1,0.1,0.1,0.1,0.1,0.1,0.1
2013-05-07,0.1,0.101,0.1,0.1,0.1,0.1,0.1,0.1,0.1
2013-05-08,0.1,0.101,0.1,0.1,0.1,0.1,0.1,0.1,0.1
2013-05-09,0.1,0.1,0.1,0.1,0.1,0.1,0.1,0.1,0.1
2013-05-10,0.1,0.101,0.1,0.1,0.1,0.1,0.1,0.1,0.1
2013-05-13,0.1,0.097,0.1,0.1,0.1,0.1,0.1,0.1,0.1
2013-05-14,0.096,0.095,0.1,0.1,0.1,0.1,0.1,0.1,0.1
2013-05-15,0.094,0.091,0.1,0.1,0.1,0.1,0.1,0.1,0.1
2013-05-16,0.088,0.081,0.1,0.1,0.1,0.1,0.1,0.1,0.1
2013-05-17,0.094,0.1,0.1,0.1,0.1,0.1,0.1,0.1,0.1
2013-05-20,0.1,0.1,0.1,0.1,0.1,0.1,0.1,0.1,0.1
2013-05-21,0.1,0.1,0.1,0.1,0.1,0.1,0.1,0.1,0.1
2013-05-22,0.097,0.094,0.1,0.1,0.1,0.1,0.1,0.1,0.1
2013-05-23,0.096,0.095,0.1,0.1,0.1,0.1,0.1,0.1,0.1
2013-05-24,0.099,0.1,0.1,0.1,0.1,0.1,0.1,0.1,0.1
2013-05-27,0.096,0.079,0.099,0.099,0.1,0.1,0.1,0.1,0.1
2013-05-28,0.09,0.08,0.099,0.099,0.1,0.1,0.1,0.1,0.1
2013-05-29,0.084,0.075,0.098,0.099,0.1,0.1,0.1,0.1,0.1
2013-05-30,0.078,0.048,0.098,0.099,0.1,0.1,0.1,0.1,0.1
2013-05-31,0.087,0.1,0.099,0.1,0.1,0.1,0.1,0.1,0.1
2013-06-03,0.095,0.09,0.099,0.1,0.1,0.1,0.1,0.1,0.1
2013-06-04,0.093,0.081,0.099,0.1,0.1,0.1,0.1,0.1,0.1
2013-06-05,0.085,0.073,0.099,0.099,0.1,0.1,0.1,0.1,0.1
2013-06-06,0.084,0.061,0.098,0.099,0.099,0.1,0.1,0.1,0.1
2013-06-07,0.085,0.1,0.1,0.1,0.1,0.1,0.1,0.1,0.1
2013-06-10,0.098,0.1,0.1,0.1,0.1,0.1,0.1,0.1,0.1
2013-06-11,0.097,0.097,0.1,0.1,0.1,0.1,0.1,0.1,0.1
2013-06-12,0.097,0.094,0.1,0.1,0.1,0.1,0.1,0.1,0.1
2013-06-13,0.096,0.094,0.1,0.1,0.1,0.1,0.1,0.1,0.1
2013-06-14,0.099,0.101,0.1,0.1,0.1,0.1,0.1,0.1,0.1
2013-06-17,0.1,0.1,0.1,0.1,0.1,0.1,0.1,0.1,0.1
2013-06-18,0.1,0.1,0.1,0.1,0.1,0.1,0.1,0.1,0.1
2013-06-19,0.1,0.101,0.1,0.1,0.1,0.1,0.1,0.1,0.1
2013-06-20,0.1,0.101,0.1,0.1,0.1,0.1,0.1,0.1,0.1
2013-06-21,0.1,0.101,0.1,0.1,0.1,0.1,0.1,0.1,0.1
2013-06-24,0.1,0.1,0.1,0.1,0.1,0.1,0.1,0.1,0.1
2013-06-25,0.1,0.1,0.1,0.1,0.1,0.1,0.1,0.1,0.1
2013-06-26,0.1,0.1,0.1,0.1,0.1,0.1,0.1,0.1,0.1
2013-06-27,0.1,0.1,0.1,0.1,0.1,0.1,0.1,0.1,0.1
2013-06-28,0.1,0.102,0.1,0.1,0.1,0.1,0.1,0.1,0.1
2013-07-01,0.1,0.101,0.1,0.1,0.1,0.1,0.1,0.1,0.1
2013-07-02,0.1,0.101,0.1,0.1,0.1,0.1,0.1,0.1,0.1
2013-07-03,0.1,0.101,0.1,0.1,0.1,0.1,0.1,0.1,0.1
2013-07-04,0.1,0.1,0.1,0.1,0.1,0.1,0.1,0.1,0.1
2013-07-05,0.1,0.1,0.1,0.1,0.1,0.1,0.1,0.1,0.1
2013-07-08,0.099,0.096,0.1,0.1,0.1,0.1,0.1,0.1,0.1
2013-07-09,0.1,0.099,0.1,0.1,0.1,0.1,0.1,0.1,0.1
2013-07-10,0.1,0.099,0.1,0.1,0.1,0.1,0.1,0.1,0.1
2013-07-11,0.097,0.085,0.1,0.1,0.1,0.1,0.1,0.1,0.1
2013-07-12,0.096,0.101,0.1,0.1,0.1,0.1,0.1,0.1,0.1
2013-07-16,0.1,0.1,0.1,0.1,0.1,0.1,0.1,0.1,0.1
2013-07-17,0.099,0.096,0.1,0.1,0.1,0.1,0.1,0.1,0.1
2013-07-18,0.096,0.098,0.1,0.1,0.1,0.1,0.1,0.1,0.1
2013-07-19,0.099,0.1,0.1,0.1,0.1,0.1,0.1,0.1,0.1
2013-07-22,0.097,0.087,0.1,0.1,0.1,0.1,0.1,0.1,0.1
2013-07-23,0.088,0.075,0.1,0.1,0.1,0.1,0.1,0.1,0.1
2013-07-24,0.095,0.097,0.1,0.1,0.1,0.1,0.1,0.1,0.1
2013-07-25,0.097,0.096,0.1,0.1,0.1,0.1,0.1,0.1,0.1
2013-07-26,0.099,0.1,0.1,0.1,0.1,0.1,0.1,0.1,0.1
2013-07-29,0.097,0.088,0.1,0.1,0.1,0.1,0.1,0.1,0.1
2013-07-30,0.095,0.082,0.1,0.1,0.1,0.1,0.1,0.1,0.1
2013-07-31,0.095,0.086,0.1,0.1,0.1,0.1,0.1,0.1,0.1
2013-08-01,0.096,0.082,0.1,0.1,0.1,0.1,0.1,0.1,0.1
2013-08-02,0.095,0.096,0.1,0.1,0.1,0.1,0.1,0.1,0.1
2013-08-05,0.094,0.077,0.1,0.1,0.1,0.1,0.1,0.1,0.1
2013-08-06,0.086,0.063,0.099,0.1,0.1,0.1,0.1,0.1,0.1
2013-08-07,0.082,0.065,0.099,0.1,0.1,0.1,0.1,0.1,0.1
2013-08-08,0.085,0.081,0.099,0.1,0.1,0.1,0.1,0.1,0.1
2013-08-09,0.091,0.096,0.1,0.1,0.1,0.1,0.1,0.1,0.1
2013-08-12,0.093,0.076,0.1,0.1,0.1,0.1,0.1,0.1,0.1
2013-08-13,0.086,0.072,0.099,0.1,0.1,0.1,0.1,0.1,0.1
2013-08-14,0.092,0.094,0.099,0.1,0.1,0.1,0.1,0.1,0.1
2013-08-15,0.098,0.1,0.1,0.1,0.1,0.1,0.1,0.1,0.1
2013-08-16,0.1,0.101,0.1,0.1,0.1,0.1,0.1,0.1,0.1
2013-08-19,0.1,0.1,0.1,0.1,0.1,0.1,0.1,0.1,0.1
2013-08-20,0.1,0.098,0.1,0.1,0.1,0.1,0.1,0.1,0.1
2013-08-21,0.1,0.1,0.1,0.1,0.1,0.1,0.1,0.1,0.1
2013-08-22,0.1,0.099,0.1,0.1,0.1,0.1,0.1,0.1,0.1
2013-08-23,0.1,0.1,0.1,0.1,0.1,0.1,0.1,0.1,0.1
2013-08-26,0.099,0.085,0.1,0.1,0.1,0.1,0.1,0.1,0.1
2013-08-27,0.097,0.086,0.1,0.1,0.1,0.1,0.1,0.1,0.1
2013-08-28,0.096,0.089,0.1,0.1,0.1,0.1,0.1,0.1,0.1
2013-08-29,0.095,0.083,0.1,0.1,0.1,0.1,0.1,0.1,0.1
2013-08-30,0.095,0.099,0.1,0.1,0.1,0.1,0.1,0.1,0.1
2013-09-02,0.093,0.083,0.1,0.1,0.1,0.1,0.1,0.1,0.1
2013-09-03,0.087,0.075,0.1,0.1,0.1,0.1,0.1,0.1,0.1
2013-09-04,0.083,0.076,0.1,0.1,0.1,0.1,0.1,0.1,0.1
2013-09-05,0.078,0.068,0.099,0.1,0.1,0.1,0.1,0.1,0.1
2013-09-06,0.083,0.089,0.1,0.1,0.1,0.1,0.1,0.1,0.1
2013-09-09,0.084,0.085,0.099,0.1,0.1,0.1,0.1,0.1,0.1
2013-09-10,0.078,0.057,0.098,0.099,0.1,0.1,0.1,0.1,0.1
2013-09-11,0.059,0.04,0.095,0.098,0.099,0.1,0.1,0.1,0.1
2013-09-12,0.067,0.073,0.096,0.098,0.099,0.099,0.1,0.1,0.1
2013-09-13,0.078,0.094,0.096,0.098,0.099,0.099,0.1,0.1,0.1
2013-09-17,0.08,0.069,0.096,0.098,0.098,0.099,0.1,0.1,0.1
2013-09-18,0.07,0.064,0.097,0.097,0.098,0.099,0.1,0.1,0.1
2013-09-19,0.071,0.081,0.096,0.096,0.097,0.098,0.1,0.1,0.1
2013-09-20,0.078,0.094,0.097,0.097,0.098,0.098,0.1,0.1,0.1
2013-09-24,0.087,0.089,0.097,0.097,0.097,0.098,0.1,0.1,0.1
2013-09-25,0.078,0.079,0.096,0.097,0.097,0.098,0.1,0.1,0.1
2013-09-26,0.077,0.068,0.095,0.095,0.096,0.097,0.098,0.1,0.1
2013-09-27,0.076,0.055,0.094,0.095,0.096,0.097,0.098,0.1,0.1
2013-09-30,0.067,0.062,0.094,0.094,0.095,0.097,0.098,0.1,0.1
2013-10-01,0.066,0.057,0.093,0.094,0.094,0.096,0.098,0.1,0.1
2013-10-02,0.073,0.07,0.094,0.094,0.095,0.096,0.098,0.1,0.1
2013-10-03,0.075,0.072,0.093,0.094,0.094,0.095,0.097,0.099,0.1
2013-10-04,0.075,0.074,0.094,0.094,0.094,0.095,0.097,0.099,0.1
2013-10-07,0.078,0.084,0.094,0.094,0.094,0.095,0.097,0.099,0.099
2013-10-08,0.075,0.063,0.094,0.094,0.094,0.095,0.097,0.099,0.099
2013-10-09,0.074,0.07,0.094,0.094,0.094,0.095,0.097,0.099,0.099
2013-10-10,0.072,0.067,0.094,0.094,0.094,0.095,0.097,0.099,0.099
2013-10-11,0.075,0.1,0.095,0.095,0.095,0.096,0.097,0.099,0.099
2013-10-15,0.09,0.093,0.095,0.095,0.095,0.096,0.097,0.099,0.099
2013-10-16,0.088,0.085,0.095,0.095,0.095,0.096,0.097,0.099,0.099
2013-10-17,0.085,0.098,0.095,0.095,0.095,0.096,0.097,0.099,0.099
2013-10-18,0.091,0.099,0.095,0.095,0.095,0.096,0.097,0.099,0.099
2013-10-21,0.09,0.094,0.095,0.095,0.095,0.096,0.097,0.099,0.099
2013-10-22,0.09,0.092,0.095,0.095,0.095,0.096,0.097,0.099,0.099
2013-10-23,0.091,0.096,0.095,0.094,0.094,0.096,0.097,0.099,0.099
2013-10-24,0.094,0.1,0.095,0.095,0.095,0.095,0.097,0.099,0.099
2013-10-25,0.092,0.1,0.095,0.094,0.094,0.096,0.097,0.099,0.099
2013-10-28,0.092,0.09,0.094,0.094,0.094,0.096,0.097,0.099,0.099
2013-10-29,0.089,0.093,0.094,0.094,0.094,0.096,0.097,0.099,0.099
2013-10-30,0.088,0.076,0.094,0.094,0.094,0.096,0.097,0.099,0.099
2013-10-31,0.085,0.087,0.094,0.094,0.094,0.096,0.097,0.099,0.099
2013-11-01,0.091,0.097,0.095,0.094,0.094,0.096,0.097,0.099,0.099
2013-11-05,0.091,0.09,0.095,0.094,0.095,0.096,0.097,0.099,0.099
2013-11-06,0.085,0.069,0.094,0.094,0.095,0.096,0.097,0.099,0.099
2013-11-07,0.083,0.08,0.094,0.094,0.094,0.095,0.097,0.099,0.099
2013-11-08,0.08,0.076,0.093,0.094,0.094,0.095,0.097,0.099,0.099
2013-11-11,0.074,0.064,0.093,0.093,0.094,0.095,0.097,0.099,0.099
2013-11-12,0.069,0.05,0.091,0.092,0.093,0.094,0.097,0.099,0.099
2013-11-13,0.063,0.046,0.09,0.092,0.093,0.093,0.097,0.099,0.099
2013-11-14,0.072,0.091,0.092,0.093,0.093,0.094,0.097,0.099,0.099
2013-11-15,0.09,0.1,0.092,0.093,0.094,0.094,0.097,0.099,0.099
2013-11-18,0.091,0.098,0.094,0.094,0.094,0.094,0.097,0.099,0.099
2013-11-19,0.092,0.096,0.095,0.094,0.094,0.094,0.097,0.099,0.099
2013-11-20,0.09,0.091,0.095,0.094,0.094,0.094,0.097,0.099,0.099
2013-11-21,0.09,0.093,0.095,0.095,0.094,0.094,0.097,0.099,0.099
2013-11-22,0.093,0.099,0.095,0.095,0.094,0.094,0.097,0.099,0.099
2013-11-25,0.092,0.097,0.094,0.094,0.093,0.094,0.097,0.099,0.099
2013-11-26,0.088,0.087,0.093,0.093,0.093,0.094,0.097,0.099,0.099
2013-11-27,0.086,0.085,0.093,0.093,0.093,0.093,0.097,0.099,0.099
2013-11-28,0.088,0.095,0.094,0.094,0.093,0.094,0.097,0.099,0.099
2013-11-29,0.093,0.1,0.094,0.094,0.093,0.094,0.097,0.098,0.099
2013-12-02,0.096,0.1,0.094,0.094,0.094,0.094,0.098,0.099,0.099
2013-12-03,0.093,0.081,0.093,0.093,0.093,0.094,0.098,0.099,0.099
2013-12-04,0.085,0.084,0.093,0.093,0.093,0.094,0.098,0.099,0.099
2013-12-05,0.084,0.087,0.093,0.093,0.093,0.094,0.098,0.099,0.099
2013-12-06,0.088,0.098,0.094,0.094,0.093,0.094,0.098,0.099,0.099
2013-12-09,0.092,0.1,0.094,0.094,0.094,0.094,0.098,0.099,0.099
2013-12-10,0.09,0.092,0.094,0.094,0.093,0.094,0.098,0.099,0.099
2013-12-11,0.092,0.098,0.094,0.094,0.093,0.094,0.098,0.099,0.099
2013-12-12,0.095,0.1,0.095,0.094,0.094,0.094,0.098,0.099,0.099
2013-12-13,0.096,0.1,0.095,0.094,0.094,0.094,0.098,0.099,0.099
2013-12-16,0.096,0.1,0.095,0.094,0.094,0.094,0.098,0.099,0.099
2013-12-17,0.097,0.1,0.095,0.094,0.094,0.094,0.098,0.099,0.099
2013-12-18,0.096,0.1,0.095,0.095,0.094,0.094,0.098,0.099,0.099
2013-12-19,0.098,0.1,0.095,0.095,0.094,0.095,0.098,0.099,0.099
2013-12-20,0.098,0.1,0.095,0.095,0.095,0.095,0.098,0.099,0.099
2013-12-24,0.099,0.101,0.096,0.095,0.095,0.095,0.098,0.099,0.099
2013-12-25,0.099,0.101,0.095,0.094,0.094,0.095,0.098,0.099,0.099
2013-12-26,0.098,0.1,0.095,0.094,0.094,0.094,0.098,0.099,0.099
2013-12-27,0.09,0.063,0.092,0.093,0.094,0.094,0.098,0.099,0.099
2013-12-30,0.069,0.058,0.091,0.092,0.092,0.093,0.098,0.099,0.099
2014-01-06,0.06,0.054,0.091,0.092,0.093,0.093,0.097,0.099,0.099
2014-01-07,0.06,0.054,0.091,0.091,0.092,0.092,0.097,0.099,0.099
2014-01-08,0.066,0.095,0.092,0.092,0.092,0.092,0.097,0.099,0.099
2014-01-09,0.096,0.098,0.093,0.093,0.093,0.093,0.097,0.099,0.099
2014-01-10,0.097,0.099,0.094,0.093,0.093,0.093,0.097,0.099,0.099
2014-01-14,0.098,0.1,0.094,0.093,0.093,0.093,0.097,0.099,0.099
2014-01-15,0.098,0.095,0.094,0.093,0.093,0.093,0.097,0.099,0.099
2014-01-16,0.09,0.086,0.093,0.092,0.092,0.093,0.097,0.099,0.099
2014-01-17,0.086,0.1,0.093,0.092,0.092,0.093,0.097,0.099,0.099
2014-01-20,0.086,0.069,0.091,0.091,0.092,0.092,0.097,0.099,0.099
2014-01-21,0.075,0.084,0.091,0.091,0.091,0.092,0.097,0.099,0.099
2014-01-22,0.081,0.089,0.091,0.091,0.091,0.092,0.097,0.099,0.099
2014-01-23,0.088,0.096,0.091,0.091,0.091,0.092,0.097,0.099,0.099
2014-01-24,0.092,0.1,0.091,0.091,0.091,0.092,0.097,0.099,0.099
2014-01-27,0.088,0.072,0.091,0.091,0.091,0.091,0.097,0.099,0.099
2014-01-28,0.072,0.065,0.089,0.09,0.091,0.091,0.097,0.099,0.099
2014-01-29,0.068,0.071,0.088,0.089,0.09,0.091,0.097,0.099,0.099
2014-01-30,0.065,0.051,0.087,0.088,0.089,0.09,0.097,0.099,0.099
2014-01-31,0.06,0.067,0.084,0.087,0.089,0.09,0.097,0.099,0.099
2014-02-03,0.061,0.055,0.083,0.086,0.089,0.089,0.096,0.099,0.099
2014-02-04,0.057,0.052,0.082,0.086,0.089,0.089,0.096,0.099,0.099
2014-02-05,0.055,0.055,0.082,0.086,0.089,0.089,0.096,0.099,0.099
2014-02-06,0.056,0.056,0.083,0.086,0.089,0.089,0.096,0.099,0.099
2014-02-07,0.059,0.079,0.083,0.086,0.088,0.089,0.096,0.099,0.099
2014-02-10,0.068,0.054,0.082,0.085,0.088,0.089,0.096,0.098,0.099
2014-02-12,0.052,0.045,0.08,0.084,0.087,0.089,0.096,0.098,0.099
2014-02-13,0.048,0.048,0.079,0.083,0.086,0.088,0.096,0.098,0.098
2014-02-14,0.052,0.075,0.08,0.083,0.086,0.088,0.096,0.098,0.098
2014-02-17,0.059,0.071,0.08,0.082,0.086,0.087,0.096,0.098,0.098
2014-02-18,0.058,0.062,0.08,0.082,0.085,0.087,0.096,0.098,0.098
2014-02-19,0.062,0.092,0.082,0.082,0.085,0.087,0.095,0.098,0.098
2014-02-20,0.083,0.093,0.083,0.083,0.086,0.088,0.095,0.098,0.098
2014-02-21,0.081,0.093,0.082,0.084,0.086,0.088,0.095,0.098,0.098
2014-02-24,0.084,0.084,0.081,0.084,0.086,0.088,0.095,0.098,0.098
2014-02-25,0.08,0.08,0.081,0.084,0.086,0.088,0.095,0.098,0.098
2014-02-26,0.074,0.074,0.081,0.084,0.086,0.088,0.095,0.098,0.098
2014-02-27,0.073,0.081,0.081,0.084,0.086,0.088,0.095,0.098,0.098
2014-02-28,0.071,0.072,0.08,0.083,0.085,0.087,0.094,0.097,0.098
2014-03-03,0.065,0.061,0.08,0.082,0.085,0.087,0.094,0.097,0.098
2014-03-04,0.061,0.061,0.078,0.081,0.085,0.086,0.094,0.097,0.098
2014-03-05,0.057,0.06,0.077,0.081,0.085,0.086,0.094,0.097,0.098
2014-03-06,0.054,0.052,0.076,0.08,0.084,0.085,0.094,0.097,0.097
2014-03-07,0.054,0.062,0.075,0.079,0.084,0.085,0.094,0.097,0.097
2014-03-10,0.055,0.056,0.075,0.08,0.083,0.084,0.094,0.096,0.097
2014-03-11,0.052,0.053,0.073,0.076,0.08,0.081,0.092,0.095,0.095
2014-03-12,0.052,0.051,0.071,0.076,0.08,0.081,0.092,0.095,0.095
2014-03-13,0.044,0.037,0.071,0.076,0.079,0.08,0.091,0.094,0.095
2014-03-14,0.045,0.064,0.071,0.076,0.079,0.08,0.091,0.094,0.095
2014-03-17,0.053,0.048,0.07,0.074,0.077,0.079,0.09,0.094,0.095
2014-03-18,0.047,0.044,0.071,0.074,0.077,0.079,0.09,0.094,0.095
2014-03-19,0.056,0.07,0.073,0.074,0.077,0.079,0.09,0.094,0.095
2014-03-20,0.075,0.096,0.073,0.075,0.078,0.079,0.09,0.094,0.095
2014-03-24,0.076,0.075,0.071,0.074,0.078,0.079,0.09,0.094,0.095
2014-03-25,0.049,0.043,0.07,0.073,0.077,0.078,0.089,0.094,0.094
2014-03-26,0.039,0.037,0.067,0.071,0.075,0.077,0.089,0.093,0.094
2014-03-27,0.04,0.038,0.066,0.071,0.075,0.077,0.089,0.093,0.094
2014-03-28,0.022,-0.011,0.063,0.069,0.072,0.075,0.087,0.093,0.094
2014-03-31,0.004,0.001,0.058,0.066,0.07,0.074,0.086,0.093,0.093
2014-04-01,0.005,0.011,0.058,0.064,0.069,0.073,0.085,0.092,0.093
2014-04-02,0.033,0.074,0.064,0.067,0.07,0.073,0.085,0.092,0.093
2014-04-03,0.058,0.069,0.066,0.068,0.07,0.074,0.085,0.092,0.093
2014-04-04,0.063,0.066,0.065,0.068,0.07,0.074,0.085,0.092,0.093
2014-04-07,0.058,0.059,0.065,0.068,0.07,0.073,0.085,0.092,0.093
2014-04-08,0.057,0.059,0.066,0.069,0.07,0.074,0.085,0.092,0.093
2014-04-09,0.058,0.059,0.065,0.068,0.07,0.074,0.085,0.092,0.093
2014-04-10,0.056,0.061,0.065,0.068,0.07,0.074,0.085,0.092,0.093
2014-04-11,0.057,0.064,0.065,0.068,0.07,0.074,0.085,0.091,0.092
2014-04-14,0.069,0.101,0.07,0.072,0.074,0.074,0.085,0.091,0.092
2014-04-15,0.091,0.096,0.073,0.074,0.074,0.074,0.085,0.091,0.092
2014-04-16,0.085,0.092,0.074,0.074,0.074,0.075,0.085,0.091,0.092
2014-04-17,0.086,0.099,0.074,0.075,0.075,0.075,0.085,0.091,0.092
2014-04-18,0.088,0.101,0.074,0.075,0.075,0.076,0.085,0.091,0.092
2014-04-21,0.093,0.101,0.074,0.076,0.076,0.078,0.085,0.091,0.092
2014-04-22,0.093,0.101,0.077,0.078,0.078,0.078,0.085,0.091,0.092
2014-04-23,0.094,0.101,0.078,0.078,0.078,0.078,0.085,0.091,0.092
2014-04-24,0.093,0.101,0.078,0.078,0.079,0.079,0.085,0.091,0.092
2014-04-25,0.092,0.1,0.079,0.079,0.079,0.079,0.085,0.091,0.092
2014-04-28,0.094,0.1,0.078,0.079,0.079,0.079,0.085,0.091,0.092
2014-04-30,0.09,0.1,0.078,0.078,0.079,0.079,0.084,0.091,0.092
2014-05-01,0.09,0.09,0.078,0.078,0.078,0.079,0.085,0.091,0.092
2014-05-02,0.079,0.098,0.077,0.078,0.079,0.079,0.085,0.091,0.092
2014-05-07,0.082,0.073,0.075,0.077,0.078,0.079,0.085,0.091,0.092
2014-05-08,0.066,0.062,0.075,0.076,0.077,0.078,0.085,0.091,0.092
2014-05-09,0.062,0.082,0.075,0.076,0.076,0.078,0.085,0.091,0.092
2014-05-12,0.073,0.077,0.074,0.076,0.076,0.077,0.085,0.091,0.092
2014-05-13,0.06,0.056,0.071,0.074,0.075,0.076,0.085,0.091,0.092
2014-05-14,0.059,0.066,0.071,0.074,0.075,0.076,0.085,0.091,0.092
2014-05-15,0.061,0.06,0.072,0.074,0.075,0.076,0.084,0.091,0.092
2014-05-16,0.062,0.1,0.073,0.075,0.076,0.076,0.084,0.091,0.092
2014-05-19,0.085,0.1,0.072,0.074,0.075,0.076,0.084,0.091,0.092
2014-05-20,0.083,0.074,0.071,0.074,0.075,0.076,0.084,0.091,0.092
2014-05-21,0.067,0.075,0.071,0.074,0.075,0.076,0.084,0.091,0.092
2014-05-22,0.072,0.07,0.072,0.074,0.075,0.076,0.084,0.091,0.092
2014-05-23,0.07,0.099,0.072,0.074,0.075,0.076,0.084,0.091,0.092
2014-05-26,0.078,0.069,0.071,0.074,0.075,0.076,0.084,0.091,0.092
2014-05-27,0.068,0.082,0.073,0.075,0.075,0.076,0.084,0.091,0.092
2014-05-28,0.069,0.079,0.073,0.075,0.075,0.076,0.084,0.091,0.092
2014-05-29,0.069,0.082,0.073,0.075,0.076,0.077,0.084,0.091,0.092
2014-05-30,0.076,0.1,0.074,0.075,0.076,0.077,0.084,0.091,0.092
2014-06-02,0.087,0.096,0.074,0.075,0.076,0.077,0.084,0.091,0.092
2014-06-03,0.084,0.077,0.074,0.075,0.076,0.077,0.084,0.091,0.092
2014-06-04,0.065,0.064,0.073,0.075,0.076,0.077,0.084,0.091,0.092
2014-06-05,0.062,0.079,0.073,0.075,0.076,0.077,0.084,0.091,0.092
2014-06-06,0.066,0.068,0.072,0.075,0.075,0.076,0.084,0.091,0.092
2014-06-09,0.062,0.062,0.071,0.074,0.075,0.076,0.084,0.091,0.092
2014-06-10,0.06,0.064,0.071,0.074,0.075,0.075,0.084,0.091,0.092
2014-06-11,0.058,0.06,0.071,0.073,0.075,0.075,0.084,0.091,0.092
2014-06-12,0.058,0.092,0.073,0.074,0.075,0.075,0.084,0.091,0.092
2014-06-13,0.07,0.072,0.073,0.074,0.075,0.075,0.084,0.091,0.092
2014-06-16,0.065,0.082,0.072,0.074,0.075,0.075,0.084,0.091,0.092
2014-06-17,0.058,0.059,0.071,0.072,0.074,0.075,0.084,0.091,0.092
2014-06-18,0.05,0.049,0.07,0.072,0.073,0.075,0.084,0.091,0.092
2014-06-19,0.052,0.064,0.07,0.071,0.073,0.075,0.084,0.091,0.092
2014-06-20,0.052,0.057,0.059,0.068,0.071,0.074,0.084,0.09,0.091
2014-06-23,0.05,0.055,0.058,0.066,0.07,0.073,0.084,0.09,0.091
2014-06-24,0.048,0.047,0.054,0.065,0.068,0.072,0.083,0.09,0.09
2014-06-25,0.046,0.045,0.053,0.063,0.067,0.072,0.083,0.09,0.09
2014-06-26,0.044,0.077,0.055,0.065,0.067,0.073,0.083,0.09,0.09
2014-06-27,0.049,0.063,0.061,0.066,0.068,0.073,0.083,0.09,0.09
2014-06-30,0.053,0.079,0.067,0.07,0.071,0.073,0.083,0.09,0.09
2014-07-01,0.053,0.065,0.068,0.07,0.071,0.073,0.083,0.09,0.09
2014-07-02,0.053,0.072,0.068,0.07,0.071,0.073,0.083,0.09,0.09
2014-07-03,0.057,0.093,0.07,0.072,0.071,0.074,0.083,0.09,0.09
2014-07-04,0.075,0.062,0.069,0.071,0.072,0.074,0.083,0.09,0.09
2014-07-07,0.05,0.052,0.066,0.069,0.071,0.073,0.082,0.09,0.09
2014-07-08,0.046,0.051,0.065,0.067,0.07,0.072,0.082,0.089,0.09
2014-07-09,0.047,0.063,0.065,0.067,0.068,0.072,0.082,0.089,0.09
2014-07-10,0.052,0.072,0.065,0.067,0.068,0.071,0.081,0.088,0.089
2014-07-11,0.065,0.078,0.063,0.065,0.068,0.07,0.081,0.088,0.089
2014-07-14,0.058,0.062,0.062,0.064,0.065,0.067,0.08,0.088,0.088
2014-07-15,0.05,0.044,0.059,0.061,0.064,0.065,0.078,0.087,0.088
2014-07-16,0.045,0.042,0.058,0.061,0.063,0.065,0.078,0.087,0.088
2014-07-17,0.049,0.084,0.061,0.062,0.064,0.065,0.078,0.087,0.088
2014-07-18,0.066,0.1,0.06,0.063,0.064,0.065,0.078,0.087,0.088
2014-07-22,0.084,0.098,0.067,0.066,0.066,0.065,0.078,0.087,0.088
2014-07-23,0.088,0.099,0.068,0.067,0.067,0.066,0.078,0.087,0.088
2014-07-24,0.088,0.098,0.068,0.067,0.067,0.066,0.078,0.087,0.088
2014-07-25,0.09,0.098,0.068,0.067,0.066,0.066,0.078,0.085,0.086
2014-07-28,0.086,0.09,0.068,0.067,0.066,0.066,0.078,0.085,0.086
2014-07-29,0.073,0.073,0.066,0.066,0.066,0.067,0.077,0.085,0.086
2014-07-30,0.055,0.053,0.063,0.064,0.065,0.066,0.077,0.085,0.085
2014-07-31,0.059,0.084,0.065,0.065,0.065,0.066,0.077,0.085,0.085
2014-08-01,0.073,0.086,0.064,0.064,0.065,0.065,0.077,0.085,0.085
2014-08-04,0.07,0.075,0.064,0.064,0.065,0.065,0.076,0.085,0.085
2014-08-05,0.065,0.064,0.063,0.064,0.065,0.065,0.076,0.085,0.085
2014-08-06,0.051,0.06,0.063,0.064,0.065,0.065,0.076,0.085,0.085
2014-08-07,0.056,0.091,0.065,0.064,0.065,0.065,0.076,0.085,0.085
2014-08-08,0.071,0.084,0.065,0.064,0.065,0.065,0.076,0.085,0.085
2014-08-11,0.074,0.086,0.065,0.064,0.065,0.066,0.076,0.085,0.085
2014-08-12,0.065,0.046,0.062,0.062,0.064,0.066,0.076,0.085,0.085
2014-08-13,0.049,0.067,0.063,0.063,0.064,0.066,0.076,0.085,0.085
2014-08-14,0.055,0.072,0.065,0.063,0.063,0.065,0.075,0.084,0.085
2014-08-15,0.056,0.083,0.063,0.063,0.064,0.065,0.075,0.084,0.085
2014-08-18,0.055,0.062,0.063,0.063,0.063,0.065,0.074,0.083,0.085
2014-08-19,0.056,0.09,0.064,0.063,0.064,0.065,0.074,0.083,0.085
2014-08-20,0.069,0.093,0.065,0.064,0.064,0.066,0.074,0.084,0.085
2014-08-21,0.072,0.087,0.065,0.065,0.064,0.066,0.074,0.084,0.085
2014-08-22,0.073,0.1,0.065,0.065,0.064,0.066,0.074,0.084,0.085
2014-08-25,0.076,0.092,0.066,0.065,0.064,0.065,0.074,0.084,0.084
2014-08-26,0.076,0.084,0.066,0.066,0.065,0.065,0.075,0.084,0.084
2014-08-27,0.068,0.08,0.065,0.065,0.065,0.065,0.075,0.084,0.084
2014-08-28,0.068,0.084,0.066,0.066,0.065,0.065,0.075,0.083,0.084
2014-08-29,0.072,0.092,0.066,0.066,0.065,0.065,0.075,0.083,0.084
2014-09-01,0.071,0.065,0.066,0.066,0.065,0.065,0.074,0.083,0.084
2014-09-02,0.054,0.06,0.064,0.065,0.064,0.064,0.074,0.083,0.084
2014-09-03,0.054,0.059,0.064,0.064,0.064,0.064,0.074,0.083,0.084
2014-09-04,0.057,0.087,0.065,0.065,0.064,0.064,0.074,0.083,0.084
2014-09-05,0.056,0.048,0.061,0.063,0.063,0.063,0.074,0.083,0.084
2014-09-08,0.049,0.065,0.061,0.063,0.062,0.063,0.074,0.083,0.084
2014-09-09,0.052,0.061,0.061,0.062,0.061,0.062,0.073,0.083,0.083
2014-09-10,0.05,0.051,0.059,0.06,0.059,0.06,0.072,0.082,0.083
2014-09-11,0.048,0.063,0.057,0.057,0.055,0.055,0.069,0.079,0.08
2014-09-12,0.053,0.057,0.056,0.054,0.054,0.055,0.067,0.079,0.08
2014-09-16,0.043,0.036,0.053,0.05,0.053,0.055,0.065,0.077,0.08
2014-09-17,0.039,0.055,0.051,0.048,0.052,0.055,0.065,0.077,0.08
2014-09-18,0.043,0.042,0.05,0.045,0.051,0.054,0.065,0.078,0.08
2014-09-19,0.044,0.065,0.043,0.041,0.047,0.051,0.063,0.075,0.08
2014-09-22,0.043,0.053,0.041,0.04,0.046,0.05,0.062,0.073,0.079
2014-09-24,0.036,0.033,0.029,0.035,0.044,0.049,0.061,0.073,0.078
2014-09-25,0.028,0.021,0.019,0.028,0.039,0.043,0.06,0.071,0.078
2014-09-26,0.032,0.073,0.015,0.025,0.037,0.043,0.059,0.071,0.078
2014-09-29,0.031,-0.001,0.025,0.034,0.041,0.045,0.058,0.071,0.078
2014-09-30,0.008,0.018,0.028,0.037,0.041,0.046,0.056,0.069,0.075
2014-10-01,0.012,0.003,0.031,0.037,0.042,0.046,0.055,0.069,0.075
2014-10-02,0.008,0.007,0.031,0.038,0.041,0.046,0.056,0.068,0.074
2014-10-03,0.014,0.067,0.031,0.038,0.042,0.046,0.056,0.068,0.074
2014-10-06,0.032,0.034,0.033,0.038,0.042,0.046,0.056,0.069,0.074
2014-10-07,0.019,0.004,0.032,0.037,0.041,0.045,0.054,0.067,0.073
2014-10-08,0.008,0.007,0.032,0.037,0.041,0.045,0.053,0.067,0.073
2014-10-09,0.01,0.033,0.033,0.038,0.041,0.045,0.052,0.066,0.073
2014-10-10,0.036,0.071,0.038,0.04,0.042,0.045,0.052,0.066,0.073
2014-10-14,0.054,0.092,0.041,0.042,0.043,0.045,0.051,0.066,0.073
2014-10-15,0.064,0.04,0.04,0.041,0.042,0.044,0.051,0.066,0.073
2014-10-16,0.043,0.087,0.043,0.043,0.044,0.045,0.05,0.065,0.073
2014-10-17,0.065,0.092,0.042,0.042,0.043,0.045,0.05,0.065,0.073
2014-10-20,0.066,0.066,0.04,0.041,0.042,0.044,0.05,0.065,0.073
2014-10-21,0.057,0.042,0.039,0.04,0.042,0.043,0.05,0.065,0.073
2014-10-22,0.043,0.082,0.041,0.04,0.042,0.044,0.05,0.065,0.073
2014-10-23,0.056,0.092,0.043,0.043,0.044,0.045,0.05,0.065,0.073
2014-10-24,0.069,0.093,0.044,0.043,0.044,0.045,0.05,0.065,0.072
2014-10-27,0.074,0.085,0.044,0.043,0.043,0.045,0.05,0.065,0.072
2014-10-28,0.063,0.063,0.043,0.043,0.043,0.045,0.05,0.065,0.072
2014-10-29,0.044,0.065,0.043,0.043,0.044,0.045,0.05,0.065,0.071
2014-10-30,0.05,0.085,0.043,0.043,0.044,0.045,0.05,0.065,0.071
2014-10-31,0.065,0.1,0.045,0.044,0.045,0.046,0.05,0.065,0.071
2014-11-04,0.076,0.093,0.045,0.044,0.045,0.046,0.05,0.065,0.071
2014-11-05,0.069,0.053,0.043,0.043,0.045,0.045,0.05,0.065,0.071
2014-11-06,0.053,0.076,0.045,0.044,0.045,0.045,0.05,0.065,0.071
2014-11-07,0.062,0.065,0.044,0.044,0.045,0.045,0.049,0.065,0.071
2014-11-10,0.049,0.047,0.042,0.042,0.043,0.044,0.049,0.065,0.071
2014-11-11,0.035,0.037,0.038,0.039,0.041,0.042,0.049,0.065,0.071
2014-11-12,0.026,0.02,0.036,0.038,0.04,0.041,0.048,0.065,0.071
2014-11-13,0.025,0.032,0.035,0.038,0.04,0.042,0.048,0.063,0.07
2014-11-14,0.032,0.082,0.035,0.038,0.04,0.042,0.048,0.063,0.068
2014-11-17,0.045,0.047,0.035,0.037,0.039,0.04,0.048,0.062,0.068
2014-11-18,0.038,0.034,0.035,0.038,0.04,0.042,0.05,0.064,0.07
2014-11-19,0.035,0.048,0.035,0.038,0.039,0.04,0.047,0.062,0.068
2014-11-20,0.04,0.055,0.036,0.037,0.038,0.04,0.046,0.062,0.068
2014-11-21,0.044,0.088,0.036,0.037,0.038,0.04,0.046,0.062,0.068
2014-11-25,0.053,0.052,0.035,0.036,0.038,0.04,0.046,0.062,0.068
2014-11-26,0.042,0.035,0.035,0.036,0.038,0.04,0.046,0.062,0.068
2014-11-27,0.033,0.039,0.035,0.036,0.038,0.038,0.046,0.062,0.068
2014-11-28,0.035,0.038,0.035,0.036,0.037,0.033,0.046,0.062,0.068
2014-12-01,0.031,0.034,0.034,0.036,0.037,0.028,0.042,0.059,0.067
2014-12-02,0.028,0.022,0.033,0.035,0.035,0.025,0.039,0.058,0.066
2014-12-03,0.024,0.025,0.031,0.033,0.033,0.015,0.034,0.055,0.064
2014-12-04,0.024,0.027,0.031,0.033,0.033,0.01,0.034,0.054,0.062
2014-12-05,0.03,0.071,0.032,0.034,0.033,0.008,0.034,0.054,0.062
2014-12-08,0.041,0.039,0.032,0.033,0.02,0.007,0.034,0.054,0.062
2014-12-09,0.035,0.051,0.03,0.031,0.006,0.003,0.03,0.05,0.059
2014-12-10,0.038,0.057,0.033,0.032,0.001,0.003,0.032,0.05,0.059
2014-12-11,0.042,0.06,0.035,0.033,0.002,0.003,0.032,0.05,0.059
2014-12-12,0.045,0.084,0.036,0.033,-0.004,0.001,0.029,0.048,0.058
2014-12-15,0.048,0.028,0.031,0.007,-0.008,-0.005,0.029,0.047,0.058
2014-12-16,0.031,0.04,0.03,-0.001,-0.008,-0.005,0.029,0.047,0.058
2014-12-17,0.034,0.038,0.028,-0.011,-0.01,-0.005,0.027,0.044,0.055
2014-12-18,0.036,0.06,0.03,-0.017,-0.012,-0.004,0.027,0.044,0.055
2014-12-19,0.045,0.1,-0.003,-0.008,-0.004,0.003,0.027,0.043,0.055
2014-12-22,0.055,0.1,-0.007,-0.005,0.0,0.006,0.027,0.043,0.056
2014-12-24,0.061,0.099,-0.001,0.002,0.005,0.013,0.028,0.044,0.056
2014-12-25,0.06,0.1,0.005,0.008,0.014,0.018,0.03,0.044,0.056
2014-12-26,0.06,0.091,0.017,0.021,0.023,0.027,0.032,0.044,0.057
2014-12-29,0.063,0.092,0.043,0.042,0.042,0.042,0.036,0.048,0.058
2014-12-30,0.069,0.096,0.046,0.045,0.045,0.045,0.036,0.048,0.058
2015-01-05,0.064,0.086,0.05,0.048,0.047,0.046,0.036,0.048,0.058
2015-01-06,0.066,0.1,0.054,0.05,0.049,0.048,0.038,0.048,0.058
2015-01-07,0.072,0.1,0.058,0.053,0.052,0.052,0.039,0.049,0.058
2015-01-08,0.075,0.1,0.063,0.06,0.061,0.059,0.039,0.049,0.058
2015-01-09,0.082,0.1,0.064,0.061,0.06,0.059,0.038,0.05,0.058
2015-01-13,0.074,0.099,0.06,0.058,0.058,0.056,0.037,0.048,0.058
2015-01-14,0.078,0.088,0.06,0.057,0.057,0.055,0.037,0.048,0.058
2015-01-15,0.079,0.098,0.061,0.058,0.057,0.055,0.036,0.048,0.058
2015-01-16,0.079,0.098,0.062,0.059,0.057,0.055,0.036,0.048,0.058
2015-01-19,0.078,0.1,0.063,0.06,0.058,0.055,0.038,0.048,0.058
2015-01-20,0.076,0.084,0.062,0.059,0.058,0.054,0.04,0.05,0.058
2015-01-21,0.075,0.087,0.062,0.059,0.058,0.054,0.04,0.05,0.058
2015-01-22,0.077,0.095,0.063,0.061,0.058,0.054,0.041,0.05,0.058
2015-01-23,0.079,0.1,0.063,0.061,0.059,0.055,0.042,0.05,0.058
2015-01-26,0.074,0.086,0.063,0.06,0.058,0.054,0.04,0.05,0.058
2015-01-27,0.07,0.072,0.064,0.059,0.057,0.054,0.04,0.049,0.058
2015-01-28,0.063,0.069,0.06,0.058,0.057,0.054,0.039,0.048,0.058
2015-01-29,0.064,0.074,0.062,0.058,0.057,0.054,0.04,0.048,0.058
2015-01-30,0.071,0.086,0.062,0.059,0.058,0.055,0.04,0.048,0.058
2015-02-02,0.069,0.059,0.058,0.056,0.055,0.053,0.04,0.048,0.058
2015-02-03,0.059,0.059,0.058,0.055,0.054,0.053,0.039,0.048,0.058
2015-02-04,0.055,0.051,0.052,0.051,0.05,0.045,0.036,0.048,0.058
2015-02-05,0.054,0.063,0.053,0.05,0.05,0.045,0.035,0.048,0.058
2015-02-06,0.065,0.088,0.054,0.05,0.05,0.045,0.035,0.048,0.058
2015-02-09,0.077,0.096,0.055,0.052,0.05,0.045,0.036,0.048,0.058
2015-02-10,0.074,0.082,0.056,0.052,0.051,0.045,0.038,0.048,0.058
2015-02-12,0.064,0.068,0.055,0.051,0.05,0.045,0.037,0.048,0.058
2015-02-13,0.06,0.069,0.053,0.05,0.05,0.045,0.037,0.048,0.058
2015-02-16,0.061,0.072,0.053,0.051,0.05,0.045,0.037,0.048,0.058
2015-02-17,0.062,0.073,0.053,0.051,0.05,0.045,0.038,0.048,0.058
2015-02-18,0.056,0.056,0.053,0.05,0.049,0.045,0.036,0.048,0.058
2015-02-19,0.061,0.086,0.053,0.05,0.049,0.045,0.036,0.048,0.058
2015-02-20,0.064,0.098,0.055,0.052,0.049,0.045,0.037,0.048,0.058
2015-02-23,0.067,0.079,0.054,0.052,0.049,0.045,0.037,0.048,0.058
2015-02-24,0.06,0.066,0.054,0.051,0.049,0.045,0.037,0.048,0.058
2015-02-25,0.055,0.065,0.053,0.05,0.048,0.045,0.037,0.048,0.058
2015-02-26,0.059,0.079,0.054,0.05,0.048,0.036,0.037,0.048,0.058
2015-02-27,0.072,0.093,0.054,0.05,0.047,0.036,0.037,0.048,0.058
2015-03-02,0.059,0.053,0.052,0.049,0.047,0.034,0.037,0.048,0.057
2015-03-03,0.05,0.037,0.048,0.046,0.044,0.027,0.036,0.047,0.056
2015-03-04,0.038,0.031,0.043,0.043,0.042,0.024,0.035,0.047,0.056
2015-03-05,0.018,0.008,0.033,0.032,0.028,0.017,0.034,0.046,0.055
2015-03-06,0.013,0.01,0.018,0.016,0.015,0.008,0.031,0.043,0.054
2015-03-09,0.02,0.084,0.018,0.015,0.006,0.007,0.03,0.042,0.054
2015-03-10,0.038,0.034,0.015,0.015,0.002,0.003,0.028,0.042,0.053
2015-03-11,0.024,0.024,0.015,0.013,-0.001,0.002,0.028,0.042,0.053
2015-03-12,0.024,0.025,0.015,0.013,-0.003,0.0,0.028,0.042,0.053
2015-03-13,0.024,0.035,0.015,0.013,-0.005,-0.001,0.027,0.041,0.053
2015-03-16,0.024,0.014,0.015,-0.005,-0.005,0.0,0.027,0.041,0.053
2015-03-17,0.018,0.022,0.015,-0.005,-0.005,0.0,0.026,0.041,0.052
2015-03-18,0.015,0.014,0.015,-0.007,-0.004,0.001,0.026,0.041,0.052
2015-03-19,0.017,0.068,0.018,-0.005,-0.003,0.003,0.028,0.041,0.052
2015-03-20,0.049,0.095,0.019,-0.003,-0.002,0.005,0.028,0.041,0.052
2015-03-23,0.056,0.093,-0.001,0.0,0.003,0.008,0.03,0.041,0.052
2015-03-24,0.048,0.054,0.002,0.003,0.006,0.012,0.031,0.042,0.052
2015-03-25,0.04,0.07,0.003,0.005,0.009,0.015,0.031,0.043,0.054
2015-03-26,0.054,0.096,0.015,0.017,0.018,0.02,0.031,0.043,0.054
2015-03-27,0.058,0.069,0.013,0.016,0.018,0.022,0.033,0.044,0.054
2015-03-30,0.043,-0.001,0.025,0.026,0.027,0.029,0.033,0.044,0.054
2015-03-31,-0.003,0.034,0.032,0.032,0.032,0.032,0.032,0.044,0.054
2015-04-01,0.021,0.026,0.031,0.032,0.032,0.033,0.032,0.043,0.052
2015-04-02,0.023,0.023,0.033,0.033,0.033,0.034,0.033,0.043,0.052
2015-04-03,0.026,0.075,0.032,0.033,0.033,0.035,0.034,0.043,0.053
2015-04-06,0.036,0.038,0.032,0.033,0.033,0.034,0.033,0.043,0.053
2015-04-07,0.028,0.028,0.033,0.034,0.035,0.036,0.034,0.043,0.053
2015-04-08,0.02,0.019,0.034,0.035,0.035,0.036,0.034,0.043,0.053
2015-04-09,0.021,0.055,0.035,0.036,0.036,0.037,0.034,0.043,0.053
2015-04-10,0.031,0.044,0.035,0.035,0.036,0.036,0.034,0.042,0.053
2015-04-13,0.019,0.017,0.034,0.034,0.035,0.036,0.033,0.042,0.053
2015-04-14,0.022,0.063,0.037,0.038,0.037,0.037,0.033,0.042,0.053
2015-04-15,0.028,0.067,0.039,0.04,0.038,0.038,0.033,0.041,0.053
2015-04-16,0.044,0.068,0.039,0.039,0.038,0.038,0.034,0.042,0.054
2015-04-17,0.049,0.083,0.042,0.039,0.038,0.038,0.035,0.043,0.054
2015-04-20,0.053,0.084,0.044,0.039,0.038,0.038,0.035,0.043,0.053
2015-04-21,0.055,0.07,0.049,0.039,0.038,0.038,0.034,0.043,0.053
2015-04-22,0.05,0.055,0.048,0.04,0.039,0.036,0.034,0.043,0.053
2015-04-23,0.05,0.076,0.04,0.038,0.038,0.035,0.033,0.042,0.053
2015-04-24,0.048,0.079,0.04,0.037,0.037,0.035,0.033,0.042,0.053
2015-04-27,0.052,0.094,0.042,0.039,0.038,0.036,0.033,0.042,0.053
2015-04-28,0.054,0.032,0.036,0.038,0.037,0.035,0.033,0.042,0.053
2015-04-30,0.043,0.073,0.04,0.038,0.038,0.038,0.033,0.041,0.053
2015-05-01,0.053,0.063,0.039,0.038,0.038,0.037,0.033,0.041,0.053
2015-05-07,0.051,0.079,0.041,0.039,0.038,0.037,0.033,0.041,0.053
2015-05-08,0.05,0.05,0.041,0.039,0.039,0.037,0.033,0.041,0.053
2015-05-11,0.043,0.041,0.04,0.039,0.038,0.037,0.033,0.041,0.053
2015-05-12,0.032,0.015,0.038,0.038,0.038,0.036,0.033,0.041,0.053
2015-05-13,0.019,0.026,0.038,0.037,0.037,0.036,0.033,0.041,0.053
2015-05-14,0.027,0.041,0.038,0.037,0.037,0.036,0.033,0.041,0.053
2015-05-15,0.035,0.059,0.038,0.037,0.037,0.035,0.033,0.041,0.053
2015-05-18,0.04,0.05,0.039,0.037,0.037,0.035,0.032,0.041,0.053
2015-05-19,0.037,0.059,0.04,0.038,0.037,0.035,0.032,0.041,0.053
2015-05-20,0.042,0.06,0.045,0.04,0.039,0.038,0.032,0.041,0.053
2015-05-21,0.044,0.072,0.047,0.041,0.039,0.038,0.032,0.041,0.053
2015-05-22,0.045,0.079,0.048,0.041,0.039,0.038,0.032,0.041,0.053
2015-05-25,0.05,0.076,0.047,0.041,0.039,0.038,0.033,0.041,0.053
2015-05-26,0.049,0.055,0.046,0.04,0.039,0.038,0.033,0.041,0.053
2015-05-27,0.047,0.083,0.047,0.041,0.04,0.038,0.033,0.041,0.053
2015-05-28,0.052,0.073,0.049,0.044,0.04,0.037,0.033,0.041,0.053
2015-05-29,0.059,0.07,0.05,0.045,0.042,0.036,0.033,0.041,0.053
2015-06-01,0.052,0.071,0.051,0.045,0.041,0.037,0.034,0.041,0.054
2015-06-02,0.052,0.069,0.051,0.045,0.041,0.037,0.035,0.041,0.054
2015-06-03,0.051,0.066,0.05,0.044,0.042,0.038,0.035,0.041,0.054
2015-06-04,0.053,0.075,0.05,0.044,0.042,0.037,0.035,0.041,0.054
2015-06-05,0.054,0.076,0.051,0.043,0.04,0.037,0.034,0.041,0.054
2015-06-08,0.054,0.07,0.051,0.043,0.038,0.036,0.035,0.041,0.054
2015-06-09,0.052,0.07,0.051,0.043,0.039,0.037,0.035,0.041,0.054
2015-06-10,0.05,0.057,0.048,0.043,0.038,0.037,0.035,0.041,0.054
2015-06-11,0.053,0.09,0.053,0.048,0.038,0.038,0.035,0.041,0.054
2015-06-12,0.062,0.089,0.053,0.048,0.038,0.038,0.035,0.042,0.054
2015-06-15,0.06,0.065,0.054,0.042,0.038,0.038,0.035,0.043,0.054
2015-06-16,0.051,0.068,0.052,0.04,0.037,0.038,0.036,0.043,0.054
2015-06-17,0.051,0.061,0.051,0.04,0.039,0.037,0.036,0.043,0.054
2015-06-18,0.049,0.06,0.053,0.04,0.039,0.039,0.036,0.043,0.054
2015-06-19,0.053,0.091,0.053,0.043,0.042,0.04,0.037,0.043,0.054
2015-06-22,0.059,0.086,0.048,0.045,0.043,0.04,0.037,0.043,0.054
2015-06-23,0.053,0.06,0.045,0.044,0.042,0.04,0.037,0.043,0.054
2015-06-24,0.044,0.05,0.041,0.042,0.04,0.04,0.038,0.043,0.054
2015-06-25,0.043,0.052,0.036,0.04,0.04,0.04,0.038,0.043,0.054
2015-06-26,0.043,0.066,0.029,0.036,0.039,0.038,0.038,0.043,0.054
2015-06-29,0.039,-0.085,0.038,0.038,0.039,0.04,0.036,0.042,0.053
2015-06-30,-0.109,0.016,0.037,0.038,0.038,0.038,0.036,0.042,0.053
2015-07-01,0.016,0.045,0.041,0.041,0.04,0.04,0.036,0.042,0.053
2015-07-02,0.031,0.06,0.046,0.044,0.042,0.041,0.036,0.041,0.053
2015-07-03,0.033,0.038,0.042,0.041,0.04,0.04,0.036,0.041,0.053
2015-07-06,0.02,0.013,0.036,0.037,0.037,0.038,0.036,0.041,0.051
2015-07-07,0.011,0.008,0.033,0.035,0.035,0.035,0.035,0.04,0.05
2015-07-08,0.01,0.017,0.034,0.036,0.035,0.036,0.035,0.04,0.05
2015-07-09,0.015,0.063,0.039,0.039,0.037,0.036,0.035,0.04,0.05
2015-07-10,0.038,0.052,0.038,0.038,0.037,0.037,0.035,0.04,0.05
2015-07-13,0.028,0.038,0.04,0.04,0.038,0.038,0.035,0.04,0.05
2015-07-14,0.035,0.078,0.046,0.046,0.042,0.041,0.035,0.04,0.05
2015-07-15,0.042,0.046,0.045,0.046,0.042,0.04,0.035,0.041,0.051
2015-07-16,0.034,0.073,0.044,0.045,0.041,0.039,0.035,0.041,0.051
2015-07-17,0.041,0.095,0.044,0.045,0.041,0.04,0.035,0.041,0.051
2015-07-21,0.057,0.062,0.045,0.045,0.041,0.04,0.035,0.041,0.051
2015-07-22,0.048,0.058,0.045,0.045,0.042,0.04,0.035,0.041,0.051
2015-07-23,0.047,0.067,0.045,0.045,0.042,0.039,0.035,0.041,0.051
2015-07-24,0.049,0.062,0.045,0.044,0.041,0.039,0.036,0.041,0.051
2015-07-27,0.046,0.077,0.045,0.045,0.041,0.04,0.036,0.041,0.051
2015-07-28,0.052,0.058,0.045,0.045,0.041,0.04,0.036,0.041,0.051
2015-07-29,0.045,0.047,0.044,0.044,0.041,0.04,0.036,0.041,0.051
2015-07-30,0.035,-0.011,0.042,0.041,0.04,0.039,0.035,0.04,0.05
2015-07-31,0.0,0.065,0.042,0.041,0.04,0.039,0.035,0.04,0.05
2015-08-03,0.042,0.067,0.044,0.041,0.04,0.039,0.035,0.04,0.05
2015-08-04,0.052,0.076,0.047,0.044,0.041,0.039,0.035,0.04,0.05
2015-08-05,0.059,0.086,0.05,0.048,0.042,0.039,0.035,0.04,0.05
2015-08-06,0.06,0.086,0.05,0.047,0.043,0.04,0.035,0.04,0.05
2015-08-07,0.064,0.095,0.051,0.049,0.043,0.04,0.035,0.04,0.05
2015-08-10,0.058,0.093,0.051,0.048,0.043,0.04,0.035,0.04,0.05
2015-08-11,0.055,0.06,0.05,0.047,0.043,0.04,0.035,0.04,0.05
2015-08-12,0.057,0.089,0.054,0.05,0.044,0.041,0.034,0.04,0.05
2015-08-13,0.07,0.094,0.056,0.05,0.044,0.042,0.034,0.04,0.05
2015-08-14,0.074,0.093,0.057,0.048,0.044,0.041,0.034,0.04,0.05
2015-08-17,0.065,0.084,0.057,0.05,0.044,0.042,0.036,0.04,0.05
2015-08-18,0.064,0.078,0.058,0.05,0.045,0.044,0.036,0.04,0.05
2015-08-19,0.064,0.092,0.06,0.05,0.045,0.044,0.036,0.04,0.05
2015-08-20,0.066,0.094,0.063,0.052,0.046,0.045,0.036,0.041,0.05
2015-08-21,0.072,0.097,0.058,0.051,0.046,0.045,0.036,0.041,0.05
2015-08-24,0.071,0.092,0.06,0.054,0.048,0.045,0.036,0.041,0.049
2015-08-25,0.063,0.085,0.06,0.053,0.047,0.045,0.036,0.041,0.049
2015-08-26,0.063,0.085,0.06,0.054,0.047,0.045,0.036,0.041,0.049
2015-08-27,0.064,0.087,0.058,0.053,0.047,0.045,0.036,0.041,0.049
2015-08-28,0.055,0.038,0.059,0.054,0.047,0.038,0.037,0.041,0.049
2015-08-31,0.039,0.07,0.059,0.054,0.047,0.036,0.036,0.041,0.049
2015-09-01,0.048,0.06,0.058,0.053,0.046,0.034,0.036,0.041,0.049
2015-09-02,0.042,0.06,0.056,0.051,0.045,0.034,0.036,0.041,0.049
2015-09-03,0.04,0.065,0.056,0.051,0.045,0.031,0.035,0.041,0.049
2015-09-04,0.05,0.077,0.055,0.05,0.044,0.028,0.035,0.041,0.049
2015-09-07,0.055,0.081,0.055,0.049,0.044,0.021,0.035,0.041,0.049
2015-09-08,0.053,0.076,0.055,0.049,0.02,0.018,0.035,0.041,0.049
2015-09-09,0.053,0.08,0.054,0.05,0.013,0.016,0.035,0.042,0.049
2015-09-10,0.047,0.061,0.051,0.047,0.01,0.014,0.035,0.041,0.049
2015-09-11,0.04,0.052,0.044,0.04,0.004,0.01,0.035,0.041,0.049
2015-09-14,0.033,0.065,0.039,0.037,-0.009,0.002,0.034,0.041,0.049
2015-09-15,0.027,0.028,0.036,-0.035,-0.026,-0.009,0.034,0.04,0.049
2015-09-16,0.024,0.028,0.036,-0.044,-0.03,-0.012,0.034,0.04,0.049
2015-09-17,0.022,0.057,-0.068,-0.045,-0.029,-0.008,0.034,0.04,0.049
2015-09-18,0.031,0.082,-0.106,-0.064,-0.037,-0.021,0.034,0.04,0.049
2015-09-24,0.045,0.084,-0.115,-0.067,-0.038,-0.019,0.032,0.04,0.049
2015-09-25,0.046,0.072,-0.201,-0.107,-0.05,-0.026,0.03,0.039,0.048
2015-09-28,0.037,0.074,-0.22,-0.107,-0.049,-0.026,0.03,0.039,0.048
2015-09-29,0.033,-0.068,0.039,0.037,0.035,0.035,0.027,0.036,0.047
2015-09-30,0.0,0.049,0.043,0.041,0.038,0.036,0.028,0.037,0.047
2015-10-01,0.03,0.07,0.051,0.048,0.044,0.04,0.025,0.037,0.047
2015-10-02,0.045,0.092,0.056,0.049,0.045,0.041,0.02,0.036,0.047
2015-10-05,0.048,0.072,0.055,0.05,0.046,0.04,0.017,0.037,0.047
2015-10-06,0.04,0.059,0.051,0.049,0.045,0.04,0.015,0.036,0.047
2015-10-07,0.038,0.063,0.049,0.048,0.045,0.04,0.014,0.035,0.046
2015-10-08,0.04,0.049,0.05,0.049,0.043,0.039,0.011,0.034,0.045
2015-10-09,0.038,0.101,0.055,0.051,0.044,0.04,0.011,0.034,0.045
2015-10-13,0.048,0.073,0.055,0.053,0.045,0.041,0.01,0.034,0.045
2015-10-14,0.043,0.082,0.059,0.054,0.045,0.041,0.009,0.032,0.044
2015-10-15,0.043,0.082,0.061,0.05,0.044,0.04,0.008,0.031,0.044
2015-10-16,0.046,0.08,0.06,0.048,0.044,0.04,0.008,0.031,0.043
2015-10-19,0.047,0.089,0.061,0.049,0.044,0.04,0.008,0.031,0.043
2015-10-20,0.047,0.058,0.055,0.047,0.042,0.04,0.008,0.031,0.043
2015-10-21,0.046,0.065,0.057,0.045,0.042,0.04,0.008,0.031,0.043
2015-10-22,0.048,0.084,0.049,0.044,0.042,0.04,0.009,0.031,0.043
2015-10-23,0.055,0.086,0.048,0.045,0.042,0.04,0.009,0.031,0.043
2015-10-26,0.056,0.06,0.044,0.044,0.041,0.04,0.008,0.03,0.043
2015-10-27,0.047,0.067,0.043,0.043,0.04,0.039,0.008,0.031,0.043
2015-10-28,0.045,0.06,0.039,0.042,0.04,0.039,0.008,0.031,0.042
2015-10-29,0.035,0.025,0.044,0.043,0.04,0.038,0.01,0.031,0.042
2015-10-30,0.036,0.073,0.049,0.046,0.041,0.038,0.011,0.03,0.042
2015-11-02,0.042,0.054,0.048,0.045,0.041,0.038,0.011,0.031,0.042
2015-11-04,0.036,0.034,0.045,0.044,0.041,0.038,0.011,0.031,0.042
2015-11-05,0.032,0.022,0.045,0.044,0.041,0.038,0.01,0.031,0.042
2015-11-06,0.034,0.047,0.046,0.044,0.041,0.039,0.01,0.031,0.042
2015-11-09,0.036,0.08,0.047,0.044,0.041,0.039,0.01,0.031,0.042
2015-11-10,0.037,0.065,0.045,0.044,0.041,0.039,0.011,0.031,0.043
2015-11-11,0.034,0.035,0.045,0.044,0.041,0.039,0.011,0.031,0.043
2015-11-12,0.034,0.065,0.045,0.044,0.041,0.039,0.011,0.031,0.043
2015-11-13,0.037,0.077,0.047,0.044,0.041,0.039,0.01,0.031,0.043
2015-11-16,0.036,0.043,0.045,0.042,0.04,0.039,0.01,0.031,0.043
2015-11-17,0.036,0.053,0.046,0.042,0.039,0.039,0.009,0.031,0.043
2015-11-18,0.035,0.046,0.046,0.037,0.039,0.039,0.008,0.03,0.042
2015-11-19,0.037,0.075,0.044,0.039,0.04,0.039,0.008,0.029,0.04
2015-11-20,0.037,0.07,0.042,0.04,0.038,0.037,0.008,0.028,0.04
2015-11-24,0.042,0.084,0.046,0.042,0.041,0.039,0.007,0.027,0.039
2015-11-25,0.045,0.079,0.047,0.042,0.04,0.039,0.007,0.027,0.039
2015-11-26,0.049,0.08,0.047,0.043,0.041,0.039,0.007,0.027,0.038
2015-11-27,0.048,0.074,0.05,0.045,0.042,-0.02,0.009,0.027,0.038
2015-11-30,0.041,0.06,0.049,0.045,0.042,-0.03,0.008,0.027,0.038
2015-12-01,0.034,0.045,0.045,0.042,0.04,-0.04,0.008,0.027,0.038
2015-12-02,0.032,0.039,0.043,0.041,0.04,-0.05,0.007,0.027,0.038
2015-12-03,0.032,0.05,0.045,0.041,0.04,-0.059,0.007,0.026,0.037
2015-12-04,0.031,0.043,0.044,0.04,0.04,-0.058,0.007,0.026,0.037
2015-12-07,0.03,0.025,0.038,0.038,0.039,-0.053,0.007,0.025,0.037
2015-12-08,0.023,0.02,0.038,0.037,-0.068,-0.051,0.008,0.025,0.037
2015-12-09,0.027,0.064,0.038,0.038,-0.063,-0.05,0.008,0.025,0.037
2015-12-10,0.037,0.065,0.041,0.04,-0.055,-0.042,0.008,0.026,0.038
2015-12-11,0.04,0.047,0.04,0.04,-0.048,-0.035,0.008,0.026,0.038
2015-12-14,0.037,0.07,0.041,0.041,-0.044,-0.03,0.008,0.026,0.038
2015-12-15,0.038,0.058,0.042,-0.03,-0.038,-0.024,0.009,0.027,0.038
2015-12-16,0.038,0.037,0.041,-0.054,-0.039,-0.02,0.012,0.027,0.038
2015-12-17,0.032,0.033,0.043,-0.053,-0.037,-0.02,0.013,0.027,0.038
2015-12-18,0.037,0.091,0.047,-0.038,-0.025,-0.01,0.013,0.028,0.038
2015-12-21,0.05,0.081,-0.037,-0.034,-0.017,-0.001,0.014,0.028,0.038
2015-12-22,0.047,0.07,-0.04,-0.021,-0.011,0.004,0.014,0.028,0.037
2015-12-24,0.047,0.091,-0.04,-0.019,-0.005,0.008,0.015,0.028,0.037
2015-12-25,0.058,0.098,-0.035,-0.011,-0.002,0.009,0.015,0.029,0.037
2015-12-28,0.049,0.098,0.011,0.022,0.025,0.023,0.016,0.029,0.037
2015-12-29,0.05,0.004,0.048,0.046,0.046,0.042,0.013,0.029,0.037
2015-12-30,0.025,0.093,0.056,0.052,0.05,0.045,0.011,0.029,0.037
2016-01-04,0.039,0.095,0.063,0.057,0.053,0.049,0.013,0.029,0.037
2016-01-05,0.041,0.093,0.066,0.06,0.055,0.051,0.013,0.029,0.037
2016-01-06,0.046,0.096,0.066,0.063,0.059,0.051,0.013,0.029,0.037
2016-01-07,0.05,0.099,0.066,0.064,0.059,0.054,0.014,0.029,0.037
2016-01-08,0.057,0.1,0.067,0.065,0.058,0.054,0.014,0.029,0.037
2016-01-12,0.06,0.1,0.064,0.061,0.056,0.052,0.015,0.029,0.037
2016-01-13,0.051,0.054,0.057,0.057,0.053,0.049,0.013,0.029,0.037
2016-01-14,0.053,0.094,0.06,0.056,0.052,0.05,0.013,0.028,0.037
2016-01-15,0.049,0.058,0.054,0.051,0.05,0.047,0.013,0.028,0.037
2016-01-18,0.046,0.094,0.052,0.046,0.045,0.045,0.013,0.028,0.037
2016-01-19,0.047,0.069,0.053,0.045,0.045,0.044,0.013,0.028,0.037
2016-01-20,0.046,0.078,0.053,0.043,0.043,0.042,0.013,0.028,0.037
2016-01-21,0.048,0.09,0.042,0.042,0.042,0.04,0.013,0.028,0.037
2016-01-22,0.05,0.098,0.039,0.04,0.04,0.04,0.013,0.028,0.037
2016-01-25,0.058,0.092,0.036,0.039,0.039,0.039,0.013,0.028,0.037
2016-01-26,0.049,0.06,0.031,0.037,0.038,0.038,0.013,0.028,0.037
2016-01-27,0.048,0.069,0.017,0.035,0.035,0.034,0.012,0.028,0.037
2016-01-28,0.047,0.051,0.047,0.045,0.042,0.038,0.013,0.028,0.037
2016-01-29,0.042,0.067,0.043,0.043,0.04,0.036,0.013,0.028,0.036
2016-02-01,0.007,-0.003,-0.014,-0.041,-0.057,-0.071,-0.095,-0.099,-0.1
2016-02-02,0.0,0.001,-0.01,-0.039,-0.06,-0.088,-0.105,-0.106,-0.106
2016-02-03,0.0,0.024,-0.007,-0.055,-0.073,-0.095,-0.102,-0.102,-0.102
2016-02-04,0.002,0.016,0.0,-0.056,-0.08,-0.097,-0.102,-0.102,-0.102
2016-02-05,0.005,0.048,-0.001,-0.064,-0.09,-0.108,-0.113,-0.118,-0.118
2016-02-08,0.004,0.035,-0.026,-0.077,-0.101,-0.11,-0.131,-0.132,-0.134
2016-02-09,0.009,0.057,-0.046,-0.088,-0.106,-0.115,-0.135,-0.138,-0.14
2016-02-10,0.026,0.085,-0.084,-0.101,-0.115,-0.127,-0.146,-0.147,-0.148
2016-02-12,0.022,0.056,-0.099,-0.106,-0.116,-0.125,-0.145,-0.149,-0.15
2016-02-15,0.014,-0.019,-0.095,-0.103,-0.114,-0.124,-0.146,-0.148,-0.149
2016-02-16,0.001,0.0,-0.089,-0.092,-0.107,-0.115,-0.141,-0.146,-0.148
2016-02-17,0.0,-0.002,-0.084,-0.087,-0.101,-0.112,-0.144,-0.148,-0.149
2016-02-18,-0.01,-0.018,-0.085,-0.089,-0.102,-0.113,-0.15,-0.152,-0.153
2016-02-19,-0.012,-0.008,-0.086,-0.09,-0.101,-0.115,-0.155,-0.157,-0.16
2016-02-22,-0.01,-0.014,-0.085,-0.087,-0.099,-0.112,-0.156,-0.165,-0.17
2016-02-23,-0.011,-0.011,-0.081,-0.084,-0.097,-0.107,-0.153,-0.165,-0.17
2016-02-24,-0.01,-0.011,-0.075,-0.074,-0.087,-0.101,-0.15,-0.165,-0.17
2016-02-25,-0.01,-0.012,-0.049,-0.055,-0.071,-0.084,-0.144,-0.165,-0.17
2016-02-26,-0.007,-0.005,-0.028,-0.036,-0.057,-0.098,-0.134,-0.164,-0.169
2016-02-29,-0.01,-0.005,-0.022,-0.026,-0.053,-0.097,-0.13,-0.159,-0.169
2016-03-01,-0.01,-0.005,-0.02,-0.023,-0.05,-0.098,-0.125,-0.159,-0.169
2016-03-02,-0.01,-0.005,-0.019,-0.021,-0.046,-0.1,-0.126,-0.159,-0.169
2016-03-03,-0.01,-0.015,-0.02,-0.025,-0.05,-0.1,-0.13,-0.159,-0.169
2016-03-04,-0.01,-0.006,-0.021,-0.028,-0.055,-0.103,-0.13,-0.159,-0.169
2016-03-07,-0.01,-0.05,-0.037,-0.042,-0.064,-0.108,-0.129,-0.16,-0.17
2016-03-08,-0.016,-0.071,-0.049,-0.056,-0.07,-0.11,-0.133,-0.161,-0.171
2016-03-09,-0.018,-0.069,-0.063,-0.068,-0.105,-0.112,-0.133,-0.161,-0.171
2016-03-10,-0.024,-0.086,-0.071,-0.076,-0.112,-0.119,-0.141,-0.162,-0.174
2016-03-11,-0.022,-0.059,-0.076,-0.079,-0.118,-0.125,-0.14,-0.162,-0.174
2016-03-14,-0.02,-0.045,-0.082,-0.085,-0.128,-0.13,-0.143,-0.163,-0.175
2016-03-15,-0.017,-0.067,-0.085,-0.087,-0.13,-0.129,-0.143,-0.163,-0.175
2016-03-16,-0.029,-0.071,-0.085,-0.128,-0.131,-0.125,-0.144,-0.163,-0.175
2016-03-17,-0.038,-0.082,-0.084,-0.135,-0.13,-0.125,-0.144,-0.163,-0.176
2016-03-18,-0.039,-0.079,-0.091,-0.138,-0.135,-0.135,-0.144,-0.163,-0.176
2016-03-22,-0.035,-0.06,-0.093,-0.141,-0.137,-0.136,-0.145,-0.163,-0.176
2016-03-23,-0.046,-0.085,-0.155,-0.141,-0.139,-0.14,-0.145,-0.164,-0.176
2016-03-24,-0.047,-0.085,-0.16,-0.143,-0.141,-0.14,-0.145,-0.164,-0.176
2016-03-25,-0.059,-0.092,-0.159,-0.144,-0.142,-0.141,-0.146,-0.164,-0.176
2016-03-28,-0.075,-0.095,-0.155,-0.143,-0.14,-0.139,-0.145,-0.163,-0.176
2016-03-29,-0.082,-0.095,-0.142,-0.135,-0.135,-0.134,-0.145,-0.161,-0.175
2016-03-30,-0.088,-0.092,-0.116,-0.116,-0.118,-0.122,-0.145,-0.161,-0.174
2016-03-31,-0.093,-0.093,-0.106,-0.106,-0.11,-0.118,-0.14,-0.16,-0.172
2016-04-01,-0.102,-0.091,-0.107,-0.106,-0.111,-0.12,-0.139,-0.16,-0.172
2016-04-04,-0.096,-0.091,-0.105,-0.105,-0.112,-0.12,-0.139,-0.16,-0.172
2016-04-05,-0.093,-0.097,-0.105,-0.106,-0.11,-0.122,-0.138,-0.16,-0.172
2016-04-06,-0.089,-0.088,-0.105,-0.106,-0.11,-0.121,-0.14,-0.16,-0.172
2016-04-07,-0.094,-0.091,-0.105,-0.107,-0.113,-0.123,-0.144,-0.162,-0.174
2016-04-08,-0.091,-0.07,-0.108,-0.111,-0.117,-0.13,-0.149,-0.167,-0.178
2016-04-11,-0.087,-0.065,-0.105,-0.111,-0.12,-0.134,-0.154,-0.17,-0.185
2016-04-12,-0.083,-0.076,-0.108,-0.112,-0.125,-0.139,-0.154,-0.172,-0.186
2016-04-13,-0.084,-0.089,-0.108,-0.113,-0.128,-0.143,-0.157,-0.179,-0.188
2016-04-14,-0.082,-0.088,-0.108,-0.116,-0.128,-0.143,-0.159,-0.179,-0.188
2016-04-15,-0.082,-0.077,-0.108,-0.116,-0.128,-0.143,-0.16,-0.179,-0.188
2016-04-18,-0.084,-0.093,-0.11,-0.118,-0.128,-0.146,-0.161,-0.18,-0.19
2016-04-19,-0.091,-0.095,-0.117,-0.132,-0.14,-0.155,-0.166,-0.183,-0.193
2016-04-20,-0.093,-0.09,-0.124,-0.135,-0.142,-0.156,-0.17,-0.185,-0.194
2016-04-21,-0.089,-0.092,-0.129,-0.141,-0.151,-0.173,-0.185,-0.196,-0.204
2016-04-22,-0.092,-0.093,-0.135,-0.148,-0.157,-0.175,-0.191,-0.2,-0.208
2016-04-25,-0.091,-0.099,-0.143,-0.155,-0.165,-0.18,-0.196,-0.207,-0.215
2016-04-26,-0.092,-0.093,-0.146,-0.154,-0.164,-0.179,-0.196,-0.207,-0.214
2016-04-27,-0.092,-0.104,-0.149,-0.155,-0.165,-0.178,-0.198,-0.209,-0.217
2016-04-28,-0.087,-0.089,-0.149,-0.154,-0.164,-0.179,-0.198,-0.21,-0.217
2016-05-02,-0.074,-0.076,-0.109,-0.117,-0.123,-0.135,-0.193,-0.206,-0.213
2016-05-06,-0.081,-0.085,-0.102,-0.109,-0.116,-0.125,-0.191,-0.206,-0.214
2016-05-09,-0.087,-0.092,-0.098,-0.108,-0.114,-0.123,-0.193,-0.208,-0.215
2016-05-10,-0.09,-0.096,-0.096,-0.104,-0.112,-0.122,-0.191,-0.202,-0.215
2016-05-11,-0.085,-0.077,-0.095,-0.101,-0.11,-0.117,-0.198,-0.204,-0.215
2016-05-12,-0.079,-0.056,-0.094,-0.1,-0.107,-0.115,-0.199,-0.205,-0.217
2016-05-13,-0.076,-0.055,-0.095,-0.1,-0.108,-0.115,-0.2,-0.203,-0.212
2016-05-16,-0.084,-0.076,-0.093,-0.1,-0.108,-0.114,-0.199,-0.205,-0.216
2016-05-17,-0.081,-0.077,-0.092,-0.099,-0.106,-0.112,-0.197,-0.208,-0.215
2016-05-18,-0.074,-0.066,-0.09,-0.097,-0.105,-0.112,-0.197,-0.208,-0.215
2016-05-19,-0.069,-0.062,-0.085,-0.091,-0.102,-0.109,-0.197,-0.208,-0.215
2016-05-20,-0.067,-0.059,-0.085,-0.091,-0.101,-0.109,-0.197,-0.208,-0.215
2016-05-23,-0.075,-0.08,-0.089,-0.094,-0.104,-0.112,-0.198,-0.209,-0.215
2016-05-24,-0.076,-0.082,-0.09,-0.093,-0.104,-0.115,-0.198,-0.209,-0.215
2016-05-25,-0.083,-0.086,-0.095,-0.099,-0.105,-0.117,-0.199,-0.209,-0.215
2016-05-26,-0.084,-0.091,-0.097,-0.101,-0.108,-0.121,-0.2,-0.21,-0.217
2016-05-27,-0.077,-0.081,-0.099,-0.103,-0.109,-0.12,-0.2,-0.21,-0.217
2016-05-30,-0.079,-0.096,-0.1,-0.105,-0.11,-0.131,-0.2,-0.21,-0.217
2016-05-31,-0.088,-0.089,-0.1,-0.105,-0.114,-0.144,-0.202,-0.215,-0.221
2016-06-01,-0.084,-0.087,-0.099,-0.105,-0.115,-0.147,-0.202,-0.215,-0.221
2016-06-02,-0.082,-0.081,-0.097,-0.103,-0.114,-0.15,-0.199,-0.215,-0.221
2016-06-03,-0.079,-0.072,-0.097,-0.104,-0.114,-0.15,-0.197,-0.214,-0.22
2016-06-06,-0.079,-0.095,-0.099,-0.105,-0.114,-0.15,-0.195,-0.214,-0.22
2016-06-07,-0.085,-0.095,-0.099,-0.105,-0.115,-0.156,-0.19,-0.214,-0.22
2016-06-08,-0.086,-0.094,-0.1,-0.106,-0.14,-0.161,-0.19,-0.218,-0.222
2016-06-09,-0.084,-0.092,-0.102,-0.114,-0.154,-0.17,-0.19,-0.218,-0.222
2016-06-10,-0.084,-0.086,-0.102,-0.117,-0.157,-0.172,-0.188,-0.219,-0.222
2016-06-13,-0.086,-0.09,-0.108,-0.119,-0.165,-0.175,-0.188,-0.219,-0.222
2016-06-14,-0.085,-0.087,-0.11,-0.123,-0.167,-0.175,-0.19,-0.219,-0.222
2016-06-15,-0.087,-0.097,-0.11,-0.161,-0.172,-0.177,-0.193,-0.22,-0.223
2016-06-16,-0.087,-0.096,-0.111,-0.166,-0.172,-0.175,-0.195,-0.22,-0.223
2016-06-17,-0.075,-0.057,-0.091,-0.12,-0.13,-0.14,-0.188,-0.219,-0.221
2016-06-20,-0.064,-0.051,-0.087,-0.117,-0.125,-0.133,-0.186,-0.219,-0.221
2016-06-21,-0.055,-0.046,-0.083,-0.11,-0.113,-0.122,-0.18,-0.217,-0.22
2016-06-22,-0.05,-0.049,-0.1,-0.105,-0.109,-0.117,-0.178,-0.218,-0.22
2016-06-23,-0.06,-0.071,-0.099,-0.102,-0.106,-0.111,-0.173,-0.213,-0.216
2016-06-24,-0.069,-0.06,-0.101,-0.103,-0.11,-0.114,-0.173,-0.214,-0.216
2016-06-27,-0.072,-0.078,-0.11,-0.111,-0.12,-0.127,-0.179,-0.214,-0.216
2016-06-28,-0.079,-0.084,-0.103,-0.107,-0.115,-0.126,-0.175,-0.214,-0.216
2016-06-29,-0.084,-0.105,-0.101,-0.104,-0.11,-0.123,-0.184,-0.214,-0.216
2016-06-30,-0.089,-0.092,-0.098,-0.101,-0.11,-0.118,-0.199,-0.217,-0.22
2016-07-01,-0.08,-0.09,-0.098,-0.1,-0.106,-0.113,-0.204,-0.225,-0.23
2016-07-04,-0.081,-0.09,-0.098,-0.101,-0.106,-0.115,-0.205,-0.227,-0.233
2016-07-05,-0.083,-0.088,-0.096,-0.101,-0.106,-0.115,-0.209,-0.23,-0.231
2016-07-06,-0.085,-0.087,-0.097,-0.101,-0.106,-0.12,-0.215,-0.231,-0.233
2016-07-07,-0.084,-0.077,-0.096,-0.1,-0.109,-0.12,-0.217,-0.23,-0.235
2016-07-08,-0.076,-0.053,-0.097,-0.1,-0.111,-0.121,-0.212,-0.231,-0.235
2016-07-11,-0.08,-0.075,-0.098,-0.1,-0.112,-0.121,-0.211,-0.231,-0.235
2016-07-12,-0.081,-0.074,-0.096,-0.1,-0.111,-0.122,-0.211,-0.23,-0.235
2016-07-13,-0.077,-0.057,-0.093,-0.097,-0.11,-0.12,-0.207,-0.229,-0.235
2016-07-14,-0.078,-0.061,-0.088,-0.1,-0.109,-0.121,-0.202,-0.229,-0.235
2016-07-15,-0.066,-0.053,-0.087,-0.1,-0.108,-0.12,-0.204,-0.233,-0.235
2016-07-19,-0.071,-0.052,-0.088,-0.1,-0.109,-0.129,-0.203,-0.233,-0.235
2016-07-20,-0.068,-0.077,-0.087,-0.101,-0.111,-0.132,-0.193,-0.233,-0.235
2016-07-21,-0.08,-0.078,-0.093,-0.103,-0.111,-0.138,-0.192,-0.233,-0.235
2016-07-22,-0.079,-0.072,-0.094,-0.105,-0.115,-0.142,-0.195,-0.233,-0.235
2016-07-25,-0.081,-0.087,-0.101,-0.108,-0.118,-0.146,-0.2,-0.234,-0.235
2016-07-26,-0.084,-0.087,-0.103,-0.109,-0.121,-0.149,-0.206,-0.234,-0.235
2016-07-27,-0.085,-0.089,-0.108,-0.115,-0.126,-0.153,-0.206,-0.234,-0.235
2016-07-28,-0.088,-0.093,-0.104,-0.109,-0.126,-0.156,-0.205,-0.234,-0.235
2016-07-29,-0.088,-0.077,-0.108,-0.118,-0.141,-0.167,-0.215,-0.243,-0.249
2016-08-01,-0.084,-0.087,-0.097,-0.101,-0.106,-0.11,-0.184,-0.23,-0.235
2016-08-02,-0.084,-0.086,-0.095,-0.098,-0.102,-0.105,-0.179,-0.229,-0.229
2016-08-03,-0.084,-0.086,-0.094,-0.097,-0.101,-0.105,-0.178,-0.229,-0.229
2016-08-04,-0.082,-0.078,-0.087,-0.092,-0.096,-0.102,-0.174,-0.229,-0.23
2016-08-05,-0.08,-0.072,-0.086,-0.09,-0.095,-0.1,-0.171,-0.229,-0.23
2016-08-08,-0.084,-0.08,-0.086,-0.088,-0.094,-0.1,-0.169,-0.229,-0.23
2016-08-09,-0.081,-0.08,-0.085,-0.087,-0.094,-0.1,-0.166,-0.229,-0.23
2016-08-10,-0.083,-0.086,-0.085,-0.088,-0.094,-0.1,-0.163,-0.229,-0.23
2016-08-12,-0.079,-0.075,-0.086,-0.088,-0.093,-0.099,-0.163,-0.23,-0.23
2016-08-15,-0.08,-0.085,-0.087,-0.088,-0.093,-0.098,-0.162,-0.23,-0.23
2016-08-16,-0.084,-0.087,-0.087,-0.088,-0.093,-0.097,-0.162,-0.23,-0.23
2016-08-17,-0.085,-0.087,-0.087,-0.088,-0.093,-0.098,-0.148,-0.227,-0.228
2016-08-18,-0.085,-0.088,-0.085,-0.086,-0.091,-0.095,-0.141,-0.223,-0.225
2016-08-19,-0.084,-0.08,-0.086,-0.088,-0.092,-0.096,-0.142,-0.224,-0.225
2016-08-22,-0.083,-0.088,-0.087,-0.088,-0.091,-0.095,-0.14,-0.224,-0.225
2016-08-23,-0.086,-0.089,-0.088,-0.09,-0.092,-0.096,-0.14,-0.224,-0.225
2016-08-24,-0.088,-0.088,-0.088,-0.089,-0.092,-0.096,-0.14,-0.224,-0.225
2016-08-25,-0.088,-0.088,-0.088,-0.09,-0.093,-0.097,-0.139,-0.224,-0.23
2016-08-26,-0.086,-0.087,-0.088,-0.09,-0.093,-0.097,-0.141,-0.219,-0.22
2016-08-29,-0.085,-0.09,-0.089,-0.09,-0.093,-0.098,-0.139,-0.219,-0.22
2016-08-30,-0.091,-0.095,-0.089,-0.09,-0.094,-0.103,-0.137,-0.219,-0.22
2016-08-31,-0.086,-0.088,-0.088,-0.089,-0.094,-0.104,-0.136,-0.224,-0.225
2016-09-01,-0.086,-0.088,-0.088,-0.09,-0.094,-0.103,-0.136,-0.224,-0.225
2016-09-02,-0.084,-0.087,-0.089,-0.09,-0.095,-0.105,-0.136,-0.224,-0.225
2016-09-05,-0.085,-0.088,-0.089,-0.09,-0.095,-0.106,-0.138,-0.224,-0.225
2016-09-06,-0.087,-0.094,-0.09,-0.091,-0.096,-0.11,-0.141,-0.224,-0.225
2016-09-07,-0.091,-0.095,-0.09,-0.093,-0.097,-0.115,-0.141,-0.224,-0.225
2016-09-08,-0.095,-0.1,-0.095,-0.097,-0.119,-0.131,-0.146,-0.224,-0.225
2016-09-09,-0.094,-0.091,-0.097,-0.099,-0.13,-0.136,-0.147,-0.224,-0.225
2016-09-12,-0.101,-0.11,-0.101,-0.103,-0.137,-0.144,-0.15,-0.225,-0.226
2016-09-13,-0.102,-0.108,-0.113,-0.116,-0.142,-0.145,-0.155,-0.225,-0.226
2016-09-14,-0.1,-0.105,-0.11,-0.112,-0.144,-0.145,-0.16,-0.225,-0.226
2016-09-15,-0.096,-0.092,-0.102,-0.131,-0.14,-0.144,-0.163,-0.225,-0.227
2016-09-16,-0.09,-0.087,-0.1,-0.134,-0.139,-0.142,-0.163,-0.225,-0.227
2016-09-20,-0.089,-0.084,-0.095,-0.132,-0.137,-0.138,-0.163,-0.225,-0.227
2016-09-21,-0.086,-0.084,-0.141,-0.136,-0.138,-0.143,-0.167,-0.225,-0.227
2016-09-23,-0.085,-0.081,-0.147,-0.135,-0.135,-0.135,-0.168,-0.225,-0.227
2016-09-26,-0.084,-0.082,-0.149,-0.136,-0.135,-0.135,-0.168,-0.224,-0.226
2016-09-27,-0.083,-0.08,-0.176,-0.141,-0.137,-0.135,-0.169,-0.224,-0.226
2016-09-28,-0.083,-0.078,-0.18,-0.142,-0.137,-0.134,-0.17,-0.224,-0.226
2016-09-29,-0.084,-0.336,-0.092,-0.097,-0.104,-0.121,-0.17,-0.229,-0.233
2016-09-30,-0.286,-0.08,-0.089,-0.095,-0.1,-0.116,-0.168,-0.229,-0.233
2016-10-03,-0.087,-0.087,-0.09,-0.095,-0.099,-0.113,-0.166,-0.229,-0.233
2016-10-04,-0.085,-0.087,-0.09,-0.095,-0.098,-0.112,-0.161,-0.229,-0.233
2016-10-05,-0.085,-0.085,-0.09,-0.095,-0.097,-0.109,-0.163,-0.229,-0.233
2016-10-06,-0.084,-0.083,-0.092,-0.095,-0.1,-0.108,-0.163,-0.229,-0.233
2016-10-07,-0.083,-0.076,-0.092,-0.095,-0.1,-0.11,-0.163,-0.229,-0.233
2016-10-11,-0.081,-0.075,-0.087,-0.093,-0.098,-0.105,-0.163,-0.229,-0.233
2016-10-12,-0.08,-0.075,-0.088,-0.093,-0.098,-0.102,-0.163,-0.225,-0.233
2016-10-13,-0.08,-0.107,-0.09,-0.093,-0.098,-0.102,-0.162,-0.225,-0.233
2016-10-14,-0.094,-0.078,-0.091,-0.095,-0.099,-0.101,-0.16,-0.225,-0.233
2016-10-17,-0.086,-0.085,-0.092,-0.095,-0.099,-0.101,-0.159,-0.225,-0.233
2016-10-18,-0.085,-0.087,-0.09,-0.095,-0.099,-0.1,-0.158,-0.225,-0.232
2016-10-19,-0.085,-0.088,-0.091,-0.095,-0.099,-0.1,-0.158,-0.225,-0.232
2016-10-20,-0.086,-0.086,-0.09,-0.095,-0.099,-0.1,-0.157,-0.225,-0.232
2016-10-21,-0.085,-0.085,-0.093,-0.095,-0.099,-0.101,-0.155,-0.225,-0.232
2016-10-24,-0.085,-0.088,-0.093,-0.095,-0.1,-0.102,-0.155,-0.225,-0.232
2016-10-25,-0.084,-0.088,-0.094,-0.096,-0.1,-0.103,-0.155,-0.225,-0.232
2016-10-26,-0.086,-0.088,-0.094,-0.096,-0.1,-0.102,-0.155,-0.225,-0.232
2016-10-27,-0.087,-0.089,-0.093,-0.095,-0.099,-0.102,-0.154,-0.225,-0.232
2016-10-28,-0.087,-0.091,-0.092,-0.094,-0.099,-0.102,-0.154,-0.225,-0.232
2016-10-31,-0.089,-0.088,-0.092,-0.094,-0.099,-0.102,-0.154,-0.225,-0.232
2016-11-01,-0.089,-0.09,-0.092,-0.095,-0.099,-0.102,-0.153,-0.225,-0.233
2016-11-02,-0.09,-0.098,-0.093,-0.095,-0.099,-0.101,-0.152,-0.225,-0.233
2016-11-04,-0.095,-0.094,-0.095,-0.095,-0.1,-0.101,-0.152,-0.225,-0.233
2016-11-07,-0.102,-0.106,-0.096,-0.096,-0.1,-0.102,-0.152,-0.225,-0.233
2016-11-08,-0.103,-0.105,-0.097,-0.097,-0.1,-0.104,-0.15,-0.225,-0.233
2016-11-09,-0.101,-0.094,-0.098,-0.097,-0.1,-0.105,-0.149,-0.225,-0.233
2016-11-10,-0.095,-0.093,-0.099,-0.099,-0.101,-0.106,-0.149,-0.225,-0.233
2016-11-11,-0.098,-0.092,-0.098,-0.098,-0.103,-0.107,-0.149,-0.225,-0.233
2016-11-14,-0.094,-0.091,-0.096,-0.096,-0.103,-0.107,-0.148,-0.225,-0.233
2016-11-15,-0.093,-0.088,-0.096,-0.099,-0.102,-0.107,-0.148,-0.225,-0.233
2016-11-16,-0.092,-0.089,-0.096,-0.1,-0.103,-0.107,-0.148,-0.225,-0.233
2016-11-17,-0.094,-0.097,-0.096,-0.102,-0.104,-0.11,-0.149,-0.225,-0.233
2016-11-18,-0.096,-0.088,-0.096,-0.103,-0.106,-0.11,-0.149,-0.225,-0.233
2016-11-21,-0.097,-0.092,-0.1,-0.103,-0.107,-0.111,-0.149,-0.225,-0.233
2016-11-22,-0.096,-0.092,-0.101,-0.103,-0.107,-0.113,-0.15,-0.225,-0.233
2016-11-24,-0.096,-0.093,-0.103,-0.105,-0.108,-0.114,-0.149,-0.225,-0.233
2016-11-25,-0.097,-0.095,-0.105,-0.107,-0.11,-0.115,-0.15,-0.23,-0.233
2016-11-28,-0.096,-0.093,-0.107,-0.108,-0.111,-0.116,-0.15,-0.225,-0.228
2016-11-29,-0.098,-0.103,-0.104,-0.107,-0.111,-0.137,-0.15,-0.225,-0.228
2016-11-30,-0.105,-0.098,-0.105,-0.107,-0.111,-0.152,-0.149,-0.225,-0.228
2016-12-01,-0.102,-0.095,-0.106,-0.107,-0.112,-0.154,-0.147,-0.225,-0.228
2016-12-02,-0.098,-0.093,-0.106,-0.107,-0.112,-0.152,-0.148,-0.225,-0.228
2016-12-05,-0.098,-0.092,-0.104,-0.106,-0.112,-0.152,-0.148,-0.225,-0.228
2016-12-06,-0.098,-0.092,-0.101,-0.103,-0.109,-0.148,-0.148,-0.225,-0.228
2016-12-07,-0.097,-0.092,-0.098,-0.102,-0.109,-0.149,-0.15,-0.225,-0.228
2016-12-08,-0.098,-0.092,-0.099,-0.102,-0.146,-0.149,-0.15,-0.225,-0.228
2016-12-09,-0.098,-0.091,-0.101,-0.104,-0.157,-0.149,-0.149,-0.225,-0.228
2016-12-12,-0.097,-0.092,-0.1,-0.104,-0.161,-0.152,-0.149,-0.225,-0.228
2016-12-13,-0.096,-0.087,-0.1,-0.106,-0.161,-0.154,-0.15,-0.225,-0.228
2016-12-14,-0.092,-0.079,-0.101,-0.106,-0.163,-0.155,-0.15,-0.225,-0.228
2016-12-15,-0.08,-0.09,-0.1,-0.173,-0.162,-0.155,-0.15,-0.225,-0.228
2016-12-16,-0.09,-0.09,-0.1,-0.174,-0.162,-0.155,-0.15,-0.225,-0.228
2016-12-19,-0.095,-0.089,-0.099,-0.176,-0.163,-0.155,-0.151,-0.225,-0.228
2016-12-20,-0.096,-0.093,-0.1,-0.179,-0.167,-0.153,-0.151,-0.225,-0.228
2016-12-21,-0.095,-0.09,-0.226,-0.179,-0.167,-0.149,-0.15,-0.225,-0.228
2016-12-22,-0.094,-0.089,-0.246,-0.183,-0.168,-0.153,-0.15,-0.225,-0.228
2016-12-26,-0.094,-0.091,-0.271,-0.194,-0.168,-0.153,-0.15,-0.225,-0.228
2016-12-27,-0.091,-0.089,-0.263,-0.193,-0.166,-0.151,-0.15,-0.225,-0.228
2016-12-28,-0.091,-0.088,-0.299,-0.199,-0.167,-0.15,-0.15,-0.225,-0.228
2016-12-29,-0.093,-0.247,-0.105,-0.105,-0.107,-0.115,-0.161,-0.225,-0.228
2016-12-30,-0.194,-0.09,-0.1,-0.101,-0.104,-0.112,-0.157,-0.225,-0.228
2017-01-04,-0.095,-0.092,-0.099,-0.1,-0.104,-0.11,-0.155,-0.225,-0.228
2017-01-05,-0.095,-0.091,-0.099,-0.1,-0.102,-0.109,-0.154,-0.225,-0.228
2017-01-06,-0.088,-0.087,-0.097,-0.099,-0.101,-0.107,-0.154,-0.225,-0.228
2017-01-10,-0.087,-0.081,-0.097,-0.099,-0.101,-0.105,-0.154,-0.225,-0.228
2017-01-11,-0.085,-0.087,-0.096,-0.098,-0.101,-0.105,-0.154,-0.225,-0.228
2017-01-12,-0.087,-0.095,-0.097,-0.099,-0.102,-0.106,-0.154,-0.225,-0.228
2017-01-13,-0.087,-0.096,-0.099,-0.101,-0.104,-0.11,-0.154,-0.225,-0.228
2017-01-16,-0.105,-0.111,-0.104,-0.107,-0.11,-0.115,-0.154,-0.225,-0.228
2017-01-17,-0.102,-0.105,-0.113,-0.114,-0.117,-0.12,-0.154,-0.225,-0.228
2017-01-18,-0.1,-0.099,-0.111,-0.114,-0.115,-0.121,-0.154,-0.225,-0.228
2017-01-19,-0.098,-0.097,-0.107,-0.112,-0.114,-0.12,-0.154,-0.225,-0.228
2017-01-20,-0.098,-0.092,-0.108,-0.112,-0.114,-0.119,-0.153,-0.225,-0.228
2017-01-23,-0.097,-0.092,-0.112,-0.112,-0.113,-0.118,-0.153,-0.225,-0.228
2017-01-24,-0.097,-0.093,-0.116,-0.115,-0.115,-0.119,-0.152,-0.225,-0.228
2017-01-25,-0.096,-0.089,-0.118,-0.117,-0.118,-0.12,-0.152,-0.225,-0.228
2017-01-26,-0.096,-0.088,-0.119,-0.118,-0.119,-0.12,-0.152,-0.225,-0.228
2017-01-27,-0.096,-0.088,-0.121,-0.119,-0.119,-0.122,-0.152,-0.225,-0.228
2017-01-30,-0.095,-0.174,-0.11,-0.111,-0.114,-0.12,-0.152,-0.225,-0.228
2017-01-31,-0.106,-0.125,-0.11,-0.111,-0.114,-0.119,-0.153,-0.225,-0.228
2017-02-01,-0.104,-0.105,-0.111,-0.111,-0.113,-0.12,-0.153,-0.225,-0.228
2017-02-02,-0.102,-0.103,-0.11,-0.111,-0.112,-0.12,-0.153,-0.225,-0.228
2017-02-03,-0.099,-0.088,-0.109,-0.109,-0.112,-0.119,-0.153,-0.225,-0.228
2017-02-06,-0.097,-0.093,-0.106,-0.108,-0.113,-0.118,-0.152,-0.225,-0.228
2017-02-07,-0.095,-0.089,-0.101,-0.107,-0.113,-0.118,-0.153,-0.225,-0.228
2017-02-08,-0.096,-0.09,-0.101,-0.107,-0.113,-0.117,-0.153,-0.225,-0.228
2017-02-09,-0.095,-0.089,-0.103,-0.108,-0.113,-0.117,-0.153,-0.211,-0.223
2017-02-10,-0.093,-0.073,-0.103,-0.107,-0.112,-0.115,-0.151,-0.208,-0.219
2017-02-13,-0.087,-0.076,-0.1,-0.105,-0.112,-0.115,-0.151,-0.208,-0.219
2017-02-14,-0.085,-0.072,-0.095,-0.103,-0.11,-0.114,-0.149,-0.208,-0.219
2017-02-15,-0.079,-0.085,-0.096,-0.104,-0.11,-0.114,-0.149,-0.208,-0.219
2017-02-16,-0.088,-0.088,-0.098,-0.105,-0.109,-0.114,-0.149,-0.208,-0.219
2017-02-17,-0.086,-0.082,-0.097,-0.106,-0.11,-0.116,-0.149,-0.207,-0.219
2017-02-20,-0.087,-0.084,-0.106,-0.108,-0.11,-0.115,-0.149,-0.204,-0.219
2017-02-21,-0.089,-0.087,-0.106,-0.108,-0.11,-0.113,-0.144,-0.202,-0.218
2017-02-22,-0.088,-0.086,-0.104,-0.107,-0.111,-0.114,-0.144,-0.202,-0.218
2017-02-23,-0.089,-0.09,-0.105,-0.107,-0.111,-0.113,-0.144,-0.202,-0.218
2017-02-24,-0.089,-0.088,-0.109,-0.108,-0.111,-0.113,-0.144,-0.202,-0.218
2017-02-27,-0.092,-0.105,-0.104,-0.106,-0.111,-0.131,-0.144,-0.201,-0.218
2017-02-28,-0.099,-0.091,-0.105,-0.106,-0.113,-0.144,-0.145,-0.201,-0.218
2017-03-01,-0.093,-0.091,-0.105,-0.107,-0.112,-0.159,-0.145,-0.201,-0.218
2017-03-02,-0.094,-0.101,-0.106,-0.109,-0.113,-0.166,-0.145,-0.201,-0.218
2017-03-03,-0.097,-0.126,-0.129,-0.133,-0.135,-0.189,-0.147,-0.201,-0.218
2017-03-06,-0.099,-0.11,-0.149,-0.155,-0.149,-0.192,-0.156,-0.203,-0.223
2017-03-07,-0.099,-0.099,-0.147,-0.151,-0.15,-0.193,-0.156,-0.203,-0.223
2017-03-08,-0.1,-0.102,-0.142,-0.143,-0.148,-0.196,-0.159,-0.204,-0.223
2017-03-09,-0.097,-0.093,-0.133,-0.134,-0.211,-0.202,-0.159,-0.204,-0.223
2017-03-10,-0.094,-0.081,-0.123,-0.125,-0.231,-0.205,-0.159,-0.204,-0.223
2017-03-13,-0.089,-0.085,-0.12,-0.121,-0.288,-0.233,-0.159,-0.204,-0.223
2017-03-14,-0.089,-0.088,-0.118,-0.119,-0.331,-0.247,-0.163,-0.204,-0.223
2017-03-15,-0.088,-0.087,-0.117,-0.119,-0.329,-0.251,-0.165,-0.204,-0.223
2017-03-16,-0.09,-0.095,-0.115,-0.369,-0.305,-0.25,-0.165,-0.204,-0.223
2017-03-17,-0.084,-0.078,-0.108,-0.39,-0.31,-0.261,-0.17,-0.204,-0.223
2017-03-21,-0.088,-0.071,-0.105,-0.414,-0.319,-0.258,-0.166,-0.204,-0.223
2017-03-22,-0.086,-0.073,-0.102,-0.496,-0.392,-0.267,-0.168,-0.204,-0.223
2017-03-23,-0.086,-0.073,-0.788,-0.521,-0.412,-0.28,-0.169,-0.204,-0.223
2017-03-24,-0.066,-0.03,-0.145,-0.136,-0.129,-0.123,-0.154,-0.198,-0.222
2017-03-27,-0.057,-0.043,-0.152,-0.137,-0.129,-0.122,-0.154,-0.198,-0.222
2017-03-28,-0.058,-0.042,-0.362,-0.23,-0.169,-0.145,-0.154,-0.198,-0.222
2017-03-29,-0.045,-0.03,-0.556,-0.308,-0.213,-0.166,-0.155,-0.198,-0.222
2017-03-30,-0.044,-0.665,-0.099,-0.103,-0.108,-0.115,-0.145,-0.196,-0.217
2017-03-31,-0.52,-0.057,-0.093,-0.101,-0.107,-0.114,-0.148,-0.196,-0.216
2017-04-03,-0.053,-0.043,-0.086,-0.095,-0.101,-0.11,-0.148,-0.195,-0.216
2017-04-04,-0.054,-0.049,-0.084,-0.094,-0.1,-0.11,-0.149,-0.195,-0.216
2017-04-05,-0.047,-0.037,-0.081,-0.091,-0.096,-0.107,-0.144,-0.195,-0.215
2017-04-06,-0.044,-0.031,-0.071,-0.082,-0.094,-0.102,-0.142,-0.192,-0.212
2017-04-07,-0.034,-0.02,-0.069,-0.083,-0.095,-0.102,-0.139,-0.193,-0.212
2017-04-10,-0.03,-0.022,-0.068,-0.083,-0.094,-0.102,-0.139,-0.189,-0.211
2017-04-11,-0.027,-0.021,-0.068,-0.082,-0.094,-0.102,-0.135,-0.189,-0.211
2017-04-12,-0.024,-0.019,-0.069,-0.081,-0.094,-0.101,-0.133,-0.187,-0.211
2017-04-13,-0.026,-0.044,-0.078,-0.089,-0.096,-0.102,-0.13,-0.187,-0.211
2017-04-14,-0.059,-0.087,-0.095,-0.101,-0.106,-0.11,-0.129,-0.186,-0.211
2017-04-17,-0.082,-0.094,-0.1,-0.105,-0.11,-0.114,-0.13,-0.186,-0.211
2017-04-18,-0.087,-0.096,-0.104,-0.114,-0.114,-0.118,-0.131,-0.186,-0.211
2017-04-19,-0.088,-0.094,-0.104,-0.115,-0.116,-0.12,-0.131,-0.181,-0.211
2017-04-20,-0.09,-0.099,-0.116,-0.12,-0.119,-0.122,-0.13,-0.181,-0.211
2017-04-21,-0.091,-0.091,-0.12,-0.122,-0.121,-0.121,-0.13,-0.182,-0.211
2017-04-24,-0.09,-0.094,-0.121,-0.121,-0.12,-0.121,-0.132,-0.182,-0.211
2017-04-25,-0.094,-0.097,-0.121,-0.121,-0.121,-0.121,-0.131,-0.182,-0.211
2017-04-26,-0.095,-0.1,-0.146,-0.13,-0.125,-0.125,-0.131,-0.182,-0.211
2017-04-27,-0.095,-0.097,-0.119,-0.119,-0.119,-0.121,-0.131,-0.182,-0.211
2017-04-28,-0.089,-0.092,-0.117,-0.119,-0.119,-0.12,-0.131,-0.182,-0.211
2017-05-01,-0.092,-0.095,-0.109,-0.11,-0.111,-0.115,-0.13,-0.182,-0.211
2017-05-02,-0.086,-0.076,-0.099,-0.103,-0.108,-0.112,-0.13,-0.182,-0.211
2017-05-08,-0.082,-0.077,-0.091,-0.096,-0.101,-0.105,-0.127,-0.182,-0.211
2017-05-09,-0.09,-0.122,-0.103,-0.104,-0.107,-0.11,-0.13,-0.18,-0.209
2017-05-10,-0.107,-0.095,-0.104,-0.106,-0.108,-0.11,-0.129,-0.18,-0.209
2017-05-11,-0.097,-0.093,-0.101,-0.103,-0.107,-0.109,-0.129,-0.179,-0.209
2017-05-12,-0.087,-0.055,-0.097,-0.098,-0.103,-0.106,-0.129,-0.178,-0.207
2017-05-15,-0.072,-0.093,-0.096,-0.097,-0.104,-0.106,-0.129,-0.178,-0.207
2017-05-16,-0.092,-0.095,-0.097,-0.101,-0.104,-0.107,-0.129,-0.178,-0.207
2017-05-17,-0.093,-0.09,-0.095,-0.101,-0.105,-0.109,-0.128,-0.178,-0.207
2017-05-18,-0.093,-0.086,-0.093,-0.101,-0.103,-0.107,-0.127,-0.176,-0.205
2017-05-19,-0.092,-0.07,-0.092,-0.099,-0.102,-0.105,-0.126,-0.176,-0.205
2017-05-22,-0.085,-0.078,-0.091,-0.099,-0.101,-0.104,-0.126,-0.176,-0.205
2017-05-23,-0.086,-0.08,-0.096,-0.099,-0.101,-0.104,-0.126,-0.176,-0.205
2017-05-24,-0.083,-0.081,-0.097,-0.098,-0.101,-0.104,-0.126,-0.176,-0.205
2017-05-25,-0.083,-0.065,-0.095,-0.097,-0.1,-0.102,-0.124,-0.176,-0.205
2017-05-26,-0.064,-0.061,-0.094,-0.095,-0.099,-0.101,-0.123,-0.172,-0.205
2017-05-29,-0.071,-0.074,-0.094,-0.096,-0.098,-0.101,-0.123,-0.172,-0.203
2017-05-30,-0.077,-0.082,-0.092,-0.093,-0.098,-0.126,-0.121,-0.169,-0.2
2017-05-31,-0.078,-0.073,-0.085,-0.087,-0.094,-0.121,-0.119,-0.166,-0.198
2017-06-01,-0.074,-0.071,-0.081,-0.084,-0.092,-0.119,-0.118,-0.166,-0.198
2017-06-02,-0.074,-0.069,-0.081,-0.083,-0.091,-0.117,-0.116,-0.166,-0.198
2017-06-05,-0.074,-0.072,-0.079,-0.081,-0.089,-0.113,-0.116,-0.161,-0.196
2017-06-06,-0.071,-0.071,-0.078,-0.08,-0.09,-0.11,-0.114,-0.158,-0.194
2017-06-07,-0.072,-0.07,-0.077,-0.08,-0.089,-0.104,-0.108,-0.154,-0.193
2017-06-08,-0.068,-0.063,-0.073,-0.076,-0.099,-0.097,-0.101,-0.14,-0.187
2017-06-09,-0.072,-0.073,-0.077,-0.08,-0.101,-0.101,-0.102,-0.137,-0.186
2017-06-12,-0.077,-0.091,-0.087,-0.088,-0.102,-0.103,-0.106,-0.136,-0.185
2017-06-13,-0.083,-0.095,-0.087,-0.087,-0.101,-0.101,-0.104,-0.137,-0.184
2017-06-14,-0.088,-0.093,-0.087,-0.087,-0.101,-0.101,-0.102,-0.137,-0.184
2017-06-15,-0.085,-0.087,-0.083,-0.1,-0.098,-0.099,-0.102,-0.135,-0.183
2017-06-16,-0.078,-0.074,-0.083,-0.1,-0.098,-0.098,-0.101,-0.135,-0.183
2017-06-19,-0.077,-0.069,-0.081,-0.097,-0.097,-0.098,-0.102,-0.135,-0.183
2017-06-20,-0.074,-0.07,-0.08,-0.094,-0.094,-0.095,-0.101,-0.134,-0.179
2017-06-21,-0.076,-0.068,-0.077,-0.091,-0.092,-0.094,-0.1,-0.131,-0.17
2017-06-22,-0.07,-0.065,-0.092,-0.089,-0.089,-0.092,-0.1,-0.131,-0.168
2017-06-23,-0.064,-0.054,-0.089,-0.086,-0.087,-0.09,-0.098,-0.131,-0.164
2017-06-26,-0.061,-0.052,-0.085,-0.084,-0.084,-0.088,-0.096,-0.13,-0.161
2017-06-27,-0.064,-0.055,-0.083,-0.082,-0.083,-0.086,-0.094,-0.128,-0.157
2017-06-28,-0.065,-0.052,-0.092,-0.086,-0.086,-0.086,-0.095,-0.129,-0.159
2017-06-29,-0.068,-0.305,-0.076,-0.076,-0.078,-0.083,-0.098,-0.126,-0.158
2017-06-30,-0.112,-0.054,-0.07,-0.072,-0.074,-0.079,-0.098,-0.124,-0.155
2017-07-03,-0.062,-0.052,-0.063,-0.067,-0.069,-0.075,-0.093,-0.121,-0.15
2017-07-04,-0.062,-0.053,-0.062,-0.065,-0.067,-0.074,-0.093,-0.119,-0.149
2017-07-05,-0.063,-0.063,-0.068,-0.071,-0.071,-0.077,-0.096,-0.121,-0.151
2017-07-06,-0.07,-0.079,-0.078,-0.078,-0.077,-0.08,-0.097,-0.121,-0.151
2017-07-07,-0.077,-0.084,-0.085,-0.085,-0.087,-0.089,-0.098,-0.123,-0.151
2017-07-10,-0.083,-0.091,-0.092,-0.09,-0.092,-0.092,-0.099,-0.121,-0.151
2017-07-11,-0.087,-0.089,-0.092,-0.09,-0.091,-0.092,-0.1,-0.121,-0.151
2017-07-12,-0.086,-0.082,-0.093,-0.091,-0.092,-0.094,-0.1,-0.121,-0.151
2017-07-13,-0.082,-0.06,-0.088,-0.089,-0.09,-0.091,-0.1,-0.121,-0.151
2017-07-14,-0.064,-0.088,-0.092,-0.094,-0.095,-0.099,-0.105,-0.122,-0.151
2017-07-18,-0.087,-0.082,-0.093,-0.096,-0.097,-0.101,-0.109,-0.122,-0.151
2017-07-19,-0.084,-0.087,-0.093,-0.096,-0.097,-0.1,-0.111,-0.122,-0.151
2017-07-20,-0.083,-0.087,-0.093,-0.097,-0.098,-0.103,-0.112,-0.122,-0.151
2017-07-21,-0.083,-0.083,-0.104,-0.102,-0.101,-0.103,-0.111,-0.123,-0.151
2017-07-24,-0.085,-0.088,-0.105,-0.1,-0.1,-0.102,-0.11,-0.124,-0.151
2017-07-25,-0.088,-0.089,-0.102,-0.1,-0.1,-0.102,-0.111,-0.124,-0.15
2017-07-26,-0.089,-0.089,-0.101,-0.1,-0.1,-0.102,-0.11,-0.124,-0.15
2017-07-27,-0.089,-0.084,-0.1,-0.099,-0.1,-0.103,-0.11,-0.123,-0.15
2017-07-28,-0.087,-0.077,-0.089,-0.091,-0.096,-0.101,-0.11,-0.123,-0.15
2017-07-31,-0.081,-0.083,-0.09,-0.091,-0.097,-0.102,-0.109,-0.123,-0.15
2017-08-01,-0.083,-0.088,-0.091,-0.092,-0.097,-0.101,-0.109,-0.123,-0.15
2017-08-02,-0.084,-0.086,-0.092,-0.093,-0.097,-0.101,-0.11,-0.123,-0.15
2017-08-03,-0.084,-0.086,-0.091,-0.093,-0.096,-0.101,-0.11,-0.123,-0.15
2017-08-04,-0.083,-0.078,-0.09,-0.091,-0.096,-0.1,-0.109,-0.123,-0.15
2017-08-07,-0.082,-0.076,-0.089,-0.091,-0.095,-0.099,-0.109,-0.123,-0.15
2017-08-08,-0.08,-0.076,-0.088,-0.091,-0.094,-0.098,-0.109,-0.122,-0.15
2017-08-09,-0.08,-0.075,-0.086,-0.09,-0.095,-0.097,-0.108,-0.122,-0.15
2017-08-10,-0.079,-0.075,-0.088,-0.091,-0.095,-0.099,-0.109,-0.122,-0.148
2017-08-14,-0.075,-0.057,-0.088,-0.091,-0.096,-0.099,-0.109,-0.122,-0.148
2017-08-15,-0.065,-0.095,-0.094,-0.095,-0.099,-0.102,-0.11,-0.122,-0.147
2017-08-16,-0.094,-0.096,-0.096,-0.098,-0.1,-0.102,-0.11,-0.122,-0.148
2017-08-17,-0.096,-0.1,-0.097,-0.098,-0.099,-0.102,-0.11,-0.123,-0.148
2017-08-18,-0.098,-0.098,-0.098,-0.099,-0.099,-0.102,-0.11,-0.123,-0.148
2017-08-21,-0.096,-0.098,-0.099,-0.1,-0.101,-0.103,-0.11,-0.123,-0.148
2017-08-22,-0.097,-0.101,-0.101,-0.101,-0.102,-0.105,-0.11,-0.123,-0.148
2017-08-23,-0.097,-0.097,-0.104,-0.101,-0.102,-0.105,-0.11,-0.123,-0.148
2017-08-24,-0.096,-0.095,-0.103,-0.102,-0.102,-0.104,-0.11,-0.123,-0.148
2017-08-25,-0.096,-0.096,-0.106,-0.102,-0.103,-0.107,-0.112,-0.124,-0.154
2017-08-28,-0.098,-0.098,-0.105,-0.102,-0.103,-0.107,-0.113,-0.123,-0.152
2017-08-29,-0.097,-0.096,-0.106,-0.103,-0.105,-0.108,-0.115,-0.125,-0.154
2017-08-30,-0.098,-0.102,-0.102,-0.101,-0.102,-0.117,-0.117,-0.125,-0.154
2017-08-31,-0.098,-0.099,-0.102,-0.102,-0.103,-0.125,-0.12,-0.127,-0.154
2017-09-01,-0.098,-0.095,-0.101,-0.102,-0.105,-0.141,-0.121,-0.128,-0.154
2017-09-04,-0.099,-0.098,-0.102,-0.104,-0.104,-0.155,-0.124,-0.131,-0.153
2017-09-05,-0.1,-0.106,-0.107,-0.107,-0.108,-0.155,-0.124,-0.131,-0.154
2017-09-06,-0.101,-0.102,-0.108,-0.108,-0.11,-0.152,-0.123,-0.131,-0.154
2017-09-07,-0.101,-0.097,-0.106,-0.106,-0.141,-0.145,-0.122,-0.13,-0.154
2017-09-08,-0.098,-0.091,-0.102,-0.104,-0.15,-0.138,-0.12,-0.13,-0.154
2017-09-11,-0.098,-0.093,-0.102,-0.103,-0.15,-0.135,-0.12,-0.13,-0.152
2017-09-12,-0.093,-0.087,-0.098,-0.098,-0.139,-0.128,-0.121,-0.13,-0.152
2017-09-13,-0.089,-0.083,-0.095,-0.097,-0.125,-0.117,-0.114,-0.129,-0.151
2017-09-14,-0.085,-0.086,-0.093,-0.121,-0.117,-0.113,-0.114,-0.129,-0.149
2017-09-15,-0.086,-0.086,-0.091,-0.118,-0.112,-0.111,-0.114,-0.129,-0.151
2017-09-19,-0.085,-0.074,-0.087,-0.115,-0.111,-0.109,-0.113,-0.129,-0.151
2017-09-20,-0.083,-0.073,-0.085,-0.116,-0.111,-0.111,-0.113,-0.129,-0.151
2017-09-21,-0.082,-0.072,-0.136,-0.116,-0.111,-0.11,-0.112,-0.129,-0.151
2017-09-22,-0.072,-0.063,-0.14,-0.116,-0.111,-0.11,-0.112,-0.129,-0.151
2017-09-25,-0.072,-0.065,-0.135,-0.116,-0.11,-0.109,-0.111,-0.129,-0.151
2017-09-26,-0.07,-0.066,-0.134,-0.115,-0.111,-0.11,-0.112,-0.129,-0.152
2017-09-27,-0.074,-0.068,-0.134,-0.115,-0.111,-0.109,-0.112,-0.129,-0.152
2017-09-28,-0.072,-0.112,-0.094,-0.094,-0.097,-0.105,-0.119,-0.131,-0.152
2017-09-29,-0.126,-0.083,-0.098,-0.097,-0.099,-0.106,-0.12,-0.131,-0.153
2017-10-02,-0.09,-0.092,-0.099,-0.099,-0.101,-0.107,-0.119,-0.131,-0.153
2017-10-03,-0.094,-0.105,-0.104,-0.104,-0.105,-0.108,-0.12,-0.131,-0.152
2017-10-04,-0.098,-0.105,-0.103,-0.104,-0.106,-0.11,-0.12,-0.131,-0.152
2017-10-05,-0.098,-0.108,-0.104,-0.104,-0.106,-0.11,-0.121,-0.131,-0.152
2017-10-06,-0.098,-0.091,-0.102,-0.103,-0.105,-0.109,-0.121,-0.131,-0.154
2017-10-10,-0.094,-0.094,-0.103,-0.103,-0.107,-0.109,-0.12,-0.13,-0.154
2017-10-11,-0.096,-0.096,-0.103,-0.104,-0.108,-0.11,-0.121,-0.13,-0.152
2017-10-12,-0.096,-0.098,-0.103,-0.103,-0.107,-0.11,-0.121,-0.131,-0.152
2017-10-13,-0.097,-0.098,-0.103,-0.103,-0.108,-0.11,-0.122,-0.131,-0.153
2017-10-16,-0.097,-0.1,-0.104,-0.106,-0.109,-0.111,-0.123,-0.131,-0.155
2017-10-17,-0.099,-0.162,-0.129,-0.124,-0.12,-0.119,-0.129,-0.134,-0.157
2017-10-18,-0.105,-0.109,-0.119,-0.118,-0.116,-0.116,-0.13,-0.135,-0.157
2017-10-19,-0.103,-0.098,-0.111,-0.113,-0.113,-0.115,-0.13,-0.136,-0.16
2017-10-20,-0.099,-0.095,-0.112,-0.115,-0.115,-0.117,-0.136,-0.137,-0.16
2017-10-23,-0.097,-0.096,-0.114,-0.114,-0.114,-0.116,-0.135,-0.137,-0.161
2017-10-24,-0.098,-0.097,-0.112,-0.113,-0.113,-0.116,-0.135,-0.135,-0.161
2017-10-25,-0.098,-0.096,-0.113,-0.113,-0.114,-0.117,-0.134,-0.134,-0.162
2017-10-26,-0.098,-0.102,-0.115,-0.114,-0.114,-0.118,-0.134,-0.135,-0.162
2017-10-27,-0.098,-0.102,-0.123,-0.118,-0.118,-0.12,-0.134,-0.137,-0.162
2017-10-30,-0.1,-0.152,-0.108,-0.11,-0.113,-0.116,-0.133,-0.137,-0.162
2017-10-31,-0.128,-0.11,-0.115,-0.115,-0.115,-0.117,-0.133,-0.137,-0.162
2017-11-01,-0.108,-0.153,-0.122,-0.119,-0.119,-0.123,-0.134,-0.138,-0.162
2017-11-02,-0.112,-0.108,-0.129,-0.126,-0.126,-0.128,-0.136,-0.142,-0.164
2017-11-06,-0.107,-0.11,-0.129,-0.126,-0.126,-0.129,-0.138,-0.145,-0.166
2017-11-07,-0.106,-0.109,-0.131,-0.128,-0.128,-0.13,-0.137,-0.146,-0.165
2017-11-08,-0.106,-0.107,-0.13,-0.129,-0.129,-0.131,-0.137,-0.146,-0.165
2017-11-09,-0.106,-0.111,-0.131,-0.13,-0.13,-0.133,-0.143,-0.149,-0.166
2017-11-10,-0.106,-0.1,-0.127,-0.127,-0.13,-0.137,-0.145,-0.15,-0.166
2017-11-13,-0.101,-0.093,-0.118,-0.12,-0.124,-0.127,-0.143,-0.15,-0.166
2017-11-14,-0.095,-0.082,-0.109,-0.112,-0.118,-0.122,-0.139,-0.148,-0.164
2017-11-15,-0.092,-0.095,-0.112,-0.117,-0.119,-0.123,-0.139,-0.148,-0.164
2017-11-16,-0.097,-0.1,-0.112,-0.118,-0.12,-0.125,-0.14,-0.148,-0.164
2017-11-17,-0.1,-0.101,-0.114,-0.121,-0.123,-0.126,-0.14,-0.148,-0.164
2017-11-20,-0.1,-0.102,-0.115,-0.123,-0.124,-0.128,-0.139,-0.148,-0.164
2017-11-21,-0.102,-0.102,-0.125,-0.124,-0.125,-0.128,-0.14,-0.148,-0.164
2017-11-22,-0.102,-0.101,-0.126,-0.126,-0.126,-0.128,-0.139,-0.149,-0.164
2017-11-24,-0.101,-0.099,-0.123,-0.122,-0.124,-0.126,-0.138,-0.149,-0.164
2017-11-27,-0.099,-0.094,-0.12,-0.118,-0.121,-0.125,-0.137,-0.149,-0.164
2017-11-28,-0.097,-0.094,-0.119,-0.117,-0.12,-0.124,-0.139,-0.15,-0.165
2017-11-29,-0.098,-0.098,-0.112,-0.113,-0.116,-0.154,-0.139,-0.15,-0.165
2017-11-30,-0.098,-0.094,-0.105,-0.108,-0.11,-0.152,-0.137,-0.15,-0.165
2017-12-01,-0.095,-0.088,-0.098,-0.102,-0.105,-0.146,-0.135,-0.15,-0.164
2017-12-04,-0.094,-0.091,-0.095,-0.099,-0.102,-0.136,-0.133,-0.15,-0.163
2017-12-05,-0.089,-0.084,-0.091,-0.094,-0.097,-0.132,-0.129,-0.147,-0.161
2017-12-06,-0.082,-0.079,-0.085,-0.091,-0.096,-0.131,-0.126,-0.146,-0.161
2017-12-07,-0.079,-0.073,-0.08,-0.086,-0.12,-0.123,-0.122,-0.146,-0.162
2017-12-08,-0.072,-0.052,-0.077,-0.084,-0.12,-0.117,-0.121,-0.145,-0.163
2017-12-11,-0.066,-0.059,-0.071,-0.081,-0.118,-0.113,-0.118,-0.145,-0.163
2017-12-12,-0.061,-0.05,-0.073,-0.079,-0.12,-0.115,-0.118,-0.145,-0.163
2017-12-13,-0.048,-0.041,-0.085,-0.089,-0.138,-0.132,-0.123,-0.147,-0.161
2017-12-14,-0.044,-0.073,-0.1,-0.174,-0.155,-0.151,-0.126,-0.15,-0.164
2017-12-15,-0.08,-0.095,-0.106,-0.179,-0.156,-0.147,-0.13,-0.15,-0.163
2017-12-18,-0.092,-0.1,-0.11,-0.178,-0.157,-0.148,-0.131,-0.148,-0.162
2017-12-19,-0.094,-0.094,-0.105,-0.165,-0.148,-0.136,-0.13,-0.149,-0.162
2017-12-20,-0.092,-0.094,-0.103,-0.156,-0.14,-0.131,-0.128,-0.148,-0.162
2017-12-21,-0.092,-0.094,-0.163,-0.145,-0.136,-0.128,-0.127,-0.148,-0.161
2017-12-22,-0.091,-0.088,-0.167,-0.145,-0.134,-0.123,-0.128,-0.147,-0.161
2017-12-25,-0.092,-0.088,-0.171,-0.144,-0.133,-0.124,-0.128,-0.148,-0.161
2017-12-26,-0.091,-0.087,-0.171,-0.141,-0.13,-0.121,-0.127,-0.148,-0.161
2017-12-27,-0.091,-0.084,-0.166,-0.137,-0.128,-0.12,-0.126,-0.148,-0.161
2017-12-28,-0.091,-0.099,-0.091,-0.093,-0.097,-0.103,-0.124,-0.148,-0.161
2017-12-29,-0.098,-0.078,-0.082,-0.086,-0.093,-0.1,-0.124,-0.148,-0.161
2018-01-04,-0.089,-0.082,-0.083,-0.085,-0.091,-0.098,-0.122,-0.147,-0.16
2018-01-05,-0.09,-0.085,-0.083,-0.085,-0.091,-0.097,-0.121,-0.146,-0.16
2018-01-09,-0.09,-0.082,-0.083,-0.085,-0.092,-0.095,-0.12,-0.145,-0.159
2018-01-10,-0.091,-0.081,-0.083,-0.087,-0.093,-0.095,-0.115,-0.143,-0.156
2018-01-11,-0.089,-0.078,-0.084,-0.086,-0.093,-0.094,-0.117,-0.141,-0.155
2018-01-12,-0.09,-0.077,-0.084,-0.086,-0.093,-0.095,-0.116,-0.142,-0.156
2018-01-15,-0.073,-0.106,-0.101,-0.101,-0.102,-0.103,-0.119,-0.143,-0.156
2018-01-16,-0.093,-0.09,-0.095,-0.098,-0.099,-0.1,-0.118,-0.143,-0.156
2018-01-17,-0.091,-0.083,-0.091,-0.096,-0.096,-0.099,-0.118,-0.143,-0.157
2018-01-18,-0.088,-0.081,-0.087,-0.093,-0.095,-0.098,-0.121,-0.143,-0.157
2018-01-19,-0.087,-0.076,-0.085,-0.09,-0.093,-0.096,-0.119,-0.143,-0.156
2018-01-22,-0.083,-0.081,-0.086,-0.091,-0.094,-0.096,-0.12,-0.144,-0.157
2018-01-23,-0.082,-0.078,-0.085,-0.088,-0.092,-0.094,-0.119,-0.144,-0.157
2018-01-24,-0.082,-0.078,-0.083,-0.087,-0.091,-0.094,-0.118,-0.144,-0.157
2018-01-25,-0.082,-0.078,-0.082,-0.086,-0.09,-0.094,-0.117,-0.145,-0.158
2018-01-26,-0.08,-0.078,-0.083,-0.086,-0.091,-0.094,-0.117,-0.145,-0.159
2018-01-29,-0.08,-0.078,-0.084,-0.087,-0.09,-0.094,-0.117,-0.145,-0.159
2018-01-30,-0.081,-0.08,-0.082,-0.085,-0.09,-0.094,-0.117,-0.145,-0.159
2018-01-31,-0.083,-0.078,-0.081,-0.085,-0.09,-0.094,-0.116,-0.145,-0.159
2018-02-01,-0.079,-0.074,-0.079,-0.084,-0.089,-0.094,-0.116,-0.145,-0.159
2018-02-02,-0.077,-0.069,-0.078,-0.083,-0.089,-0.094,-0.116,-0.145,-0.16
2018-02-05,-0.077,-0.072,-0.078,-0.083,-0.089,-0.094,-0.117,-0.145,-0.16
2018-02-06,-0.075,-0.072,-0.08,-0.083,-0.089,-0.093,-0.117,-0.145,-0.16
2018-02-07,-0.078,-0.076,-0.081,-0.085,-0.091,-0.093,-0.118,-0.145,-0.16
2018-02-08,-0.085,-0.093,-0.089,-0.092,-0.094,-0.098,-0.123,-0.147,-0.162
2018-02-09,-0.09,-0.093,-0.094,-0.095,-0.098,-0.102,-0.125,-0.147,-0.162
2018-02-13,-0.095,-0.099,-0.099,-0.101,-0.102,-0.105,-0.129,-0.148,-0.164
2018-02-14,-0.096,-0.098,-0.1,-0.102,-0.103,-0.107,-0.134,-0.148,-0.164
2018-02-15,-0.081,-0.099,-0.101,-0.104,-0.106,-0.109,-0.137,-0.148,-0.164
2018-02-16,-0.094,-0.098,-0.103,-0.107,-0.109,-0.111,-0.143,-0.15,-0.163
2018-02-19,-0.095,-0.097,-0.103,-0.108,-0.109,-0.113,-0.151,-0.152,-0.163
2018-02-20,-0.094,-0.098,-0.108,-0.109,-0.11,-0.115,-0.157,-0.152,-0.165
2018-02-21,-0.096,-0.099,-0.109,-0.11,-0.11,-0.116,-0.159,-0.153,-0.165
2018-02-22,-0.098,-0.128,-0.122,-0.122,-0.124,-0.129,-0.164,-0.154,-0.166
2018-02-23,-0.108,-0.109,-0.129,-0.128,-0.13,-0.135,-0.166,-0.155,-0.166
2018-02-26,-0.111,-0.118,-0.137,-0.134,-0.135,-0.139,-0.164,-0.154,-0.166
2018-02-27,-0.116,-0.116,-0.123,-0.124,-0.126,-0.192,-0.165,-0.156,-0.166
2018-02-28,-0.13,-0.143,-0.143,-0.143,-0.145,-0.2,-0.17,-0.157,-0.167
2018-03-01,-0.128,-0.109,-0.142,-0.143,-0.149,-0.195,-0.168,-0.157,-0.167
2018-03-02,-0.111,-0.104,-0.143,-0.146,-0.149,-0.191,-0.17,-0.157,-0.167
2018-03-05,-0.117,-0.141,-0.147,-0.151,-0.153,-0.195,-0.168,-0.157,-0.167
2018-03-06,-0.138,-0.169,-0.171,-0.177,-0.178,-0.213,-0.17,-0.159,-0.167
2018-03-07,-0.132,-0.114,-0.175,-0.179,-0.18,-0.215,-0.169,-0.159,-0.166
2018-03-08,-0.131,-0.158,-0.176,-0.178,-0.212,-0.21,-0.175,-0.158,-0.166
2018-03-09,-0.124,-0.118,-0.164,-0.165,-0.214,-0.207,-0.176,-0.158,-0.166
2018-03-12,-0.121,-0.119,-0.153,-0.155,-0.199,-0.19,-0.174,-0.158,-0.166
2018-03-13,-0.119,-0.116,-0.147,-0.148,-0.192,-0.182,-0.168,-0.155,-0.166
2018-03-14,-0.116,-0.115,-0.141,-0.145,-0.188,-0.18,-0.167,-0.155,-0.166
2018-03-15,-0.102,-0.102,-0.125,-0.179,-0.17,-0.163,-0.161,-0.153,-0.164
2018-03-16,-0.102,-0.138,-0.129,-0.176,-0.168,-0.162,-0.157,-0.152,-0.163
2018-03-19,-0.124,-0.101,-0.127,-0.174,-0.166,-0.16,-0.153,-0.152,-0.164
2018-03-20,-0.117,-0.154,-0.164,-0.236,-0.2,-0.178,-0.16,-0.155,-0.165
2018-03-22,-0.12,-0.119,-0.283,-0.232,-0.198,-0.176,-0.159,-0.154,-0.164
2018-03-23,-0.111,-0.103,-0.325,-0.249,-0.2,-0.177,-0.16,-0.155,-0.165
2018-03-26,-0.112,-0.114,-0.345,-0.246,-0.197,-0.178,-0.16,-0.156,-0.166
2018-03-27,-0.112,-0.114,-0.353,-0.249,-0.198,-0.179,-0.162,-0.156,-0.166
2018-03-28,-0.115,-0.118,-0.351,-0.249,-0.197,-0.178,-0.162,-0.156,-0.166
2018-03-29,-0.111,-0.439,-0.124,-0.127,-0.129,-0.14,-0.146,-0.154,-0.164
2018-03-30,-0.184,-0.123,-0.126,-0.127,-0.13,-0.141,-0.146,-0.155,-0.165
2018-04-02,-0.124,-0.14,-0.132,-0.135,-0.136,-0.142,-0.144,-0.153,-0.163
2018-04-03,-0.115,-0.11,-0.118,-0.121,-0.125,-0.136,-0.142,-0.153,-0.162
2018-04-04,-0.117,-0.1,-0.112,-0.114,-0.119,-0.131,-0.141,-0.153,-0.162
2018-04-05,-0.115,-0.109,-0.114,-0.115,-0.125,-0.132,-0.14,-0.153,-0.162
2018-04-06,-0.116,-0.119,-0.123,-0.124,-0.134,-0.137,-0.143,-0.152,-0.162
2018-04-09,-0.14,-0.134,-0.135,-0.137,-0.148,-0.154,-0.147,-0.154,-0.163
2018-04-10,-0.154,-0.185,-0.169,-0.167,-0.181,-0.183,-0.155,-0.155,-0.164
2018-04-11,-0.145,-0.149,-0.158,-0.16,-0.187,-0.188,-0.156,-0.156,-0.165
2018-04-12,-0.137,-0.111,-0.143,-0.159,-0.185,-0.192,-0.157,-0.157,-0.165
2018-04-13,-0.123,-0.153,-0.149,-0.174,-0.194,-0.194,-0.159,-0.157,-0.165
2018-04-16,-0.14,-0.151,-0.156,-0.192,-0.198,-0.198,-0.159,-0.157,-0.165
2018-04-17,-0.149,-0.158,-0.156,-0.201,-0.199,-0.196,-0.159,-0.157,-0.165
2018-04-18,-0.15,-0.166,-0.161,-0.21,-0.206,-0.199,-0.161,-0.157,-0.166
2018-04-19,-0.152,-0.17,-0.204,-0.216,-0.211,-0.204,-0.164,-0.156,-0.168
2018-04-20,-0.151,-0.159,-0.221,-0.218,-0.206,-0.203,-0.166,-0.156,-0.168
2018-04-23,-0.147,-0.134,-0.205,-0.195,-0.186,-0.18,-0.164,-0.155,-0.166
2018-04-24,-0.14,-0.141,-0.183,-0.177,-0.17,-0.169,-0.163,-0.155,-0.166
2018-04-25,-0.142,-0.133,-0.182,-0.175,-0.172,-0.17,-0.164,-0.155,-0.165
2018-04-26,-0.131,-0.098,-0.14,-0.138,-0.143,-0.146,-0.155,-0.153,-0.162
2018-04-27,-0.115,-0.088,-0.119,-0.122,-0.125,-0.134,-0.15,-0.152,-0.161
2018-05-01,-0.097,-0.091,-0.11,-0.112,-0.119,-0.129,-0.147,-0.152,-0.161
2018-05-02,-0.078,-0.084,-0.101,-0.105,-0.112,-0.126,-0.144,-0.151,-0.161
2018-05-07,-0.065,-0.082,-0.091,-0.097,-0.105,-0.12,-0.138,-0.151,-0.16
2018-05-08,-0.064,-0.071,-0.088,-0.096,-0.104,-0.116,-0.135,-0.151,-0.163
2018-05-09,-0.06,-0.065,-0.083,-0.091,-0.1,-0.113,-0.133,-0.147,-0.161
2018-05-10,-0.058,-0.06,-0.073,-0.083,-0.096,-0.111,-0.133,-0.147,-0.16
2018-05-11,-0.055,-0.059,-0.071,-0.081,-0.095,-0.109,-0.131,-0.147,-0.16
2018-05-14,-0.052,-0.061,-0.08,-0.088,-0.096,-0.11,-0.13,-0.148,-0.16
2018-05-15,-0.066,-0.084,-0.094,-0.099,-0.106,-0.117,-0.133,-0.148,-0.16
2018-05-16,-0.093,-0.127,-0.127,-0.132,-0.136,-0.139,-0.143,-0.148,-0.16
2018-05-17,-0.098,-0.135,-0.141,-0.142,-0.144,-0.148,-0.148,-0.149,-0.16
2018-05-18,-0.102,-0.129,-0.14,-0.142,-0.144,-0.149,-0.148,-0.149,-0.16
2018-05-21,-0.101,-0.117,-0.131,-0.134,-0.138,-0.142,-0.146,-0.149,-0.16
2018-05-22,-0.101,-0.11,-0.126,-0.132,-0.134,-0.138,-0.143,-0.149,-0.16
2018-05-23,-0.103,-0.116,-0.128,-0.131,-0.134,-0.138,-0.144,-0.149,-0.16
2018-05-24,-0.102,-0.126,-0.133,-0.136,-0.137,-0.141,-0.147,-0.149,-0.161
2018-05-25,-0.128,-0.15,-0.15,-0.149,-0.15,-0.154,-0.153,-0.15,-0.162
2018-05-28,-0.11,-0.152,-0.155,-0.154,-0.154,-0.158,-0.155,-0.15,-0.162
2018-05-29,-0.115,-0.156,-0.16,-0.16,-0.16,-0.162,-0.156,-0.151,-0.163
2018-05-30,-0.117,-0.24,-0.177,-0.171,-0.166,-0.167,-0.157,-0.152,-0.163
2018-05-31,-0.111,-0.145,-0.151,-0.152,-0.152,-0.163,-0.157,-0.152,-0.163
2018-06-01,-0.132,-0.145,-0.153,-0.154,-0.154,-0.164,-0.158,-0.152,-0.163
2018-06-04,-0.11,-0.14,-0.15,-0.151,-0.153,-0.164,-0.157,-0.153,-0.162
2018-06-05,-0.106,-0.117,-0.139,-0.142,-0.144,-0.158,-0.155,-0.153,-0.162
2018-06-06,-0.103,-0.113,-0.13,-0.133,-0.135,-0.153,-0.151,-0.152,-0.161
2018-06-07,-0.1,-0.11,-0.125,-0.127,-0.134,-0.15,-0.148,-0.151,-0.161
2018-06-08,-0.095,-0.1,-0.117,-0.123,-0.147,-0.147,-0.146,-0.151,-0.161
2018-06-11,-0.09,-0.093,-0.11,-0.115,-0.145,-0.144,-0.145,-0.151,-0.161
2018-06-12,-0.085,-0.086,-0.104,-0.112,-0.138,-0.14,-0.144,-0.151,-0.161
2018-06-13,-0.082,-0.087,-0.105,-0.115,-0.139,-0.141,-0.144,-0.151,-0.161
2018-06-14,-0.084,-0.109,-0.12,-0.123,-0.147,-0.145,-0.145,-0.151,-0.161
2018-06-15,-0.106,-0.108,-0.123,-0.15,-0.145,-0.147,-0.144,-0.151,-0.161
2018-06-18,-0.097,-0.112,-0.124,-0.15,-0.145,-0.146,-0.144,-0.151,-0.161
2018-06-19,-0.099,-0.111,-0.126,-0.152,-0.146,-0.145,-0.143,-0.15,-0.161
2018-06-20,-0.104,-0.122,-0.131,-0.159,-0.149,-0.148,-0.144,-0.15,-0.16
2018-06-21,-0.102,-0.122,-0.132,-0.164,-0.152,-0.149,-0.144,-0.15,-0.16
2018-06-22,-0.109,-0.12,-0.18,-0.157,-0.148,-0.145,-0.143,-0.15,-0.16
2018-06-25,-0.108,-0.126,-0.17,-0.155,-0.146,-0.144,-0.143,-0.15,-0.16
2018-06-26,-0.104,-0.115,-0.156,-0.146,-0.142,-0.141,-0.142,-0.15,-0.16
2018-06-27,-0.111,-0.118,-0.146,-0.14,-0.136,-0.135,-0.137,-0.149,-0.16
2018-06-28,-0.107,-0.118,-0.129,-0.125,-0.126,-0.129,-0.136,-0.149,-0.16
2018-06-29,-0.101,-0.103,-0.113,-0.116,-0.121,-0.126,-0.136,-0.149,-0.159
2018-07-02,-0.101,-0.103,-0.108,-0.111,-0.116,-0.122,-0.132,-0.149,-0.159
2018-07-03,-0.099,-0.102,-0.107,-0.11,-0.114,-0.121,-0.129,-0.148,-0.158
2018-07-04,-0.097,-0.101,-0.106,-0.108,-0.113,-0.119,-0.129,-0.148,-0.158
2018-07-05,-0.1,-0.101,-0.104,-0.107,-0.113,-0.119,-0.129,-0.148,-0.158
2018-07-06,-0.094,-0.097,-0.101,-0.108,-0.112,-0.118,-0.129,-0.148,-0.158
2018-07-09,-0.085,-0.085,-0.094,-0.102,-0.108,-0.116,-0.129,-0.148,-0.157
2018-07-10,-0.088,-0.088,-0.096,-0.104,-0.111,-0.117,-0.13,-0.148,-0.157
2018-07-11,-0.09,-0.091,-0.099,-0.106,-0.112,-0.118,-0.13,-0.148,-0.157
2018-07-12,-0.091,-0.099,-0.102,-0.109,-0.114,-0.12,-0.13,-0.149,-0.157
2018-07-13,-0.092,-0.1,-0.109,-0.111,-0.117,-0.123,-0.131,-0.149,-0.157
2018-07-17,-0.097,-0.108,-0.111,-0.116,-0.119,-0.124,-0.132,-0.149,-0.157
2018-07-18,-0.133,-0.128,-0.127,-0.13,-0.13,-0.133,-0.137,-0.149,-0.157
2018-07-19,-0.129,-0.141,-0.137,-0.138,-0.139,-0.14,-0.142,-0.149,-0.158
2018-07-20,-0.101,-0.121,-0.126,-0.131,-0.133,-0.136,-0.141,-0.149,-0.158
2018-07-23,-0.101,-0.127,-0.125,-0.13,-0.132,-0.135,-0.139,-0.148,-0.157
2018-07-24,-0.137,-0.169,-0.155,-0.15,-0.146,-0.146,-0.141,-0.148,-0.155
2018-07-25,-0.161,-0.2,-0.181,-0.166,-0.157,-0.15,-0.145,-0.15,-0.159
2018-07-26,-0.117,-0.163,-0.169,-0.159,-0.152,-0.149,-0.145,-0.15,-0.159
2018-07-27,-0.129,-0.166,-0.169,-0.159,-0.15,-0.147,-0.144,-0.15,-0.159
2018-07-30,-0.113,-0.24,-0.172,-0.16,-0.151,-0.148,-0.145,-0.15,-0.159
2018-07-31,-0.201,-0.18,-0.157,-0.154,-0.145,-0.143,-0.145,-0.15,-0.159
2018-08-01,-0.101,-0.106,-0.107,-0.108,-0.116,-0.125,-0.134,-0.148,-0.155
2018-08-02,-0.103,-0.1,-0.105,-0.108,-0.113,-0.12,-0.131,-0.147,-0.154
2018-08-03,-0.098,-0.1,-0.104,-0.109,-0.113,-0.119,-0.13,-0.147,-0.154
2018-08-06,-0.097,-0.1,-0.105,-0.107,-0.113,-0.119,-0.13,-0.146,-0.154
2018-08-07,-0.097,-0.104,-0.107,-0.108,-0.113,-0.119,-0.131,-0.147,-0.154
2018-08-08,-0.096,-0.111,-0.11,-0.112,-0.114,-0.12,-0.132,-0.146,-0.154
2018-08-09,-0.096,-0.106,-0.11,-0.111,-0.114,-0.121,-0.131,-0.146,-0.155
2018-08-10,-0.096,-0.101,-0.108,-0.111,-0.114,-0.12,-0.131,-0.146,-0.155
2018-08-13,-0.095,-0.1,-0.108,-0.112,-0.114,-0.12,-0.132,-0.146,-0.156
2018-08-14,-0.095,-0.099,-0.109,-0.113,-0.116,-0.121,-0.133,-0.146,-0.156
2018-08-15,-0.117,-0.145,-0.134,-0.132,-0.134,-0.133,-0.139,-0.147,-0.156
2018-08-16,-0.111,-0.15,-0.133,-0.133,-0.135,-0.135,-0.139,-0.147,-0.157
2018-08-17,-0.111,-0.139,-0.132,-0.133,-0.133,-0.134,-0.139,-0.147,-0.157
2018-08-20,-0.1,-0.12,-0.124,-0.129,-0.13,-0.132,-0.139,-0.148,-0.157
2018-08-21,-0.099,-0.114,-0.121,-0.126,-0.129,-0.131,-0.138,-0.148,-0.157
2018-08-22,-0.101,-0.122,-0.123,-0.129,-0.131,-0.133,-0.139,-0.148,-0.157
2018-08-23,-0.104,-0.138,-0.132,-0.137,-0.137,-0.137,-0.14,-0.148,-0.157
2018-08-24,-0.125,-0.14,-0.146,-0.141,-0.14,-0.141,-0.141,-0.148,-0.157
2018-08-27,-0.122,-0.146,-0.149,-0.142,-0.141,-0.141,-0.142,-0.149,-0.159
2018-08-28,-0.121,-0.154,-0.158,-0.146,-0.143,-0.142,-0.142,-0.15,-0.159
2018-08-29,-0.109,-0.142,-0.153,-0.143,-0.141,-0.141,-0.141,-0.149,-0.159
2018-08-30,-0.107,-0.142,-0.134,-0.131,-0.134,-0.139,-0.141,-0.149,-0.159
2018-08-31,-0.098,-0.101,-0.108,-0.112,-0.117,-0.135,-0.136,-0.149,-0.157
2018-09-03,-0.098,-0.102,-0.106,-0.11,-0.117,-0.135,-0.136,-0.149,-0.159
2018-09-04,-0.098,-0.104,-0.108,-0.11,-0.118,-0.137,-0.137,-0.149,-0.158
2018-09-05,-0.098,-0.101,-0.106,-0.11,-0.117,-0.137,-0.139,-0.149,-0.158
2018-09-06,-0.098,-0.101,-0.106,-0.111,-0.12,-0.137,-0.139,-0.149,-0.158
2018-09-07,-0.092,-0.094,-0.102,-0.108,-0.137,-0.136,-0.138,-0.149,-0.158
2018-09-10,-0.095,-0.098,-0.103,-0.109,-0.138,-0.133,-0.135,-0.148,-0.158
2018-09-11,-0.095,-0.098,-0.103,-0.11,-0.138,-0.133,-0.135,-0.146,-0.158
2018-09-12,-0.094,-0.096,-0.103,-0.11,-0.137,-0.132,-0.135,-0.146,-0.158
2018-09-13,-0.094,-0.117,-0.113,-0.116,-0.137,-0.134,-0.135,-0.146,-0.158
2018-09-14,-0.093,-0.106,-0.112,-0.132,-0.132,-0.132,-0.135,-0.146,-0.158
2018-09-18,-0.096,-0.104,-0.111,-0.135,-0.13,-0.13,-0.133,-0.146,-0.156
2018-09-19,-0.097,-0.109,-0.111,-0.132,-0.128,-0.128,-0.133,-0.146,-0.156
2018-09-20,-0.101,-0.114,-0.113,-0.13,-0.128,-0.128,-0.133,-0.146,-0.155
2018-09-21,-0.1,-0.112,-0.13,-0.126,-0.126,-0.127,-0.132,-0.145,-0.154
2018-09-25,-0.098,-0.111,-0.13,-0.127,-0.126,-0.128,-0.133,-0.145,-0.154
2018-09-26,-0.099,-0.109,-0.13,-0.125,-0.125,-0.127,-0.132,-0.144,-0.154
2018-09-27,-0.098,-0.143,-0.127,-0.123,-0.122,-0.125,-0.132,-0.145,-0.155
2018-09-28,-0.169,-0.114,-0.112,-0.114,-0.119,-0.126,-0.14,-0.145,-0.155
2018-10-01,-0.095,-0.103,-0.108,-0.111,-0.116,-0.124,-0.141,-0.145,-0.156
2018-10-02,-0.098,-0.104,-0.108,-0.11,-0.116,-0.122,-0.142,-0.146,-0.157
2018-10-03,-0.096,-0.103,-0.106,-0.109,-0.116,-0.123,-0.143,-0.146,-0.156
2018-10-04,-0.097,-0.106,-0.106,-0.111,-0.117,-0.124,-0.143,-0.146,-0.155
2018-10-05,-0.095,-0.106,-0.109,-0.116,-0.119,-0.127,-0.143,-0.146,-0.155
2018-10-09,-0.098,-0.108,-0.114,-0.119,-0.121,-0.129,-0.144,-0.146,-0.156
2018-10-10,-0.096,-0.108,-0.115,-0.12,-0.123,-0.13,-0.146,-0.147,-0.156
2018-10-11,-0.1,-0.118,-0.12,-0.123,-0.128,-0.132,-0.149,-0.148,-0.157
2018-10-12,-0.106,-0.131,-0.131,-0.13,-0.133,-0.135,-0.149,-0.148,-0.156
2018-10-15,-0.099,-0.133,-0.138,-0.137,-0.138,-0.139,-0.149,-0.149,-0.157
2018-10-16,-0.104,-0.138,-0.14,-0.139,-0.141,-0.141,-0.15,-0.149,-0.157
2018-10-17,-0.109,-0.139,-0.141,-0.146,-0.142,-0.144,-0.15,-0.15,-0.157
2018-10-18,-0.107,-0.146,-0.145,-0.145,-0.145,-0.145,-0.15,-0.15,-0.157
2018-10-19,-0.117,-0.134,-0.14,-0.143,-0.143,-0.144,-0.15,-0.15,-0.157
2018-10-22,-0.111,-0.134,-0.14,-0.145,-0.145,-0.145,-0.15,-0.151,-0.158
2018-10-23,-0.113,-0.133,-0.14,-0.143,-0.143,-0.144,-0.15,-0.151,-0.158
2018-10-24,-0.121,-0.139,-0.144,-0.144,-0.145,-0.145,-0.151,-0.151,-0.158
2018-10-25,-0.152,-0.157,-0.156,-0.151,-0.148,-0.149,-0.151,-0.151,-0.159
2018-10-26,-0.14,-0.155,-0.157,-0.151,-0.149,-0.149,-0.151,-0.151,-0.159
2018-10-29,-0.129,-0.148,-0.152,-0.151,-0.149,-0.149,-0.15,-0.151,-0.159
2018-10-30,-0.134,-0.175,-0.155,-0.152,-0.149,-0.149,-0.15,-0.151,-0.159
2018-10-31,-0.125,-0.136,-0.137,-0.137,-0.139,-0.142,-0.15,-0.15,-0.159
2018-11-01,-0.139,-0.146,-0.148,-0.146,-0.146,-0.148,-0.153,-0.152,-0.159
2018-11-02,-0.115,-0.142,-0.143,-0.144,-0.144,-0.147,-0.152,-0.152,-0.159
2018-11-05,-0.113,-0.131,-0.134,-0.136,-0.139,-0.143,-0.15,-0.151,-0.158
2018-11-06,-0.118,-0.142,-0.142,-0.142,-0.144,-0.147,-0.153,-0.152,-0.159
2018-11-07,-0.122,-0.149,-0.145,-0.146,-0.146,-0.149,-0.153,-0.152,-0.159
2018-11-08,-0.114,-0.137,-0.141,-0.143,-0.146,-0.149,-0.153,-0.152,-0.159
2018-11-09,-0.128,-0.14,-0.14,-0.144,-0.147,-0.149,-0.153,-0.152,-0.159
2018-11-12,-0.149,-0.2,-0.185,-0.173,-0.167,-0.167,-0.161,-0.155,-0.16
2018-11-13,-0.2,-0.256,-0.202,-0.192,-0.182,-0.174,-0.164,-0.156,-0.16
2018-11-14,-0.131,-0.178,-0.172,-0.172,-0.169,-0.164,-0.162,-0.156,-0.161
2018-11-15,-0.105,-0.13,-0.133,-0.136,-0.142,-0.146,-0.159,-0.156,-0.161
2018-11-16,-0.13,-0.132,-0.136,-0.138,-0.141,-0.147,-0.161,-0.157,-0.161
2018-11-19,-0.131,-0.165,-0.152,-0.155,-0.155,-0.157,-0.163,-0.158,-0.161
2018-11-20,-0.137,-0.166,-0.163,-0.164,-0.163,-0.162,-0.166,-0.16,-0.162
2018-11-21,-0.137,-0.165,-0.167,-0.169,-0.169,-0.168,-0.175,-0.161,-0.163
2018-11-22,-0.134,-0.167,-0.177,-0.174,-0.172,-0.173,-0.177,-0.163,-0.164
2018-11-26,-0.126,-0.162,-0.176,-0.175,-0.174,-0.173,-0.176,-0.163,-0.163
2018-11-27,-0.126,-0.165,-0.179,-0.176,-0.174,-0.175,-0.175,-0.164,-0.163
2018-11-28,-0.122,-0.16,-0.17,-0.167,-0.168,-0.17,-0.171,-0.164,-0.163
2018-11-29,-0.122,-0.166,-0.159,-0.159,-0.162,-0.165,-0.165,-0.162,-0.161
2018-11-30,-0.102,-0.114,-0.119,-0.122,-0.134,-0.169,-0.161,-0.16,-0.16
2018-12-03,-0.091,-0.094,-0.105,-0.11,-0.126,-0.162,-0.156,-0.159,-0.159
2018-12-04,-0.092,-0.096,-0.107,-0.113,-0.13,-0.162,-0.159,-0.159,-0.159
2018-12-05,-0.09,-0.099,-0.106,-0.113,-0.129,-0.166,-0.159,-0.159,-0.159
2018-12-06,-0.089,-0.096,-0.103,-0.12,-0.131,-0.171,-0.16,-0.159,-0.159
2018-12-07,-0.088,-0.093,-0.115,-0.127,-0.176,-0.184,-0.163,-0.159,-0.161
2018-12-10,-0.085,-0.087,-0.117,-0.138,-0.215,-0.207,-0.165,-0.16,-0.161
2018-12-11,-0.085,-0.085,-0.124,-0.144,-0.25,-0.243,-0.169,-0.16,-0.161
2018-12-12,-0.084,-0.084,-0.144,-0.161,-0.29,-0.273,-0.173,-0.162,-0.163
2018-12-13,-0.083,-0.151,-0.169,-0.182,-0.3,-0.278,-0.174,-0.163,-0.164
2018-12-14,-0.103,-0.187,-0.191,-0.31,-0.32,-0.301,-0.177,-0.164,-0.164
2018-12-17,-0.2,-0.226,-0.227,-0.365,-0.339,-0.316,-0.178,-0.164,-0.164
2018-12-18,-0.191,-0.205,-0.219,-0.362,-0.33,-0.313,-0.181,-0.164,-0.164
2018-12-19,-0.174,-0.201,-0.218,-0.346,-0.315,-0.292,-0.18,-0.164,-0.163
2018-12-20,-0.179,-0.2,-0.205,-0.308,-0.273,-0.249,-0.179,-0.164,-0.164
2018-12-21,-0.156,-0.155,-0.25,-0.231,-0.209,-0.197,-0.174,-0.163,-0.163
2018-12-25,-0.101,-0.119,-0.21,-0.187,-0.177,-0.173,-0.17,-0.164,-0.163
2018-12-26,-0.101,-0.12,-0.2,-0.18,-0.169,-0.163,-0.165,-0.164,-0.163
2018-12-27,-0.101,-0.121,-0.127,-0.131,-0.135,-0.143,-0.153,-0.161,-0.161
2018-12-28,-0.098,-0.1,-0.105,-0.112,-0.12,-0.13,-0.153,-0.157,-0.159
2019-01-04,-0.094,-0.098,-0.102,-0.112,-0.119,-0.131,-0.152,-0.157,-0.159
2019-01-07,-0.087,-0.088,-0.095,-0.111,-0.115,-0.126,-0.152,-0.158,-0.158
2019-01-08,-0.083,-0.082,-0.091,-0.113,-0.118,-0.128,-0.151,-0.158,-0.158
2019-01-09,-0.082,-0.081,-0.094,-0.118,-0.122,-0.13,-0.15,-0.156,-0.157
2019-01-10,-0.084,-0.092,-0.103,-0.119,-0.127,-0.137,-0.15,-0.158,-0.157
2019-01-11,-0.099,-0.124,-0.132,-0.133,-0.137,-0.14,-0.151,-0.158,-0.157
2019-01-15,-0.096,-0.123,-0.127,-0.132,-0.138,-0.143,-0.152,-0.158,-0.158
2019-01-16,-0.182,-0.147,-0.147,-0.148,-0.151,-0.152,-0.158,-0.16,-0.159
2019-01-17,-0.141,-0.154,-0.151,-0.152,-0.152,-0.153,-0.156,-0.16,-0.159
2019-01-18,-0.146,-0.144,-0.148,-0.15,-0.151,-0.152,-0.158,-0.159,-0.158
2019-01-21,-0.119,-0.138,-0.143,-0.148,-0.149,-0.152,-0.159,-0.16,-0.159
2019-01-22,-0.117,-0.144,-0.145,-0.149,-0.15,-0.152,-0.159,-0.16,-0.16
2019-01-23,-0.119,-0.142,-0.142,-0.146,-0.146,-0.15,-0.158,-0.16,-0.16
2019-01-24,-0.108,-0.122,-0.126,-0.13,-0.132,-0.138,-0.155,-0.159,-0.159
2019-01-25,-0.111,-0.119,-0.121,-0.123,-0.128,-0.134,-0.154,-0.159,-0.158
2019-01-28,-0.108,-0.124,-0.126,-0.126,-0.13,-0.136,-0.155,-0.159,-0.158
2019-01-29,-0.119,-0.128,-0.127,-0.126,-0.131,-0.136,-0.155,-0.159,-0.158
2019-01-30,-0.109,-0.125,-0.126,-0.126,-0.129,-0.135,-0.156,-0.159,-0.158
2019-01-31,-0.1,-0.108,-0.113,-0.114,-0.121,-0.132,-0.162,-0.16,-0.159
2019-02-01,-0.094,-0.095,-0.101,-0.106,-0.118,-0.132,-0.166,-0.161,-0.161
2019-02-04,-0.093,-0.096,-0.099,-0.107,-0.119,-0.132,-0.165,-0.161,-0.161
2019-02-05,-0.093,-0.093,-0.098,-0.109,-0.119,-0.132,-0.166,-0.161,-0.161
2019-02-06,-0.079,-0.083,-0.093,-0.105,-0.116,-0.131,-0.162,-0.161,-0.161
2019-02-07,-0.082,-0.087,-0.091,-0.106,-0.121,-0.133,-0.161,-0.161,-0.161
2019-02-08,-0.085,-0.089,-0.101,-0.111,-0.124,-0.137,-0.163,-0.163,-0.163
2019-02-12,-0.088,-0.09,-0.105,-0.115,-0.126,-0.14,-0.163,-0.163,-0.163
2019-02-13,-0.087,-0.09,-0.112,-0.122,-0.129,-0.141,-0.164,-0.164,-0.164
2019-02-14,-0.082,-0.119,-0.132,-0.137,-0.139,-0.146,-0.163,-0.164,-0.164
2019-02-15,-0.103,-0.12,-0.127,-0.134,-0.137,-0.144,-0.164,-0.164,-0.164
2019-02-18,-0.101,-0.117,-0.123,-0.128,-0.131,-0.141,-0.164,-0.165,-0.164
2019-02-19,-0.106,-0.115,-0.122,-0.128,-0.131,-0.142,-0.163,-0.165,-0.164
2019-02-20,-0.102,-0.111,-0.118,-0.124,-0.127,-0.139,-0.162,-0.165,-0.164
2019-02-21,-0.102,-0.11,-0.117,-0.121,-0.125,-0.137,-0.161,-0.164,-0.164
2019-02-22,-0.092,-0.087,-0.098,-0.106,-0.115,-0.128,-0.158,-0.164,-0.164
2019-02-25,-0.07,-0.068,-0.081,-0.087,-0.097,-0.112,-0.154,-0.162,-0.161
2019-02-26,-0.068,-0.069,-0.077,-0.082,-0.092,-0.105,-0.151,-0.161,-0.16
2019-02-27,-0.06,-0.059,-0.067,-0.075,-0.089,-0.102,-0.148,-0.16,-0.16
2019-02-28,-0.049,-0.049,-0.056,-0.063,-0.085,-0.113,-0.142,-0.157,-0.157
2019-03-01,-0.034,-0.029,-0.038,-0.053,-0.079,-0.113,-0.14,-0.154,-0.156
2019-03-04,-0.029,-0.03,-0.037,-0.052,-0.08,-0.108,-0.135,-0.154,-0.156
2019-03-05,-0.032,-0.035,-0.041,-0.057,-0.083,-0.11,-0.131,-0.154,-0.156
2019-03-06,-0.031,-0.035,-0.041,-0.057,-0.084,-0.111,-0.131,-0.154,-0.156
2019-03-07,-0.032,-0.033,-0.04,-0.057,-0.084,-0.112,-0.131,-0.152,-0.156
2019-03-08,-0.019,-0.006,-0.026,-0.052,-0.095,-0.108,-0.129,-0.152,-0.155
2019-03-11,-0.018,-0.017,-0.043,-0.062,-0.104,-0.108,-0.131,-0.151,-0.154
2019-03-12,-0.038,-0.047,-0.076,-0.089,-0.115,-0.113,-0.131,-0.152,-0.154
2019-03-13,-0.052,-0.07,-0.095,-0.107,-0.126,-0.126,-0.134,-0.152,-0.154
2019-03-14,-0.055,-0.068,-0.092,-0.103,-0.126,-0.125,-0.133,-0.152,-0.155
2019-03-15,-0.07,-0.11,-0.115,-0.146,-0.138,-0.132,-0.136,-0.153,-0.155
2019-03-18,-0.084,-0.102,-0.111,-0.143,-0.134,-0.133,-0.134,-0.152,-0.155
2019-03-19,-0.104,-0.112,-0.117,-0.141,-0.133,-0.13,-0.135,-0.152,-0.155
2019-03-20,-0.107,-0.143,-0.139,-0.161,-0.144,-0.138,-0.137,-0.154,-0.156
2019-03-22,-0.127,-0.14,-0.202,-0.166,-0.144,-0.137,-0.138,-0.154,-0.156
2019-03-25,-0.136,-0.15,-0.221,-0.17,-0.148,-0.144,-0.144,-0.155,-0.157
2019-03-26,-0.148,-0.167,-0.227,-0.168,-0.149,-0.145,-0.144,-0.154,-0.156
2019-03-27,-0.12,-0.119,-0.193,-0.15,-0.145,-0.143,-0.143,-0.154,-0.156
2019-03-28,-0.105,-0.209,-0.164,-0.142,-0.139,-0.142,-0.143,-0.154,-0.156
2019-03-29,-0.225,-0.097,-0.097,-0.098,-0.117,-0.131,-0.138,-0.154,-0.157
2019-04-01,-0.089,-0.085,-0.086,-0.092,-0.105,-0.129,-0.139,-0.155,-0.157
2019-04-02,-0.087,-0.085,-0.085,-0.089,-0.102,-0.125,-0.135,-0.154,-0.157
2019-04-03,-0.083,-0.081,-0.079,-0.085,-0.099,-0.123,-0.133,-0.154,-0.157
2019-04-04,-0.092,-0.089,-0.088,-0.091,-0.101,-0.127,-0.134,-0.154,-0.157
2019-04-05,-0.094,-0.094,-0.093,-0.1,-0.118,-0.124,-0.133,-0.153,-0.157
2019-04-08,-0.092,-0.093,-0.095,-0.101,-0.122,-0.124,-0.134,-0.153,-0.157
2019-04-09,-0.093,-0.085,-0.092,-0.1,-0.124,-0.127,-0.132,-0.153,-0.157
2019-04-10,-0.093,-0.089,-0.098,-0.105,-0.128,-0.132,-0.137,-0.154,-0.158
2019-04-11,-0.107,-0.124,-0.126,-0.129,-0.137,-0.138,-0.138,-0.154,-0.158
2019-04-12,-0.13,-0.137,-0.137,-0.148,-0.149,-0.146,-0.145,-0.154,-0.158
2019-04-15,-0.139,-0.142,-0.14,-0.151,-0.151,-0.145,-0.145,-0.155,-0.158
2019-04-16,-0.118,-0.121,-0.124,-0.142,-0.144,-0.136,-0.139,-0.155,-0.158
2019-04-17,-0.105,-0.104,-0.111,-0.129,-0.131,-0.127,-0.134,-0.154,-0.158
2019-04-18,-0.097,-0.105,-0.111,-0.13,-0.13,-0.128,-0.134,-0.154,-0.158
2019-04-19,-0.101,-0.106,-0.137,-0.136,-0.128,-0.126,-0.133,-0.154,-0.158
2019-04-22,-0.103,-0.107,-0.143,-0.144,-0.131,-0.129,-0.132,-0.154,-0.158
2019-04-23,-0.106,-0.113,-0.149,-0.147,-0.135,-0.131,-0.133,-0.154,-0.158
2019-04-24,-0.106,-0.127,-0.151,-0.147,-0.134,-0.132,-0.133,-0.154,-0.158
2019-04-25,-0.155,-0.151,-0.151,-0.146,-0.136,-0.135,-0.134,-0.154,-0.158
2019-04-26,-0.104,-0.115,-0.116,-0.121,-0.125,-0.13,-0.134,-0.154,-0.158
2019-05-07,-0.099,-0.096,-0.098,-0.104,-0.114,-0.121,-0.131,-0.151,-0.157
2019-05-08,-0.084,-0.083,-0.087,-0.096,-0.103,-0.115,-0.128,-0.151,-0.157
2019-05-09,-0.063,-0.06,-0.068,-0.085,-0.097,-0.11,-0.126,-0.151,-0.157
2019-05-10,-0.067,-0.065,-0.079,-0.092,-0.104,-0.116,-0.127,-0.151,-0.157
2019-05-13,-0.068,-0.06,-0.083,-0.098,-0.105,-0.117,-0.13,-0.151,-0.157
2019-05-14,-0.067,-0.07,-0.092,-0.103,-0.111,-0.123,-0.132,-0.151,-0.157
2019-05-15,-0.084,-0.111,-0.111,-0.115,-0.119,-0.123,-0.133,-0.152,-0.158
2019-05-16,-0.096,-0.111,-0.112,-0.114,-0.118,-0.122,-0.131,-0.151,-0.157
2019-05-17,-0.093,-0.099,-0.105,-0.11,-0.112,-0.118,-0.129,-0.151,-0.157
2019-05-20,-0.089,-0.09,-0.096,-0.099,-0.103,-0.11,-0.127,-0.151,-0.157
2019-05-21,-0.086,-0.094,-0.094,-0.099,-0.101,-0.107,-0.127,-0.151,-0.157
2019-05-22,-0.084,-0.086,-0.092,-0.095,-0.098,-0.105,-0.124,-0.151,-0.156
2019-05-23,-0.09,-0.086,-0.089,-0.092,-0.095,-0.104,-0.124,-0.151,-0.157
2019-05-24,-0.082,-0.082,-0.088,-0.089,-0.094,-0.106,-0.124,-0.151,-0.157
2019-05-27,-0.081,-0.081,-0.087,-0.091,-0.094,-0.105,-0.125,-0.151,-0.157
2019-05-28,-0.09,-0.091,-0.094,-0.095,-0.1,-0.108,-0.125,-0.151,-0.157
2019-05-29,-0.099,-0.101,-0.102,-0.103,-0.108,-0.114,-0.129,-0.151,-0.157
2019-05-30,-0.091,-0.105,-0.104,-0.106,-0.112,-0.116,-0.129,-0.151,-0.157
2019-05-31,-0.082,-0.083,-0.085,-0.088,-0.103,-0.118,-0.128,-0.151,-0.157
2019-06-03,-0.088,-0.085,-0.088,-0.092,-0.106,-0.12,-0.13,-0.151,-0.157
2019-06-04,-0.086,-0.086,-0.088,-0.093,-0.106,-0.122,-0.128,-0.151,-0.157
2019-06-05,-0.086,-0.085,-0.087,-0.095,-0.107,-0.12,-0.129,-0.152,-0.158
2019-06-06,-0.082,-0.09,-0.09,-0.101,-0.109,-0.123,-0.13,-0.151,-0.157
2019-06-07,-0.083,-0.09,-0.096,-0.103,-0.122,-0.127,-0.13,-0.151,-0.157
2019-06-10,-0.092,-0.095,-0.102,-0.107,-0.127,-0.13,-0.132,-0.151,-0.157
2019-06-11,-0.097,-0.111,-0.112,-0.118,-0.131,-0.132,-0.133,-0.151,-0.157
2019-06-12,-0.103,-0.113,-0.12,-0.124,-0.133,-0.134,-0.133,-0.151,-0.157
2019-06-13,-0.094,-0.127,-0.13,-0.132,-0.136,-0.134,-0.134,-0.151,-0.157
2019-06-14,-0.093,-0.112,-0.12,-0.138,-0.132,-0.13,-0.133,-0.148,-0.157
2019-06-17,-0.095,-0.109,-0.115,-0.136,-0.13,-0.128,-0.132,-0.15,-0.157
2019-06-18,-0.097,-0.105,-0.11,-0.129,-0.127,-0.125,-0.131,-0.151,-0.157
2019-06-19,-0.097,-0.105,-0.108,-0.123,-0.123,-0.123,-0.13,-0.151,-0.157
2019-06-20,-0.093,-0.092,-0.098,-0.111,-0.116,-0.121,-0.13,-0.152,-0.159
2019-06-21,-0.093,-0.09,-0.102,-0.105,-0.111,-0.117,-0.129,-0.151,-0.159
2019-06-24,-0.092,-0.088,-0.099,-0.102,-0.107,-0.113,-0.127,-0.151,-0.159
2019-06-25,-0.088,-0.088,-0.098,-0.101,-0.106,-0.11,-0.124,-0.151,-0.159
2019-06-26,-0.086,-0.087,-0.098,-0.1,-0.105,-0.108,-0.122,-0.151,-0.159
2019-06-27,-0.085,-0.102,-0.096,-0.097,-0.103,-0.107,-0.121,-0.151,-0.159
2019-06-28,-0.088,-0.081,-0.087,-0.09,-0.1,-0.106,-0.123,-0.15,-0.158
2019-07-01,-0.091,-0.082,-0.086,-0.09,-0.096,-0.105,-0.122,-0.15,-0.158
2019-07-02,-0.089,-0.087,-0.088,-0.092,-0.098,-0.107,-0.125,-0.15,-0.158
2019-07-03,-0.083,-0.082,-0.085,-0.09,-0.098,-0.105,-0.124,-0.15,-0.158
2019-07-04,-0.082,-0.082,-0.084,-0.09,-0.098,-0.105,-0.124,-0.15,-0.159
2019-07-05,-0.097,-0.113,-0.108,-0.111,-0.112,-0.113,-0.128,-0.15,-0.159
2019-07-08,-0.115,-0.113,-0.112,-0.113,-0.114,-0.115,-0.13,-0.15,-0.159
2019-07-09,-0.11,-0.098,-0.104,-0.106,-0.109,-0.111,-0.127,-0.15,-0.159
2019-07-10,-0.1,-0.105,-0.106,-0.107,-0.108,-0.111,-0.127,-0.151,-0.16
2019-07-11,-0.103,-0.11,-0.106,-0.107,-0.109,-0.111,-0.126,-0.152,-0.16
2019-07-12,-0.094,-0.097,-0.098,-0.102,-0.106,-0.108,-0.124,-0.149,-0.16
2019-07-16,-0.089,-0.091,-0.094,-0.097,-0.103,-0.108,-0.123,-0.149,-0.16
2019-07-17,-0.098,-0.098,-0.1,-0.101,-0.104,-0.109,-0.125,-0.149,-0.16
2019-07-18,-0.093,-0.098,-0.1,-0.101,-0.103,-0.105,-0.122,-0.149,-0.16
2019-07-19,-0.088,-0.088,-0.093,-0.097,-0.099,-0.103,-0.122,-0.149,-0.16
2019-07-22,-0.092,-0.09,-0.092,-0.095,-0.096,-0.103,-0.121,-0.149,-0.16
2019-07-23,-0.088,-0.088,-0.091,-0.092,-0.093,-0.1,-0.119,-0.149,-0.16
2019-07-24,-0.085,-0.08,-0.085,-0.088,-0.09,-0.097,-0.116,-0.148,-0.16
2019-07-25,-0.082,-0.081,-0.085,-0.088,-0.089,-0.097,-0.114,-0.148,-0.16
2019-07-26,-0.08,-0.08,-0.084,-0.087,-0.089,-0.097,-0.114,-0.148,-0.16
2019-07-29,-0.079,-0.079,-0.084,-0.086,-0.089,-0.097,-0.114,-0.149,-0.16
2019-07-30,-0.077,-0.078,-0.081,-0.083,-0.088,-0.097,-0.114,-0.149,-0.16
2019-07-31,-0.074,-0.076,-0.079,-0.082,-0.088,-0.095,-0.114,-0.149,-0.16
2019-08-01,-0.065,-0.068,-0.071,-0.076,-0.084,-0.092,-0.113,-0.149,-0.16
2019-08-02,-0.062,-0.059,-0.062,-0.068,-0.078,-0.088,-0.11,-0.149,-0.16
2019-08-05,-0.03,-0.025,-0.035,-0.043,-0.061,-0.076,-0.104,-0.149,-0.16
2019-08-06,-0.038,-0.039,-0.042,-0.049,-0.065,-0.08,-0.105,-0.15,-0.16
2019-08-07,-0.039,-0.049,-0.054,-0.065,-0.073,-0.087,-0.103,-0.15,-0.16
2019-08-08,-0.044,-0.073,-0.072,-0.082,-0.088,-0.1,-0.106,-0.151,-0.16
2019-08-09,-0.078,-0.068,-0.072,-0.08,-0.089,-0.101,-0.106,-0.149,-0.16
2019-08-13,-0.101,-0.11,-0.105,-0.105,-0.108,-0.109,-0.115,-0.149,-0.162
2019-08-14,-0.102,-0.104,-0.104,-0.105,-0.108,-0.11,-0.117,-0.15,-0.162
2019-08-15,-0.09,-0.088,-0.093,-0.093,-0.097,-0.101,-0.117,-0.15,-0.162
2019-08-16,-0.085,-0.089,-0.092,-0.094,-0.097,-0.1,-0.118,-0.152,-0.162
2019-08-19,-0.084,-0.086,-0.088,-0.093,-0.096,-0.101,-0.12,-0.151,-0.162
2019-08-20,-0.08,-0.083,-0.088,-0.09,-0.094,-0.1,-0.12,-0.151,-0.162
2019-08-21,-0.085,-0.087,-0.088,-0.091,-0.095,-0.101,-0.12,-0.152,-0.163
2019-08-22,-0.078,-0.08,-0.084,-0.088,-0.093,-0.101,-0.12,-0.151,-0.163
2019-08-23,-0.08,-0.082,-0.086,-0.087,-0.093,-0.1,-0.121,-0.151,-0.163
2019-08-26,-0.083,-0.083,-0.086,-0.088,-0.093,-0.101,-0.124,-0.153,-0.164
2019-08-27,-0.085,-0.09,-0.091,-0.092,-0.097,-0.104,-0.125,-0.153,-0.164
2019-08-28,-0.084,-0.087,-0.09,-0.091,-0.097,-0.106,-0.126,-0.153,-0.165
2019-08-29,-0.086,-0.09,-0.09,-0.092,-0.098,-0.105,-0.129,-0.156,-0.168
2019-08-30,-0.085,-0.089,-0.09,-0.092,-0.098,-0.114,-0.131,-0.157,-0.168
2019-09-02,-0.089,-0.117,-0.112,-0.113,-0.116,-0.125,-0.133,-0.157,-0.168
2019-09-03,-0.089,-0.095,-0.096,-0.099,-0.104,-0.122,-0.134,-0.157,-0.168
2019-09-04,-0.084,-0.089,-0.092,-0.096,-0.102,-0.122,-0.136,-0.16,-0.169
2019-09-05,-0.084,-0.09,-0.091,-0.098,-0.104,-0.123,-0.137,-0.16,-0.171
2019-09-06,-0.084,-0.089,-0.091,-0.099,-0.105,-0.123,-0.137,-0.161,-0.171
2019-09-09,-0.083,-0.085,-0.089,-0.096,-0.116,-0.123,-0.137,-0.163,-0.171
2019-09-10,-0.042,-0.05,-0.074,-0.083,-0.11,-0.116,-0.135,-0.166,-0.173
2019-09-11,-0.051,-0.052,-0.076,-0.085,-0.114,-0.12,-0.137,-0.167,-0.173
2019-09-12,-0.019,-0.041,-0.069,-0.083,-0.112,-0.114,-0.138,-0.167,-0.174
2019-09-13,-0.019,-0.074,-0.085,-0.104,-0.109,-0.114,-0.134,-0.165,-0.173
2019-09-17,-0.063,-0.062,-0.073,-0.102,-0.107,-0.112,-0.13,-0.163,-0.171
2019-09-18,-0.058,-0.067,-0.078,-0.104,-0.107,-0.111,-0.129,-0.162,-0.17
2019-09-19,-0.067,-0.08,-0.084,-0.106,-0.108,-0.111,-0.131,-0.162,-0.17
2019-09-20,-0.088,-0.086,-0.112,-0.112,-0.111,-0.114,-0.139,-0.166,-0.177
2019-09-24,-0.074,-0.082,-0.109,-0.107,-0.109,-0.112,-0.141,-0.168,-0.18
2019-09-25,-0.083,-0.092,-0.117,-0.113,-0.112,-0.116,-0.139,-0.166,-0.18
2019-09-26,-0.091,-0.111,-0.127,-0.121,-0.119,-0.124,-0.143,-0.167,-0.181
2019-09-27,-0.093,-0.113,-0.112,-0.11,-0.114,-0.117,-0.143,-0.167,-0.181
2019-09-30,-0.116,-0.099,-0.102,-0.104,-0.107,-0.11,-0.154,-0.172,-0.187
2019-10-01,-0.097,-0.089,-0.093,-0.096,-0.102,-0.108,-0.164,-0.176,-0.193
2019-10-02,-0.073,-0.069,-0.074,-0.078,-0.088,-0.099,-0.169,-0.182,-0.198
2019-10-03,-0.052,-0.049,-0.057,-0.066,-0.076,-0.091,-0.165,-0.185,-0.201
2019-10-04,-0.049,-0.048,-0.057,-0.064,-0.074,-0.087,-0.166,-0.186,-0.204
2019-10-07,-0.046,-0.046,-0.052,-0.064,-0.072,-0.085,-0.166,-0.184,-0.201
2019-10-08,-0.05,-0.057,-0.06,-0.07,-0.077,-0.089,-0.168,-0.186,-0.205
2019-10-09,-0.064,-0.063,-0.067,-0.077,-0.082,-0.093,-0.17,-0.181,-0.198
2019-10-10,-0.052,-0.063,-0.068,-0.078,-0.085,-0.096,-0.171,-0.181,-0.197
2019-10-11,-0.054,-0.076,-0.082,-0.083,-0.091,-0.099,-0.168,-0.181,-0.196
2019-10-15,-0.076,-0.093,-0.095,-0.094,-0.098,-0.104,-0.169,-0.181,-0.196
2019-10-16,-0.094,-0.093,-0.092,-0.092,-0.098,-0.102,-0.162,-0.18,-0.195
2019-10-17,-0.083,-0.077,-0.078,-0.083,-0.089,-0.095,-0.159,-0.179,-0.194
2019-10-18,-0.069,-0.06,-0.064,-0.07,-0.076,-0.086,-0.149,-0.176,-0.19
2019-10-21,-0.077,-0.062,-0.066,-0.07,-0.077,-0.084,-0.147,-0.175,-0.192
2019-10-23,-0.077,-0.07,-0.069,-0.073,-0.079,-0.087,-0.143,-0.175,-0.192
2019-10-24,-0.075,-0.071,-0.072,-0.075,-0.079,-0.087,-0.139,-0.175,-0.192
2019-10-25,-0.065,-0.06,-0.066,-0.067,-0.076,-0.083,-0.134,-0.175,-0.192
2019-10-28,-0.063,-0.057,-0.06,-0.062,-0.071,-0.079,-0.129,-0.173,-0.192
2019-10-29,-0.072,-0.059,-0.062,-0.065,-0.071,-0.078,-0.128,-0.173,-0.192
2019-10-30,-0.073,-0.068,-0.067,-0.069,-0.075,-0.081,-0.127,-0.171,-0.192
2019-10-31,-0.064,-0.06,-0.062,-0.064,-0.072,-0.08,-0.123,-0.17,-0.192
2019-11-01,-0.064,-0.059,-0.061,-0.063,-0.072,-0.08,-0.125,-0.17,-0.192
2019-11-05,-0.079,-0.071,-0.071,-0.073,-0.077,-0.081,-0.124,-0.168,-0.192
2019-11-06,-0.102,-0.096,-0.088,-0.09,-0.093,-0.097,-0.124,-0.167,-0.192
2019-11-07,-0.103,-0.116,-0.105,-0.101,-0.102,-0.104,-0.124,-0.167,-0.191
2019-11-08,-0.104,-0.111,-0.105,-0.102,-0.103,-0.106,-0.123,-0.167,-0.19
2019-11-11,-0.164,-0.191,-0.168,-0.143,-0.133,-0.125,-0.135,-0.168,-0.189
2019-11-12,-0.211,-0.262,-0.217,-0.158,-0.14,-0.134,-0.141,-0.17,-0.189
2019-11-13,-0.108,-0.132,-0.121,-0.117,-0.117,-0.118,-0.134,-0.169,-0.187
2019-11-14,-0.086,-0.113,-0.107,-0.108,-0.111,-0.112,-0.131,-0.17,-0.188
2019-11-15,-0.075,-0.072,-0.075,-0.077,-0.084,-0.09,-0.124,-0.17,-0.188
2019-11-18,-0.081,-0.077,-0.079,-0.081,-0.086,-0.093,-0.124,-0.17,-0.188
2019-11-19,-0.079,-0.078,-0.08,-0.081,-0.085,-0.091,-0.124,-0.168,-0.187
2019-11-20,-0.081,-0.081,-0.081,-0.084,-0.087,-0.091,-0.128,-0.169,-0.187
2019-11-21,-0.083,-0.09,-0.09,-0.092,-0.094,-0.099,-0.129,-0.169,-0.187
2019-11-22,-0.078,-0.078,-0.081,-0.083,-0.09,-0.095,-0.129,-0.169,-0.187
2019-11-25,-0.079,-0.075,-0.079,-0.081,-0.087,-0.094,-0.128,-0.169,-0.187
2019-11-26,-0.081,-0.076,-0.078,-0.08,-0.087,-0.096,-0.124,-0.168,-0.187
2019-11-27,-0.075,-0.076,-0.077,-0.079,-0.086,-0.095,-0.122,-0.168,-0.187
2019-11-28,-0.078,-0.076,-0.077,-0.079,-0.085,-0.091,-0.121,-0.168,-0.187
2019-11-29,-0.071,-0.064,-0.067,-0.068,-0.077,-0.116,-0.12,-0.167,-0.187
2019-12-02,-0.033,-0.042,-0.051,-0.054,-0.064,-0.114,-0.12,-0.165,-0.185
2019-12-03,-0.052,-0.05,-0.054,-0.059,-0.067,-0.112,-0.12,-0.166,-0.185
2019-12-04,-0.049,-0.05,-0.054,-0.059,-0.068,-0.109,-0.12,-0.166,-0.185
2019-12-05,-0.038,-0.032,-0.043,-0.049,-0.064,-0.1,-0.114,-0.165,-0.185
2019-12-06,-0.035,-0.032,-0.039,-0.051,-0.066,-0.095,-0.111,-0.164,-0.184
2019-12-09,-0.024,-0.017,-0.031,-0.048,-0.085,-0.091,-0.104,-0.159,-0.184
2019-12-10,-0.018,-0.017,-0.032,-0.05,-0.086,-0.089,-0.102,-0.158,-0.181
2019-12-11,-0.008,-0.006,-0.03,-0.056,-0.084,-0.087,-0.103,-0.158,-0.182
2019-12-12,-0.003,-0.003,-0.031,-0.062,-0.087,-0.09,-0.103,-0.158,-0.182
2019-12-13,-0.02,-0.099,-0.097,-0.099,-0.11,-0.109,-0.113,-0.158,-0.181
2019-12-16,-0.089,-0.093,-0.096,-0.11,-0.111,-0.11,-0.114,-0.159,-0.181
2019-12-17,-0.09,-0.095,-0.097,-0.11,-0.109,-0.107,-0.115,-0.16,-0.182
2019-12-18,-0.092,-0.096,-0.097,-0.11,-0.11,-0.107,-0.115,-0.159,-0.18
2019-12-19,-0.091,-0.095,-0.096,-0.108,-0.108,-0.105,-0.11,-0.157,-0.178
2019-12-20,-0.08,-0.07,-0.074,-0.091,-0.09,-0.093,-0.102,-0.156,-0.176
2019-12-23,-0.064,-0.06,-0.085,-0.085,-0.082,-0.085,-0.098,-0.153,-0.17
2019-12-24,-0.068,-0.072,-0.087,-0.085,-0.083,-0.084,-0.1,-0.15,-0.169
2019-12-25,-0.048,-0.057,-0.076,-0.074,-0.073,-0.08,-0.095,-0.149,-0.17
2019-12-26,-0.055,-0.058,-0.073,-0.07,-0.07,-0.076,-0.094,-0.145,-0.166
2019-12-27,-0.056,-0.06,-0.062,-0.063,-0.067,-0.074,-0.093,-0.145,-0.164
2019-12-30,-0.082,-0.073,-0.072,-0.076,-0.08,-0.086,-0.1,-0.145,-0.164
2020-01-06,-0.104,-0.105,-0.095,-0.093,-0.093,-0.096,-0.109,-0.146,-0.165
2020-01-07,-0.092,-0.073,-0.073,-0.076,-0.083,-0.089,-0.105,-0.145,-0.164
2020-01-08,-0.061,-0.057,-0.061,-0.068,-0.073,-0.082,-0.105,-0.144,-0.163
2020-01-09,-0.083,-0.086,-0.083,-0.083,-0.088,-0.093,-0.106,-0.143,-0.163
2020-01-10,-0.112,-0.095,-0.086,-0.084,-0.087,-0.092,-0.107,-0.143,-0.163
2020-01-14,-0.092,-0.085,-0.081,-0.082,-0.084,-0.09,-0.105,-0.143,-0.161
2020-01-15,-0.076,-0.071,-0.073,-0.075,-0.079,-0.086,-0.103,-0.137,-0.161
2020-01-16,-0.074,-0.072,-0.073,-0.074,-0.078,-0.083,-0.1,-0.134,-0.159
2020-01-17,-0.07,-0.057,-0.061,-0.062,-0.065,-0.072,-0.099,-0.134,-0.159
2020-01-20,-0.049,-0.05,-0.055,-0.057,-0.061,-0.067,-0.093,-0.135,-0.159
2020-01-21,-0.07,-0.064,-0.061,-0.063,-0.065,-0.07,-0.095,-0.134,-0.159
2020-01-22,-0.077,-0.091,-0.083,-0.082,-0.083,-0.085,-0.099,-0.134,-0.159
2020-01-23,-0.074,-0.071,-0.071,-0.074,-0.075,-0.079,-0.099,-0.132,-0.159
2020-01-24,-0.079,-0.068,-0.07,-0.071,-0.073,-0.078,-0.098,-0.133,-0.157
2020-01-27,-0.071,-0.069,-0.071,-0.07,-0.074,-0.077,-0.098,-0.133,-0.158
2020-01-28,-0.083,-0.082,-0.079,-0.079,-0.08,-0.084,-0.1,-0.134,-0.158
2020-01-29,-0.101,-0.124,-0.104,-0.101,-0.096,-0.094,-0.105,-0.136,-0.158
2020-01-30,-0.132,-0.125,-0.108,-0.103,-0.099,-0.099,-0.106,-0.136,-0.158
2020-01-31,-0.093,-0.082,-0.085,-0.085,-0.089,-0.092,-0.105,-0.135,-0.158
2020-02-03,-0.064,-0.05,-0.057,-0.065,-0.071,-0.08,-0.1,-0.135,-0.158
2020-02-04,-0.073,-0.083,-0.072,-0.074,-0.079,-0.088,-0.104,-0.135,-0.158
2020-02-05,-0.091,-0.089,-0.083,-0.084,-0.085,-0.091,-0.107,-0.135,-0.159
2020-02-06,-0.086,-0.09,-0.084,-0.085,-0.086,-0.092,-0.107,-0.135,-0.159
2020-02-07,-0.062,-0.056,-0.06,-0.068,-0.077,-0.085,-0.103,-0.134,-0.159
2020-02-10,-0.054,-0.052,-0.06,-0.067,-0.074,-0.083,-0.102,-0.134,-0.16
2020-02-12,-0.077,-0.086,-0.083,-0.083,-0.086,-0.091,-0.103,-0.133,-0.159
2020-02-13,-0.093,-0.108,-0.092,-0.09,-0.092,-0.095,-0.103,-0.133,-0.159
2020-02-14,-0.077,-0.075,-0.075,-0.078,-0.083,-0.092,-0.102,-0.133,-0.158
2020-02-17,-0.086,-0.09,-0.086,-0.085,-0.087,-0.092,-0.102,-0.132,-0.158
2020-02-18,-0.102,-0.098,-0.089,-0.088,-0.089,-0.095,-0.103,-0.134,-0.158
2020-02-19,-0.063,-0.062,-0.067,-0.07,-0.078,-0.087,-0.101,-0.13,-0.156
2020-02-20,-0.061,-0.067,-0.069,-0.073,-0.079,-0.09,-0.102,-0.131,-0.157
2020-02-21,-0.078,-0.077,-0.078,-0.079,-0.083,-0.09,-0.102,-0.133,-0.158
2020-02-25,-0.085,-0.08,-0.08,-0.081,-0.085,-0.091,-0.103,-0.133,-0.158
2020-02-26,-0.081,-0.081,-0.082,-0.081,-0.086,-0.091,-0.104,-0.134,-0.159
2020-02-27,-0.081,-0.085,-0.082,-0.083,-0.087,-0.092,-0.105,-0.134,-0.16
2020-02-28,-0.075,-0.065,-0.067,-0.069,-0.077,-0.093,-0.103,-0.134,-0.16
2020-03-02,-0.073,-0.068,-0.072,-0.074,-0.079,-0.095,-0.103,-0.134,-0.16
2020-03-03,-0.083,-0.096,-0.094,-0.096,-0.098,-0.112,-0.115,-0.137,-0.164
2020-03-04,-0.107,-0.152,-0.14,-0.146,-0.145,-0.16,-0.162,-0.167,-0.178
2020-03-05,-0.101,-0.15,-0.144,-0.144,-0.149,-0.158,-0.161,-0.174,-0.184
2020-03-06,-0.137,-0.144,-0.153,-0.155,-0.158,-0.168,-0.173,-0.18,-0.19
2020-03-09,-0.13,-0.161,-0.161,-0.163,-0.17,-0.182,-0.186,-0.193,-0.202
2020-03-10,-0.094,-0.104,-0.117,-0.126,-0.171,-0.176,-0.196,-0.198,-0.207
2020-03-11,-0.095,-0.111,-0.12,-0.132,-0.18,-0.182,-0.199,-0.202,-0.207
2020-03-12,-0.103,-0.153,-0.159,-0.163,-0.188,-0.196,-0.205,-0.205,-0.208
2020-03-13,-0.196,-0.198,-0.182,-0.185,-0.206,-0.214,-0.219,-0.219,-0.22
2020-03-16,-0.132,-0.215,-0.215,-0.217,-0.231,-0.235,-0.246,-0.249,-0.249
2020-03-17,-0.35,-0.422,-0.336,-0.32,-0.311,-0.301,-0.281,-0.265,-0.258
2020-03-18,-0.199,-0.218,-0.222,-0.245,-0.257,-0.251,-0.264,-0.256,-0.253
2020-03-19,-0.223,-0.268,-0.239,-0.269,-0.257,-0.258,-0.258,-0.255,-0.254
2020-03-23,-0.536,-0.62,-0.335,-0.337,-0.302,-0.282,-0.271,-0.266,-0.265
2020-03-24,-0.833,-0.88,-0.45,-0.378,-0.34,-0.32,-0.301,-0.279,-0.273
2020-03-25,-0.229,-0.284,-0.401,-0.319,-0.311,-0.284,-0.277,-0.272,-0.27
2020-03-26,-0.191,-0.2,-0.27,-0.233,-0.226,-0.235,-0.242,-0.263,-0.267
2020-03-27,-0.126,-0.16,-0.189,-0.185,-0.185,-0.188,-0.202,-0.251,-0.259
2020-03-30,-0.168,-0.575,-0.262,-0.215,-0.191,-0.19,-0.196,-0.237,-0.246
2020-03-31,-0.615,-0.243,-0.198,-0.196,-0.195,-0.2,-0.205,-0.239,-0.245
2020-04-01,-0.116,-0.142,-0.149,-0.153,-0.167,-0.188,-0.199,-0.225,-0.238
2020-04-02,-0.1,-0.103,-0.114,-0.127,-0.136,-0.155,-0.165,-0.214,-0.224
2020-04-03,-0.099,-0.142,-0.135,-0.138,-0.146,-0.16,-0.163,-0.211,-0.226
2020-04-06,-0.122,-0.16,-0.15,-0.152,-0.156,-0.169,-0.156,-0.214,-0.225
2020-04-07,-0.146,-0.253,-0.201,-0.197,-0.19,-0.2,-0.165,-0.214,-0.225
2020-04-08,-0.233,-0.408,-0.275,-0.243,-0.241,-0.249,-0.205,-0.226,-0.233
2020-04-09,-0.205,-0.2,-0.203,-0.204,-0.207,-0.219,-0.185,-0.221,-0.228
2020-04-10,-0.094,-0.101,-0.124,-0.139,-0.158,-0.164,-0.171,-0.209,-0.219
2020-04-13,-0.085,-0.094,-0.112,-0.121,-0.146,-0.152,-0.158,-0.205,-0.216
2020-04-14,-0.082,-0.085,-0.104,-0.109,-0.128,-0.141,-0.153,-0.197,-0.208
2020-04-15,-0.087,-0.119,-0.116,-0.122,-0.13,-0.14,-0.149,-0.193,-0.205
2020-04-16,-0.124,-0.136,-0.124,-0.13,-0.135,-0.142,-0.149,-0.191,-0.203
2020-04-17,-0.109,-0.113,-0.119,-0.127,-0.133,-0.137,-0.148,-0.185,-0.201
2020-04-20,-0.101,-0.121,-0.12,-0.128,-0.132,-0.136,-0.146,-0.182,-0.197
2020-04-21,-0.116,-0.149,-0.138,-0.144,-0.143,-0.147,-0.15,-0.183,-0.198
2020-04-22,-0.113,-0.157,-0.148,-0.149,-0.145,-0.15,-0.15,-0.184,-0.197
2020-04-23,-0.105,-0.138,-0.142,-0.146,-0.147,-0.148,-0.149,-0.182,-0.195
2020-04-24,-0.111,-0.115,-0.133,-0.133,-0.136,-0.141,-0.146,-0.179,-0.193
2020-04-27,-0.103,-0.133,-0.139,-0.137,-0.14,-0.145,-0.15,-0.178,-0.192
2020-04-28,-0.113,-0.169,-0.161,-0.15,-0.147,-0.151,-0.153,-0.182,-0.196
2020-04-30,-0.134,-0.132,-0.133,-0.135,-0.14,-0.145,-0.146,-0.181,-0.198
2020-05-01,-0.061,-0.06,-0.077,-0.08,-0.089,-0.098,-0.131,-0.174,-0.19
2020-05-07,-0.065,-0.077,-0.082,-0.085,-0.09,-0.1,-0.122,-0.169,-0.188
2020-05-08,-0.087,-0.07,-0.077,-0.08,-0.089,-0.098,-0.121,-0.167,-0.186
2020-05-11,-0.087,-0.111,-0.1,-0.102,-0.105,-0.11,-0.124,-0.166,-0.187
2020-05-12,-0.102,-0.133,-0.115,-0.115,-0.118,-0.12,-0.129,-0.171,-0.187
2020-05-13,-0.099,-0.107,-0.11,-0.113,-0.115,-0.118,-0.127,-0.169,-0.187
2020-05-14,-0.1,-0.121,-0.11,-0.111,-0.115,-0.12,-0.128,-0.172,-0.187
2020-05-15,-0.096,-0.092,-0.096,-0.1,-0.106,-0.112,-0.125,-0.169,-0.183
2020-05-18,-0.124,-0.138,-0.125,-0.128,-0.125,-0.124,-0.131,-0.169,-0.182
2020-05-19,-0.125,-0.139,-0.128,-0.129,-0.127,-0.127,-0.131,-0.166,-0.18
2020-05-20,-0.104,-0.115,-0.118,-0.121,-0.122,-0.123,-0.129,-0.168,-0.181
2020-05-21,-0.101,-0.119,-0.115,-0.118,-0.12,-0.122,-0.129,-0.168,-0.182
2020-05-22,-0.093,-0.087,-0.093,-0.098,-0.104,-0.108,-0.123,-0.168,-0.184
2020-05-25,-0.07,-0.078,-0.087,-0.093,-0.098,-0.102,-0.12,-0.17,-0.186
2020-05-26,-0.081,-0.092,-0.095,-0.097,-0.104,-0.109,-0.122,-0.171,-0.187
2020-05-27,-0.089,-0.099,-0.099,-0.101,-0.103,-0.109,-0.123,-0.166,-0.187
2020-05-28,-0.11,-0.113,-0.104,-0.104,-0.105,-0.109,-0.124,-0.164,-0.187
2020-05-29,-0.106,-0.073,-0.091,-0.094,-0.099,-0.104,-0.119,-0.163,-0.187
2020-06-01,-0.097,-0.096,-0.099,-0.1,-0.102,-0.108,-0.121,-0.164,-0.188
2020-06-02,-0.098,-0.11,-0.103,-0.103,-0.105,-0.11,-0.123,-0.164,-0.188
2020-06-03,-0.097,-0.1,-0.101,-0.103,-0.105,-0.111,-0.123,-0.164,-0.188
2020-06-04,-0.098,-0.097,-0.097,-0.102,-0.104,-0.113,-0.124,-0.164,-0.188
2020-06-05,-0.094,-0.081,-0.091,-0.095,-0.101,-0.111,-0.123,-0.164,-0.188
2020-06-08,-0.084,-0.083,-0.088,-0.093,-0.1,-0.11,-0.123,-0.164,-0.188
2020-06-09,-0.064,-0.062,-0.072,-0.082,-0.095,-0.108,-0.12,-0.164,-0.187
2020-06-10,-0.059,-0.055,-0.069,-0.078,-0.092,-0.109,-0.123,-0.163,-0.187
2020-06-11,-0.048,-0.072,-0.074,-0.081,-0.093,-0.11,-0.12,-0.163,-0.187
2020-06-12,-0.059,-0.054,-0.071,-0.081,-0.091,-0.108,-0.122,-0.162,-0.187
2020-06-15,-0.093,-0.072,-0.08,-0.084,-0.095,-0.108,-0.123,-0.164,-0.187
2020-06-16,-0.054,-0.053,-0.072,-0.082,-0.092,-0.104,-0.12,-0.164,-0.187
2020-06-17,-0.069,-0.081,-0.082,-0.088,-0.093,-0.103,-0.12,-0.165,-0.187
2020-06-18,-0.079,-0.084,-0.082,-0.089,-0.094,-0.104,-0.118,-0.164,-0.185
2020-06-19,-0.088,-0.062,-0.073,-0.084,-0.091,-0.1,-0.117,-0.165,-0.189
2020-06-22,-0.069,-0.06,-0.069,-0.082,-0.089,-0.098,-0.115,-0.165,-0.189
2020-06-23,-0.06,-0.069,-0.079,-0.083,-0.089,-0.098,-0.115,-0.165,-0.189
2020-06-24,-0.061,-0.06,-0.073,-0.079,-0.085,-0.094,-0.111,-0.164,-0.189
2020-06-25,-0.063,-0.062,-0.073,-0.079,-0.085,-0.093,-0.109,-0.164,-0.189
2020-06-26,-0.058,-0.054,-0.071,-0.077,-0.081,-0.091,-0.109,-0.164,-0.189
2020-06-29,-0.06,-0.073,-0.07,-0.074,-0.078,-0.086,-0.107,-0.164,-0.188
2020-06-30,-0.062,-0.073,-0.071,-0.073,-0.079,-0.087,-0.106,-0.163,-0.188
2020-07-01,-0.071,-0.082,-0.079,-0.081,-0.083,-0.09,-0.105,-0.161,-0.189
2020-07-02,-0.09,-0.086,-0.082,-0.083,-0.085,-0.093,-0.107,-0.161,-0.189
2020-07-03,-0.083,-0.069,-0.075,-0.081,-0.084,-0.092,-0.104,-0.161,-0.189
2020-07-06,-0.066,-0.068,-0.072,-0.079,-0.082,-0.091,-0.106,-0.16,-0.189
2020-07-07,-0.074,-0.086,-0.083,-0.084,-0.086,-0.094,-0.108,-0.161,-0.186
2020-07-08,-0.084,-0.087,-0.085,-0.087,-0.09,-0.094,-0.104,-0.159,-0.185
2020-07-09,-0.083,-0.08,-0.083,-0.083,-0.089,-0.094,-0.104,-0.158,-0.179
2020-07-10,-0.082,-0.072,-0.078,-0.082,-0.087,-0.093,-0.104,-0.157,-0.178
2020-07-13,-0.069,-0.062,-0.074,-0.078,-0.084,-0.091,-0.104,-0.156,-0.176
2020-07-14,-0.073,-0.075,-0.077,-0.081,-0.086,-0.093,-0.104,-0.157,-0.176
2020-07-15,-0.074,-0.076,-0.079,-0.081,-0.088,-0.095,-0.106,-0.156,-0.175
2020-07-16,-0.072,-0.082,-0.079,-0.081,-0.089,-0.095,-0.105,-0.152,-0.175
2020-07-17,-0.082,-0.063,-0.072,-0.076,-0.085,-0.092,-0.103,-0.15,-0.177
2020-07-20,-0.066,-0.066,-0.07,-0.076,-0.083,-0.091,-0.103,-0.152,-0.178
2020-07-21,-0.069,-0.072,-0.073,-0.076,-0.083,-0.09,-0.103,-0.155,-0.177
2020-07-22,-0.073,-0.065,-0.07,-0.076,-0.082,-0.09,-0.102,-0.153,-0.178
2020-07-27,-0.073,-0.071,-0.072,-0.078,-0.083,-0.091,-0.102,-0.156,-0.18
2020-07-28,-0.069,-0.074,-0.073,-0.078,-0.083,-0.091,-0.102,-0.156,-0.181
2020-07-29,-0.097,-0.089,-0.081,-0.081,-0.084,-0.092,-0.103,-0.157,-0.181
2020-07-30,-0.082,-0.081,-0.078,-0.081,-0.084,-0.091,-0.101,-0.157,-0.181
2020-07-31,-0.073,-0.066,-0.072,-0.077,-0.081,-0.091,-0.101,-0.157,-0.181
2020-08-03,-0.065,-0.065,-0.071,-0.076,-0.081,-0.091,-0.101,-0.156,-0.181
2020-08-04,-0.067,-0.073,-0.072,-0.076,-0.081,-0.09,-0.101,-0.156,-0.181
2020-08-05,-0.063,-0.061,-0.068,-0.074,-0.079,-0.088,-0.101,-0.155,-0.179
2020-08-06,-0.061,-0.063,-0.07,-0.074,-0.077,-0.085,-0.101,-0.152,-0.178
2020-08-07,-0.063,-0.057,-0.066,-0.071,-0.076,-0.083,-0.097,-0.146,-0.175
2020-08-11,-0.055,-0.055,-0.062,-0.067,-0.073,-0.084,-0.096,-0.145,-0.174
2020-08-12,-0.064,-0.072,-0.068,-0.071,-0.075,-0.083,-0.094,-0.149,-0.174
2020-08-13,-0.089,-0.094,-0.081,-0.077,-0.081,-0.086,-0.097,-0.149,-0.173
2020-08-14,-0.076,-0.07,-0.071,-0.073,-0.078,-0.083,-0.095,-0.149,-0.173
2020-08-17,-0.071,-0.072,-0.072,-0.074,-0.078,-0.084,-0.094,-0.147,-0.172
2020-08-18,-0.075,-0.08,-0.073,-0.074,-0.08,-0.084,-0.094,-0.147,-0.172
2020-08-19,-0.068,-0.07,-0.072,-0.074,-0.079,-0.083,-0.094,-0.147,-0.172
2020-08-20,-0.068,-0.074,-0.073,-0.075,-0.078,-0.083,-0.093,-0.142,-0.171
2020-08-21,-0.071,-0.07,-0.071,-0.073,-0.077,-0.082,-0.093,-0.142,-0.171
2020-08-24,-0.069,-0.067,-0.07,-0.073,-0.077,-0.083,-0.091,-0.139,-0.171
2020-08-25,-0.069,-0.067,-0.07,-0.073,-0.077,-0.082,-0.091,-0.135,-0.168
2020-08-26,-0.076,-0.079,-0.074,-0.075,-0.078,-0.082,-0.091,-0.136,-0.167
2020-08-27,-0.077,-0.084,-0.08,-0.078,-0.079,-0.086,-0.092,-0.136,-0.167
2020-08-28,-0.08,-0.079,-0.078,-0.077,-0.08,-0.083,-0.092,-0.137,-0.166
2020-08-31,-0.084,-0.089,-0.084,-0.083,-0.084,-0.088,-0.095,-0.137,-0.164
2020-09-01,-0.089,-0.094,-0.088,-0.088,-0.088,-0.092,-0.097,-0.137,-0.164
2020-09-02,-0.086,-0.086,-0.085,-0.087,-0.088,-0.092,-0.097,-0.136,-0.163
2020-09-03,-0.111,-0.117,-0.095,-0.094,-0.096,-0.1,-0.103,-0.137,-0.164
2020-09-04,-0.106,-0.116,-0.103,-0.102,-0.103,-0.105,-0.109,-0.136,-0.162
2020-09-07,-0.127,-0.161,-0.144,-0.128,-0.125,-0.124,-0.124,-0.142,-0.165
2020-09-08,-0.167,-0.161,-0.147,-0.134,-0.128,-0.13,-0.127,-0.146,-0.164
2020-09-09,-0.104,-0.102,-0.107,-0.112,-0.121,-0.121,-0.123,-0.143,-0.164
2020-09-10,-0.094,-0.095,-0.099,-0.105,-0.116,-0.116,-0.121,-0.145,-0.164
2020-09-11,-0.102,-0.108,-0.108,-0.11,-0.118,-0.12,-0.121,-0.145,-0.164
2020-09-14,-0.088,-0.09,-0.098,-0.102,-0.112,-0.117,-0.12,-0.144,-0.164
2020-09-15,-0.081,-0.092,-0.096,-0.098,-0.109,-0.113,-0.119,-0.144,-0.163
2020-09-16,-0.083,-0.091,-0.095,-0.104,-0.108,-0.113,-0.119,-0.144,-0.163
2020-09-17,-0.089,-0.097,-0.098,-0.107,-0.109,-0.113,-0.118,-0.144,-0.163
2020-09-18,-0.09,-0.088,-0.093,-0.103,-0.109,-0.113,-0.118,-0.144,-0.163
2020-09-23,-0.091,-0.099,-0.104,-0.104,-0.107,-0.111,-0.118,-0.143,-0.164
2020-09-24,-0.102,-0.103,-0.108,-0.108,-0.109,-0.114,-0.121,-0.143,-0.164
2020-09-25,-0.101,-0.102,-0.112,-0.109,-0.11,-0.114,-0.126,-0.144,-0.164
2020-09-28,-0.094,-0.097,-0.109,-0.108,-0.11,-0.113,-0.124,-0.144,-0.163
2020-09-29,-0.103,-0.111,-0.107,-0.107,-0.108,-0.113,-0.124,-0.145,-0.166
2020-09-30,-0.102,-0.096,-0.097,-0.101,-0.106,-0.112,-0.129,-0.144,-0.164
2020-10-01,-0.087,-0.081,-0.087,-0.093,-0.1,-0.108,-0.128,-0.144,-0.164
2020-10-02,-0.079,-0.075,-0.082,-0.088,-0.097,-0.106,-0.125,-0.144,-0.163
2020-10-05,-0.07,-0.07,-0.076,-0.082,-0.092,-0.098,-0.123,-0.143,-0.163
2020-10-06,-0.073,-0.078,-0.079,-0.086,-0.092,-0.099,-0.121,-0.143,-0.163
2020-10-07,-0.071,-0.076,-0.079,-0.086,-0.091,-0.099,-0.122,-0.142,-0.163
2020-10-08,-0.079,-0.08,-0.079,-0.086,-0.091,-0.099,-0.121,-0.142,-0.162
2020-10-09,-0.072,-0.068,-0.077,-0.083,-0.088,-0.097,-0.119,-0.142,-0.162
2020-10-12,-0.064,-0.068,-0.077,-0.083,-0.089,-0.096,-0.115,-0.138,-0.162
2020-10-13,-0.069,-0.082,-0.079,-0.084,-0.091,-0.097,-0.113,-0.14,-0.162
2020-10-14,-0.078,-0.084,-0.082,-0.084,-0.09,-0.097,-0.113,-0.139,-0.162
2020-10-15,-0.081,-0.09,-0.087,-0.087,-0.092,-0.099,-0.115,-0.138,-0.161
2020-10-16,-0.083,-0.08,-0.083,-0.086,-0.09,-0.099,-0.113,-0.138,-0.161
2020-10-19,-0.074,-0.08,-0.082,-0.085,-0.089,-0.097,-0.112,-0.138,-0.16
2020-10-20,-0.075,-0.08,-0.082,-0.086,-0.09,-0.097,-0.111,-0.136,-0.16
2020-10-21,-0.076,-0.09,-0.085,-0.087,-0.091,-0.096,-0.111,-0.136,-0.16
2020-10-22,-0.09,-0.091,-0.087,-0.088,-0.091,-0.097,-0.111,-0.136,-0.16
2020-10-23,-0.091,-0.077,-0.084,-0.087,-0.089,-0.095,-0.111,-0.136,-0.16
2020-10-26,-0.078,-0.083,-0.083,-0.087,-0.089,-0.095,-0.108,-0.135,-0.159
2020-10-27,-0.078,-0.09,-0.087,-0.088,-0.09,-0.097,-0.111,-0.134,-0.158
2020-10-28,-0.084,-0.094,-0.091,-0.091,-0.091,-0.098,-0.112,-0.134,-0.158
2020-10-29,-0.091,-0.1,-0.094,-0.093,-0.093,-0.1,-0.111,-0.134,-0.158
2020-10-30,-0.093,-0.09,-0.09,-0.09,-0.092,-0.1,-0.112,-0.135,-0.158
2020-11-02,-0.086,-0.09,-0.09,-0.09,-0.092,-0.101,-0.111,-0.135,-0.159
2020-11-04,-0.097,-0.108,-0.096,-0.096,-0.096,-0.102,-0.113,-0.135,-0.159
2020-11-05,-0.094,-0.102,-0.096,-0.096,-0.097,-0.102,-0.113,-0.135,-0.159
2020-11-06,-0.091,-0.09,-0.092,-0.094,-0.097,-0.101,-0.112,-0.135,-0.158
2020-11-09,-0.091,-0.085,-0.09,-0.093,-0.096,-0.1,-0.112,-0.133,-0.157
2020-11-10,-0.084,-0.085,-0.09,-0.091,-0.095,-0.101,-0.112,-0.135,-0.157
2020-11-11,-0.083,-0.09,-0.089,-0.092,-0.094,-0.1,-0.111,-0.132,-0.157
2020-11-12,-0.086,-0.087,-0.089,-0.09,-0.094,-0.1,-0.111,-0.134,-0.157
2020-11-13,-0.088,-0.081,-0.088,-0.09,-0.095,-0.1,-0.11,-0.134,-0.157
2020-11-16,-0.084,-0.084,-0.088,-0.091,-0.095,-0.1,-0.109,-0.134,-0.158
2020-11-17,-0.093,-0.094,-0.09,-0.093,-0.096,-0.1,-0.113,-0.135,-0.158
2020-11-18,-0.087,-0.088,-0.089,-0.092,-0.096,-0.1,-0.113,-0.135,-0.157
2020-11-19,-0.1,-0.098,-0.093,-0.095,-0.097,-0.101,-0.113,-0.135,-0.158
2020-11-20,-0.081,-0.081,-0.087,-0.093,-0.094,-0.1,-0.111,-0.135,-0.158
2020-11-24,-0.081,-0.08,-0.085,-0.089,-0.094,-0.099,-0.111,-0.134,-0.157
2020-11-25,-0.079,-0.081,-0.085,-0.088,-0.094,-0.099,-0.11,-0.133,-0.157
2020-11-26,-0.078,-0.085,-0.085,-0.088,-0.093,-0.098,-0.109,-0.132,-0.155
2020-11-27,-0.079,-0.077,-0.084,-0.087,-0.09,-0.097,-0.108,-0.131,-0.154
2020-11-30,-0.077,-0.077,-0.082,-0.085,-0.091,-0.102,-0.109,-0.131,-0.155
2020-12-01,-0.076,-0.08,-0.083,-0.084,-0.09,-0.102,-0.108,-0.131,-0.155
2020-12-02,-0.077,-0.079,-0.082,-0.085,-0.089,-0.101,-0.107,-0.131,-0.155
2020-12-03,-0.076,-0.08,-0.082,-0.084,-0.089,-0.1,-0.106,-0.13,-0.155
2020-12-04,-0.077,-0.077,-0.081,-0.084,-0.089,-0.1,-0.107,-0.131,-0.154
2020-12-07,-0.077,-0.08,-0.081,-0.084,-0.089,-0.1,-0.106,-0.13,-0.154
2020-12-08,-0.084,-0.091,-0.087,-0.088,-0.09,-0.1,-0.106,-0.129,-0.154
2020-12-09,-0.084,-0.088,-0.086,-0.087,-0.092,-0.101,-0.107,-0.128,-0.152
2020-12-10,-0.082,-0.086,-0.086,-0.086,-0.095,-0.102,-0.107,-0.127,-0.152
2020-12-11,-0.081,-0.077,-0.082,-0.085,-0.096,-0.1,-0.104,-0.127,-0.15
2020-12-14,-0.07,-0.077,-0.083,-0.085,-0.098,-0.101,-0.106,-0.126,-0.151
2020-12-15,-0.071,-0.079,-0.083,-0.084,-0.098,-0.101,-0.105,-0.125,-0.148
2020-12-16,-0.073,-0.078,-0.081,-0.089,-0.095,-0.098,-0.104,-0.124,-0.148
2020-12-17,-0.073,-0.079,-0.081,-0.091,-0.094,-0.098,-0.103,-0.124,-0.148
2020-12-18,-0.072,-0.077,-0.08,-0.091,-0.094,-0.097,-0.102,-0.123,-0.148
2020-12-21,-0.073,-0.08,-0.08,-0.091,-0.094,-0.097,-0.102,-0.123,-0.147
2020-12-22,-0.079,-0.083,-0.083,-0.092,-0.094,-0.097,-0.102,-0.123,-0.146
2020-12-23,-0.084,-0.089,-0.091,-0.092,-0.095,-0.097,-0.102,-0.123,-0.146
2020-12-24,-0.082,-0.085,-0.091,-0.092,-0.095,-0.096,-0.102,-0.123,-0.146
2020-12-25,-0.082,-0.085,-0.091,-0.09,-0.093,-0.096,-0.1,-0.12,-0.145
2020-12-28,-0.079,-0.081,-0.088,-0.089,-0.092,-0.094,-0.1,-0.117,-0.146
2020-12-29,-0.074,-0.079,-0.082,-0.086,-0.09,-0.094,-0.1,-0.116,-0.146
2020-12-30,-0.102,-0.077,-0.081,-0.083,-0.089,-0.093,-0.099,-0.115,-0.144
2021-01-04,-0.075,-0.078,-0.079,-0.082,-0.087,-0.093,-0.099,-0.117,-0.144
2021-01-05,-0.081,-0.076,-0.079,-0.082,-0.086,-0.091,-0.099,-0.118,-0.143
2021-01-06,-0.074,-0.077,-0.078,-0.082,-0.086,-0.092,-0.099,-0.118,-0.143
2021-01-07,-0.081,-0.085,-0.08,-0.081,-0.087,-0.092,-0.099,-0.116,-0.143
2021-01-08,-0.082,-0.077,-0.08,-0.083,-0.087,-0.091,-0.099,-0.116,-0.143
2021-01-12,-0.077,-0.076,-0.08,-0.083,-0.088,-0.092,-0.1,-0.113,-0.143
2021-01-13,-0.079,-0.077,-0.08,-0.083,-0.088,-0.091,-0.1,-0.114,-0.143
2021-01-14,-0.074,-0.079,-0.08,-0.083,-0.088,-0.092,-0.099,-0.114,-0.143
2021-01-15,-0.096,-0.085,-0.082,-0.085,-0.088,-0.092,-0.099,-0.114,-0.143
2021-01-18,-0.082,-0.082,-0.082,-0.084,-0.089,-0.093,-0.099,-0.113,-0.141
2021-01-19,-0.083,-0.081,-0.083,-0.084,-0.089,-0.093,-0.099,-0.111,-0.141
2021-01-20,-0.079,-0.081,-0.082,-0.084,-0.089,-0.093,-0.099,-0.111,-0.141
2021-01-21,-0.079,-0.08,-0.082,-0.084,-0.088,-0.093,-0.099,-0.111,-0.141
2021-01-22,-0.086,-0.08,-0.082,-0.084,-0.088,-0.093,-0.099,-0.111,-0.141
2021-01-25,-0.078,-0.079,-0.081,-0.084,-0.089,-0.093,-0.099,-0.111,-0.141
2021-01-26,-0.079,-0.085,-0.083,-0.085,-0.088,-0.093,-0.098,-0.11,-0.141
2021-01-27,-0.081,-0.084,-0.084,-0.085,-0.088,-0.093,-0.098,-0.109,-0.141
2021-01-28,-0.082,-0.096,-0.088,-0.087,-0.09,-0.094,-0.099,-0.109,-0.141
2021-01-29,-0.086,-0.082,-0.084,-0.085,-0.09,-0.094,-0.1,-0.109,-0.14
2021-02-01,-0.082,-0.085,-0.086,-0.086,-0.09,-0.094,-0.099,-0.109,-0.139
2021-02-02,-0.082,-0.085,-0.085,-0.086,-0.09,-0.094,-0.1,-0.109,-0.138
2021-02-03,-0.081,-0.084,-0.085,-0.085,-0.09,-0.094,-0.099,-0.109,-0.138
2021-02-04,-0.081,-0.085,-0.085,-0.085,-0.09,-0.094,-0.101,-0.11,-0.138
2021-02-05,-0.08,-0.081,-0.085,-0.085,-0.09,-0.094,-0.101,-0.111,-0.138
2021-02-08,-0.081,-0.086,-0.085,-0.087,-0.09,-0.093,-0.1,-0.11,-0.139
2021-02-09,-0.081,-0.085,-0.086,-0.087,-0.09,-0.094,-0.099,-0.109,-0.138
2021-02-10,-0.081,-0.087,-0.088,-0.088,-0.091,-0.095,-0.1,-0.11,-0.138
2021-02-12,-0.081,-0.083,-0.087,-0.087,-0.091,-0.095,-0.1,-0.112,-0.138
2021-02-15,-0.078,-0.087,-0.087,-0.088,-0.091,-0.096,-0.1,-0.112,-0.138
2021-02-16,-0.085,-0.089,-0.089,-0.089,-0.091,-0.096,-0.101,-0.112,-0.138
2021-02-17,-0.088,-0.095,-0.093,-0.093,-0.093,-0.098,-0.103,-0.112,-0.138
2021-02-18,-0.092,-0.091,-0.093,-0.094,-0.095,-0.099,-0.103,-0.112,-0.138
2021-02-19,-0.087,-0.087,-0.09,-0.092,-0.094,-0.099,-0.103,-0.112,-0.138
2021-02-22,-0.084,-0.09,-0.091,-0.093,-0.094,-0.099,-0.102,-0.112,-0.139
2021-02-24,-0.084,-0.087,-0.09,-0.092,-0.095,-0.099,-0.102,-0.111,-0.139
2021-02-25,-0.087,-0.094,-0.093,-0.094,-0.094,-0.098,-0.102,-0.112,-0.138
2021-02-26,-0.088,-0.095,-0.093,-0.094,-0.095,-0.101,-0.104,-0.112,-0.138
2021-03-01,-0.084,-0.09,-0.093,-0.093,-0.095,-0.104,-0.105,-0.112,-0.137
2021-03-02,-0.083,-0.088,-0.092,-0.094,-0.095,-0.103,-0.105,-0.112,-0.137
2021-03-03,-0.083,-0.086,-0.089,-0.092,-0.095,-0.104,-0.106,-0.112,-0.137
2021-03-04,-0.08,-0.08,-0.086,-0.091,-0.094,-0.104,-0.107,-0.113,-0.137
2021-03-05,-0.076,-0.076,-0.083,-0.088,-0.093,-0.104,-0.107,-0.113,-0.137
2021-03-08,-0.069,-0.071,-0.079,-0.087,-0.091,-0.103,-0.105,-0.112,-0.138
2021-03-09,-0.066,-0.065,-0.075,-0.085,-0.09,-0.103,-0.105,-0.112,-0.138
2021-03-10,-0.063,-0.064,-0.074,-0.084,-0.097,-0.101,-0.105,-0.112,-0.138
2021-03-11,-0.064,-0.08,-0.082,-0.084,-0.101,-0.103,-0.104,-0.112,-0.138
2021-03-12,-0.056,-0.054,-0.074,-0.082,-0.101,-0.103,-0.104,-0.112,-0.138
2021-03-15,-0.067,-0.081,-0.086,-0.088,-0.101,-0.104,-0.106,-0.111,-0.137
2021-03-16,-0.081,-0.085,-0.087,-0.089,-0.102,-0.104,-0.106,-0.112,-0.137
2021-03-17,-0.081,-0.082,-0.087,-0.1,-0.101,-0.104,-0.106,-0.112,-0.137
2021-03-18,-0.078,-0.081,-0.086,-0.1,-0.101,-0.104,-0.106,-0.113,-0.138
2021-03-19,-0.077,-0.083,-0.086,-0.099,-0.101,-0.104,-0.106,-0.113,-0.138
2021-03-22,-0.076,-0.087,-0.088,-0.101,-0.102,-0.103,-0.105,-0.116,-0.139
2021-03-23,-0.086,-0.093,-0.092,-0.103,-0.105,-0.106,-0.107,-0.117,-0.139
2021-03-24,-0.092,-0.096,-0.106,-0.107,-0.106,-0.108,-0.108,-0.117,-0.139
2021-03-25,-0.094,-0.099,-0.109,-0.108,-0.107,-0.108,-0.11,-0.118,-0.139
2021-03-26,-0.091,-0.092,-0.111,-0.108,-0.108,-0.109,-0.11,-0.117,-0.139
2021-03-29,-0.085,-0.09,-0.105,-0.104,-0.106,-0.107,-0.108,-0.117,-0.138
2021-03-30,-0.086,-0.112,-0.103,-0.101,-0.103,-0.103,-0.107,-0.116,-0.138
2021-03-31,-0.177,-0.095,-0.094,-0.096,-0.098,-0.102,-0.106,-0.116,-0.138
2021-04-01,-0.088,-0.091,-0.091,-0.091,-0.094,-0.102,-0.104,-0.117,-0.138
2021-04-02,-0.081,-0.079,-0.084,-0.087,-0.092,-0.097,-0.103,-0.117,-0.138
2021-04-05,-0.063,-0.073,-0.078,-0.082,-0.085,-0.095,-0.099,-0.116,-0.136
2021-04-06,-0.074,-0.083,-0.083,-0.085,-0.088,-0.095,-0.101,-0.116,-0.136
2021-04-07,-0.074,-0.078,-0.082,-0.085,-0.086,-0.094,-0.099,-0.115,-0.136
2021-04-08,-0.077,-0.08,-0.081,-0.086,-0.087,-0.096,-0.1,-0.114,-0.136
2021-04-09,-0.078,-0.077,-0.08,-0.085,-0.09,-0.094,-0.099,-0.114,-0.136
2021-04-12,-0.081,-0.086,-0.086,-0.087,-0.091,-0.096,-0.099,-0.114,-0.136
2021-04-13,-0.099,-0.111,-0.095,-0.093,-0.096,-0.098,-0.101,-0.115,-0.136
2021-04-14,-0.086,-0.087,-0.091,-0.092,-0.095,-0.098,-0.101,-0.115,-0.136
2021-04-15,-0.082,-0.089,-0.09,-0.091,-0.095,-0.097,-0.101,-0.114,-0.136
2021-04-16,-0.098,-0.095,-0.093,-0.096,-0.098,-0.102,-0.104,-0.115,-0.136
2021-04-19,-0.089,-0.1,-0.097,-0.099,-0.101,-0.103,-0.106,-0.114,-0.136
2021-04-20,-0.092,-0.11,-0.106,-0.109,-0.109,-0.11,-0.111,-0.117,-0.137
2021-04-21,-0.095,-0.121,-0.113,-0.116,-0.114,-0.114,-0.114,-0.119,-0.138
2021-04-22,-0.095,-0.111,-0.11,-0.113,-0.112,-0.113,-0.112,-0.119,-0.138
2021-04-23,-0.094,-0.091,-0.104,-0.103,-0.104,-0.107,-0.107,-0.117,-0.137
2021-04-26,-0.099,-0.1,-0.109,-0.109,-0.107,-0.108,-0.108,-0.117,-0.136
2021-04-27,-0.092,-0.096,-0.108,-0.106,-0.106,-0.107,-0.108,-0.117,-0.136
2021-04-28,-0.095,-0.103,-0.105,-0.103,-0.105,-0.106,-0.109,-0.116,-0.136
2021-04-30,-0.096,-0.099,-0.101,-0.102,-0.103,-0.104,-0.108,-0.116,-0.136
2021-05-06,-0.087,-0.089,-0.093,-0.096,-0.1,-0.102,-0.107,-0.116,-0.137
2021-05-07,-0.081,-0.083,-0.088,-0.091,-0.094,-0.098,-0.105,-0.116,-0.137
2021-05-10,-0.083,-0.085,-0.088,-0.091,-0.094,-0.098,-0.104,-0.115,-0.136
2021-05-11,-0.086,-0.091,-0.09,-0.091,-0.096,-0.099,-0.104,-0.115,-0.136
2021-05-12,-0.082,-0.087,-0.09,-0.091,-0.096,-0.099,-0.104,-0.115,-0.136
2021-05-13,-0.082,-0.085,-0.09,-0.091,-0.096,-0.099,-0.104,-0.115,-0.136
2021-05-14,-0.082,-0.085,-0.089,-0.091,-0.095,-0.098,-0.102,-0.115,-0.136
2021-05-17,-0.084,-0.09,-0.091,-0.092,-0.096,-0.1,-0.103,-0.116,-0.137
2021-05-18,-0.087,-0.092,-0.092,-0.094,-0.096,-0.1,-0.103,-0.116,-0.136
2021-05-19,-0.096,-0.091,-0.093,-0.094,-0.096,-0.1,-0.104,-0.115,-0.136
2021-05-20,-0.088,-0.091,-0.093,-0.094,-0.096,-0.1,-0.104,-0.115,-0.136
2021-05-21,-0.085,-0.087,-0.091,-0.093,-0.095,-0.1,-0.103,-0.114,-0.136
2021-05-24,-0.092,-0.1,-0.098,-0.098,-0.099,-0.1,-0.106,-0.114,-0.136
2021-05-25,-0.092,-0.1,-0.099,-0.099,-0.1,-0.101,-0.107,-0.114,-0.136
2021-05-26,-0.101,-0.117,-0.106,-0.105,-0.105,-0.106,-0.11,-0.117,-0.136
2021-05-27,-0.103,-0.11,-0.105,-0.104,-0.105,-0.105,-0.109,-0.115,-0.136
2021-05-28,-0.093,-0.1,-0.102,-0.102,-0.103,-0.104,-0.109,-0.116,-0.136
2021-05-31,-0.093,-0.097,-0.101,-0.101,-0.102,-0.104,-0.109,-0.116,-0.136
2021-06-01,-0.09,-0.092,-0.096,-0.098,-0.101,-0.103,-0.108,-0.115,-0.136
2021-06-02,-0.081,-0.085,-0.088,-0.092,-0.095,-0.1,-0.107,-0.116,-0.136
2021-06-03,-0.083,-0.085,-0.087,-0.089,-0.092,-0.098,-0.105,-0.115,-0.136
2021-06-04,-0.076,-0.076,-0.082,-0.084,-0.088,-0.093,-0.103,-0.116,-0.135
2021-06-07,-0.069,-0.072,-0.077,-0.082,-0.087,-0.093,-0.102,-0.115,-0.134
2021-06-08,-0.064,-0.07,-0.075,-0.08,-0.086,-0.092,-0.102,-0.114,-0.133
2021-06-09,-0.063,-0.065,-0.068,-0.077,-0.085,-0.091,-0.101,-0.114,-0.133
2021-06-10,-0.064,-0.074,-0.075,-0.08,-0.087,-0.093,-0.101,-0.113,-0.133
2021-06-11,-0.071,-0.073,-0.076,-0.081,-0.087,-0.093,-0.102,-0.114,-0.133
2021-06-14,-0.071,-0.081,-0.083,-0.085,-0.092,-0.097,-0.103,-0.115,-0.132
2021-06-15,-0.076,-0.086,-0.086,-0.088,-0.095,-0.098,-0.103,-0.114,-0.132
2021-06-16,-0.081,-0.085,-0.085,-0.089,-0.093,-0.097,-0.102,-0.114,-0.132
2021-06-17,-0.082,-0.084,-0.086,-0.089,-0.091,-0.095,-0.101,-0.114,-0.131
2021-06-18,-0.081,-0.084,-0.085,-0.089,-0.091,-0.096,-0.101,-0.114,-0.131
2021-06-21,-0.083,-0.086,-0.085,-0.091,-0.091,-0.095,-0.101,-0.113,-0.131
2021-06-22,-0.084,-0.086,-0.086,-0.09,-0.091,-0.095,-0.102,-0.113,-0.131
2021-06-23,-0.083,-0.085,-0.088,-0.091,-0.091,-0.095,-0.101,-0.113,-0.131
2021-06-24,-0.081,-0.086,-0.088,-0.09,-0.091,-0.095,-0.101,-0.112,-0.13
2021-06-25,-0.084,-0.085,-0.089,-0.089,-0.092,-0.095,-0.101,-0.113,-0.129
2021-06-28,-0.083,-0.083,-0.088,-0.089,-0.092,-0.095,-0.101,-0.114,-0.129
2021-06-29,-0.082,-0.095,-0.089,-0.089,-0.092,-0.095,-0.1,-0.113,-0.129
2021-06-30,-0.089,-0.082,-0.085,-0.087,-0.09,-0.095,-0.1,-0.113,-0.129
2021-07-01,-0.082,-0.081,-0.082,-0.084,-0.089,-0.093,-0.099,-0.114,-0.129
2021-07-02,-0.077,-0.075,-0.08,-0.084,-0.089,-0.093,-0.1,-0.113,-0.129
2021-07-05,-0.073,-0.072,-0.079,-0.082,-0.088,-0.092,-0.1,-0.113,-0.129
2021-07-06,-0.076,-0.075,-0.079,-0.082,-0.087,-0.092,-0.099,-0.113,-0.129
2021-07-07,-0.072,-0.072,-0.077,-0.082,-0.087,-0.091,-0.099,-0.112,-0.129
2021-07-08,-0.071,-0.074,-0.078,-0.08,-0.086,-0.09,-0.1,-0.113,-0.129
2021-07-09,-0.072,-0.075,-0.079,-0.082,-0.087,-0.091,-0.1,-0.116,-0.129
2021-07-12,-0.074,-0.08,-0.081,-0.084,-0.088,-0.092,-0.1,-0.115,-0.129
2021-07-13,-0.081,-0.086,-0.086,-0.087,-0.091,-0.093,-0.1,-0.115,-0.129
2021-07-14,-0.093,-0.1,-0.09,-0.091,-0.093,-0.096,-0.1,-0.114,-0.129
2021-07-15,-0.089,-0.086,-0.086,-0.089,-0.093,-0.096,-0.1,-0.114,-0.129
2021-07-16,-0.087,-0.088,-0.087,-0.09,-0.092,-0.096,-0.101,-0.115,-0.129
2021-07-19,-0.089,-0.095,-0.094,-0.094,-0.095,-0.097,-0.104,-0.115,-0.129
2021-07-20,-0.095,-0.1,-0.097,-0.097,-0.097,-0.1,-0.105,-0.116,-0.129
2021-07-21,-0.092,-0.091,-0.094,-0.096,-0.096,-0.1,-0.105,-0.116,-0.129
2021-07-26,-0.09,-0.09,-0.092,-0.094,-0.096,-0.1,-0.104,-0.116,-0.129
2021-07-27,-0.089,-0.091,-0.093,-0.096,-0.096,-0.1,-0.105,-0.116,-0.129
2021-07-28,-0.085,-0.088,-0.091,-0.093,-0.095,-0.098,-0.104,-0.116,-0.129
2021-07-29,-0.086,-0.087,-0.09,-0.093,-0.096,-0.099,-0.104,-0.116,-0.129
2021-07-30,-0.083,-0.085,-0.089,-0.092,-0.094,-0.098,-0.104,-0.116,-0.129
2021-08-02,-0.085,-0.085,-0.089,-0.091,-0.094,-0.098,-0.103,-0.116,-0.13
2021-08-03,-0.083,-0.085,-0.09,-0.091,-0.094,-0.098,-0.103,-0.115,-0.129
2021-08-04,-0.082,-0.085,-0.087,-0.089,-0.093,-0.097,-0.103,-0.116,-0.13
2021-08-05,-0.079,-0.081,-0.084,-0.088,-0.093,-0.097,-0.103,-0.116,-0.13
2021-08-06,-0.077,-0.077,-0.081,-0.086,-0.091,-0.097,-0.103,-0.116,-0.13
2021-08-10,-0.073,-0.075,-0.079,-0.084,-0.09,-0.097,-0.103,-0.116,-0.13
2021-08-11,-0.07,-0.072,-0.079,-0.085,-0.089,-0.096,-0.103,-0.116,-0.13
2021-08-12,-0.069,-0.075,-0.08,-0.085,-0.09,-0.096,-0.104,-0.116,-0.13
2021-08-13,-0.075,-0.089,-0.093,-0.093,-0.094,-0.1,-0.107,-0.117,-0.13
2021-08-16,-0.097,-0.1,-0.099,-0.099,-0.102,-0.104,-0.108,-0.117,-0.13
2021-08-17,-0.124,-0.12,-0.109,-0.108,-0.109,-0.109,-0.112,-0.12,-0.13
2021-08-18,-0.131,-0.144,-0.119,-0.116,-0.114,-0.115,-0.117,-0.121,-0.131
2021-08-19,-0.126,-0.126,-0.117,-0.114,-0.113,-0.113,-0.117,-0.121,-0.13
2021-08-20,-0.092,-0.095,-0.098,-0.1,-0.103,-0.106,-0.114,-0.12,-0.13
2021-08-23,-0.094,-0.095,-0.097,-0.099,-0.102,-0.105,-0.113,-0.121,-0.13
2021-08-24,-0.095,-0.095,-0.097,-0.099,-0.102,-0.106,-0.114,-0.121,-0.13
2021-08-25,-0.091,-0.091,-0.094,-0.097,-0.101,-0.104,-0.114,-0.121,-0.13
2021-08-26,-0.089,-0.087,-0.091,-0.093,-0.096,-0.102,-0.113,-0.121,-0.13
2021-08-27,-0.087,-0.084,-0.087,-0.091,-0.094,-0.101,-0.113,-0.121,-0.13
2021-08-30,-0.088,-0.085,-0.087,-0.088,-0.094,-0.1,-0.111,-0.121,-0.13
2021-08-31,-0.087,-0.086,-0.087,-0.088,-0.093,-0.103,-0.111,-0.121,-0.13
2021-09-01,-0.081,-0.08,-0.083,-0.085,-0.091,-0.101,-0.111,-0.121,-0.13
2021-09-02,-0.076,-0.075,-0.079,-0.082,-0.089,-0.1,-0.109,-0.121,-0.13
2021-09-03,-0.073,-0.075,-0.08,-0.083,-0.09,-0.1,-0.109,-0.121,-0.13
2021-09-06,-0.07,-0.07,-0.077,-0.082,-0.09,-0.099,-0.109,-0.121,-0.13
2021-09-07,-0.071,-0.071,-0.075,-0.082,-0.091,-0.1,-0.109,-0.121,-0.13
2021-09-08,-0.072,-0.076,-0.078,-0.084,-0.092,-0.1,-0.109,-0.121,-0.13
2021-09-09,-0.074,-0.077,-0.079,-0.086,-0.092,-0.1,-0.109,-0.12,-0.13
2021-09-10,-0.068,-0.069,-0.078,-0.086,-0.093,-0.1,-0.108,-0.12,-0.13
2021-09-13,-0.066,-0.065,-0.079,-0.086,-0.092,-0.1,-0.108,-0.12,-0.13
2021-09-14,-0.063,-0.065,-0.083,-0.087,-0.094,-0.1,-0.109,-0.12,-0.13
2021-09-15,-0.069,-0.1,-0.098,-0.098,-0.102,-0.102,-0.109,-0.12,-0.13
2021-09-16,-0.095,-0.1,-0.098,-0.101,-0.102,-0.102,-0.109,-0.12,-0.13
2021-09-17,-0.097,-0.094,-0.095,-0.1,-0.101,-0.102,-0.109,-0.12,-0.13
2021-09-21,-0.094,-0.091,-0.093,-0.1,-0.101,-0.102,-0.108,-0.12,-0.13
2021-09-22,-0.092,-0.093,-0.098,-0.099,-0.101,-0.102,-0.108,-0.12,-0.13
2021-09-24,-0.092,-0.091,-0.099,-0.099,-0.101,-0.101,-0.108,-0.12,-0.13
2021-09-27,-0.097,-0.095,-0.099,-0.099,-0.099,-0.101,-0.109,-0.12,-0.13
2021-09-28,-0.097,-0.095,-0.099,-0.1,-0.1,-0.1,-0.109,-0.12,-0.13
2021-09-29,-0.087,-0.108,-0.098,-0.098,-0.099,-0.099,-0.109,-0.12,-0.13
2021-09-30,-0.132,-0.082,-0.087,-0.09,-0.095,-0.098,-0.109,-0.12,-0.13
2021-10-01,-0.079,-0.079,-0.082,-0.086,-0.092,-0.098,-0.109,-0.12,-0.13
2021-10-04,-0.082,-0.081,-0.082,-0.085,-0.092,-0.098,-0.11,-0.121,-0.131
2021-10-05,-0.083,-0.085,-0.084,-0.085,-0.092,-0.099,-0.109,-0.121,-0.131
2021-10-06,-0.084,-0.084,-0.084,-0.086,-0.093,-0.098,-0.109,-0.121,-0.131
2021-10-07,-0.083,-0.082,-0.084,-0.086,-0.092,-0.098,-0.109,-0.121,-0.131
2021-10-08,-0.084,-0.08,-0.083,-0.088,-0.093,-0.098,-0.109,-0.121,-0.131
2021-10-11,-0.082,-0.083,-0.085,-0.087,-0.092,-0.098,-0.108,-0.12,-0.13
2021-10-12,-0.088,-0.092,-0.092,-0.095,-0.097,-0.101,-0.11,-0.12,-0.13
2021-10-13,-0.106,-0.124,-0.11,-0.109,-0.108,-0.107,-0.112,-0.12,-0.13
2021-10-14,-0.127,-0.135,-0.114,-0.111,-0.109,-0.109,-0.113,-0.12,-0.13
2021-10-15,-0.085,-0.096,-0.097,-0.1,-0.103,-0.106,-0.113,-0.12,-0.13
2021-10-18,-0.093,-0.097,-0.099,-0.102,-0.103,-0.105,-0.114,-0.121,-0.131
2021-10-19,-0.096,-0.097,-0.1,-0.102,-0.104,-0.106,-0.114,-0.121,-0.131
2021-10-20,-0.096,-0.101,-0.102,-0.103,-0.104,-0.107,-0.114,-0.121,-0.131
2021-10-21,-0.096,-0.101,-0.103,-0.104,-0.105,-0.108,-0.115,-0.121,-0.131
2021-10-22,-0.092,-0.096,-0.099,-0.101,-0.102,-0.109,-0.113,-0.121,-0.131
2021-10-25,-0.095,-0.095,-0.099,-0.099,-0.102,-0.107,-0.113,-0.12,-0.13
2021-10-26,-0.094,-0.097,-0.098,-0.099,-0.101,-0.105,-0.113,-0.12,-0.13
2021-10-27,-0.095,-0.096,-0.098,-0.099,-0.101,-0.104,-0.112,-0.12,-0.13
2021-10-28,-0.102,-0.111,-0.104,-0.102,-0.102,-0.106,-0.112,-0.12,-0.13
2021-10-29,-0.093,-0.096,-0.098,-0.099,-0.101,-0.105,-0.114,-0.12,-0.13
2021-11-01,-0.095,-0.096,-0.098,-0.099,-0.101,-0.106,-0.113,-0.12,-0.131
2021-11-02,-0.093,-0.095,-0.096,-0.098,-0.1,-0.104,-0.113,-0.12,-0.131
2021-11-04,-0.092,-0.095,-0.096,-0.098,-0.1,-0.104,-0.113,-0.12,-0.131
2021-11-05,-0.094,-0.095,-0.095,-0.099,-0.101,-0.103,-0.113,-0.12,-0.131
2021-11-08,-0.091,-0.093,-0.095,-0.098,-0.099,-0.103,-0.114,-0.12,-0.13
2021-11-09,-0.085,-0.086,-0.09,-0.095,-0.098,-0.102,-0.113,-0.12,-0.13
2021-11-10,-0.083,-0.086,-0.09,-0.094,-0.098,-0.101,-0.114,-0.12,-0.13
2021-11-11,-0.084,-0.085,-0.09,-0.095,-0.099,-0.101,-0.114,-0.12,-0.13
2021-11-12,-0.083,-0.085,-0.093,-0.095,-0.1,-0.102,-0.114,-0.12,-0.13
2021-11-15,-0.085,-0.1,-0.101,-0.101,-0.103,-0.105,-0.113,-0.121,-0.131
2021-11-16,-0.094,-0.1,-0.101,-0.101,-0.103,-0.104,-0.114,-0.122,-0.131
2021-11-17,-0.094,-0.1,-0.1,-0.101,-0.103,-0.105,-0.114,-0.122,-0.131
2021-11-18,-0.097,-0.102,-0.102,-0.103,-0.104,-0.106,-0.115,-0.123,-0.131
2021-11-19,-0.098,-0.105,-0.104,-0.104,-0.104,-0.106,-0.116,-0.123,-0.13
2021-11-22,-0.102,-0.104,-0.104,-0.105,-0.105,-0.107,-0.115,-0.123,-0.131
2021-11-24,-0.1,-0.105,-0.105,-0.105,-0.105,-0.107,-0.116,-0.123,-0.13
2021-11-25,-0.099,-0.101,-0.104,-0.104,-0.105,-0.109,-0.117,-0.124,-0.131
2021-11-26,-0.098,-0.1,-0.103,-0.104,-0.105,-0.108,-0.116,-0.124,-0.132
2021-11-29,-0.098,-0.1,-0.103,-0.103,-0.105,-0.109,-0.119,-0.126,-0.134
2021-11-30,-0.094,-0.096,-0.099,-0.1,-0.103,-0.112,-0.119,-0.127,-0.135
2021-12-01,-0.091,-0.095,-0.097,-0.099,-0.103,-0.115,-0.119,-0.127,-0.136
2021-12-02,-0.09,-0.092,-0.094,-0.098,-0.102,-0.114,-0.118,-0.127,-0.136
2021-12-03,-0.087,-0.085,-0.09,-0.094,-0.098,-0.112,-0.118,-0.127,-0.136
2021-12-06,-0.084,-0.084,-0.087,-0.093,-0.096,-0.111,-0.117,-0.126,-0.135
2021-12-07,-0.084,-0.084,-0.086,-0.091,-0.095,-0.109,-0.116,-0.127,-0.134
2021-12-08,-0.083,-0.084,-0.085,-0.09,-0.096,-0.11,-0.116,-0.127,-0.134
2021-12-09,-0.083,-0.081,-0.084,-0.09,-0.097,-0.109,-0.117,-0.127,-0.134
2021-12-10,-0.06,-0.054,-0.069,-0.082,-0.098,-0.102,-0.111,-0.124,-0.133
2021-12-13,-0.046,-0.041,-0.069,-0.08,-0.099,-0.102,-0.113,-0.122,-0.133
2021-12-14,-0.049,-0.074,-0.091,-0.094,-0.101,-0.103,-0.114,-0.122,-0.133
2021-12-15,-0.048,-0.087,-0.091,-0.093,-0.102,-0.104,-0.114,-0.122,-0.133
2021-12-16,-0.086,-0.089,-0.091,-0.097,-0.101,-0.103,-0.111,-0.121,-0.133
2021-12-17,-0.085,-0.087,-0.091,-0.099,-0.102,-0.102,-0.111,-0.121,-0.132
2021-12-20,-0.084,-0.087,-0.09,-0.098,-0.099,-0.102,-0.11,-0.121,-0.131
2021-12-21,-0.084,-0.087,-0.089,-0.098,-0.098,-0.102,-0.109,-0.12,-0.131
2021-12-22,-0.086,-0.086,-0.089,-0.095,-0.096,-0.099,-0.109,-0.12,-0.131
2021-12-23,-0.082,-0.074,-0.084,-0.089,-0.092,-0.096,-0.108,-0.119,-0.13
2021-12-24,-0.067,-0.079,-0.084,-0.088,-0.091,-0.096,-0.108,-0.119,-0.129
2021-12-27,-0.076,-0.078,-0.084,-0.086,-0.09,-0.095,-0.107,-0.119,-0.13
2021-12-28,-0.077,-0.081,-0.085,-0.087,-0.091,-0.094,-0.107,-0.119,-0.13
2021-12-29,-0.083,-0.083,-0.084,-0.086,-0.091,-0.094,-0.108,-0.119,-0.129
2021-12-30,-0.08,-0.079,-0.08,-0.084,-0.088,-0.093,-0.107,-0.119,-0.129
2022-01-04,-0.077,-0.076,-0.077,-0.081,-0.086,-0.089,-0.105,-0.119,-0.129
2022-01-05,-0.072,-0.069,-0.072,-0.077,-0.082,-0.087,-0.105,-0.119,-0.129
2022-01-06,-0.064,-0.076,-0.076,-0.078,-0.082,-0.088,-0.105,-0.119,-0.129
2022-01-07,-0.077,-0.078,-0.079,-0.081,-0.085,-0.088,-0.105,-0.119,-0.129
2022-01-11,-0.082,-0.087,-0.088,-0.088,-0.09,-0.094,-0.103,-0.119,-0.129
2022-01-12,-0.084,-0.087,-0.087,-0.089,-0.09,-0.095,-0.103,-0.119,-0.129
2022-01-13,-0.082,-0.087,-0.087,-0.089,-0.09,-0.095,-0.103,-0.118,-0.129
2022-01-14,-0.084,-0.085,-0.086,-0.088,-0.089,-0.094,-0.102,-0.117,-0.128
2022-01-17,-0.084,-0.085,-0.085,-0.088,-0.088,-0.093,-0.103,-0.118,-0.129
2022-01-18,-0.086,-0.086,-0.085,-0.087,-0.088,-0.093,-0.102,-0.117,-0.128
2022-01-19,-0.085,-0.086,-0.086,-0.089,-0.089,-0.094,-0.103,-0.117,-0.128
2022-01-20,-0.086,-0.086,-0.087,-0.088,-0.089,-0.094,-0.102,-0.116,-0.126
2022-01-21,-0.086,-0.086,-0.087,-0.088,-0.089,-0.094,-0.102,-0.116,-0.126
2022-01-24,-0.086,-0.086,-0.087,-0.089,-0.089,-0.094,-0.102,-0.115,-0.125
2022-01-25,-0.088,-0.082,-0.083,-0.086,-0.089,-0.092,-0.101,-0.114,-0.125
2022-01-26,-0.085,-0.081,-0.082,-0.083,-0.087,-0.093,-0.101,-0.114,-0.124
2022-01-27,-0.087,-0.086,-0.086,-0.087,-0.089,-0.094,-0.1,-0.114,-0.124
2022-01-28,-0.087,-0.086,-0.086,-0.087,-0.09,-0.094,-0.102,-0.114,-0.124
2022-01-31,-0.085,-0.086,-0.086,-0.087,-0.09,-0.094,-0.103,-0.114,-0.124
2022-02-01,-0.085,-0.086,-0.087,-0.087,-0.09,-0.094,-0.102,-0.114,-0.124
2022-02-02,-0.084,-0.086,-0.087,-0.087,-0.09,-0.094,-0.102,-0.114,-0.124
2022-02-03,-0.083,-0.084,-0.085,-0.086,-0.089,-0.094,-0.102,-0.114,-0.124
2022-02-04,-0.08,-0.082,-0.083,-0.086,-0.088,-0.093,-0.102,-0.114,-0.124
2022-02-07,-0.081,-0.082,-0.083,-0.086,-0.088,-0.093,-0.102,-0.114,-0.124
2022-02-08,-0.08,-0.082,-0.083,-0.086,-0.089,-0.092,-0.102,-0.114,-0.123
2022-02-09,-0.08,-0.081,-0.082,-0.086,-0.088,-0.093,-0.102,-0.114,-0.123
2022-02-10,-0.083,-0.082,-0.084,-0.086,-0.09,-0.093,-0.102,-0.114,-0.123
2022-02-14,-0.087,-0.082,-0.085,-0.086,-0.089,-0.092,-0.102,-0.113,-0.124
2022-02-15,-0.085,-0.086,-0.087,-0.087,-0.09,-0.092,-0.102,-0.113,-0.124
2022-02-16,-0.084,-0.087,-0.086,-0.087,-0.09,-0.093,-0.102,-0.113,-0.124
2022-02-17,-0.086,-0.086,-0.086,-0.087,-0.09,-0.092,-0.1,-0.11,-0.119
2022-02-18,-0.086,-0.085,-0.085,-0.087,-0.089,-0.092,-0.098,-0.108,-0.118
2022-02-21,-0.086,-0.086,-0.085,-0.086,-0.089,-0.094,-0.098,-0.108,-0.116
2022-02-22,-0.087,-0.089,-0.089,-0.088,-0.09,-0.094,-0.098,-0.107,-0.116
2022-02-24,-0.087,-0.087,-0.087,-0.088,-0.089,-0.095,-0.098,-0.106,-0.115
2022-02-25,-0.087,-0.089,-0.088,-0.089,-0.089,-0.094,-0.099,-0.105,-0.114
2022-02-28,-0.087,-0.087,-0.087,-0.088,-0.089,-0.096,-0.1,-0.105,-0.114
2022-03-01,-0.086,-0.087,-0.088,-0.088,-0.088,-0.098,-0.102,-0.105,-0.114
2022-03-02,-0.085,-0.086,-0.087,-0.088,-0.091,-0.1,-0.101,-0.105,-0.114
2022-03-03,-0.084,-0.085,-0.087,-0.088,-0.092,-0.1,-0.101,-0.105,-0.114
2022-03-04,-0.085,-0.083,-0.084,-0.087,-0.089,-0.1,-0.101,-0.105,-0.114
2022-03-07,-0.082,-0.077,-0.081,-0.085,-0.087,-0.099,-0.101,-0.106,-0.115
2022-03-08,-0.078,-0.083,-0.083,-0.086,-0.088,-0.099,-0.101,-0.106,-0.115
2022-03-09,-0.08,-0.086,-0.086,-0.087,-0.089,-0.099,-0.101,-0.106,-0.115
2022-03-10,-0.081,-0.086,-0.086,-0.088,-0.095,-0.1,-0.102,-0.106,-0.114
2022-03-11,-0.082,-0.085,-0.086,-0.088,-0.094,-0.1,-0.101,-0.105,-0.114
2022-03-14,-0.077,-0.085,-0.085,-0.087,-0.095,-0.099,-0.101,-0.104,-0.112
2022-03-15,-0.088,-0.085,-0.085,-0.087,-0.097,-0.099,-0.101,-0.104,-0.112
2022-03-16,-0.085,-0.085,-0.085,-0.086,-0.096,-0.099,-0.1,-0.103,-0.111
2022-03-17,-0.085,-0.085,-0.086,-0.09,-0.094,-0.097,-0.099,-0.103,-0.111
2022-03-18,-0.083,-0.083,-0.084,-0.091,-0.094,-0.097,-0.099,-0.103,-0.11
2022-03-22,-0.084,-0.085,-0.085,-0.093,-0.094,-0.097,-0.099,-0.104,-0.111
2022-03-23,-0.084,-0.085,-0.085,-0.092,-0.094,-0.097,-0.098,-0.104,-0.111
2022-03-24,-0.095,-0.089,-0.092,-0.094,-0.094,-0.098,-0.098,-0.103,-0.111
2022-03-25,-0.087,-0.088,-0.092,-0.093,-0.095,-0.098,-0.099,-0.104,-0.111
2022-03-28,-0.092,-0.091,-0.094,-0.094,-0.096,-0.099,-0.099,-0.103,-0.109
2022-03-29,-0.1,-0.103,-0.103,-0.103,-0.101,-0.102,-0.1,-0.103,-0.109
2022-03-30,-0.098,-0.3,-0.121,-0.111,-0.108,-0.104,-0.102,-0.103,-0.109
2022-03-31,-0.264,-0.126,-0.111,-0.109,-0.107,-0.107,-0.102,-0.103,-0.108
2022-04-01,-0.105,-0.101,-0.102,-0.102,-0.103,-0.105,-0.102,-0.103,-0.108
2022-04-04,-0.087,-0.089,-0.093,-0.094,-0.097,-0.101,-0.102,-0.104,-0.11
2022-04-05,-0.1,-0.106,-0.103,-0.105,-0.105,-0.107,-0.105,-0.105,-0.11
2022-04-06,-0.098,-0.11,-0.109,-0.109,-0.109,-0.111,-0.109,-0.106,-0.111
2022-04-07,-0.098,-0.11,-0.109,-0.109,-0.11,-0.112,-0.109,-0.106,-0.111
2022-04-08,-0.106,-0.116,-0.116,-0.114,-0.115,-0.116,-0.11,-0.108,-0.112
2022-04-11,-0.198,-0.2,-0.164,-0.143,-0.138,-0.128,-0.116,-0.112,-0.114
2022-04-12,-0.2,-0.202,-0.173,-0.15,-0.138,-0.133,-0.116,-0.114,-0.115
2022-04-13,-0.186,-0.185,-0.157,-0.146,-0.134,-0.13,-0.115,-0.114,-0.114
2022-04-14,-0.148,-0.145,-0.125,-0.12,-0.122,-0.12,-0.115,-0.113,-0.114
2022-04-15,-0.093,-0.106,-0.107,-0.109,-0.11,-0.112,-0.114,-0.115,-0.115
2022-04-18,-0.088,-0.091,-0.094,-0.098,-0.101,-0.104,-0.11,-0.112,-0.113
2022-04-19,-0.104,-0.094,-0.097,-0.1,-0.103,-0.106,-0.11,-0.112,-0.113
2022-04-20,-0.088,-0.096,-0.097,-0.102,-0.103,-0.106,-0.109,-0.112,-0.112
2022-04-21,-0.091,-0.095,-0.098,-0.101,-0.102,-0.106,-0.108,-0.111,-0.112
2022-04-22,-0.091,-0.094,-0.098,-0.101,-0.103,-0.107,-0.109,-0.112,-0.112
2022-04-25,-0.106,-0.131,-0.128,-0.127,-0.124,-0.121,-0.117,-0.111,-0.111
2022-04-26,-0.111,-0.159,-0.15,-0.149,-0.144,-0.135,-0.122,-0.112,-0.112
2022-04-27,-0.118,-0.191,-0.173,-0.163,-0.154,-0.148,-0.125,-0.114,-0.111
2022-04-28,-0.128,-0.148,-0.144,-0.142,-0.139,-0.14,-0.127,-0.114,-0.111
2022-05-02,-0.109,-0.133,-0.133,-0.13,-0.132,-0.127,-0.123,-0.113,-0.111
2022-05-06,-0.107,-0.115,-0.122,-0.122,-0.127,-0.125,-0.125,-0.114,-0.112
2022-05-09,-0.087,-0.086,-0.093,-0.101,-0.104,-0.112,-0.119,-0.113,-0.111
2022-05-10,-0.088,-0.087,-0.096,-0.101,-0.105,-0.11,-0.117,-0.112,-0.111
2022-05-11,-0.094,-0.098,-0.102,-0.106,-0.108,-0.115,-0.118,-0.113,-0.111
2022-05-12,-0.092,-0.098,-0.102,-0.108,-0.11,-0.115,-0.117,-0.113,-0.111
2022-05-13,-0.089,-0.096,-0.103,-0.107,-0.111,-0.115,-0.119,-0.113,-0.111
2022-05-16,-0.098,-0.102,-0.106,-0.109,-0.113,-0.118,-0.12,-0.113,-0.111
2022-05-17,-0.104,-0.146,-0.131,-0.127,-0.126,-0.125,-0.121,-0.114,-0.112
2022-05-18,-0.098,-0.119,-0.121,-0.122,-0.122,-0.124,-0.123,-0.114,-0.112
2022-05-19,-0.098,-0.107,-0.112,-0.113,-0.116,-0.121,-0.121,-0.114,-0.111
2022-05-20,-0.099,-0.105,-0.108,-0.112,-0.115,-0.119,-0.121,-0.114,-0.111
2022-05-23,-0.1,-0.106,-0.109,-0.111,-0.113,-0.118,-0.118,-0.113,-0.111
2022-05-24,-0.099,-0.105,-0.108,-0.111,-0.113,-0.119,-0.118,-0.115,-0.112
2022-05-25,-0.1,-0.106,-0.108,-0.112,-0.114,-0.119,-0.118,-0.114,-0.113
2022-05-26,-0.1,-0.101,-0.106,-0.11,-0.112,-0.119,-0.117,-0.114,-0.114
2022-05-27,-0.088,-0.092,-0.1,-0.103,-0.109,-0.117,-0.117,-0.114,-0.114
2022-05-30,-0.088,-0.092,-0.1,-0.103,-0.107,-0.118,-0.113,-0.112,-0.111
2022-05-31,-0.096,-0.092,-0.1,-0.104,-0.111,-0.117,-0.115,-0.112,-0.111
2022-06-01,-0.093,-0.089,-0.097,-0.101,-0.107,-0.116,-0.113,-0.112,-0.111
2022-06-02,-0.089,-0.087,-0.095,-0.1,-0.106,-0.113,-0.114,-0.112,-0.112
2022-06-03,-0.087,-0.085,-0.092,-0.098,-0.105,-0.112,-0.113,-0.112,-0.112
2022-06-06,-0.091,-0.084,-0.089,-0.095,-0.102,-0.109,-0.111,-0.112,-0.112
2022-06-07,-0.083,-0.083,-0.089,-0.094,-0.101,-0.109,-0.111,-0.112,-0.112
2022-06-08,-0.086,-0.086,-0.089,-0.094,-0.1,-0.107,-0.111,-0.112,-0.112
2022-06-09,-0.087,-0.086,-0.089,-0.094,-0.101,-0.107,-0.111,-0.112,-0.112
2022-06-10,-0.086,-0.086,-0.089,-0.094,-0.103,-0.108,-0.111,-0.112,-0.112
2022-06-13,-0.085,-0.085,-0.09,-0.094,-0.103,-0.108,-0.112,-0.111,-0.111
2022-06-14,-0.087,-0.091,-0.094,-0.097,-0.104,-0.109,-0.111,-0.111,-0.112
2022-06-15,-0.091,-0.1,-0.108,-0.107,-0.118,-0.122,-0.111,-0.111,-0.111
2022-06-16,-0.102,-0.151,-0.148,-0.153,-0.151,-0.149,-0.123,-0.117,-0.115
2022-06-17,-0.143,-0.162,-0.156,-0.164,-0.156,-0.154,-0.131,-0.124,-0.118
2022-06-20,-0.114,-0.114,-0.124,-0.14,-0.142,-0.141,-0.127,-0.122,-0.117
2022-06-21,-0.137,-0.11,-0.131,-0.14,-0.141,-0.142,-0.13,-0.123,-0.118
2022-06-22,-0.113,-0.114,-0.129,-0.147,-0.147,-0.145,-0.131,-0.125,-0.12
2022-06-23,-0.135,-0.191,-0.193,-0.184,-0.173,-0.169,-0.143,-0.134,-0.127
2022-06-24,-0.1,-0.108,-0.182,-0.165,-0.158,-0.154,-0.144,-0.135,-0.127
2022-06-27,-0.087,-0.09,-0.167,-0.154,-0.153,-0.147,-0.142,-0.134,-0.13
2022-06-28,-0.087,-0.09,-0.157,-0.154,-0.148,-0.145,-0.139,-0.133,-0.129
2022-06-29,-0.093,-0.326,-0.164,-0.154,-0.151,-0.146,-0.139,-0.133,-0.129
2022-06-30,-0.233,-0.139,-0.139,-0.139,-0.141,-0.137,-0.136,-0.131,-0.128
2022-07-01,-0.114,-0.15,-0.144,-0.144,-0.146,-0.146,-0.143,-0.132,-0.129
2022-07-04,-0.095,-0.109,-0.137,-0.143,-0.146,-0.149,-0.144,-0.134,-0.129
2022-07-05,-0.147,-0.153,-0.159,-0.159,-0.159,-0.161,-0.146,-0.135,-0.13
2022-07-06,-0.106,-0.17,-0.169,-0.165,-0.163,-0.167,-0.149,-0.135,-0.132
2022-07-07,-0.104,-0.153,-0.158,-0.16,-0.16,-0.162,-0.151,-0.137,-0.134
2022-07-08,-0.104,-0.129,-0.152,-0.155,-0.157,-0.161,-0.151,-0.137,-0.133
2022-07-11,-0.146,-0.163,-0.161,-0.162,-0.159,-0.161,-0.15,-0.142,-0.134
2022-07-12,-0.119,-0.159,-0.162,-0.159,-0.157,-0.16,-0.151,-0.141,-0.135
2022-07-13,-0.106,-0.173,-0.161,-0.161,-0.161,-0.163,-0.153,-0.141,-0.135
2022-07-14,-0.099,-0.102,-0.134,-0.141,-0.141,-0.144,-0.151,-0.14,-0.133
2022-07-15,-0.093,-0.101,-0.124,-0.138,-0.142,-0.147,-0.148,-0.141,-0.136
2022-07-19,-0.099,-0.098,-0.122,-0.131,-0.14,-0.144,-0.147,-0.14,-0.136
2022-07-20,-0.103,-0.138,-0.141,-0.139,-0.146,-0.148,-0.148,-0.143,-0.137
2022-07-21,-0.126,-0.186,-0.155,-0.156,-0.157,-0.158,-0.15,-0.146,-0.142
2022-07-22,-0.102,-0.155,-0.15,-0.152,-0.154,-0.156,-0.153,-0.147,-0.142
2022-07-25,-0.095,-0.123,-0.139,-0.146,-0.15,-0.153,-0.15,-0.149,-0.144
2022-07-26,-0.093,-0.112,-0.134,-0.139,-0.148,-0.15,-0.15,-0.148,-0.144
2022-07-27,-0.093,-0.118,-0.134,-0.137,-0.145,-0.149,-0.15,-0.147,-0.144
2022-07-28,-0.14,-0.204,-0.17,-0.163,-0.159,-0.158,-0.15,-0.15,-0.144
2022-07-29,-0.115,-0.137,-0.148,-0.148,-0.149,-0.154,-0.15,-0.149,-0.144
2022-08-01,-0.099,-0.111,-0.136,-0.141,-0.144,-0.149,-0.148,-0.149,-0.145
2022-08-02,-0.103,-0.127,-0.137,-0.141,-0.145,-0.148,-0.149,-0.15,-0.142
2022-08-03,-0.095,-0.099,-0.122,-0.128,-0.136,-0.141,-0.147,-0.151,-0.141
2022-08-04,-0.095,-0.1,-0.119,-0.127,-0.133,-0.139,-0.144,-0.15,-0.141
2022-08-05,-0.092,-0.092,-0.109,-0.12,-0.131,-0.137,-0.142,-0.15,-0.142
2022-08-08,-0.089,-0.088,-0.102,-0.115,-0.122,-0.13,-0.134,-0.149,-0.141
2022-08-09,-0.087,-0.086,-0.1,-0.112,-0.121,-0.127,-0.132,-0.147,-0.14
2022-08-10,-0.086,-0.087,-0.099,-0.108,-0.118,-0.125,-0.129,-0.148,-0.141
2022-08-12,-0.087,-0.087,-0.099,-0.106,-0.113,-0.118,-0.123,-0.147,-0.14
2022-08-15,-0.088,-0.088,-0.099,-0.103,-0.11,-0.116,-0.123,-0.146,-0.141
2022-08-16,-0.086,-0.088,-0.096,-0.101,-0.107,-0.114,-0.121,-0.147,-0.141
2022-08-17,-0.086,-0.088,-0.096,-0.1,-0.105,-0.112,-0.121,-0.146,-0.141
2022-08-18,-0.085,-0.088,-0.095,-0.099,-0.105,-0.112,-0.121,-0.143,-0.137
2022-08-19,-0.085,-0.088,-0.094,-0.099,-0.104,-0.113,-0.124,-0.145,-0.142
2022-08-22,-0.086,-0.088,-0.095,-0.101,-0.106,-0.116,-0.127,-0.146,-0.142
2022-08-23,-0.089,-0.092,-0.096,-0.102,-0.108,-0.119,-0.127,-0.145,-0.143
2022-08-24,-0.093,-0.096,-0.103,-0.108,-0.114,-0.122,-0.129,-0.146,-0.143
2022-08-25,-0.094,-0.101,-0.107,-0.112,-0.117,-0.125,-0.13,-0.147,-0.144
2022-08-26,-0.093,-0.097,-0.104,-0.111,-0.118,-0.125,-0.129,-0.147,-0.144
2022-08-29,-0.093,-0.095,-0.105,-0.11,-0.116,-0.124,-0.128,-0.147,-0.144
2022-08-30,-0.096,-0.105,-0.111,-0.113,-0.117,-0.128,-0.128,-0.147,-0.144
2022-08-31,-0.094,-0.101,-0.107,-0.113,-0.119,-0.13,-0.128,-0.147,-0.144
2022-09-01,-0.093,-0.097,-0.105,-0.109,-0.118,-0.132,-0.128,-0.147,-0.144
2022-09-02,-0.092,-0.09,-0.098,-0.105,-0.114,-0.131,-0.127,-0.147,-0.144
2022-09-05,-0.087,-0.087,-0.097,-0.103,-0.114,-0.134,-0.127,-0.147,-0.144
2022-09-06,-0.087,-0.086,-0.096,-0.103,-0.114,-0.134,-0.129,-0.147,-0.145
2022-09-07,-0.089,-0.086,-0.093,-0.104,-0.112,-0.134,-0.129,-0.147,-0.146
2022-09-08,-0.086,-0.086,-0.092,-0.103,-0.113,-0.131,-0.127,-0.147,-0.145
2022-09-09,-0.086,-0.083,-0.091,-0.102,-0.119,-0.13,-0.129,-0.147,-0.145
2022-09-12,-0.084,-0.085,-0.091,-0.1,-0.124,-0.129,-0.128,-0.15,-0.146
2022-09-13,-0.086,-0.089,-0.094,-0.101,-0.126,-0.129,-0.128,-0.15,-0.146
2022-09-14,-0.086,-0.091,-0.097,-0.101,-0.127,-0.13,-0.128,-0.15,-0.146
2022-09-15,-0.084,-0.098,-0.101,-0.105,-0.129,-0.13,-0.128,-0.151,-0.146
2022-09-16,-0.087,-0.092,-0.098,-0.123,-0.128,-0.128,-0.127,-0.151,-0.145
2022-09-20,-0.087,-0.092,-0.099,-0.13,-0.13,-0.13,-0.129,-0.151,-0.146
2022-09-21,-0.088,-0.092,-0.099,-0.134,-0.13,-0.13,-0.13,-0.149,-0.146
2022-09-22,-0.086,-0.091,-0.126,-0.132,-0.13,-0.129,-0.131,-0.149,-0.145
2022-09-26,-0.085,-0.091,-0.134,-0.129,-0.129,-0.128,-0.13,-0.149,-0.144
2022-09-27,-0.087,-0.091,-0.136,-0.131,-0.13,-0.129,-0.129,-0.149,-0.144
2022-09-28,-0.087,-0.092,-0.138,-0.132,-0.13,-0.129,-0.129,-0.149,-0.143
2022-09-29,-0.088,-0.118,-0.122,-0.122,-0.125,-0.127,-0.128,-0.148,-0.143
2022-09-30,-0.091,-0.097,-0.104,-0.108,-0.118,-0.125,-0.139,-0.152,-0.144
2022-10-03,-0.096,-0.1,-0.103,-0.107,-0.119,-0.128,-0.15,-0.15,-0.144
2022-10-04,-0.106,-0.116,-0.116,-0.123,-0.129,-0.136,-0.162,-0.151,-0.144
2022-10-05,-0.104,-0.129,-0.128,-0.134,-0.136,-0.139,-0.165,-0.151,-0.144
2022-10-06,-0.098,-0.113,-0.121,-0.125,-0.13,-0.134,-0.164,-0.15,-0.144
2022-10-07,-0.086,-0.087,-0.094,-0.106,-0.116,-0.126,-0.161,-0.15,-0.144
2022-10-11,-0.081,-0.081,-0.09,-0.101,-0.113,-0.126,-0.157,-0.151,-0.144
2022-10-12,-0.082,-0.084,-0.09,-0.1,-0.114,-0.124,-0.157,-0.151,-0.144
2022-10-13,-0.115,-0.086,-0.092,-0.1,-0.114,-0.124,-0.156,-0.149,-0.144
2022-10-14,-0.085,-0.086,-0.092,-0.099,-0.113,-0.124,-0.156,-0.148,-0.144
2022-10-17,-0.084,-0.085,-0.091,-0.098,-0.11,-0.121,-0.152,-0.147,-0.143
2022-10-18,-0.084,-0.085,-0.09,-0.099,-0.108,-0.119,-0.151,-0.146,-0.142
2022-10-19,-0.084,-0.085,-0.089,-0.099,-0.11,-0.119,-0.149,-0.145,-0.139
2022-10-20,-0.085,-0.082,-0.087,-0.096,-0.106,-0.113,-0.149,-0.143,-0.135
2022-10-21,-0.075,-0.072,-0.083,-0.091,-0.103,-0.109,-0.143,-0.143,-0.133
2022-10-24,-0.074,-0.075,-0.084,-0.095,-0.104,-0.108,-0.143,-0.141,-0.132
2022-10-25,-0.076,-0.081,-0.088,-0.094,-0.104,-0.109,-0.142,-0.141,-0.134
2022-10-26,-0.086,-0.086,-0.091,-0.097,-0.106,-0.111,-0.139,-0.141,-0.133
2022-10-27,-0.085,-0.091,-0.092,-0.099,-0.106,-0.112,-0.139,-0.14,-0.131
2022-10-28,-0.084,-0.091,-0.092,-0.101,-0.106,-0.111,-0.136,-0.141,-0.13
2022-10-31,-0.085,-0.088,-0.092,-0.099,-0.106,-0.109,-0.136,-0.139,-0.132
2022-11-01,-0.085,-0.087,-0.09,-0.099,-0.104,-0.109,-0.134,-0.14,-0.134
2022-11-02,-0.084,-0.087,-0.091,-0.097,-0.102,-0.108,-0.135,-0.14,-0.134
2022-11-04,-0.084,-0.085,-0.089,-0.096,-0.102,-0.108,-0.134,-0.14,-0.134
2022-11-07,-0.084,-0.085,-0.089,-0.094,-0.101,-0.109,-0.131,-0.139,-0.134
2022-11-08,-0.086,-0.085,-0.089,-0.095,-0.101,-0.109,-0.13,-0.139,-0.134
2022-11-09,-0.085,-0.085,-0.089,-0.093,-0.101,-0.11,-0.128,-0.138,-0.132
2022-11-10,-0.084,-0.087,-0.089,-0.094,-0.101,-0.11,-0.126,-0.135,-0.132
2022-11-11,-0.085,-0.084,-0.089,-0.096,-0.101,-0.109,-0.125,-0.133,-0.131
2022-11-14,-0.084,-0.085,-0.091,-0.096,-0.102,-0.11,-0.127,-0.133,-0.131
2022-11-15,-0.084,-0.087,-0.093,-0.097,-0.104,-0.112,-0.126,-0.133,-0.13
2022-11-16,-0.085,-0.087,-0.094,-0.099,-0.106,-0.112,-0.126,-0.133,-0.13
2022-11-17,-0.084,-0.089,-0.093,-0.099,-0.107,-0.114,-0.127,-0.133,-0.129
2022-11-18,-0.085,-0.088,-0.094,-0.099,-0.107,-0.115,-0.126,-0.132,-0.129
2022-11-21,-0.092,-0.096,-0.098,-0.105,-0.11,-0.119,-0.127,-0.131,-0.129
2022-11-22,-0.092,-0.099,-0.101,-0.107,-0.114,-0.121,-0.128,-0.13,-0.129
2022-11-24,-0.093,-0.101,-0.102,-0.106,-0.114,-0.12,-0.129,-0.129,-0.128
2022-11-25,-0.097,-0.102,-0.104,-0.108,-0.113,-0.121,-0.13,-0.129,-0.128
2022-11-28,-0.119,-0.131,-0.127,-0.126,-0.128,-0.132,-0.139,-0.131,-0.13
2022-11-29,-0.107,-0.121,-0.122,-0.124,-0.128,-0.135,-0.139,-0.131,-0.128
2022-11-30,-0.115,-0.128,-0.126,-0.127,-0.131,-0.148,-0.14,-0.131,-0.129
2022-12-01,-0.104,-0.119,-0.124,-0.125,-0.132,-0.154,-0.139,-0.131,-0.129
2022-12-02,-0.103,-0.114,-0.123,-0.125,-0.129,-0.153,-0.14,-0.132,-0.128
2022-12-05,-0.102,-0.107,-0.117,-0.123,-0.127,-0.153,-0.139,-0.131,-0.128
2022-12-06,-0.099,-0.101,-0.114,-0.12,-0.126,-0.152,-0.139,-0.131,-0.128
2022-12-07,-0.098,-0.099,-0.109,-0.12,-0.123,-0.152,-0.139,-0.13,-0.125
2022-12-08,-0.096,-0.101,-0.109,-0.118,-0.123,-0.153,-0.138,-0.13,-0.125
2022-12-09,-0.097,-0.099,-0.107,-0.117,-0.152,-0.151,-0.138,-0.13,-0.125
2022-12-12,-0.089,-0.087,-0.102,-0.112,-0.152,-0.151,-0.137,-0.13,-0.126
2022-12-13,-0.086,-0.086,-0.098,-0.106,-0.153,-0.151,-0.138,-0.13,-0.126
2022-12-14,-0.086,-0.087,-0.1,-0.109,-0.151,-0.149,-0.137,-0.13,-0.126
2022-12-15,-0.086,-0.093,-0.099,-0.109,-0.153,-0.148,-0.139,-0.13,-0.126
2022-12-16,-0.086,-0.089,-0.1,-0.158,-0.154,-0.149,-0.14,-0.13,-0.126
2022-12-19,-0.086,-0.091,-0.099,-0.162,-0.155,-0.151,-0.137,-0.13,-0.122
2022-12-20,-0.087,-0.09,-0.099,-0.163,-0.158,-0.154,-0.138,-0.13,-0.12
2022-12-21,-0.099,-0.129,-0.131,-0.204,-0.178,-0.171,-0.143,-0.13,-0.112
2022-12-22,-0.091,-0.118,-0.129,-0.209,-0.182,-0.176,-0.145,-0.129,-0.109
2022-12-23,-0.094,-0.123,-0.216,-0.194,-0.18,-0.176,-0.146,-0.129,-0.105
2022-12-26,-0.091,-0.122,-0.209,-0.191,-0.178,-0.172,-0.147,-0.129,-0.106
2022-12-27,-0.089,-0.095,-0.192,-0.179,-0.166,-0.159,-0.149,-0.129,-0.103
2022-12-28,-0.089,-0.092,-0.183,-0.172,-0.159,-0.154,-0.147,-0.126,-0.103
2022-12-29,-0.091,-0.153,-0.154,-0.147,-0.146,-0.142,-0.144,-0.127,-0.101
2022-12-30,-0.091,-0.094,-0.11,-0.116,-0.122,-0.129,-0.138,-0.123,-0.101
2023-01-04,-0.091,-0.096,-0.105,-0.114,-0.118,-0.124,-0.135,-0.12,-0.1
2023-01-05,-0.093,-0.095,-0.104,-0.112,-0.117,-0.124,-0.129,-0.114,-0.099
2023-01-06,-0.091,-0.095,-0.103,-0.111,-0.114,-0.123,-0.127,-0.108,-0.098
2023-01-10,-0.092,-0.1,-0.107,-0.114,-0.119,-0.126,-0.127,-0.11,-0.099
2023-01-11,-0.097,-0.103,-0.109,-0.116,-0.122,-0.127,-0.127,-0.109,-0.097
2023-01-12,-0.094,-0.102,-0.109,-0.114,-0.122,-0.127,-0.128,-0.109,-0.093
2023-01-13,-0.096,-0.107,-0.112,-0.118,-0.123,-0.129,-0.129,-0.107,-0.091
2023-01-16,-0.096,-0.112,-0.119,-0.126,-0.129,-0.133,-0.132,-0.106,-0.087
2023-01-17,-0.095,-0.117,-0.126,-0.136,-0.137,-0.143,-0.133,-0.106,-0.086
2023-01-18,-0.098,-0.122,-0.129,-0.137,-0.141,-0.143,-0.136,-0.103,-0.081
2023-01-19,-0.096,-0.111,-0.124,-0.134,-0.139,-0.142,-0.139,-0.103,-0.081
2023-01-20,-0.095,-0.102,-0.122,-0.134,-0.138,-0.142,-0.14,-0.106,-0.081
2023-01-23,-0.095,-0.098,-0.12,-0.13,-0.14,-0.144,-0.142,-0.105,-0.083
2023-01-24,-0.094,-0.096,-0.118,-0.131,-0.14,-0.145,-0.143,-0.106,-0.083
2023-01-25,-0.093,-0.097,-0.114,-0.126,-0.141,-0.144,-0.143,-0.106,-0.082
2023-01-26,-0.092,-0.097,-0.113,-0.124,-0.138,-0.143,-0.143,-0.106,-0.081
2023-01-27,-0.092,-0.097,-0.113,-0.127,-0.137,-0.144,-0.143,-0.106,-0.081
2023-01-30,-0.092,-0.097,-0.115,-0.125,-0.136,-0.142,-0.142,-0.103,-0.08
2023-01-31,-0.111,-0.1,-0.117,-0.126,-0.137,-0.144,-0.142,-0.103,-0.079
2023-02-01,-0.099,-0.101,-0.116,-0.126,-0.137,-0.144,-0.144,-0.103,-0.079
2023-02-02,-0.1,-0.106,-0.118,-0.127,-0.136,-0.146,-0.145,-0.103,-0.08
2023-02-03,-0.102,-0.106,-0.118,-0.126,-0.136,-0.146,-0.144,-0.103,-0.08
2023-02-06,-0.1,-0.107,-0.116,-0.126,-0.135,-0.147,-0.146,-0.106,-0.084
2023-02-07,-0.101,-0.107,-0.116,-0.126,-0.137,-0.144,-0.146,-0.107,-0.081
2023-02-08,-0.101,-0.107,-0.116,-0.127,-0.139,-0.147,-0.146,-0.107,-0.082
2023-02-09,-0.102,-0.107,-0.116,-0.126,-0.138,-0.147,-0.147,-0.106,-0.082
2023-02-10,-0.101,-0.106,-0.115,-0.125,-0.138,-0.144,-0.147,-0.108,-0.082
2023-02-13,-0.091,-0.091,-0.107,-0.117,-0.128,-0.143,-0.147,-0.107,-0.082
2023-02-14,-0.091,-0.092,-0.11,-0.117,-0.128,-0.139,-0.146,-0.105,-0.081
2023-02-15,-0.088,-0.092,-0.106,-0.115,-0.121,-0.135,-0.146,-0.104,-0.081
2023-02-16,-0.087,-0.087,-0.103,-0.114,-0.122,-0.135,-0.147,-0.104,-0.085
2023-02-17,-0.083,-0.083,-0.101,-0.111,-0.119,-0.135,-0.147,-0.104,-0.084
2023-02-20,-0.081,-0.083,-0.098,-0.109,-0.121,-0.134,-0.146,-0.105,-0.085
2023-02-21,-0.08,-0.082,-0.098,-0.106,-0.119,-0.132,-0.146,-0.105,-0.083
2023-02-22,-0.079,-0.082,-0.096,-0.106,-0.117,-0.131,-0.146,-0.105,-0.084
2023-02-24,-0.081,-0.084,-0.098,-0.106,-0.116,-0.132,-0.145,-0.105,-0.084
2023-02-27,-0.087,-0.087,-0.098,-0.105,-0.117,-0.135,-0.143,-0.107,-0.083
2023-02-28,-0.087,-0.087,-0.096,-0.106,-0.115,-0.141,-0.145,-0.107,-0.083
2023-03-01,-0.086,-0.086,-0.097,-0.103,-0.116,-0.145,-0.145,-0.106,-0.083
2023-03-02,-0.085,-0.086,-0.097,-0.104,-0.115,-0.147,-0.146,-0.106,-0.083
2023-03-03,-0.086,-0.087,-0.098,-0.105,-0.117,-0.147,-0.146,-0.106,-0.083
2023-03-06,-0.092,-0.102,-0.108,-0.116,-0.13,-0.154,-0.15,-0.108,-0.084
2023-03-07,-0.091,-0.097,-0.108,-0.118,-0.13,-0.163,-0.152,-0.108,-0.084
2023-03-08,-0.089,-0.096,-0.111,-0.121,-0.134,-0.166,-0.151,-0.113,-0.085
2023-03-09,-0.092,-0.099,-0.113,-0.129,-0.141,-0.17,-0.152,-0.11,-0.086
2023-03-10,-0.093,-0.1,-0.117,-0.128,-0.164,-0.174,-0.156,-0.109,-0.086
2023-03-13,-0.093,-0.099,-0.115,-0.128,-0.176,-0.179,-0.154,-0.108,-0.086
2023-03-14,-0.094,-0.1,-0.117,-0.128,-0.183,-0.186,-0.162,-0.109,-0.086
2023-03-15,-0.091,-0.097,-0.117,-0.132,-0.187,-0.182,-0.161,-0.109,-0.086
2023-03-16,-0.09,-0.097,-0.117,-0.135,-0.19,-0.183,-0.162,-0.111,-0.087
2023-03-17,-0.09,-0.096,-0.115,-0.188,-0.189,-0.184,-0.166,-0.117,-0.091
2023-03-20,-0.09,-0.097,-0.115,-0.198,-0.195,-0.19,-0.173,-0.12,-0.095
2023-03-22,-0.091,-0.096,-0.114,-0.198,-0.196,-0.189,-0.174,-0.122,-0.096
2023-03-23,-0.1,-0.113,-0.119,-0.196,-0.193,-0.187,-0.175,-0.123,-0.097
2023-03-24,-0.101,-0.118,-0.207,-0.201,-0.194,-0.187,-0.175,-0.121,-0.097
2023-03-27,-0.149,-0.197,-0.309,-0.267,-0.223,-0.205,-0.186,-0.126,-0.099
2023-03-28,-0.187,-0.251,-0.36,-0.296,-0.239,-0.213,-0.19,-0.128,-0.1
2023-03-29,-0.191,-0.331,-0.414,-0.321,-0.261,-0.23,-0.19,-0.129,-0.1
2023-03-30,-0.328,-1.205,-0.639,-0.478,-0.356,-0.276,-0.197,-0.13,-0.101
2023-03-31,-0.15,-0.118,-0.144,-0.149,-0.159,-0.171,-0.179,-0.129,-0.1
2023-04-03,-0.13,-0.137,-0.141,-0.146,-0.152,-0.167,-0.174,-0.128,-0.098
2023-04-04,-0.099,-0.107,-0.138,-0.142,-0.148,-0.163,-0.17,-0.127,-0.098
2023-04-05,-0.098,-0.111,-0.137,-0.142,-0.15,-0.166,-0.169,-0.127,-0.098
2023-04-06,-0.11,-0.131,-0.148,-0.157,-0.159,-0.175,-0.174,-0.129,-0.099
2023-04-07,-0.113,-0.144,-0.161,-0.165,-0.173,-0.178,-0.177,-0.132,-0.099
2023-04-10,-0.116,-0.149,-0.164,-0.169,-0.174,-0.177,-0.178,-0.131,-0.099
2023-04-11,-0.102,-0.12,-0.16,-0.165,-0.172,-0.177,-0.175,-0.131,-0.099
2023-04-12,-0.088,-0.098,-0.137,-0.149,-0.161,-0.164,-0.172,-0.13,-0.099
2023-04-13,-0.091,-0.093,-0.132,-0.141,-0.154,-0.159,-0.168,-0.13,-0.099
2023-04-14,-0.109,-0.105,-0.127,-0.14,-0.154,-0.157,-0.168,-0.13,-0.099
2023-04-17,-0.096,-0.108,-0.125,-0.139,-0.152,-0.155,-0.164,-0.131,-0.099
2023-04-18,-0.099,-0.11,-0.126,-0.142,-0.151,-0.154,-0.166,-0.131,-0.099
2023-04-19,-0.1,-0.111,-0.125,-0.14,-0.148,-0.153,-0.165,-0.131,-0.099
2023-04-20,-0.099,-0.11,-0.124,-0.142,-0.149,-0.154,-0.164,-0.131,-0.099
2023-04-21,-0.098,-0.11,-0.127,-0.141,-0.148,-0.153,-0.163,-0.131,-0.099
2023-04-24,-0.104,-0.119,-0.133,-0.142,-0.149,-0.152,-0.16,-0.13,-0.102
2023-04-25,-0.106,-0.12,-0.14,-0.145,-0.152,-0.154,-0.16,-0.129,-0.102
2023-04-26,-0.103,-0.127,-0.156,-0.156,-0.158,-0.162,-0.161,-0.129,-0.102
2023-04-27,-0.161,-0.21,-0.191,-0.187,-0.179,-0.18,-0.166,-0.129,-0.102
2023-04-28,-0.165,-0.153,-0.167,-0.168,-0.169,-0.167,-0.163,-0.129,-0.102
2023-05-01,-0.134,-0.174,-0.171,-0.169,-0.171,-0.17,-0.164,-0.13,-0.102
2023-05-02,-0.224,-0.153,-0.162,-0.164,-0.168,-0.17,-0.164,-0.131,-0.102
2023-05-08,-0.097,-0.103,-0.123,-0.132,-0.141,-0.15,-0.157,-0.129,-0.102
2023-05-09,-0.103,-0.098,-0.126,-0.136,-0.142,-0.151,-0.155,-0.129,-0.102
2023-05-10,-0.096,-0.098,-0.124,-0.133,-0.14,-0.148,-0.153,-0.129,-0.102
2023-05-11,-0.097,-0.1,-0.124,-0.136,-0.142,-0.15,-0.154,-0.129,-0.102
2023-05-12,-0.091,-0.095,-0.123,-0.135,-0.142,-0.149,-0.157,-0.129,-0.102
2023-05-15,-0.091,-0.099,-0.123,-0.132,-0.142,-0.15,-0.156,-0.13,-0.102
2023-05-16,-0.091,-0.097,-0.124,-0.132,-0.142,-0.149,-0.157,-0.13,-0.102
2023-05-17,-0.095,-0.1,-0.123,-0.134,-0.144,-0.15,-0.156,-0.13,-0.102
2023-05-18,-0.093,-0.102,-0.124,-0.136,-0.144,-0.151,-0.157,-0.13,-0.102
2023-05-19,-0.096,-0.107,-0.124,-0.138,-0.145,-0.151,-0.158,-0.13,-0.102
2023-05-22,-0.104,-0.121,-0.134,-0.144,-0.15,-0.155,-0.161,-0.133,-0.102
2023-05-23,-0.107,-0.128,-0.14,-0.149,-0.154,-0.158,-0.162,-0.134,-0.102
2023-05-24,-0.153,-0.21,-0.187,-0.178,-0.172,-0.166,-0.163,-0.135,-0.102
2023-05-25,-0.173,-0.257,-0.238,-0.201,-0.187,-0.186,-0.168,-0.136,-0.102
2023-05-26,-0.108,-0.144,-0.161,-0.17,-0.171,-0.172,-0.166,-0.136,-0.102
2023-05-29,-0.124,-0.151,-0.159,-0.166,-0.166,-0.168,-0.164,-0.135,-0.102
2023-05-30,-0.147,-0.163,-0.167,-0.167,-0.167,-0.168,-0.166,-0.134,-0.102
2023-05-31,-0.105,-0.126,-0.147,-0.152,-0.16,-0.178,-0.165,-0.134,-0.102
2023-06-01,-0.119,-0.141,-0.152,-0.156,-0.157,-0.175,-0.164,-0.134,-0.102
2023-06-02,-0.102,-0.116,-0.138,-0.144,-0.152,-0.174,-0.162,-0.134,-0.102
2023-06-05,-0.098,-0.102,-0.132,-0.14,-0.148,-0.175,-0.161,-0.134,-0.102
2023-06-06,-0.096,-0.1,-0.131,-0.138,-0.151,-0.172,-0.164,-0.134,-0.102
2023-06-07,-0.09,-0.093,-0.122,-0.133,-0.146,-0.171,-0.163,-0.134,-0.102
2023-06-08,-0.088,-0.092,-0.116,-0.127,-0.138,-0.166,-0.161,-0.134,-0.102
2023-06-09,-0.088,-0.089,-0.113,-0.128,-0.151,-0.163,-0.163,-0.135,-0.102
2023-06-12,-0.089,-0.09,-0.114,-0.131,-0.158,-0.164,-0.164,-0.136,-0.102
2023-06-13,-0.095,-0.106,-0.12,-0.134,-0.16,-0.162,-0.165,-0.136,-0.102
2023-06-14,-0.1,-0.11,-0.124,-0.136,-0.169,-0.161,-0.166,-0.136,-0.102
2023-06-15,-0.094,-0.102,-0.122,-0.131,-0.164,-0.159,-0.165,-0.135,-0.101
2023-06-16,-0.091,-0.091,-0.113,-0.157,-0.159,-0.155,-0.158,-0.134,-0.102
2023-06-19,-0.088,-0.091,-0.113,-0.156,-0.151,-0.151,-0.154,-0.133,-0.102
2023-06-20,-0.088,-0.091,-0.112,-0.154,-0.151,-0.148,-0.154,-0.134,-0.102
2023-06-21,-0.089,-0.091,-0.108,-0.147,-0.144,-0.145,-0.153,-0.134,-0.102
2023-06-22,-0.088,-0.091,-0.108,-0.137,-0.139,-0.139,-0.151,-0.132,-0.102
2023-06-23,-0.085,-0.087,-0.121,-0.131,-0.135,-0.137,-0.148,-0.132,-0.102
2023-06-26,-0.084,-0.086,-0.119,-0.122,-0.128,-0.132,-0.142,-0.131,-0.102
2023-06-27,-0.085,-0.086,-0.115,-0.117,-0.126,-0.126,-0.136,-0.132,-0.102
2023-06-28,-0.085,-0.087,-0.113,-0.115,-0.122,-0.124,-0.129,-0.132,-0.102
2023-06-29,-0.085,-0.086,-0.109,-0.112,-0.12,-0.122,-0.131,-0.132,-0.102
2023-06-30,-0.084,-0.085,-0.104,-0.109,-0.117,-0.122,-0.133,-0.131,-0.102
2023-07-03,-0.078,-0.081,-0.092,-0.1,-0.11,-0.115,-0.128,-0.131,-0.102
2023-07-04,-0.077,-0.077,-0.088,-0.097,-0.106,-0.113,-0.128,-0.131,-0.102
2023-07-05,-0.074,-0.077,-0.088,-0.096,-0.103,-0.113,-0.13,-0.131,-0.102
2023-07-06,-0.071,-0.074,-0.086,-0.095,-0.103,-0.111,-0.129,-0.133,-0.102
2023-07-07,-0.067,-0.064,-0.076,-0.087,-0.095,-0.106,-0.127,-0.133,-0.102
2023-07-10,-0.09,-0.087,-0.089,-0.096,-0.107,-0.117,-0.129,-0.133,-0.102
2023-07-11,-0.088,-0.086,-0.09,-0.096,-0.107,-0.116,-0.129,-0.133,-0.102
2023-07-12,-0.076,-0.066,-0.087,-0.092,-0.108,-0.114,-0.131,-0.133,-0.102
2023-07-13,-0.087,-0.083,-0.093,-0.097,-0.108,-0.117,-0.132,-0.133,-0.102
2023-07-14,-0.076,-0.085,-0.091,-0.098,-0.11,-0.118,-0.134,-0.134,-0.102
2023-07-18,-0.087,-0.09,-0.096,-0.103,-0.109,-0.12,-0.133,-0.135,-0.102
2023-07-19,-0.088,-0.091,-0.097,-0.106,-0.111,-0.122,-0.133,-0.136,-0.102
2023-07-20,-0.086,-0.093,-0.099,-0.104,-0.111,-0.119,-0.133,-0.136,-0.102
2023-07-21,-0.093,-0.096,-0.103,-0.106,-0.113,-0.122,-0.132,-0.136,-0.102
2023-07-24,-0.095,-0.1,-0.105,-0.11,-0.115,-0.119,-0.13,-0.135,-0.102
2023-07-25,-0.093,-0.097,-0.106,-0.109,-0.115,-0.118,-0.129,-0.134,-0.102
2023-07-26,-0.093,-0.097,-0.105,-0.11,-0.113,-0.118,-0.129,-0.134,-0.102
2023-07-27,-0.093,-0.097,-0.107,-0.107,-0.114,-0.118,-0.128,-0.135,-0.102
2023-07-28,-0.093,-0.099,-0.107,-0.112,-0.116,-0.119,-0.128,-0.134,-0.102
2023-07-31,-0.093,-0.096,-0.106,-0.111,-0.114,-0.119,-0.128,-0.13,-0.101
2023-08-01,-0.091,-0.095,-0.106,-0.108,-0.113,-0.12,-0.128,-0.129,-0.101
2023-08-02,-0.092,-0.1,-0.104,-0.111,-0.115,-0.119,-0.128,-0.129,-0.101
2023-08-03,-0.094,-0.101,-0.104,-0.109,-0.114,-0.119,-0.128,-0.129,-0.101
2023-08-04,-0.096,-0.102,-0.106,-0.109,-0.114,-0.12,-0.126,-0.129,-0.101
2023-08-07,-0.096,-0.103,-0.106,-0.109,-0.114,-0.119,-0.123,-0.129,-0.1
2023-08-08,-0.108,-0.13,-0.123,-0.12,-0.12,-0.126,-0.123,-0.129,-0.1
2023-08-09,-0.103,-0.147,-0.133,-0.127,-0.126,-0.135,-0.124,-0.13,-0.1
2023-08-10,-0.098,-0.101,-0.107,-0.112,-0.116,-0.124,-0.122,-0.131,-0.1
2023-08-14,-0.108,-0.107,-0.111,-0.114,-0.118,-0.125,-0.123,-0.13,-0.1
2023-08-15,-0.097,-0.107,-0.109,-0.111,-0.118,-0.124,-0.122,-0.133,-0.1
2023-08-16,-0.098,-0.12,-0.115,-0.116,-0.119,-0.126,-0.125,-0.129,-0.1
2023-08-17,-0.1,-0.122,-0.117,-0.118,-0.122,-0.127,-0.126,-0.128,-0.094
2023-08-18,-0.114,-0.12,-0.117,-0.12,-0.123,-0.129,-0.127,-0.124,-0.092
2023-08-21,-0.106,-0.121,-0.118,-0.121,-0.123,-0.129,-0.126,-0.122,-0.091
2023-08-22,-0.108,-0.132,-0.125,-0.126,-0.129,-0.137,-0.128,-0.124,-0.092
2023-08-23,-0.111,-0.153,-0.137,-0.136,-0.141,-0.147,-0.132,-0.124,-0.092
2023-08-24,-0.115,-0.149,-0.142,-0.141,-0.144,-0.148,-0.133,-0.125,-0.091
2023-08-25,-0.108,-0.129,-0.132,-0.132,-0.133,-0.139,-0.133,-0.127,-0.091
2023-08-28,-0.135,-0.163,-0.162,-0.157,-0.153,-0.158,-0.141,-0.125,-0.092
2023-08-29,-0.122,-0.161,-0.163,-0.16,-0.158,-0.16,-0.142,-0.124,-0.092
2023-08-30,-0.164,-0.204,-0.179,-0.167,-0.163,-0.163,-0.144,-0.124,-0.092
2023-08-31,-0.161,-0.164,-0.162,-0.158,-0.158,-0.162,-0.142,-0.123,-0.092
2023-09-01,-0.148,-0.152,-0.155,-0.157,-0.158,-0.165,-0.143,-0.123,-0.092
2023-09-04,-0.107,-0.114,-0.135,-0.137,-0.142,-0.16,-0.141,-0.124,-0.093
2023-09-05,-0.107,-0.115,-0.129,-0.135,-0.141,-0.165,-0.141,-0.124,-0.093
2023-09-06,-0.099,-0.109,-0.122,-0.129,-0.14,-0.163,-0.139,-0.124,-0.093
2023-09-07,-0.1,-0.106,-0.122,-0.129,-0.14,-0.162,-0.138,-0.126,-0.093
2023-09-08,-0.096,-0.098,-0.116,-0.125,-0.144,-0.162,-0.137,-0.124,-0.093
2023-09-11,-0.097,-0.095,-0.117,-0.125,-0.151,-0.159,-0.137,-0.124,-0.091
2023-09-12,-0.096,-0.095,-0.117,-0.122,-0.15,-0.156,-0.136,-0.124,-0.086
2023-09-13,-0.092,-0.091,-0.114,-0.122,-0.149,-0.149,-0.136,-0.124,-0.085
2023-09-14,-0.091,-0.105,-0.118,-0.126,-0.152,-0.15,-0.135,-0.124,-0.085
2023-09-15,-0.114,-0.121,-0.127,-0.153,-0.153,-0.152,-0.135,-0.12,-0.084
2023-09-19,-0.13,-0.151,-0.163,-0.176,-0.168,-0.165,-0.139,-0.125,-0.084
2023-09-20,-0.128,-0.174,-0.179,-0.198,-0.178,-0.17,-0.14,-0.126,-0.081
2023-09-21,-0.162,-0.181,-0.188,-0.209,-0.18,-0.173,-0.143,-0.127,-0.081
2023-09-22,-0.208,-0.289,-0.323,-0.274,-0.242,-0.213,-0.153,-0.127,-0.081
2023-09-25,-0.13,-0.181,-0.275,-0.234,-0.215,-0.199,-0.149,-0.121,-0.082
2023-09-26,-0.185,-0.251,-0.326,-0.252,-0.224,-0.203,-0.152,-0.12,-0.081
2023-09-27,-0.259,-0.397,-0.409,-0.278,-0.236,-0.207,-0.155,-0.12,-0.083
2023-09-28,-0.259,-0.547,-0.362,-0.263,-0.221,-0.197,-0.155,-0.12,-0.083
2023-09-29,-0.551,-0.135,-0.139,-0.156,-0.159,-0.155,-0.182,-0.124,-0.084
2023-10-02,-0.122,-0.131,-0.148,-0.154,-0.16,-0.163,-0.194,-0.125,-0.085
2023-10-03,-0.122,-0.15,-0.162,-0.163,-0.17,-0.181,-0.201,-0.126,-0.087
2023-10-04,-0.103,-0.131,-0.156,-0.162,-0.17,-0.18,-0.201,-0.126,-0.087
2023-10-05,-0.101,-0.119,-0.15,-0.161,-0.166,-0.178,-0.2,-0.126,-0.087
2023-10-06,-0.098,-0.103,-0.146,-0.164,-0.168,-0.179,-0.2,-0.127,-0.087
2023-10-10,-0.101,-0.107,-0.146,-0.161,-0.168,-0.177,-0.2,-0.126,-0.086
2023-10-11,-0.112,-0.109,-0.148,-0.168,-0.172,-0.184,-0.199,-0.126,-0.086
2023-10-12,-0.108,-0.146,-0.153,-0.175,-0.182,-0.19,-0.199,-0.126,-0.086
2023-10-13,-0.101,-0.122,-0.148,-0.166,-0.177,-0.188,-0.199,-0.126,-0.086
2023-10-16,-0.097,-0.119,-0.145,-0.161,-0.169,-0.178,-0.197,-0.127,-0.086
2023-10-17,-0.096,-0.107,-0.147,-0.161,-0.169,-0.181,-0.198,-0.127,-0.087
2023-10-18,-0.096,-0.105,-0.146,-0.162,-0.168,-0.177,-0.197,-0.127,-0.086
2023-10-19,-0.096,-0.1,-0.14,-0.157,-0.166,-0.174,-0.197,-0.127,-0.087
2023-10-20,-0.094,-0.095,-0.131,-0.152,-0.16,-0.168,-0.196,-0.125,-0.087
2023-10-23,-0.098,-0.1,-0.13,-0.151,-0.159,-0.168,-0.193,-0.116,-0.082
2023-10-24,-0.099,-0.099,-0.136,-0.152,-0.161,-0.169,-0.192,-0.115,-0.081
2023-10-25,-0.097,-0.101,-0.141,-0.157,-0.163,-0.169,-0.191,-0.113,-0.081
2023-10-26,-0.099,-0.119,-0.146,-0.157,-0.161,-0.168,-0.191,-0.113,-0.081
2023-10-27,-0.11,-0.12,-0.145,-0.155,-0.16,-0.168,-0.189,-0.118,-0.084
2023-10-30,-0.132,-0.181,-0.166,-0.167,-0.169,-0.174,-0.193,-0.118,-0.084
2023-10-31,-0.27,-0.179,-0.169,-0.169,-0.169,-0.183,-0.192,-0.118,-0.084
2023-11-01,-0.103,-0.14,-0.158,-0.163,-0.169,-0.175,-0.187,-0.118,-0.084
2023-11-02,-0.155,-0.149,-0.157,-0.164,-0.168,-0.175,-0.189,-0.116,-0.083
2023-11-06,-0.128,-0.155,-0.16,-0.168,-0.17,-0.177,-0.19,-0.113,-0.081
2023-11-07,-0.138,-0.161,-0.165,-0.168,-0.173,-0.181,-0.191,-0.113,-0.083
2023-11-08,-0.124,-0.164,-0.167,-0.168,-0.173,-0.179,-0.192,-0.113,-0.083
2023-11-09,-0.133,-0.137,-0.152,-0.159,-0.171,-0.178,-0.192,-0.114,-0.081
2023-11-10,-0.137,-0.125,-0.149,-0.158,-0.167,-0.174,-0.193,-0.117,-0.081
2023-11-13,-0.146,-0.128,-0.15,-0.157,-0.167,-0.173,-0.193,-0.121,-0.083
2023-11-14,-0.117,-0.14,-0.148,-0.157,-0.165,-0.177,-0.194,-0.122,-0.083
2023-11-15,-0.104,-0.154,-0.165,-0.175,-0.176,-0.185,-0.195,-0.12,-0.082
2023-11-16,-0.107,-0.13,-0.159,-0.17,-0.179,-0.188,-0.197,-0.119,-0.08
2023-11-17,-0.11,-0.118,-0.156,-0.169,-0.175,-0.183,-0.194,-0.119,-0.079
2023-11-20,-0.096,-0.111,-0.146,-0.161,-0.17,-0.183,-0.195,-0.12,-0.08
2023-11-21,-0.094,-0.107,-0.144,-0.162,-0.169,-0.183,-0.194,-0.12,-0.08
2023-11-22,-0.092,-0.106,-0.137,-0.157,-0.164,-0.18,-0.192,-0.12,-0.08
2023-11-24,-0.085,-0.099,-0.132,-0.147,-0.159,-0.172,-0.194,-0.12,-0.08
2023-11-27,-0.077,-0.097,-0.131,-0.142,-0.157,-0.172,-0.192,-0.116,-0.078
2023-11-28,-0.087,-0.1,-0.132,-0.143,-0.156,-0.167,-0.195,-0.116,-0.076
2023-11-29,-0.089,-0.108,-0.129,-0.143,-0.154,-0.167,-0.194,-0.115,-0.076
2023-11-30,-0.091,-0.101,-0.127,-0.136,-0.152,-0.178,-0.189,-0.114,-0.076
2023-12-01,-0.094,-0.094,-0.124,-0.136,-0.144,-0.183,-0.183,-0.114,-0.076
2023-12-04,-0.085,-0.1,-0.122,-0.134,-0.147,-0.186,-0.178,-0.118,-0.079
2023-12-05,-0.077,-0.086,-0.115,-0.131,-0.142,-0.177,-0.173,-0.119,-0.079
2023-12-06,-0.086,-0.09,-0.113,-0.131,-0.138,-0.18,-0.166,-0.115,-0.077
2023-12-07,-0.08,-0.088,-0.111,-0.126,-0.136,-0.173,-0.166,-0.118,-0.078
2023-12-08,-0.082,-0.085,-0.111,-0.123,-0.158,-0.171,-0.159,-0.119,-0.078
2023-12-11,-0.086,-0.086,-0.11,-0.121,-0.169,-0.168,-0.155,-0.115,-0.076
2023-12-12,-0.085,-0.086,-0.107,-0.122,-0.171,-0.169,-0.153,-0.112,-0.076
2023-12-13,-0.086,-0.086,-0.105,-0.124,-0.172,-0.168,-0.152,-0.109,-0.075
2023-12-14,-0.101,-0.117,-0.14,-0.149,-0.185,-0.181,-0.152,-0.108,-0.076
2023-12-15,-0.132,-0.118,-0.146,-0.184,-0.185,-0.171,-0.149,-0.107,-0.073
2023-12-18,-0.097,-0.148,-0.156,-0.228,-0.197,-0.188,-0.151,-0.111,-0.071
2023-12-19,-0.207,-0.169,-0.168,-0.241,-0.207,-0.189,-0.147,-0.112,-0.067
2023-12-20,-0.205,-0.162,-0.167,-0.245,-0.206,-0.196,-0.147,-0.112,-0.067
2023-12-21,-0.097,-0.129,-0.153,-0.245,-0.204,-0.194,-0.152,-0.112,-0.067
2023-12-22,-0.104,-0.119,-0.261,-0.234,-0.201,-0.193,-0.156,-0.112,-0.067
2023-12-25,-0.094,-0.11,-0.253,-0.232,-0.196,-0.184,-0.154,-0.107,-0.067
2023-12-26,-0.103,-0.11,-0.227,-0.197,-0.187,-0.175,-0.155,-0.106,-0.066
2023-12-27,-0.097,-0.109,-0.219,-0.191,-0.179,-0.166,-0.153,-0.108,-0.067
2023-12-28,-0.096,-0.129,-0.167,-0.157,-0.159,-0.157,-0.15,-0.102,-0.065
2023-12-29,-0.087,-0.108,-0.136,-0.14,-0.144,-0.146,-0.147,-0.097,-0.063
2024-01-04,-0.088,-0.105,-0.12,-0.127,-0.134,-0.134,-0.141,-0.097,-0.06
2024-01-05,-0.087,-0.096,-0.116,-0.124,-0.129,-0.133,-0.139,-0.097,-0.061
2024-01-09,-0.089,-0.097,-0.118,-0.126,-0.131,-0.135,-0.142,-0.096,-0.061
2024-01-10,-0.186,-0.146,-0.131,-0.138,-0.139,-0.143,-0.146,-0.1,-0.062
2024-01-11,-0.095,-0.107,-0.122,-0.129,-0.132,-0.141,-0.148,-0.096,-0.061
2024-01-12,-0.096,-0.103,-0.121,-0.13,-0.131,-0.137,-0.149,-0.095,-0.061
2024-01-15,-0.095,-0.11,-0.12,-0.131,-0.13,-0.137,-0.147,-0.095,-0.061
2024-01-16,-0.094,-0.101,-0.121,-0.126,-0.128,-0.136,-0.149,-0.095,-0.061
2024-01-17,-0.091,-0.097,-0.113,-0.119,-0.126,-0.132,-0.145,-0.095,-0.058
2024-01-18,-0.091,-0.093,-0.108,-0.114,-0.121,-0.124,-0.144,-0.094,-0.058
2024-01-19,-0.091,-0.091,-0.105,-0.114,-0.118,-0.122,-0.144,-0.094,-0.059
2024-01-22,-0.081,-0.081,-0.099,-0.108,-0.115,-0.121,-0.14,-0.097,-0.061
2024-01-23,-0.078,-0.075,-0.092,-0.104,-0.111,-0.116,-0.138,-0.097,-0.061
2024-01-24,-0.076,-0.076,-0.089,-0.102,-0.109,-0.113,-0.132,-0.097,-0.061
2024-01-25,-0.077,-0.08,-0.089,-0.1,-0.108,-0.113,-0.133,-0.095,-0.061
2024-01-26,-0.08,-0.081,-0.089,-0.097,-0.106,-0.111,-0.133,-0.095,-0.061
2024-01-29,-0.08,-0.081,-0.089,-0.099,-0.105,-0.109,-0.128,-0.093,-0.061
2024-01-30,-0.08,-0.086,-0.092,-0.098,-0.103,-0.11,-0.126,-0.093,-0.061
2024-01-31,-0.082,-0.084,-0.091,-0.097,-0.102,-0.107,-0.123,-0.093,-0.061
2024-02-01,-0.08,-0.08,-0.088,-0.094,-0.1,-0.105,-0.125,-0.093,-0.06
2024-02-02,-0.07,-0.071,-0.081,-0.088,-0.096,-0.103,-0.123,-0.093,-0.057
2024-02-05,-0.068,-0.083,-0.088,-0.092,-0.098,-0.104,-0.125,-0.091,-0.053
2024-02-06,-0.082,-0.082,-0.087,-0.091,-0.098,-0.103,-0.123,-0.089,-0.054
2024-02-07,-0.082,-0.09,-0.089,-0.093,-0.099,-0.104,-0.121,-0.089,-0.051
2024-02-08,-0.076,-0.074,-0.081,-0.089,-0.095,-0.101,-0.118,-0.087,-0.05
2024-02-09,-0.074,-0.053,-0.075,-0.083,-0.088,-0.096,-0.112,-0.082,-0.048
2024-02-13,-0.07,-0.062,-0.072,-0.08,-0.086,-0.091,-0.104,-0.079,-0.045
2024-02-14,-0.059,-0.062,-0.07,-0.079,-0.085,-0.089,-0.098,-0.073,-0.043
2024-02-15,-0.075,-0.083,-0.083,-0.087,-0.089,-0.094,-0.097,-0.073,-0.043
2024-02-16,-0.08,-0.08,-0.084,-0.089,-0.091,-0.095,-0.095,-0.071,-0.043
2024-02-19,-0.092,-0.091,-0.092,-0.094,-0.096,-0.099,-0.087,-0.067,-0.029
2024-02-20,-0.095,-0.099,-0.098,-0.098,-0.1,-0.104,-0.075,-0.059,-0.004
2024-02-21,-0.095,-0.105,-0.102,-0.104,-0.105,-0.108,-0.073,-0.051,0.008
2024-02-22,-0.097,-0.105,-0.103,-0.104,-0.108,-0.11,-0.071,-0.047,0.008
2024-02-26,-0.092,-0.1,-0.098,-0.101,-0.104,-0.105,-0.066,-0.041,0.01
2024-02-27,-0.1,-0.103,-0.099,-0.1,-0.102,-0.1,-0.062,-0.037,0.011
2024-02-28,-0.1,-0.109,-0.099,-0.099,-0.1,-0.1,-0.059,-0.036,0.012
2024-02-29,-0.1,-0.106,-0.1,-0.099,-0.1,-0.099,-0.055,-0.033,0.012
2024-03-01,-0.099,-0.1,-0.099,-0.099,-0.1,-0.099,-0.053,-0.033,0.012
2024-03-04,-0.098,-0.102,-0.1,-0.102,-0.103,-0.102,-0.052,-0.029,0.015
2024-03-05,-0.098,-0.102,-0.1,-0.103,-0.103,-0.102,-0.047,-0.028,0.016
2024-03-06,-0.098,-0.105,-0.1,-0.1,-0.099,-0.097,-0.04,-0.017,0.018
2024-03-07,-0.098,-0.106,-0.101,-0.101,-0.094,-0.087,-0.036,-0.006,0.024
2024-03-08,-0.099,-0.104,-0.098,-0.096,-0.09,-0.083,-0.022,0.008,0.031
2024-03-11,-0.099,-0.106,-0.098,-0.094,-0.088,-0.082,-0.021,0.018,0.035
2024-03-12,-0.104,-0.115,-0.099,-0.093,-0.086,-0.077,-0.014,0.021,0.042
2024-03-13,-0.099,-0.11,-0.094,-0.084,-0.075,-0.062,-0.008,0.024,0.046
2024-03-14,-0.098,-0.088,-0.069,-0.06,-0.055,-0.04,0.0,0.03,0.057
2024-03-15,-0.086,-0.061,-0.045,-0.035,-0.027,-0.014,0.021,0.043,0.07
2024-03-18,-0.085,-0.083,-0.029,-0.023,-0.011,-0.001,0.033,0.059,0.089
2024-03-19,-0.181,-0.045,0.0,-0.011,-0.002,0.004,0.04,0.067,0.1
2024-03-21,-0.101,0.029,0.012,-0.016,0.004,0.019,0.044,0.074,0.104
2024-03-22,-0.024,0.004,-0.028,-0.035,-0.007,0.008,0.043,0.075,0.106
2024-03-25,0.007,0.0,-0.04,-0.023,-0.007,0.004,0.042,0.074,0.103
2024-03-26,0.028,0.025,-0.013,-0.002,0.007,0.019,0.043,0.074,0.103
2024-03-27,0.006,0.01,-0.017,0.003,0.011,0.022,0.043,0.074,0.103
2024-03-28,0.029,0.005,-0.001,0.011,0.017,0.028,0.045,0.074,0.103
2024-03-29,-0.029,0.01,0.013,0.018,0.028,0.033,0.049,0.074,0.103
2024-04-01,0.013,0.01,0.016,0.023,0.03,0.038,0.051,0.074,0.103
2024-04-02,0.008,0.009,0.017,0.023,0.027,0.033,0.051,0.074,0.103
2024-04-03,0.019,0.014,0.02,0.025,0.027,0.031,0.051,0.074,0.104
2024-04-04,0.036,0.045,0.03,0.029,0.031,0.036,0.053,0.075,0.104
2024-04-05,0.048,0.054,0.039,0.037,0.037,0.036,0.053,0.075,0.104
2024-04-08,0.048,0.042,0.036,0.036,0.037,0.035,0.053,0.074,0.104
2024-04-09,0.017,0.032,0.037,0.034,0.035,0.034,0.052,0.074,0.104
2024-04-10,0.061,0.048,0.039,0.038,0.038,0.037,0.05,0.077,0.107
2024-04-11,0.051,0.055,0.044,0.043,0.043,0.04,0.053,0.077,0.108
2024-04-12,0.065,0.079,0.053,0.051,0.051,0.049,0.055,0.077,0.108
2024-04-15,0.065,0.062,0.053,0.051,0.05,0.045,0.051,0.076,0.107
2024-04-16,0.044,0.041,0.046,0.047,0.045,0.039,0.05,0.075,0.106
2024-04-17,0.036,0.019,0.032,0.035,0.037,0.032,0.051,0.075,0.111
2024-04-18,0.026,0.015,0.028,0.031,0.029,0.026,0.051,0.075,0.113
2024-04-19,0.033,0.043,0.031,0.031,0.031,0.03,0.051,0.075,0.11
2024-04-22,0.054,0.068,0.042,0.038,0.036,0.034,0.051,0.075,0.109
2024-04-23,0.06,0.068,0.041,0.041,0.038,0.037,0.052,0.075,0.109
2024-04-24,0.057,0.031,0.035,0.036,0.035,0.033,0.051,0.075,0.109
2024-04-25,0.004,0.013,0.029,0.031,0.033,0.034,0.051,0.075,0.109
2024-04-26,0.021,0.012,0.027,0.031,0.033,0.033,0.052,0.075,0.109
2024-04-30,0.001,0.008,0.025,0.031,0.031,0.033,0.051,0.075,0.113
2024-05-01,0.073,0.045,0.034,0.034,0.034,0.037,0.051,0.076,0.114
2024-05-02,0.068,0.075,0.049,0.043,0.043,0.044,0.051,0.076,0.115
2024-05-07,0.072,0.069,0.052,0.048,0.048,0.049,0.053,0.075,0.115
2024-05-08,0.072,0.073,0.058,0.051,0.049,0.05,0.055,0.075,0.115
2024-05-09,0.071,0.076,0.059,0.051,0.049,0.05,0.056,0.076,0.117
2024-05-10,0.09,0.094,0.074,0.067,0.061,0.057,0.061,0.081,0.121
2024-05-13,0.079,0.079,0.068,0.062,0.059,0.058,0.063,0.085,0.125
2024-05-14,0.076,0.08,0.068,0.061,0.059,0.058,0.063,0.087,0.129
2024-05-15,0.08,0.076,0.07,0.062,0.061,0.059,0.066,0.092,0.141
2024-05-16,0.044,0.043,0.058,0.059,0.057,0.052,0.065,0.095,0.151
2024-05-17,0.075,0.081,0.063,0.06,0.059,0.057,0.072,0.094,0.156
2024-05-20,0.083,0.08,0.066,0.062,0.06,0.058,0.074,0.097,0.16
2024-05-21,0.042,0.045,0.058,0.057,0.057,0.057,0.075,0.098,0.167
2024-05-22,0.071,0.062,0.061,0.062,0.06,0.059,0.075,0.099,0.174
2024-05-23,0.082,0.073,0.064,0.061,0.061,0.06,0.076,0.099,0.178
2024-05-24,0.03,0.079,0.065,0.062,0.061,0.06,0.077,0.099,0.183
2024-05-27,0.06,0.048,0.06,0.06,0.06,0.059,0.079,0.107,0.189
2024-05-28,0.045,0.041,0.055,0.057,0.058,0.057,0.082,0.11,0.193
2024-05-29,0.047,0.051,0.057,0.058,0.058,0.058,0.083,0.117,0.195
2024-05-30,0.039,0.033,0.055,0.058,0.058,0.057,0.083,0.122,0.199
2024-05-31,0.018,0.071,0.056,0.058,0.057,0.057,0.085,0.127,0.2
2024-06-03,0.086,0.069,0.059,0.059,0.059,0.058,0.086,0.13,0.2
2024-06-04,0.072,0.066,0.06,0.059,0.059,0.059,0.087,0.133,0.2
2024-06-05,0.079,0.069,0.061,0.059,0.058,0.058,0.087,0.133,0.201
2024-06-06,0.079,0.056,0.059,0.058,0.058,0.058,0.086,0.133,0.2
2024-06-07,0.021,0.062,0.058,0.058,0.057,0.056,0.086,0.133,0.2
2024-06-10,0.08,0.043,0.051,0.052,0.052,0.051,0.087,0.134,0.2
2024-06-11,0.088,0.044,0.051,0.051,0.051,0.052,0.087,0.134,0.2
2024-06-12,0.077,0.047,0.052,0.052,0.051,0.052,0.087,0.135,0.201
2024-06-13,0.011,0.03,0.048,0.049,0.05,0.048,0.086,0.134,0.2
2024-06-14,0.037,0.032,0.043,0.043,0.044,0.041,0.086,0.135,0.2
2024-06-17,0.073,0.056,0.049,0.044,0.046,0.044,0.085,0.136,0.2
2024-06-18,0.072,0.045,0.045,0.044,0.045,0.042,0.083,0.137,0.2
2024-06-19,0.041,0.058,0.046,0.042,0.044,0.044,0.084,0.138,0.2
2024-06-20,0.068,0.076,0.049,0.044,0.046,0.05,0.083,0.138,0.2
2024-06-21,0.084,0.086,0.051,0.05,0.051,0.051,0.084,0.138,0.2
2024-06-24,0.084,0.086,0.051,0.053,0.052,0.052,0.083,0.138,0.2
2024-06-25,0.077,0.084,0.051,0.052,0.052,0.052,0.084,0.139,0.2
2024-06-26,0.082,0.052,0.05,0.052,0.052,0.052,0.084,0.139,0.2
2024-06-27,0.026,-0.061,0.027,0.038,0.044,0.047,0.084,0.139,0.2
2024-06-28,0.028,0.047,0.049,0.049,0.049,0.051,0.084,0.139,0.2
2024-07-01,0.076,0.061,0.053,0.051,0.051,0.051,0.084,0.139,0.2
2024-07-02,0.078,0.079,0.054,0.051,0.051,0.051,0.084,0.139,0.2
2024-07-03,0.047,0.051,0.051,0.051,0.051,0.051,0.084,0.139,0.2
2024-07-04,0.054,0.044,0.05,0.05,0.051,0.05,0.085,0.139,0.2
2024-07-05,0.051,0.067,0.052,0.051,0.052,0.051,0.086,0.139,0.2
2024-07-08,0.087,0.058,0.051,0.051,0.051,0.051,0.087,0.14,0.2
2024-07-09,0.054,0.069,0.054,0.052,0.053,0.053,0.088,0.142,0.2
2024-07-10,0.083,0.076,0.055,0.054,0.056,0.056,0.089,0.142,0.2
2024-07-11,0.079,0.053,0.053,0.053,0.054,0.055,0.088,0.142,0.2
2024-07-12,0.086,0.08,0.057,0.054,0.055,0.055,0.088,0.142,0.2
2024-07-16,0.081,0.052,0.056,0.055,0.055,0.056,0.089,0.142,0.2
2024-07-17,0.079,0.041,0.051,0.053,0.055,0.056,0.089,0.142,0.2
2024-07-18,0.033,-0.033,0.044,0.049,0.053,0.055,0.09,0.142,0.2
2024-07-19,0.037,0.07,0.052,0.052,0.054,0.058,0.089,0.143,0.2
2024-07-22,0.092,0.081,0.055,0.056,0.056,0.058,0.088,0.143,0.2
2024-07-23,0.073,0.062,0.054,0.054,0.057,0.059,0.088,0.143,0.202
2024-07-24,0.043,0.045,0.052,0.054,0.056,0.059,0.09,0.144,0.202
2024-07-25,0.065,0.033,0.049,0.056,0.058,0.069,0.096,0.147,0.207
2024-07-26,0.079,0.078,0.067,0.07,0.071,0.08,0.108,0.153,0.209
2024-07-29,0.081,0.074,0.074,0.077,0.079,0.09,0.115,0.155,0.211
2024-07-30,0.024,0.006,0.069,0.077,0.08,0.089,0.119,0.156,0.211
2024-07-31,-0.062,0.1,0.11,0.111,0.112,0.117,0.138,0.176,0.23
2024-08-01,0.166,0.2,0.186,0.186,0.187,0.189,0.202,0.244,0.317
2024-08-02,0.22,0.228,0.192,0.192,0.191,0.192,0.203,0.254,0.332
2024-08-05,0.051,0.147,0.162,0.171,0.179,0.184,0.201,0.254,0.329
2024-08-06,0.046,0.115,0.154,0.165,0.172,0.175,0.2,0.254,0.328
2024-08-07,0.213,0.151,0.154,0.164,0.172,0.176,0.201,0.254,0.326
2024-08-08,0.216,0.174,0.162,0.167,0.172,0.177,0.201,0.257,0.325
2024-08-09,0.182,0.233,0.175,0.172,0.175,0.178,0.201,0.255,0.321
2024-08-13,0.229,0.224,0.177,0.176,0.177,0.179,0.2,0.252,0.317
2024-08-14,0.224,0.23,0.18,0.181,0.179,0.18,0.2,0.252,0.315
2024-08-15,0.238,0.227,0.185,0.182,0.18,0.181,0.2,0.252,0.314
2024-08-16,0.233,0.23,0.186,0.184,0.183,0.184,0.201,0.253,0.314
2024-08-19,0.224,0.223,0.188,0.186,0.184,0.185,0.202,0.253,0.316
2024-08-20,0.242,0.24,0.19,0.188,0.187,0.188,0.204,0.254,0.317
2024-08-21,0.238,0.239,0.192,0.189,0.189,0.189,0.203,0.254,0.317
2024-08-22,0.232,0.229,0.196,0.193,0.191,0.191,0.204,0.254,0.318
2024-08-23,0.142,0.227,0.193,0.193,0.191,0.191,0.203,0.253,0.317
2024-08-26,0.239,0.214,0.193,0.193,0.19,0.19,0.204,0.253,0.316
2024-08-27,0.242,0.221,0.193,0.193,0.191,0.189,0.203,0.253,0.316
2024-08-28,0.243,0.196,0.182,0.184,0.186,0.186,0.203,0.253,0.316
2024-08-29,0.204,0.058,0.163,0.17,0.174,0.173,0.201,0.252,0.316
2024-08-30,0.173,0.23,0.187,0.187,0.185,0.185,0.201,0.252,0.316
2024-09-02,0.244,0.233,0.187,0.187,0.186,0.184,0.201,0.253,0.318
2024-09-03,0.24,0.237,0.191,0.189,0.187,0.184,0.201,0.253,0.318
2024-09-04,0.243,0.237,0.191,0.19,0.189,0.184,0.201,0.253,0.318
2024-09-05,0.246,0.239,0.193,0.193,0.192,0.192,0.201,0.253,0.318
2024-09-06,0.243,0.241,0.198,0.198,0.196,0.194,0.203,0.254,0.319
2024-09-09,0.248,0.236,0.2,0.2,0.197,0.195,0.204,0.253,0.318
2024-09-10,0.234,0.23,0.202,0.201,0.198,0.197,0.204,0.253,0.317
2024-09-11,0.251,0.235,0.203,0.201,0.197,0.198,0.205,0.251,0.317
2024-09-12,0.237,0.207,0.198,0.199,0.197,0.198,0.203,0.251,0.317
2024-09-13,0.244,0.243,0.201,0.198,0.197,0.198,0.203,0.251,0.317
2024-09-17,0.248,0.245,0.206,0.197,0.197,0.198,0.203,0.252,0.318
2024-09-18,0.243,0.239,0.205,0.197,0.198,0.198,0.202,0.252,0.318
2024-09-19,0.227,0.234,0.202,0.197,0.197,0.198,0.202,0.249,0.318
2024-09-20,0.244,0.235,0.201,0.197,0.198,0.198,0.204,0.252,0.318
2024-09-24,0.219,0.235,0.201,0.2,0.199,0.199,0.205,0.251,0.317
2024-09-25,0.243,0.229,0.2,0.2,0.199,0.199,0.205,0.251,0.317
2024-09-26,0.241,0.219,0.201,0.199,0.199,0.199,0.206,0.251,0.317
2024-09-27,0.244,0.208,0.199,0.198,0.198,0.199,0.207,0.249,0.317
2024-09-30,0.232,0.238,0.199,0.199,0.198,0.199,0.207,0.25,0.318
2024-10-01,0.242,0.239,0.202,0.2,0.2,0.2,0.207,0.252,0.318
2024-10-02,0.242,0.23,0.201,0.2,0.2,0.2,0.208,0.252,0.318
2024-10-03,0.242,0.234,0.2,0.2,0.2,0.2,0.208,0.252,0.318
2024-10-04,0.241,0.24,0.201,0.2,0.2,0.2,0.207,0.252,0.318
2024-10-07,0.233,0.233,0.201,0.2,0.2,0.201,0.209,0.251,0.317
2024-10-08,0.191,0.188,0.2,0.2,0.2,0.201,0.209,0.252,0.317
2024-10-09,0.197,0.23,0.2,0.2,0.2,0.201,0.209,0.252,0.317
2024-10-10,0.236,0.239,0.201,0.2,0.2,0.202,0.21,0.252,0.317
2024-10-11,0.248,0.245,0.201,0.202,0.201,0.202,0.21,0.252,0.317
2024-10-15,0.236,0.24,0.202,0.201,0.201,0.202,0.209,0.254,0.318
2024-10-16,0.24,0.239,0.201,0.201,0.201,0.202,0.209,0.255,0.32
2024-10-17,0.237,0.235,0.203,0.201,0.201,0.201,0.21,0.256,0.321
2024-10-18,0.232,0.239,0.201,0.201,0.201,0.202,0.209,0.257,0.321
2024-10-21,0.236,0.236,0.201,0.201,0.201,0.201,0.211,0.266,0.324
2024-10-22,0.229,0.232,0.204,0.202,0.202,0.203,0.212,0.274,0.327
2024-10-23,0.241,0.235,0.203,0.202,0.202,0.204,0.212,0.279,0.328
2024-10-24,0.239,0.23,0.202,0.203,0.202,0.204,0.212,0.276,0.328
2024-10-25,0.24,0.239,0.204,0.203,0.203,0.205,0.213,0.276,0.329
2024-10-28,0.24,0.236,0.204,0.203,0.203,0.206,0.213,0.278,0.33
2024-10-29,0.137,0.183,0.203,0.203,0.203,0.205,0.213,0.276,0.33
2024-10-30,0.174,0.143,0.189,0.201,0.202,0.202,0.214,0.278,0.329
2024-10-31,0.178,0.234,0.201,0.201,0.201,0.202,0.213,0.278,0.33
2024-11-01,0.241,0.24,0.203,0.203,0.202,0.204,0.23,0.289,0.339
2024-11-05,0.238,0.238,0.204,0.204,0.204,0.207,0.239,0.301,0.35
2024-11-06,0.24,0.233,0.204,0.204,0.204,0.207,0.241,0.302,0.356
2024-11-07,0.226,0.231,0.204,0.204,0.204,0.207,0.243,0.308,0.359
2024-11-08,0.164,0.235,0.204,0.204,0.204,0.208,0.246,0.309,0.36
2024-11-11,0.243,0.237,0.207,0.207,0.207,0.209,0.247,0.31,0.366
2024-11-12,0.215,0.228,0.207,0.207,0.207,0.208,0.251,0.314,0.375
2024-11-13,0.24,0.222,0.207,0.207,0.208,0.209,0.253,0.323,0.384
2024-11-14,0.192,0.204,0.206,0.206,0.207,0.208,0.254,0.335,0.39
2024-11-15,0.203,0.235,0.208,0.208,0.208,0.21,0.256,0.349,0.401
2024-11-18,0.24,0.234,0.208,0.208,0.208,0.212,0.269,0.352,0.406
2024-11-19,0.231,0.238,0.209,0.209,0.212,0.213,0.272,0.352,0.407
2024-11-20,0.231,0.238,0.211,0.211,0.212,0.214,0.274,0.352,0.411
2024-11-21,0.234,0.224,0.211,0.212,0.212,0.216,0.275,0.354,0.415
2024-11-22,0.223,0.238,0.212,0.212,0.212,0.216,0.273,0.357,0.418
2024-11-25,0.234,0.23,0.212,0.212,0.213,0.217,0.273,0.36,0.421
2024-11-26,0.176,0.152,0.203,0.206,0.209,0.216,0.286,0.362,0.425
2024-11-27,0.158,0.15,0.181,0.202,0.208,0.215,0.299,0.363,0.43
2024-11-28,0.197,0.145,0.171,0.2,0.208,0.216,0.304,0.365,0.442
2024-11-29,0.228,0.24,0.209,0.211,0.218,0.228,0.308,0.368,0.45
2024-12-02,0.234,0.24,0.211,0.212,0.224,0.252,0.324,0.38,0.456
2024-12-03,0.23,0.24,0.212,0.213,0.227,0.254,0.331,0.387,0.458
2024-12-04,0.237,0.24,0.212,0.213,0.227,0.254,0.333,0.386,0.459
2024-12-05,0.238,0.24,0.212,0.215,0.228,0.256,0.341,0.388,0.465
2024-12-06,0.245,0.244,0.214,0.22,0.237,0.262,0.346,0.39,0.472
2024-12-09,0.243,0.24,0.219,0.234,0.246,0.264,0.346,0.391,0.475
2024-12-10,0.243,0.247,0.226,0.237,0.246,0.254,0.348,0.391,0.48
2024-12-11,0.248,0.248,0.229,0.238,0.247,0.254,0.349,0.391,0.48
2024-12-12,0.237,0.243,0.231,0.238,0.242,0.249,0.35,0.394,0.486
2024-12-13,0.242,0.247,0.231,0.237,0.239,0.246,0.35,0.394,0.488
2024-12-16,0.239,0.243,0.231,0.233,0.236,0.241,0.35,0.396,0.489
2024-12-17,0.237,0.244,0.233,0.233,0.236,0.239,0.348,0.396,0.489
2024-12-18,0.242,0.245,0.23,0.23,0.233,0.236,0.348,0.397,0.489
2024-12-19,0.239,0.251,0.232,0.231,0.235,0.239,0.348,0.397,0.489
2024-12-20,0.234,0.242,0.229,0.228,0.228,0.233,0.331,0.397,0.49
2024-12-23,0.235,0.239,0.221,0.218,0.224,0.229,0.328,0.396,0.492
2024-12-24,0.244,0.238,0.203,0.209,0.218,0.223,0.324,0.396,0.492
2024-12-25,0.247,0.239,0.201,0.207,0.216,0.223,0.324,0.396,0.492
2024-12-26,0.241,0.238,0.201,0.206,0.214,0.223,0.323,0.396,0.492
2024-12-27,0.241,0.239,0.223,0.218,0.218,0.23,0.324,0.396,0.492
2024-12-30,0.244,0.245,0.223,0.223,0.224,0.235,0.325,0.397,0.494
2025-01-06,0.246,0.245,0.226,0.229,0.232,0.241,0.326,0.397,0.494
2025-01-07,0.243,0.25,0.231,0.233,0.234,0.246,0.325,0.397,0.494
2025-01-08,0.248,0.246,0.234,0.235,0.237,0.246,0.326,0.397,0.494
2025-01-09,0.24,0.246,0.236,0.237,0.24,0.247,0.325,0.397,0.494
2025-01-10,0.243,0.248,0.24,0.239,0.243,0.249,0.325,0.397,0.494
2025-01-14,0.244,0.245,0.24,0.241,0.247,0.255,0.33,0.397,0.496
2025-01-15,0.244,0.245,0.24,0.244,0.253,0.267,0.334,0.398,0.497
2025-01-16,0.241,0.244,0.241,0.255,0.269,0.291,0.349,0.41,0.5
2025-01-17,0.242,0.243,0.241,0.289,0.32,0.352,0.402,0.434,0.512
2025-01-20,0.248,0.244,0.255,0.304,0.334,0.369,0.41,0.445,0.52
2025-01-21,0.238,0.238,0.276,0.317,0.35,0.388,0.42,0.451,0.53
2025-01-22,0.236,0.222,0.292,0.327,0.36,0.393,0.427,0.456,0.538
2025-01-23,0.239,0.233,0.32,0.361,0.377,0.401,0.435,0.462,0.543
2025-01-24,0.232,0.399,0.402,0.412,0.417,0.423,0.446,0.466,0.548
2025-01-27,0.09,0.24,0.3,0.342,0.38,0.412,0.436,0.468,0.55
2025-01-28,0.056,0.073,0.198,0.286,0.339,0.38,0.428,0.468,0.55
2025-01-29,0.208,0.348,0.355,0.373,0.394,0.409,0.438,0.47,0.55
2025-01-30,0.293,0.147,0.276,0.343,0.382,0.403,0.436,0.472,0.55
2025-01-31,0.169,0.404,0.373,0.386,0.4,0.422,0.439,0.472,0.55
2025-02-03,0.474,0.431,0.422,0.422,0.424,0.428,0.442,0.474,0.551
2025-02-04,0.454,0.448,0.436,0.437,0.437,0.438,0.445,0.477,0.551
2025-02-05,0.46,0.449,0.434,0.435,0.436,0.434,0.447,0.479,0.551
2025-02-06,0.482,0.41,0.426,0.429,0.43,0.433,0.448,0.48,0.551
2025-02-07,0.381,0.445,0.426,0.429,0.431,0.429,0.448,0.48,0.551
2025-02-10,0.467,0.457,0.436,0.435,0.435,0.434,0.449,0.48,0.551
2025-02-12,0.407,0.449,0.439,0.436,0.434,0.434,0.45,0.48,0.552
2025-02-13,0.384,0.351,0.411,0.419,0.422,0.427,0.449,0.482,0.552
2025-02-14,0.307,0.431,0.419,0.421,0.422,0.424,0.449,0.482,0.554
2025-02-17,0.479,0.441,0.419,0.42,0.422,0.428,0.449,0.484,0.554
2025-02-18,0.459,0.448,0.421,0.423,0.421,0.423,0.449,0.486,0.554
2025-02-19,0.489,0.474,0.433,0.425,0.425,0.428,0.45,0.487,0.56
2025-02-20,0.495,0.486,0.44,0.431,0.432,0.431,0.451,0.488,0.562
2025-02-21,0.497,0.496,0.447,0.441,0.434,0.432,0.454,0.489,0.564
2025-02-25,0.492,0.491,0.445,0.441,0.439,0.435,0.457,0.489,0.577
2025-02-26,0.476,0.474,0.444,0.442,0.439,0.435,0.456,0.492,0.58
2025-02-27,0.478,0.439,0.441,0.439,0.437,0.434,0.458,0.493,0.586
2025-02-28,0.401,0.465,0.441,0.439,0.435,0.432,0.458,0.494,0.588
2025-03-03,0.482,0.477,0.443,0.439,0.436,0.433,0.456,0.494,0.593
2025-03-04,0.494,0.486,0.444,0.439,0.436,0.434,0.457,0.495,0.594
2025-03-05,0.486,0.48,0.447,0.446,0.443,0.437,0.458,0.497,0.594
2025-03-06,0.49,0.462,0.447,0.442,0.441,0.436,0.456,0.497,0.595
2025-03-07,0.483,0.482,0.45,0.443,0.442,0.436,0.457,0.497,0.595
2025-03-10,0.481,0.485,0.451,0.445,0.441,0.436,0.458,0.497,0.599
2025-03-11,0.491,0.478,0.45,0.444,0.44,0.437,0.458,0.497,0.6
2025-03-12,0.484,0.477,0.449,0.444,0.44,0.436,0.457,0.497,0.601
2025-03-13,0.493,0.478,0.449,0.444,0.438,0.436,0.457,0.498,0.601
2025-03-14,0.493,0.492,0.451,0.444,0.437,0.435,0.457,0.498,0.603
2025-03-17,0.491,0.486,0.45,0.436,0.436,0.434,0.457,0.499,0.604
2025-03-18,0.496,0.489,0.453,0.435,0.436,0.435,0.458,0.502,0.603
2025-03-19,0.491,0.493,0.455,0.441,0.439,0.437,0.458,0.502,0.604
2025-03-21,0.487,0.495,0.455,0.444,0.442,0.438,0.458,0.502,0.604
2025-03-24,0.484,0.49,0.451,0.448,0.446,0.442,0.46,0.502,0.604
2025-03-25,0.482,0.489,0.455,0.45,0.446,0.444,0.461,0.502,0.604
2025-03-26,0.484,0.486,0.453,0.45,0.448,0.447,0.461,0.502,0.604
2025-03-27,0.479,0.447,0.443,0.445,0.445,0.444,0.461,0.502,0.604
2025-03-28,0.481,0.301,0.425,0.436,0.442,0.441,0.461,0.504,0.604
2025-03-31,0.186,0.452,0.437,0.44,0.44,0.441,0.461,0.504,0.604
2025-04-01,0.495,0.481,0.445,0.443,0.442,0.442,0.462,0.504,0.604
2025-04-02,0.495,0.484,0.449,0.449,0.447,0.449,0.466,0.509,0.604
2025-04-03,0.493,0.485,0.45,0.451,0.451,0.452,0.47,0.512,0.604
2025-04-04,0.497,0.495,0.452,0.452,0.452,0.454,0.469,0.509,0.602
2025-04-07,0.497,0.492,0.457,0.455,0.454,0.452,0.468,0.495,0.589
2025-04-08,0.494,0.489,0.454,0.453,0.453,0.451,0.466,0.496,0.583
2025-04-09,0.489,0.468,0.452,0.45,0.449,0.444,0.457,0.494,0.579
2025-04-10,0.495,0.492,0.454,0.454,0.45,0.449,0.458,0.492,0.578
2025-04-11,0.494,0.495,0.455,0.457,0.452,0.449,0.459,0.49,0.576
2025-04-14,0.492,0.492,0.456,0.455,0.451,0.45,0.461,0.489,0.577
2025-04-15,0.483,0.488,0.457,0.456,0.453,0.452,0.462,0.489,0.574
2025-04-16,0.49,0.484,0.457,0.457,0.453,0.45,0.462,0.489,0.573
2025-04-17,0.496,0.485,0.458,0.457,0.453,0.451,0.461,0.487,0.573
2025-04-18,0.497,0.495,0.459,0.458,0.454,0.451,0.462,0.486,0.575
2025-04-21,0.496,0.492,0.46,0.459,0.456,0.453,0.464,0.488,0.576
2025-04-22,0.49,0.491,0.464,0.46,0.457,0.453,0.464,0.488,0.576
2025-04-23,0.491,0.488,0.462,0.456,0.455,0.453,0.464,0.488,0.575
2025-04-24,0.497,0.484,0.46,0.457,0.455,0.452,0.465,0.488,0.576
2025-04-25,0.494,0.483,0.459,0.457,0.455,0.453,0.466,0.49,0.577
2025-04-28,0.459,0.446,0.453,0.453,0.453,0.452,0.465,0.49,0.578
2025-04-30,0.272,0.408,0.429,0.432,0.446,0.451,0.464,0.49,0.577
2025-05-01,0.493,0.467,0.446,0.445,0.448,0.451,0.464,0.49,0.578
2025-05-02,0.493,0.485,0.454,0.454,0.452,0.454,0.465,0.489,0.576
2025-05-07,0.49,0.48,0.457,0.455,0.455,0.457,0.467,0.491,0.576
2025-05-08,0.478,0.474,0.46,0.457,0.457,0.457,0.467,0.491,0.576
2025-05-09,0.493,0.49,0.463,0.46,0.459,0.458,0.467,0.491,0.571
2025-05-12,0.487,0.489,0.466,0.463,0.46,0.46,0.465,0.492,0.57
2025-05-13,0.477,0.482,0.466,0.464,0.46,0.46,0.467,0.492,0.571
2025-05-14,0.487,0.484,0.466,0.464,0.462,0.461,0.468,0.494,0.573
2025-05-15,0.483,0.485,0.466,0.466,0.464,0.463,0.469,0.494,0.574
2025-05-16,0.496,0.492,0.469,0.466,0.466,0.465,0.469,0.494,0.573
2025-05-19,0.489,0.49,0.472,0.467,0.466,0.466,0.471,0.495,0.574
2025-05-20,0.497,0.493,0.473,0.469,0.468,0.468,0.474,0.496,0.573
2025-05-21,0.49,0.494,0.474,0.47,0.469,0.471,0.477,0.495,0.573
2025-05-22,0.49,0.491,0.475,0.472,0.471,0.471,0.479,0.496,0.573
2025-05-23,0.494,0.493,0.475,0.471,0.471,0.473,0.482,0.496,0.573
2025-05-26,0.492,0.491,0.476,0.474,0.472,0.473,0.481,0.497,0.573
2025-05-27,0.491,0.488,0.475,0.474,0.472,0.473,0.481,0.498,0.572
2025-05-28,0.495,0.488,0.476,0.474,0.472,0.473,0.481,0.499,0.572
2025-05-29,0.488,0.467,0.473,0.473,0.471,0.472,0.481,0.5,0.572
2025-05-30,0.496,0.491,0.477,0.474,0.472,0.473,0.482,0.5,0.572
2025-06-02,0.497,0.494,0.478,0.474,0.472,0.474,0.483,0.5,0.573
2025-06-03,0.497,0.494,0.479,0.477,0.474,0.475,0.484,0.5,0.572
2025-06-04,0.495,0.492,0.479,0.477,0.475,0.475,0.484,0.5,0.572
2025-06-05,0.487,0.48,0.478,0.478,0.475,0.475,0.483,0.5,0.572
2025-06-06,0.491,0.485,0.479,0.478,0.477,0.477,0.485,0.5,0.572
2025-06-09,0.493,0.49,0.479,0.478,0.477,0.477,0.487,0.5,0.572
2025-06-10,0.488,0.489,0.48,0.478,0.477,0.477,0.486,0.5,0.572
2025-06-11,0.494,0.489,0.48,0.478,0.477,0.477,0.487,0.5,0.572
2025-06-12,0.493,0.489,0.48,0.478,0.477,0.478,0.486,0.5,0.572
2025-06-13,0.493,0.49,0.48,0.478,0.477,0.477,0.485,0.5,0.572
2025-06-16,0.485,0.485,0.481,0.478,0.477,0.478,0.487,0.5,0.57
2025-06-17,0.493,0.483,0.481,0.479,0.477,0.478,0.487,0.5,0.57
2025-06-18,0.492,0.48,0.478,0.477,0.477,0.478,0.487,0.5,0.569
2025-06-19,0.482,0.487,0.481,0.478,0.478,0.478,0.485,0.5,0.569
2025-06-20,0.496,0.493,0.481,0.477,0.478,0.478,0.484,0.5,0.57
2025-06-23,0.491,0.492,0.478,0.476,0.476,0.477,0.485,0.5,0.571
2025-06-24,0.47,0.487,0.477,0.476,0.476,0.476,0.484,0.5,0.571
2025-06-25,0.49,0.485,0.476,0.476,0.476,0.477,0.484,0.5,0.571
2025-06-26,0.49,0.485,0.473,0.476,0.476,0.478,0.484,0.5,0.571
2025-06-27,0.491,0.483,0.475,0.475,0.476,0.477,0.484,0.5,0.571
2025-06-30,0.491,0.488,0.478,0.477,0.477,0.478,0.485,0.5,0.57
2025-07-01,0.482,0.491,0.479,0.479,0.479,0.48,0.485,0.5,0.57
2025-07-02,0.492,0.487,0.479,0.48,0.479,0.48,0.487,0.5,0.57
2025-07-03,0.494,0.49,0.481,0.48,0.48,0.48,0.486,0.5,0.57
2025-07-04,0.499,0.494,0.481,0.48,0.48,0.481,0.486,0.5,0.57
2025-07-07,0.486,0.491,0.481,0.48,0.481,0.481,0.486,0.5,0.571
2025-07-08,0.489,0.492,0.481,0.481,0.481,0.48,0.485,0.5,0.571
2025-07-09,0.489,0.489,0.48,0.48,0.481,0.48,0.485,0.5,0.571
2025-07-10,0.499,0.491,0.48,0.481,0.481,0.481,0.486,0.5,0.571
2025-07-11,0.492,0.492,0.481,0.481,0.481,0.481,0.486,0.5,0.571
2025-07-14,0.491,0.493,0.481,0.481,0.481,0.481,0.486,0.5,0.57
2025-07-15,0.489,0.489,0.481,0.481,0.481,0.481,0.487,0.5,0.57
2025-07-16,0.486,0.486,0.481,0.481,0.481,0.482,0.488,0.5,0.57
2025-07-17,0.486,0.483,0.48,0.48,0.48,0.48,0.487,0.5,0.571
2025-07-18,0.482,0.49,0.481,0.481,0.481,0.481,0.488,0.502,0.576
2025-07-22,0.491,0.49,0.482,0.481,0.481,0.481,0.487,0.502,0.58
2025-07-23,0.486,0.488,0.482,0.482,0.481,0.481,0.487,0.505,0.582
2025-07-24,0.487,0.485,0.481,0.481,0.481,0.481,0.49,0.511,0.595
2025-07-25,0.488,0.491,0.482,0.482,0.481,0.482,0.493,0.521,0.605
2025-07-28,0.487,0.488,0.481,0.481,0.481,0.481,0.496,0.526,0.608
2025-07-29,0.486,0.486,0.482,0.481,0.481,0.482,0.497,0.53,0.611
2025-07-30,0.488,0.451,0.479,0.481,0.481,0.481,0.497,0.531,0.611
2025-07-31,0.364,0.487,0.482,0.481,0.481,0.482,0.497,0.532,0.612
2025-08-01,0.496,0.492,0.482,0.482,0.481,0.483,0.499,0.531,0.611
2025-08-04,0.496,0.493,0.482,0.482,0.481,0.482,0.497,0.529,0.611
2025-08-05,0.49,0.492,0.482,0.482,0.481,0.483,0.497,0.529,0.609
2025-08-06,0.492,0.489,0.482,0.482,0.481,0.483,0.496,0.529,0.609
2025-08-07,0.491,0.484,0.482,0.482,0.481,0.483,0.496,0.529,0.609
2025-08-08,0.491,0.491,0.482,0.482,0.481,0.483,0.497,0.529,0.609
2025-08-12,0.49,0.49,0.482,0.482,0.482,0.484,0.497,0.53,0.609
2025-08-13,0.487,0.49,0.482,0.482,0.481,0.484,0.498,0.53,0.609
2025-08-14,0.487,0.488,0.482,0.482,0.482,0.484,0.499,0.53,0.609
2025-08-15,0.491,0.491,0.482,0.482,0.482,0.484,0.5,0.53,0.609
2025-08-18,0.487,0.49,0.482,0.482,0.482,0.484,0.503,0.532,0.612
2025-08-19,0.493,0.491,0.482,0.482,0.482,0.484,0.503,0.533,0.612
2025-08-20,0.492,0.491,0.483,0.482,0.482,0.485,0.506,0.535,0.618
2025-08-21,0.493,0.491,0.483,0.482,0.483,0.485,0.506,0.539,0.633
2025-08-22,0.491,0.495,0.483,0.483,0.483,0.486,0.511,0.543,0.644
2025-08-25,0.493,0.493,0.483,0.482,0.483,0.486,0.518,0.548,0.653
2025-08-26,0.488,0.49,0.483,0.483,0.483,0.487,0.52,0.549,0.656
2025-08-27,0.488,0.489,0.483,0.482,0.483,0.486,0.524,0.553,0.661
2025-08-28,0.486,0.432,0.468,0.478,0.481,0.485,0.528,0.564,0.667
2025-08-29,0.455,0.49,0.482,0.482,0.482,0.485,0.529,0.568,0.671
2025-09-01,0.489,0.491,0.482,0.482,0.482,0.485,0.531,0.568,0.672
2025-09-02,0.489,0.492,0.482,0.482,0.482,0.484,0.532,0.568,0.672
2025-09-03,0.488,0.488,0.482,0.482,0.482,0.484,0.531,0.568,0.671
2025-09-04,0.487,0.485,0.482,0.482,0.481,0.484,0.531,0.568,0.671
2025-09-05,0.49,0.491,0.482,0.482,0.481,0.484,0.53,0.568,0.672
2025-09-08,0.492,0.49,0.482,0.482,0.481,0.485,0.528,0.568,0.67
2025-09-09,0.486,0.489,0.482,0.482,0.481,0.485,0.526,0.568,0.669
2025-09-10,0.489,0.491,0.482,0.482,0.481,0.484,0.525,0.569,0.67
2025-09-11,0.489,0.489,0.482,0.482,0.481,0.483,0.524,0.571,0.673
2025-09-12,0.498,0.494,0.482,0.482,0.48,0.484,0.525,0.571,0.674
2025-09-16,0.492,0.495,0.482,0.482,0.48,0.482,0.524,0.57,0.675
2025-09-17,0.492,0.494,0.483,0.481,0.481,0.483,0.523,0.571,0.684
2025-09-18,0.493,0.491,0.482,0.481,0.481,0.483,0.523,0.571,0.689
2025-09-19,0.487,0.493,0.482,0.48,0.481,0.482,0.523,0.57,0.692
2025-09-22,0.488,0.492,0.48,0.479,0.481,0.481,0.532,0.576,0.697
2025-09-24,0.49,0.491,0.478,0.479,0.48,0.481,0.535,0.583,0.704
2025-09-25,0.491,0.49,0.474,0.478,0.479,0.481,0.543,0.586,0.707
2025-09-26,0.487,0.492,0.473,0.478,0.479,0.481,0.551,0.592,0.709
2025-09-29,0.489,0.38,0.468,0.476,0.479,0.48,0.552,0.594,0.711
2025-09-30,0.362,0.493,0.483,0.481,0.482,0.484,0.556,0.598,0.715
2025-10-01,0.494,0.493,0.483,0.482,0.482,0.484,0.565,0.608,0.719
2025-10-02,0.491,0.491,0.483,0.483,0.483,0.486,0.571,0.61,0.721
2025-10-03,0.491,0.494,0.483,0.482,0.482,0.486,0.581,0.62,0.723
2025-10-06,0.492,0.493,0.483,0.483,0.482,0.488,0.556,0.607,0.711
2025-10-07,0.489,0.492,0.483,0.483,0.482,0.49,0.552,0.606,0.71
2025-10-08,0.492,0.492,0.484,0.483,0.483,0.49,0.556,0.611,0.716
2025-10-09,0.492,0.494,0.485,0.483,0.483,0.492,0.554,0.612,0.716
2025-10-10,0.495,0.498,0.487,0.485,0.488,0.494,0.556,0.613,0.717
2025-10-14,0.496,0.498,0.488,0.487,0.489,0.494,0.551,0.612,0.716
2025-10-15,0.498,0.498,0.489,0.488,0.489,0.494,0.545,0.612,0.716
2025-10-16,0.494,0.497,0.489,0.488,0.489,0.495,0.547,0.613,0.716
2025-10-17,0.497,0.499,0.49,0.489,0.489,0.496,0.548,0.612,0.718
2025-10-20,0.499,0.499,0.491,0.492,0.491,0.497,0.55,0.614,0.72
2025-10-21,0.497,0.497,0.491,0.493,0.492,0.497,0.562,0.618,0.726
2025-10-22,0.496,0.495,0.491,0.492,0.492,0.496,0.557,0.618,0.728
2025-10-23,0.496,0.495,0.49,0.491,0.491,0.496,0.559,0.62,0.729
2025-10-24,0.498,0.498,0.491,0.492,0.491,0.496,0.559,0.626,0.73
2025-10-27,0.497,0.499,0.491,0.491,0.491,0.495,0.562,0.626,0.732
2025-10-28,0.494,0.496,0.491,0.491,0.491,0.495,0.562,0.626,0.734
2025-10-29,0.496,0.495,0.491,0.491,0.492,0.495,0.566,0.627,0.734
2025-10-30,0.496,0.481,0.491,0.491,0.491,0.495,0.571,0.632,0.737
2025-10-31,0.493,0.497,0.491,0.491,0.491,0.493,0.566,0.629,0.737
2025-11-04,0.496,0.496,0.491,0.491,0.491,0.492,0.568,0.629,0.738
2025-11-05,0.492,0.496,0.491,0.491,0.491,0.493,0.569,0.629,0.738
2025-11-06,0.494,0.495,0.491,0.491,0.491,0.493,0.572,0.632,0.738
2025-11-07,0.494,0.498,0.491,0.491,0.491,0.494,0.574,0.632,0.739
2025-11-10,0.497,0.498,0.491,0.491,0.491,0.494,0.572,0.631,0.738
2025-11-11,0.495,0.497,0.492,0.491,0.491,0.494,0.574,0.631,0.739
2025-11-12,0.496,0.495,0.492,0.491,0.491,0.494,0.575,0.632,0.742
2025-11-13,0.495,0.496,0.492,0.491,0.491,0.494,0.574,0.632,0.743
2025-11-14,0.496,0.498,0.492,0.491,0.491,0.494,0.574,0.632,0.743
2025-11-17,0.496,0.498,0.492,0.491,0.491,0.495,0.575,0.632,0.743
2025-11-18,0.494,0.498,0.492,0.491,0.491,0.495,0.576,0.632,0.743
2025-11-19,0.494,0.498,0.491,0.491,0.491,0.495,0.575,0.632,0.743
2025-11-20,0.502,0.501,0.493,0.492,0.492,0.495,0.577,0.635,0.743
2025-11-21,0.501,0.504,0.494,0.494,0.494,0.497,0.581,0.636,0.743
2025-11-25,0.498,0.502,0.495,0.494,0.494,0.497,0.583,0.642,0.745
2025-11-26,0.501,0.502,0.496,0.495,0.495,0.497,0.588,0.645,0.746
2025-11-27,0.5,0.495,0.494,0.494,0.494,0.501,0.594,0.646,0.747
2025-11-28,0.498,0.5,0.495,0.495,0.495,0.507,0.598,0.646,0.747
2025-12-01,0.501,0.501,0.496,0.496,0.497,0.523,0.614,0.657,0.75
2025-12-02,0.5,0.501,0.496,0.496,0.505,0.543,0.639,0.673,0.754
2025-12-03,0.499,0.501,0.496,0.496,0.509,0.562,0.646,0.684,0.76
2025-12-04,0.499,0.501,0.496,0.496,0.522,0.576,0.652,0.694,0.766
2025-12-05,0.5,0.502,0.497,0.497,0.531,0.59,0.663,0.705,0.775
2025-12-08,0.5,0.501,0.497,0.501,0.541,0.603,0.676,0.715,0.779
2025-12-09,0.498,0.502,0.497,0.507,0.55,0.611,0.678,0.721,0.779
2025-12-10,0.5,0.502,0.497,0.518,0.561,0.618,0.682,0.723,0.781
2025-12-11,0.5,0.502,0.497,0.534,0.572,0.624,0.686,0.723,0.781
2025-12-12,0.499,0.503,0.498,0.551,0.58,0.631,0.692,0.728,0.792
2025-12-15,0.499,0.502,0.502,0.57,0.594,0.649,0.696,0.736,0.804
2025-12-16,0.499,0.502,0.526,0.598,0.619,0.663,0.701,0.742,0.814
2025-12-17,0.5,0.501,0.546,0.621,0.644,0.676,0.702,0.745,0.818
2025-12-18,0.497,0.499,0.586,0.637,0.658,0.692,0.709,0.749,0.824
2025-12-19,0.497,0.687,0.696,0.694,0.699,0.709,0.723,0.752,0.837
2025-12-22,0.743,0.74,0.724,0.711,0.719,0.721,0.734,0.757,0.846
2025-12-23,0.735,0.738,0.719,0.709,0.717,0.722,0.733,0.759,0.853
2025-12-24,0.737,0.735,0.711,0.711,0.719,0.724,0.734,0.76,0.858
2025-12-25,0.744,0.743,0.716,0.716,0.723,0.727,0.735,0.761,0.863
2025-12-26,0.741,0.741,0.718,0.718,0.724,0.729,0.736,0.762,0.866
2025-12-29,0.739,0.737,0.729,0.728,0.729,0.733,0.739,0.762,0.872
2025-12-30,0.747,0.752,0.737,0.733,0.733,0.735,0.742,0.766,0.878
2026-01-05,0.742,0.75,0.739,0.736,0.736,0.738,0.744,0.772,0.881
2026-01-06,0.731,0.749,0.739,0.738,0.738,0.739,0.746,0.776,0.884
2026-01-07,0.746,0.745,0.74,0.739,0.739,0.74,0.746,0.78,0.885
2026-01-08,0.739,0.742,0.738,0.738,0.738,0.738,0.745,0.779,0.884
2026-01-09,0.743,0.75,0.739,0.738,0.738,0.739,0.745,0.781,0.885
2026-01-13,0.746,0.749,0.741,0.739,0.739,0.74,0.747,0.781,0.886
2026-01-14,0.74,0.75,0.74,0.739,0.739,0.74,0.745,0.78,0.886
2026-01-15,0.744,0.749,0.741,0.739,0.739,0.74,0.746,0.781,0.886
2026-01-16,0.743,0.75,0.742,0.74,0.74,0.741,0.748,0.787,0.891
2026-01-19,0.746,0.75,0.741,0.741,0.741,0.741,0.747,0.789,0.898
2026-01-20,0.741,0.75,0.742,0.742,0.742,0.742,0.749,0.795,0.907
2026-01-21,0.745,0.75,0.742,0.742,0.742,0.744,0.75,0.802,0.912
2026-01-22,0.746,0.75,0.742,0.742,0.742,0.744,0.752,0.804,0.915
2026-01-23,0.748,0.75,0.742,0.742,0.743,0.744,0.753,0.807,0.917
2026-01-26,0.744,0.75,0.743,0.743,0.743,0.746,0.756,0.816,0.926
2026-01-27,0.744,0.75,0.746,0.745,0.745,0.747,0.758,0.82,0.932
2026-01-28,0.741,0.746,0.745,0.744,0.745,0.747,0.76,0.821,0.935
2026-01-29,0.745,0.741,0.744,0.744,0.744,0.747,0.761,0.824,0.94
2026-01-30,0.738,0.75,0.746,0.745,0.746,0.747,0.761,0.825,0.941
2026-02-02,0.748,0.75,0.745,0.745,0.745,0.747,0.762,0.827,0.943
2026-02-03,0.742,0.747,0.746,0.746,0.746,0.747,0.766,0.828,0.945
2026-02-04,0.747,0.746,0.746,0.746,0.746,0.747,0.77,0.83,0.949
2026-02-05,0.744,0.749,0.746,0.746,0.746,0.748,0.771,0.834,0.953
2026-02-06,0.749,0.75,0.747,0.746,0.746,0.747,0.773,0.842,0.956
2026-02-09,0.748,0.75,0.747,0.747,0.747,0.748,0.783,0.851,0.965
2026-02-10,0.748,0.75,0.747,0.747,0.747,0.748,0.792,0.855,0.969
2026-02-12,0.742,0.749,0.747,0.747,0.747,0.748,0.794,0.861,0.97
2026-02-13,0.747,0.75,0.747,0.748,0.747,0.748,0.797,0.865,0.974
2026-02-16,0.743,0.75,0.746,0.746,0.746,0.747,0.794,0.867,0.979
2026-02-17,0.737,0.746,0.746,0.746,0.746,0.748,0.794,0.868,0.982
2026-02-18,0.743,0.746,0.746,0.746,0.746,0.748,0.793,0.87,0.984
2026-02-19,0.747,0.75,0.746,0.746,0.746,0.747,0.794,0.871,0.986
2026-02-20,0.747,0.75,0.746,0.746,0.746,0.748,0.794,0.872,0.988
2026-02-24,0.749,0.75,0.747,0.747,0.747,0.748,0.801,0.874,0.989
2026-02-25,0.747,0.75,0.747,0.747,0.747,0.748,0.803,0.874,0.989
2026-02-26,0.748,0.747,0.747,0.747,0.747,0.748,0.803,0.874,0.989
2026-02-27,0.748,0.75,0.747,0.747,0.747,0.748,0.805,0.878,0.99
2026-03-02,0.749,0.75,0.747,0.747,0.747,0.748,0.805,0.879,0.989
2026-03-03,0.748,0.75,0.747,0.747,0.747,0.748,0.805,0.88,0.99
2026-03-04,0.748,0.75,0.747,0.747,0.747,0.748,0.807,0.88,0.99
2026-03-05,0.749,0.75,0.747,0.747,0.747,0.748,0.807,0.88,0.99
2026-03-06,0.75,0.751,0.747,0.747,0.747,0.748,0.807,0.88,0.991
2026-03-09,0.75,0.751,0.748,0.747,0.747,0.749,0.808,0.879,0.992
2026-03-10,0.751,0.752,0.748,0.748,0.748,0.749,0.811,0.879,0.991
2026-03-11,0.75,0.752,0.748,0.748,0.748,0.749,0.813,0.879,0.992
2026-03-12,0.751,0.753,0.749,0.749,0.749,0.749,0.814,0.879,0.994
2026-03-13,0.751,0.753,0.749,0.749,0.749,0.749,0.815,0.88,0.995
2026-03-16,0.75,0.753,0.75,0.75,0.75,0.751,0.817,0.88,0.998
2026-03-17,0.75,0.753,0.75,0.75,0.75,0.75,0.819,0.882,1.001
2026-03-18,0.751,0.753,0.75,0.749,0.75,0.751,0.822,0.885,1.003
2026-03-19,0.749,0.755,0.75,0.75,0.75,0.75,0.832,0.887,1.005
2026-03-23,0.752,0.754,0.749,0.749,0.749,0.749,0.837,0.894,1.009
2026-03-24,0.749,0.75,0.749,0.749,0.749,0.749,0.841,0.898,1.014
2026-03-25,0.748,0.746,0.743,0.746,0.748,0.748,0.841,0.901,1.016
2026-03-26,0.747,0.745,0.741,0.745,0.745,0.745,0.846,0.901,1.017
2026-03-27,0.749,0.75,0.739,0.745,0.745,0.746,0.852,0.906,1.02
2026-03-30,0.748,0.746,0.744,0.747,0.747,0.747,0.857,0.908,1.023
2026-03-31,0.738,0.751,0.747,0.747,0.747,0.75,0.861,0.911,1.033
2026-04-01,0.748,0.752,0.747,0.747,0.747,0.752,0.865,0.915,1.039
2026-04-02,0.749,0.754,0.747,0.747,0.748,0.752,0.868,0.918,1.046
2026-04-03,0.75,0.754,0.748,0.748,0.749,0.757,0.878,0.924,1.055
2026-04-06,0.75,0.755,0.75,0.75,0.75,0.767,0.888,0.928,1.06
2026-04-07,0.749,0.755,0.75,0.75,0.75,0.777,0.894,0.935,1.066
2026-04-08,0.751,0.754,0.75,0.75,0.75,0.785,0.897,0.939,1.068
2026-04-09,0.752,0.755,0.75,0.75,0.751,0.791,0.9,0.943,1.072
2026-04-10,0.751,0.755,0.75,0.75,0.756,0.809,0.902,0.949,1.077
2026-04-13,0.75,0.754,0.75,0.75,0.762,0.814,0.902,0.952,1.085
2026-04-14,0.751,0.754,0.75,0.75,0.76,0.811,0.894,0.949,1.087
2026-04-15,0.751,0.753,0.75,0.75,0.763,0.803,0.889,0.949,1.087
2026-04-16,0.751,0.754,0.75,0.751,0.764,0.799,0.883,0.948,1.087
2026-04-17,0.751,0.755,0.75,0.75,0.764,0.795,0.871,0.947,1.087
2026-04-20,0.751,0.755,0.75,0.751,0.764,0.791,0.869,0.946,1.087
2026-04-21,0.751,0.755,0.75,0.751,0.759,0.777,0.848,0.942,1.084
2026-04-22,0.751,0.754,0.75,0.751,0.754,0.758,0.844,0.94,1.082
2026-04-23,0.75,0.752,0.75,0.75,0.752,0.754,0.84,0.939,1.082
2026-04-24,0.75,0.752,0.75,0.75,0.751,0.753,0.839,0.938,1.08
2026-04-27,0.751,0.752,0.75,0.75,0.75,0.75,0.839,0.938,1.082
2026-04-28,0.751,0.745,0.75,0.75,0.75,0.75,0.837,0.938,1.082
2026-04-30,0.75,0.751,0.75,0.75,0.75,0.75,0.84,0.938,1.086
2026-05-01,0.751,0.753,0.75,0.75,0.75,0.75,0.844,0.938,1.087
2026-05-07,0.748,0.754,0.75,0.75,0.75,0.75,0.849,0.938,1.088
2026-05-08,0.752,0.755,0.75,0.75,0.75,0.75,0.856,0.941,1.089
2026-05-11,0.745,0.754,0.75,0.75,0.75,0.75,0.857,0.943,1.091
2026-05-12,0.749,0.754,0.75,0.75,0.75,0.75,0.866,0.946,1.092
2026-05-13,0.75,0.754,0.75,0.75,0.75,0.75,0.867,0.947,1.092
2026-05-14,0.749,0.754,0.75,0.75,0.75,0.75,0.87,0.948,1.092
2026-05-15,0.751,0.754,0.75,0.75,0.75,0.75,0.882,0.95,1.093
2026-05-18,0.751,0.755,0.75,0.75,0.75,0.756,0.891,0.952,1.098
2026-05-19,0.751,0.755,0.75,0.75,0.75,0.764,0.893,0.954,1.104
2026-05-20,0.752,0.755,0.75,0.75,0.75,0.772,0.903,0.956,1.111
2026-05-21,0.75,0.755,0.75,0.75,0.75,0.787,0.909,0.96,1.113
2026-05-22,0.751,0.755,0.75,0.75,0.75,0.797,0.914,0.963,1.115
2026-05-25,0.751,0.754,0.75,0.75,0.75,0.805,0.918,0.966,1.118
2026-05-26,0.752,0.754,0.75,0.75,0.75,0.81,0.92,0.97,1.116
2026-05-27,0.752,0.754,0.75,0.75,0.75,0.813,0.921,0.971,1.116
2026-05-28,0.752,0.75,0.75,0.75,0.754,0.817,0.921,0.971,1.113
2026-05-29,0.752,0.755,0.75,0.75,0.764,0.824,0.922,0.973,1.115
2026-06-01,0.752,0.755,0.751,0.751,0.782,0.843,0.931,0.975,1.116
2026-06-02,0.751,0.755,0.752,0.752,0.791,0.855,0.933,0.976,1.118
2026-06-03,0.751,0.755,0.752,0.752,0.797,0.866,0.942,0.977,1.124
2026-06-04,0.751,0.755,0.752,0.769,0.822,0.889,0.951,0.982,1.132
2026-06-05,0.75,0.755,0.753,0.794,0.846,0.912,0.964,0.988,1.136
2026-06-08,0.752,0.754,0.754,0.824,0.871,0.92,0.968,0.992,1.14
2026-06-09,0.752,0.754,0.754,0.847,0.892,0.933,0.97,0.993,1.143
2026-06-10,0.751,0.754,0.778,0.878,0.914,0.949,0.976,0.998,1.142
2026-06-11,0.751,0.753,0.804,0.898,0.93,0.953,0.978,1,1.142
2026-06-12,0.752,0.755,0.903,0.937,0.956,0.975,0.983,1.004,1.142
2026-06-15,0.751,0.755,0.949,0.968,0.975,0.987,0.993,1.009,1.142
2026-06-16,0.735,0.998,0.998,0.998,0.998,0.999,0.999,1.026,1.15
2026-06-17,0.991,0.999,1,1,1,1,1,1.028,1.151
2026-06-18,0.998,1,1,1,1,1,1.001,1.031,1.151
2026-06-19,1.001,1.002,1,1,1,1,1.002,1.036,1.153
2026-06-22,0.997,1,1,1,1,1,1.002,1.041,1.154
2026-06-23,1,1,1,1,1,1.001,1.002,1.046,1.155
2026-06-24,0.999,1,1,1,1,1.001,1.004,1.048,1.156
2026-06-25,0.999,1,1,1,1,1,1.005,1.051,1.157
2026-06-26,1,1,1,1,1,1.001,1.004,1.053,1.159
2026-06-29,1,0.998,1,1,1,1.001,1.007,1.053,1.159
2026-06-30,0.998,1,1,1,1,1.001,1.007,1.054,1.159
2026-07-01,0.999,1,1,1,1,1,1.008,1.055,1.159
2026-07-02,0.998,1,1,1,1,1.001,1.008,1.056,1.16
2026-07-03,1,1,1,1,1,1.001,1.008,1.056,1.161
2026-07-06,1,1,1,1,1,1.002,1.008,1.057,1.162
2026-07-07,1,1,1,1,1,1.001,1.008,1.057,1.162
2026-07-08,1,1,1,1,1,1.002,1.008,1.057,1.162
2026-07-09,1,1,1,1,1,1.001,1.008,1.057,1.163
2026-07-10,1,1,1,1,1,1.001,1.008,1.057,1.163
2026-07-13,1,1,1,1,1,1.001,1.008,1.057,1.163
2026-07-14,1,1,1,1,1,1.001,1.008,1.058,1.163
2026-07-15,1,1,1,1,1,1,1.009,1.058,1.163
2026-07-16,1,1,1,1,1,1.001,1.009,1.058,1.163
2026-07-17,1,1,1,1,1,1,1.009,1.058,1.165
2026-07-21,1,1,1,1,1,1,1.009,1.059,1.168
2026-07-22,1,1,1,1,1,1,1.009,1.06,1.169
2026-07-23,0.994,1,1,1,1,1,1.013,1.068,1.185
2026-07-24,0.999,1,1,1,1,1,1.016,1.078,1.203
2026-07-27,0.994,1,1,1,1,1,1.02,1.081,1.21
2026-07-28,0.998,0.999,1,1,1,1,1.022,1.082,1.215
2026-07-29,0.998,0.998,1,1,1,1.001,1.025,1.084,1.217
2026-07-30,0.999,0.997,1,1,1,1.002,1.026,1.085,1.219
2026-07-31,1,1,1,1,1,1.002,1.029,1.087,1.227
2026-08-03,1,1,1,1,1,1.002,1.034,1.092,1.237
2026-08-04,1,1,1,1,1,1.002,1.051,1.105,1.247
2026-08-05,1,1,1,1,1,1.002,1.064,1.123,1.253
2026-08-06,1,1,1,1,1,1.002,1.073,1.139,1.26
2026-08-07,1,1,1,1,1,1.001,1.081,1.154,1.264
2026-08-10,0.999,1,1,1,1,1.002,1.091,1.169,1.269
2026-08-12,1,1,1,1,1,1.003,1.108,1.183,1.274
2026-08-13,1,1,1,1,1,1.001,1.113,1.193,1.298
2026-08-14,1,1,1,1,1,1.002,1.117,1.197,1.309
2026-08-17,1,1,1,1,1,1.001,1.131,1.2,1.318
2026-08-18,0.999,1,1,1,1,1.001,1.137,1.203,1.322
2026-08-19,1,1,1,1,1,1.002,1.143,1.206,1.344
2026-08-20,1,1,1,1,1,1.001,1.148,1.216,1.377
2026-08-21,1,1,1,1,1,1.002,1.15,1.222,1.401
2026-08-24,1,1,1,1,1,1.006,1.154,1.229,1.412
2026-08-25,1,1,1,1,1,1.013,1.16,1.238,1.42
2026-08-26,0.999,1,1,1,1,1.023,1.167,1.247,1.427
2026-08-27,1,1,1,1,1,1.032,1.173,1.253,1.436
2026-08-28,1,1,1,1,1,1.044,1.18,1.256,1.442
2026-08-31,1,1,1,1,1,1.05,1.184,1.26,1.449
2026-09-01,0.999,1,1,1,1,1.061,1.19,1.266,1.456
2026-09-02,1,1,1,1,1.001,1.074,1.197,1.271,1.468
2026-09-03,1,1,1,1,1.005,1.083,1.206,1.285,1.487
2026-09-04,1,1,1,1,1.029,1.1,1.212,1.301,1.496
2026-09-07,0.999,1,1,1,1.046,1.113,1.222,1.312,1.502
2026-09-08,1,1,1,1,1.062,1.126,1.234,1.324,1.51
2026-09-09,1.0,1.0,1.0,1.001,1.077,1.138,1.243,1.334,1.518
