rgam_id,AUC_RGAM_AUCTION_DATE,AUC_RGAM_BID_DEADLINE,AUC_RGAM_SETTLEMENT_DATE,AUC_RGAM_TERM_DAYS,AUC_RGAM_MATURITY_DATE,AUC_RGAM_AMOUNT,AUC_RGAM_AVG_YIELD,AUC_RGAM_LOW_YIELD,AUC_RGAM_HIGH_YIELD,AUC_RGAM_OFFER_AMOUNT,AUC_RGAM_COVERAGE
2024-02-21_14002024179,2024-02-21,9:15,2024-02-21,,,,,,,,
2024-02-21_14002024179-1,2024-02-21,9:15,2024-02-21,1,2024-02-22,2165.000,5.003,5.000,5.020,,
2024-02-21_14002024179-2,2024-02-21,9:15,2024-02-21,2,2024-02-23,660.000,5.000,5.000,5.000,,
2024-02-21_14002024179-3,2024-02-21,9:15,2024-02-21,5,2024-02-26,760.000,5.016,5.000,5.060,,
2024-02-22_14002024199,2024-02-22,9:15,2024-02-22,,,,,,,,
2024-02-22_14002024199-1,2024-02-22,9:15,2024-02-22,1,2024-02-23,900.000,5.001,5.000,5.010,,
2024-02-22_14002024199-2,2024-02-22,9:15,2024-02-22,4,2024-02-26,250.000,5.000,5.000,5.000,,
2024-02-22_14002024199-3,2024-02-22,9:15,2024-02-22,5,2024-02-27,750.000,5.000,5.000,5.000,,
2024-02-23_14002024180,2024-02-23,9:15,2024-02-23,,,,,,,,
2024-02-23_14002024180-1,2024-02-23,9:15,2024-02-23,3,2024-02-26,200.000,5.000,5.000,5.000,,
2024-02-23_14002024180-2,2024-02-23,9:15,2024-02-23,4,2024-02-27,0.000,,,,,
2024-02-23_14002024180-3,2024-02-23,9:15,2024-02-23,5,2024-02-28,500.000,5.000,5.000,5.000,,
2024-02-26_14002024200,2024-02-26,9:15,2024-02-26,,,,,,,,
2024-02-26_14002024200-1,2024-02-26,9:15,2024-02-26,1,2024-02-27,200.000,5.000,5.000,5.000,,
2024-02-26_14002024200-2,2024-02-26,9:15,2024-02-26,2,2024-02-28,0.000,,,,,
2024-02-26_14002024200-3,2024-02-26,9:15,2024-02-26,3,2024-02-29,525.000,5.000,5.000,5.000,,
2024-02-27_14002024201,2024-02-27,9:15,2024-02-27,,,,,,,,
2024-02-27_14002024201-1,2024-02-27,9:15,2024-02-27,1,2024-02-28,0.000,,,,,
2024-02-27_14002024201-2,2024-02-27,9:15,2024-02-27,2,2024-02-29,0.000,,,,,
2024-02-27_14002024201-3,2024-02-27,9:15,2024-02-27,3,2024-03-01,300.000,5.000,5.000,5.000,,
2024-02-28_14002024202,2024-02-28,9:15,2024-02-28,,,,,,,,
2024-02-28_14002024202-1,2024-02-28,9:15,2024-02-28,1,2024-02-29,0.000,,,,,
2024-02-28_14002024202-2,2024-02-28,9:15,2024-02-28,2,2024-03-01,0.000,,,,,
2024-02-28_14002024202-3,2024-02-28,9:15,2024-02-28,5,2024-03-04,500.000,5.000,5.000,5.000,,
2024-02-29_14002024181,2024-02-29,9:15,2024-02-29,,,,,,,,
2024-02-29_14002024181-1,2024-02-29,9:15,2024-02-29,1,2024-03-01,500.000,5.000,5.000,5.000,,
2024-02-29_14002024181-2,2024-02-29,9:15,2024-02-29,4,2024-03-04,0.000,,,,,
2024-02-29_14002024181-3,2024-02-29,9:15,2024-02-29,5,2024-03-05,500.000,5.000,5.000,5.000,,
2024-03-01_14002024182,2024-03-01,9:15,2024-03-01,,,,,,,,
2024-03-01_14002024182-1,2024-03-01,9:15,2024-03-01,3,2024-03-04,0.000,,,,,
2024-03-01_14002024182-2,2024-03-01,9:15,2024-03-01,4,2024-03-05,0.000,,,,,
2024-03-01_14002024182-3,2024-03-01,9:15,2024-03-01,5,2024-03-06,300.000,5.000,5.000,5.000,,
2024-03-04_14002024183,2024-03-04,9:15,2024-03-04,,,,,,,,
2024-03-04_14002024183-1,2024-03-04,9:15,2024-03-04,1,2024-03-05,0.000,,,,,
2024-03-04_14002024183-2,2024-03-04,9:15,2024-03-04,2,2024-03-06,0.000,,,,,
2024-03-04_14002024183-3,2024-03-04,9:15,2024-03-04,3,2024-03-07,500.000,5.000,5.000,5.000,,
2024-03-05_14002024184,2024-03-05,9:15,2024-03-05,,,,,,,,
2024-03-05_14002024184-1,2024-03-05,9:15,2024-03-05,1,2024-03-06,0.000,,,,,
2024-03-05_14002024184-2,2024-03-05,9:15,2024-03-05,2,2024-03-07,0.000,,,,,
2024-03-05_14002024184-3,2024-03-05,9:15,2024-03-05,3,2024-03-08,500.000,5.000,5.000,5.000,,
2024-03-06_14002024185,2024-03-06,10:00,2024-03-06,,,,,,,,
2024-03-06_14002024185-1,2024-03-06,10:00,2024-03-06,1,2024-03-07,0.000,,,,,
2024-03-06_14002024185-2,2024-03-06,10:00,2024-03-06,2,2024-03-08,184.000,5.000,5.000,5.000,,
2024-03-06_14002024185-3,2024-03-06,10:00,2024-03-06,5,2024-03-11,500.000,5.000,5.000,5.000,,
2024-03-07_14002024203,2024-03-07,9:15,2024-03-07,,,,,,,,
2024-03-07_14002024203-1,2024-03-07,9:15,2024-03-07,1,2024-03-08,500.000,5.000,5.000,5.000,,
2024-03-07_14002024203-2,2024-03-07,9:15,2024-03-07,4,2024-03-11,0.000,,,,,
2024-03-07_14002024203-3,2024-03-07,9:15,2024-03-07,5,2024-03-12,750.000,5.000,5.000,5.000,,
2024-03-08_14002024204,2024-03-08,9:15,2024-03-08,,,,,,,,
2024-03-08_14002024204-1,2024-03-08,9:15,2024-03-08,3,2024-03-11,0.000,,,,,
2024-03-08_14002024204-2,2024-03-08,9:15,2024-03-08,4,2024-03-12,0.000,,,,,
2024-03-08_14002024204-3,2024-03-08,9:15,2024-03-08,5,2024-03-13,500.000,5.000,5.000,5.000,,
2024-03-11_14002024186,2024-03-11,9:15,2024-03-11,,,,,,,,
2024-03-11_14002024186-1,2024-03-11,9:15,2024-03-11,1,2024-03-12,253.000,5.000,5.000,5.000,,
2024-03-11_14002024186-2,2024-03-11,9:15,2024-03-11,2,2024-03-13,0.000,,,,,
2024-03-11_14002024186-3,2024-03-11,9:15,2024-03-11,3,2024-03-14,500.000,5.000,5.000,5.000,,
2024-03-12_14002024187,2024-03-12,9:15,2024-03-12,,,,,,,,
2024-03-12_14002024187-1,2024-03-12,9:15,2024-03-12,1,2024-03-13,0.000,,,,,
2024-03-12_14002024187-2,2024-03-12,9:15,2024-03-12,2,2024-03-14,0.000,,,,,
2024-03-12_14002024187-3,2024-03-12,9:15,2024-03-12,3,2024-03-15,1000.000,5.000,5.000,5.000,,
2024-03-13_14002024205,2024-03-13,9:15,2024-03-13,,,,,,,,
2024-03-13_14002024205-1,2024-03-13,9:15,2024-03-13,1,2024-03-14,0.000,,,,,
2024-03-13_14002024205-2,2024-03-13,9:15,2024-03-13,2,2024-03-15,250.000,5.000,5.000,5.000,,
2024-03-13_14002024205-3,2024-03-13,9:15,2024-03-13,5,2024-03-18,500.000,5.000,5.000,5.000,,
2024-03-14_14002024188,2024-03-14,9:15,2024-03-14,,,,,,,,
2024-03-14_14002024188-1,2024-03-14,9:15,2024-03-14,1,2024-03-15,65.000,5.000,5.000,5.000,,
2024-03-14_14002024188-2,2024-03-14,9:15,2024-03-14,4,2024-03-18,0.000,,,,,
2024-03-14_14002024188-3,2024-03-14,9:15,2024-03-14,5,2024-03-19,500.000,5.000,5.000,5.000,,
2024-03-15_14002024206,2024-03-15,9:15,2024-03-15,,,,,,,,
2024-03-15_14002024206-1,2024-03-15,9:15,2024-03-15,3,2024-03-18,150.000,5.000,5.000,5.000,,
2024-03-15_14002024206-2,2024-03-15,9:15,2024-03-15,4,2024-03-19,0.000,,,,,
2024-03-15_14002024206-3,2024-03-15,9:15,2024-03-15,5,2024-03-20,650.000,5.000,5.000,5.000,,
2024-03-18_14002024579,2024-03-18,9:15,2024-03-18,,,,,,,,
2024-03-18_14002024579-1,2024-03-18,9:15,2024-03-18,1,2024-03-19,300.000,5.000,5.000,5.000,,
2024-03-18_14002024579-2,2024-03-18,9:15,2024-03-18,2,2024-03-20,0.000,,,,,
2024-03-18_14002024579-3,2024-03-18,9:15,2024-03-18,3,2024-03-21,500.000,5.000,5.000,5.000,,
2024-03-19_14002024979,2024-03-19,9:15,2024-03-19,,,,,,,,
2024-03-19_14002024979-1,2024-03-19,9:15,2024-03-19,1,2024-03-20,1500.000,5.000,5.000,5.000,,
2024-03-19_14002024979-2,2024-03-19,9:15,2024-03-19,2,2024-03-21,1000.000,5.000,5.000,5.000,,
2024-03-19_14002024979-3,2024-03-19,9:15,2024-03-19,3,2024-03-22,1000.000,5.000,5.000,5.000,,
2024-03-20_14002024980,2024-03-20,9:15,2024-03-20,,,,,,,,
2024-03-20_14002024980-1,2024-03-20,9:15,2024-03-20,1,2024-03-21,1050.000,5.000,5.000,5.000,,
2024-03-20_14002024980-2,2024-03-20,9:15,2024-03-20,2,2024-03-22,50.000,5.000,5.000,5.000,,
2024-03-20_14002024980-3,2024-03-20,9:15,2024-03-20,5,2024-03-25,1000.000,5.000,5.000,5.000,,
2024-03-21_14002024981,2024-03-21,9:15,2024-03-21,,,,,,,,
2024-03-21_14002024981-1,2024-03-21,9:15,2024-03-21,1,2024-03-22,500.000,5.000,5.000,5.000,,
2024-03-21_14002024981-2,2024-03-21,9:15,2024-03-21,4,2024-03-25,500.000,5.000,5.000,5.000,,
2024-03-21_14002024981-3,2024-03-21,9:15,2024-03-21,5,2024-03-26,900.000,5.000,5.000,5.000,,
2024-03-22_14002024982,2024-03-22,9:15,2024-03-22,,,,,,,,
2024-03-22_14002024982-1,2024-03-22,9:15,2024-03-22,3,2024-03-25,100.000,5.000,5.000,5.000,,
2024-03-22_14002024982-2,2024-03-22,9:15,2024-03-22,4,2024-03-26,0.000,,,,,
2024-03-22_14002024982-3,2024-03-22,9:15,2024-03-22,5,2024-03-27,500.000,5.000,5.000,5.000,,
2024-03-25_14002024983,2024-03-25,9:15,2024-03-25,,,,,,,,
2024-03-25_14002024983-1,2024-03-25,9:15,2024-03-25,1,2024-03-26,250.000,5.000,5.000,5.000,,
2024-03-25_14002024983-2,2024-03-25,9:15,2024-03-25,2,2024-03-27,0.000,,,,,
2024-03-25_14002024983-3,2024-03-25,9:15,2024-03-25,3,2024-03-28,895.000,5.000,5.000,5.000,,
2024-03-26_14002024984,2024-03-26,9:15,2024-03-26,,,,,,,,
2024-03-26_14002024984-1,2024-03-26,9:15,2024-03-26,1,2024-03-27,50.000,5.000,5.000,5.000,,
2024-03-26_14002024984-2,2024-03-26,9:15,2024-03-26,2,2024-03-28,0.000,,,,,
2024-03-26_14002024984-3,2024-03-26,9:15,2024-03-26,6,2024-04-01,1000.000,5.010,5.010,5.010,,
2024-03-27_14002025379,2024-03-27,9:15,2024-03-27,,,,,,,,
2024-03-27_14002025379-1,2024-03-27,9:15,2024-03-27,1,2024-03-28,50.000,5.000,5.000,5.000,,
2024-03-27_14002025379-2,2024-03-27,9:15,2024-03-27,5,2024-04-01,2000.000,5.005,5.000,5.010,,
2024-03-28_14002024985,2024-03-28,9:15,2024-03-28,,,,,,,,
2024-03-28_14002024985-1,2024-03-28,9:15,2024-03-28,4,2024-04-01,5000.000,5.045,5.040,5.050,,
2024-04-01_14002025380,2024-04-01,9:15,2024-04-01,,,,,,,,
2024-04-01_14002025380-1,2024-04-01,9:15,2024-04-01,1,2024-04-02,500.000,5.000,5.000,5.000,,
2024-04-01_14002025380-2,2024-04-01,9:15,2024-04-01,2,2024-04-03,640.000,5.000,5.000,5.000,,
2024-04-01_14002025380-3,2024-04-01,9:15,2024-04-01,3,2024-04-04,1000.000,5.000,5.000,5.000,,
2024-04-02_14002025381,2024-04-02,9:15,2024-04-02,,,,,,,,
2024-04-02_14002025381-1,2024-04-02,9:15,2024-04-02,1,2024-04-03,640.000,5.000,5.000,5.000,,
2024-04-02_14002025381-2,2024-04-02,9:15,2024-04-02,2,2024-04-04,0.000,,,,,
2024-04-02_14002025381-3,2024-04-02,9:15,2024-04-02,3,2024-04-05,1000.000,5.000,5.000,5.000,,
2024-04-03_14002025382,2024-04-03,9:15,2024-04-03,,,,,,,,
2024-04-03_14002025382-1,2024-04-03,9:15,2024-04-03,1,2024-04-04,0.000,,,,,
2024-04-03_14002025382-2,2024-04-03,9:15,2024-04-03,2,2024-04-05,150.000,5.000,5.000,5.000,,
2024-04-03_14002025382-3,2024-04-03,9:15,2024-04-03,5,2024-04-08,550.000,5.000,5.000,5.000,,
2024-04-04_14002024986,2024-04-04,9:15,2024-04-04,,,,,,,,
2024-04-04_14002024986-1,2024-04-04,9:15,2024-04-04,1,2024-04-05,0.000,,,,,
2024-04-04_14002024986-2,2024-04-04,9:15,2024-04-04,4,2024-04-08,0.000,,,,,
2024-04-04_14002024986-3,2024-04-04,9:15,2024-04-04,5,2024-04-09,645.000,5.000,5.000,5.000,,
2024-04-05_14002025383,2024-04-05,9:15,2024-04-05,,,,,,,,
2024-04-05_14002025383-1,2024-04-05,9:15,2024-04-05,3,2024-04-08,0.000,,,,,
2024-04-05_14002025383-2,2024-04-05,9:15,2024-04-05,4,2024-04-09,0.000,,,,,
2024-04-05_14002025383-3,2024-04-05,9:15,2024-04-05,5,2024-04-10,650.000,5.000,5.000,5.000,,
2024-04-08_14002025384,2024-04-08,9:15,2024-04-08,,,,,,,,
2024-04-08_14002025384-1,2024-04-08,9:15,2024-04-08,1,2024-04-09,0.000,,,,,
2024-04-08_14002025384-2,2024-04-08,9:15,2024-04-08,2,2024-04-10,0.000,,,,,
2024-04-08_14002025384-3,2024-04-08,9:15,2024-04-08,3,2024-04-11,50.000,5.000,5.000,5.000,,
2024-04-09_14002025779,2024-04-09,9:15,2024-04-09,,,,,,,,
2024-04-09_14002025779-1,2024-04-09,9:15,2024-04-09,1,2024-04-10,0.000,,,,,
2024-04-09_14002025779-2,2024-04-09,9:15,2024-04-09,2,2024-04-11,0.000,,,,,
2024-04-09_14002025779-3,2024-04-09,9:15,2024-04-09,3,2024-04-12,545.000,5.000,5.000,5.000,,
2024-04-10_14002025780,2024-04-10,10:00,2024-04-10,,,,,,,,
2024-04-10_14002025780-1,2024-04-10,10:00,2024-04-10,1,2024-04-11,0.000,,,,,
2024-04-10_14002025780-2,2024-04-10,10:00,2024-04-10,2,2024-04-12,0.000,,,,,
2024-04-10_14002025780-3,2024-04-10,10:00,2024-04-10,5,2024-04-15,150.000,5.000,5.000,5.000,,
2024-04-11_14002025781,2024-04-11,9:15,2024-04-11,,,,,,,,
2024-04-11_14002025781-1,2024-04-11,9:15,2024-04-11,1,2024-04-12,0.000,,,,,
2024-04-11_14002025781-2,2024-04-11,9:15,2024-04-11,4,2024-04-15,0.000,,,,,
2024-04-11_14002025781-3,2024-04-11,9:15,2024-04-11,5,2024-04-16,50.000,5.000,5.000,5.000,,
2024-04-12_14002025799,2024-04-12,9:15,2024-04-12,,,,,,,,
2024-04-12_14002025799-1,2024-04-12,9:15,2024-04-12,3,2024-04-15,0.000,,,,,
2024-04-12_14002025799-2,2024-04-12,9:15,2024-04-12,4,2024-04-16,0.000,,,,,
2024-04-12_14002025799-3,2024-04-12,9:15,2024-04-12,5,2024-04-17,145.000,5.000,5.000,5.000,,
2024-04-15_14002025800,2024-04-15,9:15,2024-04-15,,,,,,,,
2024-04-15_14002025800-1,2024-04-15,9:15,2024-04-15,1,2024-04-16,0.000,,,,,
2024-04-15_14002025800-2,2024-04-15,9:15,2024-04-15,2,2024-04-17,0.000,,,,,
2024-04-15_14002025800-3,2024-04-15,9:15,2024-04-15,3,2024-04-18,150.000,5.000,5.000,5.000,,
2024-04-16_14002026179,2024-04-16,9:15,2024-04-16,,,,,,,,
2024-04-16_14002026179-1,2024-04-16,9:15,2024-04-16,1,2024-04-17,3000.000,5.003,5.000,5.010,,
2024-04-16_14002026179-2,2024-04-16,9:15,2024-04-16,2,2024-04-18,1000.000,5.000,5.000,5.000,,
2024-04-16_14002026179-3,2024-04-16,9:15,2024-04-16,3,2024-04-19,1000.000,5.010,5.010,5.010,,
2024-04-17_14002026579,2024-04-17,9:15,2024-04-17,,,,,,,,
2024-04-17_14002026579-1,2024-04-17,9:15,2024-04-17,1,2024-04-18,1200.000,5.000,5.000,5.000,,
2024-04-17_14002026579-2,2024-04-17,9:15,2024-04-17,2,2024-04-19,145.000,5.010,5.010,5.010,,
2024-04-17_14002026579-3,2024-04-17,9:15,2024-04-17,5,2024-04-22,1000.000,5.001,5.000,5.010,,
2024-04-18_14002026580,2024-04-18,9:15,2024-04-18,,,,,,,,
2024-04-18_14002026580-1,2024-04-18,9:15,2024-04-18,1,2024-04-19,540.000,5.000,5.000,5.000,,
2024-04-18_14002026580-2,2024-04-18,9:15,2024-04-18,4,2024-04-22,0.000,,,,,
2024-04-18_14002026580-3,2024-04-18,9:15,2024-04-18,5,2024-04-23,650.000,5.000,5.000,5.000,,
2024-04-19_14002026180,2024-04-19,9:15,2024-04-19,,,,,,,,
2024-04-19_14002026180-1,2024-04-19,9:15,2024-04-19,3,2024-04-22,100.000,5.000,5.000,5.000,,
2024-04-19_14002026180-2,2024-04-19,9:15,2024-04-19,4,2024-04-23,0.000,,,,,
2024-04-19_14002026180-3,2024-04-19,9:15,2024-04-19,5,2024-04-24,145.000,5.000,5.000,5.000,,
2024-04-22_14002026581,2024-04-22,9:15,2024-04-22,,,,,,,,
2024-04-22_14002026581-1,2024-04-22,9:15,2024-04-22,1,2024-04-23,0.000,,,,,
2024-04-22_14002026581-2,2024-04-22,9:15,2024-04-22,2,2024-04-24,200.000,5.000,5.000,5.000,,
2024-04-22_14002026581-3,2024-04-22,9:15,2024-04-22,3,2024-04-25,1000.000,5.000,5.000,5.000,,
2024-04-23_14002026181,2024-04-23,9:15,2024-04-23,,,,,,,,
2024-04-23_14002026181-1,2024-04-23,9:15,2024-04-23,1,2024-04-24,200.000,5.000,5.000,5.000,,
2024-04-23_14002026181-2,2024-04-23,9:15,2024-04-23,2,2024-04-25,150.000,5.000,5.000,5.000,,
2024-04-23_14002026181-3,2024-04-23,9:15,2024-04-23,3,2024-04-26,150.000,5.000,5.000,5.000,,
2024-04-24_14002026182,2024-04-24,9:15,2024-04-24,,,,,,,,
2024-04-24_14002026182-1,2024-04-24,9:15,2024-04-24,1,2024-04-25,0.000,,,,,
2024-04-24_14002026182-2,2024-04-24,9:15,2024-04-24,2,2024-04-26,545.000,5.000,5.000,5.000,,
2024-04-24_14002026182-3,2024-04-24,9:15,2024-04-24,5,2024-04-29,0.000,,,,,
2024-04-25_14002026582,2024-04-25,9:15,2024-04-25,,,,,,,,
2024-04-25_14002026582-1,2024-04-25,9:15,2024-04-25,1,2024-04-26,0.000,,,,,
2024-04-25_14002026582-2,2024-04-25,9:15,2024-04-25,4,2024-04-29,150.000,5.000,5.000,5.000,,
2024-04-25_14002026582-3,2024-04-25,9:15,2024-04-25,5,2024-04-30,700.000,5.000,5.000,5.000,,
2024-04-26_14002026183,2024-04-26,9:15,2024-04-26,,,,,,,,
2024-04-26_14002026183-1,2024-04-26,9:15,2024-04-26,3,2024-04-29,0.000,,,,,
2024-04-26_14002026183-2,2024-04-26,9:15,2024-04-26,4,2024-04-30,145.000,5.000,5.000,5.000,,
2024-04-26_14002026183-3,2024-04-26,9:15,2024-04-26,5,2024-05-01,1000.000,5.010,5.010,5.010,,
2024-04-29_14002026184,2024-04-29,9:15,2024-04-29,,,,,,,,
2024-04-29_14002026184-1,2024-04-29,9:15,2024-04-29,1,2024-04-30,300.000,5.000,5.000,5.000,,
2024-04-29_14002026184-2,2024-04-29,9:15,2024-04-29,2,2024-05-01,2000.000,5.015,5.010,5.020,,
2024-04-30_14002026979,2024-04-30,9:15,2024-04-30,,,,,,,,
2024-04-30_14002026979-1,2024-04-30,9:15,2024-04-30,1,2024-05-01,0.000,,,,,
2024-05-01_14002026980,2024-05-01,9:15,2024-05-01,,,,,,,,
2024-05-01_14002026980-1,2024-05-01,9:15,2024-05-01,1,2024-05-02,125.000,5.000,5.000,5.000,,
2024-05-01_14002026980-2,2024-05-01,9:15,2024-05-01,2,2024-05-03,145.000,5.000,5.000,5.000,,
2024-05-01_14002026980-3,2024-05-01,9:15,2024-05-01,5,2024-05-06,150.000,5.000,5.000,5.000,,
2024-05-02_14002026981,2024-05-02,9:15,2024-05-02,,,,,,,,
2024-05-02_14002026981-1,2024-05-02,9:15,2024-05-02,1,2024-05-03,0.000,,,,,
2024-05-02_14002026981-2,2024-05-02,9:15,2024-05-02,4,2024-05-06,0.000,,,,,
2024-05-02_14002026981-3,2024-05-02,9:15,2024-05-02,5,2024-05-07,50.000,5.000,5.000,5.000,,
2024-05-03_14002026999,2024-05-03,9:15,2024-05-03,,,,,,,,
2024-05-03_14002026999-1,2024-05-03,9:15,2024-05-03,3,2024-05-06,0.000,,,,,
2024-05-03_14002026999-2,2024-05-03,9:15,2024-05-03,4,2024-05-07,1000.000,5.000,5.000,5.000,,
2024-05-03_14002026999-3,2024-05-03,9:15,2024-05-03,5,2024-05-08,1000.000,5.000,5.000,5.000,,
2024-05-06_14002026982,2024-05-06,9:15,2024-05-06,,,,,,,,
2024-05-06_14002026982-1,2024-05-06,9:15,2024-05-06,1,2024-05-07,100.000,5.000,5.000,5.000,,
2024-05-06_14002026982-2,2024-05-06,9:15,2024-05-06,2,2024-05-08,0.000,,,,,
2024-05-06_14002026982-3,2024-05-06,9:15,2024-05-06,3,2024-05-09,0.000,,,,,
2024-05-07_14002027019,2024-05-07,9:15,2024-05-07,,,,,,,,
2024-05-07_14002027019-1,2024-05-07,9:15,2024-05-07,1,2024-05-08,0.000,,,,,
2024-05-07_14002027019-2,2024-05-07,9:15,2024-05-07,2,2024-05-09,150.000,5.000,5.000,5.000,,
2024-05-07_14002027019-3,2024-05-07,9:15,2024-05-07,3,2024-05-10,200.000,5.000,5.000,5.000,,
2024-05-08_14002027039,2024-05-08,9:15,2024-05-08,,,,,,,,
2024-05-08_14002027039-1,2024-05-08,9:15,2024-05-08,1,2024-05-09,0.000,,,,,
2024-05-08_14002027039-2,2024-05-08,9:15,2024-05-08,2,2024-05-10,0.000,,,,,
2024-05-08_14002027039-3,2024-05-08,9:15,2024-05-08,5,2024-05-13,295.000,5.000,5.000,5.000,,
2024-05-09_14002027040,2024-05-09,9:15,2024-05-09,,,,,,,,
2024-05-09_14002027040-1,2024-05-09,9:15,2024-05-09,1,2024-05-10,0.000,,,,,
2024-05-09_14002027040-2,2024-05-09,9:15,2024-05-09,4,2024-05-13,0.000,,,,,
2024-05-09_14002027040-3,2024-05-09,9:15,2024-05-09,5,2024-05-14,150.000,5.000,5.000,5.000,,
2024-05-10_14002027041,2024-05-10,9:15,2024-05-10,,,,,,,,
2024-05-10_14002027041-1,2024-05-10,9:15,2024-05-10,3,2024-05-13,0.000,,,,,
2024-05-10_14002027041-2,2024-05-10,9:15,2024-05-10,4,2024-05-14,0.000,,,,,
2024-05-10_14002027041-3,2024-05-10,9:15,2024-05-10,5,2024-05-15,50.000,5.000,5.000,5.000,,
2024-05-13_14002027020,2024-05-13,9:15,2024-05-13,,,,,,,,
2024-05-13_14002027020-1,2024-05-13,9:15,2024-05-13,1,2024-05-14,0.000,,,,,
2024-05-13_14002027020-2,2024-05-13,9:15,2024-05-13,2,2024-05-15,500.000,5.000,5.000,5.000,,
2024-05-13_14002027020-3,2024-05-13,9:15,2024-05-13,3,2024-05-16,145.000,5.000,5.000,5.000,,
2024-05-14_14002027042,2024-05-14,9:15,2024-05-14,,,,,,,,
2024-05-14_14002027042-1,2024-05-14,9:15,2024-05-14,1,2024-05-15,250.000,5.000,5.000,5.000,,
2024-05-14_14002027042-2,2024-05-14,9:15,2024-05-14,2,2024-05-16,0.000,,,,,
2024-05-14_14002027042-3,2024-05-14,9:15,2024-05-14,3,2024-05-17,150.000,5.000,5.000,5.000,,
2024-05-15_14002027419,2024-05-15,9:15,2024-05-15,,,,,,,,
2024-05-15_14002027419-1,2024-05-15,9:15,2024-05-15,1,2024-05-16,0.000,,,,,
2024-05-15_14002027419-2,2024-05-15,9:15,2024-05-15,2,2024-05-17,0.000,,,,,
2024-05-15_14002027419-3,2024-05-15,9:15,2024-05-15,6,2024-05-21,1000.000,5.000,5.000,5.000,,
2024-05-16_14002027420,2024-05-16,9:15,2024-05-16,,,,,,,,
2024-05-16_14002027420-1,2024-05-16,9:15,2024-05-16,1,2024-05-17,200.000,5.000,5.000,5.000,,
2024-05-16_14002027420-2,2024-05-16,9:15,2024-05-16,5,2024-05-21,145.000,5.000,5.000,5.000,,
2024-05-16_14002027420-3,2024-05-16,9:15,2024-05-16,6,2024-05-22,0.000,,,,,
2024-05-17_14002027421,2024-05-17,9:15,2024-05-17,,,,,,,,
2024-05-17_14002027421-1,2024-05-17,9:15,2024-05-17,4,2024-05-21,2000.000,5.000,5.000,5.000,,
2024-05-17_14002027421-2,2024-05-17,9:15,2024-05-17,5,2024-05-22,150.000,5.000,5.000,5.000,,
2024-05-17_14002027421-3,2024-05-17,9:15,2024-05-17,6,2024-05-23,0.000,,,,,
2024-05-21_14002027043,2024-05-21,9:15,2024-05-21,,,,,,,,
2024-05-21_14002027043-1,2024-05-21,9:15,2024-05-21,1,2024-05-22,0.000,,,,,
2024-05-21_14002027043-2,2024-05-21,9:15,2024-05-21,2,2024-05-23,145.000,5.000,5.000,5.000,,
2024-05-21_14002027043-3,2024-05-21,9:15,2024-05-21,3,2024-05-24,350.000,5.000,5.000,5.000,,
2024-05-22_14002027044,2024-05-22,9:15,2024-05-22,,,,,,,,
2024-05-22_14002027044-1,2024-05-22,9:15,2024-05-22,1,2024-05-23,0.000,,,,,
2024-05-22_14002027044-2,2024-05-22,9:15,2024-05-22,2,2024-05-24,0.000,,,,,
2024-05-22_14002027044-3,2024-05-22,9:15,2024-05-22,5,2024-05-27,400.000,5.000,5.000,5.000,,
2024-05-23_14002027045,2024-05-23,9:15,2024-05-23,,,,,,,,
2024-05-23_14002027045-1,2024-05-23,9:15,2024-05-23,1,2024-05-24,0.000,,,,,
2024-05-23_14002027045-2,2024-05-23,9:15,2024-05-23,4,2024-05-27,0.000,,,,,
2024-05-23_14002027045-3,2024-05-23,9:15,2024-05-23,5,2024-05-28,145.000,5.000,5.000,5.000,,
2024-05-24_14002027046,2024-05-24,9:15,2024-05-24,,,,,,,,
2024-05-24_14002027046-1,2024-05-24,9:15,2024-05-24,3,2024-05-27,0.000,,,,,
2024-05-24_14002027046-2,2024-05-24,9:15,2024-05-24,4,2024-05-28,0.000,,,,,
2024-05-24_14002027046-3,2024-05-24,9:15,2024-05-24,5,2024-05-29,50.000,5.000,5.000,5.000,,
2024-05-27_14002027422,2024-05-27,9:15,2024-05-27,,,,,,,,
2024-05-27_14002027422-1,2024-05-27,9:15,2024-05-27,1,2024-05-28,0.000,,,,,
2024-05-27_14002027422-2,2024-05-27,9:15,2024-05-27,2,2024-05-29,450.000,5.000,5.000,5.000,,
2024-05-27_14002027422-3,2024-05-27,9:15,2024-05-27,3,2024-05-30,150.000,5.000,5.000,5.000,,
2024-05-28_14002027047,2024-05-28,9:15,2024-05-28,,,,,,,,
2024-05-28_14002027047-1,2024-05-28,9:15,2024-05-28,1,2024-05-29,300.000,5.000,5.000,5.000,,
2024-05-28_14002027047-2,2024-05-28,9:15,2024-05-28,2,2024-05-30,0.000,,,,,
2024-05-28_14002027047-3,2024-05-28,9:15,2024-05-28,3,2024-05-31,145.000,5.000,5.000,5.000,,
2024-05-29_14002027048,2024-05-29,9:15,2024-05-29,,,,,,,,
2024-05-29_14002027048-1,2024-05-29,9:15,2024-05-29,1,2024-05-30,0.000,,,,,
2024-05-29_14002027048-2,2024-05-29,9:15,2024-05-29,2,2024-05-31,50.000,5.000,5.000,5.000,,
2024-05-29_14002027048-3,2024-05-29,9:15,2024-05-29,5,2024-06-03,1000.000,5.000,5.000,5.000,,
2024-05-30_14002027423,2024-05-30,9:15,2024-05-30,,,,,,,,
2024-05-30_14002027423-1,2024-05-30,9:15,2024-05-30,1,2024-05-31,300.000,5.000,5.000,5.000,,
2024-05-30_14002027423-2,2024-05-30,9:15,2024-05-30,4,2024-06-03,1000.000,5.000,5.000,5.000,,
2024-05-31_14002027049,2024-05-31,9:15,2024-05-31,,,,,,,,
2024-05-31_14002027049-1,2024-05-31,9:15,2024-05-31,3,2024-06-03,350.000,5.000,5.000,5.000,,
2024-06-03_14002027424,2024-06-03,9:15,2024-06-03,,,,,,,,
2024-06-03_14002027424-1,2024-06-03,9:15,2024-06-03,1,2024-06-04,2350.000,5.000,5.000,5.000,,
2024-06-04_14002027819,2024-06-04,9:15,2024-06-04,,,,,,,,
2024-06-04_14002027819-1,2024-06-04,9:15,2024-06-04,1,2024-06-05,150.000,5.000,5.000,5.000,,
2024-06-04_14002027819-2,2024-06-04,9:15,2024-06-04,2,2024-06-06,1000.000,5.000,5.000,5.000,,
2024-06-04_14002027819-3,2024-06-04,9:15,2024-06-04,3,2024-06-07,1000.000,4.940,4.943,5.000,,
2024-06-05_14002027839,2024-06-05,10:00,2024-06-05,,,,,,,,
2024-06-05_14002027839-1,2024-06-05,10:00,2024-06-05,1,2024-06-06,10000.000,5.000,5.017,5.040,,
2024-06-05_14002027839-2,2024-06-05,10:00,2024-06-05,2,2024-06-07,1000.000,4.880,4.880,4.880,,
2024-06-05_14002027839-3,2024-06-05,10:00,2024-06-05,5,2024-06-10,1000.000,4.800,4.800,4.800,,
2024-06-06_14002027840,2024-06-06,9:15,2024-06-06,,,,,,,,
2024-06-06_14002027840-1,2024-06-06,9:15,2024-06-06,1,2024-06-07,3000.000,4.757,4.750,4.760,,
2024-06-06_14002027840-2,2024-06-06,9:15,2024-06-06,4,2024-06-10,1000.000,4.760,4.760,4.760,,
2024-06-06_14002027840-3,2024-06-06,9:15,2024-06-06,5,2024-06-11,1000.000,4.760,4.760,4.760,,
2024-06-07_14002027820,2024-06-07,9:15,2024-06-07,,,,,,,,
2024-06-07_14002027820-1,2024-06-07,9:15,2024-06-07,3,2024-06-10,3000.000,4.754,4.750,4.760,,
2024-06-07_14002027820-2,2024-06-07,9:15,2024-06-07,4,2024-06-11,1000.000,4.751,4.750,4.760,,
2024-06-07_14002027820-3,2024-06-07,9:15,2024-06-07,5,2024-06-12,1000.000,4.751,4.750,4.760,,
2024-06-10_14002028219,2024-06-10,9:15,2024-06-10,,,,,,,,
2024-06-10_14002028219-1,2024-06-10,9:15,2024-06-10,1,2024-06-11,3000.000,4.760,4.760,4.760,,
2024-06-10_14002028219-2,2024-06-10,9:15,2024-06-10,2,2024-06-12,1000.000,4.750,4.750,4.750,,
2024-06-10_14002028219-3,2024-06-10,9:15,2024-06-10,3,2024-06-13,1000.000,4.752,4.750,4.760,,
2024-06-11_14002028239,2024-06-11,9:15,2024-06-11,,,,,,,,
2024-06-11_14002028239-1,2024-06-11,9:15,2024-06-11,1,2024-06-12,90.000,4.770,4.770,4.770,,
2024-06-11_14002028239-2,2024-06-11,9:15,2024-06-11,2,2024-06-13,100.000,4.750,4.750,4.750,,
2024-06-11_14002028239-3,2024-06-11,9:15,2024-06-11,3,2024-06-14,1000.000,4.751,4.750,4.760,,
2024-06-12_14002028240,2024-06-12,9:15,2024-06-12,,,,,,,,
2024-06-12_14002028240-1,2024-06-12,9:15,2024-06-12,1,2024-06-13,0.000,,,,,
2024-06-12_14002028240-2,2024-06-12,9:15,2024-06-12,2,2024-06-14,250.000,4.750,4.750,4.750,,
2024-06-12_14002028240-3,2024-06-12,9:15,2024-06-12,5,2024-06-17,1000.000,4.760,4.760,4.760,,
2024-06-13_14002028241,2024-06-13,9:15,2024-06-13,,,,,,,,
2024-06-13_14002028241-1,2024-06-13,9:15,2024-06-13,1,2024-06-14,150.000,4.750,4.750,4.750,,
2024-06-13_14002028241-2,2024-06-13,9:15,2024-06-13,4,2024-06-17,0.000,,,,,
2024-06-13_14002028241-3,2024-06-13,9:15,2024-06-13,5,2024-06-18,0.000,,,,,
2024-06-14_14002028220,2024-06-14,9:15,2024-06-14,,,,,,,,
2024-06-14_14002028220-1,2024-06-14,9:15,2024-06-14,3,2024-06-17,0.000,,,,,
2024-06-14_14002028220-2,2024-06-14,9:15,2024-06-14,4,2024-06-18,650.000,4.750,4.750,4.750,,
2024-06-14_14002028220-3,2024-06-14,9:15,2024-06-14,5,2024-06-19,950.000,4.750,4.750,4.750,,
2024-06-17_14002028221,2024-06-17,9:15,2024-06-17,,,,,,,,
2024-06-17_14002028221-1,2024-06-17,9:15,2024-06-17,1,2024-06-18,3000.000,4.760,4.760,4.760,,
2024-06-17_14002028221-2,2024-06-17,9:15,2024-06-17,2,2024-06-19,1000.000,4.770,4.770,4.770,,
2024-06-17_14002028221-3,2024-06-17,9:15,2024-06-17,3,2024-06-20,1000.000,4.770,4.770,4.770,,
2024-06-18_14002028222,2024-06-18,9:15,2024-06-18,,,,,,,,
2024-06-18_14002028222-1,2024-06-18,9:15,2024-06-18,1,2024-06-19,4000.000,4.763,4.760,4.770,,
2024-06-18_14002028222-2,2024-06-18,9:15,2024-06-18,2,2024-06-20,2000.000,4.770,4.770,4.770,,
2024-06-18_14002028222-3,2024-06-18,9:15,2024-06-18,3,2024-06-21,2000.000,4.770,4.770,4.770,,
2024-06-19_14002028223,2024-06-19,9:15,2024-06-19,,,,,,,,
2024-06-19_14002028223-1,2024-06-19,9:15,2024-06-19,1,2024-06-20,10000.000,4.756,4.750,4.770,,
2024-06-19_14002028223-2,2024-06-19,9:15,2024-06-19,2,2024-06-21,1000.000,4.755,4.750,4.760,,
2024-06-19_14002028223-3,2024-06-19,9:15,2024-06-19,5,2024-06-24,1000.000,4.762,4.750,4.780,,
2024-06-20_14002028224,2024-06-20,9:15,2024-06-20,,,,,,,,
2024-06-20_14002028224-1,2024-06-20,9:15,2024-06-20,1,2024-06-21,2850.000,4.752,4.750,4.760,,
2024-06-20_14002028224-2,2024-06-20,9:15,2024-06-20,4,2024-06-24,2000.000,4.780,4.780,4.780,,
2024-06-20_14002028224-3,2024-06-20,9:15,2024-06-20,5,2024-06-25,2000.000,4.780,4.780,4.780,,
2024-06-21_14002028243,2024-06-21,9:15,2024-06-21,,,,,,,,
2024-06-21_14002028243-1,2024-06-21,9:15,2024-06-21,3,2024-06-24,3750.000,4.750,4.750,4.750,,
2024-06-21_14002028243-2,2024-06-21,9:15,2024-06-21,4,2024-06-25,0.000,,,,,
2024-06-21_14002028243-3,2024-06-21,9:15,2024-06-21,5,2024-06-26,2000.000,4.771,4.770,4.780,,
2024-06-24_14002028225,2024-06-24,9:15,2024-06-24,,,,,,,,
2024-06-24_14002028225-1,2024-06-24,9:15,2024-06-24,1,2024-06-25,4000.000,4.750,4.750,4.750,,
2024-06-24_14002028225-2,2024-06-24,9:15,2024-06-24,2,2024-06-26,2000.000,4.755,4.750,4.760,,
2024-06-24_14002028225-3,2024-06-24,9:15,2024-06-24,3,2024-06-27,2000.000,4.770,4.770,4.770,,
2024-06-25_14002028226,2024-06-25,9:15,2024-06-25,,,,,,,,
2024-06-25_14002028226-1,2024-06-25,9:15,2024-06-25,1,2024-06-26,4000.000,4.755,4.750,4.760,,
2024-06-25_14002028226-2,2024-06-25,9:15,2024-06-25,2,2024-06-27,2000.000,4.755,4.750,4.760,,
2024-06-25_14002028226-3,2024-06-25,9:15,2024-06-25,3,2024-06-28,2000.000,4.771,4.770,4.780,,
2024-06-26_14002028244,2024-06-26,9:15,2024-06-26,,,,,,,,
2024-06-26_14002028244-1,2024-06-26,9:15,2024-06-26,1,2024-06-27,3050.000,4.750,4.750,4.770,,
2024-06-26_14002028244-2,2024-06-26,9:15,2024-06-26,2,2024-06-28,3000.000,4.752,4.750,4.780,,
2024-06-26_14002028244-3,2024-06-26,9:15,2024-06-26,6,2024-07-02,3000.000,4.780,4.780,4.780,,
2024-06-27_14002028245,2024-06-27,9:15,2024-06-27,,,,,,,,
2024-06-27_14002028245-1,2024-06-27,9:15,2024-06-27,1,2024-06-28,50.000,4.750,4.750,4.750,,
2024-06-27_14002028245-2,2024-06-27,9:15,2024-06-27,5,2024-07-02,3000.000,4.780,4.780,4.780,,
2024-06-27_14002028245-3,2024-06-27,9:15,2024-06-27,6,2024-07-03,2800.000,4.770,4.750,4.780,,
2024-06-28_14002028639,2024-06-28,9:15,2024-06-28,,,,,,,,
2024-06-28_14002028639-1,2024-06-28,9:15,2024-06-28,4,2024-07-02,1250.000,4.758,4.750,4.760,,
2024-07-02_14002029039,2024-07-02,9:15,2024-07-02,,,,,,,,
2024-07-02_14002029039-1,2024-07-02,9:15,2024-07-02,1,2024-07-03,3000.000,4.761,4.760,4.780,,
2024-07-02_14002029039-2,2024-07-02,9:15,2024-07-02,2,2024-07-04,1000.000,4.780,4.780,4.780,,
2024-07-02_14002029039-3,2024-07-02,9:15,2024-07-02,3,2024-07-05,1000.000,4.780,4.780,4.780,,
2024-07-03_14002028640,2024-07-03,9:15,2024-07-03,,,,,,,,
2024-07-03_14002028640-1,2024-07-03,9:15,2024-07-03,1,2024-07-04,10000.000,4.770,4.760,4.780,,
2024-07-03_14002028640-2,2024-07-03,9:15,2024-07-03,2,2024-07-05,1000.000,4.760,4.760,4.760,,
2024-07-03_14002028640-3,2024-07-03,9:15,2024-07-03,5,2024-07-08,1000.000,4.780,4.780,4.780,,
2024-07-04_14002028641,2024-07-04,9:15,2024-07-04,,,,,,,,
2024-07-04_14002028641-1,2024-07-04,9:15,2024-07-04,1,2024-07-05,5000.000,4.776,4.770,4.780,,
2024-07-04_14002028641-2,2024-07-04,9:15,2024-07-04,4,2024-07-08,2150.000,4.766,4.760,4.780,,
2024-07-04_14002028641-3,2024-07-04,9:15,2024-07-04,5,2024-07-09,3000.000,4.771,4.770,4.780,,
2024-07-05_14002028642,2024-07-05,9:15,2024-07-05,,,,,,,,
2024-07-05_14002028642-1,2024-07-05,9:15,2024-07-05,3,2024-07-08,7200.000,4.774,4.770,4.780,,
2024-07-05_14002028642-2,2024-07-05,9:15,2024-07-05,4,2024-07-09,2000.000,4.760,4.760,4.760,,
2024-07-05_14002028642-3,2024-07-05,9:15,2024-07-05,5,2024-07-10,3000.000,4.770,4.770,4.770,,
2024-07-08_14002028643,2024-07-08,9:15,2024-07-08,,,,,,,,
2024-07-08_14002028643-1,2024-07-08,9:15,2024-07-08,1,2024-07-09,3700.000,4.765,4.750,4.770,,
2024-07-08_14002028643-2,2024-07-08,9:15,2024-07-08,2,2024-07-10,1000.000,4.760,4.760,4.760,,
2024-07-08_14002028643-3,2024-07-08,9:15,2024-07-08,3,2024-07-11,2150.000,4.771,4.760,4.780,,
2024-07-09_14002029040,2024-07-09,9:15,2024-07-09,,,,,,,,
2024-07-09_14002029040-1,2024-07-09,9:15,2024-07-09,1,2024-07-10,2800.000,4.756,4.750,4.770,,
2024-07-09_14002029040-2,2024-07-09,9:15,2024-07-09,2,2024-07-11,2000.000,4.750,4.750,4.750,,
2024-07-09_14002029040-3,2024-07-09,9:15,2024-07-09,3,2024-07-12,150.000,4.780,4.780,4.780,,
2024-07-10_14002029041,2024-07-10,9:15,2024-07-10,,,,,,,,
2024-07-10_14002029041-1,2024-07-10,9:15,2024-07-10,1,2024-07-11,1905.000,4.759,4.750,4.770,,
2024-07-10_14002029041-2,2024-07-10,9:15,2024-07-10,2,2024-07-12,2000.000,4.750,4.750,4.750,,
2024-07-10_14002029041-3,2024-07-10,9:15,2024-07-10,5,2024-07-15,1205.000,4.750,4.750,4.750,,
2024-07-11_14002029042,2024-07-11,9:15,2024-07-11,,,,,,,,
2024-07-11_14002029042-1,2024-07-11,9:15,2024-07-11,1,2024-07-12,2705.000,4.755,4.750,4.770,,
2024-07-11_14002029042-2,2024-07-11,9:15,2024-07-11,4,2024-07-15,100.000,4.750,4.750,4.750,,
2024-07-11_14002029042-3,2024-07-11,9:15,2024-07-11,5,2024-07-16,1655.000,4.750,4.750,4.760,,
2024-07-12_14002028644,2024-07-12,9:15,2024-07-12,,,,,,,,
2024-07-12_14002028644-1,2024-07-12,9:15,2024-07-12,3,2024-07-15,5200.000,4.758,4.750,4.760,,
2024-07-12_14002028644-2,2024-07-12,9:15,2024-07-12,4,2024-07-16,3000.000,4.750,4.750,4.750,,
2024-07-12_14002028644-3,2024-07-12,9:15,2024-07-12,5,2024-07-17,850.000,4.751,4.750,4.760,,
2024-07-15_14002029043,2024-07-15,9:15,2024-07-15,,,,,,,,
2024-07-15_14002029043-1,2024-07-15,9:15,2024-07-15,1,2024-07-16,3800.000,4.752,4.750,4.760,,
2024-07-15_14002029043-2,2024-07-15,9:15,2024-07-15,2,2024-07-17,1000.000,4.750,4.750,4.750,,
2024-07-15_14002029043-3,2024-07-15,9:15,2024-07-15,3,2024-07-18,1800.000,4.750,4.750,4.750,,
2024-07-16_14002028645,2024-07-16,9:15,2024-07-16,,,,,,,,
2024-07-16_14002028645-1,2024-07-16,9:15,2024-07-16,1,2024-07-17,4400.000,4.755,4.750,4.760,,
2024-07-16_14002028645-2,2024-07-16,9:15,2024-07-16,2,2024-07-18,400.000,4.750,4.750,4.750,,
2024-07-16_14002028645-3,2024-07-16,9:15,2024-07-16,3,2024-07-19,3000.000,4.750,4.750,4.760,,
2024-07-17_14002029044,2024-07-17,9:15,2024-07-17,,,,,,,,
2024-07-17_14002029044-1,2024-07-17,9:15,2024-07-17,1,2024-07-18,7150.000,4.766,4.760,4.780,,
2024-07-17_14002029044-2,2024-07-17,9:15,2024-07-17,2,2024-07-19,2000.000,4.760,4.760,4.760,,
2024-07-17_14002029044-3,2024-07-17,9:15,2024-07-17,5,2024-07-22,2000.000,4.756,4.750,4.770,,
2024-07-18_14002028647,2024-07-18,9:15,2024-07-18,,,,,,,,
2024-07-18_14002028647-1,2024-07-18,9:15,2024-07-18,1,2024-07-19,2900.000,4.763,4.760,4.770,,
2024-07-18_14002028647-2,2024-07-18,9:15,2024-07-18,4,2024-07-22,2000.000,4.750,4.750,4.750,,
2024-07-18_14002028647-3,2024-07-18,9:15,2024-07-18,5,2024-07-23,2000.000,4.751,4.750,4.770,,
2024-07-19_14002028650,2024-07-19,9:15,2024-07-19,,,,,,,,
2024-07-19_14002028650-1,2024-07-19,9:15,2024-07-19,3,2024-07-22,5000.000,4.752,4.750,4.760,,
2024-07-19_14002028650-2,2024-07-19,9:15,2024-07-19,4,2024-07-23,1500.000,4.750,4.750,4.750,,
2024-07-19_14002028650-3,2024-07-19,9:15,2024-07-19,5,2024-07-24,2000.000,4.770,4.770,4.770,,
2024-07-22_14002029047,2024-07-22,9:15,2024-07-22,,,,,,,,
2024-07-22_14002029047-1,2024-07-22,9:15,2024-07-22,1,2024-07-23,1000.000,4.760,4.760,4.760,,
2024-07-22_14002029047-2,2024-07-22,9:15,2024-07-22,2,2024-07-24,1875.000,4.757,4.750,4.780,,
2024-07-22_14002029047-3,2024-07-22,9:15,2024-07-22,3,2024-07-25,1200.000,4.754,4.750,4.780,,
2024-07-23_14002028653,2024-07-23,9:15,2024-07-23,,,,,,,,
2024-07-23_14002028653-1,2024-07-23,9:15,2024-07-23,1,2024-07-24,1000.000,4.750,4.750,4.750,,
2024-07-23_14002028653-2,2024-07-23,9:15,2024-07-23,2,2024-07-25,1000.000,4.750,4.750,4.750,,
2024-07-23_14002028653-3,2024-07-23,9:15,2024-07-23,3,2024-07-26,100.000,4.740,4.700,4.780,,
2024-07-24_14002028655,2024-07-24,10:00,2024-07-24,,,,,,,,
2024-07-24_14002028655-1,2024-07-24,10:00,2024-07-24,1,2024-07-25,3000.000,4.750,4.750,4.750,,
2024-07-24_14002028655-2,2024-07-24,10:00,2024-07-24,2,2024-07-26,0.000,,,,,
2024-07-24_14002028655-3,2024-07-24,10:00,2024-07-24,5,2024-07-29,3000.000,4.560,4.560,4.560,,
2024-07-25_14002029051,2024-07-25,9:15,2024-07-25,,,,,,,,
2024-07-25_14002029051-1,2024-07-25,9:15,2024-07-25,1,2024-07-26,400.000,4.500,4.500,4.500,,
2024-07-25_14002029051-2,2024-07-25,9:15,2024-07-25,4,2024-07-29,2525.000,4.501,4.500,4.530,,
2024-07-25_14002029051-3,2024-07-25,9:15,2024-07-25,5,2024-07-30,3000.000,4.508,4.500,4.530,,
2024-07-26_14002029053,2024-07-26,9:15,2024-07-26,,,,,,,,
2024-07-26_14002029053-1,2024-07-26,9:15,2024-07-26,3,2024-07-29,150.000,4.500,4.500,4.500,,
2024-07-26_14002029053-2,2024-07-26,9:15,2024-07-26,4,2024-07-30,1000.000,4.500,4.500,4.500,,
2024-07-26_14002029053-3,2024-07-26,9:15,2024-07-26,5,2024-07-31,3000.000,4.505,4.500,4.520,,
2024-07-29_14002029460,2024-07-29,9:15,2024-07-29,,,,,,,,
2024-07-29_14002029460-1,2024-07-29,9:15,2024-07-29,1,2024-07-30,0.000,,,,,
2024-07-29_14002029460-2,2024-07-29,9:15,2024-07-29,2,2024-07-31,1000.000,4.500,4.500,4.500,,
2024-07-29_14002029460-3,2024-07-29,9:15,2024-07-29,3,2024-08-01,3000.000,4.510,4.516,4.530,,
2024-07-30_14002029441,2024-07-30,9:15,2024-07-30,,,,,,,,
2024-07-30_14002029441-1,2024-07-30,9:15,2024-07-30,1,2024-07-31,300.000,4.510,4.510,4.510,,
2024-07-30_14002029441-2,2024-07-30,9:15,2024-07-30,2,2024-08-01,2000.000,4.520,4.520,4.520,,
2024-07-31_14002029442,2024-07-31,9:15,2024-07-31,,,,,,,,
2024-07-31_14002029442-1,2024-07-31,9:15,2024-07-31,1,2024-08-01,4650.000,4.512,4.500,4.520,,
2024-08-01_14002029445,2024-08-01,9:15,2024-08-01,,,,,,,,
2024-08-01_14002029445-1,2024-08-01,9:15,2024-08-01,1,2024-08-02,3000.000,4.511,4.500,4.520,,
2024-08-02_14002029466,2024-08-02,9:15,2024-08-02,,,,,,,,
2024-08-02_14002029466-1,2024-08-02,9:15,2024-08-02,4,2024-08-06,650.000,4.505,4.500,4.520,,
2024-08-02_14002029466-2,2024-08-02,9:15,2024-08-02,5,2024-08-07,1150.000,4.503,4.500,4.520,,
2024-08-02_14002029466-3,2024-08-02,9:15,2024-08-02,6,2024-08-08,1050.000,4.501,4.500,4.520,,
2024-08-06_14002029469,2024-08-06,9:15,2024-08-06,,,,,,,,
2024-08-06_14002029469-1,2024-08-06,9:15,2024-08-06,1,2024-08-07,1500.000,4.500,4.500,4.500,,
2024-08-06_14002029469-2,2024-08-06,9:15,2024-08-06,2,2024-08-08,1500.000,4.500,4.500,4.500,,
2024-08-06_14002029469-3,2024-08-06,9:15,2024-08-06,3,2024-08-09,900.000,4.503,4.500,4.520,,
2024-08-07_14002029472,2024-08-07,9:15,2024-08-07,,,,,,,,
2024-08-07_14002029472-1,2024-08-07,9:15,2024-08-07,1,2024-08-08,3500.000,4.503,4.500,4.510,,
2024-08-07_14002029472-2,2024-08-07,9:15,2024-08-07,2,2024-08-09,0.000,,,,,
2024-08-07_14002029472-3,2024-08-07,9:15,2024-08-07,5,2024-08-12,150.000,4.500,4.500,4.500,,
2024-08-08_14002029474,2024-08-08,9:15,2024-08-08,,,,,,,,
2024-08-08_14002029474-1,2024-08-08,9:15,2024-08-08,1,2024-08-09,1000.000,4.500,4.500,4.500,,
2024-08-08_14002029474-2,2024-08-08,9:15,2024-08-08,4,2024-08-12,500.000,4.500,4.500,4.500,,
2024-08-08_14002029474-3,2024-08-08,9:15,2024-08-08,5,2024-08-13,1750.000,4.500,4.500,4.500,,
2024-08-09_14002029477,2024-08-09,9:15,2024-08-09,,,,,,,,
2024-08-09_14002029477-1,2024-08-09,9:15,2024-08-09,3,2024-08-12,7000.000,4.509,4.500,4.520,,
2024-08-09_14002029477-2,2024-08-09,9:15,2024-08-09,4,2024-08-13,250.000,4.500,4.500,4.500,,
2024-08-09_14002029477-3,2024-08-09,9:15,2024-08-09,5,2024-08-14,1400.000,4.501,4.500,4.510,,
2024-08-12_14002029448,2024-08-12,9:15,2024-08-12,,,,,,,,
2024-08-12_14002029448-1,2024-08-12,9:15,2024-08-12,1,2024-08-13,3000.000,4.503,4.500,4.510,,
2024-08-12_14002029448-2,2024-08-12,9:15,2024-08-12,2,2024-08-14,0.000,,,,,
2024-08-12_14002029448-3,2024-08-12,9:15,2024-08-12,3,2024-08-15,2650.000,4.500,4.500,4.510,,
2024-08-13_14002029859,2024-08-13,9:15,2024-08-13,,,,,,,,
2024-08-13_14002029859-1,2024-08-13,9:15,2024-08-13,1,2024-08-14,0.000,,,,,
2024-08-13_14002029859-2,2024-08-13,9:15,2024-08-13,2,2024-08-15,200.000,4.500,4.500,4.500,,
2024-08-13_14002029859-3,2024-08-13,9:15,2024-08-13,3,2024-08-16,3000.000,4.505,4.500,4.510,,
2024-08-14_14002029842,2024-08-14,9:15,2024-08-14,,,,,,,,
2024-08-14_14002029842-1,2024-08-14,9:15,2024-08-14,1,2024-08-15,2050.000,4.515,4.500,4.520,,
2024-08-14_14002029842-2,2024-08-14,9:15,2024-08-14,2,2024-08-16,950.000,4.500,4.500,4.500,,
2024-08-14_14002029842-3,2024-08-14,9:15,2024-08-14,5,2024-08-19,900.000,4.502,4.500,4.510,,
2024-08-15_14002029845,2024-08-15,9:15,2024-08-15,,,,,,,,
2024-08-15_14002029845-1,2024-08-15,9:15,2024-08-15,1,2024-08-16,0.000,,,,,
2024-08-15_14002029845-2,2024-08-15,9:15,2024-08-15,4,2024-08-19,500.000,4.500,4.500,4.500,,
2024-08-15_14002029845-3,2024-08-15,9:15,2024-08-15,5,2024-08-20,3000.000,4.500,4.500,4.510,,
2024-08-16_14002029847,2024-08-16,9:15,2024-08-16,,,,,,,,
2024-08-16_14002029847-1,2024-08-16,9:15,2024-08-16,1,2024-08-19,0.000,,,,,
2024-08-16_14002029847-2,2024-08-16,9:15,2024-08-16,4,2024-08-20,250.000,4.500,4.500,4.500,,
2024-08-16_14002029847-3,2024-08-16,9:15,2024-08-16,5,2024-08-21,2050.000,4.500,4.500,4.510,,
2024-08-19_14002029863,2024-08-19,9:15,2024-08-19,,,,,,,,
2024-08-19_14002029863-1,2024-08-19,9:15,2024-08-19,1,2024-08-20,0.000,,,,,
2024-08-19_14002029863-2,2024-08-19,9:15,2024-08-19,2,2024-08-21,0.000,,,,,
2024-08-19_14002029863-3,2024-08-19,9:15,2024-08-19,3,2024-08-22,150.000,4.500,4.500,4.500,,
2024-08-20_14002029850,2024-08-20,9:15,2024-08-20,,,,,,,,
2024-08-20_14002029850-1,2024-08-20,9:15,2024-08-20,1,2024-08-21,0.000,,,,,
2024-08-20_14002029850-2,2024-08-20,9:15,2024-08-20,2,2024-08-22,0.000,,,,,
2024-08-20_14002029850-3,2024-08-20,9:15,2024-08-20,3,2024-08-23,1250.000,4.500,4.500,4.500,,
2024-08-21_14002029866,2024-08-21,9:15,2024-08-21,,,,,,,,
2024-08-21_14002029866-1,2024-08-21,9:15,2024-08-21,1,2024-08-22,0.000,,,,,
2024-08-21_14002029866-2,2024-08-21,9:15,2024-08-21,2,2024-08-23,2000.000,4.500,4.500,4.500,,
2024-08-21_14002029866-3,2024-08-21,9:15,2024-08-21,5,2024-08-26,150.000,4.500,4.500,4.500,,
2024-08-22_14002029868,2024-08-22,9:15,2024-08-22,,,,,,,,
2024-08-22_14002029868-1,2024-08-22,9:15,2024-08-22,1,2024-08-23,0.000,,,,,
2024-08-22_14002029868-2,2024-08-22,9:15,2024-08-22,4,2024-08-26,0.000,,,,,
2024-08-22_14002029868-3,2024-08-22,9:15,2024-08-22,5,2024-08-27,150.000,4.500,4.500,4.500,,
2024-08-23_14002029870,2024-08-23,9:15,2024-08-23,,,,,,,,
2024-08-23_14002029870-1,2024-08-23,9:15,2024-08-23,3,2024-08-26,0.000,,,,,
2024-08-23_14002029870-2,2024-08-23,9:15,2024-08-23,4,2024-08-27,2000.000,4.500,4.500,4.500,,
2024-08-23_14002029870-3,2024-08-23,9:15,2024-08-23,5,2024-08-28,900.000,4.500,4.500,4.500,,
2024-08-26_14002029872,2024-08-26,9:15,2024-08-26,,,,,,,,
2024-08-26_14002029872-1,2024-08-26,9:15,2024-08-26,1,2024-08-27,500.000,4.500,4.500,4.500,,
2024-08-26_14002029872-2,2024-08-26,9:15,2024-08-26,2,2024-08-28,200.000,4.500,4.500,4.500,,
2024-08-26_14002029872-3,2024-08-26,9:15,2024-08-26,3,2024-08-29,2550.000,4.500,4.500,4.500,,
2024-08-27_14002030240,2024-08-27,9:15,2024-08-27,,,,,,,,
2024-08-27_14002030240-1,2024-08-27,9:15,2024-08-27,1,2024-08-28,2400.000,4.500,4.500,4.500,,
2024-08-27_14002030240-2,2024-08-27,9:15,2024-08-27,2,2024-08-29,500.000,4.500,4.500,4.500,,
2024-08-27_14002030240-3,2024-08-27,9:15,2024-08-27,3,2024-08-30,2650.000,4.500,4.500,4.500,,
2024-08-28_14002030241,2024-08-28,9:15,2024-08-28,,,,,,,,
2024-08-28_14002030241-1,2024-08-28,9:15,2024-08-28,1,2024-08-29,2000.000,4.500,4.500,4.500,,
2024-08-28_14002030241-2,2024-08-28,9:15,2024-08-28,2,2024-08-30,150.000,4.500,4.500,4.500,,
2024-08-28_14002030241-3,2024-08-28,9:15,2024-08-28,6,2024-09-03,1500.000,4.500,4.500,4.500,,
2024-08-29_14002030244,2024-08-29,9:15,2024-08-29,,,,,,,,
2024-08-29_14002030244-1,2024-08-29,9:15,2024-08-29,1,2024-08-30,3050.000,4.500,4.500,4.500,,
2024-08-29_14002030244-2,2024-08-29,9:15,2024-08-29,5,2024-09-03,3000.000,4.500,4.500,4.500,,
2024-08-30_14002030642,2024-08-30,9:15,2024-08-30,,,,,,,,
2024-08-30_14002030642-1,2024-08-30,9:15,2024-08-30,4,2024-09-03,5850.000,4.500,4.500,4.500,,
2024-08-30_14002030642-2,2024-08-30,9:15,2024-08-30,5,2024-09-04,500.000,4.500,4.500,4.500,,
2024-08-30_14002030642-3,2024-08-30,9:15,2024-08-30,6,2024-09-05,500.000,4.500,4.500,4.500,,
2024-09-03_14002031059,2024-09-03,9:15,2024-09-03,,,,,,,,
2024-09-03_14002031059-1,2024-09-03,9:15,2024-09-03,1,2024-09-04,4000.000,4.510,4.510,4.510,,
2024-09-04_14002031042,2024-09-04,10:00,2024-09-04,,,,,,,,
2024-09-04_14002031042-1,2024-09-04,10:00,2024-09-04,1,2024-09-05,4000.000,4.510,4.510,4.510,,
2024-09-04_14002031042-2,2024-09-04,10:00,2024-09-04,2,2024-09-06,1000.000,4.400,4.400,4.400,,
2024-09-04_14002031042-3,2024-09-04,10:00,2024-09-04,5,2024-09-09,1000.000,4.320,4.320,4.320,,
2024-09-05_14002031044,2024-09-05,9:15,2024-09-05,,,,,,,,
2024-09-05_14002031044-1,2024-09-05,9:15,2024-09-05,1,2024-09-06,4150.000,4.325,4.260,4.350,,
2024-09-05_14002031044-2,2024-09-05,9:15,2024-09-05,4,2024-09-09,1150.000,4.261,4.260,4.270,,
2024-09-05_14002031044-3,2024-09-05,9:15,2024-09-05,5,2024-09-10,2000.000,4.256,4.250,4.270,,
2024-09-06_14002031062,2024-09-06,9:15,2024-09-06,,,,,,,,
2024-09-06_14002031062-1,2024-09-06,9:15,2024-09-06,3,2024-09-09,3000.000,4.250,4.250,4.250,,
2024-09-06_14002031062-2,2024-09-06,9:15,2024-09-06,4,2024-09-10,3000.000,4.265,4.260,4.270,,
2024-09-06_14002031062-3,2024-09-06,9:15,2024-09-06,5,2024-09-11,3000.000,4.261,4.260,4.270,,
2024-09-09_14002031048,2024-09-09,9:15,2024-09-09,,,,,,,,
2024-09-09_14002031048-1,2024-09-09,9:15,2024-09-09,1,2024-09-10,3750.000,4.250,4.250,4.250,,
2024-09-09_14002031048-2,2024-09-09,9:15,2024-09-09,2,2024-09-11,2000.000,4.265,4.260,4.270,,
2024-09-09_14002031048-3,2024-09-09,9:15,2024-09-09,3,2024-09-12,2000.000,4.266,4.260,4.270,,
2024-09-10_14002031051,2024-09-10,9:15,2024-09-10,,,,,,,,
2024-09-10_14002031051-1,2024-09-10,9:15,2024-09-10,1,2024-09-11,4000.000,4.250,4.250,4.250,,
2024-09-10_14002031051-2,2024-09-10,9:15,2024-09-10,2,2024-09-12,2000.000,4.256,4.250,4.260,,
2024-09-10_14002031051-3,2024-09-10,9:15,2024-09-10,3,2024-09-13,2000.000,4.260,4.260,4.270,,
2024-09-11_14002031052,2024-09-11,9:15,2024-09-11,,,,,,,,
2024-09-11_14002031052-1,2024-09-11,9:15,2024-09-11,1,2024-09-12,8000.000,4.260,4.250,4.290,,
2024-09-11_14002031052-2,2024-09-11,9:15,2024-09-11,2,2024-09-13,0.000,,,,,
2024-09-11_14002031052-3,2024-09-11,9:15,2024-09-11,5,2024-09-16,3000.000,4.271,4.260,4.280,,
2024-09-12_14002031069,2024-09-12,9:15,2024-09-12,,,,,,,,
2024-09-12_14002031069-1,2024-09-12,9:15,2024-09-12,1,2024-09-13,3000.000,4.250,4.250,4.250,,
2024-09-12_14002031069-2,2024-09-12,9:15,2024-09-12,4,2024-09-16,3000.000,4.260,4.260,4.260,,
2024-09-12_14002031069-3,2024-09-12,9:15,2024-09-12,5,2024-09-17,3000.000,4.261,4.260,4.270,,
2024-09-13_14002031071,2024-09-13,9:15,2024-09-13,,,,,,,,
2024-09-13_14002031071-1,2024-09-13,9:15,2024-09-13,3,2024-09-16,1000.000,4.250,4.250,4.250,,
2024-09-13_14002031071-2,2024-09-13,9:15,2024-09-13,4,2024-09-17,0.000,,,,,
2024-09-13_14002031071-3,2024-09-13,9:15,2024-09-13,5,2024-09-18,50.000,4.270,4.270,4.270,,
2024-09-16_14002031460,2024-09-16,9:15,2024-09-16,,,,,,,,
2024-09-16_14002031460-1,2024-09-16,9:15,2024-09-16,1,2024-09-17,5000.000,4.250,4.250,4.250,,
2024-09-16_14002031460-2,2024-09-16,9:15,2024-09-16,2,2024-09-18,3000.000,4.260,4.260,4.260,,
2024-09-16_14002031460-3,2024-09-16,9:15,2024-09-16,3,2024-09-19,450.000,4.255,4.250,4.270,,
2024-09-17_14002031463,2024-09-17,9:15,2024-09-17,,,,,,,,
2024-09-17_14002031463-1,2024-09-17,9:15,2024-09-17,1,2024-09-18,5500.000,4.250,4.250,4.250,,
2024-09-17_14002031463-2,2024-09-17,9:15,2024-09-17,2,2024-09-19,0.000,,,,,
2024-09-17_14002031463-3,2024-09-17,9:15,2024-09-17,3,2024-09-20,3000.000,4.251,4.250,4.270,,
2024-09-18_14002031440,2024-09-18,9:15,2024-09-18,,,,,,,,
2024-09-18_14002031440-1,2024-09-18,9:15,2024-09-18,1,2024-09-19,4000.000,4.250,4.250,4.250,,
2024-09-18_14002031440-2,2024-09-18,9:15,2024-09-18,2,2024-09-20,1000.000,4.250,4.250,4.250,,
2024-09-18_14002031440-3,2024-09-18,9:15,2024-09-18,5,2024-09-23,3000.000,4.250,4.250,4.260,,
2024-09-19_14002031466,2024-09-19,9:15,2024-09-19,,,,,,,,
2024-09-19_14002031466-1,2024-09-19,9:15,2024-09-19,1,2024-09-20,5000.000,4.250,4.250,4.250,,
2024-09-19_14002031466-2,2024-09-19,9:15,2024-09-19,4,2024-09-23,0.000,,,,,
2024-09-19_14002031466-3,2024-09-19,9:15,2024-09-19,5,2024-09-24,1500.000,4.252,4.250,4.270,,
2024-09-20_14002031444,2024-09-20,9:15,2024-09-20,,,,,,,,
2024-09-20_14002031444-1,2024-09-20,9:15,2024-09-20,3,2024-09-23,5000.000,4.250,4.250,4.250,,
2024-09-20_14002031444-2,2024-09-20,9:15,2024-09-20,4,2024-09-24,2000.000,4.250,4.250,4.250,,
2024-09-20_14002031444-3,2024-09-20,9:15,2024-09-20,5,2024-09-25,2000.000,4.251,4.250,4.260,,
2024-09-23_14002031445,2024-09-23,9:15,2024-09-23,,,,,,,,
2024-09-23_14002031445-1,2024-09-23,9:15,2024-09-23,1,2024-09-24,4000.000,4.250,4.250,4.250,,
2024-09-23_14002031445-2,2024-09-23,9:15,2024-09-23,2,2024-09-25,0.000,,,,,
2024-09-23_14002031445-3,2024-09-23,9:15,2024-09-23,3,2024-09-26,50.000,4.250,4.250,4.250,,
2024-09-24_14002031471,2024-09-24,9:15,2024-09-24,,,,,,,,
2024-09-24_14002031471-1,2024-09-24,9:15,2024-09-24,1,2024-09-25,5000.000,4.250,4.250,4.250,,
2024-09-24_14002031471-2,2024-09-24,9:15,2024-09-24,2,2024-09-26,2000.000,4.250,4.250,4.250,,
2024-09-24_14002031471-3,2024-09-24,9:15,2024-09-24,3,2024-09-27,2150.000,4.250,4.250,4.250,,
2024-09-25_14002031449,2024-09-25,9:15,2024-09-25,,,,,,,,
2024-09-25_14002031449-1,2024-09-25,9:15,2024-09-25,1,2024-09-26,5000.000,4.250,4.250,4.250,,
2024-09-25_14002031449-2,2024-09-25,9:15,2024-09-25,2,2024-09-27,150.000,4.250,4.250,4.250,,
2024-09-25_14002031449-3,2024-09-25,9:15,2024-09-25,6,2024-10-01,0.000,,,,,
2024-09-26_14002031450,2024-09-26,9:15,2024-09-26,,,,,,,,
2024-09-26_14002031450-1,2024-09-26,9:15,2024-09-26,1,2024-09-27,3000.000,4.250,4.250,4.260,,
2024-09-26_14002031450-2,2024-09-26,9:15,2024-09-26,5,2024-10-01,1500.000,4.250,4.250,4.250,,
2024-09-27_14002031474,2024-09-27,9:15,2024-09-27,,,,,,,,
2024-09-27_14002031474-1,2024-09-27,9:15,2024-09-27,4,2024-10-01,6400.000,4.252,4.250,4.280,,
2024-10-01_14002031477,2024-10-01,9:15,2024-10-01,,,,,,,,
2024-10-01_14002031477-1,2024-10-01,9:15,2024-10-01,1,2024-10-02,4350.000,4.252,4.250,4.270,,
2024-10-02_14002031455,2024-10-02,9:15,2024-10-02,,,,,,,,
2024-10-02_14002031455-1,2024-10-02,9:15,2024-10-02,1,2024-10-03,3000.000,4.250,4.250,4.250,,
2024-10-02_14002031455-2,2024-10-02,9:15,2024-10-02,2,2024-10-04,150.000,4.250,4.250,4.250,,
2024-10-02_14002031455-3,2024-10-02,9:15,2024-10-02,5,2024-10-07,550.000,4.250,4.250,4.250,,
2024-10-03_14002031457,2024-10-03,9:15,2024-10-03,,,,,,,,
2024-10-03_14002031457-1,2024-10-03,9:15,2024-10-03,1,2024-10-04,2200.000,4.250,4.250,4.250,,
2024-10-03_14002031457-2,2024-10-03,9:15,2024-10-03,4,2024-10-07,1200.000,4.250,4.250,4.250,,
2024-10-03_14002031457-3,2024-10-03,9:15,2024-10-03,5,2024-10-08,1350.000,4.250,4.250,4.250,,
2024-10-04_14002032239,2024-10-04,9:15,2024-10-04,,,,,,,,
2024-10-04_14002032239-1,2024-10-04,9:15,2024-10-04,3,2024-10-07,3500.000,4.255,4.250,4.270,,
2024-10-04_14002032239-2,2024-10-04,9:15,2024-10-04,4,2024-10-08,300.000,4.250,4.250,4.250,,
2024-10-04_14002032239-3,2024-10-04,9:15,2024-10-04,5,2024-10-09,2150.000,4.250,4.250,4.250,,
2024-10-07_14002031841,2024-10-07,9:15,2024-10-07,,,,,,,,
2024-10-07_14002031841-1,2024-10-07,9:15,2024-10-07,1,2024-10-08,3950.000,4.253,4.250,4.270,,
2024-10-07_14002031841-2,2024-10-07,9:15,2024-10-07,2,2024-10-09,1200.000,4.250,4.250,4.250,,
2024-10-07_14002031841-3,2024-10-07,9:15,2024-10-07,3,2024-10-10,1950.000,4.257,4.250,4.260,,
2024-10-08_14002032659,2024-10-08,9:15,2024-10-08,,,,,,,,
2024-10-08_14002032659-1,2024-10-08,9:15,2024-10-08,1,2024-10-09,1670.000,4.250,4.250,4.250,,
2024-10-08_14002032659-2,2024-10-08,9:15,2024-10-08,2,2024-10-10,2000.000,4.255,4.250,4.260,,
2024-10-08_14002032659-3,2024-10-08,9:15,2024-10-08,3,2024-10-11,2550.000,4.255,4.250,4.260,,
2024-10-09_14002032661,2024-10-09,9:15,2024-10-09,,,,,,,,
2024-10-09_14002032661-1,2024-10-09,9:15,2024-10-09,1,2024-10-10,7000.000,4.260,4.250,4.280,,
2024-10-09_14002032661-2,2024-10-09,9:15,2024-10-09,2,2024-10-11,1150.000,4.264,4.260,4.270,,
2024-10-09_14002032661-3,2024-10-09,9:15,2024-10-09,6,2024-10-15,1750.000,4.261,4.250,4.270,,
2024-10-10_14002032663,2024-10-10,9:15,2024-10-10,,,,,,,,
2024-10-10_14002032663-1,2024-10-10,9:15,2024-10-10,1,2024-10-11,4000.000,4.250,4.250,4.250,,
2024-10-10_14002032663-2,2024-10-10,9:15,2024-10-10,5,2024-10-15,1000.000,4.250,4.250,4.250,,
2024-10-10_14002032663-3,2024-10-10,9:15,2024-10-10,6,2024-10-16,2000.000,4.251,4.250,4.270,,
2024-10-11_14002032666,2024-10-11,9:15,2024-10-11,,,,,,,,
2024-10-11_14002032666-1,2024-10-11,9:15,2024-10-11,4,2024-10-15,2200.000,4.250,4.250,4.250,,
2024-10-11_14002032666-2,2024-10-11,9:15,2024-10-11,5,2024-10-16,1000.000,4.250,4.250,4.250,,
2024-10-11_14002032666-3,2024-10-11,9:15,2024-10-11,6,2024-10-17,1900.000,4.252,4.250,4.270,,
2024-10-15_14002032668,2024-10-15,9:15,2024-10-15,,,,,,,,
2024-10-15_14002032668-1,2024-10-15,9:15,2024-10-15,1,2024-10-16,4650.000,4.253,4.250,4.270,,
2024-10-15_14002032668-2,2024-10-15,9:15,2024-10-15,2,2024-10-17,1150.000,4.257,4.250,4.260,,
2024-10-15_14002032668-3,2024-10-15,9:15,2024-10-15,3,2024-10-18,550.000,4.255,4.250,4.270,,
2024-10-16_14002032670,2024-10-16,9:15,2024-10-16,,,,,,,,
2024-10-16_14002032670-1,2024-10-16,9:15,2024-10-16,1,2024-10-17,4000.000,4.254,4.250,4.260,,
2024-10-16_14002032670-2,2024-10-16,9:15,2024-10-16,2,2024-10-18,600.000,4.250,4.250,4.250,,
2024-10-16_14002032670-3,2024-10-16,9:15,2024-10-16,5,2024-10-21,1450.000,4.250,4.250,4.260,,
2024-10-17_14002032671,2024-10-17,9:15,2024-10-17,,,,,,,,
2024-10-17_14002032671-1,2024-10-17,9:15,2024-10-17,1,2024-10-18,2400.000,4.258,4.250,4.260,,
2024-10-17_14002032671-2,2024-10-17,9:15,2024-10-17,4,2024-10-21,600.000,4.250,4.250,4.250,,
2024-10-17_14002032671-3,2024-10-17,9:15,2024-10-17,5,2024-10-22,1250.000,4.251,4.250,4.260,,
2024-10-18_14002032651,2024-10-18,9:15,2024-10-18,,,,,,,,
2024-10-18_14002032651-1,2024-10-18,9:15,2024-10-18,3,2024-10-21,3400.000,4.265,4.250,4.270,,
2024-10-18_14002032651-2,2024-10-18,9:15,2024-10-18,4,2024-10-22,600.000,4.250,4.250,4.250,,
2024-10-18_14002032651-3,2024-10-18,9:15,2024-10-18,5,2024-10-23,2000.000,4.251,4.250,4.260,,
2024-10-21_14002033040,2024-10-21,9:15,2024-10-21,,,,,,,,
2024-10-21_14002033040-1,2024-10-21,9:15,2024-10-21,1,2024-10-22,2100.000,4.264,4.250,4.270,,
2024-10-21_14002033040-2,2024-10-21,9:15,2024-10-21,2,2024-10-23,2000.000,4.258,4.250,4.270,,
2024-10-22_14002033042,2024-10-22,9:15,2024-10-22,,,,,,,,
2024-10-22_14002033042-1,2024-10-22,9:15,2024-10-22,1,2024-10-23,1550.000,4.255,4.250,4.260,,
2024-10-22_14002033042-2,2024-10-22,9:15,2024-10-22,2,2024-10-24,2000.000,4.259,4.250,4.270,,
2024-10-23_14002033044,2024-10-23,10:00,2024-10-23,,,,,,,,
2024-10-23_14002033044-1,2024-10-23,10:00,2024-10-23,1,2024-10-24,3050.000,4.268,4.250,4.270,,
2024-10-23_14002033044-2,2024-10-23,10:00,2024-10-23,2,2024-10-25,150.000,4.050,4.050,4.050,,
2024-10-23_14002033044-3,2024-10-23,10:00,2024-10-23,5,2024-10-28,50.000,3.900,3.900,3.900,,
2024-10-24_14002033840,2024-10-24,9:15,2024-10-24,,,,,,,,
2024-10-24_14002033840-1,2024-10-24,9:15,2024-10-24,1,2024-10-25,2250.000,3.754,3.750,3.760,,
2024-10-24_14002033840-2,2024-10-24,9:15,2024-10-24,4,2024-10-28,2000.000,3.754,3.750,3.760,,
2024-10-24_14002033840-3,2024-10-24,9:15,2024-10-24,5,2024-10-29,2000.000,3.755,3.750,3.780,,
2024-10-25_14002033843,2024-10-25,9:15,2024-10-25,,,,,,,,
2024-10-25_14002033843-1,2024-10-25,9:15,2024-10-25,3,2024-10-28,500.000,3.750,3.750,3.750,,
2024-10-25_14002033843-2,2024-10-25,9:15,2024-10-25,4,2024-10-29,995.000,3.750,3.750,3.750,,
2024-10-25_14002033843-3,2024-10-25,9:15,2024-10-25,5,2024-10-30,1145.000,3.753,3.750,3.770,,
2024-10-28_14002033844,2024-10-28,9:15,2024-10-28,,,,,,,,
2024-10-28_14002033844-1,2024-10-28,9:15,2024-10-28,1,2024-10-29,2000.000,3.750,3.750,3.750,,
2024-10-28_14002033844-2,2024-10-28,9:15,2024-10-28,2,2024-10-30,700.000,3.750,3.750,3.750,,
2024-10-28_14002033844-3,2024-10-28,9:15,2024-10-28,3,2024-10-31,750.000,3.751,3.750,3.760,,
2024-10-29_14002034261,2024-10-29,9:15,2024-10-29,,,,,,,,
2024-10-29_14002034261-1,2024-10-29,9:15,2024-10-29,1,2024-10-30,250.000,3.750,3.750,3.750,,
2024-10-29_14002034261-2,2024-10-29,9:15,2024-10-29,2,2024-10-31,900.000,3.750,3.750,3.750,,
2024-10-29_14002034261-3,2024-10-29,9:15,2024-10-29,3,2024-11-01,2000.000,3.756,3.750,3.770,,
2024-10-30_14002034262,2024-10-30,9:15,2024-10-30,,,,,,,,
2024-10-30_14002034262-1,2024-10-30,9:15,2024-10-30,1,2024-10-31,300.000,3.755,3.750,3.760,,
2024-10-30_14002034262-2,2024-10-30,9:15,2024-10-30,2,2024-11-01,5500.000,3.753,3.750,3.760,,
2024-10-31_14002034265,2024-10-31,9:15,2024-10-31,,,,,,,,
2024-10-31_14002034265-1,2024-10-31,9:15,2024-10-31,1,2024-11-01,4500.000,3.752,3.750,3.770,,
2024-11-01_14002034242,2024-11-01,9:15,2024-11-01,,,,,,,,
2024-11-01_14002034242-1,2024-11-01,9:15,2024-11-01,3,2024-11-04,3000.000,3.785,3.770,3.790,,
2024-11-04_14002034269,2024-11-04,9:15,2024-11-04,,,,,,,,
2024-11-04_14002034269-1,2024-11-04,9:15,2024-11-04,1,2024-11-05,1350.000,3.758,3.750,3.780,,
2024-11-05_14002034641,2024-11-05,9:15,2024-11-05,,,,,,,,
2024-11-05_14002034641-1,2024-11-05,9:15,2024-11-05,1,2024-11-06,150.000,3.750,3.750,3.750,,
2024-11-05_14002034641-2,2024-11-05,9:15,2024-11-05,2,2024-11-07,2000.000,3.753,3.750,3.760,,
2024-11-05_14002034641-3,2024-11-05,9:15,2024-11-05,3,2024-11-08,2000.000,3.755,3.750,3.770,,
2024-11-06_14002034659,2024-11-06,9:15,2024-11-06,,,,,,,,
2024-11-06_14002034659-1,2024-11-06,9:15,2024-11-06,1,2024-11-07,2775.000,3.762,3.750,3.780,,
2024-11-06_14002034659-2,2024-11-06,9:15,2024-11-06,2,2024-11-08,6000.000,3.751,3.750,3.780,,
2024-11-07_14002034645,2024-11-07,9:15,2024-11-07,,,,,,,,
2024-11-07_14002034645-1,2024-11-07,9:15,2024-11-07,1,2024-11-08,3400.000,3.756,3.750,3.790,,
2024-11-08_14002034646,2024-11-08,9:15,2024-11-08,,,,,,,,
2024-11-08_14002034646-1,2024-11-08,9:15,2024-11-08,4,2024-11-12,2150.000,3.757,3.750,3.780,,
2024-11-08_14002034646-2,2024-11-08,9:15,2024-11-08,5,2024-11-13,4000.000,3.754,3.750,3.780,,
2024-11-12_14002034647,2024-11-12,9:15,2024-11-12,,,,,,,,
2024-11-12_14002034647-1,2024-11-12,9:15,2024-11-12,1,2024-11-13,500.000,3.750,3.750,3.750,,
2024-11-12_14002034647-2,2024-11-12,9:15,2024-11-12,2,2024-11-14,500.000,3.750,3.750,3.750,,
2024-11-12_14002034647-3,2024-11-12,9:15,2024-11-12,3,2024-11-15,2000.000,3.752,3.750,3.770,,
2024-11-13_14002034665,2024-11-13,9:15,2024-11-13,,,,,,,,
2024-11-13_14002034665-1,2024-11-13,9:15,2024-11-13,1,2024-11-14,2000.000,3.757,3.750,3.760,,
2024-11-13_14002034665-2,2024-11-13,9:15,2024-11-13,2,2024-11-15,1450.000,3.755,3.750,3.760,,
2024-11-13_14002034665-3,2024-11-13,9:15,2024-11-13,5,2024-11-18,1650.000,3.763,3.750,3.770,,
2024-11-14_14002034649,2024-11-14,9:15,2024-11-14,,,,,,,,
2024-11-14_14002034649-1,2024-11-14,9:15,2024-11-14,1,2024-11-15,900.000,3.750,3.750,3.750,,
2024-11-14_14002034649-2,2024-11-14,9:15,2024-11-14,4,2024-11-18,800.000,3.750,3.750,3.750,,
2024-11-14_14002034649-3,2024-11-14,9:15,2024-11-14,5,2024-11-19,1000.000,3.750,3.750,3.750,,
2024-11-15_14002034651,2024-11-15,9:15,2024-11-15,,,,,,,,
2024-11-15_14002034651-1,2024-11-15,9:15,2024-11-15,3,2024-11-18,2500.000,3.750,3.750,3.750,,
2024-11-15_14002034651-2,2024-11-15,9:15,2024-11-15,4,2024-11-19,3150.000,3.750,3.750,3.750,,
2024-11-15_14002034651-3,2024-11-15,9:15,2024-11-15,5,2024-11-20,1150.000,3.750,3.750,3.750,,
2024-11-18_14002034653,2024-11-18,9:15,2024-11-18,,,,,,,,
2024-11-18_14002034653-1,2024-11-18,9:15,2024-11-18,1,2024-11-19,1875.000,3.753,3.750,3.760,,
2024-11-18_14002034653-2,2024-11-18,9:15,2024-11-18,2,2024-11-20,1575.000,3.750,3.750,3.750,,
2024-11-18_14002034653-3,2024-11-18,9:15,2024-11-18,3,2024-11-21,1150.000,3.750,3.750,3.750,,
2024-11-19_14002035040,2024-11-19,9:15,2024-11-19,,,,,,,,
2024-11-19_14002035040-1,2024-11-19,9:15,2024-11-19,1,2024-11-20,600.000,3.750,3.750,3.750,,
2024-11-19_14002035040-2,2024-11-19,9:15,2024-11-19,2,2024-11-21,4300.000,3.750,3.750,3.750,,
2024-11-20_14002035059,2024-11-20,9:15,2024-11-20,,,,,,,,
2024-11-20_14002035059-1,2024-11-20,9:15,2024-11-20,1,2024-11-21,3500.000,3.761,3.750,3.770,,
2024-11-20_14002035059-2,2024-11-20,9:15,2024-11-20,2,2024-11-22,980.000,3.752,3.750,3.760,,
2024-11-21_14002035044,2024-11-21,9:15,2024-11-21,,,,,,,,
2024-11-21_14002035044-1,2024-11-21,9:15,2024-11-21,1,2024-11-22,4500.000,3.752,3.750,3.780,,
2024-11-22_14002035060,2024-11-22,9:15,2024-11-22,,,,,,,,
2024-11-22_14002035060-1,2024-11-22,9:15,2024-11-22,3,2024-11-25,800.000,3.750,3.750,3.750,,
2024-11-22_14002035060-2,2024-11-22,9:15,2024-11-22,4,2024-11-26,2975.000,3.750,3.750,3.750,,
2024-11-22_14002035060-3,2024-11-22,9:15,2024-11-22,5,2024-11-27,900.000,3.750,3.750,3.750,,
2024-11-25_14002035046,2024-11-25,9:15,2024-11-25,,,,,,,,
2024-11-25_14002035046-1,2024-11-25,9:15,2024-11-25,1,2024-11-26,1300.000,3.753,3.750,3.770,,
2024-11-25_14002035046-2,2024-11-25,9:15,2024-11-25,2,2024-11-27,500.000,3.750,3.750,3.750,,
2024-11-26_14002035048,2024-11-26,9:15,2024-11-26,,,,,,,,
2024-11-26_14002035048-1,2024-11-26,9:15,2024-11-26,1,2024-11-27,750.000,3.750,3.750,3.750,,
2024-11-26_14002035048-2,2024-11-26,9:15,2024-11-26,2,2024-11-28,2650.000,3.751,3.750,3.760,,
2024-11-26_14002035048-3,2024-11-26,9:15,2024-11-26,3,2024-11-29,150.000,3.760,3.760,3.760,,
2024-11-27_14002035062,2024-11-27,9:15,2024-11-27,,,,,,,,
2024-11-27_14002035062-1,2024-11-27,9:15,2024-11-27,1,2024-11-28,1550.000,3.750,3.750,3.760,,
2024-11-28_14002035064,2024-11-28,9:15,2024-11-28,,,,,,,,
2024-11-28_14002035064-1,2024-11-28,9:15,2024-11-28,1,2024-11-29,700.000,3.753,3.750,3.760,,
2024-11-28_14002035064-2,2024-11-28,9:15,2024-11-28,4,2024-12-02,4000.000,3.750,3.750,3.750,,
2024-11-29_14002035066,2024-11-29,9:15,2024-11-29,,,,,,,,
2024-11-29_14002035066-1,2024-11-29,9:15,2024-11-29,3,2024-12-02,1850.000,3.750,3.750,3.750,,
2024-11-29_14002035066-2,2024-11-29,9:15,2024-11-29,4,2024-12-03,2000.000,3.750,3.750,3.750,,
2024-12-02_14002035067,2024-12-02,9:15,2024-12-02,,,,,,,,
2024-12-02_14002035067-1,2024-12-02,9:15,2024-12-02,1,2024-12-03,1500.000,3.762,3.750,3.780,,
2024-12-03_14002035440,2024-12-03,9:15,2024-12-03,,,,,,,,
2024-12-03_14002035440-1,2024-12-03,9:15,2024-12-03,1,2024-12-04,700.000,3.750,3.750,3.750,,
2024-12-03_14002035440-2,2024-12-03,9:15,2024-12-03,2,2024-12-05,3000.000,3.750,3.750,3.750,,
2024-12-04_14002035069,2024-12-04,9:15,2024-12-04,,,,,,,,
2024-12-04_14002035069-1,2024-12-04,9:15,2024-12-04,1,2024-12-05,750.000,3.770,3.770,3.770,,
2024-12-04_14002035069-2,2024-12-04,9:15,2024-12-04,2,2024-12-06,1000.000,3.750,3.750,3.750,,
2024-12-04_14002035069-3,2024-12-04,9:15,2024-12-04,5,2024-12-09,1800.000,3.754,3.750,3.770,,
2024-12-05_14002035442,2024-12-05,9:15,2024-12-05,,,,,,,,
2024-12-05_14002035442-1,2024-12-05,9:15,2024-12-05,1,2024-12-06,750.000,3.750,3.750,3.750,,
2024-12-05_14002035442-2,2024-12-05,9:15,2024-12-05,4,2024-12-09,400.000,3.750,3.750,3.750,,
2024-12-05_14002035442-3,2024-12-05,9:15,2024-12-05,5,2024-12-10,1650.000,3.750,3.750,3.750,,
2024-12-06_14002035443,2024-12-06,9:15,2024-12-06,,,,,,,,
2024-12-06_14002035443-1,2024-12-06,9:15,2024-12-06,3,2024-12-09,100.000,3.750,3.750,3.750,,
2024-12-06_14002035443-2,2024-12-06,9:15,2024-12-06,4,2024-12-10,1000.000,3.750,3.750,3.750,,
2024-12-06_14002035443-3,2024-12-06,9:15,2024-12-06,5,2024-12-11,2150.000,3.750,3.750,3.750,,
2024-12-09_14002035859,2024-12-09,9:15,2024-12-09,,,,,,,,
2024-12-09_14002035859-1,2024-12-09,9:15,2024-12-09,1,2024-12-10,1700.000,3.750,3.750,3.750,,
2024-12-09_14002035859-2,2024-12-09,9:15,2024-12-09,2,2024-12-11,375.000,3.750,3.750,3.750,,
2024-12-09_14002035859-3,2024-12-09,9:15,2024-12-09,3,2024-12-12,900.000,3.750,3.750,3.750,,
2024-12-10_14002035841,2024-12-10,9:15,2024-12-10,,,,,,,,
2024-12-10_14002035841-1,2024-12-10,9:15,2024-12-10,1,2024-12-11,400.000,3.750,3.750,3.750,,
2024-12-10_14002035841-2,2024-12-10,9:15,2024-12-10,2,2024-12-12,350.000,3.750,3.750,3.750,,
2024-12-10_14002035841-3,2024-12-10,9:15,2024-12-10,3,2024-12-13,150.000,3.750,3.750,3.750,,
2024-12-11_14002035842,2024-12-11,10:00,2024-12-11,,,,,,,,
2024-12-11_14002035842-1,2024-12-11,10:00,2024-12-11,1,2024-12-12,800.000,3.750,3.750,3.750,,
2024-12-11_14002035842-2,2024-12-11,10:00,2024-12-11,2,2024-12-13,200.000,3.500,3.500,3.500,,
2024-12-11_14002035842-3,2024-12-11,10:00,2024-12-11,5,2024-12-16,150.000,3.360,3.360,3.360,,
2024-12-12_14002035843,2024-12-12,9:15,2024-12-12,,,,,,,,
2024-12-12_14002035843-1,2024-12-12,9:15,2024-12-12,1,2024-12-13,1000.000,3.250,3.250,3.250,,
2024-12-12_14002035843-2,2024-12-12,9:15,2024-12-12,4,2024-12-16,4000.000,3.250,3.250,3.250,,
2024-12-12_14002035843-3,2024-12-12,9:15,2024-12-12,5,2024-12-17,1000.000,3.250,3.250,3.250,,
2024-12-13_14002035845,2024-12-13,9:15,2024-12-13,,,,,,,,
2024-12-13_14002035845-1,2024-12-13,9:15,2024-12-13,3,2024-12-16,0.000,,,,,
2024-12-13_14002035845-2,2024-12-13,9:15,2024-12-13,4,2024-12-17,2500.000,3.250,3.250,3.250,,
2024-12-13_14002035845-3,2024-12-13,9:15,2024-12-13,5,2024-12-18,5000.000,3.250,3.250,3.250,,
2024-12-16_14002035862,2024-12-16,9:15,2024-12-16,,,,,,,,
2024-12-16_14002035862-1,2024-12-16,9:15,2024-12-16,1,2024-12-17,300.000,3.250,3.250,3.250,,
2024-12-16_14002035862-2,2024-12-16,9:15,2024-12-16,2,2024-12-18,3025.000,3.250,3.250,3.250,,
2024-12-16_14002035862-3,2024-12-16,9:15,2024-12-16,3,2024-12-19,4000.000,3.250,3.250,3.260,,
2024-12-17_14002035848,2024-12-17,9:15,2024-12-17,,,,,,,,
2024-12-17_14002035848-1,2024-12-17,9:15,2024-12-17,1,2024-12-18,1250.000,3.250,3.250,3.250,,
2024-12-17_14002035848-2,2024-12-17,9:15,2024-12-17,2,2024-12-19,2000.000,3.262,3.250,3.270,,
2024-12-18_14002035864,2024-12-18,9:15,2024-12-18,,,,,,,,
2024-12-18_14002035864-1,2024-12-18,9:15,2024-12-18,1,2024-12-19,1500.000,3.300,3.300,3.300,,
2024-12-19_14002035865,2024-12-19,9:15,2024-12-19,,,,,,,,
2024-12-19_14002035865-1,2024-12-19,9:15,2024-12-19,1,2024-12-20,5000.000,3.310,3.310,3.310,,
2024-12-19_14002035865-2,2024-12-19,9:15,2024-12-19,4,2024-12-23,1000.000,3.310,3.310,3.310,,
2024-12-19_14002035865-3,2024-12-19,9:15,2024-12-19,5,2024-12-24,1000.000,3.310,3.310,3.310,,
2024-12-20_14002035854,2024-12-20,9:15,2024-12-20,,,,,,,,
2024-12-20_14002035854-1,2024-12-20,9:15,2024-12-20,3,2024-12-23,3500.000,3.329,3.320,3.350,,
2024-12-23_14002035868,2024-12-23,9:15,2024-12-23,,,,,,,,
2024-12-23_14002035868-1,2024-12-23,9:15,2024-12-23,1,2024-12-24,4000.000,3.299,3.290,3.330,,
2024-12-24_14002035857,2024-12-24,9:15,2024-12-24,,,,,,,,
2024-12-24_14002035857-1,2024-12-24,9:15,2024-12-24,3,2024-12-27,3500.000,3.278,3.270,3.300,,
2024-12-27_14002035872,2024-12-27,9:15,2024-12-27,,,,,,,,
2024-12-27_14002035872-1,2024-12-27,9:15,2024-12-27,3,2024-12-30,600.000,3.255,3.250,3.280,,
2024-12-27_14002035872-2,2024-12-27,9:15,2024-12-27,4,2024-12-31,1400.000,3.261,3.250,3.290,,
2024-12-30_14002035875,2024-12-30,9:15,2024-12-30,,,,,,,,
2024-12-30_14002035875-1,2024-12-30,9:15,2024-12-30,1,2024-12-31,1450.000,3.258,3.250,3.270,,
2024-12-31_14002036239,2024-12-31,9:15,2024-12-31,,,,,,,,
2024-12-31_14002036239-1,2024-12-31,9:15,2024-12-31,2,2025-01-02,1000.000,3.250,3.250,3.250,,
2024-12-31_14002036239-2,2024-12-31,9:15,2024-12-31,3,2025-01-03,0.000,,,,,
2025-01-02_14002036260,2025-01-02,9:15,2025-01-02,,,,,,,,
2025-01-02_14002036260-1,2025-01-02,9:15,2025-01-02,1,2025-01-03,2400.000,3.250,3.250,3.250,,
2025-01-02_14002036260-2,2025-01-02,9:15,2025-01-02,4,2025-01-06,575.000,3.250,3.250,3.250,,
2025-01-02_14002036260-3,2025-01-02,9:15,2025-01-02,5,2025-01-07,1005.000,3.254,3.250,3.260,,
2025-01-03_14002036242,2025-01-03,9:15,2025-01-03,,,,,,,,
2025-01-03_14002036242-1,2025-01-03,9:15,2025-01-03,3,2025-01-06,2750.000,3.257,3.250,3.260,,
2025-01-06_14002036262,2025-01-06,9:15,2025-01-06,,,,,,,,
2025-01-06_14002036262-1,2025-01-06,9:15,2025-01-06,1,2025-01-07,1175.000,3.259,3.250,3.260,,
2025-01-06_14002036262-2,2025-01-06,9:15,2025-01-06,2,2025-01-08,450.000,3.250,3.250,3.250,,
2025-01-06_14002036262-3,2025-01-06,9:15,2025-01-06,3,2025-01-09,500.000,3.250,3.250,3.250,,
2025-01-07_14002036265,2025-01-07,9:15,2025-01-07,,,,,,,,
2025-01-07_14002036265-1,2025-01-07,9:15,2025-01-07,1,2025-01-08,1500.000,3.260,3.260,3.260,,
2025-01-07_14002036265-2,2025-01-07,9:15,2025-01-07,2,2025-01-09,150.000,3.250,3.250,3.250,,
2025-01-07_14002036265-3,2025-01-07,9:15,2025-01-07,3,2025-01-10,300.000,3.250,3.250,3.250,,
2025-01-08_14002036245,2025-01-08,9:15,2025-01-08,,,,,,,,
2025-01-08_14002036245-1,2025-01-08,9:15,2025-01-08,1,2025-01-09,0.000,,,,,
2025-01-08_14002036245-2,2025-01-08,9:15,2025-01-08,2,2025-01-10,0.000,,,,,
2025-01-08_14002036245-3,2025-01-08,9:15,2025-01-08,5,2025-01-13,0.000,,,,,
2025-01-09_14002036247,2025-01-09,9:15,2025-01-09,,,,,,,,
2025-01-09_14002036247-1,2025-01-09,9:15,2025-01-09,1,2025-01-10,1750.000,3.250,3.250,3.250,,
2025-01-09_14002036247-2,2025-01-09,9:15,2025-01-09,4,2025-01-13,1150.000,3.250,3.250,3.250,,
2025-01-09_14002036247-3,2025-01-09,9:15,2025-01-09,5,2025-01-14,1350.000,3.250,3.250,3.250,,
2025-01-10_14002036249,2025-01-10,9:15,2025-01-10,,,,,,,,
2025-01-10_14002036249-1,2025-01-10,9:15,2025-01-10,3,2025-01-13,3000.000,3.262,3.250,3.270,,
2025-01-10_14002036249-2,2025-01-10,9:15,2025-01-10,4,2025-01-14,1000.000,3.250,3.250,3.250,,
2025-01-10_14002036249-3,2025-01-10,9:15,2025-01-10,5,2025-01-15,2600.000,3.250,3.250,3.250,,
2025-01-13_14002036267,2025-01-13,9:15,2025-01-13,,,,,,,,
2025-01-13_14002036267-1,2025-01-13,9:15,2025-01-13,1,2025-01-14,1550.000,3.250,3.250,3.250,,
2025-01-13_14002036267-2,2025-01-13,9:15,2025-01-13,2,2025-01-15,0.000,,,,,
2025-01-13_14002036267-3,2025-01-13,9:15,2025-01-13,3,2025-01-16,1850.000,3.250,3.250,3.250,,
2025-01-14_14002036270,2025-01-14,9:15,2025-01-14,,,,,,,,
2025-01-14_14002036270-1,2025-01-14,9:15,2025-01-14,1,2025-01-15,1950.000,3.250,3.250,3.250,,
2025-01-14_14002036270-2,2025-01-14,9:15,2025-01-14,2,2025-01-16,200.000,3.250,3.250,3.250,,
2025-01-14_14002036270-3,2025-01-14,9:15,2025-01-14,3,2025-01-17,600.000,3.250,3.250,3.250,,
2025-01-15_14002036272,2025-01-15,9:15,2025-01-15,,,,,,,,
2025-01-15_14002036272-1,2025-01-15,9:15,2025-01-15,1,2025-01-16,2500.000,3.258,3.250,3.260,,
2025-01-15_14002036272-2,2025-01-15,9:15,2025-01-15,2,2025-01-17,1200.000,3.257,3.250,3.260,,
2025-01-15_14002036272-3,2025-01-15,9:15,2025-01-15,5,2025-01-20,2450.000,3.250,3.250,3.250,,
2025-01-16_14002036252,2025-01-16,9:15,2025-01-16,,,,,,,,
2025-01-16_14002036252-1,2025-01-16,9:15,2025-01-16,1,2025-01-17,1200.000,3.267,3.250,3.270,,
2025-01-16_14002036252-2,2025-01-16,9:15,2025-01-16,4,2025-01-20,0.000,,,,,
2025-01-16_14002036252-3,2025-01-16,9:15,2025-01-16,5,2025-01-21,1350.000,3.250,3.250,3.250,,
2025-01-17_14002036254,2025-01-17,9:15,2025-01-17,,,,,,,,
2025-01-17_14002036254-1,2025-01-17,9:15,2025-01-17,3,2025-01-20,3600.000,3.254,3.250,3.260,,
2025-01-17_14002036254-2,2025-01-17,9:15,2025-01-17,4,2025-01-21,0.000,,,,,
2025-01-17_14002036254-3,2025-01-17,9:15,2025-01-17,5,2025-01-22,950.000,3.250,3.250,3.250,,
2025-01-20_14002036257,2025-01-20,9:15,2025-01-20,,,,,,,,
2025-01-20_14002036257-1,2025-01-20,9:15,2025-01-20,1,2025-01-21,4000.000,3.259,3.250,3.270,,
2025-01-20_14002036257-2,2025-01-20,9:15,2025-01-20,2,2025-01-22,1500.000,3.250,3.250,3.250,,
2025-01-20_14002036257-3,2025-01-20,9:15,2025-01-20,3,2025-01-23,1350.000,3.254,3.250,3.260,,
2025-01-21_14002036639,2025-01-21,9:15,2025-01-21,,,,,,,,
2025-01-21_14002036639-1,2025-01-21,9:15,2025-01-21,1,2025-01-22,1050.000,3.250,3.250,3.250,,
2025-01-21_14002036639-2,2025-01-21,9:15,2025-01-21,2,2025-01-23,0.000,,,,,
2025-01-21_14002036639-3,2025-01-21,9:15,2025-01-21,3,2025-01-24,1250.000,3.250,3.250,3.250,,
2025-01-22_14002036642,2025-01-22,9:15,2025-01-22,,,,,,,,
2025-01-22_14002036642-1,2025-01-22,9:15,2025-01-22,1,2025-01-23,500.000,3.250,3.250,3.250,,
2025-01-22_14002036642-2,2025-01-22,9:15,2025-01-22,2,2025-01-24,150.000,3.250,3.250,3.250,,
2025-01-22_14002036642-3,2025-01-22,9:15,2025-01-22,5,2025-01-27,1100.000,3.250,3.250,3.250,,
2025-01-23_14002036644,2025-01-23,9:15,2025-01-23,,,,,,,,
2025-01-23_14002036644-1,2025-01-23,9:15,2025-01-23,1,2025-01-24,1150.000,3.250,3.250,3.250,,
2025-01-23_14002036644-2,2025-01-23,9:15,2025-01-23,4,2025-01-27,350.000,3.250,3.250,3.250,,
2025-01-23_14002036644-3,2025-01-23,9:15,2025-01-23,5,2025-01-28,250.000,3.250,3.250,3.250,,
2025-01-24_14002036646,2025-01-24,9:15,2025-01-24,,,,,,,,
2025-01-24_14002036646-1,2025-01-24,9:15,2025-01-24,3,2025-01-27,500.000,3.250,3.250,3.250,,
2025-01-24_14002036646-2,2025-01-24,9:15,2025-01-24,4,2025-01-28,0.000,,,,,
2025-01-24_14002036646-3,2025-01-24,9:15,2025-01-24,5,2025-01-29,1300.000,3.250,3.250,3.250,,
2025-01-27_14002036663,2025-01-27,9:15,2025-01-27,,,,,,,,
2025-01-27_14002036663-1,2025-01-27,9:15,2025-01-27,1,2025-01-28,3750.000,3.263,3.250,3.270,,
2025-01-27_14002036663-2,2025-01-27,9:15,2025-01-27,2,2025-01-29,1000.000,3.250,3.250,3.250,,
2025-01-27_14002036663-3,2025-01-27,9:15,2025-01-27,3,2025-01-30,300.000,3.250,3.250,3.250,,
2025-01-28_14002037040,2025-01-28,9:15,2025-01-28,,,,,,,,
2025-01-28_14002037040-1,2025-01-28,9:15,2025-01-28,1,2025-01-29,1350.000,3.257,3.250,3.260,,
2025-01-28_14002037040-2,2025-01-28,9:15,2025-01-28,2,2025-01-30,1000.000,3.250,3.250,3.250,,
2025-01-28_14002037040-3,2025-01-28,9:15,2025-01-28,3,2025-01-31,50.000,3.250,3.250,3.250,,
2025-01-29_14002037441,2025-01-29,10:00,2025-01-29,,,,,,,,
2025-01-29_14002037441-1,2025-01-29,10:00,2025-01-29,1,2025-01-30,4100.000,3.265,3.250,3.270,,
2025-01-29_14002037441-2,2025-01-29,10:00,2025-01-29,2,2025-01-31,150.000,3.140,3.140,3.140,,
2025-01-29_14002037441-3,2025-01-29,10:00,2025-01-29,5,2025-02-03,500.000,3.100,3.100,3.100,,
2025-01-30_14002037044,2025-01-30,9:15,2025-01-30,,,,,,,,
2025-01-30_14002037044-1,2025-01-30,9:15,2025-01-30,1,2025-01-31,2600.000,2.959,2.950,2.970,,
2025-01-30_14002037044-2,2025-01-30,9:15,2025-01-30,4,2025-02-03,800.000,2.950,2.950,2.950,,
2025-01-30_14002037044-3,2025-01-30,9:15,2025-01-30,5,2025-02-04,5000.000,2.950,2.950,2.950,,
2025-01-31_14002037444,2025-01-31,9:15,2025-01-31,,,,,,,,
2025-01-31_14002037444-1,2025-01-31,9:15,2025-01-31,3,2025-02-03,9300.000,2.952,2.950,2.970,,
2025-02-03_14002037048,2025-02-03,9:15,2025-02-03,,,,,,,,
2025-02-03_14002037048-1,2025-02-03,9:15,2025-02-03,1,2025-02-04,1500.000,2.966,2.950,2.990,,
2025-02-04_14002037446,2025-02-04,9:15,2025-02-04,,,,,,,,
2025-02-04_14002037446-1,2025-02-04,9:15,2025-02-04,1,2025-02-05,3000.000,2.950,2.950,2.950,,
2025-02-04_14002037446-2,2025-02-04,9:15,2025-02-04,2,2025-02-06,3000.000,2.950,2.950,2.950,,
2025-02-04_14002037446-3,2025-02-04,9:15,2025-02-04,3,2025-02-07,3000.000,2.950,2.950,2.950,,
2025-02-05_14002037447,2025-02-05,9:15,2025-02-05,,,,,,,,
2025-02-05_14002042251-1,2025-02-05,9:15,2025-02-05,1,2025-02-06,2300.000,2.953,2.950,2.970,,
2025-02-05_14002042252-2,2025-02-05,9:15,2025-02-05,2,2025-02-07,2516.000,2.950,2.950,2.960,,
2025-02-05_14002042253-3,2025-02-05,9:15,2025-02-05,5,2025-02-10,4000.000,2.950,2.950,2.960,,
2025-02-06_14002037051,2025-02-06,9:15,2025-02-06,,,,,,,,
2025-02-06_14002037051-1,2025-02-06,9:15,2025-02-06,1,2025-02-07,1184.000,2.950,2.950,2.950,,
2025-02-06_14002037051-2,2025-02-06,9:15,2025-02-06,4,2025-02-10,3000.000,2.950,2.950,2.950,,
2025-02-06_14002037051-3,2025-02-06,9:15,2025-02-06,5,2025-02-11,5000.000,2.950,2.950,2.950,,
2025-02-07_14002037052,2025-02-07,9:15,2025-02-07,,,,,,,,
2025-02-07_14002037052-1,2025-02-07,9:15,2025-02-07,3,2025-02-10,1934.000,2.950,2.950,2.950,,
2025-02-07_14002037052-2,2025-02-07,9:15,2025-02-07,4,2025-02-11,3540.000,2.950,2.950,2.950,,
2025-02-07_14002037052-3,2025-02-07,9:15,2025-02-07,5,2025-02-12,5919.000,2.950,2.950,2.960,,
2025-02-10_14002037448,2025-02-10,9:15,2025-02-10,,,,,,,,
2025-02-10_14002037448-1,2025-02-10,9:15,2025-02-10,1,2025-02-11,2000.000,2.958,2.950,2.960,,
2025-02-10_14002037448-2,2025-02-10,9:15,2025-02-10,2,2025-02-12,3000.000,2.950,2.950,2.950,,
2025-02-10_14002037448-3,2025-02-10,9:15,2025-02-10,3,2025-02-13,6000.000,2.950,2.950,2.950,,
2025-02-11_14002037053,2025-02-11,9:15,2025-02-11,,,,,,,,
2025-02-11_14002037053-1,2025-02-11,9:15,2025-02-11,1,2025-02-12,1700.000,2.950,2.950,2.950,,
2025-02-11_14002037053-2,2025-02-11,9:15,2025-02-11,2,2025-02-13,3710.000,2.950,2.950,2.950,,
2025-02-11_14002037053-3,2025-02-11,9:15,2025-02-11,3,2025-02-14,6000.000,2.950,2.950,2.960,,
2025-02-12_14002037449,2025-02-12,9:15,2025-02-12,,,,,,,,
2025-02-12_14002037449-1,2025-02-12,9:15,2025-02-12,1,2025-02-13,3550.000,2.951,2.950,2.960,,
2025-02-12_14002037449-2,2025-02-12,9:15,2025-02-12,2,2025-02-14,5000.000,2.950,2.950,2.960,,
2025-02-13_14002037450,2025-02-13,9:15,2025-02-13,,,,,,,,
2025-02-13_14002037450-1,2025-02-13,9:15,2025-02-13,1,2025-02-14,5000.000,2.950,2.950,2.950,,
2025-02-13_14002037450-2,2025-02-13,9:15,2025-02-13,5,2025-02-18,5000.000,2.950,2.950,2.960,,
2025-02-14_14002037054,2025-02-14,9:15,2025-02-14,,,,,,,,
2025-02-14_14002037054-1,2025-02-14,9:15,2025-02-14,4,2025-02-18,5400.000,2.951,2.950,2.960,,
2025-02-14_14002037054-2,2025-02-14,9:15,2025-02-14,5,2025-02-19,6000.000,2.950,2.950,2.960,,
2025-02-14_14002037054-3,2025-02-14,9:15,2025-02-14,6,2025-02-20,6000.000,2.952,2.950,2.960,,
2025-02-18_14002037839,2025-02-18,9:15,2025-02-18,,,,,,,,
2025-02-18_14002037839-1,2025-02-18,9:15,2025-02-18,1,2025-02-19,2900.000,2.951,2.950,2.960,,
2025-02-18_14002037839-2,2025-02-18,9:15,2025-02-18,2,2025-02-20,1800.000,2.950,2.950,2.950,,
2025-02-18_14002037839-3,2025-02-18,9:15,2025-02-18,3,2025-02-21,4000.000,2.950,2.950,2.960,,
2025-02-19_14002037840,2025-02-19,9:15,2025-02-19,,,,,,,,
2025-02-19_14002037840-1,2025-02-19,9:15,2025-02-19,1,2025-02-20,2200.000,2.952,2.950,2.960,,
2025-02-19_14002037840-2,2025-02-19,9:15,2025-02-19,2,2025-02-21,1800.000,2.950,2.950,2.950,,
2025-02-19_14002037840-3,2025-02-19,9:15,2025-02-19,5,2025-02-24,3000.000,2.953,2.950,2.960,,
2025-02-20_14002037841,2025-02-20,9:15,2025-02-20,,,,,,,,
2025-02-20_14002037841-1,2025-02-20,9:15,2025-02-20,1,2025-02-21,400.000,2.960,2.960,2.960,,
2025-02-20_14002037841-2,2025-02-20,9:15,2025-02-20,4,2025-02-24,4000.000,2.950,2.950,2.950,,
2025-02-20_14002037841-3,2025-02-20,9:15,2025-02-20,5,2025-02-25,1650.000,2.951,2.950,2.960,,
2025-02-21_14002038239,2025-02-21,9:15,2025-02-21,,,,,,,,
2025-02-21_14002038239-1,2025-02-21,9:15,2025-02-21,3,2025-02-24,500.000,2.950,2.950,2.950,,
2025-02-21_14002038239-2,2025-02-21,9:15,2025-02-21,4,2025-02-25,2300.000,2.950,2.950,2.950,,
2025-02-21_14002038239-3,2025-02-21,9:15,2025-02-21,5,2025-02-26,4000.000,2.950,2.950,2.950,,
2025-02-24_14002038259,2025-02-24,9:15,2025-02-24,,,,,,,,
2025-02-24_14002038259-1,2025-02-24,9:15,2025-02-24,1,2025-02-25,0.000,,,,,
2025-02-24_14002038259-2,2025-02-24,9:15,2025-02-24,2,2025-02-26,3664.000,2.950,2.950,2.950,,
2025-02-24_14002038259-3,2025-02-24,9:15,2025-02-24,3,2025-02-27,2650.000,2.951,2.950,2.960,,
2025-02-25_14002039039,2025-02-25,9:15,2025-02-25,,,,,,,,
2025-02-25_14002039039-1,2025-02-25,9:15,2025-02-25,1,2025-02-26,350.000,2.950,2.950,2.950,,
2025-02-25_14002039039-2,2025-02-25,9:15,2025-02-25,2,2025-02-27,0.000,,,,,
2025-02-25_14002039039-3,2025-02-25,9:15,2025-02-25,3,2025-02-28,4000.000,2.950,2.950,2.950,,
2025-02-26_14002039059,2025-02-26,9:15,2025-02-26,,,,,,,,
2025-02-26_14002039059-1,2025-02-26,9:15,2025-02-26,1,2025-02-27,5000.000,2.954,2.950,2.960,,
2025-02-26_14002039059-2,2025-02-26,9:15,2025-02-26,2,2025-02-28,2570.000,2.950,2.950,2.950,,
2025-02-26_14002039059-3,2025-02-26,9:15,2025-02-26,5,2025-03-03,5000.000,2.950,2.950,2.950,,
2025-02-27_14002039041,2025-02-27,9:15,2025-02-27,,,,,,,,
2025-02-27_14002039041-1,2025-02-27,9:15,2025-02-27,1,2025-02-28,3000.000,2.952,2.950,2.960,,
2025-02-27_14002039041-2,2025-02-27,9:15,2025-02-27,4,2025-03-03,3000.000,2.950,2.950,2.950,,
2025-02-28_14002039042,2025-02-28,9:15,2025-02-28,,,,,,,,
2025-02-28_14002039042-1,2025-02-28,9:15,2025-02-28,3,2025-03-03,6000.000,2.960,2.960,2.960,,
2025-03-03_14002039060,2025-03-03,9:15,2025-03-03,,,,,,,,
2025-03-03_14002039060-1,2025-03-03,9:15,2025-03-03,1,2025-03-04,5000.000,2.970,2.970,2.970,,
2025-03-04_14002039439,2025-03-04,9:15,2025-03-04,,,,,,,,
2025-03-04_14002039439-1,2025-03-04,9:15,2025-03-04,1,2025-03-05,3000.000,2.975,2.970,2.980,,
2025-03-04_14002039439-2,2025-03-04,9:15,2025-03-04,2,2025-03-06,4000.000,2.975,2.970,2.990,,
2025-03-04_14002039439-3,2025-03-04,9:15,2025-03-04,3,2025-03-07,4000.000,2.969,2.960,2.980,,
2025-03-05_14002039459,2025-03-05,9:15,2025-03-05,,,,,,,,
2025-03-05_14002039459-1,2025-03-05,9:15,2025-03-05,1,2025-03-06,5500.000,2.968,2.950,2.970,,
2025-03-05_14002039459-2,2025-03-05,9:15,2025-03-05,2,2025-03-07,7000.000,2.970,2.960,2.970,,
2025-03-05_14002039459-3,2025-03-05,9:15,2025-03-05,5,2025-03-10,5000.000,2.980,2.980,2.980,,
2025-03-06_14002039460,2025-03-06,9:15,2025-03-06,,,,,,,,
2025-03-06_14002039460-1,2025-03-06,9:15,2025-03-06,1,2025-03-07,3000.000,2.960,2.950,2.980,,
2025-03-06_14002039460-2,2025-03-06,9:15,2025-03-06,4,2025-03-10,3675.000,2.959,2.950,2.980,,
2025-03-06_14002039460-3,2025-03-06,9:15,2025-03-06,5,2025-03-11,4000.000,2.956,2.950,2.980,,
2025-03-07_14002039461,2025-03-07,9:15,2025-03-07,,,,,,,,
2025-03-07_14002039461-1,2025-03-07,9:15,2025-03-07,3,2025-03-10,5625.000,2.953,2.950,2.970,,
2025-03-07_14002039461-2,2025-03-07,9:15,2025-03-07,4,2025-03-11,3450.000,2.955,2.950,2.960,,
2025-03-07_14002039461-3,2025-03-07,9:15,2025-03-07,5,2025-03-12,6000.000,2.954,2.950,2.970,,
2025-03-10_14002039479,2025-03-10,9:15,2025-03-10,,,,,,,,
2025-03-10_14002039479-1,2025-03-10,9:15,2025-03-10,1,2025-03-11,5100.000,2.952,2.950,2.960,,
2025-03-10_14002039479-2,2025-03-10,9:15,2025-03-10,2,2025-03-12,4850.000,2.950,2.950,2.950,,
2025-03-10_14002039479-3,2025-03-10,9:15,2025-03-10,3,2025-03-13,6000.000,2.958,2.950,2.970,,
2025-03-11_14002039499,2025-03-11,9:15,2025-03-11,,,,,,,,
2025-03-11_14002039499-1,2025-03-11,9:15,2025-03-11,1,2025-03-12,4500.000,2.958,2.950,2.970,,
2025-03-11_14002039499-2,2025-03-11,9:15,2025-03-11,2,2025-03-13,4000.000,2.960,2.960,2.960,,
2025-03-11_14002039499-3,2025-03-11,9:15,2025-03-11,3,2025-03-14,4000.000,2.881,2.880,2.900,,
2025-03-12_14002039500,2025-03-12,10:00,2025-03-12,,,,,,,,
2025-03-12_14002039500-1,2025-03-12,10:00,2025-03-12,1,2025-03-13,5000.000,2.999,2.970,3.010,,
2025-03-12_14002039500-2,2025-03-12,10:00,2025-03-12,2,2025-03-14,6000.000,2.864,2.850,2.880,,
2025-03-12_14002039500-3,2025-03-12,10:00,2025-03-12,5,2025-03-17,6000.000,2.800,2.800,2.800,,
2025-03-13_14002039840,2025-03-13,9:15,2025-03-13,,,,,,,,
2025-03-13_14002039840-1,2025-03-13,9:15,2025-03-13,1,2025-03-14,3000.000,2.720,2.700,2.750,,
2025-03-13_14002039840-2,2025-03-13,9:15,2025-03-13,4,2025-03-17,5000.000,2.738,2.710,2.760,,
2025-03-13_14002039840-3,2025-03-13,9:15,2025-03-13,5,2025-03-18,5000.000,2.725,2.710,2.770,,
2025-03-14_14002039502,2025-03-14,9:15,2025-03-14,,,,,,,,
2025-03-14_14002039502-1,2025-03-14,9:15,2025-03-14,3,2025-03-17,2700.000,2.709,2.700,2.750,,
2025-03-14_14002039502-2,2025-03-14,9:15,2025-03-14,4,2025-03-18,6000.000,2.707,2.700,2.740,,
2025-03-14_14002039502-3,2025-03-14,9:15,2025-03-14,5,2025-03-19,6000.000,2.708,2.700,2.750,,
2025-03-17_14002039503,2025-03-17,9:15,2025-03-17,,,,,,,,
2025-03-17_14002039503-1,2025-03-17,9:15,2025-03-17,1,2025-03-18,4650.000,2.711,2.700,2.740,,
2025-03-17_14002039503-2,2025-03-17,9:15,2025-03-17,2,2025-03-19,5000.000,2.706,2.700,2.720,,
2025-03-17_14002039503-3,2025-03-17,9:15,2025-03-17,3,2025-03-20,5000.000,2.718,2.700,2.740,,
2025-03-18_14002039504,2025-03-18,9:15,2025-03-18,,,,,,,,
2025-03-18_14002039504-1,2025-03-18,9:15,2025-03-18,1,2025-03-19,4308.000,2.704,2.700,2.740,,
2025-03-18_14002039504-2,2025-03-18,9:15,2025-03-18,2,2025-03-20,2500.000,2.710,2.700,2.720,,
2025-03-18_14002039504-3,2025-03-18,9:15,2025-03-18,3,2025-03-21,6000.000,2.704,2.700,2.730,,
2025-03-19_14002039841,2025-03-19,9:15,2025-03-19,,,,,,,,
2025-03-19_14002039841-1,2025-03-19,9:15,2025-03-19,1,2025-03-20,2500.000,2.705,2.700,2.730,,
2025-03-19_14002039841-2,2025-03-19,9:15,2025-03-19,2,2025-03-21,3100.000,2.704,2.700,2.730,,
2025-03-19_14002039841-3,2025-03-19,9:15,2025-03-19,5,2025-03-24,3150.000,2.708,2.700,2.730,,
2025-03-20_14002039505,2025-03-20,9:15,2025-03-20,,,,,,,,
2025-03-20_14002039505-1,2025-03-20,9:15,2025-03-20,1,2025-03-21,2400.000,2.703,2.700,2.720,,
2025-03-20_14002039505-2,2025-03-20,9:15,2025-03-20,4,2025-03-24,4000.000,2.703,2.700,2.710,,
2025-03-20_14002039505-3,2025-03-20,9:15,2025-03-20,5,2025-03-25,4025.000,2.703,2.700,2.720,,
2025-03-21_14002039506,2025-03-21,9:15,2025-03-21,,,,,,,,
2025-03-21_14002039506-1,2025-03-21,9:15,2025-03-21,3,2025-03-24,1300.000,2.702,2.700,2.710,,
2025-03-21_14002039506-2,2025-03-21,9:15,2025-03-21,4,2025-03-25,2500.000,2.700,2.700,2.700,,
2025-03-21_14002039506-3,2025-03-21,9:15,2025-03-21,5,2025-03-26,3300.000,2.700,2.700,2.710,,
2025-03-24_14002039507,2025-03-24,9:15,2025-03-24,,,,,,,,
2025-03-24_14002039507-1,2025-03-24,9:15,2025-03-24,1,2025-03-25,1150.000,2.703,2.700,2.720,,
2025-03-24_14002039507-2,2025-03-24,9:15,2025-03-24,2,2025-03-26,1000.000,2.700,2.700,2.700,,
2025-03-24_14002039507-3,2025-03-24,9:15,2025-03-24,3,2025-03-27,3650.000,2.704,2.700,2.720,,
2025-03-25_14002039508,2025-03-25,9:15,2025-03-25,,,,,,,,
2025-03-25_14002039508-1,2025-03-25,9:15,2025-03-25,1,2025-03-26,1000.000,2.705,2.700,2.720,,
2025-03-25_14002039508-2,2025-03-25,9:15,2025-03-25,2,2025-03-27,350.000,2.700,2.700,2.700,,
2025-03-25_14002039508-3,2025-03-25,9:15,2025-03-25,3,2025-03-28,2150.000,2.701,2.700,2.720,,
2025-03-26_14002039842,2025-03-26,9:15,2025-03-26,,,,,,,,
2025-03-26_14002039842-1,2025-03-26,9:15,2025-03-26,1,2025-03-27,4900.000,2.705,2.700,2.720,,
2025-03-26_14002039842-2,2025-03-26,9:15,2025-03-26,2,2025-03-28,400.000,2.700,2.700,2.700,,
2025-03-26_14002039842-3,2025-03-26,9:15,2025-03-26,5,2025-03-31,5000.000,2.703,2.700,2.720,,
2025-03-27_14002039510,2025-03-27,9:15,2025-03-27,,,,,,,,
2025-03-27_14002039510-1,2025-03-27,9:15,2025-03-27,1,2025-03-28,4000.000,2.720,2.710,2.730,,
2025-03-27_14002039510-2,2025-03-27,9:15,2025-03-27,4,2025-03-31,4000.000,2.716,2.700,2.730,,
2025-03-28_14002039511,2025-03-28,9:15,2025-03-28,,,,,,,,
2025-03-28_14002039511-1,2025-03-28,9:15,2025-03-28,3,2025-03-31,3500.000,2.703,2.700,2.730,,
2025-03-28_14002039511-2,2025-03-28,9:15,2025-03-28,4,2025-04-01,4850.000,2.714,2.700,2.730,,
2025-03-31_14002040239,2025-03-31,9:15,2025-03-31,,,,,,,,
2025-03-31_14002040239-1,2025-03-31,9:15,2025-03-31,1,2025-04-01,11000.000,2.704,2.700,2.730,,
2025-04-01_14002040259,2025-04-01,9:15,2025-04-01,,,,,,,,
2025-04-01_14002040259-1,2025-04-01,9:15,2025-04-01,1,2025-04-02,3000.000,2.735,2.730,2.750,,
2025-04-02_14002040260,2025-04-02,9:15,2025-04-02,,,,,,,,
2025-04-02_14002040260-1,2025-04-02,9:15,2025-04-02,1,2025-04-03,3000.000,2.743,2.740,2.750,,
2025-04-03_14002040261,2025-04-03,9:15,2025-04-03,,,,,,,,
2025-04-03_14002040261-1,2025-04-03,9:15,2025-04-03,1,2025-04-04,2000.000,2.716,2.710,2.750,,
2025-04-03_14002040261-2,2025-04-03,9:15,2025-04-03,4,2025-04-07,1247.000,2.710,2.700,2.750,,
2025-04-03_14002040261-3,2025-04-03,9:15,2025-04-03,5,2025-04-08,5000.000,2.714,2.700,2.750,,
2025-04-04_14002040262,2025-04-04,9:15,2025-04-04,,,,,,,,
2025-04-04_14002040262-1,2025-04-04,9:15,2025-04-04,3,2025-04-07,2000.000,2.711,2.710,2.720,,
2025-04-04_14002040262-2,2025-04-04,9:15,2025-04-04,4,2025-04-08,0.000,,,,,
2025-04-04_14002040262-3,2025-04-04,9:15,2025-04-04,5,2025-04-09,3453.000,2.709,2.700,2.730,,
2025-04-07_14002040263,2025-04-07,9:15,2025-04-07,,,,,,,,
2025-04-07_14002040263-1,2025-04-07,9:15,2025-04-07,1,2025-04-08,2000.000,2.708,2.700,2.710,,
2025-04-07_14002040263-2,2025-04-07,9:15,2025-04-07,2,2025-04-09,1000.000,2.710,2.710,2.710,,
2025-04-07_14002040263-3,2025-04-07,9:15,2025-04-07,3,2025-04-10,898.000,2.716,2.710,2.730,,
2025-04-08_14002040240,2025-04-08,9:15,2025-04-08,,,,,,,,
2025-04-08_14002040240-1,2025-04-08,9:15,2025-04-08,1,2025-04-09,4000.000,2.712,2.700,2.720,,
2025-04-08_14002040240-2,2025-04-08,9:15,2025-04-08,2,2025-04-10,1550.000,2.707,2.700,2.730,,
2025-04-09_14002040265,2025-04-09,9:15,2025-04-09,,,,,,,,
2025-04-09_14002040265-1,2025-04-09,9:15,2025-04-09,1,2025-04-10,2000.000,2.741,2.740,2.750,,
2025-04-10_14002040241,2025-04-10,9:15,2025-04-10,,,,,,,,
2025-04-10_14002040241-1,2025-04-10,9:15,2025-04-10,1,2025-04-11,3000.000,2.740,2.740,2.740,,
2025-04-10_14002040241-2,2025-04-10,9:15,2025-04-10,4,2025-04-14,3500.000,2.723,2.720,2.740,,
2025-04-11_14002040242,2025-04-11,9:15,2025-04-11,,,,,,,,
2025-04-11_14002040242-1,2025-04-11,9:15,2025-04-11,3,2025-04-14,1000.000,2.700,2.700,2.700,,
2025-04-11_14002040242-2,2025-04-11,9:15,2025-04-11,4,2025-04-15,1653.000,2.707,2.700,2.740,,
2025-04-11_14002040242-3,2025-04-11,9:15,2025-04-11,5,2025-04-16,2725.000,2.720,2.710,2.740,,
2025-04-14_14002040266,2025-04-14,9:15,2025-04-14,,,,,,,,
2025-04-14_14002040266-1,2025-04-14,9:15,2025-04-14,1,2025-04-15,2000.000,2.716,2.700,2.730,,
2025-04-14_14002040266-2,2025-04-14,9:15,2025-04-14,2,2025-04-16,395.000,2.707,2.700,2.720,,
2025-04-14_14002040266-3,2025-04-14,9:15,2025-04-14,3,2025-04-17,2353.000,2.709,2.700,2.720,,
2025-04-15_14002040639,2025-04-15,9:15,2025-04-15,,,,,,,,
2025-04-15_14002040639-1,2025-04-15,9:15,2025-04-15,1,2025-04-16,2600.000,2.701,2.700,2.730,,
2025-04-15_14002040639-2,2025-04-15,9:15,2025-04-15,2,2025-04-17,2803.000,2.702,2.700,2.730,,
2025-04-16_14002040659,2025-04-16,10:00,2025-04-16,,,,,,,,
2025-04-16_14002040659-1,2025-04-16,10:00,2025-04-16,1,2025-04-17,2145.000,2.703,2.700,2.740,,
2025-04-17_14002040660,2025-04-17,9:15,2025-04-17,,,,,,,,
2025-04-17_14002040660-1,2025-04-17,9:15,2025-04-17,4,2025-04-21,2215.000,2.702,2.700,2.720,,
2025-04-17_14002040660-2,2025-04-17,9:15,2025-04-17,5,2025-04-22,1035.000,2.706,2.700,2.720,,
2025-04-21_14002040640,2025-04-21,9:15,2025-04-21,,,,,,,,
2025-04-21_14002040640-1,2025-04-21,9:15,2025-04-21,1,2025-04-22,3165.000,2.704,2.700,2.710,,
2025-04-22_14002040641,2025-04-22,10:00,2025-04-22,,,,,,,,
2025-04-22_14002040641-1,2025-04-22,10:00,2025-04-22,1,2025-04-23,2650.000,2.707,2.700,2.720,,
2025-04-23_14002040643,2025-04-23,9:15,2025-04-23,,,,,,,,
2025-04-23_14002040643-1,2025-04-23,9:15,2025-04-23,1,2025-04-24,6150.000,2.701,2.700,2.710,,
2025-04-24_14002040661,2025-04-24,9:15,2025-04-24,,,,,,,,
2025-04-24_14002040661-1,2025-04-24,9:15,2025-04-24,1,2025-04-25,1900.000,2.701,2.700,2.710,,
2025-04-24_14002040661-2,2025-04-24,9:15,2025-04-24,4,2025-04-28,3000.000,2.701,2.700,2.710,,
2025-04-25_14002040662,2025-04-25,9:15,2025-04-25,,,,,,,,
2025-04-25_14002040662-1,2025-04-25,9:15,2025-04-25,3,2025-04-28,1900.000,2.704,2.700,2.710,,
2025-04-25_14002040662-2,2025-04-25,9:15,2025-04-25,4,2025-04-29,1200.000,2.702,2.700,2.710,,
2025-04-28_14002040644,2025-04-28,9:15,2025-04-28,,,,,,,,
2025-04-28_14002040644-1,2025-04-28,9:15,2025-04-28,1,2025-04-29,1000.000,2.700,2.700,2.700,,
2025-04-28_14002040644-2,2025-04-28,9:15,2025-04-28,2,2025-04-30,3000.000,2.701,2.700,2.710,,
2025-04-29_14002040645,2025-04-29,9:15,2025-04-29,,,,,,,,
2025-04-29_14002040645-1,2025-04-29,9:15,2025-04-29,1,2025-04-30,950.000,2.716,2.700,2.720,,
2025-04-29_14002040645-2,2025-04-29,9:15,2025-04-29,2,2025-05-01,3800.000,2.700,2.700,2.700,,
2025-04-30_14002040663,2025-04-30,9:15,2025-04-30,,,,,,,,
2025-04-30_14002040663-1,2025-04-30,9:15,2025-04-30,1,2025-05-01,5250.000,2.716,2.700,2.720,,
2025-05-01_14002040646,2025-05-01,9:15,2025-05-01,,,,,,,,
2025-05-01_14002040646-1,2025-05-01,9:15,2025-05-01,1,2025-05-02,4000.000,2.710,2.700,2.720,,
2025-05-02_14002040664,2025-05-02,9:15,2025-05-02,,,,,,,,
2025-05-02_14002040664-1,2025-05-02,9:15,2025-05-02,3,2025-05-05,150.000,2.710,2.710,2.710,,
2025-05-02_14002040664-2,2025-05-02,9:15,2025-05-02,4,2025-05-06,140.000,2.710,2.710,2.710,,
2025-05-02_14002040664-3,2025-05-02,9:15,2025-05-02,5,2025-05-07,1760.000,2.700,2.700,2.710,,
2025-05-05_14002040666,2025-05-05,9:15,2025-05-05,,,,,,,,
2025-05-05_14002040666-1,2025-05-05,9:15,2025-05-05,1,2025-05-06,2500.000,2.702,2.700,2.710,,
2025-05-05_14002040666-2,2025-05-05,9:15,2025-05-05,2,2025-05-07,200.000,2.700,2.700,2.700,,
2025-05-05_14002040666-3,2025-05-05,9:15,2025-05-05,3,2025-05-08,4400.000,2.700,2.700,2.700,,
2025-05-06_14002040647,2025-05-06,9:15,2025-05-06,,,,,,,,
2025-05-06_14002040647-1,2025-05-06,9:15,2025-05-06,1,2025-05-07,2600.000,2.700,2.700,2.710,,
2025-05-06_14002040647-2,2025-05-06,9:15,2025-05-06,2,2025-05-08,0.000,,,,,
2025-05-06_14002040647-3,2025-05-06,9:15,2025-05-06,3,2025-05-09,940.000,2.703,2.700,2.710,,
2025-05-07_14002040648,2025-05-07,9:15,2025-05-07,,,,,,,,
2025-05-07_14002040648-1,2025-05-07,9:15,2025-05-07,1,2025-05-08,500.000,2.700,2.700,2.700,,
2025-05-07_14002040648-2,2025-05-07,9:15,2025-05-07,2,2025-05-09,0.000,,,,,
2025-05-07_14002040648-3,2025-05-07,9:15,2025-05-07,5,2025-05-12,2660.000,2.700,2.700,2.700,,
2025-05-08_14002040649,2025-05-08,9:15,2025-05-08,,,,,,,,
2025-05-08_14002040649-1,2025-05-08,9:15,2025-05-08,1,2025-05-09,550.000,2.700,2.700,2.700,,
2025-05-08_14002040649-2,2025-05-08,9:15,2025-05-08,4,2025-05-12,500.000,2.700,2.700,2.700,,
2025-05-08_14002040649-3,2025-05-08,9:15,2025-05-08,5,2025-05-13,6450.000,2.700,2.700,2.700,,
2025-05-09_14002040668,2025-05-09,9:15,2025-05-09,,,,,,,,
2025-05-09_14002040668-1,2025-05-09,9:15,2025-05-09,3,2025-05-12,400.000,2.700,2.700,2.700,,
2025-05-09_14002040668-2,2025-05-09,9:15,2025-05-09,4,2025-05-13,0.000,,,,,
2025-05-09_14002040668-3,2025-05-09,9:15,2025-05-09,5,2025-05-14,2240.000,2.700,2.700,2.700,,
2025-05-12_14002041039,2025-05-12,9:15,2025-05-12,,,,,,,,
2025-05-12_14002041039-1,2025-05-12,9:15,2025-05-12,1,2025-05-13,500.000,2.700,2.700,2.700,,
2025-05-12_14002041039-2,2025-05-12,9:15,2025-05-12,2,2025-05-14,0.000,,,,,
2025-05-12_14002041039-3,2025-05-12,9:15,2025-05-12,3,2025-05-15,2810.000,2.700,2.700,2.700,,
2025-05-13_14002041439,2025-05-13,9:15,2025-05-13,,,,,,,,
2025-05-13_14002041439-1,2025-05-13,9:15,2025-05-13,1,2025-05-14,0.000,,,,,
2025-05-13_14002041439-2,2025-05-13,9:15,2025-05-13,2,2025-05-15,100.000,2.700,2.700,2.700,,
2025-05-13_14002041439-3,2025-05-13,9:15,2025-05-13,3,2025-05-16,4950.000,2.700,2.700,2.700,,
2025-05-14_14002041040,2025-05-14,9:15,2025-05-14,,,,,,,,
2025-05-14_14002041040-1,2025-05-14,9:15,2025-05-14,1,2025-05-15,625.000,2.700,2.700,2.700,,
2025-05-14_14002041040-2,2025-05-14,9:15,2025-05-14,2,2025-05-16,200.000,2.700,2.700,2.700,,
2025-05-14_14002041040-3,2025-05-14,9:15,2025-05-14,6,2025-05-20,890.000,2.700,2.700,2.700,,
2025-05-15_14002041041,2025-05-15,9:15,2025-05-15,,,,,,,,
2025-05-15_14002041041-1,2025-05-15,9:15,2025-05-15,1,2025-05-16,3300.000,2.700,2.700,2.700,,
2025-05-15_14002041041-2,2025-05-15,9:15,2025-05-15,5,2025-05-20,0.000,,,,,
2025-05-15_14002041041-3,2025-05-15,9:15,2025-05-15,6,2025-05-21,2260.000,2.700,2.700,2.700,,
2025-05-16_14002041440,2025-05-16,9:15,2025-05-16,,,,,,,,
2025-05-16_14002041440-1,2025-05-16,9:15,2025-05-16,4,2025-05-20,3000.000,2.700,2.700,2.700,,
2025-05-16_14002041440-2,2025-05-16,9:15,2025-05-16,5,2025-05-21,2000.000,2.700,2.700,2.700,,
2025-05-16_14002041440-3,2025-05-16,9:15,2025-05-16,6,2025-05-22,3550.000,2.703,2.700,2.710,,
2025-05-20_14002041042,2025-05-20,9:15,2025-05-20,,,,,,,,
2025-05-20_14002041042-1,2025-05-20,9:15,2025-05-20,1,2025-05-21,3500.000,2.700,2.700,2.700,,
2025-05-20_14002041042-2,2025-05-20,9:15,2025-05-20,2,2025-05-22,2000.000,2.700,2.700,2.700,,
2025-05-20_14002041042-3,2025-05-20,9:15,2025-05-20,3,2025-05-23,2940.000,2.700,2.700,2.700,,
2025-05-21_14002041043,2025-05-21,9:15,2025-05-21,,,,,,,,
2025-05-21_14002041043-1,2025-05-21,9:15,2025-05-21,1,2025-05-22,6000.000,2.706,2.700,2.720,,
2025-05-21_14002041043-2,2025-05-21,9:15,2025-05-21,2,2025-05-23,4200.000,2.700,2.700,2.700,,
2025-05-21_14002041043-3,2025-05-21,9:15,2025-05-21,5,2025-05-26,1910.000,2.700,2.700,2.700,,
2025-05-22_14002041044,2025-05-22,9:15,2025-05-22,,,,,,,,
2025-05-22_14002041044-1,2025-05-22,9:15,2025-05-22,1,2025-05-23,6000.000,2.705,2.700,2.710,,
2025-05-22_14002041044-2,2025-05-22,9:15,2025-05-22,4,2025-05-26,2100.000,2.700,2.700,2.700,,
2025-05-22_14002041044-3,2025-05-22,9:15,2025-05-22,5,2025-05-27,7000.000,2.700,2.700,2.700,,
2025-05-23_14002041045,2025-05-23,9:15,2025-05-23,,,,,,,,
2025-05-23_14002041045-1,2025-05-23,9:15,2025-05-23,3,2025-05-26,4500.000,2.701,2.700,2.710,,
2025-05-23_14002041045-2,2025-05-23,9:15,2025-05-23,4,2025-05-27,0.000,,,,,
2025-05-23_14002041045-3,2025-05-23,9:15,2025-05-23,5,2025-05-28,2380.000,2.701,2.700,2.710,,
2025-05-26_14002041046,2025-05-26,9:15,2025-05-26,,,,,,,,
2025-05-26_14002041046-1,2025-05-26,9:15,2025-05-26,1,2025-05-27,3200.000,2.700,2.700,2.700,,
2025-05-26_14002041046-2,2025-05-26,9:15,2025-05-26,2,2025-05-28,5225.000,2.700,2.700,2.700,,
2025-05-26_14002041046-3,2025-05-26,9:15,2025-05-26,3,2025-05-29,3410.000,2.700,2.700,2.700,,
2025-05-27_14002041047,2025-05-27,9:15,2025-05-27,,,,,,,,
2025-05-27_14002041047-1,2025-05-27,9:15,2025-05-27,1,2025-05-28,1500.000,2.700,2.700,2.700,,
2025-05-27_14002041047-2,2025-05-27,9:15,2025-05-27,2,2025-05-29,600.000,2.700,2.700,2.700,,
2025-05-27_14002041047-3,2025-05-27,9:15,2025-05-27,3,2025-05-30,7000.000,2.700,2.700,2.700,,
2025-05-28_14002041048,2025-05-28,9:15,2025-05-28,,,,,,,,
2025-05-28_14002041048-1,2025-05-28,9:15,2025-05-28,1,2025-05-29,1250.000,2.700,2.700,2.700,,
2025-05-28_14002041048-2,2025-05-28,9:15,2025-05-28,2,2025-05-30,440.000,2.700,2.700,2.700,,
2025-05-28_14002041048-3,2025-05-28,9:15,2025-05-28,5,2025-06-02,1575.000,2.704,2.700,2.710,,
2025-05-29_14002041049,2025-05-29,9:15,2025-05-29,,,,,,,,
2025-05-29_14002041049-1,2025-05-29,9:15,2025-05-29,1,2025-05-30,3160.000,2.700,2.700,2.700,,
2025-05-29_14002041049-2,2025-05-29,9:15,2025-05-29,4,2025-06-02,0.000,,,,,
2025-05-29_14002041049-3,2025-05-29,9:15,2025-05-29,5,2025-06-03,2600.000,2.700,2.700,2.700,,
2025-05-30_14002041050,2025-05-30,9:15,2025-05-30,,,,,,,,
2025-05-30_14002041050-1,2025-05-30,9:15,2025-05-30,3,2025-06-02,12000.000,2.724,2.710,2.730,,
2025-06-02_14002041442,2025-06-02,9:15,2025-06-02,,,,,,,,
2025-06-02_14002041442-1,2025-06-02,9:15,2025-06-02,1,2025-06-03,5500.000,2.718,2.710,2.750,,
2025-06-02_14002041442-2,2025-06-02,9:15,2025-06-02,2,2025-06-04,4000.000,2.722,2.720,2.750,,
2025-06-03_14002041051,2025-06-03,9:15,2025-06-03,,,,,,,,
2025-06-03_14002041051-1,2025-06-03,9:15,2025-06-03,1,2025-06-04,4000.000,2.714,2.700,2.740,,
2025-06-03_14002041051-2,2025-06-03,9:15,2025-06-03,2,2025-06-05,4000.000,2.722,2.720,2.740,,
2025-06-04_14002041053,2025-06-04,10:00,2025-06-04,,,,,,,,
2025-06-04_14002041053-1,2025-06-04,10:00,2025-06-04,1,2025-06-05,2300.000,2.707,2.700,2.740,,
2025-06-04_14002041053-2,2025-06-04,10:00,2025-06-04,2,2025-06-06,1890.000,2.706,2.700,2.740,,
2025-06-04_14002041053-3,2025-06-04,10:00,2025-06-04,5,2025-06-09,5000.000,2.713,2.700,2.740,,
2025-06-05_14002041443,2025-06-05,9:15,2025-06-05,,,,,,,,
2025-06-05_14002041443-1,2025-06-05,9:15,2025-06-05,1,2025-06-06,2150.000,2.706,2.700,2.720,,
2025-06-05_14002041443-2,2025-06-05,9:15,2025-06-05,4,2025-06-09,1800.000,2.700,2.700,2.700,,
2025-06-05_14002041443-3,2025-06-05,9:15,2025-06-05,5,2025-06-10,4000.000,2.700,2.700,2.720,,
2025-06-06_14002041054,2025-06-06,9:15,2025-06-06,,,,,,,,
2025-06-06_14002041054-1,2025-06-06,9:15,2025-06-06,3,2025-06-09,2350.000,2.703,2.700,2.720,4000.000,0.588
2025-06-06_14002041054-2,2025-06-06,9:15,2025-06-06,4,2025-06-10,790.000,2.704,2.700,2.720,4000.000,0.198
2025-06-06_14002041054-3,2025-06-06,9:15,2025-06-06,5,2025-06-11,950.000,2.703,2.700,2.720,5000.000,0.190
2025-06-09_14002041839,2025-06-09,9:15,2025-06-09,,,,,,,,
2025-06-09_14002041839-1,2025-06-09,9:15,2025-06-09,1,2025-06-10,3150.000,2.706,2.700,2.710,5000.000,0.630
2025-06-09_14002041839-2,2025-06-09,9:15,2025-06-09,2,2025-06-11,1050.000,2.700,2.700,2.700,6000.000,0.175
2025-06-09_14002041839-3,2025-06-09,9:15,2025-06-09,3,2025-06-12,6000.000,2.710,2.700,2.720,6000.000,1.142
2025-06-10_14002042239,2025-06-10,9:15,2025-06-10,,,,,,,,
2025-06-10_14002042239-1,2025-06-10,9:15,2025-06-10,1,2025-06-11,1200.000,2.700,2.700,2.700,5000.000,0.240
2025-06-10_14002042239-2,2025-06-10,9:15,2025-06-10,2,2025-06-12,2560.000,2.700,2.700,2.700,5000.000,0.512
2025-06-10_14002042239-3,2025-06-10,9:15,2025-06-10,3,2025-06-13,4090.000,2.700,2.700,2.710,5000.000,0.818
2025-06-11_14002042259,2025-06-11,9:15,2025-06-11,,,,,,,,
2025-06-11_14002042259-1,2025-06-11,9:15,2025-06-11,1,2025-06-12,2720.000,2.701,2.700,2.710,3000.000,0.907
2025-06-11_14002042259-2,2025-06-11,9:15,2025-06-11,2,2025-06-13,50.000,2.710,2.710,2.710,4000.000,0.013
2025-06-11_14002042259-3,2025-06-11,9:15,2025-06-11,5,2025-06-16,950.000,2.702,2.700,2.710,4000.000,0.238
2025-06-12_14002042260,2025-06-12,9:15,2025-06-12,,,,,,,,
2025-06-12_14002042260-1,2025-06-12,9:15,2025-06-12,1,2025-06-13,1525.000,2.700,2.700,2.700,6000.000,0.254
2025-06-12_14002042260-2,2025-06-12,9:15,2025-06-12,4,2025-06-16,500.000,2.700,2.700,2.700,7000.000,0.071
2025-06-12_14002042260-3,2025-06-12,9:15,2025-06-12,5,2025-06-17,1060.000,2.700,2.700,2.700,7000.000,0.151
2025-06-13_14002042240,2025-06-13,9:15,2025-06-13,,,,,,,,
2025-06-13_14002042240-1,2025-06-13,9:15,2025-06-13,3,2025-06-16,6000.000,2.706,2.700,2.710,6000.000,1.100
2025-06-13_14002042240-2,2025-06-13,9:15,2025-06-13,4,2025-06-17,1000.000,2.700,2.700,2.700,7000.000,0.143
2025-06-13_14002042240-3,2025-06-13,9:15,2025-06-13,5,2025-06-18,3890.000,2.700,2.700,2.700,7000.000,0.556
2025-06-16_14002042241,2025-06-16,9:15,2025-06-16,,,,,,,,
2025-06-16_14002042241-1,2025-06-16,9:15,2025-06-16,1,2025-06-17,2780.000,2.700,2.700,2.710,6000.000,0.463
2025-06-16_14002042241-2,2025-06-16,9:15,2025-06-16,2,2025-06-18,5900.000,2.703,2.700,2.710,7000.000,0.843
2025-06-16_14002042241-3,2025-06-16,9:15,2025-06-16,3,2025-06-19,6950.000,2.703,2.700,2.710,7000.000,0.993
2025-06-17_14002042639,2025-06-17,9:15,2025-06-17,,,,,,,,
2025-06-17_14002042639-1,2025-06-17,9:15,2025-06-17,1,2025-06-18,1100.000,2.701,2.700,2.710,4000.000,0.275
2025-06-17_14002042639-2,2025-06-17,9:15,2025-06-17,2,2025-06-19,0.000,,,,5000.000,0.000
2025-06-17_14002042639-3,2025-06-17,9:15,2025-06-17,3,2025-06-20,2110.000,2.701,2.700,2.710,5000.000,0.422
2025-06-18_14002042641,2025-06-18,9:15,2025-06-18,,,,,,,,
2025-06-18_14002042641-1,2025-06-18,9:15,2025-06-18,1,2025-06-19,725.000,2.703,2.700,2.710,6000.000,0.121
2025-06-18_14002042641-2,2025-06-18,9:15,2025-06-18,2,2025-06-20,6000.000,2.700,2.700,2.700,6000.000,1.167
2025-06-18_14002042641-3,2025-06-18,9:15,2025-06-18,5,2025-06-23,3290.000,2.700,2.700,2.700,6000.000,0.548
2025-06-19_14002042659,2025-06-19,9:15,2025-06-19,,,,,,,,
2025-06-19_14002042659-1,2025-06-19,9:15,2025-06-19,1,2025-06-20,1825.000,2.702,2.700,2.710,6000.000,0.304
2025-06-19_14002042659-2,2025-06-19,9:15,2025-06-19,4,2025-06-23,0.000,,,,5000.000,0.000
2025-06-19_14002042659-3,2025-06-19,9:15,2025-06-19,5,2025-06-24,500.000,2.700,2.700,2.700,5000.000,0.100
2025-06-20_14002042642,2025-06-20,9:15,2025-06-20,,,,,,,,
2025-06-20_14002042642-1,2025-06-20,9:15,2025-06-20,3,2025-06-23,5000.000,2.701,2.700,2.710,5000.000,1.595
2025-06-20_14002042642-2,2025-06-20,9:15,2025-06-20,4,2025-06-24,3000.000,2.700,2.700,2.700,5000.000,0.600
2025-06-20_14002042642-3,2025-06-20,9:15,2025-06-20,5,2025-06-25,4960.000,2.705,2.700,2.710,5000.000,0.992
2025-06-23_14002042660,2025-06-23,9:15,2025-06-23,,,,,,,,
2025-06-23_14002042660-1,2025-06-23,9:15,2025-06-23,1,2025-06-24,4000.000,2.702,2.700,2.710,4000.000,1.550
2025-06-23_14002042660-2,2025-06-23,9:15,2025-06-23,2,2025-06-25,1400.000,2.700,2.700,2.700,4000.000,0.350
2025-06-23_14002042660-3,2025-06-23,9:15,2025-06-23,3,2025-06-26,3000.000,2.700,2.700,2.710,3000.000,1.180
2025-06-24_14002042643,2025-06-24,9:15,2025-06-24,,,,,,,,
2025-06-24_14002042643-1,2025-06-24,9:15,2025-06-24,1,2025-06-25,2900.000,2.701,2.700,2.710,4000.000,0.725
2025-06-24_14002042643-2,2025-06-24,9:15,2025-06-24,2,2025-06-26,3870.000,2.701,2.700,2.720,4000.000,0.968
2025-06-25_14002042661,2025-06-25,9:15,2025-06-25,,,,,,,,
2025-06-25_14002042661-1,2025-06-25,9:15,2025-06-25,1,2025-06-26,2200.000,2.700,2.700,2.700,4000.000,0.550
2025-06-25_14002042661-2,2025-06-25,9:15,2025-06-25,2,2025-06-27,2200.000,2.710,2.710,2.710,4000.000,0.550
2025-06-25_14002042661-3,2025-06-25,9:15,2025-06-25,5,2025-06-30,1310.000,2.701,2.700,2.710,3000.000,0.437
2025-06-26_14002042644,2025-06-26,9:15,2025-06-26,,,,,,,,
2025-06-26_14002042644-1,2025-06-26,9:15,2025-06-26,1,2025-06-27,1000.000,2.700,2.700,2.700,4000.000,0.250
2025-06-26_14002042644-2,2025-06-26,9:15,2025-06-26,4,2025-06-30,290.000,2.710,2.710,2.710,4000.000,0.073
2025-06-26_14002042644-3,2025-06-26,9:15,2025-06-26,6,2025-07-02,0.000,,,,3000.000,0.000
2025-06-27_14002042662,2025-06-27,9:15,2025-06-27,,,,,,,,
2025-06-27_14002042662-1,2025-06-27,9:15,2025-06-27,3,2025-06-30,4000.000,2.700,2.700,2.700,6000.000,0.667
2025-06-27_14002042662-2,2025-06-27,9:15,2025-06-27,5,2025-07-02,2500.000,2.710,2.710,2.710,6000.000,0.417
2025-06-27_14002042662-3,2025-06-27,9:15,2025-06-27,6,2025-07-03,1500.000,2.700,2.700,2.700,5000.000,0.300
2025-06-30_14002042663,2025-06-30,9:15,2025-06-30,,,,,,,,
2025-06-30_14002042663-1,2025-06-30,9:15,2025-06-30,2,2025-07-02,2400.000,2.709,2.700,2.720,6000.000,0.400
2025-06-30_14002042663-2,2025-06-30,9:15,2025-06-30,3,2025-07-03,1000.000,2.700,2.700,2.700,6000.000,0.167
2025-06-30_14002042663-3,2025-06-30,9:15,2025-06-30,4,2025-07-04,3225.000,2.702,2.700,2.720,6000.000,0.538
2025-07-02_14002042665,2025-07-02,9:15,2025-07-02,,,,,,,,
2025-07-02_14002042665-1,2025-07-02,9:15,2025-07-02,1,2025-07-03,5000.000,2.700,2.700,2.710,5000.000,1.438
2025-07-02_14002042665-2,2025-07-02,9:15,2025-07-02,2,2025-07-04,4000.000,2.700,2.700,2.710,4000.000,1.288
2025-07-02_14002042665-3,2025-07-02,9:15,2025-07-02,5,2025-07-07,2660.000,2.701,2.700,2.710,4000.000,0.665
2025-07-03_14002042645,2025-07-03,9:15,2025-07-03,,,,,,,,
2025-07-03_14002042645-1,2025-07-03,9:15,2025-07-03,1,2025-07-04,500.000,2.700,2.700,2.700,6000.000,0.083
2025-07-03_14002042645-2,2025-07-03,9:15,2025-07-03,4,2025-07-07,750.000,2.750,2.750,2.750,6000.000,0.125
2025-07-03_14002042645-3,2025-07-03,9:15,2025-07-03,5,2025-07-08,1340.000,2.704,2.700,2.720,6000.000,0.223
2025-07-04_14002042646,2025-07-04,9:15,2025-07-04,,,,,,,,
2025-07-04_14002042646-1,2025-07-04,9:15,2025-07-04,3,2025-07-07,2150.000,2.701,2.700,2.720,6000.000,0.358
2025-07-04_14002042646-2,2025-07-04,9:15,2025-07-04,4,2025-07-08,3350.000,2.702,2.700,2.720,7000.000,0.479
2025-07-04_14002042646-3,2025-07-04,9:15,2025-07-04,5,2025-07-09,3150.000,2.701,2.700,2.720,7000.000,0.450
2025-07-07_14002042666,2025-07-07,9:15,2025-07-07,,,,,,,,
2025-07-07_14002042666-1,2025-07-07,9:15,2025-07-07,1,2025-07-08,3650.000,2.701,2.700,2.720,6000.000,0.608
2025-07-07_14002042666-2,2025-07-07,9:15,2025-07-07,2,2025-07-09,1950.000,2.702,2.700,2.720,7000.000,0.279
2025-07-07_14002042666-3,2025-07-07,9:15,2025-07-07,3,2025-07-10,5660.000,2.701,2.700,2.720,7000.000,0.809
2025-07-08_14002042647,2025-07-08,9:15,2025-07-08,,,,,,,,
2025-07-08_14002042647-1,2025-07-08,9:15,2025-07-08,1,2025-07-09,1000.000,2.700,2.700,2.700,6000.000,0.167
2025-07-08_14002042647-2,2025-07-08,9:15,2025-07-08,2,2025-07-10,1275.000,2.702,2.700,2.710,7000.000,0.182
2025-07-08_14002042647-3,2025-07-08,9:15,2025-07-08,3,2025-07-11,3940.000,2.700,2.700,2.710,7000.000,0.563
2025-07-09_14002042648,2025-07-09,9:15,2025-07-09,,,,,,,,
2025-07-09_14002042648-1,2025-07-09,9:15,2025-07-09,1,2025-07-10,1230.000,2.700,2.700,2.700,6000.000,0.205
2025-07-09_14002042648-2,2025-07-09,9:15,2025-07-09,2,2025-07-11,2225.000,2.701,2.700,2.710,7000.000,0.318
2025-07-09_14002042648-3,2025-07-09,9:15,2025-07-09,5,2025-07-14,5430.000,2.700,2.700,2.710,7000.000,0.776
2025-07-10_14002042649,2025-07-10,9:15,2025-07-10,,,,,,,,
2025-07-10_14002042649-1,2025-07-10,9:15,2025-07-10,1,2025-07-11,850.000,2.700,2.700,2.700,6000.000,0.142
2025-07-10_14002042649-2,2025-07-10,9:15,2025-07-10,4,2025-07-14,325.000,2.710,2.710,2.710,7000.000,0.046
2025-07-10_14002042649-3,2025-07-10,9:15,2025-07-10,5,2025-07-15,3660.000,2.700,2.700,2.710,7000.000,0.523
2025-07-11_14002042650,2025-07-11,9:15,2025-07-11,,,,,,,,
2025-07-11_14002042650-1,2025-07-11,9:15,2025-07-11,3,2025-07-14,1000.000,2.705,2.700,2.710,6000.000,0.167
2025-07-11_14002042650-2,2025-07-11,9:15,2025-07-11,4,2025-07-15,2100.000,2.700,2.700,2.710,7000.000,0.300
2025-07-11_14002042650-3,2025-07-11,9:15,2025-07-11,5,2025-07-16,2168.000,2.701,2.700,2.710,7000.000,0.310
2025-07-14_14002042651,2025-07-14,9:15,2025-07-14,,,,,,,,
2025-07-14_14002042651-1,2025-07-14,9:15,2025-07-14,1,2025-07-15,3750.000,2.700,2.700,2.710,6000.000,0.625
2025-07-14_14002042651-2,2025-07-14,9:15,2025-07-14,2,2025-07-16,2985.000,2.701,2.700,2.710,7000.000,0.426
2025-07-14_14002042651-3,2025-07-14,9:15,2025-07-14,3,2025-07-17,4750.000,2.700,2.700,2.710,7000.000,0.679
2025-07-15_14002042667,2025-07-15,9:15,2025-07-15,,,,,,,,
2025-07-15_14002042667-1,2025-07-15,9:15,2025-07-15,1,2025-07-16,2000.000,2.703,2.700,2.710,5000.000,0.400
2025-07-15_14002042667-2,2025-07-15,9:15,2025-07-15,2,2025-07-17,2800.000,2.700,2.700,2.700,5000.000,0.560
2025-07-15_14002042667-3,2025-07-15,9:15,2025-07-15,3,2025-07-18,5000.000,2.704,2.700,2.710,5000.000,1.270
2025-07-15_14002042667-4,2025-07-15,9:15,2025-07-15,6,2025-07-21,5000.000,2.700,2.700,2.710,5000.000,1.422
2025-07-16_14002042653,2025-07-16,9:15,2025-07-16,,,,,,,,
2025-07-16_14002042653-1,2025-07-16,9:15,2025-07-16,1,2025-07-17,5000.000,2.714,2.700,2.730,5000.000,1.610
2025-07-16_14002042653-2,2025-07-16,9:15,2025-07-16,2,2025-07-18,5000.000,2.709,2.700,2.720,5000.000,1.220
2025-07-16_14002042653-3,2025-07-16,9:15,2025-07-16,5,2025-07-21,2725.000,2.708,2.700,2.720,5000.000,0.545
2025-07-16_14002042653-4,2025-07-16,9:15,2025-07-16,6,2025-07-22,5000.000,2.705,2.700,2.720,5000.000,1.256
2025-07-17_14002042654,2025-07-17,9:15,2025-07-17,,,,,,,,
2025-07-17_14002042654-1,2025-07-17,9:15,2025-07-17,1,2025-07-18,1500.000,2.717,2.710,2.720,5000.000,0.300
2025-07-17_14002042654-2,2025-07-17,9:15,2025-07-17,4,2025-07-21,2500.000,2.714,2.710,2.720,5000.000,0.500
2025-07-17_14002042654-3,2025-07-17,9:15,2025-07-17,5,2025-07-22,3000.000,2.702,2.700,2.710,5000.000,0.600
2025-07-17_14002042654-4,2025-07-17,9:15,2025-07-17,6,2025-07-23,1650.000,2.706,2.700,2.720,5000.000,0.330
2025-07-18_14002042655,2025-07-18,9:15,2025-07-18,,,,,,,,
2025-07-18_14002042655-1,2025-07-18,9:15,2025-07-18,3,2025-07-21,2500.000,2.700,2.700,2.700,5000.000,0.500
2025-07-18_14002042655-2,2025-07-18,9:15,2025-07-18,4,2025-07-22,2000.000,2.710,2.710,2.710,5000.000,0.400
2025-07-18_14002042655-3,2025-07-18,9:15,2025-07-18,5,2025-07-23,900.000,2.700,2.700,2.700,5000.000,0.180
2025-07-18_14002042655-4,2025-07-18,9:15,2025-07-18,6,2025-07-24,1000.000,2.700,2.700,2.700,5000.000,0.200
2025-07-21_14002042668,2025-07-21,9:15,2025-07-21,,,,,,,,
2025-07-21_14002042668-1,2025-07-21,9:15,2025-07-21,1,2025-07-22,1000.000,2.700,2.700,2.700,5000.000,0.200
2025-07-21_14002042668-2,2025-07-21,9:15,2025-07-21,2,2025-07-23,5000.000,2.708,2.700,2.720,5000.000,1.112
2025-07-21_14002042668-3,2025-07-21,9:15,2025-07-21,3,2025-07-24,3600.000,2.706,2.700,2.720,5000.000,0.720
2025-07-21_14002042668-4,2025-07-21,9:15,2025-07-21,4,2025-07-25,2925.000,2.711,2.700,2.730,5000.000,0.585
2025-07-22_14002042669,2025-07-22,9:15,2025-07-22,,,,,,,,
2025-07-22_14002042669-1,2025-07-22,9:15,2025-07-22,1,2025-07-23,950.000,2.700,2.700,2.700,5000.000,0.190
2025-07-22_14002042669-2,2025-07-22,9:15,2025-07-22,2,2025-07-24,500.000,2.710,2.710,2.710,5000.000,0.100
2025-07-22_14002042669-3,2025-07-22,9:15,2025-07-22,3,2025-07-25,1800.000,2.700,2.700,2.700,5000.000,0.360
2025-07-22_14002042669-4,2025-07-22,9:15,2025-07-22,6,2025-07-28,1340.000,2.700,2.700,2.700,5000.000,0.268
2025-07-23_14002042656,2025-07-23,9:15,2025-07-23,,,,,,,,
2025-07-23_14002042656-1,2025-07-23,9:15,2025-07-23,1,2025-07-24,0.000,,,,5000.000,0.000
2025-07-23_14002042656-2,2025-07-23,9:15,2025-07-23,2,2025-07-25,750.000,2.700,2.700,2.700,5000.000,0.150
2025-07-23_14002042656-3,2025-07-23,9:15,2025-07-23,5,2025-07-28,1150.000,2.703,2.700,2.720,5000.000,0.230
2025-07-23_14002042656-4,2025-07-23,9:15,2025-07-23,6,2025-07-29,1210.000,2.703,2.700,2.720,5000.000,0.242
2025-07-24_14002042657,2025-07-24,9:15,2025-07-24,,,,,,,,
2025-07-24_14002042657-1,2025-07-24,9:15,2025-07-24,1,2025-07-25,500.000,2.700,2.700,2.700,5000.000,0.100
2025-07-24_14002042657-2,2025-07-24,9:15,2025-07-24,4,2025-07-28,3000.000,2.700,2.700,2.700,5000.000,0.600
2025-07-24_14002042657-3,2025-07-24,9:15,2025-07-24,5,2025-07-29,1500.000,2.700,2.700,2.700,5000.000,0.300
2025-07-24_14002042657-4,2025-07-24,9:15,2025-07-24,6,2025-07-30,600.000,2.700,2.700,2.700,5000.000,0.120
2025-07-25_14002043039,2025-07-25,9:15,2025-07-25,,,,,,,,
2025-07-25_14002043039-1,2025-07-25,9:15,2025-07-25,3,2025-07-28,5000.000,2.709,2.700,2.720,5000.000,1.360
2025-07-25_14002043039-2,2025-07-25,9:15,2025-07-25,4,2025-07-29,4200.000,2.700,2.700,2.700,5000.000,0.840
2025-07-25_14002043039-3,2025-07-25,9:15,2025-07-25,5,2025-07-30,2500.000,2.700,2.700,2.700,5000.000,0.500
2025-07-25_14002043039-4,2025-07-25,9:15,2025-07-25,6,2025-07-31,1975.000,2.700,2.700,2.700,5000.000,0.395
2025-07-28_14002043040,2025-07-28,9:15,2025-07-28,,,,,,,,
2025-07-28_14002043040-1,2025-07-28,9:15,2025-07-28,1,2025-07-29,3050.000,2.708,2.700,2.710,5000.000,0.610
2025-07-28_14002043040-2,2025-07-28,9:15,2025-07-28,2,2025-07-30,2250.000,2.702,2.700,2.710,5000.000,0.450
2025-07-28_14002043040-3,2025-07-28,9:15,2025-07-28,3,2025-07-31,1250.000,2.704,2.700,2.710,5000.000,0.250
2025-07-28_14002043040-4,2025-07-28,9:15,2025-07-28,4,2025-08-01,2000.000,2.703,2.700,2.710,5000.000,0.400
2025-07-29_14002043439,2025-07-29,9:15,2025-07-29,,,,,,,,
2025-07-29_14002043439-1,2025-07-29,9:15,2025-07-29,1,2025-07-30,3500.000,2.716,2.710,2.720,5000.000,0.700
2025-07-29_14002043439-2,2025-07-29,9:15,2025-07-29,2,2025-07-31,3350.000,2.712,2.700,2.720,5000.000,0.670
2025-07-29_14002043439-3,2025-07-29,9:15,2025-07-29,3,2025-08-01,4400.000,2.709,2.700,2.710,5000.000,0.880
2025-07-29_14002043439-4,2025-07-29,9:15,2025-07-29,7,2025-08-05,970.000,2.690,2.690,2.690,5000.000,0.194
2025-07-30_14002043440,2025-07-30,10:00,2025-07-30,,,,,,,,
2025-07-30_14002043440-1,2025-07-30,10:00,2025-07-30,1,2025-07-31,5000.000,2.711,2.710,2.720,5000.000,1.750
2025-07-30_14002043440-2,2025-07-30,10:00,2025-07-30,2,2025-08-01,2600.000,2.700,2.700,2.700,5000.000,0.520
2025-07-30_14002043440-3,2025-07-30,10:00,2025-07-30,6,2025-08-05,1550.000,2.700,2.700,2.700,5000.000,0.310
2025-07-30_14002043440-4,2025-07-30,10:00,2025-07-30,7,2025-08-06,2307.000,2.700,2.700,2.700,5000.000,0.461
2025-07-31_14002043441,2025-07-31,9:15,2025-07-31,,,,,,,,
2025-07-31_14002043441-1,2025-07-31,9:15,2025-07-31,1,2025-08-01,3850.000,2.728,2.710,2.740,5000.000,0.770
2025-07-31_14002043441-2,2025-07-31,9:15,2025-07-31,5,2025-08-05,5000.000,2.711,2.700,2.720,5000.000,1.020
2025-07-31_14002043441-3,2025-07-31,9:15,2025-07-31,6,2025-08-06,2398.000,2.704,2.700,2.710,5000.000,0.480
2025-07-31_14002043441-4,2025-07-31,9:15,2025-07-31,7,2025-08-07,3150.000,2.706,2.700,2.720,5000.000,0.630
2025-08-01_14002043442,2025-08-01,9:15,2025-08-01,,,,,,,,
2025-08-01_14002043442-1,2025-08-01,9:15,2025-08-01,4,2025-08-05,500.000,2.700,2.700,2.700,5000.000,0.100
2025-08-01_14002043442-2,2025-08-01,9:15,2025-08-01,5,2025-08-06,4000.000,2.703,2.700,2.710,5000.000,0.800
2025-08-01_14002043442-3,2025-08-01,9:15,2025-08-01,6,2025-08-07,3500.000,2.703,2.700,2.710,5000.000,0.700
2025-08-05_14002043041,2025-08-05,9:15,2025-08-05,,,,,,,,
2025-08-05_14002043041-1,2025-08-05,9:15,2025-08-05,1,2025-08-06,800.000,2.700,2.700,2.700,5000.000,0.160
2025-08-05_14002043041-2,2025-08-05,9:15,2025-08-05,2,2025-08-07,1600.000,2.700,2.700,2.700,5000.000,0.320
2025-08-05_14002043041-3,2025-08-05,9:15,2025-08-05,3,2025-08-08,3800.000,2.700,2.700,2.700,5000.000,0.760
2025-08-05_14002043041-4,2025-08-05,9:15,2025-08-05,6,2025-08-11,1600.000,2.700,2.700,2.700,5000.000,0.320
2025-08-06_14002043443,2025-08-06,9:15,2025-08-06,,,,,,,,
2025-08-06_14002043443-1,2025-08-06,9:15,2025-08-06,1,2025-08-07,2250.000,2.700,2.700,2.700,5000.000,0.450
2025-08-06_14002043443-2,2025-08-06,9:15,2025-08-06,2,2025-08-08,1500.000,2.700,2.700,2.700,5000.000,0.300
2025-08-06_14002043443-3,2025-08-06,9:15,2025-08-06,5,2025-08-11,1900.000,2.700,2.700,2.700,5000.000,0.380
2025-08-06_14002043443-4,2025-08-06,9:15,2025-08-06,6,2025-08-12,709.000,2.700,2.700,2.700,5000.000,0.142
2025-08-07_14002043043,2025-08-07,9:15,2025-08-07,,,,,,,,
2025-08-07_14002043043-1,2025-08-07,9:15,2025-08-07,1,2025-08-08,1500.000,2.700,2.700,2.700,5000.000,0.300
2025-08-07_14002043043-2,2025-08-07,9:15,2025-08-07,4,2025-08-11,3250.000,2.700,2.700,2.700,5000.000,0.650
2025-08-07_14002043043-3,2025-08-07,9:15,2025-08-07,5,2025-08-12,4500.000,2.700,2.700,2.700,5000.000,0.900
2025-08-07_14002043043-4,2025-08-07,9:15,2025-08-07,6,2025-08-13,2236.000,2.700,2.700,2.700,5000.000,0.447
2025-08-08_14002043044,2025-08-08,9:15,2025-08-08,,,,,,,,
2025-08-08_14002043044-1,2025-08-08,9:15,2025-08-08,3,2025-08-11,5000.000,2.705,2.700,2.710,5000.000,1.100
2025-08-08_14002043044-2,2025-08-08,9:15,2025-08-08,4,2025-08-12,4600.000,2.700,2.700,2.700,5000.000,0.920
2025-08-08_14002043044-3,2025-08-08,9:15,2025-08-08,5,2025-08-13,4000.000,2.700,2.700,2.700,5000.000,0.800
2025-08-08_14002043044-4,2025-08-08,9:15,2025-08-08,6,2025-08-14,1250.000,2.700,2.700,2.700,5000.000,0.250
2025-08-11_14002043444,2025-08-11,9:15,2025-08-11,,,,,,,,
2025-08-11_14002043444-1,2025-08-11,9:15,2025-08-11,1,2025-08-12,5000.000,2.709,2.700,2.730,5000.000,1.030
2025-08-11_14002043444-2,2025-08-11,9:15,2025-08-11,2,2025-08-13,5000.000,2.705,2.700,2.710,5000.000,1.270
2025-08-11_14002043444-3,2025-08-11,9:15,2025-08-11,3,2025-08-14,3600.000,2.706,2.700,2.710,5000.000,0.720
2025-08-11_14002043444-4,2025-08-11,9:15,2025-08-11,4,2025-08-15,2950.000,2.703,2.700,2.710,5000.000,0.590
2025-08-12_14002043045,2025-08-12,9:15,2025-08-12,,,,,,,,
2025-08-12_14002043045-1,2025-08-12,9:15,2025-08-12,1,2025-08-13,4200.000,2.715,2.700,2.730,5000.000,0.840
2025-08-12_14002043045-2,2025-08-12,9:15,2025-08-12,2,2025-08-14,3250.000,2.707,2.700,2.720,5000.000,0.650
2025-08-12_14002043045-3,2025-08-12,9:15,2025-08-12,3,2025-08-15,5000.000,2.705,2.700,2.710,5000.000,1.220
2025-08-12_14002043045-4,2025-08-12,9:15,2025-08-12,6,2025-08-18,3335.000,2.702,2.700,2.710,5000.000,0.667
2025-08-13_14002043446,2025-08-13,9:15,2025-08-13,,,,,,,,
2025-08-13_14002043446-1,2025-08-13,9:15,2025-08-13,1,2025-08-14,5000.000,2.716,2.700,2.740,5000.000,1.150
2025-08-13_14002043446-2,2025-08-13,9:15,2025-08-13,2,2025-08-15,2200.000,2.705,2.700,2.710,5000.000,0.440
2025-08-13_14002043446-3,2025-08-13,9:15,2025-08-13,5,2025-08-18,5000.000,2.704,2.700,2.710,5000.000,1.050
2025-08-13_14002043446-4,2025-08-13,9:15,2025-08-13,6,2025-08-19,3190.000,2.701,2.700,2.710,5000.000,0.638
2025-08-14_14002043046,2025-08-14,9:15,2025-08-14,,,,,,,,
2025-08-14_14002043046-1,2025-08-14,9:15,2025-08-14,1,2025-08-15,4725.000,2.717,2.700,2.730,5000.000,0.945
2025-08-14_14002043046-2,2025-08-14,9:15,2025-08-14,4,2025-08-18,1900.000,2.706,2.700,2.710,5000.000,0.380
2025-08-14_14002043046-3,2025-08-14,9:15,2025-08-14,5,2025-08-19,2650.000,2.700,2.700,2.700,5000.000,0.530
2025-08-14_14002043046-4,2025-08-14,9:15,2025-08-14,6,2025-08-20,350.000,2.704,2.700,2.710,5000.000,0.070
2025-08-15_14002043047,2025-08-15,9:15,2025-08-15,,,,,,,,
2025-08-15_14002043047-1,2025-08-15,9:15,2025-08-15,3,2025-08-18,5000.000,2.715,2.700,2.740,5000.000,1.260
2025-08-15_14002043047-2,2025-08-15,9:15,2025-08-15,4,2025-08-19,4000.000,2.704,2.700,2.710,5000.000,0.800
2025-08-15_14002043047-3,2025-08-15,9:15,2025-08-15,5,2025-08-20,5000.000,2.700,2.700,2.700,5000.000,1.270
2025-08-15_14002043047-4,2025-08-15,9:15,2025-08-15,6,2025-08-21,4100.000,2.700,2.700,2.710,5000.000,0.820
2025-08-18_14002043839,2025-08-18,9:15,2025-08-18,,,,,,,,
2025-08-18_14002043839-1,2025-08-18,9:15,2025-08-18,1,2025-08-19,3200.000,2.705,2.700,2.720,5000.000,0.640
2025-08-18_14002043839-2,2025-08-18,9:15,2025-08-18,2,2025-08-20,5000.000,2.702,2.700,2.710,5000.000,1.250
2025-08-18_14002043839-3,2025-08-18,9:15,2025-08-18,3,2025-08-21,3250.000,2.700,2.700,2.700,5000.000,0.650
2025-08-18_14002043839-4,2025-08-18,9:15,2025-08-18,4,2025-08-22,4145.000,2.705,2.700,2.710,5000.000,0.829
2025-08-19_14002044239,2025-08-19,9:15,2025-08-19,,,,,,,,
2025-08-19_14002044239-1,2025-08-19,9:15,2025-08-19,1,2025-08-20,2650.000,2.702,2.700,2.710,5000.000,0.530
2025-08-19_14002044239-2,2025-08-19,9:15,2025-08-19,2,2025-08-21,550.000,2.700,2.700,2.700,5000.000,0.110
2025-08-19_14002044239-3,2025-08-19,9:15,2025-08-19,3,2025-08-22,2650.000,2.702,2.700,2.710,5000.000,0.530
2025-08-19_14002044239-4,2025-08-19,9:15,2025-08-19,6,2025-08-25,3650.000,2.700,2.700,2.700,5000.000,0.730
2025-08-20_14002043840,2025-08-20,9:15,2025-08-20,,,,,,,,
2025-08-20_14002043840-1,2025-08-20,9:15,2025-08-20,1,2025-08-21,4050.000,2.700,2.700,2.700,5000.000,0.810
2025-08-20_14002043840-2,2025-08-20,9:15,2025-08-20,2,2025-08-22,4300.000,2.700,2.700,2.700,5000.000,0.860
2025-08-20_14002043840-3,2025-08-20,9:15,2025-08-20,5,2025-08-25,2300.000,2.700,2.700,2.700,5000.000,0.460
2025-08-20_14002043840-4,2025-08-20,9:15,2025-08-20,6,2025-08-26,1750.000,2.701,2.700,2.710,5000.000,0.350
2025-08-21_14002044240,2025-08-21,9:15,2025-08-21,,,,,,,,
2025-08-21_14002044240-1,2025-08-21,9:15,2025-08-21,1,2025-08-22,2400.000,2.700,2.700,2.700,5000.000,0.480
2025-08-21_14002044240-2,2025-08-21,9:15,2025-08-21,4,2025-08-25,1400.000,2.700,2.700,2.700,5000.000,0.280
2025-08-21_14002044240-3,2025-08-21,9:15,2025-08-21,5,2025-08-26,1300.000,2.700,2.700,2.700,5000.000,0.260
2025-08-21_14002044240-4,2025-08-21,9:15,2025-08-21,6,2025-08-27,1550.000,2.700,2.700,2.700,5000.000,0.310
2025-08-22_14002044241,2025-08-22,9:15,2025-08-22,,,,,,,,
2025-08-22_14002044241-1,2025-08-22,9:15,2025-08-22,3,2025-08-25,5000.000,2.709,2.700,2.720,5000.000,1.370
2025-08-22_14002044241-2,2025-08-22,9:15,2025-08-22,4,2025-08-26,5000.000,2.705,2.700,2.710,5000.000,1.350
2025-08-22_14002044241-3,2025-08-22,9:15,2025-08-22,5,2025-08-27,5000.000,2.704,2.700,2.710,5000.000,1.250
2025-08-22_14002044241-4,2025-08-22,9:15,2025-08-22,6,2025-08-28,5000.000,2.700,2.700,2.700,5000.000,1.106
2025-08-25_14002043841,2025-08-25,9:15,2025-08-25,,,,,,,,
2025-08-25_14002043841-1,2025-08-25,9:15,2025-08-25,1,2025-08-26,5000.000,2.708,2.700,2.720,5000.000,1.180
2025-08-25_14002043841-2,2025-08-25,9:15,2025-08-25,2,2025-08-27,5000.000,2.700,2.700,2.700,5000.000,1.000
2025-08-25_14002043841-3,2025-08-25,9:15,2025-08-25,3,2025-08-28,5150.000,2.700,2.700,2.700,6000.000,0.858
2025-08-25_14002043841-4,2025-08-25,9:15,2025-08-25,4,2025-08-29,3940.000,2.700,2.700,2.700,6000.000,0.657
2025-08-26_14002043842,2025-08-26,9:15,2025-08-26,,,,,,,,
2025-08-26_14002043842-1,2025-08-26,9:15,2025-08-26,1,2025-08-27,2000.000,2.703,2.700,2.710,5000.000,0.400
2025-08-26_14002043842-2,2025-08-26,9:15,2025-08-26,2,2025-08-28,1000.000,2.700,2.700,2.700,5000.000,0.200
2025-08-26_14002043842-3,2025-08-26,9:15,2025-08-26,3,2025-08-29,500.000,2.700,2.700,2.700,6000.000,0.083
2025-08-26_14002043842-4,2025-08-26,9:15,2025-08-26,7,2025-09-02,4575.000,2.704,2.700,2.710,6000.000,0.763
2025-08-27_14002044242,2025-08-27,9:15,2025-08-27,,,,,,,,
2025-08-27_14002044242-1,2025-08-27,9:15,2025-08-27,1,2025-08-28,7000.000,2.736,2.710,2.750,7000.000,1.829
2025-08-27_14002044242-2,2025-08-27,9:15,2025-08-27,2,2025-08-29,7000.000,2.712,2.700,2.730,7000.000,1.036
2025-08-27_14002044242-3,2025-08-27,9:15,2025-08-27,6,2025-09-02,6550.000,2.706,2.700,2.730,7000.000,0.936
2025-08-28_14002043844,2025-08-28,9:15,2025-08-28,,,,,,,,
2025-08-28_14002043844-1,2025-08-28,9:15,2025-08-28,1,2025-08-29,8000.000,2.706,2.700,2.720,8000.000,1.394
2025-08-28_14002043844-2,2025-08-28,9:15,2025-08-28,5,2025-09-02,6925.000,2.708,2.700,2.720,12000.000,0.577
2025-08-29_14002043845,2025-08-29,9:15,2025-08-29,,,,,,,,
2025-08-29_14002043845-1,2025-08-29,9:15,2025-08-29,4,2025-09-02,13220.000,2.711,2.700,2.730,20000.000,0.661
2025-09-02_14002044243,2025-09-02,9:15,2025-09-02,,,,,,,,
2025-09-02_14002044243-1,2025-09-02,9:15,2025-09-02,1,2025-09-03,9000.000,2.759,2.750,2.760,9000.000,3.514
2025-09-03_14002043846,2025-09-03,9:15,2025-09-03,,,,,,,,
2025-09-03_14002043846-1,2025-09-03,9:15,2025-09-03,1,2025-09-04,13000.000,2.756,2.740,2.780,13000.000,1.573
2025-09-04_14002044245,2025-09-04,9:15,2025-09-04,,,,,,,,
2025-09-04_14002044245-1,2025-09-04,9:15,2025-09-04,1,2025-09-05,8550.000,2.744,2.700,2.780,10000.000,0.855
2025-09-04_14002044245-2,2025-09-04,9:15,2025-09-04,4,2025-09-08,10000.000,2.739,2.700,2.780,10000.000,1.525
2025-09-05_14002043847,2025-09-05,9:15,2025-09-05,,,,,,,,
2025-09-05_14002043847-1,2025-09-05,9:15,2025-09-05,3,2025-09-08,6000.000,2.763,2.710,2.770,6000.000,1.350
2025-09-05_14002043847-2,2025-09-05,9:15,2025-09-05,4,2025-09-09,7000.000,2.759,2.730,2.770,7000.000,1.668
2025-09-08_14002044246,2025-09-08,9:15,2025-09-08,,,,,,,,
2025-09-08_14002044246-1,2025-09-08,9:15,2025-09-08,1,2025-09-09,7000.000,2.758,2.720,2.770,7000.000,1.079
2025-09-08_14002044246-2,2025-09-08,9:15,2025-09-08,2,2025-09-10,7000.000,2.761,2.720,2.770,7000.000,1.714
2025-09-08_14002044246-3,2025-09-08,9:15,2025-09-08,3,2025-09-11,6000.000,2.755,2.730,2.770,6000.000,2.000
2025-09-09_14002043848,2025-09-09,9:15,2025-09-09,,,,,,,,
2025-09-09_14002043848-1,2025-09-09,9:15,2025-09-09,1,2025-09-10,5000.000,2.763,2.760,2.770,5000.000,1.680
2025-09-09_14002043848-2,2025-09-09,9:15,2025-09-09,2,2025-09-11,5000.000,2.751,2.730,2.770,5000.000,1.470
2025-09-09_14002043848-3,2025-09-09,9:15,2025-09-09,3,2025-09-12,5000.000,2.757,2.740,2.770,5000.000,1.950
2025-09-10_14002044640,2025-09-10,9:15,2025-09-10,,,,,,,,
2025-09-10_14002044640-1,2025-09-10,9:15,2025-09-10,1,2025-09-11,4000.000,2.800,2.800,2.810,4000.000,3.050
2025-09-10_14002044640-2,2025-09-10,9:15,2025-09-10,2,2025-09-12,4000.000,2.790,2.790,2.800,4000.000,3.213
2025-09-11_14002044659,2025-09-11,9:15,2025-09-11,,,,,,,,
2025-09-11_14002044659-1,2025-09-11,9:15,2025-09-11,1,2025-09-12,10000.000,2.793,2.770,2.810,10000.000,1.230
2025-09-11_14002044659-2,2025-09-11,9:15,2025-09-11,4,2025-09-15,10000.000,2.786,2.760,2.810,10000.000,1.049
2025-09-12_14002044660,2025-09-12,9:15,2025-09-12,,,,,,,,
2025-09-12_14002044660-1,2025-09-12,9:15,2025-09-12,3,2025-09-15,8910.000,2.764,2.700,2.790,10000.000,0.891
2025-09-12_14002044660-2,2025-09-12,9:15,2025-09-12,4,2025-09-16,8010.000,2.758,2.700,2.790,10000.000,0.801
2025-09-15_14002044641,2025-09-15,9:15,2025-09-15,,,,,,,,
2025-09-15_14002044641-1,2025-09-15,9:15,2025-09-15,1,2025-09-16,12000.000,2.761,2.730,2.780,12000.000,1.718
2025-09-15_14002044641-2,2025-09-15,9:15,2025-09-15,2,2025-09-17,9000.000,2.755,2.720,2.780,9000.000,1.672
2025-09-16_14002044661,2025-09-16,9:15,2025-09-16,,,,,,,,
2025-09-16_14002044661-1,2025-09-16,9:15,2025-09-16,1,2025-09-17,12000.000,2.755,2.720,2.780,12000.000,1.068
2025-09-16_14002044661-2,2025-09-16,9:15,2025-09-16,2,2025-09-18,11000.000,2.761,2.740,2.780,11000.000,1.355
2025-09-17_14002044642,2025-09-17,10:00,2025-09-17,,,,,,,,
2025-09-17_14002044642-1,2025-09-17,10:00,2025-09-17,1,2025-09-18,10839.000,2.745,2.720,2.770,12000.000,0.903
2025-09-17_14002044642-2,2025-09-17,10:00,2025-09-17,2,2025-09-19,11000.000,2.645,2.580,2.760,11000.000,1.059
2025-09-18_14002044643,2025-09-18,9:15,2025-09-18,,,,,,,,
2025-09-18_14002044643-1,2025-09-18,9:15,2025-09-18,1,2025-09-19,9000.000,2.514,2.490,2.550,9000.000,1.533
2025-09-18_14002044643-2,2025-09-18,9:15,2025-09-18,4,2025-09-22,8000.000,2.532,2.500,2.560,8000.000,1.972
2025-09-19_14002044662,2025-09-19,9:15,2025-09-19,,,,,,,,
2025-09-19_14002044662-1,2025-09-19,9:15,2025-09-19,3,2025-09-22,9000.000,2.519,2.500,2.540,9000.000,1.127
2025-09-19_14002044662-2,2025-09-19,9:15,2025-09-19,4,2025-09-23,9000.000,2.532,2.510,2.550,9000.000,1.556
2025-09-22_14002044663,2025-09-22,9:15,2025-09-22,,,,,,,,
2025-09-22_14002044663-1,2025-09-22,9:15,2025-09-22,1,2025-09-23,9000.000,2.516,2.510,2.540,9000.000,1.139
2025-09-22_14002044663-2,2025-09-22,9:15,2025-09-22,2,2025-09-24,8000.000,2.527,2.520,2.540,8000.000,1.588
2025-09-23_14002044644,2025-09-23,9:15,2025-09-23,,,,,,,,
2025-09-23_14002044644-1,2025-09-23,9:15,2025-09-23,1,2025-09-24,9000.000,2.521,2.520,2.530,9000.000,1.219
2025-09-23_14002044644-2,2025-09-23,9:15,2025-09-23,2,2025-09-25,8000.000,2.526,2.520,2.530,8000.000,1.574
2025-09-24_14002044664,2025-09-24,9:15,2025-09-24,,,,,,,,
2025-09-24_14002044664-1,2025-09-24,9:15,2025-09-24,1,2025-09-25,9000.000,2.531,2.530,2.540,9000.000,1.402
2025-09-24_14002044664-2,2025-09-24,9:15,2025-09-24,2,2025-09-26,8000.000,2.527,2.520,2.530,8000.000,1.913
2025-09-25_14002044665,2025-09-25,9:15,2025-09-25,,,,,,,,
2025-09-25_14002044665-1,2025-09-25,9:15,2025-09-25,1,2025-09-26,7000.000,2.539,2.530,2.550,7000.000,1.443
2025-09-25_14002044665-2,2025-09-25,9:15,2025-09-25,4,2025-09-29,7000.000,2.537,2.520,2.540,7000.000,2.029
2025-09-26_14002044666,2025-09-26,9:15,2025-09-26,,,,,,,,
2025-09-26_14002044666-1,2025-09-26,9:15,2025-09-26,3,2025-09-29,6500.000,2.546,2.540,2.560,6500.000,1.808
2025-09-26_14002044666-2,2025-09-26,9:15,2025-09-26,5,2025-10-01,6000.000,2.543,2.540,2.550,6000.000,2.208
2025-09-29_14002044647,2025-09-29,9:15,2025-09-29,,,,,,,,
2025-09-29_14002044647-1,2025-09-29,9:15,2025-09-29,2,2025-10-01,7500.000,2.537,2.530,2.570,7500.000,1.187
2025-09-29_14002044647-2,2025-09-29,9:15,2025-09-29,3,2025-10-02,5700.000,2.533,2.500,2.540,7000.000,0.814
2025-10-01_14002044649,2025-10-01,9:15,2025-10-01,,,,,,,,
2025-10-01_14002044649-1,2025-10-01,9:15,2025-10-01,1,2025-10-02,2700.000,2.555,2.550,2.570,2700.000,3.204
2025-10-02_14002044650,2025-10-02,9:15,2025-10-02,,,,,,,,
2025-10-02_14002044650-1,2025-10-02,9:15,2025-10-02,1,2025-10-03,8150.000,2.531,2.520,2.560,9000.000,0.906
2025-10-02_14002044650-2,2025-10-02,9:15,2025-10-02,4,2025-10-06,5840.000,2.534,2.480,2.560,8000.000,0.730
2025-10-03_14002044651,2025-10-03,9:15,2025-10-03,,,,,,,,
2025-10-03_14002044651-1,2025-10-03,9:15,2025-10-03,3,2025-10-06,9000.000,2.521,2.480,2.540,9000.000,1.022
2025-10-03_14002044651-2,2025-10-03,9:15,2025-10-03,4,2025-10-07,6250.000,2.514,2.480,2.540,8000.000,0.781
2025-10-06_14002044652,2025-10-06,9:15,2025-10-06,,,,,,,,
2025-10-06_14002044652-1,2025-10-06,9:15,2025-10-06,1,2025-10-07,8950.000,2.509,2.450,2.530,11000.000,0.814
2025-10-06_14002044652-2,2025-10-06,9:15,2025-10-06,2,2025-10-08,10000.000,2.499,2.450,2.520,10000.000,1.165
2025-10-07_14002044667,2025-10-07,9:15,2025-10-07,,,,,,,,
2025-10-07_14002044667-1,2025-10-07,9:15,2025-10-07,1,2025-10-08,9000.000,2.496,2.450,2.510,9000.000,1.072
2025-10-07_14002044667-2,2025-10-07,9:15,2025-10-07,2,2025-10-09,9000.000,2.495,2.460,2.510,9000.000,1.553
2025-10-08_14002044654,2025-10-08,9:15,2025-10-08,,,,,,,,
2025-10-08_14002044654-1,2025-10-08,9:15,2025-10-08,1,2025-10-09,9650.000,2.493,2.470,2.500,10000.000,0.965
2025-10-08_14002044654-2,2025-10-08,9:15,2025-10-08,2,2025-10-10,9500.000,2.483,2.470,2.490,9500.000,1.192
2025-10-09_14002044655,2025-10-09,9:15,2025-10-09,,,,,,,,
2025-10-09_14002044655-1,2025-10-09,9:15,2025-10-09,1,2025-10-10,10050.000,2.482,2.450,2.490,11000.000,0.914
2025-10-09_14002044655-2,2025-10-09,9:15,2025-10-09,5,2025-10-14,10578.000,2.478,2.450,2.500,11000.000,0.962
2025-10-10_14002044669,2025-10-10,9:15,2025-10-10,,,,,,,,
2025-10-10_14002044669-1,2025-10-10,9:15,2025-10-10,4,2025-10-14,8600.000,2.474,2.450,2.480,11000.000,0.782
2025-10-10_14002044669-2,2025-10-10,9:15,2025-10-10,5,2025-10-15,11000.000,2.471,2.450,2.480,11000.000,1.121
2025-10-14_14002044656,2025-10-14,9:15,2025-10-14,,,,,,,,
2025-10-14_14002044656-1,2025-10-14,9:15,2025-10-14,1,2025-10-15,11000.000,2.462,2.450,2.480,11000.000,1.045
2025-10-14_14002044656-2,2025-10-14,9:15,2025-10-14,2,2025-10-16,11000.000,2.466,2.460,2.480,11000.000,1.371
2025-10-15_14002045040,2025-10-15,9:15,2025-10-15,,,,,,,,
2025-10-15_14002045040-1,2025-10-15,9:15,2025-10-15,1,2025-10-16,11000.000,2.475,2.460,2.490,11000.000,1.159
2025-10-15_14002045040-2,2025-10-15,9:15,2025-10-15,2,2025-10-17,10000.000,2.476,2.460,2.490,10000.000,1.263
2025-10-16_14002045059,2025-10-16,9:15,2025-10-16,,,,,,,,
2025-10-16_14002045059-1,2025-10-16,9:15,2025-10-16,1,2025-10-17,11000.000,2.481,2.470,2.490,11000.000,1.382
2025-10-16_14002045059-2,2025-10-16,9:15,2025-10-16,4,2025-10-20,11000.000,2.480,2.470,2.490,11000.000,1.364
2025-10-17_14002045060,2025-10-17,9:15,2025-10-17,,,,,,,,
2025-10-17_14002045060-1,2025-10-17,9:15,2025-10-17,3,2025-10-20,9925.000,2.471,2.450,2.490,12000.000,0.827
2025-10-17_14002045060-2,2025-10-17,9:15,2025-10-17,4,2025-10-21,12000.000,2.471,2.450,2.490,12000.000,1.165
2025-10-20_14002045079,2025-10-20,9:15,2025-10-20,,,,,,,,
2025-10-20_14002045079-1,2025-10-20,9:15,2025-10-20,1,2025-10-21,7150.000,2.465,2.450,2.510,8000.000,0.894
2025-10-20_14002045079-2,2025-10-20,9:15,2025-10-20,2,2025-10-22,7000.000,2.476,2.470,2.510,7000.000,1.549
2025-10-21_14002045080,2025-10-21,9:15,2025-10-21,,,,,,,,
2025-10-21_14002045080-1,2025-10-21,9:15,2025-10-21,1,2025-10-22,10000.000,2.483,2.470,2.490,10000.000,1.220
2025-10-21_14002045080-2,2025-10-21,9:15,2025-10-21,2,2025-10-23,9000.000,2.484,2.480,2.490,9000.000,1.780
2025-10-22_14002045082,2025-10-22,9:15,2025-10-22,,,,,,,,
2025-10-22_14002045082-1,2025-10-22,9:15,2025-10-22,1,2025-10-23,8000.000,2.489,2.480,2.510,8000.000,1.194
2025-10-22_14002045082-2,2025-10-22,9:15,2025-10-22,2,2025-10-24,8000.000,2.493,2.480,2.510,8000.000,1.609
2025-10-23_14002045083,2025-10-23,9:15,2025-10-23,,,,,,,,
2025-10-23_14002045083-1,2025-10-23,9:15,2025-10-23,1,2025-10-24,6200.000,2.478,2.450,2.490,10000.000,0.620
2025-10-23_14002045083-2,2025-10-23,9:15,2025-10-23,4,2025-10-27,9000.000,2.469,2.450,2.500,11000.000,0.818
2025-10-24_14002045084,2025-10-24,9:15,2025-10-24,,,,,,,,
2025-10-24_14002045084-1,2025-10-24,9:15,2025-10-24,3,2025-10-27,6550.000,2.461,2.450,2.490,10000.000,0.655
2025-10-24_14002045084-2,2025-10-24,9:15,2025-10-24,4,2025-10-28,6900.000,2.458,2.450,2.490,10500.000,0.657
2025-10-27_14002045439,2025-10-27,9:15,2025-10-27,,,,,,,,
2025-10-27_14002045439-1,2025-10-27,9:15,2025-10-27,1,2025-10-28,6150.000,2.459,2.450,2.470,10000.000,0.615
2025-10-27_14002045439-2,2025-10-27,9:15,2025-10-27,2,2025-10-29,8325.000,2.457,2.450,2.470,10000.000,0.833
2025-10-28_14002045085,2025-10-28,9:15,2025-10-28,,,,,,,,
2025-10-28_14002045085-1,2025-10-28,9:15,2025-10-28,1,2025-10-29,9000.000,2.454,2.450,2.460,9000.000,1.022
2025-10-28_14002045085-2,2025-10-28,9:15,2025-10-28,2,2025-10-30,5700.000,2.452,2.450,2.470,9000.000,0.633
2025-10-29_14002045440,2025-10-29,10:00,2025-10-29,,,,,,,,
2025-10-29_14002045440-1,2025-10-29,10:00,2025-10-29,1,2025-10-30,8000.000,2.458,2.450,2.460,8000.000,1.044
2025-10-29_14002045440-2,2025-10-29,10:00,2025-10-29,2,2025-10-31,2600.000,2.365,2.330,2.460,8000.000,0.325
2025-10-30_14002045441,2025-10-30,9:15,2025-10-30,,,,,,,,
2025-10-30_14002045441-1,2025-10-30,9:15,2025-10-30,1,2025-10-31,7450.000,2.252,2.200,2.400,8000.000,0.931
2025-10-30_14002045441-2,2025-10-30,9:15,2025-10-30,4,2025-11-03,8000.000,2.277,2.230,2.450,8000.000,1.675
2025-10-31_14002045442,2025-10-31,9:15,2025-10-31,,,,,,,,
2025-10-31_14002045442-1,2025-10-31,9:15,2025-10-31,3,2025-11-03,7700.000,2.280,2.200,2.380,9000.000,0.856
2025-10-31_14002045442-2,2025-10-31,9:15,2025-10-31,4,2025-11-04,7850.000,2.285,2.200,2.380,9000.000,0.872
2025-11-03_14002045444,2025-11-03,9:15,2025-11-03,,,,,,,,
2025-11-03_14002045444-1,2025-11-03,9:15,2025-11-03,1,2025-11-04,8000.000,2.284,2.210,2.330,8000.000,1.481
2025-11-04_14002045841,2025-11-04,9:15,2025-11-04,,,,,,,,
2025-11-04_14002045841-1,2025-11-04,9:15,2025-11-04,1,2025-11-05,7400.000,2.212,2.200,2.280,10000.000,0.740
2025-11-04_14002045841-2,2025-11-04,9:15,2025-11-04,2,2025-11-06,8550.000,2.209,2.200,2.280,9000.000,0.950
2025-11-05_14002045843,2025-11-05,9:15,2025-11-05,,,,,,,,
2025-11-05_14002045843-1,2025-11-05,9:15,2025-11-05,1,2025-11-06,8000.000,2.215,2.210,2.220,8000.000,1.331
2025-11-05_14002045843-2,2025-11-05,9:15,2025-11-05,2,2025-11-07,8000.000,2.218,2.210,2.220,8000.000,1.788
2025-11-06_14002045844,2025-11-06,9:15,2025-11-06,,,,,,,,
2025-11-06_14002045844-1,2025-11-06,9:15,2025-11-06,1,2025-11-07,5765.000,2.215,2.200,2.230,8000.000,0.721
2025-11-06_14002045844-2,2025-11-06,9:15,2025-11-06,4,2025-11-10,7095.000,2.209,2.200,2.230,8000.000,0.887
2025-11-07_14002046240,2025-11-07,9:15,2025-11-07,,,,,,,,
2025-11-07_14002046240-1,2025-11-07,9:15,2025-11-07,3,2025-11-10,6800.000,2.204,2.200,2.210,9000.000,0.756
2025-11-07_14002046240-2,2025-11-07,9:15,2025-11-07,5,2025-11-12,8550.000,2.200,2.200,2.210,10000.000,0.855
2025-11-10_14002046241,2025-11-10,9:15,2025-11-10,,,,,,,,
2025-11-10_14002046241-1,2025-11-10,9:15,2025-11-10,2,2025-11-12,9000.000,2.205,2.200,2.210,9000.000,1.011
2025-11-10_14002046241-2,2025-11-10,9:15,2025-11-10,3,2025-11-13,10000.000,2.203,2.200,2.210,10000.000,1.351
2025-11-12_14002045846,2025-11-12,9:15,2025-11-12,,,,,,,,
2025-11-12_14002045846-1,2025-11-12,9:15,2025-11-12,1,2025-11-13,9000.000,2.206,2.200,2.210,9000.000,1.114
2025-11-12_14002045846-2,2025-11-12,9:15,2025-11-12,2,2025-11-14,9000.000,2.206,2.200,2.220,9000.000,1.144
2025-11-13_14002045847,2025-11-13,9:15,2025-11-13,,,,,,,,
2025-11-13_14002045847-1,2025-11-13,9:15,2025-11-13,1,2025-11-14,4650.000,2.201,2.200,2.210,8000.000,0.581
2025-11-13_14002045847-2,2025-11-13,9:15,2025-11-13,4,2025-11-17,8000.000,2.203,2.200,2.210,8000.000,1.170
2025-11-14_14002045848,2025-11-14,9:15,2025-11-14,,,,,,,,
2025-11-14_14002045848-1,2025-11-14,9:15,2025-11-14,3,2025-11-17,5400.000,2.200,2.200,2.210,8000.000,0.675
2025-11-14_14002045848-2,2025-11-14,9:15,2025-11-14,4,2025-11-18,8000.000,2.204,2.200,2.210,8000.000,1.525
2025-11-17_14002045849,2025-11-17,9:15,2025-11-17,,,,,,,,
2025-11-17_14002045849-1,2025-11-17,9:15,2025-11-17,1,2025-11-18,7800.000,2.201,2.200,2.210,8000.000,0.975
2025-11-17_14002045849-2,2025-11-17,9:15,2025-11-17,2,2025-11-19,8000.000,2.204,2.200,2.210,8000.000,1.467
2025-11-18_14002046639,2025-11-18,9:15,2025-11-18,,,,,,,,
2025-11-18_14002046639-1,2025-11-18,9:15,2025-11-18,1,2025-11-19,4350.000,2.200,2.200,2.200,8000.000,0.544
2025-11-18_14002046639-2,2025-11-18,9:15,2025-11-18,2,2025-11-20,8000.000,2.202,2.200,2.210,8000.000,1.050
2025-11-19_14002046640,2025-11-19,9:15,2025-11-19,,,,,,,,
2025-11-19_14002046640-1,2025-11-19,9:15,2025-11-19,1,2025-11-20,5500.000,2.210,2.200,2.230,5500.000,1.000
2025-11-19_14002046640-2,2025-11-19,9:15,2025-11-19,2,2025-11-21,4850.000,2.209,2.200,2.230,5500.000,0.882
2025-11-20_14002046641,2025-11-20,9:15,2025-11-20,,,,,,,,
2025-11-20_14002046641-1,2025-11-20,9:15,2025-11-20,1,2025-11-21,3700.000,2.210,2.200,2.250,6000.000,0.617
2025-11-20_14002046641-2,2025-11-20,9:15,2025-11-20,4,2025-11-24,5937.000,2.201,2.200,2.210,6000.000,0.990
2025-11-21_14002046660,2025-11-21,9:15,2025-11-21,,,,,,,,
2025-11-21_14002046660-1,2025-11-21,9:15,2025-11-21,3,2025-11-24,5000.000,2.200,2.200,2.200,5000.000,1.130
2025-11-21_14002046660-2,2025-11-21,9:15,2025-11-21,4,2025-11-25,4350.000,2.200,2.200,2.200,5000.000,0.870
2025-11-24_14002047039,2025-11-24,9:15,2025-11-24,,,,,,,,
2025-11-24_14002047039-1,2025-11-24,9:15,2025-11-24,1,2025-11-25,5500.000,2.200,2.200,2.200,5500.000,1.373
2025-11-24_14002047039-2,2025-11-24,9:15,2025-11-24,2,2025-11-26,5500.000,2.201,2.200,2.210,5500.000,1.464
2025-11-25_14002047040,2025-11-25,9:15,2025-11-25,,,,,,,,
2025-11-25_14002047040-1,2025-11-25,9:15,2025-11-25,1,2025-11-26,5000.000,2.206,2.200,2.210,5000.000,1.240
2025-11-25_14002047040-2,2025-11-25,9:15,2025-11-25,2,2025-11-27,5000.000,2.205,2.200,2.210,5000.000,1.400
2025-11-26_14002047441,2025-11-26,9:15,2025-11-26,,,,,,,,
2025-11-26_14002047441-1,2025-11-26,9:15,2025-11-26,1,2025-11-27,5000.000,2.206,2.200,2.210,5000.000,1.400
2025-11-26_14002047441-2,2025-11-26,9:15,2025-11-26,2,2025-11-28,5000.000,2.208,2.200,2.210,5000.000,1.250
2025-11-27_14002047839,2025-11-27,9:15,2025-11-27,,,,,,,,
2025-11-27_14002047839-1,2025-11-27,9:15,2025-11-27,1,2025-11-28,4000.000,2.204,2.200,2.210,4000.000,1.050
2025-11-27_14002047839-2,2025-11-27,9:15,2025-11-27,4,2025-12-01,2500.000,2.208,2.200,2.210,4000.000,0.625
2025-11-28_14002047840,2025-11-28,9:15,2025-11-28,,,,,,,,
2025-11-28_14002047840-1,2025-11-28,9:15,2025-11-28,3,2025-12-01,3950.000,2.201,2.200,2.210,5000.000,0.790
2025-11-28_14002047840-2,2025-11-28,9:15,2025-11-28,4,2025-12-02,5000.000,2.204,2.200,2.210,5000.000,1.480
2025-12-01_14002047841,2025-12-01,9:15,2025-12-01,,,,,,,,
2025-12-01_14002047841-1,2025-12-01,9:15,2025-12-01,1,2025-12-02,3000.000,2.207,2.200,2.210,3000.000,1.083
2025-12-01_14002047841-2,2025-12-01,9:15,2025-12-01,2,2025-12-03,3000.000,2.205,2.200,2.210,3000.000,2.267
2025-12-02_14002047842,2025-12-02,9:15,2025-12-02,,,,,,,,
2025-12-02_14002047842-1,2025-12-02,9:15,2025-12-02,1,2025-12-03,4000.000,2.208,2.200,2.210,4000.000,1.142
2025-12-02_14002047842-2,2025-12-02,9:15,2025-12-02,2,2025-12-04,4000.000,2.210,2.210,2.220,4000.000,2.015
2025-12-03_14002048240,2025-12-03,9:15,2025-12-03,,,,,,,,
2025-12-03_14002048240-1,2025-12-03,9:15,2025-12-03,1,2025-12-04,4000.000,2.210,2.210,2.210,4000.000,1.563
2025-12-03_14002048240-2,2025-12-03,9:15,2025-12-03,2,2025-12-05,4000.000,2.210,2.210,2.210,4000.000,1.313
2025-12-04_14002047843,2025-12-04,9:15,2025-12-04,,,,,,,,
2025-12-04_14002047843-1,2025-12-04,9:15,2025-12-04,1,2025-12-05,4705.000,2.210,2.200,2.210,5000.000,0.941
2025-12-04_14002047843-2,2025-12-04,9:15,2025-12-04,4,2025-12-08,5000.000,2.210,2.210,2.220,5000.000,2.115
2025-12-05_14002048241,2025-12-05,9:15,2025-12-05,,,,,,,,
2025-12-05_14002048241-1,2025-12-05,9:15,2025-12-05,3,2025-12-08,5000.000,2.220,2.220,2.220,5000.000,1.590
2025-12-05_14002048241-2,2025-12-05,9:15,2025-12-05,4,2025-12-09,5000.000,2.220,2.220,2.220,5000.000,1.880
2025-12-08_14002048242,2025-12-08,9:15,2025-12-08,,,,,,,,
2025-12-08_14002048242-1,2025-12-08,9:15,2025-12-08,1,2025-12-09,7000.000,2.209,2.200,2.220,7000.000,1.093
2025-12-08_14002048242-2,2025-12-08,9:15,2025-12-08,2,2025-12-10,7000.000,2.200,2.200,2.230,7000.000,1.096
2025-12-09_14002048639,2025-12-09,9:15,2025-12-09,,,,,,,,
2025-12-09_14002048639-1,2025-12-09,9:15,2025-12-09,1,2025-12-10,5000.000,2.214,2.210,2.220,5000.000,1.321
2025-12-09_14002048639-2,2025-12-09,9:15,2025-12-09,2,2025-12-11,5000.000,2.212,2.210,2.220,5000.000,1.170
2025-12-10_14002049039,2025-12-10,10:00,2025-12-10,,,,,,,,
2025-12-10_14002049039-1,2025-12-10,10:00,2025-12-10,1,2025-12-11,4100.000,2.208,2.200,2.220,6000.000,0.683
2025-12-10_14002049039-2,2025-12-10,10:00,2025-12-10,2,2025-12-12,6000.000,2.212,2.210,2.220,6000.000,1.167
2025-12-11_14002049041,2025-12-11,9:15,2025-12-11,,,,,,,,
2025-12-11_14002049041-1,2025-12-11,9:15,2025-12-11,1,2025-12-12,4500.000,2.213,2.200,2.220,4500.000,1.067
2025-12-11_14002049041-2,2025-12-11,9:15,2025-12-11,4,2025-12-15,4500.000,2.216,2.200,2.220,4500.000,1.607
2025-12-12_14002049042,2025-12-12,9:15,2025-12-12,,,,,,,,
2025-12-12_14002049042-1,2025-12-12,9:15,2025-12-12,3,2025-12-15,6500.000,2.226,2.220,2.230,6500.000,2.170
2025-12-12_14002049042-2,2025-12-12,9:15,2025-12-12,4,2025-12-16,6500.000,2.230,2.220,2.240,6500.000,2.315
2025-12-15_14002049043,2025-12-15,9:15,2025-12-15,,,,,,,,
2025-12-15_14002049043-1,2025-12-15,9:15,2025-12-15,1,2025-12-16,8500.000,2.231,2.230,2.250,8500.000,1.924
2025-12-15_14002049043-2,2025-12-15,9:15,2025-12-15,2,2025-12-17,8500.000,2.226,2.220,2.250,8500.000,1.988
2025-12-16_14002048640,2025-12-16,9:15,2025-12-16,,,,,,,,
2025-12-16_14002048640-1,2025-12-16,9:15,2025-12-16,1,2025-12-17,3550.000,2.229,2.220,2.230,7500.000,0.473
2025-12-16_14002048640-2,2025-12-16,9:15,2025-12-16,2,2025-12-18,7500.000,2.218,2.200,2.230,7500.000,1.027
2025-12-17_14002049045,2025-12-17,9:15,2025-12-17,,,,,,,,
2025-12-17_14002049045-1,2025-12-17,9:15,2025-12-17,1,2025-12-18,4000.000,2.230,2.220,2.240,4000.000,1.338
2025-12-17_14002049045-2,2025-12-17,9:15,2025-12-17,2,2025-12-19,4000.000,2.234,2.230,2.240,4000.000,1.888
2025-12-18_14002048642,2025-12-18,9:15,2025-12-18,,,,,,,,
2025-12-18_14002048642-1,2025-12-18,9:15,2025-12-18,1,2025-12-19,4050.000,2.231,2.200,2.250,5000.000,0.810
2025-12-18_14002048642-2,2025-12-18,9:15,2025-12-18,4,2025-12-22,5000.000,2.239,2.230,2.250,5000.000,1.340
2025-12-19_14002048643,2025-12-19,9:15,2025-12-19,,,,,,,,
2025-12-19_14002048643-1,2025-12-19,9:15,2025-12-19,3,2025-12-22,4300.000,2.227,2.210,2.230,4500.000,0.956
2025-12-19_14002048643-2,2025-12-19,9:15,2025-12-19,4,2025-12-23,4500.000,2.235,2.230,2.240,4500.000,1.289
2025-12-22_14002048644,2025-12-22,9:15,2025-12-22,,,,,,,,
2025-12-22_14002048644-1,2025-12-22,9:15,2025-12-22,1,2025-12-23,3000.000,2.243,2.240,2.250,3000.000,1.633
2025-12-22_14002048644-2,2025-12-22,9:15,2025-12-22,2,2025-12-24,3000.000,2.248,2.240,2.250,3000.000,2.110
2025-12-23_14002049046,2025-12-23,9:15,2025-12-23,,,,,,,,
2025-12-23_14002049046-1,2025-12-23,9:15,2025-12-23,1,2025-12-24,4450.000,2.261,2.230,2.270,4500.000,0.989
2025-12-23_14002049046-2,2025-12-23,9:15,2025-12-23,6,2025-12-29,4500.000,2.270,2.270,2.270,4500.000,1.467
2025-12-24_14002049047,2025-12-24,9:15,2025-12-24,,,,,,,,
2025-12-24_14002049047-1,2025-12-24,9:15,2025-12-24,5,2025-12-29,4365.000,2.253,2.230,2.270,4500.000,0.970
2025-12-24_14002049047-2,2025-12-24,9:15,2025-12-24,6,2025-12-30,3040.000,2.236,2.200,2.250,4500.000,0.676
2025-12-29_14002048647,2025-12-29,9:15,2025-12-29,,,,,,,,
2025-12-29_14002048647-1,2025-12-29,9:15,2025-12-29,1,2025-12-30,600.000,2.260,2.260,2.260,4500.000,0.133
2025-12-29_14002048647-2,2025-12-29,9:15,2025-12-29,2,2025-12-31,2900.000,2.228,2.200,2.240,4500.000,0.644
2025-12-30_14002049049,2025-12-30,9:15,2025-12-30,,,,,,,,
2025-12-30_14002049049-1,2025-12-30,9:15,2025-12-30,1,2025-12-31,900.000,2.261,2.230,2.270,5000.000,0.180
2025-12-30_14002049049-2,2025-12-30,9:15,2025-12-30,3,2026-01-02,2600.000,2.202,2.200,2.230,5000.000,0.520
2025-12-31_14002049051,2025-12-31,9:15,2025-12-31,,,,,,,,
2025-12-31_14002049051-1,2025-12-31,9:15,2025-12-31,2,2026-01-02,1000.000,2.239,2.230,2.260,4500.000,0.222
2025-12-31_14002049051-2,2025-12-31,9:15,2025-12-31,5,2026-01-05,600.000,2.230,2.230,2.230,4500.000,0.133
2026-01-02_14002049052,2026-01-02,9:15,2026-01-02,,,,,,,,
2026-01-02_14002049052-1,2026-01-02,9:15,2026-01-02,3,2026-01-05,3619.000,2.227,2.200,2.270,4000.000,0.905
2026-01-02_14002049052-2,2026-01-02,9:15,2026-01-02,4,2026-01-06,4000.000,2.246,2.220,2.250,4000.000,2.863
2026-01-05_14002048649,2026-01-05,9:15,2026-01-05,,,,,,,,
2026-01-05_14002048649-1,2026-01-05,9:15,2026-01-05,1,2026-01-06,3000.000,2.243,2.230,2.300,3000.000,2.417
2026-01-05_14002048649-2,2026-01-05,9:15,2026-01-05,2,2026-01-07,3000.000,2.241,2.230,2.300,3000.000,2.292
2026-01-06_14002049053,2026-01-06,9:15,2026-01-06,,,,,,,,
2026-01-06_14002049053-1,2026-01-06,9:15,2026-01-06,1,2026-01-07,1550.000,2.233,2.220,2.240,3500.000,0.443
2026-01-06_14002049053-2,2026-01-06,9:15,2026-01-06,2,2026-01-08,3500.000,2.235,2.220,2.250,3500.000,1.330
2026-01-07_14002049054,2026-01-07,9:15,2026-01-07,,,,,,,,
2026-01-07_14002049054-1,2026-01-07,9:15,2026-01-07,1,2026-01-08,700.000,2.229,2.220,2.250,3000.000,0.233
2026-01-07_14002049054-2,2026-01-07,9:15,2026-01-07,2,2026-01-09,3000.000,2.205,2.200,2.250,3000.000,1.075
2026-01-08_14002048650,2026-01-08,9:15,2026-01-08,,,,,,,,
2026-01-08_14002048650-1,2026-01-08,9:15,2026-01-08,1,2026-01-09,2500.000,2.220,2.220,2.220,3500.000,0.714
2026-01-08_14002048650-2,2026-01-08,9:15,2026-01-08,4,2026-01-12,3500.000,2.215,2.200,2.220,3500.000,1.386
2026-01-09_14002048651,2026-01-09,9:15,2026-01-09,,,,,,,,
2026-01-09_14002048651-1,2026-01-09,9:15,2026-01-09,3,2026-01-12,2700.000,2.217,2.200,2.230,3000.000,0.900
2026-01-09_14002048651-2,2026-01-09,9:15,2026-01-09,4,2026-01-13,3000.000,2.214,2.200,2.230,3000.000,1.025
2026-01-12_14002049439,2026-01-12,9:15,2026-01-12,,,,,,,,
2026-01-12_14002049439-1,2026-01-12,9:15,2026-01-12,1,2026-01-13,3000.000,2.220,2.220,2.230,3000.000,1.567
2026-01-12_14002049439-2,2026-01-12,9:15,2026-01-12,2,2026-01-14,3000.000,2.226,2.220,2.230,3000.000,2.500
2026-01-13_14002049440,2026-01-13,9:15,2026-01-13,,,,,,,,
2026-01-13_14002049440-1,2026-01-13,9:15,2026-01-13,1,2026-01-14,3000.000,2.213,2.210,2.220,3000.000,1.150
2026-01-13_14002049440-2,2026-01-13,9:15,2026-01-13,2,2026-01-15,3000.000,2.212,2.200,2.230,3000.000,1.775
2026-01-14_14002049441,2026-01-14,9:15,2026-01-14,,,,,,,,
2026-01-14_14002049441-1,2026-01-14,9:15,2026-01-14,1,2026-01-15,3000.000,2.221,2.210,2.230,3000.000,1.275
2026-01-14_14002049441-2,2026-01-14,9:15,2026-01-14,2,2026-01-16,3000.000,2.221,2.210,2.230,3000.000,1.425
2026-01-15_14002049840,2026-01-15,9:15,2026-01-15,,,,,,,,
2026-01-15_14002049840-1,2026-01-15,9:15,2026-01-15,1,2026-01-16,3000.000,2.243,2.230,2.260,3000.000,1.667
2026-01-15_14002049840-2,2026-01-15,9:15,2026-01-15,4,2026-01-19,3000.000,2.253,2.240,2.260,3000.000,3.175
2026-01-16_14002049443,2026-01-16,9:15,2026-01-16,,,,,,,,
2026-01-16_14002049443-1,2026-01-16,9:15,2026-01-16,3,2026-01-19,3000.000,2.239,2.220,2.290,3000.000,1.298
2026-01-16_14002049443-2,2026-01-16,9:15,2026-01-16,4,2026-01-20,3000.000,2.253,2.250,2.290,3000.000,2.255
2026-01-19_14002049444,2026-01-19,9:15,2026-01-19,,,,,,,,
2026-01-19_14002049444-1,2026-01-19,9:15,2026-01-19,1,2026-01-20,3000.000,2.226,2.210,2.280,3000.000,1.225
2026-01-19_14002049444-2,2026-01-19,9:15,2026-01-19,2,2026-01-21,3000.000,2.236,2.230,2.260,3000.000,1.790
2026-01-20_14002049841,2026-01-20,9:15,2026-01-20,,,,,,,,
2026-01-20_14002049841-1,2026-01-20,9:15,2026-01-20,1,2026-01-21,3000.000,2.214,2.200,2.250,3000.000,1.167
2026-01-20_14002049841-2,2026-01-20,9:15,2026-01-20,2,2026-01-22,3000.000,2.227,2.220,2.250,3000.000,1.913
2026-01-21_14002049445,2026-01-21,9:15,2026-01-21,,,,,,,,
2026-01-21_14002049445-1,2026-01-21,9:15,2026-01-21,1,2026-01-22,2200.000,2.205,2.200,2.230,3000.000,0.733
2026-01-21_14002049445-2,2026-01-21,9:15,2026-01-21,2,2026-01-23,3000.000,2.222,2.220,2.240,3000.000,1.682
2026-01-22_14002049842,2026-01-22,9:15,2026-01-22,,,,,,,,
2026-01-22_14002049842-1,2026-01-22,9:15,2026-01-22,1,2026-01-23,3000.000,2.211,2.210,2.220,3000.000,2.300
2026-01-22_14002049842-2,2026-01-22,9:15,2026-01-22,4,2026-01-26,3000.000,2.230,2.230,2.240,3000.000,2.198
2026-01-23_14002049844,2026-01-23,9:15,2026-01-23,,,,,,,,
2026-01-23_14002049844-1,2026-01-23,9:15,2026-01-23,3,2026-01-26,3500.000,2.224,2.220,2.250,3500.000,1.586
2026-01-23_14002049844-2,2026-01-23,9:15,2026-01-23,4,2026-01-27,3500.000,2.240,2.220,2.250,3500.000,2.627
2026-01-26_14002049446,2026-01-26,9:15,2026-01-26,,,,,,,,
2026-01-26_14002049446-1,2026-01-26,9:15,2026-01-26,1,2026-01-27,4000.000,2.238,2.230,2.240,4000.000,2.675
2026-01-26_14002049446-2,2026-01-26,9:15,2026-01-26,2,2026-01-28,4000.000,2.241,2.240,2.250,4000.000,2.838
2026-01-27_14002050239,2026-01-27,9:15,2026-01-27,,,,,,,,
2026-01-27_14002050239-1,2026-01-27,9:15,2026-01-27,1,2026-01-28,4500.000,2.247,2.240,2.250,4500.000,2.267
2026-01-27_14002050239-2,2026-01-27,9:15,2026-01-27,2,2026-01-29,4500.000,2.249,2.240,2.260,4500.000,1.822
2026-01-28_14002050240,2026-01-28,10:00,2026-01-28,,,,,,,,
2026-01-28_14002050240-1,2026-01-28,10:00,2026-01-28,1,2026-01-29,3000.000,2.258,2.250,2.270,3000.000,2.633
2026-01-28_14002050240-2,2026-01-28,10:00,2026-01-28,2,2026-01-30,3000.000,2.253,2.250,2.270,3000.000,2.913
2026-01-29_14002050241,2026-01-29,9:15,2026-01-29,,,,,,,,
2026-01-29_14002050241-1,2026-01-29,9:15,2026-01-29,1,2026-01-30,4000.000,2.252,2.250,2.270,4000.000,1.125
2026-01-29_14002050241-2,2026-01-29,9:15,2026-01-29,4,2026-02-02,1580.000,2.244,2.240,2.260,4000.000,0.395
2026-01-30_14002050242,2026-01-30,9:15,2026-01-30,,,,,,,,
2026-01-30_14002050242-1,2026-01-30,9:15,2026-01-30,3,2026-02-02,4800.000,2.252,2.210,2.290,5500.000,0.873
2026-01-30_14002050242-2,2026-01-30,9:15,2026-01-30,4,2026-02-03,4500.000,2.297,2.280,2.300,4500.000,1.922
2026-02-02_14002050280,2026-02-02,9:15,2026-02-02,,,,,,,,
2026-02-02_14002050280-1,2026-02-02,9:15,2026-02-02,1,2026-02-03,4000.000,2.261,2.250,2.310,4000.000,1.912
2026-02-03_14002050639,2026-02-03,9:15,2026-02-03,,,,,,,,
2026-02-03_14002050639-1,2026-02-03,9:15,2026-02-03,1,2026-02-04,1255.000,2.248,2.200,2.270,3000.000,0.418
2026-02-03_14002050639-2,2026-02-03,9:15,2026-02-03,2,2026-02-05,3000.000,2.288,2.260,2.300,3000.000,2.348
2026-02-04_14002050640,2026-02-04,9:15,2026-02-04,,,,,,,,
2026-02-04_14002050640-1,2026-02-04,9:15,2026-02-04,1,2026-02-05,3000.000,2.253,2.250,2.270,3000.000,2.195
2026-02-04_14002050640-2,2026-02-04,9:15,2026-02-04,2,2026-02-06,3000.000,2.259,2.250,2.280,3000.000,2.318
2026-02-05_14002050282,2026-02-05,9:15,2026-02-05,,,,,,,,
2026-02-05_14002050282-1,2026-02-05,9:15,2026-02-05,1,2026-02-06,3000.000,2.253,2.250,2.280,3000.000,2.013
2026-02-05_14002050282-2,2026-02-05,9:15,2026-02-05,4,2026-02-09,3000.000,2.283,2.260,2.290,3000.000,2.393
2026-02-06_14002050283,2026-02-06,9:15,2026-02-06,,,,,,,,
2026-02-06_14002050283-1,2026-02-06,9:15,2026-02-06,3,2026-02-09,3000.000,2.256,2.240,2.260,3000.000,1.392
2026-02-06_14002050283-2,2026-02-06,9:15,2026-02-06,4,2026-02-10,3000.000,2.266,2.260,2.290,3000.000,2.361
2026-02-09_14002050641,2026-02-09,9:15,2026-02-09,,,,,,,,
2026-02-09_14002050641-1,2026-02-09,9:15,2026-02-09,1,2026-02-10,3000.000,2.260,2.260,2.260,3000.000,2.712
2026-02-09_14002050641-2,2026-02-09,9:15,2026-02-09,2,2026-02-11,3000.000,2.280,2.270,2.290,3000.000,3.283
2026-02-10_14002051039,2026-02-10,9:15,2026-02-10,,,,,,,,
2026-02-10_14002051039-1,2026-02-10,9:15,2026-02-10,1,2026-02-11,3000.000,2.261,2.260,2.270,3000.000,1.890
2026-02-10_14002051039-2,2026-02-10,9:15,2026-02-10,2,2026-02-12,3000.000,2.273,2.270,2.280,3000.000,1.633
2026-02-11_14002051060,2026-02-11,9:15,2026-02-11,,,,,,,,
2026-02-11_14002051060-1,2026-02-11,9:15,2026-02-11,1,2026-02-12,3000.000,2.272,2.260,2.280,3000.000,2.468
2026-02-11_14002051060-2,2026-02-11,9:15,2026-02-11,2,2026-02-13,3000.000,2.274,2.270,2.280,3000.000,2.358
2026-02-12_14002051061,2026-02-12,9:15,2026-02-12,,,,,,,,
2026-02-12_14002051061-1,2026-02-12,9:15,2026-02-12,1,2026-02-13,5000.000,2.236,2.200,2.280,5000.000,1.063
2026-02-12_14002051061-2,2026-02-12,9:15,2026-02-12,5,2026-02-17,4000.000,2.237,2.200,2.270,4000.000,1.113
2026-02-13_14002051062,2026-02-13,9:15,2026-02-13,,,,,,,,
2026-02-13_14002051062-1,2026-02-13,9:15,2026-02-13,4,2026-02-17,5000.000,2.230,2.200,2.260,5000.000,1.297
2026-02-13_14002051062-2,2026-02-13,9:15,2026-02-13,5,2026-02-18,4000.000,2.218,2.210,2.230,4000.000,1.980
2026-02-17_14002051041,2026-02-17,9:15,2026-02-17,,,,,,,,
2026-02-17_14002051041-1,2026-02-17,9:15,2026-02-17,1,2026-02-18,3500.000,2.214,2.200,2.220,3500.000,1.233
2026-02-17_14002051041-2,2026-02-17,9:15,2026-02-17,2,2026-02-19,3500.000,2.229,2.210,2.240,3500.000,2.480
2026-02-18_14002051042,2026-02-18,9:15,2026-02-18,,,,,,,,
2026-02-18_14002051042-1,2026-02-18,9:15,2026-02-18,1,2026-02-19,3000.000,2.229,2.220,2.240,3000.000,2.973
2026-02-18_14002051042-2,2026-02-18,9:15,2026-02-18,2,2026-02-20,3000.000,2.236,2.230,2.240,3000.000,2.195
2026-02-19_14002051064,2026-02-19,9:15,2026-02-19,,,,,,,,
2026-02-19_14002051064-1,2026-02-19,9:15,2026-02-19,1,2026-02-20,3000.000,2.243,2.240,2.250,3000.000,3.098
2026-02-19_14002051064-2,2026-02-19,9:15,2026-02-19,4,2026-02-23,3000.000,2.245,2.230,2.250,3000.000,2.610
2026-02-20_14002051065,2026-02-20,9:15,2026-02-20,,,,,,,,
2026-02-20_14002051065-1,2026-02-20,9:15,2026-02-20,3,2026-02-23,3000.000,2.251,2.240,2.260,3000.000,2.833
2026-02-20_14002051065-2,2026-02-20,9:15,2026-02-20,4,2026-02-24,3000.000,2.245,2.240,2.250,3000.000,3.183
2026-02-23_14002051043,2026-02-23,9:15,2026-02-23,,,,,,,,
2026-02-23_14002051043-1,2026-02-23,9:15,2026-02-23,1,2026-02-24,3000.000,2.262,2.250,2.270,3000.000,3.067
2026-02-23_14002051043-2,2026-02-23,9:15,2026-02-23,2,2026-02-25,3000.000,2.257,2.250,2.270,3000.000,2.161
2026-02-24_14002051044,2026-02-24,9:15,2026-02-24,,,,,,,,
2026-02-24_14002051044-1,2026-02-24,9:15,2026-02-24,1,2026-02-25,5000.000,2.263,2.260,2.270,5000.000,2.050
2026-02-24_14002051044-2,2026-02-24,9:15,2026-02-24,2,2026-02-26,3000.000,2.267,2.260,2.270,3000.000,3.283
2026-02-25_14002051067,2026-02-25,9:15,2026-02-25,,,,,,,,
2026-02-25_14002051067-1,2026-02-25,9:15,2026-02-25,1,2026-02-26,5000.000,2.260,2.250,2.270,5000.000,1.960
2026-02-25_14002051067-2,2026-02-25,9:15,2026-02-25,2,2026-02-27,3000.000,2.263,2.260,2.270,3000.000,1.844
2026-02-26_14002051045,2026-02-26,9:15,2026-02-26,,,,,,,,
2026-02-26_14002051045-1,2026-02-26,9:15,2026-02-26,1,2026-02-27,5000.000,2.244,2.200,2.270,5000.000,1.129
2026-02-26_14002051045-2,2026-02-26,9:15,2026-02-26,4,2026-03-02,3000.000,2.253,2.240,2.260,3000.000,1.833
2026-02-27_14002051439,2026-02-27,9:15,2026-02-27,,,,,,,,
2026-02-27_14002051439-1,2026-02-27,9:15,2026-02-27,3,2026-03-02,10000.000,2.251,2.200,2.280,10000.000,1.127
2026-02-27_14002051439-2,2026-02-27,9:15,2026-02-27,4,2026-03-03,2000.000,2.263,2.210,2.280,2000.000,1.650
2026-03-02_14002051839,2026-03-02,9:15,2026-03-02,,,,,,,,
2026-03-02_14002051839-1,2026-03-02,9:15,2026-03-02,1,2026-03-03,2000.000,2.308,2.300,2.310,2000.000,5.510
2026-03-03_14002051840,2026-03-03,9:15,2026-03-03,,,,,,,,
2026-03-03_14002051840-1,2026-03-03,9:15,2026-03-03,1,2026-03-04,3865.000,2.227,2.200,2.300,4000.000,0.966
2026-03-03_14002051840-2,2026-03-03,9:15,2026-03-03,2,2026-03-05,4000.000,2.289,2.270,2.300,4000.000,2.576
2026-03-04_14002051443,2026-03-04,9:15,2026-03-04,,,,,,,,
2026-03-04_14002051443-1,2026-03-04,9:15,2026-03-04,1,2026-03-05,4500.000,2.213,2.200,2.280,4500.000,1.247
2026-03-04_14002051443-2,2026-03-04,9:15,2026-03-04,2,2026-03-06,4500.000,2.264,2.250,2.280,4500.000,1.959
2026-03-05_14002051841,2026-03-05,9:15,2026-03-05,,,,,,,,
2026-03-05_14002051841-1,2026-03-05,9:15,2026-03-05,1,2026-03-06,3375.000,2.211,2.200,2.250,5000.000,0.675
2026-03-05_14002051841-2,2026-03-05,9:15,2026-03-05,4,2026-03-09,5189.000,2.245,2.200,2.280,6000.000,0.865
2026-03-06_14002051445,2026-03-06,9:15,2026-03-06,,,,,,,,
2026-03-06_14002051445-1,2026-03-06,9:15,2026-03-06,3,2026-03-09,4507.000,2.203,2.200,2.220,5000.000,0.901
2026-03-06_14002051445-2,2026-03-06,9:15,2026-03-06,4,2026-03-10,5000.000,2.212,2.200,2.260,5000.000,1.032
2026-03-09_14002051446,2026-03-09,9:15,2026-03-09,,,,,,,,
2026-03-09_14002051446-1,2026-03-09,9:15,2026-03-09,1,2026-03-10,5000.000,2.202,2.200,2.220,5000.000,1.233
2026-03-09_14002051446-2,2026-03-09,9:15,2026-03-09,2,2026-03-11,5000.000,2.219,2.200,2.240,5000.000,1.341
2026-03-10_14002051842,2026-03-10,9:15,2026-03-10,,,,,,,,
2026-03-10_14002051842-1,2026-03-10,9:15,2026-03-10,1,2026-03-11,5000.000,2.217,2.200,2.240,5000.000,1.223
2026-03-10_14002051842-2,2026-03-10,9:15,2026-03-10,2,2026-03-12,5000.000,2.210,2.200,2.240,5000.000,1.636
2026-03-11_14002051447,2026-03-11,9:15,2026-03-11,,,,,,,,
2026-03-11_14002051447-1,2026-03-11,9:15,2026-03-11,1,2026-03-12,4000.000,2.225,2.200,2.230,4000.000,1.663
2026-03-11_14002051447-2,2026-03-11,9:15,2026-03-11,2,2026-03-13,4000.000,2.237,2.220,2.240,4000.000,2.165
2026-03-12_14002051843,2026-03-12,9:15,2026-03-12,,,,,,,,
2026-03-12_14002051843-1,2026-03-12,9:15,2026-03-12,1,2026-03-13,4000.000,2.220,2.200,2.230,4000.000,1.309
2026-03-12_14002051843-2,2026-03-12,9:15,2026-03-12,4,2026-03-16,4000.000,2.229,2.220,2.240,4000.000,1.298
2026-03-13_14002051449,2026-03-13,9:15,2026-03-13,,,,,,,,
2026-03-13_14002051449-1,2026-03-13,9:15,2026-03-13,3,2026-03-16,5500.000,2.227,2.210,2.240,5500.000,1.247
2026-03-13_14002051449-2,2026-03-13,9:15,2026-03-13,4,2026-03-17,5500.000,2.223,2.210,2.230,5500.000,1.677
2026-03-16_14002051844,2026-03-16,9:15,2026-03-16,,,,,,,,
2026-03-16_14002051844-1,2026-03-16,9:15,2026-03-16,1,2026-03-17,4500.000,2.229,2.220,2.250,4500.000,1.462
2026-03-16_14002051844-2,2026-03-16,9:15,2026-03-16,2,2026-03-18,4500.000,2.236,2.230,2.240,4500.000,2.672
2026-03-17_14002051845,2026-03-17,9:15,2026-03-17,,,,,,,,
2026-03-17_14002051845-1,2026-03-17,9:15,2026-03-17,1,2026-03-18,4500.000,2.250,2.250,2.260,4500.000,1.737
2026-03-17_14002051845-2,2026-03-17,9:15,2026-03-17,2,2026-03-19,4500.000,2.251,2.250,2.260,4500.000,2.167
2026-03-18_14002051450,2026-03-18,10:00,2026-03-18,,,,,,,,
2026-03-18_14002051450-1,2026-03-18,10:00,2026-03-18,1,2026-03-19,4500.000,2.264,2.260,2.280,4500.000,1.835
2026-03-18_14002051450-2,2026-03-18,10:00,2026-03-18,2,2026-03-20,4500.000,2.268,2.250,2.280,4500.000,1.592
2026-03-19_14002051847,2026-03-19,9:15,2026-03-19,,,,,,,,
2026-03-19_14002051847-1,2026-03-19,9:15,2026-03-19,1,2026-03-20,5500.000,2.269,2.230,2.290,5500.000,1.272
2026-03-19_14002051847-2,2026-03-19,9:15,2026-03-19,4,2026-03-23,5500.000,2.266,2.260,2.290,5500.000,1.027
2026-03-20_14002051451,2026-03-20,9:15,2026-03-20,,,,,,,,
2026-03-20_14002051451-1,2026-03-20,9:15,2026-03-20,3,2026-03-23,3500.000,2.279,2.270,2.300,3500.000,1.870
2026-03-20_14002051451-2,2026-03-20,9:15,2026-03-20,4,2026-03-24,3500.000,2.279,2.270,2.300,3500.000,1.844
2026-03-23_14002051848,2026-03-23,9:15,2026-03-23,,,,,,,,
2026-03-23_14002051848-1,2026-03-23,9:15,2026-03-23,1,2026-03-24,7000.000,2.268,2.260,2.280,7000.000,1.700
2026-03-23_14002051848-2,2026-03-23,9:15,2026-03-23,2,2026-03-25,7000.000,2.269,2.260,2.280,7000.000,2.088
2026-03-24_14002051849,2026-03-24,9:15,2026-03-24,,,,,,,,
2026-03-24_14002051849-1,2026-03-24,9:15,2026-03-24,1,2026-03-25,4500.000,2.296,2.290,2.300,4500.000,2.390
2026-03-24_14002051849-2,2026-03-24,9:15,2026-03-24,2,2026-03-26,4500.000,2.290,2.290,2.290,4500.000,1.989
2026-03-25_14002052239,2026-03-25,9:15,2026-03-25,,,,,,,,
2026-03-25_14002052239-1,2026-03-25,9:15,2026-03-25,1,2026-03-26,13000.000,2.295,2.290,2.310,13000.000,1.973
2026-03-26_14002052260,2026-03-26,9:15,2026-03-26,,,,,,,,
2026-03-26_14002052260-1,2026-03-26,9:15,2026-03-26,1,2026-03-27,11000.000,2.290,2.250,2.310,11000.000,1.243
2026-03-26_14002052260-2,2026-03-26,9:15,2026-03-26,4,2026-03-30,6500.000,2.283,2.250,2.300,6500.000,1.746
2026-03-27_14002052241,2026-03-27,9:15,2026-03-27,,,,,,,,
2026-03-27_14002052241-1,2026-03-27,9:15,2026-03-27,3,2026-03-30,9000.000,2.249,2.210,2.270,9000.000,1.382
2026-03-27_14002052241-2,2026-03-27,9:15,2026-03-27,4,2026-03-31,2500.000,2.218,2.200,2.250,4000.000,0.625
2026-03-30_14002052280,2026-03-30,9:15,2026-03-30,,,,,,,,
2026-03-30_14002052280-1,2026-03-30,9:15,2026-03-30,1,2026-03-31,9000.000,2.251,2.220,2.270,9000.000,1.178
2026-03-30_14002052280-2,2026-03-30,9:15,2026-03-30,2,2026-04-01,3500.000,2.244,2.210,2.250,3500.000,1.571
2026-03-31_14002052301,2026-03-31,9:15,2026-03-31,,,,,,,,
2026-03-31_14002052301-1,2026-03-31,9:15,2026-03-31,1,2026-04-01,12500.000,2.236,2.210,2.270,12500.000,1.149
2026-04-02_14002052305,2026-04-02,9:15,2026-04-02,,,,,,,,
2026-04-02_14002052305-1,2026-04-02,9:15,2026-04-02,4,2026-04-06,4000.000,2.255,2.240,2.280,4000.000,1.687
2026-04-06_14002052306,2026-04-06,9:15,2026-04-06,,,,,,,,
2026-04-06_14002052306-1,2026-04-06,9:15,2026-04-06,1,2026-04-07,5500.000,2.253,2.240,2.280,5500.000,1.333
2026-04-07_14002052282,2026-04-07,9:15,2026-04-07,,,,,,,,
2026-04-07_14002052282-1,2026-04-07,9:15,2026-04-07,1,2026-04-08,6256.000,2.249,2.230,2.280,6500.000,0.962
2026-04-08_14002052283,2026-04-08,9:15,2026-04-08,,,,,,,,
2026-04-08_14002052283-1,2026-04-08,9:15,2026-04-08,1,2026-04-09,7500.000,2.247,2.240,2.270,7500.000,1.471
2026-04-09_14002052285,2026-04-09,9:15,2026-04-09,,,,,,,,
2026-04-09_14002052285-1,2026-04-09,9:15,2026-04-09,1,2026-04-10,8500.000,2.252,2.240,2.260,8500.000,1.880
2026-04-10_14002052286,2026-04-10,9:15,2026-04-10,,,,,,,,
2026-04-10_14002052286-1,2026-04-10,9:15,2026-04-10,3,2026-04-13,9000.000,2.283,2.270,2.300,9000.000,1.867
2026-04-13_14002052287,2026-04-13,9:15,2026-04-13,,,,,,,,
2026-04-13_14002052287-1,2026-04-13,9:15,2026-04-13,1,2026-04-14,9500.000,2.284,2.280,2.300,9500.000,1.775
2026-04-14_14002052288,2026-04-14,9:15,2026-04-14,,,,,,,,
2026-04-14_14002052288-1,2026-04-14,9:15,2026-04-14,1,2026-04-15,8000.000,2.289,2.280,2.310,8000.000,2.180
2026-04-15_14002052659,2026-04-15,9:15,2026-04-15,,,,,,,,
2026-04-15_14002052659-1,2026-04-15,9:15,2026-04-15,1,2026-04-16,10500.000,2.287,2.270,2.310,10500.000,1.279
2026-04-16_14002052640,2026-04-16,9:15,2026-04-16,,,,,,,,
2026-04-16_14002052640-1,2026-04-16,9:15,2026-04-16,1,2026-04-17,10338.000,2.275,2.240,2.310,11500.000,0.899
2026-04-17_14002052661,2026-04-17,9:15,2026-04-17,,,,,,,,
2026-04-17_14002052661-1,2026-04-17,9:15,2026-04-17,3,2026-04-20,13136.000,2.229,2.200,2.280,14000.000,0.938
2026-04-17_14002052661-2,2026-04-17,9:15,2026-04-17,4,2026-04-21,4500.000,2.239,2.200,2.280,4500.000,1.365
2026-04-20_14002052663,2026-04-20,9:15,2026-04-20,,,,,,,,
2026-04-20_14002052663-1,2026-04-20,9:15,2026-04-20,1,2026-04-21,6000.000,2.252,2.230,2.270,6000.000,1.723
2026-04-21_14002052665,2026-04-21,9:15,2026-04-21,,,,,,,,
2026-04-21_14002052665-1,2026-04-21,9:15,2026-04-21,1,2026-04-22,9000.000,2.249,2.240,2.270,9000.000,1.915
2026-04-22_14002052642,2026-04-22,9:15,2026-04-22,,,,,,,,
2026-04-22_14002052642-1,2026-04-22,9:15,2026-04-22,1,2026-04-23,14500.000,2.271,2.260,2.290,14500.000,1.796
2026-04-23_14002052643,2026-04-23,9:15,2026-04-23,,,,,,,,
2026-04-23_14002052643-1,2026-04-23,9:15,2026-04-23,1,2026-04-24,15000.000,2.278,2.270,2.290,15000.000,1.516
2026-04-24_14002052667,2026-04-24,9:15,2026-04-24,,,,,,,,
2026-04-24_14002052667-1,2026-04-24,9:15,2026-04-24,3,2026-04-27,13000.000,2.327,2.310,2.330,13000.000,1.882
2026-04-24_14002052667-2,2026-04-24,9:15,2026-04-24,4,2026-04-28,4000.000,2.307,2.280,2.320,4000.000,2.313
2026-04-27_14002052644,2026-04-27,9:15,2026-04-27,,,,,,,,
2026-04-27_14002052644-1,2026-04-27,9:15,2026-04-27,1,2026-04-28,13500.000,2.278,2.230,2.330,13500.000,1.130
2026-04-28_14002052670,2026-04-28,9:15,2026-04-28,,,,,,,,
2026-04-28_14002052670-1,2026-04-28,9:15,2026-04-28,1,2026-04-29,13651.000,2.246,2.200,2.290,14000.000,0.975
2026-04-29_14002052646,2026-04-29,10:00,2026-04-29,,,,,,,,
2026-04-29_14002052646-1,2026-04-29,10:00,2026-04-29,1,2026-04-30,9300.000,2.213,2.200,2.260,13000.000,0.715
2026-04-29_14002052646-2,2026-04-29,10:00,2026-04-29,2,2026-05-01,4000.000,2.255,2.210,2.280,4000.000,1.250
2026-04-30_14002052672,2026-04-30,9:15,2026-04-30,,,,,,,,
2026-04-30_14002052672-1,2026-04-30,9:15,2026-04-30,1,2026-05-01,6100.000,2.243,2.200,2.400,14000.000,0.436
2026-04-30_14002052672-2,2026-04-30,9:15,2026-04-30,4,2026-05-04,3000.000,2.250,2.210,2.280,3000.000,1.333
2026-05-01_14002052648,2026-05-01,9:15,2026-05-01,,,,,,,,
2026-05-01_14002052648-1,2026-05-01,9:15,2026-05-01,3,2026-05-04,5000.000,2.286,2.280,2.290,5000.000,1.904
2026-05-04_14002052649,2026-05-04,9:15,2026-05-04,,,,,,,,
2026-05-04_14002052649-1,2026-05-04,9:15,2026-05-04,1,2026-05-05,7000.000,2.249,2.200,2.290,9000.000,0.778
2026-05-04_14002052649-2,2026-05-04,9:15,2026-05-04,2,2026-05-06,4000.000,2.260,2.210,2.300,4000.000,1.331
2026-05-05_14002053040,2026-05-05,9:15,2026-05-05,,,,,,,,
2026-05-05_14002053040-1,2026-05-05,9:15,2026-05-05,1,2026-05-06,10000.000,2.249,2.200,2.280,10000.000,1.110
2026-05-05_14002053040-2,2026-05-05,9:15,2026-05-05,2,2026-05-07,6000.000,2.242,2.220,2.260,6000.000,1.253
2026-05-06_14002053059,2026-05-06,9:15,2026-05-06,,,,,,,,
2026-05-06_14002053059-1,2026-05-06,9:15,2026-05-06,1,2026-05-07,10000.000,2.222,2.200,2.280,10000.000,1.093
2026-05-06_14002053059-2,2026-05-06,9:15,2026-05-06,2,2026-05-08,7000.000,2.230,2.210,2.280,7000.000,1.518
2026-05-07_14002053061,2026-05-07,9:15,2026-05-07,,,,,,,,
2026-05-07_14002053061-1,2026-05-07,9:15,2026-05-07,1,2026-05-08,11000.000,2.225,2.200,2.260,11000.000,1.073
2026-05-07_14002053061-2,2026-05-07,9:15,2026-05-07,4,2026-05-11,9000.000,2.226,2.200,2.240,9000.000,1.239
2026-05-08_14002053041,2026-05-08,9:15,2026-05-08,,,,,,,,
2026-05-08_14002053041-1,2026-05-08,9:15,2026-05-08,3,2026-05-11,10000.000,2.222,2.200,2.240,10000.000,1.080
2026-05-08_14002053041-2,2026-05-08,9:15,2026-05-08,4,2026-05-12,7000.000,2.215,2.200,2.230,7000.000,1.225
2026-05-11_14002053062,2026-05-11,9:15,2026-05-11,,,,,,,,
2026-05-11_14002053062-1,2026-05-11,9:15,2026-05-11,1,2026-05-12,9950.000,2.229,2.200,2.240,10000.000,0.995
2026-05-11_14002053062-2,2026-05-11,9:15,2026-05-11,2,2026-05-13,6000.000,2.229,2.200,2.240,6000.000,1.100
2026-05-12_14002053042,2026-05-12,9:15,2026-05-12,,,,,,,,
2026-05-12_14002053042-1,2026-05-12,9:15,2026-05-12,1,2026-05-13,10000.000,2.222,2.210,2.240,10000.000,1.190
2026-05-12_14002053042-2,2026-05-12,9:15,2026-05-12,2,2026-05-14,9000.000,2.215,2.200,2.240,9000.000,1.254
2026-05-13_14002053064,2026-05-13,9:15,2026-05-13,,,,,,,,
2026-05-13_14002053064-1,2026-05-13,9:15,2026-05-13,1,2026-05-14,7404.000,2.219,2.200,2.240,10000.000,0.740
2026-05-13_14002053064-2,2026-05-13,9:15,2026-05-13,2,2026-05-15,6000.000,2.211,2.200,2.240,6000.000,1.256
2026-05-14_14002053065,2026-05-14,9:15,2026-05-14,,,,,,,,
2026-05-14_14002053065-1,2026-05-14,9:15,2026-05-14,1,2026-05-15,10000.000,2.224,2.220,2.250,10000.000,1.286
2026-05-14_14002053065-2,2026-05-14,9:15,2026-05-14,5,2026-05-19,6000.000,2.223,2.200,2.250,6000.000,1.408
2026-05-14_14002053065-3,2026-05-14,9:15,2026-05-14,6,2026-05-20,5000.000,2.227,2.210,2.250,5000.000,2.077
2026-05-15_14002053066,2026-05-15,9:15,2026-05-15,,,,,,,,
2026-05-15_14002053066-1,2026-05-15,9:15,2026-05-15,4,2026-05-19,10000.000,2.235,2.220,2.250,10000.000,1.400
2026-05-15_14002053066-2,2026-05-15,9:15,2026-05-15,5,2026-05-20,8000.000,2.228,2.210,2.250,8000.000,1.479
2026-05-19_14002053067,2026-05-19,9:15,2026-05-19,,,,,,,,
2026-05-19_14002053067-1,2026-05-19,9:15,2026-05-19,1,2026-05-20,8000.000,2.235,2.220,2.260,8000.000,1.275
2026-05-19_14002053067-2,2026-05-19,9:15,2026-05-19,2,2026-05-21,5000.000,2.223,2.200,2.250,5000.000,1.130
2026-05-20_14002053043,2026-05-20,9:15,2026-05-20,,,,,,,,
2026-05-20_14002053043-1,2026-05-20,9:15,2026-05-20,1,2026-05-21,10000.000,2.246,2.230,2.270,10000.000,1.453
2026-05-20_14002053043-2,2026-05-20,9:15,2026-05-20,2,2026-05-22,7000.000,2.233,2.210,2.260,7000.000,1.376
2026-05-21_14002053069,2026-05-21,9:15,2026-05-21,,,,,,,,
2026-05-21_14002053069-1,2026-05-21,9:15,2026-05-21,1,2026-05-22,10000.000,2.234,2.200,2.260,10000.000,1.180
2026-05-21_14002053069-2,2026-05-21,9:15,2026-05-21,4,2026-05-25,6000.000,2.225,2.200,2.250,6000.000,1.308
2026-05-22_14002053044,2026-05-22,9:15,2026-05-22,,,,,,,,
2026-05-22_14002053044-1,2026-05-22,9:15,2026-05-22,3,2026-05-25,7646.000,2.223,2.200,2.250,10000.000,0.765
2026-05-22_14002053044-2,2026-05-22,9:15,2026-05-22,4,2026-05-26,6000.000,2.210,2.200,2.240,6000.000,1.192
2026-05-25_14002053045,2026-05-25,9:15,2026-05-25,,,,,,,,
2026-05-25_14002053045-1,2026-05-25,9:15,2026-05-25,1,2026-05-26,6260.000,2.220,2.200,2.240,10000.000,0.626
2026-05-25_14002053045-2,2026-05-25,9:15,2026-05-25,2,2026-05-27,6479.000,2.216,2.200,2.250,7000.000,0.926
2026-05-26_14002053046,2026-05-26,9:15,2026-05-26,,,,,,,,
2026-05-26_14002053046-1,2026-05-26,9:15,2026-05-26,1,2026-05-27,8371.000,2.215,2.200,2.230,12000.000,0.698
2026-05-26_14002053046-2,2026-05-26,9:15,2026-05-26,2,2026-05-28,7400.000,2.208,2.200,2.230,8000.000,0.925
2026-05-27_14002053459,2026-05-27,9:15,2026-05-27,,,,,,,,
2026-05-27_14002053459-1,2026-05-27,9:15,2026-05-27,1,2026-05-28,10000.000,2.224,2.200,2.240,10000.000,1.086
2026-05-28_14002053460,2026-05-28,9:15,2026-05-28,,,,,,,,
2026-05-28_14002053460-1,2026-05-28,9:15,2026-05-28,1,2026-05-29,10000.000,2.215,2.210,2.230,10000.000,1.250
2026-05-28_14002053460-2,2026-05-28,9:15,2026-05-28,4,2026-06-01,4800.000,2.202,2.200,2.210,10000.000,0.480
2026-05-29_14002053440,2026-05-29,9:15,2026-05-29,,,,,,,,
2026-05-29_14002053440-1,2026-05-29,9:15,2026-05-29,3,2026-06-01,15800.000,2.212,2.200,2.240,16000.000,0.988
2026-06-01_14002053441,2026-06-01,9:15,2026-06-01,,,,,,,,
2026-06-01_14002053441-1,2026-06-01,9:15,2026-06-01,1,2026-06-02,6500.000,2.272,2.260,2.300,6500.000,2.086
2026-06-02_14002053839,2026-06-02,9:15,2026-06-02,,,,,,,,
2026-06-02_14002053839-1,2026-06-02,9:15,2026-06-02,1,2026-06-03,5000.000,2.255,2.250,2.270,5000.000,1.526
2026-06-02_14002053839-2,2026-06-02,9:15,2026-06-02,2,2026-06-04,5000.000,2.244,2.200,2.270,5000.000,1.535
2026-06-03_14002053840,2026-06-03,9:15,2026-06-03,,,,,,,,
2026-06-03_14002053840-1,2026-06-03,9:15,2026-06-03,1,2026-06-04,6000.000,2.255,2.200,2.280,6000.000,1.254
2026-06-03_14002053840-2,2026-06-03,9:15,2026-06-03,2,2026-06-05,6000.000,2.250,2.200,2.280,6000.000,1.500
2026-06-04_14002053841,2026-06-04,9:15,2026-06-04,,,,,,,,
2026-06-04_14002053841-1,2026-06-04,9:15,2026-06-04,1,2026-06-05,7974.000,2.228,2.200,2.240,10000.000,0.797
2026-06-04_14002053841-2,2026-06-04,9:15,2026-06-04,4,2026-06-08,6000.000,2.235,2.200,2.250,6000.000,1.687
2026-06-05_14002053842,2026-06-05,9:15,2026-06-05,,,,,,,,
2026-06-05_14002053842-1,2026-06-05,9:15,2026-06-05,3,2026-06-08,11000.000,2.253,2.250,2.260,11000.000,1.724
2026-06-08_14002053843,2026-06-08,9:15,2026-06-08,,,,,,,,
2026-06-08_14002053843-1,2026-06-08,9:15,2026-06-08,1,2026-06-09,10000.000,2.231,2.200,2.270,10000.000,1.147
2026-06-08_14002053843-2,2026-06-08,9:15,2026-06-08,2,2026-06-10,8000.000,2.236,2.220,2.270,8000.000,1.534
2026-06-09_14002054240,2026-06-09,9:15,2026-06-09,,,,,,,,
2026-06-09_14002054240-1,2026-06-09,9:15,2026-06-09,1,2026-06-10,9000.000,2.248,2.230,2.270,9000.000,1.896
2026-06-10_14002054241,2026-06-10,10:00,2026-06-10,,,,,,,,
2026-06-10_14002054241-1,2026-06-10,10:00,2026-06-10,1,2026-06-11,8000.000,2.239,2.220,2.260,8000.000,1.288
2026-06-10_14002054241-2,2026-06-10,10:00,2026-06-10,2,2026-06-12,7000.000,2.228,2.210,2.260,7000.000,1.366
2026-06-11_14002053845,2026-06-11,9:15,2026-06-11,,,,,,,,
2026-06-11_14002053845-1,2026-06-11,9:15,2026-06-11,1,2026-06-12,6500.000,2.261,2.240,2.280,6500.000,2.372
2026-06-12_14002053846,2026-06-12,9:15,2026-06-12,,,,,,,,
2026-06-12_14002053846-1,2026-06-12,9:15,2026-06-12,3,2026-06-15,10000.000,2.249,2.220,2.270,10000.000,1.295
2026-06-12_14002053846-2,2026-06-12,9:15,2026-06-12,4,2026-06-16,10000.000,2.239,2.210,2.270,10000.000,1.235
2026-06-15_14002054242,2026-06-15,9:15,2026-06-15,,,,,,,,
2026-06-15_14002054242-1,2026-06-15,9:15,2026-06-15,1,2026-06-16,10000.000,2.260,2.260,2.270,10000.000,1.889
2026-06-15_14002054242-2,2026-06-15,9:15,2026-06-15,2,2026-06-17,4000.000,2.266,2.260,2.270,4000.000,3.149
2026-06-16_14002054243,2026-06-16,9:15,2026-06-16,,,,,,,,
2026-06-16_14002054243-1,2026-06-16,9:15,2026-06-16,1,2026-06-17,8000.000,2.274,2.260,2.280,8000.000,1.580
2026-06-16_14002054243-2,2026-06-16,9:15,2026-06-16,2,2026-06-18,8000.000,2.268,2.260,2.280,8000.000,1.516
2026-06-17_14002053848,2026-06-17,9:15,2026-06-17,,,,,,,,
2026-06-17_14002053848-1,2026-06-17,9:15,2026-06-17,1,2026-06-18,10000.000,2.281,2.270,2.320,10000.000,1.961
2026-06-17_14002053848-2,2026-06-17,9:15,2026-06-17,2,2026-06-19,3000.000,2.320,2.320,2.320,3000.000,4.413
2026-06-18_14002054244,2026-06-18,9:15,2026-06-18,,,,,,,,
2026-06-18_14002054244-1,2026-06-18,9:15,2026-06-18,1,2026-06-19,10000.000,2.305,2.300,2.320,10000.000,1.869
2026-06-18_14002054244-2,2026-06-18,9:15,2026-06-18,4,2026-06-22,2000.000,2.320,2.320,2.320,2000.000,3.325
2026-06-19_14002053851,2026-06-19,9:15,2026-06-19,,,,,,,,
2026-06-19_14002053851-1,2026-06-19,9:15,2026-06-19,3,2026-06-22,8500.000,2.326,2.320,2.340,8500.000,2.699
2026-06-22_14002054640,2026-06-22,9:15,2026-06-22,,,,,,,,
2026-06-22_14002054640-1,2026-06-22,9:15,2026-06-22,1,2026-06-23,9000.000,2.321,2.280,2.350,9000.000,2.602
2026-06-23_14002055040,2026-06-23,9:15,2026-06-23,,,,,,,,
2026-06-23_14002055040-1,2026-06-23,9:15,2026-06-23,1,2026-06-24,10000.000,2.305,2.280,2.340,10000.000,1.683
2026-06-23_14002055040-2,2026-06-23,9:15,2026-06-23,2,2026-06-25,3500.000,2.344,2.300,2.350,3500.000,3.524
2026-06-24_14002055042,2026-06-24,9:15,2026-06-24,,,,,,,,
2026-06-24_14002055042-1,2026-06-24,9:15,2026-06-24,1,2026-06-25,8000.000,2.321,2.290,2.350,8000.000,1.985
2026-06-25_14002055043,2026-06-25,9:15,2026-06-25,,,,,,,,
2026-06-25_14002055043-1,2026-06-25,9:15,2026-06-25,1,2026-06-26,9500.000,2.316,2.300,2.340,9500.000,1.558
2026-06-26_14002054641,2026-06-26,9:15,2026-06-26,,,,,,,,
2026-06-26_14002054641-1,2026-06-26,9:15,2026-06-26,3,2026-06-29,9000.000,2.317,2.300,2.350,9000.000,1.674
2026-06-29_14002055044,2026-06-29,9:15,2026-06-29,,,,,,,,
2026-06-29_14002055044-1,2026-06-29,9:15,2026-06-29,1,2026-06-30,9000.000,2.318,2.300,2.340,9000.000,1.544
2026-06-30_14002055045,2026-06-30,9:15,2026-06-30,,,,,,,,
2026-06-30_14002055045-1,2026-06-30,9:15,2026-06-30,2,2026-07-02,9000.000,2.331,2.310,2.360,9000.000,1.600
2026-07-02_14002054644,2026-07-02,9:15,2026-07-02,,,,,,,,
2026-07-02_14002054644-1,2026-07-02,9:15,2026-07-02,1,2026-07-03,5000.000,2.342,2.300,2.360,5000.000,2.200
2026-07-03_14002054646,2026-07-03,9:15,2026-07-03,,,,,,,,
2026-07-03_14002054646-1,2026-07-03,9:15,2026-07-03,3,2026-07-06,5600.000,2.260,2.200,2.320,9000.000,0.622
2026-07-03_14002054646-2,2026-07-03,9:15,2026-07-03,4,2026-07-07,4000.000,2.258,2.250,2.300,4000.000,1.263
2026-07-06_14002055048,2026-07-06,9:15,2026-07-06,,,,,,,,
2026-07-06_14002055048-1,2026-07-06,9:15,2026-07-06,1,2026-07-07,9200.000,2.223,2.200,2.270,10000.000,0.920
2026-07-06_14002055048-2,2026-07-06,9:15,2026-07-06,2,2026-07-08,8250.000,2.238,2.200,2.270,9000.000,0.917
2026-07-07_14002054648,2026-07-07,9:15,2026-07-07,,,,,,,,
2026-07-07_14002054648-1,2026-07-07,9:15,2026-07-07,1,2026-07-08,10000.000,2.222,2.200,2.240,10000.000,1.069
2026-07-07_14002054648-2,2026-07-07,9:15,2026-07-07,2,2026-07-09,5000.000,2.244,2.240,2.250,5000.000,1.753
2026-07-08_14002054650,2026-07-08,9:15,2026-07-08,,,,,,,,
2026-07-08_14002054650-1,2026-07-08,9:15,2026-07-08,1,2026-07-09,10000.000,2.247,2.200,2.260,10000.000,1.152
2026-07-08_14002054650-2,2026-07-08,9:15,2026-07-08,2,2026-07-10,6000.000,2.242,2.200,2.260,6000.000,1.375
2026-07-09_14002055049,2026-07-09,9:15,2026-07-09,,,,,,,,
2026-07-09_14002055049-1,2026-07-09,9:15,2026-07-09,1,2026-07-10,8447.000,2.243,2.200,2.250,10000.000,0.845
2026-07-09_14002055049-2,2026-07-09,9:15,2026-07-09,4,2026-07-13,7000.000,2.235,2.200,2.250,7000.000,1.209
2026-07-10_14002055050,2026-07-10,9:15,2026-07-10,,,,,,,,
2026-07-10_14002055050-1,2026-07-10,9:15,2026-07-10,3,2026-07-13,10000.000,2.254,2.250,2.280,10000.000,1.369
2026-07-10_14002055050-2,2026-07-10,9:15,2026-07-10,4,2026-07-14,5000.000,2.247,2.210,2.250,5000.000,1.800
2026-07-13_14002055439,2026-07-13,9:15,2026-07-13,,,,,,,,
2026-07-13_14002055439-1,2026-07-13,9:15,2026-07-13,1,2026-07-14,9664.000,2.237,2.200,2.250,10000.000,0.966
2026-07-13_14002055439-2,2026-07-13,9:15,2026-07-13,2,2026-07-15,7500.000,2.241,2.210,2.250,7500.000,1.552
2026-07-14_14002055459,2026-07-14,9:15,2026-07-14,,,,,,,,
2026-07-14_14002055459-1,2026-07-14,9:15,2026-07-14,1,2026-07-15,8365.000,2.238,2.200,2.250,10000.000,0.837
2026-07-14_14002055459-2,2026-07-14,9:15,2026-07-14,2,2026-07-16,5000.000,2.229,2.210,2.250,5000.000,1.720
2026-07-15_14002055460,2026-07-15,10:00,2026-07-15,,,,,,,,
2026-07-15_14002055460-1,2026-07-15,10:00,2026-07-15,1,2026-07-16,10000.000,2.258,2.250,2.260,10000.000,1.589
2026-07-15_14002055460-2,2026-07-15,10:00,2026-07-15,2,2026-07-17,7500.000,2.257,2.230,2.260,7500.000,1.794
2026-07-16_14002055462,2026-07-16,9:15,2026-07-16,,,,,,,,
2026-07-16_14002055462-1,2026-07-16,9:15,2026-07-16,1,2026-07-17,8500.000,2.275,2.270,2.310,8500.000,2.114
2026-07-17_14002055465,2026-07-17,9:15,2026-07-17,,,,,,,,
2026-07-17_14002055465-1,2026-07-17,9:15,2026-07-17,3,2026-07-20,12000.000,2.255,2.200,2.300,12000.000,1.384
2026-07-17_14002055465-2,2026-07-17,9:15,2026-07-17,4,2026-07-21,9000.000,2.234,2.200,2.280,9000.000,1.467
2026-07-20_14002055441,2026-07-20,9:15,2026-07-20,,,,,,,,
2026-07-20_14002055441-1,2026-07-20,9:15,2026-07-20,1,2026-07-21,4500.000,2.265,2.260,2.280,4500.000,1.522
2026-07-21_14002055442,2026-07-21,9:15,2026-07-21,,,,,,,,
2026-07-21_14002055442-1,2026-07-21,9:15,2026-07-21,1,2026-07-22,8000.000,2.248,2.200,2.270,8000.000,1.283
2026-07-21_14002055442-2,2026-07-21,9:15,2026-07-21,2,2026-07-23,4000.000,2.252,2.250,2.270,4000.000,1.787
2026-07-22_14002055443,2026-07-22,9:15,2026-07-22,,,,,,,,
2026-07-22_14002055443-1,2026-07-22,9:15,2026-07-22,1,2026-07-23,8581.000,2.231,2.200,2.260,9000.000,0.953
2026-07-22_14002055443-2,2026-07-22,9:15,2026-07-22,2,2026-07-24,4000.000,2.252,2.250,2.270,4000.000,1.723
2026-07-23_14002055444,2026-07-23,9:15,2026-07-23,,,,,,,,
2026-07-23_14002055444-1,2026-07-23,9:15,2026-07-23,1,2026-07-24,9320.000,2.219,2.200,2.250,10000.000,0.932
2026-07-23_14002055444-2,2026-07-23,9:15,2026-07-23,4,2026-07-27,6000.000,2.225,2.200,2.260,6000.000,1.112
2026-07-24_14002055445,2026-07-24,9:15,2026-07-24,,,,,,,,
2026-07-24_14002055445-1,2026-07-24,9:15,2026-07-24,3,2026-07-27,8600.000,2.209,2.200,2.250,9000.000,0.956
2026-07-24_14002055445-2,2026-07-24,9:15,2026-07-24,4,2026-07-28,3300.000,2.229,2.200,2.250,5000.000,0.660
2026-07-27_14002055467,2026-07-27,9:15,2026-07-27,,,,,,,,
2026-07-27_14002055467-1,2026-07-27,9:15,2026-07-27,1,2026-07-28,10000.000,2.218,2.200,2.260,10000.000,1.225
2026-07-27_14002055467-2,2026-07-27,9:15,2026-07-27,2,2026-07-29,7500.000,2.206,2.200,2.240,9000.000,0.833
2026-07-28_14002055468,2026-07-28,9:15,2026-07-28,,,,,,,,
2026-07-28_14002055468-1,2026-07-28,9:15,2026-07-28,1,2026-07-29,10000.000,2.212,2.200,2.230,10000.000,1.544
2026-07-28_14002055468-2,2026-07-28,9:15,2026-07-28,2,2026-07-30,4450.000,2.208,2.200,2.240,5000.000,0.890
2026-07-29_14002055446,2026-07-29,9:15,2026-07-29,,,,,,,,
2026-07-29_14002055446-1,2026-07-29,9:15,2026-07-29,1,2026-07-30,10000.000,2.225,2.220,2.240,10000.000,1.625
2026-07-29_14002055446-2,2026-07-29,9:15,2026-07-29,2,2026-07-31,5000.000,2.220,2.210,2.240,5000.000,2.000
2026-07-30_14002055470,2026-07-30,9:15,2026-07-30,,,,,,,,
2026-07-30_14002055470-1,2026-07-30,9:15,2026-07-30,1,2026-07-31,8000.000,2.251,2.230,2.280,8000.000,2.055
2026-07-30_14002055470-2,2026-07-30,9:15,2026-07-30,5,2026-08-04,4000.000,2.264,2.260,2.270,4000.000,2.225
2026-07-31_14002055447,2026-07-31,9:15,2026-07-31,,,,,,,,
2026-07-31_14002055447-1,2026-07-31,9:15,2026-07-31,4,2026-08-04,15000.000,2.236,2.200,2.320,15000.000,1.047
2026-07-31_14002055447-2,2026-07-31,9:15,2026-07-31,5,2026-08-05,3800.000,2.211,2.200,2.220,5000.000,0.760
2026-08-04_14002055841,2026-08-04,9:15,2026-08-04,,,,,,,,
2026-08-04_14002055841-1,2026-08-04,9:15,2026-08-04,1,2026-08-05,7000.000,2.273,2.260,2.300,7000.000,2.698
2026-08-05_14002056239,2026-08-05,9:15,2026-08-05,,,,,,,,
2026-08-05_14002056239-1,2026-08-05,9:15,2026-08-05,1,2026-08-06,9000.000,2.253,2.230,2.280,9000.000,1.466
2026-08-05_14002056239-2,2026-08-05,9:15,2026-08-05,2,2026-08-07,5000.000,2.250,2.240,2.270,5000.000,1.599
2026-08-06_14002056241,2026-08-06,9:15,2026-08-06,,,,,,,,
2026-08-06_14002056241-1,2026-08-06,9:15,2026-08-06,1,2026-08-07,8000.000,2.228,2.200,2.250,8000.000,1.331
2026-08-06_14002056241-2,2026-08-06,9:15,2026-08-06,4,2026-08-10,5000.000,2.246,2.230,2.260,5000.000,2.045
2026-08-07_14002056639,2026-08-07,9:15,2026-08-07,,,,,,,,
2026-08-07_14002056639-1,2026-08-07,9:15,2026-08-07,3,2026-08-10,11000.000,2.217,2.200,2.250,11000.000,1.102
2026-08-07_14002056639-2,2026-08-07,9:15,2026-08-07,4,2026-08-11,8000.000,2.227,2.220,2.260,8000.000,1.465
2026-08-10_14002056640,2026-08-10,9:15,2026-08-10,,,,,,,,
2026-08-10_14002056640-1,2026-08-10,9:15,2026-08-10,1,2026-08-11,12000.000,2.225,2.200,2.240,12000.000,1.383
2026-08-10_14002056640-2,2026-08-10,9:15,2026-08-10,2,2026-08-12,8000.000,2.235,2.230,2.260,8000.000,1.928
2026-08-11_14002057039,2026-08-11,9:15,2026-08-11,,,,,,,,
2026-08-11_14002057039-1,2026-08-11,9:15,2026-08-11,1,2026-08-12,10000.000,2.208,2.200,2.220,10000.000,1.060
2026-08-11_14002057039-2,2026-08-11,9:15,2026-08-11,2,2026-08-13,10000.000,2.218,2.200,2.250,10000.000,1.078
2026-08-12_14002057439,2026-08-12,9:15,2026-08-12,,,,,,,,
2026-08-12_14002057439-1,2026-08-12,9:15,2026-08-12,1,2026-08-13,10000.000,2.226,2.200,2.240,10000.000,1.547
2026-08-12_14002057439-2,2026-08-12,9:15,2026-08-12,2,2026-08-14,5000.000,2.235,2.220,2.250,5000.000,2.450
2026-08-13_14002057059,2026-08-13,9:15,2026-08-13,,,,,,,,
2026-08-13_14002057059-1,2026-08-13,9:15,2026-08-13,1,2026-08-14,9950.000,2.204,2.200,2.220,12000.000,0.829
2026-08-13_14002057059-2,2026-08-13,9:15,2026-08-13,4,2026-08-17,12000.000,2.214,2.200,2.250,12000.000,1.275
2026-08-14_14002057060,2026-08-14,9:15,2026-08-14,,,,,,,,
2026-08-14_14002057060-1,2026-08-14,9:15,2026-08-14,3,2026-08-17,9885.000,2.217,2.200,2.260,10000.000,0.989
2026-08-14_14002057060-2,2026-08-14,9:15,2026-08-14,4,2026-08-18,6000.000,2.213,2.200,2.240,6000.000,1.463
2026-08-17_14002057839,2026-08-17,9:15,2026-08-17,,,,,,,,
2026-08-17_14002057839-1,2026-08-17,9:15,2026-08-17,1,2026-08-18,12000.000,2.219,2.200,2.260,12000.000,1.767
2026-08-17_14002057839-2,2026-08-17,9:15,2026-08-17,2,2026-08-19,8000.000,2.223,2.200,2.240,8000.000,1.450
2026-08-18_14002057840,2026-08-18,9:15,2026-08-18,,,,,,,,
2026-08-18_14002057840-1,2026-08-18,9:15,2026-08-18,1,2026-08-19,9224.000,2.211,2.200,2.240,10000.000,0.922
2026-08-18_14002057840-2,2026-08-18,9:15,2026-08-18,2,2026-08-20,7425.000,2.207,2.200,2.240,8500.000,0.874
2026-08-19_14002057842,2026-08-19,9:15,2026-08-19,,,,,,,,
2026-08-19_14002057842-1,2026-08-19,9:15,2026-08-19,1,2026-08-20,8000.000,2.229,2.220,2.230,8000.000,1.505
2026-08-19_14002057842-2,2026-08-19,9:15,2026-08-19,2,2026-08-21,5000.000,2.220,2.200,2.240,5000.000,1.736
2026-08-20_14002057843,2026-08-20,9:15,2026-08-20,,,,,,,,
2026-08-20_14002057843-1,2026-08-20,9:15,2026-08-20,1,2026-08-21,8381.000,2.204,2.200,2.230,10000.000,0.838
2026-08-20_14002057843-2,2026-08-20,9:15,2026-08-20,4,2026-08-24,6000.000,2.211,2.200,2.220,6000.000,1.533
2026-08-21_14002058239,2026-08-21,9:15,2026-08-21,,,,,,,,
2026-08-21_14002058239-1,2026-08-21,9:15,2026-08-21,3,2026-08-24,8000.000,2.221,2.200,2.260,8000.000,1.351
2026-08-21_14002058239-2,2026-08-21,9:15,2026-08-21,4,2026-08-25,5000.000,2.202,2.200,2.210,5000.000,1.360
2026-08-24_14002057844,2026-08-24,9:15,2026-08-24,,,,,,,,
2026-08-24_14002057844-1,2026-08-24,9:15,2026-08-24,1,2026-08-25,10000.000,2.215,2.200,2.240,10000.000,1.079
2026-08-24_14002057844-2,2026-08-24,9:15,2026-08-24,2,2026-08-26,6000.000,2.207,2.200,2.220,6000.000,1.108
2026-08-25_14002058240,2026-08-25,9:15,2026-08-25,,,,,,,,
2026-08-25_14002058240-1,2026-08-25,9:15,2026-08-25,1,2026-08-26,10000.000,2.212,2.200,2.230,10000.000,1.121
2026-08-25_14002058240-2,2026-08-25,9:15,2026-08-25,2,2026-08-27,6000.000,2.207,2.200,2.220,6000.000,1.217
2026-08-26_14002058241,2026-08-26,9:15,2026-08-26,,,,,,,,
2026-08-26_14002058241-1,2026-08-26,9:15,2026-08-26,1,2026-08-27,10000.000,2.212,2.200,2.230,10000.000,1.438
2026-08-26_14002058241-2,2026-08-26,9:15,2026-08-26,2,2026-08-28,5000.000,2.208,2.200,2.220,5000.000,1.552
2026-08-27_14002057846,2026-08-27,9:15,2026-08-27,,,,,,,,
2026-08-27_14002057846-1,2026-08-27,9:15,2026-08-27,1,2026-08-28,10000.000,2.208,2.200,2.220,10000.000,1.269
2026-08-27_14002057846-2,2026-08-27,9:15,2026-08-27,4,2026-08-31,7000.000,2.203,2.200,2.210,7000.000,1.114
2026-08-28_14002057847,2026-08-28,9:15,2026-08-28,,,,,,,,
2026-08-28_14002057847-1,2026-08-28,9:15,2026-08-28,3,2026-08-31,10000.000,2.209,2.200,2.230,10000.000,1.123
2026-08-28_14002057847-2,2026-08-28,9:15,2026-08-28,4,2026-09-01,3000.000,2.218,2.210,2.220,3000.000,3.111
2026-08-31_14002058242,2026-08-31,9:15,2026-08-31,,,,,,,,
2026-08-31_14002058242-1,2026-08-31,9:15,2026-08-31,1,2026-09-01,20000.000,2.213,2.200,2.250,20000.000,1.043
2026-09-01_14002057848,2026-09-01,9:15,2026-09-01,,,,,,,,
2026-09-01_14002057848-1,2026-09-01,9:15,2026-09-01,1,2026-09-02,6000.000,2.285,2.280,2.290,6000.000,2.691
2026-09-02_14002058243,2026-09-02,10:00,2026-09-02,,,,,,,,
2026-09-02_14002058243-1,2026-09-02,10:00,2026-09-02,1,2026-09-03,7000.000,2.274,2.270,2.300,7000.000,2.199
2026-09-03_14002058245,2026-09-03,9:15,2026-09-03,,,,,,,,
2026-09-03_14002058245-1,2026-09-03,9:15,2026-09-03,1,2026-09-04,7000.000,2.271,2.260,2.280,7000.000,2.080
2026-09-03_14002058245-2,2026-09-03,9:15,2026-09-03,5,2026-09-08,6000.000,2.260,2.230,2.290,6000.000,1.880
2026-09-04_14002057850,2026-09-04,9:15,2026-09-04,,,,,,,,
2026-09-04_14002057850-1,2026-09-04,9:15,2026-09-04,4,2026-09-08,10000.000,2.266,2.250,2.280,10000.000,1.405
2026-09-04_14002057850-2,2026-09-04,9:15,2026-09-04,5,2026-09-09,5000.000,2.243,2.200,2.280,5000.000,1.653
2026-09-08_14002057851,2026-09-08,9:15,2026-09-08,,,,,,,,
2026-09-08_14002057851-1,2026-09-08,9:15,2026-09-08,1,2026-09-09,10000.000,2.265,2.260,2.270,10000.000,1.655
2026-09-08_14002057851-2,2026-09-08,9:15,2026-09-08,2,2026-09-10,6500.000,2.245,2.220,2.270,6500.000,1.513
2026-09-09_14002057852,2026-09-09,9:15,2026-09-09,,,,,,,,
2026-09-09_14002057852-1,2026-09-09,9:15,2026-09-09,1,2026-09-10,3000.000,2.322,2.310,2.330,3000.000,4.426
2026-09-10_14002057853,2026-09-10,9:15,2026-09-10,,,,,,,,
2026-09-10_14002057853-1,2026-09-10,9:15,2026-09-10,1,2026-09-11,8000.000,2.284,2.270,2.320,8000.000,1.611
2026-09-10_14002057853-2,2026-09-10,9:15,2026-09-10,4,2026-09-14,5000.000,2.282,2.260,2.320,5000.000,2.310
2026-09-11_14002057854,2026-09-11,9:15,2026-09-11,,,,,,,,
2026-09-11_14002057854-1,2026-09-11,9:15,2026-09-11,3,2026-09-14,6000.000,2.303,2.280,2.340,6000.000,2.242
2026-09-14_14002058247,2026-09-14,9:15,2026-09-14,,,,,,,,
2026-09-14_14002058247-1,2026-09-14,9:15,2026-09-14,1,2026-09-15,11500.000,,,,,
